experiment,episode,return_total,mean_v,mean_abs_omega,success_rate,collision_rate,mean_time_travel
exp4_fixed_3,1,84.42029,1.2099869,0.42089218,0.0,1.0,97.0
exp4_fixed_3,2,664.79846,2.000928,0.42023247,1.0,0.0,32.0
exp4_fixed_3,3,663.4761,1.6392395,0.40203843,1.0,0.0,38.0
exp4_fixed_3,4,-66.63753,2.615325,0.6142898,0.0,1.0,11.0
exp4_fixed_3,5,727.4923,1.8701261,0.40329713,1.0,0.0,40.0
exp4_fixed_3,6,700.0399,1.7865367,0.48475948,1.0,0.0,36.0
exp4_fixed_3,7,58.02478,1.3844117,0.3763213,0.0,1.0,49.0
exp4_fixed_3,8,693.944,1.8542415,0.43729976,1.0,0.0,32.0
exp4_fixed_3,9,634.8561,1.8342829,0.29737237,1.0,0.0,28.0
exp4_fixed_3,10,724.385,1.2022369,0.38899747,1.0,0.0,63.0
exp4_fixed_3,11,702.36694,1.4248719,0.32434237,1.0,0.0,50.0
exp4_fixed_3,12,227.83745,0.8303324,0.513748,0.0,0.0,100.0
exp4_fixed_3,13,688.8436,2.7787473,0.57485855,1.0,0.0,21.0
exp4_fixed_3,14,672.48785,1.746443,0.35492614,1.0,0.0,36.0
exp4_fixed_3,15,601.7442,1.4120135,0.39722604,1.0,0.0,35.0
exp4_fixed_3,16,612.0453,1.9481418,0.47048968,1.0,0.0,23.0
exp4_fixed_3,17,506.66412,0.7789417,0.49853182,1.0,0.0,45.0
exp4_fixed_3,18,281.7714,0.9031122,0.59864324,0.0,0.0,100.0
exp4_fixed_3,19,749.8452,1.6354114,0.4457576,1.0,0.0,47.0
exp4_fixed_3,21,602.2025,2.8702753,0.44715354,1.0,0.0,14.0
exp4_fixed_3,22,-49.419746,2.1817179,0.54580176,0.0,1.0,18.0
exp4_fixed_3,23,532.8925,1.8598073,0.6131149,1.0,0.0,13.0
exp4_fixed_3,24,579.6414,0.9767518,0.4434621,1.0,0.0,45.0
exp4_fixed_3,25,728.7555,2.484216,0.3464354,1.0,0.0,26.0
exp4_fixed_3,26,677.8054,1.5933994,0.3290861,1.0,0.0,43.0
exp4_fixed_3,27,711.79956,2.0215569,0.4010582,1.0,0.0,35.0
exp4_fixed_3,28,723.0058,2.5609424,0.52650654,1.0,0.0,26.0
exp4_fixed_3,29,76.16281,1.5041064,0.48418063,0.0,1.0,46.0
exp4_fixed_3,30,762.8454,2.758279,0.45171237,1.0,0.0,24.0
exp4_fixed_3,31,250.43333,0.7979235,0.88017553,0.0,0.0,100.0
exp4_fixed_3,32,764.0773,1.6380856,0.42583746,1.0,0.0,47.0
exp4_fixed_3,33,680.9326,2.5154812,0.635652,1.0,0.0,24.0
exp4_fixed_3,34,721.40295,2.4718797,0.7046432,1.0,0.0,26.0
exp4_fixed_3,35,604.00543,1.1367487,0.36457717,1.0,0.0,53.0
exp4_fixed_3,36,712.3766,1.2083912,0.30844843,1.0,0.0,64.0
exp4_fixed_3,37,187.50562,1.1025692,0.40343925,0.0,0.0,100.0
exp4_fixed_3,38,702.0104,1.666154,0.36180574,1.0,0.0,41.0
exp4_fixed_3,39,217.90129,0.81813097,0.35166132,0.0,0.0,100.0
exp4_fixed_3,41,715.26245,1.6828679,0.6723372,1.0,0.0,44.0
exp4_fixed_3,42,725.2019,1.6832445,0.48768392,1.0,0.0,46.0
exp4_fixed_3,43,720.1022,1.5412344,0.40222648,1.0,0.0,51.0
exp4_fixed_3,44,743.9386,1.530034,0.4084468,1.0,0.0,56.0
exp4_fixed_3,45,639.12164,2.4807827,0.618906,1.0,0.0,20.0
exp4_fixed_3,46,704.0338,1.8836415,0.4619525,1.0,0.0,37.0
exp4_fixed_3,47,18.211288,1.0919117,0.43116227,0.0,1.0,72.0
exp4_fixed_3,48,692.5932,2.2288315,0.66704786,1.0,0.0,29.0
exp4_fixed_3,49,723.89404,1.7179503,0.49586114,1.0,0.0,47.0
exp4_fixed_3,50,668.76404,1.2830629,0.44506028,1.0,0.0,57.0
exp4_fixed_3,51,720.74756,1.9568325,0.5684803,1.0,0.0,38.0
exp4_fixed_3,52,31.44487,2.901368,0.4338164,0.0,1.0,15.0
exp4_fixed_3,53,578.8422,2.8919034,0.5836576,1.0,0.0,13.0
exp4_fixed_3,54,649.7607,1.7464137,0.572029,1.0,0.0,35.0
exp4_fixed_3,55,578.65247,1.5377619,0.6946011,1.0,0.0,34.0
exp4_fixed_3,56,600.6666,0.9978609,0.39749128,1.0,0.0,69.0
exp4_fixed_3,57,739.46875,2.0307114,0.44208586,1.0,0.0,36.0
exp4_fixed_3,58,-146.65385,3.3845387,0.6552081,0.0,1.0,1.0
exp4_fixed_3,59,548.3549,1.9426417,0.64729303,1.0,0.0,22.0
exp4_fixed_3,61,682.047,2.2007625,0.6700325,1.0,0.0,27.0
exp4_fixed_3,62,726.2993,1.604398,0.45863676,1.0,0.0,52.0
exp4_fixed_3,63,644.1129,1.5163177,0.6126326,1.0,0.0,38.0
exp4_fixed_3,64,743.7649,2.635461,0.52104175,1.0,0.0,26.0
exp4_fixed_3,65,632.8039,0.9923017,0.47956702,1.0,0.0,70.0
exp4_fixed_3,66,628.70013,1.2943228,0.5081335,1.0,0.0,51.0
exp4_fixed_3,67,15.150543,1.1308004,0.46433347,0.0,1.0,63.0
exp4_fixed_3,68,711.53723,1.0157112,0.44482842,1.0,0.0,76.0
exp4_fixed_3,69,781.97656,1.8470187,0.41726416,1.0,0.0,44.0
exp4_fixed_3,70,685.15497,2.489015,0.74298996,1.0,0.0,24.0
exp4_fixed_3,71,589.7165,0.9619286,0.48642448,1.0,0.0,61.0
exp4_fixed_3,72,715.7713,1.8028537,0.5021376,1.0,0.0,41.0
exp4_fixed_3,73,625.2167,2.0351274,0.4885448,1.0,0.0,24.0
exp4_fixed_3,74,-7.464325,0.96092695,0.44487435,0.0,1.0,66.0
exp4_fixed_3,75,684.4834,2.7161264,0.52388334,1.0,0.0,22.0
exp4_fixed_3,76,594.5968,0.97282106,0.45386514,1.0,0.0,91.0
exp4_fixed_3,77,-58.72899,2.5432994,0.5364827,0.0,1.0,7.0
exp4_fixed_3,78,697.72675,2.2447278,0.34865126,1.0,0.0,27.0
exp4_fixed_3,79,150.58318,0.6882542,0.5359037,0.0,0.0,100.0
exp4_fixed_3,81,10.662155,1.2136294,0.4740356,0.0,1.0,56.0
exp4_fixed_3,82,48.027527,1.5758679,0.42926314,0.0,1.0,43.0
exp4_fixed_3,83,551.8842,1.7012713,0.5378118,1.0,0.0,21.0
exp4_fixed_3,84,693.40894,1.8157403,0.46395323,1.0,0.0,36.0
exp4_fixed_3,85,690.7521,2.6586788,0.7294646,1.0,0.0,24.0
exp4_fixed_3,86,711.95764,2.4237509,0.4785964,1.0,0.0,26.0
exp4_fixed_3,87,711.32043,2.6059003,0.47988892,1.0,0.0,25.0
exp4_fixed_3,88,611.49457,1.1106641,0.6397482,1.0,0.0,57.0
exp4_fixed_3,89,701.5206,1.8649633,0.47763544,1.0,0.0,40.0
exp4_fixed_3,90,638.25995,2.17976,0.44861603,1.0,0.0,24.0
exp4_fixed_3,91,-30.557854,3.0082722,0.43361625,0.0,1.0,9.0
exp4_fixed_3,92,634.6683,1.0602037,0.42714098,1.0,0.0,67.0
exp4_fixed_3,93,733.4817,2.5204515,0.39677364,1.0,0.0,25.0
exp4_fixed_3,94,754.53296,1.7948033,0.50297904,1.0,0.0,40.0
exp4_fixed_3,95,734.52136,2.2279718,0.4212142,1.0,0.0,32.0
exp4_fixed_3,96,747.7528,2.0587234,0.4044523,1.0,0.0,37.0
exp4_fixed_3,97,576.60016,1.1042122,0.5035039,1.0,0.0,52.0
exp4_fixed_3,98,748.4222,1.9471378,0.47204795,1.0,0.0,39.0
exp4_fixed_3,99,647.8041,2.0053399,0.40765867,1.0,0.0,25.0
exp4_fixed_3,101,687.62177,1.8826175,0.40592742,1.0,0.0,32.0
exp4_fixed_3,102,743.8387,1.5658536,0.5155267,1.0,0.0,52.0
exp4_fixed_3,103,574.06213,0.9163879,0.44660184,1.0,0.0,64.0
exp4_fixed_3,104,732.11884,2.6845112,0.47076312,1.0,0.0,25.0
exp4_fixed_3,105,677.68555,2.1032093,0.4806784,1.0,0.0,27.0
exp4_fixed_3,106,641.88306,1.745019,0.64629996,1.0,0.0,32.0
exp4_fixed_3,107,-73.24036,1.8398575,0.39351937,0.0,1.0,12.0
exp4_fixed_3,108,699.6876,1.9044733,0.40239805,1.0,0.0,34.0
exp4_fixed_3,109,542.7301,1.6795812,0.48970476,1.0,0.0,17.0
exp4_fixed_3,110,717.7786,1.8237902,0.43443406,1.0,0.0,39.0
exp4_fixed_3,111,618.9656,1.9220179,0.51707876,1.0,0.0,25.0
exp4_fixed_3,112,741.95935,2.0621026,0.39650825,1.0,0.0,35.0
exp4_fixed_3,113,697.9662,2.3554635,0.43666965,1.0,0.0,25.0
exp4_fixed_3,114,663.0622,2.205039,0.55661684,1.0,0.0,28.0
exp4_fixed_3,115,686.39856,1.8166617,0.5087522,1.0,0.0,34.0
exp4_fixed_3,116,589.6166,2.8627825,0.42275685,1.0,0.0,11.0
exp4_fixed_3,117,645.90076,2.1226282,0.54212373,1.0,0.0,24.0
exp4_fixed_3,118,705.38586,1.7363225,0.3928299,1.0,0.0,41.0
exp4_fixed_3,119,662.18823,1.8617531,0.4381812,1.0,0.0,29.0
exp4_fixed_3,121,740.9029,2.2967107,0.4802206,1.0,0.0,28.0
exp4_fixed_3,122,716.16406,1.1382326,0.33505127,1.0,0.0,67.0
exp4_fixed_3,123,539.19995,2.3604848,0.467647,1.0,0.0,11.0
exp4_fixed_3,124,720.0852,1.2627027,0.45504764,1.0,0.0,67.0
exp4_fixed_3,125,636.6803,2.7294953,0.39219344,1.0,0.0,17.0
exp4_fixed_3,126,723.1283,2.0563424,0.48815963,1.0,0.0,31.0
exp4_fixed_3,127,609.56915,1.5942475,0.42639536,1.0,0.0,31.0
exp4_fixed_3,128,694.9625,2.203747,0.43296942,1.0,0.0,26.0
exp4_fixed_3,129,710.7208,2.1611154,0.46451178,1.0,0.0,28.0
exp4_fixed_3,130,620.82086,0.99370617,0.38211575,1.0,0.0,71.0
exp4_fixed_3,131,660.78784,2.5617898,0.26829562,1.0,0.0,19.0
exp4_fixed_3,132,636.6637,2.0346272,0.38494855,1.0,0.0,23.0
exp4_fixed_3,133,654.74866,1.8999877,0.46174198,1.0,0.0,29.0
exp4_fixed_3,134,702.28455,2.346814,0.43536666,1.0,0.0,27.0
exp4_fixed_3,135,543.8904,0.88200825,0.3937422,1.0,0.0,65.0
exp4_fixed_3,136,674.1708,1.7878773,0.38924462,1.0,0.0,34.0
exp4_fixed_3,137,145.56735,0.7883788,0.42245713,0.0,0.0,100.0
exp4_fixed_3,138,725.13403,2.3822904,0.5514884,1.0,0.0,28.0
exp4_fixed_3,139,703.2496,1.4596437,0.51881737,1.0,0.0,52.0
exp4_fixed_3,141,697.9498,1.8767238,0.548936,1.0,0.0,36.0
exp4_fixed_3,142,716.7004,2.3695543,0.48885745,1.0,0.0,26.0
exp4_fixed_3,143,664.3061,1.9186738,0.48665398,1.0,0.0,31.0
exp4_fixed_3,144,625.8701,2.6257472,0.41066444,1.0,0.0,16.0
exp4_fixed_3,145,663.8208,2.6364837,0.5449515,1.0,0.0,18.0
exp4_fixed_3,146,521.5559,1.1715977,0.6792055,1.0,0.0,24.0
exp4_fixed_3,147,718.5555,2.017112,0.40237015,1.0,0.0,36.0
exp4_fixed_3,148,748.40936,2.2773304,0.33933523,1.0,0.0,31.0
exp4_fixed_3,149,653.13727,1.3209201,0.5365687,1.0,0.0,51.0
exp4_fixed_3,150,723.5867,2.0669296,0.4220461,1.0,0.0,32.0
exp4_fixed_3,151,726.6869,2.0525966,0.3583952,1.0,0.0,34.0
exp4_fixed_3,152,745.86743,1.7696835,0.43234235,1.0,0.0,43.0
exp4_fixed_3,153,653.21265,1.458769,0.4930826,1.0,0.0,43.0
exp4_fixed_3,154,-27.739748,0.5057317,0.5735474,0.0,0.0,100.0
exp4_fixed_3,155,624.9623,1.4822295,0.55384153,1.0,0.0,38.0
exp4_fixed_3,156,630.73376,2.0584939,0.47420996,1.0,0.0,25.0
exp4_fixed_3,157,40.637344,1.2258106,0.4899661,0.0,1.0,55.0
exp4_fixed_3,158,633.1067,0.9905583,0.55259717,1.0,0.0,76.0
exp4_fixed_3,159,-249.3238,0.7410068,0.1701861,0.0,1.0,4.0
exp4_fixed_3,161,642.32104,1.7478637,0.47264734,1.0,0.0,30.0
exp4_fixed_3,162,711.7475,2.0277858,0.46202466,1.0,0.0,33.0
exp4_fixed_3,163,653.5005,1.9895636,0.4818633,1.0,0.0,27.0
exp4_fixed_3,164,688.97974,1.7418182,0.5541588,1.0,0.0,40.0
exp4_fixed_3,165,644.4015,2.063862,0.40188986,1.0,0.0,28.0
exp4_fixed_3,166,-101.015686,1.0443888,0.4812349,0.0,1.0,54.0
exp4_fixed_3,167,597.24945,1.1217506,0.4563254,1.0,0.0,52.0
exp4_fixed_3,168,660.2737,2.0996466,0.40870956,1.0,0.0,27.0
exp4_fixed_3,169,32.485992,1.0986993,0.4294853,0.0,1.0,70.0
exp4_fixed_3,170,631.83484,1.476903,0.49306297,1.0,0.0,35.0
exp4_fixed_3,171,632.4003,2.2953515,0.27404597,1.0,0.0,19.0
exp4_fixed_3,172,672.08105,2.280371,0.48540553,1.0,0.0,22.0
exp4_fixed_3,173,589.3104,1.475991,0.52942044,1.0,0.0,28.0
exp4_fixed_3,174,676.9562,2.7707925,0.6034229,1.0,0.0,20.0
exp4_fixed_3,175,675.9537,2.8970177,0.5820482,1.0,0.0,19.0
exp4_fixed_3,176,685.8754,2.799737,0.31166148,1.0,0.0,18.0
exp4_fixed_3,177,591.06714,1.3131737,0.4870943,1.0,0.0,43.0
exp4_fixed_3,178,608.42847,1.1631676,0.50213474,1.0,0.0,60.0
exp4_fixed_3,179,195.31798,0.6232858,0.5815954,0.0,0.0,100.0
exp4_fixed_3,181,628.70685,1.9477433,0.49600273,1.0,0.0,23.0
exp4_fixed_3,182,608.86816,1.928011,0.4777236,1.0,0.0,20.0
exp4_fixed_3,183,639.76587,3.2095501,0.555017,1.0,0.0,13.0
exp4_fixed_3,184,727.9021,2.4952242,0.6346427,1.0,0.0,27.0
exp4_fixed_3,185,542.1421,0.9379044,0.5985312,1.0,0.0,52.0
exp4_fixed_3,186,66.195465,2.5261807,0.35501426,0.0,1.0,21.0
exp4_fixed_3,187,650.7349,1.7238749,0.3952102,1.0,0.0,33.0
exp4_fixed_3,188,720.39215,2.2413144,0.512935,1.0,0.0,27.0
exp4_fixed_3,189,661.2042,2.4945147,0.5342317,1.0,0.0,22.0
exp4_fixed_3,190,669.7362,2.4885604,0.43731192,1.0,0.0,22.0
exp4_fixed_3,191,661.72437,2.5783768,0.5025096,1.0,0.0,19.0
exp4_fixed_3,192,702.7743,1.8897297,0.557609,1.0,0.0,37.0
exp4_fixed_3,193,-151.23567,0.9503666,0.27178162,0.0,1.0,5.0
exp4_fixed_3,194,693.0467,2.392317,0.481578,1.0,0.0,24.0
exp4_fixed_3,195,-148.26465,1.0819862,0.26912183,0.0,1.0,5.0
exp4_fixed_3,196,15.612503,2.4624214,0.39531165,0.0,1.0,19.0
exp4_fixed_3,197,692.12976,1.8250096,0.56889856,1.0,0.0,34.0
exp4_fixed_3,198,-244.39017,0.91826004,0.15980303,0.0,1.0,4.0
exp4_fixed_3,199,715.85236,2.1421747,0.5548965,1.0,0.0,29.0
exp4_fixed_3,201,623.30664,1.9718461,0.44644067,1.0,0.0,24.0
exp4_fixed_3,202,612.78577,1.3389906,0.7125165,1.0,0.0,38.0
exp4_fixed_3,203,670.6938,1.2142453,0.45431238,1.0,0.0,57.0
exp4_fixed_3,204,669.13916,2.2150507,0.54667675,1.0,0.0,26.0
exp4_fixed_3,205,620.9704,1.4969118,0.3084046,1.0,0.0,27.0
exp4_fixed_3,206,715.11554,3.1348734,0.48178896,1.0,0.0,18.0
exp4_fixed_3,207,599.81537,1.6124283,0.55676657,1.0,0.0,27.0
exp4_fixed_3,208,682.9957,2.7872796,0.5826188,1.0,0.0,19.0
exp4_fixed_3,209,737.2836,2.6593554,0.3714681,1.0,0.0,23.0
exp4_fixed_3,210,647.0287,1.8612311,0.5483807,1.0,0.0,28.0
exp4_fixed_3,211,603.93616,1.9046955,0.50234777,1.0,0.0,22.0
exp4_fixed_3,212,592.55115,2.126662,0.55025303,1.0,0.0,21.0
exp4_fixed_3,213,644.4941,1.6639837,0.5086992,1.0,0.0,27.0
exp4_fixed_3,214,28.463364,1.1727073,0.5072618,0.0,1.0,64.0
exp4_fixed_3,215,632.3251,1.0219932,0.6055059,1.0,0.0,70.0
exp4_fixed_3,216,632.3414,2.2680256,0.43727133,1.0,0.0,23.0
exp4_fixed_3,217,745.71375,1.8296093,0.40660423,1.0,0.0,38.0
exp4_fixed_3,218,703.8972,2.0300012,0.59661186,1.0,0.0,30.0
exp4_fixed_3,219,564.1197,1.2194382,0.52955663,1.0,0.0,39.0
exp4_fixed_3,221,767.5056,2.2545707,0.40943894,1.0,0.0,32.0
exp4_fixed_3,222,644.6555,2.0817335,0.6697038,1.0,0.0,24.0
exp4_fixed_3,223,740.8633,3.1926844,0.41866723,1.0,0.0,19.0
exp4_fixed_3,224,561.4542,2.5201397,0.65545607,1.0,0.0,11.0
exp4_fixed_3,225,536.48413,1.7305055,0.6606466,1.0,0.0,15.0
exp4_fixed_3,226,618.684,1.0893646,0.6827514,1.0,0.0,57.0
exp4_fixed_3,227,616.551,1.9774935,0.5873535,1.0,0.0,21.0
exp4_fixed_3,228,611.9746,2.201069,0.63220704,1.0,0.0,19.0
exp4_fixed_3,229,-51.53872,2.3921957,0.49690565,0.0,1.0,9.0
exp4_fixed_3,230,638.7281,1.7446706,0.4907954,1.0,0.0,27.0
exp4_fixed_3,231,665.75854,1.9876511,0.58932805,1.0,0.0,32.0
exp4_fixed_3,232,711.45337,2.4187891,0.475965,1.0,0.0,24.0
exp4_fixed_3,233,584.563,1.7016149,0.54321826,1.0,0.0,23.0
exp4_fixed_3,234,595.1327,2.3739257,0.5207287,1.0,0.0,17.0
exp4_fixed_3,235,706.1063,2.7248096,0.56184995,1.0,0.0,21.0
exp4_fixed_3,236,71.90285,1.1672733,0.46676505,0.0,1.0,58.0
exp4_fixed_3,237,531.99945,1.600769,0.6053527,1.0,0.0,17.0
exp4_fixed_3,238,609.8414,1.9160508,0.62090546,1.0,0.0,24.0
exp4_fixed_3,239,598.8309,2.135903,0.6118423,1.0,0.0,21.0
exp4_fixed_3,241,702.1228,2.4938412,0.46637928,1.0,0.0,24.0
exp4_fixed_3,242,609.8091,2.741671,0.39558345,1.0,0.0,14.0
exp4_fixed_3,243,661.8222,2.9686437,0.44906175,1.0,0.0,16.0
exp4_fixed_3,244,772.4174,2.5302696,0.50327504,1.0,0.0,28.0
exp4_fixed_3,245,679.3268,1.2880856,0.6554898,1.0,0.0,58.0
exp4_fixed_3,246,645.89923,3.0502489,0.34014562,1.0,0.0,13.0
exp4_fixed_3,247,676.4658,2.2788591,0.5843114,1.0,0.0,26.0
exp4_fixed_3,248,687.71716,2.263573,0.65357506,1.0,0.0,25.0
exp4_fixed_3,249,550.4855,1.4425471,0.50703806,1.0,0.0,20.0
exp4_fixed_3,250,608.1827,2.6455245,0.4404905,1.0,0.0,14.0
exp4_fixed_3,251,706.30774,1.6063639,0.49225038,1.0,0.0,36.0
exp4_fixed_3,252,546.9974,2.8586652,0.42933768,1.0,0.0,9.0
exp4_fixed_3,253,604.74176,1.4440573,0.60812974,1.0,0.0,30.0
exp4_fixed_3,254,645.88947,1.6239839,0.6961776,1.0,0.0,32.0
exp4_fixed_3,255,595.4742,1.834652,0.56325644,1.0,0.0,23.0
exp4_fixed_3,256,571.90967,1.8525281,0.58736944,1.0,0.0,24.0
exp4_fixed_3,257,674.7152,2.4834476,0.3423281,1.0,0.0,20.0
exp4_fixed_3,258,688.2096,1.8718544,0.4059434,1.0,0.0,38.0
exp4_fixed_3,259,619.62317,1.6459229,0.5494451,1.0,0.0,29.0
exp4_fixed_3,261,684.44727,1.3884887,0.7468357,1.0,0.0,48.0
exp4_fixed_3,262,620.62915,2.3638287,0.6214885,1.0,0.0,18.0
exp4_fixed_3,263,-97.723785,2.2979918,0.34126168,0.0,1.0,5.0
exp4_fixed_3,264,661.47864,2.2701037,0.60167134,1.0,0.0,25.0
exp4_fixed_3,265,115.37838,0.8691627,0.63635844,0.0,0.0,100.0
exp4_fixed_3,266,670.4673,2.140665,0.59716904,1.0,0.0,27.0
exp4_fixed_3,267,651.88135,1.0389748,0.69694936,1.0,0.0,68.0
exp4_fixed_3,268,622.91876,2.7612479,0.4926274,1.0,0.0,16.0
exp4_fixed_3,269,738.216,1.7260938,0.67450696,1.0,0.0,48.0
exp4_fixed_3,270,727.7163,2.9345248,0.50327486,1.0,0.0,22.0
exp4_fixed_3,271,654.5427,2.2221515,0.66789216,1.0,0.0,21.0
exp4_fixed_3,272,759.8719,1.6402287,0.5264146,1.0,0.0,48.0
exp4_fixed_3,273,734.96216,2.4305892,0.5528839,1.0,0.0,30.0
exp4_fixed_3,274,638.6365,2.8383234,0.45411357,1.0,0.0,16.0
exp4_fixed_3,275,-14.291138,3.0822852,0.5682876,0.0,1.0,9.0
exp4_fixed_3,276,736.00995,2.7338676,0.37851453,1.0,0.0,24.0
exp4_fixed_3,277,670.78296,1.7406693,0.67414343,1.0,0.0,32.0
exp4_fixed_3,278,579.6985,1.7680087,0.62805927,1.0,0.0,25.0
exp4_fixed_3,279,669.13385,1.264324,0.6731568,1.0,0.0,56.0
exp4_fixed_3,281,-125.12879,2.6025054,0.54134625,0.0,1.0,9.0
exp4_fixed_3,282,718.2025,3.0299273,0.39763722,1.0,0.0,18.0
exp4_fixed_3,283,675.35986,2.3856404,0.60896164,1.0,0.0,24.0
exp4_fixed_3,284,619.9546,1.8439336,0.5899284,1.0,0.0,26.0
exp4_fixed_3,285,626.0674,1.1452904,0.7082736,1.0,0.0,53.0
exp4_fixed_3,286,747.54553,2.588791,0.31540057,1.0,0.0,23.0
exp4_fixed_3,287,652.23914,1.2574358,0.6671836,1.0,0.0,53.0
exp4_fixed_3,288,692.2665,2.3345177,0.3623334,1.0,0.0,24.0
exp4_fixed_3,289,600.5212,0.8654727,0.78214884,1.0,0.0,61.0
exp4_fixed_3,290,750.26,1.8229965,0.45732784,1.0,0.0,40.0
exp4_fixed_3,291,643.8724,1.6233042,0.56461275,1.0,0.0,37.0
exp4_fixed_3,292,626.9379,2.304349,0.5381052,1.0,0.0,21.0
exp4_fixed_3,293,698.58276,1.473083,0.74764955,1.0,0.0,47.0
exp4_fixed_3,294,595.1997,1.8061527,0.5335742,1.0,0.0,20.0
exp4_fixed_3,295,607.33276,2.003705,0.5017062,1.0,0.0,22.0
exp4_fixed_3,296,647.6114,2.773346,0.5843156,1.0,0.0,18.0
exp4_fixed_3,297,737.2499,2.5242293,0.51269346,1.0,0.0,27.0
exp4_fixed_3,298,533.70715,1.6550745,0.62471086,1.0,0.0,16.0
exp4_fixed_3,299,630.3027,2.0922654,0.6051089,1.0,0.0,24.0
exp4_fixed_3,301,684.6096,2.3581557,0.7374518,1.0,0.0,24.0
exp4_fixed_3,302,653.62354,1.270289,0.7026444,1.0,0.0,61.0
exp4_fixed_3,303,612.7986,1.8855926,0.62949854,1.0,0.0,23.0
exp4_fixed_3,304,-14.42038,2.5619712,0.46374938,0.0,1.0,14.0
exp4_fixed_3,305,76.1091,3.5181954,0.418479,0.0,1.0,12.0
exp4_fixed_3,306,626.56116,0.8768421,0.8411381,1.0,0.0,63.0
exp4_fixed_3,307,742.8717,2.441301,0.54304993,1.0,0.0,27.0
exp4_fixed_3,308,659.119,1.4773703,0.73292756,1.0,0.0,38.0
exp4_fixed_3,309,630.7398,2.9769025,0.6411218,1.0,0.0,15.0
exp4_fixed_3,310,728.83875,2.858993,0.5241156,1.0,0.0,21.0
exp4_fixed_3,311,607.8871,2.4010034,0.56450355,1.0,0.0,16.0
exp4_fixed_3,312,521.03455,1.5874687,0.8123843,1.0,0.0,18.0
exp4_fixed_3,313,734.3087,2.5759144,0.60505104,1.0,0.0,27.0
exp4_fixed_3,314,634.9255,1.8120182,0.68466204,1.0,0.0,29.0
exp4_fixed_3,315,617.6432,2.8925939,0.5300959,1.0,0.0,15.0
exp4_fixed_3,316,664.3877,1.7477827,0.64039636,1.0,0.0,31.0
exp4_fixed_3,317,664.77576,1.9599609,0.5512693,1.0,0.0,29.0
exp4_fixed_3,318,716.5531,2.7835429,0.49627313,1.0,0.0,23.0
exp4_fixed_3,319,616.1655,1.9914154,0.45446464,1.0,0.0,22.0
exp4_fixed_3,321,743.65485,2.3515012,0.543609,1.0,0.0,31.0
exp4_fixed_3,322,633.9624,2.8068821,0.55370605,1.0,0.0,16.0
exp4_fixed_3,323,697.82837,2.344747,0.45064932,1.0,0.0,27.0
exp4_fixed_3,324,672.72327,1.8562957,0.553228,1.0,0.0,29.0
exp4_fixed_3,325,703.0721,2.5468078,0.5791086,1.0,0.0,27.0
exp4_fixed_3,326,649.7702,3.1314816,0.45103985,1.0,0.0,14.0
exp4_fixed_3,327,657.2566,2.6487467,0.5067172,1.0,0.0,21.0
exp4_fixed_3,328,-37.034637,2.1904902,0.49677524,0.0,1.0,23.0
exp4_fixed_3,329,647.03125,1.8543963,0.67020917,1.0,0.0,32.0
exp4_fixed_3,330,630.58466,1.6793219,0.6763933,1.0,0.0,35.0
exp4_fixed_3,331,672.3001,2.4341183,0.44315368,1.0,0.0,25.0
exp4_fixed_3,332,662.3967,1.1725196,0.6301208,1.0,0.0,52.0
exp4_fixed_3,333,617.866,1.1936849,0.5115483,1.0,0.0,56.0
exp4_fixed_3,334,629.9446,0.9214267,0.72123444,1.0,0.0,88.0
exp4_fixed_3,335,623.8802,2.392572,0.57033455,1.0,0.0,18.0
exp4_fixed_3,336,727.2053,2.3627794,0.5877979,1.0,0.0,29.0
exp4_fixed_3,337,652.5823,1.8368438,0.40156117,1.0,0.0,25.0
exp4_fixed_3,338,612.9169,2.0583243,0.5613409,1.0,0.0,21.0
exp4_fixed_3,339,673.95605,1.7367948,0.63809717,1.0,0.0,36.0
exp4_fixed_3,341,644.72394,2.054367,0.4561535,1.0,0.0,24.0
exp4_fixed_3,342,609.76,2.2886152,0.4621873,1.0,0.0,17.0
exp4_fixed_3,343,705.39954,3.8126924,0.4351936,1.0,0.0,13.0
exp4_fixed_3,344,650.4717,1.8549697,0.6807834,1.0,0.0,27.0
exp4_fixed_3,345,710.72235,2.843649,0.39788204,1.0,0.0,20.0
exp4_fixed_3,346,690.44165,1.7224479,0.6577564,1.0,0.0,38.0
exp4_fixed_3,347,673.81555,1.7158707,0.6410563,1.0,0.0,36.0
exp4_fixed_3,348,700.8168,2.6348464,0.6035132,1.0,0.0,22.0
exp4_fixed_3,349,758.85803,1.9653584,0.64671403,1.0,0.0,44.0
exp4_fixed_3,350,709.7209,2.5877473,0.5536591,1.0,0.0,26.0
exp4_fixed_3,351,639.63306,1.660748,0.71371764,1.0,0.0,38.0
exp4_fixed_3,352,728.70557,3.454588,0.36764905,1.0,0.0,16.0
exp4_fixed_3,353,-53.09494,3.1524658,0.4777355,0.0,1.0,7.0
exp4_fixed_3,354,585.26416,1.7427717,0.5731823,1.0,0.0,25.0
exp4_fixed_3,355,160.58626,0.81167865,0.71483266,0.0,0.0,100.0
exp4_fixed_3,356,722.28015,2.5103295,0.53670746,1.0,0.0,28.0
exp4_fixed_3,357,613.072,1.1285771,0.8543679,1.0,0.0,49.0
exp4_fixed_3,358,624.0631,2.3428187,0.54241097,1.0,0.0,23.0
exp4_fixed_3,359,693.0426,2.273717,0.62501496,1.0,0.0,27.0
exp4_fixed_3,361,707.355,2.7786322,0.54954934,1.0,0.0,22.0
exp4_fixed_3,362,640.5796,0.9062036,0.8307739,1.0,0.0,70.0
exp4_fixed_3,363,603.0702,1.8978211,0.65493435,1.0,0.0,24.0
exp4_fixed_3,364,636.1895,1.4810466,0.6815432,1.0,0.0,37.0
exp4_fixed_3,365,539.68915,2.7540517,0.5838812,1.0,0.0,10.0
exp4_fixed_3,366,638.5173,2.2352114,0.5980633,1.0,0.0,25.0
exp4_fixed_3,367,585.3861,2.0021012,0.61049885,1.0,0.0,18.0
exp4_fixed_3,368,599.4568,0.9649073,0.80843544,1.0,0.0,77.0
exp4_fixed_3,369,687.33624,2.8154442,0.46418858,1.0,0.0,20.0
exp4_fixed_3,370,653.33813,2.5251057,0.43367904,1.0,0.0,18.0
exp4_fixed_3,371,738.99133,2.2723272,0.5638076,1.0,0.0,32.0
exp4_fixed_3,372,724.3793,2.1467083,0.5559534,1.0,0.0,33.0
exp4_fixed_3,373,630.31354,1.8678546,0.5705934,1.0,0.0,27.0
exp4_fixed_3,374,714.48096,2.4972386,0.5635495,1.0,0.0,27.0
exp4_fixed_3,375,595.3272,2.054969,0.621113,1.0,0.0,19.0
exp4_fixed_3,376,520.7841,0.679091,0.7836179,1.0,0.0,48.0
exp4_fixed_3,377,96.24312,1.4350992,0.6066626,0.0,1.0,73.0
exp4_fixed_3,378,740.0316,2.744374,0.4831476,1.0,0.0,25.0
exp4_fixed_3,379,693.64844,2.4153407,0.6217439,1.0,0.0,26.0
exp4_fixed_3,381,603.63257,2.00583,0.6372739,1.0,0.0,21.0
exp4_fixed_3,382,715.15466,1.8818107,0.6559056,1.0,0.0,38.0
exp4_fixed_3,383,575.6267,1.2161117,0.74369276,1.0,0.0,47.0
exp4_fixed_3,384,621.51996,0.9182786,0.59249496,1.0,0.0,59.0
exp4_fixed_3,385,597.8013,1.4844706,0.67260945,1.0,0.0,26.0
exp4_fixed_3,386,746.1565,2.4035592,0.48562872,1.0,0.0,26.0
exp4_fixed_3,387,603.50305,1.5681214,0.5547483,1.0,0.0,27.0
exp4_fixed_3,388,635.0745,2.4900956,0.58116657,1.0,0.0,22.0
exp4_fixed_3,389,655.9954,2.3545299,0.67536634,1.0,0.0,24.0
exp4_fixed_3,390,706.307,2.2196977,0.5414391,1.0,0.0,26.0
exp4_fixed_3,391,619.71326,2.467383,0.58050674,1.0,0.0,18.0
exp4_fixed_3,392,593.9457,1.3147274,0.7870814,1.0,0.0,37.0
exp4_fixed_3,393,731.0736,3.529016,0.20922874,1.0,0.0,15.0
exp4_fixed_3,394,688.97266,2.4835696,0.5372195,1.0,0.0,22.0
exp4_fixed_3,395,736.3006,2.8377843,0.5032399,1.0,0.0,21.0
exp4_fixed_3,396,686.1123,2.2797024,0.6754863,1.0,0.0,26.0
exp4_fixed_3,397,611.18713,0.7144145,0.8029526,1.0,0.0,79.0
exp4_fixed_3,398,637.4657,2.9831913,0.6344544,1.0,0.0,15.0
exp4_fixed_3,399,617.204,1.8838525,0.53211945,1.0,0.0,24.0
exp4_fixed_3,401,637.8176,1.8979032,0.71612614,1.0,0.0,30.0
exp4_fixed_3,402,598.9944,2.2097774,0.59593767,1.0,0.0,19.0
exp4_fixed_3,403,719.36896,2.5857866,0.39417976,1.0,0.0,23.0
exp4_fixed_3,404,632.36707,2.9291527,0.5449483,1.0,0.0,15.0
exp4_fixed_3,405,738.7529,2.0503767,0.6010975,1.0,0.0,39.0
exp4_fixed_3,406,741.9419,2.3331985,0.58805233,1.0,0.0,28.0
exp4_fixed_3,407,570.9938,2.1489868,0.55010915,1.0,0.0,19.0
exp4_fixed_3,408,627.905,2.4242976,0.63397986,1.0,0.0,23.0
exp4_fixed_3,409,723.02045,1.859894,0.58701015,1.0,0.0,35.0
exp4_fixed_3,410,635.9614,1.5885445,0.65818363,1.0,0.0,28.0
exp4_fixed_3,411,679.45667,2.6300397,0.58514935,1.0,0.0,18.0
exp4_fixed_3,412,626.5188,3.2158988,0.3464168,1.0,0.0,12.0
exp4_fixed_3,413,530.5554,2.2010446,0.5845035,1.0,0.0,12.0
exp4_fixed_3,414,724.03357,2.4027374,0.6017897,1.0,0.0,31.0
exp4_fixed_3,415,654.089,2.3667703,0.5234637,1.0,0.0,23.0
exp4_fixed_3,416,632.4983,3.3454604,0.54509443,1.0,0.0,13.0
exp4_fixed_3,417,-13.263977,2.9252367,0.62517226,0.0,1.0,11.0
exp4_fixed_3,418,726.0902,2.4299104,0.4719593,1.0,0.0,25.0
exp4_fixed_3,419,703.2224,1.9947834,0.6391627,1.0,0.0,33.0
exp4_fixed_3,421,544.75995,2.849599,0.61938334,1.0,0.0,9.0
exp4_fixed_3,422,703.8291,2.4909618,0.583273,1.0,0.0,24.0
exp4_fixed_3,423,608.48486,2.2899404,0.58571565,1.0,0.0,17.0
exp4_fixed_3,424,683.1459,2.3917181,0.56584173,1.0,0.0,24.0
exp4_fixed_3,425,626.74603,2.4420786,0.64135903,1.0,0.0,18.0
exp4_fixed_3,426,734.2017,2.8128262,0.54914737,1.0,0.0,22.0
exp4_fixed_3,427,703.2389,2.4464521,0.57753515,1.0,0.0,27.0
exp4_fixed_3,428,638.31244,2.6830091,0.5527759,1.0,0.0,17.0
exp4_fixed_3,429,700.34644,2.2347229,0.58726585,1.0,0.0,27.0
exp4_fixed_3,430,657.9671,1.2623947,0.694814,1.0,0.0,60.0
exp4_fixed_3,431,10.224487,1.2613215,0.55837417,0.0,1.0,43.0
exp4_fixed_3,432,696.3872,1.4547652,0.7380555,1.0,0.0,39.0
exp4_fixed_3,433,-116.4079,2.5739214,0.46392143,0.0,1.0,6.0
exp4_fixed_3,434,516.17426,1.9381369,0.69267136,1.0,0.0,12.0
exp4_fixed_3,435,743.31775,2.6062,0.5337172,1.0,0.0,28.0
exp4_fixed_3,436,604.7897,1.9082718,0.7167009,1.0,0.0,23.0
exp4_fixed_3,437,657.6339,1.2959981,0.6443938,1.0,0.0,52.0
exp4_fixed_3,438,692.90393,2.0950122,0.643533,1.0,0.0,29.0
exp4_fixed_3,439,656.02423,1.9009869,0.6398014,1.0,0.0,32.0
exp4_fixed_3,441,37.197433,2.8319511,0.42901108,0.0,1.0,12.0
exp4_fixed_3,442,604.0716,2.3451333,0.5706623,1.0,0.0,19.0
exp4_fixed_3,443,695.12646,2.252428,0.6454038,1.0,0.0,27.0
exp4_fixed_3,444,612.312,2.2413836,0.5406636,1.0,0.0,23.0
exp4_fixed_3,445,-28.693672,2.5706415,0.51134396,0.0,1.0,11.0
exp4_fixed_3,446,631.3371,2.4610367,0.43795428,1.0,0.0,17.0
exp4_fixed_3,447,614.1079,1.8878119,0.69534785,1.0,0.0,28.0
exp4_fixed_3,448,699.76416,2.41358,0.5691159,1.0,0.0,25.0
exp4_fixed_3,449,614.1444,0.96666706,0.6025295,1.0,0.0,71.0
exp4_fixed_3,450,753.48096,2.8898556,0.47791094,1.0,0.0,21.0
exp4_fixed_3,451,619.38226,2.255012,0.52772367,1.0,0.0,18.0
exp4_fixed_3,452,698.9759,3.135428,0.5263237,1.0,0.0,18.0
exp4_fixed_3,453,694.1377,2.9350781,0.5146883,1.0,0.0,19.0
exp4_fixed_3,454,576.2859,1.6708847,0.6162805,1.0,0.0,28.0
exp4_fixed_3,455,644.015,2.3795428,0.5665905,1.0,0.0,22.0
exp4_fixed_3,456,653.6344,2.038539,0.7002047,1.0,0.0,25.0
exp4_fixed_3,457,640.4015,2.0221488,0.58128905,1.0,0.0,25.0
exp4_fixed_3,458,628.9547,1.749673,0.5714765,1.0,0.0,29.0
exp4_fixed_3,459,649.0488,2.213029,0.5626639,1.0,0.0,26.0
exp4_fixed_3,461,731.00415,2.8899922,0.5284577,1.0,0.0,20.0
exp4_fixed_3,462,651.4241,1.9848607,0.64862394,1.0,0.0,29.0
exp4_fixed_3,463,652.3208,2.2465613,0.6336964,1.0,0.0,25.0
exp4_fixed_3,464,672.4219,1.6129507,0.74462295,1.0,0.0,45.0
exp4_fixed_3,465,621.3976,2.7530506,0.50967747,1.0,0.0,15.0
exp4_fixed_3,466,625.0243,2.1441107,0.5694555,1.0,0.0,20.0
exp4_fixed_3,467,626.7246,1.2919767,0.61345744,1.0,0.0,46.0
exp4_fixed_3,468,611.62036,1.4002833,0.51348406,1.0,0.0,34.0
exp4_fixed_3,469,544.5431,1.9993025,0.74286014,1.0,0.0,15.0
exp4_fixed_3,470,721.9302,2.273133,0.6999144,1.0,0.0,29.0
exp4_fixed_3,471,-120.353264,3.0094154,0.62599534,0.0,1.0,3.0
exp4_fixed_3,472,703.6083,2.0899181,0.69128394,1.0,0.0,33.0
exp4_fixed_3,473,691.49255,2.6589572,0.5975643,1.0,0.0,20.0
exp4_fixed_3,474,587.0324,2.0194082,0.6821446,1.0,0.0,22.0
exp4_fixed_3,475,672.5781,1.4529973,0.7791903,1.0,0.0,53.0
exp4_fixed_3,476,548.5652,1.4532533,0.82415617,1.0,0.0,29.0
exp4_fixed_3,477,630.47974,2.5331073,0.5737706,1.0,0.0,20.0
exp4_fixed_3,478,671.1516,2.1538234,0.58613557,1.0,0.0,25.0
exp4_fixed_3,479,630.0206,2.1629415,0.63070613,1.0,0.0,21.0
exp4_fixed_3,481,737.8598,3.805003,0.503476,1.0,0.0,15.0
exp4_fixed_3,482,626.94214,2.477164,0.51063156,1.0,0.0,19.0
exp4_fixed_3,483,656.51025,1.4464334,0.7207154,1.0,0.0,49.0
exp4_fixed_3,484,703.8632,2.6587884,0.595952,1.0,0.0,22.0
exp4_fixed_3,485,756.4158,2.6461558,0.59543574,1.0,0.0,28.0
exp4_fixed_3,486,631.0326,1.5053566,0.7679437,1.0,0.0,45.0
exp4_fixed_3,487,738.9094,2.6531837,0.51090395,1.0,0.0,24.0
exp4_fixed_3,488,612.09827,2.680509,0.6401499,1.0,0.0,16.0
exp4_fixed_3,489,607.4181,1.7354928,0.7060669,1.0,0.0,31.0
exp4_fixed_3,490,579.19946,2.2851396,0.61043876,1.0,0.0,17.0
exp4_fixed_3,491,660.1618,2.233207,0.58806425,1.0,0.0,24.0
exp4_fixed_3,492,587.3012,1.3697306,0.5709834,1.0,0.0,34.0
exp4_fixed_3,493,747.85315,2.4168394,0.6310151,1.0,0.0,33.0
exp4_fixed_3,494,707.99023,2.6210105,0.6315307,1.0,0.0,23.0
exp4_fixed_3,495,-37.894234,3.4632566,0.35330543,0.0,1.0,6.0
exp4_fixed_3,496,691.38293,3.5344014,0.4736824,1.0,0.0,15.0
exp4_fixed_3,497,743.98926,2.693026,0.42072412,1.0,0.0,23.0
exp4_fixed_3,498,636.13434,1.4836559,0.5866087,1.0,0.0,33.0
exp4_fixed_3,499,600.67957,2.1406054,0.64690626,1.0,0.0,21.0
exp4_fixed_3,501,621.3672,2.4866436,0.5753956,1.0,0.0,19.0
exp4_fixed_3,502,663.7905,2.9930055,0.49712518,1.0,0.0,17.0
exp4_fixed_3,503,705.0114,1.977916,0.71331257,1.0,0.0,39.0
exp4_fixed_3,504,615.4744,2.8270872,0.66479623,1.0,0.0,15.0
exp4_fixed_3,505,719.80054,2.1322167,0.6261621,1.0,0.0,29.0
exp4_fixed_3,506,751.22504,2.4420543,0.5974,1.0,0.0,29.0
exp4_fixed_3,507,746.97485,3.0223339,0.67745656,1.0,0.0,21.0
exp4_fixed_3,508,631.08496,1.8680699,0.66389084,1.0,0.0,28.0
exp4_fixed_3,509,684.30054,1.933022,0.66391945,1.0,0.0,33.0
exp4_fixed_3,510,667.3283,1.7648053,0.7569553,1.0,0.0,39.0
exp4_fixed_3,511,584.0727,1.7602952,0.5475813,1.0,0.0,20.0
exp4_fixed_3,512,690.37305,2.7913735,0.5703754,1.0,0.0,21.0
exp4_fixed_3,513,612.1074,2.5546405,0.53619397,1.0,0.0,16.0
exp4_fixed_3,514,656.891,1.8777981,0.6112086,1.0,0.0,32.0
exp4_fixed_3,515,652.3744,2.1922152,0.5636849,1.0,0.0,25.0
exp4_fixed_3,516,727.8313,2.4261723,0.47195342,1.0,0.0,25.0
exp4_fixed_3,517,623.03784,2.4733872,0.6839274,1.0,0.0,18.0
exp4_fixed_3,518,663.375,2.9243262,0.5179379,1.0,0.0,16.0
exp4_fixed_3,519,678.11725,2.393807,0.63822216,1.0,0.0,27.0
exp4_fixed_3,521,577.24963,1.5482714,0.73790586,1.0,0.0,29.0
exp4_fixed_3,522,624.4486,1.7696884,0.73743945,1.0,0.0,31.0
exp4_fixed_3,523,615.57495,2.0808892,0.5199255,1.0,0.0,24.0
exp4_fixed_3,524,729.2723,2.5006654,0.5091054,1.0,0.0,24.0
exp4_fixed_3,525,613.3189,2.180312,0.7360495,1.0,0.0,22.0
exp4_fixed_3,526,760.5563,2.6801867,0.55851746,1.0,0.0,26.0
exp4_fixed_3,527,613.3069,2.077255,0.5539384,1.0,0.0,19.0
exp4_fixed_3,528,575.91113,1.9626608,0.7911114,1.0,0.0,24.0
exp4_fixed_3,529,-87.13037,2.384971,0.56969106,0.0,1.0,12.0
exp4_fixed_3,530,50.445984,2.8844376,0.41925156,0.0,1.0,15.0
exp4_fixed_3,531,707.90784,2.354012,0.6519045,1.0,0.0,26.0
exp4_fixed_3,532,118.347565,1.1392432,0.775345,0.0,1.0,93.0
exp4_fixed_3,533,659.7317,2.1171172,0.6443203,1.0,0.0,28.0
exp4_fixed_3,534,621.3629,2.997855,0.44539005,1.0,0.0,14.0
exp4_fixed_3,535,52.41693,2.9588776,0.4137054,0.0,1.0,16.0
exp4_fixed_3,536,666.38074,2.517739,0.63302726,1.0,0.0,19.0
exp4_fixed_3,537,719.1621,3.1716492,0.57487386,1.0,0.0,22.0
exp4_fixed_3,538,613.239,2.378439,0.6282869,1.0,0.0,22.0
exp4_fixed_3,539,-93.8177,3.0675752,0.45524794,0.0,1.0,5.0
exp4_fixed_3,541,-43.47209,2.8461313,0.56234807,0.0,1.0,17.0
exp4_fixed_3,542,647.8889,2.5198114,0.48324996,1.0,0.0,19.0
exp4_fixed_3,543,692.7225,2.577274,0.5733286,1.0,0.0,22.0
exp4_fixed_3,544,-99.02548,2.2341237,0.55149144,0.0,1.0,14.0
exp4_fixed_3,545,739.9144,3.1582732,0.55387634,1.0,0.0,20.0
exp4_fixed_3,546,541.9143,2.1650903,0.6355068,1.0,0.0,12.0
exp4_fixed_3,547,77.69296,1.8167809,0.5362373,0.0,1.0,38.0
exp4_fixed_3,548,-54.222313,2.8081346,0.55689245,0.0,1.0,10.0
exp4_fixed_3,549,704.4867,2.4149177,0.6094525,1.0,0.0,26.0
exp4_fixed_3,550,620.1912,2.615129,0.62826437,1.0,0.0,17.0
exp4_fixed_3,551,597.7991,2.5449297,0.49456656,1.0,0.0,16.0
exp4_fixed_3,552,642.54083,2.2586062,0.68219006,1.0,0.0,23.0
exp4_fixed_3,553,702.33276,2.5454423,0.6069908,1.0,0.0,24.0
exp4_fixed_3,554,682.3435,1.2920678,0.6624325,1.0,0.0,71.0
exp4_fixed_3,555,598.6277,2.5550306,0.4084936,1.0,0.0,16.0
exp4_fixed_3,556,656.5653,2.2540517,0.5887023,1.0,0.0,24.0
exp4_fixed_3,557,727.31555,2.7544003,0.57299304,1.0,0.0,25.0
exp4_fixed_3,558,731.7843,2.444276,0.6090234,1.0,0.0,27.0
exp4_fixed_3,559,-23.051163,1.756376,0.68762517,0.0,1.0,33.0
exp4_fixed_3,561,695.7787,3.1035473,0.48457897,1.0,0.0,17.0
exp4_fixed_3,562,721.2605,2.4016232,0.65792185,1.0,0.0,30.0
exp4_fixed_3,563,756.20825,2.5336359,0.5156315,1.0,0.0,27.0
exp4_fixed_3,564,626.54395,2.2945895,0.5876815,1.0,0.0,21.0
exp4_fixed_3,565,-54.35778,3.8802574,0.5819662,0.0,1.0,6.0
exp4_fixed_3,566,44.492188,3.073685,0.5476924,0.0,1.0,13.0
exp4_fixed_3,567,589.7333,2.3954391,0.60700417,1.0,0.0,16.0
exp4_fixed_3,568,652.19196,2.0786774,0.72973686,1.0,0.0,29.0
exp4_fixed_3,569,690.27905,2.1690037,0.6098003,1.0,0.0,28.0
exp4_fixed_3,570,674.5412,2.1357176,0.7712051,1.0,0.0,30.0
exp4_fixed_3,571,634.6968,2.443452,0.5503379,1.0,0.0,18.0
exp4_fixed_3,572,699.66125,2.266879,0.6033419,1.0,0.0,28.0
exp4_fixed_3,573,611.99615,2.2629938,0.6511367,1.0,0.0,18.0
exp4_fixed_3,574,761.6136,3.1357968,0.4814322,1.0,0.0,20.0
exp4_fixed_3,575,702.25183,2.3995783,0.5397528,1.0,0.0,27.0
exp4_fixed_3,576,646.8518,1.1085341,0.84148365,1.0,0.0,57.0
exp4_fixed_3,577,742.5137,2.7365978,0.57841057,1.0,0.0,24.0
exp4_fixed_3,578,600.36426,3.1996124,0.4492836,1.0,0.0,12.0
exp4_fixed_3,579,74.10564,1.694469,0.61409897,0.0,1.0,39.0
exp4_fixed_3,581,644.73145,2.287106,0.6208667,1.0,0.0,19.0
exp4_fixed_3,582,746.02893,2.6263502,0.479906,1.0,0.0,25.0
exp4_fixed_3,583,654.81866,2.4620047,0.61320853,1.0,0.0,22.0
exp4_fixed_3,584,677.97565,2.3227496,0.5980832,1.0,0.0,26.0
exp4_fixed_3,585,738.9635,2.0195367,0.67338365,1.0,0.0,38.0
exp4_fixed_3,586,728.2823,2.6641738,0.51643413,1.0,0.0,22.0
exp4_fixed_3,587,690.6213,2.1879697,0.6436808,1.0,0.0,29.0
exp4_fixed_3,588,705.50964,1.7479789,0.7205639,1.0,0.0,46.0
exp4_fixed_3,589,753.40576,2.8293948,0.53762835,1.0,0.0,23.0
exp4_fixed_3,590,76.0556,1.84451,0.69311845,0.0,1.0,31.0
exp4_fixed_3,591,633.2513,1.2222556,0.73165995,1.0,0.0,50.0
exp4_fixed_3,592,672.5719,1.6373187,0.6477756,1.0,0.0,36.0
exp4_fixed_3,593,747.55164,2.0022514,0.5323367,1.0,0.0,38.0
exp4_fixed_3,594,737.2634,2.5110102,0.51359844,1.0,0.0,27.0
exp4_fixed_3,595,722.3645,3.021461,0.4636127,1.0,0.0,21.0
exp4_fixed_3,596,616.7532,1.5273056,0.5543206,1.0,0.0,32.0
exp4_fixed_3,597,713.0402,2.4776425,0.7090259,1.0,0.0,28.0
exp4_fixed_3,598,691.2467,2.713407,0.58950216,1.0,0.0,23.0
exp4_fixed_3,599,727.03375,2.4943023,0.5656306,1.0,0.0,28.0
exp4_fixed_3,601,686.09094,1.3123925,0.7516788,1.0,0.0,52.0
exp4_fixed_3,602,627.7976,2.394809,0.5711572,1.0,0.0,18.0
exp4_fixed_3,603,646.1163,1.9935623,0.59266096,1.0,0.0,30.0
exp4_fixed_3,604,694.5984,2.3333476,0.6496827,1.0,0.0,25.0
exp4_fixed_3,605,-9.191574,1.801648,0.50686085,0.0,1.0,24.0
exp4_fixed_3,606,656.69446,2.338583,0.6694615,1.0,0.0,21.0
exp4_fixed_3,607,621.53253,2.476005,0.58152014,1.0,0.0,17.0
exp4_fixed_3,608,709.5797,2.0690086,0.6428478,1.0,0.0,34.0
exp4_fixed_3,609,694.0325,2.803472,0.6640436,1.0,0.0,21.0
exp4_fixed_3,610,713.7102,2.4539995,0.6081681,1.0,0.0,26.0
exp4_fixed_3,611,634.3635,1.9596876,0.70254546,1.0,0.0,27.0
exp4_fixed_3,612,664.15924,1.8386674,0.60887945,1.0,0.0,31.0
exp4_fixed_3,613,-27.585045,2.2619698,0.468658,0.0,1.0,14.0
exp4_fixed_3,614,553.7721,1.3994255,0.7226876,1.0,0.0,37.0
exp4_fixed_3,615,615.7395,2.5951896,0.49968302,1.0,0.0,16.0
exp4_fixed_3,616,669.57983,2.0951884,0.57383347,1.0,0.0,30.0
exp4_fixed_3,617,642.71686,2.9938204,0.6083133,1.0,0.0,16.0
exp4_fixed_3,618,-23.367325,2.928125,0.47420883,0.0,1.0,11.0
exp4_fixed_3,619,763.3037,2.1406674,0.636825,1.0,0.0,36.0
exp4_fixed_3,621,653.20105,3.0142481,0.42127785,1.0,0.0,14.0
exp4_fixed_3,622,672.50757,1.892396,0.6328454,1.0,0.0,29.0
exp4_fixed_3,623,656.364,2.669369,0.6847865,1.0,0.0,21.0
exp4_fixed_3,624,-31.230057,2.8142726,0.46480688,0.0,1.0,12.0
exp4_fixed_3,625,720.38696,2.482868,0.6306104,1.0,0.0,26.0
exp4_fixed_3,626,698.0515,2.054677,0.6527373,1.0,0.0,30.0
exp4_fixed_3,627,598.4303,2.9909968,0.39691702,1.0,0.0,13.0
exp4_fixed_3,628,696.90265,2.5283573,0.56481814,1.0,0.0,26.0
exp4_fixed_3,629,745.4027,2.2702086,0.620951,1.0,0.0,37.0
exp4_fixed_3,630,703.4009,3.3527007,0.52976847,1.0,0.0,17.0
exp4_fixed_3,631,728.1799,2.0785642,0.6690713,1.0,0.0,32.0
exp4_fixed_3,632,600.05084,1.959876,0.6900351,1.0,0.0,26.0
exp4_fixed_3,633,722.81104,2.620317,0.4317448,1.0,0.0,21.0
exp4_fixed_3,634,717.3888,2.632001,0.58919924,1.0,0.0,25.0
exp4_fixed_3,635,708.84717,2.526025,0.6410624,1.0,0.0,25.0
exp4_fixed_3,636,715.01074,2.473538,0.630326,1.0,0.0,26.0
exp4_fixed_3,637,639.33075,2.1834247,0.6664228,1.0,0.0,25.0
exp4_fixed_3,638,653.91077,2.3939278,0.5507598,1.0,0.0,20.0
exp4_fixed_3,639,760.3083,1.7114762,0.62987906,1.0,0.0,46.0
exp4_fixed_3,641,557.3542,1.0738244,0.71487623,1.0,0.0,54.0
exp4_fixed_3,642,654.0088,2.3347178,0.50551397,1.0,0.0,21.0
exp4_fixed_3,643,689.58704,2.8558726,0.57125896,1.0,0.0,21.0
exp4_fixed_3,644,595.14154,2.4089527,0.678478,1.0,0.0,17.0
exp4_fixed_3,645,710.5183,2.6967382,0.5377826,1.0,0.0,23.0
exp4_fixed_3,646,690.6266,2.1567428,0.5927669,1.0,0.0,27.0
exp4_fixed_3,647,765.2468,2.5564249,0.43896624,1.0,0.0,26.0
exp4_fixed_3,648,609.9137,1.6267997,0.686859,1.0,0.0,31.0
exp4_fixed_3,649,687.827,2.413235,0.62879974,1.0,0.0,27.0
exp4_fixed_3,650,705.832,2.3026443,0.6793874,1.0,0.0,30.0
exp4_fixed_3,651,602.6906,1.6236068,0.6333095,1.0,0.0,29.0
exp4_fixed_3,652,681.0017,2.1150591,0.5488316,1.0,0.0,27.0
exp4_fixed_3,653,664.59393,2.4849792,0.6170888,1.0,0.0,20.0
exp4_fixed_3,654,550.23804,2.6356406,0.66771764,1.0,0.0,10.0
exp4_fixed_3,655,767.99976,2.9671738,0.55142236,1.0,0.0,22.0
exp4_fixed_3,656,632.82324,2.3429666,0.61376363,1.0,0.0,18.0
exp4_fixed_3,657,692.67834,2.6413052,0.54152435,1.0,0.0,22.0
exp4_fixed_3,658,598.3742,2.3706384,0.643429,1.0,0.0,17.0
exp4_fixed_3,659,621.4179,2.3143244,0.6446617,1.0,0.0,21.0
exp4_fixed_3,661,704.44885,2.8959851,0.44881254,1.0,0.0,21.0
exp4_fixed_3,662,540.3522,2.0539966,0.698985,1.0,0.0,14.0
exp4_fixed_3,663,739.55646,2.9655821,0.5610187,1.0,0.0,21.0
exp4_fixed_3,664,714.5901,2.2603102,0.6972132,1.0,0.0,32.0
exp4_fixed_3,665,689.2201,1.416952,0.71735525,1.0,0.0,50.0
exp4_fixed_3,666,632.5031,1.5965303,0.642275,1.0,0.0,34.0
exp4_fixed_3,667,600.9431,1.269677,0.67686576,1.0,0.0,56.0
exp4_fixed_3,668,657.0141,2.7400692,0.6540661,1.0,0.0,21.0
exp4_fixed_3,669,712.7339,2.6019459,0.62135315,1.0,0.0,25.0
exp4_fixed_3,670,631.0398,2.6730857,0.46547222,1.0,0.0,18.0
exp4_fixed_3,671,693.8838,2.8048341,0.5188415,1.0,0.0,22.0
exp4_fixed_3,672,721.4436,2.7034595,0.60049605,1.0,0.0,27.0
exp4_fixed_3,673,638.05975,2.4187393,0.62348926,1.0,0.0,18.0
exp4_fixed_3,674,631.7817,2.5603898,0.71899205,1.0,0.0,17.0
exp4_fixed_3,675,697.7653,2.9379125,0.5386839,1.0,0.0,18.0
exp4_fixed_3,676,-37.49507,3.9564128,0.33951908,0.0,1.0,7.0
exp4_fixed_3,677,689.2791,2.2690055,0.58839303,1.0,0.0,28.0
exp4_fixed_3,678,622.3594,2.805471,0.60870224,1.0,0.0,16.0
exp4_fixed_3,679,588.7263,1.5980465,0.6507041,1.0,0.0,28.0
exp4_fixed_3,681,529.32245,2.672745,0.50233895,1.0,0.0,10.0
exp4_fixed_3,682,544.869,2.6891363,0.42840675,1.0,0.0,12.0
exp4_fixed_3,683,690.5409,1.818442,0.77879894,1.0,0.0,39.0
exp4_fixed_3,684,603.1775,1.4825393,0.6819086,1.0,0.0,32.0
exp4_fixed_3,685,608.4954,1.876159,0.82059634,1.0,0.0,28.0
exp4_fixed_3,686,653.9164,2.1107175,0.4686094,1.0,0.0,23.0
exp4_fixed_3,687,624.81366,3.000243,0.63296735,1.0,0.0,15.0
exp4_fixed_3,688,587.4042,1.9878769,0.67242736,1.0,0.0,25.0
exp4_fixed_3,689,696.8111,2.0482852,0.6523354,1.0,0.0,34.0
exp4_fixed_3,690,705.1738,1.6829158,0.7159775,1.0,0.0,43.0
exp4_fixed_3,691,699.5498,2.1020212,0.7430461,1.0,0.0,35.0
exp4_fixed_3,692,709.2236,2.748151,0.67006135,1.0,0.0,21.0
exp4_fixed_3,693,699.3067,2.5182111,0.61311203,1.0,0.0,24.0
exp4_fixed_3,694,691.63885,2.609619,0.68345475,1.0,0.0,22.0
exp4_fixed_3,695,623.59204,2.2471204,0.651884,1.0,0.0,20.0
exp4_fixed_3,696,753.8479,2.5377343,0.579536,1.0,0.0,31.0
exp4_fixed_3,697,758.5419,1.7141107,0.7511672,1.0,0.0,56.0
exp4_fixed_3,698,712.58075,3.9948747,0.2304645,1.0,0.0,12.0
exp4_fixed_3,699,613.36383,1.6218456,0.676629,1.0,0.0,39.0
exp4_fixed_3,701,640.7171,3.1836257,0.5125554,1.0,0.0,15.0
exp4_fixed_3,702,744.5747,2.7290895,0.46757576,1.0,0.0,27.0
exp4_fixed_3,703,647.2953,1.6954724,0.5942202,1.0,0.0,37.0
exp4_fixed_3,704,730.037,2.7083597,0.6284736,1.0,0.0,24.0
exp4_fixed_3,705,641.4325,1.7981702,0.5624612,1.0,0.0,31.0
exp4_fixed_3,706,714.90173,2.9393177,0.5665778,1.0,0.0,21.0
exp4_fixed_3,707,704.45605,1.7287863,0.7530475,1.0,0.0,47.0
exp4_fixed_3,708,701.6604,2.526441,0.68695205,1.0,0.0,26.0
exp4_fixed_3,709,696.26953,2.465425,0.5343447,1.0,0.0,26.0
exp4_fixed_3,710,692.7163,2.366768,0.5437213,1.0,0.0,28.0
exp4_fixed_3,711,738.07983,2.0400338,0.60451156,1.0,0.0,32.0
exp4_fixed_3,712,558.7102,1.2395196,0.6521933,1.0,0.0,36.0
exp4_fixed_3,713,707.3192,2.7209342,0.5858368,1.0,0.0,22.0
exp4_fixed_3,714,696.4121,2.1666782,0.69397193,1.0,0.0,31.0
exp4_fixed_3,715,691.6902,2.4911976,0.6376947,1.0,0.0,22.0
exp4_fixed_3,716,704.5934,2.8252976,0.5169639,1.0,0.0,23.0
exp4_fixed_3,717,734.0973,2.8626657,0.5421409,1.0,0.0,22.0
exp4_fixed_3,718,710.98914,2.1014757,0.6780261,1.0,0.0,36.0
exp4_fixed_3,719,566.4001,1.2732118,0.7766968,1.0,0.0,42.0
exp4_fixed_3,721,627.06885,2.0984943,0.5450578,1.0,0.0,22.0
exp4_fixed_3,722,697.79944,2.3267455,0.6525933,1.0,0.0,26.0
exp4_fixed_3,723,603.3241,3.073776,0.4944812,1.0,0.0,11.0
exp4_fixed_3,724,728.7389,2.5524633,0.5829847,1.0,0.0,26.0
exp4_fixed_3,725,715.6465,2.8781621,0.5443283,1.0,0.0,19.0
exp4_fixed_3,726,682.2456,3.012035,0.563482,1.0,0.0,17.0
exp4_fixed_3,727,603.7234,1.8162102,0.6853475,1.0,0.0,25.0
exp4_fixed_3,728,667.85254,2.4780178,0.5310849,1.0,0.0,21.0
exp4_fixed_3,729,586.8822,2.0263796,0.4932567,1.0,0.0,17.0
exp4_fixed_3,730,714.18567,2.9520137,0.5077614,1.0,0.0,20.0
exp4_fixed_3,731,701.07935,2.2366278,0.6751835,1.0,0.0,29.0
exp4_fixed_3,732,692.7555,1.3275393,0.77405435,1.0,0.0,75.0
exp4_fixed_3,733,526.0211,1.5603157,0.48938948,1.0,0.0,20.0
exp4_fixed_3,734,722.2682,2.6348944,0.6606762,1.0,0.0,25.0
exp4_fixed_3,735,702.0211,2.4246848,0.540247,1.0,0.0,22.0
exp4_fixed_3,736,651.378,2.2037313,0.56759465,1.0,0.0,24.0
exp4_fixed_3,737,538.2371,2.5233977,0.53005064,1.0,0.0,10.0
exp4_fixed_3,738,720.41077,2.58463,0.5199744,1.0,0.0,26.0
exp4_fixed_3,739,599.4264,2.3595765,0.68924147,1.0,0.0,19.0
exp4_fixed_3,741,661.8838,1.7626752,0.6704869,1.0,0.0,34.0
exp4_fixed_3,742,706.9817,3.0060515,0.62980264,1.0,0.0,20.0
exp4_fixed_3,743,663.4251,1.8216865,0.7260978,1.0,0.0,31.0
exp4_fixed_3,744,627.15753,3.1669438,0.6226051,1.0,0.0,15.0
exp4_fixed_3,745,640.8099,2.4096754,0.5660831,1.0,0.0,20.0
exp4_fixed_3,746,696.8933,2.6062534,0.5296375,1.0,0.0,23.0
exp4_fixed_3,747,742.7613,2.5563562,0.45672476,1.0,0.0,26.0
exp4_fixed_3,748,672.5876,1.8874758,0.68663275,1.0,0.0,32.0
exp4_fixed_3,749,777.5856,2.178537,0.6493283,1.0,0.0,35.0
exp4_fixed_3,750,695.55304,3.2006922,0.4684472,1.0,0.0,16.0
exp4_fixed_3,751,679.1098,2.193268,0.6392264,1.0,0.0,31.0
exp4_fixed_3,752,712.9889,1.527158,0.6747023,1.0,0.0,50.0
exp4_fixed_3,753,632.426,1.9755609,0.6241543,1.0,0.0,23.0
exp4_fixed_3,754,655.7067,2.7292309,0.74846685,1.0,0.0,22.0
exp4_fixed_3,755,761.3536,1.8295251,0.60865045,1.0,0.0,43.0
exp4_fixed_3,756,609.2484,2.3539193,0.5816137,1.0,0.0,18.0
exp4_fixed_3,757,665.5935,2.1184618,0.6651938,1.0,0.0,22.0
exp4_fixed_3,758,538.6239,1.8454876,0.5874867,1.0,0.0,16.0
exp4_fixed_3,759,615.4168,2.5865555,0.49376348,1.0,0.0,17.0
exp4_fixed_3,761,730.24963,1.8366269,0.6577932,1.0,0.0,39.0
exp4_fixed_3,762,610.4833,2.1957712,0.53761905,1.0,0.0,22.0
exp4_fixed_3,763,697.5419,2.5118387,0.4954775,1.0,0.0,25.0
exp4_fixed_3,764,719.9098,1.905426,0.69648415,1.0,0.0,40.0
exp4_fixed_3,765,637.1386,2.7375078,0.5059322,1.0,0.0,15.0
exp4_fixed_3,766,699.7163,1.188808,0.7126362,1.0,0.0,65.0
exp4_fixed_3,767,717.97833,2.814682,0.5452217,1.0,0.0,21.0
exp4_fixed_3,768,685.2593,2.5335124,0.56464136,1.0,0.0,21.0
exp4_fixed_3,769,713.69946,1.9670457,0.49334103,1.0,0.0,32.0
exp4_fixed_3,770,592.885,2.4484575,0.5249841,1.0,0.0,18.0
exp4_fixed_3,771,71.7711,2.3380857,0.5608369,0.0,1.0,20.0
exp4_fixed_3,772,696.62256,2.5710795,0.5612351,1.0,0.0,23.0
exp4_fixed_3,773,615.3842,1.9419988,0.7559392,1.0,0.0,27.0
exp4_fixed_3,774,756.1211,1.7074713,0.7061125,1.0,0.0,49.0
exp4_fixed_3,775,24.683792,3.9868824,0.16973878,0.0,1.0,9.0
exp4_fixed_3,776,686.77014,1.9294059,0.6785944,1.0,0.0,34.0
exp4_fixed_3,777,743.5431,2.5521445,0.45740053,1.0,0.0,26.0
exp4_fixed_3,778,678.9538,2.4219944,0.6832195,1.0,0.0,26.0
exp4_fixed_3,779,-121.0321,4.223611,0.15606026,0.0,1.0,2.0
exp4_fixed_3,781,738.7776,2.8276043,0.55899125,1.0,0.0,23.0
exp4_fixed_3,782,764.5702,2.2071793,0.71032107,1.0,0.0,36.0
exp4_fixed_3,783,714.19244,2.8689544,0.51016647,1.0,0.0,21.0
exp4_fixed_3,784,735.75415,1.982903,0.6915447,1.0,0.0,34.0
exp4_fixed_3,785,735.90375,2.14062,0.67361146,1.0,0.0,36.0
exp4_fixed_3,786,609.4264,1.221434,0.7189394,1.0,0.0,42.0
exp4_fixed_3,787,-12.2500305,2.8081942,0.50711054,0.0,1.0,11.0
exp4_fixed_3,788,725.3709,2.5896008,0.59696364,1.0,0.0,27.0
exp4_fixed_3,789,621.97675,2.602103,0.62114006,1.0,0.0,18.0
exp4_fixed_3,790,620.99817,1.1616482,0.7012986,1.0,0.0,59.0
exp4_fixed_3,791,570.2599,1.2747422,0.74288774,1.0,0.0,50.0
exp4_fixed_3,792,643.41003,2.8272822,0.4190457,1.0,0.0,16.0
exp4_fixed_3,793,-24.723663,3.2005649,0.3517191,0.0,1.0,9.0
exp4_fixed_3,794,561.4725,2.0854576,0.65593785,1.0,0.0,14.0
exp4_fixed_3,795,595.63293,1.3189982,0.6877578,1.0,0.0,36.0
exp4_fixed_3,796,619.52686,1.8476989,0.69219846,1.0,0.0,26.0
exp4_fixed_3,797,681.97894,2.201768,0.57297045,1.0,0.0,26.0
exp4_fixed_3,798,592.74695,1.8558285,0.7416254,1.0,0.0,26.0
exp4_fixed_3,799,701.3668,2.7137632,0.5896659,1.0,0.0,22.0
exp4_fixed_3,801,660.97,2.0967023,0.71660936,1.0,0.0,28.0
exp4_fixed_3,802,697.6267,1.8851773,0.5972631,1.0,0.0,33.0
exp4_fixed_3,803,738.37115,2.6759324,0.5467721,1.0,0.0,23.0
exp4_fixed_3,804,639.0496,1.9176283,0.57950747,1.0,0.0,27.0
exp4_fixed_3,805,636.0593,2.9205394,0.52098215,1.0,0.0,14.0
exp4_fixed_3,806,-50.813065,2.8416915,0.6091084,0.0,1.0,9.0
exp4_fixed_3,807,752.0028,2.2015977,0.57741046,1.0,0.0,35.0
exp4_fixed_3,808,701.979,2.632824,0.51616794,1.0,0.0,23.0
exp4_fixed_3,809,588.0563,1.9578587,0.77187693,1.0,0.0,23.0
exp4_fixed_3,810,677.2278,2.9407616,0.4702548,1.0,0.0,19.0
exp4_fixed_3,811,670.57605,2.403238,0.6175077,1.0,0.0,23.0
exp4_fixed_3,812,689.1832,2.1805155,0.57050556,1.0,0.0,28.0
exp4_fixed_3,813,718.69104,2.2170737,0.578096,1.0,0.0,29.0
exp4_fixed_3,814,620.42175,2.6553698,0.48475865,1.0,0.0,16.0
exp4_fixed_3,815,736.2332,2.6797822,0.39407074,1.0,0.0,23.0
exp4_fixed_3,816,609.9263,1.8618497,0.7403455,1.0,0.0,25.0
exp4_fixed_3,817,750.9319,3.0971844,0.501172,1.0,0.0,21.0
exp4_fixed_3,818,659.17505,2.2218947,0.52311176,1.0,0.0,21.0
exp4_fixed_3,819,755.12115,2.675792,0.65621156,1.0,0.0,24.0
exp4_fixed_3,821,628.8239,2.2382731,0.57970506,1.0,0.0,21.0
exp4_fixed_3,822,738.78296,2.8315384,0.6301317,1.0,0.0,23.0
exp4_fixed_3,823,640.5332,2.4583006,0.5975418,1.0,0.0,19.0
exp4_fixed_3,824,628.24945,2.666997,0.4968328,1.0,0.0,18.0
exp4_fixed_3,825,576.4002,2.1762977,0.65118486,1.0,0.0,15.0
exp4_fixed_3,826,624.46014,2.7673655,0.6100162,1.0,0.0,17.0
exp4_fixed_3,827,579.49963,2.1552052,0.29846868,1.0,0.0,15.0
exp4_fixed_3,828,705.1415,2.2098362,0.6643704,1.0,0.0,32.0
exp4_fixed_3,829,663.32465,2.7564738,0.64216816,1.0,0.0,17.0
exp4_fixed_3,830,603.4355,2.4809806,0.56480664,1.0,0.0,15.0
exp4_fixed_3,831,631.06934,1.7113894,0.64302135,1.0,0.0,29.0
exp4_fixed_3,832,640.00305,1.9529678,0.62777364,1.0,0.0,33.0
exp4_fixed_3,833,677.9044,1.7899297,0.7458843,1.0,0.0,43.0
exp4_fixed_3,834,741.20764,3.147192,0.5738606,1.0,0.0,21.0
exp4_fixed_3,835,46.676636,3.2703402,0.48346463,0.0,1.0,12.0
exp4_fixed_3,836,695.34375,3.3720145,0.47162655,1.0,0.0,17.0
exp4_fixed_3,837,535.9187,1.6839409,0.67763823,1.0,0.0,20.0
exp4_fixed_3,838,738.95154,2.2738996,0.5331025,1.0,0.0,28.0
exp4_fixed_3,839,740.5663,2.661012,0.5668156,1.0,0.0,26.0
exp4_fixed_3,841,706.7709,2.0171635,0.5675445,1.0,0.0,37.0
exp4_fixed_3,842,629.6752,2.7393427,0.57054293,1.0,0.0,18.0
exp4_fixed_3,843,654.5219,2.7402234,0.54994285,1.0,0.0,20.0
exp4_fixed_3,844,619.94073,1.9461762,0.7417779,1.0,0.0,23.0
exp4_fixed_3,845,713.88654,2.5190723,0.63108665,1.0,0.0,24.0
exp4_fixed_3,846,669.973,2.1396227,0.5193486,1.0,0.0,26.0
exp4_fixed_3,847,609.0176,1.027304,0.8890021,1.0,0.0,50.0
exp4_fixed_3,848,717.09174,1.6417094,0.5549792,1.0,0.0,41.0
exp4_fixed_3,849,623.1568,3.7541032,0.51797944,1.0,0.0,10.0
exp4_fixed_3,850,710.0104,1.9767284,0.7274485,1.0,0.0,37.0
exp4_fixed_3,851,640.01105,2.0840447,0.6854734,1.0,0.0,26.0
exp4_fixed_3,852,744.9896,1.3150295,0.733135,1.0,0.0,87.0
exp4_fixed_3,853,724.3083,3.3190548,0.36620516,1.0,0.0,17.0
exp4_fixed_3,854,725.94824,2.3120484,0.6066697,1.0,0.0,29.0
exp4_fixed_3,855,758.35803,2.5482547,0.44024187,1.0,0.0,27.0
exp4_fixed_3,856,733.82556,2.597667,0.5811618,1.0,0.0,27.0
exp4_fixed_3,857,767.0255,2.4332979,0.5550511,1.0,0.0,32.0
exp4_fixed_3,858,632.5281,2.3323274,0.52102757,1.0,0.0,19.0
exp4_fixed_3,859,656.2569,2.2848372,0.4900643,1.0,0.0,20.0
exp4_fixed_3,861,690.5867,2.0558715,0.70565724,1.0,0.0,33.0
exp4_fixed_3,862,671.84094,1.8482513,0.5226706,1.0,0.0,32.0
exp4_fixed_3,863,588.5161,2.3672504,0.6081023,1.0,0.0,17.0
exp4_fixed_3,864,711.14246,1.6117392,0.71414423,1.0,0.0,46.0
exp4_fixed_3,865,759.5571,2.4832344,0.5979915,1.0,0.0,28.0
exp4_fixed_3,866,674.4496,2.044725,0.5301719,1.0,0.0,29.0
exp4_fixed_3,867,737.0908,2.4785712,0.47938102,1.0,0.0,31.0
exp4_fixed_3,868,652.2091,1.425978,0.74277884,1.0,0.0,51.0
exp4_fixed_3,869,680.31665,3.1034424,0.45166337,1.0,0.0,18.0
exp4_fixed_3,870,658.0032,2.3814597,0.6798662,1.0,0.0,26.0
exp4_fixed_3,871,722.0857,2.991701,0.555113,1.0,0.0,21.0
exp4_fixed_3,872,31.955933,3.0194345,0.5280972,0.0,1.0,15.0
exp4_fixed_3,873,610.4502,2.3438737,0.61495906,1.0,0.0,18.0
exp4_fixed_3,874,630.52466,1.957441,0.56318665,1.0,0.0,27.0
exp4_fixed_3,875,665.56226,1.9269284,0.65521544,1.0,0.0,31.0
exp4_fixed_3,876,-42.74124,3.4489923,0.35850176,0.0,1.0,7.0
exp4_fixed_3,877,636.49066,2.435694,0.6346713,1.0,0.0,23.0
exp4_fixed_3,878,627.7864,2.598134,0.50141305,1.0,0.0,18.0
exp4_fixed_3,879,688.33386,2.3981402,0.5763708,1.0,0.0,26.0
exp4_fixed_3,881,661.3347,1.0931298,0.64677984,1.0,0.0,76.0
exp4_fixed_3,882,630.51514,2.1708257,0.5814531,1.0,0.0,26.0
exp4_fixed_3,883,705.36475,2.370676,0.62981874,1.0,0.0,29.0
exp4_fixed_3,884,-152.99852,1.2939675,0.2544268,0.0,1.0,2.0
exp4_fixed_3,885,609.09204,2.7870865,0.52619016,1.0,0.0,14.0
exp4_fixed_3,886,586.31476,2.5540617,0.6062992,1.0,0.0,14.0
exp4_fixed_3,887,705.20825,2.9353662,0.47296703,1.0,0.0,18.0
exp4_fixed_3,888,614.7648,2.8458295,0.48676103,1.0,0.0,16.0
exp4_fixed_3,889,669.6851,2.0618892,0.62203974,1.0,0.0,31.0
exp4_fixed_3,890,-96.172165,1.6171359,0.45346457,0.0,1.0,8.0
exp4_fixed_3,891,557.3845,2.2415056,0.6338593,1.0,0.0,13.0
exp4_fixed_3,892,731.69354,3.2974641,0.44000086,1.0,0.0,17.0
exp4_fixed_3,893,627.826,1.7228978,0.52105355,1.0,0.0,32.0
exp4_fixed_3,894,683.811,2.3202202,0.61303943,1.0,0.0,28.0
exp4_fixed_3,895,691.3022,2.861996,0.4220316,1.0,0.0,19.0
exp4_fixed_3,896,716.58936,1.9997762,0.70787835,1.0,0.0,37.0
exp4_fixed_3,897,640.67816,1.6967232,0.41276687,1.0,0.0,29.0
exp4_fixed_3,898,693.9812,2.9926238,0.56061035,1.0,0.0,20.0
exp4_fixed_3,899,76.70883,2.3917396,0.49580392,0.0,1.0,20.0
exp4_fixed_3,901,664.85834,1.7703228,0.5138401,1.0,0.0,28.0
exp4_fixed_3,902,727.31506,2.8930998,0.663245,1.0,0.0,22.0
exp4_fixed_3,903,692.8118,2.3474228,0.624653,1.0,0.0,25.0
exp4_fixed_3,904,595.8042,2.2518914,0.69418937,1.0,0.0,21.0
exp4_fixed_3,905,624.37146,2.9523802,0.42394003,1.0,0.0,15.0
exp4_fixed_3,906,41.90155,1.5432767,0.6710069,0.0,1.0,55.0
exp4_fixed_3,907,744.8684,2.470485,0.44302437,1.0,0.0,28.0
exp4_fixed_3,908,638.08563,3.0373476,0.40074578,1.0,0.0,15.0
exp4_fixed_3,909,713.60254,3.0668843,0.53990614,1.0,0.0,19.0
exp4_fixed_3,910,635.6548,2.1961327,0.5515247,1.0,0.0,22.0
exp4_fixed_3,911,582.18036,1.6308758,0.6782029,1.0,0.0,31.0
exp4_fixed_3,912,720.47925,2.4477105,0.5507501,1.0,0.0,26.0
exp4_fixed_3,913,673.9363,1.9861451,0.6063037,1.0,0.0,31.0
exp4_fixed_3,914,525.4379,2.0521722,0.6737683,1.0,0.0,13.0
exp4_fixed_3,915,652.0427,2.6616788,0.48003036,1.0,0.0,19.0
exp4_fixed_3,916,639.0325,1.4678965,0.7050116,1.0,0.0,42.0
exp4_fixed_3,917,621.1681,1.9604768,0.6306332,1.0,0.0,23.0
exp4_fixed_3,918,592.9891,2.6187077,0.6268861,1.0,0.0,17.0
exp4_fixed_3,919,-113.994415,2.2158947,0.5209216,0.0,1.0,7.0
exp4_fixed_3,921,656.046,2.1119964,0.5893084,1.0,0.0,23.0
exp4_fixed_3,922,661.1361,3.1549764,0.4500355,1.0,0.0,17.0
exp4_fixed_3,923,749.7403,2.9334607,0.54526836,1.0,0.0,23.0
exp4_fixed_3,924,610.9167,3.1883128,0.4323767,1.0,0.0,14.0
exp4_fixed_3,925,-133.08807,1.7578243,0.64398545,0.0,1.0,6.0
exp4_fixed_3,926,534.4777,2.0994399,0.75097644,1.0,0.0,13.0
exp4_fixed_3,927,566.9053,1.7938821,0.5839198,1.0,0.0,18.0
exp4_fixed_3,928,611.9627,2.3541377,0.6488324,1.0,0.0,20.0
exp4_fixed_3,929,727.9564,2.3963487,0.5631111,1.0,0.0,31.0
exp4_fixed_3,930,614.4048,2.6669157,0.57272106,1.0,0.0,16.0
exp4_fixed_3,931,641.38354,1.8180943,0.7184445,1.0,0.0,28.0
exp4_fixed_3,932,548.755,2.2290792,0.6898206,1.0,0.0,19.0
exp4_fixed_3,933,636.5664,3.261139,0.37572002,1.0,0.0,13.0
exp4_fixed_3,934,715.43823,1.9834248,0.67403674,1.0,0.0,35.0
exp4_fixed_3,935,698.8154,2.6807425,0.60710484,1.0,0.0,21.0
exp4_fixed_3,936,698.3696,2.6206787,0.6130277,1.0,0.0,25.0
exp4_fixed_3,937,711.78613,2.3247936,0.608326,1.0,0.0,28.0
exp4_fixed_3,938,696.1489,2.6895528,0.55575585,1.0,0.0,22.0
exp4_fixed_3,939,645.60266,1.9640219,0.6100582,1.0,0.0,23.0
exp4_fixed_3,941,638.7339,1.7671336,0.6983875,1.0,0.0,41.0
exp4_fixed_3,942,606.6299,2.1844556,0.6741916,1.0,0.0,20.0
exp4_fixed_3,943,593.68024,1.9089407,0.6223293,1.0,0.0,27.0
exp4_fixed_3,944,702.8584,2.911178,0.53159124,1.0,0.0,21.0
exp4_fixed_3,945,677.4796,2.814872,0.43343788,1.0,0.0,18.0
exp4_fixed_3,946,685.61084,1.7449217,0.5761053,1.0,0.0,37.0
exp4_fixed_3,947,712.32886,2.8977933,0.59647626,1.0,0.0,21.0
exp4_fixed_3,948,706.5323,1.9824514,0.64408964,1.0,0.0,40.0
exp4_fixed_3,949,637.81946,2.775503,0.43250215,1.0,0.0,15.0
exp4_fixed_3,950,622.5391,2.5368824,0.44816756,1.0,0.0,17.0
exp4_fixed_3,951,630.2326,2.4018817,0.5554571,1.0,0.0,20.0
exp4_fixed_3,952,646.81555,1.608168,0.6093512,1.0,0.0,32.0
exp4_fixed_3,953,727.19055,2.1134348,0.49214828,1.0,0.0,31.0
exp4_fixed_3,954,679.58215,2.2956302,0.62127644,1.0,0.0,30.0
exp4_fixed_3,955,672.39984,2.1103601,0.60972744,1.0,0.0,26.0
exp4_fixed_3,956,628.05347,1.9392753,0.61436087,1.0,0.0,25.0
exp4_fixed_3,957,742.13696,2.7267568,0.4573842,1.0,0.0,25.0
exp4_fixed_3,958,645.0032,2.32416,0.55983365,1.0,0.0,20.0
exp4_fixed_3,959,622.6876,2.6483927,0.50231504,1.0,0.0,16.0
exp4_fixed_3,961,618.2992,2.255528,0.5647064,1.0,0.0,20.0
exp4_fixed_3,962,596.6948,1.3097886,0.7158999,1.0,0.0,44.0
exp4_fixed_3,963,680.09106,2.964706,0.3689993,1.0,0.0,16.0
exp4_fixed_3,964,677.2429,2.215539,0.5306636,1.0,0.0,27.0
exp4_fixed_3,965,633.7613,3.191947,0.49092394,1.0,0.0,13.0
exp4_fixed_3,966,593.4397,2.8127825,0.5290401,1.0,0.0,14.0
exp4_fixed_3,967,722.804,2.8494058,0.47756928,1.0,0.0,20.0
exp4_fixed_3,968,593.76324,2.0041459,0.5041086,1.0,0.0,18.0
exp4_fixed_3,969,633.1907,1.244716,0.80493945,1.0,0.0,43.0
exp4_fixed_3,970,712.7583,2.5990355,0.3991773,1.0,0.0,23.0
exp4_fixed_3,971,666.7057,2.6396801,0.5813467,1.0,0.0,23.0
exp4_fixed_3,972,514.68854,1.5682157,0.6792068,1.0,0.0,18.0
exp4_fixed_3,973,685.25354,2.8112247,0.52457315,1.0,0.0,20.0
exp4_fixed_3,974,611.196,1.2413813,0.70805496,1.0,0.0,39.0
exp4_fixed_3,975,636.5141,2.2396998,0.5566749,1.0,0.0,21.0
exp4_fixed_3,976,641.43756,2.63371,0.6040985,1.0,0.0,17.0
exp4_fixed_3,977,647.9047,3.1399941,0.50372064,1.0,0.0,14.0
exp4_fixed_3,978,624.7002,2.772328,0.48158798,1.0,0.0,15.0
exp4_fixed_3,979,623.49927,3.283432,0.5159738,1.0,0.0,13.0
exp4_fixed_3,981,682.61847,2.7244267,0.562864,1.0,0.0,19.0
exp4_fixed_3,982,677.7388,2.3735101,0.63651717,1.0,0.0,26.0
exp4_fixed_3,983,666.7263,2.6542635,0.5260473,1.0,0.0,18.0
exp4_fixed_3,984,563.1053,2.9363708,0.41009152,1.0,0.0,9.0
exp4_fixed_3,985,687.74854,2.5808623,0.36335048,1.0,0.0,24.0
exp4_fixed_3,986,711.103,2.7960005,0.51708865,1.0,0.0,22.0
exp4_fixed_3,987,623.4552,2.5228379,0.64992195,1.0,0.0,21.0
exp4_fixed_3,988,713.0793,2.3679676,0.6472073,1.0,0.0,33.0
exp4_fixed_3,989,634.071,2.8160334,0.56357396,1.0,0.0,15.0
exp4_fixed_3,990,719.38525,2.6244583,0.6315718,1.0,0.0,23.0
exp4_fixed_3,991,-88.8827,2.5396602,0.5381984,0.0,1.0,6.0
exp4_fixed_3,992,588.43207,1.4446142,0.51612437,1.0,0.0,32.0
exp4_fixed_3,993,609.4491,2.8365748,0.5991236,1.0,0.0,13.0
exp4_fixed_3,994,784.62103,2.8619819,0.5042069,1.0,0.0,25.0
exp4_fixed_3,995,640.2694,2.5187566,0.53874034,1.0,0.0,22.0
exp4_fixed_3,996,620.07605,2.4426563,0.47054586,1.0,0.0,20.0
exp4_fixed_3,997,627.9391,1.9451118,0.47575906,1.0,0.0,25.0
exp4_fixed_3,998,771.5454,2.906242,0.46202505,1.0,0.0,21.0
exp4_fixed_3,999,659.9258,2.2872014,0.5975824,1.0,0.0,28.0
exp4_fixed_3,1001,-71.05386,1.5482973,0.7025243,0.0,1.0,41.0
exp4_fixed_3,1002,598.98584,1.9104255,0.59979254,1.0,0.0,24.0
exp4_fixed_3,1003,607.72424,2.4600496,0.6235018,1.0,0.0,16.0
exp4_fixed_3,1004,697.0211,2.6894782,0.5564555,1.0,0.0,21.0
exp4_fixed_3,1005,725.64624,2.1104343,0.62849134,1.0,0.0,34.0
exp4_fixed_3,1006,534.6292,2.1813014,0.5711482,1.0,0.0,11.0
exp4_fixed_3,1007,729.37085,3.0553517,0.5296324,1.0,0.0,21.0
exp4_fixed_3,1008,-42.20781,1.9036286,0.6433072,0.0,1.0,35.0
exp4_fixed_3,1009,644.95105,2.4703784,0.4468835,1.0,0.0,22.0
exp4_fixed_3,1010,678.32275,2.719289,0.6324407,1.0,0.0,23.0
exp4_fixed_3,1011,668.104,2.9314349,0.47230706,1.0,0.0,18.0
exp4_fixed_3,1012,604.7884,2.6403298,0.5809741,1.0,0.0,17.0
exp4_fixed_3,1013,690.90454,2.691442,0.5516029,1.0,0.0,23.0
exp4_fixed_3,1014,660.3875,3.022195,0.5578241,1.0,0.0,19.0
exp4_fixed_3,1015,630.69556,1.4450941,0.6666371,1.0,0.0,45.0
exp4_fixed_3,1016,655.1214,2.6248448,0.6765782,1.0,0.0,21.0
exp4_fixed_3,1017,-65.439804,3.029089,0.48959342,0.0,1.0,7.0
exp4_fixed_3,1018,606.27875,2.646763,0.61934817,1.0,0.0,18.0
exp4_fixed_3,1019,561.7809,1.926734,0.6724562,1.0,0.0,17.0
exp4_fixed_3,1021,566.26843,3.252508,0.6120091,1.0,0.0,11.0
exp4_fixed_3,1022,721.2108,1.2707807,0.69929856,1.0,0.0,90.0
exp4_fixed_3,1023,703.0048,2.6721256,0.45424816,1.0,0.0,21.0
exp4_fixed_3,1024,618.19995,2.0709803,0.53478754,1.0,0.0,22.0
exp4_fixed_3,1025,-114.185585,2.3655362,0.2735774,0.0,1.0,4.0
exp4_fixed_3,1026,624.4801,2.268949,0.56500864,1.0,0.0,23.0
exp4_fixed_3,1027,672.33746,3.5722466,0.36488998,1.0,0.0,12.0
exp4_fixed_3,1028,657.83923,1.0548601,0.7132698,1.0,0.0,64.0
exp4_fixed_3,1029,111.59143,2.189831,0.40354326,0.0,1.0,28.0
exp4_fixed_3,1030,712.73083,1.8822438,0.55623555,1.0,0.0,42.0
exp4_fixed_3,1031,656.67346,2.2401643,0.57634073,1.0,0.0,25.0
exp4_fixed_3,1032,676.86475,2.3997881,0.5352487,1.0,0.0,22.0
exp4_fixed_3,1033,668.9524,3.065123,0.55704224,1.0,0.0,15.0
exp4_fixed_3,1034,681.46704,2.3650572,0.56226677,1.0,0.0,26.0
exp4_fixed_3,1035,634.78796,1.3063012,0.653497,1.0,0.0,50.0
exp4_fixed_3,1036,641.8206,2.029308,0.60403126,1.0,0.0,33.0
exp4_fixed_3,1037,588.9444,1.980442,0.5966541,1.0,0.0,25.0
exp4_fixed_3,1038,737.4848,3.1020184,0.4490172,1.0,0.0,18.0
exp4_fixed_3,1039,38.129303,3.625945,0.38589612,0.0,1.0,12.0
exp4_fixed_3,1041,680.7887,2.6449873,0.54887646,1.0,0.0,22.0
exp4_fixed_3,1042,730.8406,2.5413067,0.58066416,1.0,0.0,27.0
exp4_fixed_3,1043,661.22534,2.2853398,0.5219673,1.0,0.0,26.0
exp4_fixed_3,1044,701.5797,2.7116613,0.5524887,1.0,0.0,25.0
exp4_fixed_3,1045,639.06067,2.2419353,0.61579925,1.0,0.0,24.0
exp4_fixed_3,1046,643.5959,2.6438053,0.58225703,1.0,0.0,21.0
exp4_fixed_3,1047,581.1762,2.1341307,0.60381585,1.0,0.0,23.0
exp4_fixed_3,1048,55.056458,3.6799123,0.3991512,0.0,1.0,11.0
exp4_fixed_3,1049,705.0299,2.7054198,0.4651895,1.0,0.0,21.0
exp4_fixed_3,1050,718.8042,1.758647,0.66349655,1.0,0.0,46.0
exp4_fixed_3,1051,629.71906,2.135604,0.6610503,1.0,0.0,24.0
exp4_fixed_3,1052,750.6115,2.805823,0.6078253,1.0,0.0,24.0
exp4_fixed_3,1053,639.891,1.314161,0.7503573,1.0,0.0,47.0
exp4_fixed_3,1054,588.1992,2.8267667,0.4785864,1.0,0.0,13.0
exp4_fixed_3,1055,598.7733,2.2907524,0.47957128,1.0,0.0,17.0
exp4_fixed_3,1056,716.78,2.8207748,0.504174,1.0,0.0,22.0
exp4_fixed_3,1057,655.0646,2.526194,0.6467113,1.0,0.0,23.0
exp4_fixed_3,1058,716.3393,2.14207,0.5195899,1.0,0.0,38.0
exp4_fixed_3,1059,677.93665,2.5701745,0.53636044,1.0,0.0,23.0
exp4_fixed_3,1061,734.9934,2.621925,0.5059376,1.0,0.0,24.0
exp4_fixed_3,1062,38.652298,3.4873602,0.4934917,0.0,1.0,13.0
exp4_fixed_3,1063,616.6226,1.3765182,0.58631974,1.0,0.0,39.0
exp4_fixed_3,1064,650.0907,1.6206347,0.63035107,1.0,0.0,33.0
exp4_fixed_3,1065,717.6875,1.712341,0.68148017,1.0,0.0,47.0
exp4_fixed_3,1066,602.3798,2.2290087,0.5184392,1.0,0.0,21.0
exp4_fixed_3,1067,575.5895,1.282192,0.53102535,1.0,0.0,47.0
exp4_fixed_3,1068,622.9682,2.1195865,0.6055251,1.0,0.0,22.0
exp4_fixed_3,1069,687.6128,3.0527298,0.44828308,1.0,0.0,18.0
exp4_fixed_3,1070,681.04736,2.6922014,0.51180285,1.0,0.0,24.0
exp4_fixed_3,1071,582.29443,2.6989653,0.46679014,1.0,0.0,14.0
exp4_fixed_3,1072,601.03687,0.837197,0.80323887,1.0,0.0,70.0
exp4_fixed_3,1073,703.4006,2.7540495,0.5765233,1.0,0.0,19.0
exp4_fixed_3,1074,648.0717,2.42229,0.55105287,1.0,0.0,18.0
exp4_fixed_3,1075,-47.45793,3.2746801,0.41356456,0.0,1.0,8.0
exp4_fixed_3,1076,609.8214,2.1153789,0.5037917,1.0,0.0,21.0
exp4_fixed_3,1077,640.73627,1.74719,0.7066054,1.0,0.0,31.0
exp4_fixed_3,1078,759.75226,2.3362837,0.49933526,1.0,0.0,33.0
exp4_fixed_3,1079,691.4812,2.818446,0.5295125,1.0,0.0,21.0
exp4_fixed_3,1081,691.2001,1.203495,0.5580204,1.0,0.0,93.0
exp4_fixed_3,1082,589.95575,2.3375814,0.4383919,1.0,0.0,16.0
exp4_fixed_3,1083,634.8318,2.619312,0.4712212,1.0,0.0,17.0
exp4_fixed_3,1084,700.673,2.56643,0.5278059,1.0,0.0,23.0
exp4_fixed_3,1085,740.89124,2.8168614,0.4894172,1.0,0.0,26.0
exp4_fixed_3,1086,-7.545807,3.966951,0.27163157,0.0,1.0,11.0
exp4_fixed_3,1087,759.42896,3.636795,0.4255088,1.0,0.0,16.0
exp4_fixed_3,1088,634.6421,2.8715618,0.4703837,1.0,0.0,16.0
exp4_fixed_3,1089,726.06934,2.0712314,0.7070736,1.0,0.0,37.0
exp4_fixed_3,1090,700.10645,3.1358852,0.5317514,1.0,0.0,20.0
exp4_fixed_3,1091,52.25624,3.7871382,0.36996165,0.0,1.0,11.0
exp4_fixed_3,1092,678.7195,2.7727046,0.43075892,1.0,0.0,22.0
exp4_fixed_3,1093,707.4978,2.8801992,0.5532614,1.0,0.0,22.0
exp4_fixed_3,1094,701.3384,2.4476147,0.6214738,1.0,0.0,28.0
exp4_fixed_3,1095,584.4553,1.4611583,0.70395434,1.0,0.0,33.0
exp4_fixed_3,1096,774.3374,2.816235,0.65681595,1.0,0.0,27.0
exp4_fixed_3,1097,660.706,2.4754891,0.5634479,1.0,0.0,20.0
exp4_fixed_3,1098,700.86206,3.4870374,0.44357133,1.0,0.0,16.0
exp4_fixed_3,1099,518.5528,2.141035,0.72658783,1.0,0.0,12.0
exp4_fixed_3,1101,716.02295,3.0982435,0.61162484,1.0,0.0,20.0
exp4_fixed_3,1102,528.1313,2.5894482,0.5876457,1.0,0.0,10.0
exp4_fixed_3,1103,717.9585,2.1577618,0.6337633,1.0,0.0,35.0
exp4_fixed_3,1104,725.25397,1.7230396,0.6926018,1.0,0.0,41.0
exp4_fixed_3,1105,714.8513,2.0827773,0.6091306,1.0,0.0,31.0
exp4_fixed_3,1106,612.14185,2.2869937,0.65050286,1.0,0.0,20.0
exp4_fixed_3,1107,575.6075,1.6078377,0.6362812,1.0,0.0,27.0
exp4_fixed_3,1108,726.2584,2.8404472,0.5654754,1.0,0.0,23.0
exp4_fixed_3,1109,598.73865,1.8107382,0.61985844,1.0,0.0,28.0
exp4_fixed_3,1110,601.65466,2.0123403,0.58633095,1.0,0.0,24.0
exp4_fixed_3,1111,692.7794,2.6612182,0.6539354,1.0,0.0,23.0
exp4_fixed_3,1112,673.6319,2.733743,0.58496773,1.0,0.0,20.0
exp4_fixed_3,1113,644.5774,2.1972437,0.67228484,1.0,0.0,24.0
exp4_fixed_3,1114,657.7223,1.7603674,0.6280101,1.0,0.0,39.0
exp4_fixed_3,1115,755.0042,2.4668863,0.61249274,1.0,0.0,33.0
exp4_fixed_3,1116,726.171,2.1116996,0.57054883,1.0,0.0,38.0
exp4_fixed_3,1117,720.9704,2.4646907,0.5568507,1.0,0.0,25.0
exp4_fixed_3,1118,624.11584,2.6721826,0.5844713,1.0,0.0,20.0
exp4_fixed_3,1119,626.8781,1.9088378,0.60731936,1.0,0.0,29.0
exp4_fixed_3,1121,516.1585,2.4419882,0.607485,1.0,0.0,11.0
exp4_fixed_3,1122,702.54517,2.5646544,0.5744968,1.0,0.0,30.0
exp4_fixed_3,1123,689.8126,2.674143,0.27010265,1.0,0.0,21.0
exp4_fixed_3,1124,657.7716,3.2745955,0.4446285,1.0,0.0,14.0
exp4_fixed_3,1125,595.36835,2.58108,0.52385026,1.0,0.0,16.0
exp4_fixed_3,1126,704.8808,2.2667005,0.6497453,1.0,0.0,31.0
exp4_fixed_3,1127,709.26697,2.57159,0.53374654,1.0,0.0,28.0
exp4_fixed_3,1128,634.12115,2.5175588,0.5533081,1.0,0.0,22.0
exp4_fixed_3,1129,684.00635,2.8513346,0.59577465,1.0,0.0,20.0
exp4_fixed_3,1130,601.2819,2.1346407,0.73151857,1.0,0.0,25.0
exp4_fixed_3,1131,703.50684,2.9611194,0.49150816,1.0,0.0,20.0
exp4_fixed_3,1132,724.1034,2.654042,0.5840026,1.0,0.0,27.0
exp4_fixed_3,1133,690.6395,2.950201,0.6554189,1.0,0.0,18.0
exp4_fixed_3,1134,706.26086,2.3577442,0.59461,1.0,0.0,32.0
exp4_fixed_3,1135,749.6736,1.8985701,0.5774949,1.0,0.0,40.0
exp4_fixed_3,1136,659.2658,3.1517751,0.46508592,1.0,0.0,14.0
exp4_fixed_3,1137,525.7029,2.2750258,0.66620255,1.0,0.0,12.0
exp4_fixed_3,1138,574.6319,3.376939,0.2847013,1.0,0.0,8.0
exp4_fixed_3,1139,767.52954,1.5482541,0.66126347,1.0,0.0,60.0
exp4_fixed_3,1141,613.36414,1.9735206,0.59382737,1.0,0.0,25.0
exp4_fixed_3,1142,580.5143,1.8304455,0.56832457,1.0,0.0,25.0
exp4_fixed_3,1143,627.94226,2.992926,0.55165124,1.0,0.0,15.0
exp4_fixed_3,1144,689.0425,3.1569436,0.4171598,1.0,0.0,18.0
exp4_fixed_3,1145,668.6223,1.4833535,0.6616,1.0,0.0,58.0
exp4_fixed_3,1146,82.736374,2.082183,0.5806301,0.0,1.0,28.0
exp4_fixed_3,1147,574.68787,2.3930132,0.47916555,1.0,0.0,15.0
exp4_fixed_3,1148,611.99677,1.2981029,0.62136364,1.0,0.0,37.0
exp4_fixed_3,1149,734.38635,2.6276069,0.5779889,1.0,0.0,29.0
exp4_fixed_3,1150,687.0051,2.2918336,0.47912,1.0,0.0,27.0
exp4_fixed_3,1151,611.33777,2.3641713,0.5578083,1.0,0.0,18.0
exp4_fixed_3,1152,670.3356,2.5078979,0.560042,1.0,0.0,20.0
exp4_fixed_3,1153,671.2446,2.15209,0.5293227,1.0,0.0,25.0
exp4_fixed_3,1154,737.35364,3.1044707,0.49581563,1.0,0.0,21.0
exp4_fixed_3,1155,620.66406,1.8851024,0.6759254,1.0,0.0,34.0
exp4_fixed_3,1156,576.3232,2.2454476,0.6596556,1.0,0.0,20.0
exp4_fixed_3,1157,708.3402,2.3303723,0.58470243,1.0,0.0,27.0
exp4_fixed_3,1158,547.26984,1.2437658,0.7486413,1.0,0.0,29.0
exp4_fixed_3,1159,616.6824,2.4507031,0.50144076,1.0,0.0,18.0
exp4_fixed_3,1161,-44.030334,3.688603,0.272908,0.0,1.0,7.0
exp4_fixed_3,1162,706.56805,2.6339626,0.5682613,1.0,0.0,23.0
exp4_fixed_3,1163,-38.54486,1.8966037,0.66394013,0.0,1.0,32.0
exp4_fixed_3,1164,704.9677,1.2915785,0.76728344,1.0,0.0,69.0
exp4_fixed_3,1165,752.205,2.4114177,0.6342652,1.0,0.0,29.0
exp4_fixed_3,1166,589.2925,3.2702806,0.44070145,1.0,0.0,11.0
exp4_fixed_3,1167,668.0083,2.2176225,0.72361726,1.0,0.0,24.0
exp4_fixed_3,1168,658.26874,2.2990377,0.5529238,1.0,0.0,26.0
exp4_fixed_3,1169,610.9256,2.75753,0.5959154,1.0,0.0,17.0
exp4_fixed_3,1170,683.65784,2.8426497,0.41643,1.0,0.0,20.0
exp4_fixed_3,1171,717.12244,1.9366199,0.67035735,1.0,0.0,34.0
exp4_fixed_3,1172,640.0996,2.3009505,0.53590214,1.0,0.0,20.0
exp4_fixed_3,1173,643.11993,2.3685272,0.43764928,1.0,0.0,22.0
exp4_fixed_3,1174,628.10876,2.4458113,0.5561732,1.0,0.0,17.0
exp4_fixed_3,1175,655.40247,2.9043243,0.54639643,1.0,0.0,15.0
exp4_fixed_3,1176,601.31604,2.2142403,0.55117315,1.0,0.0,19.0
exp4_fixed_3,1177,53.57318,3.1786907,0.52904516,0.0,1.0,13.0
exp4_fixed_3,1178,766.3539,2.4366379,0.65593374,1.0,0.0,34.0
exp4_fixed_3,1179,654.8184,1.8966174,0.5736255,1.0,0.0,33.0
exp4_fixed_3,1181,681.4133,2.5085711,0.55382335,1.0,0.0,23.0
exp4_fixed_3,1182,719.0836,2.7274432,0.620575,1.0,0.0,23.0
exp4_fixed_3,1183,639.3123,1.5277276,0.76515687,1.0,0.0,47.0
exp4_fixed_3,1184,721.48584,2.3516088,0.5728896,1.0,0.0,27.0
exp4_fixed_3,1185,758.40015,2.4220333,0.64654416,1.0,0.0,31.0
exp4_fixed_3,1186,659.02344,2.783744,0.38177624,1.0,0.0,19.0
exp4_fixed_3,1187,636.39655,2.332365,0.7060992,1.0,0.0,23.0
exp4_fixed_3,1188,740.36316,2.5285618,0.5992477,1.0,0.0,29.0
exp4_fixed_3,1189,697.9846,2.4500203,0.63357043,1.0,0.0,29.0
exp4_fixed_3,1190,623.2404,2.4130106,0.63528335,1.0,0.0,20.0
exp4_fixed_3,1191,641.51184,2.2017977,0.6693402,1.0,0.0,25.0
exp4_fixed_3,1192,647.0987,1.9405636,0.6350714,1.0,0.0,33.0
exp4_fixed_3,1193,739.6128,1.9820565,0.6095135,1.0,0.0,36.0
exp4_fixed_3,1194,704.7157,3.2188945,0.53766954,1.0,0.0,19.0
exp4_fixed_3,1195,-118.30368,3.2608168,0.43007183,0.0,1.0,3.0
exp4_fixed_3,1196,712.4854,2.174527,0.49405977,1.0,0.0,29.0
exp4_fixed_3,1197,607.786,2.574236,0.49931437,1.0,0.0,19.0
exp4_fixed_3,1198,-148.13582,1.3521838,0.6021301,0.0,1.0,3.0
exp4_fixed_3,1199,675.61694,2.5261467,0.60633475,1.0,0.0,23.0
exp4_fixed_3,1201,624.0549,1.7978772,0.72141236,1.0,0.0,26.0
exp4_fixed_3,1202,734.51465,2.7038784,0.45298046,1.0,0.0,27.0
exp4_fixed_3,1203,619.41205,2.4329112,0.64375764,1.0,0.0,19.0
exp4_fixed_3,1204,536.3656,2.9170313,0.55776966,1.0,0.0,9.0
exp4_fixed_3,1205,681.76086,1.6382188,0.70969385,1.0,0.0,41.0
exp4_fixed_3,1206,676.17114,2.3198314,0.5960617,1.0,0.0,31.0
exp4_fixed_3,1207,689.98706,1.5563815,0.6953998,1.0,0.0,52.0
exp4_fixed_3,1208,600.96155,2.645852,0.58454317,1.0,0.0,15.0
exp4_fixed_3,1209,706.33386,2.8875732,0.525458,1.0,0.0,22.0
exp4_fixed_3,1210,726.971,2.8135595,0.48414716,1.0,0.0,22.0
exp4_fixed_3,1211,593.19995,1.0975695,0.6594611,1.0,0.0,51.0
exp4_fixed_3,1212,680.9359,1.939537,0.5298234,1.0,0.0,32.0
exp4_fixed_3,1213,765.84656,2.172605,0.62484765,1.0,0.0,39.0
exp4_fixed_3,1214,609.691,2.5407422,0.5664355,1.0,0.0,18.0
exp4_fixed_3,1215,780.52966,2.8570218,0.378887,1.0,0.0,26.0
exp4_fixed_3,1216,703.8108,2.523372,0.6298546,1.0,0.0,24.0
exp4_fixed_3,1217,635.00055,2.8450744,0.47709247,1.0,0.0,17.0
exp4_fixed_3,1218,695.5715,2.8026826,0.52218443,1.0,0.0,22.0
exp4_fixed_3,1219,730.77905,2.6266875,0.5925239,1.0,0.0,23.0
exp4_fixed_3,1221,699.12366,3.8736818,0.39663792,1.0,0.0,15.0
exp4_fixed_3,1222,67.405975,4.0022106,0.27483293,0.0,1.0,10.0
exp4_fixed_3,1223,638.11426,2.875856,0.53466845,1.0,0.0,17.0
exp4_fixed_3,1224,528.51855,1.9721063,0.78020823,1.0,0.0,15.0
exp4_fixed_3,1225,568.9224,1.4898447,0.6252209,1.0,0.0,37.0
exp4_fixed_3,1226,717.60834,2.6232016,0.5343464,1.0,0.0,25.0
exp4_fixed_3,1227,668.43604,3.219725,0.48737514,1.0,0.0,17.0
exp4_fixed_3,1228,618.3541,2.2505603,0.6169988,1.0,0.0,21.0
exp4_fixed_3,1229,718.56915,2.4773796,0.64127845,1.0,0.0,25.0
exp4_fixed_3,1230,734.26337,3.0373178,0.5342068,1.0,0.0,22.0
exp4_fixed_3,1231,623.48724,2.361401,0.71717393,1.0,0.0,18.0
exp4_fixed_3,1232,675.1758,3.0452964,0.5846966,1.0,0.0,19.0
exp4_fixed_3,1233,708.595,2.8432465,0.6370262,1.0,0.0,25.0
exp4_fixed_3,1234,708.9945,3.0467274,0.52595896,1.0,0.0,19.0
exp4_fixed_3,1235,726.4174,2.6979148,0.5736918,1.0,0.0,24.0
exp4_fixed_3,1236,579.33624,1.5087907,0.63493073,1.0,0.0,30.0
exp4_fixed_3,1237,642.5329,2.1173341,0.6486645,1.0,0.0,22.0
exp4_fixed_3,1238,594.91205,1.8588008,0.45250723,1.0,0.0,24.0
exp4_fixed_3,1239,627.27203,2.0199125,0.70319617,1.0,0.0,26.0
exp4_fixed_3,1241,639.3186,2.8996265,0.5655929,1.0,0.0,18.0
exp4_fixed_3,1242,658.0726,2.890197,0.6661039,1.0,0.0,19.0
exp4_fixed_3,1243,643.742,2.680976,0.487038,1.0,0.0,21.0
exp4_fixed_3,1244,573.871,2.3060226,0.75457513,1.0,0.0,16.0
exp4_fixed_3,1245,676.16235,2.926271,0.62905806,1.0,0.0,20.0
exp4_fixed_3,1246,781.9111,2.2785752,0.529812,1.0,0.0,33.0
exp4_fixed_3,1247,636.73663,2.5197387,0.55117506,1.0,0.0,21.0
exp4_fixed_3,1248,546.4249,2.3831465,0.5038404,1.0,0.0,13.0
exp4_fixed_3,1249,633.67676,2.3058767,0.531794,1.0,0.0,22.0
exp4_fixed_3,1250,706.99994,2.390922,0.632801,1.0,0.0,30.0
exp4_fixed_3,1251,703.5625,2.577801,0.61626154,1.0,0.0,26.0
exp4_fixed_3,1252,710.59424,3.021775,0.5421208,1.0,0.0,20.0
exp4_fixed_3,1253,660.419,2.3372602,0.59449285,1.0,0.0,26.0
exp4_fixed_3,1254,595.08606,2.1480966,0.7242323,1.0,0.0,21.0
exp4_fixed_3,1255,-234.31474,1.2859138,0.6229273,0.0,1.0,9.0
exp4_fixed_3,1256,564.66815,2.6125576,0.52421707,1.0,0.0,13.0
exp4_fixed_3,1257,606.84265,1.4094692,0.64486086,1.0,0.0,34.0
exp4_fixed_3,1258,631.61896,2.6032078,0.56789964,1.0,0.0,20.0
exp4_fixed_3,1259,643.7372,2.2067525,0.4977718,1.0,0.0,23.0
exp4_fixed_3,1261,712.3208,2.748304,0.5895494,1.0,0.0,23.0
exp4_fixed_3,1262,617.12427,3.1335657,0.48859897,1.0,0.0,14.0
exp4_fixed_3,1263,683.8489,2.5249953,0.5668132,1.0,0.0,24.0
exp4_fixed_3,1264,-193.95525,2.0580738,0.65084845,0.0,1.0,3.0
exp4_fixed_3,1265,671.1468,2.8931336,0.5625618,1.0,0.0,17.0
exp4_fixed_3,1266,629.23505,2.5644438,0.5524559,1.0,0.0,17.0
exp4_fixed_3,1267,644.38513,2.4589791,0.5983638,1.0,0.0,19.0
exp4_fixed_3,1268,45.20697,2.7929356,0.34820873,0.0,1.0,15.0
exp4_fixed_3,1269,617.3698,2.103955,0.58506304,1.0,0.0,24.0
exp4_fixed_3,1270,620.50305,2.152162,0.6838645,1.0,0.0,21.0
exp4_fixed_3,1271,617.5292,2.2388113,0.6278403,1.0,0.0,26.0
exp4_fixed_3,1272,642.9146,2.1423004,0.5890031,1.0,0.0,23.0
exp4_fixed_3,1273,-87.55684,2.6804266,0.4365785,0.0,1.0,8.0
exp4_fixed_3,1274,550.45074,2.2075515,0.5515598,1.0,0.0,16.0
exp4_fixed_3,1275,733.9094,3.0977204,0.49565527,1.0,0.0,22.0
exp4_fixed_3,1276,626.1593,2.7381282,0.57780534,1.0,0.0,16.0
exp4_fixed_3,1277,668.9337,1.8002369,0.7272242,1.0,0.0,38.0
exp4_fixed_3,1278,-122.50842,2.6328785,0.2999171,0.0,1.0,3.0
exp4_fixed_3,1279,594.256,2.8430736,0.52480495,1.0,0.0,14.0
exp4_fixed_3,1281,737.05475,3.092626,0.46180305,1.0,0.0,19.0
exp4_fixed_3,1282,689.95,2.7616346,0.5322835,1.0,0.0,21.0
exp4_fixed_3,1283,599.97156,2.3434384,0.5253878,1.0,0.0,19.0
exp4_fixed_3,1284,695.4032,2.516088,0.5127261,1.0,0.0,25.0
exp4_fixed_3,1285,646.96,1.8636234,0.6015111,1.0,0.0,28.0
exp4_fixed_3,1286,-21.103035,3.41322,0.70103943,0.0,1.0,9.0
exp4_fixed_3,1287,674.4043,2.37458,0.46838924,1.0,0.0,25.0
exp4_fixed_3,1288,16.71991,2.6521485,0.5952847,0.0,1.0,16.0
exp4_fixed_3,1289,679.5898,3.2298138,0.32731372,1.0,0.0,16.0
exp4_fixed_3,1290,672.8662,2.8663907,0.55160296,1.0,0.0,21.0
exp4_fixed_3,1291,698.60767,3.4450119,0.44337678,1.0,0.0,17.0
exp4_fixed_3,1292,683.1553,2.5746992,0.60105574,1.0,0.0,23.0
exp4_fixed_3,1293,621.39343,3.6821785,0.363567,1.0,0.0,11.0
exp4_fixed_3,1294,563.58417,1.7619519,0.75429565,1.0,0.0,27.0
exp4_fixed_3,1295,539.9543,3.4270084,0.55681974,1.0,0.0,8.0
exp4_fixed_3,1296,661.3489,1.8656476,0.78817445,1.0,0.0,31.0
exp4_fixed_3,1297,665.01074,2.2176988,0.63121307,1.0,0.0,27.0
exp4_fixed_3,1298,666.34656,2.6474307,0.49461764,1.0,0.0,20.0
exp4_fixed_3,1299,641.148,2.5294898,0.5756575,1.0,0.0,19.0
exp4_fixed_3,1301,607.9747,2.0142794,0.6202644,1.0,0.0,23.0
exp4_fixed_3,1302,-90.5939,2.7948532,0.5088474,0.0,1.0,12.0
exp4_fixed_3,1303,753.54407,3.0223322,0.48486406,1.0,0.0,22.0
exp4_fixed_3,1304,664.2161,3.0665512,0.49959585,1.0,0.0,18.0
exp4_fixed_3,1305,723.24365,1.8831949,0.7101286,1.0,0.0,42.0
exp4_fixed_3,1306,680.25,2.587765,0.64020514,1.0,0.0,22.0
exp4_fixed_3,1307,632.53906,2.2794185,0.59120417,1.0,0.0,21.0
exp4_fixed_3,1308,700.62885,2.2053854,0.61389655,1.0,0.0,30.0
exp4_fixed_3,1309,753.50006,3.0305634,0.39536914,1.0,0.0,23.0
exp4_fixed_3,1310,673.0065,2.8187637,0.5107713,1.0,0.0,21.0
exp4_fixed_3,1311,693.66595,2.4108157,0.60971564,1.0,0.0,26.0
exp4_fixed_3,1312,656.6697,2.8452494,0.43680248,1.0,0.0,19.0
exp4_fixed_3,1313,662.1904,2.4677129,0.59494764,1.0,0.0,23.0
exp4_fixed_3,1314,630.32996,2.7252903,0.5063307,1.0,0.0,17.0
exp4_fixed_3,1315,620.53345,3.7045217,0.4202381,1.0,0.0,10.0
exp4_fixed_3,1316,548.91125,1.03903,0.7080023,1.0,0.0,38.0
exp4_fixed_3,1317,729.2988,2.734561,0.6162376,1.0,0.0,27.0
exp4_fixed_3,1318,684.8147,2.5527523,0.56649363,1.0,0.0,26.0
exp4_fixed_3,1319,668.5407,2.4893763,0.57442206,1.0,0.0,23.0
exp4_fixed_3,1321,605.2597,2.1223533,0.6741425,1.0,0.0,25.0
exp4_fixed_3,1322,711.2919,2.5562449,0.5963411,1.0,0.0,24.0
exp4_fixed_3,1323,618.7378,1.9833943,0.5904495,1.0,0.0,25.0
exp4_fixed_3,1324,689.2356,2.5266666,0.53701425,1.0,0.0,27.0
exp4_fixed_3,1325,103.95686,3.8946893,0.4556178,0.0,1.0,12.0
exp4_fixed_3,1326,701.0298,2.750186,0.5598193,1.0,0.0,23.0
exp4_fixed_3,1327,739.1614,1.9780823,0.6034286,1.0,0.0,44.0
exp4_fixed_3,1328,733.2593,2.1112134,0.64600056,1.0,0.0,36.0
exp4_fixed_3,1329,680.87286,2.5031264,0.62735415,1.0,0.0,27.0
exp4_fixed_3,1330,713.8281,2.6472242,0.5558288,1.0,0.0,25.0
exp4_fixed_3,1331,674.1837,2.4530177,0.56799614,1.0,0.0,25.0
exp4_fixed_3,1332,547.5404,3.8720114,0.2938244,1.0,0.0,6.0
exp4_fixed_3,1333,714.7272,3.7890084,0.4196905,1.0,0.0,15.0
exp4_fixed_3,1334,695.5128,2.7382376,0.3829171,1.0,0.0,22.0
exp4_fixed_3,1335,583.2781,0.97202945,0.7748456,1.0,0.0,58.0
exp4_fixed_3,1336,649.8112,1.6153518,0.65161,1.0,0.0,35.0
exp4_fixed_3,1337,768.8727,2.861182,0.36940372,1.0,0.0,27.0
exp4_fixed_3,1338,739.48425,1.758759,0.70714563,1.0,0.0,47.0
exp4_fixed_3,1339,669.3815,3.0155494,0.36041126,1.0,0.0,18.0
exp4_fixed_3,1341,652.1779,2.3274052,0.6265472,1.0,0.0,25.0
exp4_fixed_3,1342,615.1557,3.3443623,0.4807336,1.0,0.0,12.0
exp4_fixed_3,1343,600.615,3.2649415,0.49152324,1.0,0.0,11.0
exp4_fixed_3,1344,591.5755,2.1771798,0.5180485,1.0,0.0,19.0
exp4_fixed_3,1345,560.5056,2.8386698,0.45270294,1.0,0.0,10.0
exp4_fixed_3,1346,671.46497,2.1331816,0.7018935,1.0,0.0,27.0
exp4_fixed_3,1347,619.3392,2.3472152,0.57519203,1.0,0.0,20.0
exp4_fixed_3,1348,649.43945,2.2892537,0.56485486,1.0,0.0,20.0
exp4_fixed_3,1349,664.0237,1.9705698,0.7338032,1.0,0.0,34.0
exp4_fixed_3,1350,655.80884,2.0505471,0.6466163,1.0,0.0,28.0
exp4_fixed_3,1351,587.14075,1.5762118,0.5985037,1.0,0.0,33.0
exp4_fixed_3,1352,671.34143,2.5891411,0.54696244,1.0,0.0,23.0
exp4_fixed_3,1353,533.26385,1.8847446,0.42129532,1.0,0.0,14.0
exp4_fixed_3,1354,614.45245,2.7265391,0.37951767,1.0,0.0,16.0
exp4_fixed_3,1355,600.69055,2.3934233,0.6480582,1.0,0.0,18.0
exp4_fixed_3,1356,587.07385,3.1747086,0.49990362,1.0,0.0,10.0
exp4_fixed_3,1357,-70.84602,2.5900838,0.4929535,0.0,1.0,15.0
exp4_fixed_3,1358,725.90405,2.3715389,0.63446695,1.0,0.0,28.0
exp4_fixed_3,1359,660.96606,1.9865395,0.5135201,1.0,0.0,29.0
exp4_fixed_3,1361,678.26404,2.6891077,0.54768485,1.0,0.0,21.0
exp4_fixed_3,1362,732.2714,2.9434612,0.45866224,1.0,0.0,23.0
exp4_fixed_3,1363,691.6504,2.906538,0.56890076,1.0,0.0,21.0
exp4_fixed_3,1364,653.71155,2.479109,0.71164274,1.0,0.0,23.0
exp4_fixed_3,1365,564.29584,1.6684495,0.71931076,1.0,0.0,30.0
exp4_fixed_3,1366,715.5521,2.910217,0.6040366,1.0,0.0,23.0
exp4_fixed_3,1367,647.9151,2.7688913,0.5259985,1.0,0.0,18.0
exp4_fixed_3,1368,731.268,2.4865968,0.5624131,1.0,0.0,32.0
exp4_fixed_3,1369,628.8225,2.5155973,0.5904858,1.0,0.0,18.0
exp4_fixed_3,1370,584.7084,3.7895184,0.32370514,1.0,0.0,10.0
exp4_fixed_3,1371,726.05255,3.2177505,0.5758553,1.0,0.0,20.0
exp4_fixed_3,1372,595.8075,3.0709283,0.51370025,1.0,0.0,12.0
exp4_fixed_3,1373,559.75867,2.8863757,0.6292002,1.0,0.0,11.0
exp4_fixed_3,1374,719.3716,2.6026237,0.58695966,1.0,0.0,28.0
exp4_fixed_3,1375,637.4005,0.98263776,0.7026821,1.0,0.0,58.0
exp4_fixed_3,1376,662.5355,2.0855782,0.7710822,1.0,0.0,27.0
exp4_fixed_3,1377,706.2904,1.760579,0.6335045,1.0,0.0,54.0
exp4_fixed_3,1378,684.1358,2.950442,0.46901435,1.0,0.0,17.0
exp4_fixed_3,1379,607.62604,1.4914231,0.70430833,1.0,0.0,31.0
exp4_fixed_3,1381,-43.517212,4.062465,0.4437634,0.0,1.0,6.0
exp4_fixed_3,1382,730.86896,2.768732,0.5162281,1.0,0.0,23.0
exp4_fixed_3,1383,636.044,3.3170936,0.40849903,1.0,0.0,14.0
exp4_fixed_3,1384,704.7241,2.6895154,0.5357176,1.0,0.0,23.0
exp4_fixed_3,1385,664.5353,1.6420685,0.671419,1.0,0.0,39.0
exp4_fixed_3,1386,675.22516,1.8686366,0.6859058,1.0,0.0,35.0
exp4_fixed_3,1387,733.88226,2.8329997,0.5386639,1.0,0.0,26.0
exp4_fixed_3,1388,629.65607,3.0238883,0.57873046,1.0,0.0,15.0
exp4_fixed_3,1389,740.0402,2.798596,0.4646729,1.0,0.0,28.0
exp4_fixed_3,1390,721.9208,3.313516,0.46337876,1.0,0.0,18.0
exp4_fixed_3,1391,668.3052,2.5447903,0.43820417,1.0,0.0,25.0
exp4_fixed_3,1392,697.0815,2.800258,0.47774303,1.0,0.0,23.0
exp4_fixed_3,1393,556.7829,1.344526,0.73292094,1.0,0.0,27.0
exp4_fixed_3,1394,689.5739,1.3522111,0.69647783,1.0,0.0,61.0
exp4_fixed_3,1395,639.56396,2.1774328,0.6298491,1.0,0.0,28.0
exp4_fixed_3,1396,725.92236,3.582066,0.40266037,1.0,0.0,16.0
exp4_fixed_3,1397,643.2578,1.9599977,0.64702916,1.0,0.0,27.0
exp4_fixed_3,1398,690.4949,2.4352837,0.5543881,1.0,0.0,24.0
exp4_fixed_3,1399,670.9772,2.9907708,0.4693792,1.0,0.0,19.0
exp4_fixed_3,1401,771.96704,2.609702,0.50373846,1.0,0.0,30.0
exp4_fixed_3,1402,694.46387,2.4778585,0.6120521,1.0,0.0,22.0
exp4_fixed_3,1403,723.1669,2.689327,0.47231713,1.0,0.0,27.0
exp4_fixed_3,1404,706.20795,3.225128,0.49007982,1.0,0.0,17.0
exp4_fixed_3,1405,600.73834,1.1213919,0.7948449,1.0,0.0,47.0
exp4_fixed_3,1406,712.95996,1.6807897,0.77937496,1.0,0.0,53.0
exp4_fixed_3,1407,690.77844,3.1505568,0.50571656,1.0,0.0,18.0
exp4_fixed_3,1408,704.953,1.8579587,0.6719297,1.0,0.0,30.0
exp4_fixed_3,1409,713.4962,2.3539422,0.5891273,1.0,0.0,24.0
exp4_fixed_3,1410,693.64624,2.305666,0.54759336,1.0,0.0,25.0
exp4_fixed_3,1411,54.447433,3.2037861,0.523426,0.0,1.0,12.0
exp4_fixed_3,1412,655.51355,2.8029482,0.5606659,1.0,0.0,18.0
exp4_fixed_3,1413,661.32825,2.2550268,0.51959795,1.0,0.0,23.0
exp4_fixed_3,1414,598.2121,2.927488,0.49036944,1.0,0.0,13.0
exp4_fixed_3,1415,664.6003,2.6255445,0.6515762,1.0,0.0,23.0
exp4_fixed_3,1416,688.83655,2.6670022,0.5368874,1.0,0.0,26.0
exp4_fixed_3,1417,573.9871,1.2280141,0.7362089,1.0,0.0,51.0
exp4_fixed_3,1418,721.6648,2.1708302,0.6933556,1.0,0.0,30.0
exp4_fixed_3,1419,580.81824,2.3372512,0.6151502,1.0,0.0,18.0
exp4_fixed_3,1421,611.2476,2.5258436,0.5926151,1.0,0.0,18.0
exp4_fixed_3,1422,582.17175,2.3405309,0.6642348,1.0,0.0,18.0
exp4_fixed_3,1423,772.0646,1.9855683,0.58416873,1.0,0.0,37.0
exp4_fixed_3,1424,638.9922,1.592502,0.6326857,1.0,0.0,42.0
exp4_fixed_3,1425,710.14636,2.9336054,0.6159132,1.0,0.0,23.0
exp4_fixed_3,1426,583.75916,2.0917785,0.6823998,1.0,0.0,19.0
exp4_fixed_3,1427,72.45125,3.1200178,0.5951521,0.0,1.0,15.0
exp4_fixed_3,1428,613.74304,2.4377542,0.62973356,1.0,0.0,17.0
exp4_fixed_3,1429,578.4441,3.2686584,0.36375368,1.0,0.0,9.0
exp4_fixed_3,1430,776.1244,2.4850237,0.47673747,1.0,0.0,33.0
exp4_fixed_3,1431,676.3399,2.1761029,0.64568,1.0,0.0,30.0
exp4_fixed_3,1432,670.6476,3.4561293,0.6108772,1.0,0.0,15.0
exp4_fixed_3,1433,673.5843,2.238815,0.56644857,1.0,0.0,26.0
exp4_fixed_3,1434,736.8556,3.1996708,0.53058773,1.0,0.0,19.0
exp4_fixed_3,1435,754.77124,2.0532415,0.6265966,1.0,0.0,37.0
exp4_fixed_3,1436,704.667,2.527667,0.5663209,1.0,0.0,24.0
exp4_fixed_3,1437,683.6856,2.713864,0.62310374,1.0,0.0,23.0
exp4_fixed_3,1438,738.08496,2.6262648,0.66761315,1.0,0.0,27.0
exp4_fixed_3,1439,671.2901,2.781745,0.6003974,1.0,0.0,20.0
exp4_fixed_3,1441,635.73486,2.9002817,0.69654965,1.0,0.0,16.0
exp4_fixed_3,1442,564.3938,2.6672456,0.3871551,1.0,0.0,13.0
exp4_fixed_3,1443,593.4221,1.8218228,0.7399184,1.0,0.0,29.0
exp4_fixed_3,1444,711.47235,2.8215468,0.5897762,1.0,0.0,24.0
exp4_fixed_3,1445,613.82556,2.219576,0.5814639,1.0,0.0,19.0
exp4_fixed_3,1446,686.7342,2.8874705,0.6396279,1.0,0.0,22.0
exp4_fixed_3,1447,757.6763,2.1247928,0.6126355,1.0,0.0,37.0
exp4_fixed_3,1448,757.4525,2.545429,0.58221984,1.0,0.0,29.0
exp4_fixed_3,1449,551.3797,3.1373014,0.5194995,1.0,0.0,9.0
exp4_fixed_3,1450,683.3069,1.9833623,0.6194927,1.0,0.0,29.0
exp4_fixed_3,1451,713.2742,1.7389838,0.71417654,1.0,0.0,42.0
exp4_fixed_3,1452,568.49976,2.269776,0.5864513,1.0,0.0,17.0
exp4_fixed_3,1453,740.08057,2.798602,0.62304693,1.0,0.0,24.0
exp4_fixed_3,1454,653.94604,2.3265846,0.6790537,1.0,0.0,26.0
exp4_fixed_3,1455,523.2109,1.9702543,0.54441285,1.0,0.0,14.0
exp4_fixed_3,1456,635.04236,2.2822924,0.6818112,1.0,0.0,25.0
exp4_fixed_3,1457,616.8053,1.0074942,0.7959755,1.0,0.0,60.0
exp4_fixed_3,1458,629.6954,2.5276432,0.5502228,1.0,0.0,17.0
exp4_fixed_3,1459,712.6201,3.0399656,0.5297592,1.0,0.0,19.0
exp4_fixed_3,1461,714.76855,3.1052122,0.59583455,1.0,0.0,18.0
exp4_fixed_3,1462,643.9974,2.209045,0.63886607,1.0,0.0,23.0
exp4_fixed_3,1463,656.8901,2.5642066,0.5587052,1.0,0.0,21.0
exp4_fixed_3,1464,644.90454,2.3145044,0.6109931,1.0,0.0,23.0
exp4_fixed_3,1465,734.9292,2.8030665,0.54012215,1.0,0.0,22.0
exp4_fixed_3,1466,605.4568,2.4848874,0.64180166,1.0,0.0,18.0
exp4_fixed_3,1467,550.524,2.2518709,0.6584664,1.0,0.0,13.0
exp4_fixed_3,1468,640.05286,1.7220397,0.6430139,1.0,0.0,26.0
exp4_fixed_3,1469,644.4237,1.9806622,0.6023285,1.0,0.0,24.0
exp4_fixed_3,1470,732.57697,3.4688187,0.54840064,1.0,0.0,17.0
exp4_fixed_3,1471,655.8855,3.1267369,0.35593334,1.0,0.0,14.0
exp4_fixed_3,1472,520.6185,2.0340436,0.6283849,1.0,0.0,12.0
exp4_fixed_3,1473,728.1711,3.2882528,0.44791386,1.0,0.0,18.0
exp4_fixed_3,1474,713.5879,2.09188,0.67644376,1.0,0.0,34.0
exp4_fixed_3,1475,746.2982,2.7109869,0.5239938,1.0,0.0,23.0
exp4_fixed_3,1476,741.5877,2.766378,0.49098524,1.0,0.0,26.0
exp4_fixed_3,1477,662.93286,2.933531,0.35053778,1.0,0.0,17.0
exp4_fixed_3,1478,731.3875,3.549594,0.48732466,1.0,0.0,16.0
exp4_fixed_3,1479,732.4714,3.276257,0.5090231,1.0,0.0,18.0
exp4_fixed_3,1481,717.68665,2.4696522,0.6762062,1.0,0.0,28.0
exp4_fixed_3,1482,618.3611,1.744205,0.602629,1.0,0.0,27.0
exp4_fixed_3,1483,619.7136,1.1706364,0.7433575,1.0,0.0,55.0
exp4_fixed_3,1484,718.71326,1.4030043,0.70762,1.0,0.0,47.0
exp4_fixed_3,1485,755.5132,2.5529327,0.57531947,1.0,0.0,33.0
exp4_fixed_3,1486,656.9436,2.5880313,0.73279876,1.0,0.0,23.0
exp4_fixed_3,1487,653.53357,2.5140386,0.61057043,1.0,0.0,23.0
exp4_fixed_3,1488,705.0537,2.5081985,0.61483794,1.0,0.0,27.0
exp4_fixed_3,1489,624.2954,2.6535861,0.59249634,1.0,0.0,19.0
exp4_fixed_3,1490,698.80676,2.5664694,0.5876054,1.0,0.0,23.0
exp4_fixed_3,1491,605.3681,2.1529357,0.61888975,1.0,0.0,23.0
exp4_fixed_3,1492,600.6284,1.7544174,0.65383065,1.0,0.0,28.0
exp4_fixed_3,1493,640.26154,2.810952,0.4109211,1.0,0.0,17.0
exp4_fixed_3,1494,665.1033,2.3968058,0.7063765,1.0,0.0,25.0
exp4_fixed_3,1495,557.5921,2.6436014,0.28502515,1.0,0.0,11.0
exp4_fixed_3,1496,730.4755,2.455075,0.41143444,1.0,0.0,29.0
exp4_fixed_3,1497,628.6886,2.6267965,0.52224964,1.0,0.0,16.0
exp4_fixed_3,1498,592.8196,2.544075,0.68741345,1.0,0.0,18.0
exp4_fixed_3,1499,563.52026,1.6519026,0.7307243,1.0,0.0,23.0
exp4_fixed_3,1501,648.21356,3.0715673,0.43543103,1.0,0.0,14.0
exp4_fixed_3,1502,744.595,2.2732594,0.6864329,1.0,0.0,31.0
exp4_fixed_3,1503,639.21014,3.7560277,0.40785307,1.0,0.0,10.0
exp4_fixed_3,1504,658.97253,2.430558,0.6139927,1.0,0.0,23.0
exp4_fixed_3,1505,679.24286,1.6679308,0.6994732,1.0,0.0,38.0
exp4_fixed_3,1506,631.51953,2.213266,0.61947185,1.0,0.0,25.0
exp4_fixed_3,1507,634.0764,2.9077418,0.49773887,1.0,0.0,13.0
exp4_fixed_3,1508,717.5242,1.554184,0.676082,1.0,0.0,60.0
exp4_fixed_3,1509,719.9752,2.8539894,0.621781,1.0,0.0,23.0
exp4_fixed_3,1510,679.411,2.3599758,0.52600354,1.0,0.0,24.0
exp4_fixed_3,1511,621.81915,3.5681212,0.51344436,1.0,0.0,11.0
exp4_fixed_3,1512,805.2949,2.6864686,0.5003787,1.0,0.0,32.0
exp4_fixed_3,1513,674.51624,2.166449,0.5889541,1.0,0.0,29.0
exp4_fixed_3,1514,576.47266,3.2235613,0.47147223,1.0,0.0,11.0
exp4_fixed_3,1515,641.6609,2.829835,0.5425158,1.0,0.0,15.0
exp4_fixed_3,1516,593.96204,2.059913,0.58249056,1.0,0.0,20.0
exp4_fixed_3,1517,632.1568,2.3426409,0.55375135,1.0,0.0,21.0
exp4_fixed_3,1518,544.1132,2.6387644,0.55629975,1.0,0.0,11.0
exp4_fixed_3,1519,629.3268,2.2686574,0.56419307,1.0,0.0,20.0
exp4_fixed_3,1521,667.7687,1.8741901,0.6766199,1.0,0.0,40.0
exp4_fixed_3,1522,715.1394,3.0039668,0.4847799,1.0,0.0,20.0
exp4_fixed_3,1523,697.9744,2.3467765,0.5852619,1.0,0.0,26.0
exp4_fixed_3,1524,661.7532,2.9102304,0.63970006,1.0,0.0,19.0
exp4_fixed_3,1525,698.53564,2.090296,0.6538562,1.0,0.0,26.0
exp4_fixed_3,1526,632.4546,1.594081,0.8299623,1.0,0.0,34.0
exp4_fixed_3,1527,637.49976,2.5805879,0.49605677,1.0,0.0,18.0
exp4_fixed_3,1528,612.906,1.7627501,0.7290706,1.0,0.0,27.0
exp4_fixed_3,1529,679.7688,2.4269776,0.5218904,1.0,0.0,25.0
exp4_fixed_3,1530,635.4638,2.707279,0.5990667,1.0,0.0,17.0
exp4_fixed_3,1531,718.3948,3.43489,0.45700163,1.0,0.0,17.0
exp4_fixed_3,1532,613.4032,2.900002,0.5475739,1.0,0.0,14.0
exp4_fixed_3,1533,686.9478,2.1006784,0.6347039,1.0,0.0,34.0
exp4_fixed_3,1534,616.9466,2.631329,0.5865566,1.0,0.0,15.0
exp4_fixed_3,1535,697.9033,2.2058096,0.4704831,1.0,0.0,29.0
exp4_fixed_3,1536,576.7501,2.5866494,0.44513232,1.0,0.0,13.0
exp4_fixed_3,1537,625.19855,2.2652109,0.5998287,1.0,0.0,22.0
exp4_fixed_3,1538,674.3607,2.2347305,0.7103021,1.0,0.0,29.0
exp4_fixed_3,1539,618.0458,2.8914185,0.3931031,1.0,0.0,14.0
exp4_fixed_3,1541,554.6313,2.1779733,0.5828321,1.0,0.0,15.0
exp4_fixed_3,1542,673.9684,2.9577346,0.549927,1.0,0.0,17.0
exp4_fixed_3,1543,650.7762,1.4298046,0.58676,1.0,0.0,43.0
exp4_fixed_3,1544,700.13806,2.9486485,0.5045412,1.0,0.0,20.0
exp4_fixed_3,1545,622.3638,1.7881509,0.47922343,1.0,0.0,23.0
exp4_fixed_3,1546,740.8906,2.96679,0.48201886,1.0,0.0,24.0
exp4_fixed_3,1547,656.0728,1.5715668,0.68008894,1.0,0.0,32.0
exp4_fixed_3,1548,702.5736,3.2331524,0.51619095,1.0,0.0,17.0
exp4_fixed_3,1549,756.25037,3.0561445,0.52763426,1.0,0.0,22.0
exp4_fixed_3,1550,699.4487,2.9161909,0.5983315,1.0,0.0,22.0
exp4_fixed_3,1551,699.67737,3.5367947,0.5278304,1.0,0.0,17.0
exp4_fixed_3,1552,619.7675,2.3762522,0.29594094,1.0,0.0,18.0
exp4_fixed_3,1553,670.38855,1.948927,0.56661797,1.0,0.0,28.0
exp4_fixed_3,1554,581.2764,2.2986584,0.61075366,1.0,0.0,17.0
exp4_fixed_3,1555,631.5754,2.2622375,0.5982471,1.0,0.0,24.0
exp4_fixed_3,1556,684.6526,2.8735003,0.60822946,1.0,0.0,19.0
exp4_fixed_3,1557,752.5771,2.603503,0.58111346,1.0,0.0,28.0
exp4_fixed_3,1558,637.4579,2.3255239,0.57336706,1.0,0.0,21.0
exp4_fixed_3,1559,623.79517,2.3810754,0.6181643,1.0,0.0,21.0
exp4_fixed_3,1561,563.1309,1.972436,0.6374144,1.0,0.0,17.0
exp4_fixed_3,1562,602.26355,2.570119,0.64124286,1.0,0.0,15.0
exp4_fixed_3,1563,45.475372,2.8754096,0.5136937,0.0,1.0,15.0
exp4_fixed_3,1564,722.6226,2.3182342,0.49986246,1.0,0.0,29.0
exp4_fixed_3,1565,716.00775,2.4522858,0.5997393,1.0,0.0,25.0
exp4_fixed_3,1566,767.6603,2.9304852,0.48955485,1.0,0.0,27.0
exp4_fixed_3,1567,618.51587,2.0540621,0.6333707,1.0,0.0,24.0
exp4_fixed_3,1568,670.3246,2.0347357,0.7203026,1.0,0.0,26.0
exp4_fixed_3,1569,563.1328,1.9219536,0.4896607,1.0,0.0,17.0
exp4_fixed_3,1570,677.2052,2.8260865,0.5096589,1.0,0.0,17.0
exp4_fixed_3,1571,745.6758,2.244086,0.6084344,1.0,0.0,35.0
exp4_fixed_3,1572,750.17395,2.4418736,0.6996037,1.0,0.0,34.0
exp4_fixed_3,1573,645.8688,2.3709512,0.73419935,1.0,0.0,19.0
exp4_fixed_3,1574,653.14734,2.1619925,0.61974293,1.0,0.0,22.0
exp4_fixed_3,1575,700.6827,2.1247108,0.5850612,1.0,0.0,29.0
exp4_fixed_3,1576,688.89734,2.3383143,0.56421316,1.0,0.0,25.0
exp4_fixed_3,1577,728.5517,2.680296,0.607541,1.0,0.0,24.0
exp4_fixed_3,1578,623.1991,3.6555912,0.34712297,1.0,0.0,10.0
exp4_fixed_3,1579,542.4933,1.7211792,0.7434061,1.0,0.0,22.0
exp4_fixed_3,1581,708.7909,2.9586005,0.6663091,1.0,0.0,20.0
exp4_fixed_3,1582,622.30896,2.366611,0.6342334,1.0,0.0,22.0
exp4_fixed_3,1583,727.0805,3.2554767,0.5246692,1.0,0.0,19.0
exp4_fixed_3,1584,728.9498,2.5248768,0.55767024,1.0,0.0,26.0
exp4_fixed_3,1585,632.07635,2.2465281,0.6994944,1.0,0.0,22.0
exp4_fixed_3,1586,741.998,3.6204684,0.45138416,1.0,0.0,16.0
exp4_fixed_3,1587,524.9053,3.1568172,0.44852248,1.0,0.0,7.0
exp4_fixed_3,1588,694.71985,3.6067526,0.44511458,1.0,0.0,15.0
exp4_fixed_3,1589,630.18176,2.0099018,0.5745753,1.0,0.0,24.0
exp4_fixed_3,1590,661.49475,1.9098634,0.6716009,1.0,0.0,29.0
exp4_fixed_3,1591,676.16833,3.0537412,0.55714834,1.0,0.0,16.0
exp4_fixed_3,1592,662.3193,2.4639018,0.5615644,1.0,0.0,24.0
exp4_fixed_3,1593,717.2804,2.7714922,0.56268555,1.0,0.0,22.0
exp4_fixed_3,1594,710.4181,2.153102,0.59913975,1.0,0.0,30.0
exp4_fixed_3,1595,635.74664,2.212321,0.55447173,1.0,0.0,22.0
exp4_fixed_3,1596,677.6008,2.941146,0.4981786,1.0,0.0,17.0
exp4_fixed_3,1597,632.65576,2.864473,0.5413718,1.0,0.0,18.0
exp4_fixed_3,1598,615.9719,1.3455807,0.7529713,1.0,0.0,51.0
exp4_fixed_3,1599,720.1564,2.5915756,0.5754753,1.0,0.0,27.0
exp4_fixed_3,1601,737.5364,2.6240985,0.5457674,1.0,0.0,26.0
exp4_fixed_3,1602,610.61304,1.8068769,0.54314107,1.0,0.0,21.0
exp4_fixed_3,1603,578.954,1.2001414,0.7628075,1.0,0.0,40.0
exp4_fixed_3,1604,622.40173,1.9043732,0.66677386,1.0,0.0,31.0
exp4_fixed_3,1605,686.36536,3.2750578,0.5342683,1.0,0.0,17.0
exp4_fixed_3,1606,735.62756,3.172174,0.54662144,1.0,0.0,20.0
exp4_fixed_3,1607,688.4823,2.374821,0.56724256,1.0,0.0,27.0
exp4_fixed_3,1608,706.501,2.5171568,0.64004284,1.0,0.0,24.0
exp4_fixed_3,1609,696.8967,3.2999756,0.6001337,1.0,0.0,17.0
exp4_fixed_3,1610,752.0432,2.8682969,0.58977264,1.0,0.0,23.0
exp4_fixed_3,1611,648.5282,2.4610198,0.6684527,1.0,0.0,23.0
exp4_fixed_3,1612,684.4044,2.4391274,0.5601114,1.0,0.0,25.0
exp4_fixed_3,1613,718.48413,3.1542327,0.5351595,1.0,0.0,19.0
exp4_fixed_3,1614,631.376,3.542782,0.45717555,1.0,0.0,11.0
exp4_fixed_3,1615,611.841,2.1987643,0.57935065,1.0,0.0,20.0
exp4_fixed_3,1616,716.71277,2.0757163,0.6703056,1.0,0.0,37.0
exp4_fixed_3,1617,556.9103,3.6312325,0.5650168,1.0,0.0,7.0
exp4_fixed_3,1618,722.0751,2.6143408,0.64017045,1.0,0.0,26.0
exp4_fixed_3,1619,640.43726,2.580652,0.4414124,1.0,0.0,16.0
exp4_fixed_3,1621,723.45715,3.1320398,0.5197941,1.0,0.0,19.0
exp4_fixed_3,1622,679.4304,2.4523869,0.66304207,1.0,0.0,25.0
exp4_fixed_3,1623,678.4192,2.5455866,0.5939689,1.0,0.0,22.0
exp4_fixed_3,1624,654.31134,2.0803595,0.5086057,1.0,0.0,26.0
exp4_fixed_3,1625,642.8651,2.361337,0.58921254,1.0,0.0,19.0
exp4_fixed_3,1626,641.3779,1.3496268,0.77679265,1.0,0.0,54.0
exp4_fixed_3,1627,575.0081,0.8052557,0.79416406,1.0,0.0,65.0
exp4_fixed_3,1628,618.3592,2.2133002,0.65053976,1.0,0.0,23.0
exp4_fixed_3,1629,679.9302,2.7360299,0.6583604,1.0,0.0,20.0
exp4_fixed_3,1630,728.6002,2.3163474,0.5302672,1.0,0.0,32.0
exp4_fixed_3,1631,672.76013,3.265455,0.56918365,1.0,0.0,16.0
exp4_fixed_3,1632,597.50256,2.354241,0.5902219,1.0,0.0,19.0
exp4_fixed_3,1633,623.1817,2.4032238,0.6592577,1.0,0.0,20.0
exp4_fixed_3,1634,604.5699,2.342364,0.60920274,1.0,0.0,19.0
exp4_fixed_3,1635,633.2885,2.7418318,0.56241006,1.0,0.0,19.0
exp4_fixed_3,1636,706.115,3.185959,0.47599825,1.0,0.0,18.0
exp4_fixed_3,1637,690.6255,2.4765804,0.6580499,1.0,0.0,24.0
exp4_fixed_3,1638,623.9745,2.3360128,0.6735123,1.0,0.0,22.0
exp4_fixed_3,1639,588.85486,1.8044978,0.84477884,1.0,0.0,25.0
exp4_fixed_3,1641,691.78723,2.5750537,0.69885284,1.0,0.0,24.0
exp4_fixed_3,1642,734.513,2.3801844,0.6910856,1.0,0.0,32.0
exp4_fixed_3,1643,659.22705,1.3628136,0.6848784,1.0,0.0,50.0
exp4_fixed_3,1644,584.8605,1.5662491,0.5424609,1.0,0.0,25.0
exp4_fixed_3,1645,659.1874,1.3193574,0.7253384,1.0,0.0,41.0
exp4_fixed_3,1646,749.0683,3.261928,0.45173925,1.0,0.0,21.0
exp4_fixed_3,1647,712.47974,2.4087474,0.6286956,1.0,0.0,25.0
exp4_fixed_3,1648,756.41223,2.8108826,0.59680486,1.0,0.0,25.0
exp4_fixed_3,1649,623.3766,2.3595958,0.5324717,1.0,0.0,19.0
exp4_fixed_3,1650,663.23114,2.575372,0.6101736,1.0,0.0,20.0
exp4_fixed_3,1651,728.0764,2.6046643,0.5973964,1.0,0.0,23.0
exp4_fixed_3,1652,605.3429,2.2808979,0.5798136,1.0,0.0,21.0
exp4_fixed_3,1653,-60.686592,3.7866962,0.723586,0.0,1.0,5.0
exp4_fixed_3,1654,703.38916,2.204741,0.6891832,1.0,0.0,29.0
exp4_fixed_3,1655,532.5555,1.8852617,0.7664657,1.0,0.0,14.0
exp4_fixed_3,1656,653.416,2.684465,0.5900532,1.0,0.0,20.0
exp4_fixed_3,1657,677.51355,2.8123827,0.5033647,1.0,0.0,22.0
exp4_fixed_3,1658,733.2181,3.7195873,0.45103702,1.0,0.0,17.0
exp4_fixed_3,1659,786.88995,2.117817,0.6800889,1.0,0.0,45.0
exp4_fixed_3,1661,606.2481,2.944916,0.58398175,1.0,0.0,13.0
exp4_fixed_3,1662,713.6715,2.8368886,0.5433159,1.0,0.0,22.0
exp4_fixed_3,1663,695.53296,2.4697042,0.64105636,1.0,0.0,26.0
exp4_fixed_3,1664,785.0635,2.7070363,0.5520681,1.0,0.0,26.0
exp4_fixed_3,1665,610.0407,1.3782705,0.74506336,1.0,0.0,52.0
exp4_fixed_3,1666,618.15985,1.4179332,0.71219885,1.0,0.0,36.0
exp4_fixed_3,1667,635.66534,2.2906308,0.4196456,1.0,0.0,20.0
exp4_fixed_3,1668,613.8817,1.5560039,0.53349143,1.0,0.0,29.0
exp4_fixed_3,1669,672.5039,3.3608007,0.44753906,1.0,0.0,15.0
exp4_fixed_3,1670,545.237,2.3750944,0.5309774,1.0,0.0,11.0
exp4_fixed_3,1671,709.9734,2.8491082,0.51507056,1.0,0.0,22.0
exp4_fixed_3,1672,696.5498,2.8183603,0.5748662,1.0,0.0,21.0
exp4_fixed_3,1673,754.03516,3.111868,0.49662077,1.0,0.0,21.0
exp4_fixed_3,1674,582.99695,1.0035626,0.69319177,1.0,0.0,49.0
exp4_fixed_3,1675,669.55066,2.6816423,0.48980984,1.0,0.0,21.0
exp4_fixed_3,1676,723.68665,1.9178382,0.6492776,1.0,0.0,37.0
exp4_fixed_3,1677,646.5753,3.5288293,0.3841643,1.0,0.0,12.0
exp4_fixed_3,1678,744.4957,2.8625157,0.48936695,1.0,0.0,23.0
exp4_fixed_3,1679,653.3135,2.7613778,0.5063403,1.0,0.0,19.0
exp4_fixed_3,1681,600.30743,2.8538597,0.5534264,1.0,0.0,12.0
exp4_fixed_3,1682,637.6127,3.1639414,0.49753717,1.0,0.0,15.0
exp4_fixed_3,1683,597.9142,2.2923715,0.5012548,1.0,0.0,18.0
exp4_fixed_3,1684,608.28516,2.158506,0.557246,1.0,0.0,20.0
exp4_fixed_3,1685,669.5155,2.3812232,0.5630095,1.0,0.0,28.0
exp4_fixed_3,1686,741.9464,2.673266,0.51796764,1.0,0.0,26.0
exp4_fixed_3,1687,655.4249,2.3257043,0.63090223,1.0,0.0,25.0
exp4_fixed_3,1688,727.1627,3.2786996,0.52506936,1.0,0.0,19.0
exp4_fixed_3,1689,690.2887,3.51955,0.5566567,1.0,0.0,16.0
exp4_fixed_3,1690,769.48065,2.771361,0.44848457,1.0,0.0,28.0
exp4_fixed_3,1691,659.3778,2.5188465,0.5548624,1.0,0.0,23.0
exp4_fixed_3,1692,739.41016,2.8467486,0.5577007,1.0,0.0,23.0
exp4_fixed_3,1693,593.39215,2.6070006,0.5575201,1.0,0.0,16.0
exp4_fixed_3,1694,630.1736,2.7130315,0.518088,1.0,0.0,16.0
exp4_fixed_3,1695,780.5641,2.868732,0.44269004,1.0,0.0,27.0
exp4_fixed_3,1696,643.1288,3.2593977,0.4977365,1.0,0.0,13.0
exp4_fixed_3,1697,688.54065,3.4096985,0.4024063,1.0,0.0,16.0
exp4_fixed_3,1698,733.5102,2.2561908,0.598368,1.0,0.0,33.0
exp4_fixed_3,1699,671.93384,2.2144866,0.5536067,1.0,0.0,27.0
exp4_fixed_3,1701,661.93713,2.3125896,0.51032853,1.0,0.0,25.0
exp4_fixed_3,1702,719.22375,2.40976,0.7163225,1.0,0.0,29.0
exp4_fixed_3,1703,565.1894,2.0091925,0.58194184,1.0,0.0,15.0
exp4_fixed_3,1704,635.76105,2.188588,0.723154,1.0,0.0,23.0
exp4_fixed_3,1705,625.1865,3.6579578,0.5090422,1.0,0.0,12.0
exp4_fixed_3,1706,717.31445,2.8861368,0.5385918,1.0,0.0,22.0
exp4_fixed_3,1707,722.339,2.6242378,0.62048936,1.0,0.0,25.0
exp4_fixed_3,1708,731.76355,2.667538,0.62842566,1.0,0.0,28.0
exp4_fixed_3,1709,699.49646,2.788318,0.6119321,1.0,0.0,21.0
exp4_fixed_3,1710,700.00104,2.2791038,0.62918466,1.0,0.0,33.0
exp4_fixed_3,1711,623.72864,1.8578781,0.6477667,1.0,0.0,33.0
exp4_fixed_3,1712,585.6052,2.7037988,0.6111719,1.0,0.0,16.0
exp4_fixed_3,1713,586.01276,2.304722,0.6408372,1.0,0.0,17.0
exp4_fixed_3,1714,538.2809,1.4913932,0.7102886,1.0,0.0,23.0
exp4_fixed_3,1715,746.36975,2.4943323,0.6471883,1.0,0.0,30.0
exp4_fixed_3,1716,648.4317,3.499716,0.42131197,1.0,0.0,13.0
exp4_fixed_3,1717,646.55164,1.2150575,0.74632806,1.0,0.0,48.0
exp4_fixed_3,1718,53.83339,2.246232,0.54075474,0.0,1.0,24.0
exp4_fixed_3,1719,618.6692,3.3008888,0.34332636,1.0,0.0,11.0
exp4_fixed_3,1721,656.22754,1.8190168,0.56768316,1.0,0.0,35.0
exp4_fixed_3,1722,524.5788,3.1487203,0.43374628,1.0,0.0,7.0
exp4_fixed_3,1723,659.54126,2.2789004,0.62493736,1.0,0.0,26.0
exp4_fixed_3,1724,591.1751,2.7659388,0.4535349,1.0,0.0,13.0
exp4_fixed_3,1725,636.83026,1.9695445,0.514164,1.0,0.0,26.0
exp4_fixed_3,1726,747.87427,3.468154,0.48254845,1.0,0.0,18.0
exp4_fixed_3,1727,710.20215,2.3797204,0.58669716,1.0,0.0,29.0
exp4_fixed_3,1728,618.23175,2.221746,0.63576007,1.0,0.0,21.0
exp4_fixed_3,1729,744.6902,2.1809888,0.5028369,1.0,0.0,34.0
exp4_fixed_3,1730,707.00146,2.492192,0.5352487,1.0,0.0,29.0
exp4_fixed_3,1731,612.66315,1.9671372,0.55893064,1.0,0.0,23.0
exp4_fixed_3,1732,644.2881,2.909157,0.52160364,1.0,0.0,14.0
exp4_fixed_3,1733,711.5631,2.1579664,0.6060843,1.0,0.0,32.0
exp4_fixed_3,1734,723.5936,3.4410136,0.46961376,1.0,0.0,18.0
exp4_fixed_3,1735,679.5193,1.9203568,0.6447662,1.0,0.0,39.0
exp4_fixed_3,1736,627.8703,2.705287,0.49652907,1.0,0.0,15.0
exp4_fixed_3,1737,781.65625,2.2922592,0.57125235,1.0,0.0,32.0
exp4_fixed_3,1738,593.31067,2.2088513,0.5180681,1.0,0.0,19.0
exp4_fixed_3,1739,716.36206,2.4941876,0.50123507,1.0,0.0,28.0
exp4_fixed_3,1741,594.15784,2.3139536,0.60404056,1.0,0.0,16.0
exp4_fixed_3,1742,-47.765533,3.4357164,0.47563016,0.0,1.0,8.0
exp4_fixed_3,1743,539.3495,2.345121,0.5464518,1.0,0.0,11.0
exp4_fixed_3,1744,688.6154,1.9836973,0.5895776,1.0,0.0,34.0
exp4_fixed_3,1745,732.291,2.945468,0.5723828,1.0,0.0,20.0
exp4_fixed_3,1746,-163.88358,1.3250355,0.53679496,0.0,1.0,3.0
exp4_fixed_3,1747,521.62134,1.9446985,0.6416471,1.0,0.0,15.0
exp4_fixed_3,1748,710.9795,2.5410316,0.5312443,1.0,0.0,24.0
exp4_fixed_3,1749,662.6455,2.6911216,0.55137557,1.0,0.0,19.0
exp4_fixed_3,1750,729.21716,2.7626476,0.5766706,1.0,0.0,25.0
exp4_fixed_3,1751,681.29,2.6594307,0.5430562,1.0,0.0,24.0
exp4_fixed_3,1752,709.6424,2.0385568,0.6230234,1.0,0.0,35.0
exp4_fixed_3,1753,700.1465,3.276211,0.48946044,1.0,0.0,17.0
exp4_fixed_3,1754,596.3051,2.1479704,0.544262,1.0,0.0,22.0
exp4_fixed_3,1755,754.79785,2.3971128,0.6558178,1.0,0.0,31.0
exp4_fixed_3,1756,734.23474,3.256411,0.4054792,1.0,0.0,20.0
exp4_fixed_3,1757,718.4877,2.7725668,0.49088448,1.0,0.0,19.0
exp4_fixed_3,1758,634.1056,2.5167737,0.517916,1.0,0.0,20.0
exp4_fixed_3,1759,643.94855,1.4338428,0.69399464,1.0,0.0,38.0
exp4_fixed_3,1761,628.8952,2.5871265,0.5486757,1.0,0.0,17.0
exp4_fixed_3,1762,532.7453,0.9146525,0.76864856,1.0,0.0,39.0
exp4_fixed_3,1763,664.1378,1.3957005,0.5864491,1.0,0.0,52.0
exp4_fixed_3,1764,608.4958,2.5218713,0.5406835,1.0,0.0,15.0
exp4_fixed_3,1765,617.63696,1.9825902,0.69293576,1.0,0.0,22.0
exp4_fixed_3,1766,712.69086,2.4499984,0.61441946,1.0,0.0,28.0
exp4_fixed_3,1767,588.4387,1.7240523,0.64790183,1.0,0.0,28.0
exp4_fixed_3,1768,708.9249,2.90783,0.52024686,1.0,0.0,23.0
exp4_fixed_3,1769,580.43256,3.7614996,0.3775142,1.0,0.0,9.0
exp4_fixed_3,1770,635.1041,2.1666026,0.49592957,1.0,0.0,27.0
exp4_fixed_3,1771,721.68,2.5667527,0.4568654,1.0,0.0,23.0
exp4_fixed_3,1772,556.4258,1.878377,0.59238267,1.0,0.0,21.0
exp4_fixed_3,1773,712.7126,2.9850338,0.5089658,1.0,0.0,20.0
exp4_fixed_3,1774,677.54956,2.5548532,0.48646832,1.0,0.0,24.0
exp4_fixed_3,1775,753.2682,2.5259156,0.50775105,1.0,0.0,31.0
exp4_fixed_3,1776,622.1005,2.2353604,0.67268836,1.0,0.0,21.0
exp4_fixed_3,1777,685.86426,2.9680488,0.4778222,1.0,0.0,20.0
exp4_fixed_3,1778,-60.983994,3.3416388,0.43339053,0.0,1.0,6.0
exp4_fixed_3,1779,551.85834,1.9600896,0.51959324,1.0,0.0,17.0
exp4_fixed_3,1781,50.001495,3.746827,0.5139158,0.0,1.0,11.0
exp4_fixed_3,1782,683.6562,2.4887621,0.5169724,1.0,0.0,23.0
exp4_fixed_3,1783,758.24744,3.063736,0.47986782,1.0,0.0,23.0
exp4_fixed_3,1784,629.7175,3.010264,0.47605875,1.0,0.0,15.0
exp4_fixed_3,1785,612.6825,1.6506162,0.59404284,1.0,0.0,36.0
exp4_fixed_3,1786,602.83856,3.3887732,0.52917695,1.0,0.0,11.0
exp4_fixed_3,1787,724.68945,2.725926,0.5386904,1.0,0.0,25.0
exp4_fixed_3,1788,744.16785,2.9052007,0.58262694,1.0,0.0,24.0
exp4_fixed_3,1789,689.31525,2.4168007,0.44574076,1.0,0.0,26.0
exp4_fixed_3,1790,712.53906,2.2948525,0.65713954,1.0,0.0,26.0
exp4_fixed_3,1791,710.37866,2.7982793,0.51688445,1.0,0.0,20.0
exp4_fixed_3,1792,709.44324,2.6878033,0.4969271,1.0,0.0,25.0
exp4_fixed_3,1793,703.55383,2.1750934,0.6545757,1.0,0.0,30.0
exp4_fixed_3,1794,707.0549,3.5612092,0.46968746,1.0,0.0,17.0
exp4_fixed_3,1795,731.5403,2.9778275,0.46069473,1.0,0.0,23.0
exp4_fixed_3,1796,660.79114,1.276405,0.7447655,1.0,0.0,48.0
exp4_fixed_3,1797,744.4049,2.3702574,0.68762815,1.0,0.0,30.0
exp4_fixed_3,1798,586.0747,2.987521,0.49774814,1.0,0.0,12.0
exp4_fixed_3,1799,758.7388,2.519901,0.5685472,1.0,0.0,31.0
exp4_fixed_3,1801,656.9298,2.5921404,0.42319348,1.0,0.0,21.0
exp4_fixed_3,1802,756.0909,2.7172203,0.5184417,1.0,0.0,23.0
exp4_fixed_3,1803,652.36536,2.5843093,0.6264417,1.0,0.0,22.0
exp4_fixed_3,1804,757.6098,2.5649087,0.54219115,1.0,0.0,29.0
exp4_fixed_3,1805,577.2348,3.0773072,0.4564442,1.0,0.0,10.0
exp4_fixed_3,1806,683.70734,2.583256,0.42013404,1.0,0.0,22.0
exp4_fixed_3,1807,584.3782,1.1494131,0.68952054,1.0,0.0,51.0
exp4_fixed_3,1808,681.4796,3.182667,0.4265181,1.0,0.0,16.0
exp4_fixed_3,1809,709.89,1.7244412,0.619904,1.0,0.0,39.0
exp4_fixed_3,1810,766.7657,1.9435165,0.56873596,1.0,0.0,40.0
exp4_fixed_3,1811,597.6587,3.1041062,0.5813394,1.0,0.0,12.0
exp4_fixed_3,1812,655.58545,2.3336523,0.5996274,1.0,0.0,21.0
exp4_fixed_3,1813,694.197,2.9069211,0.5129991,1.0,0.0,21.0
exp4_fixed_3,1814,698.1334,1.6638803,0.7666648,1.0,0.0,49.0
exp4_fixed_3,1815,600.85205,2.973119,0.56908894,1.0,0.0,14.0
exp4_fixed_3,1816,644.37024,3.2720041,0.46722466,1.0,0.0,15.0
exp4_fixed_3,1817,739.90295,2.8745844,0.43158412,1.0,0.0,24.0
exp4_fixed_3,1818,619.6443,3.0793445,0.5560934,1.0,0.0,14.0
exp4_fixed_3,1819,751.3872,2.4775229,0.6112077,1.0,0.0,29.0
exp4_fixed_3,1821,682.47925,3.068658,0.45874888,1.0,0.0,19.0
exp4_fixed_3,1822,657.6041,2.6270497,0.6209507,1.0,0.0,21.0
exp4_fixed_3,1823,624.508,2.2299383,0.53699565,1.0,0.0,21.0
exp4_fixed_3,1824,590.9396,1.2198521,0.7454083,1.0,0.0,47.0
exp4_fixed_3,1825,666.6819,2.7572393,0.57734936,1.0,0.0,19.0
exp4_fixed_3,1826,749.83105,3.3969994,0.46201214,1.0,0.0,20.0
exp4_fixed_3,1827,599.21533,2.6462255,0.6921007,1.0,0.0,17.0
exp4_fixed_3,1828,712.63684,2.591666,0.61059606,1.0,0.0,23.0
exp4_fixed_3,1829,523.3025,2.0140035,0.628744,1.0,0.0,12.0
exp4_fixed_3,1830,751.1341,3.0841506,0.3773696,1.0,0.0,22.0
exp4_fixed_3,1831,692.49,3.4004219,0.3701865,1.0,0.0,17.0
exp4_fixed_3,1832,687.3479,2.7821484,0.58468324,1.0,0.0,21.0
exp4_fixed_3,1833,703.1686,2.3078713,0.6141631,1.0,0.0,28.0
exp4_fixed_3,1834,679.9458,2.0720148,0.7043999,1.0,0.0,33.0
exp4_fixed_3,1835,609.3348,1.7177699,0.5649588,1.0,0.0,30.0
exp4_fixed_3,1836,723.1697,2.4909534,0.6252803,1.0,0.0,27.0
exp4_fixed_3,1837,662.7628,1.7336447,0.6797697,1.0,0.0,42.0
exp4_fixed_3,1838,690.0242,2.806106,0.5651086,1.0,0.0,20.0
exp4_fixed_3,1839,578.9537,2.226166,0.7577298,1.0,0.0,16.0
exp4_fixed_3,1841,708.32007,3.0100582,0.5116778,1.0,0.0,23.0
exp4_fixed_3,1842,708.3784,2.6112545,0.6452918,1.0,0.0,24.0
exp4_fixed_3,1843,693.62756,2.2953908,0.5142435,1.0,0.0,28.0
exp4_fixed_3,1844,632.5764,2.5135853,0.514209,1.0,0.0,20.0
exp4_fixed_3,1845,675.4668,3.0858853,0.32955942,1.0,0.0,17.0
exp4_fixed_3,1846,560.9094,1.7838548,0.6527293,1.0,0.0,18.0
exp4_fixed_3,1847,653.9347,1.6741365,0.73309594,1.0,0.0,32.0
exp4_fixed_3,1848,545.2717,2.2849874,0.60880256,1.0,0.0,13.0
exp4_fixed_3,1849,604.9923,2.4587417,0.64930487,1.0,0.0,16.0
exp4_fixed_3,1850,29.355606,2.6151125,0.55062854,0.0,1.0,19.0
exp4_fixed_3,1851,639.0381,2.3333569,0.5847385,1.0,0.0,21.0
exp4_fixed_3,1852,665.08264,3.5111263,0.397704,1.0,0.0,13.0
exp4_fixed_3,1853,692.19507,2.9014695,0.48924178,1.0,0.0,20.0
exp4_fixed_3,1854,738.2225,2.7862923,0.43872145,1.0,0.0,23.0
exp4_fixed_3,1855,721.4226,2.5426502,0.5578189,1.0,0.0,25.0
exp4_fixed_3,1856,605.15857,2.311585,0.5895741,1.0,0.0,17.0
exp4_fixed_3,1857,637.94824,2.4638762,0.6067479,1.0,0.0,20.0
exp4_fixed_3,1858,623.47705,2.594258,0.58337843,1.0,0.0,17.0
exp4_fixed_3,1859,586.2522,3.4470649,0.5456996,1.0,0.0,10.0
exp4_fixed_3,1861,593.10645,2.5415797,0.5538842,1.0,0.0,15.0
exp4_fixed_3,1862,732.3632,2.9092221,0.5855703,1.0,0.0,25.0
exp4_fixed_3,1863,520.9475,2.3179686,0.73478836,1.0,0.0,11.0
exp4_fixed_3,1864,628.5973,3.3926933,0.3956927,1.0,0.0,12.0
exp4_fixed_3,1865,774.58655,2.9685354,0.46140215,1.0,0.0,26.0
exp4_fixed_3,1866,716.7743,3.1754937,0.48923936,1.0,0.0,20.0
exp4_fixed_3,1867,668.8152,3.0323591,0.4456508,1.0,0.0,18.0
exp4_fixed_3,1868,612.79193,2.5831385,0.5385538,1.0,0.0,16.0
exp4_fixed_3,1869,610.95087,1.9416277,0.50789565,1.0,0.0,19.0
exp4_fixed_3,1870,652.10925,2.1355476,0.5977772,1.0,0.0,24.0
exp4_fixed_3,1871,622.13104,1.0678384,0.78163576,1.0,0.0,53.0
exp4_fixed_3,1872,744.10046,2.6218805,0.44306585,1.0,0.0,26.0
exp4_fixed_3,1873,686.8617,2.4081511,0.57627183,1.0,0.0,27.0
exp4_fixed_3,1874,612.1593,3.4187024,0.45466396,1.0,0.0,13.0
exp4_fixed_3,1875,710.76154,3.0574434,0.36652583,1.0,0.0,19.0
exp4_fixed_3,1876,716.10474,2.9198089,0.50721043,1.0,0.0,20.0
exp4_fixed_3,1877,637.8254,1.6813016,0.71534514,1.0,0.0,31.0
exp4_fixed_3,1878,657.90045,2.8170161,0.5947325,1.0,0.0,20.0
exp4_fixed_3,1879,682.0606,3.2828412,0.5940544,1.0,0.0,17.0
exp4_fixed_3,1881,706.04846,2.8022861,0.535352,1.0,0.0,21.0
exp4_fixed_3,1882,711.94916,2.6380408,0.48042914,1.0,0.0,25.0
exp4_fixed_3,1883,741.73126,1.9385024,0.6044258,1.0,0.0,41.0
exp4_fixed_3,1884,619.01843,2.595909,0.522467,1.0,0.0,17.0
exp4_fixed_3,1885,755.03265,1.8190653,0.5665141,1.0,0.0,45.0
exp4_fixed_3,1886,719.28784,3.0621877,0.5262258,1.0,0.0,20.0
exp4_fixed_3,1887,700.07916,2.6883552,0.5730396,1.0,0.0,24.0
exp4_fixed_3,1888,712.0884,2.714036,0.5275166,1.0,0.0,22.0
exp4_fixed_3,1889,655.1422,1.8274298,0.71705157,1.0,0.0,31.0
exp4_fixed_3,1890,680.8131,3.710892,0.31458634,1.0,0.0,15.0
exp4_fixed_3,1891,722.9758,2.5706766,0.43348926,1.0,0.0,28.0
exp4_fixed_3,1892,579.8115,2.1742892,0.61233497,1.0,0.0,16.0
exp4_fixed_3,1893,657.5895,1.1897963,0.6842478,1.0,0.0,72.0
exp4_fixed_3,1894,635.9219,2.4105675,0.5303105,1.0,0.0,19.0
exp4_fixed_3,1895,652.7213,3.090881,0.5151581,1.0,0.0,14.0
exp4_fixed_3,1896,619.8312,3.3455002,0.37548864,1.0,0.0,11.0
exp4_fixed_3,1897,689.38086,2.6829538,0.42778358,1.0,0.0,24.0
exp4_fixed_3,1898,726.5946,2.6024127,0.56668925,1.0,0.0,25.0
exp4_fixed_3,1899,627.3383,3.0799608,0.57547224,1.0,0.0,15.0
exp4_fixed_3,1901,731.7489,2.6666653,0.569613,1.0,0.0,28.0
exp4_fixed_3,1902,633.18884,2.2494247,0.63840985,1.0,0.0,25.0
exp4_fixed_3,1903,726.9352,2.0946503,0.5827639,1.0,0.0,32.0
exp4_fixed_3,1904,631.5173,2.1535351,0.5229768,1.0,0.0,24.0
exp4_fixed_3,1905,684.1635,2.856103,0.48979732,1.0,0.0,17.0
exp4_fixed_3,1906,630.6441,2.769205,0.5962549,1.0,0.0,16.0
exp4_fixed_3,1907,731.88336,2.3798354,0.5887766,1.0,0.0,28.0
exp4_fixed_3,1908,767.897,3.0637758,0.35292545,1.0,0.0,22.0
exp4_fixed_3,1909,598.4633,3.040648,0.64585966,1.0,0.0,14.0
exp4_fixed_3,1910,-119.557076,4.362551,0.5541899,0.0,1.0,2.0
exp4_fixed_3,1911,557.1501,2.0917668,0.727873,1.0,0.0,17.0
exp4_fixed_3,1912,669.3938,1.5161369,0.70969266,1.0,0.0,43.0
exp4_fixed_3,1913,701.83966,1.8209581,0.5401922,1.0,0.0,37.0
exp4_fixed_3,1914,628.30334,1.954466,0.5699795,1.0,0.0,25.0
exp4_fixed_3,1915,581.81024,1.088387,0.80904174,1.0,0.0,44.0
exp4_fixed_3,1916,655.0453,2.0955145,0.43854573,1.0,0.0,28.0
exp4_fixed_3,1917,552.1799,2.672475,0.490294,1.0,0.0,12.0
exp4_fixed_3,1918,605.4425,3.2339761,0.4661417,1.0,0.0,12.0
exp4_fixed_3,1919,658.4779,2.5285618,0.58914363,1.0,0.0,19.0
exp4_fixed_3,1921,639.20667,2.6177294,0.6359262,1.0,0.0,17.0
exp4_fixed_3,1922,684.4642,1.8704697,0.4476181,1.0,0.0,35.0
exp4_fixed_3,1923,758.1914,3.0014625,0.41322133,1.0,0.0,25.0
exp4_fixed_3,1924,699.917,2.7329774,0.33605573,1.0,0.0,22.0
exp4_fixed_3,1925,-123.364075,4.421294,0.51419044,0.0,1.0,2.0
exp4_fixed_3,1926,608.4641,2.7182174,0.55114615,1.0,0.0,16.0
exp4_fixed_3,1927,550.74725,1.3754739,0.6847546,1.0,0.0,31.0
exp4_fixed_3,1928,621.6139,2.2263267,0.616925,1.0,0.0,22.0
exp4_fixed_3,1929,601.69354,3.455675,0.55656695,1.0,0.0,11.0
exp4_fixed_3,1930,703.8644,2.8054755,0.55614626,1.0,0.0,25.0
exp4_fixed_3,1931,623.2334,2.7306843,0.48848826,1.0,0.0,16.0
exp4_fixed_3,1932,600.22107,2.4981709,0.59783703,1.0,0.0,18.0
exp4_fixed_3,1933,679.4202,1.9892672,0.6470142,1.0,0.0,38.0
exp4_fixed_3,1934,712.74133,2.4721262,0.6132337,1.0,0.0,26.0
exp4_fixed_3,1935,635.48364,2.8773649,0.5854936,1.0,0.0,15.0
exp4_fixed_3,1936,668.29016,1.499073,0.7330848,1.0,0.0,42.0
exp4_fixed_3,1937,707.4796,3.8046145,0.52890164,1.0,0.0,15.0
exp4_fixed_3,1938,699.6819,2.7741697,0.60473275,1.0,0.0,22.0
exp4_fixed_3,1939,587.9501,1.7781801,0.63326067,1.0,0.0,28.0
exp4_fixed_3,1941,642.60754,2.1702838,0.56620806,1.0,0.0,27.0
exp4_fixed_3,1942,775.0191,3.0283985,0.38800398,1.0,0.0,24.0
exp4_fixed_3,1943,713.2793,2.3569481,0.62742287,1.0,0.0,28.0
exp4_fixed_3,1944,582.4231,2.6903558,0.51489085,1.0,0.0,15.0
exp4_fixed_3,1945,535.10516,1.835525,0.71714884,1.0,0.0,15.0
exp4_fixed_3,1946,532.0925,2.052528,0.5946459,1.0,0.0,14.0
exp4_fixed_3,1947,730.73816,2.483834,0.51768506,1.0,0.0,29.0
exp4_fixed_3,1948,646.2675,2.8586848,0.61794466,1.0,0.0,17.0
exp4_fixed_3,1949,688.6947,1.3766537,0.71007323,1.0,0.0,65.0
exp4_fixed_3,1950,614.7798,1.6197885,0.5790842,1.0,0.0,36.0
exp4_fixed_3,1951,687.0424,1.9090537,0.7090617,1.0,0.0,37.0
exp4_fixed_3,1952,718.7853,3.628141,0.5446825,1.0,0.0,17.0
exp4_fixed_3,1953,659.34094,2.4914515,0.299382,1.0,0.0,21.0
exp4_fixed_3,1954,731.90735,2.818085,0.48678088,1.0,0.0,23.0
exp4_fixed_3,1955,-48.23636,3.8598678,0.32210955,0.0,1.0,6.0
exp4_fixed_3,1956,754.6264,3.3263288,0.5364096,1.0,0.0,20.0
exp4_fixed_3,1957,701.7092,3.3569582,0.41771436,1.0,0.0,17.0
exp4_fixed_3,1958,750.6374,2.1254513,0.70447654,1.0,0.0,43.0
exp4_fixed_3,1959,647.8812,1.3876294,0.61203384,1.0,0.0,42.0
exp4_fixed_3,1961,719.2812,2.6801517,0.5247457,1.0,0.0,26.0
exp4_fixed_3,1962,600.82935,2.0760403,0.6674679,1.0,0.0,19.0
exp4_fixed_3,1963,553.3649,2.0422769,0.694885,1.0,0.0,16.0
exp4_fixed_3,1964,622.9852,2.4253492,0.7066923,1.0,0.0,18.0
exp4_fixed_3,1965,628.5737,2.9400399,0.63208383,1.0,0.0,15.0
exp4_fixed_3,1966,712.95044,2.795324,0.55714494,1.0,0.0,26.0
exp4_fixed_3,1967,646.1328,2.5949655,0.51736456,1.0,0.0,21.0
exp4_fixed_3,1968,673.7384,2.2101917,0.6642555,1.0,0.0,27.0
exp4_fixed_3,1969,678.2222,2.4163804,0.67765296,1.0,0.0,25.0
exp4_fixed_3,1970,677.46484,2.743045,0.58784413,1.0,0.0,21.0
exp4_fixed_3,1971,721.67676,2.6557355,0.55063474,1.0,0.0,25.0
exp4_fixed_3,1972,657.3762,2.456315,0.71715814,1.0,0.0,22.0
exp4_fixed_3,1973,599.7831,2.962184,0.59012365,1.0,0.0,13.0
exp4_fixed_3,1974,649.30664,1.895677,0.56229883,1.0,0.0,26.0
exp4_fixed_3,1975,685.87366,2.6737933,0.6153903,1.0,0.0,25.0
exp4_fixed_3,1976,695.9397,2.7651336,0.6133207,1.0,0.0,21.0
exp4_fixed_3,1977,92.53607,3.1534412,0.5092699,0.0,1.0,15.0
exp4_fixed_3,1978,699.9363,3.062977,0.58271897,1.0,0.0,18.0
exp4_fixed_3,1979,673.31506,2.1807244,0.6430288,1.0,0.0,28.0
exp4_fixed_3,1981,724.073,2.3020957,0.6359584,1.0,0.0,32.0
exp4_fixed_3,1982,779.12366,3.1489108,0.4233096,1.0,0.0,25.0
exp4_fixed_3,1983,725.5818,2.688889,0.60556364,1.0,0.0,28.0
exp4_fixed_3,1984,621.6639,2.646738,0.54579806,1.0,0.0,17.0
exp4_fixed_3,1985,579.84283,2.207432,0.66118914,1.0,0.0,18.0
exp4_fixed_3,1986,628.0449,3.8560498,0.28768793,1.0,0.0,9.0
exp4_fixed_3,1987,532.12256,2.9163775,0.48054737,1.0,0.0,9.0
exp4_fixed_3,1988,676.59735,2.6559541,0.5635402,1.0,0.0,22.0
exp4_fixed_3,1989,676.6869,1.9477943,0.54791754,1.0,0.0,34.0
exp4_fixed_3,1990,642.89636,3.081159,0.63230765,1.0,0.0,15.0
exp4_fixed_3,1991,708.27747,1.6508924,0.61332095,1.0,0.0,44.0
exp4_fixed_3,1992,694.6299,2.3711092,0.68661696,1.0,0.0,28.0
exp4_fixed_3,1993,758.60315,2.9414117,0.4511194,1.0,0.0,24.0
exp4_fixed_3,1994,655.7759,1.8188193,0.82228506,1.0,0.0,34.0
exp4_fixed_3,1995,620.2254,2.678339,0.62697923,1.0,0.0,17.0
exp4_fixed_3,1996,631.5532,2.655031,0.61675334,1.0,0.0,17.0
exp4_fixed_3,1997,578.98645,2.7516267,0.4992292,1.0,0.0,12.0
exp4_fixed_3,1998,750.4627,3.253575,0.4256239,1.0,0.0,22.0
exp4_fixed_3,1999,681.17584,2.154594,0.6707627,1.0,0.0,33.0
exp4_fixed_3,2001,675.69543,2.2966695,0.5788419,1.0,0.0,27.0
exp4_fixed_3,2002,739.1122,2.5885942,0.50041854,1.0,0.0,26.0
exp4_fixed_3,2003,700.44385,2.9773083,0.49967307,1.0,0.0,20.0
exp4_fixed_3,2004,616.22406,2.0141664,0.6316472,1.0,0.0,20.0
exp4_fixed_3,2005,724.87805,2.1805663,0.7150978,1.0,0.0,40.0
exp4_fixed_3,2006,616.40564,1.8914701,0.6483459,1.0,0.0,27.0
exp4_fixed_3,2007,531.1128,1.388352,0.7490053,1.0,0.0,26.0
exp4_fixed_3,2008,760.4616,2.617678,0.470893,1.0,0.0,24.0
exp4_fixed_3,2009,738.33795,2.3915064,0.62760913,1.0,0.0,28.0
exp4_fixed_3,2010,718.5379,3.348567,0.4661192,1.0,0.0,16.0
exp4_fixed_3,2011,723.33264,2.2311323,0.5846773,1.0,0.0,29.0
exp4_fixed_3,2012,661.6034,2.8240435,0.48567963,1.0,0.0,20.0
exp4_fixed_3,2013,619.38794,2.4406772,0.5719489,1.0,0.0,20.0
exp4_fixed_3,2014,639.7987,2.689307,0.5444461,1.0,0.0,18.0
exp4_fixed_3,2015,633.94385,2.513823,0.5974304,1.0,0.0,20.0
exp4_fixed_3,2016,726.5737,2.4942873,0.65534866,1.0,0.0,26.0
exp4_fixed_3,2017,678.8087,2.5535455,0.64610076,1.0,0.0,26.0
exp4_fixed_3,2018,733.54236,3.1192799,0.5655597,1.0,0.0,21.0
exp4_fixed_3,2019,645.7262,3.20034,0.5154837,1.0,0.0,14.0
exp4_fixed_3,2021,746.12854,3.0493066,0.5706121,1.0,0.0,21.0
exp4_fixed_3,2022,738.6762,2.6743815,0.51003,1.0,0.0,29.0
exp4_fixed_3,2023,644.725,2.0057352,0.61550087,1.0,0.0,23.0
exp4_fixed_3,2024,781.0033,2.2822466,0.47021157,1.0,0.0,35.0
exp4_fixed_3,2025,673.6916,2.0614572,0.5978877,1.0,0.0,29.0
exp4_fixed_3,2026,667.63324,2.4504914,0.55347025,1.0,0.0,25.0
exp4_fixed_3,2027,617.3558,2.5214863,0.5903003,1.0,0.0,19.0
exp4_fixed_3,2028,694.984,3.885334,0.4256099,1.0,0.0,15.0
exp4_fixed_3,2029,701.3912,3.4951794,0.5305284,1.0,0.0,17.0
exp4_fixed_3,2030,657.1899,1.6973355,0.78121996,1.0,0.0,49.0
exp4_fixed_3,2031,665.56506,1.8644742,0.6180807,1.0,0.0,33.0
exp4_fixed_3,2032,716.75275,2.7431228,0.57001996,1.0,0.0,24.0
exp4_fixed_3,2033,612.4509,3.3337996,0.5924348,1.0,0.0,13.0
exp4_fixed_3,2034,625.4895,1.977729,0.63001955,1.0,0.0,29.0
exp4_fixed_3,2035,619.396,2.9229941,0.5562971,1.0,0.0,15.0
exp4_fixed_3,2036,634.5257,2.8834784,0.4098302,1.0,0.0,16.0
exp4_fixed_3,2037,711.9856,2.3819273,0.5723141,1.0,0.0,26.0
exp4_fixed_3,2038,765.6479,3.2479298,0.4442318,1.0,0.0,20.0
exp4_fixed_3,2039,735.94916,3.157232,0.40438917,1.0,0.0,22.0
exp4_fixed_3,2041,683.62646,2.2034087,0.43560845,1.0,0.0,27.0
exp4_fixed_3,2042,725.1796,3.3044133,0.33372408,1.0,0.0,20.0
exp4_fixed_3,2043,652.8252,2.4770668,0.6502541,1.0,0.0,24.0
exp4_fixed_3,2044,622.7276,2.6903584,0.5091818,1.0,0.0,17.0
exp4_fixed_3,2045,608.8784,2.9539275,0.65007895,1.0,0.0,15.0
exp4_fixed_3,2046,763.5294,2.4420962,0.53312796,1.0,0.0,31.0
exp4_fixed_3,2047,675.6124,2.5273452,0.72028404,1.0,0.0,25.0
exp4_fixed_3,2048,610.21094,1.9555379,0.72834516,1.0,0.0,25.0
exp4_fixed_3,2049,628.3947,2.2874427,0.71730155,1.0,0.0,23.0
exp4_fixed_3,2050,714.9821,2.1814737,0.6795284,1.0,0.0,30.0
exp4_fixed_3,2051,710.8086,2.5551522,0.5986312,1.0,0.0,24.0
exp4_fixed_3,2052,779.0096,3.061856,0.45556796,1.0,0.0,25.0
exp4_fixed_3,2053,47.151398,3.437879,0.5309003,0.0,1.0,13.0
exp4_fixed_3,2054,662.7718,2.9080691,0.59122217,1.0,0.0,20.0
exp4_fixed_3,2055,778.48004,2.357815,0.59175885,1.0,0.0,39.0
exp4_fixed_3,2056,673.59534,1.9999142,0.7147074,1.0,0.0,32.0
exp4_fixed_3,2057,681.5145,2.3060882,0.6079045,1.0,0.0,28.0
exp4_fixed_3,2058,706.75586,1.818706,0.6308884,1.0,0.0,36.0
exp4_fixed_3,2059,597.3338,2.1780767,0.5227382,1.0,0.0,18.0
exp4_fixed_3,2061,651.88477,2.6273518,0.69355947,1.0,0.0,20.0
exp4_fixed_3,2062,-41.97328,1.7856696,0.62681764,0.0,1.0,33.0
exp4_fixed_3,2063,640.9779,2.1363397,0.7003865,1.0,0.0,27.0
exp4_fixed_3,2064,632.43726,2.8037775,0.5708858,1.0,0.0,15.0
exp4_fixed_3,2065,546.57227,2.6219313,0.48410428,1.0,0.0,12.0
exp4_fixed_3,2066,753.1229,2.850673,0.31955984,1.0,0.0,23.0
exp4_fixed_3,2067,705.3521,2.514299,0.58470017,1.0,0.0,25.0
exp4_fixed_3,2068,636.8954,2.6699233,0.5657794,1.0,0.0,20.0
exp4_fixed_3,2069,560.0502,2.7716577,0.4972171,1.0,0.0,12.0
exp4_fixed_3,2070,690.5127,2.376818,0.71699566,1.0,0.0,27.0
exp4_fixed_3,2071,720.20557,3.3435833,0.36352932,1.0,0.0,17.0
exp4_fixed_3,2072,564.7745,1.7187498,0.7365514,1.0,0.0,28.0
exp4_fixed_3,2073,770.00525,2.6601224,0.37316984,1.0,0.0,27.0
exp4_fixed_3,2074,733.23364,2.6243382,0.46426243,1.0,0.0,28.0
exp4_fixed_3,2075,684.8421,3.5160184,0.45343742,1.0,0.0,15.0
exp4_fixed_3,2076,709.6743,2.6807227,0.48725528,1.0,0.0,25.0
exp4_fixed_3,2077,629.2322,2.1107268,0.61422426,1.0,0.0,21.0
exp4_fixed_3,2078,666.8893,1.7598166,0.55760133,1.0,0.0,42.0
exp4_fixed_3,2079,656.5418,1.9381742,0.667947,1.0,0.0,35.0
exp4_fixed_3,2081,762.95197,2.7656052,0.46271494,1.0,0.0,30.0
exp4_fixed_3,2082,675.50055,2.9106755,0.6527011,1.0,0.0,20.0
exp4_fixed_3,2083,611.17554,1.8017427,0.516489,1.0,0.0,29.0
exp4_fixed_3,2084,630.02295,2.4831796,0.561777,1.0,0.0,18.0
exp4_fixed_3,2085,647.35913,1.2186599,0.6646124,1.0,0.0,66.0
exp4_fixed_3,2086,568.5968,1.6832693,0.33696395,1.0,0.0,20.0
exp4_fixed_3,2087,771.3804,3.0026672,0.4436418,1.0,0.0,24.0
exp4_fixed_3,2088,560.73145,1.9470978,0.6602766,1.0,0.0,18.0
exp4_fixed_3,2089,716.75433,3.2096238,0.6152079,1.0,0.0,20.0
exp4_fixed_3,2090,661.4481,2.873775,0.5462393,1.0,0.0,19.0
exp4_fixed_3,2091,675.0075,2.6035087,0.6179256,1.0,0.0,24.0
exp4_fixed_3,2092,620.7794,2.9572482,0.5452067,1.0,0.0,15.0
exp4_fixed_3,2093,735.2721,2.7858088,0.55653393,1.0,0.0,28.0
exp4_fixed_3,2094,685.4552,2.5382206,0.64522994,1.0,0.0,24.0
exp4_fixed_3,2095,686.6826,2.4580157,0.5268279,1.0,0.0,26.0
exp4_fixed_3,2096,663.1979,2.6437554,0.5844147,1.0,0.0,19.0
exp4_fixed_3,2097,666.57886,2.5361214,0.5479418,1.0,0.0,20.0
exp4_fixed_3,2098,767.2119,2.4692798,0.5859817,1.0,0.0,29.0
exp4_fixed_3,2099,745.68384,2.23611,0.5654029,1.0,0.0,32.0
exp4_fixed_3,2101,688.6808,2.836988,0.46802405,1.0,0.0,19.0
exp4_fixed_3,2102,638.62585,1.9431734,0.53232807,1.0,0.0,27.0
exp4_fixed_3,2103,741.88715,2.7516165,0.5144958,1.0,0.0,26.0
exp4_fixed_3,2104,694.3972,3.061482,0.45301694,1.0,0.0,19.0
exp4_fixed_3,2105,613.1699,1.6456403,0.623207,1.0,0.0,32.0
exp4_fixed_3,2106,704.2489,2.3819647,0.6092542,1.0,0.0,34.0
exp4_fixed_3,2107,642.7903,1.4233164,0.61973584,1.0,0.0,52.0
exp4_fixed_3,2108,753.2744,2.9388733,0.40862122,1.0,0.0,24.0
exp4_fixed_3,2109,604.00354,2.518992,0.53621167,1.0,0.0,17.0
exp4_fixed_3,2110,553.2428,1.9974192,0.6420479,1.0,0.0,17.0
exp4_fixed_3,2111,622.2341,1.9826562,0.72902876,1.0,0.0,26.0
exp4_fixed_3,2112,620.37244,2.6343362,0.54831254,1.0,0.0,19.0
exp4_fixed_3,2113,620.35535,3.3265824,0.50009257,1.0,0.0,14.0
exp4_fixed_3,2114,746.4119,2.110526,0.47084406,1.0,0.0,37.0
exp4_fixed_3,2115,724.8352,2.4344304,0.74046004,1.0,0.0,26.0
exp4_fixed_3,2116,724.7506,3.5735555,0.50356764,1.0,0.0,17.0
exp4_fixed_3,2117,723.702,2.9815178,0.49763942,1.0,0.0,21.0
exp4_fixed_3,2118,638.3804,2.8866293,0.44621006,1.0,0.0,17.0
exp4_fixed_3,2119,726.9324,2.4925864,0.5899985,1.0,0.0,27.0
exp4_fixed_3,2121,718.7777,2.835063,0.58771366,1.0,0.0,22.0
exp4_fixed_3,2122,503.37408,0.90617293,0.6452518,1.0,0.0,49.0
exp4_fixed_3,2123,615.8651,3.6289806,0.31208223,1.0,0.0,10.0
exp4_fixed_3,2124,723.223,3.5677004,0.48313358,1.0,0.0,18.0
exp4_fixed_3,2125,607.6476,1.9011189,0.6235754,1.0,0.0,23.0
exp4_fixed_3,2126,656.1508,3.600804,0.3611565,1.0,0.0,12.0
exp4_fixed_3,2127,706.57263,2.9877837,0.46925047,1.0,0.0,18.0
exp4_fixed_3,2128,649.407,3.4376576,0.5213981,1.0,0.0,13.0
exp4_fixed_3,2129,626.9017,1.3585635,0.5556278,1.0,0.0,44.0
exp4_fixed_3,2130,761.8908,3.0205462,0.32439017,1.0,0.0,24.0
exp4_fixed_3,2131,653.2815,2.7792463,0.64653325,1.0,0.0,17.0
exp4_fixed_3,2132,709.952,2.848737,0.5113828,1.0,0.0,22.0
exp4_fixed_3,2133,624.9722,2.4536426,0.58018756,1.0,0.0,18.0
exp4_fixed_3,2134,743.1624,2.2521179,0.59837765,1.0,0.0,30.0
exp4_fixed_3,2135,622.0629,2.3640852,0.54797626,1.0,0.0,19.0
exp4_fixed_3,2136,635.99646,1.3871586,0.63853085,1.0,0.0,37.0
exp4_fixed_3,2137,693.05566,3.2909794,0.53103954,1.0,0.0,19.0
exp4_fixed_3,2138,715.4581,2.9388263,0.54679936,1.0,0.0,21.0
exp4_fixed_3,2139,653.8108,2.5930374,0.53935194,1.0,0.0,20.0
exp4_fixed_3,2141,745.318,3.246251,0.4885765,1.0,0.0,19.0
exp4_fixed_3,2142,605.3509,2.4732723,0.6499912,1.0,0.0,19.0
exp4_fixed_3,2143,706.23175,1.6127942,0.7014388,1.0,0.0,39.0
exp4_fixed_3,2144,744.2788,2.6926186,0.5101014,1.0,0.0,23.0
exp4_fixed_3,2145,645.1714,2.2206435,0.64336115,1.0,0.0,21.0
exp4_fixed_3,2146,643.8241,2.3495245,0.48880473,1.0,0.0,22.0
exp4_fixed_3,2147,672.85815,1.4686381,0.76803565,1.0,0.0,51.0
exp4_fixed_3,2148,559.7773,1.4424675,0.6268891,1.0,0.0,29.0
exp4_fixed_3,2149,590.01953,2.305038,0.61470383,1.0,0.0,21.0
exp4_fixed_3,2150,661.5804,1.7841969,0.6238632,1.0,0.0,34.0
exp4_fixed_3,2151,756.70386,2.260316,0.62492895,1.0,0.0,32.0
exp4_fixed_3,2152,553.1575,1.5879967,0.8253802,1.0,0.0,21.0
exp4_fixed_3,2153,728.62885,2.1015759,0.59064496,1.0,0.0,33.0
exp4_fixed_3,2154,684.1741,2.327876,0.49237144,1.0,0.0,24.0
exp4_fixed_3,2155,666.8041,1.6606234,0.70938706,1.0,0.0,35.0
exp4_fixed_3,2156,642.6543,3.54094,0.5315061,1.0,0.0,12.0
exp4_fixed_3,2157,661.00745,2.5394855,0.5357523,1.0,0.0,20.0
exp4_fixed_3,2158,612.91235,2.8724618,0.54178864,1.0,0.0,14.0
exp4_fixed_3,2159,750.286,3.7001734,0.34868893,1.0,0.0,16.0
exp4_fixed_3,2161,567.0606,1.7780787,0.75122535,1.0,0.0,23.0
exp4_fixed_3,2162,674.026,1.9860696,0.6167393,1.0,0.0,31.0
exp4_fixed_3,2163,621.9711,2.5665264,0.5248193,1.0,0.0,19.0
exp4_fixed_3,2164,539.28815,1.6415296,0.7656766,1.0,0.0,18.0
exp4_fixed_3,2165,675.66943,2.7822146,0.39821342,1.0,0.0,20.0
exp4_fixed_3,2166,703.2345,2.8960545,0.48278403,1.0,0.0,21.0
exp4_fixed_3,2167,696.51276,2.9448965,0.43829596,1.0,0.0,17.0
exp4_fixed_3,2168,633.86926,2.3936207,0.5772299,1.0,0.0,20.0
exp4_fixed_3,2169,734.75604,2.635354,0.6090579,1.0,0.0,27.0
exp4_fixed_3,2170,629.3522,2.574833,0.5348403,1.0,0.0,17.0
exp4_fixed_3,2171,633.72546,2.2381456,0.61281943,1.0,0.0,22.0
exp4_fixed_3,2172,635.23566,1.4502616,0.69440866,1.0,0.0,49.0
exp4_fixed_3,2173,609.8378,3.1679108,0.5438368,1.0,0.0,12.0
exp4_fixed_3,2174,564.7042,2.6993852,0.48146686,1.0,0.0,10.0
exp4_fixed_3,2175,620.1053,2.4975538,0.53049767,1.0,0.0,17.0
exp4_fixed_3,2176,650.502,2.3488235,0.5570294,1.0,0.0,21.0
exp4_fixed_3,2177,584.9796,2.2785969,0.6281618,1.0,0.0,16.0
exp4_fixed_3,2178,528.4298,2.1560493,0.594966,1.0,0.0,13.0
exp4_fixed_3,2179,642.64404,2.3467371,0.524642,1.0,0.0,25.0
exp4_fixed_3,2181,632.80273,2.8500128,0.50527453,1.0,0.0,16.0
exp4_fixed_3,2182,608.3827,2.008619,0.6661132,1.0,0.0,24.0
exp4_fixed_3,2183,569.4179,1.3254473,0.6916418,1.0,0.0,39.0
exp4_fixed_3,2184,598.8386,1.8339648,0.70286834,1.0,0.0,26.0
exp4_fixed_3,2185,702.37585,2.6142108,0.57292813,1.0,0.0,24.0
exp4_fixed_3,2186,672.7842,2.3655648,0.7158323,1.0,0.0,27.0
exp4_fixed_3,2187,642.50037,2.421866,0.57758486,1.0,0.0,20.0
exp4_fixed_3,2188,599.76013,2.5533526,0.648076,1.0,0.0,15.0
exp4_fixed_3,2189,661.1024,2.7954986,0.527617,1.0,0.0,19.0
exp4_fixed_3,2190,627.8484,2.2446687,0.43493387,1.0,0.0,18.0
exp4_fixed_3,2191,598.29724,2.499093,0.56602156,1.0,0.0,16.0
exp4_fixed_3,2192,-25.005638,2.9011407,0.5003785,0.0,1.0,9.0
exp4_fixed_3,2193,627.71295,2.2214396,0.51383674,1.0,0.0,21.0
exp4_fixed_3,2194,710.74335,1.6660677,0.6095223,1.0,0.0,47.0
exp4_fixed_3,2195,654.16016,2.556006,0.27767807,1.0,0.0,20.0
exp4_fixed_3,2196,655.2064,3.3007698,0.42633212,1.0,0.0,13.0
exp4_fixed_3,2197,664.21606,2.6731427,0.37926736,1.0,0.0,21.0
exp4_fixed_3,2198,735.85126,2.7618477,0.6097163,1.0,0.0,23.0
exp4_fixed_3,2199,666.14575,1.6168792,0.68845487,1.0,0.0,44.0
exp4_fixed_3,2201,635.9977,2.1285543,0.6370229,1.0,0.0,24.0
exp4_fixed_3,2202,627.20184,2.518104,0.567593,1.0,0.0,18.0
exp4_fixed_3,2203,558.7457,1.5679873,0.4474404,1.0,0.0,21.0
exp4_fixed_3,2204,653.5033,2.2124279,0.60457695,1.0,0.0,23.0
exp4_fixed_3,2205,626.7534,2.7579517,0.5044623,1.0,0.0,16.0
exp4_fixed_3,2206,-109.262535,3.4921944,0.40784046,0.0,1.0,3.0
exp4_fixed_3,2207,611.3169,1.6196154,0.49267778,1.0,0.0,25.0
exp4_fixed_3,2208,739.55896,2.3891418,0.54129386,1.0,0.0,26.0
exp4_fixed_3,2209,614.3751,3.089743,0.51830995,1.0,0.0,13.0
exp4_fixed_3,2210,585.1251,2.5522356,0.518611,1.0,0.0,16.0
exp4_fixed_3,2211,746.04236,3.0491486,0.38228938,1.0,0.0,23.0
exp4_fixed_3,2212,620.0933,3.0108953,0.4457751,1.0,0.0,15.0
exp4_fixed_3,2213,709.1173,3.2537684,0.44146666,1.0,0.0,20.0
exp4_fixed_3,2214,626.5728,2.2598996,0.53254825,1.0,0.0,21.0
exp4_fixed_3,2215,735.81006,2.3557055,0.5336019,1.0,0.0,29.0
exp4_fixed_3,2216,729.80554,3.2085214,0.4028706,1.0,0.0,20.0
exp4_fixed_3,2217,654.10046,2.686937,0.62082565,1.0,0.0,18.0
exp4_fixed_3,2218,672.56287,1.7636447,0.57338697,1.0,0.0,36.0
exp4_fixed_3,2219,690.7455,2.663636,0.60594076,1.0,0.0,22.0
exp4_fixed_3,2221,647.6228,3.2306535,0.5268689,1.0,0.0,14.0
exp4_fixed_3,2222,549.4608,2.211388,0.5723883,1.0,0.0,14.0
exp4_fixed_3,2223,738.7423,2.5514615,0.5681723,1.0,0.0,26.0
exp4_fixed_3,2224,747.5,2.9326646,0.39413056,1.0,0.0,24.0
exp4_fixed_3,2225,694.0062,2.2729962,0.68526703,1.0,0.0,28.0
exp4_fixed_3,2226,710.10333,3.1024592,0.5803375,1.0,0.0,20.0
exp4_fixed_3,2227,685.47046,3.0166316,0.61244,1.0,0.0,18.0
exp4_fixed_3,2228,737.9329,2.2601006,0.5631691,1.0,0.0,35.0
exp4_fixed_3,2229,591.2909,3.0743425,0.64753395,1.0,0.0,15.0
exp4_fixed_3,2230,688.03864,2.7453272,0.5092992,1.0,0.0,23.0
exp4_fixed_3,2231,755.1521,2.9541955,0.38340306,1.0,0.0,23.0
exp4_fixed_3,2232,637.46216,2.1880097,0.6178802,1.0,0.0,28.0
exp4_fixed_3,2233,670.66113,2.1479921,0.6061362,1.0,0.0,27.0
exp4_fixed_3,2234,687.4426,2.2533877,0.6133576,1.0,0.0,29.0
exp4_fixed_3,2235,664.74,2.1869688,0.50946385,1.0,0.0,24.0
exp4_fixed_3,2236,-55.033592,3.462527,0.42451793,0.0,1.0,7.0
exp4_fixed_3,2237,552.65424,2.0751247,0.5422198,1.0,0.0,15.0
exp4_fixed_3,2238,620.7313,2.0875254,0.5708311,1.0,0.0,27.0
exp4_fixed_3,2239,682.17395,2.8761148,0.5489644,1.0,0.0,22.0
exp4_fixed_3,2241,611.2947,2.3871322,0.59162325,1.0,0.0,18.0
exp4_fixed_3,2242,674.89734,1.9760854,0.7099326,1.0,0.0,36.0
exp4_fixed_3,2243,695.51965,2.864319,0.5683644,1.0,0.0,20.0
exp4_fixed_3,2244,721.51526,2.272636,0.69017273,1.0,0.0,30.0
exp4_fixed_3,2245,690.73267,2.1358569,0.5733935,1.0,0.0,31.0
exp4_fixed_3,2246,721.11646,2.675887,0.6794906,1.0,0.0,24.0
exp4_fixed_3,2247,613.3144,1.5379608,0.59576625,1.0,0.0,30.0
exp4_fixed_3,2248,642.8399,2.2524037,0.5663177,1.0,0.0,21.0
exp4_fixed_3,2249,715.3663,2.3728375,0.6296127,1.0,0.0,32.0
exp4_fixed_3,2250,551.52185,0.71574605,0.913189,1.0,0.0,99.0
exp4_fixed_3,2251,541.5303,2.9353104,0.48003116,1.0,0.0,8.0
exp4_fixed_3,2252,563.7457,1.2910681,0.7262897,1.0,0.0,32.0
exp4_fixed_3,2253,660.59863,1.6997999,0.63002574,1.0,0.0,39.0
exp4_fixed_3,2254,579.62854,3.0141332,0.49655572,1.0,0.0,10.0
exp4_fixed_3,2255,631.7994,1.8359218,0.5071657,1.0,0.0,26.0
exp4_fixed_3,2256,657.5282,1.9622408,0.6010078,1.0,0.0,28.0
exp4_fixed_3,2257,539.9067,1.6475216,0.6650959,1.0,0.0,20.0
exp4_fixed_3,2258,691.0498,2.9227226,0.53512675,1.0,0.0,20.0
exp4_fixed_3,2259,675.2987,1.9364321,0.66014796,1.0,0.0,34.0
exp4_fixed_3,2261,-11.777099,0.53565,0.9660035,0.0,0.0,100.0
exp4_fixed_3,2262,702.7217,3.0977323,0.57501775,1.0,0.0,19.0
exp4_fixed_3,2263,614.8579,1.8189069,0.7049498,1.0,0.0,27.0
exp4_fixed_3,2264,629.65643,2.4147844,0.55872005,1.0,0.0,18.0
exp4_fixed_3,2265,713.10583,2.4914958,0.6068569,1.0,0.0,26.0
exp4_fixed_3,2266,707.0416,3.3601227,0.4024967,1.0,0.0,15.0
exp4_fixed_3,2267,675.3926,2.8930833,0.56594765,1.0,0.0,21.0
exp4_fixed_3,2268,630.5731,3.4072614,0.49173924,1.0,0.0,13.0
exp4_fixed_3,2269,730.0758,3.8983722,0.42837474,1.0,0.0,15.0
exp4_fixed_3,2270,685.1178,2.5651772,0.61752826,1.0,0.0,24.0
exp4_fixed_3,2271,703.3971,2.3255706,0.6379052,1.0,0.0,31.0
exp4_fixed_3,2272,634.9818,3.0150669,0.3478589,1.0,0.0,13.0
exp4_fixed_3,2273,670.0579,1.9636203,0.45828837,1.0,0.0,32.0
exp4_fixed_3,2274,629.50476,2.84448,0.47676593,1.0,0.0,15.0
exp4_fixed_3,2275,725.08624,1.9147186,0.6114461,1.0,0.0,46.0
exp4_fixed_3,2276,654.879,2.2194424,0.6304211,1.0,0.0,28.0
exp4_fixed_3,2277,643.9405,2.8918183,0.6100241,1.0,0.0,20.0
exp4_fixed_3,2278,567.70825,2.3258984,0.5860044,1.0,0.0,15.0
exp4_fixed_3,2279,676.7179,2.5239506,0.6449832,1.0,0.0,23.0
exp4_fixed_3,2281,540.5748,2.2598927,0.5224289,1.0,0.0,14.0
exp4_fixed_3,2282,622.56244,2.142471,0.5860665,1.0,0.0,22.0
exp4_fixed_3,2283,592.4281,1.2447107,0.7021153,1.0,0.0,40.0
exp4_fixed_3,2284,556.5656,2.746341,0.40828156,1.0,0.0,12.0
exp4_fixed_3,2285,763.1651,2.7251315,0.59419054,1.0,0.0,26.0
exp4_fixed_3,2286,743.3904,2.9035742,0.5438025,1.0,0.0,26.0
exp4_fixed_3,2287,723.7956,3.2315338,0.419492,1.0,0.0,19.0
exp4_fixed_3,2288,660.2097,1.3411123,0.6646942,1.0,0.0,59.0
exp4_fixed_3,2289,717.7742,2.4810145,0.4758574,1.0,0.0,30.0
exp4_fixed_3,2290,645.7704,2.7817903,0.5110952,1.0,0.0,20.0
exp4_fixed_3,2291,657.3512,2.3706465,0.41245857,1.0,0.0,21.0
exp4_fixed_3,2292,698.44604,2.6801965,0.58827454,1.0,0.0,22.0
exp4_fixed_3,2293,697.45764,2.4696467,0.5465018,1.0,0.0,24.0
exp4_fixed_3,2294,745.32306,2.5484552,0.5472467,1.0,0.0,26.0
exp4_fixed_3,2295,623.1389,2.774948,0.50736725,1.0,0.0,18.0
exp4_fixed_3,2296,666.6178,1.2375178,0.70631063,1.0,0.0,70.0
exp4_fixed_3,2297,736.68427,2.4078956,0.6817294,1.0,0.0,31.0
exp4_fixed_3,2298,662.0386,2.3928177,0.6306824,1.0,0.0,21.0
exp4_fixed_3,2299,53.991074,4.1039352,0.5582823,0.0,1.0,11.0
exp4_fixed_3,2301,568.14404,0.75809747,0.4821737,1.0,0.0,73.0
exp4_fixed_3,2302,642.5893,2.4433858,0.59445786,1.0,0.0,20.0
exp4_fixed_3,2303,733.6858,3.43519,0.30112028,1.0,0.0,19.0
exp4_fixed_3,2304,3.838913,4.0768723,0.4306283,0.0,1.0,8.0
exp4_fixed_3,2305,520.9269,2.1895616,0.55767655,1.0,0.0,12.0
exp4_fixed_3,2306,678.8401,2.2257712,0.55464166,1.0,0.0,26.0
exp4_fixed_3,2307,514.45184,1.6710564,0.6925365,1.0,0.0,17.0
exp4_fixed_3,2308,748.8499,3.005791,0.58977854,1.0,0.0,21.0
exp4_fixed_3,2309,702.3459,2.849461,0.30815855,1.0,0.0,22.0
exp4_fixed_3,2310,757.7588,3.0472488,0.4500302,1.0,0.0,24.0
exp4_fixed_3,2311,706.2877,2.0551567,0.6537175,1.0,0.0,34.0
exp4_fixed_3,2312,713.4539,3.3576458,0.4577769,1.0,0.0,17.0
exp4_fixed_3,2313,724.929,2.142956,0.6218819,1.0,0.0,33.0
exp4_fixed_3,2314,672.1047,2.53056,0.47104517,1.0,0.0,26.0
exp4_fixed_3,2315,691.2244,2.8438168,0.45642194,1.0,0.0,23.0
exp4_fixed_3,2316,699.441,2.6673014,0.50875366,1.0,0.0,21.0
exp4_fixed_3,2317,791.60114,2.7836497,0.41658634,1.0,0.0,29.0
exp4_fixed_3,2318,691.0155,2.5379927,0.6912679,1.0,0.0,26.0
exp4_fixed_3,2319,733.8417,2.126112,0.60202926,1.0,0.0,34.0
exp4_fixed_3,2321,636.1547,2.5978193,0.49015146,1.0,0.0,19.0
exp4_fixed_3,2322,721.39514,2.4679797,0.44155806,1.0,0.0,29.0
exp4_fixed_3,2323,652.25037,2.6759713,0.5162207,1.0,0.0,21.0
exp4_fixed_3,2324,668.6683,2.3334095,0.5754961,1.0,0.0,23.0
exp4_fixed_3,2325,732.8212,2.77087,0.57612395,1.0,0.0,25.0
exp4_fixed_3,2326,643.84534,2.493822,0.3453166,1.0,0.0,20.0
exp4_fixed_3,2327,720.98047,2.3885243,0.5469234,1.0,0.0,32.0
exp4_fixed_3,2328,654.136,2.517944,0.3701187,1.0,0.0,22.0
exp4_fixed_3,2329,625.7686,2.185476,0.6474992,1.0,0.0,23.0
exp4_fixed_3,2330,598.4343,2.4087565,0.589324,1.0,0.0,16.0
exp4_fixed_3,2331,551.55896,2.3370798,0.5017099,1.0,0.0,13.0
exp4_fixed_3,2332,713.8789,3.0437799,0.595789,1.0,0.0,19.0
exp4_fixed_3,2333,726.8917,2.7827837,0.5261567,1.0,0.0,24.0
exp4_fixed_3,2334,721.61707,3.6553433,0.4535439,1.0,0.0,17.0
exp4_fixed_3,2335,597.3743,2.9801595,0.48968235,1.0,0.0,12.0
exp4_fixed_3,2336,721.4579,2.427671,0.63733596,1.0,0.0,28.0
exp4_fixed_3,2337,544.9437,2.3066823,0.49211895,1.0,0.0,12.0
exp4_fixed_3,2338,687.2986,3.275324,0.5570375,1.0,0.0,16.0
exp4_fixed_3,2339,717.22205,3.098546,0.48248905,1.0,0.0,20.0
exp4_fixed_3,2341,737.80664,3.0403228,0.44594997,1.0,0.0,23.0
exp4_fixed_3,2342,570.44336,1.9759905,0.4420199,1.0,0.0,17.0
exp4_fixed_3,2343,620.3554,2.651632,0.49383956,1.0,0.0,15.0
exp4_fixed_3,2344,638.9182,1.8144344,0.5747484,1.0,0.0,28.0
exp4_fixed_3,2345,732.4865,2.8108385,0.4556902,1.0,0.0,23.0
exp4_fixed_3,2346,730.5115,3.4833345,0.39564967,1.0,0.0,17.0
exp4_fixed_3,2347,720.93066,1.8631247,0.5205731,1.0,0.0,39.0
exp4_fixed_3,2348,716.6038,2.3904092,0.58049005,1.0,0.0,27.0
exp4_fixed_3,2349,650.32245,2.3295393,0.6797071,1.0,0.0,22.0
exp4_fixed_3,2350,608.2826,1.9351124,0.59742457,1.0,0.0,24.0
exp4_fixed_3,2351,715.66125,2.519577,0.5090643,1.0,0.0,29.0
exp4_fixed_3,2352,646.6383,3.1882515,0.39815417,1.0,0.0,15.0
exp4_fixed_3,2353,652.9681,2.5129673,0.4030688,1.0,0.0,21.0
exp4_fixed_3,2354,742.8384,2.192138,0.59964186,1.0,0.0,38.0
exp4_fixed_3,2355,718.2805,3.1857052,0.47426715,1.0,0.0,18.0
exp4_fixed_3,2356,704.9486,2.830442,0.5698008,1.0,0.0,20.0
exp4_fixed_3,2357,605.8551,2.5664678,0.55650455,1.0,0.0,16.0
exp4_fixed_3,2358,734.4675,2.6975596,0.6804587,1.0,0.0,26.0
exp4_fixed_3,2359,711.6047,3.082129,0.55142516,1.0,0.0,21.0
exp4_fixed_3,2361,744.4127,3.1534588,0.52373093,1.0,0.0,21.0
exp4_fixed_3,2362,699.5211,3.3658984,0.4915691,1.0,0.0,18.0
exp4_fixed_3,2363,632.4577,3.351546,0.5726996,1.0,0.0,13.0
exp4_fixed_3,2364,604.6128,2.7768414,0.68590254,1.0,0.0,16.0
exp4_fixed_3,2365,610.6289,2.4298775,0.57032037,1.0,0.0,19.0
exp4_fixed_3,2366,629.99347,2.3436897,0.45076337,1.0,0.0,20.0
exp4_fixed_3,2367,617.42664,3.0490499,0.6615002,1.0,0.0,16.0
exp4_fixed_3,2368,736.22394,2.2493148,0.60266304,1.0,0.0,29.0
exp4_fixed_3,2369,766.6544,1.9035614,0.6049541,1.0,0.0,45.0
exp4_fixed_3,2370,653.4314,3.160622,0.44838616,1.0,0.0,15.0
exp4_fixed_3,2371,691.4315,2.214005,0.5032696,1.0,0.0,24.0
exp4_fixed_3,2372,625.8887,2.0699823,0.6118215,1.0,0.0,24.0
exp4_fixed_3,2373,710.66003,2.943252,0.5366875,1.0,0.0,20.0
exp4_fixed_3,2374,599.99713,3.0636826,0.3601868,1.0,0.0,12.0
exp4_fixed_3,2375,603.7173,2.5010865,0.48941678,1.0,0.0,16.0
exp4_fixed_3,2376,634.1378,2.0110948,0.5222139,1.0,0.0,22.0
exp4_fixed_3,2377,683.9915,1.6084195,0.594894,1.0,0.0,46.0
exp4_fixed_3,2378,651.0429,1.979167,0.44097933,1.0,0.0,29.0
exp4_fixed_3,2379,731.57806,2.9909017,0.3725875,1.0,0.0,23.0
exp4_fixed_3,2381,719.9989,2.5225291,0.41254416,1.0,0.0,24.0
exp4_fixed_3,2382,691.2233,2.5121202,0.55186415,1.0,0.0,25.0
exp4_fixed_3,2383,775.01294,3.0868113,0.33351225,1.0,0.0,23.0
exp4_fixed_3,2384,620.8647,3.420486,0.5355427,1.0,0.0,14.0
exp4_fixed_3,2385,680.1782,2.3955305,0.60809743,1.0,0.0,24.0
exp4_fixed_3,2386,610.397,1.8936597,0.5898344,1.0,0.0,27.0
exp4_fixed_3,2387,586.88885,1.4454948,0.74518466,1.0,0.0,31.0
exp4_fixed_3,2388,651.637,2.13895,0.63870394,1.0,0.0,27.0
exp4_fixed_3,2389,683.16534,1.4144615,0.70767164,1.0,0.0,61.0
exp4_fixed_3,2390,562.7467,1.7960987,0.5488512,1.0,0.0,18.0
exp4_fixed_3,2391,623.156,2.3047261,0.5605979,1.0,0.0,19.0
exp4_fixed_3,2392,745.56226,3.4667327,0.3986864,1.0,0.0,19.0
exp4_fixed_3,2393,727.87695,2.1353254,0.54789186,1.0,0.0,31.0
exp4_fixed_3,2394,585.0821,2.363673,0.4988148,1.0,0.0,16.0
exp4_fixed_3,2395,560.13025,1.8059752,0.50508046,1.0,0.0,18.0
exp4_fixed_3,2396,714.2682,2.3451383,0.42479023,1.0,0.0,25.0
exp4_fixed_3,2397,626.83307,2.7543972,0.48048458,1.0,0.0,19.0
exp4_fixed_3,2398,715.0139,3.2433412,0.45812953,1.0,0.0,18.0
exp4_fixed_3,2399,672.1251,3.6667218,0.43737787,1.0,0.0,13.0
exp4_fixed_3,2401,684.95483,2.1702032,0.61007386,1.0,0.0,33.0
exp4_fixed_3,2402,654.9663,1.3234338,0.6387016,1.0,0.0,54.0
exp4_fixed_3,2403,648.38794,2.1888323,0.3542329,1.0,0.0,25.0
exp4_fixed_3,2404,639.5814,2.5795157,0.5535829,1.0,0.0,18.0
exp4_fixed_3,2405,745.6168,1.530346,0.7087095,1.0,0.0,57.0
exp4_fixed_3,2406,592.27625,3.6244874,0.3617153,1.0,0.0,10.0
exp4_fixed_3,2407,671.94855,2.3085318,0.59448653,1.0,0.0,27.0
exp4_fixed_3,2408,692.72064,1.9194878,0.5016073,1.0,0.0,35.0
exp4_fixed_3,2409,662.0519,2.674057,0.4398602,1.0,0.0,21.0
exp4_fixed_3,2410,683.39575,3.0825653,0.5047036,1.0,0.0,17.0
exp4_fixed_3,2411,612.57764,1.6905437,0.74099267,1.0,0.0,33.0
exp4_fixed_3,2412,607.92554,3.1215737,0.5849086,1.0,0.0,14.0
exp4_fixed_3,2413,719.3457,3.2977717,0.5074127,1.0,0.0,21.0
exp4_fixed_3,2414,618.42224,2.1458108,0.66664374,1.0,0.0,22.0
exp4_fixed_3,2415,593.7931,2.3708143,0.5214854,1.0,0.0,17.0
exp4_fixed_3,2416,541.40216,2.3814929,0.42856196,1.0,0.0,12.0
exp4_fixed_3,2417,706.7344,2.598385,0.45492324,1.0,0.0,23.0
exp4_fixed_3,2418,627.4142,2.8691134,0.5167731,1.0,0.0,15.0
exp4_fixed_3,2419,544.85144,0.9047182,0.7708467,1.0,0.0,46.0
exp4_fixed_3,2421,646.0593,2.7367055,0.4439838,1.0,0.0,19.0
exp4_fixed_3,2422,695.2332,3.076798,0.52989113,1.0,0.0,20.0
exp4_fixed_3,2423,673.58716,2.927974,0.5373081,1.0,0.0,20.0
exp4_fixed_3,2424,602.93365,2.8105314,0.53143996,1.0,0.0,16.0
exp4_fixed_3,2425,595.29755,3.5182366,0.3311445,1.0,0.0,10.0
exp4_fixed_3,2426,681.7533,2.481575,0.6820415,1.0,0.0,26.0
exp4_fixed_3,2427,619.4453,2.886904,0.52218026,1.0,0.0,15.0
exp4_fixed_3,2428,651.4529,1.9989982,0.5990985,1.0,0.0,24.0
exp4_fixed_3,2429,661.8386,2.4553635,0.506805,1.0,0.0,24.0
exp4_fixed_3,2430,607.32294,1.9866555,0.645155,1.0,0.0,22.0
exp4_fixed_3,2431,694.17615,2.7794611,0.5348615,1.0,0.0,21.0
exp4_fixed_3,2432,721.7095,2.1637273,0.6138938,1.0,0.0,40.0
exp4_fixed_3,2433,629.66736,2.2849686,0.62664306,1.0,0.0,23.0
exp4_fixed_3,2434,755.2765,3.2969255,0.3816368,1.0,0.0,22.0
exp4_fixed_3,2435,685.6548,2.794213,0.55043334,1.0,0.0,19.0
exp4_fixed_3,2436,-115.13444,3.4178207,0.3759826,0.0,1.0,3.0
exp4_fixed_3,2437,647.88574,2.3411093,0.60751945,1.0,0.0,21.0
exp4_fixed_3,2438,581.08765,1.5098003,0.6476491,1.0,0.0,32.0
exp4_fixed_3,2439,710.0299,2.4889555,0.47835174,1.0,0.0,27.0
exp4_fixed_3,2441,730.038,3.0040402,0.2695044,1.0,0.0,21.0
exp4_fixed_3,2442,745.292,3.0150533,0.5369655,1.0,0.0,21.0
exp4_fixed_3,2443,718.5161,2.254913,0.5879616,1.0,0.0,36.0
exp4_fixed_3,2444,579.07385,1.6750455,0.6775616,1.0,0.0,27.0
exp4_fixed_3,2445,763.1379,2.973243,0.5923362,1.0,0.0,22.0
exp4_fixed_3,2446,684.8869,2.2958047,0.63196903,1.0,0.0,30.0
exp4_fixed_3,2447,684.6949,2.4168613,0.38638723,1.0,0.0,24.0
exp4_fixed_3,2448,703.7827,2.741478,0.47822627,1.0,0.0,20.0
exp4_fixed_3,2449,755.70325,2.6734397,0.52428615,1.0,0.0,24.0
exp4_fixed_3,2450,730.1107,2.584411,0.51191765,1.0,0.0,29.0
exp4_fixed_3,2451,763.33154,3.1176744,0.39815292,1.0,0.0,22.0
exp4_fixed_3,2452,554.7512,2.2197514,0.7662786,1.0,0.0,16.0
exp4_fixed_3,2453,717.8314,2.059324,0.67144275,1.0,0.0,33.0
exp4_fixed_3,2454,671.947,2.6571603,0.5075885,1.0,0.0,20.0
exp4_fixed_3,2455,638.76825,1.9128196,0.6259289,1.0,0.0,26.0
exp4_fixed_3,2456,683.9271,1.8700399,0.5714347,1.0,0.0,40.0
exp4_fixed_3,2457,687.66815,2.684856,0.580206,1.0,0.0,25.0
exp4_fixed_3,2458,764.66895,2.3935814,0.54642445,1.0,0.0,35.0
exp4_fixed_3,2459,709.06433,2.2553968,0.63121283,1.0,0.0,31.0
exp4_fixed_3,2461,682.5176,2.6235468,0.56320906,1.0,0.0,22.0
exp4_fixed_3,2462,676.24695,3.1523776,0.47142124,1.0,0.0,19.0
exp4_fixed_3,2463,673.89526,3.243121,0.50057894,1.0,0.0,19.0
exp4_fixed_3,2464,641.0564,3.2309337,0.4413124,1.0,0.0,16.0
exp4_fixed_3,2465,696.50757,3.1831589,0.5058069,1.0,0.0,20.0
exp4_fixed_3,2466,734.3334,2.259496,0.58345574,1.0,0.0,34.0
exp4_fixed_3,2467,701.0695,2.324505,0.7089292,1.0,0.0,29.0
exp4_fixed_3,2468,593.67365,1.7872945,0.508399,1.0,0.0,21.0
exp4_fixed_3,2469,622.37036,1.8487395,0.64181614,1.0,0.0,33.0
exp4_fixed_3,2470,599.7068,3.5314724,0.36925858,1.0,0.0,13.0
exp4_fixed_3,2471,632.8634,2.1612267,0.4526096,1.0,0.0,23.0
exp4_fixed_3,2472,629.42847,2.278272,0.6649095,1.0,0.0,21.0
exp4_fixed_3,2473,-125.711075,3.9925196,0.48411644,0.0,1.0,2.0
exp4_fixed_3,2474,670.3732,2.6692624,0.47279885,1.0,0.0,22.0
exp4_fixed_3,2475,681.92346,2.8049135,0.6852472,1.0,0.0,19.0
exp4_fixed_3,2476,712.44305,2.837623,0.4735138,1.0,0.0,23.0
exp4_fixed_3,2477,697.42566,3.243184,0.40027133,1.0,0.0,17.0
exp4_fixed_3,2478,651.83563,2.034903,0.65389293,1.0,0.0,31.0
exp4_fixed_3,2479,709.9933,2.4650362,0.47871366,1.0,0.0,28.0
exp4_fixed_3,2481,595.8423,2.5894682,0.6332987,1.0,0.0,18.0
exp4_fixed_3,2482,620.3184,1.0363784,0.7094117,1.0,0.0,65.0
exp4_fixed_3,2483,590.524,2.1863718,0.6731004,1.0,0.0,22.0
exp4_fixed_3,2484,549.1372,1.0498405,0.6606857,1.0,0.0,30.0
exp4_fixed_3,2485,780.9309,2.7844615,0.44281304,1.0,0.0,26.0
exp4_fixed_3,2486,753.821,2.7043974,0.37181163,1.0,0.0,27.0
exp4_fixed_3,2487,-126.536125,4.4011106,0.346263,0.0,1.0,2.0
exp4_fixed_3,2488,661.91626,2.9164762,0.4471559,1.0,0.0,18.0
exp4_fixed_3,2489,516.5111,2.0666606,0.69831854,1.0,0.0,13.0
exp4_fixed_3,2490,598.8715,2.7303114,0.25287902,1.0,0.0,15.0
exp4_fixed_3,2491,627.9048,2.726824,0.5622867,1.0,0.0,17.0
exp4_fixed_3,2492,581.31805,2.921494,0.43508092,1.0,0.0,10.0
exp4_fixed_3,2493,579.57806,1.6697574,0.7531833,1.0,0.0,30.0
exp4_fixed_3,2494,619.92804,3.0809047,0.49325296,1.0,0.0,13.0
exp4_fixed_3,2495,658.1294,1.9410685,0.4313446,1.0,0.0,29.0
exp4_fixed_3,2496,709.62463,3.1007638,0.54722434,1.0,0.0,18.0
exp4_fixed_3,2497,588.50354,1.1709464,0.58159727,1.0,0.0,52.0
exp4_fixed_3,2498,636.9298,2.9243922,0.47003126,1.0,0.0,16.0
exp4_fixed_3,2499,731.5211,2.7119288,0.31472042,1.0,0.0,23.0
exp4_fixed_3,2501,639.88403,2.8146122,0.49396515,1.0,0.0,19.0
exp4_fixed_3,2502,699.94995,2.6025093,0.5890938,1.0,0.0,23.0
exp4_fixed_3,2503,633.45605,2.7757964,0.515945,1.0,0.0,17.0
exp4_fixed_3,2504,660.35614,2.5091286,0.41748285,1.0,0.0,22.0
exp4_fixed_3,2505,693.6524,1.8135267,0.63538337,1.0,0.0,36.0
exp4_fixed_3,2506,650.241,2.6090527,0.598139,1.0,0.0,19.0
exp4_fixed_3,2507,720.56055,2.341357,0.41973686,1.0,0.0,30.0
exp4_fixed_3,2508,741.9762,3.01255,0.48038754,1.0,0.0,25.0
exp4_fixed_3,2509,685.06445,2.8957021,0.36466548,1.0,0.0,22.0
exp4_fixed_3,2510,696.3655,2.7274957,0.60155886,1.0,0.0,23.0
exp4_fixed_3,2511,529.6564,2.5352304,0.596575,1.0,0.0,11.0
exp4_fixed_3,2512,752.38965,3.1123762,0.57294947,1.0,0.0,22.0
exp4_fixed_3,2513,604.72864,1.2317866,0.7370818,1.0,0.0,52.0
exp4_fixed_3,2514,719.8523,3.3538098,0.38334647,1.0,0.0,18.0
exp4_fixed_3,2515,729.46423,2.8833163,0.51054853,1.0,0.0,25.0
exp4_fixed_3,2516,744.4917,2.4096427,0.52357596,1.0,0.0,31.0
exp4_fixed_3,2517,733.9571,2.9736497,0.49628928,1.0,0.0,23.0
exp4_fixed_3,2518,640.7091,2.482939,0.58250624,1.0,0.0,18.0
exp4_fixed_3,2519,634.4207,2.9888663,0.51105106,1.0,0.0,16.0
exp4_fixed_3,2521,709.70795,2.306256,0.5055814,1.0,0.0,33.0
exp4_fixed_3,2522,681.802,3.1170874,0.30915818,1.0,0.0,17.0
exp4_fixed_3,2523,660.8533,1.7883973,0.58885306,1.0,0.0,33.0
exp4_fixed_3,2524,716.967,2.517963,0.43500927,1.0,0.0,24.0
exp4_fixed_3,2525,657.7382,2.9397244,0.62838054,1.0,0.0,19.0
exp4_fixed_3,2526,670.4046,2.3794036,0.6334161,1.0,0.0,25.0
exp4_fixed_3,2527,668.28827,3.3815932,0.6340339,1.0,0.0,16.0
exp4_fixed_3,2528,4.4096527,1.1976441,0.63679016,0.0,1.0,37.0
exp4_fixed_3,2529,599.3023,2.7039762,0.6340229,1.0,0.0,17.0
exp4_fixed_3,2530,703.6043,2.5518062,0.5700271,1.0,0.0,27.0
exp4_fixed_3,2531,753.08374,2.7959917,0.48114094,1.0,0.0,21.0
exp4_fixed_3,2532,684.93396,2.8965192,0.55133337,1.0,0.0,19.0
exp4_fixed_3,2533,665.87976,1.76216,0.5772015,1.0,0.0,41.0
exp4_fixed_3,2534,679.00714,2.0588691,0.5013987,1.0,0.0,31.0
exp4_fixed_3,2535,719.54486,3.3774683,0.37845415,1.0,0.0,15.0
exp4_fixed_3,2536,684.6731,2.3157475,0.6247826,1.0,0.0,28.0
exp4_fixed_3,2537,610.4512,2.6374469,0.53844047,1.0,0.0,17.0
exp4_fixed_3,2538,744.9226,2.9890375,0.45900333,1.0,0.0,22.0
exp4_fixed_3,2539,670.656,2.50389,0.455481,1.0,0.0,20.0
exp4_fixed_3,2541,739.83264,2.5519025,0.52781034,1.0,0.0,31.0
exp4_fixed_3,2542,600.5371,2.2852268,0.55714154,1.0,0.0,19.0
exp4_fixed_3,2543,632.36945,2.0074086,0.42074037,1.0,0.0,24.0
exp4_fixed_3,2544,540.42175,1.7592665,0.66508764,1.0,0.0,18.0
exp4_fixed_3,2545,-22.245857,4.2430663,0.33590588,0.0,1.0,6.0
exp4_fixed_3,2546,600.31366,2.8913717,0.53884023,1.0,0.0,13.0
exp4_fixed_3,2547,696.89795,3.298209,0.4680181,1.0,0.0,17.0
exp4_fixed_3,2548,686.8722,2.9675264,0.4552144,1.0,0.0,20.0
exp4_fixed_3,2549,713.4541,2.8367748,0.4687827,1.0,0.0,21.0
exp4_fixed_3,2550,756.2118,1.6701547,0.34292355,1.0,0.0,43.0
exp4_fixed_3,2551,609.18695,1.5104883,0.7162114,1.0,0.0,42.0
exp4_fixed_3,2552,756.86224,2.3562088,0.68788534,1.0,0.0,29.0
exp4_fixed_3,2553,653.4972,3.1521316,0.39175126,1.0,0.0,16.0
exp4_fixed_3,2554,639.8613,3.0734797,0.32209393,1.0,0.0,15.0
exp4_fixed_3,2555,692.3056,2.7459333,0.7105976,1.0,0.0,22.0
exp4_fixed_3,2556,706.6259,2.9627392,0.4990718,1.0,0.0,17.0
exp4_fixed_3,2557,652.7082,2.6649697,0.46926114,1.0,0.0,23.0
exp4_fixed_3,2558,604.58636,2.188473,0.63391817,1.0,0.0,21.0
exp4_fixed_3,2559,681.7512,2.0671382,0.44647238,1.0,0.0,29.0
exp4_fixed_3,2561,715.0076,2.261968,0.6235856,1.0,0.0,28.0
exp4_fixed_3,2562,626.7593,1.9236566,0.4275668,1.0,0.0,25.0
exp4_fixed_3,2563,626.94086,1.2482495,0.73133266,1.0,0.0,45.0
exp4_fixed_3,2564,617.91766,2.726656,0.6430036,1.0,0.0,17.0
exp4_fixed_3,2565,625.1388,2.8068724,0.4481789,1.0,0.0,18.0
exp4_fixed_3,2566,617.6299,2.8904424,0.68272066,1.0,0.0,17.0
exp4_fixed_3,2567,675.31335,2.253153,0.5630175,1.0,0.0,23.0
exp4_fixed_3,2568,695.8865,3.0906312,0.40697253,1.0,0.0,17.0
exp4_fixed_3,2569,694.76794,3.007111,0.5305929,1.0,0.0,20.0
exp4_fixed_3,2570,753.86914,2.8210251,0.48897678,1.0,0.0,22.0
exp4_fixed_3,2571,661.99274,2.9337535,0.46711248,1.0,0.0,18.0
exp4_fixed_3,2572,678.6575,1.7975963,0.63144624,1.0,0.0,42.0
exp4_fixed_3,2573,529.4336,2.5655973,0.54819316,1.0,0.0,11.0
exp4_fixed_3,2574,661.8119,2.3925588,0.5250499,1.0,0.0,23.0
exp4_fixed_3,2575,625.82324,2.3685572,0.58014405,1.0,0.0,22.0
exp4_fixed_3,2576,653.6976,2.359177,0.48949128,1.0,0.0,22.0
exp4_fixed_3,2577,678.52075,2.1189766,0.5757787,1.0,0.0,30.0
exp4_fixed_3,2578,605.8368,1.8790495,0.56692433,1.0,0.0,25.0
exp4_fixed_3,2579,691.1416,2.427441,0.59581465,1.0,0.0,25.0
exp4_fixed_3,2581,528.2607,2.0178592,0.624226,1.0,0.0,14.0
exp4_fixed_3,2582,689.98193,1.9958152,0.57940096,1.0,0.0,37.0
exp4_fixed_3,2583,625.8029,2.900495,0.41454205,1.0,0.0,15.0
exp4_fixed_3,2584,620.5139,2.5009344,0.40515515,1.0,0.0,18.0
exp4_fixed_3,2585,751.004,2.2256951,0.67595035,1.0,0.0,36.0
exp4_fixed_3,2586,546.9807,2.7323198,0.4025278,1.0,0.0,11.0
exp4_fixed_3,2587,607.734,3.598329,0.2756516,1.0,0.0,10.0
exp4_fixed_3,2588,708.49664,2.731299,0.5226263,1.0,0.0,23.0
exp4_fixed_3,2589,688.131,1.683768,0.6952141,1.0,0.0,39.0
exp4_fixed_3,2590,734.88654,2.2954996,0.4088846,1.0,0.0,29.0
exp4_fixed_3,2591,632.7012,1.4178395,0.33580402,1.0,0.0,35.0
exp4_fixed_3,2592,717.2301,3.536045,0.4181878,1.0,0.0,16.0
exp4_fixed_3,2593,564.8392,2.8793452,0.52335,1.0,0.0,10.0
exp4_fixed_3,2594,613.7962,2.3982995,0.5626555,1.0,0.0,16.0
exp4_fixed_3,2595,620.60144,1.6295439,0.6407294,1.0,0.0,28.0
exp4_fixed_3,2596,687.1068,1.6314337,0.4708755,1.0,0.0,40.0
exp4_fixed_3,2597,683.47217,3.198091,0.46144766,1.0,0.0,18.0
exp4_fixed_3,2598,728.88684,2.5553846,0.389959,1.0,0.0,29.0
exp4_fixed_3,2599,608.17786,2.6782992,0.58976215,1.0,0.0,15.0
exp4_fixed_3,2601,731.85754,3.032264,0.44806936,1.0,0.0,22.0
exp4_fixed_3,2602,609.9387,2.641943,0.5964693,1.0,0.0,16.0
exp4_fixed_3,2603,742.1223,3.3787115,0.31408203,1.0,0.0,21.0
exp4_fixed_3,2604,613.26636,3.11932,0.6319038,1.0,0.0,14.0
exp4_fixed_3,2605,710.9951,3.1851406,0.42025688,1.0,0.0,21.0
exp4_fixed_3,2606,560.0272,1.4647189,0.6947899,1.0,0.0,35.0
exp4_fixed_3,2607,723.60046,2.9892642,0.45688373,1.0,0.0,20.0
exp4_fixed_3,2608,609.50085,2.3793652,0.6815667,1.0,0.0,21.0
exp4_fixed_3,2609,740.879,2.692039,0.37904832,1.0,0.0,28.0
exp4_fixed_3,2610,660.31726,2.2096233,0.6223932,1.0,0.0,22.0
exp4_fixed_3,2611,638.1738,2.3788137,0.5540531,1.0,0.0,17.0
exp4_fixed_3,2612,624.9635,2.3950098,0.6006775,1.0,0.0,21.0
exp4_fixed_3,2613,100.08919,2.5982502,0.5060868,0.0,1.0,21.0
exp4_fixed_3,2614,701.63306,2.3344262,0.5312372,1.0,0.0,25.0
exp4_fixed_3,2615,534.9296,3.1059058,0.42146793,1.0,0.0,8.0
exp4_fixed_3,2616,669.5668,2.3967724,0.6329249,1.0,0.0,27.0
exp4_fixed_3,2617,696.83276,2.2701604,0.5335029,1.0,0.0,25.0
exp4_fixed_3,2618,758.0173,2.6184573,0.5583624,1.0,0.0,26.0
exp4_fixed_3,2619,705.27295,2.2319918,0.5651486,1.0,0.0,31.0
exp4_fixed_3,2621,638.869,2.6327722,0.48659125,1.0,0.0,20.0
exp4_fixed_3,2622,692.8433,2.229586,0.5427116,1.0,0.0,29.0
exp4_fixed_3,2623,659.8464,1.5328667,0.6455124,1.0,0.0,40.0
exp4_fixed_3,2624,632.5343,3.0928316,0.5812895,1.0,0.0,18.0
exp4_fixed_3,2625,645.8356,2.672756,0.50135154,1.0,0.0,17.0
exp4_fixed_3,2626,619.25604,2.765469,0.5258092,1.0,0.0,14.0
exp4_fixed_3,2627,627.5563,2.6626973,0.4008776,1.0,0.0,18.0
exp4_fixed_3,2628,568.50073,2.8432107,0.4688773,1.0,0.0,11.0
exp4_fixed_3,2629,653.08997,3.3562186,0.49069008,1.0,0.0,14.0
exp4_fixed_3,2630,682.4177,3.1096423,0.4725014,1.0,0.0,18.0
exp4_fixed_3,2631,588.5469,1.9016157,0.5598301,1.0,0.0,24.0
exp4_fixed_3,2632,720.5612,2.6853294,0.5662852,1.0,0.0,22.0
exp4_fixed_3,2633,662.82367,2.7424974,0.51953876,1.0,0.0,18.0
exp4_fixed_3,2634,710.1262,2.8284323,0.51328605,1.0,0.0,22.0
exp4_fixed_3,2635,607.64465,2.6517973,0.55850726,1.0,0.0,16.0
exp4_fixed_3,2636,704.77954,3.0401177,0.46714497,1.0,0.0,23.0
exp4_fixed_3,2637,738.29114,3.0121224,0.4090041,1.0,0.0,22.0
exp4_fixed_3,2638,730.2606,2.9981444,0.4278433,1.0,0.0,22.0
exp4_fixed_3,2639,732.1303,2.56176,0.5053717,1.0,0.0,29.0
exp4_fixed_3,2641,681.4075,2.8453565,0.51179147,1.0,0.0,20.0
exp4_fixed_3,2642,527.18555,1.621535,0.6492745,1.0,0.0,21.0
exp4_fixed_3,2643,-38.692795,3.5563717,0.5460076,0.0,1.0,8.0
exp4_fixed_3,2644,729.6842,2.2434297,0.54022163,1.0,0.0,33.0
exp4_fixed_3,2645,681.9501,3.1097648,0.27363056,1.0,0.0,17.0
exp4_fixed_3,2646,663.2854,3.1599228,0.3567142,1.0,0.0,16.0
exp4_fixed_3,2647,733.5261,3.054035,0.38944483,1.0,0.0,22.0
exp4_fixed_3,2648,747.199,2.852695,0.40536922,1.0,0.0,27.0
exp4_fixed_3,2649,542.9111,2.1472185,0.6030678,1.0,0.0,13.0
exp4_fixed_3,2650,632.85364,3.1887302,0.46360114,1.0,0.0,12.0
exp4_fixed_3,2651,701.5635,1.8766845,0.6170633,1.0,0.0,35.0
exp4_fixed_3,2652,709.30286,2.6495461,0.56728095,1.0,0.0,23.0
exp4_fixed_3,2653,613.56445,2.5271246,0.5935811,1.0,0.0,17.0
exp4_fixed_3,2654,540.3345,1.5611637,0.55091023,1.0,0.0,20.0
exp4_fixed_3,2655,666.5905,2.8220236,0.545702,1.0,0.0,19.0
exp4_fixed_3,2656,630.84924,2.3874888,0.42247018,1.0,0.0,21.0
exp4_fixed_3,2657,640.7664,2.5316184,0.4619856,1.0,0.0,18.0
exp4_fixed_3,2658,658.37744,2.5919766,0.5524566,1.0,0.0,18.0
exp4_fixed_3,2659,670.4935,2.9577882,0.44294506,1.0,0.0,17.0
exp4_fixed_3,2661,649.7832,2.3740797,0.5547246,1.0,0.0,21.0
exp4_fixed_3,2662,647.85657,2.2403579,0.40935272,1.0,0.0,21.0
exp4_fixed_3,2663,624.2871,2.0180924,0.6674772,1.0,0.0,25.0
exp4_fixed_3,2664,676.2427,2.7556581,0.48948723,1.0,0.0,18.0
exp4_fixed_3,2665,743.1069,2.470087,0.56018865,1.0,0.0,29.0
exp4_fixed_3,2666,604.7273,1.9314919,0.59391415,1.0,0.0,24.0
exp4_fixed_3,2667,732.4209,2.9349992,0.5608291,1.0,0.0,22.0
exp4_fixed_3,2668,607.1177,2.3275633,0.45373768,1.0,0.0,18.0
exp4_fixed_3,2669,633.58484,2.651006,0.542318,1.0,0.0,17.0
exp4_fixed_3,2670,678.4519,1.9826647,0.7056863,1.0,0.0,30.0
exp4_fixed_3,2671,729.0847,3.174813,0.49970436,1.0,0.0,20.0
exp4_fixed_3,2672,719.4757,2.115667,0.59160495,1.0,0.0,36.0
exp4_fixed_3,2673,504.54773,1.7795078,0.6502384,1.0,0.0,15.0
exp4_fixed_3,2674,706.6561,3.037821,0.5269365,1.0,0.0,20.0
exp4_fixed_3,2675,715.3529,3.734049,0.51628155,1.0,0.0,15.0
exp4_fixed_3,2676,543.10016,3.6496947,0.43532372,1.0,0.0,7.0
exp4_fixed_3,2677,739.66974,2.932434,0.44951552,1.0,0.0,21.0
exp4_fixed_3,2678,603.79724,2.487121,0.38137737,1.0,0.0,15.0
exp4_fixed_3,2679,614.7793,3.196865,0.5029617,1.0,0.0,12.0
exp4_fixed_3,2681,702.8919,3.32138,0.51035553,1.0,0.0,19.0
exp4_fixed_3,2682,689.83167,2.8009286,0.6094848,1.0,0.0,21.0
exp4_fixed_3,2683,635.4746,1.3092945,0.6618076,1.0,0.0,52.0
exp4_fixed_3,2684,620.7376,2.4243987,0.5850651,1.0,0.0,21.0
exp4_fixed_3,2685,629.30865,1.4680169,0.6439515,1.0,0.0,45.0
exp4_fixed_3,2686,648.9094,2.4082441,0.6132243,1.0,0.0,20.0
exp4_fixed_3,2687,640.95404,3.0564878,0.34926772,1.0,0.0,16.0
exp4_fixed_3,2688,745.61975,2.7319748,0.44563437,1.0,0.0,28.0
exp4_fixed_3,2689,616.8271,1.7661787,0.46816713,1.0,0.0,28.0
exp4_fixed_3,2690,762.1414,2.6117747,0.5058705,1.0,0.0,30.0
exp4_fixed_3,2691,747.847,2.119526,0.6863227,1.0,0.0,34.0
exp4_fixed_3,2692,725.2245,3.0824358,0.5688498,1.0,0.0,22.0
exp4_fixed_3,2693,624.93854,2.0426342,0.5640265,1.0,0.0,23.0
exp4_fixed_3,2694,717.327,2.965737,0.49290136,1.0,0.0,22.0
exp4_fixed_3,2695,743.21045,2.8380535,0.3759044,1.0,0.0,24.0
exp4_fixed_3,2696,740.2879,2.361438,0.5071512,1.0,0.0,30.0
exp4_fixed_3,2697,656.55273,2.861079,0.40836933,1.0,0.0,18.0
exp4_fixed_3,2698,641.13257,1.9374244,0.5611717,1.0,0.0,29.0
exp4_fixed_3,2699,611.17755,2.5562303,0.5498272,1.0,0.0,17.0
exp4_fixed_3,2701,738.6492,3.096409,0.44321388,1.0,0.0,23.0
exp4_fixed_3,2702,629.1887,2.0007875,0.60666543,1.0,0.0,26.0
exp4_fixed_3,2703,696.1841,2.7690592,0.55788654,1.0,0.0,23.0
exp4_fixed_3,2704,625.612,1.6351851,0.65554047,1.0,0.0,38.0
exp4_fixed_3,2705,739.7431,2.5946887,0.48570886,1.0,0.0,28.0
exp4_fixed_3,2706,759.77673,3.2310143,0.3919381,1.0,0.0,19.0
exp4_fixed_3,2707,733.5259,1.983424,0.61996955,1.0,0.0,40.0
exp4_fixed_3,2708,722.0526,1.7916708,0.6959694,1.0,0.0,40.0
exp4_fixed_3,2709,599.0597,2.1186917,0.60549724,1.0,0.0,21.0
exp4_fixed_3,2710,603.8107,2.2493758,0.55709237,1.0,0.0,17.0
exp4_fixed_3,2711,642.1952,2.1015651,0.68031687,1.0,0.0,24.0
exp4_fixed_3,2712,619.1703,2.505205,0.52376825,1.0,0.0,18.0
exp4_fixed_3,2713,696.43164,3.6200545,0.455421,1.0,0.0,15.0
exp4_fixed_3,2714,771.77466,2.8800578,0.37411535,1.0,0.0,27.0
exp4_fixed_3,2715,678.8942,2.881428,0.5223637,1.0,0.0,17.0
exp4_fixed_3,2716,730.96155,2.9099903,0.36709714,1.0,0.0,24.0
exp4_fixed_3,2717,614.2975,2.6684604,0.58062047,1.0,0.0,15.0
exp4_fixed_3,2718,622.0996,3.7575984,0.21374626,1.0,0.0,9.0
exp4_fixed_3,2719,746.9184,3.5781116,0.35631102,1.0,0.0,16.0
exp4_fixed_3,2721,585.27856,2.5385392,0.39840025,1.0,0.0,14.0
exp4_fixed_3,2722,705.15137,2.3723774,0.5972754,1.0,0.0,28.0
exp4_fixed_3,2723,703.34766,2.5762699,0.5487693,1.0,0.0,21.0
exp4_fixed_3,2724,734.3888,3.2603705,0.4289255,1.0,0.0,19.0
exp4_fixed_3,2725,742.69434,1.5817541,0.2632663,1.0,0.0,45.0
exp4_fixed_3,2726,761.73047,2.8513136,0.5132803,1.0,0.0,22.0
exp4_fixed_3,2727,748.2761,2.549892,0.495559,1.0,0.0,29.0
exp4_fixed_3,2728,753.64294,2.6595888,0.280555,1.0,0.0,25.0
exp4_fixed_3,2729,681.63184,2.5959146,0.2392638,1.0,0.0,20.0
exp4_fixed_3,2730,675.12537,1.7266563,0.55282,1.0,0.0,40.0
exp4_fixed_3,2731,694.8119,2.4696507,0.5422103,1.0,0.0,28.0
exp4_fixed_3,2732,673.0448,2.3639302,0.52259135,1.0,0.0,22.0
exp4_fixed_3,2733,723.9702,3.1405625,0.40537176,1.0,0.0,19.0
exp4_fixed_3,2734,620.288,1.6944109,0.48550928,1.0,0.0,29.0
exp4_fixed_3,2735,584.9939,2.9624202,0.6461033,1.0,0.0,14.0
exp4_fixed_3,2736,558.20374,2.1862624,0.58038133,1.0,0.0,13.0
exp4_fixed_3,2737,655.03345,2.3090987,0.33971104,1.0,0.0,21.0
exp4_fixed_3,2738,713.64746,2.4958982,0.53616613,1.0,0.0,27.0
exp4_fixed_3,2739,710.1861,2.6478505,0.50324637,1.0,0.0,26.0
exp4_fixed_3,2741,609.50806,2.2702308,0.6268317,1.0,0.0,25.0
exp4_fixed_3,2742,695.78784,2.817059,0.4536501,1.0,0.0,20.0
exp4_fixed_3,2743,700.047,3.0003753,0.5042684,1.0,0.0,22.0
exp4_fixed_3,2744,611.88525,2.147841,0.52945083,1.0,0.0,22.0
exp4_fixed_3,2745,675.6371,2.816496,0.58396137,1.0,0.0,21.0
exp4_fixed_3,2746,638.2759,2.4397392,0.5431412,1.0,0.0,18.0
exp4_fixed_3,2747,751.2627,2.636339,0.54086304,1.0,0.0,28.0
exp4_fixed_3,2748,633.2954,1.7210628,0.6813441,1.0,0.0,34.0
exp4_fixed_3,2749,747.4248,2.4589603,0.54139894,1.0,0.0,27.0
exp4_fixed_3,2750,611.5205,2.7528503,0.4544391,1.0,0.0,16.0
exp4_fixed_3,2751,741.8683,2.9959967,0.5044151,1.0,0.0,22.0
exp4_fixed_3,2752,722.47424,2.940932,0.47275707,1.0,0.0,21.0
exp4_fixed_3,2753,652.56665,2.7004657,0.42838758,1.0,0.0,16.0
exp4_fixed_3,2754,573.0605,1.8534887,0.5460287,1.0,0.0,17.0
exp4_fixed_3,2755,594.9539,3.0438585,0.51555884,1.0,0.0,12.0
exp4_fixed_3,2756,680.7894,1.7887254,0.7533943,1.0,0.0,38.0
exp4_fixed_3,2757,533.1863,3.3274677,0.3745997,1.0,0.0,7.0
exp4_fixed_3,2758,635.7471,1.7397444,0.67326194,1.0,0.0,34.0
exp4_fixed_3,2759,620.3704,2.2478614,0.5244864,1.0,0.0,20.0
exp4_fixed_3,2761,767.6332,3.188091,0.3144206,1.0,0.0,23.0
exp4_fixed_3,2762,627.19586,2.769634,0.61408305,1.0,0.0,16.0
exp4_fixed_3,2763,679.0211,2.0405755,0.6748642,1.0,0.0,33.0
exp4_fixed_3,2764,701.90466,2.9127312,0.40046728,1.0,0.0,22.0
exp4_fixed_3,2765,655.14276,3.1147847,0.43566856,1.0,0.0,14.0
exp4_fixed_3,2766,798.22034,2.480286,0.30689588,1.0,0.0,31.0
exp4_fixed_3,2767,567.44855,2.4756956,0.38723436,1.0,0.0,15.0
exp4_fixed_3,2768,688.9684,2.9725397,0.33061355,1.0,0.0,17.0
exp4_fixed_3,2769,709.1776,2.5074096,0.48277357,1.0,0.0,28.0
exp4_fixed_3,2770,736.9989,2.3003054,0.61185515,1.0,0.0,30.0
exp4_fixed_3,2771,743.2145,2.475599,0.47031707,1.0,0.0,29.0
exp4_fixed_3,2772,651.18225,2.867913,0.399315,1.0,0.0,17.0
exp4_fixed_3,2773,659.65247,2.657412,0.45034426,1.0,0.0,20.0
exp4_fixed_3,2774,726.75757,2.742528,0.4407639,1.0,0.0,23.0
exp4_fixed_3,2775,701.2709,2.634714,0.5643633,1.0,0.0,22.0
exp4_fixed_3,2776,604.5653,2.336916,0.58288205,1.0,0.0,16.0
exp4_fixed_3,2777,741.69196,2.9790359,0.4313079,1.0,0.0,23.0
exp4_fixed_3,2778,725.90576,3.1988742,0.53287876,1.0,0.0,20.0
exp4_fixed_3,2779,663.5839,2.206683,0.57160187,1.0,0.0,22.0
exp4_fixed_3,2781,633.8837,2.293692,0.51839453,1.0,0.0,24.0
exp4_fixed_3,2782,514.74396,2.5757015,0.50791675,1.0,0.0,10.0
exp4_fixed_3,2783,738.24756,2.72358,0.4771293,1.0,0.0,27.0
exp4_fixed_3,2784,651.21405,2.24721,0.47750655,1.0,0.0,21.0
exp4_fixed_3,2785,691.3307,3.541169,0.35651985,1.0,0.0,15.0
exp4_fixed_3,2786,534.11127,2.6364315,0.52937055,1.0,0.0,10.0
exp4_fixed_3,2787,550.6668,1.9182768,0.6090833,1.0,0.0,16.0
exp4_fixed_3,2788,641.4601,1.7071248,0.5324049,1.0,0.0,32.0
exp4_fixed_3,2789,650.17755,2.5525007,0.52135646,1.0,0.0,18.0
exp4_fixed_3,2790,721.06433,2.6014028,0.4524139,1.0,0.0,24.0
exp4_fixed_3,2791,709.1192,3.0856683,0.32299376,1.0,0.0,19.0
exp4_fixed_3,2792,740.9817,3.1516876,0.4897113,1.0,0.0,22.0
exp4_fixed_3,2793,639.10535,2.044789,0.74411786,1.0,0.0,27.0
exp4_fixed_3,2794,660.53955,2.6091466,0.5514166,1.0,0.0,20.0
exp4_fixed_3,2795,646.6775,2.4190893,0.60493785,1.0,0.0,25.0
exp4_fixed_3,2796,725.09863,3.0679326,0.38651547,1.0,0.0,20.0
exp4_fixed_3,2797,702.2818,2.8313053,0.5152648,1.0,0.0,19.0
exp4_fixed_3,2798,701.80493,2.5774143,0.50357735,1.0,0.0,27.0
exp4_fixed_3,2799,746.80444,1.8760616,0.616477,1.0,0.0,41.0
exp4_fixed_3,2801,690.2109,2.469325,0.54124403,1.0,0.0,25.0
exp4_fixed_3,2802,586.8529,2.0598872,0.5548685,1.0,0.0,23.0
exp4_fixed_3,2803,539.3161,2.7848566,0.3940798,1.0,0.0,10.0
exp4_fixed_3,2804,686.96344,2.692511,0.5556515,1.0,0.0,23.0
exp4_fixed_3,2805,724.2792,2.4864213,0.6343197,1.0,0.0,29.0
exp4_fixed_3,2806,684.0647,2.7637622,0.57645863,1.0,0.0,21.0
exp4_fixed_3,2807,684.5873,3.199405,0.5279536,1.0,0.0,17.0
exp4_fixed_3,2808,597.9665,3.0085142,0.43288243,1.0,0.0,12.0
exp4_fixed_3,2809,725.6782,2.7771876,0.5325876,1.0,0.0,22.0
exp4_fixed_3,2810,750.484,2.7532918,0.58521354,1.0,0.0,24.0
exp4_fixed_3,2811,710.5287,2.2387917,0.6230019,1.0,0.0,31.0
exp4_fixed_3,2812,637.2481,2.5996864,0.30070674,1.0,0.0,18.0
exp4_fixed_3,2813,700.5405,3.1920025,0.5268084,1.0,0.0,20.0
exp4_fixed_3,2814,685.2274,2.9162447,0.33309314,1.0,0.0,19.0
exp4_fixed_3,2815,624.27167,3.1464274,0.37958372,1.0,0.0,13.0
exp4_fixed_3,2816,576.10095,1.9484383,0.5950722,1.0,0.0,22.0
exp4_fixed_3,2817,729.24713,2.579836,0.5157868,1.0,0.0,24.0
exp4_fixed_3,2818,673.8589,2.7771456,0.47849387,1.0,0.0,20.0
exp4_fixed_3,2819,572.5408,2.3145041,0.49103954,1.0,0.0,15.0
exp4_fixed_3,2821,660.7815,2.7935228,0.48624966,1.0,0.0,18.0
exp4_fixed_3,2822,735.6328,2.536332,0.57448393,1.0,0.0,28.0
exp4_fixed_3,2823,700.26337,2.1915936,0.6029556,1.0,0.0,34.0
exp4_fixed_3,2824,618.6196,2.0268917,0.71220165,1.0,0.0,24.0
exp4_fixed_3,2825,623.19666,2.4097388,0.64569885,1.0,0.0,18.0
exp4_fixed_3,2826,717.15454,3.1389804,0.51293516,1.0,0.0,19.0
exp4_fixed_3,2827,40.447937,1.5233787,0.6599376,0.0,1.0,43.0
exp4_fixed_3,2828,609.1941,1.5413544,0.5684723,1.0,0.0,32.0
exp4_fixed_3,2829,725.9469,1.932524,0.5461301,1.0,0.0,36.0
exp4_fixed_3,2830,578.91986,3.615704,0.3630347,1.0,0.0,9.0
exp4_fixed_3,2831,647.6101,1.6173134,0.51002127,1.0,0.0,33.0
exp4_fixed_3,2832,693.8164,2.8301191,0.5073497,1.0,0.0,22.0
exp4_fixed_3,2833,706.1282,1.8817915,0.6262545,1.0,0.0,39.0
exp4_fixed_3,2834,674.87604,2.957634,0.35647044,1.0,0.0,17.0
exp4_fixed_3,2835,668.45483,2.5769415,0.4523837,1.0,0.0,19.0
exp4_fixed_3,2836,590.8548,2.0555997,0.62946284,1.0,0.0,20.0
exp4_fixed_3,2837,631.1686,2.2431188,0.59439677,1.0,0.0,21.0
exp4_fixed_3,2838,620.6387,2.2938023,0.6353444,1.0,0.0,19.0
exp4_fixed_3,2839,693.8716,2.2184443,0.66084325,1.0,0.0,30.0
exp4_fixed_3,2841,642.11523,1.9390666,0.7762775,1.0,0.0,30.0
exp4_fixed_3,2842,622.7235,2.3569236,0.31094697,1.0,0.0,19.0
exp4_fixed_3,2843,722.15845,2.9812577,0.59580314,1.0,0.0,20.0
exp4_fixed_3,2844,630.71844,1.8137017,0.5377936,1.0,0.0,27.0
exp4_fixed_3,2845,633.8458,1.7595726,0.5247589,1.0,0.0,24.0
exp4_fixed_3,2846,647.3884,2.3856645,0.62699944,1.0,0.0,22.0
exp4_fixed_3,2847,750.59814,2.6262965,0.6145921,1.0,0.0,24.0
exp4_fixed_3,2848,544.363,1.6760527,0.696069,1.0,0.0,16.0
exp4_fixed_3,2849,542.7356,1.5562532,0.30803174,1.0,0.0,21.0
exp4_fixed_3,2850,695.3832,3.2432919,0.3834936,1.0,0.0,20.0
exp4_fixed_3,2851,739.3059,1.9664265,0.6902205,1.0,0.0,40.0
exp4_fixed_3,2852,626.1078,3.1181786,0.42950967,1.0,0.0,16.0
exp4_fixed_3,2853,647.95105,2.753417,0.45923826,1.0,0.0,18.0
exp4_fixed_3,2854,678.1743,2.5550704,0.501402,1.0,0.0,28.0
exp4_fixed_3,2855,728.27325,2.9754324,0.50101244,1.0,0.0,23.0
exp4_fixed_3,2856,607.3391,3.5968761,0.42192292,1.0,0.0,12.0
exp4_fixed_3,2857,714.64044,2.9604585,0.4129241,1.0,0.0,23.0
exp4_fixed_3,2858,714.95184,3.3404737,0.42237532,1.0,0.0,17.0
exp4_fixed_3,2859,609.4829,2.0835903,0.5795875,1.0,0.0,22.0
exp4_fixed_3,2861,644.4946,2.8657534,0.4234277,1.0,0.0,17.0
exp4_fixed_3,2862,657.3055,3.0844996,0.53281,1.0,0.0,18.0
exp4_fixed_3,2863,701.7687,2.6269188,0.49623278,1.0,0.0,22.0
exp4_fixed_3,2864,652.0808,2.5042262,0.6337193,1.0,0.0,20.0
exp4_fixed_3,2865,733.22076,1.9996818,0.60590136,1.0,0.0,38.0
exp4_fixed_3,2866,686.6384,2.8218882,0.5821619,1.0,0.0,22.0
exp4_fixed_3,2867,637.2587,2.2647676,0.6150293,1.0,0.0,20.0
exp4_fixed_3,2868,738.0939,2.5788128,0.5962531,1.0,0.0,27.0
exp4_fixed_3,2869,664.9684,3.104388,0.42791954,1.0,0.0,17.0
exp4_fixed_3,2870,652.1188,2.232567,0.5057593,1.0,0.0,26.0
exp4_fixed_3,2871,750.506,2.40178,0.4146281,1.0,0.0,29.0
exp4_fixed_3,2872,685.95825,2.9076283,0.3894238,1.0,0.0,20.0
exp4_fixed_3,2873,625.1887,2.6309192,0.3116143,1.0,0.0,15.0
exp4_fixed_3,2874,679.71344,2.2515256,0.48225173,1.0,0.0,25.0
exp4_fixed_3,2875,588.8406,1.6831433,0.42201933,1.0,0.0,23.0
exp4_fixed_3,2876,591.65515,1.9479523,0.51945716,1.0,0.0,22.0
exp4_fixed_3,2877,642.69855,1.7667055,0.45091912,1.0,0.0,29.0
exp4_fixed_3,2878,618.97253,2.5188732,0.49572545,1.0,0.0,17.0
exp4_fixed_3,2879,716.12427,2.2326329,0.57101744,1.0,0.0,29.0
exp4_fixed_3,2881,630.1224,2.9685993,0.38426602,1.0,0.0,16.0
exp4_fixed_3,2882,710.94275,2.6030993,0.6077906,1.0,0.0,22.0
exp4_fixed_3,2883,604.6483,2.398402,0.6840067,1.0,0.0,21.0
exp4_fixed_3,2884,660.49994,2.325891,0.42939457,1.0,0.0,26.0
exp4_fixed_3,2885,594.8336,2.3215773,0.5574846,1.0,0.0,19.0
exp4_fixed_3,2886,644.74756,2.1052275,0.45421195,1.0,0.0,24.0
exp4_fixed_3,2887,757.0233,3.077986,0.4617058,1.0,0.0,22.0
exp4_fixed_3,2888,621.2665,1.4862852,0.7066738,1.0,0.0,37.0
exp4_fixed_3,2889,683.21716,2.7398384,0.63965696,1.0,0.0,22.0
exp4_fixed_3,2890,642.9006,2.683827,0.37634093,1.0,0.0,20.0
exp4_fixed_3,2891,593.12103,3.2472694,0.41846278,1.0,0.0,12.0
exp4_fixed_3,2892,564.2854,1.4353899,0.61876243,1.0,0.0,43.0
exp4_fixed_3,2893,586.9869,1.6608456,0.30960047,1.0,0.0,22.0
exp4_fixed_3,2894,767.78455,2.7714732,0.40024966,1.0,0.0,28.0
exp4_fixed_3,2895,729.0597,2.5857432,0.6410608,1.0,0.0,26.0
exp4_fixed_3,2896,765.1952,2.9126945,0.38666397,1.0,0.0,26.0
exp4_fixed_3,2897,565.95807,1.9647833,0.45787707,1.0,0.0,16.0
exp4_fixed_3,2898,537.478,2.1545298,0.64827055,1.0,0.0,14.0
exp4_fixed_3,2899,612.4938,2.2679346,0.5837228,1.0,0.0,25.0
exp4_fixed_3,2901,747.10095,2.7880166,0.57761234,1.0,0.0,24.0
exp4_fixed_3,2902,704.55774,2.751558,0.44214544,1.0,0.0,22.0
exp4_fixed_3,2903,637.893,1.9286474,0.6812535,1.0,0.0,26.0
exp4_fixed_3,2904,617.22473,2.2438407,0.3902308,1.0,0.0,18.0
exp4_fixed_3,2905,612.53094,3.2781081,0.5720351,1.0,0.0,13.0
exp4_fixed_3,2906,669.20325,2.8125846,0.49598613,1.0,0.0,19.0
exp4_fixed_3,2907,745.1902,2.85575,0.56268454,1.0,0.0,22.0
exp4_fixed_3,2908,630.5341,2.7917223,0.37916607,1.0,0.0,17.0
exp4_fixed_3,2909,589.82764,1.490553,0.73285556,1.0,0.0,30.0
exp4_fixed_3,2910,773.3403,2.70693,0.36933905,1.0,0.0,26.0
exp4_fixed_3,2911,687.3544,3.0713077,0.33710715,1.0,0.0,19.0
exp4_fixed_3,2912,631.43695,2.0514977,0.4355188,1.0,0.0,21.0
exp4_fixed_3,2913,579.50604,1.6178694,0.36703724,1.0,0.0,25.0
exp4_fixed_3,2914,685.4829,2.6675875,0.44546357,1.0,0.0,19.0
exp4_fixed_3,2915,683.28174,1.3813983,0.62419844,1.0,0.0,53.0
exp4_fixed_3,2916,732.7051,2.9490557,0.48088855,1.0,0.0,22.0
exp4_fixed_3,2917,750.34546,2.9516685,0.47651505,1.0,0.0,23.0
exp4_fixed_3,2918,721.2838,3.2516494,0.4387928,1.0,0.0,18.0
exp4_fixed_3,2919,594.91595,2.312431,0.5372305,1.0,0.0,18.0
exp4_fixed_3,2921,619.2964,1.8942823,0.67035145,1.0,0.0,27.0
exp4_fixed_3,2922,741.97974,2.337624,0.58048016,1.0,0.0,30.0
exp4_fixed_3,2923,718.938,3.134095,0.49234536,1.0,0.0,19.0
exp4_fixed_3,2924,682.4313,2.3356478,0.44138277,1.0,0.0,22.0
exp4_fixed_3,2925,677.35333,2.3215356,0.6476639,1.0,0.0,28.0
exp4_fixed_3,2926,636.59766,2.3716538,0.4502387,1.0,0.0,22.0
exp4_fixed_3,2927,709.55334,2.8467102,0.48795283,1.0,0.0,22.0
exp4_fixed_3,2928,630.3871,2.0589116,0.58484024,1.0,0.0,28.0
exp4_fixed_3,2929,662.9524,2.8949354,0.43025926,1.0,0.0,15.0
exp4_fixed_3,2930,662.2793,2.6877625,0.42662454,1.0,0.0,20.0
exp4_fixed_3,2931,621.3427,2.5465436,0.5709735,1.0,0.0,16.0
exp4_fixed_3,2932,634.29913,1.7036256,0.4280654,1.0,0.0,31.0
exp4_fixed_3,2933,631.872,3.2498462,0.365742,1.0,0.0,14.0
exp4_fixed_3,2934,722.2488,2.6121862,0.4377448,1.0,0.0,23.0
exp4_fixed_3,2935,730.4536,2.6751785,0.52643514,1.0,0.0,25.0
exp4_fixed_3,2936,688.8495,2.7848248,0.5448357,1.0,0.0,21.0
exp4_fixed_3,2937,653.92847,2.5891113,0.49527395,1.0,0.0,19.0
exp4_fixed_3,2938,746.1392,3.1827593,0.44300047,1.0,0.0,21.0
exp4_fixed_3,2939,610.62854,1.9076731,0.7248068,1.0,0.0,28.0
exp4_fixed_3,2941,568.91,2.5655577,0.5951129,1.0,0.0,12.0
exp4_fixed_3,2942,693.9049,2.1797597,0.48158595,1.0,0.0,27.0
exp4_fixed_3,2943,646.3441,2.2005112,0.57005316,1.0,0.0,23.0
exp4_fixed_3,2944,736.32434,2.441786,0.5262846,1.0,0.0,27.0
exp4_fixed_3,2945,645.9517,2.1453257,0.59665865,1.0,0.0,30.0
exp4_fixed_3,2946,697.2058,3.0144284,0.49874145,1.0,0.0,19.0
exp4_fixed_3,2947,548.12573,2.024101,0.62747955,1.0,0.0,14.0
exp4_fixed_3,2948,632.39343,2.0989041,0.6674843,1.0,0.0,26.0
exp4_fixed_3,2949,754.68097,1.7404397,0.7513632,1.0,0.0,45.0
exp4_fixed_3,2950,703.24365,3.0174046,0.48590535,1.0,0.0,19.0
exp4_fixed_3,2951,547.17487,2.2749755,0.60390925,1.0,0.0,13.0
exp4_fixed_3,2952,746.96967,2.9360034,0.40220866,1.0,0.0,24.0
exp4_fixed_3,2953,634.019,2.1098828,0.694828,1.0,0.0,23.0
exp4_fixed_3,2954,726.5847,2.4636426,0.6284462,1.0,0.0,26.0
exp4_fixed_3,2955,715.0803,1.8733636,0.54976517,1.0,0.0,35.0
exp4_fixed_3,2956,703.6685,2.6864736,0.5533665,1.0,0.0,24.0
exp4_fixed_3,2957,662.87494,2.3394334,0.5918547,1.0,0.0,21.0
exp4_fixed_3,2958,665.0275,2.938622,0.59854084,1.0,0.0,20.0
exp4_fixed_3,2959,664.07043,2.603991,0.5379527,1.0,0.0,21.0
exp4_fixed_3,2961,666.92737,1.4584773,0.6811503,1.0,0.0,38.0
exp4_fixed_3,2962,597.0225,2.4222476,0.7167372,1.0,0.0,21.0
exp4_fixed_3,2963,566.09845,1.4613014,0.49940985,1.0,0.0,25.0
exp4_fixed_3,2964,620.70233,3.3880017,0.52104837,1.0,0.0,12.0
exp4_fixed_3,2965,691.0941,2.2689261,0.7236315,1.0,0.0,28.0
exp4_fixed_3,2966,725.7643,2.6451013,0.5363354,1.0,0.0,28.0
exp4_fixed_3,2967,683.88403,2.8298254,0.5916453,1.0,0.0,18.0
exp4_fixed_3,2968,640.11566,2.422464,0.5085327,1.0,0.0,22.0
exp4_fixed_3,2969,498.9661,2.3920572,0.78247917,1.0,0.0,10.0
exp4_fixed_3,2970,628.8107,2.1264062,0.51875925,1.0,0.0,23.0
exp4_fixed_3,2971,671.08514,2.128593,0.59294677,1.0,0.0,25.0
exp4_fixed_3,2972,703.91986,3.0063107,0.37730274,1.0,0.0,19.0
exp4_fixed_3,2973,594.2185,2.7390676,0.4227562,1.0,0.0,14.0
exp4_fixed_3,2974,697.5725,3.6870196,0.2492085,1.0,0.0,14.0
exp4_fixed_3,2975,592.5768,2.0691824,0.6049794,1.0,0.0,18.0
exp4_fixed_3,2976,666.843,2.918515,0.53869176,1.0,0.0,18.0
exp4_fixed_3,2977,671.4941,1.7887925,0.6317478,1.0,0.0,41.0
exp4_fixed_3,2978,660.29596,2.5523345,0.6401314,1.0,0.0,22.0
exp4_fixed_3,2979,608.7539,1.903408,0.4266509,1.0,0.0,22.0
exp4_fixed_3,2981,731.5138,2.8836455,0.5231828,1.0,0.0,23.0
exp4_fixed_3,2982,568.3617,1.7164714,0.70054513,1.0,0.0,19.0
exp4_fixed_3,2983,583.2581,2.5637388,0.5271858,1.0,0.0,16.0
exp4_fixed_3,2984,713.4564,2.6579664,0.6480945,1.0,0.0,24.0
exp4_fixed_3,2985,710.2136,3.1900935,0.54533786,1.0,0.0,19.0
exp4_fixed_3,2986,709.54694,2.7266061,0.3986695,1.0,0.0,25.0
exp4_fixed_3,2987,655.3583,2.5825756,0.5642775,1.0,0.0,17.0
exp4_fixed_3,2988,618.9789,1.8232833,0.6225067,1.0,0.0,29.0
exp4_fixed_3,2989,80.026596,2.1451957,0.36396882,0.0,1.0,22.0
exp4_fixed_3,2990,659.99097,2.1967077,0.444475,1.0,0.0,27.0
exp4_fixed_3,2991,-133.49026,3.0294247,0.7919213,0.0,1.0,3.0
exp4_fixed_3,2992,772.55786,2.2859013,0.45138258,1.0,0.0,38.0
exp4_fixed_3,2993,761.0272,2.3787763,0.58950096,1.0,0.0,31.0
exp4_fixed_3,2994,712.6312,2.4007657,0.64294654,1.0,0.0,28.0
exp4_fixed_3,2995,715.0703,2.3086147,0.6263853,1.0,0.0,28.0
exp4_fixed_3,2996,643.54016,1.7086184,0.41956234,1.0,0.0,32.0
exp4_fixed_3,2997,751.9833,2.7669246,0.59711343,1.0,0.0,24.0
exp4_fixed_3,2998,704.8025,2.8149426,0.410512,1.0,0.0,24.0
exp4_fixed_3,2999,-107.19977,3.6388357,0.4070338,0.0,1.0,3.0
exp4_fixed_3,3001,604.2622,2.9261308,0.43204263,1.0,0.0,14.0
exp4_fixed_3,3002,698.55457,2.0639052,0.44582397,1.0,0.0,30.0
exp4_fixed_3,3003,622.16156,2.8115313,0.51659745,1.0,0.0,16.0
exp4_fixed_3,3004,644.78784,2.6991098,0.5335586,1.0,0.0,17.0
exp4_fixed_3,3005,679.48016,2.6674385,0.500457,1.0,0.0,24.0
exp4_fixed_3,3006,737.51514,2.5895708,0.58985823,1.0,0.0,29.0
exp4_fixed_3,3007,738.0967,2.8200705,0.44621795,1.0,0.0,25.0
exp4_fixed_3,3008,725.1289,2.2404943,0.48731378,1.0,0.0,32.0
exp4_fixed_3,3009,677.05273,2.9016714,0.54520273,1.0,0.0,18.0
exp4_fixed_3,3010,590.25555,2.820534,0.42046037,1.0,0.0,15.0
exp4_fixed_3,3011,723.9392,2.5868948,0.41600728,1.0,0.0,25.0
exp4_fixed_3,3012,572.6136,1.9532132,0.40920666,1.0,0.0,18.0
exp4_fixed_3,3013,645.4655,2.4048162,0.5521307,1.0,0.0,19.0
exp4_fixed_3,3014,621.72314,2.6677318,0.6076769,1.0,0.0,16.0
exp4_fixed_3,3015,679.96576,2.848022,0.50199604,1.0,0.0,20.0
exp4_fixed_3,3016,718.66406,2.7384307,0.50431275,1.0,0.0,22.0
exp4_fixed_3,3017,695.479,2.5267408,0.6393792,1.0,0.0,24.0
exp4_fixed_3,3018,710.3741,2.4656587,0.6036322,1.0,0.0,24.0
exp4_fixed_3,3019,637.3776,3.1302404,0.622392,1.0,0.0,16.0
exp4_fixed_3,3021,640.25256,2.2544816,0.46309304,1.0,0.0,23.0
exp4_fixed_3,3022,614.0056,2.4039645,0.53728515,1.0,0.0,20.0
exp4_fixed_3,3023,579.8826,2.1884058,0.6176714,1.0,0.0,19.0
exp4_fixed_3,3024,528.03564,1.9521263,0.6081964,1.0,0.0,15.0
exp4_fixed_3,3025,705.96643,2.939911,0.5355272,1.0,0.0,22.0
exp4_fixed_3,3026,718.0532,2.8547356,0.55545694,1.0,0.0,23.0
exp4_fixed_3,3027,766.48724,3.3176827,0.41423792,1.0,0.0,19.0
exp4_fixed_3,3028,732.78467,1.9523113,0.33433238,1.0,0.0,38.0
exp4_fixed_3,3029,644.71875,2.2830548,0.5262918,1.0,0.0,22.0
exp4_fixed_3,3030,691.6345,2.1797364,0.64172477,1.0,0.0,28.0
exp4_fixed_3,3031,594.36084,1.3869432,0.6629259,1.0,0.0,37.0
exp4_fixed_3,3032,669.3882,1.3376795,0.6942043,1.0,0.0,54.0
exp4_fixed_3,3033,646.9452,2.4306798,0.4771757,1.0,0.0,20.0
exp4_fixed_3,3034,669.902,2.3123229,0.33186,1.0,0.0,22.0
exp4_fixed_3,3035,639.02277,2.3284602,0.50160223,1.0,0.0,23.0
exp4_fixed_3,3036,666.8208,2.727638,0.264522,1.0,0.0,21.0
exp4_fixed_3,3037,622.3309,2.3720663,0.49954444,1.0,0.0,19.0
exp4_fixed_3,3038,662.9896,2.6947975,0.4503728,1.0,0.0,23.0
exp4_fixed_3,3039,597.5763,2.5994804,0.6057514,1.0,0.0,15.0
exp4_fixed_3,3041,698.7505,2.7818902,0.58406585,1.0,0.0,22.0
exp4_fixed_3,3042,731.07434,2.5975978,0.45521054,1.0,0.0,30.0
exp4_fixed_3,3043,642.6405,2.6419182,0.46359217,1.0,0.0,22.0
exp4_fixed_3,3044,753.06995,2.595687,0.50783443,1.0,0.0,27.0
exp4_fixed_3,3045,715.2651,3.2556877,0.4584682,1.0,0.0,17.0
exp4_fixed_3,3046,-63.39994,2.6559944,0.5880863,0.0,1.0,8.0
exp4_fixed_3,3047,727.9281,2.8332965,0.4731607,1.0,0.0,26.0
exp4_fixed_3,3048,676.1647,2.6683767,0.61729336,1.0,0.0,21.0
exp4_fixed_3,3049,675.32245,2.7018323,0.35778135,1.0,0.0,21.0
exp4_fixed_3,3050,641.5769,1.5641204,0.61975145,1.0,0.0,48.0
exp4_fixed_3,3051,625.2176,2.606957,0.65918803,1.0,0.0,16.0
exp4_fixed_3,3052,632.96924,1.6971594,0.38086936,1.0,0.0,31.0
exp4_fixed_3,3053,744.478,2.472729,0.5368548,1.0,0.0,30.0
exp4_fixed_3,3054,747.1195,2.74022,0.5065054,1.0,0.0,22.0
exp4_fixed_3,3055,651.9642,2.2145002,0.5952313,1.0,0.0,22.0
exp4_fixed_3,3056,110.59718,1.867115,0.54376096,0.0,1.0,34.0
exp4_fixed_3,3057,628.5818,2.840796,0.53225696,1.0,0.0,19.0
exp4_fixed_3,3058,644.9507,2.0577595,0.61594456,1.0,0.0,25.0
exp4_fixed_3,3059,636.76447,2.2726276,0.63700235,1.0,0.0,22.0
exp4_fixed_3,3061,724.66626,2.8763764,0.45057043,1.0,0.0,23.0
exp4_fixed_3,3062,547.11725,2.245858,0.4594897,1.0,0.0,12.0
exp4_fixed_3,3063,731.2785,3.8006606,0.40446433,1.0,0.0,15.0
exp4_fixed_3,3064,552.1071,2.7252154,0.34631115,1.0,0.0,10.0
exp4_fixed_3,3065,679.43774,2.2446268,0.47217157,1.0,0.0,26.0
exp4_fixed_3,3066,710.29694,2.1534207,0.6549023,1.0,0.0,30.0
exp4_fixed_3,3067,610.89935,2.070022,0.6952453,1.0,0.0,20.0
exp4_fixed_3,3068,535.32263,1.8498342,0.71399033,1.0,0.0,15.0
exp4_fixed_3,3069,741.7437,2.376924,0.5839397,1.0,0.0,27.0
exp4_fixed_3,3070,611.41736,1.926812,0.54471856,1.0,0.0,28.0
exp4_fixed_3,3071,698.1211,1.998097,0.53633946,1.0,0.0,39.0
exp4_fixed_3,3072,679.7296,2.583303,0.44664195,1.0,0.0,25.0
exp4_fixed_3,3073,550.06775,1.7117491,0.6427378,1.0,0.0,18.0
exp4_fixed_3,3074,701.1074,2.2714903,0.66721207,1.0,0.0,27.0
exp4_fixed_3,3075,697.35626,2.5841,0.56349045,1.0,0.0,25.0
exp4_fixed_3,3076,550.8857,1.8127966,0.58787394,1.0,0.0,16.0
exp4_fixed_3,3077,674.417,2.4109006,0.62621063,1.0,0.0,27.0
exp4_fixed_3,3078,603.16583,2.7580333,0.4469315,1.0,0.0,13.0
exp4_fixed_3,3079,642.49243,2.3169274,0.47233388,1.0,0.0,23.0
exp4_fixed_3,3081,751.1188,3.2049773,0.45260546,1.0,0.0,22.0
exp4_fixed_3,3082,689.7981,3.4578404,0.42169738,1.0,0.0,16.0
exp4_fixed_3,3083,609.45605,2.511781,0.49857175,1.0,0.0,18.0
exp4_fixed_3,3084,644.66943,2.7064047,0.5172499,1.0,0.0,15.0
exp4_fixed_3,3085,615.5563,2.9776852,0.5797392,1.0,0.0,16.0
exp4_fixed_3,3086,642.14166,2.8584225,0.49309215,1.0,0.0,16.0
exp4_fixed_3,3087,676.08997,2.5112598,0.4032163,1.0,0.0,20.0
exp4_fixed_3,3088,717.04724,1.9982147,0.5629891,1.0,0.0,40.0
exp4_fixed_3,3089,752.0281,2.9821143,0.48390472,1.0,0.0,23.0
exp4_fixed_3,3090,741.09894,3.1940117,0.39439553,1.0,0.0,19.0
exp4_fixed_3,3091,597.7796,1.9021045,0.4745046,1.0,0.0,22.0
exp4_fixed_3,3092,705.38904,2.6571927,0.36279273,1.0,0.0,24.0
exp4_fixed_3,3093,719.5961,2.7630968,0.53712773,1.0,0.0,22.0
exp4_fixed_3,3094,713.6859,2.6888711,0.5572817,1.0,0.0,23.0
exp4_fixed_3,3095,733.05066,2.7799647,0.51724935,1.0,0.0,25.0
exp4_fixed_3,3096,667.6267,3.1407661,0.37037018,1.0,0.0,16.0
exp4_fixed_3,3097,745.202,2.5602858,0.49417087,1.0,0.0,27.0
exp4_fixed_3,3098,651.03314,1.6807557,0.49087703,1.0,0.0,33.0
exp4_fixed_3,3099,587.5986,2.583263,0.5904195,1.0,0.0,16.0
exp4_fixed_3,3101,675.3391,1.6889167,0.38565025,1.0,0.0,33.0
exp4_fixed_3,3102,754.006,2.536474,0.49885827,1.0,0.0,32.0
exp4_fixed_3,3103,627.9846,2.0729425,0.6207913,1.0,0.0,24.0
exp4_fixed_3,3104,766.688,2.4527504,0.5010779,1.0,0.0,32.0
exp4_fixed_3,3105,665.7355,2.4498806,0.5475711,1.0,0.0,22.0
exp4_fixed_3,3106,650.749,2.6344433,0.5221831,1.0,0.0,21.0
exp4_fixed_3,3107,675.141,3.8480554,0.43592623,1.0,0.0,16.0
exp4_fixed_3,3108,687.9356,2.4520454,0.5520199,1.0,0.0,25.0
exp4_fixed_3,3109,637.94714,2.6694658,0.5795368,1.0,0.0,17.0
exp4_fixed_3,3110,661.6547,1.4112233,0.65453464,1.0,0.0,52.0
exp4_fixed_3,3111,719.4609,3.072485,0.44263563,1.0,0.0,19.0
exp4_fixed_3,3112,636.0044,2.5975373,0.4530317,1.0,0.0,19.0
exp4_fixed_3,3113,626.0389,3.17297,0.42492342,1.0,0.0,16.0
exp4_fixed_3,3114,636.6558,2.589752,0.49018776,1.0,0.0,18.0
exp4_fixed_3,3115,581.8474,0.9644322,0.7485571,1.0,0.0,61.0
exp4_fixed_3,3116,743.20105,3.1950424,0.3658969,1.0,0.0,18.0
exp4_fixed_3,3117,662.5573,2.1152332,0.46680418,1.0,0.0,30.0
exp4_fixed_3,3118,561.4787,1.9424815,0.43542868,1.0,0.0,17.0
exp4_fixed_3,3119,678.39,2.6529071,0.42295977,1.0,0.0,22.0
exp4_fixed_3,3121,726.81177,3.5802548,0.40285742,1.0,0.0,16.0
exp4_fixed_3,3122,632.7291,3.581957,0.43294832,1.0,0.0,12.0
exp4_fixed_3,3123,628.2714,2.679911,0.5535348,1.0,0.0,17.0
exp4_fixed_3,3124,689.7793,2.6986532,0.47092927,1.0,0.0,22.0
exp4_fixed_3,3125,702.3374,2.4880576,0.57922614,1.0,0.0,29.0
exp4_fixed_3,3126,686.59155,2.9235506,0.33650854,1.0,0.0,18.0
exp4_fixed_3,3127,622.2594,2.3472457,0.63287234,1.0,0.0,19.0
exp4_fixed_3,3128,744.5294,2.5567503,0.50984627,1.0,0.0,26.0
exp4_fixed_3,3129,763.85425,2.5755057,0.4131421,1.0,0.0,29.0
exp4_fixed_3,3130,670.8296,2.7558503,0.45422122,1.0,0.0,19.0
exp4_fixed_3,3131,671.29584,1.6902624,0.6421092,1.0,0.0,42.0
exp4_fixed_3,3132,622.4568,2.2984266,0.58423895,1.0,0.0,19.0
exp4_fixed_3,3133,673.9524,2.4599361,0.43778238,1.0,0.0,21.0
exp4_fixed_3,3134,779.0909,2.2554858,0.30395404,1.0,0.0,33.0
exp4_fixed_3,3135,765.6857,2.672175,0.39707598,1.0,0.0,29.0
exp4_fixed_3,3136,703.2439,2.5901687,0.456971,1.0,0.0,23.0
exp4_fixed_3,3137,717.86194,2.0986116,0.58956164,1.0,0.0,35.0
exp4_fixed_3,3138,744.7358,2.7019324,0.479718,1.0,0.0,26.0
exp4_fixed_3,3139,686.248,2.8999007,0.5594383,1.0,0.0,19.0
exp4_fixed_3,3141,635.78796,2.8415217,0.4133635,1.0,0.0,17.0
exp4_fixed_3,3142,610.9316,2.0876024,0.51107705,1.0,0.0,21.0
exp4_fixed_3,3143,594.2674,2.4288962,0.3886486,1.0,0.0,16.0
exp4_fixed_3,3144,693.7457,2.632179,0.53156114,1.0,0.0,24.0
exp4_fixed_3,3145,691.9379,2.2271745,0.572101,1.0,0.0,27.0
exp4_fixed_3,3146,736.046,2.5178697,0.45693243,1.0,0.0,29.0
exp4_fixed_3,3147,551.50806,1.2069513,0.70774007,1.0,0.0,32.0
exp4_fixed_3,3148,739.7711,2.432117,0.33331278,1.0,0.0,27.0
exp4_fixed_3,3149,735.44324,2.300267,0.5347742,1.0,0.0,28.0
exp4_fixed_3,3150,761.1254,2.8220594,0.5018206,1.0,0.0,23.0
exp4_fixed_3,3151,649.2147,2.8365343,0.41803718,1.0,0.0,19.0
exp4_fixed_3,3152,705.3446,3.7437403,0.4280342,1.0,0.0,15.0
exp4_fixed_3,3153,604.69324,2.0945067,0.45854056,1.0,0.0,21.0
exp4_fixed_3,3154,540.59924,1.6380377,0.64906675,1.0,0.0,19.0
exp4_fixed_3,3155,686.5274,3.1297271,0.43950886,1.0,0.0,17.0
exp4_fixed_3,3156,729.7595,2.33908,0.4648967,1.0,0.0,31.0
exp4_fixed_3,3157,601.9402,1.4236729,0.36723125,1.0,0.0,33.0
exp4_fixed_3,3158,590.81323,1.9881381,0.3095677,1.0,0.0,17.0
exp4_fixed_3,3159,567.58167,2.825776,0.2768115,1.0,0.0,11.0
exp4_fixed_3,3161,678.70105,2.1759324,0.5683638,1.0,0.0,27.0
exp4_fixed_3,3162,753.94556,2.936676,0.33769417,1.0,0.0,25.0
exp4_fixed_3,3163,729.5925,2.7913773,0.3670323,1.0,0.0,24.0
exp4_fixed_3,3164,673.46655,3.1447742,0.4697931,1.0,0.0,18.0
exp4_fixed_3,3165,680.9132,2.608709,0.5180614,1.0,0.0,20.0
exp4_fixed_3,3166,689.9453,2.858534,0.5121766,1.0,0.0,20.0
exp4_fixed_3,3167,621.2022,2.6326962,0.48154777,1.0,0.0,18.0
exp4_fixed_3,3168,698.3142,3.162129,0.35039973,1.0,0.0,21.0
exp4_fixed_3,3169,681.7499,3.0858161,0.53690404,1.0,0.0,20.0
exp4_fixed_3,3170,733.6555,2.6585236,0.59628105,1.0,0.0,25.0
exp4_fixed_3,3171,651.5874,1.6029062,0.62326336,1.0,0.0,33.0
exp4_fixed_3,3172,736.58386,2.1911595,0.63990206,1.0,0.0,32.0
exp4_fixed_3,3173,689.00073,2.239545,0.6386977,1.0,0.0,29.0
exp4_fixed_3,3174,744.8004,3.458634,0.5345433,1.0,0.0,18.0
exp4_fixed_3,3175,748.49915,3.3906643,0.31845474,1.0,0.0,19.0
exp4_fixed_3,3176,725.34283,2.6068985,0.53059435,1.0,0.0,25.0
exp4_fixed_3,3177,705.4447,2.724233,0.62123454,1.0,0.0,26.0
exp4_fixed_3,3178,695.9222,1.6758721,0.62773603,1.0,0.0,46.0
exp4_fixed_3,3179,653.2007,2.566328,0.6404636,1.0,0.0,23.0
exp4_fixed_3,3181,751.1448,2.3416226,0.4441826,1.0,0.0,28.0
exp4_fixed_3,3182,692.31616,2.6709995,0.3914244,1.0,0.0,20.0
exp4_fixed_3,3183,607.1377,2.6216745,0.36080733,1.0,0.0,15.0
exp4_fixed_3,3184,720.2379,2.9743106,0.31232056,1.0,0.0,21.0
exp4_fixed_3,3185,608.0303,2.434351,0.61311734,1.0,0.0,19.0
exp4_fixed_3,3186,729.66034,2.9123077,0.34001252,1.0,0.0,22.0
exp4_fixed_3,3187,732.1012,2.8147407,0.49227166,1.0,0.0,21.0
exp4_fixed_3,3188,739.84924,2.4220667,0.36939314,1.0,0.0,26.0
exp4_fixed_3,3189,695.32294,2.0998697,0.5648804,1.0,0.0,34.0
exp4_fixed_3,3190,646.0846,2.294354,0.5523623,1.0,0.0,20.0
exp4_fixed_3,3191,751.53613,2.282308,0.5813095,1.0,0.0,29.0
exp4_fixed_3,3192,630.4499,2.3024035,0.56419265,1.0,0.0,20.0
exp4_fixed_3,3193,736.7794,3.7185879,0.37097493,1.0,0.0,17.0
exp4_fixed_3,3194,784.0017,2.9837308,0.4743989,1.0,0.0,23.0
exp4_fixed_3,3195,782.9972,3.1436684,0.41756377,1.0,0.0,20.0
exp4_fixed_3,3196,751.3041,1.8920707,0.5411607,1.0,0.0,39.0
exp4_fixed_3,3197,624.10046,2.605163,0.5291005,1.0,0.0,17.0
exp4_fixed_3,3198,678.041,2.83244,0.56919926,1.0,0.0,20.0
exp4_fixed_3,3199,664.11816,1.4526768,0.59483016,1.0,0.0,40.0
exp4_fixed_3,3201,628.559,1.98739,0.6560269,1.0,0.0,25.0
exp4_fixed_3,3202,704.22253,2.6787355,0.51192117,1.0,0.0,22.0
exp4_fixed_3,3203,685.0299,2.8284843,0.40569726,1.0,0.0,20.0
exp4_fixed_3,3204,743.03784,2.7122772,0.37619674,1.0,0.0,27.0
exp4_fixed_3,3205,727.7351,2.8503363,0.45710918,1.0,0.0,22.0
exp4_fixed_3,3206,731.56335,2.6163957,0.5007956,1.0,0.0,29.0
exp4_fixed_3,3207,599.948,1.6161215,0.62637055,1.0,0.0,26.0
exp4_fixed_3,3208,747.5895,2.5662026,0.58634776,1.0,0.0,28.0
exp4_fixed_3,3209,687.99146,2.7283473,0.5077213,1.0,0.0,23.0
exp4_fixed_3,3210,621.15106,2.633501,0.48464578,1.0,0.0,16.0
exp4_fixed_3,3211,620.89844,2.020243,0.43002024,1.0,0.0,22.0
exp4_fixed_3,3212,702.04553,2.3698757,0.4969628,1.0,0.0,25.0
exp4_fixed_3,3213,628.5852,2.9879825,0.65486205,1.0,0.0,16.0
exp4_fixed_3,3214,753.6574,2.4580019,0.33895016,1.0,0.0,29.0
exp4_fixed_3,3215,700.19836,3.5374796,0.38843125,1.0,0.0,16.0
exp4_fixed_3,3216,715.04565,2.509216,0.51113075,1.0,0.0,24.0
exp4_fixed_3,3217,627.6363,1.1669745,0.6220728,1.0,0.0,59.0
exp4_fixed_3,3218,722.29333,2.721722,0.5220798,1.0,0.0,23.0
exp4_fixed_3,3219,649.1459,2.314326,0.5531777,1.0,0.0,21.0
exp4_fixed_3,3221,712.60596,3.0353296,0.40798196,1.0,0.0,19.0
exp4_fixed_3,3222,637.644,1.7520684,0.49113998,1.0,0.0,32.0
exp4_fixed_3,3223,675.6719,2.2390335,0.58308876,1.0,0.0,23.0
exp4_fixed_3,3224,654.9093,2.5483239,0.5725659,1.0,0.0,20.0
exp4_fixed_3,3225,705.6288,2.2957497,0.52400887,1.0,0.0,30.0
exp4_fixed_3,3226,590.6276,1.9071574,0.31624797,1.0,0.0,18.0
exp4_fixed_3,3227,705.0892,3.2286484,0.36283934,1.0,0.0,18.0
exp4_fixed_3,3228,690.1503,2.495921,0.57781786,1.0,0.0,23.0
exp4_fixed_3,3229,724.6227,2.4811475,0.61246073,1.0,0.0,25.0
exp4_fixed_3,3230,705.89233,3.1775544,0.45721355,1.0,0.0,18.0
exp4_fixed_3,3231,756.0289,3.1668901,0.46879095,1.0,0.0,21.0
exp4_fixed_3,3232,723.41974,3.1263943,0.54332054,1.0,0.0,19.0
exp4_fixed_3,3233,759.9987,3.3035076,0.38537973,1.0,0.0,20.0
exp4_fixed_3,3234,680.0969,2.0718627,0.56218606,1.0,0.0,32.0
exp4_fixed_3,3235,739.3574,3.6166372,0.3777828,1.0,0.0,16.0
exp4_fixed_3,3236,673.38104,1.2936065,0.57293135,1.0,0.0,56.0
exp4_fixed_3,3237,678.44214,2.409638,0.35565495,1.0,0.0,24.0
exp4_fixed_3,3238,701.7258,2.7952828,0.51091874,1.0,0.0,21.0
exp4_fixed_3,3239,633.70374,2.537201,0.43785724,1.0,0.0,18.0
exp4_fixed_3,3241,594.6775,2.9295819,0.36287177,1.0,0.0,12.0
exp4_fixed_3,3242,641.82635,2.5614316,0.49895585,1.0,0.0,18.0
exp4_fixed_3,3243,649.846,2.482341,0.52363354,1.0,0.0,17.0
exp4_fixed_3,3244,751.19055,2.872042,0.39883855,1.0,0.0,24.0
exp4_fixed_3,3245,716.56537,2.4544675,0.48454002,1.0,0.0,23.0
exp4_fixed_3,3246,606.08923,2.3870742,0.5196181,1.0,0.0,16.0
exp4_fixed_3,3247,733.8518,2.3079054,0.63791245,1.0,0.0,27.0
exp4_fixed_3,3248,726.1614,3.4002407,0.30762163,1.0,0.0,15.0
exp4_fixed_3,3249,710.0811,1.938183,0.39651784,1.0,0.0,39.0
exp4_fixed_3,3250,776.1483,2.497461,0.42576835,1.0,0.0,32.0
exp4_fixed_3,3251,745.46375,2.3609264,0.5135352,1.0,0.0,30.0
exp4_fixed_3,3252,692.72974,3.0581288,0.5089447,1.0,0.0,21.0
exp4_fixed_3,3253,582.5291,2.7050118,0.6302788,1.0,0.0,15.0
exp4_fixed_3,3254,626.14105,2.0007465,0.64513624,1.0,0.0,27.0
exp4_fixed_3,3255,581.12555,1.629965,0.5598146,1.0,0.0,24.0
exp4_fixed_3,3256,666.6458,2.8721051,0.3467742,1.0,0.0,18.0
exp4_fixed_3,3257,761.8391,2.7085679,0.40529287,1.0,0.0,31.0
exp4_fixed_3,3258,591.4759,2.4090784,0.493786,1.0,0.0,14.0
exp4_fixed_3,3259,667.3493,1.5466495,0.29601493,1.0,0.0,39.0
exp4_fixed_3,3261,741.16345,2.400286,0.58625793,1.0,0.0,29.0
exp4_fixed_3,3262,644.2584,3.1527991,0.4266046,1.0,0.0,14.0
exp4_fixed_3,3263,724.2766,2.7367256,0.57267815,1.0,0.0,23.0
exp4_fixed_3,3264,655.67786,2.9334955,0.49556643,1.0,0.0,17.0
exp4_fixed_3,3265,632.8538,2.025036,0.44906995,1.0,0.0,24.0
exp4_fixed_3,3266,635.20825,2.3330426,0.58892745,1.0,0.0,21.0
exp4_fixed_3,3267,719.7547,3.1306777,0.526778,1.0,0.0,19.0
exp4_fixed_3,3268,643.5652,1.8671149,0.5924087,1.0,0.0,27.0
exp4_fixed_3,3269,719.58234,2.5034935,0.52820593,1.0,0.0,28.0
exp4_fixed_3,3270,606.05884,2.062737,0.56172705,1.0,0.0,21.0
exp4_fixed_3,3271,516.75653,2.1043186,0.69961816,1.0,0.0,12.0
exp4_fixed_3,3272,661.8488,1.7154844,0.73419845,1.0,0.0,32.0
exp4_fixed_3,3273,703.0577,2.8726707,0.5855036,1.0,0.0,20.0
exp4_fixed_3,3274,616.2345,1.6390625,0.57909155,1.0,0.0,33.0
exp4_fixed_3,3275,737.38226,2.286051,0.5905459,1.0,0.0,31.0
exp4_fixed_3,3276,638.4841,2.2115183,0.48948705,1.0,0.0,21.0
exp4_fixed_3,3277,732.9012,2.5853403,0.6254585,1.0,0.0,24.0
exp4_fixed_3,3278,715.3051,2.831714,0.48852897,1.0,0.0,24.0
exp4_fixed_3,3279,736.25446,2.986409,0.47162032,1.0,0.0,19.0
exp4_fixed_3,3281,678.7722,2.2980962,0.6121983,1.0,0.0,26.0
exp4_fixed_3,3282,605.4452,2.5572674,0.51613086,1.0,0.0,16.0
exp4_fixed_3,3283,704.74225,2.298076,0.5213803,1.0,0.0,25.0
exp4_fixed_3,3284,709.78455,2.8061612,0.5064259,1.0,0.0,21.0
exp4_fixed_3,3285,772.3141,2.4582236,0.5932774,1.0,0.0,28.0
exp4_fixed_3,3286,-1.6428986,3.0994692,0.4498629,0.0,1.0,9.0
exp4_fixed_3,3287,633.8332,2.7949662,0.5396043,1.0,0.0,16.0
exp4_fixed_3,3288,681.81525,2.030488,0.622969,1.0,0.0,33.0
exp4_fixed_3,3289,699.0396,2.2679055,0.47368678,1.0,0.0,28.0
exp4_fixed_3,3290,628.3276,2.2301164,0.5285053,1.0,0.0,20.0
exp4_fixed_3,3291,697.69775,2.217389,0.5314313,1.0,0.0,26.0
exp4_fixed_3,3292,598.1461,1.1163241,0.35906947,1.0,0.0,44.0
exp4_fixed_3,3293,658.959,3.3964245,0.43157336,1.0,0.0,13.0
exp4_fixed_3,3294,579.3976,2.7837884,0.57993937,1.0,0.0,12.0
exp4_fixed_3,3295,662.2415,3.1318843,0.44841602,1.0,0.0,15.0
exp4_fixed_3,3296,618.3925,2.2608058,0.6348449,1.0,0.0,21.0
exp4_fixed_3,3297,644.7167,2.611489,0.46207547,1.0,0.0,21.0
exp4_fixed_3,3298,777.3089,3.2862418,0.39048347,1.0,0.0,22.0
exp4_fixed_3,3299,715.5604,2.899452,0.50214726,1.0,0.0,22.0
exp4_fixed_3,3301,731.7355,2.6643023,0.25507468,1.0,0.0,26.0
exp4_fixed_3,3302,630.90955,1.7598894,0.5388196,1.0,0.0,33.0
exp4_fixed_3,3303,635.1398,2.2717476,0.5264086,1.0,0.0,20.0
exp4_fixed_3,3304,670.1762,2.8442173,0.2516447,1.0,0.0,19.0
exp4_fixed_3,3305,792.5292,2.6439822,0.36182463,1.0,0.0,25.0
exp4_fixed_3,3306,629.5198,2.233998,0.44413868,1.0,0.0,18.0
exp4_fixed_3,3307,665.48145,2.1431048,0.59404105,1.0,0.0,28.0
exp4_fixed_3,3308,754.88715,2.3098092,0.45299947,1.0,0.0,36.0
exp4_fixed_3,3309,711.9385,3.0770152,0.28931817,1.0,0.0,21.0
exp4_fixed_3,3310,650.08466,1.5050075,0.6269456,1.0,0.0,46.0
exp4_fixed_3,3311,657.0499,1.8193493,0.579619,1.0,0.0,28.0
exp4_fixed_3,3312,691.1326,3.3454566,0.37327886,1.0,0.0,16.0
exp4_fixed_3,3313,643.4799,3.104769,0.43127632,1.0,0.0,15.0
exp4_fixed_3,3314,550.16284,1.9433141,0.59660065,1.0,0.0,15.0
exp4_fixed_3,3315,669.0953,2.2291455,0.6369003,1.0,0.0,26.0
exp4_fixed_3,3316,606.73676,2.6223462,0.6311341,1.0,0.0,16.0
exp4_fixed_3,3317,702.886,3.204998,0.48799935,1.0,0.0,22.0
exp4_fixed_3,3318,546.83765,2.223198,0.6652619,1.0,0.0,12.0
exp4_fixed_3,3319,646.59656,1.6169752,0.63720477,1.0,0.0,34.0
exp4_fixed_3,3321,655.5659,1.7975155,0.591231,1.0,0.0,30.0
exp4_fixed_3,3322,642.39185,2.4731731,0.570216,1.0,0.0,19.0
exp4_fixed_3,3323,732.2908,3.1693478,0.5167276,1.0,0.0,19.0
exp4_fixed_3,3324,648.8705,2.9662275,0.43033877,1.0,0.0,18.0
exp4_fixed_3,3325,622.8965,3.7617064,0.46567452,1.0,0.0,11.0
exp4_fixed_3,3326,751.1356,3.057505,0.49153692,1.0,0.0,22.0
exp4_fixed_3,3327,744.74585,2.5648713,0.50482917,1.0,0.0,28.0
exp4_fixed_3,3328,687.1571,2.6176934,0.566502,1.0,0.0,23.0
exp4_fixed_3,3329,665.73914,1.512451,0.32522118,1.0,0.0,40.0
exp4_fixed_3,3330,716.4187,2.4364994,0.56404173,1.0,0.0,25.0
exp4_fixed_3,3331,645.32416,3.3379445,0.3782287,1.0,0.0,14.0
exp4_fixed_3,3332,717.69653,2.143259,0.6873327,1.0,0.0,34.0
exp4_fixed_3,3333,636.0995,1.2947468,0.6657215,1.0,0.0,56.0
exp4_fixed_3,3334,744.2145,2.3903086,0.55964464,1.0,0.0,26.0
exp4_fixed_3,3335,646.16565,2.211259,0.6419722,1.0,0.0,22.0
exp4_fixed_3,3336,617.4096,2.160914,0.4469069,1.0,0.0,20.0
exp4_fixed_3,3337,540.4147,1.9034116,0.6789116,1.0,0.0,15.0
exp4_fixed_3,3338,722.8018,3.3227456,0.4577979,1.0,0.0,20.0
exp4_fixed_3,3339,530.18604,3.4620495,0.44491115,1.0,0.0,6.0
exp4_fixed_3,3341,607.84717,2.5685499,0.5269324,1.0,0.0,15.0
exp4_fixed_3,3342,757.41846,3.0406036,0.5009846,1.0,0.0,23.0
exp4_fixed_3,3343,696.0148,2.622269,0.56105745,1.0,0.0,23.0
exp4_fixed_3,3344,662.2307,1.7855381,0.68741375,1.0,0.0,41.0
exp4_fixed_3,3345,729.651,2.43343,0.5412026,1.0,0.0,28.0
exp4_fixed_3,3346,632.68567,3.1298776,0.50283736,1.0,0.0,16.0
exp4_fixed_3,3347,638.16614,2.688412,0.4849109,1.0,0.0,17.0
exp4_fixed_3,3348,652.1366,1.7383863,0.3093103,1.0,0.0,30.0
exp4_fixed_3,3349,711.6343,3.132998,0.41977158,1.0,0.0,20.0
exp4_fixed_3,3350,638.6794,2.4093757,0.5473458,1.0,0.0,21.0
exp4_fixed_3,3351,638.66797,2.236475,0.69016844,1.0,0.0,22.0
exp4_fixed_3,3352,537.6981,2.219346,0.55012506,1.0,0.0,11.0
exp4_fixed_3,3353,669.8177,2.5929523,0.43317014,1.0,0.0,22.0
exp4_fixed_3,3354,632.55194,2.5125015,0.5425613,1.0,0.0,16.0
exp4_fixed_3,3355,647.3313,1.8428385,0.3994702,1.0,0.0,30.0
exp4_fixed_3,3356,734.98987,2.752053,0.39145237,1.0,0.0,23.0
exp4_fixed_3,3357,763.7846,2.2401962,0.5415671,1.0,0.0,35.0
exp4_fixed_3,3358,747.8878,1.890621,0.43870354,1.0,0.0,39.0
exp4_fixed_3,3359,676.14734,3.2427084,0.3951957,1.0,0.0,15.0
exp4_fixed_3,3361,799.3739,2.9571009,0.39230368,1.0,0.0,27.0
exp4_fixed_3,3362,742.48224,2.9042377,0.5143518,1.0,0.0,23.0
exp4_fixed_3,3363,750.6729,3.6432056,0.39738074,1.0,0.0,19.0
exp4_fixed_3,3364,637.28674,2.3386412,0.6132318,1.0,0.0,21.0
exp4_fixed_3,3365,598.10974,2.647419,0.66027665,1.0,0.0,16.0
exp4_fixed_3,3366,641.71204,1.5693085,0.6380154,1.0,0.0,33.0
exp4_fixed_3,3367,714.4298,3.0828266,0.4600715,1.0,0.0,20.0
exp4_fixed_3,3368,613.9385,2.4916112,0.5907135,1.0,0.0,16.0
exp4_fixed_3,3369,635.0226,2.8575087,0.5682015,1.0,0.0,17.0
exp4_fixed_3,3370,742.928,2.312647,0.6122823,1.0,0.0,29.0
exp4_fixed_3,3371,681.81116,2.67664,0.6632887,1.0,0.0,21.0
exp4_fixed_3,3372,690.5923,2.195222,0.5038565,1.0,0.0,25.0
exp4_fixed_3,3373,606.47644,2.5330124,0.62390155,1.0,0.0,16.0
exp4_fixed_3,3374,695.12695,1.9456315,0.7370298,1.0,0.0,30.0
exp4_fixed_3,3375,715.22437,2.5747395,0.60648227,1.0,0.0,24.0
exp4_fixed_3,3376,665.4845,3.2114012,0.4234664,1.0,0.0,14.0
exp4_fixed_3,3377,691.38403,2.3770232,0.57967126,1.0,0.0,23.0
exp4_fixed_3,3378,755.10535,2.3402755,0.61798465,1.0,0.0,29.0
exp4_fixed_3,3379,616.44965,2.9353774,0.5537404,1.0,0.0,14.0
exp4_fixed_3,3381,715.5078,2.825403,0.4965765,1.0,0.0,22.0
exp4_fixed_3,3382,722.0481,2.5835443,0.52702504,1.0,0.0,28.0
exp4_fixed_3,3383,647.70233,2.2493103,0.578452,1.0,0.0,19.0
exp4_fixed_3,3384,723.86804,2.6253421,0.5792977,1.0,0.0,24.0
exp4_fixed_3,3385,606.3978,1.3182874,0.6440595,1.0,0.0,45.0
exp4_fixed_3,3386,677.9348,3.5374925,0.37850145,1.0,0.0,13.0
exp4_fixed_3,3387,702.68494,2.108945,0.36827144,1.0,0.0,29.0
exp4_fixed_3,3388,767.5332,3.0211163,0.48209858,1.0,0.0,21.0
exp4_fixed_3,3389,519.0851,2.1994903,0.55607516,1.0,0.0,11.0
exp4_fixed_3,3390,682.9909,2.867761,0.5028591,1.0,0.0,20.0
exp4_fixed_3,3391,718.10596,3.1528363,0.56537634,1.0,0.0,19.0
exp4_fixed_3,3392,702.72906,2.0382223,0.59337056,1.0,0.0,28.0
exp4_fixed_3,3393,647.9053,2.0154097,0.6400032,1.0,0.0,29.0
exp4_fixed_3,3394,712.73126,2.5054832,0.5234847,1.0,0.0,25.0
exp4_fixed_3,3395,623.1387,2.451405,0.5882044,1.0,0.0,18.0
exp4_fixed_3,3396,628.6156,1.7760521,0.7141852,1.0,0.0,32.0
exp4_fixed_3,3397,739.0475,3.0813754,0.32416323,1.0,0.0,23.0
exp4_fixed_3,3398,616.8748,1.7968835,0.6543303,1.0,0.0,23.0
exp4_fixed_3,3399,704.9132,2.5193634,0.5338548,1.0,0.0,24.0
exp4_fixed_3,3401,758.27045,2.856243,0.48658293,1.0,0.0,25.0
exp4_fixed_3,3402,563.8876,1.879475,0.5966951,1.0,0.0,16.0
exp4_fixed_3,3403,767.3141,3.0599968,0.40508002,1.0,0.0,25.0
exp4_fixed_3,3404,688.43304,2.0651276,0.4247727,1.0,0.0,28.0
exp4_fixed_3,3405,754.5106,3.1288903,0.3552777,1.0,0.0,23.0
exp4_fixed_3,3406,716.3888,2.6884253,0.4658271,1.0,0.0,25.0
exp4_fixed_3,3407,705.5875,2.3574767,0.45792645,1.0,0.0,30.0
exp4_fixed_3,3408,749.0571,2.7837317,0.41923454,1.0,0.0,24.0
exp4_fixed_3,3409,765.0775,2.1525304,0.532174,1.0,0.0,33.0
exp4_fixed_3,3410,710.2471,2.8775947,0.5946998,1.0,0.0,23.0
exp4_fixed_3,3411,515.1471,2.0421362,0.6049099,1.0,0.0,11.0
exp4_fixed_3,3412,578.03235,1.3690172,0.6687818,1.0,0.0,39.0
exp4_fixed_3,3413,656.73254,2.091221,0.39397255,1.0,0.0,24.0
exp4_fixed_3,3414,735.4497,3.0527835,0.49471027,1.0,0.0,20.0
exp4_fixed_3,3415,654.19037,2.3915815,0.55905294,1.0,0.0,23.0
exp4_fixed_3,3416,655.8988,2.7247372,0.6181558,1.0,0.0,17.0
exp4_fixed_3,3417,639.3974,1.9191254,0.58439803,1.0,0.0,26.0
exp4_fixed_3,3418,717.34735,1.9930544,0.59097826,1.0,0.0,35.0
exp4_fixed_3,3419,624.8873,2.6497192,0.470717,1.0,0.0,16.0
exp4_fixed_3,3421,541.2494,2.8063688,0.4755048,1.0,0.0,10.0
exp4_fixed_3,3422,735.70056,2.8028023,0.43887976,1.0,0.0,23.0
exp4_fixed_3,3423,544.5652,1.9263409,0.65405136,1.0,0.0,14.0
exp4_fixed_3,3424,744.7549,2.9311845,0.44833001,1.0,0.0,22.0
exp4_fixed_3,3425,661.21686,3.207997,0.5020997,1.0,0.0,16.0
exp4_fixed_3,3426,777.1904,2.2157893,0.44857222,1.0,0.0,35.0
exp4_fixed_3,3427,618.3574,1.100089,0.76472247,1.0,0.0,45.0
exp4_fixed_3,3428,726.4835,3.2743843,0.44166437,1.0,0.0,20.0
exp4_fixed_3,3429,658.02966,2.0666888,0.624819,1.0,0.0,25.0
exp4_fixed_3,3430,687.22186,3.204351,0.29356772,1.0,0.0,14.0
exp4_fixed_3,3431,622.16956,2.3275666,0.53315496,1.0,0.0,19.0
exp4_fixed_3,3432,592.01605,0.9881611,0.6115629,1.0,0.0,58.0
exp4_fixed_3,3433,769.9387,3.0226355,0.41939995,1.0,0.0,22.0
exp4_fixed_3,3434,600.66034,2.649097,0.44295093,1.0,0.0,15.0
exp4_fixed_3,3435,635.5234,2.7981212,0.4960363,1.0,0.0,17.0
exp4_fixed_3,3436,757.2129,3.4926538,0.3595132,1.0,0.0,18.0
exp4_fixed_3,3437,553.78375,1.7877547,0.46753305,1.0,0.0,19.0
exp4_fixed_3,3438,676.926,3.0196521,0.3852919,1.0,0.0,17.0
exp4_fixed_3,3439,722.6981,2.2188103,0.598029,1.0,0.0,30.0
exp4_fixed_3,3441,688.7299,2.031156,0.5300326,1.0,0.0,35.0
exp4_fixed_3,3442,667.78217,2.251734,0.45436966,1.0,0.0,24.0
exp4_fixed_3,3443,543.9481,1.9020667,0.5796079,1.0,0.0,15.0
exp4_fixed_3,3444,619.8168,2.4304764,0.59721756,1.0,0.0,16.0
exp4_fixed_3,3445,653.875,1.4894185,0.58068746,1.0,0.0,44.0
exp4_fixed_3,3446,716.385,3.5800884,0.41943887,1.0,0.0,15.0
exp4_fixed_3,3447,520.4933,1.573804,0.68986917,1.0,0.0,18.0
exp4_fixed_3,3448,718.67474,3.1045852,0.430646,1.0,0.0,20.0
exp4_fixed_3,3449,706.1354,2.6531217,0.5992018,1.0,0.0,23.0
exp4_fixed_3,3450,764.1874,2.9726217,0.5004426,1.0,0.0,22.0
exp4_fixed_3,3451,699.81226,2.1959016,0.59079766,1.0,0.0,29.0
exp4_fixed_3,3452,608.40094,2.1806393,0.58169234,1.0,0.0,21.0
exp4_fixed_3,3453,659.1826,2.3926768,0.54586524,1.0,0.0,19.0
exp4_fixed_3,3454,759.157,2.5776854,0.50642794,1.0,0.0,29.0
exp4_fixed_3,3455,739.1433,3.0771353,0.49049976,1.0,0.0,21.0
exp4_fixed_3,3456,717.11304,3.072193,0.4224131,1.0,0.0,21.0
exp4_fixed_3,3457,710.7416,3.2190053,0.46397322,1.0,0.0,17.0
exp4_fixed_3,3458,701.1166,3.3423393,0.5536341,1.0,0.0,18.0
exp4_fixed_3,3459,633.8666,2.6942048,0.4086649,1.0,0.0,15.0
exp4_fixed_3,3461,677.34607,2.1558695,0.52785784,1.0,0.0,23.0
exp4_fixed_3,3462,679.79803,1.7879951,0.6540741,1.0,0.0,40.0
exp4_fixed_3,3463,725.6572,2.6129785,0.5166081,1.0,0.0,23.0
exp4_fixed_3,3464,696.32056,2.7669923,0.38828513,1.0,0.0,22.0
exp4_fixed_3,3465,633.156,2.3089263,0.5148391,1.0,0.0,19.0
exp4_fixed_3,3466,650.2397,2.349669,0.46187788,1.0,0.0,19.0
exp4_fixed_3,3467,732.24316,3.1186988,0.47344038,1.0,0.0,18.0
exp4_fixed_3,3468,800.75354,2.517653,0.3522162,1.0,0.0,31.0
exp4_fixed_3,3469,638.56903,1.6550695,0.3382915,1.0,0.0,32.0
exp4_fixed_3,3470,623.60034,3.2209246,0.5232739,1.0,0.0,13.0
exp4_fixed_3,3471,601.2146,1.6514089,0.52692854,1.0,0.0,28.0
exp4_fixed_3,3472,723.33594,2.9558387,0.48419064,1.0,0.0,23.0
exp4_fixed_3,3473,728.64355,3.352139,0.5299097,1.0,0.0,20.0
exp4_fixed_3,3474,577.9754,2.2915926,0.35879052,1.0,0.0,16.0
exp4_fixed_3,3475,677.1099,2.0968277,0.5534611,1.0,0.0,26.0
exp4_fixed_3,3476,710.8388,3.1367605,0.4867956,1.0,0.0,21.0
exp4_fixed_3,3477,-123.687775,2.2008996,0.38267127,0.0,1.0,4.0
exp4_fixed_3,3478,748.4093,2.1082363,0.6629855,1.0,0.0,31.0
exp4_fixed_3,3479,696.9806,1.8010027,0.6015868,1.0,0.0,41.0
exp4_fixed_3,3481,563.8511,2.524579,0.6358065,1.0,0.0,11.0
exp4_fixed_3,3482,666.48096,2.4164689,0.56065065,1.0,0.0,23.0
exp4_fixed_3,3483,682.95416,1.6489768,0.6432378,1.0,0.0,50.0
exp4_fixed_3,3484,625.8179,3.8368514,0.4897563,1.0,0.0,11.0
exp4_fixed_3,3485,617.9126,3.0879264,0.5079279,1.0,0.0,16.0
exp4_fixed_3,3486,607.62744,2.6542428,0.4942395,1.0,0.0,16.0
exp4_fixed_3,3487,691.4541,2.9278288,0.5469797,1.0,0.0,20.0
exp4_fixed_3,3488,750.68896,2.6740286,0.57825154,1.0,0.0,28.0
exp4_fixed_3,3489,701.48846,2.0897052,0.54676545,1.0,0.0,32.0
exp4_fixed_3,3490,643.2211,3.0649385,0.4456697,1.0,0.0,16.0
exp4_fixed_3,3491,746.30066,2.4621322,0.5661074,1.0,0.0,32.0
exp4_fixed_3,3492,668.9725,2.2679074,0.531368,1.0,0.0,21.0
exp4_fixed_3,3493,765.71594,2.7357566,0.5445591,1.0,0.0,25.0
exp4_fixed_3,3494,708.6534,3.2091737,0.5491028,1.0,0.0,18.0
exp4_fixed_3,3495,551.6769,2.1772354,0.57396394,1.0,0.0,13.0
exp4_fixed_3,3496,617.8559,3.2324345,0.48183233,1.0,0.0,13.0
exp4_fixed_3,3497,562.64716,2.3643744,0.55623066,1.0,0.0,15.0
exp4_fixed_3,3498,734.34937,2.6344078,0.5502252,1.0,0.0,24.0
exp4_fixed_3,3499,598.0603,1.1339697,0.28711596,1.0,0.0,42.0
exp4_fixed_3,3501,636.2864,2.8347569,0.49170688,1.0,0.0,16.0
exp4_fixed_3,3502,642.53125,2.567992,0.51220757,1.0,0.0,19.0
exp4_fixed_3,3503,665.871,3.2181177,0.48959258,1.0,0.0,16.0
exp4_fixed_3,3504,590.63043,2.5362446,0.7090706,1.0,0.0,17.0
exp4_fixed_3,3505,701.9227,2.5255654,0.6789499,1.0,0.0,24.0
exp4_fixed_3,3506,620.1138,2.9851966,0.5194723,1.0,0.0,16.0
exp4_fixed_3,3507,683.67584,2.182173,0.51923084,1.0,0.0,23.0
exp4_fixed_3,3508,777.7815,2.8963902,0.5104995,1.0,0.0,23.0
exp4_fixed_3,3509,750.5901,2.21946,0.557086,1.0,0.0,36.0
exp4_fixed_3,3510,650.8236,2.2530055,0.4608375,1.0,0.0,21.0
exp4_fixed_3,3511,711.917,3.326066,0.405948,1.0,0.0,18.0
exp4_fixed_3,3512,632.1154,2.9922483,0.43997797,1.0,0.0,15.0
exp4_fixed_3,3513,684.952,1.9235498,0.6146671,1.0,0.0,37.0
exp4_fixed_3,3514,742.1688,2.8663642,0.47920328,1.0,0.0,21.0
exp4_fixed_3,3515,737.03174,2.868767,0.48194134,1.0,0.0,24.0
exp4_fixed_3,3516,728.6005,2.7290442,0.5371438,1.0,0.0,21.0
exp4_fixed_3,3517,621.7427,1.9068797,0.66146207,1.0,0.0,21.0
exp4_fixed_3,3518,544.3737,2.0194008,0.64714724,1.0,0.0,14.0
exp4_fixed_3,3519,668.46826,2.903166,0.5353304,1.0,0.0,19.0
exp4_fixed_3,3521,743.4724,3.1871057,0.4602508,1.0,0.0,19.0
exp4_fixed_3,3522,660.187,2.2503626,0.42668658,1.0,0.0,23.0
exp4_fixed_3,3523,616.0315,3.8347754,0.33702984,1.0,0.0,10.0
exp4_fixed_3,3524,700.2169,2.6793559,0.621642,1.0,0.0,21.0
exp4_fixed_3,3525,743.02844,3.0374963,0.52798456,1.0,0.0,22.0
exp4_fixed_3,3526,631.85913,3.0033085,0.5218552,1.0,0.0,14.0
exp4_fixed_3,3527,722.202,2.9806452,0.4901046,1.0,0.0,24.0
exp4_fixed_3,3528,707.02466,2.450387,0.58718246,1.0,0.0,27.0
exp4_fixed_3,3529,659.9043,2.4900901,0.5684705,1.0,0.0,19.0
exp4_fixed_3,3530,631.08856,1.4785732,0.6443623,1.0,0.0,41.0
exp4_fixed_3,3531,666.2018,2.9740956,0.4689503,1.0,0.0,17.0
exp4_fixed_3,3532,535.2235,2.2026062,0.6049759,1.0,0.0,12.0
exp4_fixed_3,3533,727.8058,2.6710403,0.5359585,1.0,0.0,22.0
exp4_fixed_3,3534,766.9275,2.3984926,0.49647087,1.0,0.0,32.0
exp4_fixed_3,3535,709.6898,3.0041306,0.47764492,1.0,0.0,19.0
exp4_fixed_3,3536,543.3325,1.3239592,0.5030239,1.0,0.0,23.0
exp4_fixed_3,3537,749.48816,3.0194361,0.53853047,1.0,0.0,20.0
exp4_fixed_3,3538,697.699,2.250945,0.48844337,1.0,0.0,27.0
exp4_fixed_3,3539,727.13855,3.5005891,0.43356526,1.0,0.0,17.0
exp4_fixed_3,3541,687.28674,3.508087,0.56482327,1.0,0.0,16.0
exp4_fixed_3,3542,699.76196,2.5879197,0.6086988,1.0,0.0,22.0
exp4_fixed_3,3543,694.778,3.110467,0.54434186,1.0,0.0,19.0
exp4_fixed_3,3544,658.6193,2.5636194,0.46425018,1.0,0.0,19.0
exp4_fixed_3,3545,726.70386,2.4771717,0.3852419,1.0,0.0,25.0
exp4_fixed_3,3546,766.8239,2.6497512,0.41997126,1.0,0.0,27.0
exp4_fixed_3,3547,764.5298,2.2597954,0.51796633,1.0,0.0,36.0
exp4_fixed_3,3548,742.98505,3.4047751,0.5326028,1.0,0.0,19.0
exp4_fixed_3,3549,656.1406,2.6908932,0.4830459,1.0,0.0,17.0
exp4_fixed_3,3550,676.1565,2.7846847,0.41513163,1.0,0.0,16.0
exp4_fixed_3,3551,668.38403,3.0896416,0.5493475,1.0,0.0,17.0
exp4_fixed_3,3552,699.21173,2.4715145,0.45655587,1.0,0.0,25.0
exp4_fixed_3,3553,641.49585,2.5150087,0.43271497,1.0,0.0,18.0
exp4_fixed_3,3554,756.7676,2.2168345,0.5032948,1.0,0.0,36.0
exp4_fixed_3,3555,725.1032,3.0492609,0.46380904,1.0,0.0,22.0
exp4_fixed_3,3556,646.2238,2.3973227,0.60744554,1.0,0.0,19.0
exp4_fixed_3,3557,684.7759,2.4727187,0.5983496,1.0,0.0,22.0
exp4_fixed_3,3558,627.92664,2.131292,0.5121569,1.0,0.0,23.0
exp4_fixed_3,3559,732.3822,1.8141315,0.6283459,1.0,0.0,37.0
exp4_fixed_3,3561,692.9386,2.6285286,0.56415474,1.0,0.0,20.0
exp4_fixed_3,3562,532.8206,2.4564576,0.5744706,1.0,0.0,11.0
exp4_fixed_3,3563,635.6173,3.3280165,0.45500422,1.0,0.0,12.0
exp4_fixed_3,3564,691.3239,2.242272,0.60588646,1.0,0.0,32.0
exp4_fixed_3,3565,722.5829,2.918921,0.6781864,1.0,0.0,20.0
exp4_fixed_3,3566,605.0991,1.9002023,0.442973,1.0,0.0,21.0
exp4_fixed_3,3567,733.1383,3.0521896,0.3550904,1.0,0.0,22.0
exp4_fixed_3,3568,620.7793,2.7236805,0.54918504,1.0,0.0,17.0
exp4_fixed_3,3569,723.1648,3.035485,0.5179514,1.0,0.0,20.0
exp4_fixed_3,3570,707.99756,2.5806787,0.5274012,1.0,0.0,26.0
exp4_fixed_3,3571,720.3705,3.0170748,0.48198384,1.0,0.0,20.0
exp4_fixed_3,3572,774.68677,2.7131453,0.4531249,1.0,0.0,25.0
exp4_fixed_3,3573,611.181,2.5257065,0.5223359,1.0,0.0,15.0
exp4_fixed_3,3574,697.90546,2.1421626,0.6017032,1.0,0.0,30.0
exp4_fixed_3,3575,711.6317,2.8942943,0.56288576,1.0,0.0,21.0
exp4_fixed_3,3576,748.65686,1.7244561,0.50697917,1.0,0.0,43.0
exp4_fixed_3,3577,733.5948,2.3942192,0.44695964,1.0,0.0,24.0
exp4_fixed_3,3578,750.30597,3.1815603,0.38547185,1.0,0.0,21.0
exp4_fixed_3,3579,682.7798,1.6549222,0.66331327,1.0,0.0,41.0
exp4_fixed_3,3581,630.8404,1.372338,0.6766665,1.0,0.0,50.0
exp4_fixed_3,3582,630.7091,3.0942008,0.3487039,1.0,0.0,12.0
exp4_fixed_3,3583,705.60974,2.9103327,0.4899639,1.0,0.0,22.0
exp4_fixed_3,3584,671.626,3.254661,0.51213026,1.0,0.0,17.0
exp4_fixed_3,3585,724.2184,2.8384466,0.5862202,1.0,0.0,22.0
exp4_fixed_3,3586,653.6912,2.284999,0.48515877,1.0,0.0,20.0
exp4_fixed_3,3587,753.93225,1.9108726,0.3357168,1.0,0.0,38.0
exp4_fixed_3,3588,680.61145,1.8396791,0.59480864,1.0,0.0,38.0
exp4_fixed_3,3589,659.9672,1.976392,0.51388824,1.0,0.0,26.0
exp4_fixed_3,3590,696.6157,2.3586023,0.6091954,1.0,0.0,23.0
exp4_fixed_3,3591,728.70825,3.2003505,0.51253235,1.0,0.0,19.0
exp4_fixed_3,3592,737.44226,2.7719076,0.5297839,1.0,0.0,26.0
exp4_fixed_3,3593,598.8505,1.7486393,0.50197107,1.0,0.0,23.0
exp4_fixed_3,3594,653.3135,2.3865192,0.5415094,1.0,0.0,20.0
exp4_fixed_3,3595,521.56573,1.9964036,0.62366456,1.0,0.0,13.0
exp4_fixed_3,3596,730.86066,3.325234,0.3962029,1.0,0.0,18.0
exp4_fixed_3,3597,642.043,2.9984055,0.44948572,1.0,0.0,14.0
exp4_fixed_3,3598,629.28394,1.7938719,0.57560754,1.0,0.0,27.0
exp4_fixed_3,3599,620.6996,3.2157142,0.5234074,1.0,0.0,14.0
exp4_fixed_3,3601,652.49774,2.2981598,0.4989099,1.0,0.0,21.0
exp4_fixed_3,3602,645.28845,2.2612221,0.44323453,1.0,0.0,21.0
exp4_fixed_3,3603,-37.532383,0.4079635,0.81292015,0.0,0.0,100.0
exp4_fixed_3,3604,604.4547,2.5234513,0.5385397,1.0,0.0,15.0
exp4_fixed_3,3605,626.21277,2.2315426,0.42654553,1.0,0.0,19.0
exp4_fixed_3,3606,687.10675,2.9744627,0.5322256,1.0,0.0,19.0
exp4_fixed_3,3607,678.2319,2.677805,0.46512735,1.0,0.0,21.0
exp4_fixed_3,3608,606.3193,1.4864943,0.60484177,1.0,0.0,35.0
exp4_fixed_3,3609,705.7377,2.8631883,0.46249795,1.0,0.0,23.0
exp4_fixed_3,3610,550.93976,2.2297783,0.49465647,1.0,0.0,12.0
exp4_fixed_3,3611,686.57336,2.2296515,0.59942955,1.0,0.0,30.0
exp4_fixed_3,3612,656.47284,2.3281226,0.4973739,1.0,0.0,23.0
exp4_fixed_3,3613,754.2466,2.532017,0.5534995,1.0,0.0,24.0
exp4_fixed_3,3614,646.2821,2.5130482,0.50693464,1.0,0.0,21.0
exp4_fixed_3,3615,767.5425,2.5306342,0.42611676,1.0,0.0,31.0
exp4_fixed_3,3616,678.50085,3.3508513,0.45633507,1.0,0.0,15.0
exp4_fixed_3,3617,745.99365,2.575153,0.5493333,1.0,0.0,24.0
exp4_fixed_3,3618,604.0906,1.8823481,0.67019325,1.0,0.0,24.0
exp4_fixed_3,3619,720.9078,2.329533,0.592027,1.0,0.0,27.0
exp4_fixed_3,3621,78.822815,1.9751525,0.53942823,0.0,1.0,25.0
exp4_fixed_3,3622,681.39075,2.477061,0.31150907,1.0,0.0,21.0
exp4_fixed_3,3623,673.18115,3.1170259,0.36958385,1.0,0.0,17.0
exp4_fixed_3,3624,709.3715,2.6725457,0.63316965,1.0,0.0,22.0
exp4_fixed_3,3625,776.4172,2.6729128,0.44905934,1.0,0.0,24.0
exp4_fixed_3,3626,740.8093,2.928482,0.39561993,1.0,0.0,21.0
exp4_fixed_3,3627,714.79614,2.5619407,0.54419297,1.0,0.0,26.0
exp4_fixed_3,3628,631.907,2.643412,0.55327183,1.0,0.0,20.0
exp4_fixed_3,3629,526.3438,1.6596825,0.48687968,1.0,0.0,16.0
exp4_fixed_3,3630,713.598,2.5952353,0.6005702,1.0,0.0,23.0
exp4_fixed_3,3631,703.4822,2.5272446,0.62319684,1.0,0.0,27.0
exp4_fixed_3,3632,683.9587,2.2422678,0.5300041,1.0,0.0,22.0
exp4_fixed_3,3633,583.3146,2.5384586,0.38718304,1.0,0.0,14.0
exp4_fixed_3,3634,705.59796,2.4720323,0.5140303,1.0,0.0,24.0
exp4_fixed_3,3635,634.5708,2.5665522,0.47488436,1.0,0.0,17.0
exp4_fixed_3,3636,703.96497,2.7183845,0.55666465,1.0,0.0,23.0
exp4_fixed_3,3637,749.4072,2.3748367,0.6322717,1.0,0.0,30.0
exp4_fixed_3,3638,707.2112,2.6470983,0.52525145,1.0,0.0,23.0
exp4_fixed_3,3639,693.09216,2.055205,0.5964332,1.0,0.0,34.0
exp4_fixed_3,3641,629.8109,2.0091062,0.6534249,1.0,0.0,24.0
exp4_fixed_3,3642,621.9989,1.2465569,0.57417375,1.0,0.0,44.0
exp4_fixed_3,3643,657.61163,3.0979629,0.5020854,1.0,0.0,16.0
exp4_fixed_3,3644,690.42664,2.9733922,0.51606923,1.0,0.0,18.0
exp4_fixed_3,3645,583.1282,2.11397,0.5758171,1.0,0.0,18.0
exp4_fixed_3,3646,651.70886,2.919796,0.46121198,1.0,0.0,16.0
exp4_fixed_3,3647,753.9606,3.0663157,0.525394,1.0,0.0,22.0
exp4_fixed_3,3648,652.3402,2.440407,0.50595903,1.0,0.0,23.0
exp4_fixed_3,3649,627.00977,2.0442808,0.5535783,1.0,0.0,24.0
exp4_fixed_3,3650,552.47205,1.6243242,0.5633534,1.0,0.0,20.0
exp4_fixed_3,3651,728.80786,2.7808301,0.571863,1.0,0.0,25.0
exp4_fixed_3,3652,781.5275,3.0687387,0.5205203,1.0,0.0,22.0
exp4_fixed_3,3653,715.70264,2.8981082,0.5141502,1.0,0.0,20.0
exp4_fixed_3,3654,667.9855,2.4004128,0.33442387,1.0,0.0,25.0
exp4_fixed_3,3655,723.972,2.66099,0.4114331,1.0,0.0,24.0
exp4_fixed_3,3656,661.25146,2.131305,0.5352682,1.0,0.0,25.0
exp4_fixed_3,3657,725.251,2.5459769,0.5133244,1.0,0.0,24.0
exp4_fixed_3,3658,677.9226,2.7861872,0.4317518,1.0,0.0,18.0
exp4_fixed_3,3659,746.9097,2.0521774,0.5881845,1.0,0.0,35.0
exp4_fixed_3,3661,725.3393,2.9831092,0.5199535,1.0,0.0,19.0
exp4_fixed_3,3662,751.972,2.9143853,0.4889558,1.0,0.0,23.0
exp4_fixed_3,3663,740.29504,2.6835673,0.4762299,1.0,0.0,24.0
exp4_fixed_3,3664,670.92694,1.8578799,0.55642223,1.0,0.0,41.0
exp4_fixed_3,3665,579.2334,3.0200815,0.4571954,1.0,0.0,13.0
exp4_fixed_3,3666,689.6958,3.6135585,0.49038118,1.0,0.0,15.0
exp4_fixed_3,3667,731.6697,2.7239656,0.43074945,1.0,0.0,26.0
exp4_fixed_3,3668,667.6843,2.9174955,0.4383836,1.0,0.0,17.0
exp4_fixed_3,3669,612.40955,2.7627661,0.62370455,1.0,0.0,16.0
exp4_fixed_3,3670,723.6353,2.336505,0.51799726,1.0,0.0,25.0
exp4_fixed_3,3671,641.4597,2.4159129,0.45912638,1.0,0.0,19.0
exp4_fixed_3,3672,654.9717,2.2355428,0.54243314,1.0,0.0,22.0
exp4_fixed_3,3673,718.8632,2.6792936,0.6526712,1.0,0.0,25.0
exp4_fixed_3,3674,686.29565,2.2342222,0.57005626,1.0,0.0,25.0
exp4_fixed_3,3675,709.48267,2.962621,0.54863137,1.0,0.0,19.0
exp4_fixed_3,3676,667.8337,1.9793397,0.42759863,1.0,0.0,26.0
exp4_fixed_3,3677,743.3176,2.6582758,0.5995617,1.0,0.0,26.0
exp4_fixed_3,3678,733.7193,2.7982805,0.49568966,1.0,0.0,26.0
exp4_fixed_3,3679,585.57764,1.5635966,0.54272074,1.0,0.0,24.0
exp4_fixed_3,3681,750.78345,2.8539124,0.38224837,1.0,0.0,27.0
exp4_fixed_3,3682,702.2489,1.4132673,0.6070326,1.0,0.0,60.0
exp4_fixed_3,3683,702.62714,3.4084516,0.42881522,1.0,0.0,17.0
exp4_fixed_3,3684,665.3192,2.0863376,0.5889564,1.0,0.0,28.0
exp4_fixed_3,3685,764.1437,2.6259832,0.42130572,1.0,0.0,31.0
exp4_fixed_3,3686,706.72156,3.0544798,0.5242546,1.0,0.0,22.0
exp4_fixed_3,3687,623.1692,3.4597862,0.44085506,1.0,0.0,11.0
exp4_fixed_3,3688,663.3386,1.2112837,0.6547827,1.0,0.0,46.0
exp4_fixed_3,3689,686.69336,2.884201,0.68258846,1.0,0.0,20.0
exp4_fixed_3,3690,625.9611,2.8421547,0.4836108,1.0,0.0,15.0
exp4_fixed_3,3691,642.8469,2.4006658,0.56158215,1.0,0.0,22.0
exp4_fixed_3,3692,670.31433,2.9499304,0.56333447,1.0,0.0,17.0
exp4_fixed_3,3693,73.47406,1.6552458,0.5023897,0.0,1.0,35.0
exp4_fixed_3,3694,763.47864,2.3149204,0.54633343,1.0,0.0,39.0
exp4_fixed_3,3695,631.42444,2.709358,0.56434864,1.0,0.0,17.0
exp4_fixed_3,3696,629.6017,3.1720493,0.5815941,1.0,0.0,14.0
exp4_fixed_3,3697,657.9051,2.0054815,0.541377,1.0,0.0,27.0
exp4_fixed_3,3698,726.91003,2.5849564,0.44758797,1.0,0.0,24.0
exp4_fixed_3,3699,82.56766,1.6530576,0.4216919,0.0,1.0,36.0
exp4_fixed_3,3701,737.1106,3.0664728,0.48015112,1.0,0.0,20.0
exp4_fixed_3,3702,659.8549,2.7008636,0.4028512,1.0,0.0,17.0
exp4_fixed_3,3703,645.12256,1.8147811,0.60523736,1.0,0.0,33.0
exp4_fixed_3,3704,681.35516,2.9399505,0.3758323,1.0,0.0,17.0
exp4_fixed_3,3705,518.3486,1.2274066,0.48446873,1.0,0.0,24.0
exp4_fixed_3,3706,673.4935,2.4035618,0.4306608,1.0,0.0,20.0
exp4_fixed_3,3707,662.8585,2.0856876,0.5117478,1.0,0.0,24.0
exp4_fixed_3,3708,676.38947,2.7027087,0.47648528,1.0,0.0,22.0
exp4_fixed_3,3709,754.2412,3.3750644,0.36300093,1.0,0.0,21.0
exp4_fixed_3,3710,735.13605,2.8593452,0.5214662,1.0,0.0,25.0
exp4_fixed_3,3711,733.0274,2.5523283,0.5222288,1.0,0.0,27.0
exp4_fixed_3,3712,694.6824,2.8198965,0.584425,1.0,0.0,20.0
exp4_fixed_3,3713,701.8766,2.2193754,0.44962436,1.0,0.0,26.0
exp4_fixed_3,3714,536.82574,1.5596352,0.75141996,1.0,0.0,22.0
exp4_fixed_3,3715,724.13904,2.2667022,0.6120442,1.0,0.0,27.0
exp4_fixed_3,3716,-106.68222,3.059455,0.36209884,0.0,1.0,3.0
exp4_fixed_3,3717,719.44324,2.6865177,0.45626393,1.0,0.0,24.0
exp4_fixed_3,3718,688.7733,2.750495,0.4985893,1.0,0.0,22.0
exp4_fixed_3,3719,547.37305,2.0006354,0.55766237,1.0,0.0,15.0
exp4_fixed_3,3721,558.84546,1.6536998,0.49250248,1.0,0.0,21.0
exp4_fixed_3,3722,724.5938,2.534622,0.54780465,1.0,0.0,25.0
exp4_fixed_3,3723,705.82526,2.4095972,0.5432212,1.0,0.0,24.0
exp4_fixed_3,3724,737.7766,2.146926,0.4380882,1.0,0.0,32.0
exp4_fixed_3,3725,717.41473,2.4426377,0.53707224,1.0,0.0,25.0
exp4_fixed_3,3726,754.77484,2.5849376,0.4869168,1.0,0.0,30.0
exp4_fixed_3,3727,619.0293,3.167602,0.564188,1.0,0.0,15.0
exp4_fixed_3,3728,751.0936,3.1743817,0.62565124,1.0,0.0,21.0
exp4_fixed_3,3729,732.68164,2.9559393,0.46154675,1.0,0.0,25.0
exp4_fixed_3,3730,536.5606,2.1756418,0.6155213,1.0,0.0,11.0
exp4_fixed_3,3731,732.99805,2.2084494,0.5366193,1.0,0.0,37.0
exp4_fixed_3,3732,674.9662,2.5761602,0.51855737,1.0,0.0,24.0
exp4_fixed_3,3733,701.12354,2.9184334,0.55457443,1.0,0.0,19.0
exp4_fixed_3,3734,648.01886,2.3408625,0.6207431,1.0,0.0,22.0
exp4_fixed_3,3735,571.32477,2.318458,0.60507673,1.0,0.0,14.0
exp4_fixed_3,3736,594.85223,2.3979287,0.55303425,1.0,0.0,20.0
exp4_fixed_3,3737,636.01556,2.4545338,0.52823,1.0,0.0,20.0
exp4_fixed_3,3738,720.1926,2.2387874,0.4336853,1.0,0.0,27.0
exp4_fixed_3,3739,696.22076,2.440435,0.63452333,1.0,0.0,23.0
exp4_fixed_3,3741,662.91187,2.514057,0.55930865,1.0,0.0,20.0
exp4_fixed_3,3742,680.9552,1.5715458,0.6110151,1.0,0.0,43.0
exp4_fixed_3,3743,624.4722,2.1017132,0.2703166,1.0,0.0,20.0
exp4_fixed_3,3744,766.6444,2.788894,0.41086423,1.0,0.0,29.0
exp4_fixed_3,3745,777.9846,2.128044,0.48415387,1.0,0.0,36.0
exp4_fixed_3,3746,722.4027,2.4803877,0.5701496,1.0,0.0,27.0
exp4_fixed_3,3747,710.3728,3.212381,0.43624973,1.0,0.0,19.0
exp4_fixed_3,3748,741.7444,3.286964,0.47427717,1.0,0.0,20.0
exp4_fixed_3,3749,635.6509,1.3283322,0.6441535,1.0,0.0,39.0
exp4_fixed_3,3750,650.6237,2.9476552,0.49998868,1.0,0.0,16.0
exp4_fixed_3,3751,716.7995,3.2283835,0.53481567,1.0,0.0,20.0
exp4_fixed_3,3752,609.1956,1.8775162,0.50726616,1.0,0.0,23.0
exp4_fixed_3,3753,647.9216,1.7426878,0.40207538,1.0,0.0,30.0
exp4_fixed_3,3754,689.6981,2.6166131,0.53131294,1.0,0.0,24.0
exp4_fixed_3,3755,735.05945,3.161369,0.5272763,1.0,0.0,19.0
exp4_fixed_3,3756,682.53284,2.7584405,0.4529735,1.0,0.0,19.0
exp4_fixed_3,3757,749.31323,2.9155283,0.46293887,1.0,0.0,20.0
exp4_fixed_3,3758,557.43353,1.8915743,0.58482414,1.0,0.0,16.0
exp4_fixed_3,3759,565.11694,2.4731603,0.40347686,1.0,0.0,12.0
exp4_fixed_3,3761,555.73254,2.2643647,0.37754667,1.0,0.0,15.0
exp4_fixed_3,3762,683.6428,2.3857114,0.5299472,1.0,0.0,22.0
exp4_fixed_3,3763,594.3054,2.440563,0.589495,1.0,0.0,18.0
exp4_fixed_3,3764,552.8855,2.8035722,0.42281392,1.0,0.0,11.0
exp4_fixed_3,3765,612.61536,2.312843,0.5780523,1.0,0.0,21.0
exp4_fixed_3,3766,754.03186,1.9067969,0.45718002,1.0,0.0,38.0
exp4_fixed_3,3767,586.5807,1.7510834,0.40616113,1.0,0.0,20.0
exp4_fixed_3,3768,761.70795,2.5603526,0.52115095,1.0,0.0,29.0
exp4_fixed_3,3769,677.9448,2.8132591,0.29509202,1.0,0.0,20.0
exp4_fixed_3,3770,608.9752,3.0142848,0.50402105,1.0,0.0,12.0
exp4_fixed_3,3771,746.21094,2.2594664,0.4488385,1.0,0.0,35.0
exp4_fixed_3,3772,730.4938,3.3595173,0.34002137,1.0,0.0,20.0
exp4_fixed_3,3773,707.2565,2.7557669,0.48237154,1.0,0.0,22.0
exp4_fixed_3,3774,694.8583,3.188189,0.519,1.0,0.0,18.0
exp4_fixed_3,3775,640.0284,2.6865788,0.57473963,1.0,0.0,20.0
exp4_fixed_3,3776,714.52954,2.902701,0.4568879,1.0,0.0,23.0
exp4_fixed_3,3777,695.7793,2.862521,0.5069898,1.0,0.0,21.0
exp4_fixed_3,3778,635.90283,2.2121897,0.37781042,1.0,0.0,19.0
exp4_fixed_3,3779,698.49133,2.2379718,0.6061915,1.0,0.0,29.0
exp4_fixed_3,3781,787.2015,2.3254788,0.49787188,1.0,0.0,35.0
exp4_fixed_3,3782,669.443,2.5840683,0.5382169,1.0,0.0,18.0
exp4_fixed_3,3783,738.9859,2.910348,0.44369137,1.0,0.0,22.0
exp4_fixed_3,3784,678.92346,2.1990042,0.46458977,1.0,0.0,26.0
exp4_fixed_3,3785,763.7513,2.8534727,0.4264696,1.0,0.0,27.0
exp4_fixed_3,3786,653.06177,1.5842276,0.6951121,1.0,0.0,41.0
exp4_fixed_3,3787,730.156,2.534612,0.581628,1.0,0.0,26.0
exp4_fixed_3,3788,759.0233,1.7670125,0.483761,1.0,0.0,43.0
exp4_fixed_3,3789,617.1223,1.9864548,0.64112705,1.0,0.0,23.0
exp4_fixed_3,3790,754.4227,2.9098315,0.5392887,1.0,0.0,23.0
exp4_fixed_3,3791,693.3179,2.9610558,0.48025542,1.0,0.0,20.0
exp4_fixed_3,3792,703.41846,2.0018816,0.6800405,1.0,0.0,28.0
exp4_fixed_3,3793,693.62646,3.1716657,0.43582657,1.0,0.0,17.0
exp4_fixed_3,3794,744.60986,2.354685,0.64695907,1.0,0.0,31.0
exp4_fixed_3,3795,593.7892,2.287951,0.57115746,1.0,0.0,18.0
exp4_fixed_3,3796,732.0825,2.849569,0.4944316,1.0,0.0,24.0
exp4_fixed_3,3797,703.1302,2.9213965,0.5744946,1.0,0.0,22.0
exp4_fixed_3,3798,713.22327,1.4952353,0.5194478,1.0,0.0,59.0
exp4_fixed_3,3799,647.6661,2.9704878,0.453133,1.0,0.0,15.0
exp4_fixed_3,3801,731.80865,2.5485456,0.5684577,1.0,0.0,26.0
exp4_fixed_3,3802,670.029,1.6164553,0.31598374,1.0,0.0,36.0
exp4_fixed_3,3803,664.22614,3.256933,0.40931848,1.0,0.0,15.0
exp4_fixed_3,3804,710.0177,3.433944,0.5123783,1.0,0.0,17.0
exp4_fixed_3,3805,707.1848,2.6192968,0.6623551,1.0,0.0,21.0
exp4_fixed_3,3806,622.30365,2.2010074,0.5179549,1.0,0.0,21.0
exp4_fixed_3,3807,729.16235,3.4545498,0.45020038,1.0,0.0,19.0
exp4_fixed_3,3808,748.34094,3.2205627,0.51105034,1.0,0.0,20.0
exp4_fixed_3,3809,751.1917,2.4417253,0.5785211,1.0,0.0,26.0
exp4_fixed_3,3810,635.63116,2.3599944,0.6059683,1.0,0.0,17.0
exp4_fixed_3,3811,732.11304,2.3235838,0.48187396,1.0,0.0,29.0
exp4_fixed_3,3812,745.2735,2.883678,0.48771095,1.0,0.0,21.0
exp4_fixed_3,3813,759.1646,2.9084377,0.47872066,1.0,0.0,23.0
exp4_fixed_3,3814,746.555,2.9270668,0.52752805,1.0,0.0,22.0
exp4_fixed_3,3815,673.2817,1.6892751,0.6229434,1.0,0.0,42.0
exp4_fixed_3,3816,605.6611,2.9672105,0.44275305,1.0,0.0,13.0
exp4_fixed_3,3817,716.4434,2.9765043,0.49410328,1.0,0.0,19.0
exp4_fixed_3,3818,713.9624,2.405126,0.68797946,1.0,0.0,29.0
exp4_fixed_3,3819,612.6377,1.7503823,0.5722379,1.0,0.0,29.0
exp4_fixed_3,3821,740.5989,2.8706622,0.43036577,1.0,0.0,26.0
exp4_fixed_3,3822,593.34,1.4836084,0.4694359,1.0,0.0,28.0
exp4_fixed_3,3823,662.8175,1.7550933,0.5336431,1.0,0.0,37.0
exp4_fixed_3,3824,633.8207,2.1361332,0.48775738,1.0,0.0,23.0
exp4_fixed_3,3825,554.7488,2.1956184,0.50372314,1.0,0.0,13.0
exp4_fixed_3,3826,737.7899,2.712417,0.38932043,1.0,0.0,21.0
exp4_fixed_3,3827,699.6682,3.0675535,0.5947386,1.0,0.0,19.0
exp4_fixed_3,3828,720.82965,2.9306498,0.55708987,1.0,0.0,18.0
exp4_fixed_3,3829,737.67865,3.2245693,0.43884256,1.0,0.0,19.0
exp4_fixed_3,3830,594.8534,2.3565986,0.50228024,1.0,0.0,16.0
exp4_fixed_3,3831,783.4359,2.6445074,0.38227057,1.0,0.0,31.0
exp4_fixed_3,3832,541.9172,1.7273929,0.6801357,1.0,0.0,16.0
exp4_fixed_3,3833,548.6863,2.3097112,0.64057094,1.0,0.0,13.0
exp4_fixed_3,3834,695.5776,1.7549001,0.6563357,1.0,0.0,46.0
exp4_fixed_3,3835,709.20074,2.2369075,0.6460737,1.0,0.0,28.0
exp4_fixed_3,3836,728.82764,2.707804,0.48469397,1.0,0.0,24.0
exp4_fixed_3,3837,747.68713,2.1707535,0.57318,1.0,0.0,34.0
exp4_fixed_3,3838,686.7608,2.3659828,0.54892856,1.0,0.0,23.0
exp4_fixed_3,3839,706.45483,3.4029753,0.5567305,1.0,0.0,16.0
exp4_fixed_3,3841,720.9626,2.1993968,0.43879023,1.0,0.0,30.0
exp4_fixed_3,3842,654.5405,2.6742492,0.5073681,1.0,0.0,17.0
exp4_fixed_3,3843,619.0057,2.135145,0.64117265,1.0,0.0,19.0
exp4_fixed_3,3844,747.5436,2.3964975,0.50364125,1.0,0.0,27.0
exp4_fixed_3,3845,778.7711,2.461414,0.534546,1.0,0.0,33.0
exp4_fixed_3,3846,635.6527,1.5432353,0.5929041,1.0,0.0,39.0
exp4_fixed_3,3847,719.432,2.6877337,0.501855,1.0,0.0,23.0
exp4_fixed_3,3848,582.89,1.5433675,0.62189454,1.0,0.0,22.0
exp4_fixed_3,3849,773.7328,2.0094166,0.46559915,1.0,0.0,39.0
exp4_fixed_3,3850,637.88367,2.925755,0.5005567,1.0,0.0,16.0
exp4_fixed_3,3851,702.0276,2.7477279,0.5321443,1.0,0.0,21.0
exp4_fixed_3,3852,748.16077,2.9667614,0.45988178,1.0,0.0,21.0
exp4_fixed_3,3853,578.6036,1.106338,0.6277389,1.0,0.0,46.0
exp4_fixed_3,3854,577.86365,2.353782,0.42873898,1.0,0.0,14.0
exp4_fixed_3,3855,627.5442,1.4860704,0.48072124,1.0,0.0,38.0
exp4_fixed_3,3856,635.7546,1.9195603,0.5219768,1.0,0.0,23.0
exp4_fixed_3,3857,691.30273,2.4469852,0.55341035,1.0,0.0,24.0
exp4_fixed_3,3858,695.0801,2.7122006,0.5334368,1.0,0.0,21.0
exp4_fixed_3,3859,721.85333,2.7564213,0.39275417,1.0,0.0,24.0
exp4_fixed_3,3861,756.9304,3.204092,0.3888463,1.0,0.0,24.0
exp4_fixed_3,3862,749.4303,2.950789,0.4259536,1.0,0.0,25.0
exp4_fixed_3,3863,726.7825,2.356563,0.4069744,1.0,0.0,27.0
exp4_fixed_3,3864,666.1543,2.0027409,0.6069584,1.0,0.0,23.0
exp4_fixed_3,3865,704.7451,2.5974238,0.543199,1.0,0.0,22.0
exp4_fixed_3,3866,613.219,2.1456428,0.5170511,1.0,0.0,21.0
exp4_fixed_3,3867,650.3311,2.5208127,0.55126333,1.0,0.0,18.0
exp4_fixed_3,3868,640.9926,2.1965723,0.6319818,1.0,0.0,26.0
exp4_fixed_3,3869,587.3653,2.014479,0.5585781,1.0,0.0,20.0
exp4_fixed_3,3870,597.1899,1.2953051,0.649083,1.0,0.0,37.0
exp4_fixed_3,3871,619.9014,3.156751,0.55743015,1.0,0.0,13.0
exp4_fixed_3,3872,647.3922,1.3235776,0.67616373,1.0,0.0,56.0
exp4_fixed_3,3873,595.60815,1.6775924,0.57558703,1.0,0.0,27.0
exp4_fixed_3,3874,767.5509,3.2233279,0.44083717,1.0,0.0,22.0
exp4_fixed_3,3875,652.8819,2.7046947,0.54382265,1.0,0.0,18.0
exp4_fixed_3,3876,696.1615,3.5792086,0.6048612,1.0,0.0,15.0
exp4_fixed_3,3877,686.6645,2.8411667,0.6397709,1.0,0.0,20.0
exp4_fixed_3,3878,684.6851,2.9019575,0.54976994,1.0,0.0,22.0
exp4_fixed_3,3879,735.6421,3.1453147,0.55640024,1.0,0.0,20.0
exp4_fixed_3,3881,746.9276,3.0372126,0.5417689,1.0,0.0,21.0
exp4_fixed_3,3882,747.84985,3.1166124,0.4280352,1.0,0.0,21.0
exp4_fixed_3,3883,600.35,2.6034997,0.47531855,1.0,0.0,16.0
exp4_fixed_3,3884,724.2468,2.7282255,0.50751173,1.0,0.0,25.0
exp4_fixed_3,3885,776.81586,2.5714183,0.5244225,1.0,0.0,28.0
exp4_fixed_3,3886,686.318,1.7050513,0.43448853,1.0,0.0,34.0
exp4_fixed_3,3887,640.4754,2.9699175,0.37506723,1.0,0.0,15.0
exp4_fixed_3,3888,761.04706,2.6791098,0.6188505,1.0,0.0,25.0
exp4_fixed_3,3889,762.80585,3.165603,0.50195324,1.0,0.0,21.0
exp4_fixed_3,3890,667.23425,2.7712615,0.5994965,1.0,0.0,18.0
exp4_fixed_3,3891,764.8434,2.8087807,0.4522849,1.0,0.0,24.0
exp4_fixed_3,3892,641.0657,2.5215344,0.5344074,1.0,0.0,18.0
exp4_fixed_3,3893,598.87305,1.0527495,0.68598795,1.0,0.0,50.0
exp4_fixed_3,3894,680.6071,1.5250118,0.6296212,1.0,0.0,49.0
exp4_fixed_3,3895,714.56915,2.9165013,0.5295988,1.0,0.0,24.0
exp4_fixed_3,3896,708.8585,3.0463958,0.5863407,1.0,0.0,20.0
exp4_fixed_3,3897,622.92035,2.51077,0.52268696,1.0,0.0,17.0
exp4_fixed_3,3898,661.56866,1.6417758,0.57027084,1.0,0.0,35.0
exp4_fixed_3,3899,727.4126,3.302361,0.49016947,1.0,0.0,19.0
exp4_fixed_3,3901,681.3018,1.9436054,0.6906787,1.0,0.0,33.0
exp4_fixed_3,3902,733.6636,2.2377436,0.52853185,1.0,0.0,30.0
exp4_fixed_3,3903,655.53125,2.6516361,0.55595315,1.0,0.0,19.0
exp4_fixed_3,3904,763.5333,2.8342688,0.4474348,1.0,0.0,24.0
exp4_fixed_3,3905,658.3157,2.9413555,0.5582867,1.0,0.0,17.0
exp4_fixed_3,3906,648.68176,2.5764568,0.58988285,1.0,0.0,18.0
exp4_fixed_3,3907,580.44324,1.7527444,0.53229934,1.0,0.0,21.0
exp4_fixed_3,3908,710.6711,2.4420817,0.5609828,1.0,0.0,24.0
exp4_fixed_3,3909,712.891,2.4959235,0.6069387,1.0,0.0,28.0
exp4_fixed_3,3910,739.6328,2.7451236,0.5365489,1.0,0.0,25.0
exp4_fixed_3,3911,647.58545,2.415116,0.52526975,1.0,0.0,19.0
exp4_fixed_3,3912,731.2522,3.1754982,0.44050422,1.0,0.0,21.0
exp4_fixed_3,3913,740.5308,2.0312974,0.57884294,1.0,0.0,35.0
exp4_fixed_3,3914,728.9669,3.190138,0.6127823,1.0,0.0,19.0
exp4_fixed_3,3915,650.29834,1.9251571,0.6153944,1.0,0.0,24.0
exp4_fixed_3,3916,771.60596,2.314109,0.397386,1.0,0.0,32.0
exp4_fixed_3,3917,645.4148,2.3767207,0.54404706,1.0,0.0,19.0
exp4_fixed_3,3918,627.61707,2.6658676,0.515435,1.0,0.0,16.0
exp4_fixed_3,3919,747.8661,3.4696581,0.5077623,1.0,0.0,18.0
exp4_fixed_3,3921,684.93835,2.5240552,0.50957626,1.0,0.0,23.0
exp4_fixed_3,3922,694.8534,2.583,0.57573193,1.0,0.0,24.0
exp4_fixed_3,3923,650.7135,2.1115484,0.49500018,1.0,0.0,26.0
exp4_fixed_3,3924,729.0954,2.7234921,0.5988355,1.0,0.0,22.0
exp4_fixed_3,3925,693.9041,2.538665,0.547028,1.0,0.0,22.0
exp4_fixed_3,3926,597.6292,2.6400492,0.52201515,1.0,0.0,16.0
exp4_fixed_3,3927,684.2468,2.529171,0.5366603,1.0,0.0,21.0
exp4_fixed_3,3928,626.3155,2.8022637,0.5432394,1.0,0.0,17.0
exp4_fixed_3,3929,721.4486,2.1190267,0.6242329,1.0,0.0,37.0
exp4_fixed_3,3930,742.29584,3.2272694,0.54670954,1.0,0.0,19.0
exp4_fixed_3,3931,643.12445,2.8424625,0.44396234,1.0,0.0,17.0
exp4_fixed_3,3932,644.00665,1.9809842,0.50843096,1.0,0.0,26.0
exp4_fixed_3,3933,777.10986,2.690322,0.4966267,1.0,0.0,27.0
exp4_fixed_3,3934,708.8046,2.4895756,0.5732869,1.0,0.0,27.0
exp4_fixed_3,3935,543.6106,0.8397492,0.8082214,1.0,0.0,46.0
exp4_fixed_3,3936,616.1916,2.238109,0.50560766,1.0,0.0,18.0
exp4_fixed_3,3937,686.1044,2.4751897,0.42897466,1.0,0.0,25.0
exp4_fixed_3,3938,579.3248,1.2875216,0.65428257,1.0,0.0,39.0
exp4_fixed_3,3939,713.5063,2.4967866,0.5833862,1.0,0.0,25.0
exp4_fixed_3,3941,720.11755,2.0254812,0.66066504,1.0,0.0,29.0
exp4_fixed_3,3942,708.46924,2.8413432,0.60086304,1.0,0.0,21.0
exp4_fixed_3,3943,639.70087,2.2109907,0.56646293,1.0,0.0,24.0
exp4_fixed_3,3944,723.17664,2.3934433,0.53193796,1.0,0.0,30.0
exp4_fixed_3,3945,721.66003,2.7351284,0.44438398,1.0,0.0,24.0
exp4_fixed_3,3946,719.8086,2.9812074,0.41187453,1.0,0.0,23.0
exp4_fixed_3,3947,678.63336,2.4733462,0.47169504,1.0,0.0,20.0
exp4_fixed_3,3948,769.3992,3.0543594,0.4209777,1.0,0.0,22.0
exp4_fixed_3,3949,731.37494,2.8167384,0.4384119,1.0,0.0,21.0
exp4_fixed_3,3950,700.8516,1.7071866,0.5528933,1.0,0.0,48.0
exp4_fixed_3,3951,717.1543,2.8201926,0.49412787,1.0,0.0,24.0
exp4_fixed_3,3952,739.8545,2.4723303,0.6101761,1.0,0.0,28.0
exp4_fixed_3,3953,619.26746,2.3413634,0.6068344,1.0,0.0,18.0
exp4_fixed_3,3954,651.5599,2.9787483,0.40801722,1.0,0.0,17.0
exp4_fixed_3,3955,675.5376,1.6836096,0.4243358,1.0,0.0,33.0
exp4_fixed_3,3956,742.2699,1.8871974,0.5511162,1.0,0.0,44.0
exp4_fixed_3,3957,621.39606,2.9271197,0.49682334,1.0,0.0,16.0
exp4_fixed_3,3958,729.94055,2.580672,0.5760624,1.0,0.0,25.0
exp4_fixed_3,3959,688.43085,1.9734155,0.5339521,1.0,0.0,29.0
exp4_fixed_3,3961,575.3891,1.8382393,0.5163417,1.0,0.0,17.0
exp4_fixed_3,3962,644.7188,2.0532439,0.58401906,1.0,0.0,26.0
exp4_fixed_3,3963,766.15137,2.4341993,0.6415373,1.0,0.0,29.0
exp4_fixed_3,3964,714.0254,2.6349876,0.52516973,1.0,0.0,23.0
exp4_fixed_3,3965,726.3413,2.438514,0.55640584,1.0,0.0,25.0
exp4_fixed_3,3966,719.7042,2.8481336,0.48957604,1.0,0.0,19.0
exp4_fixed_3,3967,677.09814,2.786536,0.49649993,1.0,0.0,20.0
exp4_fixed_3,3968,658.5371,1.9890648,0.48658076,1.0,0.0,29.0
exp4_fixed_3,3969,694.6963,2.732086,0.52274203,1.0,0.0,22.0
exp4_fixed_3,3970,703.0752,2.2602146,0.4969827,1.0,0.0,27.0
exp4_fixed_3,3971,798.7831,2.946204,0.4851686,1.0,0.0,25.0
exp4_fixed_3,3972,728.6045,2.127742,0.48629302,1.0,0.0,31.0
exp4_fixed_3,3973,601.58026,1.2053478,0.43433976,1.0,0.0,40.0
exp4_fixed_3,3974,638.2595,1.6831704,0.5871217,1.0,0.0,31.0
exp4_fixed_3,3975,780.9403,2.6194825,0.4395162,1.0,0.0,30.0
exp4_fixed_3,3976,543.17206,1.5226148,0.513695,1.0,0.0,20.0
exp4_fixed_3,3977,618.4458,3.238387,0.5444813,1.0,0.0,12.0
exp4_fixed_3,3978,696.97516,2.2297819,0.52042985,1.0,0.0,25.0
exp4_fixed_3,3979,711.0374,2.636472,0.4760072,1.0,0.0,21.0
exp4_fixed_3,3981,732.464,2.7250896,0.4423963,1.0,0.0,21.0
exp4_fixed_3,3982,607.63763,2.5662954,0.5413346,1.0,0.0,16.0
exp4_fixed_3,3983,637.3276,2.303149,0.5079855,1.0,0.0,20.0
exp4_fixed_3,3984,776.35376,3.089886,0.48413476,1.0,0.0,23.0
exp4_fixed_3,3985,548.6926,2.2116976,0.50316864,1.0,0.0,14.0
exp4_fixed_3,3986,715.17426,2.6102707,0.5807349,1.0,0.0,25.0
exp4_fixed_3,3987,722.97253,2.964933,0.4885944,1.0,0.0,22.0
exp4_fixed_3,3988,609.30884,2.2604604,0.60690767,1.0,0.0,19.0
exp4_fixed_3,3989,677.29944,2.4965658,0.55425286,1.0,0.0,26.0
exp4_fixed_3,3990,738.5928,2.2678537,0.5530559,1.0,0.0,33.0
exp4_fixed_3,3991,777.5265,3.2814791,0.3237898,1.0,0.0,22.0
exp4_fixed_3,3992,749.36224,3.6254704,0.49783185,1.0,0.0,17.0
exp4_fixed_3,3993,771.65906,2.7366955,0.45713744,1.0,0.0,24.0
exp4_fixed_3,3994,724.4131,2.886434,0.5251895,1.0,0.0,20.0
exp4_fixed_3,3995,644.8629,2.6900156,0.48289838,1.0,0.0,17.0
exp4_fixed_3,3996,688.07526,2.0613205,0.5698183,1.0,0.0,29.0
exp4_fixed_3,3997,724.8581,3.2136297,0.500052,1.0,0.0,17.0
exp4_fixed_3,3998,595.73773,1.753348,0.7355972,1.0,0.0,26.0
exp4_fixed_3,3999,706.39465,2.0907378,0.67690384,1.0,0.0,33.0
exp4_fixed_3,4001,634.1895,2.8529685,0.6042226,1.0,0.0,18.0
exp4_fixed_3,4002,567.19556,1.6003603,0.48105073,1.0,0.0,21.0
exp4_fixed_3,4003,650.0613,2.3758817,0.4132039,1.0,0.0,19.0
exp4_fixed_3,4004,650.35223,2.609991,0.426225,1.0,0.0,16.0
exp4_fixed_3,4005,633.0583,2.6886451,0.6127566,1.0,0.0,18.0
exp4_fixed_3,4006,575.66156,2.2244878,0.44100243,1.0,0.0,14.0
exp4_fixed_3,4007,749.6273,2.4236813,0.54455835,1.0,0.0,28.0
exp4_fixed_3,4008,629.08685,2.277298,0.60144675,1.0,0.0,19.0
exp4_fixed_3,4009,733.437,2.656225,0.54749984,1.0,0.0,22.0
exp4_fixed_3,4010,583.98285,1.2188897,0.6703867,1.0,0.0,44.0
exp4_fixed_3,4011,661.2936,1.7265869,0.38816547,1.0,0.0,33.0
exp4_fixed_3,4012,722.3217,2.83311,0.5289815,1.0,0.0,24.0
exp4_fixed_3,4013,625.6036,2.0984166,0.5465455,1.0,0.0,21.0
exp4_fixed_3,4014,746.53516,2.8746755,0.6022537,1.0,0.0,22.0
exp4_fixed_3,4015,771.43823,3.1313539,0.42988092,1.0,0.0,23.0
exp4_fixed_3,4016,790.0692,1.8464999,0.385408,1.0,0.0,41.0
exp4_fixed_3,4017,759.3009,2.8070958,0.42433533,1.0,0.0,27.0
exp4_fixed_3,4018,643.6658,2.4858851,0.5890075,1.0,0.0,20.0
exp4_fixed_3,4019,653.26636,1.9809515,0.4768945,1.0,0.0,30.0
exp4_fixed_3,4021,661.05383,2.856892,0.50348,1.0,0.0,17.0
exp4_fixed_3,4022,637.3666,2.6563337,0.45386064,1.0,0.0,17.0
exp4_fixed_3,4023,762.08044,2.8881528,0.50276804,1.0,0.0,24.0
exp4_fixed_3,4024,755.40955,2.703064,0.570377,1.0,0.0,25.0
exp4_fixed_3,4025,705.49744,2.898661,0.57763535,1.0,0.0,22.0
exp4_fixed_3,4026,746.17535,2.6773918,0.4682441,1.0,0.0,24.0
exp4_fixed_3,4027,556.2894,2.2642076,0.52736676,1.0,0.0,13.0
exp4_fixed_3,4028,569.83417,2.2700336,0.553237,1.0,0.0,14.0
exp4_fixed_3,4029,659.4181,3.0695193,0.5574726,1.0,0.0,17.0
exp4_fixed_3,4030,682.39526,2.6219947,0.59585017,1.0,0.0,19.0
exp4_fixed_3,4031,721.35596,2.831873,0.5715675,1.0,0.0,25.0
exp4_fixed_3,4032,692.6181,3.2459517,0.5338131,1.0,0.0,16.0
exp4_fixed_3,4033,734.9361,2.6783216,0.6045718,1.0,0.0,25.0
exp4_fixed_3,4034,711.40076,3.0995603,0.5522531,1.0,0.0,19.0
exp4_fixed_3,4035,700.1825,2.3393075,0.65244544,1.0,0.0,26.0
exp4_fixed_3,4036,755.4208,2.900991,0.47001326,1.0,0.0,26.0
exp4_fixed_3,4037,731.53906,3.363452,0.512408,1.0,0.0,18.0
exp4_fixed_3,4038,691.2795,2.9847298,0.6036888,1.0,0.0,18.0
exp4_fixed_3,4039,606.0235,2.254399,0.55423284,1.0,0.0,18.0
exp4_fixed_3,4041,646.6926,2.7425385,0.46337694,1.0,0.0,18.0
exp4_fixed_3,4042,742.80396,3.2231307,0.54237926,1.0,0.0,19.0
exp4_fixed_3,4043,672.3981,2.5117733,0.61195457,1.0,0.0,21.0
exp4_fixed_3,4044,718.40796,2.4921966,0.53782994,1.0,0.0,27.0
exp4_fixed_3,4045,784.5383,3.2307703,0.44054088,1.0,0.0,24.0
exp4_fixed_3,4046,734.1218,2.1621976,0.5893861,1.0,0.0,31.0
exp4_fixed_3,4047,731.6892,1.8278497,0.7059944,1.0,0.0,42.0
exp4_fixed_3,4048,578.50055,2.8491802,0.5106631,1.0,0.0,14.0
exp4_fixed_3,4049,606.8537,1.7532413,0.6251296,1.0,0.0,25.0
exp4_fixed_3,4050,677.03455,3.0200768,0.5398129,1.0,0.0,17.0
exp4_fixed_3,4051,668.3219,1.5069203,0.54843366,1.0,0.0,45.0
exp4_fixed_3,4052,728.7112,2.5089488,0.6074841,1.0,0.0,26.0
exp4_fixed_3,4053,651.46826,1.6749293,0.620131,1.0,0.0,31.0
exp4_fixed_3,4054,682.24915,2.617386,0.49678177,1.0,0.0,20.0
exp4_fixed_3,4055,715.2526,3.1026578,0.5006702,1.0,0.0,21.0
exp4_fixed_3,4056,674.7396,2.5557225,0.5577782,1.0,0.0,26.0
exp4_fixed_3,4057,714.38916,2.575973,0.46121433,1.0,0.0,21.0
exp4_fixed_3,4058,733.70667,3.2179677,0.50995123,1.0,0.0,21.0
exp4_fixed_3,4059,637.31836,2.8752418,0.5708655,1.0,0.0,16.0
exp4_fixed_3,4061,704.74207,2.8220105,0.58786863,1.0,0.0,21.0
exp4_fixed_3,4062,674.2066,2.0808501,0.5833077,1.0,0.0,26.0
exp4_fixed_3,4063,617.90234,3.1378524,0.5823456,1.0,0.0,14.0
exp4_fixed_3,4064,767.2969,2.0888803,0.55910045,1.0,0.0,33.0
exp4_fixed_3,4065,663.97034,3.0933883,0.44548866,1.0,0.0,15.0
exp4_fixed_3,4066,-120.08075,3.8576002,0.20687893,0.0,1.0,2.0
exp4_fixed_3,4067,644.58813,1.8824118,0.6447231,1.0,0.0,33.0
exp4_fixed_3,4068,656.9611,2.984545,0.5234715,1.0,0.0,17.0
exp4_fixed_3,4069,660.46155,2.5576434,0.4827578,1.0,0.0,20.0
exp4_fixed_3,4070,719.8222,2.3270705,0.63444394,1.0,0.0,30.0
exp4_fixed_3,4071,776.4751,2.4919953,0.46868014,1.0,0.0,34.0
exp4_fixed_3,4072,630.6919,2.551795,0.505042,1.0,0.0,18.0
exp4_fixed_3,4073,643.8718,2.7034144,0.52601427,1.0,0.0,20.0
exp4_fixed_3,4074,739.6581,2.7171385,0.51000416,1.0,0.0,21.0
exp4_fixed_3,4075,587.27893,2.0040896,0.63725454,1.0,0.0,24.0
exp4_fixed_3,4076,643.99646,3.073877,0.5208445,1.0,0.0,15.0
exp4_fixed_3,4077,702.4026,1.9047949,0.5707537,1.0,0.0,39.0
exp4_fixed_3,4078,696.3174,2.7172024,0.5059635,1.0,0.0,19.0
exp4_fixed_3,4079,748.2987,3.1345105,0.45189688,1.0,0.0,18.0
exp4_fixed_3,4081,553.02234,0.8589009,0.7630275,1.0,0.0,51.0
exp4_fixed_3,4082,636.0927,2.5235615,0.52752167,1.0,0.0,17.0
exp4_fixed_3,4083,699.005,2.215339,0.567843,1.0,0.0,28.0
exp4_fixed_3,4084,748.1203,2.338792,0.52769667,1.0,0.0,28.0
exp4_fixed_3,4085,706.47864,2.6178155,0.37865633,1.0,0.0,20.0
exp4_fixed_3,4086,640.6364,2.765245,0.49593234,1.0,0.0,17.0
exp4_fixed_3,4087,683.3341,2.376416,0.5219932,1.0,0.0,24.0
exp4_fixed_3,4088,664.5886,1.7580209,0.62189955,1.0,0.0,32.0
exp4_fixed_3,4089,632.83887,2.4278877,0.5193348,1.0,0.0,18.0
exp4_fixed_3,4090,631.32416,3.1543362,0.55986935,1.0,0.0,15.0
exp4_fixed_3,4091,657.42737,3.2521644,0.53487056,1.0,0.0,16.0
exp4_fixed_3,4092,640.3101,2.071208,0.40255424,1.0,0.0,22.0
exp4_fixed_3,4093,654.386,2.7564688,0.575795,1.0,0.0,17.0
exp4_fixed_3,4094,749.1878,3.176581,0.43500704,1.0,0.0,20.0
exp4_fixed_3,4095,723.74225,2.9526906,0.4752821,1.0,0.0,20.0
exp4_fixed_3,4096,670.8455,2.4354603,0.53508437,1.0,0.0,22.0
exp4_fixed_3,4097,745.0199,2.7874322,0.56738734,1.0,0.0,23.0
exp4_fixed_3,4098,707.21643,2.8524954,0.51539433,1.0,0.0,21.0
exp4_fixed_3,4099,628.3587,2.5547054,0.46798685,1.0,0.0,18.0
exp4_fixed_3,4101,666.1129,2.9905252,0.5573386,1.0,0.0,17.0
exp4_fixed_3,4102,700.30664,2.5227957,0.39740574,1.0,0.0,24.0
exp4_fixed_3,4103,668.4225,2.7335837,0.40547645,1.0,0.0,18.0
exp4_fixed_3,4104,694.9183,2.844976,0.52199185,1.0,0.0,20.0
exp4_fixed_3,4105,593.88776,2.1550534,0.5745193,1.0,0.0,21.0
exp4_fixed_3,4106,658.7794,2.3080287,0.5863343,1.0,0.0,21.0
exp4_fixed_3,4107,668.02594,2.044263,0.62164754,1.0,0.0,32.0
exp4_fixed_3,4108,642.1134,2.131565,0.6190897,1.0,0.0,25.0
exp4_fixed_3,4109,731.86865,2.029075,0.4229637,1.0,0.0,34.0
exp4_fixed_3,4110,669.53564,2.2943363,0.54006,1.0,0.0,25.0
exp4_fixed_3,4111,652.4485,2.4839566,0.3940275,1.0,0.0,18.0
exp4_fixed_3,4112,681.7937,2.9438086,0.3781653,1.0,0.0,18.0
exp4_fixed_3,4113,651.2572,2.8706484,0.45642272,1.0,0.0,15.0
exp4_fixed_3,4114,700.2594,1.9965992,0.546558,1.0,0.0,32.0
exp4_fixed_3,4115,-104.340744,3.4143143,0.35939613,0.0,1.0,3.0
exp4_fixed_3,4116,777.1424,2.3417492,0.5155396,1.0,0.0,32.0
exp4_fixed_3,4117,755.1538,2.5259955,0.49850172,1.0,0.0,32.0
exp4_fixed_3,4118,778.42773,2.9941778,0.53986907,1.0,0.0,22.0
exp4_fixed_3,4119,656.39404,2.5640848,0.6160939,1.0,0.0,17.0
exp4_fixed_3,4121,641.0951,1.792161,0.38920134,1.0,0.0,32.0
exp4_fixed_3,4122,743.144,1.9316496,0.57654047,1.0,0.0,47.0
exp4_fixed_3,4123,685.7001,2.4623432,0.59687,1.0,0.0,27.0
exp4_fixed_3,4124,598.7317,2.0205302,0.63950855,1.0,0.0,19.0
exp4_fixed_3,4125,724.6457,3.0944898,0.46419483,1.0,0.0,20.0
exp4_fixed_3,4126,735.6463,2.3749397,0.5801201,1.0,0.0,30.0
exp4_fixed_3,4127,662.08997,2.350256,0.5790473,1.0,0.0,21.0
exp4_fixed_3,4128,663.0864,2.6957371,0.46819967,1.0,0.0,18.0
exp4_fixed_3,4129,635.046,2.631323,0.47683054,1.0,0.0,18.0
exp4_fixed_3,4130,753.8439,2.7087998,0.48440024,1.0,0.0,26.0
exp4_fixed_3,4131,737.3932,2.708573,0.5310128,1.0,0.0,25.0
exp4_fixed_3,4132,725.3164,2.1553931,0.56801265,1.0,0.0,29.0
exp4_fixed_3,4133,700.1614,2.9271379,0.55861497,1.0,0.0,20.0
exp4_fixed_3,4134,745.05963,2.7706313,0.53052706,1.0,0.0,23.0
exp4_fixed_3,4135,642.16534,2.6273634,0.52067137,1.0,0.0,18.0
exp4_fixed_3,4136,576.43396,1.644431,0.6769114,1.0,0.0,22.0
exp4_fixed_3,4137,663.2091,2.4965587,0.5103194,1.0,0.0,21.0
exp4_fixed_3,4138,600.72363,3.0005522,0.41363543,1.0,0.0,11.0
exp4_fixed_3,4139,680.318,2.8272505,0.57229924,1.0,0.0,20.0
exp4_fixed_3,4141,646.33514,2.9673483,0.4209991,1.0,0.0,15.0
exp4_fixed_3,4142,642.3489,2.336063,0.5345962,1.0,0.0,20.0
exp4_fixed_3,4143,730.7623,2.7760427,0.5624222,1.0,0.0,25.0
exp4_fixed_3,4144,579.9295,2.1639059,0.6488947,1.0,0.0,19.0
exp4_fixed_3,4145,728.98364,2.6027675,0.5272795,1.0,0.0,27.0
exp4_fixed_3,4146,647.24426,2.3145185,0.50917137,1.0,0.0,21.0
exp4_fixed_3,4147,731.18933,2.8319864,0.4904892,1.0,0.0,23.0
exp4_fixed_3,4148,677.38464,2.6572716,0.43524456,1.0,0.0,21.0
exp4_fixed_3,4149,699.35297,2.307367,0.6554095,1.0,0.0,29.0
exp4_fixed_3,4150,674.32166,2.4455166,0.4522788,1.0,0.0,23.0
exp4_fixed_3,4151,668.6887,2.7815773,0.46967277,1.0,0.0,20.0
exp4_fixed_3,4152,751.47144,2.7414339,0.6079153,1.0,0.0,26.0
exp4_fixed_3,4153,671.4809,2.2741816,0.6092489,1.0,0.0,27.0
exp4_fixed_3,4154,730.7402,2.683294,0.5081521,1.0,0.0,28.0
exp4_fixed_3,4155,697.89514,2.3714643,0.5715156,1.0,0.0,27.0
exp4_fixed_3,4156,713.3823,2.027576,0.594978,1.0,0.0,36.0
exp4_fixed_3,4157,768.5508,2.6994975,0.54504234,1.0,0.0,28.0
exp4_fixed_3,4158,689.07367,2.7409232,0.44068518,1.0,0.0,21.0
exp4_fixed_3,4159,715.23004,2.7204792,0.49167022,1.0,0.0,20.0
exp4_fixed_3,4161,696.8418,1.5763478,0.38092685,1.0,0.0,38.0
exp4_fixed_3,4162,665.61884,3.468615,0.5220787,1.0,0.0,13.0
exp4_fixed_3,4163,752.3561,2.9161606,0.50882787,1.0,0.0,22.0
exp4_fixed_3,4164,530.67725,2.2961352,0.4574333,1.0,0.0,11.0
exp4_fixed_3,4165,686.91956,2.690605,0.49201685,1.0,0.0,20.0
exp4_fixed_3,4166,737.73535,2.583873,0.5076741,1.0,0.0,24.0
exp4_fixed_3,4167,669.1409,2.839425,0.5688984,1.0,0.0,18.0
exp4_fixed_3,4168,713.44434,2.9493334,0.53553057,1.0,0.0,21.0
exp4_fixed_3,4169,767.0202,2.8285618,0.47986138,1.0,0.0,23.0
exp4_fixed_3,4170,749.7174,2.7105274,0.5633713,1.0,0.0,25.0
exp4_fixed_3,4171,548.8605,2.2918022,0.551022,1.0,0.0,12.0
exp4_fixed_3,4172,627.44336,2.3572192,0.49358854,1.0,0.0,19.0
exp4_fixed_3,4173,637.1126,2.0301914,0.7163827,1.0,0.0,25.0
exp4_fixed_3,4174,660.5116,1.9299474,0.5742782,1.0,0.0,27.0
exp4_fixed_3,4175,643.58374,2.6048553,0.5235811,1.0,0.0,17.0
exp4_fixed_3,4176,763.6692,2.0226874,0.6683621,1.0,0.0,43.0
exp4_fixed_3,4177,741.96234,2.021249,0.41479203,1.0,0.0,34.0
exp4_fixed_3,4178,665.2113,2.7803273,0.3513475,1.0,0.0,20.0
exp4_fixed_3,4179,602.0451,1.5217078,0.35575888,1.0,0.0,31.0
exp4_fixed_3,4181,600.83826,3.0900269,0.36762285,1.0,0.0,12.0
exp4_fixed_3,4182,648.2914,3.1811392,0.41615278,1.0,0.0,13.0
exp4_fixed_3,4183,737.90436,2.3104103,0.5083434,1.0,0.0,32.0
exp4_fixed_3,4184,720.93164,2.7530801,0.54287696,1.0,0.0,20.0
exp4_fixed_3,4185,724.2359,2.1952968,0.7040454,1.0,0.0,29.0
exp4_fixed_3,4186,614.9774,2.2645578,0.5031373,1.0,0.0,19.0
exp4_fixed_3,4187,707.24207,2.4322565,0.56556106,1.0,0.0,26.0
exp4_fixed_3,4188,650.94965,2.0086977,0.58185476,1.0,0.0,32.0
exp4_fixed_3,4189,577.288,1.98618,0.39851674,1.0,0.0,20.0
exp4_fixed_3,4190,637.4206,1.9675107,0.5457503,1.0,0.0,24.0
exp4_fixed_3,4191,793.57074,2.5223167,0.5592689,1.0,0.0,32.0
exp4_fixed_3,4192,634.79376,2.5347185,0.57748765,1.0,0.0,17.0
exp4_fixed_3,4193,643.62225,2.196862,0.48432764,1.0,0.0,21.0
exp4_fixed_3,4194,772.77905,2.2965505,0.495831,1.0,0.0,33.0
exp4_fixed_3,4195,609.4509,2.0920665,0.5339253,1.0,0.0,21.0
exp4_fixed_3,4196,641.25916,2.5798333,0.6145388,1.0,0.0,18.0
exp4_fixed_3,4197,595.728,2.7516265,0.4202018,1.0,0.0,13.0
exp4_fixed_3,4198,685.7999,3.0332747,0.3526281,1.0,0.0,19.0
exp4_fixed_3,4199,604.264,1.8673778,0.613718,1.0,0.0,22.0
exp4_fixed_3,4201,558.53564,2.2966037,0.59047204,1.0,0.0,13.0
exp4_fixed_3,4202,574.6573,2.4239926,0.51517296,1.0,0.0,16.0
exp4_fixed_3,4203,631.22534,2.8483815,0.468252,1.0,0.0,15.0
exp4_fixed_3,4204,665.36035,3.6969805,0.5859701,1.0,0.0,13.0
exp4_fixed_3,4205,643.7668,2.2612586,0.42210436,1.0,0.0,20.0
exp4_fixed_3,4206,544.53564,2.4736185,0.5652928,1.0,0.0,11.0
exp4_fixed_3,4207,617.11926,1.4709157,0.6808355,1.0,0.0,44.0
exp4_fixed_3,4208,655.41644,1.3244171,0.66238844,1.0,0.0,55.0
exp4_fixed_3,4209,763.22406,2.6166863,0.5403697,1.0,0.0,28.0
exp4_fixed_3,4210,556.6703,2.4950387,0.42313287,1.0,0.0,12.0
exp4_fixed_3,4211,718.643,2.7571342,0.51948947,1.0,0.0,24.0
exp4_fixed_3,4212,724.53064,2.6902893,0.5000515,1.0,0.0,22.0
exp4_fixed_3,4213,602.62445,2.8173957,0.52832216,1.0,0.0,13.0
exp4_fixed_3,4214,699.51666,2.184792,0.54666257,1.0,0.0,31.0
exp4_fixed_3,4215,630.46423,3.1884267,0.4721742,1.0,0.0,15.0
exp4_fixed_3,4216,765.7662,2.747712,0.45149466,1.0,0.0,22.0
exp4_fixed_3,4217,751.01843,2.9036965,0.48833558,1.0,0.0,23.0
exp4_fixed_3,4218,683.8894,2.782543,0.6077347,1.0,0.0,21.0
exp4_fixed_3,4219,792.15576,2.369276,0.5921006,1.0,0.0,31.0
exp4_fixed_3,4221,734.1744,2.9533217,0.56922525,1.0,0.0,22.0
exp4_fixed_3,4222,685.41064,3.176942,0.56710327,1.0,0.0,18.0
exp4_fixed_3,4223,633.5032,3.2831664,0.55713624,1.0,0.0,13.0
exp4_fixed_3,4224,699.6301,2.846404,0.5015885,1.0,0.0,21.0
exp4_fixed_3,4225,630.2746,2.7606544,0.6320549,1.0,0.0,17.0
exp4_fixed_3,4226,669.8711,2.741538,0.45262372,1.0,0.0,18.0
exp4_fixed_3,4227,604.111,3.5011704,0.45618144,1.0,0.0,10.0
exp4_fixed_3,4228,757.07025,2.8713405,0.43565696,1.0,0.0,26.0
exp4_fixed_3,4229,693.72034,2.1121137,0.49369347,1.0,0.0,27.0
exp4_fixed_3,4230,666.60284,2.8499982,0.5663964,1.0,0.0,17.0
exp4_fixed_3,4231,723.73267,3.6396377,0.50958186,1.0,0.0,17.0
exp4_fixed_3,4232,651.34424,2.4956152,0.43550962,1.0,0.0,20.0
exp4_fixed_3,4233,761.2334,2.6574533,0.55964935,1.0,0.0,25.0
exp4_fixed_3,4234,712.88983,2.530242,0.49347413,1.0,0.0,22.0
exp4_fixed_3,4235,651.39185,1.2746146,0.40161094,1.0,0.0,50.0
exp4_fixed_3,4236,769.65125,3.0437162,0.4537767,1.0,0.0,20.0
exp4_fixed_3,4237,767.75854,2.7746668,0.5447835,1.0,0.0,24.0
exp4_fixed_3,4238,709.0195,2.5320046,0.5885176,1.0,0.0,24.0
exp4_fixed_3,4239,582.91595,2.324262,0.45109743,1.0,0.0,14.0
exp4_fixed_3,4241,647.06604,2.4204805,0.48697233,1.0,0.0,18.0
exp4_fixed_3,4242,719.1834,2.9965382,0.51167786,1.0,0.0,21.0
exp4_fixed_3,4243,603.01117,2.3963845,0.523399,1.0,0.0,19.0
exp4_fixed_3,4244,722.4193,2.300938,0.5301471,1.0,0.0,27.0
exp4_fixed_3,4245,737.7915,3.0349667,0.5065106,1.0,0.0,21.0
exp4_fixed_3,4246,785.19476,2.889677,0.5947723,1.0,0.0,23.0
exp4_fixed_3,4247,608.8514,1.6200738,0.58095676,1.0,0.0,33.0
exp4_fixed_3,4248,583.7058,1.1274756,0.2542742,1.0,0.0,36.0
exp4_fixed_3,4249,796.35803,2.027917,0.39574534,1.0,0.0,39.0
exp4_fixed_3,4250,686.99866,2.747981,0.4907964,1.0,0.0,19.0
exp4_fixed_3,4251,664.47253,2.518899,0.44000193,1.0,0.0,19.0
exp4_fixed_3,4252,621.328,2.2900362,0.55580384,1.0,0.0,19.0
exp4_fixed_3,4253,664.45044,1.9142394,0.60049975,1.0,0.0,33.0
exp4_fixed_3,4254,598.5869,2.0599906,0.5926515,1.0,0.0,20.0
exp4_fixed_3,4255,604.49677,2.2482316,0.6438085,1.0,0.0,20.0
exp4_fixed_3,4256,536.89246,1.8037766,0.30483198,1.0,0.0,16.0
exp4_fixed_3,4257,746.47107,2.9567869,0.49724105,1.0,0.0,23.0
exp4_fixed_3,4258,701.86926,2.912597,0.46421427,1.0,0.0,19.0
exp4_fixed_3,4259,705.9281,2.4066992,0.5810853,1.0,0.0,26.0
exp4_fixed_3,4261,726.0813,2.5539045,0.49422917,1.0,0.0,25.0
exp4_fixed_3,4262,713.705,2.1454914,0.5677134,1.0,0.0,35.0
exp4_fixed_3,4263,649.15826,2.7652965,0.51459056,1.0,0.0,21.0
exp4_fixed_3,4264,659.63513,2.755389,0.5329689,1.0,0.0,19.0
exp4_fixed_3,4265,677.37134,1.8474928,0.4298301,1.0,0.0,33.0
exp4_fixed_3,4266,664.7164,2.086185,0.5229632,1.0,0.0,24.0
exp4_fixed_3,4267,704.0004,2.1394892,0.58611447,1.0,0.0,33.0
exp4_fixed_3,4268,726.58105,3.6219447,0.3954562,1.0,0.0,15.0
exp4_fixed_3,4269,582.63916,1.268035,0.50854516,1.0,0.0,32.0
exp4_fixed_3,4270,723.3345,3.0710409,0.41260272,1.0,0.0,22.0
exp4_fixed_3,4271,734.1218,2.6337197,0.6628461,1.0,0.0,23.0
exp4_fixed_3,4272,724.23376,3.1634986,0.5375355,1.0,0.0,19.0
exp4_fixed_3,4273,625.0917,2.617572,0.52440894,1.0,0.0,20.0
exp4_fixed_3,4274,762.43274,3.2506478,0.5913911,1.0,0.0,21.0
exp4_fixed_3,4275,646.4579,3.2548807,0.5975626,1.0,0.0,14.0
exp4_fixed_3,4276,665.5919,2.4901526,0.4994251,1.0,0.0,22.0
exp4_fixed_3,4277,744.13184,2.9831345,0.57436013,1.0,0.0,22.0
exp4_fixed_3,4278,666.91003,2.5547647,0.5228446,1.0,0.0,21.0
exp4_fixed_3,4279,699.29114,2.3159046,0.5301826,1.0,0.0,29.0
exp4_fixed_3,4281,656.23456,2.4245152,0.46319726,1.0,0.0,21.0
exp4_fixed_3,4282,747.5847,2.7719634,0.5542338,1.0,0.0,24.0
exp4_fixed_3,4283,557.56366,1.6622502,0.65389025,1.0,0.0,19.0
exp4_fixed_3,4284,599.95776,1.8711622,0.62289757,1.0,0.0,26.0
exp4_fixed_3,4285,665.9182,1.8564736,0.606198,1.0,0.0,29.0
exp4_fixed_3,4286,627.61035,2.5882368,0.5706393,1.0,0.0,18.0
exp4_fixed_3,4287,751.1572,2.8506553,0.5266067,1.0,0.0,23.0
exp4_fixed_3,4288,657.2332,2.7465043,0.4233902,1.0,0.0,17.0
exp4_fixed_3,4289,648.9852,2.67557,0.54638374,1.0,0.0,18.0
exp4_fixed_3,4290,688.5697,3.0917354,0.46712098,1.0,0.0,19.0
exp4_fixed_3,4291,637.7512,1.6664385,0.58885646,1.0,0.0,35.0
exp4_fixed_3,4292,726.4308,2.0058084,0.5743219,1.0,0.0,37.0
exp4_fixed_3,4293,565.8738,1.2680322,0.47451717,1.0,0.0,32.0
exp4_fixed_3,4294,109.991806,2.3887446,0.32968512,0.0,1.0,22.0
exp4_fixed_3,4295,732.078,2.72607,0.41262668,1.0,0.0,26.0
exp4_fixed_3,4296,726.33813,2.5776572,0.48096073,1.0,0.0,25.0
exp4_fixed_3,4297,568.20856,2.800353,0.4018572,1.0,0.0,11.0
exp4_fixed_3,4298,734.3623,2.5450764,0.52015376,1.0,0.0,23.0
exp4_fixed_3,4299,626.59515,2.1490445,0.5796048,1.0,0.0,21.0
exp4_fixed_3,4301,753.83765,2.5584488,0.49670538,1.0,0.0,31.0
exp4_fixed_3,4302,739.1699,2.9726703,0.5275174,1.0,0.0,25.0
exp4_fixed_3,4303,-81.29133,4.09903,0.3804007,0.0,1.0,4.0
exp4_fixed_3,4304,649.6433,2.3234303,0.46850437,1.0,0.0,21.0
exp4_fixed_3,4305,757.87225,2.8319159,0.47529444,1.0,0.0,23.0
exp4_fixed_3,4306,638.07947,2.591383,0.5238121,1.0,0.0,17.0
exp4_fixed_3,4307,708.9758,2.8668032,0.56035125,1.0,0.0,20.0
exp4_fixed_3,4308,661.4666,2.045142,0.41369513,1.0,0.0,24.0
exp4_fixed_3,4309,747.9529,3.0337408,0.36315987,1.0,0.0,22.0
exp4_fixed_3,4310,770.48315,2.9542525,0.49995244,1.0,0.0,24.0
exp4_fixed_3,4311,763.9259,2.7412033,0.42976156,1.0,0.0,27.0
exp4_fixed_3,4312,797.90704,3.2661827,0.44819358,1.0,0.0,24.0
exp4_fixed_3,4313,632.9707,2.693833,0.5530437,1.0,0.0,18.0
exp4_fixed_3,4314,665.9862,2.357804,0.51039803,1.0,0.0,21.0
exp4_fixed_3,4315,671.0328,1.519882,0.63286173,1.0,0.0,36.0
exp4_fixed_3,4316,672.5869,2.9336286,0.45617834,1.0,0.0,20.0
exp4_fixed_3,4317,723.2322,2.699057,0.6206461,1.0,0.0,23.0
exp4_fixed_3,4318,738.7764,2.9687128,0.51847744,1.0,0.0,22.0
exp4_fixed_3,4319,539.704,1.8890332,0.6409426,1.0,0.0,16.0
exp4_fixed_3,4321,650.6632,3.294633,0.50892204,1.0,0.0,13.0
exp4_fixed_3,4322,697.03235,2.328431,0.48643044,1.0,0.0,24.0
exp4_fixed_3,4323,683.53625,2.101485,0.5575445,1.0,0.0,25.0
exp4_fixed_3,4324,760.6831,3.0372388,0.38979834,1.0,0.0,25.0
exp4_fixed_3,4325,791.0308,3.095304,0.47636887,1.0,0.0,25.0
exp4_fixed_3,4326,692.7988,2.3831384,0.58429617,1.0,0.0,24.0
exp4_fixed_3,4327,785.8638,2.8532405,0.42302126,1.0,0.0,27.0
exp4_fixed_3,4328,719.8585,3.0290828,0.36094233,1.0,0.0,18.0
exp4_fixed_3,4329,632.70935,1.9901084,0.4532213,1.0,0.0,23.0
exp4_fixed_3,4330,735.1791,2.9195824,0.37924907,1.0,0.0,24.0
exp4_fixed_3,4331,639.3057,1.939041,0.5143502,1.0,0.0,25.0
exp4_fixed_3,4332,724.88135,3.0027945,0.49269477,1.0,0.0,20.0
exp4_fixed_3,4333,709.4291,2.4826434,0.5192249,1.0,0.0,26.0
exp4_fixed_3,4334,775.4824,3.1387064,0.4241844,1.0,0.0,24.0
exp4_fixed_3,4335,715.51904,2.5055737,0.47711596,1.0,0.0,29.0
exp4_fixed_3,4336,747.8525,3.1849124,0.34787974,1.0,0.0,21.0
exp4_fixed_3,4337,546.6249,2.1866124,0.6216012,1.0,0.0,12.0
exp4_fixed_3,4338,651.6546,2.9267075,0.5102714,1.0,0.0,16.0
exp4_fixed_3,4339,760.45087,2.7444756,0.4273411,1.0,0.0,24.0
exp4_fixed_3,4341,612.7533,2.4721942,0.5509287,1.0,0.0,17.0
exp4_fixed_3,4342,769.25635,2.384127,0.60022503,1.0,0.0,33.0
exp4_fixed_3,4343,666.1428,2.6729925,0.5790014,1.0,0.0,20.0
exp4_fixed_3,4344,732.4749,3.0841262,0.48179898,1.0,0.0,20.0
exp4_fixed_3,4345,692.11316,3.2744594,0.45644817,1.0,0.0,16.0
exp4_fixed_3,4346,739.97644,2.775061,0.53629,1.0,0.0,27.0
exp4_fixed_3,4347,551.1367,2.2493207,0.37199128,1.0,0.0,13.0
exp4_fixed_3,4348,693.9235,3.0637522,0.43389717,1.0,0.0,18.0
exp4_fixed_3,4349,690.7909,2.9683766,0.5045294,1.0,0.0,18.0
exp4_fixed_3,4350,760.3618,2.9706626,0.53901273,1.0,0.0,22.0
exp4_fixed_3,4351,633.94116,2.1342952,0.5562275,1.0,0.0,21.0
exp4_fixed_3,4352,553.29224,1.7899952,0.4249658,1.0,0.0,18.0
exp4_fixed_3,4353,692.85187,2.6498933,0.6153848,1.0,0.0,22.0
exp4_fixed_3,4354,716.4077,2.3432267,0.65329003,1.0,0.0,29.0
exp4_fixed_3,4355,623.99304,2.1355672,0.5774623,1.0,0.0,20.0
exp4_fixed_3,4356,725.79456,2.9389062,0.5418925,1.0,0.0,20.0
exp4_fixed_3,4357,627.46765,3.52256,0.44710797,1.0,0.0,11.0
exp4_fixed_3,4358,705.8837,2.7073457,0.48547974,1.0,0.0,20.0
exp4_fixed_3,4359,755.6537,3.284991,0.4097427,1.0,0.0,18.0
exp4_fixed_3,4361,715.5786,3.9052145,0.41505885,1.0,0.0,14.0
exp4_fixed_3,4362,752.2804,3.1197186,0.55427593,1.0,0.0,19.0
exp4_fixed_3,4363,621.22845,2.286055,0.6982637,1.0,0.0,21.0
exp4_fixed_3,4364,697.1249,3.1145039,0.5273208,1.0,0.0,19.0
exp4_fixed_3,4365,739.6886,2.83966,0.53056103,1.0,0.0,25.0
exp4_fixed_3,4366,726.6344,3.0748365,0.53091383,1.0,0.0,18.0
exp4_fixed_3,4367,685.472,3.1439352,0.52399296,1.0,0.0,17.0
exp4_fixed_3,4368,628.28284,2.7675982,0.40307525,1.0,0.0,16.0
exp4_fixed_3,4369,612.5735,1.6978424,0.3027525,1.0,0.0,23.0
exp4_fixed_3,4370,680.0343,2.3830738,0.6440296,1.0,0.0,26.0
exp4_fixed_3,4371,732.7771,3.019738,0.5367184,1.0,0.0,24.0
exp4_fixed_3,4372,713.44324,1.9156454,0.60926235,1.0,0.0,39.0
exp4_fixed_3,4373,672.92847,2.815133,0.55151916,1.0,0.0,19.0
exp4_fixed_3,4374,632.7114,2.127242,0.5672664,1.0,0.0,22.0
exp4_fixed_3,4375,742.6776,3.3163135,0.42500922,1.0,0.0,21.0
exp4_fixed_3,4376,665.90436,2.609332,0.5364491,1.0,0.0,18.0
exp4_fixed_3,4377,648.9404,2.3805628,0.63313377,1.0,0.0,20.0
exp4_fixed_3,4378,693.178,2.2490277,0.4672374,1.0,0.0,26.0
exp4_fixed_3,4379,568.631,2.2222495,0.55286354,1.0,0.0,15.0
exp4_fixed_3,4381,609.4491,2.1864028,0.54321724,1.0,0.0,18.0
exp4_fixed_3,4382,730.65576,2.6169798,0.45133483,1.0,0.0,26.0
exp4_fixed_3,4383,641.63446,2.9100838,0.4961546,1.0,0.0,16.0
exp4_fixed_3,4384,730.2041,2.8133395,0.49047658,1.0,0.0,24.0
exp4_fixed_3,4385,550.78186,2.5974135,0.5450944,1.0,0.0,10.0
exp4_fixed_3,4386,663.5076,2.4148736,0.47624055,1.0,0.0,20.0
exp4_fixed_3,4387,725.00525,2.5874047,0.5661761,1.0,0.0,25.0
exp4_fixed_3,4388,658.3093,3.0626004,0.48278365,1.0,0.0,15.0
exp4_fixed_3,4389,684.4861,1.6547296,0.3988546,1.0,0.0,37.0
exp4_fixed_3,4390,645.69006,2.603392,0.49160206,1.0,0.0,17.0
exp4_fixed_3,4391,576.40454,2.0329225,0.5236812,1.0,0.0,19.0
exp4_fixed_3,4392,749.84314,2.956274,0.4795793,1.0,0.0,21.0
exp4_fixed_3,4393,672.1514,2.5202239,0.67944455,1.0,0.0,22.0
exp4_fixed_3,4394,747.5489,2.774278,0.47878397,1.0,0.0,21.0
exp4_fixed_3,4395,769.97974,3.0389671,0.44165307,1.0,0.0,20.0
exp4_fixed_3,4396,761.7983,2.693445,0.39774054,1.0,0.0,30.0
exp4_fixed_3,4397,759.9567,3.0360081,0.4428526,1.0,0.0,23.0
exp4_fixed_3,4398,738.0729,2.5222652,0.5458637,1.0,0.0,26.0
exp4_fixed_3,4399,724.7273,2.7209647,0.57215667,1.0,0.0,24.0
exp4_fixed_3,4401,770.87305,2.6395967,0.4563896,1.0,0.0,28.0
exp4_fixed_3,4402,638.1047,2.529283,0.5530071,1.0,0.0,18.0
exp4_fixed_3,4403,658.3896,2.9205358,0.57542264,1.0,0.0,18.0
exp4_fixed_3,4404,739.55865,2.9756293,0.558767,1.0,0.0,21.0
exp4_fixed_3,4405,751.54584,2.2261837,0.49255478,1.0,0.0,36.0
exp4_fixed_3,4406,735.66455,2.6602151,0.54974484,1.0,0.0,26.0
exp4_fixed_3,4407,657.7847,2.5905259,0.4143198,1.0,0.0,22.0
exp4_fixed_3,4408,710.09155,2.624101,0.43915474,1.0,0.0,22.0
exp4_fixed_3,4409,777.4029,3.366256,0.44619936,1.0,0.0,19.0
exp4_fixed_3,4410,662.42474,3.2909627,0.300588,1.0,0.0,13.0
exp4_fixed_3,4411,756.65125,2.855308,0.400299,1.0,0.0,26.0
exp4_fixed_3,4412,761.47375,2.4429457,0.47084463,1.0,0.0,29.0
exp4_fixed_3,4413,662.4094,2.327079,0.6426249,1.0,0.0,21.0
exp4_fixed_3,4414,621.4669,2.7370164,0.5925309,1.0,0.0,15.0
exp4_fixed_3,4415,739.8876,3.2354724,0.34622347,1.0,0.0,20.0
exp4_fixed_3,4416,630.7815,1.2686987,0.63203233,1.0,0.0,53.0
exp4_fixed_3,4417,-96.46219,3.6744566,0.5985283,0.0,1.0,4.0
exp4_fixed_3,4418,530.6295,1.5540491,0.73673266,1.0,0.0,18.0
exp4_fixed_3,4419,710.1246,2.5937676,0.54349494,1.0,0.0,25.0
exp4_fixed_3,4421,772.16003,2.6055706,0.44048426,1.0,0.0,27.0
exp4_fixed_3,4422,569.33185,1.8179137,0.59350765,1.0,0.0,18.0
exp4_fixed_3,4423,681.76636,2.144639,0.61366975,1.0,0.0,31.0
exp4_fixed_3,4424,700.0454,3.3473375,0.43586463,1.0,0.0,16.0
exp4_fixed_3,4425,625.62683,3.05463,0.48859337,1.0,0.0,14.0
exp4_fixed_3,4426,757.83075,2.791012,0.5351853,1.0,0.0,22.0
exp4_fixed_3,4427,676.94293,2.1475432,0.5826647,1.0,0.0,30.0
exp4_fixed_3,4428,650.36426,2.3647852,0.42086476,1.0,0.0,23.0
exp4_fixed_3,4429,671.6553,2.265628,0.5776613,1.0,0.0,25.0
exp4_fixed_3,4430,638.6063,1.4868485,0.65238136,1.0,0.0,45.0
exp4_fixed_3,4431,737.0493,2.6763465,0.38530627,1.0,0.0,22.0
exp4_fixed_3,4432,610.5997,2.3275502,0.5572316,1.0,0.0,20.0
exp4_fixed_3,4433,727.10443,2.6603634,0.5565409,1.0,0.0,28.0
exp4_fixed_3,4434,643.6284,1.587407,0.41298613,1.0,0.0,33.0
exp4_fixed_3,4435,614.48816,1.9680399,0.5479911,1.0,0.0,24.0
exp4_fixed_3,4436,648.3879,1.2623758,0.6339072,1.0,0.0,58.0
exp4_fixed_3,4437,566.7074,2.6575994,0.5309534,1.0,0.0,11.0
exp4_fixed_3,4438,711.3968,2.650283,0.40800977,1.0,0.0,23.0
exp4_fixed_3,4439,642.50305,1.5893896,0.64349,1.0,0.0,34.0
exp4_fixed_3,4441,605.6666,2.2823184,0.6147997,1.0,0.0,19.0
exp4_fixed_3,4442,623.51874,3.5016525,0.5435769,1.0,0.0,12.0
exp4_fixed_3,4443,769.32227,2.8720582,0.54834014,1.0,0.0,24.0
exp4_fixed_3,4444,738.90405,2.2856846,0.56531,1.0,0.0,31.0
exp4_fixed_3,4445,558.3575,1.9039141,0.57927954,1.0,0.0,17.0
exp4_fixed_3,4446,720.7413,3.180029,0.5044858,1.0,0.0,18.0
exp4_fixed_3,4447,763.84644,2.7107491,0.4644307,1.0,0.0,29.0
exp4_fixed_3,4448,652.4104,3.3300261,0.42533964,1.0,0.0,15.0
exp4_fixed_3,4449,611.3521,0.9921622,0.6009162,1.0,0.0,68.0
exp4_fixed_3,4450,728.9723,2.7450516,0.50354093,1.0,0.0,25.0
exp4_fixed_3,4451,632.63904,2.0886486,0.6241954,1.0,0.0,20.0
exp4_fixed_3,4452,632.38916,2.7789319,0.5378569,1.0,0.0,15.0
exp4_fixed_3,4453,745.7751,2.9202585,0.46647778,1.0,0.0,24.0
exp4_fixed_3,4454,646.8046,1.8151603,0.43480647,1.0,0.0,30.0
exp4_fixed_3,4455,649.7649,1.4694214,0.6268698,1.0,0.0,35.0
exp4_fixed_3,4456,704.4928,1.6821268,0.58897275,1.0,0.0,49.0
exp4_fixed_3,4457,622.7902,2.6658494,0.40995762,1.0,0.0,18.0
exp4_fixed_3,4458,740.688,2.5940006,0.54928374,1.0,0.0,24.0
exp4_fixed_3,4459,518.20166,2.660676,0.44286978,1.0,0.0,9.0
exp4_fixed_3,4461,613.97314,3.2885082,0.34666604,1.0,0.0,10.0
exp4_fixed_3,4462,588.25714,1.9546615,0.69816065,1.0,0.0,24.0
exp4_fixed_3,4463,703.1831,2.943495,0.427063,1.0,0.0,21.0
exp4_fixed_3,4464,728.0183,3.242391,0.57284254,1.0,0.0,20.0
exp4_fixed_3,4465,717.0786,2.8675203,0.5481731,1.0,0.0,24.0
exp4_fixed_3,4466,668.60535,2.0904207,0.58614427,1.0,0.0,30.0
exp4_fixed_3,4467,590.79126,1.6680412,0.63510317,1.0,0.0,25.0
exp4_fixed_3,4468,688.056,1.7173948,0.5903979,1.0,0.0,40.0
exp4_fixed_3,4469,640.7251,2.3349462,0.6320844,1.0,0.0,23.0
exp4_fixed_3,4470,570.9668,1.781613,0.47683084,1.0,0.0,19.0
exp4_fixed_3,4471,639.0194,2.466775,0.4482816,1.0,0.0,17.0
exp4_fixed_3,4472,642.0558,2.681072,0.51339054,1.0,0.0,18.0
exp4_fixed_3,4473,691.47797,2.6494632,0.54714745,1.0,0.0,22.0
exp4_fixed_3,4474,553.05975,2.3638747,0.69420916,1.0,0.0,12.0
exp4_fixed_3,4475,723.7173,2.4613066,0.556199,1.0,0.0,32.0
exp4_fixed_3,4476,564.98865,2.0073404,0.32151392,1.0,0.0,15.0
exp4_fixed_3,4477,744.79114,3.0862412,0.4834377,1.0,0.0,21.0
exp4_fixed_3,4478,710.11597,2.5428348,0.52373415,1.0,0.0,24.0
exp4_fixed_3,4479,762.48157,3.3590727,0.48412764,1.0,0.0,18.0
exp4_fixed_3,4481,670.7904,2.4478374,0.33764267,1.0,0.0,21.0
exp4_fixed_3,4482,632.25757,2.361034,0.47780877,1.0,0.0,20.0
exp4_fixed_3,4483,759.2267,3.2324479,0.49004686,1.0,0.0,19.0
exp4_fixed_3,4484,762.2932,2.6849723,0.5575955,1.0,0.0,28.0
exp4_fixed_3,4485,735.25543,2.1315644,0.65074545,1.0,0.0,30.0
exp4_fixed_3,4486,694.803,2.042654,0.5422706,1.0,0.0,31.0
exp4_fixed_3,4487,573.4176,1.6909895,0.36755976,1.0,0.0,20.0
exp4_fixed_3,4488,644.16425,2.7518992,0.5898629,1.0,0.0,16.0
exp4_fixed_3,4489,646.6059,1.719114,0.7056736,1.0,0.0,40.0
exp4_fixed_3,4490,683.6338,2.8937218,0.58255666,1.0,0.0,19.0
exp4_fixed_3,4491,672.43726,1.3832749,0.591743,1.0,0.0,57.0
exp4_fixed_3,4492,632.41595,2.5733705,0.39656335,1.0,0.0,20.0
exp4_fixed_3,4493,570.73834,2.099487,0.5436141,1.0,0.0,18.0
exp4_fixed_3,4494,734.2025,2.163184,0.707031,1.0,0.0,32.0
exp4_fixed_3,4495,712.5979,2.0945377,0.5961881,1.0,0.0,34.0
exp4_fixed_3,4496,692.28687,2.8853338,0.53372884,1.0,0.0,21.0
exp4_fixed_3,4497,636.8823,2.4311125,0.6557208,1.0,0.0,19.0
exp4_fixed_3,4498,651.95935,3.1245303,0.43359128,1.0,0.0,14.0
exp4_fixed_3,4499,694.99316,2.6729512,0.61200684,1.0,0.0,22.0
exp4_fixed_3,4501,717.1227,2.4574585,0.5427036,1.0,0.0,28.0
exp4_fixed_3,4502,661.3232,2.7101133,0.5231137,1.0,0.0,21.0
exp4_fixed_3,4503,671.29834,2.643104,0.4628186,1.0,0.0,19.0
exp4_fixed_3,4504,660.427,1.7871566,0.6882386,1.0,0.0,31.0
exp4_fixed_3,4505,729.3878,2.2011812,0.47758755,1.0,0.0,28.0
exp4_fixed_3,4506,693.9226,2.6762645,0.5633196,1.0,0.0,23.0
exp4_fixed_3,4507,730.06024,2.511056,0.52887636,1.0,0.0,29.0
exp4_fixed_3,4508,634.5789,1.7100465,0.5750345,1.0,0.0,30.0
exp4_fixed_3,4509,532.1616,2.2254672,0.63884497,1.0,0.0,12.0
exp4_fixed_3,4510,654.9312,3.009262,0.49820247,1.0,0.0,16.0
exp4_fixed_3,4511,734.5153,2.9474828,0.55486864,1.0,0.0,22.0
exp4_fixed_3,4512,735.414,2.7746172,0.5278123,1.0,0.0,24.0
exp4_fixed_3,4513,614.96606,2.7959797,0.57671654,1.0,0.0,15.0
exp4_fixed_3,4514,641.2497,2.5587568,0.6330276,1.0,0.0,18.0
exp4_fixed_3,4515,767.8242,3.242545,0.54008114,1.0,0.0,20.0
exp4_fixed_3,4516,657.2519,2.8896468,0.5397151,1.0,0.0,16.0
exp4_fixed_3,4517,711.4675,2.018477,0.6621768,1.0,0.0,28.0
exp4_fixed_3,4518,728.0741,2.4363875,0.5927641,1.0,0.0,25.0
exp4_fixed_3,4519,621.6463,2.8688884,0.57931226,1.0,0.0,16.0
exp4_fixed_3,4521,602.8556,2.2081704,0.5962919,1.0,0.0,21.0
exp4_fixed_3,4522,655.4354,2.682908,0.44043255,1.0,0.0,19.0
exp4_fixed_3,4523,729.82587,2.233378,0.5258107,1.0,0.0,36.0
exp4_fixed_3,4524,634.2487,3.3694,0.57315475,1.0,0.0,12.0
exp4_fixed_3,4525,626.81824,2.746456,0.56655085,1.0,0.0,14.0
exp4_fixed_3,4526,719.3439,2.473802,0.5892443,1.0,0.0,29.0
exp4_fixed_3,4527,677.63196,2.6276426,0.5468626,1.0,0.0,19.0
exp4_fixed_3,4528,672.42615,2.2331557,0.61320686,1.0,0.0,27.0
exp4_fixed_3,4529,726.7674,2.2142892,0.59571946,1.0,0.0,28.0
exp4_fixed_3,4530,657.3655,1.6614643,0.45620227,1.0,0.0,38.0
exp4_fixed_3,4531,764.1057,2.496824,0.5016872,1.0,0.0,30.0
exp4_fixed_3,4532,666.77527,2.027335,0.4385941,1.0,0.0,24.0
exp4_fixed_3,4533,681.10266,2.479489,0.5715267,1.0,0.0,24.0
exp4_fixed_3,4534,605.3471,2.8083272,0.4533796,1.0,0.0,13.0
exp4_fixed_3,4535,747.8119,3.7220585,0.34850174,1.0,0.0,15.0
exp4_fixed_3,4536,791.6217,3.0302858,0.4831773,1.0,0.0,26.0
exp4_fixed_3,4537,759.17053,3.283119,0.48082334,1.0,0.0,22.0
exp4_fixed_3,4538,774.8859,2.0735238,0.45262972,1.0,0.0,36.0
exp4_fixed_3,4539,740.8937,2.777893,0.54675645,1.0,0.0,24.0
exp4_fixed_3,4541,717.664,2.1165652,0.5752696,1.0,0.0,29.0
exp4_fixed_3,4542,655.2169,2.1806998,0.5918073,1.0,0.0,25.0
exp4_fixed_3,4543,677.7658,2.4494963,0.5376757,1.0,0.0,25.0
exp4_fixed_3,4544,767.9987,2.7300365,0.5442026,1.0,0.0,24.0
exp4_fixed_3,4545,657.9315,2.151615,0.5644831,1.0,0.0,26.0
exp4_fixed_3,4546,659.2807,2.2368636,0.49196416,1.0,0.0,28.0
exp4_fixed_3,4547,745.09686,2.6832492,0.4336446,1.0,0.0,26.0
exp4_fixed_3,4548,605.0404,2.1713798,0.5510584,1.0,0.0,21.0
exp4_fixed_3,4549,605.65344,2.5575688,0.49635568,1.0,0.0,17.0
exp4_fixed_3,4550,644.0482,2.02901,0.56681144,1.0,0.0,29.0
exp4_fixed_3,4551,668.6228,1.8260796,0.4729665,1.0,0.0,29.0
exp4_fixed_3,4552,579.1743,2.3246891,0.53899235,1.0,0.0,15.0
exp4_fixed_3,4553,658.1083,3.132013,0.50866675,1.0,0.0,15.0
exp4_fixed_3,4554,674.088,1.884767,0.66793054,1.0,0.0,36.0
exp4_fixed_3,4555,790.2412,3.3493252,0.28317502,1.0,0.0,21.0
exp4_fixed_3,4556,726.99854,2.7334032,0.5847435,1.0,0.0,25.0
exp4_fixed_3,4557,720.7174,3.246407,0.5150476,1.0,0.0,17.0
exp4_fixed_3,4558,564.38806,3.3072524,0.47395706,1.0,0.0,8.0
exp4_fixed_3,4559,575.291,1.2719579,0.4808347,1.0,0.0,32.0
exp4_fixed_3,4561,522.2669,1.9812235,0.56504005,1.0,0.0,13.0
exp4_fixed_3,4562,539.1478,3.1561816,0.3560926,1.0,0.0,8.0
exp4_fixed_3,4563,552.6866,1.5740069,0.5145829,1.0,0.0,20.0
exp4_fixed_3,4564,733.1417,2.6057901,0.45467842,1.0,0.0,26.0
exp4_fixed_3,4565,738.0897,3.026455,0.4893682,1.0,0.0,21.0
exp4_fixed_3,4566,719.44946,2.123329,0.5588961,1.0,0.0,35.0
exp4_fixed_3,4567,629.1973,3.4471388,0.34423214,1.0,0.0,11.0
exp4_fixed_3,4568,591.66437,1.3661538,0.5565402,1.0,0.0,30.0
exp4_fixed_3,4569,708.65625,3.210267,0.57924134,1.0,0.0,18.0
exp4_fixed_3,4570,593.2401,1.7562847,0.5606966,1.0,0.0,20.0
exp4_fixed_3,4571,534.3295,2.1893206,0.5740768,1.0,0.0,12.0
exp4_fixed_3,4572,662.12823,2.4279075,0.48894304,1.0,0.0,19.0
exp4_fixed_3,4573,768.427,2.0981207,0.41313258,1.0,0.0,35.0
exp4_fixed_3,4574,754.692,2.8660755,0.5413881,1.0,0.0,25.0
exp4_fixed_3,4575,558.0815,2.40337,0.5257599,1.0,0.0,14.0
exp4_fixed_3,4576,731.81165,3.4454577,0.370856,1.0,0.0,16.0
exp4_fixed_3,4577,638.9053,2.8549216,0.51927054,1.0,0.0,17.0
exp4_fixed_3,4578,623.601,2.6518486,0.58463305,1.0,0.0,19.0
exp4_fixed_3,4579,718.3225,1.9044443,0.5581969,1.0,0.0,37.0
exp4_fixed_3,4581,704.6976,2.928521,0.58281356,1.0,0.0,19.0
exp4_fixed_3,4582,649.88086,2.165713,0.571128,1.0,0.0,22.0
exp4_fixed_3,4583,697.5054,2.6438992,0.45658556,1.0,0.0,21.0
exp4_fixed_3,4584,528.4838,1.8580089,0.5886742,1.0,0.0,15.0
exp4_fixed_3,4585,534.3958,1.6886698,0.61687547,1.0,0.0,18.0
exp4_fixed_3,4586,664.6261,2.4090943,0.5388272,1.0,0.0,24.0
exp4_fixed_3,4587,674.9614,2.0749526,0.6048828,1.0,0.0,29.0
exp4_fixed_3,4588,-27.092209,2.547777,0.4921456,0.0,1.0,20.0
exp4_fixed_3,4589,565.7974,1.6366171,0.61996347,1.0,0.0,21.0
exp4_fixed_3,4590,620.7056,1.1712255,0.61495245,1.0,0.0,50.0
exp4_fixed_3,4591,651.9699,2.7978907,0.53016686,1.0,0.0,17.0
exp4_fixed_3,4592,625.282,2.045079,0.53289336,1.0,0.0,22.0
exp4_fixed_3,4593,654.19214,2.035549,0.43323228,1.0,0.0,24.0
exp4_fixed_3,4594,671.3871,2.9759438,0.4244379,1.0,0.0,15.0
exp4_fixed_3,4595,621.2444,3.0664809,0.4982048,1.0,0.0,14.0
exp4_fixed_3,4596,528.94684,2.738679,0.53609407,1.0,0.0,9.0
exp4_fixed_3,4597,637.32074,2.4367185,0.53837776,1.0,0.0,17.0
exp4_fixed_3,4598,758.4186,3.4767258,0.38142896,1.0,0.0,19.0
exp4_fixed_3,4599,755.5731,2.8707035,0.46871755,1.0,0.0,26.0
exp4_fixed_3,4601,734.1532,2.9161754,0.5503276,1.0,0.0,20.0
exp4_fixed_3,4602,784.5454,2.118541,0.5648256,1.0,0.0,38.0
exp4_fixed_3,4603,706.87665,2.40967,0.42969394,1.0,0.0,25.0
exp4_fixed_3,4604,712.36084,2.957796,0.39674324,1.0,0.0,20.0
exp4_fixed_3,4605,668.1775,2.0926502,0.50452226,1.0,0.0,25.0
exp4_fixed_3,4606,667.93567,2.0342546,0.44626385,1.0,0.0,25.0
exp4_fixed_3,4607,568.2024,2.2763615,0.36680835,1.0,0.0,14.0
exp4_fixed_3,4608,536.6487,1.9759482,0.5228902,1.0,0.0,13.0
exp4_fixed_3,4609,727.28577,3.1204324,0.51304007,1.0,0.0,20.0
exp4_fixed_3,4610,746.0291,3.6164603,0.48893395,1.0,0.0,17.0
exp4_fixed_3,4611,656.5654,3.0169852,0.5578397,1.0,0.0,16.0
exp4_fixed_3,4612,632.19507,2.8104565,0.6059287,1.0,0.0,17.0
exp4_fixed_3,4613,571.69196,2.217298,0.6243699,1.0,0.0,16.0
exp4_fixed_3,4614,719.818,2.825042,0.48782787,1.0,0.0,25.0
exp4_fixed_3,4615,681.0212,2.0454683,0.54494375,1.0,0.0,33.0
exp4_fixed_3,4616,724.4486,2.6791258,0.5655081,1.0,0.0,25.0
exp4_fixed_3,4617,727.22205,3.128542,0.49983573,1.0,0.0,19.0
exp4_fixed_3,4618,632.9195,1.9966328,0.5543988,1.0,0.0,22.0
exp4_fixed_3,4619,652.2131,2.256871,0.58478683,1.0,0.0,24.0
exp4_fixed_3,4621,621.8936,2.3784425,0.56562954,1.0,0.0,19.0
exp4_fixed_3,4622,647.3219,3.1441123,0.41977483,1.0,0.0,14.0
exp4_fixed_3,4623,760.13635,2.733276,0.47509968,1.0,0.0,29.0
exp4_fixed_3,4624,702.4342,2.658181,0.47842112,1.0,0.0,24.0
exp4_fixed_3,4625,730.2298,2.3428726,0.46771896,1.0,0.0,30.0
exp4_fixed_3,4626,715.9648,2.8641562,0.52621025,1.0,0.0,22.0
exp4_fixed_3,4627,771.2345,2.5982316,0.47496045,1.0,0.0,25.0
exp4_fixed_3,4628,635.0123,2.496446,0.47323614,1.0,0.0,19.0
exp4_fixed_3,4629,647.5657,2.5562751,0.6269319,1.0,0.0,19.0
exp4_fixed_3,4630,712.3159,3.0691733,0.5020014,1.0,0.0,19.0
exp4_fixed_3,4631,737.6116,2.6574962,0.571873,1.0,0.0,24.0
exp4_fixed_3,4632,762.42194,2.1411314,0.40574127,1.0,0.0,35.0
exp4_fixed_3,4633,724.86084,2.8581197,0.5438617,1.0,0.0,23.0
exp4_fixed_3,4634,712.7379,2.937668,0.523982,1.0,0.0,19.0
exp4_fixed_3,4635,706.1836,2.7702255,0.47907346,1.0,0.0,20.0
exp4_fixed_3,4636,750.1011,2.8004956,0.37117428,1.0,0.0,25.0
exp4_fixed_3,4637,762.62964,3.1142664,0.53645635,1.0,0.0,22.0
exp4_fixed_3,4638,589.1617,1.845546,0.7487794,1.0,0.0,21.0
exp4_fixed_3,4639,619.2379,2.988767,0.5263959,1.0,0.0,13.0
exp4_fixed_3,4641,673.47455,2.8215704,0.50501394,1.0,0.0,19.0
exp4_fixed_3,4642,720.8956,3.188989,0.5186566,1.0,0.0,20.0
exp4_fixed_3,4643,746.0868,2.7349591,0.6244086,1.0,0.0,26.0
exp4_fixed_3,4644,664.9807,2.4701333,0.39376864,1.0,0.0,20.0
exp4_fixed_3,4645,719.4402,2.7839177,0.6091628,1.0,0.0,23.0
exp4_fixed_3,4646,792.56683,3.2703252,0.5266053,1.0,0.0,21.0
exp4_fixed_3,4647,748.7296,3.6335866,0.4351732,1.0,0.0,17.0
exp4_fixed_3,4648,742.6451,2.7722135,0.5142264,1.0,0.0,21.0
exp4_fixed_3,4649,669.37317,1.9478213,0.68555367,1.0,0.0,27.0
exp4_fixed_3,4650,749.3881,3.573078,0.46286595,1.0,0.0,17.0
exp4_fixed_3,4651,635.56274,2.1723864,0.45815083,1.0,0.0,24.0
exp4_fixed_3,4652,644.1547,1.5921632,0.6469031,1.0,0.0,44.0
exp4_fixed_3,4653,628.9685,1.0217417,0.54648787,1.0,0.0,74.0
exp4_fixed_3,4654,754.48865,2.8673544,0.4835495,1.0,0.0,25.0
exp4_fixed_3,4655,613.3469,2.4833822,0.63555896,1.0,0.0,18.0
exp4_fixed_3,4656,642.2089,2.0303955,0.671724,1.0,0.0,26.0
exp4_fixed_3,4657,559.62274,3.0555634,0.5008361,1.0,0.0,10.0
exp4_fixed_3,4658,604.1729,2.2760541,0.62428087,1.0,0.0,21.0
exp4_fixed_3,4659,794.214,2.8085525,0.54071516,1.0,0.0,30.0
exp4_fixed_3,4661,720.5663,2.657556,0.57486266,1.0,0.0,23.0
exp4_fixed_3,4662,657.5371,1.717033,0.53564715,1.0,0.0,32.0
exp4_fixed_3,4663,728.59607,3.1732278,0.5870248,1.0,0.0,18.0
exp4_fixed_3,4664,541.88965,1.0384638,0.5795785,1.0,0.0,55.0
exp4_fixed_3,4665,788.7697,2.9985228,0.53256375,1.0,0.0,22.0
exp4_fixed_3,4666,566.85474,2.604887,0.4955309,1.0,0.0,11.0
exp4_fixed_3,4667,662.67773,2.7664583,0.4641351,1.0,0.0,20.0
exp4_fixed_3,4668,744.7624,2.8465858,0.57577384,1.0,0.0,23.0
exp4_fixed_3,4669,772.5798,2.9964433,0.45184264,1.0,0.0,26.0
exp4_fixed_3,4670,662.6721,3.1974783,0.504654,1.0,0.0,15.0
exp4_fixed_3,4671,642.50073,2.6116636,0.4763608,1.0,0.0,20.0
exp4_fixed_3,4672,643.58875,1.5366741,0.39842606,1.0,0.0,33.0
exp4_fixed_3,4673,530.1807,2.2633078,0.6278549,1.0,0.0,11.0
exp4_fixed_3,4674,643.7545,1.4978244,0.6143988,1.0,0.0,50.0
exp4_fixed_3,4675,672.22485,3.4361875,0.4902874,1.0,0.0,16.0
exp4_fixed_3,4676,588.79846,2.5090854,0.4971824,1.0,0.0,16.0
exp4_fixed_3,4677,734.5062,2.0887399,0.5146379,1.0,0.0,30.0
exp4_fixed_3,4678,748.2173,2.391446,0.5297336,1.0,0.0,29.0
exp4_fixed_3,4679,739.4287,2.3816667,0.588968,1.0,0.0,28.0
exp4_fixed_3,4681,658.35547,2.640613,0.44094598,1.0,0.0,18.0
exp4_fixed_3,4682,654.6011,2.2590127,0.5370537,1.0,0.0,25.0
exp4_fixed_3,4683,653.12256,1.9387461,0.4499399,1.0,0.0,27.0
exp4_fixed_3,4684,639.65283,1.9773804,0.5503096,1.0,0.0,23.0
exp4_fixed_3,4685,753.975,3.527311,0.4063191,1.0,0.0,16.0
exp4_fixed_3,4686,738.7499,2.6087317,0.6015647,1.0,0.0,26.0
exp4_fixed_3,4687,701.6008,2.3597171,0.5229377,1.0,0.0,25.0
exp4_fixed_3,4688,653.10187,2.6412082,0.58888066,1.0,0.0,19.0
exp4_fixed_3,4689,624.6499,2.4407136,0.4774893,1.0,0.0,22.0
exp4_fixed_3,4690,786.6344,2.1809537,0.44030946,1.0,0.0,36.0
exp4_fixed_3,4691,782.77997,3.1673322,0.4636848,1.0,0.0,23.0
exp4_fixed_3,4692,563.2462,1.9819835,0.4383444,1.0,0.0,15.0
exp4_fixed_3,4693,668.1393,3.0297866,0.61720216,1.0,0.0,17.0
exp4_fixed_3,4694,619.47565,2.8938162,0.5266139,1.0,0.0,15.0
exp4_fixed_3,4695,591.6561,2.7700174,0.62171346,1.0,0.0,12.0
exp4_fixed_3,4696,724.0342,2.8862898,0.4787759,1.0,0.0,23.0
exp4_fixed_3,4697,711.1266,3.4173744,0.5598756,1.0,0.0,19.0
exp4_fixed_3,4698,725.15784,3.1289418,0.5062823,1.0,0.0,21.0
exp4_fixed_3,4699,712.9585,2.6969545,0.5600102,1.0,0.0,24.0
exp4_fixed_3,4701,660.5342,2.8826017,0.5469594,1.0,0.0,19.0
exp4_fixed_3,4702,743.86926,2.286145,0.44650915,1.0,0.0,32.0
exp4_fixed_3,4703,641.30054,2.630407,0.4991001,1.0,0.0,18.0
exp4_fixed_3,4704,646.69727,2.6312466,0.5920841,1.0,0.0,18.0
exp4_fixed_3,4705,629.09644,2.507424,0.49944893,1.0,0.0,18.0
exp4_fixed_3,4706,730.69855,2.6070724,0.55524796,1.0,0.0,27.0
exp4_fixed_3,4707,630.4541,2.6159506,0.6412944,1.0,0.0,18.0
exp4_fixed_3,4708,705.57996,2.814955,0.4370037,1.0,0.0,22.0
exp4_fixed_3,4709,713.52905,2.6533616,0.59154725,1.0,0.0,23.0
exp4_fixed_3,4710,632.52026,1.9547822,0.56421095,1.0,0.0,27.0
exp4_fixed_3,4711,536.33307,1.9685556,0.61860174,1.0,0.0,15.0
exp4_fixed_3,4712,647.6301,3.2157426,0.49040338,1.0,0.0,14.0
exp4_fixed_3,4713,722.19763,3.289295,0.5240164,1.0,0.0,17.0
exp4_fixed_3,4714,754.1852,3.4784303,0.44665664,1.0,0.0,20.0
exp4_fixed_3,4715,668.0165,2.6182961,0.43417636,1.0,0.0,24.0
exp4_fixed_3,4716,625.28204,2.224084,0.5478686,1.0,0.0,21.0
exp4_fixed_3,4717,684.09985,2.2327826,0.47859627,1.0,0.0,26.0
exp4_fixed_3,4718,614.9945,2.4618933,0.611333,1.0,0.0,19.0
exp4_fixed_3,4719,661.0092,3.159532,0.42176428,1.0,0.0,14.0
exp4_fixed_3,4721,701.55664,2.288652,0.4523125,1.0,0.0,28.0
exp4_fixed_3,4722,680.373,2.01197,0.59089315,1.0,0.0,33.0
exp4_fixed_3,4723,626.7854,3.3098905,0.41003954,1.0,0.0,11.0
exp4_fixed_3,4724,683.81805,1.5766715,0.6250788,1.0,0.0,43.0
exp4_fixed_3,4725,789.5054,2.9031873,0.56789166,1.0,0.0,26.0
exp4_fixed_3,4726,567.20667,1.6638504,0.49082083,1.0,0.0,20.0
exp4_fixed_3,4727,786.18823,2.3673792,0.5661412,1.0,0.0,35.0
exp4_fixed_3,4728,748.51654,2.9956384,0.5138651,1.0,0.0,20.0
exp4_fixed_3,4729,663.03174,2.1853387,0.50110996,1.0,0.0,24.0
exp4_fixed_3,4730,648.8147,1.5729746,0.615659,1.0,0.0,35.0
exp4_fixed_3,4731,699.4519,2.6634357,0.6001433,1.0,0.0,21.0
exp4_fixed_3,4732,618.3111,1.8785373,0.6355884,1.0,0.0,25.0
exp4_fixed_3,4733,606.9856,2.6202407,0.51408386,1.0,0.0,14.0
exp4_fixed_3,4734,792.5987,2.8331358,0.47663257,1.0,0.0,27.0
exp4_fixed_3,4735,740.5166,3.1526225,0.41658366,1.0,0.0,21.0
exp4_fixed_3,4736,757.01074,3.1546128,0.500596,1.0,0.0,22.0
exp4_fixed_3,4737,584.4596,2.5893915,0.5443288,1.0,0.0,13.0
exp4_fixed_3,4738,657.06445,2.469001,0.5127002,1.0,0.0,21.0
exp4_fixed_3,4739,769.9973,2.6742575,0.42015216,1.0,0.0,25.0
exp4_fixed_3,4741,548.0025,2.2411797,0.5380981,1.0,0.0,13.0
exp4_fixed_3,4742,766.5813,2.723112,0.557999,1.0,0.0,25.0
exp4_fixed_3,4743,757.5427,2.5396087,0.3792901,1.0,0.0,30.0
exp4_fixed_3,4744,757.2184,2.4407036,0.52560943,1.0,0.0,30.0
exp4_fixed_3,4745,750.46967,2.8414962,0.4722477,1.0,0.0,23.0
exp4_fixed_3,4746,720.79016,3.49687,0.40404186,1.0,0.0,16.0
exp4_fixed_3,4747,737.8871,2.7330225,0.42672157,1.0,0.0,22.0
exp4_fixed_3,4748,544.91583,1.6658385,0.5133369,1.0,0.0,18.0
exp4_fixed_3,4749,708.6645,2.9039915,0.38406676,1.0,0.0,22.0
exp4_fixed_3,4750,641.90564,1.837922,0.6429573,1.0,0.0,35.0
exp4_fixed_3,4751,741.49005,2.8359938,0.5069763,1.0,0.0,25.0
exp4_fixed_3,4752,787.76373,2.8369818,0.400521,1.0,0.0,29.0
exp4_fixed_3,4753,673.6353,1.7885473,0.4921893,1.0,0.0,33.0
exp4_fixed_3,4754,715.17505,2.9724545,0.44191447,1.0,0.0,21.0
exp4_fixed_3,4755,641.1372,2.8953128,0.5420214,1.0,0.0,15.0
exp4_fixed_3,4756,639.3761,2.1889303,0.5528471,1.0,0.0,19.0
exp4_fixed_3,4757,571.40625,1.9636109,0.5689896,1.0,0.0,17.0
exp4_fixed_3,4758,653.67566,2.664989,0.7039504,1.0,0.0,19.0
exp4_fixed_3,4759,770.86646,3.0841022,0.42872247,1.0,0.0,25.0
exp4_fixed_3,4761,714.19305,2.8382328,0.46327496,1.0,0.0,21.0
exp4_fixed_3,4762,647.3098,2.3143795,0.5522413,1.0,0.0,23.0
exp4_fixed_3,4763,641.3275,2.463865,0.53188455,1.0,0.0,21.0
exp4_fixed_3,4764,778.146,3.0717933,0.51480657,1.0,0.0,25.0
exp4_fixed_3,4765,728.92523,2.7278495,0.5109373,1.0,0.0,28.0
exp4_fixed_3,4766,634.4512,2.6170402,0.61314654,1.0,0.0,18.0
exp4_fixed_3,4767,675.00476,2.09286,0.6158743,1.0,0.0,33.0
exp4_fixed_3,4768,721.007,2.7182238,0.6468592,1.0,0.0,27.0
exp4_fixed_3,4769,555.83466,2.5953238,0.6108396,1.0,0.0,11.0
exp4_fixed_3,4770,754.36646,2.429078,0.6558995,1.0,0.0,32.0
exp4_fixed_3,4771,727.6416,2.4554844,0.65725124,1.0,0.0,27.0
exp4_fixed_3,4772,659.3219,2.849927,0.48928493,1.0,0.0,16.0
exp4_fixed_3,4773,762.19824,2.5998132,0.6346627,1.0,0.0,29.0
exp4_fixed_3,4774,768.06104,3.1115973,0.5767858,1.0,0.0,22.0
exp4_fixed_3,4775,701.7793,2.7780776,0.6873108,1.0,0.0,23.0
exp4_fixed_3,4776,714.89954,3.0335903,0.46883252,1.0,0.0,21.0
exp4_fixed_3,4777,712.54785,2.74574,0.6013722,1.0,0.0,22.0
exp4_fixed_3,4778,547.9985,2.377902,0.4423614,1.0,0.0,13.0
exp4_fixed_3,4779,724.8624,2.7258482,0.5395826,1.0,0.0,25.0
exp4_fixed_3,4781,653.10205,2.4594624,0.5481705,1.0,0.0,20.0
exp4_fixed_3,4782,739.6151,3.4463801,0.40799686,1.0,0.0,17.0
exp4_fixed_3,4783,713.8439,2.720948,0.49684379,1.0,0.0,24.0
exp4_fixed_3,4784,634.2257,2.5993261,0.48430637,1.0,0.0,16.0
exp4_fixed_3,4785,773.12714,3.0196211,0.5390071,1.0,0.0,24.0
exp4_fixed_3,4786,671.6228,2.3216097,0.3638397,1.0,0.0,21.0
exp4_fixed_3,4787,673.61084,2.4151871,0.53997856,1.0,0.0,21.0
exp4_fixed_3,4788,692.7769,2.7407103,0.6228536,1.0,0.0,22.0
exp4_fixed_3,4789,613.13525,2.104171,0.62277085,1.0,0.0,21.0
exp4_fixed_3,4790,592.6718,1.9606793,0.6044816,1.0,0.0,25.0
exp4_fixed_3,4791,766.58105,2.0975952,0.5592217,1.0,0.0,39.0
exp4_fixed_3,4792,701.249,2.6326332,0.49184883,1.0,0.0,26.0
exp4_fixed_3,4793,712.9862,2.7466617,0.4511005,1.0,0.0,21.0
exp4_fixed_3,4794,784.6381,2.8907568,0.5183017,1.0,0.0,28.0
exp4_fixed_3,4795,620.20667,2.9241145,0.5138362,1.0,0.0,16.0
exp4_fixed_3,4796,752.67017,3.0111883,0.41462708,1.0,0.0,24.0
exp4_fixed_3,4797,643.4337,2.9656768,0.54802734,1.0,0.0,14.0
exp4_fixed_3,4798,749.19336,2.630952,0.5709785,1.0,0.0,25.0
exp4_fixed_3,4799,693.15216,2.8244147,0.5392909,1.0,0.0,19.0
exp4_fixed_3,4801,651.5065,2.4953444,0.48218387,1.0,0.0,20.0
exp4_fixed_3,4802,655.8266,2.374469,0.51806945,1.0,0.0,21.0
exp4_fixed_3,4803,732.2489,3.1147883,0.5467021,1.0,0.0,21.0
exp4_fixed_3,4804,661.2041,1.8994011,0.6764639,1.0,0.0,28.0
exp4_fixed_3,4805,639.2531,3.7054124,0.52828735,1.0,0.0,11.0
exp4_fixed_3,4806,679.35364,2.5966876,0.5718223,1.0,0.0,23.0
exp4_fixed_3,4807,612.8799,2.2544613,0.6561256,1.0,0.0,17.0
exp4_fixed_3,4808,742.50543,2.7992487,0.49292472,1.0,0.0,23.0
exp4_fixed_3,4809,764.3194,2.7824216,0.5824538,1.0,0.0,27.0
exp4_fixed_3,4810,690.2687,2.9402134,0.6547505,1.0,0.0,21.0
exp4_fixed_3,4811,788.5331,3.2003963,0.548818,1.0,0.0,23.0
exp4_fixed_3,4812,619.8755,1.9824371,0.44607556,1.0,0.0,22.0
exp4_fixed_3,4813,766.99866,2.6345,0.6009978,1.0,0.0,29.0
exp4_fixed_3,4814,726.49976,3.057704,0.50900507,1.0,0.0,19.0
exp4_fixed_3,4815,683.6084,2.7401378,0.48432237,1.0,0.0,20.0
exp4_fixed_3,4816,767.31964,3.042706,0.40749505,1.0,0.0,26.0
exp4_fixed_3,4817,624.6636,2.6616,0.7166662,1.0,0.0,17.0
exp4_fixed_3,4818,609.6007,3.0480704,0.4728012,1.0,0.0,13.0
exp4_fixed_3,4819,-89.4154,2.9413059,0.54200774,0.0,1.0,5.0
exp4_fixed_3,4821,632.45123,1.8398384,0.57312,1.0,0.0,28.0
exp4_fixed_3,4822,694.30347,2.9366398,0.4369812,1.0,0.0,19.0
exp4_fixed_3,4823,656.6731,2.3758585,0.6503129,1.0,0.0,25.0
exp4_fixed_3,4824,722.25323,3.0581586,0.5329396,1.0,0.0,22.0
exp4_fixed_3,4825,807.07104,2.4025242,0.4651889,1.0,0.0,32.0
exp4_fixed_3,4826,746.49347,2.6721938,0.45400426,1.0,0.0,24.0
exp4_fixed_3,4827,731.6461,2.6947289,0.5297862,1.0,0.0,28.0
exp4_fixed_3,4828,672.2559,2.805882,0.45569167,1.0,0.0,17.0
exp4_fixed_3,4829,645.287,1.889687,0.64364225,1.0,0.0,28.0
exp4_fixed_3,4830,608.8572,2.2567601,0.6288401,1.0,0.0,20.0
exp4_fixed_3,4831,740.9761,2.742614,0.566151,1.0,0.0,23.0
exp4_fixed_3,4832,543.385,2.1643443,0.5115439,1.0,0.0,12.0
exp4_fixed_3,4833,760.569,2.4260745,0.57401866,1.0,0.0,30.0
exp4_fixed_3,4834,527.20764,2.7014515,0.64680594,1.0,0.0,9.0
exp4_fixed_3,4835,613.95044,2.5163362,0.5550397,1.0,0.0,18.0
exp4_fixed_3,4836,766.8396,2.8107703,0.5146267,1.0,0.0,27.0
exp4_fixed_3,4837,748.233,3.3907814,0.40601882,1.0,0.0,20.0
exp4_fixed_3,4838,732.56067,1.7916704,0.589267,1.0,0.0,54.0
exp4_fixed_3,4839,625.5912,2.6851215,0.6856013,1.0,0.0,18.0
exp4_fixed_3,4841,778.5189,2.506029,0.5933982,1.0,0.0,31.0
exp4_fixed_3,4842,679.6796,2.1748254,0.6158131,1.0,0.0,30.0
exp4_fixed_3,4843,721.28766,3.3895006,0.459975,1.0,0.0,19.0
exp4_fixed_3,4844,665.5934,2.919128,0.4981759,1.0,0.0,17.0
exp4_fixed_3,4845,735.10156,3.2422543,0.48055592,1.0,0.0,19.0
exp4_fixed_3,4846,697.68066,2.2700033,0.65662265,1.0,0.0,25.0
exp4_fixed_3,4847,679.6487,2.4723155,0.46161634,1.0,0.0,23.0
exp4_fixed_3,4848,725.28845,3.6259236,0.42768234,1.0,0.0,15.0
exp4_fixed_3,4849,669.62573,3.0409212,0.50865567,1.0,0.0,18.0
exp4_fixed_3,4850,786.61914,3.2386436,0.5770352,1.0,0.0,22.0
exp4_fixed_3,4851,634.2779,2.6254015,0.65741646,1.0,0.0,19.0
exp4_fixed_3,4852,704.8975,2.777663,0.6781208,1.0,0.0,24.0
exp4_fixed_3,4853,540.316,2.3423657,0.6310586,1.0,0.0,13.0
exp4_fixed_3,4854,690.73364,2.6371684,0.5649853,1.0,0.0,24.0
exp4_fixed_3,4855,682.42206,2.5052876,0.5836699,1.0,0.0,26.0
exp4_fixed_3,4856,666.834,2.2530427,0.66631955,1.0,0.0,26.0
exp4_fixed_3,4857,638.45197,2.5642576,0.5507719,1.0,0.0,17.0
exp4_fixed_3,4858,799.3078,2.3400562,0.5977027,1.0,0.0,34.0
exp4_fixed_3,4859,655.5206,3.0155442,0.54379594,1.0,0.0,19.0
exp4_fixed_3,4861,725.0702,2.6710217,0.63654405,1.0,0.0,25.0
exp4_fixed_3,4862,769.745,2.8946826,0.46862933,1.0,0.0,26.0
exp4_fixed_3,4863,707.9448,3.4586263,0.6123073,1.0,0.0,16.0
exp4_fixed_3,4864,747.6107,2.741273,0.5572677,1.0,0.0,22.0
exp4_fixed_3,4865,583.0055,2.3595133,0.6290275,1.0,0.0,16.0
exp4_fixed_3,4866,730.0559,2.7717578,0.5051879,1.0,0.0,24.0
exp4_fixed_3,4867,592.9865,2.196062,0.63453335,1.0,0.0,19.0
exp4_fixed_3,4868,678.277,2.7751925,0.60513324,1.0,0.0,23.0
exp4_fixed_3,4869,636.2791,3.044616,0.43722233,1.0,0.0,14.0
exp4_fixed_3,4870,528.7431,1.2080462,0.70128715,1.0,0.0,27.0
exp4_fixed_3,4871,751.84314,2.425518,0.39425585,1.0,0.0,28.0
exp4_fixed_3,4872,540.2201,3.1296363,0.47919726,1.0,0.0,8.0
exp4_fixed_3,4873,636.3275,2.6377964,0.53620434,1.0,0.0,16.0
exp4_fixed_3,4874,726.0828,2.8646827,0.46563137,1.0,0.0,25.0
exp4_fixed_3,4875,714.78534,2.912478,0.45851275,1.0,0.0,22.0
exp4_fixed_3,4876,703.5206,2.4837377,0.4681347,1.0,0.0,25.0
exp4_fixed_3,4877,671.58636,1.6917026,0.6196478,1.0,0.0,44.0
exp4_fixed_3,4878,674.9795,2.8153162,0.6109165,1.0,0.0,18.0
exp4_fixed_3,4879,733.32056,2.6000028,0.58394074,1.0,0.0,26.0
exp4_fixed_3,4881,687.01953,3.1215422,0.38210604,1.0,0.0,15.0
exp4_fixed_3,4882,692.5,2.9406567,0.5167131,1.0,0.0,20.0
exp4_fixed_3,4883,-41.75772,2.5495143,0.38451403,0.0,1.0,9.0
exp4_fixed_3,4884,653.423,1.4442528,0.5773566,1.0,0.0,48.0
exp4_fixed_3,4885,547.83704,1.9358454,0.65824753,1.0,0.0,16.0
exp4_fixed_3,4886,664.27686,2.9972425,0.4681299,1.0,0.0,17.0
exp4_fixed_3,4887,598.4349,2.6467059,0.5477452,1.0,0.0,14.0
exp4_fixed_3,4888,650.41113,2.8779228,0.56147796,1.0,0.0,16.0
exp4_fixed_3,4889,670.1053,2.3069472,0.5720495,1.0,0.0,23.0
exp4_fixed_3,4890,635.15405,2.8782468,0.39276934,1.0,0.0,16.0
exp4_fixed_3,4891,635.8484,2.0777066,0.57082283,1.0,0.0,21.0
exp4_fixed_3,4892,618.2814,2.5080872,0.44037282,1.0,0.0,15.0
exp4_fixed_3,4893,737.0551,2.96084,0.53992796,1.0,0.0,23.0
exp4_fixed_3,4894,774.00854,1.9254199,0.44342697,1.0,0.0,41.0
exp4_fixed_3,4895,654.39954,1.5897462,0.66695595,1.0,0.0,34.0
exp4_fixed_3,4896,750.3247,3.1331537,0.46654654,1.0,0.0,22.0
exp4_fixed_3,4897,676.97577,3.062479,0.6081323,1.0,0.0,17.0
exp4_fixed_3,4898,728.1655,3.003507,0.48893398,1.0,0.0,23.0
exp4_fixed_3,4899,635.9766,2.38492,0.46089745,1.0,0.0,18.0
exp4_fixed_3,4901,638.2108,2.7299027,0.48249593,1.0,0.0,20.0
exp4_fixed_3,4902,688.61975,2.6671424,0.5591665,1.0,0.0,23.0
exp4_fixed_3,4903,753.8047,2.2356749,0.51672924,1.0,0.0,29.0
exp4_fixed_3,4904,585.63403,1.1172509,0.6975276,1.0,0.0,45.0
exp4_fixed_3,4905,718.3341,2.1782138,0.65329075,1.0,0.0,33.0
exp4_fixed_3,4906,662.7194,1.8879681,0.35341927,1.0,0.0,30.0
exp4_fixed_3,4907,733.1411,3.051351,0.4802867,1.0,0.0,22.0
exp4_fixed_3,4908,685.98047,2.1874812,0.44420958,1.0,0.0,28.0
exp4_fixed_3,4909,658.4098,3.0888634,0.5668511,1.0,0.0,16.0
exp4_fixed_3,4910,713.02966,3.209078,0.5238963,1.0,0.0,18.0
exp4_fixed_3,4911,563.7744,2.4604228,0.55080116,1.0,0.0,13.0
exp4_fixed_3,4912,709.9837,2.675208,0.6547125,1.0,0.0,25.0
exp4_fixed_3,4913,632.13605,2.7694054,0.47889057,1.0,0.0,19.0
exp4_fixed_3,4914,764.3563,2.992431,0.46446782,1.0,0.0,22.0
exp4_fixed_3,4915,704.8865,3.3976622,0.38522843,1.0,0.0,17.0
exp4_fixed_3,4916,640.29626,2.5342414,0.522,1.0,0.0,21.0
exp4_fixed_3,4917,772.43677,3.3227477,0.46184498,1.0,0.0,20.0
exp4_fixed_3,4918,679.14667,2.1543772,0.47087198,1.0,0.0,27.0
exp4_fixed_3,4919,663.78894,1.988178,0.5349283,1.0,0.0,26.0
exp4_fixed_3,4921,610.0664,1.8817729,0.52277136,1.0,0.0,23.0
exp4_fixed_3,4922,642.8083,2.3691838,0.66517603,1.0,0.0,21.0
exp4_fixed_3,4923,718.8699,3.1195474,0.5787781,1.0,0.0,19.0
exp4_fixed_3,4924,603.10364,2.201251,0.50802463,1.0,0.0,19.0
exp4_fixed_3,4925,744.83325,3.34716,0.46740717,1.0,0.0,17.0
exp4_fixed_3,4926,717.6987,2.819012,0.60374755,1.0,0.0,23.0
exp4_fixed_3,4927,618.70233,2.5719128,0.58754206,1.0,0.0,17.0
exp4_fixed_3,4928,747.5784,2.7081797,0.58469623,1.0,0.0,27.0
exp4_fixed_3,4929,705.3174,3.8684852,0.56481326,1.0,0.0,14.0
exp4_fixed_3,4930,648.92456,2.787841,0.5437748,1.0,0.0,17.0
exp4_fixed_3,4931,601.64575,2.6582944,0.5072035,1.0,0.0,16.0
exp4_fixed_3,4932,632.7417,1.191415,0.6627115,1.0,0.0,52.0
exp4_fixed_3,4933,644.0698,2.9780488,0.5147056,1.0,0.0,17.0
exp4_fixed_3,4934,757.09625,2.8460624,0.48907155,1.0,0.0,28.0
exp4_fixed_3,4935,738.2173,3.3642797,0.6064072,1.0,0.0,18.0
exp4_fixed_3,4936,703.19165,2.360326,0.5791016,1.0,0.0,29.0
exp4_fixed_3,4937,621.24036,2.2289934,0.47114572,1.0,0.0,19.0
exp4_fixed_3,4938,667.6537,2.9063282,0.5132257,1.0,0.0,17.0
exp4_fixed_3,4939,753.7241,2.9323876,0.5810918,1.0,0.0,23.0
exp4_fixed_3,4941,704.7659,3.1191072,0.50294226,1.0,0.0,19.0
exp4_fixed_3,4942,723.1476,2.8893085,0.49194175,1.0,0.0,20.0
exp4_fixed_3,4943,647.5716,2.4196696,0.5459762,1.0,0.0,21.0
exp4_fixed_3,4944,703.11005,2.7045748,0.60077417,1.0,0.0,22.0
exp4_fixed_3,4945,714.6821,3.2100601,0.51896226,1.0,0.0,20.0
exp4_fixed_3,4946,668.6201,2.7759457,0.49778405,1.0,0.0,17.0
exp4_fixed_3,4947,638.63464,3.0096877,0.5068126,1.0,0.0,15.0
exp4_fixed_3,4948,666.544,3.047607,0.49614775,1.0,0.0,18.0
exp4_fixed_3,4949,639.0944,2.4235837,0.5452285,1.0,0.0,19.0
exp4_fixed_3,4950,661.82166,2.353349,0.5428472,1.0,0.0,22.0
exp4_fixed_3,4951,667.7395,3.0958936,0.4498071,1.0,0.0,15.0
exp4_fixed_3,4952,646.47754,2.7348561,0.48850885,1.0,0.0,18.0
exp4_fixed_3,4953,756.57605,3.689794,0.39313805,1.0,0.0,16.0
exp4_fixed_3,4954,691.1632,2.5020542,0.51453626,1.0,0.0,23.0
exp4_fixed_3,4955,714.7637,2.784822,0.61946666,1.0,0.0,23.0
exp4_fixed_3,4956,650.4532,2.8913803,0.5276576,1.0,0.0,17.0
exp4_fixed_3,4957,677.872,2.704112,0.5280209,1.0,0.0,22.0
exp4_fixed_3,4958,625.4244,2.1613905,0.5259688,1.0,0.0,20.0
exp4_fixed_3,4959,660.8529,3.08933,0.47233358,1.0,0.0,16.0
exp4_fixed_3,4961,700.7909,2.2222602,0.5498094,1.0,0.0,27.0
exp4_fixed_3,4962,592.8992,2.4957843,0.5252307,1.0,0.0,18.0
exp4_fixed_3,4963,615.14966,2.616865,0.5805177,1.0,0.0,16.0
exp4_fixed_3,4964,742.89026,3.6143558,0.52643627,1.0,0.0,16.0
exp4_fixed_3,4965,651.5929,3.6020057,0.45121428,1.0,0.0,12.0
exp4_fixed_3,4966,76.14838,1.3786255,0.5557512,0.0,1.0,49.0
exp4_fixed_3,4967,587.06024,2.5092254,0.5632011,1.0,0.0,15.0
exp4_fixed_3,4968,690.9107,2.7331016,0.5457052,1.0,0.0,20.0
exp4_fixed_3,4969,790.40356,2.6645398,0.367257,1.0,0.0,25.0
exp4_fixed_3,4970,720.45386,2.3138835,0.43901268,1.0,0.0,26.0
exp4_fixed_3,4971,682.079,2.3373156,0.55258566,1.0,0.0,24.0
exp4_fixed_3,4972,582.3278,1.7960455,0.57852703,1.0,0.0,20.0
exp4_fixed_3,4973,690.15594,1.4296954,0.67648584,1.0,0.0,43.0
exp4_fixed_3,4974,771.5114,2.4555702,0.54088455,1.0,0.0,33.0
exp4_fixed_3,4975,591.3794,1.1381583,0.38475722,1.0,0.0,36.0
exp4_fixed_3,4976,752.7445,2.791442,0.46626973,1.0,0.0,23.0
exp4_fixed_3,4977,740.81726,1.9259737,0.54346955,1.0,0.0,42.0
exp4_fixed_3,4978,728.2007,3.2338662,0.5999514,1.0,0.0,19.0
exp4_fixed_3,4979,687.1652,3.4954028,0.35133058,1.0,0.0,13.0
exp4_fixed_3,4981,529.2722,1.8002318,0.6739655,1.0,0.0,16.0
exp4_fixed_3,4982,633.737,2.8328652,0.49789333,1.0,0.0,14.0
exp4_fixed_3,4983,647.5112,1.3119179,0.47627664,1.0,0.0,38.0
exp4_fixed_3,4984,575.7735,1.3100035,0.59989667,1.0,0.0,41.0
exp4_fixed_3,4985,769.5753,2.6160612,0.5623546,1.0,0.0,27.0
exp4_fixed_3,4986,699.64014,3.3922172,0.515616,1.0,0.0,17.0
exp4_fixed_3,4987,651.9435,2.9036884,0.53004146,1.0,0.0,16.0
exp4_fixed_3,4988,696.00415,3.009833,0.49824852,1.0,0.0,18.0
exp4_fixed_3,4989,740.7609,1.892512,0.65760905,1.0,0.0,39.0
exp4_fixed_3,4990,652.6455,2.2713861,0.5523704,1.0,0.0,25.0
exp4_fixed_3,4991,735.78174,2.825464,0.39671597,1.0,0.0,26.0
exp4_fixed_3,4992,617.5614,2.1874402,0.5897156,1.0,0.0,23.0
exp4_fixed_3,4993,682.23584,1.896637,0.67567766,1.0,0.0,38.0
exp4_fixed_3,4994,588.50574,3.1163104,0.5692041,1.0,0.0,11.0
exp4_fixed_3,4995,544.0021,1.7792315,0.5078812,1.0,0.0,18.0
exp4_fixed_3,4996,728.0505,2.9941084,0.46853548,1.0,0.0,20.0
exp4_fixed_3,4997,645.7945,1.937569,0.60310316,1.0,0.0,32.0
exp4_fixed_3,4998,622.4557,2.782861,0.55964017,1.0,0.0,15.0
exp4_fixed_3,4999,604.9767,2.9857898,0.630902,1.0,0.0,14.0
exp4_fixed_3,5001,724.6522,2.7708821,0.57994926,1.0,0.0,20.0
exp4_fixed_3,5002,678.1583,2.5887866,0.42344892,1.0,0.0,21.0
exp4_fixed_3,5003,698.82275,2.7486732,0.5822145,1.0,0.0,21.0
exp4_fixed_3,5004,715.52515,2.826585,0.4657111,1.0,0.0,26.0
exp4_fixed_3,5005,641.8113,2.9206734,0.48586616,1.0,0.0,15.0
exp4_fixed_3,5006,732.1541,2.6685345,0.65295875,1.0,0.0,25.0
exp4_fixed_3,5007,738.01526,2.843278,0.49074963,1.0,0.0,22.0
exp4_fixed_3,5008,775.8668,2.8504825,0.54234576,1.0,0.0,25.0
exp4_fixed_3,5009,612.59894,2.6112096,0.4607755,1.0,0.0,17.0
exp4_fixed_3,5010,792.9308,2.470704,0.5131689,1.0,0.0,35.0
exp4_fixed_3,5011,661.6716,2.8501098,0.5650099,1.0,0.0,19.0
exp4_fixed_3,5012,757.51715,2.902195,0.6097786,1.0,0.0,24.0
exp4_fixed_3,5013,636.9283,2.5567088,0.551177,1.0,0.0,16.0
exp4_fixed_3,5014,692.76465,2.8572478,0.5156505,1.0,0.0,19.0
exp4_fixed_3,5015,769.0697,2.651854,0.5729051,1.0,0.0,27.0
exp4_fixed_3,5016,662.4872,2.859884,0.47156766,1.0,0.0,21.0
exp4_fixed_3,5017,757.2999,3.5231833,0.37646857,1.0,0.0,19.0
exp4_fixed_3,5018,762.2202,3.0164928,0.5484065,1.0,0.0,21.0
exp4_fixed_3,5019,701.0818,2.9439054,0.61255085,1.0,0.0,20.0
exp4_fixed_3,5021,549.207,2.2744243,0.6978391,1.0,0.0,12.0
exp4_fixed_3,5022,765.2871,3.1486497,0.49049282,1.0,0.0,21.0
exp4_fixed_3,5023,738.06976,2.8123865,0.49592042,1.0,0.0,25.0
exp4_fixed_3,5024,699.33484,2.6672423,0.5685205,1.0,0.0,24.0
exp4_fixed_3,5025,636.8914,2.6359687,0.5223214,1.0,0.0,18.0
exp4_fixed_3,5026,763.6848,2.7754152,0.44991192,1.0,0.0,28.0
exp4_fixed_3,5027,707.92505,3.0844638,0.46670708,1.0,0.0,21.0
exp4_fixed_3,5028,744.54114,2.7757552,0.4588732,1.0,0.0,27.0
exp4_fixed_3,5029,705.7047,2.8571634,0.5688171,1.0,0.0,19.0
exp4_fixed_3,5030,737.41797,1.4171184,0.49047992,1.0,0.0,53.0
exp4_fixed_3,5031,669.79736,3.1182384,0.3439699,1.0,0.0,14.0
exp4_fixed_3,5032,559.7161,1.2641988,0.6537922,1.0,0.0,32.0
exp4_fixed_3,5033,524.19836,1.9876546,0.69608265,1.0,0.0,13.0
exp4_fixed_3,5034,732.76,2.5040863,0.6077541,1.0,0.0,28.0
exp4_fixed_3,5035,779.50916,3.2856388,0.5974523,1.0,0.0,21.0
exp4_fixed_3,5036,622.6744,2.1241894,0.6901557,1.0,0.0,20.0
exp4_fixed_3,5037,711.1033,2.2102463,0.52878416,1.0,0.0,29.0
exp4_fixed_3,5038,636.03064,2.794409,0.45773375,1.0,0.0,15.0
exp4_fixed_3,5039,542.8518,2.767785,0.45562348,1.0,0.0,10.0
exp4_fixed_3,5041,742.5514,1.6868079,0.50411624,1.0,0.0,47.0
exp4_fixed_3,5042,652.18567,3.0052822,0.52947336,1.0,0.0,15.0
exp4_fixed_3,5043,751.4266,2.616553,0.5126046,1.0,0.0,28.0
exp4_fixed_3,5044,757.661,3.113965,0.47475025,1.0,0.0,22.0
exp4_fixed_3,5045,716.91296,2.656425,0.37459165,1.0,0.0,20.0
exp4_fixed_3,5046,637.85,2.533028,0.5267749,1.0,0.0,21.0
exp4_fixed_3,5047,661.6707,2.035511,0.62213856,1.0,0.0,33.0
exp4_fixed_3,5048,720.40344,2.2493134,0.59800553,1.0,0.0,36.0
exp4_fixed_3,5049,639.0602,2.810365,0.42726055,1.0,0.0,15.0
exp4_fixed_3,5050,757.4913,2.976603,0.50408703,1.0,0.0,22.0
exp4_fixed_3,5051,670.8557,2.10471,0.63875866,1.0,0.0,26.0
exp4_fixed_3,5052,652.49725,2.3360245,0.4317281,1.0,0.0,25.0
exp4_fixed_3,5053,689.6224,2.993564,0.46467355,1.0,0.0,19.0
exp4_fixed_3,5054,592.47705,2.6204653,0.58236164,1.0,0.0,15.0
exp4_fixed_3,5055,752.10297,3.1064746,0.49375415,1.0,0.0,21.0
exp4_fixed_3,5056,716.1437,1.5426548,0.5896278,1.0,0.0,60.0
exp4_fixed_3,5057,753.2944,2.7468152,0.49368724,1.0,0.0,23.0
exp4_fixed_3,5058,652.1132,3.2225416,0.53002506,1.0,0.0,14.0
exp4_fixed_3,5059,679.43396,2.4679966,0.5498432,1.0,0.0,23.0
exp4_fixed_3,5061,687.8865,2.5051444,0.5160323,1.0,0.0,22.0
exp4_fixed_3,5062,698.4711,2.7747688,0.49483502,1.0,0.0,24.0
exp4_fixed_3,5063,661.8323,2.9059665,0.46861416,1.0,0.0,18.0
exp4_fixed_3,5064,679.31476,2.053804,0.5592286,1.0,0.0,25.0
exp4_fixed_3,5065,698.2989,2.9621406,0.6109378,1.0,0.0,21.0
exp4_fixed_3,5066,712.02765,2.048993,0.5283692,1.0,0.0,35.0
exp4_fixed_3,5067,666.63586,3.3901765,0.58539575,1.0,0.0,13.0
exp4_fixed_3,5068,541.1157,2.8704813,0.48133647,1.0,0.0,9.0
exp4_fixed_3,5069,758.766,2.9385798,0.4787524,1.0,0.0,22.0
exp4_fixed_3,5070,650.6226,2.9054146,0.4096658,1.0,0.0,18.0
exp4_fixed_3,5071,703.7992,3.3392434,0.3477082,1.0,0.0,16.0
exp4_fixed_3,5072,617.02386,1.7365047,0.6742148,1.0,0.0,27.0
exp4_fixed_3,5073,670.4476,1.7839031,0.6040185,1.0,0.0,35.0
exp4_fixed_3,5074,632.4789,3.1245785,0.4184663,1.0,0.0,14.0
exp4_fixed_3,5075,671.43335,3.6262305,0.54383343,1.0,0.0,14.0
exp4_fixed_3,5076,595.6959,2.5787587,0.53639925,1.0,0.0,13.0
exp4_fixed_3,5077,684.39435,2.4530606,0.5746726,1.0,0.0,20.0
exp4_fixed_3,5078,645.24304,2.0899012,0.5626554,1.0,0.0,24.0
exp4_fixed_3,5079,639.4363,3.2695968,0.52903944,1.0,0.0,15.0
exp4_fixed_3,5081,696.5707,2.7218666,0.5107026,1.0,0.0,23.0
exp4_fixed_3,5082,540.0222,2.046985,0.69908935,1.0,0.0,13.0
exp4_fixed_3,5083,547.65955,3.288143,0.49885452,1.0,0.0,8.0
exp4_fixed_3,5084,545.4442,2.0897212,0.6156311,1.0,0.0,14.0
exp4_fixed_3,5085,597.3408,3.048374,0.52960116,1.0,0.0,12.0
exp4_fixed_3,5086,613.2432,2.03555,0.64207655,1.0,0.0,22.0
exp4_fixed_3,5087,752.10535,3.1316488,0.43744203,1.0,0.0,19.0
exp4_fixed_3,5088,767.59094,3.3083804,0.48298198,1.0,0.0,23.0
exp4_fixed_3,5089,630.8818,1.7947565,0.5586778,1.0,0.0,29.0
exp4_fixed_3,5090,561.25635,2.696046,0.55427593,1.0,0.0,12.0
exp4_fixed_3,5091,695.1925,2.6547594,0.48163363,1.0,0.0,22.0
exp4_fixed_3,5092,658.19464,2.4984608,0.59038585,1.0,0.0,23.0
exp4_fixed_3,5093,726.3794,3.24827,0.52371705,1.0,0.0,19.0
exp4_fixed_3,5094,623.4078,1.2422423,0.47976348,1.0,0.0,44.0
exp4_fixed_3,5095,639.2819,3.369356,0.40497342,1.0,0.0,12.0
exp4_fixed_3,5096,749.4907,3.1230721,0.3748346,1.0,0.0,23.0
exp4_fixed_3,5097,550.6158,2.9664881,0.421335,1.0,0.0,9.0
exp4_fixed_3,5098,778.07886,2.4696436,0.5867686,1.0,0.0,34.0
exp4_fixed_3,5099,766.86316,3.549906,0.44326982,1.0,0.0,18.0
exp4_fixed_3,5101,647.0653,2.9935334,0.4015279,1.0,0.0,15.0
exp4_fixed_3,5102,736.0864,2.6726148,0.54172486,1.0,0.0,29.0
exp4_fixed_3,5103,728.4682,3.3134413,0.5413017,1.0,0.0,18.0
exp4_fixed_3,5104,591.8678,2.001247,0.6643871,1.0,0.0,24.0
exp4_fixed_3,5105,604.77057,2.013524,0.6004388,1.0,0.0,24.0
exp4_fixed_3,5106,764.8703,1.5630165,0.63602054,1.0,0.0,53.0
exp4_fixed_3,5107,747.52844,2.526598,0.51505363,1.0,0.0,27.0
exp4_fixed_3,5108,651.52997,1.6156574,0.6330184,1.0,0.0,32.0
exp4_fixed_3,5109,657.3083,2.512698,0.5318909,1.0,0.0,18.0
exp4_fixed_3,5110,660.67114,3.1508477,0.36527038,1.0,0.0,14.0
exp4_fixed_3,5111,554.88293,2.3748991,0.58861846,1.0,0.0,12.0
exp4_fixed_3,5112,723.5367,2.5180886,0.6084832,1.0,0.0,25.0
exp4_fixed_3,5113,675.21967,2.2042806,0.5502836,1.0,0.0,24.0
exp4_fixed_3,5114,604.8535,1.5325705,0.53109163,1.0,0.0,30.0
exp4_fixed_3,5115,627.16724,2.3044486,0.5068424,1.0,0.0,20.0
exp4_fixed_3,5116,626.7924,2.8403766,0.5236527,1.0,0.0,15.0
exp4_fixed_3,5117,633.64197,2.729908,0.5375624,1.0,0.0,17.0
exp4_fixed_3,5118,591.89465,2.3184445,0.50305855,1.0,0.0,17.0
exp4_fixed_3,5119,658.71606,2.3293538,0.56674165,1.0,0.0,21.0
exp4_fixed_3,5121,692.92786,2.6946223,0.4891754,1.0,0.0,25.0
exp4_fixed_3,5122,784.38153,3.18511,0.3065326,1.0,0.0,24.0
exp4_fixed_3,5123,574.5492,1.563248,0.6286543,1.0,0.0,34.0
exp4_fixed_3,5124,537.20514,1.7791055,0.5962323,1.0,0.0,18.0
exp4_fixed_3,5125,775.8867,3.0267394,0.4587064,1.0,0.0,27.0
exp4_fixed_3,5126,661.5761,2.601853,0.61712277,1.0,0.0,20.0
exp4_fixed_3,5127,769.09393,2.919359,0.52183264,1.0,0.0,23.0
exp4_fixed_3,5128,685.5215,2.5503201,0.4579422,1.0,0.0,21.0
exp4_fixed_3,5129,626.6537,1.6674806,0.47374403,1.0,0.0,30.0
exp4_fixed_3,5130,645.6116,2.4079745,0.5753723,1.0,0.0,23.0
exp4_fixed_3,5131,712.8404,2.397387,0.53836405,1.0,0.0,32.0
exp4_fixed_3,5132,710.2757,2.904033,0.49848595,1.0,0.0,24.0
exp4_fixed_3,5133,737.0194,3.4466984,0.4741951,1.0,0.0,17.0
exp4_fixed_3,5134,723.86206,2.5256662,0.59976655,1.0,0.0,25.0
exp4_fixed_3,5135,634.8678,2.1256835,0.52051187,1.0,0.0,22.0
exp4_fixed_3,5136,684.23755,2.9773135,0.46192646,1.0,0.0,20.0
exp4_fixed_3,5137,670.26794,3.243915,0.4576177,1.0,0.0,16.0
exp4_fixed_3,5138,617.8732,2.5716753,0.5861404,1.0,0.0,18.0
exp4_fixed_3,5139,603.6143,2.4986112,0.558855,1.0,0.0,17.0
exp4_fixed_3,5141,708.8622,2.888668,0.44021246,1.0,0.0,19.0
exp4_fixed_3,5142,745.35785,2.552866,0.57333905,1.0,0.0,27.0
exp4_fixed_3,5143,796.777,3.111602,0.3940204,1.0,0.0,24.0
exp4_fixed_3,5144,-149.44417,2.7941558,0.48275584,0.0,1.0,1.0
exp4_fixed_3,5145,589.8956,2.8917398,0.54596967,1.0,0.0,12.0
exp4_fixed_3,5146,555.5827,3.0340629,0.4740106,1.0,0.0,9.0
exp4_fixed_3,5147,653.1848,3.5066986,0.39446688,1.0,0.0,13.0
exp4_fixed_3,5148,647.9242,1.9432372,0.49676958,1.0,0.0,26.0
exp4_fixed_3,5149,736.504,2.1161478,0.52743095,1.0,0.0,31.0
exp4_fixed_3,5150,768.07666,3.1728644,0.5539135,1.0,0.0,22.0
exp4_fixed_3,5151,721.1769,2.9765422,0.61364156,1.0,0.0,19.0
exp4_fixed_3,5152,795.7645,3.2770054,0.5005788,1.0,0.0,24.0
exp4_fixed_3,5153,623.5908,2.5271032,0.4922566,1.0,0.0,17.0
exp4_fixed_3,5154,659.6756,1.5978491,0.62112635,1.0,0.0,38.0
exp4_fixed_3,5155,687.24835,3.0139172,0.5058862,1.0,0.0,20.0
exp4_fixed_3,5156,714.89044,2.9678528,0.5584584,1.0,0.0,21.0
exp4_fixed_3,5157,750.82983,3.0630481,0.5716208,1.0,0.0,21.0
exp4_fixed_3,5158,651.89404,2.2305472,0.47985923,1.0,0.0,24.0
exp4_fixed_3,5159,674.68604,2.5354464,0.5929162,1.0,0.0,24.0
exp4_fixed_3,5161,736.50854,2.8456583,0.5321014,1.0,0.0,24.0
exp4_fixed_3,5162,640.53455,3.0115218,0.4936723,1.0,0.0,17.0
exp4_fixed_3,5163,742.2654,3.2217011,0.57955366,1.0,0.0,19.0
exp4_fixed_3,5164,736.6985,3.4093552,0.6202361,1.0,0.0,17.0
exp4_fixed_3,5165,625.08997,2.9926264,0.49154684,1.0,0.0,14.0
exp4_fixed_3,5166,605.4263,1.9633185,0.6633851,1.0,0.0,26.0
exp4_fixed_3,5167,634.9505,2.9948432,0.5859314,1.0,0.0,16.0
exp4_fixed_3,5168,652.89856,2.837618,0.54254556,1.0,0.0,18.0
exp4_fixed_3,5169,675.1579,1.9306202,0.67048067,1.0,0.0,35.0
exp4_fixed_3,5170,750.7064,2.513009,0.58030945,1.0,0.0,31.0
exp4_fixed_3,5171,746.34753,3.068925,0.5949436,1.0,0.0,22.0
exp4_fixed_3,5172,660.8641,2.5944479,0.5670167,1.0,0.0,21.0
exp4_fixed_3,5173,652.142,2.8510606,0.565345,1.0,0.0,17.0
exp4_fixed_3,5174,658.21704,2.9062757,0.44344,1.0,0.0,19.0
exp4_fixed_3,5175,676.4218,2.368563,0.58033293,1.0,0.0,25.0
exp4_fixed_3,5176,644.9848,1.8789026,0.63644975,1.0,0.0,27.0
exp4_fixed_3,5177,626.90405,2.7284906,0.58999234,1.0,0.0,15.0
exp4_fixed_3,5178,731.162,3.2807293,0.5522045,1.0,0.0,20.0
exp4_fixed_3,5179,666.4572,2.3868287,0.54639465,1.0,0.0,24.0
exp4_fixed_3,5181,621.8042,3.0451307,0.51657903,1.0,0.0,16.0
exp4_fixed_3,5182,725.48505,2.5442646,0.5605226,1.0,0.0,28.0
exp4_fixed_3,5183,677.103,1.7802769,0.61830753,1.0,0.0,37.0
exp4_fixed_3,5184,693.9539,2.2983618,0.5270791,1.0,0.0,27.0
exp4_fixed_3,5185,684.4316,2.2729938,0.64100385,1.0,0.0,27.0
exp4_fixed_3,5186,563.27936,1.7861422,0.76049095,1.0,0.0,24.0
exp4_fixed_3,5187,724.497,2.2895217,0.65045667,1.0,0.0,35.0
exp4_fixed_3,5188,625.5825,2.033511,0.6488451,1.0,0.0,25.0
exp4_fixed_3,5189,679.08813,2.203257,0.6552136,1.0,0.0,29.0
exp4_fixed_3,5190,661.1433,2.1632073,0.5544337,1.0,0.0,24.0
exp4_fixed_3,5191,757.7367,1.9485179,0.4397972,1.0,0.0,35.0
exp4_fixed_3,5192,728.24475,2.7955732,0.63372964,1.0,0.0,22.0
exp4_fixed_3,5193,758.843,3.4158292,0.49689752,1.0,0.0,20.0
exp4_fixed_3,5194,799.7596,2.5067024,0.64850676,1.0,0.0,33.0
exp4_fixed_3,5195,654.1628,2.567023,0.48853663,1.0,0.0,19.0
exp4_fixed_3,5196,673.54126,1.1458186,0.5223286,1.0,0.0,77.0
exp4_fixed_3,5197,750.3862,3.5447824,0.60836154,1.0,0.0,18.0
exp4_fixed_3,5198,773.54297,3.1579466,0.53644973,1.0,0.0,19.0
exp4_fixed_3,5199,677.3729,2.0333667,0.65300286,1.0,0.0,31.0
exp4_fixed_3,5201,733.6981,3.3441563,0.50540453,1.0,0.0,19.0
exp4_fixed_3,5202,612.275,2.1908345,0.49172455,1.0,0.0,20.0
exp4_fixed_3,5203,613.14435,2.2354999,0.58353645,1.0,0.0,21.0
exp4_fixed_3,5204,676.10706,2.7830384,0.6243797,1.0,0.0,19.0
exp4_fixed_3,5205,723.5746,2.7823715,0.65868485,1.0,0.0,24.0
exp4_fixed_3,5206,646.97046,2.8898227,0.4947007,1.0,0.0,18.0
exp4_fixed_3,5207,642.34784,2.6962743,0.62987256,1.0,0.0,19.0
exp4_fixed_3,5208,658.8983,2.5884407,0.5871353,1.0,0.0,17.0
exp4_fixed_3,5209,608.4863,2.2854671,0.7212204,1.0,0.0,19.0
exp4_fixed_3,5210,680.71545,2.6776102,0.4622323,1.0,0.0,19.0
exp4_fixed_3,5211,779.1465,3.296838,0.52849376,1.0,0.0,21.0
exp4_fixed_3,5212,727.521,3.022944,0.632188,1.0,0.0,22.0
exp4_fixed_3,5213,707.5724,3.590378,0.49908626,1.0,0.0,15.0
exp4_fixed_3,5214,663.0646,2.7377365,0.5088541,1.0,0.0,18.0
exp4_fixed_3,5215,728.6155,2.879458,0.5293315,1.0,0.0,21.0
exp4_fixed_3,5216,631.2624,2.4775238,0.534457,1.0,0.0,21.0
exp4_fixed_3,5217,768.5814,2.8813632,0.5066909,1.0,0.0,26.0
exp4_fixed_3,5218,733.9431,2.7148314,0.51219374,1.0,0.0,24.0
exp4_fixed_3,5219,757.5576,2.2695096,0.55277395,1.0,0.0,34.0
exp4_fixed_3,5221,620.6859,2.41146,0.4918151,1.0,0.0,18.0
exp4_fixed_3,5222,565.5964,1.6024722,0.65970975,1.0,0.0,30.0
exp4_fixed_3,5223,741.9152,3.129719,0.51933044,1.0,0.0,23.0
exp4_fixed_3,5224,740.202,2.723668,0.53888154,1.0,0.0,26.0
exp4_fixed_3,5225,685.4518,2.3934176,0.55328375,1.0,0.0,22.0
exp4_fixed_3,5226,711.371,2.8559968,0.6215945,1.0,0.0,23.0
exp4_fixed_3,5227,783.4469,3.4119163,0.4158245,1.0,0.0,23.0
exp4_fixed_3,5228,726.9354,3.4706256,0.47895664,1.0,0.0,18.0
exp4_fixed_3,5229,662.87573,2.7020445,0.5462879,1.0,0.0,20.0
exp4_fixed_3,5230,717.4581,3.4103599,0.46631888,1.0,0.0,17.0
exp4_fixed_3,5231,646.9669,1.2514908,0.58296126,1.0,0.0,63.0
exp4_fixed_3,5232,683.5347,2.126901,0.60890794,1.0,0.0,27.0
exp4_fixed_3,5233,765.43726,3.287399,0.42762893,1.0,0.0,23.0
exp4_fixed_3,5234,674.3155,2.8968692,0.59965837,1.0,0.0,17.0
exp4_fixed_3,5235,747.9088,3.1292083,0.5589495,1.0,0.0,19.0
exp4_fixed_3,5236,623.79333,3.0702376,0.48125112,1.0,0.0,15.0
exp4_fixed_3,5237,788.11426,2.669351,0.5712391,1.0,0.0,25.0
exp4_fixed_3,5238,669.059,2.251573,0.44772232,1.0,0.0,23.0
exp4_fixed_3,5239,692.6612,2.8375347,0.56713915,1.0,0.0,18.0
exp4_fixed_3,5241,561.0799,2.1480844,0.65920305,1.0,0.0,17.0
exp4_fixed_3,5242,661.77075,3.0720909,0.4662464,1.0,0.0,17.0
exp4_fixed_3,5243,661.60986,1.7935649,0.6314839,1.0,0.0,28.0
exp4_fixed_3,5244,728.4867,2.765471,0.59639,1.0,0.0,23.0
exp4_fixed_3,5245,595.68036,1.6742369,0.7119942,1.0,0.0,31.0
exp4_fixed_3,5246,639.7022,2.4793482,0.6587349,1.0,0.0,18.0
exp4_fixed_3,5247,721.49097,2.7750504,0.6055841,1.0,0.0,24.0
exp4_fixed_3,5248,743.7825,2.485581,0.6496416,1.0,0.0,30.0
exp4_fixed_3,5249,756.3187,2.730275,0.60825086,1.0,0.0,27.0
exp4_fixed_3,5250,647.0681,2.9902508,0.61784875,1.0,0.0,16.0
exp4_fixed_3,5251,722.71106,2.8120997,0.6131564,1.0,0.0,26.0
exp4_fixed_3,5252,652.109,2.60615,0.52931803,1.0,0.0,21.0
exp4_fixed_3,5253,573.66504,3.0072365,0.40306917,1.0,0.0,10.0
exp4_fixed_3,5254,689.5447,1.986481,0.62517124,1.0,0.0,33.0
exp4_fixed_3,5255,682.8689,2.5574563,0.65056974,1.0,0.0,23.0
exp4_fixed_3,5256,709.72375,3.4477987,0.4950341,1.0,0.0,17.0
exp4_fixed_3,5257,675.7251,2.4601152,0.48887375,1.0,0.0,22.0
exp4_fixed_3,5258,611.865,2.4753444,0.63701105,1.0,0.0,17.0
exp4_fixed_3,5259,645.49,2.7328331,0.55022615,1.0,0.0,17.0
exp4_fixed_3,5261,612.8304,2.684205,0.6203,1.0,0.0,17.0
exp4_fixed_3,5262,723.8772,3.2781987,0.5806222,1.0,0.0,20.0
exp4_fixed_3,5263,755.97375,3.4989448,0.5915549,1.0,0.0,18.0
exp4_fixed_3,5264,724.8718,3.7121418,0.51949483,1.0,0.0,16.0
exp4_fixed_3,5265,748.17725,2.4073906,0.63240355,1.0,0.0,28.0
exp4_fixed_3,5266,652.7056,1.6363814,0.62424,1.0,0.0,39.0
exp4_fixed_3,5267,705.0543,3.5513005,0.3432973,1.0,0.0,14.0
exp4_fixed_3,5268,698.2013,2.635409,0.6100463,1.0,0.0,24.0
exp4_fixed_3,5269,680.7145,2.5768402,0.636302,1.0,0.0,19.0
exp4_fixed_3,5270,698.1929,2.5176747,0.7061444,1.0,0.0,23.0
exp4_fixed_3,5271,700.24634,2.269284,0.5677046,1.0,0.0,29.0
exp4_fixed_3,5272,728.3527,2.4883482,0.67709583,1.0,0.0,30.0
exp4_fixed_3,5273,724.0802,2.3893926,0.58311146,1.0,0.0,30.0
exp4_fixed_3,5274,576.5988,2.4320729,0.6291665,1.0,0.0,14.0
exp4_fixed_3,5275,772.34326,2.1333256,0.7262096,1.0,0.0,38.0
exp4_fixed_3,5276,586.4829,2.5082016,0.6289368,1.0,0.0,15.0
exp4_fixed_3,5277,596.51495,2.3299818,0.6809295,1.0,0.0,18.0
exp4_fixed_3,5278,753.95557,2.814956,0.53071404,1.0,0.0,24.0
exp4_fixed_3,5279,741.69116,1.7810732,0.6456301,1.0,0.0,41.0
exp4_fixed_3,5281,606.99695,2.54717,0.57621837,1.0,0.0,17.0
exp4_fixed_3,5282,732.61755,2.4788365,0.58364487,1.0,0.0,30.0
exp4_fixed_3,5283,748.89453,2.7824426,0.6416493,1.0,0.0,26.0
exp4_fixed_3,5284,653.62305,2.6945167,0.50843096,1.0,0.0,17.0
exp4_fixed_3,5285,706.9435,3.2419899,0.45285457,1.0,0.0,17.0
exp4_fixed_3,5286,744.1635,2.4030094,0.5790218,1.0,0.0,29.0
exp4_fixed_3,5287,656.27826,2.493009,0.66236657,1.0,0.0,19.0
exp4_fixed_3,5288,620.7901,3.175984,0.60920465,1.0,0.0,14.0
exp4_fixed_3,5289,596.40356,2.5635827,0.53160614,1.0,0.0,14.0
exp4_fixed_3,5290,744.5637,2.4219034,0.48776022,1.0,0.0,30.0
exp4_fixed_3,5291,659.073,2.401829,0.564182,1.0,0.0,22.0
exp4_fixed_3,5292,639.44916,2.2972054,0.47942743,1.0,0.0,20.0
exp4_fixed_3,5293,731.1848,2.1087751,0.61202717,1.0,0.0,33.0
exp4_fixed_3,5294,594.2501,2.2931995,0.6172232,1.0,0.0,18.0
exp4_fixed_3,5295,706.66235,3.566481,0.34510633,1.0,0.0,14.0
exp4_fixed_3,5296,664.5813,2.555763,0.55372375,1.0,0.0,19.0
exp4_fixed_3,5297,554.94214,1.6002502,0.60402477,1.0,0.0,20.0
exp4_fixed_3,5298,640.5033,2.97455,0.5708171,1.0,0.0,15.0
exp4_fixed_3,5299,780.26807,2.8046768,0.4942621,1.0,0.0,25.0
exp4_fixed_3,5301,648.0244,2.2681699,0.5509913,1.0,0.0,21.0
exp4_fixed_3,5302,709.0476,2.7587633,0.58144367,1.0,0.0,20.0
exp4_fixed_3,5303,700.0332,2.541873,0.5530156,1.0,0.0,25.0
exp4_fixed_3,5304,29.180115,2.5844269,0.47949266,0.0,1.0,14.0
exp4_fixed_3,5305,650.8665,2.3715258,0.53747696,1.0,0.0,21.0
exp4_fixed_3,5306,708.77844,2.952322,0.60657716,1.0,0.0,19.0
exp4_fixed_3,5307,675.67017,3.2826865,0.630984,1.0,0.0,15.0
exp4_fixed_3,5308,638.7709,2.0834775,0.65902215,1.0,0.0,23.0
exp4_fixed_3,5309,651.88666,2.3858984,0.49487728,1.0,0.0,21.0
exp4_fixed_3,5310,679.3381,2.6905468,0.49465287,1.0,0.0,24.0
exp4_fixed_3,5311,639.397,3.0035467,0.5485265,1.0,0.0,16.0
exp4_fixed_3,5312,526.36536,1.64477,0.7391309,1.0,0.0,17.0
exp4_fixed_3,5313,725.69836,3.111105,0.53997874,1.0,0.0,21.0
exp4_fixed_3,5314,553.72687,2.0377855,0.71717286,1.0,0.0,16.0
exp4_fixed_3,5315,699.30536,2.88945,0.5743305,1.0,0.0,21.0
exp4_fixed_3,5316,582.7647,1.5116044,0.46264687,1.0,0.0,27.0
exp4_fixed_3,5317,766.3019,2.9063382,0.5162365,1.0,0.0,25.0
exp4_fixed_3,5318,708.25854,2.653615,0.6355004,1.0,0.0,24.0
exp4_fixed_3,5319,714.08417,2.8568006,0.48933843,1.0,0.0,21.0
exp4_fixed_3,5321,676.1161,2.2538369,0.6062248,1.0,0.0,25.0
exp4_fixed_3,5322,541.53516,2.2933238,0.69128895,1.0,0.0,11.0
exp4_fixed_3,5323,647.86145,2.5529978,0.64247906,1.0,0.0,21.0
exp4_fixed_3,5324,625.2178,3.2301035,0.2323486,1.0,0.0,12.0
exp4_fixed_3,5325,626.2332,3.2408555,0.4409577,1.0,0.0,14.0
exp4_fixed_3,5326,782.3777,2.9198105,0.4205347,1.0,0.0,27.0
exp4_fixed_3,5327,741.6631,2.8836372,0.5764669,1.0,0.0,24.0
exp4_fixed_3,5328,721.26,2.7143328,0.4577336,1.0,0.0,22.0
exp4_fixed_3,5329,669.6201,2.2158248,0.55226564,1.0,0.0,25.0
exp4_fixed_3,5330,684.5091,2.907187,0.45432454,1.0,0.0,21.0
exp4_fixed_3,5331,780.1792,3.3621972,0.4353425,1.0,0.0,22.0
exp4_fixed_3,5332,750.4324,3.0862343,0.5700581,1.0,0.0,24.0
exp4_fixed_3,5333,689.9415,3.1278398,0.5686238,1.0,0.0,19.0
exp4_fixed_3,5334,699.3746,2.1810958,0.55752504,1.0,0.0,31.0
exp4_fixed_3,5335,648.09344,2.8373017,0.585758,1.0,0.0,15.0
exp4_fixed_3,5336,605.0869,2.4101994,0.5701531,1.0,0.0,18.0
exp4_fixed_3,5337,614.51984,2.3171284,0.53383934,1.0,0.0,19.0
exp4_fixed_3,5338,662.8329,2.0855885,0.56488943,1.0,0.0,27.0
exp4_fixed_3,5339,654.96606,2.5378945,0.41471717,1.0,0.0,19.0
exp4_fixed_3,5341,631.2772,2.3601954,0.59599876,1.0,0.0,19.0
exp4_fixed_3,5342,633.0277,2.7594836,0.5460973,1.0,0.0,16.0
exp4_fixed_3,5343,771.9566,2.583145,0.58864194,1.0,0.0,29.0
exp4_fixed_3,5344,650.4257,2.9664054,0.57673746,1.0,0.0,16.0
exp4_fixed_3,5345,649.8662,2.8073237,0.5339494,1.0,0.0,19.0
exp4_fixed_3,5346,641.27466,2.8249564,0.42470965,1.0,0.0,16.0
exp4_fixed_3,5347,783.7999,2.8905463,0.450423,1.0,0.0,29.0
exp4_fixed_3,5348,616.1683,2.4387307,0.639891,1.0,0.0,17.0
exp4_fixed_3,5349,663.0604,2.9499688,0.5731678,1.0,0.0,17.0
exp4_fixed_3,5350,705.53516,3.4014914,0.5271412,1.0,0.0,16.0
exp4_fixed_3,5351,721.52704,2.9837034,0.6239484,1.0,0.0,20.0
exp4_fixed_3,5352,656.3871,2.8778625,0.49757823,1.0,0.0,16.0
exp4_fixed_3,5353,639.6061,1.9143778,0.5837949,1.0,0.0,28.0
exp4_fixed_3,5354,584.2031,1.3527722,0.6366574,1.0,0.0,37.0
exp4_fixed_3,5355,651.6156,2.149635,0.5277768,1.0,0.0,24.0
exp4_fixed_3,5356,698.0908,2.637144,0.5008548,1.0,0.0,21.0
exp4_fixed_3,5357,768.3425,2.661,0.48462877,1.0,0.0,30.0
exp4_fixed_3,5358,642.68866,2.5575705,0.49652812,1.0,0.0,17.0
exp4_fixed_3,5359,576.67694,1.8464496,0.7027462,1.0,0.0,19.0
exp4_fixed_3,5361,772.1621,1.6951663,0.584123,1.0,0.0,50.0
exp4_fixed_3,5362,686.3697,2.5063648,0.6232208,1.0,0.0,23.0
exp4_fixed_3,5363,666.55646,1.1993504,0.59511507,1.0,0.0,67.0
exp4_fixed_3,5364,699.57574,2.410713,0.67152935,1.0,0.0,27.0
exp4_fixed_3,5365,718.40533,3.243992,0.50303507,1.0,0.0,19.0
exp4_fixed_3,5366,779.8677,3.0189905,0.41291538,1.0,0.0,26.0
exp4_fixed_3,5367,626.22986,1.3187346,0.6184421,1.0,0.0,42.0
exp4_fixed_3,5368,767.26715,2.8660028,0.4904274,1.0,0.0,28.0
exp4_fixed_3,5369,745.75366,1.6949764,0.56275016,1.0,0.0,42.0
exp4_fixed_3,5370,619.6454,2.4939542,0.6248399,1.0,0.0,18.0
exp4_fixed_3,5371,688.6591,2.3319829,0.548149,1.0,0.0,29.0
exp4_fixed_3,5372,616.6697,2.4778256,0.5761738,1.0,0.0,21.0
exp4_fixed_3,5373,718.52966,3.2704139,0.54235226,1.0,0.0,19.0
exp4_fixed_3,5374,716.90564,2.2434616,0.5839007,1.0,0.0,36.0
exp4_fixed_3,5375,638.4168,2.714001,0.63594794,1.0,0.0,16.0
exp4_fixed_3,5376,657.2035,3.1131778,0.58033675,1.0,0.0,16.0
exp4_fixed_3,5377,768.60803,2.6020632,0.54193395,1.0,0.0,31.0
exp4_fixed_3,5378,722.7714,2.7342737,0.48963642,1.0,0.0,27.0
exp4_fixed_3,5379,613.5771,2.4841065,0.5753877,1.0,0.0,22.0
exp4_fixed_3,5381,559.318,2.4963684,0.56191206,1.0,0.0,14.0
exp4_fixed_3,5382,734.38776,2.9926465,0.4585499,1.0,0.0,19.0
exp4_fixed_3,5383,731.8888,2.258413,0.6810689,1.0,0.0,32.0
exp4_fixed_3,5384,764.97095,2.6297922,0.46301535,1.0,0.0,26.0
exp4_fixed_3,5385,769.2859,2.4956305,0.59179807,1.0,0.0,34.0
exp4_fixed_3,5386,710.4691,1.3924588,0.64556473,1.0,0.0,70.0
exp4_fixed_3,5387,663.8202,2.144183,0.5755887,1.0,0.0,31.0
exp4_fixed_3,5388,577.45184,1.9788585,0.68419385,1.0,0.0,18.0
exp4_fixed_3,5389,761.3774,3.2143483,0.6002198,1.0,0.0,21.0
exp4_fixed_3,5390,724.70355,2.6358335,0.68170315,1.0,0.0,28.0
exp4_fixed_3,5391,553.47095,2.235619,0.5868892,1.0,0.0,13.0
exp4_fixed_3,5392,659.3286,2.2346902,0.65075064,1.0,0.0,28.0
exp4_fixed_3,5393,687.3397,2.5789258,0.5390537,1.0,0.0,22.0
exp4_fixed_3,5394,727.8535,1.8182606,0.63537043,1.0,0.0,45.0
exp4_fixed_3,5395,626.31555,2.7112966,0.4371797,1.0,0.0,16.0
exp4_fixed_3,5396,624.41504,3.3941631,0.4486282,1.0,0.0,12.0
exp4_fixed_3,5397,766.23865,3.1956112,0.49637818,1.0,0.0,21.0
exp4_fixed_3,5398,607.93854,2.1904025,0.44152123,1.0,0.0,20.0
exp4_fixed_3,5399,748.98987,3.131918,0.57145095,1.0,0.0,23.0
exp4_fixed_3,5401,727.78174,2.754497,0.5749527,1.0,0.0,23.0
exp4_fixed_3,5402,639.2665,2.6609151,0.596519,1.0,0.0,17.0
exp4_fixed_3,5403,711.9735,3.1251745,0.53043556,1.0,0.0,18.0
exp4_fixed_3,5404,680.52734,2.0928762,0.5613163,1.0,0.0,28.0
exp4_fixed_3,5405,707.91565,3.4501212,0.48744747,1.0,0.0,18.0
exp4_fixed_3,5406,660.58325,2.1074824,0.39843097,1.0,0.0,27.0
exp4_fixed_3,5407,729.3579,2.855544,0.5347368,1.0,0.0,23.0
exp4_fixed_3,5408,602.38214,2.7943137,0.5862332,1.0,0.0,15.0
exp4_fixed_3,5409,740.72046,3.536899,0.4712594,1.0,0.0,17.0
exp4_fixed_3,5410,723.9116,2.8163514,0.66582733,1.0,0.0,23.0
exp4_fixed_3,5411,732.5226,2.4169743,0.6136906,1.0,0.0,31.0
exp4_fixed_3,5412,765.1605,3.1653924,0.6150518,1.0,0.0,20.0
exp4_fixed_3,5413,736.52,2.9353483,0.57664937,1.0,0.0,25.0
exp4_fixed_3,5414,772.45667,2.9125712,0.55382967,1.0,0.0,23.0
exp4_fixed_3,5415,768.05896,2.8035734,0.51401657,1.0,0.0,22.0
exp4_fixed_3,5416,663.50854,2.4005115,0.64518976,1.0,0.0,21.0
exp4_fixed_3,5417,750.7268,3.1605053,0.6063899,1.0,0.0,21.0
exp4_fixed_3,5418,667.2396,2.764521,0.57360697,1.0,0.0,19.0
exp4_fixed_3,5419,680.19885,2.6473134,0.58490705,1.0,0.0,23.0
exp4_fixed_3,5421,707.3578,3.0334764,0.6132896,1.0,0.0,20.0
exp4_fixed_3,5422,739.85583,2.638221,0.5479265,1.0,0.0,28.0
exp4_fixed_3,5423,760.36584,2.8699255,0.52507913,1.0,0.0,23.0
exp4_fixed_3,5424,771.3396,2.7326782,0.5030275,1.0,0.0,29.0
exp4_fixed_3,5425,667.48755,2.8895576,0.62563694,1.0,0.0,18.0
exp4_fixed_3,5426,659.79114,2.443459,0.42928067,1.0,0.0,19.0
exp4_fixed_3,5427,739.11,2.7979891,0.50673,1.0,0.0,25.0
exp4_fixed_3,5428,658.1547,2.0582461,0.42995325,1.0,0.0,30.0
exp4_fixed_3,5429,640.4634,3.5154274,0.40435353,1.0,0.0,12.0
exp4_fixed_3,5430,709.62555,2.5394473,0.6081824,1.0,0.0,26.0
exp4_fixed_3,5431,604.07697,3.397589,0.5186492,1.0,0.0,11.0
exp4_fixed_3,5432,605.6277,3.4085457,0.42745352,1.0,0.0,11.0
exp4_fixed_3,5433,668.2368,2.9820023,0.60185,1.0,0.0,19.0
exp4_fixed_3,5434,707.5298,2.337348,0.5637799,1.0,0.0,25.0
exp4_fixed_3,5435,575.8236,2.2636182,0.6007204,1.0,0.0,17.0
exp4_fixed_3,5436,700.3456,2.0499482,0.4788672,1.0,0.0,28.0
exp4_fixed_3,5437,614.6312,2.393268,0.50324416,1.0,0.0,18.0
exp4_fixed_3,5438,736.4778,2.8059247,0.52409834,1.0,0.0,27.0
exp4_fixed_3,5439,755.26196,2.909914,0.42167863,1.0,0.0,25.0
exp4_fixed_3,5441,736.0382,3.0806177,0.500246,1.0,0.0,20.0
exp4_fixed_3,5442,607.1833,1.7998067,0.41380307,1.0,0.0,23.0
exp4_fixed_3,5443,700.7908,2.9444077,0.5968238,1.0,0.0,19.0
exp4_fixed_3,5444,694.82605,2.5073173,0.5973282,1.0,0.0,23.0
exp4_fixed_3,5445,749.3052,3.0752003,0.5347086,1.0,0.0,20.0
exp4_fixed_3,5446,530.5902,1.8457922,0.58976,1.0,0.0,15.0
exp4_fixed_3,5447,656.6804,2.1271222,0.6203218,1.0,0.0,28.0
exp4_fixed_3,5448,622.46326,2.8927135,0.5663672,1.0,0.0,16.0
exp4_fixed_3,5449,672.9359,2.5299351,0.5299958,1.0,0.0,23.0
exp4_fixed_3,5450,743.4269,3.0660307,0.5303374,1.0,0.0,22.0
exp4_fixed_3,5451,661.11426,2.8323102,0.7045792,1.0,0.0,20.0
exp4_fixed_3,5452,703.7583,2.7159338,0.60594624,1.0,0.0,23.0
exp4_fixed_3,5453,638.73145,2.5959952,0.57243395,1.0,0.0,17.0
exp4_fixed_3,5454,743.1142,2.7633402,0.6218614,1.0,0.0,23.0
exp4_fixed_3,5455,644.2716,2.724265,0.5962942,1.0,0.0,18.0
exp4_fixed_3,5456,800.5115,2.917493,0.48118556,1.0,0.0,24.0
exp4_fixed_3,5457,785.2911,3.267877,0.54026955,1.0,0.0,21.0
exp4_fixed_3,5458,667.06177,2.4881592,0.4909313,1.0,0.0,22.0
exp4_fixed_3,5459,647.1504,2.3343415,0.4966371,1.0,0.0,20.0
exp4_fixed_3,5461,716.4143,2.7795355,0.6188909,1.0,0.0,21.0
exp4_fixed_3,5462,654.37866,3.3185487,0.544545,1.0,0.0,14.0
exp4_fixed_3,5463,706.12146,2.442829,0.6303532,1.0,0.0,26.0
exp4_fixed_3,5464,732.207,2.6087759,0.66362184,1.0,0.0,28.0
exp4_fixed_3,5465,667.2542,2.6894639,0.66963327,1.0,0.0,23.0
exp4_fixed_3,5466,780.7657,2.0851974,0.47302642,1.0,0.0,38.0
exp4_fixed_3,5467,740.9081,2.0438662,0.5616647,1.0,0.0,40.0
exp4_fixed_3,5468,681.6434,2.6199062,0.52401125,1.0,0.0,20.0
exp4_fixed_3,5469,614.7329,3.2648373,0.4622588,1.0,0.0,12.0
exp4_fixed_3,5470,728.35535,2.7722785,0.59882873,1.0,0.0,24.0
exp4_fixed_3,5471,712.5254,2.7425778,0.53538394,1.0,0.0,22.0
exp4_fixed_3,5472,583.2554,2.0690455,0.4606524,1.0,0.0,18.0
exp4_fixed_3,5473,782.95166,2.9135,0.5150031,1.0,0.0,28.0
exp4_fixed_3,5474,712.724,2.7401886,0.6097292,1.0,0.0,22.0
exp4_fixed_3,5475,635.83655,3.2511501,0.50187606,1.0,0.0,14.0
exp4_fixed_3,5476,532.76624,2.7623281,0.6411579,1.0,0.0,9.0
exp4_fixed_3,5477,691.5145,1.9304743,0.75884575,1.0,0.0,38.0
exp4_fixed_3,5478,573.4612,2.4828033,0.60225594,1.0,0.0,13.0
exp4_fixed_3,5479,630.82056,2.9130433,0.5857678,1.0,0.0,15.0
exp4_fixed_3,5481,655.2096,2.5078406,0.5416294,1.0,0.0,20.0
exp4_fixed_3,5482,544.23584,1.9232489,0.664081,1.0,0.0,14.0
exp4_fixed_3,5483,746.6267,2.4575233,0.603952,1.0,0.0,30.0
exp4_fixed_3,5484,744.1428,2.7706742,0.5398969,1.0,0.0,26.0
exp4_fixed_3,5485,708.08167,2.8421483,0.5554947,1.0,0.0,22.0
exp4_fixed_3,5486,711.01526,2.7256672,0.48132923,1.0,0.0,22.0
exp4_fixed_3,5487,745.66205,2.8427267,0.5787432,1.0,0.0,25.0
exp4_fixed_3,5488,739.03296,2.9664035,0.58811367,1.0,0.0,23.0
exp4_fixed_3,5489,621.3231,1.8550099,0.5828564,1.0,0.0,29.0
exp4_fixed_3,5490,724.64606,2.742753,0.52401257,1.0,0.0,23.0
exp4_fixed_3,5491,607.54706,2.4478104,0.5489002,1.0,0.0,19.0
exp4_fixed_3,5492,645.5772,1.9554206,0.60520667,1.0,0.0,30.0
exp4_fixed_3,5493,664.8118,2.299806,0.7071641,1.0,0.0,23.0
exp4_fixed_3,5494,642.3322,2.4349108,0.57688576,1.0,0.0,20.0
exp4_fixed_3,5495,574.7838,2.977047,0.63317776,1.0,0.0,11.0
exp4_fixed_3,5496,717.2427,2.8563704,0.54558843,1.0,0.0,20.0
exp4_fixed_3,5497,631.4103,3.2842844,0.5283047,1.0,0.0,13.0
exp4_fixed_3,5498,741.26685,2.6761496,0.6030072,1.0,0.0,27.0
exp4_fixed_3,5499,763.8749,3.0581625,0.407697,1.0,0.0,26.0
exp4_fixed_3,5501,748.3651,2.5662284,0.530327,1.0,0.0,25.0
exp4_fixed_3,5502,744.71265,2.8632016,0.6324079,1.0,0.0,23.0
exp4_fixed_3,5503,748.49316,3.2918677,0.45865065,1.0,0.0,20.0
exp4_fixed_3,5504,641.5657,2.013454,0.644168,1.0,0.0,27.0
exp4_fixed_3,5505,588.9083,2.5815911,0.4536149,1.0,0.0,14.0
exp4_fixed_3,5506,704.9364,2.73311,0.5527332,1.0,0.0,22.0
exp4_fixed_3,5507,655.28906,3.0472105,0.54126257,1.0,0.0,15.0
exp4_fixed_3,5508,678.1361,3.14719,0.3949495,1.0,0.0,19.0
exp4_fixed_3,5509,762.15,3.016712,0.5608102,1.0,0.0,23.0
exp4_fixed_3,5510,768.5298,2.9779248,0.5282267,1.0,0.0,25.0
exp4_fixed_3,5511,722.2945,2.8106623,0.58662605,1.0,0.0,24.0
exp4_fixed_3,5512,679.1682,3.1175094,0.47994676,1.0,0.0,17.0
exp4_fixed_3,5513,686.5099,2.7464273,0.5540041,1.0,0.0,19.0
exp4_fixed_3,5514,615.8602,2.355195,0.51144814,1.0,0.0,18.0
exp4_fixed_3,5515,723.1072,2.4978309,0.4687687,1.0,0.0,24.0
exp4_fixed_3,5516,735.65466,2.8414264,0.57809603,1.0,0.0,22.0
exp4_fixed_3,5517,711.0806,2.5902958,0.5238663,1.0,0.0,24.0
exp4_fixed_3,5518,767.2042,2.9065726,0.44974872,1.0,0.0,28.0
exp4_fixed_3,5519,767.50024,2.8895724,0.45419812,1.0,0.0,27.0
exp4_fixed_3,5521,681.1896,2.3523405,0.67904425,1.0,0.0,28.0
exp4_fixed_3,5522,610.4811,1.6121169,0.60410804,1.0,0.0,38.0
exp4_fixed_3,5523,723.9615,2.9404745,0.40066794,1.0,0.0,22.0
exp4_fixed_3,5524,588.51855,1.5522163,0.48558927,1.0,0.0,28.0
exp4_fixed_3,5525,652.8371,3.0140262,0.4886647,1.0,0.0,15.0
exp4_fixed_3,5526,729.9313,3.0480852,0.5252732,1.0,0.0,24.0
exp4_fixed_3,5527,661.73627,2.7878263,0.40027553,1.0,0.0,19.0
exp4_fixed_3,5528,622.9833,3.1239312,0.4900683,1.0,0.0,15.0
exp4_fixed_3,5529,729.2068,3.3097405,0.55210894,1.0,0.0,20.0
exp4_fixed_3,5530,663.296,2.2744925,0.641294,1.0,0.0,31.0
exp4_fixed_3,5531,662.64154,2.2472916,0.5619539,1.0,0.0,23.0
exp4_fixed_3,5532,706.26764,3.1637986,0.56519747,1.0,0.0,19.0
exp4_fixed_3,5533,576.40674,2.2702897,0.64085954,1.0,0.0,17.0
exp4_fixed_3,5534,596.79675,1.4836607,0.6830033,1.0,0.0,34.0
exp4_fixed_3,5535,792.97546,3.1280031,0.5487464,1.0,0.0,24.0
exp4_fixed_3,5536,792.3462,3.2725558,0.45003146,1.0,0.0,23.0
exp4_fixed_3,5537,586.79285,1.5992235,0.48827222,1.0,0.0,25.0
exp4_fixed_3,5538,770.3687,3.2512937,0.501366,1.0,0.0,23.0
exp4_fixed_3,5539,662.83545,2.3564544,0.6014757,1.0,0.0,21.0
exp4_fixed_3,5541,738.24316,3.167601,0.51965564,1.0,0.0,22.0
exp4_fixed_3,5542,674.76764,2.0024662,0.6806793,1.0,0.0,34.0
exp4_fixed_3,5543,713.6786,2.974429,0.5246526,1.0,0.0,19.0
exp4_fixed_3,5544,771.32715,2.9597263,0.55321795,1.0,0.0,24.0
exp4_fixed_3,5545,673.6089,2.4666235,0.616094,1.0,0.0,24.0
exp4_fixed_3,5546,734.3402,2.866147,0.6452605,1.0,0.0,24.0
exp4_fixed_3,5547,622.28467,2.7295003,0.5278785,1.0,0.0,18.0
exp4_fixed_3,5548,737.5508,3.2113202,0.4506681,1.0,0.0,19.0
exp4_fixed_3,5549,625.3296,2.745245,0.6141556,1.0,0.0,17.0
exp4_fixed_3,5550,709.3696,2.9213107,0.53583336,1.0,0.0,20.0
exp4_fixed_3,5551,628.7038,2.3492756,0.64852273,1.0,0.0,19.0
exp4_fixed_3,5552,738.73785,2.6633039,0.48379958,1.0,0.0,27.0
exp4_fixed_3,5553,562.4474,1.3343464,0.665737,1.0,0.0,45.0
exp4_fixed_3,5554,723.36865,2.6354823,0.5015793,1.0,0.0,22.0
exp4_fixed_3,5555,559.70984,1.8797495,0.57429296,1.0,0.0,17.0
exp4_fixed_3,5556,633.7781,2.0961356,0.58702594,1.0,0.0,23.0
exp4_fixed_3,5557,655.91547,2.7313921,0.58394796,1.0,0.0,20.0
exp4_fixed_3,5558,530.0426,2.0907795,0.63321215,1.0,0.0,13.0
exp4_fixed_3,5559,654.75214,2.0541909,0.69511974,1.0,0.0,28.0
exp4_fixed_3,5561,766.22864,2.958359,0.57326996,1.0,0.0,23.0
exp4_fixed_3,5562,768.23804,2.709659,0.59435904,1.0,0.0,28.0
exp4_fixed_3,5563,649.77826,2.9722483,0.62927234,1.0,0.0,16.0
exp4_fixed_3,5564,742.33655,3.0546763,0.5624231,1.0,0.0,23.0
exp4_fixed_3,5565,669.99316,2.2005796,0.6540844,1.0,0.0,30.0
exp4_fixed_3,5566,740.4223,2.602658,0.53943133,1.0,0.0,32.0
exp4_fixed_3,5567,668.20166,2.3797376,0.5902735,1.0,0.0,25.0
exp4_fixed_3,5568,767.78296,3.328547,0.521887,1.0,0.0,19.0
exp4_fixed_3,5569,725.30396,2.7543232,0.5458618,1.0,0.0,26.0
exp4_fixed_3,5570,664.56323,1.393312,0.61728305,1.0,0.0,50.0
exp4_fixed_3,5571,648.2894,2.9885976,0.6027484,1.0,0.0,16.0
exp4_fixed_3,5572,617.32666,2.1719828,0.5095553,1.0,0.0,21.0
exp4_fixed_3,5573,663.5643,1.832941,0.71627367,1.0,0.0,36.0
exp4_fixed_3,5574,595.41394,2.5406008,0.6418336,1.0,0.0,13.0
exp4_fixed_3,5575,748.0568,2.8067718,0.57314134,1.0,0.0,23.0
exp4_fixed_3,5576,705.4994,3.0227232,0.64572024,1.0,0.0,18.0
exp4_fixed_3,5577,720.39264,3.3028212,0.5632877,1.0,0.0,16.0
exp4_fixed_3,5578,730.5294,2.6791654,0.49426734,1.0,0.0,26.0
exp4_fixed_3,5579,536.2996,2.4162304,0.64372444,1.0,0.0,10.0
exp4_fixed_3,5581,653.9201,3.147202,0.37708524,1.0,0.0,14.0
exp4_fixed_3,5582,572.149,2.3013637,0.54023594,1.0,0.0,15.0
exp4_fixed_3,5583,683.6948,3.2608442,0.30254835,1.0,0.0,15.0
exp4_fixed_3,5584,720.2585,3.0821702,0.5731005,1.0,0.0,19.0
exp4_fixed_3,5585,748.39154,2.8607402,0.5085591,1.0,0.0,26.0
exp4_fixed_3,5586,641.28076,2.4084253,0.7065278,1.0,0.0,21.0
exp4_fixed_3,5587,677.70746,2.8501596,0.4090818,1.0,0.0,21.0
exp4_fixed_3,5588,724.81213,2.2642043,0.5811017,1.0,0.0,34.0
exp4_fixed_3,5589,740.4781,3.1094878,0.45816728,1.0,0.0,22.0
exp4_fixed_3,5590,712.06885,3.1017258,0.6394028,1.0,0.0,20.0
exp4_fixed_3,5591,663.4097,1.8523366,0.56848663,1.0,0.0,28.0
exp4_fixed_3,5592,746.4116,3.0577664,0.4679803,1.0,0.0,25.0
exp4_fixed_3,5593,729.72754,1.8950937,0.6215282,1.0,0.0,45.0
exp4_fixed_3,5594,648.2214,2.4038498,0.46554828,1.0,0.0,20.0
exp4_fixed_3,5595,739.07666,3.3064146,0.50919586,1.0,0.0,19.0
exp4_fixed_3,5596,627.9748,2.5715241,0.4777837,1.0,0.0,21.0
exp4_fixed_3,5597,563.8294,2.263212,0.6463231,1.0,0.0,15.0
exp4_fixed_3,5598,718.4995,3.2435162,0.432432,1.0,0.0,20.0
exp4_fixed_3,5599,683.38086,2.4016633,0.58912086,1.0,0.0,23.0
exp4_fixed_3,5601,635.0936,2.8840613,0.44633088,1.0,0.0,14.0
exp4_fixed_3,5602,719.3635,2.4720414,0.50296324,1.0,0.0,27.0
exp4_fixed_3,5603,740.3065,2.6918883,0.5297695,1.0,0.0,26.0
exp4_fixed_3,5604,729.34326,1.4712309,0.6261449,1.0,0.0,54.0
exp4_fixed_3,5605,646.75073,2.8186998,0.58942795,1.0,0.0,18.0
exp4_fixed_3,5606,612.77094,2.1788025,0.6338491,1.0,0.0,19.0
exp4_fixed_3,5607,759.98914,2.7272618,0.53988236,1.0,0.0,24.0
exp4_fixed_3,5608,731.91003,2.8550012,0.5655057,1.0,0.0,22.0
exp4_fixed_3,5609,668.19006,2.8882048,0.4396751,1.0,0.0,17.0
exp4_fixed_3,5610,742.329,2.7294657,0.6456754,1.0,0.0,25.0
exp4_fixed_3,5611,627.9332,1.3498907,0.5940624,1.0,0.0,47.0
exp4_fixed_3,5612,642.0137,2.1963892,0.5763704,1.0,0.0,23.0
exp4_fixed_3,5613,724.3939,2.9464724,0.46558547,1.0,0.0,24.0
exp4_fixed_3,5614,671.24084,2.777194,0.40770704,1.0,0.0,22.0
exp4_fixed_3,5615,734.9409,3.0788913,0.5672849,1.0,0.0,21.0
exp4_fixed_3,5616,711.4785,2.767678,0.5560241,1.0,0.0,22.0
exp4_fixed_3,5617,644.82825,1.8395238,0.6288764,1.0,0.0,26.0
exp4_fixed_3,5618,643.92834,2.8838685,0.52773464,1.0,0.0,17.0
exp4_fixed_3,5619,766.71686,2.42553,0.6222273,1.0,0.0,32.0
exp4_fixed_3,5621,694.4889,2.3566284,0.6455919,1.0,0.0,28.0
exp4_fixed_3,5622,649.93994,3.3048868,0.34738243,1.0,0.0,15.0
exp4_fixed_3,5623,700.13916,3.320334,0.54695755,1.0,0.0,19.0
exp4_fixed_3,5624,766.3462,2.7250247,0.57084,1.0,0.0,31.0
exp4_fixed_3,5625,752.16266,3.2386713,0.48802528,1.0,0.0,23.0
exp4_fixed_3,5626,732.63916,2.7518516,0.5459716,1.0,0.0,23.0
exp4_fixed_3,5627,724.00854,2.754484,0.5776535,1.0,0.0,26.0
exp4_fixed_3,5628,639.42426,3.209354,0.5266142,1.0,0.0,13.0
exp4_fixed_3,5629,642.655,2.8494892,0.5338775,1.0,0.0,19.0
exp4_fixed_3,5630,677.0164,2.8296156,0.50579506,1.0,0.0,19.0
exp4_fixed_3,5631,618.3061,2.8210495,0.50209385,1.0,0.0,18.0
exp4_fixed_3,5632,694.6837,3.5497212,0.58645505,1.0,0.0,15.0
exp4_fixed_3,5633,713.8425,2.7447274,0.57295936,1.0,0.0,23.0
exp4_fixed_3,5634,777.327,3.302183,0.58710253,1.0,0.0,21.0
exp4_fixed_3,5635,727.83606,2.3577158,0.5647694,1.0,0.0,29.0
exp4_fixed_3,5636,679.7565,2.6975117,0.596427,1.0,0.0,23.0
exp4_fixed_3,5637,709.6209,2.623187,0.5872365,1.0,0.0,21.0
exp4_fixed_3,5638,602.3795,3.4495401,0.527592,1.0,0.0,11.0
exp4_fixed_3,5639,638.72644,2.5909834,0.5319665,1.0,0.0,18.0
exp4_fixed_3,5641,703.0912,1.6070598,0.76823276,1.0,0.0,57.0
exp4_fixed_3,5642,602.2308,2.630193,0.63948166,1.0,0.0,15.0
exp4_fixed_3,5643,585.70905,2.0448806,0.63008785,1.0,0.0,18.0
exp4_fixed_3,5644,721.51904,3.132204,0.5033747,1.0,0.0,19.0
exp4_fixed_3,5645,702.2888,3.3943508,0.37428114,1.0,0.0,16.0
exp4_fixed_3,5646,682.4364,2.9549975,0.4855868,1.0,0.0,17.0
exp4_fixed_3,5647,638.92523,2.1011603,0.59842217,1.0,0.0,26.0
exp4_fixed_3,5648,689.4628,2.8555646,0.6002166,1.0,0.0,18.0
exp4_fixed_3,5649,555.52094,2.0984282,0.49056304,1.0,0.0,15.0
exp4_fixed_3,5650,729.5177,1.9370105,0.56261486,1.0,0.0,39.0
exp4_fixed_3,5651,546.8357,2.0194118,0.40735632,1.0,0.0,14.0
exp4_fixed_3,5652,719.05786,2.8121943,0.52227026,1.0,0.0,21.0
exp4_fixed_3,5653,692.4553,3.1404347,0.5001938,1.0,0.0,20.0
exp4_fixed_3,5654,566.57495,2.1632123,0.5801753,1.0,0.0,15.0
exp4_fixed_3,5655,725.63806,1.914052,0.4616611,1.0,0.0,35.0
exp4_fixed_3,5656,708.4186,2.8990948,0.61755186,1.0,0.0,21.0
exp4_fixed_3,5657,632.8595,2.8883739,0.6060269,1.0,0.0,17.0
exp4_fixed_3,5658,767.83044,2.4559414,0.53005064,1.0,0.0,33.0
exp4_fixed_3,5659,782.61017,3.1777313,0.5116944,1.0,0.0,23.0
exp4_fixed_3,5661,728.13556,2.964734,0.5147092,1.0,0.0,25.0
exp4_fixed_3,5662,690.66296,2.5875273,0.6001049,1.0,0.0,20.0
exp4_fixed_3,5663,751.4503,2.3912034,0.49508795,1.0,0.0,26.0
exp4_fixed_3,5664,716.67834,2.7709277,0.52554667,1.0,0.0,23.0
exp4_fixed_3,5665,719.1588,2.0602658,0.7027877,1.0,0.0,35.0
exp4_fixed_3,5666,673.301,2.8969846,0.5065702,1.0,0.0,21.0
exp4_fixed_3,5667,599.0443,2.4338503,0.5955173,1.0,0.0,17.0
exp4_fixed_3,5668,631.41187,2.3808851,0.5448671,1.0,0.0,18.0
exp4_fixed_3,5669,601.17676,3.1604989,0.42400423,1.0,0.0,12.0
exp4_fixed_3,5670,537.7918,1.4348942,0.72983557,1.0,0.0,24.0
exp4_fixed_3,5671,697.35266,2.1111822,0.6150208,1.0,0.0,36.0
exp4_fixed_3,5672,649.5429,3.2062185,0.5474029,1.0,0.0,15.0
exp4_fixed_3,5673,571.8429,1.4522477,0.7041972,1.0,0.0,36.0
exp4_fixed_3,5674,726.687,3.6327522,0.45078284,1.0,0.0,17.0
exp4_fixed_3,5675,707.0054,3.3003175,0.5139877,1.0,0.0,18.0
exp4_fixed_3,5676,736.04333,3.0078156,0.5754482,1.0,0.0,19.0
exp4_fixed_3,5677,662.8541,3.4426777,0.5346257,1.0,0.0,14.0
exp4_fixed_3,5678,552.3998,2.8111784,0.5317864,1.0,0.0,10.0
exp4_fixed_3,5679,561.72266,2.2561033,0.5501572,1.0,0.0,14.0
exp4_fixed_3,5681,554.70044,2.9857838,0.38671887,1.0,0.0,9.0
exp4_fixed_3,5682,762.8428,2.9164703,0.6500514,1.0,0.0,24.0
exp4_fixed_3,5683,719.54504,3.1676729,0.55540913,1.0,0.0,20.0
exp4_fixed_3,5684,655.285,2.7770731,0.46247223,1.0,0.0,17.0
exp4_fixed_3,5685,662.5309,2.1750727,0.60018873,1.0,0.0,24.0
exp4_fixed_3,5686,783.68646,3.174264,0.5705145,1.0,0.0,22.0
exp4_fixed_3,5687,623.4091,2.8098173,0.55929583,1.0,0.0,18.0
exp4_fixed_3,5688,706.15393,2.9906807,0.553894,1.0,0.0,22.0
exp4_fixed_3,5689,663.90247,2.1388557,0.5930476,1.0,0.0,25.0
exp4_fixed_3,5690,735.5845,2.8907063,0.6157147,1.0,0.0,26.0
exp4_fixed_3,5691,724.7123,3.4215505,0.43555164,1.0,0.0,17.0
exp4_fixed_3,5692,763.6908,2.9784787,0.627019,1.0,0.0,21.0
exp4_fixed_3,5693,618.32886,2.8027678,0.6667301,1.0,0.0,15.0
exp4_fixed_3,5694,610.70154,1.9992561,0.64593995,1.0,0.0,23.0
exp4_fixed_3,5695,712.867,2.4609802,0.55505824,1.0,0.0,30.0
exp4_fixed_3,5696,650.6129,2.2464106,0.5428116,1.0,0.0,26.0
exp4_fixed_3,5697,669.48596,2.6430252,0.46969494,1.0,0.0,19.0
exp4_fixed_3,5698,649.45105,2.830772,0.4018612,1.0,0.0,19.0
exp4_fixed_3,5699,714.4744,2.5711055,0.39147463,1.0,0.0,23.0
exp4_fixed_3,5701,653.2437,2.9138236,0.54922265,1.0,0.0,20.0
exp4_fixed_3,5702,561.17004,1.5339619,0.65982956,1.0,0.0,25.0
exp4_fixed_3,5703,715.8469,2.5080526,0.600278,1.0,0.0,30.0
exp4_fixed_3,5704,685.719,1.9230448,0.6449087,1.0,0.0,34.0
exp4_fixed_3,5705,638.33813,3.0354214,0.53405696,1.0,0.0,16.0
exp4_fixed_3,5706,759.43945,3.1101713,0.50111693,1.0,0.0,22.0
exp4_fixed_3,5707,776.5813,3.223793,0.4785668,1.0,0.0,21.0
exp4_fixed_3,5708,734.3823,3.4437919,0.46645397,1.0,0.0,17.0
exp4_fixed_3,5709,622.487,2.0616815,0.5863972,1.0,0.0,22.0
exp4_fixed_3,5710,701.13934,3.1746788,0.5572476,1.0,0.0,17.0
exp4_fixed_3,5711,630.93713,2.9701962,0.58781815,1.0,0.0,18.0
exp4_fixed_3,5712,543.4149,3.3718495,0.35689694,1.0,0.0,7.0
exp4_fixed_3,5713,648.54364,2.7513142,0.5474137,1.0,0.0,16.0
exp4_fixed_3,5714,731.8672,3.0731068,0.5421865,1.0,0.0,21.0
exp4_fixed_3,5715,750.55115,2.683089,0.5184912,1.0,0.0,24.0
exp4_fixed_3,5716,666.60626,2.8535833,0.5030163,1.0,0.0,18.0
exp4_fixed_3,5717,691.8993,2.1407702,0.67719537,1.0,0.0,32.0
exp4_fixed_3,5718,580.7523,1.5801367,0.5885571,1.0,0.0,21.0
exp4_fixed_3,5719,626.9201,2.6884856,0.62856996,1.0,0.0,19.0
exp4_fixed_3,5721,692.99695,3.0872207,0.53741074,1.0,0.0,20.0
exp4_fixed_3,5722,671.624,2.0303411,0.66749495,1.0,0.0,27.0
exp4_fixed_3,5723,744.4254,3.25653,0.4999804,1.0,0.0,21.0
exp4_fixed_3,5724,739.54877,1.9011286,0.582208,1.0,0.0,48.0
exp4_fixed_3,5725,706.3915,3.3274312,0.6129723,1.0,0.0,18.0
exp4_fixed_3,5726,762.8867,2.657908,0.5157034,1.0,0.0,25.0
exp4_fixed_3,5727,617.9085,2.5691435,0.59794676,1.0,0.0,16.0
exp4_fixed_3,5728,696.6236,2.7408834,0.5537133,1.0,0.0,21.0
exp4_fixed_3,5729,534.9445,3.071042,0.4410342,1.0,0.0,8.0
exp4_fixed_3,5730,713.3996,2.6499004,0.64208746,1.0,0.0,24.0
exp4_fixed_3,5731,622.1,1.2385181,0.58294624,1.0,0.0,58.0
exp4_fixed_3,5732,724.9767,3.6314976,0.53026533,1.0,0.0,17.0
exp4_fixed_3,5733,611.0963,2.536934,0.63647354,1.0,0.0,16.0
exp4_fixed_3,5734,747.7617,2.2992918,0.63524204,1.0,0.0,32.0
exp4_fixed_3,5735,650.2421,3.0240035,0.48174295,1.0,0.0,15.0
exp4_fixed_3,5736,676.49615,2.2458258,0.51290655,1.0,0.0,31.0
exp4_fixed_3,5737,757.90564,3.2284412,0.39882228,1.0,0.0,20.0
exp4_fixed_3,5738,739.3567,3.142187,0.47153386,1.0,0.0,21.0
exp4_fixed_3,5739,625.7555,3.0514572,0.6221634,1.0,0.0,14.0
exp4_fixed_3,5741,739.4762,2.5215552,0.76144254,1.0,0.0,26.0
exp4_fixed_3,5742,541.47546,1.932215,0.66169876,1.0,0.0,15.0
exp4_fixed_3,5743,687.76056,2.9072192,0.670531,1.0,0.0,19.0
exp4_fixed_3,5744,642.16345,1.5555835,0.6231308,1.0,0.0,36.0
exp4_fixed_3,5745,703.3248,2.4421163,0.64492756,1.0,0.0,26.0
exp4_fixed_3,5746,707.12823,3.0854197,0.5218389,1.0,0.0,18.0
exp4_fixed_3,5747,693.56726,3.391364,0.53655815,1.0,0.0,16.0
exp4_fixed_3,5748,722.75525,2.5401855,0.5682179,1.0,0.0,25.0
exp4_fixed_3,5749,640.1334,1.8354146,0.7184457,1.0,0.0,29.0
exp4_fixed_3,5750,602.86237,2.4057944,0.66979516,1.0,0.0,19.0
exp4_fixed_3,5751,559.6853,3.0750017,0.35748297,1.0,0.0,9.0
exp4_fixed_3,5752,638.83875,3.0567615,0.49788883,1.0,0.0,15.0
exp4_fixed_3,5753,722.65393,3.307096,0.4896745,1.0,0.0,19.0
exp4_fixed_3,5754,774.8515,1.9755962,0.65816784,1.0,0.0,41.0
exp4_fixed_3,5755,774.39825,3.126745,0.47875836,1.0,0.0,24.0
exp4_fixed_3,5756,616.20874,2.9159045,0.46984258,1.0,0.0,15.0
exp4_fixed_3,5757,651.952,3.098253,0.4572393,1.0,0.0,16.0
exp4_fixed_3,5758,679.88135,2.693679,0.46652037,1.0,0.0,19.0
exp4_fixed_3,5759,648.2982,3.383955,0.3787479,1.0,0.0,12.0
exp4_fixed_3,5761,665.1235,3.4175627,0.42469642,1.0,0.0,14.0
exp4_fixed_3,5762,666.28845,2.966567,0.6953007,1.0,0.0,19.0
exp4_fixed_3,5763,740.8336,2.7549272,0.5126576,1.0,0.0,30.0
exp4_fixed_3,5764,766.876,2.201128,0.5588464,1.0,0.0,33.0
exp4_fixed_3,5765,732.40845,2.7510617,0.6481921,1.0,0.0,23.0
exp4_fixed_3,5766,717.12714,3.3913913,0.4955483,1.0,0.0,17.0
exp4_fixed_3,5767,729.1979,2.7544417,0.5512805,1.0,0.0,23.0
exp4_fixed_3,5768,680.7953,2.901573,0.40159565,1.0,0.0,20.0
exp4_fixed_3,5769,719.54553,3.2545428,0.50605774,1.0,0.0,20.0
exp4_fixed_3,5770,672.3944,2.8860397,0.46679592,1.0,0.0,20.0
exp4_fixed_3,5771,749.03613,3.4355385,0.50137573,1.0,0.0,17.0
exp4_fixed_3,5772,619.88684,2.2178533,0.6500555,1.0,0.0,22.0
exp4_fixed_3,5773,787.983,2.9025936,0.42516944,1.0,0.0,23.0
exp4_fixed_3,5774,639.40875,2.3191087,0.6023381,1.0,0.0,21.0
exp4_fixed_3,5775,725.55896,3.0385458,0.5144647,1.0,0.0,21.0
exp4_fixed_3,5776,645.62646,3.4037392,0.40919554,1.0,0.0,12.0
exp4_fixed_3,5777,721.6827,3.3585885,0.60906166,1.0,0.0,17.0
exp4_fixed_3,5778,724.1229,2.578544,0.6005344,1.0,0.0,24.0
exp4_fixed_3,5779,721.91174,2.5264385,0.628629,1.0,0.0,26.0
exp4_fixed_3,5781,741.22736,3.0047274,0.5259412,1.0,0.0,24.0
exp4_fixed_3,5782,607.98254,1.5429955,0.6492691,1.0,0.0,41.0
exp4_fixed_3,5783,687.8828,2.1202214,0.7304767,1.0,0.0,31.0
exp4_fixed_3,5784,751.84827,2.96326,0.48253357,1.0,0.0,24.0
exp4_fixed_3,5785,565.26935,2.4395833,0.51403004,1.0,0.0,14.0
exp4_fixed_3,5786,661.1753,2.4502637,0.5321516,1.0,0.0,22.0
exp4_fixed_3,5787,644.9587,2.7831764,0.48333824,1.0,0.0,16.0
exp4_fixed_3,5788,762.2776,1.9762018,0.5825514,1.0,0.0,36.0
exp4_fixed_3,5789,697.8985,1.9577174,0.66431266,1.0,0.0,34.0
exp4_fixed_3,5790,760.7842,3.0760703,0.47664654,1.0,0.0,22.0
exp4_fixed_3,5791,604.921,1.8353133,0.63039047,1.0,0.0,26.0
exp4_fixed_3,5792,553.9935,1.964536,0.5251179,1.0,0.0,15.0
exp4_fixed_3,5793,678.51044,2.7757404,0.45576012,1.0,0.0,22.0
exp4_fixed_3,5794,609.9614,1.5537813,0.5920644,1.0,0.0,38.0
exp4_fixed_3,5795,676.34283,2.7685404,0.5150956,1.0,0.0,19.0
exp4_fixed_3,5796,654.7839,2.4258797,0.5361003,1.0,0.0,24.0
exp4_fixed_3,5797,722.7284,2.6838477,0.58406407,1.0,0.0,24.0
exp4_fixed_3,5798,713.08264,3.312503,0.46860033,1.0,0.0,17.0
exp4_fixed_3,5799,698.3237,2.3004677,0.65367043,1.0,0.0,29.0
exp4_fixed_3,5801,716.66284,3.2117414,0.38799316,1.0,0.0,18.0
exp4_fixed_3,5802,731.0985,2.7805932,0.5192926,1.0,0.0,25.0
exp4_fixed_3,5803,750.22656,3.1133285,0.56156874,1.0,0.0,23.0
exp4_fixed_3,5804,740.4259,3.460803,0.46390113,1.0,0.0,17.0
exp4_fixed_3,5805,710.3257,2.4060574,0.45337504,1.0,0.0,23.0
exp4_fixed_3,5806,691.31854,2.056296,0.45358136,1.0,0.0,27.0
exp4_fixed_3,5807,662.3716,3.0070193,0.51496935,1.0,0.0,18.0
exp4_fixed_3,5808,696.56934,3.0962052,0.5343124,1.0,0.0,19.0
exp4_fixed_3,5809,597.45575,2.5730171,0.64060974,1.0,0.0,16.0
exp4_fixed_3,5810,663.4122,3.2707946,0.44014114,1.0,0.0,17.0
exp4_fixed_3,5811,775.4092,3.014801,0.49068356,1.0,0.0,25.0
exp4_fixed_3,5812,742.1152,3.0546248,0.46170563,1.0,0.0,23.0
exp4_fixed_3,5813,737.42566,2.9727442,0.51765066,1.0,0.0,23.0
exp4_fixed_3,5814,728.90063,3.1648915,0.54891425,1.0,0.0,21.0
exp4_fixed_3,5815,718.4872,2.504755,0.7243378,1.0,0.0,25.0
exp4_fixed_3,5816,731.788,2.903789,0.55774915,1.0,0.0,21.0
exp4_fixed_3,5817,748.0817,2.3253765,0.5479497,1.0,0.0,34.0
exp4_fixed_3,5818,751.4617,3.4760337,0.5582252,1.0,0.0,17.0
exp4_fixed_3,5819,711.7358,3.421577,0.57848036,1.0,0.0,16.0
exp4_fixed_3,5821,710.2258,2.2394586,0.5665704,1.0,0.0,30.0
exp4_fixed_3,5822,758.4728,3.1643884,0.535809,1.0,0.0,21.0
exp4_fixed_3,5823,667.93896,2.7123268,0.5948529,1.0,0.0,19.0
exp4_fixed_3,5824,623.74066,2.5445912,0.6676802,1.0,0.0,18.0
exp4_fixed_3,5825,642.47253,2.5547223,0.5264217,1.0,0.0,19.0
exp4_fixed_3,5826,663.7182,2.6472745,0.5927444,1.0,0.0,20.0
exp4_fixed_3,5827,635.29315,2.4075253,0.5882051,1.0,0.0,18.0
exp4_fixed_3,5828,620.70483,3.046527,0.51710415,1.0,0.0,15.0
exp4_fixed_3,5829,669.976,1.794641,0.5599909,1.0,0.0,44.0
exp4_fixed_3,5830,779.7488,2.5773041,0.6070079,1.0,0.0,31.0
exp4_fixed_3,5831,579.0739,2.3245125,0.47301397,1.0,0.0,14.0
exp4_fixed_3,5832,710.43604,2.8104227,0.47551095,1.0,0.0,22.0
exp4_fixed_3,5833,632.81213,2.2809484,0.5396904,1.0,0.0,23.0
exp4_fixed_3,5834,739.83887,1.5435346,0.7084373,1.0,0.0,62.0
exp4_fixed_3,5835,747.4905,3.2027159,0.43792465,1.0,0.0,24.0
exp4_fixed_3,5836,772.81946,3.0422685,0.53072125,1.0,0.0,24.0
exp4_fixed_3,5837,-97.330154,2.4235077,0.7296183,0.0,1.0,8.0
exp4_fixed_3,5838,765.3126,3.1114488,0.45301107,1.0,0.0,25.0
exp4_fixed_3,5839,672.69617,2.4927351,0.4816833,1.0,0.0,21.0
exp4_fixed_3,5841,735.9026,2.7568831,0.5746508,1.0,0.0,26.0
exp4_fixed_3,5842,804.903,2.8405585,0.5030443,1.0,0.0,29.0
exp4_fixed_3,5843,754.6227,2.3830726,0.6067586,1.0,0.0,37.0
exp4_fixed_3,5844,749.31055,3.8527033,0.5502936,1.0,0.0,15.0
exp4_fixed_3,5845,709.14575,2.4990232,0.5927118,1.0,0.0,28.0
exp4_fixed_3,5846,744.8207,2.0675197,0.43606773,1.0,0.0,40.0
exp4_fixed_3,5847,734.2034,2.9684439,0.53150856,1.0,0.0,23.0
exp4_fixed_3,5848,667.66876,2.5269144,0.5611068,1.0,0.0,21.0
exp4_fixed_3,5849,719.31323,2.9611547,0.63172126,1.0,0.0,23.0
exp4_fixed_3,5850,782.09094,3.237764,0.5028152,1.0,0.0,25.0
exp4_fixed_3,5851,717.28394,3.1170092,0.61740685,1.0,0.0,20.0
exp4_fixed_3,5852,606.8275,1.9224461,0.68824697,1.0,0.0,21.0
exp4_fixed_3,5853,762.7224,2.8414385,0.59250003,1.0,0.0,27.0
exp4_fixed_3,5854,763.9428,2.6575117,0.5846281,1.0,0.0,27.0
exp4_fixed_3,5855,751.57477,2.6558526,0.49091533,1.0,0.0,23.0
exp4_fixed_3,5856,613.0719,1.865908,0.69413084,1.0,0.0,23.0
exp4_fixed_3,5857,625.9215,2.450026,0.5755823,1.0,0.0,19.0
exp4_fixed_3,5858,559.00574,2.1171813,0.4519358,1.0,0.0,15.0
exp4_fixed_3,5859,550.5864,2.1057603,0.5861977,1.0,0.0,13.0
exp4_fixed_3,5861,619.28644,1.865044,0.6232192,1.0,0.0,34.0
exp4_fixed_3,5862,583.26544,2.2265725,0.70144683,1.0,0.0,20.0
exp4_fixed_3,5863,691.08093,3.2381473,0.422027,1.0,0.0,19.0
exp4_fixed_3,5864,678.92004,1.4891171,0.70860374,1.0,0.0,40.0
exp4_fixed_3,5865,632.84375,2.9441502,0.56108034,1.0,0.0,15.0
exp4_fixed_3,5866,743.9656,2.8741546,0.47054464,1.0,0.0,27.0
exp4_fixed_3,5867,595.19354,2.6735632,0.6036905,1.0,0.0,14.0
exp4_fixed_3,5868,732.2799,3.6220918,0.31753787,1.0,0.0,15.0
exp4_fixed_3,5869,661.0476,2.4247634,0.48273674,1.0,0.0,25.0
exp4_fixed_3,5870,736.3842,2.789707,0.6330566,1.0,0.0,26.0
exp4_fixed_3,5871,712.4927,2.9052413,0.5133698,1.0,0.0,22.0
exp4_fixed_3,5872,664.6663,3.4241123,0.60940593,1.0,0.0,14.0
exp4_fixed_3,5873,719.4093,3.0382714,0.44820562,1.0,0.0,18.0
exp4_fixed_3,5874,637.0022,2.5580945,0.5911641,1.0,0.0,21.0
exp4_fixed_3,5875,637.25745,2.9758923,0.4513968,1.0,0.0,16.0
exp4_fixed_3,5876,666.3458,3.213394,0.5238323,1.0,0.0,15.0
exp4_fixed_3,5877,772.36224,2.8639407,0.45440015,1.0,0.0,28.0
exp4_fixed_3,5878,733.9957,3.5475647,0.54486185,1.0,0.0,16.0
exp4_fixed_3,5879,576.6598,2.3936057,0.6081827,1.0,0.0,15.0
exp4_fixed_3,5881,686.2529,2.4619603,0.5656525,1.0,0.0,22.0
exp4_fixed_3,5882,701.26215,3.4253752,0.41790575,1.0,0.0,15.0
exp4_fixed_3,5883,776.72876,2.8031902,0.4941848,1.0,0.0,29.0
exp4_fixed_3,5884,729.42664,3.8173165,0.42301214,1.0,0.0,15.0
exp4_fixed_3,5885,592.0918,2.063499,0.5287874,1.0,0.0,19.0
exp4_fixed_3,5886,724.3184,3.3222218,0.5717436,1.0,0.0,20.0
exp4_fixed_3,5887,755.88116,2.5720313,0.5212104,1.0,0.0,30.0
exp4_fixed_3,5888,-59.91185,3.1261067,0.54756707,0.0,1.0,9.0
exp4_fixed_3,5889,765.6749,3.2079847,0.5921902,1.0,0.0,23.0
exp4_fixed_3,5890,716.0193,2.8353696,0.6311556,1.0,0.0,22.0
exp4_fixed_3,5891,727.73596,3.4789653,0.34368387,1.0,0.0,16.0
exp4_fixed_3,5892,607.1715,3.163415,0.5621463,1.0,0.0,13.0
exp4_fixed_3,5893,787.4462,3.4575505,0.37836957,1.0,0.0,20.0
exp4_fixed_3,5894,687.67615,2.8699303,0.46494335,1.0,0.0,18.0
exp4_fixed_3,5895,650.87256,2.2195547,0.64532495,1.0,0.0,22.0
exp4_fixed_3,5896,663.2464,3.0107794,0.5026263,1.0,0.0,15.0
exp4_fixed_3,5897,768.4263,3.1182597,0.5236996,1.0,0.0,23.0
exp4_fixed_3,5898,591.37744,2.7273552,0.43898553,1.0,0.0,15.0
exp4_fixed_3,5899,530.7893,3.4020047,0.39612848,1.0,0.0,7.0
exp4_fixed_3,5901,667.46387,2.1191428,0.58557814,1.0,0.0,28.0
exp4_fixed_3,5902,690.6084,2.8207002,0.53136116,1.0,0.0,20.0
exp4_fixed_3,5903,747.0218,2.875074,0.54417115,1.0,0.0,22.0
exp4_fixed_3,5904,673.00995,2.841843,0.42550007,1.0,0.0,18.0
exp4_fixed_3,5905,616.28656,2.3227885,0.61865073,1.0,0.0,21.0
exp4_fixed_3,5906,717.44995,2.6448977,0.40988484,1.0,0.0,25.0
exp4_fixed_3,5907,664.4574,2.7275178,0.63090366,1.0,0.0,20.0
exp4_fixed_3,5908,678.3783,2.5796058,0.5573446,1.0,0.0,20.0
exp4_fixed_3,5909,680.47577,1.5723158,0.6424137,1.0,0.0,43.0
exp4_fixed_3,5910,619.94354,2.1463673,0.67874366,1.0,0.0,21.0
exp4_fixed_3,5911,659.17303,2.7471817,0.4145757,1.0,0.0,17.0
exp4_fixed_3,5912,630.87714,2.56888,0.59025353,1.0,0.0,20.0
exp4_fixed_3,5913,710.2841,3.292777,0.45127094,1.0,0.0,18.0
exp4_fixed_3,5914,638.4867,3.3982258,0.5050407,1.0,0.0,12.0
exp4_fixed_3,5915,727.13,2.9356914,0.512791,1.0,0.0,21.0
exp4_fixed_3,5916,621.94226,2.4058552,0.6696969,1.0,0.0,17.0
exp4_fixed_3,5917,626.916,2.2077873,0.7115542,1.0,0.0,23.0
exp4_fixed_3,5918,762.1192,3.5346603,0.39760044,1.0,0.0,20.0
exp4_fixed_3,5919,666.3682,2.952811,0.5742705,1.0,0.0,17.0
exp4_fixed_3,5921,596.21796,2.6142533,0.67279583,1.0,0.0,17.0
exp4_fixed_3,5922,713.562,3.8593266,0.5093383,1.0,0.0,14.0
exp4_fixed_3,5923,745.32043,3.6227772,0.5116798,1.0,0.0,16.0
exp4_fixed_3,5924,647.6186,2.6466048,0.5920063,1.0,0.0,22.0
exp4_fixed_3,5925,669.07605,2.870363,0.4693195,1.0,0.0,19.0
exp4_fixed_3,5926,682.9544,1.6806425,0.63920504,1.0,0.0,46.0
exp4_fixed_3,5927,658.91846,2.6676464,0.52195567,1.0,0.0,19.0
exp4_fixed_3,5928,747.67053,2.508111,0.64732045,1.0,0.0,27.0
exp4_fixed_3,5929,670.14746,3.0740316,0.5779315,1.0,0.0,16.0
exp4_fixed_3,5930,679.24475,2.103557,0.6439375,1.0,0.0,34.0
exp4_fixed_3,5931,617.00006,1.6925025,0.6189805,1.0,0.0,39.0
exp4_fixed_3,5932,674.275,2.8543417,0.48539156,1.0,0.0,17.0
exp4_fixed_3,5933,637.92505,2.0805242,0.62942225,1.0,0.0,24.0
exp4_fixed_3,5934,567.444,2.7950182,0.449067,1.0,0.0,11.0
exp4_fixed_3,5935,575.608,1.4321114,0.7469464,1.0,0.0,34.0
exp4_fixed_3,5936,711.6813,2.9305842,0.4616075,1.0,0.0,22.0
exp4_fixed_3,5937,552.851,3.26248,0.47162607,1.0,0.0,8.0
exp4_fixed_3,5938,615.8394,2.7366273,0.6846431,1.0,0.0,16.0
exp4_fixed_3,5939,703.96875,3.4346793,0.64894724,1.0,0.0,17.0
exp4_fixed_3,5941,636.8069,3.4061978,0.41861105,1.0,0.0,13.0
exp4_fixed_3,5942,653.38715,2.4384108,0.4511965,1.0,0.0,21.0
exp4_fixed_3,5943,727.7295,2.892476,0.57478094,1.0,0.0,24.0
exp4_fixed_3,5944,567.00916,2.1004481,0.5769329,1.0,0.0,16.0
exp4_fixed_3,5945,720.1613,2.9612453,0.5254031,1.0,0.0,24.0
exp4_fixed_3,5946,733.16675,3.971344,0.46999332,1.0,0.0,14.0
exp4_fixed_3,5947,616.89905,3.367954,0.46719965,1.0,0.0,12.0
exp4_fixed_3,5948,709.731,3.2340267,0.55127764,1.0,0.0,18.0
exp4_fixed_3,5949,623.0541,3.2397614,0.41093585,1.0,0.0,13.0
exp4_fixed_3,5950,623.8147,1.9656267,0.6010854,1.0,0.0,25.0
exp4_fixed_3,5951,585.08624,1.9658589,0.5390474,1.0,0.0,22.0
exp4_fixed_3,5952,735.3042,3.2100089,0.34406766,1.0,0.0,21.0
exp4_fixed_3,5953,599.662,2.1960568,0.58311254,1.0,0.0,21.0
exp4_fixed_3,5954,525.9606,2.1315076,0.68699527,1.0,0.0,13.0
exp4_fixed_3,5955,785.6775,3.0724761,0.62832975,1.0,0.0,23.0
exp4_fixed_3,5956,618.73553,2.7721133,0.7438065,1.0,0.0,15.0
exp4_fixed_3,5957,722.87317,3.7909706,0.51686394,1.0,0.0,15.0
exp4_fixed_3,5958,179.48964,2.7965088,0.56656516,0.0,1.0,26.0
exp4_fixed_3,5959,679.90393,1.7102044,0.56916636,1.0,0.0,42.0
exp4_fixed_3,5961,788.2949,3.3413744,0.5556563,1.0,0.0,21.0
exp4_fixed_3,5962,756.76306,3.70803,0.4626205,1.0,0.0,17.0
exp4_fixed_3,5963,652.0702,2.8880122,0.7176479,1.0,0.0,16.0
exp4_fixed_3,5964,674.82336,3.0405226,0.47424832,1.0,0.0,19.0
exp4_fixed_3,5965,735.8811,3.3275843,0.5416287,1.0,0.0,18.0
exp4_fixed_3,5966,689.3689,2.599241,0.5310875,1.0,0.0,25.0
exp4_fixed_3,5967,699.09924,2.8302877,0.5978216,1.0,0.0,23.0
exp4_fixed_3,5968,767.88464,2.688586,0.5177783,1.0,0.0,26.0
exp4_fixed_3,5969,754.18677,3.29282,0.5172166,1.0,0.0,20.0
exp4_fixed_3,5970,590.86194,1.5734526,0.6765665,1.0,0.0,35.0
exp4_fixed_3,5971,691.1152,2.3465,0.5445484,1.0,0.0,26.0
exp4_fixed_3,5972,626.4595,2.7274916,0.64330417,1.0,0.0,17.0
exp4_fixed_3,5973,664.3978,2.389761,0.50397146,1.0,0.0,23.0
exp4_fixed_3,5974,692.559,2.924998,0.48096022,1.0,0.0,21.0
exp4_fixed_3,5975,779.12036,3.201644,0.51119405,1.0,0.0,23.0
exp4_fixed_3,5976,637.47675,2.085137,0.6912964,1.0,0.0,28.0
exp4_fixed_3,5977,743.4183,3.2810593,0.43298775,1.0,0.0,25.0
exp4_fixed_3,5978,747.7501,3.3817008,0.5000742,1.0,0.0,21.0
exp4_fixed_3,5979,672.1853,1.9638226,0.6439816,1.0,0.0,28.0
exp4_fixed_3,5981,628.1091,2.7336519,0.55270106,1.0,0.0,17.0
exp4_fixed_3,5982,605.60944,2.3452477,0.6252769,1.0,0.0,16.0
exp4_fixed_3,5983,650.6971,1.4716877,0.6175459,1.0,0.0,44.0
exp4_fixed_3,5984,774.682,3.3555443,0.5403762,1.0,0.0,21.0
exp4_fixed_3,5985,710.65967,2.3502629,0.5672578,1.0,0.0,31.0
exp4_fixed_3,5986,710.2871,2.9413207,0.54533553,1.0,0.0,22.0
exp4_fixed_3,5987,627.79865,2.6825452,0.4712346,1.0,0.0,17.0
exp4_fixed_3,5988,614.44116,2.7963922,0.55599153,1.0,0.0,17.0
exp4_fixed_3,5989,655.3793,3.3030503,0.42158607,1.0,0.0,16.0
exp4_fixed_3,5990,656.03394,2.2510111,0.5067417,1.0,0.0,23.0
exp4_fixed_3,5991,679.76514,3.4504063,0.38781345,1.0,0.0,16.0
exp4_fixed_3,5992,664.8288,2.1795392,0.671147,1.0,0.0,26.0
exp4_fixed_3,5993,738.4003,2.555199,0.6271089,1.0,0.0,27.0
exp4_fixed_3,5994,651.0152,2.6473422,0.63340497,1.0,0.0,19.0
exp4_fixed_3,5995,760.40283,2.9288938,0.5313787,1.0,0.0,27.0
exp4_fixed_3,5996,632.38416,2.5516293,0.51503974,1.0,0.0,17.0
exp4_fixed_3,5997,607.0373,1.3868139,0.5451204,1.0,0.0,42.0
exp4_fixed_3,5998,714.95404,3.0478518,0.57656604,1.0,0.0,20.0
exp4_fixed_3,5999,538.17017,2.8926911,0.5328009,1.0,0.0,10.0
exp4_fixed_3,6001,599.2377,2.0841525,0.5124926,1.0,0.0,18.0
exp4_fixed_3,6002,777.7384,3.045807,0.5320279,1.0,0.0,25.0
exp4_fixed_3,6003,630.55896,1.5448245,0.70289266,1.0,0.0,44.0
exp4_fixed_3,6004,712.09235,3.1002884,0.59668076,1.0,0.0,21.0
exp4_fixed_3,6005,675.82,2.7504907,0.6223278,1.0,0.0,23.0
exp4_fixed_3,6006,661.245,1.5833429,0.6432211,1.0,0.0,47.0
exp4_fixed_3,6007,633.05786,2.455469,0.6220326,1.0,0.0,18.0
exp4_fixed_3,6008,607.04443,2.9013298,0.591294,1.0,0.0,16.0
exp4_fixed_3,6009,671.55286,2.4311361,0.4759348,1.0,0.0,22.0
exp4_fixed_3,6010,674.8508,2.7305202,0.5082616,1.0,0.0,22.0
exp4_fixed_3,6011,683.3502,2.3527296,0.638601,1.0,0.0,26.0
exp4_fixed_3,6012,724.0582,2.2213686,0.64844245,1.0,0.0,29.0
exp4_fixed_3,6013,649.47784,1.9415792,0.7311398,1.0,0.0,31.0
exp4_fixed_3,6014,653.7213,2.5897663,0.61904687,1.0,0.0,20.0
exp4_fixed_3,6015,663.959,3.0160449,0.49294603,1.0,0.0,18.0
exp4_fixed_3,6016,742.1393,3.1847396,0.51601684,1.0,0.0,21.0
exp4_fixed_3,6017,728.5586,3.1937172,0.6064308,1.0,0.0,19.0
exp4_fixed_3,6018,751.6246,2.3493354,0.47186103,1.0,0.0,31.0
exp4_fixed_3,6019,619.7098,1.9604286,0.6132438,1.0,0.0,29.0
exp4_fixed_3,6021,719.7731,3.1290393,0.5778813,1.0,0.0,20.0
exp4_fixed_3,6022,708.52966,2.721863,0.56396586,1.0,0.0,21.0
exp4_fixed_3,6023,715.7395,3.2041595,0.6055866,1.0,0.0,19.0
exp4_fixed_3,6024,756.98694,2.5596194,0.5626638,1.0,0.0,27.0
exp4_fixed_3,6025,627.2758,2.7529733,0.56079775,1.0,0.0,18.0
exp4_fixed_3,6026,709.8467,2.8976347,0.6484731,1.0,0.0,21.0
exp4_fixed_3,6027,576.96246,2.3647408,0.41463915,1.0,0.0,15.0
exp4_fixed_3,6028,665.8153,2.3044229,0.5793671,1.0,0.0,27.0
exp4_fixed_3,6029,647.91943,3.2392716,0.59342104,1.0,0.0,14.0
exp4_fixed_3,6030,679.86646,3.1952994,0.54927063,1.0,0.0,17.0
exp4_fixed_3,6031,576.881,1.4298329,0.71399444,1.0,0.0,27.0
exp4_fixed_3,6032,685.3132,3.0276294,0.57318056,1.0,0.0,20.0
exp4_fixed_3,6033,648.64764,1.8870481,0.5803954,1.0,0.0,30.0
exp4_fixed_3,6034,670.3261,2.6098487,0.6437296,1.0,0.0,24.0
exp4_fixed_3,6035,755.8739,3.375089,0.54508317,1.0,0.0,20.0
exp4_fixed_3,6036,625.9717,1.9453825,0.5214809,1.0,0.0,21.0
exp4_fixed_3,6037,-95.367584,2.238539,0.4468433,0.0,1.0,6.0
exp4_fixed_3,6038,720.5908,3.1670516,0.5203674,1.0,0.0,22.0
exp4_fixed_3,6039,673.8495,3.1682384,0.6560717,1.0,0.0,15.0
exp4_fixed_3,6041,738.8961,2.812111,0.6208507,1.0,0.0,23.0
exp4_fixed_3,6042,725.3258,3.2451746,0.48019087,1.0,0.0,19.0
exp4_fixed_3,6043,676.2712,2.4782028,0.49663165,1.0,0.0,24.0
exp4_fixed_3,6044,639.24976,3.3923438,0.30077007,1.0,0.0,13.0
exp4_fixed_3,6045,751.265,3.0310833,0.47344998,1.0,0.0,25.0
exp4_fixed_3,6046,770.65173,3.1134698,0.44963542,1.0,0.0,24.0
exp4_fixed_3,6047,657.20593,2.9336257,0.6139914,1.0,0.0,16.0
exp4_fixed_3,6048,684.2071,3.3268833,0.4682668,1.0,0.0,16.0
exp4_fixed_3,6049,619.9833,2.19224,0.66270155,1.0,0.0,23.0
exp4_fixed_3,6050,715.9408,2.9598267,0.52140814,1.0,0.0,22.0
exp4_fixed_3,6051,596.5587,2.142115,0.698645,1.0,0.0,23.0
exp4_fixed_3,6052,628.21106,2.5076585,0.6924047,1.0,0.0,18.0
exp4_fixed_3,6053,647.388,2.7040656,0.48454958,1.0,0.0,21.0
exp4_fixed_3,6054,781.9935,2.9530349,0.4319792,1.0,0.0,26.0
exp4_fixed_3,6055,646.99554,2.8063238,0.551275,1.0,0.0,18.0
exp4_fixed_3,6056,690.103,2.6117067,0.4954468,1.0,0.0,21.0
exp4_fixed_3,6057,790.6571,2.6711137,0.5748175,1.0,0.0,31.0
exp4_fixed_3,6058,733.5144,2.1394582,0.697256,1.0,0.0,39.0
exp4_fixed_3,6059,722.15076,2.8604832,0.57862365,1.0,0.0,24.0
exp4_fixed_3,6061,750.2289,3.1536891,0.5961009,1.0,0.0,21.0
exp4_fixed_3,6062,667.5243,2.1267946,0.5961899,1.0,0.0,27.0
exp4_fixed_3,6063,647.89856,3.16101,0.4785247,1.0,0.0,15.0
exp4_fixed_3,6064,622.2295,2.638709,0.59284365,1.0,0.0,16.0
exp4_fixed_3,6065,710.0502,3.022787,0.48650697,1.0,0.0,19.0
exp4_fixed_3,6066,710.1764,3.706389,0.4123134,1.0,0.0,15.0
exp4_fixed_3,6067,661.78375,3.2211063,0.47340608,1.0,0.0,17.0
exp4_fixed_3,6068,744.37164,3.0302312,0.46977806,1.0,0.0,26.0
exp4_fixed_3,6069,653.13135,2.1010506,0.63651496,1.0,0.0,28.0
exp4_fixed_3,6070,656.7113,3.0833268,0.5800071,1.0,0.0,19.0
exp4_fixed_3,6071,761.56323,2.9548256,0.42708632,1.0,0.0,24.0
exp4_fixed_3,6072,716.7473,2.52929,0.62171453,1.0,0.0,25.0
exp4_fixed_3,6073,645.235,1.8053331,0.61458766,1.0,0.0,35.0
exp4_fixed_3,6074,737.41406,3.057289,0.6015013,1.0,0.0,22.0
exp4_fixed_3,6075,668.4718,3.0126846,0.52122575,1.0,0.0,19.0
exp4_fixed_3,6076,-111.48958,2.4207518,0.51539105,0.0,1.0,7.0
exp4_fixed_3,6077,687.6188,2.0115626,0.61466366,1.0,0.0,30.0
exp4_fixed_3,6078,610.32837,1.7201641,0.6806729,1.0,0.0,33.0
exp4_fixed_3,6079,641.5554,2.5199564,0.66469693,1.0,0.0,20.0
exp4_fixed_3,6081,653.84595,3.2900045,0.54375553,1.0,0.0,15.0
exp4_fixed_3,6082,541.0775,1.568082,0.61841595,1.0,0.0,20.0
exp4_fixed_3,6083,734.0939,3.11553,0.5525686,1.0,0.0,23.0
exp4_fixed_3,6084,657.14954,2.6143162,0.5626403,1.0,0.0,21.0
exp4_fixed_3,6085,630.9645,2.40642,0.6523244,1.0,0.0,18.0
exp4_fixed_3,6086,703.64984,2.8559086,0.54147696,1.0,0.0,20.0
exp4_fixed_3,6087,655.6897,2.7370827,0.628004,1.0,0.0,19.0
exp4_fixed_3,6088,740.1907,3.1641102,0.57857764,1.0,0.0,21.0
exp4_fixed_3,6089,543.5677,1.6138963,0.59758687,1.0,0.0,19.0
exp4_fixed_3,6090,616.24036,2.433812,0.48083523,1.0,0.0,16.0
exp4_fixed_3,6091,596.47205,1.6101099,0.630793,1.0,0.0,27.0
exp4_fixed_3,6092,721.1967,3.038248,0.5900954,1.0,0.0,21.0
exp4_fixed_3,6093,751.12683,2.7460046,0.6585136,1.0,0.0,26.0
exp4_fixed_3,6094,676.62085,2.6491709,0.48265338,1.0,0.0,19.0
exp4_fixed_3,6095,564.73315,2.504313,0.50945294,1.0,0.0,14.0
exp4_fixed_3,6096,734.00104,3.3647666,0.5719562,1.0,0.0,19.0
exp4_fixed_3,6097,634.59845,1.8848174,0.674887,1.0,0.0,27.0
exp4_fixed_3,6098,745.3762,2.3934937,0.6380797,1.0,0.0,29.0
exp4_fixed_3,6099,645.129,2.709468,0.5046872,1.0,0.0,17.0
exp4_fixed_3,6101,714.40857,2.9361014,0.59577835,1.0,0.0,20.0
exp4_fixed_3,6102,698.64404,2.938686,0.5735897,1.0,0.0,18.0
exp4_fixed_3,6103,-111.100204,3.3326943,0.46591318,0.0,1.0,3.0
exp4_fixed_3,6104,682.3843,2.6450188,0.61073995,1.0,0.0,23.0
exp4_fixed_3,6105,700.62994,2.4492238,0.67710614,1.0,0.0,25.0
exp4_fixed_3,6106,674.35,2.9088812,0.54636353,1.0,0.0,18.0
exp4_fixed_3,6107,638.3722,2.8577657,0.5162312,1.0,0.0,17.0
exp4_fixed_3,6108,710.16125,2.683742,0.46155575,1.0,0.0,26.0
exp4_fixed_3,6109,665.89294,1.6669044,0.56624776,1.0,0.0,40.0
exp4_fixed_3,6110,597.7513,2.7744815,0.41922477,1.0,0.0,15.0
exp4_fixed_3,6111,727.7317,2.7229517,0.5040025,1.0,0.0,28.0
exp4_fixed_3,6112,598.87415,2.1381872,0.6212211,1.0,0.0,20.0
exp4_fixed_3,6113,747.6458,3.0515063,0.50712305,1.0,0.0,24.0
exp4_fixed_3,6114,693.3131,3.103214,0.5375561,1.0,0.0,20.0
exp4_fixed_3,6115,656.03064,2.1526885,0.3277622,1.0,0.0,22.0
exp4_fixed_3,6116,657.8147,2.2064147,0.64442325,1.0,0.0,23.0
exp4_fixed_3,6117,759.74243,2.8114164,0.55957884,1.0,0.0,25.0
exp4_fixed_3,6118,654.7906,3.1173966,0.50632304,1.0,0.0,14.0
exp4_fixed_3,6119,685.51196,2.088217,0.5704774,1.0,0.0,26.0
exp4_fixed_3,6121,715.47974,2.9700572,0.6308494,1.0,0.0,21.0
exp4_fixed_3,6122,761.82666,2.9288328,0.5865553,1.0,0.0,25.0
exp4_fixed_3,6123,703.02466,3.6002724,0.41035765,1.0,0.0,15.0
exp4_fixed_3,6124,720.94226,2.9684718,0.63051903,1.0,0.0,23.0
exp4_fixed_3,6125,748.70734,2.977437,0.5219959,1.0,0.0,24.0
exp4_fixed_3,6126,608.5692,2.463876,0.5620505,1.0,0.0,17.0
exp4_fixed_3,6127,717.0922,2.6570268,0.4754916,1.0,0.0,22.0
exp4_fixed_3,6128,716.3767,3.6751728,0.47646943,1.0,0.0,14.0
exp4_fixed_3,6129,719.885,2.6270316,0.59641194,1.0,0.0,26.0
exp4_fixed_3,6130,731.6714,3.1467178,0.4426655,1.0,0.0,23.0
exp4_fixed_3,6131,655.2628,3.1467106,0.5136875,1.0,0.0,14.0
exp4_fixed_3,6132,737.1599,3.0552456,0.5951521,1.0,0.0,24.0
exp4_fixed_3,6133,655.12354,2.19889,0.48701003,1.0,0.0,25.0
exp4_fixed_3,6134,696.3927,2.8485165,0.5711602,1.0,0.0,19.0
exp4_fixed_3,6135,727.1599,3.0245652,0.61031884,1.0,0.0,21.0
exp4_fixed_3,6136,657.6021,3.1248264,0.53017676,1.0,0.0,16.0
exp4_fixed_3,6137,757.0043,2.914505,0.48464847,1.0,0.0,27.0
exp4_fixed_3,6138,715.93665,3.4557807,0.5493462,1.0,0.0,19.0
exp4_fixed_3,6139,776.76666,3.1011863,0.5531053,1.0,0.0,22.0
exp4_fixed_3,6141,709.79736,3.0777686,0.62875676,1.0,0.0,20.0
exp4_fixed_3,6142,745.3562,2.6749995,0.5667414,1.0,0.0,24.0
exp4_fixed_3,6143,755.4335,2.958878,0.5273224,1.0,0.0,26.0
exp4_fixed_3,6144,714.8865,3.0893404,0.44528887,1.0,0.0,17.0
exp4_fixed_3,6145,742.1712,2.4194613,0.517452,1.0,0.0,29.0
exp4_fixed_3,6146,703.13086,2.482229,0.6268341,1.0,0.0,24.0
exp4_fixed_3,6147,734.4414,3.3545694,0.5052994,1.0,0.0,19.0
exp4_fixed_3,6148,647.791,2.5065339,0.6081386,1.0,0.0,20.0
exp4_fixed_3,6149,746.8957,3.5528355,0.47323292,1.0,0.0,16.0
exp4_fixed_3,6150,655.5985,2.2311444,0.6046838,1.0,0.0,23.0
exp4_fixed_3,6151,556.5245,1.9367793,0.58191943,1.0,0.0,16.0
exp4_fixed_3,6152,741.406,2.721265,0.62792146,1.0,0.0,26.0
exp4_fixed_3,6153,742.3843,2.8982115,0.5367912,1.0,0.0,25.0
exp4_fixed_3,6154,715.85046,2.8349872,0.5806235,1.0,0.0,21.0
exp4_fixed_3,6155,557.1836,3.2354908,0.46528175,1.0,0.0,9.0
exp4_fixed_3,6156,665.3545,2.8457108,0.47725135,1.0,0.0,20.0
exp4_fixed_3,6157,710.6078,2.2114408,0.65009516,1.0,0.0,34.0
exp4_fixed_3,6158,-48.020462,2.969247,0.29913646,0.0,1.0,8.0
exp4_fixed_3,6159,606.83765,1.6763947,0.63205785,1.0,0.0,30.0
exp4_fixed_3,6161,694.60516,2.5704222,0.56974363,1.0,0.0,27.0
exp4_fixed_3,6162,736.79785,3.4270535,0.43021226,1.0,0.0,19.0
exp4_fixed_3,6163,685.1031,2.3372238,0.5989631,1.0,0.0,27.0
exp4_fixed_3,6164,721.572,2.9558313,0.5737106,1.0,0.0,22.0
exp4_fixed_3,6165,731.3306,3.4244828,0.5193292,1.0,0.0,20.0
exp4_fixed_3,6166,717.37415,3.301639,0.42802036,1.0,0.0,17.0
exp4_fixed_3,6167,657.3777,3.521745,0.33031616,1.0,0.0,14.0
exp4_fixed_3,6168,618.9844,2.7247267,0.43488112,1.0,0.0,17.0
exp4_fixed_3,6169,653.3598,3.354015,0.54658234,1.0,0.0,15.0
exp4_fixed_3,6170,716.8799,2.6588502,0.6870631,1.0,0.0,23.0
exp4_fixed_3,6171,614.0365,1.8599102,0.41828886,1.0,0.0,23.0
exp4_fixed_3,6172,654.90424,3.4354193,0.41036114,1.0,0.0,13.0
exp4_fixed_3,6173,699.7909,3.5339162,0.41086695,1.0,0.0,15.0
exp4_fixed_3,6174,630.3012,2.754037,0.58809996,1.0,0.0,17.0
exp4_fixed_3,6175,578.36206,2.389705,0.59186244,1.0,0.0,15.0
exp4_fixed_3,6176,752.88086,3.167849,0.5827566,1.0,0.0,22.0
exp4_fixed_3,6177,616.2668,2.5234137,0.3875427,1.0,0.0,17.0
exp4_fixed_3,6178,757.4175,3.038852,0.6396414,1.0,0.0,23.0
exp4_fixed_3,6179,751.3715,2.2439935,0.6462257,1.0,0.0,36.0
exp4_fixed_3,6181,778.18274,3.118928,0.6028132,1.0,0.0,23.0
exp4_fixed_3,6182,651.9894,1.8816956,0.5755607,1.0,0.0,26.0
exp4_fixed_3,6183,732.6997,2.9613442,0.5642458,1.0,0.0,23.0
exp4_fixed_3,6184,658.9763,3.547874,0.5176508,1.0,0.0,15.0
exp4_fixed_3,6185,724.6416,3.1977103,0.59582394,1.0,0.0,20.0
exp4_fixed_3,6186,730.8458,3.3594663,0.50321203,1.0,0.0,18.0
exp4_fixed_3,6187,706.9623,1.4612415,0.66039395,1.0,0.0,58.0
exp4_fixed_3,6188,718.0631,2.834354,0.5584378,1.0,0.0,23.0
exp4_fixed_3,6189,693.88525,2.9051797,0.52905023,1.0,0.0,19.0
exp4_fixed_3,6190,670.2573,3.044459,0.5729943,1.0,0.0,16.0
exp4_fixed_3,6191,720.739,2.5914514,0.54165316,1.0,0.0,25.0
exp4_fixed_3,6192,677.95575,2.7629683,0.53499836,1.0,0.0,21.0
exp4_fixed_3,6193,734.05176,3.15558,0.57415223,1.0,0.0,22.0
exp4_fixed_3,6194,766.2507,3.1602829,0.55960923,1.0,0.0,22.0
exp4_fixed_3,6195,639.39465,1.2631806,0.6096485,1.0,0.0,48.0
exp4_fixed_3,6196,679.9225,2.226619,0.5264118,1.0,0.0,23.0
exp4_fixed_3,6197,756.9765,3.654862,0.38670856,1.0,0.0,18.0
exp4_fixed_3,6198,649.16797,2.1982794,0.60001177,1.0,0.0,25.0
exp4_fixed_3,6199,657.43176,2.6656647,0.55576473,1.0,0.0,21.0
exp4_fixed_3,6201,739.89514,3.1696367,0.59660864,1.0,0.0,21.0
exp4_fixed_3,6202,511.32596,2.1246421,0.92349315,1.0,0.0,12.0
exp4_fixed_3,6203,766.1139,3.5700972,0.47025543,1.0,0.0,18.0
exp4_fixed_3,6204,628.4226,2.5567946,0.59450936,1.0,0.0,18.0
exp4_fixed_3,6205,650.63837,2.614753,0.54137367,1.0,0.0,17.0
exp4_fixed_3,6206,632.67993,2.0843008,0.65053445,1.0,0.0,22.0
exp4_fixed_3,6207,676.699,1.3759009,0.6432418,1.0,0.0,63.0
exp4_fixed_3,6208,676.5775,2.7084787,0.55682975,1.0,0.0,21.0
exp4_fixed_3,6209,708.02765,2.5321486,0.533542,1.0,0.0,24.0
exp4_fixed_3,6210,540.6455,3.0879407,0.43751827,1.0,0.0,8.0
exp4_fixed_3,6211,656.7108,2.4338908,0.66706014,1.0,0.0,20.0
exp4_fixed_3,6212,744.0561,3.1835532,0.6214164,1.0,0.0,22.0
exp4_fixed_3,6213,685.9653,3.1774201,0.37313312,1.0,0.0,20.0
exp4_fixed_3,6214,671.5021,2.7386928,0.5781399,1.0,0.0,19.0
exp4_fixed_3,6215,681.7191,2.2337046,0.5907868,1.0,0.0,33.0
exp4_fixed_3,6216,723.8629,3.0339944,0.46972704,1.0,0.0,20.0
exp4_fixed_3,6217,662.8113,2.181864,0.66387916,1.0,0.0,22.0
exp4_fixed_3,6218,709.4472,3.126727,0.6112389,1.0,0.0,19.0
exp4_fixed_3,6219,667.22845,3.4906778,0.42856553,1.0,0.0,13.0
exp4_fixed_3,6221,739.03125,3.068663,0.67074066,1.0,0.0,20.0
exp4_fixed_3,6222,715.27966,2.4283042,0.5969419,1.0,0.0,24.0
exp4_fixed_3,6223,740.1786,3.2775526,0.5295511,1.0,0.0,19.0
exp4_fixed_3,6224,653.38403,2.5685298,0.5225848,1.0,0.0,21.0
exp4_fixed_3,6225,528.17554,3.3612776,0.5217689,1.0,0.0,8.0
exp4_fixed_3,6226,750.5201,2.6114511,0.54931325,1.0,0.0,25.0
exp4_fixed_3,6227,680.95276,1.5478414,0.48705345,1.0,0.0,42.0
exp4_fixed_3,6228,-100.46526,2.9218533,0.4805553,0.0,1.0,4.0
exp4_fixed_3,6229,617.5557,3.1674693,0.5292061,1.0,0.0,14.0
exp4_fixed_3,6230,694.35974,2.9505231,0.52489316,1.0,0.0,21.0
exp4_fixed_3,6231,715.51483,3.3553023,0.51802397,1.0,0.0,19.0
exp4_fixed_3,6232,732.1736,2.8215485,0.5837082,1.0,0.0,23.0
exp4_fixed_3,6233,619.55505,2.5651717,0.6211398,1.0,0.0,20.0
exp4_fixed_3,6234,729.8456,2.7976804,0.48124424,1.0,0.0,21.0
exp4_fixed_3,6235,719.0311,2.7432375,0.47864637,1.0,0.0,24.0
exp4_fixed_3,6236,683.65,2.8336332,0.4948782,1.0,0.0,20.0
exp4_fixed_3,6237,560.7072,3.3307214,0.3712908,1.0,0.0,8.0
exp4_fixed_3,6238,610.318,3.3520975,0.56108403,1.0,0.0,11.0
exp4_fixed_3,6239,751.48303,2.696614,0.46381134,1.0,0.0,23.0
exp4_fixed_3,6241,686.0691,3.1603744,0.49126402,1.0,0.0,16.0
exp4_fixed_3,6242,649.7122,3.4831722,0.5213338,1.0,0.0,13.0
exp4_fixed_3,6243,628.45325,2.3684027,0.65695834,1.0,0.0,18.0
exp4_fixed_3,6244,647.78156,2.3350806,0.67336386,1.0,0.0,20.0
exp4_fixed_3,6245,632.31714,2.606352,0.551768,1.0,0.0,17.0
exp4_fixed_3,6246,721.89355,3.1426072,0.63295484,1.0,0.0,22.0
exp4_fixed_3,6247,722.21454,3.551142,0.52283674,1.0,0.0,16.0
exp4_fixed_3,6248,672.369,2.6181853,0.6093071,1.0,0.0,22.0
exp4_fixed_3,6249,552.52893,3.4304032,0.5790374,1.0,0.0,8.0
exp4_fixed_3,6250,655.26074,1.3929337,0.59377885,1.0,0.0,54.0
exp4_fixed_3,6251,-93.79323,3.5855982,0.28921533,0.0,1.0,3.0
exp4_fixed_3,6252,729.8687,3.0810974,0.58971584,1.0,0.0,23.0
exp4_fixed_3,6253,675.40546,2.7938707,0.55967927,1.0,0.0,18.0
exp4_fixed_3,6254,274.37747,3.8980107,0.6206345,0.0,0.0,14.0
