experiment,episode,return_total,mean_v,mean_abs_omega,success_rate,collision_rate,mean_time_travel
exp6_empty_2,1,488.82315,2.0470588,0.69725305,1.0,0.0,19.0
exp6_empty_2,2,624.88965,1.8562702,0.05411624,1.0,0.0,21.0
exp6_empty_2,3,573.6124,2.0828285,0.37451673,1.0,0.0,16.0
exp6_empty_2,4,669.37885,1.9236178,0.05587161,1.0,0.0,26.0
exp6_empty_2,5,-288.2007,0.7913362,0.033713497,0.0,1.0,20.0
exp6_empty_2,6,-256.18152,2.737198,0.09737946,0.0,1.0,7.0
exp6_empty_2,7,555.3656,1.5161686,0.25567237,1.0,0.0,24.0
exp6_empty_2,8,587.8163,1.9667807,0.04421508,1.0,0.0,21.0
exp6_empty_2,9,601.9057,1.4918733,0.037278194,1.0,0.0,24.0
exp6_empty_2,10,527.3307,1.4556429,0.40839046,1.0,0.0,31.0
exp6_empty_2,11,-364.05786,2.2131991,0.11665583,0.0,1.0,8.0
exp6_empty_2,12,-259.80414,3.6179407,0.08293233,0.0,1.0,3.0
exp6_empty_2,13,-196.45587,1.430076,0.05910375,0.0,1.0,22.0
exp6_empty_2,14,-265.08136,3.7144299,0.16703887,0.0,1.0,5.0
exp6_empty_2,15,664.5104,1.4246671,0.11995786,1.0,0.0,42.0
exp6_empty_2,16,553.198,1.0132368,0.07176812,1.0,0.0,31.0
exp6_empty_2,17,555.8903,2.1660445,0.20239232,1.0,0.0,24.0
exp6_empty_2,18,667.1102,3.4392316,0.32794404,1.0,0.0,16.0
exp6_empty_2,19,-402.30908,1.7720838,0.07233544,0.0,1.0,8.0
exp6_empty_2,21,-244.77707,4.7393675,0.14356837,0.0,1.0,3.0
exp6_empty_2,22,580.1682,1.7617197,0.17533264,1.0,0.0,25.0
exp6_empty_2,23,-123.51437,2.7222922,0.052394062,0.0,1.0,14.0
exp6_empty_2,24,728.1145,2.5904067,0.21676609,1.0,0.0,27.0
exp6_empty_2,25,-333.2987,1.4822061,0.056535956,0.0,1.0,23.0
exp6_empty_2,26,547.82904,3.117528,0.57401633,1.0,0.0,13.0
exp6_empty_2,27,-250.0278,1.8070463,0.11238376,0.0,1.0,7.0
exp6_empty_2,28,-334.99518,1.6147653,0.059947554,0.0,1.0,19.0
exp6_empty_2,29,-129.08434,1.0668519,0.046280965,0.0,1.0,35.0
exp6_empty_2,30,603.69165,1.3036828,0.053845182,1.0,0.0,29.0
exp6_empty_2,31,628.22437,3.2686994,0.5656222,1.0,0.0,14.0
exp6_empty_2,32,-420.92117,4.1013584,0.081405416,0.0,1.0,3.0
exp6_empty_2,33,-255.61957,1.2974703,0.056040276,0.0,1.0,34.0
exp6_empty_2,34,-277.8795,1.617062,0.069605604,0.0,1.0,10.0
exp6_empty_2,35,599.32855,2.5418656,0.3404362,1.0,0.0,19.0
exp6_empty_2,36,607.26697,1.5625474,0.048991986,1.0,0.0,26.0
exp6_empty_2,37,-168.52516,1.5248853,0.12609616,0.0,1.0,25.0
exp6_empty_2,38,127.374016,0.8843946,0.69038314,0.0,0.0,100.0
exp6_empty_2,39,582.94604,1.6509738,0.15483387,1.0,0.0,26.0
exp6_empty_2,41,-385.72418,2.4315908,0.085917175,0.0,1.0,6.0
exp6_empty_2,42,-174.49548,3.1585336,0.07733119,0.0,1.0,13.0
exp6_empty_2,43,663.3045,2.7432046,0.2589027,1.0,0.0,20.0
exp6_empty_2,44,-177.75005,3.9668653,0.07422463,0.0,1.0,6.0
exp6_empty_2,45,613.50934,1.690974,0.4180648,1.0,0.0,32.0
exp6_empty_2,46,-280.03662,3.1617396,0.069714904,0.0,1.0,9.0
exp6_empty_2,47,616.75726,3.149082,0.6094315,1.0,0.0,13.0
exp6_empty_2,48,560.5465,3.7319465,0.4121737,1.0,0.0,10.0
exp6_empty_2,49,-364.3027,1.2324597,0.05827846,0.0,1.0,8.0
exp6_empty_2,50,587.04724,1.5143847,0.06695678,1.0,0.0,22.0
exp6_empty_2,51,-298.23175,0.70094573,0.03470761,0.0,1.0,19.0
exp6_empty_2,52,626.3485,4.192229,0.4268485,1.0,0.0,11.0
exp6_empty_2,53,-264.00702,1.8496815,0.07278091,0.0,1.0,19.0
exp6_empty_2,54,684.1831,1.8084327,0.12358958,1.0,0.0,34.0
exp6_empty_2,55,-307.0506,2.5190423,0.20090349,0.0,1.0,12.0
exp6_empty_2,56,520.9698,1.14381,0.05706506,1.0,0.0,24.0
exp6_empty_2,57,-113.6808,1.7769247,0.06353571,0.0,1.0,24.0
exp6_empty_2,58,663.99585,2.5446916,0.22545747,1.0,0.0,20.0
exp6_empty_2,59,530.0323,1.5160667,0.31434304,1.0,0.0,28.0
exp6_empty_2,61,615.7805,3.6962323,0.31945676,1.0,0.0,10.0
exp6_empty_2,62,548.98517,0.8536637,0.052076798,1.0,0.0,47.0
exp6_empty_2,63,627.23444,2.407062,0.053637058,1.0,0.0,20.0
exp6_empty_2,64,539.819,0.93178636,0.044270188,1.0,0.0,48.0
exp6_empty_2,65,532.52747,0.7548251,0.049299024,1.0,0.0,50.0
exp6_empty_2,66,-229.43747,2.8937495,0.08522764,0.0,1.0,5.0
exp6_empty_2,67,-369.0193,3.226514,0.066891626,0.0,1.0,10.0
exp6_empty_2,68,-332.66916,1.8917935,0.043399397,0.0,1.0,16.0
exp6_empty_2,69,-204.27194,1.2454749,0.14527483,0.0,1.0,23.0
exp6_empty_2,70,-183.30933,0.9751785,0.03393549,0.0,1.0,37.0
exp6_empty_2,71,663.60266,0.991554,0.08490147,1.0,0.0,66.0
exp6_empty_2,72,-380.21136,0.6616076,0.03669254,0.0,1.0,44.0
exp6_empty_2,73,-381.00766,3.3152506,0.09329994,0.0,1.0,4.0
exp6_empty_2,74,548.25037,1.087331,0.082607485,1.0,0.0,35.0
exp6_empty_2,75,619.9131,2.60339,0.4839075,1.0,0.0,18.0
exp6_empty_2,76,-226.3358,2.460748,0.058171403,0.0,1.0,7.0
exp6_empty_2,77,626.16095,1.9128311,0.2326473,1.0,0.0,25.0
exp6_empty_2,78,-287.56015,1.5213269,0.042254765,0.0,1.0,20.0
exp6_empty_2,79,-319.71625,2.1565917,0.08374112,0.0,1.0,11.0
exp6_empty_2,81,584.39185,0.8322291,0.0840291,1.0,0.0,66.0
exp6_empty_2,82,629.75507,1.341455,0.11636652,1.0,0.0,43.0
exp6_empty_2,83,583.2704,0.94384784,0.098936714,1.0,0.0,55.0
exp6_empty_2,84,-310.93204,0.48501542,0.045200188,0.0,1.0,17.0
exp6_empty_2,85,702.39404,2.4656985,0.3372931,1.0,0.0,29.0
exp6_empty_2,86,-304.07867,2.2005587,0.054550707,0.0,1.0,12.0
exp6_empty_2,87,533.6494,0.7207298,0.074343875,1.0,0.0,57.0
exp6_empty_2,88,530.203,2.0315804,0.28874987,1.0,0.0,15.0
exp6_empty_2,89,525.0701,3.1619146,0.6505561,1.0,0.0,12.0
exp6_empty_2,90,-228.02682,0.8790309,0.04970424,0.0,1.0,34.0
exp6_empty_2,91,706.235,2.8859756,0.4640262,1.0,0.0,20.0
exp6_empty_2,92,-70.951416,2.5729766,0.19289173,0.0,1.0,21.0
exp6_empty_2,93,-565.9978,0.19317962,0.3654742,0.0,1.0,88.0
exp6_empty_2,94,610.1967,1.136614,0.3700434,1.0,0.0,44.0
exp6_empty_2,95,470.92853,0.69993097,0.052652128,1.0,0.0,33.0
exp6_empty_2,96,-355.031,0.78771955,0.04391727,0.0,1.0,38.0
exp6_empty_2,97,577.7239,1.878425,0.21440345,1.0,0.0,21.0
exp6_empty_2,98,-217.34491,2.0077813,0.0548805,0.0,1.0,13.0
exp6_empty_2,99,-403.13712,2.0459166,0.043216687,0.0,1.0,6.0
exp6_empty_2,101,-448.64774,2.1557271,0.07531244,0.0,1.0,3.0
exp6_empty_2,102,597.1012,2.3333433,0.8126068,1.0,0.0,26.0
exp6_empty_2,103,-179.87535,0.9680359,0.45501792,0.0,1.0,95.0
exp6_empty_2,104,-185.04565,0.9327848,0.028185133,0.0,1.0,30.0
exp6_empty_2,105,-405.6756,0.56959474,0.058000136,0.0,1.0,32.0
exp6_empty_2,106,658.3557,2.3841639,0.42334053,1.0,0.0,22.0
exp6_empty_2,107,443.55304,0.42201117,0.08528409,1.0,0.0,72.0
exp6_empty_2,108,-205.86627,1.7086902,0.046968292,0.0,1.0,11.0
exp6_empty_2,109,76.493355,0.4806264,0.06816659,0.0,0.0,100.0
exp6_empty_2,110,-277.36862,0.59673166,0.03624467,0.0,1.0,38.0
exp6_empty_2,111,-261.58792,3.644926,0.07602046,0.0,1.0,4.0
exp6_empty_2,112,-331.53882,0.89467067,0.09789288,0.0,1.0,35.0
exp6_empty_2,113,-365.82336,4.0753603,0.09385822,0.0,1.0,4.0
exp6_empty_2,114,544.6613,0.92727447,0.120784275,1.0,0.0,52.0
exp6_empty_2,115,-314.70764,4.300649,0.10028392,0.0,1.0,5.0
exp6_empty_2,116,-282.72638,1.2541553,0.054705642,0.0,1.0,31.0
exp6_empty_2,117,606.67944,1.8075861,0.050958395,1.0,0.0,21.0
exp6_empty_2,118,564.82245,2.4064698,0.07219437,1.0,0.0,13.0
exp6_empty_2,119,142.76978,0.5289106,0.03140864,0.0,0.0,100.0
exp6_empty_2,121,723.22656,2.063155,0.27991283,1.0,0.0,36.0
exp6_empty_2,122,603.7854,2.237909,0.41847223,1.0,0.0,19.0
exp6_empty_2,123,648.15247,3.409541,0.046700962,1.0,0.0,13.0
exp6_empty_2,124,592.0172,0.77896625,0.07286832,1.0,0.0,71.0
exp6_empty_2,125,-257.0125,2.1760015,0.050643705,0.0,1.0,13.0
exp6_empty_2,126,662.5747,4.1248684,0.5165887,1.0,0.0,11.0
exp6_empty_2,127,585.03674,1.6681923,0.2477819,1.0,0.0,22.0
exp6_empty_2,128,594.5452,1.4958093,0.15396047,1.0,0.0,28.0
exp6_empty_2,129,-267.8373,1.5133135,0.044955652,0.0,1.0,31.0
exp6_empty_2,130,-153.2794,1.1221956,0.1174577,0.0,1.0,41.0
exp6_empty_2,131,722.43695,1.6617788,0.24256088,1.0,0.0,45.0
exp6_empty_2,132,-205.09328,1.8485204,0.055845786,0.0,1.0,11.0
exp6_empty_2,133,465.5385,0.70583117,0.050645612,1.0,0.0,31.0
exp6_empty_2,134,569.0868,1.0149838,0.051002607,1.0,0.0,37.0
exp6_empty_2,135,-229.67973,2.412148,0.068616346,0.0,1.0,7.0
exp6_empty_2,136,-132.28357,1.5583284,0.16188987,0.0,1.0,29.0
exp6_empty_2,137,19.18177,0.36997786,0.030638093,0.0,0.0,100.0
exp6_empty_2,138,-532.3422,0.2020524,0.71092486,0.0,1.0,89.0
exp6_empty_2,139,-342.17947,0.9506281,0.049288474,0.0,1.0,25.0
exp6_empty_2,141,-98.793365,3.0229566,0.07430705,0.0,1.0,13.0
exp6_empty_2,142,239.97987,1.2176725,0.50644094,0.0,0.0,100.0
exp6_empty_2,143,649.63586,3.5658665,0.3391876,1.0,0.0,12.0
exp6_empty_2,144,-211.63525,3.8323822,0.059829116,0.0,1.0,5.0
exp6_empty_2,145,-370.475,1.3062562,0.055299863,0.0,1.0,12.0
exp6_empty_2,146,-158.41603,1.0026648,0.051434673,0.0,1.0,37.0
exp6_empty_2,147,-78.67679,1.386064,0.050502498,0.0,1.0,31.0
exp6_empty_2,148,16.62673,0.40517274,0.035887692,0.0,0.0,100.0
exp6_empty_2,149,-390.1836,3.9754784,0.10745484,0.0,1.0,6.0
exp6_empty_2,150,630.8737,1.7733402,0.22069336,1.0,0.0,26.0
exp6_empty_2,151,493.69327,0.5433099,0.068110555,1.0,0.0,73.0
exp6_empty_2,152,-344.40417,0.85553724,0.03140871,0.0,1.0,30.0
exp6_empty_2,153,-281.25125,0.858474,0.047991615,0.0,1.0,9.0
exp6_empty_2,154,543.3522,0.6437841,0.31299114,1.0,0.0,87.0
exp6_empty_2,155,-172.83511,2.1998417,0.048244253,0.0,1.0,11.0
exp6_empty_2,156,196.78296,0.76869667,0.20813167,0.0,0.0,100.0
exp6_empty_2,157,425.3658,0.36958417,0.3680448,1.0,0.0,87.0
exp6_empty_2,158,-385.48923,3.7158446,0.13220009,0.0,1.0,8.0
exp6_empty_2,159,-428.22806,0.50291324,0.062905274,0.0,1.0,24.0
exp6_empty_2,161,-390.4743,0.43788603,0.05609202,0.0,1.0,83.0
exp6_empty_2,162,-327.71735,3.0908132,0.09803817,0.0,1.0,8.0
exp6_empty_2,163,-349.59036,0.9283011,0.044526774,0.0,1.0,26.0
exp6_empty_2,164,584.51,1.8261998,0.31993267,1.0,0.0,28.0
exp6_empty_2,165,-293.36942,0.35721815,0.042326692,0.0,1.0,48.0
exp6_empty_2,166,597.2113,1.8765239,0.35023537,1.0,0.0,24.0
exp6_empty_2,167,-358.437,1.508214,0.060685735,0.0,1.0,4.0
exp6_empty_2,168,558.3104,1.5115298,0.04239334,1.0,0.0,22.0
exp6_empty_2,169,659.6435,1.1728675,0.032659132,1.0,0.0,42.0
exp6_empty_2,170,666.06726,2.2164536,0.29149938,1.0,0.0,22.0
exp6_empty_2,171,-384.62946,4.074468,0.23117387,0.0,1.0,4.0
exp6_empty_2,172,64.09548,0.38900706,0.030913232,0.0,0.0,100.0
exp6_empty_2,173,-100.010284,0.1753718,0.07801074,0.0,0.0,100.0
exp6_empty_2,174,-421.01788,0.38197216,0.058130134,0.0,1.0,73.0
exp6_empty_2,175,653.22485,1.2233866,0.21153788,1.0,0.0,48.0
exp6_empty_2,176,-133.3229,0.961742,0.031493846,0.0,1.0,45.0
exp6_empty_2,177,570.50287,2.4781008,0.7832495,1.0,0.0,22.0
exp6_empty_2,178,-340.2711,0.99045455,0.093677595,0.0,1.0,35.0
exp6_empty_2,179,423.97385,0.39588803,0.03996728,1.0,0.0,78.0
exp6_empty_2,181,-218.25839,1.2518351,0.06390189,0.0,1.0,20.0
exp6_empty_2,182,-318.0706,0.9949811,0.21372917,0.0,1.0,43.0
exp6_empty_2,183,504.15173,0.5789819,0.08470941,1.0,0.0,68.0
exp6_empty_2,184,128.3919,0.9155981,0.3339504,0.0,0.0,100.0
exp6_empty_2,185,-308.7354,3.623106,0.045384843,0.0,1.0,2.0
exp6_empty_2,186,542.3745,0.68039745,0.09530681,1.0,0.0,72.0
exp6_empty_2,187,-283.41635,0.63912773,0.08926942,0.0,1.0,67.0
exp6_empty_2,188,-100.5889,1.5091237,0.60530895,0.0,1.0,39.0
exp6_empty_2,189,-397.64243,0.6672811,0.04931536,0.0,1.0,24.0
exp6_empty_2,190,564.9785,1.6005812,0.41685665,1.0,0.0,24.0
exp6_empty_2,191,-475.22797,0.3037541,0.03893864,0.0,1.0,58.0
exp6_empty_2,192,-260.45218,0.47597247,0.04811915,0.0,1.0,49.0
exp6_empty_2,193,-12.06341,0.34332165,0.06514453,0.0,0.0,100.0
exp6_empty_2,194,-267.81104,1.0461584,0.04194459,0.0,1.0,35.0
exp6_empty_2,195,-374.82977,0.58419895,0.04336861,0.0,1.0,44.0
exp6_empty_2,196,-408.96573,2.7579505,0.086034276,0.0,1.0,6.0
exp6_empty_2,197,-268.9507,1.9391403,0.15407087,0.0,1.0,21.0
exp6_empty_2,198,555.5773,1.7036242,0.8865147,1.0,0.0,39.0
exp6_empty_2,199,-265.62787,0.5522285,0.0549154,0.0,1.0,31.0
exp6_empty_2,201,612.6294,1.5303725,0.27020407,1.0,0.0,29.0
exp6_empty_2,202,-345.73993,1.8765857,0.06643432,0.0,1.0,11.0
exp6_empty_2,203,502.84348,1.5125207,0.87345934,1.0,0.0,39.0
exp6_empty_2,204,173.21722,1.058568,0.3524945,0.0,0.0,100.0
exp6_empty_2,205,-351.65952,0.90279007,0.048932385,0.0,1.0,25.0
exp6_empty_2,206,714.2196,2.7317643,0.6817819,1.0,0.0,39.0
exp6_empty_2,207,530.9658,1.3913136,0.18399304,1.0,0.0,24.0
exp6_empty_2,208,61.93284,0.419944,0.2063077,0.0,0.0,100.0
exp6_empty_2,209,19.31005,0.32987106,0.03743945,0.0,0.0,100.0
exp6_empty_2,210,477.15747,3.186373,0.5789637,1.0,0.0,16.0
exp6_empty_2,211,417.2499,1.2025101,0.9634047,1.0,0.0,78.0
exp6_empty_2,212,-256.972,2.6872408,0.038914803,0.0,1.0,6.0
exp6_empty_2,213,-412.80728,2.5530682,0.04729051,0.0,1.0,4.0
exp6_empty_2,214,-184.022,3.293799,0.056861036,0.0,1.0,7.0
exp6_empty_2,215,-195.45352,2.0349572,0.08842002,0.0,1.0,13.0
exp6_empty_2,216,-186.10728,3.1621113,0.031355463,0.0,1.0,8.0
exp6_empty_2,217,588.2473,2.307391,0.27648216,1.0,0.0,18.0
exp6_empty_2,218,-280.84412,0.6184496,0.07247026,0.0,1.0,15.0
exp6_empty_2,219,-140.47778,3.7530887,0.24824916,0.0,1.0,14.0
exp6_empty_2,221,-307.0196,2.3791287,0.09325722,0.0,1.0,12.0
exp6_empty_2,222,-256.06152,4.0196285,0.07555497,0.0,1.0,5.0
exp6_empty_2,223,-282.61893,2.7190008,0.05367506,0.0,1.0,12.0
exp6_empty_2,224,-172.44829,1.3047099,0.06810955,0.0,1.0,21.0
exp6_empty_2,225,544.9166,2.6998467,0.35548764,1.0,0.0,14.0
exp6_empty_2,226,-199.94781,1.9468883,0.0564595,0.0,1.0,15.0
exp6_empty_2,227,-286.91824,2.3397968,0.06085301,0.0,1.0,6.0
exp6_empty_2,228,-323.72934,3.7665668,0.039209187,0.0,1.0,7.0
exp6_empty_2,229,-330.8746,2.1429067,0.18364261,0.0,1.0,17.0
exp6_empty_2,230,-277.2674,0.44953838,0.053152688,0.0,1.0,34.0
exp6_empty_2,231,-321.13983,0.54143465,0.037618496,0.0,1.0,40.0
exp6_empty_2,232,-252.86736,3.267807,0.054302152,0.0,1.0,11.0
exp6_empty_2,233,-263.82086,3.179557,0.05306208,0.0,1.0,3.0
exp6_empty_2,234,528.6549,0.82543594,0.10030237,1.0,0.0,55.0
exp6_empty_2,235,524.3619,1.5419723,0.18479605,1.0,0.0,24.0
exp6_empty_2,236,178.65079,0.879512,0.30311465,0.0,0.0,100.0
exp6_empty_2,237,-202.31952,4.9975543,0.15653066,0.0,1.0,7.0
exp6_empty_2,238,-380.2929,4.811232,0.1301518,0.0,1.0,6.0
exp6_empty_2,239,-339.17194,3.2738123,0.059506763,0.0,1.0,6.0
exp6_empty_2,241,-270.37518,1.4478966,0.051832937,0.0,1.0,11.0
exp6_empty_2,242,-332.81137,1.3868471,0.035822492,0.0,1.0,17.0
exp6_empty_2,243,-349.48053,0.8968396,0.03846833,0.0,1.0,28.0
exp6_empty_2,244,-278.39917,0.4031224,0.049933396,0.0,1.0,44.0
exp6_empty_2,245,513.5018,1.4812261,0.8341599,1.0,0.0,35.0
exp6_empty_2,246,-260.97974,1.7303884,0.03333209,0.0,1.0,19.0
exp6_empty_2,247,-333.5032,4.3001924,0.04066951,0.0,1.0,5.0
exp6_empty_2,248,562.29456,1.7135674,0.59406507,1.0,0.0,28.0
exp6_empty_2,249,-302.7478,1.1210079,0.18623783,0.0,1.0,35.0
exp6_empty_2,250,-216.8125,1.4797822,0.06571187,0.0,1.0,18.0
exp6_empty_2,251,-305.15796,3.2028453,0.19685014,0.0,1.0,13.0
exp6_empty_2,252,487.14743,2.7198446,0.40857553,1.0,0.0,10.0
exp6_empty_2,253,-340.5152,2.5595586,0.037495345,0.0,1.0,8.0
exp6_empty_2,254,-78.01929,3.9960442,0.17167695,0.0,1.0,13.0
exp6_empty_2,255,-236.03061,0.71023726,0.039494764,0.0,1.0,41.0
exp6_empty_2,256,-310.4925,4.99285,0.1618602,0.0,1.0,7.0
exp6_empty_2,257,-301.4623,4.989216,0.09529428,0.0,1.0,1.0
exp6_empty_2,258,496.26993,0.7043718,0.08058443,1.0,0.0,37.0
exp6_empty_2,259,-237.4103,2.9223619,0.07579179,0.0,1.0,5.0
exp6_empty_2,261,-379.8473,0.61971366,0.035561845,0.0,1.0,33.0
exp6_empty_2,262,-211.124,0.90724564,0.03383651,0.0,1.0,29.0
exp6_empty_2,263,123.280525,1.2214552,0.91000867,0.0,0.0,100.0
exp6_empty_2,264,-413.0744,3.7527409,0.034293056,0.0,1.0,4.0
exp6_empty_2,265,-292.99234,4.199561,0.05407627,0.0,1.0,9.0
exp6_empty_2,266,38.885838,0.4309498,0.058685765,0.0,0.0,100.0
exp6_empty_2,267,-405.9509,0.4797158,0.04621162,0.0,1.0,42.0
exp6_empty_2,268,-223.41507,1.9580901,0.067004085,0.0,1.0,9.0
exp6_empty_2,269,-446.3195,1.2259272,0.015726987,0.0,1.0,3.0
exp6_empty_2,270,-347.3519,0.50289774,0.04895248,0.0,1.0,39.0
exp6_empty_2,271,-201.95575,2.0008433,0.055315644,0.0,1.0,12.0
exp6_empty_2,272,76.01412,0.653547,0.17410344,0.0,0.0,100.0
exp6_empty_2,273,-202.31209,1.8958387,0.44794738,0.0,1.0,37.0
exp6_empty_2,274,-296.83878,2.691227,0.059622806,0.0,1.0,12.0
exp6_empty_2,275,-135.83807,1.3713177,0.1453256,0.0,1.0,27.0
exp6_empty_2,276,-164.53813,2.7356043,0.06791616,0.0,1.0,13.0
exp6_empty_2,277,-194.86778,0.9165442,0.043534372,0.0,1.0,31.0
exp6_empty_2,278,564.77734,0.89775705,0.18574378,1.0,0.0,56.0
exp6_empty_2,279,-369.97046,2.4771407,0.04498398,0.0,1.0,7.0
exp6_empty_2,281,688.9739,2.541722,0.6178229,1.0,0.0,24.0
exp6_empty_2,282,52.931362,0.3794684,0.035298757,0.0,0.0,100.0
exp6_empty_2,283,-26.003431,0.25149488,0.033469293,0.0,0.0,100.0
exp6_empty_2,284,16.220354,0.36399922,0.035664987,0.0,0.0,100.0
exp6_empty_2,285,614.35046,2.211691,0.22656572,1.0,0.0,19.0
exp6_empty_2,286,564.2814,0.82930124,0.14102492,1.0,0.0,74.0
exp6_empty_2,287,733.58954,1.9625653,0.6691891,1.0,0.0,61.0
exp6_empty_2,288,556.5571,1.3954339,0.5835475,1.0,0.0,55.0
exp6_empty_2,289,560.25653,1.0613899,0.21227276,1.0,0.0,40.0
exp6_empty_2,290,599.00397,1.4626061,0.27269554,1.0,0.0,36.0
exp6_empty_2,291,-228.87074,2.4573283,0.047870502,0.0,1.0,15.0
exp6_empty_2,292,-301.56128,1.6374147,0.05588127,0.0,1.0,16.0
exp6_empty_2,293,606.83984,1.5813951,0.023761272,1.0,0.0,23.0
exp6_empty_2,294,-193.57187,0.8887847,0.05908157,0.0,1.0,35.0
exp6_empty_2,295,-215.04889,3.572986,0.052778278,0.0,1.0,6.0
exp6_empty_2,296,514.1465,0.9183004,0.38889205,1.0,0.0,54.0
exp6_empty_2,297,-220.4658,2.3409128,0.0753649,0.0,1.0,9.0
exp6_empty_2,298,-326.38913,0.81859416,0.048808575,0.0,1.0,40.0
exp6_empty_2,299,-187.2038,0.9564001,0.03603029,0.0,1.0,31.0
exp6_empty_2,301,547.5416,0.6263113,0.1773823,1.0,0.0,95.0
exp6_empty_2,302,-226.78708,1.7221625,0.045681134,0.0,1.0,21.0
exp6_empty_2,303,-346.02374,3.1534927,0.057459563,0.0,1.0,6.0
exp6_empty_2,304,-349.7819,0.37610564,0.04219108,0.0,1.0,80.0
exp6_empty_2,305,-212.61285,2.3768694,0.06071727,0.0,1.0,8.0
exp6_empty_2,306,-267.85065,2.9772518,0.0438386,0.0,1.0,3.0
exp6_empty_2,307,601.3346,1.7514806,0.37002864,1.0,0.0,26.0
exp6_empty_2,308,-402.42615,0.53056264,0.08209783,0.0,1.0,41.0
exp6_empty_2,309,-424.38147,0.4046028,0.03458305,0.0,1.0,52.0
exp6_empty_2,310,-357.27286,0.94080544,0.047495864,0.0,1.0,23.0
exp6_empty_2,311,742.30524,2.497513,0.8072077,1.0,0.0,65.0
exp6_empty_2,312,-296.2426,0.6986289,0.076542184,0.0,1.0,55.0
exp6_empty_2,313,-296.48608,1.1634189,0.04405758,0.0,1.0,27.0
exp6_empty_2,314,-233.97395,2.304322,0.07840617,0.0,1.0,6.0
exp6_empty_2,315,-198.73552,1.0158721,0.11847625,0.0,1.0,43.0
exp6_empty_2,316,-390.34283,2.1409793,0.084872015,0.0,1.0,10.0
exp6_empty_2,317,549.901,0.62354916,0.03922339,1.0,0.0,87.0
exp6_empty_2,318,577.2243,2.152098,0.52653444,1.0,0.0,17.0
exp6_empty_2,319,-335.64288,0.98490375,0.105829164,0.0,1.0,33.0
exp6_empty_2,321,-413.10168,4.9288177,0.15937288,0.0,1.0,2.0
exp6_empty_2,322,-333.95648,3.39122,0.036136404,0.0,1.0,6.0
exp6_empty_2,323,540.9468,0.7369965,0.05788898,1.0,0.0,45.0
exp6_empty_2,324,508.93887,0.48714176,0.2195683,1.0,0.0,90.0
exp6_empty_2,325,-387.1776,3.9385457,0.10933989,0.0,1.0,5.0
exp6_empty_2,326,-20.364128,0.29913166,0.057690796,0.0,0.0,100.0
exp6_empty_2,327,524.22876,1.1658019,0.28373057,1.0,0.0,51.0
exp6_empty_2,328,-367.2984,2.7889655,0.056422472,0.0,1.0,8.0
exp6_empty_2,329,-175.65575,1.1161152,0.06054148,0.0,1.0,25.0
exp6_empty_2,330,-183.7703,1.3328608,0.056943838,0.0,1.0,23.0
exp6_empty_2,331,583.3415,1.1431983,0.2074735,1.0,0.0,45.0
exp6_empty_2,332,611.871,1.0000504,0.088519365,1.0,0.0,46.0
exp6_empty_2,333,-395.40576,1.362595,0.06464787,0.0,1.0,9.0
exp6_empty_2,334,-233.07542,2.0757244,0.36364165,0.0,1.0,25.0
exp6_empty_2,335,549.14453,1.5505519,0.036432263,1.0,0.0,17.0
exp6_empty_2,336,697.46277,1.2026559,0.2730961,1.0,0.0,64.0
exp6_empty_2,337,-284.25156,1.3804773,0.073974,0.0,1.0,7.0
exp6_empty_2,338,-250.78743,1.5858558,0.0623009,0.0,1.0,10.0
exp6_empty_2,339,-443.96542,1.5986832,0.041825853,0.0,1.0,4.0
exp6_empty_2,341,-252.22952,1.1348313,0.08783313,0.0,1.0,31.0
exp6_empty_2,342,-323.81955,3.6438951,0.0537077,0.0,1.0,6.0
exp6_empty_2,343,-291.48642,2.835661,0.04528139,0.0,1.0,2.0
exp6_empty_2,344,-201.124,1.1240017,0.05431378,0.0,1.0,27.0
exp6_empty_2,345,-367.27612,1.3137692,0.08326323,0.0,1.0,13.0
exp6_empty_2,346,84.87969,0.41422954,0.03880403,0.0,0.0,100.0
exp6_empty_2,347,517.9783,0.49132258,0.030305449,1.0,0.0,84.0
exp6_empty_2,348,478.6363,1.1196746,0.33340627,1.0,0.0,30.0
exp6_empty_2,349,-426.66333,0.4326555,0.055625882,0.0,1.0,36.0
exp6_empty_2,350,543.0906,0.6709375,0.07647469,1.0,0.0,58.0
exp6_empty_2,351,545.39075,1.0277793,0.04407885,1.0,0.0,29.0
exp6_empty_2,352,-198.1934,2.723636,0.03860212,0.0,1.0,7.0
exp6_empty_2,353,617.58716,3.783466,0.4275531,1.0,0.0,12.0
exp6_empty_2,354,-228.02534,1.4466996,0.05888112,0.0,1.0,11.0
exp6_empty_2,355,-261.66428,1.2519586,0.025866091,0.0,1.0,20.0
exp6_empty_2,356,-387.27814,1.4177645,0.034130737,0.0,1.0,9.0
exp6_empty_2,357,-366.48892,0.6545137,0.059867565,0.0,1.0,47.0
exp6_empty_2,358,590.79126,1.3646029,0.17213617,1.0,0.0,28.0
exp6_empty_2,359,-216.86258,1.0109707,0.0537178,0.0,1.0,29.0
exp6_empty_2,361,-194.20009,1.051245,0.06860715,0.0,1.0,32.0
exp6_empty_2,362,585.072,1.0594864,0.20127456,1.0,0.0,46.0
exp6_empty_2,363,650.48596,2.9239466,0.289327,1.0,0.0,15.0
exp6_empty_2,364,-331.31174,2.0508914,0.04908525,0.0,1.0,10.0
exp6_empty_2,365,540.2046,2.4547968,0.033624347,1.0,0.0,11.0
exp6_empty_2,366,-300.99316,1.9180665,0.044130143,0.0,1.0,2.0
exp6_empty_2,367,739.54956,3.1926727,0.4501539,1.0,0.0,21.0
exp6_empty_2,368,603.29156,0.8373282,0.15777853,1.0,0.0,72.0
exp6_empty_2,369,-385.71548,1.5741205,0.058913253,0.0,1.0,10.0
exp6_empty_2,370,519.9025,0.8635689,0.042071704,1.0,0.0,30.0
exp6_empty_2,371,-231.29208,1.5567929,0.06162169,0.0,1.0,11.0
exp6_empty_2,372,702.94507,3.678631,0.2638342,1.0,0.0,15.0
exp6_empty_2,373,-125.19728,1.4187481,0.0567259,0.0,1.0,26.0
exp6_empty_2,374,-336.15918,1.8130275,0.06734918,0.0,1.0,13.0
exp6_empty_2,375,-366.5768,1.8687896,0.05694238,0.0,1.0,8.0
exp6_empty_2,376,-358.08377,2.7338128,0.051975902,0.0,1.0,8.0
exp6_empty_2,377,-276.4007,1.5770645,0.054037165,0.0,1.0,9.0
exp6_empty_2,378,192.94052,1.4950529,0.77265006,0.0,0.0,100.0
exp6_empty_2,379,-323.1572,1.5790945,0.061529566,0.0,1.0,15.0
exp6_empty_2,381,-226.81967,0.52463955,0.070947744,0.0,1.0,78.0
exp6_empty_2,382,-369.69067,2.3703394,0.05630032,0.0,1.0,8.0
exp6_empty_2,383,-385.65247,4.0784564,0.09850192,0.0,1.0,3.0
exp6_empty_2,384,-358.03912,0.99621767,0.050192907,0.0,1.0,24.0
exp6_empty_2,385,-445.5544,1.7046051,0.049288243,0.0,1.0,3.0
exp6_empty_2,386,564.8458,2.44654,0.684097,1.0,0.0,14.0
exp6_empty_2,387,-300.5425,0.31798673,0.06648744,0.0,1.0,91.0
exp6_empty_2,388,-28.907393,0.2790519,0.21882434,0.0,0.0,100.0
exp6_empty_2,389,536.6471,2.1997228,0.6787041,1.0,0.0,15.0
exp6_empty_2,390,595.6323,1.0356821,0.18791707,1.0,0.0,55.0
exp6_empty_2,391,563.5653,2.9568624,0.5871912,1.0,0.0,10.0
exp6_empty_2,392,-285.67688,2.3040893,0.05402823,0.0,1.0,6.0
exp6_empty_2,393,-276.10352,1.3347691,0.042980514,0.0,1.0,13.0
exp6_empty_2,394,-319.97308,1.8047459,0.06837486,0.0,1.0,15.0
exp6_empty_2,395,-271.1035,0.9758957,0.06908911,0.0,1.0,11.0
exp6_empty_2,396,661.4563,3.9134605,0.211757,1.0,0.0,11.0
exp6_empty_2,397,46.550716,0.36798462,0.14201517,0.0,0.0,100.0
exp6_empty_2,398,688.1558,2.9100661,0.67013633,1.0,0.0,20.0
exp6_empty_2,399,579.52734,1.2996036,0.18951593,1.0,0.0,28.0
exp6_empty_2,401,-320.18192,1.1981088,0.036779463,0.0,1.0,23.0
exp6_empty_2,402,566.9098,0.69685745,0.037621208,1.0,0.0,59.0
exp6_empty_2,403,571.3884,1.1505805,0.27612713,1.0,0.0,36.0
exp6_empty_2,404,560.7344,1.1396325,0.2896818,1.0,0.0,36.0
exp6_empty_2,405,-278.99216,1.239213,0.09872085,0.0,1.0,27.0
exp6_empty_2,406,588.6472,0.98003316,0.19258648,1.0,0.0,53.0
exp6_empty_2,407,629.30664,2.2242563,0.052264944,1.0,0.0,17.0
exp6_empty_2,408,560.12964,1.6382875,0.03325581,1.0,0.0,17.0
exp6_empty_2,409,-191.64139,1.1274121,0.096288614,0.0,1.0,37.0
exp6_empty_2,410,550.6895,3.5225122,0.35723814,1.0,0.0,7.0
exp6_empty_2,411,-208.87451,0.5799773,0.073332444,0.0,1.0,67.0
exp6_empty_2,412,-114.2771,1.308266,0.24846914,0.0,1.0,42.0
exp6_empty_2,413,-412.76755,2.3916068,0.048735008,0.0,1.0,4.0
exp6_empty_2,414,556.1677,1.2476573,0.2916667,1.0,0.0,35.0
exp6_empty_2,415,-196.80772,0.7969507,0.085923254,0.0,1.0,46.0
exp6_empty_2,416,86.66034,0.46971768,0.052359883,0.0,0.0,100.0
exp6_empty_2,417,-299.86084,1.7964488,0.05723728,0.0,1.0,21.0
exp6_empty_2,418,-288.01443,2.471474,0.036675587,0.0,1.0,12.0
exp6_empty_2,419,492.67328,1.0740293,0.40796152,1.0,0.0,55.0
exp6_empty_2,421,-49.24539,3.8883233,0.19914533,0.0,1.0,13.0
exp6_empty_2,422,-348.4702,3.5000079,0.08356493,0.0,1.0,6.0
exp6_empty_2,423,-226.26147,1.9943322,0.06995391,0.0,1.0,14.0
exp6_empty_2,424,-230.04512,0.6265624,0.0692127,0.0,1.0,62.0
exp6_empty_2,425,599.7017,0.93487287,0.14205067,1.0,0.0,75.0
exp6_empty_2,426,-151.65863,0.874438,0.07930399,0.0,1.0,51.0
exp6_empty_2,427,95.157,0.51268667,0.053998653,0.0,0.0,100.0
exp6_empty_2,428,-208.21782,1.8903987,0.03044872,0.0,1.0,16.0
exp6_empty_2,429,-257.6584,1.5499307,0.043029852,0.0,1.0,15.0
exp6_empty_2,430,104.99353,0.4557204,0.03290225,0.0,0.0,100.0
exp6_empty_2,431,40.37664,0.41627696,0.053963393,0.0,0.0,100.0
exp6_empty_2,432,157.55017,0.89509964,0.21438237,0.0,0.0,100.0
exp6_empty_2,433,-233.73843,2.9538138,0.038802087,0.0,1.0,6.0
exp6_empty_2,434,177.72865,0.94670194,0.22689447,0.0,0.0,100.0
exp6_empty_2,435,-170.00974,2.1254556,0.12518449,0.0,1.0,13.0
exp6_empty_2,436,-318.38977,2.6315122,0.08321098,0.0,1.0,10.0
exp6_empty_2,437,604.61426,1.8586423,0.042097766,1.0,0.0,21.0
exp6_empty_2,438,-420.7848,2.066723,0.04817071,0.0,1.0,4.0
exp6_empty_2,439,556.5645,1.4320419,0.06677631,1.0,0.0,25.0
exp6_empty_2,441,605.0617,1.2463489,0.29053319,1.0,0.0,54.0
exp6_empty_2,442,506.7014,1.1295851,0.0667306,1.0,0.0,24.0
exp6_empty_2,443,-361.96213,0.68615514,0.0689943,0.0,1.0,37.0
exp6_empty_2,444,-387.0648,3.412069,0.099873856,0.0,1.0,4.0
exp6_empty_2,445,-413.61102,3.2080119,0.052104868,0.0,1.0,4.0
exp6_empty_2,446,-222.95987,1.7721007,0.034865785,0.0,1.0,10.0
exp6_empty_2,447,-289.57428,3.2297652,0.0730467,0.0,1.0,9.0
exp6_empty_2,448,627.8727,4.9558444,0.09469353,1.0,0.0,7.0
exp6_empty_2,449,-306.70578,1.4334581,0.073556304,0.0,1.0,4.0
exp6_empty_2,450,-233.6237,1.7692335,0.07123089,0.0,1.0,21.0
exp6_empty_2,451,126.84011,0.48775044,0.04789075,0.0,0.0,100.0
exp6_empty_2,452,-338.83536,1.1579747,0.04344115,0.0,1.0,20.0
exp6_empty_2,453,-205.67535,1.1906955,0.12231752,0.0,1.0,22.0
exp6_empty_2,454,-357.4068,2.463098,0.044474956,0.0,1.0,10.0
exp6_empty_2,455,632.08734,1.7256746,0.16452828,1.0,0.0,25.0
exp6_empty_2,456,-263.32224,0.42153117,0.061461296,0.0,1.0,91.0
exp6_empty_2,457,-193.06683,2.1922529,0.035557397,0.0,1.0,11.0
exp6_empty_2,458,-237.56255,1.0111985,0.119379014,0.0,1.0,16.0
exp6_empty_2,459,533.36597,0.98849714,0.0558656,1.0,0.0,30.0
exp6_empty_2,461,-381.54465,2.9357703,0.05464153,0.0,1.0,6.0
exp6_empty_2,462,456.61856,0.43966755,0.12528382,1.0,0.0,94.0
exp6_empty_2,463,-226.45256,1.3932406,0.32972512,0.0,1.0,21.0
exp6_empty_2,464,-297.98376,4.2542315,0.1259667,0.0,1.0,7.0
exp6_empty_2,465,-384.7611,3.0865898,0.08675224,0.0,1.0,4.0
exp6_empty_2,466,-305.4837,1.4481812,0.06443431,0.0,1.0,4.0
exp6_empty_2,467,-178.26006,1.4379393,0.09043343,0.0,1.0,21.0
exp6_empty_2,468,503.85367,0.9161036,0.24413715,1.0,0.0,44.0
exp6_empty_2,469,111.26507,0.483144,0.056434866,0.0,0.0,100.0
exp6_empty_2,470,-320.16235,0.90066314,0.07637782,0.0,1.0,39.0
exp6_empty_2,471,86.86622,0.44492555,0.065045856,0.0,0.0,100.0
exp6_empty_2,472,-416.2797,2.434053,0.057908643,0.0,1.0,5.0
exp6_empty_2,473,536.3949,3.073087,0.40432823,1.0,0.0,8.0
exp6_empty_2,474,546.92163,0.6300368,0.0467389,1.0,0.0,78.0
exp6_empty_2,475,-410.592,2.6113956,0.046610463,0.0,1.0,6.0
exp6_empty_2,476,-98.213974,1.1837335,0.06302629,0.0,1.0,38.0
exp6_empty_2,477,-379.62573,1.1966598,0.057803422,0.0,1.0,14.0
exp6_empty_2,478,-351.59137,2.3586793,0.040083338,0.0,1.0,9.0
exp6_empty_2,479,-300.45496,1.7457384,0.06316559,0.0,1.0,2.0
exp6_empty_2,481,-311.18042,1.7881778,0.07319897,0.0,1.0,14.0
exp6_empty_2,482,32.85338,0.39494842,0.12360376,0.0,0.0,100.0
exp6_empty_2,483,536.515,0.68187547,0.123246334,1.0,0.0,79.0
exp6_empty_2,484,640.07196,1.7127765,0.32053834,1.0,0.0,40.0
exp6_empty_2,485,-425.76715,1.8799531,0.08191893,0.0,1.0,4.0
exp6_empty_2,486,-414.2453,4.237528,0.067847036,0.0,1.0,2.0
exp6_empty_2,487,-418.5215,0.4161858,0.070302784,0.0,1.0,61.0
exp6_empty_2,488,489.13245,0.8524324,0.41937062,1.0,0.0,29.0
exp6_empty_2,489,452.1722,0.4445732,0.31443182,1.0,0.0,62.0
exp6_empty_2,490,-241.69145,2.6897893,0.17382208,0.0,1.0,13.0
exp6_empty_2,491,-371.04092,1.1851058,0.0748519,0.0,1.0,17.0
exp6_empty_2,492,474.44272,0.5545273,0.13843475,1.0,0.0,83.0
exp6_empty_2,493,621.9976,2.5388453,0.3603251,1.0,0.0,17.0
exp6_empty_2,494,-213.30856,2.0031004,0.07022469,0.0,1.0,20.0
exp6_empty_2,495,-202.725,3.9561772,0.10047789,0.0,1.0,5.0
exp6_empty_2,496,573.0991,1.1803797,0.054862045,1.0,0.0,33.0
exp6_empty_2,497,-347.3291,1.1354448,0.055349104,0.0,1.0,19.0
exp6_empty_2,498,617.47473,0.9775164,0.16004927,1.0,0.0,67.0
exp6_empty_2,499,-256.90536,1.864838,0.04712553,0.0,1.0,21.0
exp6_empty_2,501,660.31616,1.4946673,0.2563904,1.0,0.0,40.0
exp6_empty_2,502,-246.58893,4.5687523,0.23673092,0.0,1.0,8.0
exp6_empty_2,503,-249.24742,2.7792027,0.21293221,0.0,1.0,13.0
exp6_empty_2,504,71.603806,0.47586623,0.04517726,0.0,0.0,100.0
exp6_empty_2,505,661.8516,4.5386333,0.22926897,1.0,0.0,9.0
exp6_empty_2,506,-340.88495,3.6629505,0.10124483,0.0,1.0,6.0
exp6_empty_2,507,627.9665,1.2276785,0.21946116,1.0,0.0,44.0
exp6_empty_2,508,-355.09415,0.6220645,0.02740186,0.0,1.0,43.0
exp6_empty_2,509,455.9436,0.4424148,0.14322107,1.0,0.0,57.0
exp6_empty_2,510,-268.2627,0.8111845,0.038487237,0.0,1.0,28.0
exp6_empty_2,511,574.31384,0.94211036,0.18152459,1.0,0.0,54.0
exp6_empty_2,512,719.5737,2.4149098,0.5259695,1.0,0.0,34.0
exp6_empty_2,513,-215.17554,3.8841522,0.11829357,0.0,1.0,5.0
exp6_empty_2,514,534.5183,0.8208417,0.2388553,1.0,0.0,70.0
exp6_empty_2,515,459.5787,0.5933888,0.22173975,1.0,0.0,75.0
exp6_empty_2,516,-277.7485,1.2371569,0.08790855,0.0,1.0,23.0
exp6_empty_2,517,-350.53323,1.8491635,0.075555764,0.0,1.0,11.0
exp6_empty_2,518,591.959,2.3954272,0.58797926,1.0,0.0,17.0
exp6_empty_2,519,-246.05948,2.312591,0.041363373,0.0,1.0,10.0
exp6_empty_2,521,550.7717,0.6582004,0.18823873,1.0,0.0,89.0
exp6_empty_2,522,-431.67657,1.3607842,0.06880178,0.0,1.0,3.0
exp6_empty_2,523,13.844755,0.34728232,0.060924668,0.0,0.0,100.0
exp6_empty_2,524,620.0328,0.931696,0.062278513,1.0,0.0,50.0
exp6_empty_2,525,-348.36298,1.5171132,0.25879517,0.0,1.0,19.0
exp6_empty_2,526,-418.27786,1.8691218,0.05958148,0.0,1.0,5.0
exp6_empty_2,527,-329.42072,0.9312257,0.047887422,0.0,1.0,42.0
exp6_empty_2,528,-188.29738,1.4575769,0.075142175,0.0,1.0,25.0
exp6_empty_2,529,509.939,1.4631293,0.056850333,1.0,0.0,15.0
exp6_empty_2,530,603.3166,2.087394,0.371848,1.0,0.0,19.0
exp6_empty_2,531,413.49466,0.48525676,0.21455139,1.0,0.0,81.0
exp6_empty_2,532,128.87537,0.63460535,0.15563786,0.0,0.0,100.0
exp6_empty_2,533,173.24901,0.8888645,0.24524164,0.0,0.0,100.0
exp6_empty_2,534,-347.86414,0.6766935,0.19160202,0.0,1.0,54.0
exp6_empty_2,535,114.41867,0.51504487,0.055755485,0.0,0.0,100.0
exp6_empty_2,536,-322.94855,1.9282498,0.029384783,0.0,1.0,18.0
exp6_empty_2,537,553.7114,3.1863332,0.48657423,1.0,0.0,9.0
exp6_empty_2,538,-308.45764,1.1269916,0.07815086,0.0,1.0,19.0
exp6_empty_2,539,-393.01233,0.46721327,0.050098162,0.0,1.0,71.0
exp6_empty_2,541,630.48596,1.6233742,0.04684078,1.0,0.0,29.0
exp6_empty_2,542,54.706917,0.502373,0.10919861,0.0,0.0,100.0
exp6_empty_2,543,650.7099,1.9134909,0.40098017,1.0,0.0,25.0
exp6_empty_2,544,-333.27905,2.4153535,0.09493247,0.0,1.0,11.0
exp6_empty_2,545,420.88318,0.50476867,0.22618465,1.0,0.0,78.0
exp6_empty_2,546,82.82953,0.47403693,0.18655251,0.0,0.0,100.0
exp6_empty_2,547,-375.6482,0.77319425,0.1063536,0.0,1.0,24.0
exp6_empty_2,548,601.9313,3.425274,0.5503456,1.0,0.0,11.0
exp6_empty_2,549,-164.1046,1.2827042,0.12087681,0.0,1.0,22.0
exp6_empty_2,550,558.9833,1.7644337,0.039968032,1.0,0.0,16.0
exp6_empty_2,551,-341.52585,1.3149385,0.049945552,0.0,1.0,17.0
exp6_empty_2,552,-368.39435,3.1467607,0.21885219,0.0,1.0,5.0
exp6_empty_2,553,-302.28375,0.3625007,0.05564815,0.0,1.0,87.0
exp6_empty_2,554,605.3175,1.7734247,0.22933508,1.0,0.0,21.0
exp6_empty_2,555,-456.7546,0.36774448,0.13660787,0.0,1.0,84.0
exp6_empty_2,556,-234.54427,1.3750931,0.083411336,0.0,1.0,15.0
exp6_empty_2,557,531.20593,0.55524206,0.18616858,1.0,0.0,84.0
exp6_empty_2,558,-384.94086,0.70283103,0.040355604,0.0,1.0,26.0
exp6_empty_2,559,-299.05554,1.5031538,0.07893064,0.0,1.0,10.0
exp6_empty_2,561,572.39044,1.487986,0.05118326,1.0,0.0,22.0
exp6_empty_2,562,-152.64293,2.4838815,0.0796377,0.0,1.0,11.0
exp6_empty_2,563,621.5296,1.7523706,0.21350972,1.0,0.0,23.0
exp6_empty_2,564,-428.5232,1.2607287,0.053346623,0.0,1.0,5.0
exp6_empty_2,565,665.7636,2.33308,0.7296489,1.0,0.0,30.0
exp6_empty_2,566,-287.35147,1.9179381,0.031707067,0.0,1.0,13.0
exp6_empty_2,567,596.48865,0.89355546,0.16662362,1.0,0.0,68.0
exp6_empty_2,568,8.538716,0.3449518,0.047758415,0.0,0.0,100.0
exp6_empty_2,569,-382.7227,2.2771633,0.13799416,0.0,1.0,14.0
exp6_empty_2,570,1.6613905,0.40394607,0.24332038,0.0,0.0,100.0
exp6_empty_2,571,-270.18,0.65909904,0.056811154,0.0,1.0,22.0
exp6_empty_2,572,526.2118,0.9573236,0.18174651,1.0,0.0,36.0
exp6_empty_2,573,-357.4435,0.6391188,0.2544199,0.0,1.0,66.0
exp6_empty_2,574,639.06464,3.056786,0.39690182,1.0,0.0,17.0
exp6_empty_2,575,-419.91406,1.3791441,0.096661456,0.0,1.0,5.0
exp6_empty_2,576,642.5686,2.419758,0.15897235,1.0,0.0,20.0
exp6_empty_2,577,-370.9067,0.80897737,0.047587022,0.0,1.0,27.0
exp6_empty_2,578,558.13336,1.5978155,0.31815922,1.0,0.0,23.0
exp6_empty_2,579,-74.03369,0.28685904,0.17161165,0.0,0.0,100.0
exp6_empty_2,581,-294.93246,1.8647768,0.09944454,0.0,1.0,9.0
exp6_empty_2,582,-293.25027,1.5448815,0.05694644,0.0,1.0,19.0
exp6_empty_2,583,616.3007,1.1718628,0.2234213,1.0,0.0,45.0
exp6_empty_2,584,540.1605,0.7775534,0.09056455,1.0,0.0,55.0
exp6_empty_2,585,-351.31937,2.1642659,0.05449306,0.0,1.0,10.0
exp6_empty_2,586,-147.23547,1.5944159,0.30903363,0.0,1.0,23.0
exp6_empty_2,587,550.50354,1.5310794,0.22951533,1.0,0.0,21.0
exp6_empty_2,588,-260.52054,0.9058854,0.10875416,0.0,1.0,14.0
exp6_empty_2,589,654.5691,3.9123256,0.47250748,1.0,0.0,12.0
exp6_empty_2,590,704.7341,2.5028217,0.44765452,1.0,0.0,23.0
exp6_empty_2,591,704.38184,2.5811932,0.22405389,1.0,0.0,21.0
exp6_empty_2,592,614.59607,1.3162004,0.30784068,1.0,0.0,35.0
exp6_empty_2,593,-177.33313,1.6217333,0.17769092,0.0,1.0,15.0
exp6_empty_2,594,-215.78438,1.1178789,0.06929641,0.0,1.0,22.0
exp6_empty_2,595,671.5927,2.9522378,0.30525693,1.0,0.0,17.0
exp6_empty_2,596,574.1671,0.9080892,0.18983634,1.0,0.0,51.0
exp6_empty_2,597,-250.70375,0.92340106,0.06443259,0.0,1.0,14.0
exp6_empty_2,598,73.621445,0.4507878,0.0713869,0.0,0.0,100.0
exp6_empty_2,599,-220.95456,2.3807487,0.11134742,0.0,1.0,14.0
exp6_empty_2,601,572.63605,1.2123778,0.05847034,1.0,0.0,32.0
exp6_empty_2,602,-275.13266,4.0645294,0.07237704,0.0,1.0,2.0
exp6_empty_2,603,-200.39183,2.302213,0.067867644,0.0,1.0,19.0
exp6_empty_2,604,-188.19284,1.1332988,0.05368419,0.0,1.0,22.0
exp6_empty_2,605,-421.9572,1.9074986,0.10915006,0.0,1.0,4.0
exp6_empty_2,606,670.0157,1.0770735,0.12759426,1.0,0.0,53.0
exp6_empty_2,607,-315.77008,2.3495605,0.06525737,0.0,1.0,11.0
exp6_empty_2,608,-316.2559,0.9263499,0.046183575,0.0,1.0,34.0
exp6_empty_2,609,530.3721,0.95228237,0.28760305,1.0,0.0,39.0
exp6_empty_2,610,-335.81012,1.1359339,0.06353011,0.0,1.0,21.0
exp6_empty_2,611,-231.8245,1.7606052,0.13666232,0.0,1.0,14.0
exp6_empty_2,612,-128.26213,2.5263977,0.1868452,0.0,1.0,14.0
exp6_empty_2,613,524.55444,1.1047188,0.195621,1.0,0.0,27.0
exp6_empty_2,614,645.10114,0.90969825,0.2276001,1.0,0.0,73.0
exp6_empty_2,615,60.293156,0.47515893,0.1690275,0.0,0.0,100.0
exp6_empty_2,616,594.7942,1.2650645,0.37675756,1.0,0.0,34.0
exp6_empty_2,617,620.9225,2.5306776,0.32766566,1.0,0.0,16.0
exp6_empty_2,618,-347.91217,2.3770976,0.08545983,0.0,1.0,8.0
exp6_empty_2,619,542.622,2.5398707,0.5160899,1.0,0.0,10.0
exp6_empty_2,621,-342.47696,1.6051642,0.44512784,0.0,1.0,21.0
exp6_empty_2,622,-289.1618,1.6822019,0.08779428,0.0,1.0,19.0
exp6_empty_2,623,-224.69122,1.2858273,0.14043215,0.0,1.0,19.0
exp6_empty_2,624,548.5868,1.6730982,0.19423668,1.0,0.0,27.0
exp6_empty_2,625,615.87555,0.86409014,0.15755385,1.0,0.0,78.0
exp6_empty_2,626,455.1314,0.5781811,0.27461764,1.0,0.0,60.0
exp6_empty_2,627,-262.95197,2.159251,0.06068932,0.0,1.0,5.0
exp6_empty_2,628,-124.59857,1.3043187,0.28398797,0.0,1.0,35.0
exp6_empty_2,629,-53.94806,1.7257953,0.29212523,0.0,1.0,45.0
exp6_empty_2,630,-386.30554,3.092226,0.095312715,0.0,1.0,4.0
exp6_empty_2,631,640.29,1.2363997,0.07765639,1.0,0.0,37.0
exp6_empty_2,632,7.5126915,0.46188328,0.22321962,0.0,0.0,100.0
exp6_empty_2,633,-360.06506,1.4318206,0.005996411,0.0,1.0,1.0
exp6_empty_2,634,569.9664,2.4344263,0.7553523,1.0,0.0,15.0
exp6_empty_2,635,-284.1394,2.500304,0.068604514,0.0,1.0,14.0
exp6_empty_2,636,671.7309,1.9105144,0.05166425,1.0,0.0,25.0
exp6_empty_2,637,-257.77222,1.8341441,0.38877738,0.0,1.0,24.0
exp6_empty_2,638,-151.11206,2.6016245,0.256231,0.0,1.0,23.0
exp6_empty_2,639,614.45544,1.701728,0.3559907,1.0,0.0,29.0
exp6_empty_2,641,592.30304,1.3997893,0.4185358,1.0,0.0,41.0
exp6_empty_2,642,-310.4669,2.0343409,0.085631035,0.0,1.0,6.0
exp6_empty_2,643,-260.22903,1.2629604,0.25137773,0.0,1.0,33.0
exp6_empty_2,644,481.09177,0.5950637,0.18713503,1.0,0.0,97.0
exp6_empty_2,645,-401.70795,3.558873,0.12418136,0.0,1.0,3.0
exp6_empty_2,646,567.831,1.3345369,0.29493174,1.0,0.0,32.0
exp6_empty_2,647,528.1324,1.0449026,0.26220632,1.0,0.0,40.0
exp6_empty_2,648,564.07025,1.4898267,0.32261312,1.0,0.0,31.0
exp6_empty_2,649,-314.08246,2.7608278,0.1681867,0.0,1.0,10.0
exp6_empty_2,650,-6.7480917,0.3964179,0.108405955,0.0,0.0,100.0
exp6_empty_2,651,-140.76498,0.8853324,0.20427558,0.0,1.0,53.0
exp6_empty_2,652,-272.27588,1.819831,0.12607618,0.0,1.0,19.0
exp6_empty_2,653,-360.8537,0.9832703,0.117540814,0.0,1.0,21.0
exp6_empty_2,654,-286.94177,1.981565,0.07125465,0.0,1.0,15.0
exp6_empty_2,655,-308.2162,1.151851,0.21019065,0.0,1.0,3.0
exp6_empty_2,656,54.933384,0.51053625,0.17605656,0.0,0.0,100.0
exp6_empty_2,657,-331.3589,2.4241796,0.045927603,0.0,1.0,9.0
exp6_empty_2,658,-299.73767,2.8980677,0.04609138,0.0,1.0,11.0
exp6_empty_2,659,623.90625,0.87172884,0.22566901,1.0,0.0,74.0
exp6_empty_2,661,636.4452,3.3828053,0.55538225,1.0,0.0,17.0
exp6_empty_2,662,-418.56125,2.146511,0.06392893,0.0,1.0,3.0
exp6_empty_2,663,612.62415,2.2288263,0.06726722,1.0,0.0,16.0
exp6_empty_2,664,108.62599,0.94697684,0.31593174,0.0,0.0,100.0
exp6_empty_2,665,601.5117,3.4952445,0.038490877,1.0,0.0,9.0
exp6_empty_2,666,554.73724,1.8285306,0.24401274,1.0,0.0,23.0
exp6_empty_2,667,-327.0538,2.355534,0.17604241,0.0,1.0,5.0
exp6_empty_2,668,603.6942,1.9661124,0.41428882,1.0,0.0,25.0
exp6_empty_2,669,-146.12582,1.2655329,0.3126532,0.0,1.0,31.0
exp6_empty_2,670,589.1826,3.426814,0.28505197,1.0,0.0,9.0
exp6_empty_2,671,-185.21211,3.160863,0.07242754,0.0,1.0,8.0
exp6_empty_2,672,-207.38455,0.9925027,0.05199356,0.0,1.0,27.0
exp6_empty_2,673,-203.2023,1.2503674,0.07020246,0.0,1.0,21.0
exp6_empty_2,674,571.3735,1.1949598,0.10958237,1.0,0.0,38.0
exp6_empty_2,675,662.7746,2.9878616,0.17472795,1.0,0.0,16.0
exp6_empty_2,676,600.4496,1.336117,0.23432292,1.0,0.0,36.0
exp6_empty_2,677,569.31226,1.0652072,0.05995656,1.0,0.0,32.0
exp6_empty_2,678,-243.7667,1.3909335,0.03902912,0.0,1.0,27.0
exp6_empty_2,679,-266.16925,3.1133208,0.12010123,0.0,1.0,10.0
exp6_empty_2,681,606.00574,3.1911433,0.058174733,1.0,0.0,13.0
exp6_empty_2,682,610.38074,4.209242,0.2392802,1.0,0.0,10.0
exp6_empty_2,683,538.4568,1.17707,0.32924637,1.0,0.0,28.0
exp6_empty_2,684,-176.35718,2.0187078,0.36267632,0.0,1.0,29.0
exp6_empty_2,685,541.2614,1.9587872,0.48714736,1.0,0.0,23.0
exp6_empty_2,686,-347.75186,2.7881742,0.118765794,0.0,1.0,7.0
exp6_empty_2,687,-239.94843,3.681693,0.11505388,0.0,1.0,4.0
exp6_empty_2,688,668.8042,2.3333957,0.078421436,1.0,0.0,19.0
exp6_empty_2,689,-223.94513,2.1373334,0.10762929,0.0,1.0,9.0
exp6_empty_2,690,615.36523,2.3533092,0.052145023,1.0,0.0,15.0
exp6_empty_2,691,68.53877,0.50450146,0.17995417,0.0,0.0,100.0
exp6_empty_2,692,-310.14984,2.9926498,0.091396,0.0,1.0,8.0
exp6_empty_2,693,-252.79987,2.0004203,0.07745238,0.0,1.0,7.0
exp6_empty_2,694,-274.72876,1.8746977,0.1092948,0.0,1.0,19.0
exp6_empty_2,695,-271.26987,1.886206,0.084898904,0.0,1.0,8.0
exp6_empty_2,696,-379.72177,1.7180241,0.046034116,0.0,1.0,3.0
exp6_empty_2,697,530.76794,2.407947,0.06678273,1.0,0.0,9.0
exp6_empty_2,698,-257.66562,3.3980958,0.05563831,0.0,1.0,6.0
exp6_empty_2,699,425.22647,0.44093272,0.1740976,1.0,0.0,61.0
exp6_empty_2,701,-200.14462,2.3218567,0.117847994,0.0,1.0,11.0
exp6_empty_2,702,-348.42776,1.063702,0.057621744,0.0,1.0,23.0
exp6_empty_2,703,552.5459,0.8761551,0.34913436,1.0,0.0,69.0
exp6_empty_2,704,-157.34819,2.320836,0.0476893,0.0,1.0,12.0
exp6_empty_2,705,527.2201,1.3451223,0.08481509,1.0,0.0,23.0
exp6_empty_2,706,620.59644,2.8881783,0.47584552,1.0,0.0,15.0
exp6_empty_2,707,706.27637,1.836109,0.27855483,1.0,0.0,33.0
exp6_empty_2,708,671.15283,1.1749465,0.19512251,1.0,0.0,55.0
exp6_empty_2,709,551.60547,2.313844,0.6088281,1.0,0.0,16.0
exp6_empty_2,710,11.096495,0.44480094,0.16987209,0.0,0.0,100.0
exp6_empty_2,711,-141.1723,1.7257558,0.37143528,0.0,1.0,22.0
exp6_empty_2,712,-175.29503,3.024319,0.12044308,0.0,1.0,11.0
exp6_empty_2,713,664.20935,1.3961495,0.2706673,1.0,0.0,42.0
exp6_empty_2,714,8.677039,0.3384398,0.05536846,0.0,0.0,100.0
exp6_empty_2,715,-292.81796,2.2189682,0.09103995,0.0,1.0,6.0
exp6_empty_2,716,-352.16284,0.5427549,0.18156923,0.0,1.0,89.0
exp6_empty_2,717,-324.55777,0.8385336,0.0546672,0.0,1.0,21.0
exp6_empty_2,718,106.63593,0.53733766,0.16596006,0.0,0.0,100.0
exp6_empty_2,719,-254.14886,2.21395,0.15339696,0.0,1.0,5.0
exp6_empty_2,721,-369.28702,2.5898743,0.05609609,0.0,1.0,8.0
exp6_empty_2,722,-86.66699,1.6764284,0.31652614,0.0,1.0,30.0
exp6_empty_2,723,-165.12929,2.173078,0.049616843,0.0,1.0,12.0
exp6_empty_2,724,-154.65552,1.7346771,0.21871674,0.0,1.0,28.0
exp6_empty_2,725,76.66039,0.54712796,0.22799787,0.0,0.0,100.0
exp6_empty_2,726,-182.35252,3.561499,0.20887557,0.0,1.0,7.0
exp6_empty_2,727,589.76495,1.0247428,0.08373459,1.0,0.0,50.0
exp6_empty_2,728,-144.61725,3.3917198,0.114214435,0.0,1.0,10.0
exp6_empty_2,729,-388.65192,3.1863585,0.19276956,0.0,1.0,4.0
exp6_empty_2,730,-350.63272,1.3491168,0.080332205,0.0,1.0,19.0
exp6_empty_2,731,-301.9891,1.8414854,0.12568082,0.0,1.0,6.0
exp6_empty_2,732,580.23505,0.6815873,0.07762521,1.0,0.0,75.0
exp6_empty_2,733,584.6893,0.95088136,0.24578671,1.0,0.0,44.0
exp6_empty_2,734,-82.87938,0.26232928,0.25417557,0.0,0.0,100.0
exp6_empty_2,735,625.6738,1.8540483,0.11858006,1.0,0.0,22.0
exp6_empty_2,736,626.33923,3.459372,0.07369601,1.0,0.0,11.0
exp6_empty_2,737,558.38403,4.2311087,0.3719254,1.0,0.0,7.0
exp6_empty_2,738,-350.92303,1.6784455,0.063304365,0.0,1.0,9.0
exp6_empty_2,739,-245.90001,3.768396,0.22861163,0.0,1.0,4.0
exp6_empty_2,741,-368.16254,1.7786027,0.08102794,0.0,1.0,13.0
exp6_empty_2,742,-262.19324,2.288385,0.12133414,0.0,1.0,14.0
exp6_empty_2,743,581.42523,2.612574,0.15387087,1.0,0.0,12.0
exp6_empty_2,744,558.7842,1.0884031,0.4419278,1.0,0.0,60.0
exp6_empty_2,745,-77.67868,1.7411048,0.3394959,0.0,1.0,34.0
exp6_empty_2,746,530.5511,1.2275517,0.31436825,1.0,0.0,31.0
exp6_empty_2,747,-162.4017,1.6041344,0.12913729,0.0,1.0,23.0
exp6_empty_2,748,611.792,1.0892781,0.15387228,1.0,0.0,44.0
exp6_empty_2,749,527.62036,0.89789706,0.22974226,1.0,0.0,46.0
exp6_empty_2,750,-153.51993,2.7503037,0.25851798,0.0,1.0,20.0
exp6_empty_2,751,614.9419,2.16198,0.0969181,1.0,0.0,18.0
exp6_empty_2,752,-338.72473,3.397642,0.06932273,0.0,1.0,6.0
exp6_empty_2,753,598.12213,1.9995207,0.091117054,1.0,0.0,17.0
exp6_empty_2,754,-298.3876,1.9371845,0.044511322,0.0,1.0,3.0
exp6_empty_2,755,643.1624,1.2774978,0.35040113,1.0,0.0,52.0
exp6_empty_2,756,590.3782,1.0674528,0.310465,1.0,0.0,53.0
exp6_empty_2,757,-280.8509,3.234487,0.12053721,0.0,1.0,10.0
exp6_empty_2,758,482.91138,3.1264079,0.54575235,1.0,0.0,12.0
exp6_empty_2,759,-195.14037,2.488678,0.104923435,0.0,1.0,11.0
exp6_empty_2,761,664.6407,2.9614558,0.27453697,1.0,0.0,15.0
exp6_empty_2,762,-348.78024,3.4740913,0.10475516,0.0,1.0,6.0
exp6_empty_2,763,-382.91336,3.5606613,0.20369405,0.0,1.0,4.0
exp6_empty_2,764,-379.87347,3.712105,0.24910206,0.0,1.0,3.0
exp6_empty_2,765,-340.85272,1.8837914,0.07755689,0.0,1.0,11.0
exp6_empty_2,766,542.0353,3.0252576,0.5767146,1.0,0.0,13.0
exp6_empty_2,767,-87.11482,3.3560777,0.084564395,0.0,1.0,11.0
exp6_empty_2,768,559.5491,1.9664624,0.453464,1.0,0.0,19.0
exp6_empty_2,769,492.01242,1.7001,0.51527154,1.0,0.0,20.0
exp6_empty_2,770,663.7845,1.4545738,0.07280284,1.0,0.0,35.0
exp6_empty_2,771,611.9871,1.6270561,0.32951915,1.0,0.0,30.0
exp6_empty_2,772,-136.20453,3.2761185,0.19612972,0.0,1.0,17.0
exp6_empty_2,773,573.7814,4.8912883,0.25981414,1.0,0.0,10.0
exp6_empty_2,774,-412.63803,4.9476895,0.20882411,0.0,1.0,2.0
exp6_empty_2,775,581.0119,2.911527,0.21799071,1.0,0.0,13.0
exp6_empty_2,776,638.8116,1.0642593,0.24540536,1.0,0.0,69.0
exp6_empty_2,777,-176.39034,3.843838,0.119213,0.0,1.0,7.0
exp6_empty_2,778,526.1274,1.850691,0.40895978,1.0,0.0,25.0
exp6_empty_2,779,631.51245,2.3556602,0.1561298,1.0,0.0,21.0
exp6_empty_2,781,628.54156,2.571466,0.4011311,1.0,0.0,23.0
exp6_empty_2,782,667.6764,1.7933166,0.3452439,1.0,0.0,35.0
exp6_empty_2,783,594.1886,1.6679311,0.3427399,1.0,0.0,30.0
exp6_empty_2,784,-300.45325,2.4217727,0.0723292,0.0,1.0,5.0
exp6_empty_2,785,546.3248,1.2212986,0.28347588,1.0,0.0,31.0
exp6_empty_2,786,-351.07965,4.3093534,0.15614764,0.0,1.0,6.0
exp6_empty_2,787,-321.4788,2.6138487,0.096273035,0.0,1.0,9.0
exp6_empty_2,788,-268.30228,1.7981014,0.08797659,0.0,1.0,7.0
exp6_empty_2,789,632.11395,2.8145034,0.25761953,1.0,0.0,15.0
exp6_empty_2,790,-290.15707,3.0018656,0.09959155,0.0,1.0,10.0
exp6_empty_2,791,597.8225,2.8306305,0.16202323,1.0,0.0,12.0
exp6_empty_2,792,564.9244,1.659891,0.66585547,1.0,0.0,24.0
exp6_empty_2,793,595.6787,1.0468725,0.10007934,1.0,0.0,45.0
exp6_empty_2,794,545.8298,2.901836,0.6413423,1.0,0.0,14.0
exp6_empty_2,795,506.99573,1.8647102,0.41443184,1.0,0.0,25.0
exp6_empty_2,796,674.19446,3.3665662,0.20789702,1.0,0.0,15.0
exp6_empty_2,797,-215.18393,2.8704424,0.115918756,0.0,1.0,6.0
exp6_empty_2,798,577.39325,0.8866435,0.2089174,1.0,0.0,72.0
exp6_empty_2,799,643.4902,0.98878753,0.047782056,1.0,0.0,52.0
exp6_empty_2,801,658.7626,4.670938,0.3538349,1.0,0.0,10.0
exp6_empty_2,802,577.69666,2.2720404,0.44942144,1.0,0.0,22.0
exp6_empty_2,803,554.21533,1.502958,0.45979187,1.0,0.0,41.0
exp6_empty_2,804,-209.54175,2.0191574,0.31949508,0.0,1.0,33.0
exp6_empty_2,805,592.4309,3.09898,0.19903204,1.0,0.0,10.0
exp6_empty_2,806,637.53284,1.9841684,0.30833185,1.0,0.0,35.0
exp6_empty_2,807,668.90936,2.263999,0.2839034,1.0,0.0,22.0
exp6_empty_2,808,-205.88797,1.4230255,0.20978601,0.0,1.0,24.0
exp6_empty_2,809,566.0524,2.3329084,0.17604105,1.0,0.0,12.0
exp6_empty_2,810,587.62164,1.0510557,0.11163048,1.0,0.0,41.0
exp6_empty_2,811,-303.87152,2.4125865,0.05604421,0.0,1.0,12.0
exp6_empty_2,812,629.0979,2.783953,0.24299815,1.0,0.0,18.0
exp6_empty_2,813,-340.2917,2.5089421,0.08266698,0.0,1.0,8.0
exp6_empty_2,814,-402.0266,2.219154,0.079458416,0.0,1.0,5.0
exp6_empty_2,815,484.24182,0.8969039,0.7506286,1.0,0.0,33.0
exp6_empty_2,816,-164.2489,2.636972,0.05722836,0.0,1.0,11.0
exp6_empty_2,817,621.64844,4.4169965,0.33627725,1.0,0.0,10.0
exp6_empty_2,818,640.6908,1.5061153,0.2938229,1.0,0.0,38.0
exp6_empty_2,819,-262.6772,2.3829513,0.04882803,0.0,1.0,5.0
exp6_empty_2,821,-89.95586,4.473878,0.2653356,0.0,1.0,10.0
exp6_empty_2,822,-377.8305,1.2197127,0.6834566,0.0,1.0,100.0
exp6_empty_2,823,-407.4293,2.729941,0.07393105,0.0,1.0,4.0
exp6_empty_2,824,120.761284,0.96613073,0.62009925,0.0,0.0,100.0
exp6_empty_2,825,724.65204,3.0578058,0.117345855,1.0,0.0,17.0
exp6_empty_2,826,-152.81612,4.30355,0.295431,0.0,1.0,7.0
exp6_empty_2,827,-143.94775,1.8978513,0.072438754,0.0,1.0,17.0
exp6_empty_2,828,595.8385,3.717056,0.14040539,1.0,0.0,11.0
exp6_empty_2,829,-279.51987,4.9660077,0.3671667,0.0,1.0,2.0
exp6_empty_2,830,536.4268,1.919509,0.42536965,1.0,0.0,27.0
exp6_empty_2,831,-328.33694,3.008459,0.07227146,0.0,1.0,7.0
exp6_empty_2,832,618.94543,1.687068,0.3316714,1.0,0.0,35.0
exp6_empty_2,833,-172.85155,3.5416706,0.11965066,0.0,1.0,8.0
exp6_empty_2,834,673.3424,4.4255195,0.29788607,1.0,0.0,11.0
exp6_empty_2,835,685.63684,2.273421,0.13211782,1.0,0.0,24.0
exp6_empty_2,836,82.91824,0.4682749,0.16912699,0.0,0.0,100.0
exp6_empty_2,837,19.121725,0.46333343,0.75399643,0.0,0.0,100.0
exp6_empty_2,838,580.97266,2.32402,0.45078808,1.0,0.0,21.0
exp6_empty_2,839,671.4615,1.0182444,0.081702806,1.0,0.0,57.0
exp6_empty_2,841,511.29242,2.2573044,0.69274056,1.0,0.0,15.0
exp6_empty_2,842,-294.08447,1.493212,0.4312814,0.0,1.0,38.0
exp6_empty_2,843,-189.61295,3.1153955,0.10664191,0.0,1.0,9.0
exp6_empty_2,844,559.6141,1.8652245,0.59721094,1.0,0.0,30.0
exp6_empty_2,845,639.99036,0.9121593,0.2507633,1.0,0.0,65.0
exp6_empty_2,846,643.99475,1.7906952,0.5536875,1.0,0.0,54.0
exp6_empty_2,847,574.5614,2.1154654,0.48437005,1.0,0.0,23.0
exp6_empty_2,848,-321.1833,3.7133665,0.09347274,0.0,1.0,6.0
exp6_empty_2,849,694.3786,3.352489,0.17893235,1.0,0.0,14.0
exp6_empty_2,850,611.8268,1.5980647,0.32121572,1.0,0.0,29.0
exp6_empty_2,851,598.7041,4.2251396,0.056917585,1.0,0.0,8.0
exp6_empty_2,852,705.17535,2.3439655,0.16645607,1.0,0.0,22.0
exp6_empty_2,853,604.3155,1.7099211,0.46889937,1.0,0.0,35.0
exp6_empty_2,854,-245.91232,3.822229,0.09054596,0.0,1.0,4.0
exp6_empty_2,855,-305.4838,2.7386045,0.3741897,0.0,1.0,1.0
exp6_empty_2,856,589.9402,4.953903,0.34185144,1.0,0.0,7.0
exp6_empty_2,857,676.9951,2.227215,0.38839749,1.0,0.0,29.0
exp6_empty_2,858,640.5641,1.9987106,0.1088374,1.0,0.0,24.0
exp6_empty_2,859,515.1782,0.67953134,0.17505373,1.0,0.0,82.0
exp6_empty_2,861,-181.31813,3.8456647,0.12353895,0.0,1.0,6.0
exp6_empty_2,862,-166.58806,2.8183553,0.34783977,0.0,1.0,14.0
exp6_empty_2,863,646.26624,3.3723233,0.12523907,1.0,0.0,13.0
exp6_empty_2,864,-310.15176,3.9130807,0.082779594,0.0,1.0,1.0
exp6_empty_2,865,-248.03767,1.5244519,0.037177783,0.0,1.0,24.0
exp6_empty_2,866,638.7851,2.2694073,0.60173583,1.0,0.0,27.0
exp6_empty_2,867,-318.11493,1.1521337,0.5096976,0.0,1.0,62.0
exp6_empty_2,868,488.61798,0.9763805,0.59413654,1.0,0.0,93.0
exp6_empty_2,869,21.08834,0.5484105,0.7613727,0.0,0.0,100.0
exp6_empty_2,870,-446.07187,2.9016254,0.13564508,0.0,1.0,2.0
exp6_empty_2,871,708.8983,2.0484478,0.31640643,1.0,0.0,31.0
exp6_empty_2,872,-417.81027,3.5825438,0.1314531,0.0,1.0,4.0
exp6_empty_2,873,576.1218,1.8345598,0.55415696,1.0,0.0,30.0
exp6_empty_2,874,560.17523,1.5727307,0.31358647,1.0,0.0,21.0
exp6_empty_2,875,579.31647,2.0524025,0.5910777,1.0,0.0,27.0
exp6_empty_2,876,-146.01271,3.73929,0.28728172,0.0,1.0,8.0
exp6_empty_2,877,-205.4364,1.2953821,0.22714505,0.0,1.0,30.0
exp6_empty_2,878,702.5389,4.590078,0.19136709,1.0,0.0,12.0
exp6_empty_2,879,658.6487,2.0746133,0.5065297,1.0,0.0,32.0
exp6_empty_2,881,542.548,3.6853583,0.07801907,1.0,0.0,6.0
exp6_empty_2,882,-280.3499,4.6643567,0.29489848,0.0,1.0,7.0
exp6_empty_2,883,539.15826,1.9520998,0.25373054,1.0,0.0,19.0
exp6_empty_2,884,-130.44353,3.4488256,0.106376626,0.0,1.0,11.0
exp6_empty_2,885,-203.59047,2.4457479,0.59888494,0.0,1.0,29.0
exp6_empty_2,886,-230.54054,4.1772165,0.14071134,0.0,1.0,5.0
exp6_empty_2,887,591.681,1.1510328,0.2721236,1.0,0.0,48.0
exp6_empty_2,888,670.4385,3.1536376,0.43753558,1.0,0.0,19.0
exp6_empty_2,889,698.0034,3.908085,0.4692822,1.0,0.0,13.0
exp6_empty_2,890,-263.22607,4.207902,0.11150977,0.0,1.0,4.0
exp6_empty_2,891,-231.43692,2.6169226,0.5311902,0.0,1.0,24.0
exp6_empty_2,892,640.86194,1.488008,0.6426825,1.0,0.0,100.0
exp6_empty_2,893,566.9868,1.4295565,0.27716368,1.0,0.0,29.0
exp6_empty_2,894,514.5228,1.7605428,0.39805248,1.0,0.0,28.0
exp6_empty_2,895,-335.61313,2.3310418,0.2723605,0.0,1.0,2.0
exp6_empty_2,896,-363.8349,4.1932774,0.1648251,0.0,1.0,4.0
exp6_empty_2,897,-346.71375,4.4531126,0.3335922,0.0,1.0,6.0
exp6_empty_2,898,-186.676,4.314721,0.11598066,0.0,1.0,5.0
exp6_empty_2,899,-162.03925,3.6044269,0.08472406,0.0,1.0,9.0
exp6_empty_2,901,597.5564,2.1261716,0.25135922,1.0,0.0,20.0
exp6_empty_2,902,551.92,2.764313,0.55932844,1.0,0.0,17.0
exp6_empty_2,903,122.89952,0.6015897,0.17219523,0.0,0.0,100.0
exp6_empty_2,904,579.378,3.0154514,0.590229,1.0,0.0,10.0
exp6_empty_2,905,588.3509,1.9038944,0.69253427,1.0,0.0,45.0
exp6_empty_2,906,-326.13467,2.6024253,0.20633127,0.0,1.0,2.0
exp6_empty_2,907,619.567,1.4936743,0.3144657,1.0,0.0,56.0
exp6_empty_2,908,-145.1644,4.735308,0.13420455,0.0,1.0,7.0
exp6_empty_2,909,-203.38354,3.77933,0.077331014,0.0,1.0,6.0
exp6_empty_2,910,689.569,3.184258,0.58951485,1.0,0.0,21.0
exp6_empty_2,911,704.18835,1.8550727,0.5459316,1.0,0.0,44.0
exp6_empty_2,912,-182.85466,3.8346505,0.36255828,0.0,1.0,10.0
exp6_empty_2,913,617.5432,2.4108326,0.7182277,1.0,0.0,25.0
exp6_empty_2,914,-116.65732,3.137906,0.5816808,0.0,1.0,17.0
exp6_empty_2,915,519.3229,0.92488897,0.30901337,1.0,0.0,65.0
exp6_empty_2,916,-280.44653,4.247941,0.06901977,0.0,1.0,8.0
exp6_empty_2,917,599.79755,2.0866778,0.8055662,1.0,0.0,28.0
exp6_empty_2,918,-293.77936,3.9336514,0.067080095,0.0,1.0,7.0
exp6_empty_2,919,570.15796,2.0120955,0.33216465,1.0,0.0,18.0
exp6_empty_2,921,-174.57828,2.6888344,0.62655777,0.0,1.0,15.0
exp6_empty_2,922,551.8407,1.7355194,0.8492394,1.0,0.0,98.0
exp6_empty_2,923,-304.48535,3.3398013,0.36234182,0.0,1.0,13.0
exp6_empty_2,924,-325.09048,3.2063506,0.27981788,0.0,1.0,17.0
exp6_empty_2,925,576.6129,2.5673122,0.30703986,1.0,0.0,17.0
exp6_empty_2,926,-222.42834,2.8328357,0.5571423,0.0,1.0,29.0
exp6_empty_2,927,-171.31436,4.288833,0.2106164,0.0,1.0,6.0
exp6_empty_2,928,577.8082,3.0736368,0.6991824,1.0,0.0,17.0
exp6_empty_2,929,579.75964,2.3952694,0.7110038,1.0,0.0,33.0
exp6_empty_2,930,65.18708,0.69002914,0.14545192,0.0,0.0,100.0
exp6_empty_2,931,627.3095,2.4018862,0.4807668,1.0,0.0,30.0
exp6_empty_2,932,-147.16885,4.913083,0.2569118,0.0,1.0,7.0
exp6_empty_2,933,-285.09448,3.9473357,0.13915533,0.0,1.0,8.0
exp6_empty_2,934,-232.0531,4.0117664,0.062063828,0.0,1.0,6.0
exp6_empty_2,935,481.44354,0.6633693,0.18451267,1.0,0.0,70.0
exp6_empty_2,936,-293.89075,4.833561,0.18558024,0.0,1.0,6.0
exp6_empty_2,937,594.6109,1.0359529,0.17723943,1.0,0.0,58.0
exp6_empty_2,938,607.94135,1.3208277,0.11601446,1.0,0.0,32.0
exp6_empty_2,939,612.61993,2.0115867,0.100255705,1.0,0.0,20.0
exp6_empty_2,941,692.443,2.6331856,0.40242416,1.0,0.0,30.0
exp6_empty_2,942,-339.89447,3.6113446,0.06384388,0.0,1.0,6.0
exp6_empty_2,943,-231.9297,3.2047849,0.6034103,0.0,1.0,18.0
exp6_empty_2,944,575.61804,1.0432795,0.19392289,1.0,0.0,63.0
exp6_empty_2,945,621.15234,1.7593386,0.1421276,1.0,0.0,26.0
exp6_empty_2,946,-133.87674,4.1588387,0.12696496,0.0,1.0,10.0
exp6_empty_2,947,642.1257,2.466666,0.8367228,1.0,0.0,56.0
exp6_empty_2,948,-349.39014,4.110677,0.18541554,0.0,1.0,7.0
exp6_empty_2,949,622.8866,2.7433226,0.3996241,1.0,0.0,19.0
exp6_empty_2,950,651.61304,2.850131,0.5671364,1.0,0.0,32.0
exp6_empty_2,951,674.5477,3.4594293,0.3161593,1.0,0.0,15.0
exp6_empty_2,952,-212.4906,2.071545,0.8515451,0.0,1.0,71.0
exp6_empty_2,953,626.03784,4.201915,0.12638105,1.0,0.0,10.0
exp6_empty_2,954,592.2335,4.2798114,0.12067573,1.0,0.0,7.0
exp6_empty_2,955,602.4805,1.3909602,0.22311728,1.0,0.0,30.0
exp6_empty_2,956,-336.1421,3.903136,0.12364824,0.0,1.0,5.0
exp6_empty_2,957,-122.56114,2.7855911,0.6508206,0.0,1.0,24.0
exp6_empty_2,958,603.5126,2.6494691,0.43999612,1.0,0.0,21.0
exp6_empty_2,959,-39.648895,3.0219162,0.84906226,0.0,1.0,63.0
exp6_empty_2,961,676.57385,3.0084918,0.5461747,1.0,0.0,24.0
exp6_empty_2,962,-345.23883,3.6732154,0.110588655,0.0,1.0,5.0
exp6_empty_2,963,-197.4034,2.8657842,0.7590125,0.0,1.0,33.0
exp6_empty_2,964,659.75836,2.0138898,0.61457527,1.0,0.0,77.0
exp6_empty_2,965,691.8281,1.7677851,0.45956287,1.0,0.0,56.0
exp6_empty_2,966,693.7879,2.5279217,0.7344235,1.0,0.0,45.0
exp6_empty_2,967,657.64276,2.4197264,0.42389643,1.0,0.0,24.0
exp6_empty_2,968,656.397,2.6438842,0.40837,1.0,0.0,25.0
exp6_empty_2,969,749.69104,2.4837425,0.41912365,1.0,0.0,28.0
exp6_empty_2,970,-205.89862,3.5923717,0.1128395,0.0,1.0,13.0
exp6_empty_2,971,631.12244,2.145053,0.5770239,1.0,0.0,44.0
exp6_empty_2,972,-354.3178,4.056305,0.115112126,0.0,1.0,4.0
exp6_empty_2,973,-245.7598,3.3100433,0.66131413,0.0,1.0,17.0
exp6_empty_2,974,-298.29102,1.6517631,0.35928062,0.0,1.0,52.0
exp6_empty_2,975,624.2114,2.5047429,0.7262491,1.0,0.0,45.0
exp6_empty_2,976,-100.32861,1.7088839,0.47144535,0.0,1.0,36.0
exp6_empty_2,977,619.9957,1.3635584,0.29334146,1.0,0.0,41.0
exp6_empty_2,978,659.9051,3.1009798,0.36382028,1.0,0.0,15.0
exp6_empty_2,979,-76.64487,2.5246487,0.7620702,0.0,1.0,63.0
exp6_empty_2,981,605.45703,2.8131342,0.27329394,1.0,0.0,18.0
exp6_empty_2,982,-76.03752,2.7115533,0.7928273,0.0,1.0,42.0
exp6_empty_2,983,-211.78098,4.0215197,0.11404661,0.0,1.0,5.0
exp6_empty_2,984,714.3302,3.3764231,0.10281549,1.0,0.0,15.0
exp6_empty_2,985,663.60443,3.0188904,0.5348725,1.0,0.0,22.0
exp6_empty_2,986,595.0203,1.194909,0.24237213,1.0,0.0,44.0
exp6_empty_2,987,622.8609,2.996499,0.36201286,1.0,0.0,13.0
exp6_empty_2,988,790.2395,2.4959803,0.79550725,1.0,0.0,87.0
exp6_empty_2,989,-283.71414,3.8824358,0.05141863,0.0,1.0,8.0
exp6_empty_2,990,-49.026093,3.508957,0.34322426,0.0,1.0,17.0
exp6_empty_2,991,678.1159,4.1854763,0.113977574,1.0,0.0,11.0
exp6_empty_2,992,649.078,2.227252,0.6313659,1.0,0.0,46.0
exp6_empty_2,993,-115.88551,2.5160239,0.74835026,0.0,1.0,47.0
exp6_empty_2,994,604.205,2.589425,0.5187887,1.0,0.0,18.0
exp6_empty_2,995,-283.6269,3.123141,0.38261688,0.0,1.0,15.0
exp6_empty_2,996,503.8698,0.76252145,0.30654582,1.0,0.0,40.0
exp6_empty_2,997,551.8313,2.1101968,0.5880621,1.0,0.0,18.0
exp6_empty_2,998,-222.09464,2.7174652,0.4281219,0.0,1.0,12.0
exp6_empty_2,999,581.3227,2.3024445,0.4752305,1.0,0.0,22.0
exp6_empty_2,1001,707.09717,2.8065186,0.4885903,1.0,0.0,26.0
exp6_empty_2,1002,-264.17493,2.9964988,0.11536851,0.0,1.0,3.0
exp6_empty_2,1003,-336.71277,4.117132,0.071871325,0.0,1.0,5.0
exp6_empty_2,1004,-384.57104,3.1195784,0.24800515,0.0,1.0,6.0
exp6_empty_2,1005,-408.53265,3.2670314,0.0982221,0.0,1.0,3.0
exp6_empty_2,1006,657.9398,4.953993,0.5979374,1.0,0.0,11.0
exp6_empty_2,1007,635.5242,1.4654304,0.106321186,1.0,0.0,29.0
exp6_empty_2,1008,548.48224,1.42347,0.52127945,1.0,0.0,49.0
exp6_empty_2,1009,548.018,1.4035355,0.61432666,1.0,0.0,75.0
exp6_empty_2,1010,-92.443085,2.92056,0.86029005,0.0,1.0,34.0
exp6_empty_2,1011,573.63824,3.174805,0.8046782,1.0,0.0,15.0
exp6_empty_2,1012,117.68291,0.5385006,0.17537981,0.0,0.0,100.0
exp6_empty_2,1013,-294.1797,3.9664447,0.076032065,0.0,1.0,7.0
exp6_empty_2,1014,-219.10828,4.169665,0.04750172,0.0,1.0,5.0
exp6_empty_2,1015,-206.38817,2.8548722,0.63727283,0.0,1.0,25.0
exp6_empty_2,1016,-361.32205,3.9315937,0.09189905,0.0,1.0,5.0
exp6_empty_2,1017,564.9335,2.0790017,0.73661166,1.0,0.0,39.0
exp6_empty_2,1018,309.95676,2.0795608,0.7694408,0.0,0.0,100.0
exp6_empty_2,1019,694.3429,2.9093547,0.34878612,1.0,0.0,17.0
exp6_empty_2,1021,687.2816,2.8040335,0.26081544,1.0,0.0,17.0
exp6_empty_2,1022,617.08997,3.6547227,0.1189129,1.0,0.0,10.0
exp6_empty_2,1023,-143.66325,3.92091,0.049996577,0.0,1.0,8.0
exp6_empty_2,1024,-197.409,3.813214,0.12523422,0.0,1.0,5.0
exp6_empty_2,1025,-232.26082,3.466922,0.46957245,0.0,1.0,17.0
exp6_empty_2,1026,617.4212,1.4714819,0.6420931,1.0,0.0,63.0
exp6_empty_2,1027,-198.46667,2.1731713,0.7650468,0.0,1.0,70.0
exp6_empty_2,1028,-100.8748,2.683403,0.67598164,0.0,1.0,41.0
exp6_empty_2,1029,92.19512,0.5444832,0.20515245,0.0,0.0,100.0
exp6_empty_2,1030,-132.29407,4.2892666,0.04292094,0.0,1.0,10.0
exp6_empty_2,1031,629.7451,3.089124,0.26007542,1.0,0.0,15.0
exp6_empty_2,1032,613.4706,1.1499546,0.15644912,1.0,0.0,38.0
exp6_empty_2,1033,214.12799,2.1923568,0.82947123,0.0,0.0,100.0
exp6_empty_2,1034,547.55054,1.3440965,0.31099862,1.0,0.0,45.0
exp6_empty_2,1035,556.95636,2.8116314,0.38717064,1.0,0.0,14.0
exp6_empty_2,1036,-380.4494,4.563481,0.14018011,0.0,1.0,5.0
exp6_empty_2,1037,630.1287,2.387732,0.5774486,1.0,0.0,27.0
exp6_empty_2,1038,614.3795,2.5531592,0.4933893,1.0,0.0,25.0
exp6_empty_2,1039,625.2146,2.2595518,0.44805038,1.0,0.0,24.0
exp6_empty_2,1041,-369.41754,4.097193,0.07271199,0.0,1.0,4.0
exp6_empty_2,1042,167.70995,0.73753977,0.362695,0.0,0.0,100.0
exp6_empty_2,1043,622.1062,1.7321211,0.17976783,1.0,0.0,27.0
exp6_empty_2,1044,616.1283,1.8051181,0.49349788,1.0,0.0,43.0
exp6_empty_2,1045,-261.06714,4.9957256,0.6286029,0.0,1.0,3.0
exp6_empty_2,1046,643.9772,2.6264644,0.42610115,1.0,0.0,16.0
exp6_empty_2,1047,531.1376,2.5959942,0.62442976,1.0,0.0,18.0
exp6_empty_2,1048,-264.44974,3.422393,0.15006992,0.0,1.0,3.0
exp6_empty_2,1049,527.9009,1.2140776,0.39450827,1.0,0.0,48.0
exp6_empty_2,1050,566.8375,1.8842652,0.6113439,1.0,0.0,39.0
exp6_empty_2,1051,-315.01263,3.3595028,0.19802971,0.0,1.0,2.0
exp6_empty_2,1052,634.7712,3.3692582,0.34842524,1.0,0.0,16.0
exp6_empty_2,1053,677.90186,2.9851208,0.68696135,1.0,0.0,28.0
exp6_empty_2,1054,-197.5557,4.408263,0.073966235,0.0,1.0,9.0
exp6_empty_2,1055,-279.97842,4.6647487,0.18582918,0.0,1.0,3.0
exp6_empty_2,1056,660.9237,1.6458893,0.68657166,1.0,0.0,85.0
exp6_empty_2,1057,-282.9602,3.4781606,0.31905645,0.0,1.0,17.0
exp6_empty_2,1058,-176.05717,4.1753583,0.109245695,0.0,1.0,6.0
exp6_empty_2,1059,-313.63324,4.327685,0.07837756,0.0,1.0,6.0
exp6_empty_2,1061,673.6089,3.4604697,0.39497513,1.0,0.0,16.0
exp6_empty_2,1062,-178.85623,2.1833987,0.8619681,0.0,1.0,51.0
exp6_empty_2,1063,-383.79077,4.6012373,0.14806496,0.0,1.0,4.0
exp6_empty_2,1064,603.96423,1.0289527,0.2594444,1.0,0.0,47.0
exp6_empty_2,1065,649.7147,1.7412528,0.5075665,1.0,0.0,34.0
exp6_empty_2,1066,71.77834,0.95609987,0.36470416,0.0,0.0,100.0
exp6_empty_2,1067,-411.938,4.9980836,0.20612553,0.0,1.0,2.0
exp6_empty_2,1068,-152.73007,4.8437357,0.11775559,0.0,1.0,7.0
exp6_empty_2,1069,616.562,1.2037438,0.61664957,1.0,0.0,84.0
exp6_empty_2,1070,-270.46103,2.7078702,0.68676776,0.0,1.0,39.0
exp6_empty_2,1071,683.19543,3.3298635,0.3214126,1.0,0.0,15.0
exp6_empty_2,1072,-227.32382,4.993859,0.43831593,0.0,1.0,4.0
exp6_empty_2,1073,684.81354,2.368133,0.67026556,1.0,0.0,42.0
exp6_empty_2,1074,609.4453,2.0950413,0.615148,1.0,0.0,36.0
exp6_empty_2,1075,566.0485,0.80242485,0.23983349,1.0,0.0,71.0
exp6_empty_2,1076,643.3983,2.2586884,0.55796707,1.0,0.0,34.0
exp6_empty_2,1077,-415.7116,4.9978695,0.47686422,0.0,1.0,2.0
exp6_empty_2,1078,-335.44308,4.4626994,0.16276474,0.0,1.0,2.0
exp6_empty_2,1079,-445.04593,4.4022284,0.19930898,0.0,1.0,2.0
exp6_empty_2,1081,-192.04834,4.9421277,0.3747113,0.0,1.0,7.0
exp6_empty_2,1082,-388.92853,4.8139815,0.45878294,0.0,1.0,3.0
exp6_empty_2,1083,593.1676,2.549942,0.66151285,1.0,0.0,31.0
exp6_empty_2,1084,-239.5004,4.8041844,0.075203046,0.0,1.0,10.0
exp6_empty_2,1085,499.5592,1.1271576,0.67017025,1.0,0.0,60.0
exp6_empty_2,1086,-176.41472,1.5872395,0.5979788,0.0,1.0,50.0
exp6_empty_2,1087,647.76544,3.2563872,0.57760453,1.0,0.0,25.0
exp6_empty_2,1088,529.42645,1.9759917,0.3409826,1.0,0.0,22.0
exp6_empty_2,1089,605.1305,1.2261381,0.30421036,1.0,0.0,37.0
exp6_empty_2,1090,598.1542,1.1697776,0.3459843,1.0,0.0,42.0
exp6_empty_2,1091,-274.7967,4.762417,0.1193317,0.0,1.0,8.0
exp6_empty_2,1092,539.10876,2.9231653,0.78936416,1.0,0.0,16.0
exp6_empty_2,1093,579.25916,1.4830289,0.53298485,1.0,0.0,46.0
exp6_empty_2,1094,22.935566,0.60719794,0.2898703,0.0,0.0,100.0
exp6_empty_2,1095,-190.72604,3.8885756,0.42960495,0.0,1.0,16.0
exp6_empty_2,1096,-336.84476,4.47226,0.17922544,0.0,1.0,7.0
exp6_empty_2,1097,103.704865,0.5280629,0.24762665,0.0,0.0,100.0
exp6_empty_2,1098,653.0907,1.1283343,0.7068242,1.0,0.0,59.0
exp6_empty_2,1099,595.9942,2.897735,0.47121993,1.0,0.0,21.0
exp6_empty_2,1101,593.22577,1.1858075,0.72642845,1.0,0.0,59.0
exp6_empty_2,1102,-213.87242,4.6936927,0.08925316,0.0,1.0,6.0
exp6_empty_2,1103,120.2696,0.5538061,0.08646117,0.0,0.0,100.0
exp6_empty_2,1104,-223.3512,1.8913084,0.5863914,0.0,1.0,61.0
exp6_empty_2,1105,559.4779,2.4940324,0.68933874,1.0,0.0,14.0
exp6_empty_2,1106,143.85507,0.53799474,0.14131099,0.0,0.0,100.0
exp6_empty_2,1107,542.069,1.4445256,0.57818043,1.0,0.0,41.0
exp6_empty_2,1108,-280.44464,4.6358614,0.15122727,0.0,1.0,2.0
exp6_empty_2,1109,47.181225,0.5211751,0.20320144,0.0,0.0,100.0
exp6_empty_2,1110,589.8593,2.1921656,0.50845885,1.0,0.0,26.0
exp6_empty_2,1111,574.3619,4.8150115,0.6568651,1.0,0.0,8.0
exp6_empty_2,1112,71.89496,0.6509403,0.84929955,0.0,0.0,100.0
exp6_empty_2,1113,-129.44888,4.794354,0.36645603,0.0,1.0,8.0
exp6_empty_2,1114,-259.5931,4.8369203,0.093855076,0.0,1.0,7.0
exp6_empty_2,1115,494.15747,0.6388925,0.25859186,1.0,0.0,86.0
exp6_empty_2,1116,607.84845,2.1537898,0.33973044,1.0,0.0,22.0
exp6_empty_2,1117,-202.78697,4.797265,0.13993014,0.0,1.0,5.0
exp6_empty_2,1118,573.58246,1.8589807,0.67543983,1.0,0.0,48.0
exp6_empty_2,1119,20.593159,0.5656929,0.2615655,0.0,0.0,100.0
exp6_empty_2,1121,-256.58084,4.632259,0.15195632,0.0,1.0,4.0
exp6_empty_2,1122,82.91843,0.73722076,0.8296497,0.0,0.0,100.0
exp6_empty_2,1123,-231.14249,4.4918494,0.17573781,0.0,1.0,4.0
exp6_empty_2,1124,556.35645,4.68388,0.09442145,1.0,0.0,6.0
exp6_empty_2,1125,-243.79141,2.5077882,0.5937176,0.0,1.0,29.0
exp6_empty_2,1126,589.23706,1.2956682,0.6480785,1.0,0.0,45.0
exp6_empty_2,1127,-367.6604,4.0850906,0.27783448,0.0,1.0,5.0
exp6_empty_2,1128,113.501396,0.7020792,0.8144782,0.0,0.0,100.0
exp6_empty_2,1129,656.0109,2.6845675,0.5470229,1.0,0.0,25.0
exp6_empty_2,1130,589.42303,4.31448,0.25717717,1.0,0.0,7.0
exp6_empty_2,1131,-264.50037,2.8969076,0.52768767,0.0,1.0,22.0
exp6_empty_2,1132,-324.88617,4.7651086,0.26718408,0.0,1.0,5.0
exp6_empty_2,1133,653.7987,4.95974,0.4452559,1.0,0.0,9.0
exp6_empty_2,1134,-227.81305,2.6506631,0.59195644,0.0,1.0,29.0
exp6_empty_2,1135,-287.09067,3.076855,0.37020746,0.0,1.0,15.0
exp6_empty_2,1136,-357.12085,4.669655,0.19078296,0.0,1.0,3.0
exp6_empty_2,1137,-417.2676,4.6444883,0.26013407,0.0,1.0,2.0
exp6_empty_2,1138,-366.22598,4.397936,0.18821399,0.0,1.0,4.0
exp6_empty_2,1139,607.36346,2.488802,0.5497546,1.0,0.0,25.0
exp6_empty_2,1141,514.1786,0.8506006,0.76483095,1.0,0.0,76.0
exp6_empty_2,1142,-277.8224,4.775668,0.1112322,0.0,1.0,8.0
exp6_empty_2,1143,-255.33914,4.831505,0.3411822,0.0,1.0,10.0
exp6_empty_2,1144,569.98285,1.6213807,0.6234197,1.0,0.0,36.0
exp6_empty_2,1145,610.70624,2.1503751,0.2933268,1.0,0.0,22.0
exp6_empty_2,1146,484.96378,0.6621407,0.68985486,1.0,0.0,92.0
exp6_empty_2,1147,42.87998,0.4522356,0.23782888,0.0,0.0,100.0
exp6_empty_2,1148,552.05255,2.6402216,0.5555291,1.0,0.0,25.0
exp6_empty_2,1149,617.7543,2.8723307,0.45884624,1.0,0.0,13.0
exp6_empty_2,1150,-268.5246,3.358726,0.57749295,0.0,1.0,15.0
exp6_empty_2,1151,-249.6721,4.97266,0.6422009,0.0,1.0,3.0
exp6_empty_2,1152,674.3093,1.2345995,0.31757188,1.0,0.0,46.0
exp6_empty_2,1153,553.62836,1.5610645,0.5007677,1.0,0.0,29.0
exp6_empty_2,1154,-400.6959,3.9074852,0.31903878,0.0,1.0,3.0
exp6_empty_2,1155,643.21313,2.976535,0.49621043,1.0,0.0,23.0
exp6_empty_2,1156,-351.63776,4.4545717,0.15323624,0.0,1.0,8.0
exp6_empty_2,1157,-437.15073,3.0588384,0.14244452,0.0,1.0,4.0
exp6_empty_2,1158,188.8374,1.0409312,0.66330737,0.0,0.0,100.0
exp6_empty_2,1159,-352.45926,4.6972413,0.15041101,0.0,1.0,5.0
exp6_empty_2,1161,511.78668,0.8715521,0.64661705,1.0,0.0,60.0
exp6_empty_2,1162,-448.05255,3.5616992,0.22514172,0.0,1.0,3.0
exp6_empty_2,1163,-350.869,4.693179,0.13079698,0.0,1.0,7.0
exp6_empty_2,1164,-152.2209,1.4851209,0.7023999,0.0,1.0,50.0
exp6_empty_2,1165,640.2537,1.5683684,0.21966982,1.0,0.0,32.0
exp6_empty_2,1166,585.8841,1.1227877,0.6616642,1.0,0.0,60.0
exp6_empty_2,1167,629.19086,2.0780315,0.5985341,1.0,0.0,35.0
exp6_empty_2,1168,-280.0736,4.9163885,0.39166656,0.0,1.0,9.0
exp6_empty_2,1169,686.5063,4.108111,0.5406188,1.0,0.0,16.0
exp6_empty_2,1170,-216.97118,2.522318,0.6430783,0.0,1.0,32.0
exp6_empty_2,1171,501.97107,0.6963573,0.7679729,1.0,0.0,64.0
exp6_empty_2,1172,563.8573,2.1789875,0.37771422,1.0,0.0,18.0
exp6_empty_2,1173,-403.34152,4.9268775,0.16327275,0.0,1.0,4.0
exp6_empty_2,1174,69.35481,0.5443879,0.28624204,0.0,0.0,100.0
exp6_empty_2,1175,638.8544,1.8841703,0.72207063,1.0,0.0,61.0
exp6_empty_2,1176,552.922,2.823756,0.6585238,1.0,0.0,18.0
exp6_empty_2,1177,714.7009,1.8906391,0.30020002,1.0,0.0,29.0
exp6_empty_2,1178,638.80884,1.8194438,0.8304089,1.0,0.0,54.0
exp6_empty_2,1179,-229.74556,3.5197005,0.5786663,0.0,1.0,16.0
exp6_empty_2,1181,-410.0848,4.894108,0.16458131,0.0,1.0,3.0
exp6_empty_2,1182,694.3806,1.875956,0.54974717,1.0,0.0,36.0
exp6_empty_2,1183,539.35474,2.3446398,0.61884487,1.0,0.0,22.0
exp6_empty_2,1184,-289.3808,4.1966505,0.09277106,0.0,1.0,4.0
exp6_empty_2,1185,21.295994,0.45370972,0.52468103,0.0,0.0,100.0
exp6_empty_2,1186,588.14557,4.847653,0.16898982,1.0,0.0,6.0
exp6_empty_2,1187,625.4589,2.8684433,0.52108103,1.0,0.0,27.0
exp6_empty_2,1188,449.4153,0.45091158,0.4901381,1.0,0.0,77.0
exp6_empty_2,1189,-78.10593,3.5645103,0.3288415,0.0,1.0,15.0
exp6_empty_2,1190,611.85864,2.349061,0.59598434,1.0,0.0,20.0
exp6_empty_2,1191,550.9154,4.6839094,0.19537593,1.0,0.0,5.0
exp6_empty_2,1192,587.01355,4.1423655,0.59372324,1.0,0.0,10.0
exp6_empty_2,1193,-353.23242,4.757665,0.10620478,0.0,1.0,6.0
exp6_empty_2,1194,531.58374,0.8276562,0.35471943,1.0,0.0,43.0
exp6_empty_2,1195,653.02686,1.7840613,0.4626631,1.0,0.0,35.0
exp6_empty_2,1196,655.272,3.4922101,0.33942515,1.0,0.0,16.0
exp6_empty_2,1197,504.3866,1.0757114,0.73452026,1.0,0.0,61.0
exp6_empty_2,1198,547.516,3.6686711,0.5842618,1.0,0.0,10.0
exp6_empty_2,1199,-222.8843,4.968893,0.42203504,0.0,1.0,10.0
exp6_empty_2,1201,625.30817,2.2966292,0.4981162,1.0,0.0,26.0
exp6_empty_2,1202,582.1178,2.3190465,0.5039212,1.0,0.0,22.0
exp6_empty_2,1203,-357.92276,4.72546,0.14808264,0.0,1.0,5.0
exp6_empty_2,1204,-330.53818,4.738847,0.12009741,0.0,1.0,5.0
exp6_empty_2,1205,589.4967,2.3376315,0.6236685,1.0,0.0,33.0
exp6_empty_2,1206,609.2905,1.8215029,0.6953286,1.0,0.0,37.0
exp6_empty_2,1207,664.19165,1.9885341,0.44413808,1.0,0.0,29.0
exp6_empty_2,1208,-428.1911,3.5408509,0.10571039,0.0,1.0,5.0
exp6_empty_2,1209,-384.4144,4.6563377,0.13664876,0.0,1.0,3.0
exp6_empty_2,1210,455.35873,0.7487934,0.6686602,1.0,0.0,79.0
exp6_empty_2,1211,-167.32019,2.8293772,0.4877119,0.0,1.0,13.0
exp6_empty_2,1212,670.3646,2.2477436,0.4768048,1.0,0.0,29.0
exp6_empty_2,1213,-446.81604,3.7305655,0.3026335,0.0,1.0,1.0
exp6_empty_2,1214,33.40448,0.4119537,0.48376092,0.0,0.0,100.0
exp6_empty_2,1215,-119.33023,3.430716,0.37408474,0.0,1.0,13.0
exp6_empty_2,1216,533.54517,1.7875124,0.710961,1.0,0.0,40.0
exp6_empty_2,1217,-359.94632,4.4818807,0.1473867,0.0,1.0,4.0
exp6_empty_2,1218,-211.6207,4.634822,0.1725611,0.0,1.0,4.0
exp6_empty_2,1219,-20.579956,0.4233347,0.2216119,0.0,0.0,100.0
exp6_empty_2,1221,-392.68985,3.9889264,0.17876367,0.0,1.0,4.0
exp6_empty_2,1222,704.56445,3.4034977,0.34595686,1.0,0.0,17.0
exp6_empty_2,1223,-162.52853,3.0995808,0.32532594,0.0,1.0,17.0
exp6_empty_2,1224,-330.87512,4.5240207,0.12795277,0.0,1.0,5.0
exp6_empty_2,1225,-329.17438,4.43723,0.108582,0.0,1.0,5.0
exp6_empty_2,1226,568.3599,1.4593121,0.5975408,1.0,0.0,43.0
exp6_empty_2,1227,659.0224,4.9013925,0.1954669,1.0,0.0,11.0
exp6_empty_2,1228,-358.3069,4.3613,0.10913932,0.0,1.0,6.0
exp6_empty_2,1229,-29.992188,4.9398165,0.3841408,0.0,1.0,11.0
exp6_empty_2,1230,614.11584,2.6793897,0.6148315,1.0,0.0,18.0
exp6_empty_2,1231,554.17706,2.2538636,0.65474397,1.0,0.0,16.0
exp6_empty_2,1232,-198.30461,4.52141,0.14779799,0.0,1.0,5.0
exp6_empty_2,1233,624.11725,2.280141,0.51484483,1.0,0.0,27.0
exp6_empty_2,1234,678.75183,4.710469,0.13615052,1.0,0.0,10.0
exp6_empty_2,1235,466.46014,1.1371825,0.51054627,1.0,0.0,33.0
exp6_empty_2,1236,489.9262,0.6375436,0.28365123,1.0,0.0,44.0
exp6_empty_2,1237,670.74817,2.7684317,0.59527767,1.0,0.0,24.0
exp6_empty_2,1238,-336.3651,4.5346346,0.1461605,0.0,1.0,5.0
exp6_empty_2,1239,-262.0172,4.6982627,0.15818778,0.0,1.0,8.0
exp6_empty_2,1241,-163.06999,4.7059836,0.117472835,0.0,1.0,6.0
exp6_empty_2,1242,-390.76233,4.6696877,0.13984653,0.0,1.0,3.0
exp6_empty_2,1243,571.0392,1.7421631,0.40289024,1.0,0.0,28.0
exp6_empty_2,1244,647.8345,1.8258487,0.6568149,1.0,0.0,42.0
exp6_empty_2,1245,532.0606,1.4859225,0.7242735,1.0,0.0,38.0
exp6_empty_2,1246,578.1361,3.2953904,0.47940928,1.0,0.0,10.0
exp6_empty_2,1247,-413.3797,4.762917,0.060682014,0.0,1.0,4.0
exp6_empty_2,1248,582.54175,4.219849,0.19679798,1.0,0.0,8.0
exp6_empty_2,1249,719.44037,2.3876693,0.43745685,1.0,0.0,24.0
exp6_empty_2,1250,540.7124,1.9961085,0.7494657,1.0,0.0,18.0
exp6_empty_2,1251,627.44824,0.9187567,0.18322332,1.0,0.0,60.0
exp6_empty_2,1252,-157.46654,4.555629,0.048192877,0.0,1.0,7.0
exp6_empty_2,1253,632.12537,1.2243319,0.5929877,1.0,0.0,58.0
exp6_empty_2,1254,-181.99216,4.1439934,0.088132784,0.0,1.0,7.0
exp6_empty_2,1255,-173.38185,3.7197168,0.10180409,0.0,1.0,9.0
exp6_empty_2,1256,604.3088,1.7806873,0.52033174,1.0,0.0,35.0
exp6_empty_2,1257,-284.48236,4.0236444,0.06297583,0.0,1.0,2.0
exp6_empty_2,1258,-164.1617,4.367948,0.07849385,0.0,1.0,6.0
exp6_empty_2,1259,613.09705,3.4311376,0.25874037,1.0,0.0,10.0
exp6_empty_2,1261,-416.95038,4.207622,0.15110411,0.0,1.0,3.0
exp6_empty_2,1262,588.3232,2.3744621,0.54250276,1.0,0.0,25.0
exp6_empty_2,1263,539.38727,1.191012,0.5660304,1.0,0.0,27.0
exp6_empty_2,1264,638.5215,2.5066543,0.43369523,1.0,0.0,29.0
exp6_empty_2,1265,-357.19302,4.189755,0.116427146,0.0,1.0,5.0
exp6_empty_2,1266,-118.77995,4.6715646,0.13532092,0.0,1.0,8.0
exp6_empty_2,1267,547.3065,0.6877864,0.26358402,1.0,0.0,72.0
exp6_empty_2,1268,595.61835,3.2268806,0.34155405,1.0,0.0,18.0
exp6_empty_2,1269,-141.96138,2.216955,0.49549592,0.0,1.0,24.0
exp6_empty_2,1270,33.423985,0.5749585,0.2706565,0.0,0.0,100.0
exp6_empty_2,1271,542.44,0.9547888,0.4717757,1.0,0.0,56.0
exp6_empty_2,1272,595.0952,4.0471716,0.13666898,1.0,0.0,9.0
exp6_empty_2,1273,555.92584,2.5616379,0.65973365,1.0,0.0,20.0
exp6_empty_2,1274,612.6815,1.3408637,0.41815338,1.0,0.0,46.0
exp6_empty_2,1275,-263.03577,3.9845932,0.42793408,0.0,1.0,10.0
exp6_empty_2,1276,512.96515,1.1736333,0.75610536,1.0,0.0,54.0
exp6_empty_2,1277,-266.97137,4.5299177,0.0811852,0.0,1.0,7.0
exp6_empty_2,1278,625.7325,4.2926965,0.08788479,1.0,0.0,9.0
exp6_empty_2,1279,568.2912,2.2878692,0.7315056,1.0,0.0,19.0
exp6_empty_2,1281,579.5504,1.9827915,0.58407164,1.0,0.0,25.0
exp6_empty_2,1282,-289.04428,3.451158,0.4629803,0.0,1.0,11.0
exp6_empty_2,1283,-298.83023,2.7979376,0.35255352,0.0,1.0,11.0
exp6_empty_2,1284,-282.25183,4.073174,0.090375625,0.0,1.0,7.0
exp6_empty_2,1285,-335.67502,1.9811838,0.262967,0.0,1.0,1.0
exp6_empty_2,1286,-427.90167,3.274492,0.1328365,0.0,1.0,2.0
exp6_empty_2,1287,554.16693,0.9688285,0.37719038,1.0,0.0,47.0
exp6_empty_2,1288,594.13074,2.1979475,0.25125098,1.0,0.0,19.0
exp6_empty_2,1289,-230.49626,3.3039892,0.50891703,0.0,1.0,14.0
exp6_empty_2,1290,576.69867,3.4601526,0.15466186,1.0,0.0,8.0
exp6_empty_2,1291,642.97675,1.5904211,0.33531058,1.0,0.0,36.0
exp6_empty_2,1292,546.3985,0.95431316,0.4987124,1.0,0.0,38.0
exp6_empty_2,1293,607.3047,1.716767,0.57536864,1.0,0.0,36.0
exp6_empty_2,1294,-282.68393,3.9369946,0.17622805,0.0,1.0,3.0
exp6_empty_2,1295,662.69336,1.9654468,0.4422349,1.0,0.0,31.0
exp6_empty_2,1296,623.90466,1.3027021,0.3570738,1.0,0.0,48.0
exp6_empty_2,1297,585.1083,1.3956363,0.38444716,1.0,0.0,38.0
exp6_empty_2,1298,366.2542,0.27313912,0.097286336,1.0,0.0,93.0
exp6_empty_2,1299,616.10114,2.57038,0.3142242,1.0,0.0,15.0
exp6_empty_2,1301,-445.26413,4.999663,0.19078405,0.0,1.0,1.0
exp6_empty_2,1302,-220.94153,0.9007836,0.18358624,0.0,1.0,49.0
exp6_empty_2,1303,-281.8084,3.7141597,0.07381657,0.0,1.0,3.0
exp6_empty_2,1304,645.24945,1.7361223,0.3426646,1.0,0.0,31.0
exp6_empty_2,1305,597.792,1.8947078,0.580475,1.0,0.0,25.0
exp6_empty_2,1306,501.45718,1.3629618,0.71853745,1.0,0.0,27.0
exp6_empty_2,1307,-391.44446,4.2120347,0.1730297,0.0,1.0,3.0
exp6_empty_2,1308,499.3595,0.5127869,0.21515028,1.0,0.0,72.0
exp6_empty_2,1309,-371.38406,0.60598797,0.13514443,0.0,1.0,57.0
exp6_empty_2,1310,-276.60828,4.167585,0.12081472,0.0,1.0,9.0
exp6_empty_2,1311,-394.28973,4.126669,0.087361075,0.0,1.0,3.0
exp6_empty_2,1312,584.7726,1.9211864,0.5227345,1.0,0.0,36.0
exp6_empty_2,1313,626.7282,2.4610145,0.51613486,1.0,0.0,29.0
exp6_empty_2,1314,-164.46892,4.8550644,0.23209997,0.0,1.0,7.0
exp6_empty_2,1315,-168.23164,4.530041,0.0527764,0.0,1.0,6.0
exp6_empty_2,1316,666.04,2.3731296,0.39224106,1.0,0.0,21.0
exp6_empty_2,1317,627.7334,4.109401,0.49806115,1.0,0.0,11.0
exp6_empty_2,1318,671.0378,2.4475505,0.38025567,1.0,0.0,27.0
exp6_empty_2,1319,-310.22995,3.2995625,0.20796815,0.0,1.0,1.0
exp6_empty_2,1321,-311.07684,3.8813236,0.09420996,0.0,1.0,7.0
exp6_empty_2,1322,546.42255,0.76816976,0.2584359,1.0,0.0,71.0
exp6_empty_2,1323,-142.49197,4.276362,0.094291225,0.0,1.0,7.0
exp6_empty_2,1324,-363.45642,4.314191,0.13121262,0.0,1.0,4.0
exp6_empty_2,1325,-357.21967,4.439056,0.090558685,0.0,1.0,6.0
exp6_empty_2,1326,-216.83151,1.2408229,0.21568221,0.0,1.0,44.0
exp6_empty_2,1327,-283.83466,4.2252855,0.1734466,0.0,1.0,2.0
exp6_empty_2,1328,511.20764,0.58255756,0.0744314,1.0,0.0,69.0
exp6_empty_2,1329,-328.8751,2.9223654,0.1684035,0.0,1.0,1.0
exp6_empty_2,1330,647.6371,2.169163,0.39081773,1.0,0.0,28.0
exp6_empty_2,1331,664.355,2.5210264,0.4798243,1.0,0.0,25.0
exp6_empty_2,1332,536.57025,0.75093985,0.42470828,1.0,0.0,49.0
exp6_empty_2,1333,-431.35132,3.4140081,0.085985616,0.0,1.0,2.0
exp6_empty_2,1334,-366.48517,3.796789,0.087162144,0.0,1.0,6.0
exp6_empty_2,1335,627.7038,1.9841729,0.4851377,1.0,0.0,32.0
exp6_empty_2,1336,579.19507,0.94447803,0.58169764,1.0,0.0,51.0
exp6_empty_2,1337,-275.15765,4.0883775,0.060704768,0.0,1.0,3.0
exp6_empty_2,1338,544.9452,0.71241397,0.23392425,1.0,0.0,78.0
exp6_empty_2,1339,523.6113,0.9681683,0.32355827,1.0,0.0,53.0
exp6_empty_2,1341,-419.04648,4.221533,0.17933714,0.0,1.0,2.0
exp6_empty_2,1342,-310.60193,4.082791,0.08911926,0.0,1.0,6.0
exp6_empty_2,1343,671.95087,1.4530212,0.25374112,1.0,0.0,41.0
exp6_empty_2,1344,584.2621,1.9147593,0.5382015,1.0,0.0,30.0
exp6_empty_2,1345,43.381145,0.5900425,0.31196734,0.0,0.0,100.0
exp6_empty_2,1346,-448.049,2.6631262,0.222455,0.0,1.0,1.0
exp6_empty_2,1347,544.6768,1.1849189,0.58854437,1.0,0.0,70.0
exp6_empty_2,1348,624.72815,1.5794549,0.34660468,1.0,0.0,29.0
exp6_empty_2,1349,458.99628,0.71822023,0.5696548,1.0,0.0,46.0
exp6_empty_2,1350,-277.0177,3.8307948,0.05970908,0.0,1.0,9.0
exp6_empty_2,1351,622.9792,2.641312,0.3517267,1.0,0.0,17.0
exp6_empty_2,1352,602.32605,3.2074363,0.16100812,1.0,0.0,10.0
exp6_empty_2,1353,628.5226,2.1858704,0.46313268,1.0,0.0,26.0
exp6_empty_2,1354,539.95636,3.1805565,0.06937588,1.0,0.0,7.0
exp6_empty_2,1355,555.68616,2.3925455,0.35226053,1.0,0.0,15.0
exp6_empty_2,1356,599.69244,1.0223658,0.33097076,1.0,0.0,64.0
exp6_empty_2,1357,586.0089,2.9935634,0.60901904,1.0,0.0,16.0
exp6_empty_2,1358,507.85635,1.1338743,0.5674283,1.0,0.0,33.0
exp6_empty_2,1359,599.25836,2.0266798,0.51737624,1.0,0.0,35.0
exp6_empty_2,1361,591.9354,4.1284084,0.1144559,1.0,0.0,9.0
exp6_empty_2,1362,439.4085,0.88928115,0.5756121,1.0,0.0,30.0
exp6_empty_2,1363,-282.7097,2.7306087,0.17965318,0.0,1.0,3.0
exp6_empty_2,1364,-191.39876,2.3729894,0.40885687,0.0,1.0,19.0
exp6_empty_2,1365,583.1098,0.7986095,0.13943052,1.0,0.0,71.0
exp6_empty_2,1366,504.65253,0.73269945,0.4546009,1.0,0.0,40.0
exp6_empty_2,1367,633.5093,1.8229344,0.60411876,1.0,0.0,46.0
exp6_empty_2,1368,431.95578,0.57447284,0.22544464,1.0,0.0,94.0
exp6_empty_2,1369,566.34033,3.3234205,0.13656811,1.0,0.0,8.0
exp6_empty_2,1370,576.64496,3.9574387,0.1864887,1.0,0.0,7.0
exp6_empty_2,1371,-238.81558,3.289104,0.081674874,0.0,1.0,5.0
exp6_empty_2,1372,-214.30273,4.000914,0.09522232,0.0,1.0,7.0
exp6_empty_2,1373,-445.22876,4.7618694,0.012577296,0.0,1.0,1.0
exp6_empty_2,1374,-438.96884,2.4143934,0.27808562,0.0,1.0,2.0
exp6_empty_2,1375,-149.33762,1.8352529,0.5406966,0.0,1.0,23.0
exp6_empty_2,1376,520.9904,0.6150822,0.1471205,1.0,0.0,79.0
exp6_empty_2,1377,-99.09976,4.780222,0.36045003,0.0,1.0,11.0
exp6_empty_2,1378,552.9242,0.83022666,0.25945452,1.0,0.0,61.0
exp6_empty_2,1379,-311.38654,4.113689,0.073137075,0.0,1.0,8.0
exp6_empty_2,1381,643.84735,3.0005946,0.30827686,1.0,0.0,15.0
exp6_empty_2,1382,514.5139,1.6854013,0.3730785,1.0,0.0,20.0
exp6_empty_2,1383,-242.68456,4.8342185,0.396139,0.0,1.0,8.0
exp6_empty_2,1384,598.9761,3.1921563,0.297869,1.0,0.0,14.0
exp6_empty_2,1385,608.14246,1.9373006,0.3976617,1.0,0.0,22.0
exp6_empty_2,1386,646.2125,2.2028184,0.4798419,1.0,0.0,23.0
exp6_empty_2,1387,504.94415,1.7780106,0.6216931,1.0,0.0,35.0
exp6_empty_2,1388,-307.31897,4.1030774,0.07631796,0.0,1.0,7.0
exp6_empty_2,1389,-318.43265,3.566728,0.10829474,0.0,1.0,7.0
exp6_empty_2,1390,530.24133,0.9780942,0.190226,1.0,0.0,41.0
exp6_empty_2,1391,661.6621,2.1263587,0.3641501,1.0,0.0,31.0
exp6_empty_2,1392,-401.6974,3.6628003,0.07335454,0.0,1.0,2.0
exp6_empty_2,1393,618.27234,2.200082,0.40080574,1.0,0.0,21.0
exp6_empty_2,1394,-153.58385,4.4936914,0.053694535,0.0,1.0,7.0
exp6_empty_2,1395,-301.8248,3.6149576,0.07372614,0.0,1.0,2.0
exp6_empty_2,1396,-326.5197,4.472602,0.10304015,0.0,1.0,7.0
exp6_empty_2,1397,647.82336,2.318913,0.49598986,1.0,0.0,30.0
exp6_empty_2,1398,596.39685,1.7541149,0.5956115,1.0,0.0,33.0
exp6_empty_2,1399,-225.504,3.893967,0.06694718,0.0,1.0,8.0
exp6_empty_2,1401,-442.98227,4.1487455,0.10542144,0.0,1.0,2.0
exp6_empty_2,1402,-206.81741,4.3087697,0.08225115,0.0,1.0,10.0
exp6_empty_2,1403,694.86755,2.598118,0.4162632,1.0,0.0,23.0
exp6_empty_2,1404,521.6156,1.4934754,0.5172929,1.0,0.0,22.0
exp6_empty_2,1405,-142.57857,1.7417051,0.5535173,0.0,1.0,27.0
exp6_empty_2,1406,632.7762,1.5952268,0.31781697,1.0,0.0,32.0
exp6_empty_2,1407,529.5855,1.9611201,0.20098482,1.0,0.0,12.0
exp6_empty_2,1408,-152.09349,1.5154012,0.5310464,0.0,1.0,37.0
exp6_empty_2,1409,70.124565,0.5512061,0.3174866,0.0,0.0,100.0
exp6_empty_2,1410,702.7937,2.4501793,0.41735747,1.0,0.0,25.0
exp6_empty_2,1411,583.37335,0.7995544,0.24419956,1.0,0.0,91.0
exp6_empty_2,1412,664.2548,2.3801353,0.45704886,1.0,0.0,23.0
exp6_empty_2,1413,670.42505,1.6855212,0.34593263,1.0,0.0,37.0
exp6_empty_2,1414,-268.2506,4.3085327,0.0795755,0.0,1.0,9.0
exp6_empty_2,1415,136.39067,0.59111726,0.25294045,0.0,0.0,100.0
exp6_empty_2,1416,555.3042,1.770828,0.57556903,1.0,0.0,41.0
exp6_empty_2,1417,653.1021,1.8894721,0.43382686,1.0,0.0,28.0
exp6_empty_2,1418,539.2636,1.7811518,0.51466936,1.0,0.0,24.0
exp6_empty_2,1419,670.3297,3.7383919,0.43409407,1.0,0.0,17.0
exp6_empty_2,1421,-270.41794,3.0895574,0.034296557,0.0,1.0,12.0
exp6_empty_2,1422,-244.13138,2.284709,0.041661445,0.0,1.0,16.0
exp6_empty_2,1423,539.7142,0.81234336,0.21547215,1.0,0.0,85.0
exp6_empty_2,1424,644.4439,2.8866112,0.4634409,1.0,0.0,18.0
exp6_empty_2,1425,587.7157,2.5250442,0.3615293,1.0,0.0,17.0
exp6_empty_2,1426,573.17236,2.2269256,0.42027077,1.0,0.0,14.0
exp6_empty_2,1427,-391.37808,3.0008445,0.1009693,0.0,1.0,5.0
exp6_empty_2,1428,526.682,2.0401266,0.41753432,1.0,0.0,13.0
exp6_empty_2,1429,574.3889,2.272621,0.5545995,1.0,0.0,21.0
exp6_empty_2,1430,609.27893,1.7195014,0.4276789,1.0,0.0,34.0
exp6_empty_2,1431,646.6953,2.7475321,0.60496646,1.0,0.0,24.0
exp6_empty_2,1432,555.09283,1.6476799,0.47834626,1.0,0.0,25.0
exp6_empty_2,1433,-327.30353,2.9979243,0.26319447,0.0,1.0,1.0
exp6_empty_2,1434,590.6779,1.93395,0.47135544,1.0,0.0,24.0
exp6_empty_2,1435,620.5581,2.762158,0.08202561,1.0,0.0,13.0
exp6_empty_2,1436,540.1185,1.9628952,0.50968754,1.0,0.0,27.0
exp6_empty_2,1437,-145.82678,3.8716145,0.08574567,0.0,1.0,8.0
exp6_empty_2,1438,-432.83087,2.9259267,0.18995467,0.0,1.0,2.0
exp6_empty_2,1439,667.99915,3.3766134,0.33385393,1.0,0.0,13.0
exp6_empty_2,1441,-228.7615,3.9718769,0.07490816,0.0,1.0,9.0
exp6_empty_2,1442,665.24915,2.2971988,0.46586135,1.0,0.0,31.0
exp6_empty_2,1443,647.55225,2.742944,0.48163646,1.0,0.0,20.0
exp6_empty_2,1444,562.42017,0.81935805,0.45134628,1.0,0.0,74.0
exp6_empty_2,1445,560.994,1.7629681,0.5160174,1.0,0.0,24.0
exp6_empty_2,1446,641.5015,3.463922,0.110223,1.0,0.0,14.0
exp6_empty_2,1447,563.42,1.7108457,0.31867155,1.0,0.0,18.0
exp6_empty_2,1448,-288.1578,3.3625102,0.11203856,0.0,1.0,9.0
exp6_empty_2,1449,522.6931,1.117928,0.35820267,1.0,0.0,34.0
exp6_empty_2,1450,631.5554,2.7918708,0.33371758,1.0,0.0,14.0
exp6_empty_2,1451,572.2297,3.068813,0.04945694,1.0,0.0,9.0
exp6_empty_2,1452,617.2814,1.4544106,0.11906732,1.0,0.0,27.0
exp6_empty_2,1453,-134.53188,2.396255,0.33796412,0.0,1.0,18.0
exp6_empty_2,1454,599.7988,2.6419466,0.50581604,1.0,0.0,16.0
exp6_empty_2,1455,677.264,3.9320412,0.09965024,1.0,0.0,12.0
exp6_empty_2,1456,-243.2622,4.2767534,0.3009906,0.0,1.0,12.0
exp6_empty_2,1457,523.32166,1.1574205,0.39784697,1.0,0.0,32.0
exp6_empty_2,1458,-333.43335,4.1001897,0.03704385,0.0,1.0,6.0
exp6_empty_2,1459,680.43555,1.5105634,0.26366785,1.0,0.0,38.0
exp6_empty_2,1461,597.42334,2.633245,0.37387425,1.0,0.0,18.0
exp6_empty_2,1462,606.6344,2.518184,0.5815299,1.0,0.0,24.0
exp6_empty_2,1463,615.2152,2.6535356,0.3887257,1.0,0.0,18.0
exp6_empty_2,1464,536.92444,1.2310551,0.2719129,1.0,0.0,39.0
exp6_empty_2,1465,513.08606,1.2053504,0.23784176,1.0,0.0,38.0
exp6_empty_2,1466,-306.80893,4.998946,0.2049647,0.0,1.0,1.0
exp6_empty_2,1467,567.23395,1.6183238,0.34621245,1.0,0.0,29.0
exp6_empty_2,1468,-222.9935,3.4114246,0.3609688,0.0,1.0,14.0
exp6_empty_2,1469,514.7643,2.6027777,0.3435644,1.0,0.0,12.0
exp6_empty_2,1470,591.74866,2.0544255,0.43756118,1.0,0.0,28.0
exp6_empty_2,1471,-77.71736,1.6004982,0.0895168,0.0,1.0,30.0
exp6_empty_2,1472,604.66235,3.2822084,0.099754125,1.0,0.0,11.0
exp6_empty_2,1473,681.3307,2.4089832,0.57211983,1.0,0.0,28.0
exp6_empty_2,1474,-325.90295,4.4905095,0.09977528,0.0,1.0,5.0
exp6_empty_2,1475,633.762,3.704886,0.04770377,1.0,0.0,11.0
exp6_empty_2,1476,622.4896,2.06187,0.5792335,1.0,0.0,25.0
exp6_empty_2,1477,-187.72943,3.3983977,0.044235382,0.0,1.0,8.0
exp6_empty_2,1478,633.71136,0.90508425,0.18926688,1.0,0.0,74.0
exp6_empty_2,1479,714.589,2.4637768,0.52197754,1.0,0.0,28.0
exp6_empty_2,1481,578.47864,1.8051131,0.32972342,1.0,0.0,26.0
exp6_empty_2,1482,578.01373,3.9670615,0.13573202,1.0,0.0,7.0
exp6_empty_2,1483,-243.03746,4.6051984,0.051521823,0.0,1.0,3.0
exp6_empty_2,1484,637.1466,2.8128011,0.39655933,1.0,0.0,23.0
exp6_empty_2,1485,-156.0206,3.9015489,0.118926525,0.0,1.0,8.0
exp6_empty_2,1486,536.42676,2.1774013,0.51270807,1.0,0.0,26.0
exp6_empty_2,1487,726.47253,2.895067,0.46428922,1.0,0.0,23.0
exp6_empty_2,1488,571.32904,2.0385575,0.47541946,1.0,0.0,28.0
exp6_empty_2,1489,577.33234,0.92917883,0.32523954,1.0,0.0,68.0
exp6_empty_2,1490,712.9844,2.5424604,0.14437903,1.0,0.0,22.0
exp6_empty_2,1491,682.7116,2.0287328,0.5314613,1.0,0.0,39.0
exp6_empty_2,1492,729.84015,2.3624914,0.1371022,1.0,0.0,23.0
exp6_empty_2,1493,-49.503525,4.1621785,0.10322358,0.0,1.0,10.0
exp6_empty_2,1494,-199.72241,3.4554913,0.3240769,0.0,1.0,14.0
exp6_empty_2,1495,-366.23306,3.9877868,0.09413525,0.0,1.0,4.0
exp6_empty_2,1496,672.7199,1.3153107,0.3343787,1.0,0.0,52.0
exp6_empty_2,1497,568.7598,4.380527,0.22980638,1.0,0.0,6.0
exp6_empty_2,1498,549.09106,1.8761094,0.45988876,1.0,0.0,23.0
exp6_empty_2,1499,-419.13834,4.4974947,0.12347402,0.0,1.0,2.0
exp6_empty_2,1501,534.96246,1.1342595,0.38909265,1.0,0.0,34.0
exp6_empty_2,1502,-48.42511,3.928723,0.17616792,0.0,1.0,12.0
exp6_empty_2,1503,595.80005,2.317732,0.51213557,1.0,0.0,27.0
exp6_empty_2,1504,-165.96329,4.365335,0.12490789,0.0,1.0,6.0
exp6_empty_2,1505,532.7046,1.87405,0.5433233,1.0,0.0,22.0
exp6_empty_2,1506,610.1133,1.3412759,0.49485955,1.0,0.0,47.0
exp6_empty_2,1507,-185.88834,4.285636,0.029815374,0.0,1.0,7.0
exp6_empty_2,1508,-191.21487,2.4809287,0.39281422,0.0,1.0,10.0
exp6_empty_2,1509,-445.62796,4.7862453,0.2607812,0.0,1.0,1.0
exp6_empty_2,1510,554.1094,1.1842422,0.34330872,1.0,0.0,40.0
exp6_empty_2,1511,-175.97719,2.2137089,0.33095244,0.0,1.0,22.0
exp6_empty_2,1512,684.3069,1.1638901,0.20814766,1.0,0.0,52.0
exp6_empty_2,1513,-275.54724,4.5823016,0.0567362,0.0,1.0,3.0
exp6_empty_2,1514,641.25977,2.526828,0.582314,1.0,0.0,22.0
exp6_empty_2,1515,659.0353,3.7439845,0.14703052,1.0,0.0,11.0
exp6_empty_2,1516,-396.87692,3.0355475,0.05362892,0.0,1.0,5.0
exp6_empty_2,1517,597.1628,2.2821953,0.42448446,1.0,0.0,24.0
exp6_empty_2,1518,-164.67082,1.1278509,0.27891806,0.0,1.0,53.0
exp6_empty_2,1519,-294.81744,2.3264205,0.31994382,0.0,1.0,23.0
exp6_empty_2,1521,-275.83694,2.2826955,0.20589404,0.0,1.0,5.0
exp6_empty_2,1522,-271.8087,4.8506846,0.14667423,0.0,1.0,2.0
exp6_empty_2,1523,545.5963,1.2979891,0.3014323,1.0,0.0,36.0
exp6_empty_2,1524,566.5955,1.9130709,0.58144146,1.0,0.0,26.0
exp6_empty_2,1525,606.97705,1.8231858,0.5689546,1.0,0.0,27.0
exp6_empty_2,1526,536.8066,0.88182354,0.39411867,1.0,0.0,49.0
exp6_empty_2,1527,-306.21497,4.1138916,0.08058125,0.0,1.0,7.0
exp6_empty_2,1528,520.5906,2.0751173,0.46227396,1.0,0.0,17.0
exp6_empty_2,1529,-156.83272,2.1017861,0.49328947,0.0,1.0,20.0
exp6_empty_2,1530,585.12695,3.1414835,0.4539591,1.0,0.0,17.0
exp6_empty_2,1531,-395.68207,4.0514865,0.107193835,0.0,1.0,3.0
exp6_empty_2,1532,564.76306,3.2395911,0.6381969,1.0,0.0,13.0
exp6_empty_2,1533,617.5695,2.3841078,0.34445348,1.0,0.0,19.0
exp6_empty_2,1534,523.7747,1.6694461,0.61113274,1.0,0.0,26.0
exp6_empty_2,1535,628.854,3.4830933,0.3482504,1.0,0.0,13.0
exp6_empty_2,1536,685.67816,3.1725113,0.2884899,1.0,0.0,15.0
exp6_empty_2,1537,617.69037,1.5026317,0.391791,1.0,0.0,48.0
exp6_empty_2,1538,-174.80965,4.512226,0.063073516,0.0,1.0,7.0
exp6_empty_2,1539,586.6688,1.9485513,0.535523,1.0,0.0,26.0
exp6_empty_2,1541,675.05725,2.163275,0.36731988,1.0,0.0,31.0
exp6_empty_2,1542,-328.63275,2.567905,0.41728637,0.0,1.0,19.0
exp6_empty_2,1543,654.06995,1.9870272,0.5677372,1.0,0.0,35.0
exp6_empty_2,1544,638.3643,2.4761236,0.3666632,1.0,0.0,21.0
exp6_empty_2,1545,655.1723,2.407542,0.45206654,1.0,0.0,29.0
exp6_empty_2,1546,570.0659,4.2761807,0.39985162,1.0,0.0,10.0
exp6_empty_2,1547,-244.83002,4.8093495,0.12456498,0.0,1.0,5.0
exp6_empty_2,1548,-376.62897,4.890228,0.20546123,0.0,1.0,4.0
exp6_empty_2,1549,572.7549,1.8039328,0.58903694,1.0,0.0,31.0
exp6_empty_2,1550,698.0804,2.9236622,0.46844617,1.0,0.0,24.0
exp6_empty_2,1551,588.3399,2.5848577,0.43330717,1.0,0.0,24.0
exp6_empty_2,1552,608.614,2.472264,0.34088826,1.0,0.0,18.0
exp6_empty_2,1553,-190.08966,2.5710819,0.5007671,0.0,1.0,19.0
exp6_empty_2,1554,557.6927,1.5357684,0.6920435,1.0,0.0,51.0
exp6_empty_2,1555,731.6043,2.9777167,0.6034002,1.0,0.0,26.0
exp6_empty_2,1556,659.30774,2.215594,0.61437947,1.0,0.0,26.0
exp6_empty_2,1557,605.91766,2.764527,0.37824935,1.0,0.0,18.0
exp6_empty_2,1558,-179.08891,4.749418,0.15445592,0.0,1.0,5.0
exp6_empty_2,1559,674.3008,4.233047,0.44051516,1.0,0.0,13.0
exp6_empty_2,1561,601.6437,1.3716525,0.5277692,1.0,0.0,36.0
exp6_empty_2,1562,580.8926,2.1641192,0.39973807,1.0,0.0,27.0
exp6_empty_2,1563,-240.03012,3.3823984,0.508706,0.0,1.0,14.0
exp6_empty_2,1564,658.5027,2.535568,0.47556382,1.0,0.0,26.0
exp6_empty_2,1565,573.4481,2.3290017,0.63245994,1.0,0.0,21.0
exp6_empty_2,1566,-190.25713,4.5178885,0.08652178,0.0,1.0,6.0
exp6_empty_2,1567,683.1604,2.2141242,0.32515812,1.0,0.0,31.0
exp6_empty_2,1568,631.98596,2.5860767,0.4594932,1.0,0.0,25.0
exp6_empty_2,1569,-363.39133,4.5651565,0.07567191,0.0,1.0,5.0
exp6_empty_2,1570,-211.50797,3.2601652,0.3644861,0.0,1.0,11.0
exp6_empty_2,1571,-295.92313,2.1319764,0.52789915,0.0,1.0,25.0
exp6_empty_2,1572,-415.59842,4.816703,0.12204118,0.0,1.0,4.0
exp6_empty_2,1573,571.1941,1.5413908,0.68287134,1.0,0.0,39.0
exp6_empty_2,1574,-318.75354,4.28441,0.13123818,0.0,1.0,7.0
exp6_empty_2,1575,-147.82024,4.899338,0.0994302,0.0,1.0,6.0
exp6_empty_2,1576,597.16077,4.035982,0.34223473,1.0,0.0,9.0
exp6_empty_2,1577,593.70294,1.8479761,0.44195303,1.0,0.0,36.0
exp6_empty_2,1578,-272.76434,4.777157,0.1049354,0.0,1.0,7.0
exp6_empty_2,1579,676.78503,2.0879626,0.577558,1.0,0.0,31.0
exp6_empty_2,1581,664.3456,1.3763982,0.3647588,1.0,0.0,46.0
exp6_empty_2,1582,-315.2881,2.5078096,0.41615734,0.0,1.0,17.0
exp6_empty_2,1583,661.53784,2.9248126,0.51669455,1.0,0.0,19.0
exp6_empty_2,1584,539.1865,1.3787003,0.60500264,1.0,0.0,37.0
exp6_empty_2,1585,586.82,3.9886322,0.52751505,1.0,0.0,11.0
exp6_empty_2,1586,574.4269,2.683374,0.39458206,1.0,0.0,22.0
exp6_empty_2,1587,630.0767,2.2265892,0.5727938,1.0,0.0,35.0
exp6_empty_2,1588,-188.28514,2.4542375,0.5350453,0.0,1.0,23.0
exp6_empty_2,1589,602.1823,2.431336,0.43204564,1.0,0.0,20.0
exp6_empty_2,1590,568.43774,1.5152601,0.6287495,1.0,0.0,57.0
exp6_empty_2,1591,584.66455,1.0572704,0.30099264,1.0,0.0,59.0
exp6_empty_2,1592,-382.60757,4.866814,0.138468,0.0,1.0,3.0
exp6_empty_2,1593,-417.3762,4.7765636,0.033267766,0.0,1.0,2.0
exp6_empty_2,1594,-445.0895,4.951257,0.041658614,0.0,1.0,1.0
exp6_empty_2,1595,518.3528,2.3523118,0.47086433,1.0,0.0,22.0
exp6_empty_2,1596,708.8027,2.2188728,0.3575389,1.0,0.0,27.0
exp6_empty_2,1597,539.1348,2.6806164,0.47927955,1.0,0.0,11.0
exp6_empty_2,1598,671.041,1.3980421,0.28026882,1.0,0.0,41.0
exp6_empty_2,1599,527.60394,2.592851,0.5479829,1.0,0.0,21.0
exp6_empty_2,1601,592.5382,1.9729367,0.63492393,1.0,0.0,34.0
exp6_empty_2,1602,-118.231094,3.8238537,0.3865129,0.0,1.0,14.0
exp6_empty_2,1603,-212.70953,4.8018794,0.08339446,0.0,1.0,7.0
exp6_empty_2,1604,569.69147,2.175686,0.58185995,1.0,0.0,33.0
exp6_empty_2,1605,554.0425,1.9972996,0.547251,1.0,0.0,29.0
exp6_empty_2,1606,-88.9545,2.3272417,0.5176449,0.0,1.0,22.0
exp6_empty_2,1607,567.04834,2.6079464,0.50672066,1.0,0.0,22.0
exp6_empty_2,1608,597.37476,3.3785696,0.4582478,1.0,0.0,18.0
exp6_empty_2,1609,673.42773,2.6520777,0.4024752,1.0,0.0,20.0
exp6_empty_2,1610,545.9341,1.8987728,0.60272866,1.0,0.0,24.0
exp6_empty_2,1611,690.12756,2.86398,0.4916393,1.0,0.0,24.0
exp6_empty_2,1612,633.84326,2.7410336,0.5898359,1.0,0.0,19.0
exp6_empty_2,1613,680.2436,2.1422884,0.59991014,1.0,0.0,30.0
exp6_empty_2,1614,504.15533,1.1358408,0.83077157,1.0,0.0,61.0
exp6_empty_2,1615,580.3024,2.9394464,0.4572536,1.0,0.0,18.0
exp6_empty_2,1616,571.27356,2.1712494,0.52893645,1.0,0.0,18.0
exp6_empty_2,1617,694.99677,2.1482031,0.1147702,1.0,0.0,23.0
exp6_empty_2,1618,647.2304,3.2254047,0.51155716,1.0,0.0,17.0
exp6_empty_2,1619,618.4772,2.9348278,0.40904617,1.0,0.0,14.0
exp6_empty_2,1621,-246.60063,4.8625736,0.14413188,0.0,1.0,9.0
exp6_empty_2,1622,-274.46353,2.2221355,0.55349535,0.0,1.0,18.0
exp6_empty_2,1623,621.4253,2.1537688,0.5023062,1.0,0.0,20.0
exp6_empty_2,1624,711.96045,2.4660628,0.27411434,1.0,0.0,27.0
exp6_empty_2,1625,591.50476,2.4146316,0.65030056,1.0,0.0,23.0
exp6_empty_2,1626,570.2915,2.0371802,0.42893395,1.0,0.0,28.0
exp6_empty_2,1627,588.02704,2.1179523,0.585858,1.0,0.0,31.0
exp6_empty_2,1628,659.6289,2.6805367,0.3688686,1.0,0.0,21.0
exp6_empty_2,1629,628.4867,1.102654,0.2442591,1.0,0.0,44.0
exp6_empty_2,1630,611.4814,3.8118253,0.42954367,1.0,0.0,13.0
exp6_empty_2,1631,-291.12036,4.708857,0.07502705,0.0,1.0,7.0
exp6_empty_2,1632,515.0661,1.1161476,0.63955754,1.0,0.0,41.0
exp6_empty_2,1633,-292.78827,3.5106113,0.35075146,0.0,1.0,13.0
exp6_empty_2,1634,-268.21902,4.6060147,0.08725349,0.0,1.0,8.0
exp6_empty_2,1635,616.23956,3.2609665,0.35123566,1.0,0.0,12.0
exp6_empty_2,1636,681.2854,4.395938,0.13177504,1.0,0.0,10.0
exp6_empty_2,1637,-325.88544,4.611544,0.11969487,0.0,1.0,5.0
exp6_empty_2,1638,-194.97162,4.5560822,0.053815547,0.0,1.0,7.0
exp6_empty_2,1639,-419.23898,4.4984007,0.1557098,0.0,1.0,2.0
exp6_empty_2,1641,-248.03181,4.398532,0.121193945,0.0,1.0,4.0
exp6_empty_2,1642,607.1125,1.1475018,0.3641782,1.0,0.0,46.0
exp6_empty_2,1643,526.86676,1.9772388,0.41775528,1.0,0.0,18.0
exp6_empty_2,1644,-199.3034,4.169071,0.15306291,0.0,1.0,5.0
exp6_empty_2,1645,601.52124,2.1993935,0.5535113,1.0,0.0,25.0
exp6_empty_2,1646,-253.67741,4.4394374,0.4388385,0.0,1.0,11.0
exp6_empty_2,1647,-345.95178,4.728914,0.13291916,0.0,1.0,6.0
exp6_empty_2,1648,-132.76103,4.4344544,0.085414,0.0,1.0,7.0
exp6_empty_2,1649,528.9689,2.1236618,0.5035024,1.0,0.0,24.0
exp6_empty_2,1650,604.4558,1.4218118,0.2891414,1.0,0.0,36.0
exp6_empty_2,1651,-319.7397,4.860644,0.13145208,0.0,1.0,5.0
exp6_empty_2,1652,-388.39508,4.5064406,0.07120244,0.0,1.0,4.0
exp6_empty_2,1653,-181.28978,4.8949103,0.10757978,0.0,1.0,5.0
exp6_empty_2,1654,681.8349,4.1394467,0.39583698,1.0,0.0,14.0
exp6_empty_2,1655,547.6304,1.7341893,0.39769694,1.0,0.0,25.0
exp6_empty_2,1656,636.60785,2.3984985,0.5172832,1.0,0.0,25.0
exp6_empty_2,1657,661.68695,2.7491243,0.60573906,1.0,0.0,22.0
exp6_empty_2,1658,633.8353,1.2508283,0.5624231,1.0,0.0,88.0
exp6_empty_2,1659,-244.5535,4.5612645,0.062207583,0.0,1.0,4.0
exp6_empty_2,1661,-339.66162,4.2580214,0.11074568,0.0,1.0,5.0
exp6_empty_2,1662,587.667,1.1829988,0.27014762,1.0,0.0,49.0
exp6_empty_2,1663,574.166,2.4478743,0.39587095,1.0,0.0,14.0
exp6_empty_2,1664,682.5845,2.6706126,0.44436577,1.0,0.0,27.0
exp6_empty_2,1665,685.0277,1.3358706,0.2524854,1.0,0.0,51.0
exp6_empty_2,1666,638.0579,2.1987643,0.44096458,1.0,0.0,22.0
exp6_empty_2,1667,-280.0597,4.6333914,0.034737136,0.0,1.0,2.0
exp6_empty_2,1668,630.5978,1.1894455,0.42049333,1.0,0.0,57.0
exp6_empty_2,1669,589.8405,3.1650238,0.37719464,1.0,0.0,17.0
exp6_empty_2,1670,654.3668,2.4817698,0.46683282,1.0,0.0,20.0
exp6_empty_2,1671,-135.3075,4.6859827,0.075186834,0.0,1.0,7.0
exp6_empty_2,1672,535.658,2.0524745,0.48123354,1.0,0.0,26.0
exp6_empty_2,1673,554.10046,1.4254272,0.6168807,1.0,0.0,30.0
exp6_empty_2,1674,607.9668,3.5007553,0.38776457,1.0,0.0,11.0
exp6_empty_2,1675,676.343,1.945309,0.6050197,1.0,0.0,33.0
exp6_empty_2,1676,-445.10535,4.9400687,0.044002656,0.0,1.0,1.0
exp6_empty_2,1677,642.9964,2.3626952,0.53576607,1.0,0.0,20.0
exp6_empty_2,1678,487.05664,1.8787857,0.5378697,1.0,0.0,25.0
exp6_empty_2,1679,642.42633,1.0637592,0.30099145,1.0,0.0,56.0
exp6_empty_2,1681,643.20825,2.2191448,0.6190199,1.0,0.0,29.0
exp6_empty_2,1682,561.1565,0.9167816,0.4096894,1.0,0.0,54.0
exp6_empty_2,1683,-155.28821,1.8846395,0.52279335,0.0,1.0,27.0
exp6_empty_2,1684,-160.41599,2.9711177,0.39669803,0.0,1.0,18.0
exp6_empty_2,1685,500.61008,1.3477381,0.45759198,1.0,0.0,28.0
exp6_empty_2,1686,668.5719,2.259434,0.41712636,1.0,0.0,28.0
exp6_empty_2,1687,592.82776,2.5871835,0.380492,1.0,0.0,13.0
exp6_empty_2,1688,-121.35634,4.631642,0.10571599,0.0,1.0,8.0
exp6_empty_2,1689,-181.39156,4.3358574,0.15867123,0.0,1.0,10.0
exp6_empty_2,1690,-312.52185,2.1138487,0.4060063,0.0,1.0,21.0
exp6_empty_2,1691,718.99854,3.663026,0.25944442,1.0,0.0,14.0
exp6_empty_2,1692,-258.34708,4.7134933,0.11605883,0.0,1.0,8.0
exp6_empty_2,1693,597.15967,1.2728062,0.59546375,1.0,0.0,40.0
exp6_empty_2,1694,729.5177,3.6620758,0.30317178,1.0,0.0,15.0
exp6_empty_2,1695,-374.29614,3.8566923,0.055131115,0.0,1.0,4.0
exp6_empty_2,1696,583.04944,3.572836,0.12177914,1.0,0.0,8.0
exp6_empty_2,1697,573.9033,0.8781186,0.40649527,1.0,0.0,58.0
exp6_empty_2,1698,-69.28041,4.339987,0.101845,0.0,1.0,9.0
exp6_empty_2,1699,636.3793,2.3841796,0.30338234,1.0,0.0,23.0
exp6_empty_2,1701,594.30396,1.2817813,0.26074502,1.0,0.0,37.0
exp6_empty_2,1702,-131.88434,4.516324,0.069762155,0.0,1.0,7.0
exp6_empty_2,1703,-420.15063,4.1251884,0.07657639,0.0,1.0,3.0
exp6_empty_2,1704,-408.57275,4.8209653,0.15650083,0.0,1.0,3.0
exp6_empty_2,1705,-311.40933,4.3795686,0.11421745,0.0,1.0,7.0
exp6_empty_2,1706,589.89856,3.898365,0.29231519,1.0,0.0,11.0
exp6_empty_2,1707,668.07294,2.3228,0.4494384,1.0,0.0,31.0
exp6_empty_2,1708,643.62836,1.4186187,0.34911358,1.0,0.0,44.0
exp6_empty_2,1709,634.10516,1.9995117,0.47557586,1.0,0.0,32.0
exp6_empty_2,1710,-437.8278,4.840986,0.18094556,0.0,1.0,3.0
exp6_empty_2,1711,606.3283,1.9133772,0.5589822,1.0,0.0,35.0
exp6_empty_2,1712,698.0917,2.1884713,0.34195486,1.0,0.0,33.0
exp6_empty_2,1713,-191.23859,4.7210336,0.091592655,0.0,1.0,10.0
exp6_empty_2,1714,-89.068405,4.3789372,0.12903188,0.0,1.0,9.0
exp6_empty_2,1715,644.5309,2.444453,0.5603353,1.0,0.0,21.0
exp6_empty_2,1716,545.57764,1.9260651,0.38278306,1.0,0.0,17.0
exp6_empty_2,1717,-300.21576,3.1294346,0.37433037,0.0,1.0,12.0
exp6_empty_2,1718,558.44476,1.713793,0.61685383,1.0,0.0,23.0
exp6_empty_2,1719,652.3484,3.4998627,0.43584508,1.0,0.0,15.0
exp6_empty_2,1721,673.0226,3.1154468,0.5943225,1.0,0.0,20.0
exp6_empty_2,1722,601.65424,2.03849,0.48320866,1.0,0.0,25.0
exp6_empty_2,1723,523.7658,2.561422,0.45810974,1.0,0.0,12.0
exp6_empty_2,1724,-273.01202,3.0586162,0.27741253,0.0,1.0,21.0
exp6_empty_2,1725,709.4834,2.0985153,0.4955014,1.0,0.0,32.0
exp6_empty_2,1726,622.9789,2.1706698,0.36613145,1.0,0.0,37.0
exp6_empty_2,1727,628.54663,2.632931,0.5973636,1.0,0.0,22.0
exp6_empty_2,1728,-302.21378,4.2212925,0.1217014,0.0,1.0,1.0
exp6_empty_2,1729,562.5681,2.275489,0.51200855,1.0,0.0,19.0
exp6_empty_2,1730,676.1775,2.428354,0.50442517,1.0,0.0,22.0
exp6_empty_2,1731,-117.842545,4.7738786,0.13431579,0.0,1.0,7.0
exp6_empty_2,1732,-447.12253,3.7105415,0.44043317,0.0,1.0,1.0
exp6_empty_2,1733,554.0816,2.0174692,0.49251312,1.0,0.0,28.0
exp6_empty_2,1734,-183.24783,2.9895792,0.42826468,0.0,1.0,17.0
exp6_empty_2,1735,701.96,3.9282522,0.41948625,1.0,0.0,16.0
exp6_empty_2,1736,686.08215,2.32644,0.53201956,1.0,0.0,28.0
exp6_empty_2,1737,-184.0404,4.64241,0.0952973,0.0,1.0,7.0
exp6_empty_2,1738,-239.5092,2.0424592,0.4568285,0.0,1.0,27.0
exp6_empty_2,1739,-306.81006,4.9770107,0.30755723,0.0,1.0,1.0
exp6_empty_2,1741,666.26605,2.7052913,0.53853834,1.0,0.0,23.0
exp6_empty_2,1742,618.4691,1.3446236,0.29858544,1.0,0.0,47.0
exp6_empty_2,1743,-161.44345,3.5379503,0.36041385,0.0,1.0,17.0
exp6_empty_2,1744,-386.69366,4.4994626,0.15066673,0.0,1.0,3.0
exp6_empty_2,1745,582.777,3.0462456,0.36667022,1.0,0.0,12.0
exp6_empty_2,1746,-417.01196,4.6181483,0.22455817,0.0,1.0,2.0
exp6_empty_2,1747,657.24744,4.319194,0.37685105,1.0,0.0,12.0
exp6_empty_2,1748,-190.73405,4.618406,0.11173504,0.0,1.0,8.0
exp6_empty_2,1749,-247.67508,4.463774,0.10329705,0.0,1.0,9.0
exp6_empty_2,1750,-309.7385,4.508367,0.17589413,0.0,1.0,1.0
exp6_empty_2,1751,-280.69678,4.5842643,0.089915745,0.0,1.0,7.0
exp6_empty_2,1752,-394.72134,4.34446,0.13437049,0.0,1.0,3.0
exp6_empty_2,1753,599.79944,2.6610312,0.5289875,1.0,0.0,20.0
exp6_empty_2,1754,643.14026,1.6175561,0.43414617,1.0,0.0,38.0
exp6_empty_2,1755,-154.45505,4.8719935,0.096955724,0.0,1.0,6.0
exp6_empty_2,1756,637.3279,2.1308112,0.32191703,1.0,0.0,26.0
exp6_empty_2,1757,670.175,2.6506112,0.49131703,1.0,0.0,20.0
exp6_empty_2,1758,-302.6543,4.870933,0.067845665,0.0,1.0,6.0
exp6_empty_2,1759,603.13855,1.9587642,0.44517517,1.0,0.0,32.0
exp6_empty_2,1761,697.7475,2.827886,0.58258253,1.0,0.0,25.0
exp6_empty_2,1762,671.4079,2.664909,0.5875107,1.0,0.0,23.0
exp6_empty_2,1763,532.5136,1.6594828,0.5120071,1.0,0.0,30.0
exp6_empty_2,1764,644.01575,1.3281527,0.22407283,1.0,0.0,44.0
exp6_empty_2,1765,605.01306,2.7214663,0.34721452,1.0,0.0,20.0
exp6_empty_2,1766,-445.40405,4.6066713,0.45838377,0.0,1.0,1.0
exp6_empty_2,1767,667.82434,2.4751482,0.4496454,1.0,0.0,22.0
exp6_empty_2,1768,669.4686,2.1476014,0.5693664,1.0,0.0,25.0
exp6_empty_2,1769,610.94434,2.6350317,0.42808634,1.0,0.0,20.0
exp6_empty_2,1770,617.17944,2.184405,0.45287234,1.0,0.0,27.0
exp6_empty_2,1771,-227.06444,4.658271,0.12585792,0.0,1.0,8.0
exp6_empty_2,1772,625.07947,2.6951184,0.40175664,1.0,0.0,15.0
exp6_empty_2,1773,564.7135,2.4674842,0.5186066,1.0,0.0,18.0
exp6_empty_2,1774,557.34595,2.341301,0.50038964,1.0,0.0,24.0
exp6_empty_2,1775,565.5158,1.484244,0.51157826,1.0,0.0,39.0
exp6_empty_2,1776,701.3299,3.219971,0.37066185,1.0,0.0,17.0
exp6_empty_2,1777,687.3982,3.6545353,0.41870487,1.0,0.0,17.0
exp6_empty_2,1778,574.3616,2.7017608,0.44947782,1.0,0.0,16.0
exp6_empty_2,1779,613.1582,2.5281885,0.47054332,1.0,0.0,18.0
exp6_empty_2,1781,580.96313,2.1622982,0.5234173,1.0,0.0,22.0
exp6_empty_2,1782,717.38403,2.4276435,0.2652311,1.0,0.0,23.0
exp6_empty_2,1783,543.9105,2.8922257,0.48864636,1.0,0.0,10.0
exp6_empty_2,1784,624.663,3.425599,0.35568118,1.0,0.0,11.0
exp6_empty_2,1785,-184.16745,1.8827193,0.61949843,0.0,1.0,21.0
exp6_empty_2,1786,-220.36316,3.849712,0.32614958,0.0,1.0,15.0
exp6_empty_2,1787,-417.4296,4.620884,0.29735768,0.0,1.0,2.0
exp6_empty_2,1788,-353.58926,4.5955806,0.13911769,0.0,1.0,6.0
exp6_empty_2,1789,521.3636,3.2166302,0.63763726,1.0,0.0,8.0
exp6_empty_2,1790,461.13803,1.8456818,0.5622718,1.0,0.0,24.0
exp6_empty_2,1791,581.3457,1.9794698,0.4185666,1.0,0.0,33.0
exp6_empty_2,1792,603.4209,2.1553955,0.5271333,1.0,0.0,28.0
exp6_empty_2,1793,644.34534,2.1663108,0.34662223,1.0,0.0,34.0
exp6_empty_2,1794,-355.0914,4.715685,0.15932627,0.0,1.0,4.0
exp6_empty_2,1795,693.55225,2.4048955,0.31437907,1.0,0.0,26.0
exp6_empty_2,1796,552.2327,1.4505624,0.59952664,1.0,0.0,49.0
exp6_empty_2,1797,576.95447,3.0309134,0.40254852,1.0,0.0,12.0
exp6_empty_2,1798,-321.97266,4.839699,0.0910569,0.0,1.0,5.0
exp6_empty_2,1799,-244.13199,4.1970983,0.26679865,0.0,1.0,7.0
exp6_empty_2,1801,618.7274,2.004661,0.4206766,1.0,0.0,27.0
exp6_empty_2,1802,686.51086,1.9380625,0.25629428,1.0,0.0,29.0
exp6_empty_2,1803,664.44556,1.6884663,0.24227442,1.0,0.0,34.0
exp6_empty_2,1804,709.59937,2.6356401,0.5511035,1.0,0.0,27.0
exp6_empty_2,1805,-334.7687,4.512215,0.10964248,0.0,1.0,5.0
exp6_empty_2,1806,-389.0348,4.8132024,0.08538335,0.0,1.0,3.0
exp6_empty_2,1807,-337.5266,4.63533,0.44250184,0.0,1.0,1.0
exp6_empty_2,1808,-352.89093,4.451088,0.14178824,0.0,1.0,6.0
exp6_empty_2,1809,608.6507,4.6275144,0.13711019,1.0,0.0,7.0
exp6_empty_2,1810,-360.38446,4.7849994,0.09790469,0.0,1.0,6.0
exp6_empty_2,1811,737.66296,4.179119,0.31344318,1.0,0.0,13.0
exp6_empty_2,1812,669.3154,1.9846483,0.33716172,1.0,0.0,31.0
exp6_empty_2,1813,694.4992,2.3966544,0.62018317,1.0,0.0,27.0
exp6_empty_2,1814,-323.30673,4.6127796,0.12118383,0.0,1.0,5.0
exp6_empty_2,1815,-249.1105,4.5992055,0.20710029,0.0,1.0,6.0
exp6_empty_2,1816,642.6532,2.6018677,0.4887966,1.0,0.0,24.0
exp6_empty_2,1817,-315.7587,4.7937994,0.15639761,0.0,1.0,5.0
exp6_empty_2,1818,611.7366,2.0321739,0.56056,1.0,0.0,22.0
exp6_empty_2,1819,581.45734,1.8390144,0.48826993,1.0,0.0,33.0
exp6_empty_2,1821,540.5182,1.487283,0.5677636,1.0,0.0,29.0
exp6_empty_2,1822,504.43607,1.2394451,0.5203625,1.0,0.0,37.0
exp6_empty_2,1823,585.335,2.0627851,0.55996144,1.0,0.0,21.0
exp6_empty_2,1824,-211.6593,3.1261299,0.42200324,0.0,1.0,15.0
exp6_empty_2,1825,-183.3169,2.90485,0.41141492,0.0,1.0,17.0
exp6_empty_2,1826,665.8141,3.9684222,0.31742144,1.0,0.0,13.0
exp6_empty_2,1827,548.78485,1.8872267,0.48529658,1.0,0.0,31.0
exp6_empty_2,1828,632.6478,2.0650725,0.5668255,1.0,0.0,25.0
exp6_empty_2,1829,-303.97864,4.871513,0.107188426,0.0,1.0,6.0
exp6_empty_2,1830,521.7265,1.7085683,0.591686,1.0,0.0,19.0
exp6_empty_2,1831,-328.8784,4.487182,0.25227386,0.0,1.0,2.0
exp6_empty_2,1832,-356.67697,4.702242,0.093703896,0.0,1.0,4.0
exp6_empty_2,1833,650.65344,2.2507582,0.5320672,1.0,0.0,28.0
exp6_empty_2,1834,-189.61287,3.9802244,0.28394482,0.0,1.0,12.0
exp6_empty_2,1835,645.77057,3.6928098,0.3149915,1.0,0.0,12.0
exp6_empty_2,1836,521.8522,1.8401254,0.6153174,1.0,0.0,20.0
exp6_empty_2,1837,-310.7515,4.9999065,0.45893955,0.0,1.0,1.0
exp6_empty_2,1838,677.7575,2.6752815,0.49413592,1.0,0.0,21.0
exp6_empty_2,1839,632.504,2.4322975,0.52419996,1.0,0.0,24.0
exp6_empty_2,1841,-214.52843,4.6697764,0.105733156,0.0,1.0,8.0
exp6_empty_2,1842,563.84076,1.7009543,0.59555024,1.0,0.0,24.0
exp6_empty_2,1843,592.3066,1.623809,0.6309878,1.0,0.0,45.0
exp6_empty_2,1844,-293.18304,2.092911,0.5001004,0.0,1.0,21.0
exp6_empty_2,1845,570.702,2.0582561,0.41334325,1.0,0.0,30.0
exp6_empty_2,1846,626.1626,2.4286318,0.38188475,1.0,0.0,18.0
exp6_empty_2,1847,645.3934,4.6846776,0.11069223,1.0,0.0,8.0
exp6_empty_2,1848,632.46265,2.1219742,0.47965464,1.0,0.0,23.0
exp6_empty_2,1849,-245.5459,4.3261433,0.13418415,0.0,1.0,4.0
exp6_empty_2,1850,-309.71204,3.1903687,0.35259783,0.0,1.0,1.0
exp6_empty_2,1851,606.82825,2.913605,0.47471163,1.0,0.0,22.0
exp6_empty_2,1852,-184.20111,1.6754794,0.4725467,0.0,1.0,25.0
exp6_empty_2,1853,568.7899,1.9415218,0.5162366,1.0,0.0,24.0
exp6_empty_2,1854,-109.64754,4.234762,0.3908695,0.0,1.0,11.0
exp6_empty_2,1855,-235.18579,4.527623,0.084332906,0.0,1.0,8.0
exp6_empty_2,1856,-150.41406,4.8491383,0.33188325,0.0,1.0,11.0
exp6_empty_2,1857,569.4032,2.439554,0.4891985,1.0,0.0,22.0
exp6_empty_2,1858,649.8379,2.1322215,0.55362856,1.0,0.0,32.0
exp6_empty_2,1859,-350.7198,4.7951164,0.18772125,0.0,1.0,4.0
exp6_empty_2,1861,493.8833,1.6260608,0.5157956,1.0,0.0,20.0
exp6_empty_2,1862,-87.435455,4.816634,0.08949332,0.0,1.0,10.0
exp6_empty_2,1863,600.327,3.3681564,0.30710217,1.0,0.0,13.0
exp6_empty_2,1864,-70.1953,3.0308242,0.37831402,0.0,1.0,15.0
exp6_empty_2,1865,-142.04482,2.9312382,0.35472614,0.0,1.0,14.0
exp6_empty_2,1866,-258.8614,4.6080737,0.42457977,0.0,1.0,10.0
exp6_empty_2,1867,577.67566,1.7960018,0.48920622,1.0,0.0,31.0
exp6_empty_2,1868,-161.58559,4.8535013,0.15566672,0.0,1.0,10.0
exp6_empty_2,1869,606.09784,3.6381557,0.38362157,1.0,0.0,13.0
exp6_empty_2,1870,660.21826,2.6688244,0.5029483,1.0,0.0,21.0
exp6_empty_2,1871,645.89386,2.1632593,0.6238462,1.0,0.0,26.0
exp6_empty_2,1872,661.2584,1.3921907,0.45495483,1.0,0.0,51.0
exp6_empty_2,1873,661.7273,2.1398978,0.41411808,1.0,0.0,28.0
exp6_empty_2,1874,726.8725,2.5277421,0.35459557,1.0,0.0,27.0
exp6_empty_2,1875,604.0353,1.52592,0.5344144,1.0,0.0,53.0
exp6_empty_2,1876,674.00024,2.7758563,0.45403025,1.0,0.0,23.0
exp6_empty_2,1877,621.9625,2.459406,0.6356392,1.0,0.0,27.0
exp6_empty_2,1878,616.5272,1.9699149,0.5782307,1.0,0.0,30.0
exp6_empty_2,1879,679.2907,4.780529,0.12452795,1.0,0.0,10.0
exp6_empty_2,1881,702.9455,2.7173138,0.44943318,1.0,0.0,21.0
exp6_empty_2,1882,627.8895,2.2399168,0.29777345,1.0,0.0,25.0
exp6_empty_2,1883,709.9531,3.932252,0.26564306,1.0,0.0,16.0
exp6_empty_2,1884,680.4387,4.5508795,0.38984647,1.0,0.0,13.0
exp6_empty_2,1885,618.80994,2.2299008,0.5348968,1.0,0.0,20.0
exp6_empty_2,1886,529.3513,1.6172955,0.50274605,1.0,0.0,26.0
exp6_empty_2,1887,650.591,2.897881,0.40078408,1.0,0.0,20.0
exp6_empty_2,1888,634.1327,2.0043073,0.35101247,1.0,0.0,31.0
exp6_empty_2,1889,-326.62524,4.750936,0.086048014,0.0,1.0,6.0
exp6_empty_2,1890,-360.04868,4.5984573,0.10879314,0.0,1.0,4.0
exp6_empty_2,1891,-277.04962,4.404131,0.26886895,0.0,1.0,2.0
exp6_empty_2,1892,685.02594,2.516804,0.3847483,1.0,0.0,26.0
exp6_empty_2,1893,-387.557,4.6688933,0.16206552,0.0,1.0,3.0
exp6_empty_2,1894,523.0032,1.98722,0.59282124,1.0,0.0,20.0
exp6_empty_2,1895,-263.84116,4.727634,0.17070796,0.0,1.0,4.0
exp6_empty_2,1896,518.8819,1.0333385,0.45595086,1.0,0.0,54.0
exp6_empty_2,1897,-88.34674,4.8863063,0.07838255,0.0,1.0,8.0
exp6_empty_2,1898,576.70056,3.1696556,0.3795198,1.0,0.0,12.0
exp6_empty_2,1899,705.9503,3.8295748,0.31952712,1.0,0.0,13.0
exp6_empty_2,1901,626.6967,2.773412,0.3331788,1.0,0.0,15.0
exp6_empty_2,1902,-229.0504,4.886653,0.076597504,0.0,1.0,9.0
exp6_empty_2,1903,-150.45453,4.828527,0.11516779,0.0,1.0,6.0
exp6_empty_2,1904,-157.59799,4.828501,0.105036795,0.0,1.0,6.0
exp6_empty_2,1905,666.4929,1.6546721,0.3150471,1.0,0.0,35.0
exp6_empty_2,1906,-215.40057,3.6278508,0.36707136,0.0,1.0,15.0
exp6_empty_2,1907,-244.24422,4.8052945,0.15429877,0.0,1.0,5.0
exp6_empty_2,1908,700.78235,2.9997914,0.4914621,1.0,0.0,21.0
exp6_empty_2,1909,682.7317,2.1221087,0.42822075,1.0,0.0,27.0
exp6_empty_2,1910,-291.2997,4.6485715,0.08032418,0.0,1.0,7.0
exp6_empty_2,1911,-359.281,4.630368,0.087206215,0.0,1.0,5.0
exp6_empty_2,1912,-225.50026,1.0685443,0.45416915,0.0,1.0,37.0
exp6_empty_2,1913,563.6863,1.9494526,0.4013238,1.0,0.0,20.0
exp6_empty_2,1914,541.9677,1.4943132,0.43363804,1.0,0.0,34.0
exp6_empty_2,1915,590.49097,2.346982,0.34628955,1.0,0.0,22.0
exp6_empty_2,1916,702.178,3.2245667,0.3612768,1.0,0.0,17.0
exp6_empty_2,1917,-242.43176,4.6224613,0.09191653,0.0,1.0,3.0
exp6_empty_2,1918,-141.59535,4.425548,0.08736692,0.0,1.0,8.0
exp6_empty_2,1919,555.3563,2.7064645,0.31371,1.0,0.0,13.0
exp6_empty_2,1921,660.72644,2.929215,0.41658872,1.0,0.0,19.0
exp6_empty_2,1922,509.34738,1.8669649,0.47151935,1.0,0.0,23.0
exp6_empty_2,1923,594.0924,3.6405933,0.3807118,1.0,0.0,12.0
exp6_empty_2,1924,-191.92404,4.592361,0.08201115,0.0,1.0,6.0
exp6_empty_2,1925,-200.76448,4.5024133,0.39672604,0.0,1.0,12.0
exp6_empty_2,1926,578.41565,3.0540075,0.3324504,1.0,0.0,13.0
exp6_empty_2,1927,-436.219,3.0760796,0.18995436,0.0,1.0,2.0
exp6_empty_2,1928,603.4587,1.6425499,0.4169339,1.0,0.0,43.0
exp6_empty_2,1929,591.8388,3.262501,0.5748338,1.0,0.0,15.0
exp6_empty_2,1930,603.8433,4.5325866,0.14039175,1.0,0.0,7.0
exp6_empty_2,1931,-361.6571,4.7323008,0.107240364,0.0,1.0,4.0
exp6_empty_2,1932,704.58484,3.3887143,0.35133725,1.0,0.0,16.0
exp6_empty_2,1933,560.1585,1.7874454,0.5044096,1.0,0.0,35.0
exp6_empty_2,1934,604.5735,3.0564797,0.47505873,1.0,0.0,14.0
exp6_empty_2,1935,550.186,2.3737204,0.6165039,1.0,0.0,19.0
exp6_empty_2,1936,-414.92633,4.996898,0.36323246,0.0,1.0,2.0
exp6_empty_2,1937,684.20746,3.8040671,0.3572267,1.0,0.0,15.0
exp6_empty_2,1938,689.7702,2.1755912,0.6060486,1.0,0.0,31.0
exp6_empty_2,1939,587.27637,2.5149345,0.47161436,1.0,0.0,22.0
exp6_empty_2,1941,639.3285,3.709049,0.28748867,1.0,0.0,13.0
exp6_empty_2,1942,606.2213,2.31356,0.46722618,1.0,0.0,21.0
exp6_empty_2,1943,646.77423,2.6474285,0.32206354,1.0,0.0,24.0
exp6_empty_2,1944,-53.18936,3.6331115,0.34711033,0.0,1.0,14.0
exp6_empty_2,1945,566.6309,1.6159744,0.36986563,1.0,0.0,38.0
exp6_empty_2,1946,-238.27982,2.2834904,0.43110374,0.0,1.0,26.0
exp6_empty_2,1947,-297.1908,4.7464943,0.11329462,0.0,1.0,7.0
exp6_empty_2,1948,-329.76785,4.849819,0.17143747,0.0,1.0,5.0
exp6_empty_2,1949,-306.92593,4.268062,0.4611229,0.0,1.0,1.0
exp6_empty_2,1950,-198.72206,2.5423052,0.31324825,0.0,1.0,21.0
exp6_empty_2,1951,719.82117,3.2288165,0.17167057,1.0,0.0,16.0
exp6_empty_2,1952,-266.45416,4.652281,0.14029159,0.0,1.0,11.0
exp6_empty_2,1953,-104.65028,4.2825384,0.18952115,0.0,1.0,9.0
exp6_empty_2,1954,635.657,3.222714,0.6231199,1.0,0.0,15.0
exp6_empty_2,1955,-335.40048,4.2362266,0.3101584,0.0,1.0,1.0
exp6_empty_2,1956,575.51776,1.6623216,0.5152727,1.0,0.0,32.0
exp6_empty_2,1957,651.31946,3.2499127,0.40920392,1.0,0.0,15.0
exp6_empty_2,1958,530.42664,1.5453364,0.38500607,1.0,0.0,38.0
exp6_empty_2,1959,520.72626,1.6437051,0.54237866,1.0,0.0,23.0
exp6_empty_2,1961,666.3067,1.9575043,0.3387251,1.0,0.0,29.0
exp6_empty_2,1962,-293.44995,4.75209,0.1599253,0.0,1.0,6.0
exp6_empty_2,1963,-321.1448,4.6561475,0.12735613,0.0,1.0,7.0
exp6_empty_2,1964,-390.89697,4.879845,0.16038488,0.0,1.0,3.0
exp6_empty_2,1965,675.2711,2.728339,0.4545956,1.0,0.0,24.0
exp6_empty_2,1966,580.7958,1.8354537,0.50643516,1.0,0.0,25.0
exp6_empty_2,1967,695.1199,3.5584002,0.23128825,1.0,0.0,16.0
exp6_empty_2,1968,-182.05894,4.886578,0.08161482,0.0,1.0,6.0
exp6_empty_2,1969,563.124,2.3063176,0.4275498,1.0,0.0,21.0
exp6_empty_2,1970,551.82654,2.2288015,0.48611063,1.0,0.0,15.0
exp6_empty_2,1971,571.11646,1.7868993,0.5698461,1.0,0.0,28.0
exp6_empty_2,1972,560.2239,2.2694738,0.57357043,1.0,0.0,14.0
exp6_empty_2,1973,726.8213,2.086849,0.4797264,1.0,0.0,32.0
exp6_empty_2,1974,649.5283,3.0107014,0.19323178,1.0,0.0,15.0
exp6_empty_2,1975,-275.4303,2.2281697,0.40137878,0.0,1.0,26.0
exp6_empty_2,1976,685.6327,2.8093936,0.5392758,1.0,0.0,21.0
exp6_empty_2,1977,593.8478,3.3348355,0.34866253,1.0,0.0,10.0
exp6_empty_2,1978,602.86694,2.4083068,0.5941675,1.0,0.0,20.0
exp6_empty_2,1979,724.2246,1.555785,0.37738067,1.0,0.0,47.0
exp6_empty_2,1981,681.0103,2.2787867,0.44742218,1.0,0.0,30.0
exp6_empty_2,1982,750.1651,3.0219495,0.45336524,1.0,0.0,21.0
exp6_empty_2,1983,519.3017,0.9063661,0.4453805,1.0,0.0,63.0
exp6_empty_2,1984,640.41016,2.6099682,0.57795835,1.0,0.0,19.0
exp6_empty_2,1985,-245.42635,4.7195907,0.10869432,0.0,1.0,8.0
exp6_empty_2,1986,610.3886,1.4484466,0.48464113,1.0,0.0,38.0
exp6_empty_2,1987,609.7992,2.2522776,0.45889384,1.0,0.0,29.0
exp6_empty_2,1988,647.0354,3.2883873,0.3514213,1.0,0.0,13.0
exp6_empty_2,1989,-361.70685,4.867604,0.10518934,0.0,1.0,4.0
exp6_empty_2,1990,574.5738,1.8191975,0.32774878,1.0,0.0,35.0
exp6_empty_2,1991,664.9244,2.565705,0.34053543,1.0,0.0,24.0
exp6_empty_2,1992,596.8688,2.2715318,0.34082144,1.0,0.0,35.0
exp6_empty_2,1993,583.4249,2.0922425,0.3713824,1.0,0.0,24.0
exp6_empty_2,1994,-382.00235,4.876969,0.12217811,0.0,1.0,4.0
exp6_empty_2,1995,-170.49313,4.853961,0.1440213,0.0,1.0,10.0
exp6_empty_2,1996,566.226,4.723588,0.5184789,1.0,0.0,7.0
exp6_empty_2,1997,562.0045,1.6480399,0.5672257,1.0,0.0,31.0
exp6_empty_2,1998,585.7509,2.6862905,0.36669502,1.0,0.0,14.0
exp6_empty_2,1999,656.5645,2.737048,0.55644894,1.0,0.0,19.0
exp6_empty_2,2001,722.2055,1.8265123,0.24137484,1.0,0.0,35.0
exp6_empty_2,2002,-162.87128,2.795847,0.4517485,0.0,1.0,19.0
exp6_empty_2,2003,-268.2249,4.8747153,0.24943161,0.0,1.0,3.0
exp6_empty_2,2004,-210.17581,3.2848134,0.38413635,0.0,1.0,18.0
exp6_empty_2,2005,-281.87903,4.6274657,0.14437886,0.0,1.0,8.0
exp6_empty_2,2006,698.1897,1.7977161,0.5766179,1.0,0.0,37.0
exp6_empty_2,2007,-358.73672,4.837423,0.13708715,0.0,1.0,4.0
exp6_empty_2,2008,-190.50551,4.9034815,0.09416822,0.0,1.0,5.0
exp6_empty_2,2009,651.391,3.7583122,0.27826828,1.0,0.0,11.0
exp6_empty_2,2010,582.754,2.2571344,0.5443179,1.0,0.0,19.0
exp6_empty_2,2011,626.17505,2.4666617,0.40182438,1.0,0.0,19.0
exp6_empty_2,2012,-418.35,4.7493987,0.20140234,0.0,1.0,2.0
exp6_empty_2,2013,717.3578,4.900799,0.1729974,1.0,0.0,10.0
exp6_empty_2,2014,517.6718,1.6649878,0.3914903,1.0,0.0,37.0
exp6_empty_2,2015,-447.40475,4.1281524,0.28030157,0.0,1.0,1.0
exp6_empty_2,2016,678.0833,1.9972017,0.28030556,1.0,0.0,28.0
exp6_empty_2,2017,626.6664,3.0542374,0.6050594,1.0,0.0,16.0
exp6_empty_2,2018,604.8347,2.387909,0.54330176,1.0,0.0,19.0
exp6_empty_2,2019,-330.55615,3.522144,0.40571278,0.0,1.0,11.0
exp6_empty_2,2021,-315.5672,4.9002457,0.07669877,0.0,1.0,5.0
exp6_empty_2,2022,630.68304,1.8110927,0.37764442,1.0,0.0,32.0
exp6_empty_2,2023,-219.62762,4.6840286,0.35852173,0.0,1.0,10.0
exp6_empty_2,2024,645.0806,4.316381,0.38318083,1.0,0.0,10.0
exp6_empty_2,2025,567.96515,2.0262666,0.5170361,1.0,0.0,21.0
exp6_empty_2,2026,-166.67575,4.9443297,0.08292647,0.0,1.0,6.0
exp6_empty_2,2027,-268.19623,4.9283447,0.07652662,0.0,1.0,8.0
exp6_empty_2,2028,703.8209,2.5995066,0.48482007,1.0,0.0,25.0
exp6_empty_2,2029,667.7346,1.5490643,0.5205728,1.0,0.0,44.0
exp6_empty_2,2030,640.30865,4.1511703,0.41622058,1.0,0.0,12.0
exp6_empty_2,2031,-251.49661,4.7908187,0.1484793,0.0,1.0,3.0
exp6_empty_2,2032,644.63196,3.5583682,0.4043531,1.0,0.0,13.0
exp6_empty_2,2033,-358.52954,4.704505,0.12055488,0.0,1.0,5.0
exp6_empty_2,2034,-127.49553,4.550247,0.25353947,0.0,1.0,7.0
exp6_empty_2,2035,-212.87918,4.880116,0.08316852,0.0,1.0,5.0
exp6_empty_2,2036,581.8702,2.2673922,0.45210332,1.0,0.0,22.0
exp6_empty_2,2037,647.2379,2.7559404,0.5949535,1.0,0.0,16.0
exp6_empty_2,2038,-179.79526,2.4116945,0.41186106,0.0,1.0,24.0
exp6_empty_2,2039,-242.63179,4.7680936,0.15122373,0.0,1.0,8.0
exp6_empty_2,2041,-158.93756,4.577742,0.1020661,0.0,1.0,6.0
exp6_empty_2,2042,606.3394,2.300864,0.43371385,1.0,0.0,19.0
exp6_empty_2,2043,-164.87302,3.6562984,0.36666492,0.0,1.0,13.0
exp6_empty_2,2044,-144.9429,4.8726287,0.05491894,0.0,1.0,7.0
exp6_empty_2,2045,598.3921,2.4744096,0.57309675,1.0,0.0,19.0
exp6_empty_2,2046,584.4877,2.2355402,0.47932753,1.0,0.0,16.0
exp6_empty_2,2047,597.7549,2.175428,0.5024645,1.0,0.0,22.0
exp6_empty_2,2048,710.21106,2.6118195,0.42625913,1.0,0.0,21.0
exp6_empty_2,2049,676.26746,2.453952,0.23876502,1.0,0.0,25.0
exp6_empty_2,2050,573.4177,2.1628215,0.43286863,1.0,0.0,17.0
exp6_empty_2,2051,595.2824,2.0962992,0.6398734,1.0,0.0,26.0
exp6_empty_2,2052,725.0136,2.64922,0.42855367,1.0,0.0,28.0
exp6_empty_2,2053,-298.30048,4.768064,0.13081785,0.0,1.0,3.0
exp6_empty_2,2054,-353.61902,4.661798,0.11358879,0.0,1.0,5.0
exp6_empty_2,2055,644.599,2.4748647,0.43157357,1.0,0.0,20.0
exp6_empty_2,2056,-352.02277,4.8576984,0.22863482,0.0,1.0,4.0
exp6_empty_2,2057,647.03265,2.3809114,0.57510304,1.0,0.0,25.0
exp6_empty_2,2058,690.9907,2.8058724,0.49742317,1.0,0.0,20.0
exp6_empty_2,2059,672.3328,2.687395,0.5654244,1.0,0.0,24.0
exp6_empty_2,2061,-277.2292,4.77928,0.1186859,0.0,1.0,2.0
exp6_empty_2,2062,-120.066956,4.899284,0.15322477,0.0,1.0,9.0
exp6_empty_2,2063,607.00073,3.5285048,0.4012511,1.0,0.0,11.0
exp6_empty_2,2064,680.6559,2.3448763,0.5673663,1.0,0.0,29.0
exp6_empty_2,2065,-176.85567,4.8985896,0.07110121,0.0,1.0,6.0
exp6_empty_2,2066,674.2917,3.4601521,0.3139651,1.0,0.0,15.0
exp6_empty_2,2067,-304.75525,4.7395477,0.15156832,0.0,1.0,7.0
exp6_empty_2,2068,-443.53125,4.667576,0.20105119,0.0,1.0,2.0
exp6_empty_2,2069,-192.82605,4.919429,0.10184032,0.0,1.0,5.0
exp6_empty_2,2070,574.8679,2.5060093,0.5461326,1.0,0.0,21.0
exp6_empty_2,2071,614.2955,2.7958713,0.33530846,1.0,0.0,20.0
exp6_empty_2,2072,506.18335,1.505942,0.43996307,1.0,0.0,29.0
exp6_empty_2,2073,-303.41537,4.9999614,0.5461607,0.0,1.0,1.0
exp6_empty_2,2074,564.6929,2.1224535,0.4177094,1.0,0.0,19.0
exp6_empty_2,2075,627.1879,1.1754364,0.2960504,1.0,0.0,50.0
exp6_empty_2,2076,587.1946,2.7708232,0.49758944,1.0,0.0,15.0
exp6_empty_2,2077,-180.40787,4.1529346,0.116654545,0.0,1.0,6.0
exp6_empty_2,2078,-362.00958,3.7377126,0.25850362,0.0,1.0,2.0
exp6_empty_2,2079,567.3912,1.9545015,0.4722422,1.0,0.0,18.0
exp6_empty_2,2081,-206.0654,4.680367,0.10772482,0.0,1.0,6.0
exp6_empty_2,2082,630.7862,2.5139775,0.42923614,1.0,0.0,18.0
exp6_empty_2,2083,-426.46918,3.9322615,0.482616,0.0,1.0,2.0
exp6_empty_2,2084,-296.8872,4.754255,0.091758646,0.0,1.0,8.0
exp6_empty_2,2085,602.71967,2.494289,0.29311267,1.0,0.0,16.0
exp6_empty_2,2086,514.0015,1.5158094,0.57329696,1.0,0.0,29.0
exp6_empty_2,2087,606.95215,3.6808574,0.39964014,1.0,0.0,10.0
exp6_empty_2,2088,-244.9021,1.5439732,0.43032232,0.0,1.0,33.0
exp6_empty_2,2089,-358.55756,4.3252373,0.20753305,0.0,1.0,4.0
exp6_empty_2,2090,-244.4325,4.6589184,0.28370678,0.0,1.0,9.0
exp6_empty_2,2091,-326.40878,4.536084,0.12848897,0.0,1.0,5.0
exp6_empty_2,2092,536.78546,1.4045854,0.51189595,1.0,0.0,36.0
exp6_empty_2,2093,554.4874,2.664358,0.4762518,1.0,0.0,11.0
exp6_empty_2,2094,660.28876,1.6582986,0.24169879,1.0,0.0,37.0
exp6_empty_2,2095,614.0465,2.3089693,0.5995161,1.0,0.0,23.0
exp6_empty_2,2096,587.825,1.9215626,0.42587012,1.0,0.0,32.0
exp6_empty_2,2097,639.8556,1.7904984,0.435087,1.0,0.0,39.0
exp6_empty_2,2098,595.9255,4.3972173,0.19196887,1.0,0.0,7.0
exp6_empty_2,2099,-138.03624,2.453285,0.41055965,0.0,1.0,14.0
exp6_empty_2,2101,656.52814,1.4739223,0.5986817,1.0,0.0,47.0
exp6_empty_2,2102,-263.72296,4.704978,0.10211377,0.0,1.0,7.0
exp6_empty_2,2103,-334.50604,4.8250566,0.17783944,0.0,1.0,5.0
exp6_empty_2,2104,-224.71036,4.4480224,0.13379093,0.0,1.0,4.0
exp6_empty_2,2105,627.7462,3.2831953,0.2549388,1.0,0.0,12.0
exp6_empty_2,2106,554.0012,1.4920381,0.41102695,1.0,0.0,38.0
exp6_empty_2,2107,643.2302,3.6999526,0.28785416,1.0,0.0,11.0
exp6_empty_2,2108,639.37354,2.4837272,0.5673269,1.0,0.0,23.0
exp6_empty_2,2109,-345.1333,4.9095483,0.083588466,0.0,1.0,5.0
exp6_empty_2,2110,-314.25333,4.998968,0.14604202,0.0,1.0,1.0
exp6_empty_2,2111,604.0846,3.9335122,0.39913598,1.0,0.0,11.0
exp6_empty_2,2112,-388.32672,4.791918,0.13232905,0.0,1.0,3.0
exp6_empty_2,2113,650.9346,2.709626,0.38781536,1.0,0.0,17.0
exp6_empty_2,2114,580.6899,2.668567,0.5576044,1.0,0.0,19.0
exp6_empty_2,2115,608.0441,1.8714174,0.16586143,1.0,0.0,36.0
exp6_empty_2,2116,657.339,2.7000062,0.5744302,1.0,0.0,22.0
exp6_empty_2,2117,623.28424,3.0484073,0.3637411,1.0,0.0,16.0
exp6_empty_2,2118,665.2909,2.3115861,0.3114497,1.0,0.0,26.0
exp6_empty_2,2119,672.87195,2.8364768,0.31667966,1.0,0.0,20.0
exp6_empty_2,2121,-417.74203,4.742934,0.15470465,0.0,1.0,2.0
exp6_empty_2,2122,716.52203,2.8184676,0.46440247,1.0,0.0,22.0
exp6_empty_2,2123,602.6659,3.1514843,0.4963427,1.0,0.0,14.0
exp6_empty_2,2124,-360.22974,4.804672,0.1456192,0.0,1.0,5.0
exp6_empty_2,2125,561.0061,2.4331813,0.47425526,1.0,0.0,15.0
exp6_empty_2,2126,-417.7442,4.3100963,0.28701177,0.0,1.0,3.0
exp6_empty_2,2127,543.5886,1.9281143,0.28434,1.0,0.0,24.0
exp6_empty_2,2128,-117.01633,4.807055,0.09553715,0.0,1.0,8.0
exp6_empty_2,2129,522.587,1.8670504,0.5459367,1.0,0.0,21.0
exp6_empty_2,2130,651.63245,2.1900618,0.29016367,1.0,0.0,27.0
exp6_empty_2,2131,660.8616,3.0494175,0.35575998,1.0,0.0,18.0
exp6_empty_2,2132,-352.45624,4.809134,0.099285685,0.0,1.0,4.0
exp6_empty_2,2133,-361.48923,4.372037,0.1599491,0.0,1.0,4.0
exp6_empty_2,2134,-235.57372,4.9305916,0.14651586,0.0,1.0,5.0
exp6_empty_2,2135,-224.80661,4.4701576,0.14165135,0.0,1.0,11.0
exp6_empty_2,2136,-176.11331,3.9494133,0.23128556,0.0,1.0,13.0
exp6_empty_2,2137,-219.29282,4.3903956,0.24026912,0.0,1.0,4.0
exp6_empty_2,2138,598.5211,2.2643669,0.41906318,1.0,0.0,19.0
exp6_empty_2,2139,675.33704,3.076598,0.35415965,1.0,0.0,17.0
exp6_empty_2,2141,-445.38315,4.7521715,0.37416568,0.0,1.0,1.0
exp6_empty_2,2142,671.37317,2.0307364,0.6518768,1.0,0.0,29.0
exp6_empty_2,2143,568.6585,1.8492838,0.3217971,1.0,0.0,26.0
exp6_empty_2,2144,-255.29662,3.218229,0.4158391,0.0,1.0,18.0
exp6_empty_2,2145,-278.99203,4.7867465,0.12002953,0.0,1.0,8.0
exp6_empty_2,2146,-383.3571,4.733312,0.21592236,0.0,1.0,3.0
exp6_empty_2,2147,576.1411,2.2259629,0.2790562,1.0,0.0,19.0
exp6_empty_2,2148,637.03955,2.2869499,0.4300649,1.0,0.0,30.0
exp6_empty_2,2149,-322.63766,4.884068,0.10171844,0.0,1.0,5.0
exp6_empty_2,2150,718.4031,3.1867104,0.36725074,1.0,0.0,20.0
exp6_empty_2,2151,613.8716,2.2198582,0.4078926,1.0,0.0,24.0
exp6_empty_2,2152,595.25684,2.275214,0.4175772,1.0,0.0,21.0
exp6_empty_2,2153,622.66077,2.4430385,0.53334033,1.0,0.0,20.0
exp6_empty_2,2154,638.7549,2.1408916,0.5194364,1.0,0.0,27.0
exp6_empty_2,2155,-183.24068,4.4908576,0.14301904,0.0,1.0,5.0
exp6_empty_2,2156,-301.0293,4.0371656,0.21326686,0.0,1.0,9.0
exp6_empty_2,2157,616.3784,1.7861419,0.3632229,1.0,0.0,32.0
exp6_empty_2,2158,618.1793,2.6616256,0.6574894,1.0,0.0,17.0
exp6_empty_2,2159,-238.88574,2.109941,0.49914885,0.0,1.0,26.0
exp6_empty_2,2161,591.317,3.4180346,0.46283647,1.0,0.0,11.0
exp6_empty_2,2162,-177.14188,4.9550405,0.105068214,0.0,1.0,6.0
exp6_empty_2,2163,741.7919,3.05311,0.4529384,1.0,0.0,23.0
exp6_empty_2,2164,551.7277,1.8294265,0.5198841,1.0,0.0,28.0
exp6_empty_2,2165,476.04535,1.6250254,0.40691113,1.0,0.0,32.0
exp6_empty_2,2166,621.33856,2.3536475,0.53142715,1.0,0.0,22.0
exp6_empty_2,2167,606.4964,3.5775418,0.4147187,1.0,0.0,10.0
exp6_empty_2,2168,-380.44968,4.8579197,0.0768843,0.0,1.0,4.0
exp6_empty_2,2169,676.81995,2.0297644,0.44321182,1.0,0.0,33.0
exp6_empty_2,2170,577.31055,3.2496436,0.6182341,1.0,0.0,14.0
exp6_empty_2,2171,590.27783,3.257464,0.50321853,1.0,0.0,18.0
exp6_empty_2,2172,-328.7711,4.9999046,0.2429,0.0,1.0,1.0
exp6_empty_2,2173,604.88055,3.367389,0.61093825,1.0,0.0,12.0
exp6_empty_2,2174,634.09125,2.3037977,0.51910526,1.0,0.0,19.0
exp6_empty_2,2175,595.72003,2.9653165,0.49354684,1.0,0.0,12.0
exp6_empty_2,2176,646.1834,2.4028344,0.24111938,1.0,0.0,29.0
exp6_empty_2,2177,-329.7454,4.873691,0.053599317,0.0,1.0,9.0
exp6_empty_2,2178,712.30396,4.789434,0.12373137,1.0,0.0,11.0
exp6_empty_2,2179,651.51886,2.9417255,0.39671662,1.0,0.0,18.0
exp6_empty_2,2181,-211.5087,4.74407,0.10742438,0.0,1.0,4.0
exp6_empty_2,2182,-377.09134,4.6912823,0.1477259,0.0,1.0,6.0
exp6_empty_2,2183,-171.60075,4.401833,0.43697104,0.0,1.0,8.0
exp6_empty_2,2184,634.4197,3.5753012,0.39856598,1.0,0.0,12.0
exp6_empty_2,2185,649.94824,3.2516396,0.413553,1.0,0.0,16.0
exp6_empty_2,2186,-270.1459,4.6824603,0.31864604,0.0,1.0,3.0
exp6_empty_2,2187,576.0344,1.7866616,0.38596633,1.0,0.0,33.0
exp6_empty_2,2188,573.33704,2.7604527,0.4312063,1.0,0.0,13.0
exp6_empty_2,2189,701.90643,2.1939154,0.3530005,1.0,0.0,35.0
exp6_empty_2,2190,676.5764,1.9041343,0.6287252,1.0,0.0,35.0
exp6_empty_2,2191,-295.85895,4.730519,0.11925048,0.0,1.0,8.0
exp6_empty_2,2192,-385.9384,4.77021,0.22370844,0.0,1.0,3.0
exp6_empty_2,2193,714.6392,3.8273656,0.54151213,1.0,0.0,15.0
exp6_empty_2,2194,678.5311,2.5466466,0.14558214,1.0,0.0,18.0
exp6_empty_2,2195,630.8762,2.546331,0.35368878,1.0,0.0,20.0
exp6_empty_2,2196,667.5354,1.3783764,0.58026975,1.0,0.0,48.0
exp6_empty_2,2197,-444.65936,4.9999304,0.033000667,0.0,1.0,1.0
exp6_empty_2,2198,475.834,1.6211375,0.5823988,1.0,0.0,22.0
exp6_empty_2,2199,637.1559,2.229798,0.522453,1.0,0.0,21.0
exp6_empty_2,2201,655.0694,2.1417556,0.19971257,1.0,0.0,22.0
exp6_empty_2,2202,532.4136,1.8788503,0.1678312,1.0,0.0,21.0
exp6_empty_2,2203,562.9948,2.0579183,0.41910195,1.0,0.0,25.0
exp6_empty_2,2204,595.07135,1.7948176,0.38240913,1.0,0.0,37.0
exp6_empty_2,2205,638.921,2.863255,0.515356,1.0,0.0,17.0
exp6_empty_2,2206,644.0072,2.8145723,0.61986685,1.0,0.0,21.0
exp6_empty_2,2207,604.8422,2.9382818,0.4227593,1.0,0.0,17.0
exp6_empty_2,2208,632.6447,2.3380888,0.21855482,1.0,0.0,20.0
exp6_empty_2,2209,641.2034,3.7915487,0.33715245,1.0,0.0,12.0
exp6_empty_2,2210,669.53033,1.7103049,0.25118408,1.0,0.0,35.0
exp6_empty_2,2211,694.5082,2.796178,0.32308277,1.0,0.0,18.0
exp6_empty_2,2212,588.2465,3.12012,0.36409575,1.0,0.0,10.0
exp6_empty_2,2213,652.15564,2.7244368,0.40701032,1.0,0.0,17.0
exp6_empty_2,2214,588.8435,2.6441562,0.4705642,1.0,0.0,13.0
exp6_empty_2,2215,596.7255,2.2834628,0.28202373,1.0,0.0,29.0
exp6_empty_2,2216,674.9494,2.7122514,0.3199083,1.0,0.0,18.0
exp6_empty_2,2217,571.02277,1.808027,0.45056194,1.0,0.0,28.0
exp6_empty_2,2218,577.8296,2.4870436,0.42856556,1.0,0.0,14.0
exp6_empty_2,2219,577.70355,3.513897,0.4509537,1.0,0.0,9.0
exp6_empty_2,2221,556.55054,1.8475392,0.41826004,1.0,0.0,26.0
exp6_empty_2,2222,628.2889,2.8101246,0.4696404,1.0,0.0,21.0
exp6_empty_2,2223,578.1157,2.0522187,0.3697867,1.0,0.0,36.0
exp6_empty_2,2224,584.551,4.601132,0.39269954,1.0,0.0,10.0
exp6_empty_2,2225,-197.65297,4.6581683,0.06425086,0.0,1.0,5.0
exp6_empty_2,2226,495.04407,1.7758929,0.37888727,1.0,0.0,32.0
exp6_empty_2,2227,-180.50919,2.0887263,0.4497911,0.0,1.0,20.0
exp6_empty_2,2228,652.1143,2.6876032,0.4529185,1.0,0.0,17.0
exp6_empty_2,2229,528.0702,1.78296,0.46870825,1.0,0.0,22.0
exp6_empty_2,2230,674.3903,3.9600713,0.23532696,1.0,0.0,11.0
exp6_empty_2,2231,-127.24159,3.0872438,0.2571497,0.0,1.0,16.0
exp6_empty_2,2232,578.7228,2.358379,0.289539,1.0,0.0,17.0
exp6_empty_2,2233,-224.73174,4.3493643,0.12686318,0.0,1.0,4.0
exp6_empty_2,2234,-296.6245,4.704474,0.10685166,0.0,1.0,8.0
exp6_empty_2,2235,635.79065,2.9292047,0.3524011,1.0,0.0,18.0
exp6_empty_2,2236,-446.5471,3.8944025,0.3390733,0.0,1.0,1.0
exp6_empty_2,2237,713.74554,1.8328898,0.56261456,1.0,0.0,38.0
exp6_empty_2,2238,-339.93323,4.715164,0.1645553,0.0,1.0,6.0
exp6_empty_2,2239,565.23914,2.1746805,0.4867759,1.0,0.0,23.0
exp6_empty_2,2241,570.4969,1.5067244,0.6418909,1.0,0.0,34.0
exp6_empty_2,2242,584.2069,1.0551922,0.19689256,1.0,0.0,49.0
exp6_empty_2,2243,-253.7014,2.530602,0.36246222,0.0,1.0,19.0
exp6_empty_2,2244,-445.95673,4.352755,0.3393666,0.0,1.0,1.0
exp6_empty_2,2245,-270.36282,4.9928713,0.22746934,0.0,1.0,2.0
exp6_empty_2,2246,682.90753,2.8584335,0.47201526,1.0,0.0,18.0
exp6_empty_2,2247,586.8524,2.4405234,0.24041313,1.0,0.0,15.0
exp6_empty_2,2248,638.0304,2.576722,0.51175267,1.0,0.0,19.0
exp6_empty_2,2249,638.4272,1.7088362,0.32144096,1.0,0.0,38.0
exp6_empty_2,2250,639.6471,2.3338273,0.22380964,1.0,0.0,20.0
exp6_empty_2,2251,648.0637,2.73532,0.31086248,1.0,0.0,21.0
exp6_empty_2,2252,639.60504,2.524044,0.21368866,1.0,0.0,20.0
exp6_empty_2,2253,616.14966,2.3378444,0.5026791,1.0,0.0,21.0
exp6_empty_2,2254,-149.65302,4.1664424,0.4548506,0.0,1.0,9.0
exp6_empty_2,2255,-240.61862,4.8646135,0.11065691,0.0,1.0,4.0
exp6_empty_2,2256,664.5731,3.5055969,0.36458796,1.0,0.0,14.0
exp6_empty_2,2257,648.7732,2.7249122,0.30662873,1.0,0.0,20.0
exp6_empty_2,2258,-413.23138,4.9890795,0.10644453,0.0,1.0,2.0
exp6_empty_2,2259,-108.90726,4.8193026,0.12168271,0.0,1.0,11.0
exp6_empty_2,2261,596.2742,3.3890045,0.35591644,1.0,0.0,10.0
exp6_empty_2,2262,-122.17833,4.758196,0.11286064,0.0,1.0,9.0
exp6_empty_2,2263,630.2797,1.6275535,0.25907242,1.0,0.0,29.0
exp6_empty_2,2264,647.5417,1.6343051,0.2640972,1.0,0.0,32.0
exp6_empty_2,2265,584.3841,2.1671443,0.4286071,1.0,0.0,23.0
exp6_empty_2,2266,-160.47687,3.2475376,0.3705326,0.0,1.0,18.0
exp6_empty_2,2267,-314.34653,4.8979263,0.094785005,0.0,1.0,6.0
exp6_empty_2,2268,501.95578,1.5615253,0.46522996,1.0,0.0,32.0
exp6_empty_2,2269,670.8272,2.544778,0.44847256,1.0,0.0,23.0
exp6_empty_2,2270,714.62103,3.6442387,0.2343302,1.0,0.0,14.0
exp6_empty_2,2271,-238.04982,2.3945963,0.25067395,0.0,1.0,25.0
exp6_empty_2,2272,723.3871,2.0534396,0.63494116,1.0,0.0,34.0
exp6_empty_2,2273,525.0993,2.043491,0.4956396,1.0,0.0,16.0
exp6_empty_2,2274,697.6281,1.9067937,0.27699825,1.0,0.0,32.0
exp6_empty_2,2275,593.79205,2.2872858,0.44501773,1.0,0.0,24.0
exp6_empty_2,2276,538.5946,1.9906179,0.45365217,1.0,0.0,19.0
exp6_empty_2,2277,-338.60358,4.116707,0.47820923,0.0,1.0,6.0
exp6_empty_2,2278,577.3931,1.9109943,0.47339907,1.0,0.0,23.0
exp6_empty_2,2279,673.83704,2.5545688,0.15701881,1.0,0.0,20.0
exp6_empty_2,2281,553.36096,1.9977621,0.42470515,1.0,0.0,17.0
exp6_empty_2,2282,-302.50732,4.9998503,0.18873346,0.0,1.0,1.0
exp6_empty_2,2283,654.76874,3.8296278,0.3178059,1.0,0.0,11.0
exp6_empty_2,2284,537.63385,3.322881,0.43209192,1.0,0.0,12.0
exp6_empty_2,2285,609.871,2.1028452,0.513038,1.0,0.0,26.0
exp6_empty_2,2286,607.5907,2.2867723,0.56886744,1.0,0.0,19.0
exp6_empty_2,2287,-416.04398,4.8544216,0.21916963,0.0,1.0,2.0
exp6_empty_2,2288,655.001,1.1527344,0.70440376,1.0,0.0,66.0
exp6_empty_2,2289,554.4818,2.1716297,0.37549832,1.0,0.0,20.0
exp6_empty_2,2290,636.13,3.129041,0.28903124,1.0,0.0,13.0
exp6_empty_2,2291,637.42993,2.4286504,0.4043371,1.0,0.0,21.0
exp6_empty_2,2292,671.27344,4.7000318,0.123213,1.0,0.0,9.0
exp6_empty_2,2293,548.80316,2.0162425,0.56435823,1.0,0.0,16.0
exp6_empty_2,2294,-316.78754,4.6696577,0.18001704,0.0,1.0,5.0
exp6_empty_2,2295,709.14856,3.605323,0.34504613,1.0,0.0,14.0
exp6_empty_2,2296,554.0261,1.8232335,0.3089889,1.0,0.0,28.0
exp6_empty_2,2297,697.4246,2.719029,0.47931534,1.0,0.0,21.0
exp6_empty_2,2298,691.02954,3.3143299,0.3293911,1.0,0.0,15.0
exp6_empty_2,2299,574.8603,2.8617659,0.39190692,1.0,0.0,13.0
exp6_empty_2,2301,544.3251,2.2539399,0.23680307,1.0,0.0,13.0
exp6_empty_2,2302,-331.85837,4.2503753,0.15173951,0.0,1.0,5.0
exp6_empty_2,2303,631.819,2.1306689,0.318528,1.0,0.0,31.0
exp6_empty_2,2304,-302.93832,4.6380486,0.22454555,0.0,1.0,1.0
exp6_empty_2,2305,608.9088,1.750086,0.38346845,1.0,0.0,26.0
exp6_empty_2,2306,-380.8453,4.950414,0.2635447,0.0,1.0,3.0
exp6_empty_2,2307,-297.1052,4.4585233,0.1150046,0.0,1.0,6.0
exp6_empty_2,2308,-64.7834,3.7568927,0.43425125,0.0,1.0,15.0
exp6_empty_2,2309,616.8169,1.8692951,0.37574556,1.0,0.0,30.0
exp6_empty_2,2310,677.4209,2.5677447,0.4837646,1.0,0.0,20.0
exp6_empty_2,2311,576.4303,3.5099483,0.6035377,1.0,0.0,10.0
exp6_empty_2,2312,-216.4577,2.8070567,0.28098577,0.0,1.0,19.0
exp6_empty_2,2313,-312.1101,4.2787476,0.1224484,0.0,1.0,8.0
exp6_empty_2,2314,-274.95172,4.6937447,0.12944347,0.0,1.0,2.0
exp6_empty_2,2315,664.48047,2.37252,0.5433231,1.0,0.0,22.0
exp6_empty_2,2316,591.11285,2.1586943,0.4131593,1.0,0.0,30.0
exp6_empty_2,2317,735.57776,2.924385,0.38871947,1.0,0.0,22.0
exp6_empty_2,2318,504.41043,1.9386058,0.4876256,1.0,0.0,16.0
exp6_empty_2,2319,-154.70087,3.5694823,0.42191255,0.0,1.0,11.0
exp6_empty_2,2321,-377.4256,4.463523,0.19230777,0.0,1.0,5.0
exp6_empty_2,2322,-145.66554,4.8106647,0.22072406,0.0,1.0,7.0
exp6_empty_2,2323,-261.83807,3.158911,0.38171622,0.0,1.0,11.0
exp6_empty_2,2324,620.01794,4.0089865,0.3074556,1.0,0.0,9.0
exp6_empty_2,2325,-305.2915,4.8163133,0.11043342,0.0,1.0,7.0
exp6_empty_2,2326,-283.98743,4.7873673,0.17532732,0.0,1.0,2.0
exp6_empty_2,2327,577.85175,1.9274974,0.4195605,1.0,0.0,36.0
exp6_empty_2,2328,643.1173,2.273588,0.3773406,1.0,0.0,26.0
exp6_empty_2,2329,713.8677,4.047889,0.3508574,1.0,0.0,14.0
exp6_empty_2,2330,663.6005,3.222674,0.315959,1.0,0.0,14.0
exp6_empty_2,2331,641.7479,2.425753,0.38322622,1.0,0.0,20.0
exp6_empty_2,2332,645.9401,3.0775125,0.37651634,1.0,0.0,14.0
exp6_empty_2,2333,664.312,3.692978,0.3467153,1.0,0.0,13.0
exp6_empty_2,2334,-305.25812,4.7475967,0.13206992,0.0,1.0,7.0
exp6_empty_2,2335,-239.93396,4.7719083,0.1032076,0.0,1.0,8.0
exp6_empty_2,2336,580.48645,2.6222448,0.36982453,1.0,0.0,19.0
exp6_empty_2,2337,-164.34508,4.9500637,0.0840395,0.0,1.0,6.0
exp6_empty_2,2338,-414.83716,4.7781553,0.2748775,0.0,1.0,2.0
exp6_empty_2,2339,696.145,3.042573,0.48362112,1.0,0.0,22.0
exp6_empty_2,2341,666.8772,2.8050356,0.32469198,1.0,0.0,20.0
exp6_empty_2,2342,669.79376,3.5873346,0.21990742,1.0,0.0,12.0
exp6_empty_2,2343,681.0305,2.5121763,0.5438168,1.0,0.0,23.0
exp6_empty_2,2344,600.5637,3.0067058,0.37603933,1.0,0.0,16.0
exp6_empty_2,2345,620.3907,2.1993577,0.4864186,1.0,0.0,23.0
exp6_empty_2,2346,475.16528,1.5863898,0.36539322,1.0,0.0,28.0
exp6_empty_2,2347,664.5613,3.5679204,0.55501735,1.0,0.0,13.0
exp6_empty_2,2348,620.19727,2.3269029,0.32424885,1.0,0.0,20.0
exp6_empty_2,2349,535.2863,1.6867502,0.3660526,1.0,0.0,33.0
exp6_empty_2,2350,645.8333,2.2360542,0.24253665,1.0,0.0,24.0
exp6_empty_2,2351,619.4502,2.5611162,0.5604185,1.0,0.0,19.0
exp6_empty_2,2352,-130.40276,4.8348756,0.085204065,0.0,1.0,9.0
exp6_empty_2,2353,-385.18057,4.8580513,0.15534027,0.0,1.0,3.0
exp6_empty_2,2354,729.84375,2.0618103,0.41020647,1.0,0.0,36.0
exp6_empty_2,2355,613.03766,2.0331206,0.47837704,1.0,0.0,28.0
exp6_empty_2,2356,656.7373,2.9187455,0.4811057,1.0,0.0,22.0
exp6_empty_2,2357,636.7176,1.2835035,0.5869855,1.0,0.0,48.0
exp6_empty_2,2358,547.70685,2.1633108,0.42435536,1.0,0.0,27.0
exp6_empty_2,2359,564.7287,2.6851652,0.42488858,1.0,0.0,14.0
exp6_empty_2,2361,631.97516,3.114452,0.40634543,1.0,0.0,15.0
exp6_empty_2,2362,-242.4047,4.217627,0.46518564,0.0,1.0,3.0
exp6_empty_2,2363,542.04004,2.1781616,0.36995286,1.0,0.0,15.0
exp6_empty_2,2364,741.1398,2.8302104,0.51591814,1.0,0.0,23.0
exp6_empty_2,2365,684.5687,2.601555,0.31072602,1.0,0.0,25.0
exp6_empty_2,2366,-279.5539,3.1723065,0.3372172,0.0,1.0,15.0
exp6_empty_2,2367,563.4685,1.944253,0.18661277,1.0,0.0,21.0
exp6_empty_2,2368,668.1531,3.3315022,0.33754393,1.0,0.0,17.0
exp6_empty_2,2369,676.16876,2.4217994,0.4476839,1.0,0.0,23.0
exp6_empty_2,2370,616.8253,3.914846,0.35133046,1.0,0.0,10.0
exp6_empty_2,2371,644.4831,2.8090346,0.36812186,1.0,0.0,16.0
exp6_empty_2,2372,-305.94138,4.8177776,0.5084496,0.0,1.0,1.0
exp6_empty_2,2373,619.50757,2.1790187,0.3965291,1.0,0.0,29.0
exp6_empty_2,2374,610.4521,2.398467,0.66309845,1.0,0.0,19.0
exp6_empty_2,2375,624.2543,4.8310814,0.12644538,1.0,0.0,8.0
exp6_empty_2,2376,649.12,2.2623584,0.34639844,1.0,0.0,28.0
exp6_empty_2,2377,-127.73642,4.850836,0.1227719,0.0,1.0,9.0
exp6_empty_2,2378,588.6369,2.4020464,0.41915038,1.0,0.0,16.0
exp6_empty_2,2379,612.3805,2.4890418,0.3844183,1.0,0.0,20.0
exp6_empty_2,2381,-411.8702,4.9896564,0.14448106,0.0,1.0,2.0
exp6_empty_2,2382,595.7107,2.7123933,0.3688024,1.0,0.0,15.0
exp6_empty_2,2383,673.02246,2.6242914,0.67447424,1.0,0.0,23.0
exp6_empty_2,2384,659.2063,2.0553315,0.35543847,1.0,0.0,28.0
exp6_empty_2,2385,554.9144,3.5110755,0.3918969,1.0,0.0,10.0
exp6_empty_2,2386,-133.16455,2.6690745,0.24166322,0.0,1.0,18.0
exp6_empty_2,2387,-302.3688,4.833277,0.10669135,0.0,1.0,6.0
exp6_empty_2,2388,528.2593,1.8355898,0.4311993,1.0,0.0,34.0
exp6_empty_2,2389,656.44275,1.7075378,0.28991148,1.0,0.0,34.0
exp6_empty_2,2390,-229.134,2.3838987,0.31091443,0.0,1.0,20.0
exp6_empty_2,2391,629.3597,3.0337749,0.3089604,1.0,0.0,13.0
exp6_empty_2,2392,739.5066,2.0606863,0.5874912,1.0,0.0,35.0
exp6_empty_2,2393,571.17236,1.9136076,0.31607082,1.0,0.0,21.0
exp6_empty_2,2394,620.72504,4.0729704,0.3107854,1.0,0.0,9.0
exp6_empty_2,2395,594.2322,2.7249043,0.3575005,1.0,0.0,15.0
exp6_empty_2,2396,726.6802,4.94093,0.15558815,1.0,0.0,11.0
exp6_empty_2,2397,670.2793,2.2496223,0.64146155,1.0,0.0,24.0
exp6_empty_2,2398,593.1295,2.3898335,0.5527425,1.0,0.0,19.0
exp6_empty_2,2399,-249.40855,2.3501658,0.33666748,0.0,1.0,20.0
exp6_empty_2,2401,606.8943,2.3651164,0.31676933,1.0,0.0,21.0
exp6_empty_2,2402,674.7691,2.6602726,0.53414077,1.0,0.0,19.0
exp6_empty_2,2403,622.4804,3.2922046,0.3731927,1.0,0.0,12.0
exp6_empty_2,2404,584.73096,4.2367997,0.29580492,1.0,0.0,7.0
exp6_empty_2,2405,-220.19566,4.810999,0.26275775,0.0,1.0,4.0
exp6_empty_2,2406,-291.16537,2.6004963,0.38272995,0.0,1.0,14.0
exp6_empty_2,2407,-351.1404,4.833245,0.16759542,0.0,1.0,4.0
exp6_empty_2,2408,611.4689,2.5887692,0.6682756,1.0,0.0,20.0
exp6_empty_2,2409,624.69147,3.2028322,0.418509,1.0,0.0,15.0
exp6_empty_2,2410,572.89307,2.0759423,0.3562861,1.0,0.0,21.0
exp6_empty_2,2411,606.24115,1.5853751,0.4825507,1.0,0.0,31.0
exp6_empty_2,2412,-245.33084,4.8909063,0.14633125,0.0,1.0,4.0
exp6_empty_2,2413,632.64386,2.0291436,0.5708016,1.0,0.0,30.0
exp6_empty_2,2414,580.7817,1.9648807,0.30343142,1.0,0.0,25.0
exp6_empty_2,2415,-149.18246,4.7309666,0.1109828,0.0,1.0,9.0
exp6_empty_2,2416,552.69165,3.6597977,0.6524341,1.0,0.0,11.0
exp6_empty_2,2417,618.51855,2.3641882,0.40583935,1.0,0.0,18.0
exp6_empty_2,2418,570.64355,4.2246485,0.553462,1.0,0.0,7.0
exp6_empty_2,2419,-166.69296,3.9344513,0.24950309,0.0,1.0,10.0
exp6_empty_2,2421,563.2362,1.427275,0.5946482,1.0,0.0,36.0
exp6_empty_2,2422,-273.9317,4.863303,0.27303597,0.0,1.0,3.0
exp6_empty_2,2423,-445.1467,4.9993896,0.3697768,0.0,1.0,1.0
exp6_empty_2,2424,641.3827,3.2142854,0.4384836,1.0,0.0,15.0
exp6_empty_2,2425,-352.9887,4.8872986,0.28358194,0.0,1.0,4.0
exp6_empty_2,2426,661.6708,2.1290152,0.415737,1.0,0.0,28.0
exp6_empty_2,2427,515.6709,2.3696065,0.45230114,1.0,0.0,13.0
exp6_empty_2,2428,639.68225,3.1117277,0.31422418,1.0,0.0,15.0
exp6_empty_2,2429,580.3987,2.4086933,0.56985724,1.0,0.0,20.0
exp6_empty_2,2430,-221.18907,4.8626275,0.12712282,0.0,1.0,5.0
exp6_empty_2,2431,675.1688,2.6614301,0.53137404,1.0,0.0,23.0
exp6_empty_2,2432,716.60034,1.580973,0.7285782,1.0,0.0,56.0
exp6_empty_2,2433,-97.68234,4.9121494,0.12850875,0.0,1.0,9.0
exp6_empty_2,2434,569.52325,2.19523,0.26519153,1.0,0.0,24.0
exp6_empty_2,2435,682.2698,2.5967684,0.31324008,1.0,0.0,22.0
exp6_empty_2,2436,623.9317,1.4741063,0.20402247,1.0,0.0,36.0
exp6_empty_2,2437,611.5404,2.1652865,0.26193944,1.0,0.0,28.0
exp6_empty_2,2438,-180.58255,4.7447896,0.16159913,0.0,1.0,6.0
exp6_empty_2,2439,-416.55682,4.8941593,0.19888087,0.0,1.0,2.0
exp6_empty_2,2441,653.0425,2.7213674,0.30948862,1.0,0.0,21.0
exp6_empty_2,2442,678.5992,3.4813964,0.38518462,1.0,0.0,14.0
exp6_empty_2,2443,584.7368,2.5241222,0.37764925,1.0,0.0,14.0
exp6_empty_2,2444,735.3938,2.906209,0.4250195,1.0,0.0,20.0
exp6_empty_2,2445,-379.29083,4.9227386,0.12640873,0.0,1.0,5.0
exp6_empty_2,2446,556.3904,2.8552742,0.38663417,1.0,0.0,16.0
exp6_empty_2,2447,571.9226,2.084945,0.5664942,1.0,0.0,23.0
exp6_empty_2,2448,699.42535,2.7498002,0.44599733,1.0,0.0,21.0
exp6_empty_2,2449,629.3894,3.507097,0.2947472,1.0,0.0,13.0
exp6_empty_2,2450,570.51483,1.6013229,0.3764717,1.0,0.0,35.0
exp6_empty_2,2451,-446.8112,3.9871693,0.6097652,0.0,1.0,1.0
exp6_empty_2,2452,-257.18762,4.7763915,0.2598239,0.0,1.0,3.0
exp6_empty_2,2453,614.9939,2.0022168,0.5140472,1.0,0.0,29.0
exp6_empty_2,2454,660.0742,1.2556942,0.13693886,1.0,0.0,47.0
exp6_empty_2,2455,630.4989,2.5753918,0.31178722,1.0,0.0,23.0
exp6_empty_2,2456,-206.00467,3.2056653,0.45856825,0.0,1.0,9.0
exp6_empty_2,2457,544.3619,1.9430382,0.5762855,1.0,0.0,20.0
exp6_empty_2,2458,-214.24272,3.162572,0.38059074,0.0,1.0,17.0
exp6_empty_2,2459,-155.40565,4.858318,0.12348121,0.0,1.0,7.0
exp6_empty_2,2461,-252.94371,4.8971076,0.06521364,0.0,1.0,7.0
exp6_empty_2,2462,603.64026,2.5195882,0.3679642,1.0,0.0,20.0
exp6_empty_2,2463,-284.53784,4.7975063,0.12979591,0.0,1.0,8.0
exp6_empty_2,2464,-379.0937,4.8305025,0.21313082,0.0,1.0,4.0
exp6_empty_2,2465,600.9018,2.664917,0.34029,1.0,0.0,15.0
exp6_empty_2,2466,548.08124,3.2688453,0.4456688,1.0,0.0,12.0
exp6_empty_2,2467,624.258,2.8368907,0.44597003,1.0,0.0,17.0
exp6_empty_2,2468,644.9276,4.7330008,0.14499879,1.0,0.0,8.0
exp6_empty_2,2469,-190.52249,4.8726172,0.13058199,0.0,1.0,5.0
exp6_empty_2,2470,591.6419,2.5442686,0.2749164,1.0,0.0,19.0
exp6_empty_2,2471,663.8633,2.8829238,0.34772003,1.0,0.0,19.0
exp6_empty_2,2472,621.5266,1.5949526,0.5577677,1.0,0.0,42.0
exp6_empty_2,2473,-198.2342,3.4229624,0.42462158,0.0,1.0,15.0
exp6_empty_2,2474,504.01672,1.590046,0.57090497,1.0,0.0,33.0
exp6_empty_2,2475,633.79895,3.4480975,0.36281013,1.0,0.0,13.0
exp6_empty_2,2476,706.71277,2.2028978,0.565421,1.0,0.0,28.0
exp6_empty_2,2477,-386.8094,4.8387866,0.23538679,0.0,1.0,3.0
exp6_empty_2,2478,729.9308,3.828467,0.33560503,1.0,0.0,15.0
exp6_empty_2,2479,613.75916,2.0418122,0.2533377,1.0,0.0,31.0
exp6_empty_2,2481,578.7335,2.0446274,0.55151117,1.0,0.0,24.0
exp6_empty_2,2482,656.05853,3.3299048,0.40451756,1.0,0.0,15.0
exp6_empty_2,2483,-195.28978,2.4418385,0.25801054,0.0,1.0,21.0
exp6_empty_2,2484,-230.75412,4.3791485,0.23958932,0.0,1.0,9.0
exp6_empty_2,2485,-353.78455,4.8711658,0.22677451,0.0,1.0,4.0
exp6_empty_2,2486,-301.32703,4.7863464,0.20126422,0.0,1.0,6.0
exp6_empty_2,2487,612.90643,2.5203369,0.42256042,1.0,0.0,21.0
exp6_empty_2,2488,663.2693,3.0975924,0.44755545,1.0,0.0,16.0
exp6_empty_2,2489,602.5438,4.9550953,0.17981581,1.0,0.0,8.0
exp6_empty_2,2490,-209.76492,3.2589667,0.2894444,0.0,1.0,16.0
exp6_empty_2,2491,620.609,2.7606666,0.4385472,1.0,0.0,16.0
exp6_empty_2,2492,579.3174,1.5864177,0.37108526,1.0,0.0,43.0
exp6_empty_2,2493,-176.04439,4.854072,0.13682494,0.0,1.0,5.0
exp6_empty_2,2494,651.02606,2.5337162,0.49279663,1.0,0.0,18.0
exp6_empty_2,2495,716.38934,2.5128498,0.45702967,1.0,0.0,29.0
exp6_empty_2,2496,624.91534,1.985799,0.40369976,1.0,0.0,33.0
exp6_empty_2,2497,602.3057,2.7307153,0.3176722,1.0,0.0,14.0
exp6_empty_2,2498,607.043,4.040097,0.4305834,1.0,0.0,11.0
exp6_empty_2,2499,-445.90067,4.849455,0.2665048,0.0,1.0,1.0
exp6_empty_2,2501,592.35315,2.6249647,0.57113093,1.0,0.0,18.0
exp6_empty_2,2502,539.49994,2.4214005,0.17949611,1.0,0.0,16.0
exp6_empty_2,2503,593.8308,1.6990509,0.33958957,1.0,0.0,32.0
exp6_empty_2,2504,664.6352,3.0706747,0.3614099,1.0,0.0,16.0
exp6_empty_2,2505,587.0292,2.7725081,0.5705784,1.0,0.0,17.0
exp6_empty_2,2506,-445.31036,4.8722296,0.44599584,0.0,1.0,1.0
exp6_empty_2,2507,520.51,1.988491,0.40232193,1.0,0.0,22.0
exp6_empty_2,2508,-284.77924,4.9436874,0.09011895,0.0,1.0,6.0
exp6_empty_2,2509,615.4012,2.5233464,0.3994975,1.0,0.0,20.0
exp6_empty_2,2510,574.1118,3.6640785,0.41142663,1.0,0.0,10.0
exp6_empty_2,2511,621.1095,2.9247448,0.428884,1.0,0.0,19.0
exp6_empty_2,2512,-346.61752,4.9407234,0.1688971,0.0,1.0,4.0
exp6_empty_2,2513,-316.9537,4.89681,0.16758184,0.0,1.0,5.0
exp6_empty_2,2514,559.2298,4.841825,0.17382748,1.0,0.0,6.0
exp6_empty_2,2515,544.9033,3.1499472,0.5560435,1.0,0.0,9.0
exp6_empty_2,2516,705.8866,2.5718567,0.4953311,1.0,0.0,22.0
exp6_empty_2,2517,593.30084,2.7035096,0.40151286,1.0,0.0,19.0
exp6_empty_2,2518,625.12823,2.4288769,0.5032307,1.0,0.0,20.0
exp6_empty_2,2519,696.5193,3.2197688,0.33291712,1.0,0.0,16.0
exp6_empty_2,2521,625.2541,3.0502238,0.35279804,1.0,0.0,15.0
exp6_empty_2,2522,-79.676315,3.1114697,0.26212066,0.0,1.0,16.0
exp6_empty_2,2523,701.5243,2.9678378,0.5031031,1.0,0.0,19.0
exp6_empty_2,2524,540.9971,2.5408382,0.42548674,1.0,0.0,20.0
exp6_empty_2,2525,-289.8651,4.942248,0.08940802,0.0,1.0,6.0
exp6_empty_2,2526,701.09045,2.2232728,0.52768415,1.0,0.0,29.0
exp6_empty_2,2527,-180.72818,4.8696203,0.15311478,0.0,1.0,5.0
exp6_empty_2,2528,654.6438,2.4169831,0.61142766,1.0,0.0,25.0
exp6_empty_2,2529,-311.29175,3.9789357,0.30085492,0.0,1.0,9.0
exp6_empty_2,2530,-251.64087,4.835369,0.31818858,0.0,1.0,3.0
exp6_empty_2,2531,648.4727,2.7297637,0.38625014,1.0,0.0,18.0
exp6_empty_2,2532,-319.5057,4.932514,0.10137288,0.0,1.0,5.0
exp6_empty_2,2533,-301.25073,4.8279805,0.10932648,0.0,1.0,8.0
exp6_empty_2,2534,592.9433,4.111153,0.65785915,1.0,0.0,9.0
exp6_empty_2,2535,647.3005,2.3750215,0.6364171,1.0,0.0,21.0
exp6_empty_2,2536,698.8816,2.8855813,0.20030007,1.0,0.0,20.0
exp6_empty_2,2537,-215.72498,4.8351197,0.16006072,0.0,1.0,4.0
exp6_empty_2,2538,560.6686,2.6140532,0.49308804,1.0,0.0,14.0
exp6_empty_2,2539,716.84973,4.498466,0.2071688,1.0,0.0,11.0
exp6_empty_2,2541,-290.58588,4.7605586,0.27268133,0.0,1.0,3.0
exp6_empty_2,2542,661.48566,3.2217681,0.35874608,1.0,0.0,19.0
exp6_empty_2,2543,-402.3118,2.7135816,0.30380285,0.0,1.0,17.0
exp6_empty_2,2544,570.839,3.0237272,0.3624728,1.0,0.0,14.0
exp6_empty_2,2545,645.11237,1.8846778,0.55745864,1.0,0.0,27.0
exp6_empty_2,2546,679.1185,3.5999374,0.41231018,1.0,0.0,15.0
exp6_empty_2,2547,535.12726,2.56617,0.56617254,1.0,0.0,12.0
exp6_empty_2,2548,612.9341,3.2908378,0.41873506,1.0,0.0,11.0
exp6_empty_2,2549,585.6882,2.9818752,0.5081428,1.0,0.0,12.0
exp6_empty_2,2550,-407.45624,4.8357916,0.15773298,0.0,1.0,4.0
exp6_empty_2,2551,-245.29507,4.5554767,0.16836767,0.0,1.0,5.0
exp6_empty_2,2552,701.6542,2.8850715,0.49544767,1.0,0.0,19.0
exp6_empty_2,2553,611.1211,2.5448315,0.34581807,1.0,0.0,17.0
exp6_empty_2,2554,-353.27576,4.7808876,0.15634443,0.0,1.0,4.0
exp6_empty_2,2555,629.44464,2.3375268,0.3325295,1.0,0.0,20.0
exp6_empty_2,2556,633.44586,2.5209863,0.33961773,1.0,0.0,22.0
exp6_empty_2,2557,-202.02888,3.5533092,0.24710959,0.0,1.0,13.0
exp6_empty_2,2558,654.3274,3.5403593,0.5776625,1.0,0.0,14.0
exp6_empty_2,2559,556.96387,4.382793,0.445249,1.0,0.0,7.0
exp6_empty_2,2561,590.3822,2.4796023,0.5954154,1.0,0.0,18.0
exp6_empty_2,2562,644.8279,3.0193965,0.39116046,1.0,0.0,14.0
exp6_empty_2,2563,549.5666,2.2655962,0.51238185,1.0,0.0,14.0
exp6_empty_2,2564,613.61163,3.6208174,0.2997854,1.0,0.0,11.0
exp6_empty_2,2565,651.3526,2.832373,0.3542357,1.0,0.0,17.0
exp6_empty_2,2566,-302.1845,4.830207,0.33051696,0.0,1.0,1.0
exp6_empty_2,2567,562.58875,2.2073612,0.6431938,1.0,0.0,20.0
exp6_empty_2,2568,-291.14,4.8611784,0.12974414,0.0,1.0,7.0
exp6_empty_2,2569,595.0054,2.8950315,0.3795238,1.0,0.0,17.0
exp6_empty_2,2570,529.94586,2.3493977,0.4171738,1.0,0.0,16.0
exp6_empty_2,2571,-97.49385,3.4868112,0.37912846,0.0,1.0,15.0
exp6_empty_2,2572,-317.1871,4.9550815,0.15202112,0.0,1.0,6.0
exp6_empty_2,2573,651.52246,2.1584623,0.4085879,1.0,0.0,27.0
exp6_empty_2,2574,706.64417,3.0561984,0.30522147,1.0,0.0,19.0
exp6_empty_2,2575,538.4742,1.0969113,0.71329534,1.0,0.0,57.0
exp6_empty_2,2576,-415.675,4.8216963,0.374444,0.0,1.0,2.0
exp6_empty_2,2577,644.7421,3.2054968,0.33715978,1.0,0.0,13.0
exp6_empty_2,2578,-253.86131,3.694544,0.4444176,0.0,1.0,12.0
exp6_empty_2,2579,531.5382,2.6524577,0.59130096,1.0,0.0,13.0
exp6_empty_2,2581,690.81665,2.7036293,0.43382788,1.0,0.0,24.0
exp6_empty_2,2582,622.0666,2.32722,0.52382475,1.0,0.0,23.0
exp6_empty_2,2583,623.455,1.2831103,0.16482374,1.0,0.0,39.0
exp6_empty_2,2584,-190.20468,4.809908,0.58232075,0.0,1.0,11.0
exp6_empty_2,2585,-349.97015,4.9078045,0.18250847,0.0,1.0,4.0
exp6_empty_2,2586,-419.41925,4.638387,0.21033353,0.0,1.0,2.0
exp6_empty_2,2587,529.92896,2.8729668,0.514007,1.0,0.0,10.0
exp6_empty_2,2588,589.8259,2.960205,0.45169556,1.0,0.0,13.0
exp6_empty_2,2589,585.75684,3.8259125,0.44602618,1.0,0.0,10.0
exp6_empty_2,2590,-192.32088,4.8061028,0.14171323,0.0,1.0,5.0
exp6_empty_2,2591,673.42444,2.0565126,0.36670357,1.0,0.0,35.0
exp6_empty_2,2592,723.2477,3.1250403,0.50260574,1.0,0.0,21.0
exp6_empty_2,2593,644.17346,2.7422242,0.5711567,1.0,0.0,19.0
exp6_empty_2,2594,-331.6172,4.8248963,0.23278582,0.0,1.0,3.0
exp6_empty_2,2595,596.08716,1.6492625,0.41182277,1.0,0.0,31.0
exp6_empty_2,2596,641.10675,1.9959097,0.62562966,1.0,0.0,25.0
exp6_empty_2,2597,-246.52512,4.864489,0.13619521,0.0,1.0,4.0
exp6_empty_2,2598,679.6531,2.9693506,0.38527012,1.0,0.0,18.0
exp6_empty_2,2599,633.3347,1.7147046,0.68966347,1.0,0.0,38.0
exp6_empty_2,2601,-390.78574,4.866531,0.13604988,0.0,1.0,3.0
exp6_empty_2,2602,659.37714,3.5059242,0.61705834,1.0,0.0,14.0
exp6_empty_2,2603,539.411,2.4313393,0.33660102,1.0,0.0,17.0
exp6_empty_2,2604,-336.38312,4.899429,0.22512855,0.0,1.0,1.0
exp6_empty_2,2605,536.0876,2.367842,0.38473043,1.0,0.0,23.0
exp6_empty_2,2606,625.58716,2.7242541,0.36277178,1.0,0.0,16.0
exp6_empty_2,2607,679.7836,2.2440674,0.60142094,1.0,0.0,25.0
exp6_empty_2,2608,-303.46234,4.649197,0.21391399,0.0,1.0,6.0
exp6_empty_2,2609,703.02997,4.075354,0.32952756,1.0,0.0,12.0
exp6_empty_2,2610,563.4092,4.968375,0.4275003,1.0,0.0,7.0
exp6_empty_2,2611,581.2831,2.4469953,0.33420563,1.0,0.0,19.0
exp6_empty_2,2612,664.80554,3.35946,0.37801233,1.0,0.0,16.0
exp6_empty_2,2613,652.01514,2.5096645,0.30745664,1.0,0.0,21.0
exp6_empty_2,2614,-206.22668,4.749015,0.22907996,0.0,1.0,5.0
exp6_empty_2,2615,-290.37482,4.9541755,0.15446493,0.0,1.0,6.0
exp6_empty_2,2616,522.7847,3.0463958,0.6423639,1.0,0.0,14.0
exp6_empty_2,2617,652.0719,3.0844939,0.3598407,1.0,0.0,16.0
exp6_empty_2,2618,-114.96396,4.961984,0.1417627,0.0,1.0,7.0
exp6_empty_2,2619,-300.60022,4.760476,0.28194007,0.0,1.0,3.0
exp6_empty_2,2621,-241.83963,3.4308705,0.24812424,0.0,1.0,10.0
exp6_empty_2,2622,600.68744,2.9111605,0.44147852,1.0,0.0,16.0
exp6_empty_2,2623,558.18823,1.6900913,0.4086512,1.0,0.0,32.0
exp6_empty_2,2624,587.5415,3.5991395,0.42074594,1.0,0.0,11.0
exp6_empty_2,2625,-335.1493,3.6684027,0.34410655,0.0,1.0,8.0
exp6_empty_2,2626,569.2299,2.617314,0.3068116,1.0,0.0,18.0
exp6_empty_2,2627,595.6323,2.248963,0.64669245,1.0,0.0,24.0
exp6_empty_2,2628,-387.8193,4.5886846,0.21790056,0.0,1.0,3.0
exp6_empty_2,2629,694.6952,3.230867,0.39657384,1.0,0.0,18.0
exp6_empty_2,2630,621.12476,2.398335,0.43045828,1.0,0.0,19.0
exp6_empty_2,2631,626.1637,3.4031935,0.474369,1.0,0.0,13.0
exp6_empty_2,2632,-286.25385,3.1227148,0.291921,0.0,1.0,19.0
exp6_empty_2,2633,-211.07913,2.9961271,0.40100756,0.0,1.0,18.0
exp6_empty_2,2634,586.8583,2.712647,0.4363058,1.0,0.0,16.0
exp6_empty_2,2635,643.5543,3.3069625,0.34514332,1.0,0.0,15.0
exp6_empty_2,2636,748.8994,3.2558084,0.40397513,1.0,0.0,19.0
exp6_empty_2,2637,639.9307,4.371049,0.4513737,1.0,0.0,12.0
exp6_empty_2,2638,598.5365,3.0069501,0.3161318,1.0,0.0,13.0
exp6_empty_2,2639,535.7735,1.4858449,0.37662306,1.0,0.0,37.0
exp6_empty_2,2641,692.5366,2.8831532,0.4169572,1.0,0.0,20.0
exp6_empty_2,2642,608.7351,3.0239346,0.32261324,1.0,0.0,13.0
exp6_empty_2,2643,586.64777,3.218845,0.28942746,1.0,0.0,19.0
exp6_empty_2,2644,611.9988,2.095572,0.3448213,1.0,0.0,30.0
exp6_empty_2,2645,586.41614,2.9093206,0.2830814,1.0,0.0,12.0
exp6_empty_2,2646,750.87146,3.2855773,0.14866428,1.0,0.0,17.0
exp6_empty_2,2647,-188.10942,4.6487155,0.14295521,0.0,1.0,5.0
exp6_empty_2,2648,664.0305,2.8825035,0.4200446,1.0,0.0,20.0
exp6_empty_2,2649,676.85535,3.3365753,0.36957332,1.0,0.0,16.0
exp6_empty_2,2650,656.5595,2.6156843,0.5435409,1.0,0.0,18.0
exp6_empty_2,2651,620.26935,2.1872754,0.3363528,1.0,0.0,23.0
exp6_empty_2,2652,649.9807,2.4109733,0.5164736,1.0,0.0,21.0
exp6_empty_2,2653,610.5253,3.1603036,0.35639918,1.0,0.0,13.0
exp6_empty_2,2654,-274.1667,4.5651093,0.11520572,0.0,1.0,7.0
exp6_empty_2,2655,663.2196,2.2412086,0.41693217,1.0,0.0,21.0
exp6_empty_2,2656,-177.94948,3.986777,0.2849235,0.0,1.0,10.0
exp6_empty_2,2657,637.55334,2.7327828,0.5396207,1.0,0.0,16.0
exp6_empty_2,2658,625.66235,3.1616402,0.34498549,1.0,0.0,18.0
exp6_empty_2,2659,599.19354,4.9380684,0.3366259,1.0,0.0,8.0
exp6_empty_2,2661,673.92114,2.1950653,0.59186625,1.0,0.0,26.0
exp6_empty_2,2662,602.7646,3.316093,0.40196583,1.0,0.0,13.0
exp6_empty_2,2663,604.8419,1.5674961,0.5198268,1.0,0.0,28.0
exp6_empty_2,2664,579.43304,3.0942025,0.33318287,1.0,0.0,18.0
exp6_empty_2,2665,581.30786,2.2016165,0.5464964,1.0,0.0,19.0
exp6_empty_2,2666,-302.70282,4.783006,0.15487425,0.0,1.0,7.0
exp6_empty_2,2667,612.422,2.0480125,0.25307763,1.0,0.0,22.0
exp6_empty_2,2668,607.7057,2.4609458,0.3738701,1.0,0.0,20.0
exp6_empty_2,2669,537.6215,3.0194292,0.5849587,1.0,0.0,10.0
exp6_empty_2,2670,-287.45175,2.717697,0.40319574,0.0,1.0,13.0
exp6_empty_2,2671,-287.456,2.3275661,0.38202623,0.0,1.0,18.0
exp6_empty_2,2672,-169.82666,3.5893018,0.37242198,0.0,1.0,8.0
exp6_empty_2,2673,580.9785,2.430235,0.3489701,1.0,0.0,21.0
exp6_empty_2,2674,-183.71477,4.718483,0.18655255,0.0,1.0,7.0
exp6_empty_2,2675,566.59595,3.141592,0.45095086,1.0,0.0,12.0
exp6_empty_2,2676,-413.71155,4.9389253,0.07851002,0.0,1.0,2.0
exp6_empty_2,2677,617.7875,2.5131328,0.54756427,1.0,0.0,18.0
exp6_empty_2,2678,-445.19315,4.844137,0.008457962,0.0,1.0,1.0
exp6_empty_2,2679,635.6086,2.758291,0.36853647,1.0,0.0,19.0
exp6_empty_2,2681,549.1222,2.984421,0.40481144,1.0,0.0,10.0
exp6_empty_2,2682,633.2764,2.944183,0.4932394,1.0,0.0,18.0
exp6_empty_2,2683,651.29364,2.922125,0.35585675,1.0,0.0,16.0
exp6_empty_2,2684,486.27475,2.2850134,0.45181885,1.0,0.0,11.0
exp6_empty_2,2685,521.05524,2.1378777,0.55297595,1.0,0.0,12.0
exp6_empty_2,2686,582.97577,2.2054906,0.2868456,1.0,0.0,21.0
exp6_empty_2,2687,-111.83536,2.7320702,0.29939955,0.0,1.0,18.0
exp6_empty_2,2688,-288.56458,4.337668,0.17558,0.0,1.0,7.0
exp6_empty_2,2689,610.39636,2.9435558,0.41648695,1.0,0.0,16.0
exp6_empty_2,2690,561.8155,1.9353884,0.5767978,1.0,0.0,21.0
exp6_empty_2,2691,633.4453,2.7328389,0.30327174,1.0,0.0,18.0
exp6_empty_2,2692,595.4715,2.9276679,0.32655668,1.0,0.0,15.0
exp6_empty_2,2693,601.8871,2.691352,0.3550653,1.0,0.0,17.0
exp6_empty_2,2694,587.8343,2.542896,0.2968824,1.0,0.0,22.0
exp6_empty_2,2695,674.9603,1.7021589,0.5585418,1.0,0.0,42.0
exp6_empty_2,2696,481.37848,1.6182461,0.40738449,1.0,0.0,30.0
exp6_empty_2,2697,696.53625,2.6657705,0.28766915,1.0,0.0,22.0
exp6_empty_2,2698,618.83777,2.320479,0.45415586,1.0,0.0,19.0
exp6_empty_2,2699,-164.56433,4.734263,0.12843202,0.0,1.0,7.0
exp6_empty_2,2701,611.32434,4.0143576,0.63037443,1.0,0.0,14.0
exp6_empty_2,2702,680.6429,2.381923,0.5246287,1.0,0.0,27.0
exp6_empty_2,2703,660.594,2.4129183,0.4204279,1.0,0.0,30.0
exp6_empty_2,2704,546.1972,2.3192158,0.42446277,1.0,0.0,25.0
exp6_empty_2,2705,-343.09,4.847249,0.18518497,0.0,1.0,6.0
exp6_empty_2,2706,632.6088,3.4066095,0.6437788,1.0,0.0,15.0
exp6_empty_2,2707,617.5809,1.4942503,0.7366584,1.0,0.0,38.0
exp6_empty_2,2708,-166.86348,1.9314919,0.40212446,0.0,1.0,32.0
exp6_empty_2,2709,638.8947,3.416843,0.45887154,1.0,0.0,13.0
exp6_empty_2,2710,-318.11224,4.5764155,0.46942696,0.0,1.0,7.0
exp6_empty_2,2711,573.66565,3.4663928,0.44882923,1.0,0.0,9.0
exp6_empty_2,2712,-361.4842,4.7881527,0.17157973,0.0,1.0,4.0
exp6_empty_2,2713,540.51355,2.281279,0.54065776,1.0,0.0,18.0
exp6_empty_2,2714,724.6643,3.9538515,0.24110673,1.0,0.0,13.0
exp6_empty_2,2715,603.5376,3.1932986,0.53083575,1.0,0.0,14.0
exp6_empty_2,2716,559.5193,2.1352723,0.58852476,1.0,0.0,19.0
exp6_empty_2,2717,592.5327,2.974673,0.51791984,1.0,0.0,12.0
exp6_empty_2,2718,674.7761,2.6772678,0.37145296,1.0,0.0,21.0
exp6_empty_2,2719,630.2859,2.8260813,0.54395825,1.0,0.0,18.0
exp6_empty_2,2721,-446.59393,4.3849506,0.49165243,0.0,1.0,1.0
exp6_empty_2,2722,594.8513,2.319134,0.24569128,1.0,0.0,24.0
exp6_empty_2,2723,698.1213,4.327277,0.37665325,1.0,0.0,13.0
exp6_empty_2,2724,585.6924,1.8639538,0.3986742,1.0,0.0,28.0
exp6_empty_2,2725,704.88934,2.3336506,0.26399967,1.0,0.0,29.0
exp6_empty_2,2726,627.1415,3.2626157,0.35561237,1.0,0.0,16.0
exp6_empty_2,2727,-331.2327,4.923698,0.12243131,0.0,1.0,6.0
exp6_empty_2,2728,583.6488,2.3319125,0.57300276,1.0,0.0,19.0
exp6_empty_2,2729,598.9341,2.696382,0.3094586,1.0,0.0,21.0
exp6_empty_2,2730,711.46826,2.8530648,0.26977393,1.0,0.0,23.0
exp6_empty_2,2731,644.551,2.474225,0.50533366,1.0,0.0,18.0
exp6_empty_2,2732,589.4797,3.3095925,0.45043823,1.0,0.0,14.0
exp6_empty_2,2733,597.3905,2.5520644,0.48759517,1.0,0.0,15.0
exp6_empty_2,2734,-216.24052,4.9479537,0.12910366,0.0,1.0,6.0
exp6_empty_2,2735,697.72925,3.825388,0.4496048,1.0,0.0,14.0
exp6_empty_2,2736,655.17725,2.5755024,0.5181095,1.0,0.0,21.0
exp6_empty_2,2737,664.6957,4.108309,0.5788206,1.0,0.0,14.0
exp6_empty_2,2738,561.81854,2.533543,0.33981615,1.0,0.0,17.0
exp6_empty_2,2739,594.7755,2.6149502,0.37035778,1.0,0.0,17.0
exp6_empty_2,2741,-307.7051,4.9426746,0.10487633,0.0,1.0,9.0
exp6_empty_2,2742,533.63513,2.373719,0.5503362,1.0,0.0,13.0
exp6_empty_2,2743,609.7308,2.3573043,0.34914577,1.0,0.0,25.0
exp6_empty_2,2744,533.4867,2.4487956,0.40365943,1.0,0.0,16.0
exp6_empty_2,2745,-378.33652,4.766788,0.6497428,0.0,1.0,1.0
exp6_empty_2,2746,-243.21362,4.930307,0.14637856,0.0,1.0,3.0
exp6_empty_2,2747,559.69977,2.0289102,0.24842763,1.0,0.0,26.0
exp6_empty_2,2748,-328.12122,4.9405513,0.14433752,0.0,1.0,5.0
exp6_empty_2,2749,721.5693,4.9607205,0.1646641,1.0,0.0,10.0
exp6_empty_2,2750,-146.23949,3.2444751,0.23771015,0.0,1.0,20.0
exp6_empty_2,2751,612.2088,2.5370271,0.5939571,1.0,0.0,23.0
exp6_empty_2,2752,-285.187,4.907308,0.120033465,0.0,1.0,6.0
exp6_empty_2,2753,678.7186,2.6896737,0.37949252,1.0,0.0,21.0
exp6_empty_2,2754,-237.44708,2.8834727,0.35296896,0.0,1.0,15.0
exp6_empty_2,2755,492.0472,1.8705816,0.6815079,1.0,0.0,24.0
exp6_empty_2,2756,662.5737,3.431928,0.3731718,1.0,0.0,13.0
exp6_empty_2,2757,662.40704,2.4442606,0.521402,1.0,0.0,23.0
exp6_empty_2,2758,646.2717,2.556484,0.29341087,1.0,0.0,23.0
exp6_empty_2,2759,-274.22205,4.9635577,0.10891713,0.0,1.0,7.0
exp6_empty_2,2761,-381.41568,4.847654,0.35765538,0.0,1.0,3.0
exp6_empty_2,2762,595.09796,2.572052,0.33772293,1.0,0.0,16.0
exp6_empty_2,2763,674.2925,2.722138,0.2420465,1.0,0.0,22.0
exp6_empty_2,2764,588.2798,2.6771204,0.41899166,1.0,0.0,16.0
exp6_empty_2,2765,566.67053,2.4552565,0.47202805,1.0,0.0,15.0
exp6_empty_2,2766,699.6371,3.5399356,0.34653825,1.0,0.0,15.0
exp6_empty_2,2767,650.3611,3.0064666,0.31637952,1.0,0.0,17.0
exp6_empty_2,2768,652.82025,2.7286482,0.30099222,1.0,0.0,18.0
exp6_empty_2,2769,752.0906,4.032482,0.29708245,1.0,0.0,14.0
exp6_empty_2,2770,634.06213,2.1437614,0.6819379,1.0,0.0,23.0
exp6_empty_2,2771,668.4493,1.5885386,0.39062417,1.0,0.0,39.0
exp6_empty_2,2772,-289.23486,2.8205996,0.4068124,0.0,1.0,13.0
exp6_empty_2,2773,596.7095,2.4836304,0.4010896,1.0,0.0,17.0
exp6_empty_2,2774,-135.98483,4.9808626,0.07938057,0.0,1.0,8.0
exp6_empty_2,2775,696.1981,3.0493026,0.34955746,1.0,0.0,20.0
exp6_empty_2,2776,-416.45963,4.9226613,0.2921774,0.0,1.0,2.0
exp6_empty_2,2777,691.39514,3.358385,0.35560548,1.0,0.0,16.0
exp6_empty_2,2778,659.54346,3.978666,0.5677317,1.0,0.0,14.0
exp6_empty_2,2779,-179.6058,4.873606,0.20575956,0.0,1.0,5.0
exp6_empty_2,2781,537.6189,2.5194108,0.5686438,1.0,0.0,11.0
exp6_empty_2,2782,576.01276,3.1600301,0.51099044,1.0,0.0,11.0
exp6_empty_2,2783,-382.89923,4.8746495,0.237337,0.0,1.0,3.0
exp6_empty_2,2784,651.859,2.7086413,0.37257996,1.0,0.0,18.0
exp6_empty_2,2785,589.9778,2.083187,0.53111213,1.0,0.0,26.0
exp6_empty_2,2786,670.42584,3.3770754,0.38784814,1.0,0.0,16.0
exp6_empty_2,2787,-445.09674,4.9963646,0.15104476,0.0,1.0,1.0
exp6_empty_2,2788,-216.03764,2.9400191,0.3200698,0.0,1.0,19.0
exp6_empty_2,2789,661.6022,3.3114562,0.30349606,1.0,0.0,16.0
exp6_empty_2,2790,721.16064,3.146331,0.31740573,1.0,0.0,21.0
exp6_empty_2,2791,660.76404,2.9473627,0.52778506,1.0,0.0,18.0
exp6_empty_2,2792,625.4442,2.8188982,0.43036336,1.0,0.0,18.0
exp6_empty_2,2793,665.4956,1.9779522,0.32656783,1.0,0.0,30.0
exp6_empty_2,2794,-340.71643,2.338375,0.3651056,0.0,1.0,15.0
exp6_empty_2,2795,732.2196,3.3007684,0.36419332,1.0,0.0,18.0
exp6_empty_2,2796,557.1288,2.7029152,0.37997943,1.0,0.0,14.0
exp6_empty_2,2797,545.48364,2.7800317,0.2987754,1.0,0.0,13.0
exp6_empty_2,2798,619.1176,2.622014,0.4317151,1.0,0.0,17.0
exp6_empty_2,2799,624.21155,2.775312,0.40958047,1.0,0.0,17.0
exp6_empty_2,2801,561.2266,2.8139384,0.60265154,1.0,0.0,14.0
exp6_empty_2,2802,638.98676,2.597928,0.32049596,1.0,0.0,18.0
exp6_empty_2,2803,563.0496,4.086983,0.3851914,1.0,0.0,11.0
exp6_empty_2,2804,-251.78143,4.7430286,0.17626226,0.0,1.0,9.0
exp6_empty_2,2805,683.692,1.8713298,0.69582653,1.0,0.0,33.0
exp6_empty_2,2806,-36.675415,4.6235313,0.5793058,0.0,1.0,12.0
exp6_empty_2,2807,591.018,2.854366,0.5787463,1.0,0.0,17.0
exp6_empty_2,2808,669.1467,1.7839679,0.29525697,1.0,0.0,35.0
exp6_empty_2,2809,590.4707,2.5364707,0.26718265,1.0,0.0,22.0
exp6_empty_2,2810,-386.9582,4.8415313,0.20035142,0.0,1.0,3.0
exp6_empty_2,2811,504.309,2.4425032,0.40591308,1.0,0.0,13.0
exp6_empty_2,2812,551.20953,2.2293687,0.54593045,1.0,0.0,14.0
exp6_empty_2,2813,556.6149,1.8168687,0.309573,1.0,0.0,23.0
exp6_empty_2,2814,551.00885,3.1134555,0.3737459,1.0,0.0,9.0
exp6_empty_2,2815,-306.6633,4.7091393,0.16616538,0.0,1.0,8.0
exp6_empty_2,2816,-445.5136,4.707592,0.38152528,0.0,1.0,1.0
exp6_empty_2,2817,671.40155,3.2924793,0.21351762,1.0,0.0,14.0
exp6_empty_2,2818,598.134,2.6812284,0.37012947,1.0,0.0,15.0
exp6_empty_2,2819,-87.92142,4.366368,0.28460482,0.0,1.0,11.0
exp6_empty_2,2821,576.55035,2.5104556,0.33616483,1.0,0.0,22.0
exp6_empty_2,2822,596.44104,1.9284867,0.5819022,1.0,0.0,31.0
exp6_empty_2,2823,-349.17532,4.7426944,0.12740605,0.0,1.0,6.0
exp6_empty_2,2824,-306.5666,4.5701046,0.17429602,0.0,1.0,6.0
exp6_empty_2,2825,704.0168,3.001723,0.29696256,1.0,0.0,20.0
exp6_empty_2,2826,605.0387,3.2194428,0.47398603,1.0,0.0,13.0
exp6_empty_2,2827,584.5343,2.628155,0.36989698,1.0,0.0,15.0
exp6_empty_2,2828,-317.84143,4.8421836,0.16318612,0.0,1.0,5.0
exp6_empty_2,2829,-273.7635,4.8428535,0.122723944,0.0,1.0,2.0
exp6_empty_2,2830,616.62695,2.5941436,0.36334515,1.0,0.0,19.0
exp6_empty_2,2831,676.96387,2.7784846,0.35233393,1.0,0.0,19.0
exp6_empty_2,2832,640.31964,2.6339889,0.46978372,1.0,0.0,18.0
exp6_empty_2,2833,596.94293,3.2941098,0.4245418,1.0,0.0,10.0
exp6_empty_2,2834,713.9493,2.9257903,0.4612673,1.0,0.0,20.0
exp6_empty_2,2835,657.1952,3.3392882,0.43191707,1.0,0.0,15.0
exp6_empty_2,2836,-237.53252,4.6726055,0.09760372,0.0,1.0,10.0
exp6_empty_2,2837,642.83704,2.1540754,0.6899606,1.0,0.0,32.0
exp6_empty_2,2838,709.15247,1.8615463,0.46735907,1.0,0.0,40.0
exp6_empty_2,2839,555.7558,1.5779761,0.50381035,1.0,0.0,26.0
exp6_empty_2,2841,678.4863,3.8064902,0.34773016,1.0,0.0,12.0
exp6_empty_2,2842,658.5829,3.4514947,0.3761792,1.0,0.0,14.0
exp6_empty_2,2843,676.77795,2.3983233,0.6404183,1.0,0.0,24.0
exp6_empty_2,2844,-192.57967,4.8697605,0.10012726,0.0,1.0,9.0
exp6_empty_2,2845,532.5265,1.8941863,0.5755573,1.0,0.0,18.0
exp6_empty_2,2846,-303.51642,3.643576,0.39062175,0.0,1.0,12.0
exp6_empty_2,2847,651.0233,2.6630456,0.4674947,1.0,0.0,22.0
exp6_empty_2,2848,-265.74802,4.9124618,0.13640818,0.0,1.0,7.0
exp6_empty_2,2849,-306.49057,4.8128104,0.20802227,0.0,1.0,2.0
exp6_empty_2,2850,659.37933,2.8882482,0.55623335,1.0,0.0,24.0
exp6_empty_2,2851,574.5042,1.8356119,0.26186702,1.0,0.0,23.0
exp6_empty_2,2852,-349.74194,4.891509,0.09093322,0.0,1.0,7.0
exp6_empty_2,2853,619.58105,3.3213556,0.3356271,1.0,0.0,18.0
exp6_empty_2,2854,652.60815,3.2788124,0.46484002,1.0,0.0,16.0
exp6_empty_2,2855,634.49,1.3229302,0.64182377,1.0,0.0,53.0
exp6_empty_2,2856,710.3159,3.1702802,0.40457976,1.0,0.0,17.0
exp6_empty_2,2857,-414.94403,4.862366,0.26580316,0.0,1.0,2.0
exp6_empty_2,2858,643.01746,2.8243504,0.371139,1.0,0.0,16.0
exp6_empty_2,2859,557.9888,2.5389295,0.38555148,1.0,0.0,13.0
exp6_empty_2,2861,-192.23172,2.7537398,0.46474963,0.0,1.0,11.0
exp6_empty_2,2862,667.3385,2.8431487,0.27255777,1.0,0.0,20.0
exp6_empty_2,2863,-209.2814,4.847809,0.11056613,0.0,1.0,8.0
exp6_empty_2,2864,680.5149,4.0872083,0.32610083,1.0,0.0,11.0
exp6_empty_2,2865,610.9533,2.6558564,0.6185055,1.0,0.0,15.0
exp6_empty_2,2866,-123.47012,4.7348146,0.09109439,0.0,1.0,7.0
exp6_empty_2,2867,604.48444,2.6432133,0.37108535,1.0,0.0,17.0
exp6_empty_2,2868,549.86865,2.586264,0.50788593,1.0,0.0,15.0
exp6_empty_2,2869,682.9435,2.4199216,0.6305743,1.0,0.0,24.0
exp6_empty_2,2870,-152.04626,2.9717388,0.40832004,0.0,1.0,16.0
exp6_empty_2,2871,617.2576,4.0005274,0.41886997,1.0,0.0,10.0
exp6_empty_2,2872,593.87915,2.4755425,0.47428274,1.0,0.0,22.0
exp6_empty_2,2873,-145.61584,4.4028115,0.44945943,0.0,1.0,11.0
exp6_empty_2,2874,628.74915,2.4058611,0.2321767,1.0,0.0,25.0
exp6_empty_2,2875,580.1056,3.1723938,0.43204916,1.0,0.0,13.0
exp6_empty_2,2876,596.19824,2.7815566,0.42664546,1.0,0.0,17.0
exp6_empty_2,2877,622.09656,2.4945612,0.29757366,1.0,0.0,19.0
exp6_empty_2,2878,-190.6078,4.550688,0.4365834,0.0,1.0,8.0
exp6_empty_2,2879,620.1326,2.487326,0.33929354,1.0,0.0,20.0
exp6_empty_2,2881,620.6819,3.0640938,0.45416284,1.0,0.0,17.0
exp6_empty_2,2882,617.1869,2.7901535,0.32799998,1.0,0.0,15.0
exp6_empty_2,2883,599.35535,2.988764,0.30595204,1.0,0.0,13.0
exp6_empty_2,2884,727.2151,2.7841702,0.50357276,1.0,0.0,24.0
exp6_empty_2,2885,582.5213,3.490324,0.43412012,1.0,0.0,10.0
exp6_empty_2,2886,-294.4708,4.5646596,0.13383432,0.0,1.0,7.0
exp6_empty_2,2887,668.912,2.9188554,0.4076269,1.0,0.0,19.0
exp6_empty_2,2888,681.5879,2.8079052,0.5336599,1.0,0.0,20.0
exp6_empty_2,2889,-229.74403,3.093362,0.3803117,0.0,1.0,15.0
exp6_empty_2,2890,-260.75305,4.70264,0.22843741,0.0,1.0,3.0
exp6_empty_2,2891,-241.40587,3.093202,0.39007443,0.0,1.0,13.0
exp6_empty_2,2892,-269.42654,4.6506658,0.21245007,0.0,1.0,3.0
exp6_empty_2,2893,686.9614,3.0723846,0.5016085,1.0,0.0,19.0
exp6_empty_2,2894,645.90686,2.9485998,0.74423885,1.0,0.0,18.0
exp6_empty_2,2895,629.526,3.475449,0.50178516,1.0,0.0,15.0
exp6_empty_2,2896,661.27905,2.9258022,0.3429081,1.0,0.0,17.0
exp6_empty_2,2897,629.6034,2.6356726,0.46139967,1.0,0.0,19.0
exp6_empty_2,2898,644.85675,2.8716855,0.3008383,1.0,0.0,17.0
exp6_empty_2,2899,-354.49335,4.7133164,0.18149039,0.0,1.0,4.0
exp6_empty_2,2901,-240.26755,3.2356286,0.44405717,0.0,1.0,14.0
exp6_empty_2,2902,-273.59897,4.8710146,0.2479269,0.0,1.0,2.0
exp6_empty_2,2903,598.62305,2.8467026,0.39466524,1.0,0.0,17.0
exp6_empty_2,2904,601.1352,2.5298278,0.39465752,1.0,0.0,16.0
exp6_empty_2,2905,674.2318,2.8915274,0.24639915,1.0,0.0,21.0
exp6_empty_2,2906,708.78204,1.5861117,0.60828286,1.0,0.0,45.0
exp6_empty_2,2907,703.944,2.5413413,0.45219857,1.0,0.0,25.0
exp6_empty_2,2908,668.68677,3.6268156,0.3651196,1.0,0.0,14.0
exp6_empty_2,2909,608.4769,2.6121223,0.27319026,1.0,0.0,17.0
exp6_empty_2,2910,569.5233,4.0250897,0.4226747,1.0,0.0,7.0
exp6_empty_2,2911,599.1056,2.3426704,0.5162488,1.0,0.0,17.0
exp6_empty_2,2912,-291.73602,4.822959,0.20977747,0.0,1.0,7.0
exp6_empty_2,2913,631.9537,3.082733,0.607795,1.0,0.0,18.0
exp6_empty_2,2914,-207.64297,4.5768433,0.07050003,0.0,1.0,9.0
exp6_empty_2,2915,-47.618927,3.6550462,0.34032848,0.0,1.0,12.0
exp6_empty_2,2916,638.77454,3.1974351,0.42524114,1.0,0.0,13.0
exp6_empty_2,2917,591.80646,2.4307742,0.42745763,1.0,0.0,25.0
exp6_empty_2,2918,670.5995,2.8863928,0.50637037,1.0,0.0,18.0
exp6_empty_2,2919,575.31323,2.2750177,0.52682525,1.0,0.0,20.0
exp6_empty_2,2921,567.12,2.7618713,0.21588396,1.0,0.0,14.0
exp6_empty_2,2922,647.6073,2.5524127,0.5128816,1.0,0.0,27.0
exp6_empty_2,2923,-148.0035,2.644709,0.4792143,0.0,1.0,19.0
exp6_empty_2,2924,653.299,2.5785415,0.23003739,1.0,0.0,25.0
exp6_empty_2,2925,626.81055,2.8568003,0.36788324,1.0,0.0,16.0
exp6_empty_2,2926,612.75195,1.8590785,0.46270517,1.0,0.0,30.0
exp6_empty_2,2927,718.00244,4.1223617,0.1752566,1.0,0.0,12.0
exp6_empty_2,2928,624.7481,2.9330626,0.47011796,1.0,0.0,16.0
exp6_empty_2,2929,571.94653,2.6162417,0.4567803,1.0,0.0,15.0
exp6_empty_2,2930,-276.54645,4.65058,0.14125147,0.0,1.0,8.0
exp6_empty_2,2931,683.0891,2.7434013,0.52086145,1.0,0.0,25.0
exp6_empty_2,2932,684.892,2.342016,0.39366215,1.0,0.0,26.0
exp6_empty_2,2933,576.9306,2.8736045,0.31461564,1.0,0.0,19.0
exp6_empty_2,2934,-94.905426,3.228068,0.37881067,0.0,1.0,14.0
exp6_empty_2,2935,-334.07275,2.3750377,0.33064422,0.0,1.0,24.0
exp6_empty_2,2936,623.4795,3.0903258,0.4328041,1.0,0.0,13.0
exp6_empty_2,2937,-283.18976,4.582796,0.13443431,0.0,1.0,11.0
exp6_empty_2,2938,568.7484,1.5088887,0.4224692,1.0,0.0,31.0
exp6_empty_2,2939,-176.17815,3.0176609,0.3681933,0.0,1.0,15.0
exp6_empty_2,2941,-305.38617,4.7063885,0.22714423,0.0,1.0,1.0
exp6_empty_2,2942,-326.13818,4.5494757,0.16660081,0.0,1.0,6.0
exp6_empty_2,2943,611.77716,2.7252846,0.42335978,1.0,0.0,16.0
exp6_empty_2,2944,-194.96872,2.4820697,0.33711132,0.0,1.0,11.0
exp6_empty_2,2945,685.0237,2.4312875,0.6445034,1.0,0.0,24.0
exp6_empty_2,2946,707.7522,3.4557817,0.45261455,1.0,0.0,17.0
exp6_empty_2,2947,550.49097,1.8246601,0.39712462,1.0,0.0,33.0
exp6_empty_2,2948,652.2073,3.4481573,0.33217815,1.0,0.0,12.0
exp6_empty_2,2949,-373.80933,2.0930123,0.3949162,0.0,1.0,21.0
exp6_empty_2,2950,-415.216,4.968419,0.18308172,0.0,1.0,2.0
exp6_empty_2,2951,-279.99075,4.7216477,0.20357926,0.0,1.0,3.0
exp6_empty_2,2952,-209.6903,4.9124174,0.11364289,0.0,1.0,4.0
exp6_empty_2,2953,607.7035,2.2963426,0.37369868,1.0,0.0,20.0
exp6_empty_2,2954,-272.20087,4.2892337,0.18845204,0.0,1.0,8.0
exp6_empty_2,2955,614.71356,3.2073543,0.5842352,1.0,0.0,14.0
exp6_empty_2,2956,550.25977,2.1887255,0.31641403,1.0,0.0,18.0
exp6_empty_2,2957,-386.87674,4.533153,0.21877079,0.0,1.0,3.0
exp6_empty_2,2958,-151.63823,3.6073892,0.2984102,0.0,1.0,9.0
exp6_empty_2,2959,630.10846,2.9917867,0.72077334,1.0,0.0,16.0
exp6_empty_2,2961,673.29987,2.3329191,0.65376234,1.0,0.0,24.0
exp6_empty_2,2962,-345.46252,4.7846794,0.1325704,0.0,1.0,5.0
exp6_empty_2,2963,-315.2315,4.7784033,0.09886061,0.0,1.0,7.0
exp6_empty_2,2964,-231.03531,4.8783607,0.105524935,0.0,1.0,6.0
exp6_empty_2,2965,678.07446,3.1951904,0.4039159,1.0,0.0,17.0
exp6_empty_2,2966,-276.13312,3.131871,0.43677703,0.0,1.0,12.0
exp6_empty_2,2967,-411.76517,4.9902515,0.16825128,0.0,1.0,2.0
exp6_empty_2,2968,514.82825,2.18972,0.40539718,1.0,0.0,14.0
exp6_empty_2,2969,665.6768,3.2637842,0.4494752,1.0,0.0,19.0
exp6_empty_2,2970,615.88153,3.2777774,0.48136863,1.0,0.0,15.0
exp6_empty_2,2971,687.44037,3.2669709,0.39297864,1.0,0.0,17.0
exp6_empty_2,2972,596.7917,2.4186943,0.2919118,1.0,0.0,20.0
exp6_empty_2,2973,580.92236,2.0089567,0.6568257,1.0,0.0,25.0
exp6_empty_2,2974,634.5001,2.8911364,0.4684681,1.0,0.0,17.0
exp6_empty_2,2975,588.94604,2.093588,0.6075032,1.0,0.0,22.0
exp6_empty_2,2976,-354.7518,4.937525,0.04156231,0.0,1.0,2.0
exp6_empty_2,2977,516.44476,2.3708072,0.4654218,1.0,0.0,13.0
exp6_empty_2,2978,-246.07455,4.687499,0.17308536,0.0,1.0,5.0
exp6_empty_2,2979,557.4975,1.3593919,0.37490922,1.0,0.0,36.0
exp6_empty_2,2981,-420.69406,4.8218236,0.1368903,0.0,1.0,2.0
exp6_empty_2,2982,698.93054,3.407956,0.33317116,1.0,0.0,17.0
exp6_empty_2,2983,639.13696,2.511933,0.48489535,1.0,0.0,21.0
exp6_empty_2,2984,689.2385,2.479009,0.2742563,1.0,0.0,24.0
exp6_empty_2,2985,577.8883,1.8279086,0.66554385,1.0,0.0,24.0
exp6_empty_2,2986,579.4607,2.581081,0.37862134,1.0,0.0,18.0
exp6_empty_2,2987,580.55237,2.7541556,0.38254595,1.0,0.0,15.0
exp6_empty_2,2988,-245.5315,4.8304753,0.12646264,0.0,1.0,8.0
exp6_empty_2,2989,-311.34836,4.771083,0.1450016,0.0,1.0,7.0
exp6_empty_2,2990,542.471,2.1977031,0.3008354,1.0,0.0,12.0
exp6_empty_2,2991,-121.61745,4.8895097,0.1142298,0.0,1.0,8.0
exp6_empty_2,2992,559.7359,2.2916453,0.33411667,1.0,0.0,20.0
exp6_empty_2,2993,615.12384,2.6337407,0.45348954,1.0,0.0,24.0
exp6_empty_2,2994,600.9426,1.3852432,0.7014394,1.0,0.0,49.0
exp6_empty_2,2995,652.9781,1.8904853,0.65382135,1.0,0.0,33.0
exp6_empty_2,2996,649.6736,2.5557718,0.46921968,1.0,0.0,22.0
exp6_empty_2,2997,566.46564,2.6213858,0.48558205,1.0,0.0,15.0
exp6_empty_2,2998,614.80615,2.863139,0.40452936,1.0,0.0,14.0
exp6_empty_2,2999,744.51855,4.888796,0.11359045,1.0,0.0,11.0
exp6_empty_2,3001,656.81964,1.9413588,0.38094315,1.0,0.0,37.0
exp6_empty_2,3002,-144.38388,2.940634,0.42832777,0.0,1.0,14.0
exp6_empty_2,3003,662.0896,4.570384,0.2613934,1.0,0.0,9.0
exp6_empty_2,3004,618.57764,2.5716712,0.5218437,1.0,0.0,18.0
exp6_empty_2,3005,633.8774,3.057154,0.40113935,1.0,0.0,14.0
exp6_empty_2,3006,-236.93265,4.887861,0.11221289,0.0,1.0,4.0
exp6_empty_2,3007,665.36145,3.3502693,0.39296415,1.0,0.0,14.0
exp6_empty_2,3008,622.66125,1.5443418,0.69680786,1.0,0.0,40.0
exp6_empty_2,3009,637.5315,2.5432186,0.5468094,1.0,0.0,23.0
exp6_empty_2,3010,579.50037,2.304936,0.42497775,1.0,0.0,19.0
exp6_empty_2,3011,605.1726,2.8967497,0.415217,1.0,0.0,19.0
exp6_empty_2,3012,631.3932,2.6573436,0.4824834,1.0,0.0,16.0
exp6_empty_2,3013,-257.08334,4.917539,0.10513355,0.0,1.0,8.0
exp6_empty_2,3014,668.5226,1.9824225,0.6998706,1.0,0.0,32.0
exp6_empty_2,3015,708.9811,2.0300758,0.66059715,1.0,0.0,33.0
exp6_empty_2,3016,-281.60086,4.56352,0.16475321,0.0,1.0,2.0
exp6_empty_2,3017,704.80554,3.2612662,0.4375192,1.0,0.0,17.0
exp6_empty_2,3018,702.29333,2.7377641,0.24330872,1.0,0.0,24.0
exp6_empty_2,3019,666.7571,2.688402,0.28756174,1.0,0.0,21.0
exp6_empty_2,3021,595.8935,3.2713215,0.4325382,1.0,0.0,10.0
exp6_empty_2,3022,679.2188,2.5951817,0.45781994,1.0,0.0,22.0
exp6_empty_2,3023,652.4413,3.749794,0.2579556,1.0,0.0,11.0
exp6_empty_2,3024,567.7638,3.0506265,0.48740178,1.0,0.0,11.0
exp6_empty_2,3025,-323.10596,4.689599,0.1426346,0.0,1.0,5.0
exp6_empty_2,3026,541.4949,2.3490734,0.31833532,1.0,0.0,17.0
exp6_empty_2,3027,-79.35431,3.6483264,0.36818817,0.0,1.0,16.0
exp6_empty_2,3028,-264.09274,4.856459,0.15634732,0.0,1.0,4.0
exp6_empty_2,3029,-309.54523,4.875929,0.19052422,0.0,1.0,1.0
exp6_empty_2,3030,623.5481,3.5753422,0.4334096,1.0,0.0,12.0
exp6_empty_2,3031,665.083,2.8995316,0.5518818,1.0,0.0,17.0
exp6_empty_2,3032,573.8589,2.4334867,0.36407152,1.0,0.0,19.0
exp6_empty_2,3033,605.8184,2.6202853,0.3641123,1.0,0.0,19.0
exp6_empty_2,3034,567.2401,2.7066329,0.3878147,1.0,0.0,14.0
exp6_empty_2,3035,622.0587,2.68107,0.5633636,1.0,0.0,17.0
exp6_empty_2,3036,571.4556,2.55895,0.32523632,1.0,0.0,13.0
exp6_empty_2,3037,577.8359,2.653641,0.30242267,1.0,0.0,19.0
exp6_empty_2,3038,663.7184,3.150329,0.43022254,1.0,0.0,18.0
exp6_empty_2,3039,589.64343,3.1551523,0.41553757,1.0,0.0,12.0
exp6_empty_2,3041,651.7637,2.9145787,0.49556726,1.0,0.0,15.0
exp6_empty_2,3042,723.68726,2.095404,0.27823675,1.0,0.0,31.0
exp6_empty_2,3043,685.3364,2.5222676,0.49083805,1.0,0.0,23.0
exp6_empty_2,3044,621.02466,3.4571993,0.36843172,1.0,0.0,12.0
exp6_empty_2,3045,561.3574,3.2770207,0.5586188,1.0,0.0,9.0
exp6_empty_2,3046,691.1546,3.0239294,0.4293894,1.0,0.0,20.0
exp6_empty_2,3047,643.81494,2.8842719,0.56097215,1.0,0.0,17.0
exp6_empty_2,3048,615.8245,1.6003886,0.74162316,1.0,0.0,38.0
exp6_empty_2,3049,527.57837,1.7816997,0.45461845,1.0,0.0,29.0
exp6_empty_2,3050,-235.99663,3.2371433,0.34845456,0.0,1.0,14.0
exp6_empty_2,3051,645.3877,2.874385,0.3038227,1.0,0.0,17.0
exp6_empty_2,3052,644.2683,3.1713946,0.3614051,1.0,0.0,16.0
exp6_empty_2,3053,596.53644,2.2382488,0.31790593,1.0,0.0,22.0
exp6_empty_2,3054,633.94244,3.2204533,0.37251392,1.0,0.0,14.0
exp6_empty_2,3055,561.58356,2.362246,0.6365067,1.0,0.0,19.0
exp6_empty_2,3056,686.8042,4.0180182,0.28630424,1.0,0.0,14.0
exp6_empty_2,3057,578.5814,3.3861206,0.42878795,1.0,0.0,9.0
exp6_empty_2,3058,-359.24078,4.8096614,0.17611869,0.0,1.0,3.0
exp6_empty_2,3059,-323.18643,4.3902836,0.53119934,0.0,1.0,1.0
exp6_empty_2,3061,-230.6586,3.2041523,0.2584203,0.0,1.0,20.0
exp6_empty_2,3062,-247.08803,3.377916,0.31141245,0.0,1.0,17.0
exp6_empty_2,3063,563.8297,2.9396694,0.43398175,1.0,0.0,12.0
exp6_empty_2,3064,677.25903,2.319443,0.5758566,1.0,0.0,26.0
exp6_empty_2,3065,687.28265,3.4536712,0.35091433,1.0,0.0,16.0
exp6_empty_2,3066,709.6299,2.4508958,0.47876015,1.0,0.0,27.0
exp6_empty_2,3067,-352.37433,4.7714424,0.16573927,0.0,1.0,4.0
exp6_empty_2,3068,-328.33493,4.271988,0.53378016,0.0,1.0,1.0
exp6_empty_2,3069,669.4061,2.1344647,0.6089552,1.0,0.0,26.0
exp6_empty_2,3070,-324.32617,2.4881132,0.32723984,0.0,1.0,16.0
exp6_empty_2,3071,679.06573,2.1519523,0.33411056,1.0,0.0,33.0
exp6_empty_2,3072,-241.77283,4.701556,0.2403918,0.0,1.0,3.0
exp6_empty_2,3073,656.8618,2.6272664,0.4758883,1.0,0.0,21.0
exp6_empty_2,3074,-180.63535,3.0674803,0.25303617,0.0,1.0,17.0
exp6_empty_2,3075,551.17694,3.8851857,0.6253128,1.0,0.0,10.0
exp6_empty_2,3076,-231.25195,2.707012,0.35660073,0.0,1.0,22.0
exp6_empty_2,3077,-220.76813,2.7750647,0.3697215,0.0,1.0,15.0
exp6_empty_2,3078,612.24146,2.4210234,0.5893767,1.0,0.0,18.0
exp6_empty_2,3079,588.62305,2.7062557,0.3810816,1.0,0.0,14.0
exp6_empty_2,3081,554.7118,2.9969225,0.47507203,1.0,0.0,11.0
exp6_empty_2,3082,-243.48984,4.8458586,0.08498488,0.0,1.0,8.0
exp6_empty_2,3083,-417.56464,4.871976,0.097485855,0.0,1.0,2.0
exp6_empty_2,3084,691.803,4.1178045,0.6624451,1.0,0.0,14.0
exp6_empty_2,3085,640.4363,2.3811417,0.66269475,1.0,0.0,21.0
exp6_empty_2,3086,699.83154,2.060234,0.3307991,1.0,0.0,29.0
exp6_empty_2,3087,648.55566,2.4743698,0.53685623,1.0,0.0,24.0
exp6_empty_2,3088,-414.6397,4.910152,0.2703985,0.0,1.0,2.0
exp6_empty_2,3089,690.1109,1.664048,0.7502037,1.0,0.0,44.0
exp6_empty_2,3090,692.3556,2.3811278,0.5228562,1.0,0.0,26.0
exp6_empty_2,3091,690.29675,2.0282009,0.7037058,1.0,0.0,32.0
exp6_empty_2,3092,576.8921,1.7821162,0.60928434,1.0,0.0,27.0
exp6_empty_2,3093,651.55536,2.8509223,0.5245742,1.0,0.0,20.0
exp6_empty_2,3094,-387.32303,4.804009,0.1273155,0.0,1.0,3.0
exp6_empty_2,3095,587.9446,4.6698065,0.14650618,1.0,0.0,8.0
exp6_empty_2,3096,633.9308,2.503028,0.42073074,1.0,0.0,21.0
exp6_empty_2,3097,535.6962,3.9331472,0.58896494,1.0,0.0,8.0
exp6_empty_2,3098,587.4127,2.6947758,0.39584187,1.0,0.0,14.0
exp6_empty_2,3099,682.10345,3.647575,0.320151,1.0,0.0,14.0
exp6_empty_2,3101,673.4099,2.175226,0.60695934,1.0,0.0,30.0
exp6_empty_2,3102,-313.44873,4.876641,0.10439882,0.0,1.0,6.0
exp6_empty_2,3103,591.67365,2.782684,0.3661333,1.0,0.0,14.0
exp6_empty_2,3104,659.13696,2.9182298,0.52562594,1.0,0.0,18.0
exp6_empty_2,3105,570.3414,2.413439,0.568525,1.0,0.0,19.0
exp6_empty_2,3106,620.2493,3.2953386,0.45503557,1.0,0.0,13.0
exp6_empty_2,3107,582.859,3.2655752,0.5010542,1.0,0.0,11.0
exp6_empty_2,3108,622.66235,2.0771105,0.3899289,1.0,0.0,33.0
exp6_empty_2,3109,553.4651,3.6324158,0.32171446,1.0,0.0,7.0
exp6_empty_2,3110,696.4822,2.3117115,0.4165113,1.0,0.0,31.0
exp6_empty_2,3111,636.50757,2.040491,0.3721189,1.0,0.0,34.0
exp6_empty_2,3112,501.5397,1.7115611,0.5454411,1.0,0.0,32.0
exp6_empty_2,3113,713.4641,1.8190818,0.6705522,1.0,0.0,39.0
exp6_empty_2,3114,612.6828,2.088171,0.62944233,1.0,0.0,26.0
exp6_empty_2,3115,601.1604,2.9199874,0.4711146,1.0,0.0,14.0
exp6_empty_2,3116,679.38306,1.9994334,0.7263217,1.0,0.0,31.0
exp6_empty_2,3117,598.1328,2.1116765,0.6865299,1.0,0.0,33.0
exp6_empty_2,3118,649.2428,2.5043156,0.41238594,1.0,0.0,25.0
exp6_empty_2,3119,568.8597,1.9819818,0.53618515,1.0,0.0,27.0
exp6_empty_2,3121,596.5774,2.3227892,0.50131166,1.0,0.0,22.0
exp6_empty_2,3122,-187.57605,4.909851,0.14900471,0.0,1.0,5.0
exp6_empty_2,3123,595.4235,2.290671,0.5890196,1.0,0.0,19.0
exp6_empty_2,3124,635.4502,2.5467653,0.4124988,1.0,0.0,24.0
exp6_empty_2,3125,542.3157,2.4009488,0.42514876,1.0,0.0,13.0
exp6_empty_2,3126,695.1831,2.5439978,0.3626069,1.0,0.0,21.0
exp6_empty_2,3127,-155.03801,3.5843375,0.34123594,0.0,1.0,13.0
exp6_empty_2,3128,470.3237,1.9816216,0.7067097,1.0,0.0,14.0
exp6_empty_2,3129,642.75323,2.6426327,0.5980763,1.0,0.0,23.0
exp6_empty_2,3130,640.42773,1.5036701,0.66185653,1.0,0.0,41.0
exp6_empty_2,3131,676.5507,3.2529936,0.32840925,1.0,0.0,17.0
exp6_empty_2,3132,-388.64648,4.786383,0.19389737,0.0,1.0,3.0
exp6_empty_2,3133,-243.56155,4.06698,0.23255931,0.0,1.0,4.0
exp6_empty_2,3134,643.9489,2.386717,0.34507483,1.0,0.0,26.0
exp6_empty_2,3135,-162.9485,4.91127,0.09308016,0.0,1.0,8.0
exp6_empty_2,3136,-353.1317,2.5767183,0.361939,0.0,1.0,13.0
exp6_empty_2,3137,592.73926,1.9686216,0.42473468,1.0,0.0,28.0
exp6_empty_2,3138,-390.68057,4.8753443,0.21917823,0.0,1.0,2.0
exp6_empty_2,3139,630.4885,3.8108149,0.2644105,1.0,0.0,11.0
exp6_empty_2,3141,-308.57874,4.2682076,0.42527476,0.0,1.0,1.0
exp6_empty_2,3142,615.8845,2.6245937,0.5193008,1.0,0.0,19.0
exp6_empty_2,3143,658.9232,4.1893635,0.31690362,1.0,0.0,11.0
exp6_empty_2,3144,-399.5381,4.4112797,0.38415855,0.0,1.0,1.0
exp6_empty_2,3145,531.92365,1.8777992,0.48167393,1.0,0.0,33.0
exp6_empty_2,3146,688.19946,2.5252035,0.62129754,1.0,0.0,24.0
exp6_empty_2,3147,641.10065,2.6473916,0.48498031,1.0,0.0,21.0
exp6_empty_2,3148,691.3479,3.232775,0.48113352,1.0,0.0,17.0
exp6_empty_2,3149,543.0991,2.0950525,0.55177736,1.0,0.0,21.0
exp6_empty_2,3150,585.07654,3.219347,0.5352611,1.0,0.0,12.0
exp6_empty_2,3151,-321.3175,4.6501346,0.1842587,0.0,1.0,5.0
exp6_empty_2,3152,508.35455,2.7865224,0.5110024,1.0,0.0,10.0
exp6_empty_2,3153,614.5207,3.2678213,0.42596918,1.0,0.0,13.0
exp6_empty_2,3154,655.729,2.1101885,0.69149905,1.0,0.0,33.0
exp6_empty_2,3155,622.6573,4.4950852,0.5709847,1.0,0.0,9.0
exp6_empty_2,3156,-248.45485,3.1543975,0.45473373,0.0,1.0,13.0
exp6_empty_2,3157,565.1501,3.487361,0.3864641,1.0,0.0,9.0
exp6_empty_2,3158,-233.67705,4.6997848,0.15031925,0.0,1.0,5.0
exp6_empty_2,3159,636.5753,3.0283954,0.56319994,1.0,0.0,17.0
exp6_empty_2,3161,631.43555,3.6394846,0.43549064,1.0,0.0,11.0
exp6_empty_2,3162,690.1799,2.466101,0.5951833,1.0,0.0,28.0
exp6_empty_2,3163,-290.45178,4.789168,0.16180663,0.0,1.0,6.0
exp6_empty_2,3164,605.08905,2.8014798,0.52288437,1.0,0.0,17.0
exp6_empty_2,3165,628.9224,2.8028662,0.59971094,1.0,0.0,17.0
exp6_empty_2,3166,650.3628,3.086034,0.27501643,1.0,0.0,17.0
exp6_empty_2,3167,647.36816,3.4272962,0.42222247,1.0,0.0,14.0
exp6_empty_2,3168,-243.28207,4.827678,0.2262687,0.0,1.0,3.0
exp6_empty_2,3169,-141.92122,2.288521,0.45629704,0.0,1.0,22.0
exp6_empty_2,3170,556.22217,2.211859,0.4929375,1.0,0.0,20.0
exp6_empty_2,3171,605.4905,2.6093163,0.54329664,1.0,0.0,17.0
exp6_empty_2,3172,-89.906555,2.9179146,0.44032633,0.0,1.0,25.0
exp6_empty_2,3173,-353.32996,4.7598534,0.26123762,0.0,1.0,4.0
exp6_empty_2,3174,658.7185,2.8230965,0.5573501,1.0,0.0,17.0
exp6_empty_2,3175,-265.5699,3.400864,0.48175475,0.0,1.0,13.0
exp6_empty_2,3176,-244.6315,4.646881,0.2353875,0.0,1.0,3.0
exp6_empty_2,3177,632.57996,2.3094203,0.32056147,1.0,0.0,21.0
exp6_empty_2,3178,589.26025,2.0917993,0.21579124,1.0,0.0,25.0
exp6_empty_2,3179,583.04736,3.3374975,0.46209696,1.0,0.0,14.0
exp6_empty_2,3181,644.29376,3.8001683,0.3311081,1.0,0.0,12.0
exp6_empty_2,3182,609.7306,2.402872,0.3570879,1.0,0.0,20.0
exp6_empty_2,3183,641.13586,2.5631368,0.62815917,1.0,0.0,23.0
exp6_empty_2,3184,-414.1187,4.8558283,0.19692521,0.0,1.0,2.0
exp6_empty_2,3185,641.51807,2.8977635,0.3959921,1.0,0.0,16.0
exp6_empty_2,3186,574.94415,3.0504894,0.48354387,1.0,0.0,12.0
exp6_empty_2,3187,-124.23059,4.869848,0.10340945,0.0,1.0,7.0
exp6_empty_2,3188,570.27454,4.042202,0.58948046,1.0,0.0,8.0
exp6_empty_2,3189,-337.22687,4.958825,0.09484248,0.0,1.0,5.0
exp6_empty_2,3190,588.522,3.841271,0.3800308,1.0,0.0,8.0
exp6_empty_2,3191,552.5231,2.7204862,0.35884306,1.0,0.0,19.0
exp6_empty_2,3192,-416.8462,4.932862,0.21479486,0.0,1.0,2.0
exp6_empty_2,3193,-83.1295,3.9836717,0.3879174,0.0,1.0,10.0
exp6_empty_2,3194,609.9902,3.1767073,0.34263626,1.0,0.0,17.0
exp6_empty_2,3195,-241.11511,4.793921,0.2600145,0.0,1.0,3.0
exp6_empty_2,3196,732.22766,3.1520555,0.5213469,1.0,0.0,19.0
exp6_empty_2,3197,629.54114,1.7545239,0.7387872,1.0,0.0,35.0
exp6_empty_2,3198,635.2532,2.288758,0.27412164,1.0,0.0,22.0
exp6_empty_2,3199,664.7251,2.7077892,0.42825308,1.0,0.0,24.0
exp6_empty_2,3201,643.05255,3.592532,0.27039763,1.0,0.0,13.0
exp6_empty_2,3202,539.51654,2.5223505,0.32503092,1.0,0.0,19.0
exp6_empty_2,3203,639.1228,2.487069,0.577745,1.0,0.0,21.0
exp6_empty_2,3204,591.2742,2.4276984,0.48803148,1.0,0.0,21.0
exp6_empty_2,3205,571.3077,2.764055,0.3221253,1.0,0.0,15.0
exp6_empty_2,3206,607.17975,2.7008104,0.48925415,1.0,0.0,15.0
exp6_empty_2,3207,599.634,2.7733643,0.42795208,1.0,0.0,14.0
exp6_empty_2,3208,-412.6419,4.9740953,0.09423168,0.0,1.0,2.0
exp6_empty_2,3209,-302.05872,4.824515,0.08859941,0.0,1.0,6.0
exp6_empty_2,3210,606.74817,2.5940454,0.4796178,1.0,0.0,27.0
exp6_empty_2,3211,619.1075,3.1680448,0.47499302,1.0,0.0,13.0
exp6_empty_2,3212,556.42,3.437895,0.7411808,1.0,0.0,11.0
exp6_empty_2,3213,-382.77655,4.835186,0.14994009,0.0,1.0,4.0
exp6_empty_2,3214,-172.55632,4.9577856,0.07593466,0.0,1.0,8.0
exp6_empty_2,3215,-381.94714,4.933696,0.18299435,0.0,1.0,3.0
exp6_empty_2,3216,685.08417,3.2756736,0.3714457,1.0,0.0,16.0
exp6_empty_2,3217,621.5912,3.5462568,0.32873312,1.0,0.0,11.0
exp6_empty_2,3218,569.3461,1.911601,0.73267454,1.0,0.0,30.0
exp6_empty_2,3219,637.6155,3.08267,0.19177866,1.0,0.0,14.0
exp6_empty_2,3221,582.2504,2.9205835,0.36992326,1.0,0.0,12.0
exp6_empty_2,3222,686.33826,2.0026104,0.6796476,1.0,0.0,32.0
exp6_empty_2,3223,-415.75894,4.9979854,0.49022245,0.0,1.0,2.0
exp6_empty_2,3224,-291.51706,3.9084423,0.517079,0.0,1.0,10.0
exp6_empty_2,3225,-303.2383,4.989897,0.23352516,0.0,1.0,1.0
exp6_empty_2,3226,552.3108,3.3027062,0.40627173,1.0,0.0,9.0
exp6_empty_2,3227,-310.1062,3.1448007,0.38922086,0.0,1.0,10.0
exp6_empty_2,3228,546.2771,2.3683739,0.46553272,1.0,0.0,13.0
exp6_empty_2,3229,630.0084,2.3851354,0.6184114,1.0,0.0,24.0
exp6_empty_2,3230,671.40326,2.2922366,0.6202354,1.0,0.0,27.0
exp6_empty_2,3231,-161.64474,3.3087237,0.369156,0.0,1.0,15.0
exp6_empty_2,3232,-182.98433,1.8924109,0.4666751,0.0,1.0,30.0
exp6_empty_2,3233,628.46936,2.3572736,0.23780258,1.0,0.0,27.0
exp6_empty_2,3234,587.45715,2.1014705,0.48660207,1.0,0.0,23.0
exp6_empty_2,3235,678.0072,2.1665883,0.41181707,1.0,0.0,35.0
exp6_empty_2,3236,673.4458,1.97068,0.7055677,1.0,0.0,32.0
exp6_empty_2,3237,-318.15564,4.9387045,0.14779922,0.0,1.0,5.0
exp6_empty_2,3238,-230.14937,4.2945375,0.46844319,0.0,1.0,11.0
exp6_empty_2,3239,-308.8802,4.725968,0.5066925,0.0,1.0,1.0
exp6_empty_2,3241,658.1643,2.1341176,0.57234406,1.0,0.0,32.0
exp6_empty_2,3242,-231.6841,4.9309635,0.061285894,0.0,1.0,9.0
exp6_empty_2,3243,-379.4274,4.823297,0.19857648,0.0,1.0,4.0
exp6_empty_2,3244,651.41833,3.3994517,0.4653664,1.0,0.0,13.0
exp6_empty_2,3245,-274.31924,4.968459,0.08330673,0.0,1.0,4.0
exp6_empty_2,3246,741.16614,2.6122222,0.5940162,1.0,0.0,25.0
exp6_empty_2,3247,608.62213,2.3642058,0.3636377,1.0,0.0,18.0
exp6_empty_2,3248,558.173,1.6645744,0.39903197,1.0,0.0,32.0
exp6_empty_2,3249,578.3258,2.0434518,0.7172498,1.0,0.0,30.0
exp6_empty_2,3250,638.9623,2.8316746,0.5015879,1.0,0.0,21.0
exp6_empty_2,3251,686.5872,3.137383,0.41664582,1.0,0.0,17.0
exp6_empty_2,3252,-114.360306,2.536549,0.3223364,0.0,1.0,24.0
exp6_empty_2,3253,626.0592,1.6709979,0.19934183,1.0,0.0,34.0
exp6_empty_2,3254,-379.5536,4.9632583,0.22584166,0.0,1.0,3.0
exp6_empty_2,3255,-272.85928,4.8497677,0.17988954,0.0,1.0,4.0
exp6_empty_2,3256,665.0252,2.5407252,0.4263655,1.0,0.0,25.0
exp6_empty_2,3257,556.63135,2.315381,0.44879934,1.0,0.0,15.0
exp6_empty_2,3258,604.09955,2.7731292,0.5144595,1.0,0.0,18.0
exp6_empty_2,3259,653.4043,2.3378081,0.67473245,1.0,0.0,30.0
exp6_empty_2,3261,625.7046,3.1676934,0.44838747,1.0,0.0,12.0
exp6_empty_2,3262,521.70593,2.2637942,0.5108487,1.0,0.0,14.0
exp6_empty_2,3263,-189.49872,4.4494724,0.5447683,0.0,1.0,12.0
exp6_empty_2,3264,626.89777,3.0802815,0.50103813,1.0,0.0,13.0
exp6_empty_2,3265,-348.57352,4.9356117,0.23366371,0.0,1.0,4.0
exp6_empty_2,3266,523.99603,4.148965,0.5203063,1.0,0.0,7.0
exp6_empty_2,3267,667.3036,1.7060369,0.25040418,1.0,0.0,34.0
exp6_empty_2,3268,605.7267,2.2534678,0.3699742,1.0,0.0,30.0
exp6_empty_2,3269,-171.13116,4.8765116,0.14711663,0.0,1.0,7.0
exp6_empty_2,3270,679.88574,2.248729,0.39080322,1.0,0.0,25.0
exp6_empty_2,3271,716.2755,3.9066143,0.23512085,1.0,0.0,14.0
exp6_empty_2,3272,686.0337,2.1182532,0.6503404,1.0,0.0,32.0
exp6_empty_2,3273,591.878,2.2207975,0.5102096,1.0,0.0,20.0
exp6_empty_2,3274,671.9594,2.44642,0.2728719,1.0,0.0,28.0
exp6_empty_2,3275,-207.15013,2.8074992,0.24377897,0.0,1.0,18.0
exp6_empty_2,3276,603.4541,2.610932,0.5178898,1.0,0.0,20.0
exp6_empty_2,3277,-372.579,4.41264,0.15215291,0.0,1.0,4.0
exp6_empty_2,3278,681.1945,2.8434417,0.47635058,1.0,0.0,19.0
exp6_empty_2,3279,-258.83078,4.881341,0.120893404,0.0,1.0,4.0
exp6_empty_2,3281,-78.12669,4.734643,0.09963845,0.0,1.0,9.0
exp6_empty_2,3282,713.6023,2.2671316,0.59265023,1.0,0.0,27.0
exp6_empty_2,3283,655.45026,2.5564759,0.41647986,1.0,0.0,23.0
exp6_empty_2,3284,-445.64612,4.7792215,0.3137556,0.0,1.0,1.0
exp6_empty_2,3285,635.187,2.8725407,0.41044375,1.0,0.0,15.0
exp6_empty_2,3286,518.5132,1.7956173,0.44562694,1.0,0.0,26.0
exp6_empty_2,3287,597.2848,2.4101489,0.5546682,1.0,0.0,18.0
exp6_empty_2,3288,626.86,2.10803,0.46334475,1.0,0.0,26.0
exp6_empty_2,3289,569.815,2.006038,0.47820142,1.0,0.0,23.0
exp6_empty_2,3290,636.6481,3.407792,0.7122924,1.0,0.0,15.0
exp6_empty_2,3291,698.4529,2.5914004,0.36894456,1.0,0.0,27.0
exp6_empty_2,3292,-166.13818,2.4614289,0.33032063,0.0,1.0,25.0
exp6_empty_2,3293,627.03265,3.006276,0.410035,1.0,0.0,17.0
exp6_empty_2,3294,-345.24283,4.890885,0.1883824,0.0,1.0,5.0
exp6_empty_2,3295,595.5786,2.871387,0.41146383,1.0,0.0,14.0
exp6_empty_2,3296,662.7208,2.4737654,0.61923224,1.0,0.0,26.0
exp6_empty_2,3297,-157.64795,4.3110456,0.16294016,0.0,1.0,7.0
exp6_empty_2,3298,661.9735,3.1233993,0.40416238,1.0,0.0,15.0
exp6_empty_2,3299,613.6278,2.7034464,0.3304911,1.0,0.0,16.0
exp6_empty_2,3301,-300.83374,4.9994364,0.023023777,0.0,1.0,1.0
exp6_empty_2,3302,-361.50848,4.045702,0.23364484,0.0,1.0,5.0
exp6_empty_2,3303,-308.3996,4.506479,0.3845728,0.0,1.0,7.0
exp6_empty_2,3304,646.398,2.821824,0.47880033,1.0,0.0,19.0
exp6_empty_2,3305,641.90405,2.6288438,0.36780062,1.0,0.0,19.0
exp6_empty_2,3306,-193.84082,2.7819686,0.26160386,0.0,1.0,22.0
exp6_empty_2,3307,694.20605,2.0680397,0.68612796,1.0,0.0,33.0
exp6_empty_2,3308,-207.8023,4.8779173,0.12947236,0.0,1.0,4.0
exp6_empty_2,3309,-264.90646,4.636853,0.19488311,0.0,1.0,5.0
exp6_empty_2,3310,666.11475,3.553293,0.572393,1.0,0.0,14.0
exp6_empty_2,3311,597.3441,2.8273044,0.38768354,1.0,0.0,14.0
exp6_empty_2,3312,638.3163,1.278902,0.34869358,1.0,0.0,51.0
exp6_empty_2,3313,627.5919,3.1253164,0.40220317,1.0,0.0,15.0
exp6_empty_2,3314,567.2129,4.023749,0.59775853,1.0,0.0,8.0
exp6_empty_2,3315,546.68945,3.0537782,0.45036158,1.0,0.0,14.0
exp6_empty_2,3316,640.2781,2.1865695,0.66974187,1.0,0.0,22.0
exp6_empty_2,3317,-327.578,4.9412613,0.14052343,0.0,1.0,5.0
exp6_empty_2,3318,-210.96973,4.8566103,0.19808336,0.0,1.0,4.0
exp6_empty_2,3319,513.2782,2.150639,0.32716393,1.0,0.0,20.0
exp6_empty_2,3321,561.9476,2.719578,0.5309332,1.0,0.0,11.0
exp6_empty_2,3322,674.6344,2.0766165,0.5678782,1.0,0.0,27.0
exp6_empty_2,3323,606.7162,1.4249219,0.7508193,1.0,0.0,37.0
exp6_empty_2,3324,667.12683,2.9233036,0.55424577,1.0,0.0,17.0
exp6_empty_2,3325,578.67456,2.2041261,0.2822826,1.0,0.0,19.0
exp6_empty_2,3326,-273.82526,4.773353,0.24143605,0.0,1.0,2.0
exp6_empty_2,3327,620.8904,3.3074937,0.36668825,1.0,0.0,14.0
exp6_empty_2,3328,481.33377,3.0059803,0.58510447,1.0,0.0,8.0
exp6_empty_2,3329,604.0315,3.422765,0.45952496,1.0,0.0,10.0
exp6_empty_2,3330,642.63605,2.6484451,0.28826472,1.0,0.0,19.0
exp6_empty_2,3331,602.12634,2.0488253,0.646342,1.0,0.0,24.0
exp6_empty_2,3332,-349.0855,4.921773,0.15358888,0.0,1.0,4.0
exp6_empty_2,3333,704.9772,3.393571,0.36072215,1.0,0.0,15.0
exp6_empty_2,3334,620.5069,3.0680003,0.34638423,1.0,0.0,13.0
exp6_empty_2,3335,711.1755,2.306039,0.1802077,1.0,0.0,26.0
exp6_empty_2,3336,627.18555,3.303017,0.4967661,1.0,0.0,14.0
exp6_empty_2,3337,-82.882385,4.7649517,0.08615059,0.0,1.0,8.0
exp6_empty_2,3338,638.5309,3.059779,0.5095972,1.0,0.0,19.0
exp6_empty_2,3339,658.38007,3.231395,0.30182037,1.0,0.0,19.0
exp6_empty_2,3341,562.44196,3.342472,0.3633142,1.0,0.0,8.0
exp6_empty_2,3342,-352.05484,4.8899264,0.118353695,0.0,1.0,4.0
exp6_empty_2,3343,630.9428,2.5940306,0.42444706,1.0,0.0,20.0
exp6_empty_2,3344,625.0657,3.37018,0.32101998,1.0,0.0,11.0
exp6_empty_2,3345,574.20105,1.5464966,0.49979925,1.0,0.0,33.0
exp6_empty_2,3346,598.8562,3.7265506,0.2783114,1.0,0.0,10.0
exp6_empty_2,3347,713.4749,2.9590285,0.39669946,1.0,0.0,18.0
exp6_empty_2,3348,735.4116,2.6004128,0.61496615,1.0,0.0,25.0
exp6_empty_2,3349,629.2028,2.8901916,0.47382444,1.0,0.0,16.0
exp6_empty_2,3350,591.27515,2.3001611,0.5154178,1.0,0.0,21.0
exp6_empty_2,3351,682.4365,3.1277182,0.44589174,1.0,0.0,17.0
exp6_empty_2,3352,623.3987,3.225779,0.51798445,1.0,0.0,14.0
exp6_empty_2,3353,631.2006,1.9450524,0.6923655,1.0,0.0,30.0
exp6_empty_2,3354,671.26965,3.8728042,0.45961216,1.0,0.0,13.0
exp6_empty_2,3355,579.7629,2.77081,0.5158273,1.0,0.0,15.0
exp6_empty_2,3356,-311.01984,4.901667,0.14734638,0.0,1.0,8.0
exp6_empty_2,3357,-445.51462,4.8545694,0.28167102,0.0,1.0,1.0
exp6_empty_2,3358,549.41046,1.9737259,0.4485657,1.0,0.0,24.0
exp6_empty_2,3359,598.09045,2.5452616,0.4211248,1.0,0.0,15.0
exp6_empty_2,3361,622.80676,2.0033102,0.44848195,1.0,0.0,25.0
exp6_empty_2,3362,-440.77573,4.8269625,0.19551314,0.0,1.0,2.0
exp6_empty_2,3363,679.5379,3.287637,0.42705017,1.0,0.0,16.0
exp6_empty_2,3364,643.737,2.0411649,0.37713477,1.0,0.0,34.0
exp6_empty_2,3365,617.18176,2.676364,0.46828225,1.0,0.0,19.0
exp6_empty_2,3366,-184.27344,4.860218,0.13956575,0.0,1.0,6.0
exp6_empty_2,3367,-360.47812,4.6851664,0.15624577,0.0,1.0,4.0
exp6_empty_2,3368,576.109,2.378676,0.49648342,1.0,0.0,14.0
exp6_empty_2,3369,627.30853,2.6348379,0.39340395,1.0,0.0,16.0
exp6_empty_2,3370,668.0375,3.286021,0.38925847,1.0,0.0,15.0
exp6_empty_2,3371,634.43335,2.8267322,0.35488132,1.0,0.0,16.0
exp6_empty_2,3372,639.88367,1.8725772,0.6869516,1.0,0.0,30.0
exp6_empty_2,3373,597.62085,3.3844986,0.41510677,1.0,0.0,13.0
exp6_empty_2,3374,-200.70879,1.9503614,0.3878147,0.0,1.0,16.0
exp6_empty_2,3375,605.69214,2.538744,0.48346296,1.0,0.0,20.0
exp6_empty_2,3376,-225.54613,4.829519,0.092152566,0.0,1.0,9.0
exp6_empty_2,3377,-290.43167,4.89519,0.1101725,0.0,1.0,7.0
exp6_empty_2,3378,646.4802,2.0531523,0.28092286,1.0,0.0,30.0
exp6_empty_2,3379,689.9093,2.7343612,0.32504806,1.0,0.0,21.0
exp6_empty_2,3381,531.80084,2.5501707,0.5555192,1.0,0.0,20.0
exp6_empty_2,3382,562.8171,2.8746877,0.44277984,1.0,0.0,10.0
exp6_empty_2,3383,549.87103,1.8663042,0.58262026,1.0,0.0,25.0
exp6_empty_2,3384,537.2239,2.66868,0.5425594,1.0,0.0,9.0
exp6_empty_2,3385,620.2633,2.736059,0.4318131,1.0,0.0,18.0
exp6_empty_2,3386,654.346,2.670723,0.49434915,1.0,0.0,21.0
exp6_empty_2,3387,692.24,2.7815585,0.2625379,1.0,0.0,21.0
exp6_empty_2,3388,667.3248,2.2565308,0.38664085,1.0,0.0,25.0
exp6_empty_2,3389,506.71313,1.7445766,0.28206742,1.0,0.0,25.0
exp6_empty_2,3390,575.69366,2.7367291,0.3929147,1.0,0.0,16.0
exp6_empty_2,3391,643.9578,3.4492705,0.25994354,1.0,0.0,14.0
exp6_empty_2,3392,610.3248,3.0110817,0.3952308,1.0,0.0,12.0
exp6_empty_2,3393,-213.69171,4.5779457,0.18091619,0.0,1.0,4.0
exp6_empty_2,3394,-314.04346,4.840587,0.11683539,0.0,1.0,6.0
exp6_empty_2,3395,628.28986,2.9290035,0.36230978,1.0,0.0,14.0
exp6_empty_2,3396,596.5545,1.9575458,0.7142616,1.0,0.0,31.0
exp6_empty_2,3397,536.25476,2.4036953,0.5126194,1.0,0.0,11.0
exp6_empty_2,3398,530.65186,1.4123272,0.48233804,1.0,0.0,25.0
exp6_empty_2,3399,-202.23505,4.839171,0.15017904,0.0,1.0,6.0
exp6_empty_2,3401,706.59717,2.9699268,0.17568327,1.0,0.0,19.0
exp6_empty_2,3402,555.20496,1.6220735,0.27066916,1.0,0.0,26.0
exp6_empty_2,3403,-225.1381,4.813723,0.22834527,0.0,1.0,4.0
exp6_empty_2,3404,674.1132,2.0759122,0.714223,1.0,0.0,32.0
exp6_empty_2,3405,-320.25104,4.786215,0.13528669,0.0,1.0,5.0
exp6_empty_2,3406,581.3983,2.284486,0.35969454,1.0,0.0,20.0
exp6_empty_2,3407,568.4677,2.329083,0.29831582,1.0,0.0,16.0
exp6_empty_2,3408,639.85876,3.3076406,0.3733775,1.0,0.0,14.0
exp6_empty_2,3409,611.7506,1.624882,0.45790225,1.0,0.0,41.0
exp6_empty_2,3410,674.7898,3.0669713,0.4907375,1.0,0.0,20.0
exp6_empty_2,3411,607.001,2.3458376,0.35363638,1.0,0.0,24.0
exp6_empty_2,3412,563.68567,2.208292,0.3886788,1.0,0.0,28.0
exp6_empty_2,3413,595.9876,2.2344844,0.38657403,1.0,0.0,25.0
exp6_empty_2,3414,-236.58786,4.764368,0.15694797,0.0,1.0,9.0
exp6_empty_2,3415,602.3008,2.4424207,0.4024111,1.0,0.0,26.0
exp6_empty_2,3416,721.00397,3.57636,0.3926543,1.0,0.0,15.0
exp6_empty_2,3417,607.34796,2.6882725,0.27630985,1.0,0.0,21.0
exp6_empty_2,3418,-230.06125,4.92767,0.12438733,0.0,1.0,7.0
exp6_empty_2,3419,615.90283,3.9681869,0.33331853,1.0,0.0,10.0
exp6_empty_2,3421,-348.14505,4.9448338,0.24822637,0.0,1.0,4.0
exp6_empty_2,3422,602.78,2.5994964,0.30562732,1.0,0.0,15.0
exp6_empty_2,3423,638.9652,3.0395396,0.4110163,1.0,0.0,16.0
exp6_empty_2,3424,688.615,3.56406,0.48228085,1.0,0.0,15.0
exp6_empty_2,3425,240.31177,1.4827018,0.9252096,0.0,0.0,100.0
exp6_empty_2,3426,606.3323,3.5877268,0.65639776,1.0,0.0,15.0
exp6_empty_2,3427,613.6056,2.0624988,0.3979664,1.0,0.0,33.0
exp6_empty_2,3428,636.6826,2.8481739,0.33432335,1.0,0.0,15.0
exp6_empty_2,3429,597.4044,2.2901115,0.31030744,1.0,0.0,20.0
exp6_empty_2,3430,-247.11511,4.83855,0.21996863,0.0,1.0,3.0
exp6_empty_2,3431,685.7529,2.3791845,0.487731,1.0,0.0,23.0
exp6_empty_2,3432,525.6084,2.761816,0.27833652,1.0,0.0,8.0
exp6_empty_2,3433,-142.31805,4.8315167,0.12601255,0.0,1.0,6.0
exp6_empty_2,3434,-347.02435,4.7769227,0.16531269,0.0,1.0,6.0
exp6_empty_2,3435,505.63934,2.0956273,0.41390532,1.0,0.0,21.0
exp6_empty_2,3436,536.0716,2.7172797,0.37608743,1.0,0.0,12.0
exp6_empty_2,3437,633.74634,2.943824,0.41843742,1.0,0.0,20.0
exp6_empty_2,3438,606.8256,2.350758,0.35376862,1.0,0.0,25.0
exp6_empty_2,3439,648.26483,1.9563084,0.45308957,1.0,0.0,26.0
exp6_empty_2,3441,-383.9922,4.7299514,0.11314498,0.0,1.0,4.0
exp6_empty_2,3442,-272.27444,4.730618,0.19402307,0.0,1.0,3.0
exp6_empty_2,3443,616.62054,2.7400656,0.32072577,1.0,0.0,19.0
exp6_empty_2,3444,513.0591,2.2251039,0.46817774,1.0,0.0,14.0
exp6_empty_2,3445,-414.8698,4.933522,0.15961313,0.0,1.0,2.0
exp6_empty_2,3446,700.0914,3.6219935,0.34117863,1.0,0.0,15.0
exp6_empty_2,3447,697.3978,3.6526113,0.3868723,1.0,0.0,14.0
exp6_empty_2,3448,575.4032,3.278824,0.23572466,1.0,0.0,14.0
exp6_empty_2,3449,686.19324,2.4154317,0.24264844,1.0,0.0,24.0
exp6_empty_2,3450,-445.71048,4.8214827,0.24547407,0.0,1.0,1.0
exp6_empty_2,3451,641.6678,2.876738,0.5801392,1.0,0.0,19.0
exp6_empty_2,3452,566.87,3.8337288,0.6234455,1.0,0.0,10.0
exp6_empty_2,3453,664.96094,1.876763,0.21500845,1.0,0.0,31.0
exp6_empty_2,3454,633.72925,2.471756,0.56069493,1.0,0.0,18.0
exp6_empty_2,3455,-149.52747,3.8173096,0.5323253,0.0,1.0,10.0
exp6_empty_2,3456,645.94824,3.198987,0.36999002,1.0,0.0,19.0
exp6_empty_2,3457,-259.19818,2.9061868,0.4286044,0.0,1.0,15.0
exp6_empty_2,3458,591.6044,2.7133694,0.44157162,1.0,0.0,14.0
exp6_empty_2,3459,-285.73352,4.9351377,0.12663998,0.0,1.0,8.0
exp6_empty_2,3461,549.87305,2.4758747,0.54840124,1.0,0.0,13.0
exp6_empty_2,3462,665.5651,2.5061784,0.44248414,1.0,0.0,24.0
exp6_empty_2,3463,-237.83714,4.6008263,0.19071564,0.0,1.0,4.0
exp6_empty_2,3464,578.58563,2.6027935,0.41454372,1.0,0.0,15.0
exp6_empty_2,3465,-288.50354,3.3301117,0.41395125,0.0,1.0,12.0
exp6_empty_2,3466,626.23,3.1746657,0.42459294,1.0,0.0,14.0
exp6_empty_2,3467,601.6565,2.8636665,0.33416137,1.0,0.0,19.0
exp6_empty_2,3468,594.9293,2.9752152,0.45679316,1.0,0.0,12.0
exp6_empty_2,3469,635.8663,3.8339884,0.19729418,1.0,0.0,12.0
exp6_empty_2,3470,-343.77206,4.975994,0.105818994,0.0,1.0,7.0
exp6_empty_2,3471,633.8736,2.1274443,0.3236388,1.0,0.0,26.0
exp6_empty_2,3472,611.0408,2.9196723,0.5763186,1.0,0.0,16.0
exp6_empty_2,3473,-338.9965,4.9761577,0.23558861,0.0,1.0,1.0
exp6_empty_2,3474,638.6138,2.4929113,0.2985246,1.0,0.0,19.0
exp6_empty_2,3475,508.6202,1.928336,0.5991121,1.0,0.0,21.0
exp6_empty_2,3476,684.7369,2.7451732,0.6825412,1.0,0.0,27.0
exp6_empty_2,3477,576.0951,2.6646345,0.2970852,1.0,0.0,14.0
exp6_empty_2,3478,605.502,1.5728278,0.37873465,1.0,0.0,30.0
exp6_empty_2,3479,531.1855,2.271777,0.4473531,1.0,0.0,14.0
exp6_empty_2,3481,624.6152,2.8993134,0.49748254,1.0,0.0,16.0
exp6_empty_2,3482,-253.44543,4.9324346,0.14436404,0.0,1.0,7.0
exp6_empty_2,3483,626.903,3.0367897,0.407983,1.0,0.0,14.0
exp6_empty_2,3484,-155.07405,4.912987,0.123285614,0.0,1.0,6.0
exp6_empty_2,3485,596.0313,2.8887694,0.40703902,1.0,0.0,14.0
exp6_empty_2,3486,681.37384,2.8872974,0.52398795,1.0,0.0,17.0
exp6_empty_2,3487,558.4676,3.8359187,0.39378035,1.0,0.0,8.0
exp6_empty_2,3488,574.1157,1.7873856,0.34484872,1.0,0.0,32.0
exp6_empty_2,3489,554.1276,2.8141737,0.49679127,1.0,0.0,10.0
exp6_empty_2,3490,552.8894,3.9672728,0.74231714,1.0,0.0,9.0
exp6_empty_2,3491,-31.247803,4.873619,0.0776838,0.0,1.0,10.0
exp6_empty_2,3492,-189.60802,4.875427,0.1455915,0.0,1.0,6.0
exp6_empty_2,3493,-270.67502,4.8101006,0.18421188,0.0,1.0,4.0
exp6_empty_2,3494,712.0031,2.7571738,0.53296316,1.0,0.0,23.0
exp6_empty_2,3495,568.4289,1.9168864,0.37363726,1.0,0.0,30.0
exp6_empty_2,3496,649.0353,1.930462,0.6388859,1.0,0.0,33.0
exp6_empty_2,3497,-255.0289,4.9083624,0.113432884,0.0,1.0,8.0
exp6_empty_2,3498,658.572,2.8130536,0.2894523,1.0,0.0,22.0
exp6_empty_2,3499,715.01624,2.908751,0.4784379,1.0,0.0,22.0
exp6_empty_2,3501,637.8059,2.603169,0.34387302,1.0,0.0,22.0
exp6_empty_2,3502,742.2957,2.910602,0.39997548,1.0,0.0,20.0
exp6_empty_2,3503,645.9062,2.336868,0.43429375,1.0,0.0,27.0
exp6_empty_2,3504,643.14526,2.692276,0.46785632,1.0,0.0,21.0
exp6_empty_2,3505,566.8187,2.4540105,0.3721435,1.0,0.0,19.0
exp6_empty_2,3506,600.03394,2.1417634,0.6432725,1.0,0.0,26.0
exp6_empty_2,3507,606.06274,3.9121916,0.53716546,1.0,0.0,12.0
exp6_empty_2,3508,-413.4259,4.902894,0.21532686,0.0,1.0,2.0
exp6_empty_2,3509,630.5985,1.8488783,0.26689366,1.0,0.0,27.0
exp6_empty_2,3510,-251.27223,2.7330089,0.35366553,0.0,1.0,16.0
exp6_empty_2,3511,618.89386,3.024569,0.4017308,1.0,0.0,15.0
exp6_empty_2,3512,662.0115,2.5208519,0.5364014,1.0,0.0,19.0
exp6_empty_2,3513,627.4695,4.3924694,0.15879512,1.0,0.0,8.0
exp6_empty_2,3514,643.3364,2.284096,0.6394626,1.0,0.0,25.0
exp6_empty_2,3515,637.8068,4.559503,0.1781508,1.0,0.0,8.0
exp6_empty_2,3516,-241.85907,4.8276253,0.121698126,0.0,1.0,5.0
exp6_empty_2,3517,570.32605,3.8251548,0.7406644,1.0,0.0,11.0
exp6_empty_2,3518,-271.10413,4.8913527,0.17184936,0.0,1.0,7.0
exp6_empty_2,3519,607.2595,2.5382571,0.5568013,1.0,0.0,17.0
exp6_empty_2,3521,600.4132,2.1069102,0.4857799,1.0,0.0,26.0
exp6_empty_2,3522,-291.30365,4.610829,0.11815285,0.0,1.0,6.0
exp6_empty_2,3523,-375.4373,4.8928924,0.09867637,0.0,1.0,4.0
exp6_empty_2,3524,546.08594,2.3543594,0.46856132,1.0,0.0,14.0
exp6_empty_2,3525,571.1925,2.9885936,0.38450688,1.0,0.0,10.0
exp6_empty_2,3526,654.60016,1.9960537,0.7070314,1.0,0.0,40.0
exp6_empty_2,3527,-240.36194,4.78537,0.16476484,0.0,1.0,4.0
exp6_empty_2,3528,640.81433,2.5970123,0.36958408,1.0,0.0,20.0
exp6_empty_2,3529,-80.2787,4.894272,0.09671944,0.0,1.0,9.0
exp6_empty_2,3530,648.2628,3.1261225,0.23555316,1.0,0.0,13.0
exp6_empty_2,3531,687.25867,2.789089,0.51975596,1.0,0.0,22.0
exp6_empty_2,3532,676.90814,2.754617,0.3655518,1.0,0.0,20.0
exp6_empty_2,3533,720.19604,3.099326,0.48040476,1.0,0.0,19.0
exp6_empty_2,3534,729.741,2.4696715,0.33065656,1.0,0.0,23.0
exp6_empty_2,3535,585.97455,2.7655935,0.46383235,1.0,0.0,13.0
exp6_empty_2,3536,592.1544,2.2781687,0.5552049,1.0,0.0,17.0
exp6_empty_2,3537,-189.24536,2.2986114,0.32450572,0.0,1.0,22.0
exp6_empty_2,3538,650.2993,2.9427698,0.4575797,1.0,0.0,15.0
exp6_empty_2,3539,612.1194,2.9165003,0.40153047,1.0,0.0,15.0
exp6_empty_2,3541,-136.42944,2.7747946,0.3571838,0.0,1.0,16.0
exp6_empty_2,3542,680.0619,2.780066,0.36464128,1.0,0.0,20.0
exp6_empty_2,3543,768.5991,4.1573477,0.2130325,1.0,0.0,14.0
exp6_empty_2,3544,574.35895,2.517469,0.36197257,1.0,0.0,20.0
exp6_empty_2,3545,671.0242,3.9505742,0.29820728,1.0,0.0,12.0
exp6_empty_2,3546,664.3685,3.3396225,0.36955273,1.0,0.0,13.0
exp6_empty_2,3547,577.29877,2.3271024,0.6326758,1.0,0.0,26.0
exp6_empty_2,3548,-271.4471,4.588949,0.42045492,0.0,1.0,10.0
exp6_empty_2,3549,654.17126,3.1529753,0.41666523,1.0,0.0,17.0
exp6_empty_2,3550,582.92487,3.3902617,0.49981165,1.0,0.0,11.0
exp6_empty_2,3551,683.4981,2.803056,0.44433752,1.0,0.0,21.0
exp6_empty_2,3552,608.7592,2.6719122,0.47622368,1.0,0.0,22.0
exp6_empty_2,3553,678.1998,3.332877,0.47842735,1.0,0.0,15.0
exp6_empty_2,3554,-331.4158,3.7041736,0.5511048,0.0,1.0,10.0
exp6_empty_2,3555,534.18536,3.1742394,0.4729802,1.0,0.0,10.0
exp6_empty_2,3556,636.63666,2.8306024,0.5633984,1.0,0.0,17.0
exp6_empty_2,3557,687.66205,1.9208466,0.68925345,1.0,0.0,32.0
exp6_empty_2,3558,-224.66144,4.663946,0.05098471,0.0,1.0,9.0
exp6_empty_2,3559,529.5785,2.417361,0.4991625,1.0,0.0,17.0
exp6_empty_2,3561,-176.11656,4.6921535,0.13334815,0.0,1.0,6.0
exp6_empty_2,3562,672.47253,3.278296,0.4506305,1.0,0.0,19.0
exp6_empty_2,3563,-314.08148,4.9417706,0.10159932,0.0,1.0,5.0
exp6_empty_2,3564,597.4144,3.9382248,0.6164586,1.0,0.0,13.0
exp6_empty_2,3565,577.1407,2.2851822,0.29312658,1.0,0.0,19.0
exp6_empty_2,3566,628.62756,2.5716703,0.413484,1.0,0.0,23.0
exp6_empty_2,3567,613.2774,2.84647,0.41892606,1.0,0.0,16.0
exp6_empty_2,3568,623.9033,2.875282,0.42132658,1.0,0.0,16.0
exp6_empty_2,3569,-156.45229,2.2467542,0.46174806,0.0,1.0,17.0
exp6_empty_2,3570,598.71326,2.2759376,0.4176389,1.0,0.0,23.0
exp6_empty_2,3571,631.9985,2.8119266,0.3592574,1.0,0.0,17.0
exp6_empty_2,3572,572.3917,1.6706946,0.368318,1.0,0.0,40.0
exp6_empty_2,3573,718.6445,4.943277,0.2590866,1.0,0.0,11.0
exp6_empty_2,3574,624.5996,2.558842,0.2814314,1.0,0.0,22.0
exp6_empty_2,3575,722.26215,3.0262134,0.45357823,1.0,0.0,20.0
exp6_empty_2,3576,664.71277,2.5281377,0.458485,1.0,0.0,21.0
exp6_empty_2,3577,676.2072,2.3057878,0.5417924,1.0,0.0,26.0
exp6_empty_2,3578,610.8871,2.0959356,0.6742637,1.0,0.0,23.0
exp6_empty_2,3579,639.92633,2.970453,0.34608677,1.0,0.0,16.0
exp6_empty_2,3581,-194.30887,4.8636117,0.09239305,0.0,1.0,8.0
exp6_empty_2,3582,-329.5679,4.6982293,0.11773191,0.0,1.0,5.0
exp6_empty_2,3583,692.35046,3.8981059,0.27780408,1.0,0.0,13.0
exp6_empty_2,3584,634.50287,2.5095038,0.5403435,1.0,0.0,17.0
exp6_empty_2,3585,662.67523,2.5240116,0.4218594,1.0,0.0,23.0
exp6_empty_2,3586,553.23914,2.0969002,0.34088543,1.0,0.0,22.0
exp6_empty_2,3587,571.7079,2.8275862,0.20912309,1.0,0.0,10.0
exp6_empty_2,3588,608.13043,2.4193487,0.3034101,1.0,0.0,23.0
exp6_empty_2,3589,610.3325,2.0233479,0.5712117,1.0,0.0,27.0
exp6_empty_2,3590,626.0192,3.3631644,0.6463019,1.0,0.0,15.0
exp6_empty_2,3591,616.00854,2.867937,0.28635627,1.0,0.0,18.0
exp6_empty_2,3592,637.775,2.6975098,0.5161174,1.0,0.0,20.0
exp6_empty_2,3593,695.4987,3.4280016,0.2768808,1.0,0.0,14.0
exp6_empty_2,3594,-312.31396,4.794027,0.08673096,0.0,1.0,6.0
exp6_empty_2,3595,-358.33377,4.758329,0.1437359,0.0,1.0,3.0
exp6_empty_2,3596,589.02057,1.8744318,0.7672756,1.0,0.0,29.0
exp6_empty_2,3597,-171.93147,3.1287246,0.3811933,0.0,1.0,16.0
exp6_empty_2,3598,-252.01904,4.4727035,0.2790776,0.0,1.0,3.0
exp6_empty_2,3599,625.7335,3.1610155,0.48227566,1.0,0.0,13.0
exp6_empty_2,3601,579.5682,2.9851968,0.36290416,1.0,0.0,16.0
exp6_empty_2,3602,-412.99152,4.8863173,0.102102734,0.0,1.0,2.0
exp6_empty_2,3603,667.55566,3.0805478,0.49962324,1.0,0.0,19.0
exp6_empty_2,3604,684.0071,3.0687547,0.34181035,1.0,0.0,17.0
exp6_empty_2,3605,-411.41516,4.8995504,0.1403676,0.0,1.0,3.0
exp6_empty_2,3606,557.1002,2.0695655,0.32748714,1.0,0.0,21.0
exp6_empty_2,3607,677.2821,2.0416262,0.7000562,1.0,0.0,32.0
exp6_empty_2,3608,580.4295,2.0275207,0.3612257,1.0,0.0,19.0
exp6_empty_2,3609,688.18506,3.3329973,0.37782747,1.0,0.0,16.0
exp6_empty_2,3610,-261.89508,2.7812996,0.47132102,0.0,1.0,16.0
exp6_empty_2,3611,617.9689,2.6781871,0.2913231,1.0,0.0,16.0
exp6_empty_2,3612,612.6223,3.5378823,0.36915153,1.0,0.0,10.0
exp6_empty_2,3613,-272.2141,4.885518,0.21118453,0.0,1.0,2.0
exp6_empty_2,3614,643.02106,2.8886244,0.25994667,1.0,0.0,19.0
exp6_empty_2,3615,635.6961,3.0439682,0.7844783,1.0,0.0,20.0
exp6_empty_2,3616,538.78577,1.7914948,0.31706122,1.0,0.0,31.0
exp6_empty_2,3617,594.68427,2.0912266,0.32871395,1.0,0.0,21.0
exp6_empty_2,3618,-189.14197,4.80739,0.1454362,0.0,1.0,5.0
exp6_empty_2,3619,590.60187,3.2480922,0.31657386,1.0,0.0,10.0
exp6_empty_2,3621,549.6299,2.5943072,0.38794935,1.0,0.0,11.0
exp6_empty_2,3622,626.06323,2.4483185,0.32784837,1.0,0.0,17.0
exp6_empty_2,3623,-347.10083,4.7854795,0.13144794,0.0,1.0,5.0
exp6_empty_2,3624,-221.20912,2.9776604,0.38829276,0.0,1.0,16.0
exp6_empty_2,3625,558.49927,1.578561,0.45754704,1.0,0.0,31.0
exp6_empty_2,3626,611.7711,2.2932112,0.4036148,1.0,0.0,22.0
exp6_empty_2,3627,671.96533,2.7633617,0.42066732,1.0,0.0,20.0
exp6_empty_2,3628,576.69604,3.3810477,0.24098358,1.0,0.0,10.0
exp6_empty_2,3629,-302.0421,2.894478,0.34347004,0.0,1.0,13.0
exp6_empty_2,3630,-416.0119,4.701456,0.19862223,0.0,1.0,2.0
exp6_empty_2,3631,622.06177,2.4206223,0.2134287,1.0,0.0,20.0
exp6_empty_2,3632,564.77466,2.523957,0.35390192,1.0,0.0,19.0
exp6_empty_2,3633,565.3882,2.2464185,0.35836884,1.0,0.0,20.0
exp6_empty_2,3634,673.41223,2.7213595,0.50021183,1.0,0.0,22.0
exp6_empty_2,3635,-278.43848,2.276649,0.36256552,0.0,1.0,18.0
exp6_empty_2,3636,575.0776,3.299961,0.6876291,1.0,0.0,13.0
exp6_empty_2,3637,-215.34824,4.741285,0.12794475,0.0,1.0,5.0
exp6_empty_2,3638,-129.38483,3.9929025,0.12863332,0.0,1.0,11.0
exp6_empty_2,3639,730.66675,2.501431,0.39445654,1.0,0.0,28.0
exp6_empty_2,3641,655.0788,1.5273501,0.24121913,1.0,0.0,42.0
exp6_empty_2,3642,-445.33612,4.8404264,0.39548868,0.0,1.0,1.0
exp6_empty_2,3643,522.9659,2.5012767,0.49580127,1.0,0.0,11.0
exp6_empty_2,3644,-58.87433,2.9944513,0.38926536,0.0,1.0,16.0
exp6_empty_2,3645,-380.92096,4.8134365,0.2629093,0.0,1.0,3.0
exp6_empty_2,3646,601.41797,3.9063456,0.5406557,1.0,0.0,12.0
exp6_empty_2,3647,623.64685,1.9046084,0.6439092,1.0,0.0,30.0
exp6_empty_2,3648,749.79114,3.6982634,0.19851187,1.0,0.0,15.0
exp6_empty_2,3649,613.7956,3.8101327,0.3081753,1.0,0.0,9.0
exp6_empty_2,3650,553.6432,3.3792956,0.63571316,1.0,0.0,12.0
exp6_empty_2,3651,635.0516,3.3495302,0.5580173,1.0,0.0,16.0
exp6_empty_2,3652,562.96423,3.8681247,0.19837645,1.0,0.0,9.0
exp6_empty_2,3653,-209.49608,4.7825737,0.17482501,0.0,1.0,4.0
exp6_empty_2,3654,723.36743,2.6026847,0.39205533,1.0,0.0,25.0
exp6_empty_2,3655,-140.2206,4.8265147,0.07431808,0.0,1.0,6.0
exp6_empty_2,3656,665.6967,2.7439253,0.44183493,1.0,0.0,17.0
exp6_empty_2,3657,595.4572,2.8314161,0.38272855,1.0,0.0,13.0
exp6_empty_2,3658,603.75714,2.6391964,0.36089355,1.0,0.0,16.0
exp6_empty_2,3659,-91.08411,4.544837,0.46573335,0.0,1.0,10.0
exp6_empty_2,3661,600.8106,3.5159419,0.36500922,1.0,0.0,12.0
exp6_empty_2,3662,632.63367,2.6412737,0.40067157,1.0,0.0,16.0
exp6_empty_2,3663,-373.05734,4.842765,0.14159736,0.0,1.0,5.0
exp6_empty_2,3664,690.813,3.0790048,0.3154628,1.0,0.0,17.0
exp6_empty_2,3665,644.1384,2.7734523,0.4091027,1.0,0.0,17.0
exp6_empty_2,3666,598.92694,2.454221,0.31718904,1.0,0.0,20.0
exp6_empty_2,3667,-310.7852,4.898112,0.19809231,0.0,1.0,2.0
exp6_empty_2,3668,-412.8244,4.9820566,0.17412508,0.0,1.0,2.0
exp6_empty_2,3669,544.26105,2.2788196,0.36384186,1.0,0.0,15.0
exp6_empty_2,3670,-383.6073,4.7049966,0.16702898,0.0,1.0,3.0
exp6_empty_2,3671,657.17847,3.9990907,0.16522059,1.0,0.0,10.0
exp6_empty_2,3672,-303.87015,4.9734216,0.25126037,0.0,1.0,1.0
exp6_empty_2,3673,-318.8251,4.811801,0.12258427,0.0,1.0,5.0
exp6_empty_2,3674,692.53906,3.0824409,0.336878,1.0,0.0,20.0
exp6_empty_2,3675,635.10565,3.385618,0.6101987,1.0,0.0,16.0
exp6_empty_2,3676,571.839,2.711368,0.27633315,1.0,0.0,15.0
exp6_empty_2,3677,610.6604,2.8918786,0.3355235,1.0,0.0,18.0
exp6_empty_2,3678,647.81586,3.5276394,0.44290727,1.0,0.0,14.0
exp6_empty_2,3679,639.4549,3.2632873,0.4296082,1.0,0.0,16.0
exp6_empty_2,3681,-444.79034,4.9497776,0.1548008,0.0,1.0,1.0
exp6_empty_2,3682,686.4879,2.7650812,0.44545755,1.0,0.0,22.0
exp6_empty_2,3683,654.0481,3.2550309,0.39917338,1.0,0.0,19.0
exp6_empty_2,3684,544.4457,2.1620767,0.3993356,1.0,0.0,21.0
exp6_empty_2,3685,600.52826,2.3778634,0.40431124,1.0,0.0,28.0
exp6_empty_2,3686,-322.84067,4.9772778,0.59613025,0.0,1.0,2.0
exp6_empty_2,3687,565.2582,2.9551184,0.42161763,1.0,0.0,12.0
exp6_empty_2,3688,-315.91718,4.9952145,0.041884445,0.0,1.0,1.0
exp6_empty_2,3689,633.7146,2.3174465,0.4734223,1.0,0.0,21.0
exp6_empty_2,3690,522.6806,2.1484237,0.40182456,1.0,0.0,23.0
exp6_empty_2,3691,568.23566,3.0711722,0.5572056,1.0,0.0,11.0
exp6_empty_2,3692,728.7059,3.0760179,0.3804847,1.0,0.0,20.0
exp6_empty_2,3693,569.2373,3.033859,0.42299238,1.0,0.0,12.0
exp6_empty_2,3694,655.16113,3.3315163,0.4590636,1.0,0.0,15.0
exp6_empty_2,3695,651.1675,2.7611318,0.49841732,1.0,0.0,20.0
exp6_empty_2,3696,622.7908,2.4445078,0.50839037,1.0,0.0,23.0
exp6_empty_2,3697,-376.77313,4.6270065,0.19156279,0.0,1.0,5.0
exp6_empty_2,3698,625.4436,2.7560942,0.40311384,1.0,0.0,15.0
exp6_empty_2,3699,-355.18884,4.715719,0.14962234,0.0,1.0,4.0
exp6_empty_2,3701,544.54456,2.555439,0.39260006,1.0,0.0,15.0
exp6_empty_2,3702,624.42426,3.9966354,0.28778833,1.0,0.0,10.0
exp6_empty_2,3703,658.0705,3.234186,0.47798434,1.0,0.0,19.0
exp6_empty_2,3704,-164.75066,4.6827645,0.14897065,0.0,1.0,7.0
exp6_empty_2,3705,-376.77582,4.9022274,0.13867156,0.0,1.0,6.0
exp6_empty_2,3706,727.3552,3.2367578,0.42099732,1.0,0.0,19.0
exp6_empty_2,3707,-296.72775,4.928876,0.22213566,0.0,1.0,2.0
exp6_empty_2,3708,622.1819,2.8475082,0.35210383,1.0,0.0,15.0
exp6_empty_2,3709,567.483,2.8493595,0.43703896,1.0,0.0,14.0
exp6_empty_2,3710,704.6791,3.546852,0.34042045,1.0,0.0,17.0
exp6_empty_2,3711,-221.02147,3.568652,0.4837057,0.0,1.0,10.0
exp6_empty_2,3712,573.41504,2.4714673,0.32244134,1.0,0.0,16.0
exp6_empty_2,3713,646.4115,2.3554463,0.6213815,1.0,0.0,27.0
exp6_empty_2,3714,-282.72754,4.9536595,0.12686689,0.0,1.0,9.0
exp6_empty_2,3715,-162.3295,2.6988037,0.4060669,0.0,1.0,14.0
exp6_empty_2,3716,577.0553,2.4787304,0.5445692,1.0,0.0,19.0
exp6_empty_2,3717,646.46063,3.018148,0.28630546,1.0,0.0,16.0
exp6_empty_2,3718,601.98303,3.2173371,0.4006919,1.0,0.0,11.0
exp6_empty_2,3719,608.89667,1.6000011,0.47131866,1.0,0.0,31.0
exp6_empty_2,3721,690.32666,2.8068857,0.396844,1.0,0.0,24.0
exp6_empty_2,3722,586.13354,2.240927,0.5429835,1.0,0.0,19.0
exp6_empty_2,3723,-379.71857,4.8296595,0.19323705,0.0,1.0,4.0
exp6_empty_2,3724,697.40656,2.847922,0.34651592,1.0,0.0,21.0
exp6_empty_2,3725,676.98224,3.7752295,0.3382777,1.0,0.0,12.0
exp6_empty_2,3726,-178.31549,3.1632879,0.30843145,0.0,1.0,14.0
exp6_empty_2,3727,-322.56403,4.898639,0.09303231,0.0,1.0,5.0
exp6_empty_2,3728,630.52673,2.4652476,0.3943698,1.0,0.0,21.0
exp6_empty_2,3729,-287.53995,4.984359,0.01607041,0.0,1.0,2.0
exp6_empty_2,3730,599.44696,3.646601,0.32779944,1.0,0.0,9.0
exp6_empty_2,3731,700.0768,3.2255373,0.28562415,1.0,0.0,16.0
exp6_empty_2,3732,-440.52512,4.992988,0.051652424,0.0,1.0,2.0
exp6_empty_2,3733,-3.3730469,3.839263,0.4157247,0.0,1.0,15.0
exp6_empty_2,3734,633.17706,2.8106732,0.26825273,1.0,0.0,22.0
exp6_empty_2,3735,677.64435,3.33676,0.45928943,1.0,0.0,18.0
exp6_empty_2,3736,569.6958,2.1412313,0.6482642,1.0,0.0,25.0
exp6_empty_2,3737,624.85004,3.133873,0.5187753,1.0,0.0,15.0
exp6_empty_2,3738,647.64343,2.296609,0.39415446,1.0,0.0,25.0
exp6_empty_2,3739,-300.40262,4.934374,0.05433599,0.0,1.0,8.0
exp6_empty_2,3741,696.41626,2.6321652,0.47203887,1.0,0.0,25.0
exp6_empty_2,3742,687.09296,3.4562633,0.411448,1.0,0.0,14.0
exp6_empty_2,3743,590.38885,2.5161195,0.38343433,1.0,0.0,17.0
exp6_empty_2,3744,624.72375,4.967101,0.52863634,1.0,0.0,10.0
exp6_empty_2,3745,-414.6758,4.8524365,0.295659,0.0,1.0,2.0
exp6_empty_2,3746,-223.06342,4.8336897,0.15957987,0.0,1.0,4.0
exp6_empty_2,3747,653.3816,4.5338464,0.5360245,1.0,0.0,10.0
exp6_empty_2,3748,-383.3876,4.9054317,0.41558138,0.0,1.0,1.0
exp6_empty_2,3749,594.4506,4.8726387,0.16322722,1.0,0.0,7.0
exp6_empty_2,3750,-208.81194,4.8662844,0.1306981,0.0,1.0,8.0
exp6_empty_2,3751,562.3768,1.9892297,0.48132914,1.0,0.0,26.0
exp6_empty_2,3752,695.3745,2.717802,0.49207804,1.0,0.0,22.0
exp6_empty_2,3753,-287.00354,2.9234507,0.41275984,0.0,1.0,14.0
exp6_empty_2,3754,609.87494,1.9310292,0.29343957,1.0,0.0,28.0
exp6_empty_2,3755,634.82715,2.7522035,0.43609047,1.0,0.0,21.0
exp6_empty_2,3756,695.0343,3.5549824,0.35767904,1.0,0.0,16.0
exp6_empty_2,3757,-153.69727,4.411943,0.1807187,0.0,1.0,10.0
exp6_empty_2,3758,650.62695,2.7998438,0.5497786,1.0,0.0,24.0
exp6_empty_2,3759,-263.4353,2.565729,0.4178248,0.0,1.0,18.0
exp6_empty_2,3761,577.8892,2.7776551,0.476965,1.0,0.0,15.0
exp6_empty_2,3762,-216.5187,4.883507,0.11403669,0.0,1.0,7.0
exp6_empty_2,3763,-281.9775,4.9587016,0.12727532,0.0,1.0,7.0
exp6_empty_2,3764,572.2284,2.8283982,0.39017552,1.0,0.0,13.0
exp6_empty_2,3765,-201.3574,4.944946,0.11958397,0.0,1.0,6.0
exp6_empty_2,3766,607.0913,2.397089,0.49487057,1.0,0.0,23.0
exp6_empty_2,3767,708.6805,3.3751724,0.19027461,1.0,0.0,16.0
exp6_empty_2,3768,627.09033,2.7562666,0.39393747,1.0,0.0,25.0
exp6_empty_2,3769,602.49426,2.8350139,0.41667193,1.0,0.0,16.0
exp6_empty_2,3770,680.2312,3.2847755,0.45520335,1.0,0.0,19.0
exp6_empty_2,3771,-150.5093,4.94815,0.122324795,0.0,1.0,6.0
exp6_empty_2,3772,-200.22296,4.9507647,0.15353408,0.0,1.0,6.0
exp6_empty_2,3773,-138.89047,3.5504663,0.4053426,0.0,1.0,12.0
exp6_empty_2,3774,666.9822,1.9081665,0.18531762,1.0,0.0,31.0
exp6_empty_2,3775,-415.02173,4.9527874,0.22482996,0.0,1.0,2.0
exp6_empty_2,3776,-246.34485,4.8955746,0.21581775,0.0,1.0,3.0
exp6_empty_2,3777,565.35583,1.7853827,0.29697555,1.0,0.0,24.0
exp6_empty_2,3778,-444.66904,4.995214,0.050157182,0.0,1.0,1.0
exp6_empty_2,3779,-117.79062,2.8236828,0.3484651,0.0,1.0,22.0
exp6_empty_2,3781,604.2192,2.8886738,0.64390904,1.0,0.0,16.0
exp6_empty_2,3782,616.05817,2.783942,0.4222774,1.0,0.0,16.0
exp6_empty_2,3783,-80.74501,3.0515177,0.2832211,0.0,1.0,21.0
exp6_empty_2,3784,637.8059,2.3294325,0.47146472,1.0,0.0,27.0
exp6_empty_2,3785,602.98,2.5080137,0.5850431,1.0,0.0,22.0
exp6_empty_2,3786,544.90906,2.7205505,0.41485503,1.0,0.0,12.0
exp6_empty_2,3787,676.09314,2.4925013,0.45823944,1.0,0.0,25.0
exp6_empty_2,3788,-347.0462,4.9618707,0.0994634,0.0,1.0,5.0
exp6_empty_2,3789,-311.69534,3.5581002,0.36173487,0.0,1.0,11.0
exp6_empty_2,3790,728.3167,2.426927,0.47318456,1.0,0.0,29.0
exp6_empty_2,3791,555.7114,2.039843,0.47617126,1.0,0.0,28.0
exp6_empty_2,3792,735.933,3.5396702,0.38064483,1.0,0.0,16.0
exp6_empty_2,3793,571.69604,2.2549598,0.52021366,1.0,0.0,21.0
exp6_empty_2,3794,710.9004,2.7602925,0.42696935,1.0,0.0,21.0
exp6_empty_2,3795,-413.8684,4.2886033,0.5075176,0.0,1.0,1.0
exp6_empty_2,3796,614.5096,1.9011468,0.7726602,1.0,0.0,29.0
exp6_empty_2,3797,715.9037,1.9105291,0.69758767,1.0,0.0,38.0
exp6_empty_2,3798,652.5734,2.8655534,0.5935148,1.0,0.0,18.0
exp6_empty_2,3799,555.4848,2.7246866,0.31719092,1.0,0.0,20.0
exp6_empty_2,3801,631.0093,2.5655625,0.60743684,1.0,0.0,18.0
exp6_empty_2,3802,-186.75818,3.2528038,0.4797263,0.0,1.0,16.0
exp6_empty_2,3803,584.1553,2.9622781,0.7202482,1.0,0.0,14.0
exp6_empty_2,3804,-307.3957,4.903786,0.15609305,0.0,1.0,7.0
exp6_empty_2,3805,663.3563,2.7760017,0.21521583,1.0,0.0,19.0
exp6_empty_2,3806,-50.06128,3.6986747,0.34355974,0.0,1.0,14.0
exp6_empty_2,3807,616.88245,2.7802448,0.32843623,1.0,0.0,17.0
exp6_empty_2,3808,651.5093,2.992804,0.361053,1.0,0.0,18.0
exp6_empty_2,3809,602.6299,2.022403,0.65701973,1.0,0.0,24.0
exp6_empty_2,3810,638.62964,3.4434295,0.63426936,1.0,0.0,16.0
exp6_empty_2,3811,665.57227,2.5095038,0.4558851,1.0,0.0,25.0
exp6_empty_2,3812,-220.35071,4.9154587,0.22837396,0.0,1.0,4.0
exp6_empty_2,3813,-150.79639,2.7650244,0.37543455,0.0,1.0,12.0
exp6_empty_2,3814,611.0636,3.2296307,0.565455,1.0,0.0,15.0
exp6_empty_2,3815,-348.52573,4.9398274,0.11027642,0.0,1.0,4.0
exp6_empty_2,3816,-283.44873,4.9580317,0.12922396,0.0,1.0,2.0
exp6_empty_2,3817,704.3444,3.4002082,0.5245837,1.0,0.0,20.0
exp6_empty_2,3818,-116.88927,2.8604956,0.38559997,0.0,1.0,16.0
exp6_empty_2,3819,723.80676,3.884697,0.16471003,1.0,0.0,13.0
exp6_empty_2,3821,-280.39203,4.7949677,0.15401153,0.0,1.0,5.0
exp6_empty_2,3822,623.4795,2.9056792,0.2904131,1.0,0.0,15.0
exp6_empty_2,3823,666.50574,2.4225705,0.6353311,1.0,0.0,24.0
exp6_empty_2,3824,611.33795,2.5125134,0.46893165,1.0,0.0,21.0
exp6_empty_2,3825,-137.44579,4.9095216,0.11638985,0.0,1.0,7.0
exp6_empty_2,3826,-347.91852,4.9343376,0.20216238,0.0,1.0,4.0
exp6_empty_2,3827,648.25836,4.7252483,0.13688628,1.0,0.0,9.0
exp6_empty_2,3828,683.2435,1.5459701,0.21079445,1.0,0.0,44.0
exp6_empty_2,3829,556.78516,3.2846236,0.68830943,1.0,0.0,13.0
exp6_empty_2,3830,616.68695,1.9574329,0.40833107,1.0,0.0,27.0
exp6_empty_2,3831,608.04877,2.9409914,0.43341854,1.0,0.0,13.0
exp6_empty_2,3832,689.89923,3.0253189,0.3572993,1.0,0.0,16.0
exp6_empty_2,3833,682.58276,3.0578177,0.4219482,1.0,0.0,16.0
exp6_empty_2,3834,644.7546,3.1516485,0.34033397,1.0,0.0,13.0
exp6_empty_2,3835,-123.01373,4.868493,0.06460825,0.0,1.0,7.0
exp6_empty_2,3836,592.2554,2.3845012,0.45888278,1.0,0.0,26.0
exp6_empty_2,3837,623.1408,2.4599767,0.40057215,1.0,0.0,21.0
exp6_empty_2,3838,581.48486,2.4836206,0.33883393,1.0,0.0,18.0
exp6_empty_2,3839,575.6714,2.9615455,0.5020792,1.0,0.0,14.0
exp6_empty_2,3841,684.21436,2.405129,0.5808462,1.0,0.0,29.0
exp6_empty_2,3842,-205.78673,4.813364,0.17043228,0.0,1.0,9.0
exp6_empty_2,3843,614.2365,3.1369755,0.23266049,1.0,0.0,14.0
exp6_empty_2,3844,674.1945,2.928968,0.448387,1.0,0.0,20.0
exp6_empty_2,3845,647.91864,2.9269218,0.3297472,1.0,0.0,16.0
exp6_empty_2,3846,600.0208,3.051229,0.3459949,1.0,0.0,14.0
exp6_empty_2,3847,-382.44406,4.7776036,0.14475042,0.0,1.0,3.0
exp6_empty_2,3848,722.7716,2.8728025,0.47264844,1.0,0.0,22.0
exp6_empty_2,3849,705.5278,2.9551032,0.31735376,1.0,0.0,22.0
exp6_empty_2,3850,-330.26978,4.683337,0.161418,0.0,1.0,5.0
exp6_empty_2,3851,-309.67935,4.877132,0.11866256,0.0,1.0,6.0
exp6_empty_2,3852,-444.98163,4.892565,0.25341293,0.0,1.0,1.0
exp6_empty_2,3853,554.1748,2.3870988,0.42890626,1.0,0.0,16.0
exp6_empty_2,3854,532.45355,2.8024993,0.39003244,1.0,0.0,9.0
exp6_empty_2,3855,592.53937,2.716404,0.44586763,1.0,0.0,14.0
exp6_empty_2,3856,610.0195,3.138974,0.36950198,1.0,0.0,15.0
exp6_empty_2,3857,630.4366,2.6169798,0.506957,1.0,0.0,23.0
exp6_empty_2,3858,644.3446,3.5625508,0.3594174,1.0,0.0,15.0
exp6_empty_2,3859,-378.08905,4.7142324,0.22816682,0.0,1.0,4.0
exp6_empty_2,3861,630.60315,3.7371972,0.40192142,1.0,0.0,12.0
exp6_empty_2,3862,-319.9679,4.921942,0.08587321,0.0,1.0,2.0
exp6_empty_2,3863,-271.34442,4.9458313,0.24946198,0.0,1.0,2.0
exp6_empty_2,3864,-319.58737,4.9699697,0.15242034,0.0,1.0,1.0
exp6_empty_2,3865,666.62415,2.1118212,0.69959897,1.0,0.0,31.0
exp6_empty_2,3866,590.12946,2.499919,0.5137532,1.0,0.0,22.0
exp6_empty_2,3867,-286.38123,3.216782,0.43142992,0.0,1.0,13.0
exp6_empty_2,3868,546.8587,2.6753585,0.48537406,1.0,0.0,24.0
exp6_empty_2,3869,653.6692,3.0114763,0.38736838,1.0,0.0,17.0
exp6_empty_2,3870,622.2096,3.7817318,0.5856435,1.0,0.0,12.0
exp6_empty_2,3871,609.49835,2.6688075,0.34216753,1.0,0.0,19.0
exp6_empty_2,3872,-144.57147,4.9431114,0.11450783,0.0,1.0,7.0
exp6_empty_2,3873,613.4957,2.1335936,0.5245485,1.0,0.0,25.0
exp6_empty_2,3874,604.44257,2.8661842,0.3463129,1.0,0.0,15.0
exp6_empty_2,3875,-252.25734,4.893509,0.115025006,0.0,1.0,7.0
exp6_empty_2,3876,-305.7581,4.7547746,0.647768,0.0,1.0,1.0
exp6_empty_2,3877,594.21277,2.989561,0.56266516,1.0,0.0,16.0
exp6_empty_2,3878,640.50525,2.771551,0.35301244,1.0,0.0,22.0
exp6_empty_2,3879,704.64575,2.424425,0.5534209,1.0,0.0,28.0
exp6_empty_2,3881,509.7931,2.3319771,0.4307987,1.0,0.0,26.0
exp6_empty_2,3882,633.1498,2.5732644,0.34740847,1.0,0.0,21.0
exp6_empty_2,3883,-413.33356,4.8943496,0.2725013,0.0,1.0,2.0
exp6_empty_2,3884,-269.747,2.870548,0.3101736,0.0,1.0,16.0
exp6_empty_2,3885,667.8755,2.68929,0.44555983,1.0,0.0,24.0
exp6_empty_2,3886,644.7655,2.089906,0.39991835,1.0,0.0,30.0
exp6_empty_2,3887,-274.01947,4.883647,0.11961898,0.0,1.0,9.0
exp6_empty_2,3888,619.32196,2.5496151,0.4984776,1.0,0.0,20.0
exp6_empty_2,3889,-283.71725,4.8567038,0.15887967,0.0,1.0,7.0
exp6_empty_2,3890,-310.8454,4.952684,0.115941666,0.0,1.0,6.0
exp6_empty_2,3891,660.6127,2.6836796,0.43219376,1.0,0.0,22.0
exp6_empty_2,3892,-179.69289,4.9469814,0.1062544,0.0,1.0,5.0
exp6_empty_2,3893,522.156,3.399381,0.47951818,1.0,0.0,6.0
exp6_empty_2,3894,676.14465,2.9792125,0.4307011,1.0,0.0,20.0
exp6_empty_2,3895,553.114,2.874168,0.5726609,1.0,0.0,16.0
exp6_empty_2,3896,-300.0304,4.466105,0.5183947,0.0,1.0,9.0
exp6_empty_2,3897,565.1944,3.037337,0.48741868,1.0,0.0,15.0
exp6_empty_2,3898,651.20026,2.1582937,0.56229717,1.0,0.0,27.0
exp6_empty_2,3899,723.3781,2.5585067,0.53153545,1.0,0.0,30.0
exp6_empty_2,3901,682.95746,3.0684166,0.55787665,1.0,0.0,19.0
exp6_empty_2,3902,538.0242,1.9945177,0.49222383,1.0,0.0,20.0
exp6_empty_2,3903,-192.08174,4.9080787,0.09979791,0.0,1.0,7.0
exp6_empty_2,3904,-347.9052,4.9333057,0.17560475,0.0,1.0,4.0
exp6_empty_2,3905,738.06433,3.1653602,0.4844646,1.0,0.0,19.0
exp6_empty_2,3906,644.48395,3.1945794,0.8287482,1.0,0.0,18.0
exp6_empty_2,3907,627.27484,2.5660386,0.49748704,1.0,0.0,23.0
exp6_empty_2,3908,-349.57983,4.9077277,0.13100201,0.0,1.0,5.0
exp6_empty_2,3909,609.0716,2.8532073,0.5460112,1.0,0.0,17.0
exp6_empty_2,3910,-220.36812,4.709295,0.12183004,0.0,1.0,9.0
exp6_empty_2,3911,584.63885,3.307621,0.54886794,1.0,0.0,11.0
exp6_empty_2,3912,-233.6157,4.9318185,0.16707236,0.0,1.0,5.0
exp6_empty_2,3913,603.9096,3.0017679,0.4146296,1.0,0.0,12.0
exp6_empty_2,3914,669.04865,2.3000796,0.5688804,1.0,0.0,23.0
exp6_empty_2,3915,665.0837,2.9283168,0.530634,1.0,0.0,17.0
exp6_empty_2,3916,-134.13394,3.6991644,0.35137987,0.0,1.0,13.0
exp6_empty_2,3917,-412.19443,4.92216,0.033247143,0.0,1.0,2.0
exp6_empty_2,3918,630.90063,2.582076,0.2949245,1.0,0.0,18.0
exp6_empty_2,3919,-157.93292,4.889067,0.20064162,0.0,1.0,7.0
exp6_empty_2,3921,-282.63446,4.770634,0.14274664,0.0,1.0,7.0
exp6_empty_2,3922,591.173,3.1943185,0.6463537,1.0,0.0,15.0
exp6_empty_2,3923,583.51306,1.7919753,0.42646334,1.0,0.0,36.0
exp6_empty_2,3924,561.5028,3.0695095,0.5871642,1.0,0.0,12.0
exp6_empty_2,3925,-137.16803,4.8193703,0.16335161,0.0,1.0,7.0
exp6_empty_2,3926,-372.5856,4.904842,0.1749298,0.0,1.0,6.0
exp6_empty_2,3927,675.53937,3.1221507,0.5267495,1.0,0.0,18.0
exp6_empty_2,3928,-381.3327,4.910449,0.11812762,0.0,1.0,5.0
exp6_empty_2,3929,570.8915,2.8262072,0.6066592,1.0,0.0,13.0
exp6_empty_2,3930,-222.94765,2.746166,0.34832773,0.0,1.0,18.0
exp6_empty_2,3931,614.95844,2.5388484,0.31686112,1.0,0.0,21.0
exp6_empty_2,3932,638.7991,3.1790364,0.35947192,1.0,0.0,13.0
exp6_empty_2,3933,-282.0735,4.9489746,0.15008105,0.0,1.0,6.0
exp6_empty_2,3934,575.9807,3.40583,0.41270706,1.0,0.0,13.0
exp6_empty_2,3935,580.625,2.5129073,0.5394747,1.0,0.0,17.0
exp6_empty_2,3936,516.969,4.1023474,0.6594103,1.0,0.0,7.0
exp6_empty_2,3937,658.61005,3.5110788,0.5028933,1.0,0.0,16.0
exp6_empty_2,3938,629.82605,3.5723782,0.6449854,1.0,0.0,14.0
exp6_empty_2,3939,585.6372,2.070804,0.5291599,1.0,0.0,20.0
exp6_empty_2,3941,-203.40657,4.959491,0.19245914,0.0,1.0,4.0
exp6_empty_2,3942,668.4595,2.8922288,0.5673147,1.0,0.0,18.0
exp6_empty_2,3943,621.2019,3.3536847,0.3485941,1.0,0.0,17.0
exp6_empty_2,3944,-209.50467,4.726981,0.19000587,0.0,1.0,4.0
exp6_empty_2,3945,661.8385,3.0454152,0.50866526,1.0,0.0,17.0
exp6_empty_2,3946,698.0075,2.7849443,0.39259383,1.0,0.0,23.0
exp6_empty_2,3947,-81.335754,4.9126954,0.075117394,0.0,1.0,8.0
exp6_empty_2,3948,-253.25346,4.2802806,0.36628792,0.0,1.0,11.0
exp6_empty_2,3949,625.61896,3.449787,0.29096055,1.0,0.0,11.0
exp6_empty_2,3950,716.8944,2.8599436,0.40393442,1.0,0.0,19.0
exp6_empty_2,3951,665.432,2.5957499,0.50579315,1.0,0.0,21.0
exp6_empty_2,3952,-348.5979,4.9420443,0.04155629,0.0,1.0,4.0
exp6_empty_2,3953,652.61786,4.1233964,0.3237828,1.0,0.0,10.0
exp6_empty_2,3954,-248.56007,4.922127,0.07408796,0.0,1.0,8.0
exp6_empty_2,3955,617.7423,2.355488,0.3902687,1.0,0.0,25.0
exp6_empty_2,3956,690.8138,3.159732,0.33712295,1.0,0.0,17.0
exp6_empty_2,3957,617.1534,3.103428,0.40682468,1.0,0.0,15.0
exp6_empty_2,3958,-287.93045,4.9492517,0.12205437,0.0,1.0,2.0
exp6_empty_2,3959,626.8291,3.013165,0.3962252,1.0,0.0,14.0
exp6_empty_2,3961,649.85925,3.3321474,0.58082956,1.0,0.0,15.0
exp6_empty_2,3962,617.6698,2.0563917,0.42691097,1.0,0.0,29.0
exp6_empty_2,3963,667.5678,3.0187066,0.44797528,1.0,0.0,17.0
exp6_empty_2,3964,-347.6038,4.9016123,0.17532465,0.0,1.0,4.0
exp6_empty_2,3965,563.93915,1.9611399,0.74400985,1.0,0.0,31.0
exp6_empty_2,3966,690.66235,3.1997533,0.48572508,1.0,0.0,20.0
exp6_empty_2,3967,-350.57672,4.8878107,0.17447181,0.0,1.0,4.0
exp6_empty_2,3968,654.395,2.6818285,0.51655364,1.0,0.0,19.0
exp6_empty_2,3969,-347.58725,4.938399,0.12327019,0.0,1.0,4.0
exp6_empty_2,3970,-205.02354,4.0721235,0.4425814,0.0,1.0,14.0
exp6_empty_2,3971,668.50916,2.176034,0.2463324,1.0,0.0,24.0
exp6_empty_2,3972,-310.01605,4.9076643,0.12007637,0.0,1.0,7.0
exp6_empty_2,3973,594.5865,2.6923425,0.4389354,1.0,0.0,16.0
exp6_empty_2,3974,561.57214,4.4523935,0.55937093,1.0,0.0,7.0
exp6_empty_2,3975,612.10046,1.3535486,0.27489212,1.0,0.0,42.0
exp6_empty_2,3976,-280.7719,4.9330373,0.083642416,0.0,1.0,7.0
exp6_empty_2,3977,602.35895,3.1729872,0.3830486,1.0,0.0,13.0
exp6_empty_2,3978,-165.10837,4.8584843,0.11307391,0.0,1.0,6.0
exp6_empty_2,3979,683.6365,4.8074727,0.16652904,1.0,0.0,11.0
exp6_empty_2,3981,-163.58617,4.7166915,0.18436182,0.0,1.0,8.0
exp6_empty_2,3982,572.1371,1.6703744,0.39228612,1.0,0.0,35.0
exp6_empty_2,3983,-347.2238,4.8841825,0.13102604,0.0,1.0,4.0
exp6_empty_2,3984,-112.07544,4.8897285,0.07442609,0.0,1.0,8.0
exp6_empty_2,3985,693.68896,2.8903477,0.5170984,1.0,0.0,20.0
exp6_empty_2,3986,-289.90594,4.5067005,0.4149665,0.0,1.0,9.0
exp6_empty_2,3987,705.1751,3.0741918,0.26023096,1.0,0.0,21.0
exp6_empty_2,3988,559.7209,2.1374373,0.5237433,1.0,0.0,20.0
exp6_empty_2,3989,613.3458,2.605029,0.32472917,1.0,0.0,20.0
exp6_empty_2,3990,542.4686,2.4756181,0.3438801,1.0,0.0,19.0
exp6_empty_2,3991,592.39343,2.542897,0.5302643,1.0,0.0,19.0
exp6_empty_2,3992,-312.86713,4.9999657,0.038995028,0.0,1.0,1.0
exp6_empty_2,3993,661.52454,1.8477274,0.46852762,1.0,0.0,37.0
exp6_empty_2,3994,533.6543,1.8542401,0.57267034,1.0,0.0,17.0
exp6_empty_2,3995,-302.9417,3.0241086,0.54219157,0.0,1.0,11.0
exp6_empty_2,3996,659.73553,2.2576845,0.62751544,1.0,0.0,25.0
exp6_empty_2,3997,537.4239,3.7755444,0.7878674,1.0,0.0,9.0
exp6_empty_2,3998,-201.30576,4.940554,0.09126231,0.0,1.0,5.0
exp6_empty_2,3999,-126.37639,2.8714664,0.45739618,0.0,1.0,18.0
exp6_empty_2,4001,687.4762,2.5794783,0.46019474,1.0,0.0,26.0
exp6_empty_2,4002,-319.8216,4.8639097,0.15442868,0.0,1.0,5.0
exp6_empty_2,4003,598.0232,2.5147989,0.43632412,1.0,0.0,24.0
exp6_empty_2,4004,-335.4894,4.7223406,0.17767331,0.0,1.0,4.0
exp6_empty_2,4005,715.08636,4.8284364,0.12897699,1.0,0.0,10.0
exp6_empty_2,4006,572.2149,3.4165397,0.50463736,1.0,0.0,10.0
exp6_empty_2,4007,646.8729,2.7126012,0.3749525,1.0,0.0,18.0
exp6_empty_2,4008,575.6548,2.0800397,0.283026,1.0,0.0,32.0
exp6_empty_2,4009,552.40656,3.1111593,0.71803904,1.0,0.0,11.0
exp6_empty_2,4010,585.06976,4.410834,0.7064425,1.0,0.0,9.0
exp6_empty_2,4011,584.73926,3.0650501,0.4629521,1.0,0.0,14.0
exp6_empty_2,4012,-197.24265,4.8346553,0.123068325,0.0,1.0,6.0
exp6_empty_2,4013,586.2505,2.2683892,0.62279654,1.0,0.0,25.0
exp6_empty_2,4014,-206.48373,4.868227,0.14472449,0.0,1.0,6.0
exp6_empty_2,4015,646.47955,2.9503994,0.3198146,1.0,0.0,19.0
exp6_empty_2,4016,642.9568,4.334564,0.2719007,1.0,0.0,10.0
exp6_empty_2,4017,623.2418,2.907675,0.46143642,1.0,0.0,15.0
exp6_empty_2,4018,587.6018,2.007246,0.5612871,1.0,0.0,27.0
exp6_empty_2,4019,647.32275,3.2773945,0.24115117,1.0,0.0,12.0
exp6_empty_2,4021,-366.38266,4.884011,0.086312,0.0,1.0,7.0
exp6_empty_2,4022,551.2708,2.3190966,0.48584726,1.0,0.0,15.0
exp6_empty_2,4023,-141.1536,4.8586593,0.11000179,0.0,1.0,7.0
exp6_empty_2,4024,-318.5523,4.889213,0.13455191,0.0,1.0,5.0
exp6_empty_2,4025,557.6402,3.0797973,0.6893993,1.0,0.0,14.0
exp6_empty_2,4026,-66.9411,3.3396661,0.4115939,0.0,1.0,14.0
exp6_empty_2,4027,646.3367,2.8001041,0.42407867,1.0,0.0,17.0
exp6_empty_2,4028,620.6124,3.3994064,0.53100574,1.0,0.0,14.0
exp6_empty_2,4029,-351.80145,4.830841,0.114208035,0.0,1.0,4.0
exp6_empty_2,4030,587.7713,2.3454652,0.5470736,1.0,0.0,18.0
exp6_empty_2,4031,534.09424,2.0212095,0.41802356,1.0,0.0,16.0
exp6_empty_2,4032,617.75964,1.6467127,0.25737813,1.0,0.0,35.0
exp6_empty_2,4033,-445.4336,4.7812204,0.4041759,0.0,1.0,1.0
exp6_empty_2,4034,-259.1059,4.8165345,0.075636365,0.0,1.0,7.0
exp6_empty_2,4035,621.29236,3.2010255,0.4017613,1.0,0.0,14.0
exp6_empty_2,4036,605.25586,2.3932836,0.652817,1.0,0.0,25.0
exp6_empty_2,4037,669.7821,2.9724183,0.35028172,1.0,0.0,17.0
exp6_empty_2,4038,679.9243,2.6442177,0.40281415,1.0,0.0,25.0
exp6_empty_2,4039,749.8392,2.8400636,0.36542612,1.0,0.0,21.0
exp6_empty_2,4041,637.0795,2.1773772,0.29307058,1.0,0.0,24.0
exp6_empty_2,4042,632.4873,1.5971682,0.24519894,1.0,0.0,32.0
exp6_empty_2,4043,-384.64932,4.933578,0.1302404,0.0,1.0,3.0
exp6_empty_2,4044,577.7705,2.6024888,0.28622216,1.0,0.0,18.0
exp6_empty_2,4045,598.7355,2.265655,0.5759994,1.0,0.0,24.0
exp6_empty_2,4046,697.45135,3.403615,0.31441766,1.0,0.0,15.0
exp6_empty_2,4047,700.8494,2.6833272,0.4492152,1.0,0.0,21.0
exp6_empty_2,4048,586.3653,2.686763,0.35800362,1.0,0.0,14.0
exp6_empty_2,4049,-215.10936,3.86679,0.32160074,0.0,1.0,15.0
exp6_empty_2,4050,704.5528,2.270133,0.71943605,1.0,0.0,31.0
exp6_empty_2,4051,677.16833,2.0740497,0.6967591,1.0,0.0,32.0
exp6_empty_2,4052,530.8428,2.472772,0.4996805,1.0,0.0,13.0
exp6_empty_2,4053,634.5646,2.8709614,0.36846918,1.0,0.0,14.0
exp6_empty_2,4054,626.93146,2.5572116,0.49484736,1.0,0.0,21.0
exp6_empty_2,4055,667.6791,2.6647172,0.43856266,1.0,0.0,22.0
exp6_empty_2,4056,-326.38254,4.795624,0.17511256,0.0,1.0,4.0
exp6_empty_2,4057,664.80334,2.689572,0.49607557,1.0,0.0,19.0
exp6_empty_2,4058,538.17096,2.542731,0.4260967,1.0,0.0,24.0
exp6_empty_2,4059,719.02014,2.4539201,0.55579543,1.0,0.0,29.0
exp6_empty_2,4061,615.43054,3.7682877,0.61608166,1.0,0.0,13.0
exp6_empty_2,4062,-57.742615,4.9145303,0.115259334,0.0,1.0,10.0
exp6_empty_2,4063,559.6615,2.7389076,0.3927331,1.0,0.0,14.0
exp6_empty_2,4064,623.3817,2.4343872,0.45132256,1.0,0.0,20.0
exp6_empty_2,4065,643.8196,3.7149036,0.62632024,1.0,0.0,15.0
exp6_empty_2,4066,-275.87747,4.9131184,0.15446858,0.0,1.0,2.0
exp6_empty_2,4067,639.06573,3.1059792,0.2650112,1.0,0.0,15.0
exp6_empty_2,4068,720.568,4.888414,0.07020817,1.0,0.0,10.0
exp6_empty_2,4069,556.1544,1.9904212,0.5102635,1.0,0.0,24.0
exp6_empty_2,4070,612.6114,3.5757697,0.3312099,1.0,0.0,11.0
exp6_empty_2,4071,674.97345,2.2853746,0.3084703,1.0,0.0,25.0
exp6_empty_2,4072,607.57764,3.3245642,0.3422116,1.0,0.0,13.0
exp6_empty_2,4073,-274.975,4.922797,0.08120957,0.0,1.0,2.0
exp6_empty_2,4074,566.0434,2.402478,0.5321795,1.0,0.0,22.0
exp6_empty_2,4075,-291.57166,3.2269087,0.37958148,0.0,1.0,13.0
exp6_empty_2,4076,566.6811,2.0743566,0.4976753,1.0,0.0,24.0
exp6_empty_2,4077,582.6211,2.8317819,0.59447205,1.0,0.0,16.0
exp6_empty_2,4078,-360.47742,4.9049273,0.14820062,0.0,1.0,4.0
exp6_empty_2,4079,606.8104,3.013068,0.8273604,1.0,0.0,17.0
exp6_empty_2,4081,633.6195,2.4293053,0.7868171,1.0,0.0,28.0
exp6_empty_2,4082,-121.6046,4.701089,0.08676918,0.0,1.0,8.0
exp6_empty_2,4083,587.64856,3.0114038,0.6031107,1.0,0.0,13.0
exp6_empty_2,4084,602.7081,1.6235586,0.6643494,1.0,0.0,33.0
exp6_empty_2,4085,515.7798,2.296042,0.47739634,1.0,0.0,21.0
exp6_empty_2,4086,652.0303,3.3650973,0.32321405,1.0,0.0,14.0
exp6_empty_2,4087,-111.240814,4.860504,0.08911831,0.0,1.0,9.0
exp6_empty_2,4088,750.365,3.1173062,0.52541095,1.0,0.0,21.0
exp6_empty_2,4089,506.20956,2.0128744,0.5205881,1.0,0.0,23.0
exp6_empty_2,4090,-251.06313,4.778111,0.18459953,0.0,1.0,3.0
exp6_empty_2,4091,662.2485,3.2675407,0.4032848,1.0,0.0,14.0
exp6_empty_2,4092,555.1324,2.983704,0.41522694,1.0,0.0,13.0
exp6_empty_2,4093,-382.15387,4.778894,0.16028826,0.0,1.0,3.0
exp6_empty_2,4094,603.001,2.7896419,0.39362496,1.0,0.0,15.0
exp6_empty_2,4095,638.81714,3.400706,0.35051894,1.0,0.0,16.0
exp6_empty_2,4096,641.79895,3.9876096,0.33104646,1.0,0.0,11.0
exp6_empty_2,4097,-316.84552,4.8923855,0.14245446,0.0,1.0,5.0
exp6_empty_2,4098,679.7737,3.543627,0.34405985,1.0,0.0,16.0
exp6_empty_2,4099,503.37338,2.6695094,0.49795654,1.0,0.0,9.0
exp6_empty_2,4101,621.1822,2.6729977,0.35767668,1.0,0.0,21.0
exp6_empty_2,4102,558.52155,2.7947297,0.575513,1.0,0.0,16.0
exp6_empty_2,4103,-247.79779,4.9213986,0.12532963,0.0,1.0,4.0
exp6_empty_2,4104,522.01855,1.9586202,0.37015334,1.0,0.0,17.0
exp6_empty_2,4105,635.0654,3.154627,0.35087055,1.0,0.0,17.0
exp6_empty_2,4106,-275.81744,4.841015,0.2183832,0.0,1.0,2.0
exp6_empty_2,4107,599.97906,2.7828887,0.37570238,1.0,0.0,14.0
exp6_empty_2,4108,638.51086,3.203315,0.50700337,1.0,0.0,14.0
exp6_empty_2,4109,-167.06635,4.953853,0.08873793,0.0,1.0,6.0
exp6_empty_2,4110,-264.19855,4.891545,0.16914193,0.0,1.0,7.0
exp6_empty_2,4111,-129.72165,3.3620524,0.40204504,0.0,1.0,15.0
exp6_empty_2,4112,578.1699,2.2417371,0.3828497,1.0,0.0,26.0
exp6_empty_2,4113,689.5266,3.0494475,0.52003086,1.0,0.0,22.0
exp6_empty_2,4114,635.0714,3.1744254,0.4824116,1.0,0.0,16.0
exp6_empty_2,4115,673.577,2.9534614,0.5445478,1.0,0.0,18.0
exp6_empty_2,4116,-346.28442,4.976746,0.1174408,0.0,1.0,4.0
exp6_empty_2,4117,591.3762,2.4844506,0.34266943,1.0,0.0,19.0
exp6_empty_2,4118,-415.08463,4.8891807,0.1226029,0.0,1.0,2.0
exp6_empty_2,4119,615.07886,2.8325949,0.42989317,1.0,0.0,15.0
exp6_empty_2,4121,-233.72902,4.128589,0.2593112,0.0,1.0,9.0
exp6_empty_2,4122,602.8835,3.066578,0.44013438,1.0,0.0,13.0
exp6_empty_2,4123,-147.81804,3.3677807,0.37797624,0.0,1.0,17.0
exp6_empty_2,4124,627.23584,3.2189333,0.59426963,1.0,0.0,16.0
exp6_empty_2,4125,682.4181,2.5931647,0.4666133,1.0,0.0,26.0
exp6_empty_2,4126,656.57684,1.8644937,0.7337672,1.0,0.0,38.0
exp6_empty_2,4127,557.529,2.5573285,0.33712012,1.0,0.0,22.0
exp6_empty_2,4128,668.4957,2.4244173,0.3253142,1.0,0.0,27.0
exp6_empty_2,4129,-289.6176,4.926375,0.12568669,0.0,1.0,7.0
exp6_empty_2,4130,700.6727,3.2415688,0.17924945,1.0,0.0,16.0
exp6_empty_2,4131,623.4073,3.2516005,0.42156538,1.0,0.0,15.0
exp6_empty_2,4132,555.77094,3.2675223,0.6540424,1.0,0.0,11.0
exp6_empty_2,4133,648.32605,2.6450572,0.4092672,1.0,0.0,19.0
exp6_empty_2,4134,641.78546,2.0841806,0.5492013,1.0,0.0,28.0
exp6_empty_2,4135,608.75635,3.1262484,0.4248314,1.0,0.0,13.0
exp6_empty_2,4136,642.5166,2.6322575,0.4141531,1.0,0.0,23.0
exp6_empty_2,4137,602.87854,1.5418329,0.7005436,1.0,0.0,32.0
exp6_empty_2,4138,709.453,3.7463505,0.36194193,1.0,0.0,16.0
exp6_empty_2,4139,596.51306,2.6102855,0.54966134,1.0,0.0,18.0
exp6_empty_2,4141,576.39355,2.3858695,0.37132975,1.0,0.0,17.0
exp6_empty_2,4142,590.20776,2.5404558,0.5263199,1.0,0.0,18.0
exp6_empty_2,4143,565.4408,2.3236961,0.415541,1.0,0.0,15.0
exp6_empty_2,4144,614.27435,2.9136004,0.28401646,1.0,0.0,18.0
exp6_empty_2,4145,601.69244,3.7222345,0.3878045,1.0,0.0,9.0
exp6_empty_2,4146,618.0166,2.9777725,0.54204863,1.0,0.0,15.0
exp6_empty_2,4147,605.2019,3.067904,0.35932484,1.0,0.0,16.0
exp6_empty_2,4148,562.9313,2.536207,0.35136336,1.0,0.0,14.0
exp6_empty_2,4149,615.43494,2.4068542,0.47211537,1.0,0.0,20.0
exp6_empty_2,4150,661.5836,2.2903066,0.6297159,1.0,0.0,26.0
exp6_empty_2,4151,635.29443,2.3984861,0.43823615,1.0,0.0,24.0
exp6_empty_2,4152,695.66693,2.2523048,0.7235578,1.0,0.0,32.0
exp6_empty_2,4153,601.63104,3.1373446,0.45983127,1.0,0.0,11.0
exp6_empty_2,4154,-161.74037,3.4031966,0.44224453,0.0,1.0,12.0
exp6_empty_2,4155,-265.9941,4.9410086,0.1150867,0.0,1.0,5.0
exp6_empty_2,4156,-148.31381,4.8425293,0.12662126,0.0,1.0,6.0
exp6_empty_2,4157,625.00714,2.738206,0.28413168,1.0,0.0,18.0
exp6_empty_2,4158,583.64954,3.2237623,0.40778682,1.0,0.0,11.0
exp6_empty_2,4159,732.4752,2.5075774,0.54491115,1.0,0.0,25.0
exp6_empty_2,4161,-283.62408,4.8147497,0.16747983,0.0,1.0,7.0
exp6_empty_2,4162,688.11304,3.180404,0.36392725,1.0,0.0,16.0
exp6_empty_2,4163,-249.58206,4.950991,0.12639497,0.0,1.0,9.0
exp6_empty_2,4164,-138.4139,2.787987,0.32527202,0.0,1.0,15.0
exp6_empty_2,4165,655.0127,3.4866045,0.28344682,1.0,0.0,12.0
exp6_empty_2,4166,677.69885,2.7647107,0.43064758,1.0,0.0,21.0
exp6_empty_2,4167,636.705,2.708982,0.3364788,1.0,0.0,21.0
exp6_empty_2,4168,726.5393,3.1623983,0.5949342,1.0,0.0,22.0
exp6_empty_2,4169,-123.183716,4.8861284,0.13450614,0.0,1.0,8.0
exp6_empty_2,4170,625.70105,2.8825545,0.39375654,1.0,0.0,15.0
exp6_empty_2,4171,-445.91486,4.9999886,0.6207446,0.0,1.0,1.0
exp6_empty_2,4172,721.5983,3.3200765,0.4131214,1.0,0.0,18.0
exp6_empty_2,4173,569.59247,2.5115213,0.29055586,1.0,0.0,20.0
exp6_empty_2,4174,624.0356,2.155975,0.6401289,1.0,0.0,23.0
exp6_empty_2,4175,660.3699,3.4252892,0.36768475,1.0,0.0,14.0
exp6_empty_2,4176,-284.7355,4.949913,0.12658252,0.0,1.0,6.0
exp6_empty_2,4177,624.77844,3.0755215,0.48735854,1.0,0.0,16.0
exp6_empty_2,4178,588.3832,3.0671604,0.6122803,1.0,0.0,14.0
exp6_empty_2,4179,-358.09766,4.861119,0.13164926,0.0,1.0,6.0
exp6_empty_2,4181,571.1268,2.4273107,0.24776909,1.0,0.0,15.0
exp6_empty_2,4182,-142.7139,4.96445,0.1383058,0.0,1.0,6.0
exp6_empty_2,4183,625.0038,1.9480681,0.7549502,1.0,0.0,30.0
exp6_empty_2,4184,700.42834,2.8754966,0.47558227,1.0,0.0,19.0
exp6_empty_2,4185,593.64594,3.2286167,0.32407686,1.0,0.0,10.0
exp6_empty_2,4186,587.87396,2.5755043,0.47270438,1.0,0.0,14.0
exp6_empty_2,4187,581.5576,2.447349,0.45744354,1.0,0.0,14.0
exp6_empty_2,4188,528.6132,2.3793762,0.5112772,1.0,0.0,11.0
exp6_empty_2,4189,634.1831,3.5205934,0.42270064,1.0,0.0,12.0
exp6_empty_2,4190,598.1078,2.017181,0.38154224,1.0,0.0,22.0
exp6_empty_2,4191,-241.7364,4.917617,0.20052995,0.0,1.0,3.0
exp6_empty_2,4192,620.814,3.0276194,0.41194445,1.0,0.0,15.0
exp6_empty_2,4193,-170.80525,4.951159,0.124361396,0.0,1.0,5.0
exp6_empty_2,4194,563.67114,2.4157426,0.41841105,1.0,0.0,22.0
exp6_empty_2,4195,617.0366,2.6731699,0.29308218,1.0,0.0,20.0
exp6_empty_2,4196,701.0596,3.2281802,0.35315582,1.0,0.0,18.0
exp6_empty_2,4197,-274.1384,4.9341135,0.18096681,0.0,1.0,2.0
exp6_empty_2,4198,640.1858,1.5985514,0.94187826,1.0,0.0,83.0
exp6_empty_2,4199,554.3922,2.73399,0.49574074,1.0,0.0,10.0
exp6_empty_2,4201,638.30646,2.2662706,0.31644434,1.0,0.0,28.0
exp6_empty_2,4202,-248.18056,4.8740273,0.118526734,0.0,1.0,8.0
exp6_empty_2,4203,636.39966,3.3318136,0.55542696,1.0,0.0,14.0
exp6_empty_2,4204,629.1277,3.7454998,0.29187414,1.0,0.0,10.0
exp6_empty_2,4205,650.36115,2.129356,0.3058809,1.0,0.0,29.0
exp6_empty_2,4206,-280.8107,4.905385,0.221758,0.0,1.0,2.0
exp6_empty_2,4207,697.6814,3.1006346,0.49472317,1.0,0.0,20.0
exp6_empty_2,4208,-152.69131,4.96291,0.14233121,0.0,1.0,7.0
exp6_empty_2,4209,-74.18921,4.971852,0.05341439,0.0,1.0,8.0
exp6_empty_2,4210,681.4232,4.3830175,0.27557123,1.0,0.0,12.0
exp6_empty_2,4211,593.41174,3.862844,0.68672335,1.0,0.0,15.0
exp6_empty_2,4212,655.5973,3.0411425,0.3649989,1.0,0.0,18.0
exp6_empty_2,4213,-219.6525,2.927567,0.4291905,0.0,1.0,19.0
exp6_empty_2,4214,623.9746,2.3644993,0.37152463,1.0,0.0,22.0
exp6_empty_2,4215,-324.2477,4.7262335,0.4376424,0.0,1.0,1.0
exp6_empty_2,4216,-415.52838,4.957884,0.13578607,0.0,1.0,2.0
exp6_empty_2,4217,645.8025,2.3757145,0.674393,1.0,0.0,24.0
exp6_empty_2,4218,686.26514,2.10719,0.69569415,1.0,0.0,32.0
exp6_empty_2,4219,580.03015,2.8533542,0.56423473,1.0,0.0,16.0
exp6_empty_2,4221,704.1286,2.8257735,0.41587666,1.0,0.0,24.0
exp6_empty_2,4222,690.3655,2.937806,0.43541154,1.0,0.0,23.0
exp6_empty_2,4223,-113.98653,4.8939734,0.07873982,0.0,1.0,8.0
exp6_empty_2,4224,631.16077,3.561579,0.38168618,1.0,0.0,11.0
exp6_empty_2,4225,703.3087,2.4000406,0.64149594,1.0,0.0,25.0
exp6_empty_2,4226,655.97845,1.6867814,0.84992856,1.0,0.0,63.0
exp6_empty_2,4227,651.68805,3.7450793,0.25105622,1.0,0.0,12.0
exp6_empty_2,4228,656.27625,3.003234,0.34299964,1.0,0.0,22.0
exp6_empty_2,4229,690.1637,2.0258546,0.665733,1.0,0.0,30.0
exp6_empty_2,4230,-344.96103,4.895355,0.15506408,0.0,1.0,5.0
exp6_empty_2,4231,599.89813,2.1083648,0.44796476,1.0,0.0,25.0
exp6_empty_2,4232,609.10516,3.596879,0.43146247,1.0,0.0,11.0
exp6_empty_2,4233,562.79834,2.886808,0.5259501,1.0,0.0,10.0
exp6_empty_2,4234,-300.49005,4.9423165,0.26866543,0.0,1.0,2.0
exp6_empty_2,4235,721.1728,3.457099,0.44332072,1.0,0.0,16.0
exp6_empty_2,4236,606.99646,2.6932225,0.44586465,1.0,0.0,14.0
exp6_empty_2,4237,609.91394,2.7226365,0.45410383,1.0,0.0,21.0
exp6_empty_2,4238,575.2225,1.0041418,0.16643402,1.0,0.0,51.0
exp6_empty_2,4239,689.8718,3.0196066,0.46141472,1.0,0.0,19.0
exp6_empty_2,4241,591.3047,4.917848,0.10959488,1.0,0.0,6.0
exp6_empty_2,4242,-290.2566,3.8140266,0.4927129,0.0,1.0,10.0
exp6_empty_2,4243,641.1802,2.75593,0.37695098,1.0,0.0,19.0
exp6_empty_2,4244,590.40735,2.1330128,0.6657506,1.0,0.0,23.0
exp6_empty_2,4245,-318.31992,4.973276,0.06424463,0.0,1.0,4.0
exp6_empty_2,4246,648.9497,2.0297074,0.46878535,1.0,0.0,26.0
exp6_empty_2,4247,539.6032,2.0255837,0.500192,1.0,0.0,26.0
exp6_empty_2,4248,637.99164,2.1023893,0.36462402,1.0,0.0,32.0
exp6_empty_2,4249,630.7519,2.5816526,0.6210431,1.0,0.0,22.0
exp6_empty_2,4250,668.8958,2.8737822,0.35264087,1.0,0.0,19.0
exp6_empty_2,4251,584.1744,1.9586698,0.41353762,1.0,0.0,32.0
exp6_empty_2,4252,643.28796,3.0401852,0.2943451,1.0,0.0,14.0
exp6_empty_2,4253,602.5376,2.2822344,0.52538854,1.0,0.0,28.0
exp6_empty_2,4254,587.5482,2.8693058,0.41309103,1.0,0.0,20.0
exp6_empty_2,4255,684.4847,2.653433,0.5103318,1.0,0.0,21.0
exp6_empty_2,4256,-317.52722,4.985065,0.471911,0.0,1.0,2.0
exp6_empty_2,4257,670.41046,2.660206,0.54180413,1.0,0.0,23.0
exp6_empty_2,4258,-119.00873,4.2093525,0.44647926,0.0,1.0,9.0
exp6_empty_2,4259,622.1915,3.3187697,0.41980985,1.0,0.0,13.0
exp6_empty_2,4261,519.40814,2.469989,0.47565165,1.0,0.0,11.0
exp6_empty_2,4262,747.6206,3.0498164,0.26784173,1.0,0.0,22.0
exp6_empty_2,4263,638.4718,2.8364723,0.48088703,1.0,0.0,17.0
exp6_empty_2,4264,-204.64531,4.1063137,0.4047264,0.0,1.0,13.0
exp6_empty_2,4265,-206.70569,4.952087,0.18270756,0.0,1.0,5.0
exp6_empty_2,4266,-304.1961,4.3493314,0.26647863,0.0,1.0,2.0
exp6_empty_2,4267,-169.41837,4.8052554,0.19940007,0.0,1.0,6.0
exp6_empty_2,4268,-445.48355,4.784192,0.31317616,0.0,1.0,1.0
exp6_empty_2,4269,636.1941,3.0190282,0.3673575,1.0,0.0,19.0
exp6_empty_2,4270,620.8126,3.1592836,0.4257636,1.0,0.0,12.0
exp6_empty_2,4271,-313.61362,4.8946233,0.14129996,0.0,1.0,6.0
exp6_empty_2,4272,576.9578,3.064744,0.29774725,1.0,0.0,11.0
exp6_empty_2,4273,555.71454,2.189765,0.35427955,1.0,0.0,25.0
exp6_empty_2,4274,551.5599,2.4225104,0.5707235,1.0,0.0,24.0
exp6_empty_2,4275,710.6077,1.8469292,0.3226448,1.0,0.0,31.0
exp6_empty_2,4276,-205.54587,4.9024143,0.112394385,0.0,1.0,6.0
exp6_empty_2,4277,593.25354,4.365237,0.16667037,1.0,0.0,8.0
exp6_empty_2,4278,-280.825,4.644855,0.19265568,0.0,1.0,2.0
exp6_empty_2,4279,-249.4786,4.861137,0.13122874,0.0,1.0,8.0
exp6_empty_2,4281,630.20667,2.0295286,0.44654095,1.0,0.0,30.0
exp6_empty_2,4282,665.8618,3.0022771,0.35217133,1.0,0.0,19.0
exp6_empty_2,4283,613.8734,3.4137716,0.41217214,1.0,0.0,13.0
exp6_empty_2,4284,586.26245,2.4507027,0.35171732,1.0,0.0,18.0
exp6_empty_2,4285,518.69617,3.4418638,0.613889,1.0,0.0,9.0
exp6_empty_2,4286,696.32434,2.425478,0.2498344,1.0,0.0,27.0
exp6_empty_2,4287,626.41986,3.4388149,0.67094827,1.0,0.0,15.0
exp6_empty_2,4288,-375.48648,4.978217,0.08112215,0.0,1.0,4.0
exp6_empty_2,4289,694.3189,2.9477932,0.15097544,1.0,0.0,16.0
exp6_empty_2,4290,645.3811,1.8850137,0.33652362,1.0,0.0,24.0
exp6_empty_2,4291,599.61395,2.6503277,0.26750892,1.0,0.0,21.0
exp6_empty_2,4292,667.0542,3.6380243,0.35737547,1.0,0.0,12.0
exp6_empty_2,4293,585.2147,3.1972544,0.5026665,1.0,0.0,12.0
exp6_empty_2,4294,593.7927,2.260031,0.29873988,1.0,0.0,22.0
exp6_empty_2,4295,569.4185,2.7217011,0.46644256,1.0,0.0,14.0
exp6_empty_2,4296,680.7607,3.8352637,0.3893829,1.0,0.0,13.0
exp6_empty_2,4297,658.7473,3.0994303,0.3712264,1.0,0.0,17.0
exp6_empty_2,4298,591.78986,2.2596087,0.83561957,1.0,0.0,26.0
exp6_empty_2,4299,618.2298,2.8189192,0.19930412,1.0,0.0,15.0
exp6_empty_2,4301,592.6166,2.9008396,0.37467173,1.0,0.0,21.0
exp6_empty_2,4302,671.4286,2.7002742,0.4144235,1.0,0.0,26.0
exp6_empty_2,4303,-295.2711,4.836959,0.20127566,0.0,1.0,4.0
exp6_empty_2,4304,584.95306,2.9478421,0.6049252,1.0,0.0,16.0
exp6_empty_2,4305,633.5918,3.473105,0.44115052,1.0,0.0,14.0
exp6_empty_2,4306,-410.76978,4.8935275,0.33381703,0.0,1.0,3.0
exp6_empty_2,4307,-226.65598,4.9249463,0.1433879,0.0,1.0,4.0
exp6_empty_2,4308,555.296,4.2942686,0.51628125,1.0,0.0,7.0
exp6_empty_2,4309,665.2501,2.5440161,0.42012784,1.0,0.0,23.0
exp6_empty_2,4310,568.1129,1.6707351,0.4156114,1.0,0.0,33.0
exp6_empty_2,4311,606.611,2.3863692,0.58900946,1.0,0.0,23.0
exp6_empty_2,4312,657.20734,3.3793368,0.3174134,1.0,0.0,13.0
exp6_empty_2,4313,-34.582428,3.8503823,0.1376095,0.0,1.0,14.0
exp6_empty_2,4314,623.8052,3.3269925,0.5431038,1.0,0.0,15.0
exp6_empty_2,4315,641.3007,4.6318374,0.21775392,1.0,0.0,9.0
exp6_empty_2,4316,552.3143,1.382173,0.6235071,1.0,0.0,39.0
exp6_empty_2,4317,-415.74344,4.867068,0.24219042,0.0,1.0,2.0
exp6_empty_2,4318,710.6222,3.4617753,0.39499912,1.0,0.0,16.0
exp6_empty_2,4319,706.1994,3.1987832,0.37942567,1.0,0.0,18.0
exp6_empty_2,4321,632.0951,2.8750684,0.40762776,1.0,0.0,14.0
exp6_empty_2,4322,710.35205,2.3542125,0.65170753,1.0,0.0,30.0
exp6_empty_2,4323,622.26733,2.7632065,0.35363138,1.0,0.0,15.0
exp6_empty_2,4324,-345.12924,4.938047,0.106764175,0.0,1.0,5.0
exp6_empty_2,4325,-278.24747,4.996975,0.17356113,0.0,1.0,2.0
exp6_empty_2,4326,579.1111,2.7987413,0.710771,1.0,0.0,13.0
exp6_empty_2,4327,661.00146,1.7102331,0.8172725,1.0,0.0,42.0
exp6_empty_2,4328,670.49884,1.5856998,0.7591751,1.0,0.0,46.0
exp6_empty_2,4329,-31.151276,2.2170386,0.47392195,0.0,1.0,25.0
exp6_empty_2,4330,604.0227,2.7074935,0.35994932,1.0,0.0,16.0
exp6_empty_2,4331,582.33484,2.9035852,0.35140136,1.0,0.0,17.0
exp6_empty_2,4332,633.17676,2.5344462,0.44494435,1.0,0.0,23.0
exp6_empty_2,4333,-236.52997,4.8206577,0.17662157,0.0,1.0,4.0
exp6_empty_2,4334,556.92737,2.9996881,0.40525255,1.0,0.0,9.0
exp6_empty_2,4335,-337.1288,4.605292,0.2342698,0.0,1.0,2.0
exp6_empty_2,4336,-320.09634,4.5775585,0.39754096,0.0,1.0,1.0
exp6_empty_2,4337,622.1532,2.9896617,0.34553915,1.0,0.0,20.0
exp6_empty_2,4338,680.34906,3.7565362,0.8136202,1.0,0.0,15.0
exp6_empty_2,4339,668.3748,3.6047904,0.26310083,1.0,0.0,12.0
exp6_empty_2,4341,520.3817,1.8973415,0.27968252,1.0,0.0,25.0
exp6_empty_2,4342,631.4045,3.428053,0.21820019,1.0,0.0,12.0
exp6_empty_2,4343,627.2778,3.0336344,0.1865689,1.0,0.0,12.0
exp6_empty_2,4344,-284.78372,4.869157,0.11529381,0.0,1.0,7.0
exp6_empty_2,4345,-303.0692,4.977582,0.34486103,0.0,1.0,3.0
exp6_empty_2,4346,557.4618,1.7389846,0.41324884,1.0,0.0,30.0
exp6_empty_2,4347,561.8439,4.318402,0.6707827,1.0,0.0,8.0
exp6_empty_2,4348,655.92346,2.8428173,0.33489734,1.0,0.0,16.0
exp6_empty_2,4349,546.71967,2.3935168,0.39878094,1.0,0.0,13.0
exp6_empty_2,4350,665.829,3.1176353,0.51166135,1.0,0.0,19.0
exp6_empty_2,4351,683.9219,3.215792,0.17146198,1.0,0.0,14.0
exp6_empty_2,4352,647.36255,2.8431764,0.23568879,1.0,0.0,19.0
exp6_empty_2,4353,688.5653,2.796835,0.4276041,1.0,0.0,24.0
exp6_empty_2,4354,554.9121,2.032003,0.5840889,1.0,0.0,20.0
exp6_empty_2,4355,525.6133,2.8312526,0.3715786,1.0,0.0,9.0
exp6_empty_2,4356,574.26953,2.9909844,0.78912,1.0,0.0,14.0
exp6_empty_2,4357,591.97363,2.7560532,0.46451214,1.0,0.0,16.0
exp6_empty_2,4358,644.3988,2.9726694,0.564825,1.0,0.0,17.0
exp6_empty_2,4359,-157.61205,4.93786,0.103974365,0.0,1.0,6.0
exp6_empty_2,4361,-353.58353,4.647799,0.19749454,0.0,1.0,4.0
exp6_empty_2,4362,620.5477,2.6582386,0.4724052,1.0,0.0,19.0
exp6_empty_2,4363,641.5016,2.0825384,0.66450995,1.0,0.0,23.0
exp6_empty_2,4364,634.95575,3.1343217,0.42123687,1.0,0.0,16.0
exp6_empty_2,4365,606.5931,2.7837002,0.38295883,1.0,0.0,16.0
exp6_empty_2,4366,585.81323,3.727958,0.551664,1.0,0.0,11.0
exp6_empty_2,4367,649.4143,3.150257,0.589326,1.0,0.0,17.0
exp6_empty_2,4368,585.8757,2.9023411,0.8950316,1.0,0.0,19.0
exp6_empty_2,4369,583.0328,2.932215,0.5343646,1.0,0.0,13.0
exp6_empty_2,4370,633.82495,3.369209,0.300672,1.0,0.0,14.0
exp6_empty_2,4371,638.3611,2.8125427,0.57895774,1.0,0.0,16.0
exp6_empty_2,4372,-282.63623,4.9286084,0.14357343,0.0,1.0,6.0
exp6_empty_2,4373,608.1672,3.615154,0.40484333,1.0,0.0,11.0
exp6_empty_2,4374,541.36755,2.0377915,0.49583644,1.0,0.0,21.0
exp6_empty_2,4375,602.8542,2.6951423,0.57715017,1.0,0.0,16.0
exp6_empty_2,4376,643.47876,3.3510613,0.67979354,1.0,0.0,16.0
exp6_empty_2,4377,-310.61377,4.9093695,0.1256273,0.0,1.0,6.0
exp6_empty_2,4378,576.7085,2.3149416,0.66756773,1.0,0.0,23.0
exp6_empty_2,4379,-306.52444,4.747397,0.36656484,0.0,1.0,1.0
exp6_empty_2,4381,541.8303,2.5261056,0.6263612,1.0,0.0,13.0
exp6_empty_2,4382,547.5671,2.1989734,0.47537014,1.0,0.0,14.0
exp6_empty_2,4383,641.36707,3.60024,0.41458884,1.0,0.0,14.0
exp6_empty_2,4384,-306.51715,4.932869,0.10301019,0.0,1.0,7.0
exp6_empty_2,4385,-91.10066,2.5537586,0.35046297,0.0,1.0,20.0
exp6_empty_2,4386,608.051,2.6677287,0.5780611,1.0,0.0,17.0
exp6_empty_2,4387,714.21875,3.709211,0.31438446,1.0,0.0,14.0
exp6_empty_2,4388,641.98804,2.380056,0.3608239,1.0,0.0,30.0
exp6_empty_2,4389,604.0462,2.5201428,0.6012439,1.0,0.0,19.0
exp6_empty_2,4390,670.49585,2.9274647,0.54940647,1.0,0.0,17.0
exp6_empty_2,4391,-380.0835,4.8935895,0.18440898,0.0,1.0,3.0
exp6_empty_2,4392,-360.05295,4.6501036,0.46879977,0.0,1.0,1.0
exp6_empty_2,4393,666.2445,2.1769333,0.57609373,1.0,0.0,30.0
exp6_empty_2,4394,-137.31203,2.9270365,0.40418836,0.0,1.0,13.0
exp6_empty_2,4395,696.4436,3.4400265,0.4325134,1.0,0.0,15.0
exp6_empty_2,4396,590.80615,1.7372149,0.4212933,1.0,0.0,29.0
exp6_empty_2,4397,-319.354,4.894912,0.0896929,0.0,1.0,5.0
exp6_empty_2,4398,557.0104,2.2124147,0.4247087,1.0,0.0,23.0
exp6_empty_2,4399,577.3386,2.0142183,0.32453844,1.0,0.0,18.0
exp6_empty_2,4401,509.341,2.6210659,0.71939677,1.0,0.0,10.0
exp6_empty_2,4402,-204.91171,4.9951353,0.09982207,0.0,1.0,4.0
exp6_empty_2,4403,591.85645,3.404489,0.37134868,1.0,0.0,11.0
exp6_empty_2,4404,-331.33322,2.2623343,0.5003366,0.0,1.0,16.0
exp6_empty_2,4405,590.60345,2.8038104,0.36645085,1.0,0.0,16.0
exp6_empty_2,4406,-415.72467,4.761322,0.3108532,0.0,1.0,2.0
exp6_empty_2,4407,639.6359,3.8545918,0.30395252,1.0,0.0,10.0
exp6_empty_2,4408,557.0583,3.1919394,0.38825092,1.0,0.0,15.0
exp6_empty_2,4409,661.2953,2.7270129,0.5620413,1.0,0.0,20.0
exp6_empty_2,4410,585.0282,2.9706743,0.41067013,1.0,0.0,13.0
exp6_empty_2,4411,641.27954,2.392513,0.67876816,1.0,0.0,23.0
exp6_empty_2,4412,-24.808105,3.528624,0.29750806,0.0,1.0,14.0
exp6_empty_2,4413,634.0914,3.3473942,0.3531674,1.0,0.0,15.0
exp6_empty_2,4414,528.3736,2.3023596,0.37707177,1.0,0.0,18.0
exp6_empty_2,4415,612.0047,2.615558,0.32739174,1.0,0.0,18.0
exp6_empty_2,4416,-416.29404,4.8172827,0.1722928,0.0,1.0,2.0
exp6_empty_2,4417,582.75745,2.2998505,0.34687188,1.0,0.0,16.0
exp6_empty_2,4418,-250.18425,4.9834127,0.22067711,0.0,1.0,7.0
exp6_empty_2,4419,-160.30905,4.750479,0.1394105,0.0,1.0,6.0
exp6_empty_2,4421,-316.69968,4.889587,0.1716413,0.0,1.0,4.0
exp6_empty_2,4422,-333.37338,2.343499,0.44079188,0.0,1.0,15.0
exp6_empty_2,4423,655.13495,2.0636837,0.47422892,1.0,0.0,32.0
exp6_empty_2,4424,-314.0136,3.4876094,0.54554075,0.0,1.0,1.0
exp6_empty_2,4425,598.27313,2.7539766,0.4277869,1.0,0.0,16.0
exp6_empty_2,4426,587.82654,2.1907508,0.25430542,1.0,0.0,28.0
exp6_empty_2,4427,620.0032,3.5086782,0.41212246,1.0,0.0,14.0
exp6_empty_2,4428,617.916,3.0500774,0.34468135,1.0,0.0,16.0
exp6_empty_2,4429,590.5924,2.9032397,0.43090558,1.0,0.0,14.0
exp6_empty_2,4430,575.3512,3.7480712,0.29125372,1.0,0.0,10.0
exp6_empty_2,4431,669.44934,4.521494,0.7611746,1.0,0.0,11.0
exp6_empty_2,4432,624.1018,3.2592359,0.50693625,1.0,0.0,14.0
exp6_empty_2,4433,-118.92656,4.8053308,0.27845278,0.0,1.0,7.0
exp6_empty_2,4434,498.58472,1.4652326,0.43420085,1.0,0.0,31.0
exp6_empty_2,4435,688.5138,2.8021276,0.30468956,1.0,0.0,25.0
exp6_empty_2,4436,679.6838,2.8089893,0.36661562,1.0,0.0,21.0
exp6_empty_2,4437,669.5272,2.5749278,0.30571166,1.0,0.0,20.0
exp6_empty_2,4438,-275.07202,3.4690967,0.35704073,0.0,1.0,14.0
exp6_empty_2,4439,704.2517,2.6759424,0.43215007,1.0,0.0,25.0
exp6_empty_2,4441,670.3089,3.7411568,0.26406154,1.0,0.0,14.0
exp6_empty_2,4442,616.3962,2.9572196,0.5484592,1.0,0.0,15.0
exp6_empty_2,4443,642.1939,3.6791153,0.32006088,1.0,0.0,12.0
exp6_empty_2,4444,-207.90062,4.9504704,0.13702169,0.0,1.0,4.0
exp6_empty_2,4445,602.7044,2.154741,0.36953124,1.0,0.0,25.0
exp6_empty_2,4446,624.73285,2.98823,0.37902322,1.0,0.0,19.0
exp6_empty_2,4447,633.42816,3.2875543,0.53192943,1.0,0.0,14.0
exp6_empty_2,4448,-201.65596,4.8374968,0.1680577,0.0,1.0,7.0
exp6_empty_2,4449,-290.8499,2.2412012,0.41523644,0.0,1.0,25.0
exp6_empty_2,4450,-183.38625,4.6693316,0.17482103,0.0,1.0,6.0
exp6_empty_2,4451,-124.43648,3.6382496,0.56196845,0.0,1.0,13.0
exp6_empty_2,4452,657.47424,2.3843257,0.3686895,1.0,0.0,27.0
exp6_empty_2,4453,585.2521,1.6028486,0.3203583,1.0,0.0,38.0
exp6_empty_2,4454,-445.0106,4.999752,0.22460833,0.0,1.0,1.0
exp6_empty_2,4455,607.85364,1.6787038,0.7505526,1.0,0.0,29.0
exp6_empty_2,4456,-353.7845,4.940378,0.15490085,0.0,1.0,4.0
exp6_empty_2,4457,587.42615,2.7502813,0.41747105,1.0,0.0,15.0
exp6_empty_2,4458,-314.87253,4.780531,0.49253207,0.0,1.0,1.0
exp6_empty_2,4459,523.3478,2.1184072,0.33499095,1.0,0.0,21.0
exp6_empty_2,4461,652.80255,1.9409169,0.6723451,1.0,0.0,37.0
exp6_empty_2,4462,-97.05235,4.832958,0.1274367,0.0,1.0,9.0
exp6_empty_2,4463,622.01227,2.237031,0.3569444,1.0,0.0,27.0
exp6_empty_2,4464,604.30365,2.7671092,0.37500775,1.0,0.0,16.0
exp6_empty_2,4465,664.9083,3.9123533,0.30864742,1.0,0.0,11.0
exp6_empty_2,4466,633.12286,3.4632275,0.43424687,1.0,0.0,13.0
exp6_empty_2,4467,658.8866,3.189862,0.39359614,1.0,0.0,17.0
exp6_empty_2,4468,579.4909,2.3300161,0.3714073,1.0,0.0,26.0
exp6_empty_2,4469,580.10913,2.8205302,0.40191695,1.0,0.0,14.0
exp6_empty_2,4470,-305.23016,3.8176336,0.36821616,0.0,1.0,1.0
exp6_empty_2,4471,611.3187,3.07893,0.39928904,1.0,0.0,17.0
exp6_empty_2,4472,-26.653748,2.7392163,0.5552619,0.0,1.0,21.0
exp6_empty_2,4473,-222.24005,4.9868164,0.30720615,0.0,1.0,4.0
exp6_empty_2,4474,576.97516,2.744699,0.6013943,1.0,0.0,14.0
exp6_empty_2,4475,546.15125,2.1086686,0.5072385,1.0,0.0,21.0
exp6_empty_2,4476,-339.03223,2.780677,0.3925816,0.0,1.0,18.0
exp6_empty_2,4477,611.292,2.353789,0.5255168,1.0,0.0,21.0
exp6_empty_2,4478,666.505,2.9726207,0.47576848,1.0,0.0,20.0
exp6_empty_2,4479,605.83563,2.71752,0.45884156,1.0,0.0,17.0
exp6_empty_2,4481,594.61224,2.7744677,0.4746355,1.0,0.0,15.0
exp6_empty_2,4482,610.84344,1.9006684,0.44560838,1.0,0.0,27.0
exp6_empty_2,4483,591.6365,2.907569,0.45947224,1.0,0.0,21.0
exp6_empty_2,4484,522.52814,2.8775542,0.4880644,1.0,0.0,12.0
exp6_empty_2,4485,697.88837,3.009592,0.48263282,1.0,0.0,20.0
exp6_empty_2,4486,643.5202,2.510644,0.4581395,1.0,0.0,25.0
exp6_empty_2,4487,-269.8616,4.9867697,0.12794483,0.0,1.0,2.0
exp6_empty_2,4488,666.5499,2.7818568,0.42088184,1.0,0.0,23.0
exp6_empty_2,4489,585.5728,2.1404302,0.5881843,1.0,0.0,26.0
exp6_empty_2,4490,569.927,2.3124387,0.4271475,1.0,0.0,19.0
exp6_empty_2,4491,581.8044,3.3803601,0.31747884,1.0,0.0,10.0
exp6_empty_2,4492,618.5013,3.0977468,0.44808164,1.0,0.0,12.0
exp6_empty_2,4493,619.65576,2.9353578,0.5162706,1.0,0.0,17.0
exp6_empty_2,4494,683.20624,2.389433,0.4281236,1.0,0.0,23.0
exp6_empty_2,4495,656.3123,3.5062046,0.3631839,1.0,0.0,12.0
exp6_empty_2,4496,-380.2701,4.874781,0.2519332,0.0,1.0,3.0
exp6_empty_2,4497,645.37036,3.6272185,0.37335533,1.0,0.0,15.0
exp6_empty_2,4498,604.8269,2.782944,0.4846476,1.0,0.0,20.0
exp6_empty_2,4499,-353.47784,4.8064237,0.24279751,0.0,1.0,4.0
exp6_empty_2,4501,538.01904,2.4970922,0.5357402,1.0,0.0,13.0
exp6_empty_2,4502,-121.303055,3.802253,0.35750553,0.0,1.0,12.0
exp6_empty_2,4503,477.17816,3.447738,0.7177649,1.0,0.0,8.0
exp6_empty_2,4504,582.78296,1.9794245,0.46020064,1.0,0.0,33.0
exp6_empty_2,4505,-361.20526,2.5502784,0.40454772,0.0,1.0,12.0
exp6_empty_2,4506,615.2722,3.427482,0.26304144,1.0,0.0,10.0
exp6_empty_2,4507,535.6472,2.7942905,0.5217108,1.0,0.0,11.0
exp6_empty_2,4508,-149.67932,4.960697,0.13217615,0.0,1.0,6.0
exp6_empty_2,4509,618.31116,2.4149795,0.44588873,1.0,0.0,27.0
exp6_empty_2,4510,686.63965,3.077949,0.49541125,1.0,0.0,18.0
exp6_empty_2,4511,620.6019,2.565208,0.48478284,1.0,0.0,17.0
exp6_empty_2,4512,-350.8806,4.933254,0.20206621,0.0,1.0,4.0
exp6_empty_2,4513,598.06024,2.8909013,0.4259295,1.0,0.0,14.0
exp6_empty_2,4514,-87.66557,4.259361,0.4729229,0.0,1.0,12.0
exp6_empty_2,4515,-314.9981,4.9390903,0.1627451,0.0,1.0,6.0
exp6_empty_2,4516,-347.48886,4.9452667,0.15647678,0.0,1.0,4.0
exp6_empty_2,4517,-330.24875,3.613273,0.24996142,0.0,1.0,10.0
exp6_empty_2,4518,-445.38242,4.7752953,0.6431714,0.0,1.0,1.0
exp6_empty_2,4519,692.1618,3.467571,0.32946682,1.0,0.0,14.0
exp6_empty_2,4521,707.2366,3.3125842,0.3895404,1.0,0.0,17.0
exp6_empty_2,4522,599.7868,3.6084757,0.36000288,1.0,0.0,9.0
exp6_empty_2,4523,-414.3787,4.8991036,0.11197524,0.0,1.0,2.0
exp6_empty_2,4524,-301.80118,4.9999733,0.20242077,0.0,1.0,1.0
exp6_empty_2,4525,652.95605,2.627655,0.6541845,1.0,0.0,24.0
exp6_empty_2,4526,655.41516,3.599883,0.33415294,1.0,0.0,12.0
exp6_empty_2,4527,645.72174,2.4695199,0.5197384,1.0,0.0,20.0
exp6_empty_2,4528,636.5646,2.5742376,0.30723995,1.0,0.0,22.0
exp6_empty_2,4529,-163.2373,4.935986,0.12978394,0.0,1.0,6.0
exp6_empty_2,4530,-445.63626,4.654023,0.4825162,0.0,1.0,1.0
exp6_empty_2,4531,760.7387,4.698626,0.14487626,1.0,0.0,12.0
exp6_empty_2,4532,-230.87598,4.8147435,0.13678916,0.0,1.0,8.0
exp6_empty_2,4533,605.27313,1.9462955,0.6443742,1.0,0.0,28.0
exp6_empty_2,4534,620.99194,3.5762856,0.1932693,1.0,0.0,11.0
exp6_empty_2,4535,526.9015,1.8220658,0.36178672,1.0,0.0,34.0
exp6_empty_2,4536,-414.62585,4.8342957,0.2599371,0.0,1.0,2.0
exp6_empty_2,4537,-314.41632,4.942644,0.18253301,0.0,1.0,6.0
exp6_empty_2,4538,714.54486,3.0634398,0.49867123,1.0,0.0,20.0
exp6_empty_2,4539,564.70166,2.0559735,0.51369053,1.0,0.0,24.0
exp6_empty_2,4541,621.6253,2.697493,0.4663774,1.0,0.0,20.0
exp6_empty_2,4542,567.1443,2.667692,0.45443776,1.0,0.0,11.0
exp6_empty_2,4543,607.57745,3.7262547,0.36516812,1.0,0.0,12.0
exp6_empty_2,4544,619.27783,2.9973252,0.24817233,1.0,0.0,14.0
exp6_empty_2,4545,750.18616,4.2714434,0.23020205,1.0,0.0,14.0
exp6_empty_2,4546,-349.74362,4.9154906,0.16430943,0.0,1.0,2.0
exp6_empty_2,4547,-226.35571,4.9791255,0.11934849,0.0,1.0,5.0
exp6_empty_2,4548,665.6018,3.188071,0.38372013,1.0,0.0,15.0
exp6_empty_2,4549,-383.59814,4.852613,0.15719917,0.0,1.0,3.0
exp6_empty_2,4550,-289.0322,2.3961523,0.44412997,0.0,1.0,14.0
exp6_empty_2,4551,584.4781,2.7275426,0.6201627,1.0,0.0,15.0
exp6_empty_2,4552,-212.09366,3.2332563,0.3143112,0.0,1.0,8.0
exp6_empty_2,4553,710.1404,3.4520319,0.3884506,1.0,0.0,18.0
exp6_empty_2,4554,575.2642,3.357516,0.37733954,1.0,0.0,10.0
exp6_empty_2,4555,651.4647,3.3171868,0.4793122,1.0,0.0,15.0
exp6_empty_2,4556,581.5425,2.440648,0.52865565,1.0,0.0,19.0
exp6_empty_2,4557,559.60547,2.961834,0.4779183,1.0,0.0,13.0
exp6_empty_2,4558,610.1636,3.2341952,0.6092438,1.0,0.0,16.0
exp6_empty_2,4559,660.1272,2.2435968,0.45419088,1.0,0.0,29.0
exp6_empty_2,4561,-301.59286,4.893365,0.26805255,0.0,1.0,1.0
exp6_empty_2,4562,629.9946,3.7919602,0.33805484,1.0,0.0,10.0
exp6_empty_2,4563,-391.3515,4.996834,0.13651901,0.0,1.0,2.0
exp6_empty_2,4564,634.22687,3.1160738,0.4838455,1.0,0.0,13.0
exp6_empty_2,4565,678.2312,3.0967047,0.44229257,1.0,0.0,21.0
exp6_empty_2,4566,589.5448,3.0119615,0.47794056,1.0,0.0,17.0
exp6_empty_2,4567,664.7352,3.2534277,0.3578671,1.0,0.0,14.0
exp6_empty_2,4568,632.18274,2.317772,0.47118014,1.0,0.0,22.0
exp6_empty_2,4569,689.18384,2.443399,0.63383895,1.0,0.0,26.0
exp6_empty_2,4570,581.02655,2.497448,0.36701784,1.0,0.0,23.0
exp6_empty_2,4571,653.2048,3.191392,0.5660066,1.0,0.0,15.0
exp6_empty_2,4572,573.7057,2.6902008,0.52491915,1.0,0.0,14.0
exp6_empty_2,4573,686.744,2.4529233,0.6090032,1.0,0.0,23.0
exp6_empty_2,4574,605.65424,2.3940167,0.33595887,1.0,0.0,20.0
exp6_empty_2,4575,565.8982,2.3890672,0.42104903,1.0,0.0,23.0
exp6_empty_2,4576,-282.84534,4.9291697,0.11409854,0.0,1.0,6.0
exp6_empty_2,4577,664.2555,1.3347963,0.20294921,1.0,0.0,48.0
exp6_empty_2,4578,713.8279,1.8305317,0.3008573,1.0,0.0,34.0
exp6_empty_2,4579,579.3119,3.2453642,0.62151897,1.0,0.0,13.0
exp6_empty_2,4581,557.7534,2.8880072,0.424703,1.0,0.0,11.0
exp6_empty_2,4582,603.12756,2.5204518,0.6112578,1.0,0.0,21.0
exp6_empty_2,4583,590.2477,2.6656322,0.40015262,1.0,0.0,16.0
exp6_empty_2,4584,-157.3463,4.6792555,0.119511366,0.0,1.0,9.0
exp6_empty_2,4585,527.82874,2.3854866,0.3337298,1.0,0.0,18.0
exp6_empty_2,4586,657.5874,3.069052,0.47737166,1.0,0.0,16.0
exp6_empty_2,4587,609.4159,2.683943,0.3473752,1.0,0.0,19.0
exp6_empty_2,4588,-252.06595,4.901942,0.14734447,0.0,1.0,7.0
exp6_empty_2,4589,-194.30751,3.3409846,0.3683138,0.0,1.0,16.0
exp6_empty_2,4590,-413.18793,4.9355755,0.27387178,0.0,1.0,2.0
exp6_empty_2,4591,686.1992,3.88641,0.3385458,1.0,0.0,12.0
exp6_empty_2,4592,671.0103,3.2739232,0.35786778,1.0,0.0,18.0
exp6_empty_2,4593,568.2233,3.143302,0.4035093,1.0,0.0,12.0
exp6_empty_2,4594,606.9143,2.9678018,0.39669,1.0,0.0,12.0
exp6_empty_2,4595,655.7016,3.2658007,0.44786966,1.0,0.0,19.0
exp6_empty_2,4596,638.0043,2.5056953,0.38392207,1.0,0.0,24.0
exp6_empty_2,4597,-188.60446,4.918377,0.12678193,0.0,1.0,9.0
exp6_empty_2,4598,669.6343,2.4376602,0.5029491,1.0,0.0,23.0
exp6_empty_2,4599,619.74927,3.088316,0.52656347,1.0,0.0,18.0
exp6_empty_2,4601,-200.09433,4.978658,0.113493435,0.0,1.0,7.0
exp6_empty_2,4602,604.4502,2.2020857,0.29955626,1.0,0.0,24.0
exp6_empty_2,4603,580.5973,2.487356,0.50180554,1.0,0.0,17.0
exp6_empty_2,4604,628.2662,3.3945396,0.49910828,1.0,0.0,15.0
exp6_empty_2,4605,-167.09451,4.9543986,0.11712436,0.0,1.0,6.0
exp6_empty_2,4606,617.2428,3.1808257,0.61419654,1.0,0.0,19.0
exp6_empty_2,4607,688.61523,2.3050666,0.60720545,1.0,0.0,31.0
exp6_empty_2,4608,-322.69675,4.9049115,0.14450899,0.0,1.0,5.0
exp6_empty_2,4609,670.9061,2.375956,0.6377621,1.0,0.0,25.0
exp6_empty_2,4610,673.411,2.293391,0.65883,1.0,0.0,31.0
exp6_empty_2,4611,648.52606,2.5148053,0.56317437,1.0,0.0,20.0
exp6_empty_2,4612,628.45984,4.995732,0.7931064,1.0,0.0,12.0
exp6_empty_2,4613,669.7997,2.4375117,0.49919045,1.0,0.0,24.0
exp6_empty_2,4614,-318.83057,4.8665595,0.18518075,0.0,1.0,5.0
exp6_empty_2,4615,-192.48288,4.9686356,0.20319836,0.0,1.0,7.0
exp6_empty_2,4616,519.2279,2.962311,0.7432265,1.0,0.0,12.0
exp6_empty_2,4617,667.2546,2.8018236,0.3703305,1.0,0.0,21.0
exp6_empty_2,4618,603.53625,2.1292782,0.4661645,1.0,0.0,25.0
exp6_empty_2,4619,650.80963,3.41509,0.16387606,1.0,0.0,13.0
exp6_empty_2,4621,624.28906,2.4497697,0.821425,1.0,0.0,22.0
exp6_empty_2,4622,619.818,3.683341,0.22451492,1.0,0.0,12.0
exp6_empty_2,4623,-230.39052,4.9527006,0.07926382,0.0,1.0,8.0
exp6_empty_2,4624,691.48206,2.7378385,0.44126773,1.0,0.0,23.0
exp6_empty_2,4625,679.5143,3.6098664,0.4664177,1.0,0.0,15.0
exp6_empty_2,4626,538.59204,2.146339,0.3873972,1.0,0.0,17.0
exp6_empty_2,4627,547.8582,2.261895,0.36505383,1.0,0.0,26.0
exp6_empty_2,4628,543.6441,1.6465403,0.44932705,1.0,0.0,37.0
exp6_empty_2,4629,618.1296,3.5548108,0.386003,1.0,0.0,10.0
exp6_empty_2,4630,-254.59702,4.8314996,0.21867326,0.0,1.0,5.0
exp6_empty_2,4631,582.98126,2.3008935,0.409029,1.0,0.0,31.0
exp6_empty_2,4632,-346.33826,4.857945,0.15151918,0.0,1.0,5.0
exp6_empty_2,4633,506.11057,1.4855838,0.68178564,1.0,0.0,39.0
exp6_empty_2,4634,-384.17734,4.8643184,0.19406636,0.0,1.0,3.0
exp6_empty_2,4635,607.20233,2.4194133,0.52291274,1.0,0.0,22.0
exp6_empty_2,4636,661.4472,2.2616389,0.6444714,1.0,0.0,27.0
exp6_empty_2,4637,-302.00995,4.9997654,0.09137117,0.0,1.0,1.0
exp6_empty_2,4638,-238.59,4.950632,0.16862792,0.0,1.0,3.0
exp6_empty_2,4639,710.5128,3.4007075,0.29287586,1.0,0.0,15.0
exp6_empty_2,4641,601.03,3.7314444,0.74370897,1.0,0.0,11.0
exp6_empty_2,4642,-176.24796,2.8245692,0.52386534,0.0,1.0,20.0
exp6_empty_2,4643,-283.09106,4.941989,0.09437066,0.0,1.0,8.0
exp6_empty_2,4644,-290.28516,4.860472,0.09110473,0.0,1.0,7.0
exp6_empty_2,4645,-414.9636,4.690641,0.17404157,0.0,1.0,3.0
exp6_empty_2,4646,626.14386,2.59495,0.38978612,1.0,0.0,19.0
exp6_empty_2,4647,663.1897,3.3391492,0.39027455,1.0,0.0,16.0
exp6_empty_2,4648,712.9394,2.4362333,0.6201272,1.0,0.0,28.0
exp6_empty_2,4649,586.6065,1.3866571,0.8201858,1.0,0.0,51.0
exp6_empty_2,4650,-175.23033,3.6075978,0.15985727,0.0,1.0,10.0
exp6_empty_2,4651,-277.87112,4.3088117,0.18839525,0.0,1.0,3.0
exp6_empty_2,4652,-353.01044,4.87593,0.110055625,0.0,1.0,4.0
exp6_empty_2,4653,681.60645,2.8923624,0.3410359,1.0,0.0,18.0
exp6_empty_2,4654,-118.56625,4.221567,0.35161176,0.0,1.0,9.0
exp6_empty_2,4655,-299.28314,4.969964,0.1572567,0.0,1.0,2.0
exp6_empty_2,4656,627.1463,3.2062545,0.53753734,1.0,0.0,16.0
exp6_empty_2,4657,535.777,2.1433253,0.5904671,1.0,0.0,20.0
exp6_empty_2,4658,675.1913,3.0634894,0.35093233,1.0,0.0,16.0
exp6_empty_2,4659,641.4347,4.6435738,0.15377635,1.0,0.0,8.0
exp6_empty_2,4661,-142.36435,4.8334236,0.14032857,0.0,1.0,6.0
exp6_empty_2,4662,-416.43268,4.872184,0.09379536,0.0,1.0,2.0
exp6_empty_2,4663,600.9557,1.8161485,0.75156456,1.0,0.0,30.0
exp6_empty_2,4664,607.125,2.321048,0.29695058,1.0,0.0,23.0
exp6_empty_2,4665,573.6665,2.1054237,0.54930335,1.0,0.0,21.0
exp6_empty_2,4666,629.1576,2.3134737,0.4628021,1.0,0.0,20.0
exp6_empty_2,4667,666.6981,3.6194108,0.36078364,1.0,0.0,15.0
exp6_empty_2,4668,621.7538,2.6584842,0.36475968,1.0,0.0,25.0
exp6_empty_2,4669,-445.26205,4.787715,0.53074825,0.0,1.0,1.0
exp6_empty_2,4670,605.22675,1.5477732,0.3532726,1.0,0.0,34.0
exp6_empty_2,4671,-344.41574,4.962851,0.14678112,0.0,1.0,5.0
exp6_empty_2,4672,577.74615,1.9799948,0.34189686,1.0,0.0,25.0
exp6_empty_2,4673,652.43884,2.623998,0.33425817,1.0,0.0,19.0
exp6_empty_2,4674,616.8792,2.608916,0.40003547,1.0,0.0,20.0
exp6_empty_2,4675,679.14624,3.111867,0.5310991,1.0,0.0,18.0
exp6_empty_2,4676,610.4896,2.6252375,0.44729093,1.0,0.0,22.0
exp6_empty_2,4677,601.447,1.9223348,0.4345646,1.0,0.0,27.0
exp6_empty_2,4678,-324.99173,2.8343952,0.29803902,0.0,1.0,17.0
exp6_empty_2,4679,623.4831,1.3876371,0.4439075,1.0,0.0,35.0
exp6_empty_2,4681,-275.91724,2.8633084,0.28771922,0.0,1.0,19.0
exp6_empty_2,4682,-169.49905,4.8852787,0.19705427,0.0,1.0,6.0
exp6_empty_2,4683,707.36194,3.3449178,0.26631677,1.0,0.0,15.0
exp6_empty_2,4684,603.71326,2.6382904,0.54210263,1.0,0.0,19.0
exp6_empty_2,4685,646.55005,2.8692324,0.5324876,1.0,0.0,20.0
exp6_empty_2,4686,568.0649,2.5396783,0.357238,1.0,0.0,18.0
exp6_empty_2,4687,-279.3252,4.426652,0.5187991,0.0,1.0,9.0
exp6_empty_2,4688,613.52014,1.3721577,0.27889395,1.0,0.0,43.0
exp6_empty_2,4689,-238.0846,4.880348,0.18707545,0.0,1.0,4.0
exp6_empty_2,4690,617.74316,1.8132744,0.31133738,1.0,0.0,31.0
exp6_empty_2,4691,-306.44443,4.781545,0.3746866,0.0,1.0,1.0
exp6_empty_2,4692,-343.48456,4.9611244,0.1545245,0.0,1.0,5.0
exp6_empty_2,4693,-203.87573,4.8350224,0.12741041,0.0,1.0,6.0
exp6_empty_2,4694,616.47485,2.8514414,0.5118149,1.0,0.0,15.0
exp6_empty_2,4695,681.1543,1.8857322,0.37444237,1.0,0.0,36.0
exp6_empty_2,4696,615.9269,2.877797,0.5528873,1.0,0.0,18.0
exp6_empty_2,4697,-87.748535,4.4779806,0.15695024,0.0,1.0,8.0
exp6_empty_2,4698,594.7908,4.9330397,0.13907228,1.0,0.0,7.0
exp6_empty_2,4699,-275.95874,2.670258,0.39091265,0.0,1.0,18.0
exp6_empty_2,4701,625.9484,2.9183373,0.32365778,1.0,0.0,14.0
exp6_empty_2,4702,-278.6749,3.0319262,0.38398367,0.0,1.0,13.0
exp6_empty_2,4703,669.2528,2.8301258,0.43742248,1.0,0.0,17.0
exp6_empty_2,4704,535.41266,2.5708792,0.28910482,1.0,0.0,9.0
exp6_empty_2,4705,615.47363,3.8243802,0.22082658,1.0,0.0,10.0
exp6_empty_2,4706,-444.97592,4.970849,0.2302046,0.0,1.0,1.0
exp6_empty_2,4707,-358.20648,4.86037,0.15344411,0.0,1.0,4.0
exp6_empty_2,4708,-211.6032,3.2668073,0.43196929,0.0,1.0,11.0
exp6_empty_2,4709,653.03674,3.1035693,0.5598461,1.0,0.0,16.0
exp6_empty_2,4710,697.5487,4.1785855,0.09730315,1.0,0.0,11.0
exp6_empty_2,4711,598.1394,2.0915227,0.53603566,1.0,0.0,20.0
exp6_empty_2,4712,569.6606,1.9692216,0.43018758,1.0,0.0,27.0
exp6_empty_2,4713,-344.33893,4.834067,0.17385247,0.0,1.0,5.0
exp6_empty_2,4714,-438.6568,2.438173,0.25522363,0.0,1.0,3.0
exp6_empty_2,4715,529.63385,2.3297632,0.42451602,1.0,0.0,14.0
exp6_empty_2,4716,680.3226,3.3026283,0.26920435,1.0,0.0,14.0
exp6_empty_2,4717,-222.63774,3.004373,0.4474116,0.0,1.0,18.0
exp6_empty_2,4718,579.9736,2.2340794,0.35982418,1.0,0.0,26.0
exp6_empty_2,4719,648.34174,1.8600453,0.3270022,1.0,0.0,35.0
exp6_empty_2,4721,533.01904,1.4085948,0.8178715,1.0,0.0,43.0
exp6_empty_2,4722,684.7747,2.6822283,0.43060368,1.0,0.0,22.0
exp6_empty_2,4723,-444.995,4.999879,0.22953305,0.0,1.0,1.0
exp6_empty_2,4724,601.5849,2.710748,0.5333788,1.0,0.0,17.0
exp6_empty_2,4725,-137.97107,2.9035516,0.21354613,0.0,1.0,16.0
exp6_empty_2,4726,-296.29846,4.3635564,0.11468167,0.0,1.0,7.0
exp6_empty_2,4727,552.302,1.57649,0.4368688,1.0,0.0,36.0
exp6_empty_2,4728,627.1926,2.9383416,0.4048128,1.0,0.0,16.0
exp6_empty_2,4729,542.50024,2.4786716,0.4917452,1.0,0.0,14.0
exp6_empty_2,4730,-185.89946,4.5106773,0.064717874,0.0,1.0,8.0
exp6_empty_2,4731,-301.60962,4.8096514,0.14812456,0.0,1.0,1.0
exp6_empty_2,4732,712.4662,1.9358242,0.73794603,1.0,0.0,38.0
exp6_empty_2,4733,625.968,2.1281178,0.6540069,1.0,0.0,23.0
exp6_empty_2,4734,662.0966,2.6305366,0.5036662,1.0,0.0,20.0
exp6_empty_2,4735,576.1494,1.6553253,0.5831295,1.0,0.0,39.0
exp6_empty_2,4736,-174.67256,3.5423992,0.55293506,0.0,1.0,12.0
exp6_empty_2,4737,549.0058,2.5438826,0.45443213,1.0,0.0,11.0
exp6_empty_2,4738,633.2714,3.5142756,0.3719182,1.0,0.0,11.0
exp6_empty_2,4739,650.7955,3.124627,0.36428094,1.0,0.0,17.0
exp6_empty_2,4741,650.707,1.93186,0.79884225,1.0,0.0,43.0
exp6_empty_2,4742,697.1853,3.300291,0.32757232,1.0,0.0,17.0
exp6_empty_2,4743,683.92126,3.354162,0.3820171,1.0,0.0,17.0
exp6_empty_2,4744,-348.24612,4.9604077,0.1086239,0.0,1.0,4.0
exp6_empty_2,4745,692.54926,1.9800904,0.71480584,1.0,0.0,37.0
exp6_empty_2,4746,521.05145,2.752035,0.45358902,1.0,0.0,8.0
exp6_empty_2,4747,621.2439,2.7390406,0.29827288,1.0,0.0,22.0
exp6_empty_2,4748,569.46606,2.7893527,0.3625243,1.0,0.0,15.0
exp6_empty_2,4749,566.07556,2.7646322,0.37877485,1.0,0.0,13.0
exp6_empty_2,4750,694.34534,4.556216,0.1478656,1.0,0.0,10.0
exp6_empty_2,4751,566.61,2.463101,0.53323144,1.0,0.0,15.0
exp6_empty_2,4752,617.51276,3.046747,0.5230588,1.0,0.0,16.0
exp6_empty_2,4753,560.40155,2.8420959,0.7731663,1.0,0.0,16.0
exp6_empty_2,4754,539.33026,2.2002094,0.44139856,1.0,0.0,14.0
exp6_empty_2,4755,611.9011,2.560371,0.5492963,1.0,0.0,18.0
exp6_empty_2,4756,-304.07794,4.4488473,0.5084382,0.0,1.0,8.0
exp6_empty_2,4757,585.59424,2.8509178,0.5173813,1.0,0.0,13.0
exp6_empty_2,4758,-153.79898,4.9756017,0.1758349,0.0,1.0,6.0
exp6_empty_2,4759,590.48804,3.1451662,0.6439342,1.0,0.0,15.0
exp6_empty_2,4761,617.90424,2.4922197,0.65185624,1.0,0.0,24.0
exp6_empty_2,4762,578.54224,2.4120429,0.47682047,1.0,0.0,22.0
exp6_empty_2,4763,636.2992,2.4784515,0.61833185,1.0,0.0,18.0
exp6_empty_2,4764,589.87286,3.033632,0.46722478,1.0,0.0,16.0
exp6_empty_2,4765,579.7174,2.363972,0.39957833,1.0,0.0,27.0
exp6_empty_2,4766,655.77856,2.9261086,0.49054298,1.0,0.0,22.0
exp6_empty_2,4767,-177.35295,4.6910453,0.08893304,0.0,1.0,6.0
exp6_empty_2,4768,664.7068,3.1839693,0.57754123,1.0,0.0,16.0
exp6_empty_2,4769,587.7589,2.3905017,0.5022036,1.0,0.0,20.0
exp6_empty_2,4770,637.19684,3.3289025,0.49946764,1.0,0.0,15.0
exp6_empty_2,4771,693.6644,2.254095,0.32967946,1.0,0.0,26.0
exp6_empty_2,4772,591.90454,2.9750302,0.43367952,1.0,0.0,15.0
exp6_empty_2,4773,613.94275,2.553807,0.60152423,1.0,0.0,20.0
exp6_empty_2,4774,593.3636,3.0230012,0.38670382,1.0,0.0,14.0
exp6_empty_2,4775,579.1246,2.578429,0.53254116,1.0,0.0,18.0
exp6_empty_2,4776,-290.862,4.7013736,0.21813007,0.0,1.0,6.0
exp6_empty_2,4777,254.30634,1.4089217,0.9331774,0.0,0.0,100.0
exp6_empty_2,4778,645.2017,2.2962263,0.65439075,1.0,0.0,24.0
exp6_empty_2,4779,641.1444,3.0562506,0.40256968,1.0,0.0,15.0
exp6_empty_2,4781,-144.75201,3.9142647,0.29000786,0.0,1.0,14.0
exp6_empty_2,4782,602.8206,3.0200946,0.38019422,1.0,0.0,15.0
exp6_empty_2,4783,723.7258,3.3621824,0.44619194,1.0,0.0,18.0
exp6_empty_2,4784,524.55396,2.3621557,0.36712283,1.0,0.0,23.0
exp6_empty_2,4785,623.1593,2.848481,0.34056407,1.0,0.0,17.0
exp6_empty_2,4786,609.87524,3.0674598,0.60589296,1.0,0.0,16.0
exp6_empty_2,4787,602.74615,2.5310981,0.32780522,1.0,0.0,20.0
exp6_empty_2,4788,627.41907,2.6064353,0.73434085,1.0,0.0,19.0
exp6_empty_2,4789,625.42017,2.5084133,0.58168703,1.0,0.0,19.0
exp6_empty_2,4790,620.3516,3.0994673,0.39837784,1.0,0.0,16.0
exp6_empty_2,4791,683.1491,2.557962,0.4906264,1.0,0.0,26.0
exp6_empty_2,4792,605.9438,2.2148063,0.58532965,1.0,0.0,19.0
exp6_empty_2,4793,587.4465,2.2859704,0.37946552,1.0,0.0,20.0
exp6_empty_2,4794,678.3048,2.563469,0.6184628,1.0,0.0,26.0
exp6_empty_2,4795,668.1107,2.2571237,0.46895456,1.0,0.0,22.0
exp6_empty_2,4796,726.90015,3.3192577,0.39497352,1.0,0.0,17.0
exp6_empty_2,4797,595.33685,3.3062372,0.46408927,1.0,0.0,13.0
exp6_empty_2,4798,641.5693,3.7093444,0.4563867,1.0,0.0,16.0
exp6_empty_2,4799,-211.3211,4.8182096,0.12211782,0.0,1.0,5.0
exp6_empty_2,4801,584.5165,3.6960363,0.61445713,1.0,0.0,11.0
exp6_empty_2,4802,-267.07404,3.9001873,0.598339,0.0,1.0,12.0
exp6_empty_2,4803,-356.75137,4.980642,0.24334905,0.0,1.0,1.0
exp6_empty_2,4804,-404.18634,3.2589352,0.4359024,0.0,1.0,12.0
exp6_empty_2,4805,599.9704,3.3991427,0.51270604,1.0,0.0,13.0
exp6_empty_2,4806,674.84546,2.7177112,0.47957075,1.0,0.0,21.0
exp6_empty_2,4807,633.12537,2.7880208,0.5187862,1.0,0.0,17.0
exp6_empty_2,4808,-445.79205,4.561199,0.31216452,0.0,1.0,1.0
exp6_empty_2,4809,613.7047,3.800853,0.60098404,1.0,0.0,12.0
exp6_empty_2,4810,605.82825,4.1096325,0.70166594,1.0,0.0,11.0
exp6_empty_2,4811,589.9998,2.6067374,0.45416105,1.0,0.0,27.0
exp6_empty_2,4812,615.11127,2.9110172,0.35136288,1.0,0.0,16.0
exp6_empty_2,4813,668.7646,2.004613,0.32804006,1.0,0.0,26.0
exp6_empty_2,4814,639.1979,4.0879364,0.773179,1.0,0.0,13.0
exp6_empty_2,4815,-379.22702,4.9286647,0.17697947,0.0,1.0,3.0
exp6_empty_2,4816,608.36584,2.8073308,0.365464,1.0,0.0,13.0
exp6_empty_2,4817,631.5265,3.715561,0.5568755,1.0,0.0,14.0
exp6_empty_2,4818,-419.6814,4.4447026,0.12198287,0.0,1.0,2.0
exp6_empty_2,4819,-200.41254,4.715777,0.57157695,0.0,1.0,6.0
exp6_empty_2,4821,567.42126,2.5830114,0.30991802,1.0,0.0,19.0
exp6_empty_2,4822,-308.70316,4.9231133,0.069200724,0.0,1.0,2.0
exp6_empty_2,4823,648.56085,2.233702,0.62866676,1.0,0.0,24.0
exp6_empty_2,4824,560.20264,2.5695124,0.41476128,1.0,0.0,15.0
exp6_empty_2,4825,640.5483,2.2691638,0.6417384,1.0,0.0,27.0
exp6_empty_2,4826,578.26904,2.2671165,0.4258767,1.0,0.0,19.0
exp6_empty_2,4827,637.87836,3.4915435,0.21557502,1.0,0.0,11.0
exp6_empty_2,4828,557.18225,3.3023489,0.3555185,1.0,0.0,9.0
exp6_empty_2,4829,629.6135,2.5784836,0.47829017,1.0,0.0,29.0
exp6_empty_2,4830,648.6509,3.5432734,0.5446474,1.0,0.0,16.0
exp6_empty_2,4831,-328.5375,4.7873635,0.16414611,0.0,1.0,6.0
exp6_empty_2,4832,630.2945,2.6990726,0.29621232,1.0,0.0,18.0
exp6_empty_2,4833,585.8708,2.1905296,0.5315636,1.0,0.0,22.0
exp6_empty_2,4834,587.9163,2.098196,0.89714456,1.0,0.0,29.0
exp6_empty_2,4835,682.79175,2.4655025,0.43470955,1.0,0.0,27.0
exp6_empty_2,4836,628.2574,3.1803973,0.32579854,1.0,0.0,17.0
exp6_empty_2,4837,608.9946,2.2767577,0.46656436,1.0,0.0,28.0
exp6_empty_2,4838,-221.93646,4.979064,0.14357194,0.0,1.0,4.0
exp6_empty_2,4839,-376.1069,4.88881,0.24266568,0.0,1.0,4.0
exp6_empty_2,4841,635.29767,2.127037,0.64022595,1.0,0.0,29.0
exp6_empty_2,4842,601.039,2.8093293,0.5031416,1.0,0.0,19.0
exp6_empty_2,4843,625.14935,3.4644506,0.8077663,1.0,0.0,17.0
exp6_empty_2,4844,568.7581,2.9772933,0.28134575,1.0,0.0,19.0
exp6_empty_2,4845,-139.85579,4.9764614,0.0815684,0.0,1.0,6.0
exp6_empty_2,4846,697.1196,2.5383456,0.60409427,1.0,0.0,26.0
exp6_empty_2,4847,609.3973,3.2527235,0.37862387,1.0,0.0,11.0
exp6_empty_2,4848,636.75336,2.5497885,0.5651284,1.0,0.0,22.0
exp6_empty_2,4849,614.1044,3.7525604,0.6383076,1.0,0.0,12.0
exp6_empty_2,4850,673.43427,2.9256186,0.33727407,1.0,0.0,16.0
exp6_empty_2,4851,644.4686,3.2087688,0.57255805,1.0,0.0,16.0
exp6_empty_2,4852,-166.19664,3.3643212,0.31815675,0.0,1.0,13.0
exp6_empty_2,4853,-168.06363,4.9663258,0.11305016,0.0,1.0,6.0
exp6_empty_2,4854,718.51996,2.8400154,0.5190919,1.0,0.0,24.0
exp6_empty_2,4855,558.6669,3.3087206,0.6275959,1.0,0.0,11.0
exp6_empty_2,4856,567.1254,4.8525605,0.49063703,1.0,0.0,9.0
exp6_empty_2,4857,661.3589,2.1455114,0.65327877,1.0,0.0,28.0
exp6_empty_2,4858,605.8408,2.4146657,0.45335746,1.0,0.0,20.0
exp6_empty_2,4859,597.69855,2.5792887,0.36266044,1.0,0.0,15.0
exp6_empty_2,4861,600.227,3.4009812,0.45542789,1.0,0.0,12.0
exp6_empty_2,4862,-61.307587,3.9019737,0.59682566,0.0,1.0,14.0
exp6_empty_2,4863,596.0366,3.3331828,0.41210017,1.0,0.0,13.0
exp6_empty_2,4864,592.4172,2.1437662,0.3203239,1.0,0.0,27.0
exp6_empty_2,4865,-279.20303,4.92164,0.08402836,0.0,1.0,7.0
exp6_empty_2,4866,-385.15094,4.965012,0.042547375,0.0,1.0,3.0
exp6_empty_2,4867,658.4956,3.0538745,0.48410907,1.0,0.0,15.0
exp6_empty_2,4868,593.35095,2.4269106,0.42774475,1.0,0.0,17.0
exp6_empty_2,4869,-185.44916,4.9312744,0.1449561,0.0,1.0,5.0
exp6_empty_2,4870,699.41284,1.8141985,0.8269938,1.0,0.0,49.0
exp6_empty_2,4871,605.03076,2.841574,0.355167,1.0,0.0,16.0
exp6_empty_2,4872,641.9449,3.9637492,0.5227475,1.0,0.0,11.0
exp6_empty_2,4873,698.6808,2.4961886,0.37223497,1.0,0.0,21.0
exp6_empty_2,4874,655.0117,2.598477,0.4273909,1.0,0.0,25.0
exp6_empty_2,4875,-127.701294,2.1059916,0.39082003,0.0,1.0,26.0
exp6_empty_2,4876,612.6501,3.4377208,0.21823986,1.0,0.0,10.0
exp6_empty_2,4877,559.1684,2.3808005,0.48708093,1.0,0.0,12.0
exp6_empty_2,4878,613.8045,4.2075405,0.17391796,1.0,0.0,8.0
exp6_empty_2,4879,-159.01152,4.749782,0.13299838,0.0,1.0,8.0
exp6_empty_2,4881,641.1724,3.097126,0.4797003,1.0,0.0,14.0
exp6_empty_2,4882,659.0463,2.1439278,0.5564298,1.0,0.0,32.0
exp6_empty_2,4883,551.6304,3.697319,0.79985,1.0,0.0,10.0
exp6_empty_2,4884,566.3404,2.7829225,0.36242288,1.0,0.0,17.0
exp6_empty_2,4885,666.74927,3.7511332,0.60173374,1.0,0.0,14.0
exp6_empty_2,4886,-413.0563,4.9594545,0.17191982,0.0,1.0,2.0
exp6_empty_2,4887,567.2383,2.4296958,0.3474572,1.0,0.0,19.0
exp6_empty_2,4888,687.9303,2.1146083,0.7408101,1.0,0.0,31.0
exp6_empty_2,4889,606.25433,2.5044873,0.3560554,1.0,0.0,21.0
exp6_empty_2,4890,590.0405,2.230645,0.6695933,1.0,0.0,24.0
exp6_empty_2,4891,-182.79771,2.9635398,0.36649063,0.0,1.0,16.0
exp6_empty_2,4892,567.5723,3.3977237,0.7604242,1.0,0.0,16.0
exp6_empty_2,4893,-199.33554,4.9029965,0.15415044,0.0,1.0,5.0
exp6_empty_2,4894,621.2969,3.362384,0.33899772,1.0,0.0,12.0
exp6_empty_2,4895,655.3241,2.5961187,0.53371644,1.0,0.0,22.0
exp6_empty_2,4896,643.17664,2.2049499,0.350973,1.0,0.0,23.0
exp6_empty_2,4897,611.7908,2.070233,0.33399594,1.0,0.0,27.0
exp6_empty_2,4898,-122.794815,3.5110455,0.4029571,0.0,1.0,14.0
exp6_empty_2,4899,578.54694,2.7770276,0.27454713,1.0,0.0,18.0
exp6_empty_2,4901,585.61554,2.2224972,0.37385783,1.0,0.0,19.0
exp6_empty_2,4902,676.9629,2.7381427,0.32163253,1.0,0.0,21.0
exp6_empty_2,4903,622.7211,2.9020233,0.3080505,1.0,0.0,15.0
exp6_empty_2,4904,531.9497,2.3530653,0.41292924,1.0,0.0,17.0
exp6_empty_2,4905,-320.10315,4.727909,0.13971464,0.0,1.0,5.0
exp6_empty_2,4906,-317.14014,4.997631,0.36283454,0.0,1.0,2.0
exp6_empty_2,4907,-348.2085,4.7680283,0.19186315,0.0,1.0,5.0
exp6_empty_2,4908,587.91095,2.490234,0.8895563,1.0,0.0,25.0
exp6_empty_2,4909,-380.51422,4.8322763,0.17011128,0.0,1.0,4.0
exp6_empty_2,4910,622.92163,2.8174474,0.56831974,1.0,0.0,21.0
exp6_empty_2,4911,-270.32693,4.7444315,0.12484906,0.0,1.0,4.0
exp6_empty_2,4912,680.92566,2.9605608,0.48963293,1.0,0.0,21.0
exp6_empty_2,4913,639.27496,2.693679,0.41594854,1.0,0.0,18.0
exp6_empty_2,4914,620.5674,4.811078,0.11713586,1.0,0.0,8.0
exp6_empty_2,4915,663.3493,3.060139,0.47842193,1.0,0.0,21.0
exp6_empty_2,4916,580.1289,1.6850886,0.7116255,1.0,0.0,30.0
exp6_empty_2,4917,-199.12595,4.9568796,0.09856179,0.0,1.0,6.0
exp6_empty_2,4918,571.3508,3.1251402,0.2826872,1.0,0.0,9.0
exp6_empty_2,4919,677.88153,3.7515004,0.33104363,1.0,0.0,12.0
exp6_empty_2,4921,629.4315,2.5919375,0.50208724,1.0,0.0,20.0
exp6_empty_2,4922,661.81165,3.5241542,0.59321505,1.0,0.0,19.0
exp6_empty_2,4923,578.71234,3.2228246,0.38766903,1.0,0.0,9.0
exp6_empty_2,4924,-153.58672,2.9501677,0.38948563,0.0,1.0,18.0
exp6_empty_2,4925,-308.97498,4.839443,0.18741281,0.0,1.0,1.0
exp6_empty_2,4926,642.2184,2.5365634,0.48768955,1.0,0.0,25.0
exp6_empty_2,4927,639.076,3.8248951,0.30182692,1.0,0.0,10.0
exp6_empty_2,4928,611.1194,2.3205738,0.4995256,1.0,0.0,20.0
exp6_empty_2,4929,667.2675,3.3913667,0.36067355,1.0,0.0,16.0
exp6_empty_2,4930,624.9255,2.3197172,0.675296,1.0,0.0,23.0
exp6_empty_2,4931,-216.0814,2.7861514,0.41621464,0.0,1.0,14.0
exp6_empty_2,4932,-143.8133,2.7468538,0.28494152,0.0,1.0,19.0
exp6_empty_2,4933,615.84436,2.6957169,0.3824228,1.0,0.0,15.0
exp6_empty_2,4934,597.79645,2.4338262,0.53070927,1.0,0.0,23.0
exp6_empty_2,4935,-181.5707,4.9394503,0.07448612,0.0,1.0,5.0
exp6_empty_2,4936,605.94415,2.7806754,0.513125,1.0,0.0,14.0
exp6_empty_2,4937,-445.38507,4.809535,0.65165263,0.0,1.0,1.0
exp6_empty_2,4938,611.8457,2.6546834,0.41106924,1.0,0.0,14.0
exp6_empty_2,4939,657.63916,3.756547,0.1952496,1.0,0.0,11.0
exp6_empty_2,4941,687.09607,2.1128595,0.66706634,1.0,0.0,34.0
exp6_empty_2,4942,642.8916,1.7948709,0.40330487,1.0,0.0,26.0
exp6_empty_2,4943,-351.9538,4.8198586,0.29625627,0.0,1.0,4.0
exp6_empty_2,4944,-209.05728,4.6348333,0.32756943,0.0,1.0,4.0
exp6_empty_2,4945,619.1612,2.8394887,0.3376887,1.0,0.0,19.0
exp6_empty_2,4946,641.4762,2.2428792,0.6630428,1.0,0.0,25.0
exp6_empty_2,4947,-379.924,4.876873,0.25567383,0.0,1.0,3.0
exp6_empty_2,4948,701.53076,4.035845,0.31846267,1.0,0.0,12.0
exp6_empty_2,4949,-345.7674,4.911419,0.12538713,0.0,1.0,4.0
exp6_empty_2,4950,573.3307,2.3678265,0.66077334,1.0,0.0,24.0
exp6_empty_2,4951,728.8954,2.714227,0.34979573,1.0,0.0,25.0
exp6_empty_2,4952,-413.9154,4.9747934,0.04173643,0.0,1.0,2.0
exp6_empty_2,4953,-236.98885,2.816775,0.40261072,0.0,1.0,17.0
exp6_empty_2,4954,628.06323,2.4958978,0.25948462,1.0,0.0,21.0
exp6_empty_2,4955,-229.1766,3.3210053,0.26502603,0.0,1.0,10.0
exp6_empty_2,4956,-314.49796,4.9760256,0.079472065,0.0,1.0,5.0
exp6_empty_2,4957,595.295,2.1000683,0.32740673,1.0,0.0,21.0
exp6_empty_2,4958,570.9506,2.2864323,0.52740055,1.0,0.0,22.0
exp6_empty_2,4959,-228.9039,4.8641586,0.09817478,0.0,1.0,5.0
exp6_empty_2,4961,585.49524,3.7608333,0.39442033,1.0,0.0,9.0
exp6_empty_2,4962,-349.3486,4.929162,0.15179048,0.0,1.0,4.0
exp6_empty_2,4963,633.57947,2.9566345,0.3945191,1.0,0.0,17.0
exp6_empty_2,4964,676.8019,3.2947805,0.32801238,1.0,0.0,19.0
exp6_empty_2,4965,594.98047,2.0884204,0.51265234,1.0,0.0,21.0
exp6_empty_2,4966,638.76666,2.4838176,0.50893664,1.0,0.0,20.0
exp6_empty_2,4967,-209.87001,4.912905,0.2551469,0.0,1.0,4.0
exp6_empty_2,4968,654.622,2.428524,0.26829857,1.0,0.0,24.0
exp6_empty_2,4969,711.4685,3.0603924,0.4162937,1.0,0.0,19.0
exp6_empty_2,4970,596.66266,2.55425,0.525645,1.0,0.0,20.0
exp6_empty_2,4971,602.4208,2.294823,0.6213589,1.0,0.0,22.0
exp6_empty_2,4972,640.4265,2.2170954,0.30133277,1.0,0.0,30.0
exp6_empty_2,4973,-280.3344,4.761203,0.23896897,0.0,1.0,3.0
exp6_empty_2,4974,-209.918,2.3830538,0.4792859,0.0,1.0,10.0
exp6_empty_2,4975,647.64905,3.6690464,0.5902476,1.0,0.0,14.0
exp6_empty_2,4976,587.7624,1.9334228,0.37217548,1.0,0.0,34.0
exp6_empty_2,4977,572.1105,2.966133,0.40239173,1.0,0.0,10.0
exp6_empty_2,4978,715.14246,3.1281986,0.32405755,1.0,0.0,19.0
exp6_empty_2,4979,672.0296,3.6350508,0.20184626,1.0,0.0,13.0
exp6_empty_2,4981,541.52954,2.1719167,0.60299087,1.0,0.0,17.0
exp6_empty_2,4982,539.2187,2.4714136,0.45967552,1.0,0.0,12.0
exp6_empty_2,4983,-281.8156,2.9957945,0.34808576,0.0,1.0,12.0
exp6_empty_2,4984,-280.81107,4.8919353,0.17108175,0.0,1.0,2.0
exp6_empty_2,4985,-445.55917,4.616831,0.43590528,0.0,1.0,1.0
exp6_empty_2,4986,-283.63037,4.855718,0.17832392,0.0,1.0,2.0
exp6_empty_2,4987,-152.8955,4.664075,0.1338045,0.0,1.0,10.0
exp6_empty_2,4988,596.7173,1.9251158,0.7086943,1.0,0.0,31.0
exp6_empty_2,4989,-307.7415,3.5424,0.38721615,0.0,1.0,14.0
exp6_empty_2,4990,612.55975,2.8911586,0.66291016,1.0,0.0,18.0
exp6_empty_2,4991,570.8344,2.3633933,0.52008843,1.0,0.0,20.0
exp6_empty_2,4992,701.3255,2.886667,0.4624586,1.0,0.0,23.0
exp6_empty_2,4993,655.2462,2.960351,0.33416635,1.0,0.0,17.0
exp6_empty_2,4994,660.74634,2.3048432,0.45322257,1.0,0.0,29.0
exp6_empty_2,4995,559.90955,4.2598085,0.22519585,1.0,0.0,7.0
exp6_empty_2,4996,-314.14624,4.950682,0.12682119,0.0,1.0,5.0
exp6_empty_2,4997,691.31036,2.2901418,0.57258856,1.0,0.0,29.0
exp6_empty_2,4998,668.84454,3.2132673,0.39060682,1.0,0.0,19.0
exp6_empty_2,4999,-347.9876,4.9502883,0.115535095,0.0,1.0,4.0
exp6_empty_2,5001,582.79315,3.1518965,0.5815942,1.0,0.0,11.0
exp6_empty_2,5002,606.2502,2.8969266,0.5937764,1.0,0.0,17.0
exp6_empty_2,5003,597.5017,2.4011917,0.5381364,1.0,0.0,19.0
exp6_empty_2,5004,-409.43,4.8391337,0.26828417,0.0,1.0,3.0
exp6_empty_2,5005,688.7207,3.3429077,0.4976761,1.0,0.0,15.0
exp6_empty_2,5006,662.81384,2.6072257,0.6165822,1.0,0.0,25.0
exp6_empty_2,5007,698.0852,3.6875725,0.21148464,1.0,0.0,13.0
exp6_empty_2,5008,558.0557,2.7157648,0.3704683,1.0,0.0,14.0
exp6_empty_2,5009,545.4424,3.6052787,0.7177946,1.0,0.0,10.0
exp6_empty_2,5010,-412.8084,4.918498,0.29011613,0.0,1.0,2.0
exp6_empty_2,5011,619.1533,2.5369585,0.3507528,1.0,0.0,16.0
exp6_empty_2,5012,613.62427,3.0289865,0.52303606,1.0,0.0,14.0
exp6_empty_2,5013,-94.41727,4.9047394,0.10275347,0.0,1.0,9.0
exp6_empty_2,5014,694.234,3.1563663,0.42587632,1.0,0.0,16.0
exp6_empty_2,5015,576.3749,2.0075822,0.5047583,1.0,0.0,20.0
exp6_empty_2,5016,597.62933,2.3562796,0.5126441,1.0,0.0,24.0
exp6_empty_2,5017,596.6653,2.9396348,0.44838974,1.0,0.0,15.0
exp6_empty_2,5018,573.3672,2.814909,0.37990853,1.0,0.0,17.0
exp6_empty_2,5019,-336.02972,3.2394888,0.4478256,0.0,1.0,14.0
exp6_empty_2,5021,643.937,2.288595,0.6509734,1.0,0.0,24.0
exp6_empty_2,5022,-160.64017,4.767461,0.16882162,0.0,1.0,6.0
exp6_empty_2,5023,-139.6829,3.3508463,0.36115682,0.0,1.0,15.0
exp6_empty_2,5024,-309.07016,4.9096503,0.13638093,0.0,1.0,7.0
exp6_empty_2,5025,705.5744,3.7057078,0.40788534,1.0,0.0,16.0
exp6_empty_2,5026,636.7543,3.8212228,0.3045072,1.0,0.0,10.0
exp6_empty_2,5027,564.52997,2.2546744,0.37315482,1.0,0.0,22.0
exp6_empty_2,5028,-229.98784,3.823107,0.31045502,0.0,1.0,13.0
exp6_empty_2,5029,573.7307,3.5925636,0.5584787,1.0,0.0,11.0
exp6_empty_2,5030,661.6372,3.4788895,0.2082486,1.0,0.0,12.0
exp6_empty_2,5031,-394.53442,4.8672433,0.11624425,0.0,1.0,4.0
exp6_empty_2,5032,-147.48933,3.0373628,0.348682,0.0,1.0,14.0
exp6_empty_2,5033,567.87286,2.8851233,0.44869727,1.0,0.0,15.0
exp6_empty_2,5034,-255.60786,4.539195,0.15522367,0.0,1.0,9.0
exp6_empty_2,5035,631.79956,2.7455962,0.39473668,1.0,0.0,17.0
exp6_empty_2,5036,589.7605,2.3844178,0.39240465,1.0,0.0,16.0
exp6_empty_2,5037,662.41736,1.9285336,0.5712449,1.0,0.0,28.0
exp6_empty_2,5038,-124.709274,4.964911,0.10310979,0.0,1.0,7.0
exp6_empty_2,5039,-238.81497,4.8399096,0.16842766,0.0,1.0,4.0
exp6_empty_2,5041,576.68634,3.0087967,0.36276555,1.0,0.0,16.0
exp6_empty_2,5042,554.0349,2.156125,0.34331366,1.0,0.0,24.0
exp6_empty_2,5043,655.96045,2.7203884,0.4603505,1.0,0.0,20.0
exp6_empty_2,5044,628.6119,3.213887,0.39487335,1.0,0.0,17.0
exp6_empty_2,5045,638.49774,2.0620604,0.63619965,1.0,0.0,26.0
exp6_empty_2,5046,671.2918,2.1658416,0.7074444,1.0,0.0,31.0
exp6_empty_2,5047,599.1676,3.0969734,0.7110997,1.0,0.0,15.0
exp6_empty_2,5048,525.9663,1.9693098,0.4026864,1.0,0.0,24.0
exp6_empty_2,5049,674.2312,2.3565853,0.7047009,1.0,0.0,31.0
exp6_empty_2,5050,563.4559,3.0025904,0.34851587,1.0,0.0,16.0
exp6_empty_2,5051,685.6449,3.276965,0.32610017,1.0,0.0,15.0
exp6_empty_2,5052,598.1508,2.7191179,0.41088554,1.0,0.0,17.0
exp6_empty_2,5053,-75.870346,4.9255576,0.09305506,0.0,1.0,9.0
exp6_empty_2,5054,-164.61841,2.5702043,0.38351604,0.0,1.0,20.0
exp6_empty_2,5055,611.017,2.6117392,0.36602053,1.0,0.0,18.0
exp6_empty_2,5056,655.3484,2.9693289,0.3654912,1.0,0.0,19.0
exp6_empty_2,5057,584.5578,4.158401,0.65990424,1.0,0.0,12.0
exp6_empty_2,5058,704.1041,3.3179922,0.45152166,1.0,0.0,16.0
exp6_empty_2,5059,625.24304,1.8948187,0.7256461,1.0,0.0,36.0
exp6_empty_2,5061,551.90247,1.2738609,0.28005362,1.0,0.0,35.0
exp6_empty_2,5062,716.16223,2.7648556,0.4932281,1.0,0.0,20.0
exp6_empty_2,5063,714.3546,2.8262513,0.41323867,1.0,0.0,21.0
exp6_empty_2,5064,682.72577,2.581288,0.39288232,1.0,0.0,19.0
exp6_empty_2,5065,-304.42566,4.426778,0.3252747,0.0,1.0,1.0
exp6_empty_2,5066,626.5548,3.860851,0.3511412,1.0,0.0,12.0
exp6_empty_2,5067,558.4436,2.5644717,0.43385473,1.0,0.0,12.0
exp6_empty_2,5068,-268.13287,4.1843424,0.2780688,0.0,1.0,8.0
exp6_empty_2,5069,591.098,2.892085,0.5748885,1.0,0.0,16.0
exp6_empty_2,5070,588.9558,3.2347994,0.40413952,1.0,0.0,12.0
exp6_empty_2,5071,-256.74796,4.823719,0.35463443,0.0,1.0,4.0
exp6_empty_2,5072,545.03516,2.1703236,0.51865566,1.0,0.0,24.0
exp6_empty_2,5073,-303.002,3.1060364,0.44316348,0.0,1.0,11.0
exp6_empty_2,5074,530.8923,2.3202991,0.5553099,1.0,0.0,20.0
exp6_empty_2,5075,-228.77687,4.2598605,0.5715281,0.0,1.0,11.0
exp6_empty_2,5076,633.5823,2.8585446,0.5083325,1.0,0.0,20.0
exp6_empty_2,5077,-207.13316,4.8984885,0.14626913,0.0,1.0,7.0
exp6_empty_2,5078,637.59094,3.4917333,0.3939431,1.0,0.0,12.0
exp6_empty_2,5079,-153.20155,4.8750634,0.16794308,0.0,1.0,6.0
exp6_empty_2,5081,-342.44525,4.923901,0.19391723,0.0,1.0,6.0
exp6_empty_2,5082,543.1893,2.1823764,0.45227736,1.0,0.0,26.0
exp6_empty_2,5083,571.6704,2.8448699,0.4691626,1.0,0.0,12.0
exp6_empty_2,5084,614.44684,3.359572,0.35695076,1.0,0.0,13.0
exp6_empty_2,5085,572.6089,2.8465476,0.4939754,1.0,0.0,20.0
exp6_empty_2,5086,593.3765,3.671132,0.40197855,1.0,0.0,9.0
exp6_empty_2,5087,723.48425,3.0627084,0.3513514,1.0,0.0,23.0
exp6_empty_2,5088,698.5337,2.8730516,0.48497885,1.0,0.0,21.0
exp6_empty_2,5089,690.7514,2.146934,0.7161556,1.0,0.0,30.0
exp6_empty_2,5090,661.85535,1.6823055,0.2458271,1.0,0.0,29.0
exp6_empty_2,5091,713.3992,2.8608408,0.43709975,1.0,0.0,22.0
exp6_empty_2,5092,-239.59395,4.9035234,0.13071594,0.0,1.0,4.0
exp6_empty_2,5093,627.7593,2.648238,0.5778556,1.0,0.0,16.0
exp6_empty_2,5094,631.4407,2.7288866,0.3504842,1.0,0.0,18.0
exp6_empty_2,5095,625.4784,3.7881677,0.38754228,1.0,0.0,11.0
exp6_empty_2,5096,633.33044,3.7893357,0.36315244,1.0,0.0,10.0
exp6_empty_2,5097,651.97595,3.651027,0.26445556,1.0,0.0,11.0
exp6_empty_2,5098,567.6293,2.4830081,0.48047182,1.0,0.0,19.0
exp6_empty_2,5099,609.64087,2.9415016,0.37869015,1.0,0.0,14.0
exp6_empty_2,5101,638.4137,2.9541516,0.422085,1.0,0.0,16.0
exp6_empty_2,5102,625.1802,2.8463087,0.3983063,1.0,0.0,15.0
exp6_empty_2,5103,595.5203,2.8318505,0.4538913,1.0,0.0,19.0
exp6_empty_2,5104,612.9208,2.671238,0.46177363,1.0,0.0,20.0
exp6_empty_2,5105,584.3128,2.4833965,0.39803633,1.0,0.0,16.0
exp6_empty_2,5106,-202.66315,4.9655776,0.15962176,0.0,1.0,5.0
exp6_empty_2,5107,622.98315,3.4248118,0.6972152,1.0,0.0,15.0
exp6_empty_2,5108,-74.61636,2.979385,0.37974545,0.0,1.0,18.0
exp6_empty_2,5109,570.9564,2.2346911,0.70943195,1.0,0.0,30.0
exp6_empty_2,5110,504.43835,2.845933,0.36439353,1.0,0.0,16.0
exp6_empty_2,5111,-389.21423,4.6560574,0.20432861,0.0,1.0,3.0
exp6_empty_2,5112,-267.38617,4.9574566,0.11841628,0.0,1.0,4.0
exp6_empty_2,5113,617.1018,2.5574324,0.48083058,1.0,0.0,22.0
exp6_empty_2,5114,586.09924,2.8884602,0.32376477,1.0,0.0,18.0
exp6_empty_2,5115,543.7738,3.2829642,0.70755005,1.0,0.0,11.0
exp6_empty_2,5116,-380.13965,4.9385056,0.19503808,0.0,1.0,3.0
exp6_empty_2,5117,584.5903,2.1693668,0.57585764,1.0,0.0,19.0
exp6_empty_2,5118,662.136,3.8281405,0.5696785,1.0,0.0,14.0
exp6_empty_2,5119,687.0968,3.0142605,0.46177804,1.0,0.0,21.0
exp6_empty_2,5121,-296.9142,4.962203,0.11485996,0.0,1.0,5.0
exp6_empty_2,5122,-282.8897,4.9996433,0.35800862,0.0,1.0,2.0
exp6_empty_2,5123,628.0376,2.5793617,0.4088425,1.0,0.0,21.0
exp6_empty_2,5124,638.3696,2.5683756,0.6021064,1.0,0.0,25.0
exp6_empty_2,5125,616.4762,2.5730798,0.43203378,1.0,0.0,17.0
exp6_empty_2,5126,635.63153,2.8015034,0.28852922,1.0,0.0,23.0
exp6_empty_2,5127,-222.69235,3.3721416,0.4189449,0.0,1.0,16.0
exp6_empty_2,5128,-248.634,4.7934256,0.1397609,0.0,1.0,8.0
exp6_empty_2,5129,636.1371,3.3638544,0.4862297,1.0,0.0,18.0
exp6_empty_2,5130,611.913,2.1512895,0.64278436,1.0,0.0,25.0
exp6_empty_2,5131,635.2246,1.7439152,0.48236933,1.0,0.0,33.0
exp6_empty_2,5132,663.90356,2.912595,0.35963234,1.0,0.0,17.0
exp6_empty_2,5133,-309.3845,4.751711,0.1567831,0.0,1.0,6.0
exp6_empty_2,5134,-445.2295,4.7899685,0.1998911,0.0,1.0,1.0
exp6_empty_2,5135,574.4126,2.9841008,0.58371407,1.0,0.0,13.0
exp6_empty_2,5136,-272.40314,4.76169,0.15836751,0.0,1.0,9.0
exp6_empty_2,5137,608.07117,2.128347,0.4236021,1.0,0.0,20.0
exp6_empty_2,5138,627.8949,3.157321,0.42281115,1.0,0.0,15.0
exp6_empty_2,5139,582.1227,2.958523,0.53730446,1.0,0.0,16.0
exp6_empty_2,5141,615.84375,2.1713357,0.5453548,1.0,0.0,22.0
exp6_empty_2,5142,598.6678,2.4642568,0.37086108,1.0,0.0,23.0
exp6_empty_2,5143,678.46045,3.7567642,0.3376442,1.0,0.0,12.0
exp6_empty_2,5144,528.48956,2.0039628,0.4523999,1.0,0.0,25.0
exp6_empty_2,5145,652.7434,2.3635776,0.48244506,1.0,0.0,26.0
exp6_empty_2,5146,-365.14093,4.9925175,0.22920907,0.0,1.0,1.0
exp6_empty_2,5147,606.07306,2.2334597,0.50137454,1.0,0.0,25.0
exp6_empty_2,5148,725.0258,3.9934108,0.31137913,1.0,0.0,13.0
exp6_empty_2,5149,623.29626,2.7668078,0.46871004,1.0,0.0,24.0
exp6_empty_2,5150,689.3285,3.0703678,0.537763,1.0,0.0,21.0
exp6_empty_2,5151,601.1659,3.1503255,0.5018528,1.0,0.0,12.0
exp6_empty_2,5152,-224.10547,4.398872,0.7463777,0.0,1.0,12.0
exp6_empty_2,5153,565.3721,2.552632,0.8880952,1.0,0.0,21.0
exp6_empty_2,5154,-257.27518,4.9515676,0.1881896,0.0,1.0,4.0
exp6_empty_2,5155,-118.01169,3.0107086,0.26558977,0.0,1.0,24.0
exp6_empty_2,5156,676.25476,3.5693853,0.62953436,1.0,0.0,17.0
exp6_empty_2,5157,676.71313,2.3440442,0.78249204,1.0,0.0,32.0
exp6_empty_2,5158,-220.11339,3.0596647,0.46094668,0.0,1.0,9.0
exp6_empty_2,5159,661.42914,3.6724772,0.71165663,1.0,0.0,16.0
exp6_empty_2,5161,-265.17038,3.254854,0.36735192,0.0,1.0,16.0
exp6_empty_2,5162,614.72406,3.3990471,0.35913333,1.0,0.0,14.0
exp6_empty_2,5163,618.7217,2.8317564,0.4252548,1.0,0.0,14.0
exp6_empty_2,5164,659.50024,2.3884382,0.60621876,1.0,0.0,27.0
exp6_empty_2,5165,529.415,2.0599554,0.45365092,1.0,0.0,16.0
exp6_empty_2,5166,-209.69223,4.8557186,0.19153476,0.0,1.0,4.0
exp6_empty_2,5167,629.13196,2.9469368,0.33258954,1.0,0.0,19.0
exp6_empty_2,5168,659.0426,2.4907937,0.5253249,1.0,0.0,29.0
exp6_empty_2,5169,658.7434,3.5694482,0.58713084,1.0,0.0,16.0
exp6_empty_2,5170,-227.56474,4.43086,0.34715196,0.0,1.0,7.0
exp6_empty_2,5171,691.8701,2.6514366,0.52928525,1.0,0.0,25.0
exp6_empty_2,5172,-296.3079,4.353975,0.32471353,0.0,1.0,8.0
exp6_empty_2,5173,663.1963,1.7569388,0.79927176,1.0,0.0,41.0
exp6_empty_2,5174,551.13574,3.1532016,0.37098125,1.0,0.0,9.0
exp6_empty_2,5175,678.91156,2.9408524,0.40461123,1.0,0.0,22.0
exp6_empty_2,5176,-311.41498,2.8013332,0.37520722,0.0,1.0,16.0
exp6_empty_2,5177,713.04333,2.251398,0.40787593,1.0,0.0,31.0
exp6_empty_2,5178,632.0635,2.138045,0.65724,1.0,0.0,27.0
exp6_empty_2,5179,630.0297,1.570898,0.27098545,1.0,0.0,41.0
exp6_empty_2,5181,591.45795,2.3154712,0.3214232,1.0,0.0,24.0
exp6_empty_2,5182,639.04065,2.643866,0.46666664,1.0,0.0,23.0
exp6_empty_2,5183,-282.87347,4.932339,0.15903519,0.0,1.0,6.0
exp6_empty_2,5184,-445.17758,4.999999,0.3005387,0.0,1.0,1.0
exp6_empty_2,5185,649.43506,3.317754,0.52681375,1.0,0.0,18.0
exp6_empty_2,5186,-281.05524,4.9187346,0.122235015,0.0,1.0,7.0
exp6_empty_2,5187,-232.53662,4.9253693,0.21247798,0.0,1.0,4.0
exp6_empty_2,5188,656.0031,3.0679107,0.44699058,1.0,0.0,19.0
exp6_empty_2,5189,661.99023,2.3951344,0.523395,1.0,0.0,30.0
exp6_empty_2,5190,-258.39716,2.558539,0.3025664,0.0,1.0,20.0
exp6_empty_2,5191,589.8553,4.044154,0.2070726,1.0,0.0,8.0
exp6_empty_2,5192,639.15375,3.009003,0.3708604,1.0,0.0,15.0
exp6_empty_2,5193,-197.82126,2.265351,0.59954995,0.0,1.0,20.0
exp6_empty_2,5194,654.12604,2.906225,0.36684906,1.0,0.0,20.0
exp6_empty_2,5195,710.625,2.6797974,0.5602582,1.0,0.0,23.0
exp6_empty_2,5196,-240.57071,4.2940855,0.5677593,0.0,1.0,11.0
exp6_empty_2,5197,632.8703,3.2237282,0.44848856,1.0,0.0,15.0
exp6_empty_2,5198,630.6566,2.777554,0.30540973,1.0,0.0,23.0
exp6_empty_2,5199,593.16797,2.647059,0.31213662,1.0,0.0,17.0
exp6_empty_2,5201,-272.02148,4.938376,0.35070983,0.0,1.0,2.0
exp6_empty_2,5202,732.3434,3.3605244,0.38899782,1.0,0.0,18.0
exp6_empty_2,5203,643.1418,2.4213161,0.6312272,1.0,0.0,21.0
exp6_empty_2,5204,641.0026,3.3643982,0.40629983,1.0,0.0,12.0
exp6_empty_2,5205,634.4015,1.4846156,0.60374975,1.0,0.0,38.0
exp6_empty_2,5206,-248.71217,4.8081994,0.24517639,0.0,1.0,3.0
exp6_empty_2,5207,635.38477,2.3294585,0.64494395,1.0,0.0,25.0
exp6_empty_2,5208,570.7704,2.1491113,0.5611866,1.0,0.0,19.0
exp6_empty_2,5209,694.7119,3.2966459,0.3058645,1.0,0.0,15.0
exp6_empty_2,5210,570.668,2.1309924,0.3334892,1.0,0.0,20.0
exp6_empty_2,5211,-444.94882,4.9995403,0.52076375,0.0,1.0,1.0
exp6_empty_2,5212,576.959,3.7148519,0.29443058,1.0,0.0,9.0
exp6_empty_2,5213,595.3821,2.6972444,0.3337691,1.0,0.0,15.0
exp6_empty_2,5214,-445.15347,4.9224186,0.09569932,0.0,1.0,1.0
exp6_empty_2,5215,590.76306,2.8029382,0.36718035,1.0,0.0,12.0
exp6_empty_2,5216,-347.39703,4.919154,0.15954274,0.0,1.0,4.0
exp6_empty_2,5217,542.0602,2.363241,0.42272598,1.0,0.0,14.0
exp6_empty_2,5218,-113.2845,3.0312452,0.45465413,0.0,1.0,12.0
exp6_empty_2,5219,652.1219,2.2944808,0.38374367,1.0,0.0,30.0
exp6_empty_2,5221,523.1165,2.321039,0.5642561,1.0,0.0,13.0
exp6_empty_2,5222,-348.11078,4.8208523,0.24193935,0.0,1.0,4.0
exp6_empty_2,5223,-440.52188,4.929494,0.16061829,0.0,1.0,2.0
exp6_empty_2,5224,-176.78093,4.9221754,0.16489117,0.0,1.0,5.0
exp6_empty_2,5225,675.4877,4.7028303,0.15215836,1.0,0.0,9.0
exp6_empty_2,5226,677.2761,2.6233902,0.54806995,1.0,0.0,23.0
exp6_empty_2,5227,-218.85474,3.1903274,0.36117953,0.0,1.0,15.0
exp6_empty_2,5228,-128.37672,3.3149533,0.32985535,0.0,1.0,19.0
exp6_empty_2,5229,-383.26514,4.440551,0.15999146,0.0,1.0,5.0
exp6_empty_2,5230,597.4126,2.4056842,0.59136355,1.0,0.0,17.0
exp6_empty_2,5231,586.2331,2.554607,0.40504903,1.0,0.0,17.0
exp6_empty_2,5232,693.5156,3.175496,0.37041137,1.0,0.0,17.0
exp6_empty_2,5233,-155.59993,3.8166726,0.6007801,0.0,1.0,10.0
exp6_empty_2,5234,600.5824,3.0917552,0.4021964,1.0,0.0,14.0
exp6_empty_2,5235,649.37067,2.486,0.49392167,1.0,0.0,20.0
exp6_empty_2,5236,566.9846,2.7450113,0.3403145,1.0,0.0,18.0
exp6_empty_2,5237,627.48047,2.6683178,0.4967378,1.0,0.0,21.0
exp6_empty_2,5238,598.20306,2.2246003,0.5441223,1.0,0.0,20.0
exp6_empty_2,5239,698.8197,2.0460315,0.70611936,1.0,0.0,31.0
exp6_empty_2,5241,618.7919,1.2143029,0.21356528,1.0,0.0,49.0
exp6_empty_2,5242,-250.34218,4.9466844,0.15809345,0.0,1.0,7.0
exp6_empty_2,5243,565.97687,2.6197128,0.36496633,1.0,0.0,15.0
exp6_empty_2,5244,636.6818,2.037661,0.34983313,1.0,0.0,29.0
exp6_empty_2,5245,580.1989,2.3963885,0.5497451,1.0,0.0,25.0
exp6_empty_2,5246,621.2963,2.3249137,0.42783636,1.0,0.0,28.0
exp6_empty_2,5247,-184.60498,3.3130164,0.4013202,0.0,1.0,14.0
exp6_empty_2,5248,-291.37296,4.809374,0.22254662,0.0,1.0,3.0
exp6_empty_2,5249,550.58984,4.3169274,0.77696025,1.0,0.0,7.0
exp6_empty_2,5250,663.60583,2.8695154,0.40368,1.0,0.0,16.0
exp6_empty_2,5251,-182.32472,4.8732066,0.116841145,0.0,1.0,7.0
exp6_empty_2,5252,596.19836,3.1504836,0.3940539,1.0,0.0,14.0
exp6_empty_2,5253,610.3867,2.9544032,0.36822656,1.0,0.0,16.0
exp6_empty_2,5254,572.9823,2.6803124,0.45677403,1.0,0.0,12.0
exp6_empty_2,5255,599.0608,2.4944003,0.4248836,1.0,0.0,17.0
exp6_empty_2,5256,699.99304,2.8795943,0.46457624,1.0,0.0,20.0
exp6_empty_2,5257,661.452,2.3235085,0.69920003,1.0,0.0,23.0
exp6_empty_2,5258,620.95886,3.7309456,0.34886917,1.0,0.0,11.0
exp6_empty_2,5259,-379.24503,4.4783597,0.3231182,0.0,1.0,4.0
exp6_empty_2,5261,598.74927,3.6559174,0.2560988,1.0,0.0,10.0
exp6_empty_2,5262,-158.40799,4.744702,0.111500226,0.0,1.0,7.0
exp6_empty_2,5263,-105.997375,2.6325412,0.4077052,0.0,1.0,16.0
exp6_empty_2,5264,676.9743,2.3392038,0.42607158,1.0,0.0,23.0
exp6_empty_2,5265,668.4591,1.6582576,0.7787102,1.0,0.0,43.0
exp6_empty_2,5266,-265.1323,2.9835217,0.343157,0.0,1.0,14.0
exp6_empty_2,5267,574.0448,2.966659,0.47018293,1.0,0.0,13.0
exp6_empty_2,5268,-224.37474,4.8291802,0.16761546,0.0,1.0,5.0
exp6_empty_2,5269,-305.43588,4.9265413,0.36481816,0.0,1.0,1.0
exp6_empty_2,5270,574.1732,2.4493458,0.39174706,1.0,0.0,14.0
exp6_empty_2,5271,558.6767,4.2525983,0.23211879,1.0,0.0,6.0
exp6_empty_2,5272,644.301,2.8353167,0.48847735,1.0,0.0,18.0
exp6_empty_2,5273,-191.12744,4.63808,0.13952859,0.0,1.0,7.0
exp6_empty_2,5274,-267.41187,3.2820632,0.43316388,0.0,1.0,19.0
exp6_empty_2,5275,666.4109,4.1361527,0.17641515,1.0,0.0,11.0
exp6_empty_2,5276,-410.58347,4.5670033,0.16063392,0.0,1.0,4.0
exp6_empty_2,5277,650.1239,3.4208305,0.283106,1.0,0.0,15.0
exp6_empty_2,5278,627.60614,3.0890007,0.43706384,1.0,0.0,13.0
exp6_empty_2,5279,-413.24835,4.9487906,0.54594195,0.0,1.0,2.0
exp6_empty_2,5281,714.65955,2.8329046,0.49681675,1.0,0.0,23.0
exp6_empty_2,5282,625.53754,2.9828231,0.3351193,1.0,0.0,16.0
exp6_empty_2,5283,534.05115,1.9656366,0.4573965,1.0,0.0,25.0
exp6_empty_2,5284,645.39197,3.760075,0.6185194,1.0,0.0,14.0
exp6_empty_2,5285,660.3271,2.5316253,0.50624216,1.0,0.0,20.0
exp6_empty_2,5286,543.56384,3.0050383,0.30279014,1.0,0.0,8.0
exp6_empty_2,5287,-308.42944,4.7272973,0.120319955,0.0,1.0,6.0
exp6_empty_2,5288,592.1682,2.224632,0.37601385,1.0,0.0,16.0
exp6_empty_2,5289,-324.3373,4.790785,0.21147843,0.0,1.0,5.0
exp6_empty_2,5290,715.01,2.7120688,0.5017653,1.0,0.0,25.0
exp6_empty_2,5291,595.29626,2.2637856,0.43107092,1.0,0.0,22.0
exp6_empty_2,5292,652.77765,2.8742113,0.41271618,1.0,0.0,17.0
exp6_empty_2,5293,-243.15129,3.4421792,0.30799598,0.0,1.0,13.0
exp6_empty_2,5294,613.695,2.4370291,0.34646422,1.0,0.0,17.0
exp6_empty_2,5295,-173.69623,3.0743911,0.59446234,0.0,1.0,11.0
exp6_empty_2,5296,636.8854,2.7164178,0.32513416,1.0,0.0,18.0
exp6_empty_2,5297,602.7225,2.689486,0.42236724,1.0,0.0,16.0
exp6_empty_2,5298,-198.49155,2.55877,0.2971572,0.0,1.0,17.0
exp6_empty_2,5299,-389.3392,4.736124,0.2802151,0.0,1.0,3.0
exp6_empty_2,5301,667.86597,2.8400471,0.7187347,1.0,0.0,23.0
exp6_empty_2,5302,618.29895,2.94922,0.38236538,1.0,0.0,13.0
exp6_empty_2,5303,-411.89087,4.9750953,0.11699146,0.0,1.0,2.0
exp6_empty_2,5304,592.818,3.6440947,0.5769046,1.0,0.0,14.0
exp6_empty_2,5305,-346.7244,4.9693193,0.21176533,0.0,1.0,4.0
exp6_empty_2,5306,-219.51938,4.866847,0.1199535,0.0,1.0,8.0
exp6_empty_2,5307,634.85767,3.1161296,0.3752918,1.0,0.0,17.0
exp6_empty_2,5308,556.32104,2.8178892,0.75730664,1.0,0.0,17.0
exp6_empty_2,5309,-205.23114,4.8834896,0.16183951,0.0,1.0,5.0
exp6_empty_2,5310,663.73486,3.6059918,0.39579457,1.0,0.0,14.0
exp6_empty_2,5311,-232.72919,3.788309,0.7434359,0.0,1.0,14.0
exp6_empty_2,5312,-151.16374,3.3791015,0.3787977,0.0,1.0,15.0
exp6_empty_2,5313,724.5653,4.0690055,0.3389505,1.0,0.0,13.0
exp6_empty_2,5314,-445.1026,4.919276,0.4837666,0.0,1.0,1.0
exp6_empty_2,5315,598.4611,3.4250064,0.54363614,1.0,0.0,13.0
exp6_empty_2,5316,-238.69975,3.6196163,0.37828287,0.0,1.0,14.0
exp6_empty_2,5317,641.48065,2.5747514,0.44129443,1.0,0.0,20.0
exp6_empty_2,5318,613.63794,3.1228642,0.56120884,1.0,0.0,15.0
exp6_empty_2,5319,610.7439,2.778998,0.34765172,1.0,0.0,19.0
exp6_empty_2,5321,-301.91522,3.4295864,0.38359225,0.0,1.0,12.0
exp6_empty_2,5322,-315.692,4.9372153,0.17985825,0.0,1.0,5.0
exp6_empty_2,5323,604.9114,2.7096252,0.32343802,1.0,0.0,18.0
exp6_empty_2,5324,-253.59932,4.9437838,0.09487617,0.0,1.0,7.0
exp6_empty_2,5325,698.2917,1.7182049,0.80250394,1.0,0.0,44.0
exp6_empty_2,5326,532.4353,3.1789021,0.62580025,1.0,0.0,9.0
exp6_empty_2,5327,-108.472885,3.1508818,0.3988267,0.0,1.0,17.0
exp6_empty_2,5328,642.8621,3.078753,0.17617084,1.0,0.0,14.0
exp6_empty_2,5329,544.12317,1.9202795,0.40178472,1.0,0.0,29.0
exp6_empty_2,5330,609.09155,2.3703654,0.2912931,1.0,0.0,27.0
exp6_empty_2,5331,617.57227,3.7953436,0.3054892,1.0,0.0,11.0
exp6_empty_2,5332,615.7045,2.2582111,0.61024684,1.0,0.0,19.0
exp6_empty_2,5333,578.6179,2.8861406,0.5815044,1.0,0.0,15.0
exp6_empty_2,5334,585.9844,2.9337862,0.25171942,1.0,0.0,12.0
exp6_empty_2,5335,736.89453,3.7846773,0.37771887,1.0,0.0,15.0
exp6_empty_2,5336,-284.66614,4.7881446,0.08512672,0.0,1.0,6.0
exp6_empty_2,5337,-445.0196,4.99976,0.13290296,0.0,1.0,1.0
exp6_empty_2,5338,554.214,2.7545254,0.45354027,1.0,0.0,13.0
exp6_empty_2,5339,546.76685,2.4892666,0.5227865,1.0,0.0,16.0
exp6_empty_2,5341,-161.74724,2.6308925,0.3957161,0.0,1.0,14.0
exp6_empty_2,5342,-277.85272,4.9960775,0.35948697,0.0,1.0,2.0
exp6_empty_2,5343,582.7726,2.5544543,0.50578725,1.0,0.0,14.0
exp6_empty_2,5344,568.0759,3.0393224,0.7263845,1.0,0.0,10.0
exp6_empty_2,5345,609.72003,3.0106895,0.42733964,1.0,0.0,12.0
exp6_empty_2,5346,577.95593,2.2008903,0.29335546,1.0,0.0,22.0
exp6_empty_2,5347,-315.6774,4.778248,0.2629604,0.0,1.0,3.0
exp6_empty_2,5348,-382.53387,4.902344,0.17084788,0.0,1.0,3.0
exp6_empty_2,5349,562.8172,3.1112294,0.46202552,1.0,0.0,9.0
exp6_empty_2,5350,530.488,2.222517,0.5240736,1.0,0.0,17.0
exp6_empty_2,5351,672.2731,2.9613826,0.33092764,1.0,0.0,20.0
exp6_empty_2,5352,603.88556,1.152426,0.32193488,1.0,0.0,61.0
exp6_empty_2,5353,572.70776,2.1756465,0.4264924,1.0,0.0,25.0
exp6_empty_2,5354,660.02954,3.7110052,0.69370145,1.0,0.0,15.0
exp6_empty_2,5355,652.4162,3.8090413,0.49659356,1.0,0.0,15.0
exp6_empty_2,5356,580.83453,2.636695,0.288002,1.0,0.0,23.0
exp6_empty_2,5357,613.46075,2.246528,0.6689193,1.0,0.0,23.0
exp6_empty_2,5358,607.8282,2.383195,0.48634157,1.0,0.0,24.0
exp6_empty_2,5359,679.42,3.0768733,0.7121982,1.0,0.0,20.0
exp6_empty_2,5361,575.01904,3.3753264,0.6961311,1.0,0.0,17.0
exp6_empty_2,5362,-444.7835,4.9787664,0.27770683,0.0,1.0,1.0
exp6_empty_2,5363,706.5978,3.3740678,0.38449717,1.0,0.0,16.0
exp6_empty_2,5364,-121.952515,4.691753,0.14953539,0.0,1.0,8.0
exp6_empty_2,5365,546.0634,1.4728829,0.4075371,1.0,0.0,41.0
exp6_empty_2,5366,638.26855,3.110616,0.3008251,1.0,0.0,15.0
exp6_empty_2,5367,587.23114,3.6007154,0.6489019,1.0,0.0,11.0
exp6_empty_2,5368,670.4541,2.5117934,0.561635,1.0,0.0,22.0
exp6_empty_2,5369,-445.35733,4.88914,0.20956166,0.0,1.0,1.0
exp6_empty_2,5370,707.84973,3.2950976,0.3486857,1.0,0.0,17.0
exp6_empty_2,5371,663.5762,3.9189475,0.3255535,1.0,0.0,12.0
exp6_empty_2,5372,649.15845,2.7123494,0.3491028,1.0,0.0,22.0
exp6_empty_2,5373,674.1687,3.3860705,0.2946312,1.0,0.0,15.0
exp6_empty_2,5374,693.59106,2.874522,0.5011088,1.0,0.0,18.0
exp6_empty_2,5375,647.1228,3.4171824,0.46173087,1.0,0.0,14.0
exp6_empty_2,5376,-349.6076,4.9852524,0.1743576,0.0,1.0,4.0
exp6_empty_2,5377,644.4895,2.99166,0.3553762,1.0,0.0,18.0
exp6_empty_2,5378,660.45825,3.0459785,0.22801098,1.0,0.0,17.0
exp6_empty_2,5379,552.9812,3.2323937,0.24844535,1.0,0.0,8.0
exp6_empty_2,5381,555.6993,2.4272826,0.4435008,1.0,0.0,13.0
exp6_empty_2,5382,618.95825,2.531678,0.61406237,1.0,0.0,20.0
exp6_empty_2,5383,722.4147,2.1712406,0.37023327,1.0,0.0,35.0
exp6_empty_2,5384,-118.30339,4.772213,0.10102369,0.0,1.0,7.0
exp6_empty_2,5385,-275.97342,3.7079716,0.5114962,0.0,1.0,10.0
exp6_empty_2,5386,549.379,2.5367754,0.3999072,1.0,0.0,11.0
exp6_empty_2,5387,-241.71057,4.9723697,0.37901333,0.0,1.0,3.0
exp6_empty_2,5388,-253.49017,4.9122233,0.29623652,0.0,1.0,3.0
exp6_empty_2,5389,629.9278,1.6033225,0.85319865,1.0,0.0,61.0
exp6_empty_2,5390,629.61285,2.570668,0.5164898,1.0,0.0,19.0
exp6_empty_2,5391,577.0442,2.039021,0.5811773,1.0,0.0,18.0
exp6_empty_2,5392,558.4701,1.2628871,0.94504654,1.0,0.0,84.0
exp6_empty_2,5393,670.5205,3.9692907,0.32174835,1.0,0.0,11.0
exp6_empty_2,5394,667.4463,2.5761323,0.47537935,1.0,0.0,27.0
exp6_empty_2,5395,626.7415,3.6472895,0.392409,1.0,0.0,15.0
exp6_empty_2,5396,624.90234,3.3305795,0.6526436,1.0,0.0,14.0
exp6_empty_2,5397,554.0564,4.00127,0.82542515,1.0,0.0,10.0
exp6_empty_2,5398,619.9208,3.1205604,0.40200537,1.0,0.0,14.0
exp6_empty_2,5399,582.518,4.7247047,0.30066547,1.0,0.0,6.0
exp6_empty_2,5401,590.9503,2.3165998,0.4124574,1.0,0.0,20.0
exp6_empty_2,5402,-231.84265,4.931392,0.13011762,0.0,1.0,6.0
exp6_empty_2,5403,595.17255,3.0663786,0.32662958,1.0,0.0,16.0
exp6_empty_2,5404,621.3388,1.4987059,0.8502412,1.0,0.0,46.0
exp6_empty_2,5405,657.38763,3.165773,0.4120699,1.0,0.0,15.0
exp6_empty_2,5406,-269.10944,4.954285,0.14162678,0.0,1.0,2.0
exp6_empty_2,5407,615.65283,2.8323376,0.7268636,1.0,0.0,19.0
exp6_empty_2,5408,644.8639,3.5464113,0.49047062,1.0,0.0,14.0
exp6_empty_2,5409,652.3859,2.5195332,0.36379606,1.0,0.0,21.0
exp6_empty_2,5410,624.7602,2.9449043,0.3943604,1.0,0.0,14.0
exp6_empty_2,5411,643.25464,3.7029924,0.3033798,1.0,0.0,12.0
exp6_empty_2,5412,592.45404,2.4114447,0.5152428,1.0,0.0,20.0
exp6_empty_2,5413,657.8843,2.5167894,0.60186815,1.0,0.0,26.0
exp6_empty_2,5414,-349.27643,4.9412003,0.20075125,0.0,1.0,4.0
exp6_empty_2,5415,731.4507,4.0181856,0.22836417,1.0,0.0,13.0
exp6_empty_2,5416,655.5105,2.8007364,0.51288307,1.0,0.0,19.0
exp6_empty_2,5417,585.00085,3.138137,0.6601459,1.0,0.0,14.0
exp6_empty_2,5418,-316.68195,4.952798,0.13698007,0.0,1.0,6.0
exp6_empty_2,5419,-122.65198,3.9872122,0.2945535,0.0,1.0,12.0
exp6_empty_2,5421,672.3164,3.055076,0.29466718,1.0,0.0,21.0
exp6_empty_2,5422,-412.62018,4.9906635,0.30432618,0.0,1.0,2.0
exp6_empty_2,5423,545.8031,2.6005785,0.39246243,1.0,0.0,18.0
exp6_empty_2,5424,672.6041,2.4154398,0.53782207,1.0,0.0,26.0
exp6_empty_2,5425,-343.71106,4.9458756,0.16426362,0.0,1.0,6.0
exp6_empty_2,5426,676.045,2.9559095,0.4850511,1.0,0.0,16.0
exp6_empty_2,5427,577.33545,2.2739577,0.46659997,1.0,0.0,21.0
exp6_empty_2,5428,-414.35526,4.918141,0.28932434,0.0,1.0,2.0
exp6_empty_2,5429,596.20636,2.6755593,0.5912516,1.0,0.0,18.0
exp6_empty_2,5430,651.92,1.9226607,0.37699792,1.0,0.0,30.0
exp6_empty_2,5431,666.08105,2.8572378,0.7351189,1.0,0.0,22.0
exp6_empty_2,5432,684.22217,3.3880055,0.43672603,1.0,0.0,16.0
exp6_empty_2,5433,-417.08432,4.9071703,0.32304525,0.0,1.0,2.0
exp6_empty_2,5434,-284.2963,4.9038672,0.4539882,0.0,1.0,2.0
exp6_empty_2,5435,637.5325,1.8698823,0.47526792,1.0,0.0,27.0
exp6_empty_2,5436,695.1238,2.522456,0.572282,1.0,0.0,24.0
exp6_empty_2,5437,624.5862,1.8441298,0.40514356,1.0,0.0,29.0
exp6_empty_2,5438,-445.209,4.9999743,0.32930064,0.0,1.0,1.0
exp6_empty_2,5439,599.0382,3.252613,0.30042642,1.0,0.0,10.0
exp6_empty_2,5441,578.14825,2.402125,0.44900373,1.0,0.0,17.0
exp6_empty_2,5442,660.32794,1.9751707,0.2215469,1.0,0.0,25.0
exp6_empty_2,5443,604.1318,3.0963352,0.61558473,1.0,0.0,14.0
exp6_empty_2,5444,620.048,2.3746762,0.7071739,1.0,0.0,23.0
exp6_empty_2,5445,669.6548,2.95708,0.349073,1.0,0.0,17.0
exp6_empty_2,5446,580.31006,2.2653477,0.48972008,1.0,0.0,21.0
exp6_empty_2,5447,632.5118,2.5433664,0.46153048,1.0,0.0,18.0
exp6_empty_2,5448,-380.74155,4.8974543,0.2289839,0.0,1.0,3.0
exp6_empty_2,5449,620.78284,2.9048386,0.56151146,1.0,0.0,17.0
exp6_empty_2,5450,-181.60608,2.6328588,0.58138907,0.0,1.0,22.0
exp6_empty_2,5451,513.9446,2.1425,0.3703464,1.0,0.0,19.0
exp6_empty_2,5452,-381.54065,4.9453263,0.22205973,0.0,1.0,3.0
exp6_empty_2,5453,622.96436,3.2058825,0.44296974,1.0,0.0,14.0
exp6_empty_2,5454,647.02435,3.1605284,0.6159614,1.0,0.0,18.0
exp6_empty_2,5455,-316.0658,4.8560243,0.15642466,0.0,1.0,6.0
exp6_empty_2,5456,669.1127,3.7786465,0.8105796,1.0,0.0,17.0
exp6_empty_2,5457,684.0415,1.8825519,0.75770205,1.0,0.0,38.0
exp6_empty_2,5458,-445.4481,4.9972315,0.15017237,0.0,1.0,1.0
exp6_empty_2,5459,588.74164,3.0266209,0.60267824,1.0,0.0,14.0
exp6_empty_2,5461,-126.97055,3.2982128,0.4206179,0.0,1.0,12.0
exp6_empty_2,5462,660.3965,3.464124,0.39407328,1.0,0.0,14.0
exp6_empty_2,5463,-283.49026,4.996029,0.34348613,0.0,1.0,2.0
exp6_empty_2,5464,-253.006,4.928801,0.12733869,0.0,1.0,7.0
exp6_empty_2,5465,629.1728,4.474325,0.122334324,1.0,0.0,8.0
exp6_empty_2,5466,673.9509,3.675647,0.38504153,1.0,0.0,16.0
exp6_empty_2,5467,-245.38928,4.9238677,0.10813993,0.0,1.0,3.0
exp6_empty_2,5468,503.09488,2.2940238,0.7510156,1.0,0.0,15.0
exp6_empty_2,5469,684.1717,3.3959417,0.33745435,1.0,0.0,16.0
exp6_empty_2,5470,730.0918,3.4349077,0.4147724,1.0,0.0,16.0
exp6_empty_2,5471,-237.64377,3.0994089,0.327713,0.0,1.0,18.0
exp6_empty_2,5472,672.40704,2.6837053,0.3781706,1.0,0.0,22.0
exp6_empty_2,5473,570.0711,2.9078817,0.52047193,1.0,0.0,18.0
exp6_empty_2,5474,634.1853,2.652501,0.3227909,1.0,0.0,23.0
exp6_empty_2,5475,665.157,3.2678611,0.33821198,1.0,0.0,15.0
exp6_empty_2,5476,650.91315,3.1040788,0.5717815,1.0,0.0,19.0
exp6_empty_2,5477,-279.50256,4.9320765,0.277686,0.0,1.0,2.0
exp6_empty_2,5478,599.7634,2.429281,0.63837826,1.0,0.0,26.0
exp6_empty_2,5479,-354.9325,4.3290515,0.10366652,0.0,1.0,6.0
exp6_empty_2,5481,585.59357,2.5351846,0.51676947,1.0,0.0,22.0
exp6_empty_2,5482,589.8662,2.4220457,0.4903921,1.0,0.0,22.0
exp6_empty_2,5483,667.28906,2.8705728,0.49683088,1.0,0.0,21.0
exp6_empty_2,5484,581.4966,2.2987237,0.37716419,1.0,0.0,26.0
exp6_empty_2,5485,644.10516,3.1395447,0.31537005,1.0,0.0,19.0
exp6_empty_2,5486,580.9646,2.775771,0.3531487,1.0,0.0,16.0
exp6_empty_2,5487,-23.141266,3.5990663,0.25949174,0.0,1.0,14.0
exp6_empty_2,5488,622.8342,3.5929978,0.6500161,1.0,0.0,12.0
exp6_empty_2,5489,642.9104,2.2941947,0.50549996,1.0,0.0,28.0
exp6_empty_2,5490,-246.74788,4.9413347,0.100574866,0.0,1.0,8.0
exp6_empty_2,5491,710.0199,2.518635,0.60323733,1.0,0.0,25.0
exp6_empty_2,5492,-412.30844,4.9816785,0.3063254,0.0,1.0,2.0
exp6_empty_2,5493,614.9229,3.6220422,0.41138142,1.0,0.0,10.0
exp6_empty_2,5494,-408.3778,4.926489,0.2072602,0.0,1.0,3.0
exp6_empty_2,5495,660.3756,2.3432014,0.45950168,1.0,0.0,27.0
exp6_empty_2,5496,571.35333,2.8128211,0.8097243,1.0,0.0,15.0
exp6_empty_2,5497,686.30457,2.6369274,0.42126998,1.0,0.0,23.0
exp6_empty_2,5498,585.1667,2.2194452,0.49526525,1.0,0.0,19.0
exp6_empty_2,5499,-295.94574,3.158723,0.5376522,0.0,1.0,10.0
exp6_empty_2,5501,610.53,2.0832691,0.52810454,1.0,0.0,23.0
exp6_empty_2,5502,549.4698,1.659315,0.7902833,1.0,0.0,36.0
exp6_empty_2,5503,544.6379,2.26458,0.5035307,1.0,0.0,23.0
exp6_empty_2,5504,556.73517,2.317223,0.5712695,1.0,0.0,19.0
exp6_empty_2,5505,-312.45142,3.1207242,0.36663824,0.0,1.0,13.0
exp6_empty_2,5506,-178.24236,2.5815063,0.5696614,0.0,1.0,13.0
exp6_empty_2,5507,620.3313,3.0613534,0.7489239,1.0,0.0,18.0
exp6_empty_2,5508,610.98846,2.3904898,0.25050813,1.0,0.0,24.0
exp6_empty_2,5509,-283.6496,4.865483,0.10234768,0.0,1.0,6.0
exp6_empty_2,5510,661.333,3.3368425,0.39703274,1.0,0.0,17.0
exp6_empty_2,5511,544.74414,2.3773463,0.48238203,1.0,0.0,12.0
exp6_empty_2,5512,532.4065,2.055992,0.6551385,1.0,0.0,23.0
exp6_empty_2,5513,573.1475,2.5675793,0.25182968,1.0,0.0,20.0
exp6_empty_2,5514,702.96606,3.7625487,0.37710917,1.0,0.0,15.0
exp6_empty_2,5515,628.2738,2.6668394,0.26855686,1.0,0.0,25.0
exp6_empty_2,5516,590.1864,2.1872842,0.3349884,1.0,0.0,24.0
exp6_empty_2,5517,611.41113,1.8701788,0.50108,1.0,0.0,24.0
exp6_empty_2,5518,-196.7699,4.7099166,0.17577703,0.0,1.0,5.0
exp6_empty_2,5519,653.0296,2.579189,0.3206625,1.0,0.0,21.0
exp6_empty_2,5521,648.95996,2.2170148,0.45102084,1.0,0.0,27.0
exp6_empty_2,5522,610.9394,2.0878754,0.51211077,1.0,0.0,24.0
exp6_empty_2,5523,667.3922,1.490671,0.280643,1.0,0.0,47.0
exp6_empty_2,5524,615.8054,2.671873,0.40755314,1.0,0.0,23.0
exp6_empty_2,5525,659.25305,3.032528,0.46769696,1.0,0.0,20.0
exp6_empty_2,5526,-281.84842,4.852037,0.12932901,0.0,1.0,7.0
exp6_empty_2,5527,605.0397,2.2374163,0.35436153,1.0,0.0,27.0
exp6_empty_2,5528,-405.94675,4.9999795,0.41979536,0.0,1.0,1.0
exp6_empty_2,5529,685.5299,2.3157964,0.44601077,1.0,0.0,27.0
exp6_empty_2,5530,-276.48105,4.922695,0.14868554,0.0,1.0,2.0
exp6_empty_2,5531,-109.13577,3.7526283,0.33655804,0.0,1.0,16.0
exp6_empty_2,5532,606.2485,2.5676448,0.3472717,1.0,0.0,15.0
exp6_empty_2,5533,664.3578,2.560623,0.3824144,1.0,0.0,26.0
exp6_empty_2,5534,648.9338,1.8828384,0.4448108,1.0,0.0,27.0
exp6_empty_2,5535,-206.93718,2.0757809,0.34879297,0.0,1.0,21.0
exp6_empty_2,5536,642.72833,2.6519918,0.43631348,1.0,0.0,21.0
exp6_empty_2,5537,564.05286,2.339736,0.34646717,1.0,0.0,18.0
exp6_empty_2,5538,660.99646,1.7320907,0.6830276,1.0,0.0,33.0
exp6_empty_2,5539,-378.27072,4.972684,0.08585237,0.0,1.0,5.0
exp6_empty_2,5541,578.73267,2.6735706,0.5107604,1.0,0.0,21.0
exp6_empty_2,5542,631.09216,3.0731714,0.33922058,1.0,0.0,16.0
exp6_empty_2,5543,608.28876,2.2004168,0.7064836,1.0,0.0,22.0
exp6_empty_2,5544,643.8674,3.3657994,0.60098934,1.0,0.0,15.0
exp6_empty_2,5545,611.6496,2.0396585,0.5564851,1.0,0.0,30.0
exp6_empty_2,5546,694.6328,3.4351497,0.3988895,1.0,0.0,16.0
exp6_empty_2,5547,575.82385,2.1197577,0.6345945,1.0,0.0,26.0
exp6_empty_2,5548,-292.86874,3.2012,0.35287452,0.0,1.0,17.0
exp6_empty_2,5549,-241.79356,4.924277,0.20383476,0.0,1.0,3.0
exp6_empty_2,5550,559.385,2.6106331,0.4869089,1.0,0.0,14.0
exp6_empty_2,5551,607.9644,2.0455108,0.464206,1.0,0.0,29.0
exp6_empty_2,5552,679.3971,2.7611668,0.52398276,1.0,0.0,20.0
exp6_empty_2,5553,-132.5436,4.7212753,0.20092049,0.0,1.0,7.0
exp6_empty_2,5554,568.0958,2.5971525,0.5630123,1.0,0.0,21.0
exp6_empty_2,5555,651.2338,3.2210183,0.3607102,1.0,0.0,14.0
exp6_empty_2,5556,-346.03357,2.289097,0.42529264,0.0,1.0,24.0
exp6_empty_2,5557,578.9095,1.8174598,0.7693996,1.0,0.0,29.0
exp6_empty_2,5558,534.91705,1.9725742,0.6994567,1.0,0.0,16.0
exp6_empty_2,5559,618.62476,3.9743526,0.62649,1.0,0.0,13.0
exp6_empty_2,5561,-171.71855,4.748711,0.12749885,0.0,1.0,7.0
exp6_empty_2,5562,727.756,3.1809738,0.5325245,1.0,0.0,22.0
exp6_empty_2,5563,-257.7366,4.835532,0.26822856,0.0,1.0,4.0
exp6_empty_2,5564,706.00867,3.9751413,0.13551667,1.0,0.0,12.0
exp6_empty_2,5565,621.96655,3.089299,0.3389027,1.0,0.0,19.0
exp6_empty_2,5566,-381.3646,4.9730115,0.25610515,0.0,1.0,3.0
exp6_empty_2,5567,616.5117,1.4905025,0.49089432,1.0,0.0,31.0
exp6_empty_2,5568,644.6222,3.1468365,0.41909334,1.0,0.0,14.0
exp6_empty_2,5569,-188.52771,3.9683821,0.6031018,0.0,1.0,14.0
exp6_empty_2,5570,-373.25797,4.9622884,0.17623775,0.0,1.0,5.0
exp6_empty_2,5571,-415.7415,4.908613,0.41642216,0.0,1.0,2.0
exp6_empty_2,5572,685.5929,2.6327453,0.42288005,1.0,0.0,27.0
exp6_empty_2,5573,690.0721,3.0448287,0.38316986,1.0,0.0,16.0
exp6_empty_2,5574,575.4569,2.4736602,0.4206814,1.0,0.0,16.0
exp6_empty_2,5575,643.6124,3.8440995,0.2957954,1.0,0.0,10.0
exp6_empty_2,5576,593.08325,3.3978357,0.47850117,1.0,0.0,13.0
exp6_empty_2,5577,-445.38156,4.901244,0.35287553,0.0,1.0,1.0
exp6_empty_2,5578,-295.53012,4.970241,0.23643345,0.0,1.0,3.0
exp6_empty_2,5579,527.93744,2.217556,0.44890395,1.0,0.0,12.0
exp6_empty_2,5581,-247.36996,4.1765375,0.5746612,0.0,1.0,11.0
exp6_empty_2,5582,669.2899,1.8839523,0.5276122,1.0,0.0,31.0
exp6_empty_2,5583,631.2181,3.2138088,0.34735018,1.0,0.0,15.0
exp6_empty_2,5584,579.56055,2.4944997,0.4817849,1.0,0.0,20.0
exp6_empty_2,5585,663.8451,2.817166,0.5085259,1.0,0.0,18.0
exp6_empty_2,5586,-206.31929,4.9801583,0.1643952,0.0,1.0,6.0
exp6_empty_2,5587,-445.27292,4.950319,0.25242978,0.0,1.0,1.0
exp6_empty_2,5588,659.40466,3.2420433,0.41694683,1.0,0.0,18.0
exp6_empty_2,5589,-177.89119,4.3279696,0.23669462,0.0,1.0,7.0
exp6_empty_2,5590,655.23486,2.7447839,0.47159275,1.0,0.0,20.0
exp6_empty_2,5591,598.08154,2.7567704,0.40463012,1.0,0.0,14.0
exp6_empty_2,5592,-380.15622,4.9541106,0.4341854,0.0,1.0,3.0
exp6_empty_2,5593,660.3648,1.4108773,0.8737024,1.0,0.0,68.0
exp6_empty_2,5594,-262.4194,2.7933068,0.36179507,0.0,1.0,19.0
exp6_empty_2,5595,-262.63495,4.6161413,0.16689141,0.0,1.0,5.0
exp6_empty_2,5596,543.57056,2.875824,0.3424496,1.0,0.0,16.0
exp6_empty_2,5597,-297.40063,4.961985,0.09157217,0.0,1.0,7.0
exp6_empty_2,5598,711.04083,4.0606303,0.11645549,1.0,0.0,12.0
exp6_empty_2,5599,605.66675,1.6328871,0.88554114,1.0,0.0,60.0
exp6_empty_2,5601,-213.1154,4.9916945,0.19906215,0.0,1.0,5.0
exp6_empty_2,5602,610.97437,3.0213773,0.38172346,1.0,0.0,15.0
exp6_empty_2,5603,537.3256,3.026626,0.69548404,1.0,0.0,10.0
exp6_empty_2,5604,650.5268,2.2115436,0.6318321,1.0,0.0,27.0
exp6_empty_2,5605,600.6891,2.7264771,0.39609247,1.0,0.0,14.0
exp6_empty_2,5606,-353.84668,4.7252183,0.22516648,0.0,1.0,4.0
exp6_empty_2,5607,715.232,2.207288,0.5922779,1.0,0.0,27.0
exp6_empty_2,5608,-422.31244,4.800803,0.060432933,0.0,1.0,2.0
exp6_empty_2,5609,-252.04822,4.927498,0.13970844,0.0,1.0,7.0
exp6_empty_2,5610,609.49567,3.1337817,0.35401222,1.0,0.0,13.0
exp6_empty_2,5611,548.2861,1.992578,0.3497141,1.0,0.0,19.0
exp6_empty_2,5612,509.25488,2.660763,0.8983771,1.0,0.0,12.0
exp6_empty_2,5613,646.8212,2.636121,0.5805451,1.0,0.0,20.0
exp6_empty_2,5614,630.5838,3.566592,0.6230536,1.0,0.0,12.0
exp6_empty_2,5615,603.6326,3.3534133,0.34848714,1.0,0.0,10.0
exp6_empty_2,5616,-166.37766,4.89882,0.1525778,0.0,1.0,7.0
exp6_empty_2,5617,649.019,2.983732,0.36903745,1.0,0.0,19.0
exp6_empty_2,5618,-273.19907,4.972356,0.42549467,0.0,1.0,2.0
exp6_empty_2,5619,606.4335,2.3552454,0.8388265,1.0,0.0,27.0
exp6_empty_2,5621,577.821,1.9706241,0.40071884,1.0,0.0,27.0
exp6_empty_2,5622,685.619,2.950682,0.5036868,1.0,0.0,22.0
exp6_empty_2,5623,692.5554,1.6599982,0.7788713,1.0,0.0,45.0
exp6_empty_2,5624,656.2128,3.3679948,0.6089527,1.0,0.0,17.0
exp6_empty_2,5625,655.75146,3.645539,0.33430693,1.0,0.0,14.0
exp6_empty_2,5626,671.28674,2.4093227,0.48361635,1.0,0.0,28.0
exp6_empty_2,5627,708.68713,2.730911,0.49943694,1.0,0.0,20.0
exp6_empty_2,5628,713.14026,3.0714014,0.34092376,1.0,0.0,19.0
exp6_empty_2,5629,631.3769,2.9464915,0.42499402,1.0,0.0,15.0
exp6_empty_2,5630,703.38293,2.9079542,0.45446354,1.0,0.0,18.0
exp6_empty_2,5631,-353.211,4.8355327,0.22232279,0.0,1.0,5.0
exp6_empty_2,5632,-314.4669,4.966554,0.16707908,0.0,1.0,5.0
exp6_empty_2,5633,575.1575,2.507281,0.5118215,1.0,0.0,13.0
exp6_empty_2,5634,-412.31586,4.999315,0.24412124,0.0,1.0,2.0
exp6_empty_2,5635,692.2355,2.5134203,0.45432156,1.0,0.0,28.0
exp6_empty_2,5636,611.4619,3.3756318,0.4925795,1.0,0.0,11.0
exp6_empty_2,5637,-216.79749,4.888106,0.20142604,0.0,1.0,4.0
exp6_empty_2,5638,605.47144,2.4877353,0.3408218,1.0,0.0,19.0
exp6_empty_2,5639,613.94714,2.275396,0.35566577,1.0,0.0,31.0
exp6_empty_2,5641,612.4084,3.8446476,0.2713861,1.0,0.0,10.0
exp6_empty_2,5642,653.11334,3.2432158,0.39531082,1.0,0.0,14.0
exp6_empty_2,5643,-347.89203,4.936807,0.20695479,0.0,1.0,5.0
exp6_empty_2,5644,618.1305,2.4349422,0.433377,1.0,0.0,22.0
exp6_empty_2,5645,734.15344,4.377015,0.61376435,1.0,0.0,13.0
exp6_empty_2,5646,671.4149,2.510315,0.42680052,1.0,0.0,26.0
exp6_empty_2,5647,566.4272,2.2728415,0.32336625,1.0,0.0,24.0
exp6_empty_2,5648,592.3065,2.956399,0.29932702,1.0,0.0,18.0
exp6_empty_2,5649,512.28516,2.0500088,0.5498287,1.0,0.0,18.0
exp6_empty_2,5650,-348.05707,4.967931,0.16079861,0.0,1.0,5.0
exp6_empty_2,5651,612.59375,3.398812,0.43226674,1.0,0.0,12.0
exp6_empty_2,5652,585.3003,3.6761,0.32476628,1.0,0.0,12.0
exp6_empty_2,5653,678.80896,3.3276694,0.34874934,1.0,0.0,15.0
exp6_empty_2,5654,680.1521,2.8248148,0.46215022,1.0,0.0,18.0
exp6_empty_2,5655,634.78033,3.4384494,0.4869221,1.0,0.0,13.0
exp6_empty_2,5656,668.04126,2.711708,0.46131334,1.0,0.0,21.0
exp6_empty_2,5657,644.91547,2.7016857,0.46794674,1.0,0.0,21.0
exp6_empty_2,5658,502.31174,2.7027085,0.7332813,1.0,0.0,12.0
exp6_empty_2,5659,-300.76123,4.9721365,0.10153641,0.0,1.0,1.0
exp6_empty_2,5661,590.0856,2.512529,0.2589588,1.0,0.0,23.0
exp6_empty_2,5662,-108.29552,4.9640937,0.0979199,0.0,1.0,8.0
exp6_empty_2,5663,671.936,2.81142,0.36758286,1.0,0.0,20.0
exp6_empty_2,5664,565.13354,1.9455975,0.44067064,1.0,0.0,27.0
exp6_empty_2,5665,691.50684,3.3766794,0.3977043,1.0,0.0,16.0
exp6_empty_2,5666,-445.79678,4.973091,0.2386839,0.0,1.0,1.0
exp6_empty_2,5667,583.18616,2.5826073,0.3738087,1.0,0.0,13.0
exp6_empty_2,5668,-203.57906,4.731688,0.09361219,0.0,1.0,11.0
exp6_empty_2,5669,582.9785,2.9787605,0.46691322,1.0,0.0,11.0
exp6_empty_2,5670,616.0744,1.4119616,0.8466362,1.0,0.0,49.0
exp6_empty_2,5671,-183.08743,2.2707884,0.65586925,0.0,1.0,27.0
exp6_empty_2,5672,590.75977,2.453119,0.40415826,1.0,0.0,17.0
exp6_empty_2,5673,562.3342,2.9403942,0.464571,1.0,0.0,10.0
exp6_empty_2,5674,619.1885,2.8639636,0.5039098,1.0,0.0,18.0
exp6_empty_2,5675,-225.55724,2.9938798,0.35076737,0.0,1.0,17.0
exp6_empty_2,5676,669.81226,3.5695786,0.65026116,1.0,0.0,16.0
exp6_empty_2,5677,-384.83008,4.5946164,0.26162872,0.0,1.0,3.0
exp6_empty_2,5678,645.4625,2.151824,0.3558021,1.0,0.0,28.0
exp6_empty_2,5679,696.71906,3.9879086,0.1793641,1.0,0.0,13.0
exp6_empty_2,5681,621.61597,2.5850892,0.54805845,1.0,0.0,22.0
exp6_empty_2,5682,545.3178,2.380881,0.5081232,1.0,0.0,12.0
exp6_empty_2,5683,674.37573,2.7792838,0.31086257,1.0,0.0,19.0
exp6_empty_2,5684,532.9847,2.3319144,0.3812824,1.0,0.0,14.0
exp6_empty_2,5685,607.2256,2.4421139,0.6694923,1.0,0.0,23.0
exp6_empty_2,5686,-342.8203,4.968138,0.17527059,0.0,1.0,5.0
exp6_empty_2,5687,667.7432,2.9113839,0.6091926,1.0,0.0,20.0
exp6_empty_2,5688,595.3501,2.4874666,0.43421474,1.0,0.0,16.0
exp6_empty_2,5689,-238.2442,2.7872758,0.31570932,0.0,1.0,20.0
exp6_empty_2,5690,525.6988,2.4267993,0.60478765,1.0,0.0,13.0
exp6_empty_2,5691,561.2479,2.274178,0.40321234,1.0,0.0,26.0
exp6_empty_2,5692,-141.08868,3.9737895,0.5688934,0.0,1.0,11.0
exp6_empty_2,5693,-302.18613,4.9998713,0.50969857,0.0,1.0,1.0
exp6_empty_2,5694,-88.303314,3.486725,0.32308677,0.0,1.0,15.0
exp6_empty_2,5695,598.92474,3.748672,0.5840911,1.0,0.0,15.0
exp6_empty_2,5696,612.13885,2.3886058,0.39425695,1.0,0.0,19.0
exp6_empty_2,5697,-394.81857,4.99214,0.18736817,0.0,1.0,6.0
exp6_empty_2,5698,-208.52882,4.9735174,0.29629016,0.0,1.0,4.0
exp6_empty_2,5699,562.1341,2.3034174,0.5074012,1.0,0.0,17.0
exp6_empty_2,5701,564.80164,1.8555812,0.6468955,1.0,0.0,19.0
exp6_empty_2,5702,619.97253,1.9766201,0.5882702,1.0,0.0,22.0
exp6_empty_2,5703,568.347,3.1756008,0.3829882,1.0,0.0,9.0
exp6_empty_2,5704,620.68787,2.6974049,0.38884538,1.0,0.0,17.0
exp6_empty_2,5705,589.10767,2.1620314,0.4257172,1.0,0.0,27.0
exp6_empty_2,5706,573.42395,2.1584675,0.44877174,1.0,0.0,22.0
exp6_empty_2,5707,652.4796,3.0206437,0.52113014,1.0,0.0,15.0
exp6_empty_2,5708,573.35236,1.9380629,0.7308868,1.0,0.0,30.0
exp6_empty_2,5709,721.5,2.3252542,0.30375373,1.0,0.0,27.0
exp6_empty_2,5710,556.50806,2.1994336,0.46953154,1.0,0.0,22.0
exp6_empty_2,5711,667.63,2.5535803,0.6148207,1.0,0.0,26.0
exp6_empty_2,5712,634.19836,2.6699038,0.30400732,1.0,0.0,22.0
exp6_empty_2,5713,644.47925,2.5778756,0.38228664,1.0,0.0,19.0
exp6_empty_2,5714,-138.95616,3.964033,0.21339366,0.0,1.0,9.0
exp6_empty_2,5715,640.7937,2.0780475,0.6561013,1.0,0.0,25.0
exp6_empty_2,5716,618.27325,2.0535011,0.39309552,1.0,0.0,32.0
exp6_empty_2,5717,-277.96484,4.891821,0.31211495,0.0,1.0,3.0
exp6_empty_2,5718,569.8714,2.2235632,0.66058046,1.0,0.0,16.0
exp6_empty_2,5719,-445.54083,4.969854,0.31671673,0.0,1.0,1.0
exp6_empty_2,5721,-321.56793,4.823096,0.18073583,0.0,1.0,5.0
exp6_empty_2,5722,664.28436,3.0055215,0.50221974,1.0,0.0,22.0
exp6_empty_2,5723,666.8197,2.5666995,0.36761495,1.0,0.0,27.0
exp6_empty_2,5724,681.11597,2.2404792,0.56585515,1.0,0.0,31.0
exp6_empty_2,5725,713.65845,3.6133256,0.20767076,1.0,0.0,15.0
exp6_empty_2,5726,-303.62027,4.6413856,0.2972196,0.0,1.0,1.0
exp6_empty_2,5727,-290.87518,4.5569596,0.11460238,0.0,1.0,9.0
exp6_empty_2,5728,600.02747,2.276416,0.3736775,1.0,0.0,24.0
exp6_empty_2,5729,680.823,2.5726206,0.45716056,1.0,0.0,25.0
exp6_empty_2,5730,-138.29462,3.7972996,0.25693867,0.0,1.0,12.0
exp6_empty_2,5731,621.2263,2.287588,0.608051,1.0,0.0,26.0
exp6_empty_2,5732,618.5837,2.3767536,0.3272936,1.0,0.0,20.0
exp6_empty_2,5733,719.84094,2.4448633,0.49682853,1.0,0.0,29.0
exp6_empty_2,5734,622.07446,2.120025,0.45878884,1.0,0.0,25.0
exp6_empty_2,5735,634.34314,2.13082,0.63433963,1.0,0.0,24.0
exp6_empty_2,5736,557.80414,1.9916031,0.34637642,1.0,0.0,23.0
exp6_empty_2,5737,-376.08655,4.9536076,0.24076188,0.0,1.0,4.0
exp6_empty_2,5738,538.66656,2.135781,0.37521976,1.0,0.0,20.0
exp6_empty_2,5739,-261.06714,4.9080014,0.2266392,0.0,1.0,3.0
exp6_empty_2,5741,-314.9323,4.907239,0.21175912,0.0,1.0,5.0
exp6_empty_2,5742,-292.83768,2.7446105,0.2832343,0.0,1.0,23.0
exp6_empty_2,5743,-284.13098,4.959933,0.14421365,0.0,1.0,7.0
exp6_empty_2,5744,589.0784,2.548991,0.38640454,1.0,0.0,21.0
exp6_empty_2,5745,668.61035,2.8829076,0.3369886,1.0,0.0,20.0
exp6_empty_2,5746,599.9417,2.671382,0.46279383,1.0,0.0,16.0
exp6_empty_2,5747,-240.46805,4.999862,0.65359205,0.0,1.0,4.0
exp6_empty_2,5748,-372.0044,4.9472995,0.20672385,0.0,1.0,5.0
exp6_empty_2,5749,550.1781,2.0355132,0.5341949,1.0,0.0,18.0
exp6_empty_2,5750,639.3418,2.1442459,0.5697138,1.0,0.0,28.0
exp6_empty_2,5751,685.3919,3.1998458,0.3730898,1.0,0.0,17.0
exp6_empty_2,5752,628.5886,2.635451,0.8394137,1.0,0.0,24.0
exp6_empty_2,5753,623.15674,3.1887453,0.5866732,1.0,0.0,16.0
exp6_empty_2,5754,686.1641,1.7539088,0.31422672,1.0,0.0,30.0
exp6_empty_2,5755,599.5644,2.7329228,0.5130141,1.0,0.0,17.0
exp6_empty_2,5756,-342.55817,2.0363486,0.3131603,0.0,1.0,26.0
exp6_empty_2,5757,638.3487,2.3893046,0.3665154,1.0,0.0,27.0
exp6_empty_2,5758,-406.08887,4.8671136,0.09834908,0.0,1.0,5.0
exp6_empty_2,5759,598.9308,2.3424964,0.57055134,1.0,0.0,22.0
exp6_empty_2,5761,-205.1864,4.918283,0.24316695,0.0,1.0,4.0
exp6_empty_2,5762,651.1295,3.3315222,0.64072067,1.0,0.0,15.0
exp6_empty_2,5763,720.4586,2.4574244,0.53441066,1.0,0.0,31.0
exp6_empty_2,5764,596.84,3.2026784,0.3698088,1.0,0.0,11.0
exp6_empty_2,5765,-188.96893,3.6716764,0.18740794,0.0,1.0,14.0
exp6_empty_2,5766,-354.54395,4.9172297,0.20505998,0.0,1.0,4.0
exp6_empty_2,5767,670.8916,3.9316897,0.645828,1.0,0.0,13.0
exp6_empty_2,5768,-348.9837,4.980579,0.23287138,0.0,1.0,4.0
exp6_empty_2,5769,648.7273,2.8023098,0.40522343,1.0,0.0,19.0
exp6_empty_2,5770,720.1548,2.539493,0.5544409,1.0,0.0,29.0
exp6_empty_2,5771,647.69904,2.3506176,0.51481813,1.0,0.0,26.0
exp6_empty_2,5772,657.0066,3.825615,0.41450816,1.0,0.0,11.0
exp6_empty_2,5773,-380.22223,4.938885,0.24868245,0.0,1.0,3.0
exp6_empty_2,5774,693.69336,3.2270641,0.37484932,1.0,0.0,17.0
exp6_empty_2,5775,660.9946,2.9717536,0.4821362,1.0,0.0,16.0
exp6_empty_2,5776,-136.23347,2.6289098,0.47804558,0.0,1.0,16.0
exp6_empty_2,5777,581.9924,2.6105082,0.5311867,1.0,0.0,20.0
exp6_empty_2,5778,526.90283,2.0733593,0.6067825,1.0,0.0,14.0
exp6_empty_2,5779,582.53046,2.4835298,0.54669076,1.0,0.0,18.0
exp6_empty_2,5781,671.93115,3.2778914,0.3351999,1.0,0.0,17.0
exp6_empty_2,5782,548.5534,1.6655746,0.4377939,1.0,0.0,33.0
exp6_empty_2,5783,-412.6202,4.990554,0.22925302,0.0,1.0,2.0
exp6_empty_2,5784,653.87244,2.6133008,0.32696155,1.0,0.0,20.0
exp6_empty_2,5785,-179.52982,3.573771,0.35624462,0.0,1.0,16.0
exp6_empty_2,5786,-264.21338,4.961811,0.10588991,0.0,1.0,7.0
exp6_empty_2,5787,633.3993,3.102851,0.3263622,1.0,0.0,18.0
exp6_empty_2,5788,580.03546,1.9380172,0.4575096,1.0,0.0,24.0
exp6_empty_2,5789,-310.5816,4.973553,0.10460507,0.0,1.0,7.0
exp6_empty_2,5790,585.8938,2.9658844,0.5227112,1.0,0.0,12.0
exp6_empty_2,5791,-321.51035,2.8060007,0.4096013,0.0,1.0,18.0
exp6_empty_2,5792,673.0764,2.5416334,0.55995846,1.0,0.0,25.0
exp6_empty_2,5793,619.21515,2.266985,0.41813362,1.0,0.0,26.0
exp6_empty_2,5794,623.9402,4.304989,0.23594469,1.0,0.0,9.0
exp6_empty_2,5795,551.1214,3.4349422,0.20109995,1.0,0.0,7.0
exp6_empty_2,5796,697.2093,1.8763076,0.7442248,1.0,0.0,43.0
exp6_empty_2,5797,-285.43527,3.775844,0.3069755,0.0,1.0,9.0
exp6_empty_2,5798,616.0198,2.702402,0.38889456,1.0,0.0,17.0
exp6_empty_2,5799,671.68286,3.5121493,0.31840876,1.0,0.0,13.0
exp6_empty_2,5801,-387.50766,4.6092267,0.24901152,0.0,1.0,3.0
exp6_empty_2,5802,673.7141,3.6852725,0.32811752,1.0,0.0,12.0
exp6_empty_2,5803,637.10803,2.6642904,0.4811437,1.0,0.0,20.0
exp6_empty_2,5804,638.4791,3.5730238,0.523614,1.0,0.0,15.0
exp6_empty_2,5805,-236.28421,4.143649,0.13816273,0.0,1.0,5.0
exp6_empty_2,5806,665.5194,2.8084927,0.5346761,1.0,0.0,20.0
exp6_empty_2,5807,607.1487,2.7963138,0.4104625,1.0,0.0,15.0
exp6_empty_2,5808,-445.41687,4.9070797,0.32842383,0.0,1.0,1.0
exp6_empty_2,5809,625.9209,3.6922188,0.28941205,1.0,0.0,11.0
exp6_empty_2,5810,-386.8122,4.795782,0.21964605,0.0,1.0,3.0
exp6_empty_2,5811,674.71765,2.5636933,0.30686802,1.0,0.0,28.0
exp6_empty_2,5812,702.68304,2.9064274,0.4407142,1.0,0.0,23.0
exp6_empty_2,5813,628.5681,1.7636391,0.7701682,1.0,0.0,37.0
exp6_empty_2,5814,685.31024,3.3249204,0.3174944,1.0,0.0,15.0
exp6_empty_2,5815,-163.54156,4.3877373,0.4808854,0.0,1.0,13.0
exp6_empty_2,5816,609.54736,4.66988,0.2561407,1.0,0.0,7.0
exp6_empty_2,5817,607.007,2.6505277,0.5604165,1.0,0.0,17.0
exp6_empty_2,5818,584.0625,2.363502,0.36290252,1.0,0.0,16.0
exp6_empty_2,5819,646.0359,2.743984,0.3545316,1.0,0.0,20.0
exp6_empty_2,5821,-212.52039,3.3118005,0.45597732,0.0,1.0,11.0
exp6_empty_2,5822,612.8797,2.2362587,0.47218314,1.0,0.0,24.0
exp6_empty_2,5823,-314.20932,4.999983,0.7217666,0.0,1.0,1.0
exp6_empty_2,5824,636.8295,1.3337902,0.8722534,1.0,0.0,76.0
exp6_empty_2,5825,611.39233,3.6266928,0.7980426,1.0,0.0,16.0
exp6_empty_2,5826,615.3041,1.7889466,0.8258301,1.0,0.0,42.0
exp6_empty_2,5827,-99.51305,3.5965111,0.32881266,0.0,1.0,15.0
exp6_empty_2,5828,622.31055,2.6020348,0.5396011,1.0,0.0,18.0
exp6_empty_2,5829,-180.51035,2.7601457,0.3633829,0.0,1.0,25.0
exp6_empty_2,5830,639.7195,1.6021852,0.82863164,1.0,0.0,43.0
exp6_empty_2,5831,558.5891,2.0628607,0.41330603,1.0,0.0,23.0
exp6_empty_2,5832,571.4707,3.1139143,0.4427208,1.0,0.0,14.0
exp6_empty_2,5833,692.45825,2.2015157,0.4063354,1.0,0.0,29.0
exp6_empty_2,5834,583.93896,2.2706318,0.69621724,1.0,0.0,21.0
exp6_empty_2,5835,673.5122,1.5705658,0.75233585,1.0,0.0,46.0
exp6_empty_2,5836,642.55505,2.5345893,0.3286006,1.0,0.0,21.0
exp6_empty_2,5837,616.2698,3.1155567,0.4445157,1.0,0.0,12.0
exp6_empty_2,5838,-337.67358,4.9428897,0.24600838,0.0,1.0,7.0
exp6_empty_2,5839,-130.02646,3.191496,0.4145343,0.0,1.0,14.0
exp6_empty_2,5841,634.2738,2.4279194,0.39545685,1.0,0.0,20.0
exp6_empty_2,5842,591.0354,2.2452543,0.5141863,1.0,0.0,25.0
exp6_empty_2,5843,661.2852,3.731352,0.3557871,1.0,0.0,13.0
exp6_empty_2,5844,596.7992,2.4809778,0.45526844,1.0,0.0,17.0
exp6_empty_2,5845,718.44214,3.702687,0.37870786,1.0,0.0,16.0
exp6_empty_2,5846,-226.9864,2.6491492,0.5667695,0.0,1.0,20.0
exp6_empty_2,5847,576.6805,3.4237227,0.44844794,1.0,0.0,10.0
exp6_empty_2,5848,701.49365,2.6935806,0.45473698,1.0,0.0,24.0
exp6_empty_2,5849,602.14215,2.120101,0.31669638,1.0,0.0,30.0
exp6_empty_2,5850,-122.67622,2.7312496,0.4495493,0.0,1.0,16.0
exp6_empty_2,5851,708.6869,2.7192087,0.30976883,1.0,0.0,24.0
exp6_empty_2,5852,-291.8189,4.669674,0.27701798,0.0,1.0,2.0
exp6_empty_2,5853,-290.9994,4.985269,0.16811843,0.0,1.0,6.0
exp6_empty_2,5854,602.5762,2.7023745,0.38336533,1.0,0.0,16.0
exp6_empty_2,5855,629.18195,3.2686114,0.44413087,1.0,0.0,15.0
exp6_empty_2,5856,-329.2436,4.975495,0.0778417,0.0,1.0,2.0
exp6_empty_2,5857,573.80475,3.2126718,0.69985235,1.0,0.0,13.0
exp6_empty_2,5858,627.92017,2.808518,0.60388184,1.0,0.0,16.0
exp6_empty_2,5859,552.0577,2.6684473,0.5473438,1.0,0.0,11.0
exp6_empty_2,5861,-233.08234,4.9814363,0.16337526,0.0,1.0,5.0
exp6_empty_2,5862,695.2425,3.2335615,0.45602027,1.0,0.0,16.0
exp6_empty_2,5863,-129.13297,4.2473035,0.30003515,0.0,1.0,8.0
exp6_empty_2,5864,592.7064,3.8666153,0.18905313,1.0,0.0,8.0
exp6_empty_2,5865,631.8246,2.9853246,0.35513076,1.0,0.0,17.0
exp6_empty_2,5866,-272.34845,4.9748645,0.138927,0.0,1.0,3.0
exp6_empty_2,5867,-175.49628,4.9565196,0.15387711,0.0,1.0,6.0
exp6_empty_2,5868,-239.92711,3.449231,0.3586136,0.0,1.0,16.0
exp6_empty_2,5869,660.404,2.158248,0.5915756,1.0,0.0,31.0
exp6_empty_2,5870,581.9865,3.837665,0.7942248,1.0,0.0,13.0
exp6_empty_2,5871,665.06995,3.723629,0.42744294,1.0,0.0,12.0
exp6_empty_2,5872,-248.6498,2.1712105,0.5663638,0.0,1.0,19.0
exp6_empty_2,5873,-142.01521,4.974057,0.23241268,0.0,1.0,7.0
exp6_empty_2,5874,579.40967,2.7139397,0.4473867,1.0,0.0,12.0
exp6_empty_2,5875,-349.64667,4.976562,0.21788438,0.0,1.0,4.0
exp6_empty_2,5876,666.1604,2.65774,0.34710592,1.0,0.0,21.0
exp6_empty_2,5877,692.7619,2.380091,0.45693967,1.0,0.0,24.0
exp6_empty_2,5878,642.928,2.9637475,0.48404175,1.0,0.0,18.0
exp6_empty_2,5879,566.0652,1.9309057,0.43638372,1.0,0.0,26.0
exp6_empty_2,5881,645.5421,3.3291538,0.49139526,1.0,0.0,13.0
exp6_empty_2,5882,653.0324,2.725215,0.45365933,1.0,0.0,16.0
exp6_empty_2,5883,-249.53917,4.9759116,0.1697323,0.0,1.0,7.0
exp6_empty_2,5884,619.78796,3.6087193,0.69335693,1.0,0.0,14.0
exp6_empty_2,5885,632.4334,2.8436284,0.57473963,1.0,0.0,17.0
exp6_empty_2,5886,-174.97136,4.9782405,0.19180125,0.0,1.0,6.0
exp6_empty_2,5887,625.2399,2.315578,0.4311654,1.0,0.0,25.0
exp6_empty_2,5888,693.2355,2.5227365,0.5032092,1.0,0.0,31.0
exp6_empty_2,5889,-279.18555,4.9785013,0.23481078,0.0,1.0,5.0
exp6_empty_2,5890,556.2092,3.7121031,0.5415309,1.0,0.0,9.0
exp6_empty_2,5891,611.9723,1.4557258,0.8246729,1.0,0.0,42.0
exp6_empty_2,5892,-259.81482,4.95881,0.16048372,0.0,1.0,7.0
exp6_empty_2,5893,565.21295,2.8265116,0.44776404,1.0,0.0,13.0
exp6_empty_2,5894,-331.28156,4.605916,0.71091014,0.0,1.0,7.0
exp6_empty_2,5895,567.59924,2.6660666,0.2050698,1.0,0.0,15.0
exp6_empty_2,5896,573.1856,2.1019082,0.63601,1.0,0.0,17.0
exp6_empty_2,5897,610.54944,2.4724424,0.6091046,1.0,0.0,22.0
exp6_empty_2,5898,684.63245,4.2553,0.4829599,1.0,0.0,12.0
exp6_empty_2,5899,663.71326,2.6589553,0.6085937,1.0,0.0,21.0
exp6_empty_2,5901,648.2416,3.8978112,0.7859374,1.0,0.0,14.0
exp6_empty_2,5902,601.5259,3.2611983,0.40480042,1.0,0.0,13.0
exp6_empty_2,5903,530.086,2.0808187,0.48245883,1.0,0.0,14.0
exp6_empty_2,5904,607.42957,2.743409,0.34732106,1.0,0.0,19.0
exp6_empty_2,5905,636.6186,2.3337555,0.6681737,1.0,0.0,23.0
exp6_empty_2,5906,624.6756,4.3837566,0.27787322,1.0,0.0,9.0
exp6_empty_2,5907,544.4829,1.9780166,0.53055716,1.0,0.0,23.0
exp6_empty_2,5908,605.41113,2.6396694,0.53970534,1.0,0.0,21.0
exp6_empty_2,5909,621.5277,2.2856455,0.4212496,1.0,0.0,26.0
exp6_empty_2,5910,579.1126,2.6233163,0.3914264,1.0,0.0,16.0
exp6_empty_2,5911,599.28894,2.591114,0.28782693,1.0,0.0,18.0
exp6_empty_2,5912,647.8813,2.5118084,0.63150144,1.0,0.0,21.0
exp6_empty_2,5913,-281.9913,4.9993734,0.45667082,0.0,1.0,2.0
exp6_empty_2,5914,546.4574,3.61827,0.8747618,1.0,0.0,11.0
exp6_empty_2,5915,638.59644,1.9809331,0.66988975,1.0,0.0,30.0
exp6_empty_2,5916,-282.42004,4.9301376,0.24389248,0.0,1.0,7.0
exp6_empty_2,5917,615.3979,1.8111082,0.75407803,1.0,0.0,28.0
exp6_empty_2,5918,-312.70538,4.9702816,0.20884494,0.0,1.0,6.0
exp6_empty_2,5919,574.6293,1.7679842,0.7392324,1.0,0.0,28.0
exp6_empty_2,5921,687.51544,2.3964348,0.30266172,1.0,0.0,28.0
exp6_empty_2,5922,602.2243,3.1592195,0.7460901,1.0,0.0,15.0
exp6_empty_2,5923,723.6847,4.9736023,0.2389996,1.0,0.0,11.0
exp6_empty_2,5924,618.9165,3.2130544,0.3381817,1.0,0.0,14.0
exp6_empty_2,5925,-418.71194,4.805106,0.23765051,0.0,1.0,2.0
exp6_empty_2,5926,-240.1659,4.888027,0.2334118,0.0,1.0,4.0
exp6_empty_2,5927,646.11414,1.9321809,0.7074582,1.0,0.0,36.0
exp6_empty_2,5928,-319.4082,4.7979918,0.40658438,0.0,1.0,1.0
exp6_empty_2,5929,642.2853,2.3652616,0.44750595,1.0,0.0,25.0
exp6_empty_2,5930,619.1683,3.211043,0.39566913,1.0,0.0,16.0
exp6_empty_2,5931,607.2852,2.2896264,0.32528996,1.0,0.0,18.0
exp6_empty_2,5932,516.19543,2.3991892,0.7110121,1.0,0.0,11.0
exp6_empty_2,5933,-309.4273,3.4866896,0.32695046,0.0,1.0,11.0
exp6_empty_2,5934,646.33545,2.7660494,0.5301509,1.0,0.0,18.0
exp6_empty_2,5935,656.9774,3.0417075,0.44321743,1.0,0.0,20.0
exp6_empty_2,5936,-445.43726,4.976308,0.25194916,0.0,1.0,1.0
exp6_empty_2,5937,692.8219,2.7090034,0.28391322,1.0,0.0,24.0
exp6_empty_2,5938,559.1237,1.9169909,0.44821697,1.0,0.0,21.0
exp6_empty_2,5939,542.4037,2.582343,0.34430707,1.0,0.0,22.0
exp6_empty_2,5941,654.75183,2.4517422,0.5199033,1.0,0.0,24.0
exp6_empty_2,5942,587.30994,2.007204,0.6972598,1.0,0.0,27.0
exp6_empty_2,5943,-228.84473,3.446734,0.6573086,0.0,1.0,16.0
exp6_empty_2,5944,570.9346,2.6628482,0.37221467,1.0,0.0,18.0
exp6_empty_2,5945,616.82184,3.3967557,0.54734004,1.0,0.0,13.0
exp6_empty_2,5946,571.3038,3.1754723,0.41625777,1.0,0.0,11.0
exp6_empty_2,5947,537.4595,2.6279452,0.43634933,1.0,0.0,15.0
exp6_empty_2,5948,607.3602,2.766677,0.3285171,1.0,0.0,22.0
exp6_empty_2,5949,-277.33295,4.9919357,0.1823255,0.0,1.0,7.0
exp6_empty_2,5950,-219.11908,4.9412403,0.22215988,0.0,1.0,4.0
exp6_empty_2,5951,631.1336,2.2211435,0.44567412,1.0,0.0,27.0
exp6_empty_2,5952,690.55444,3.6755023,0.33872208,1.0,0.0,13.0
exp6_empty_2,5953,559.8559,4.007795,0.7044349,1.0,0.0,9.0
exp6_empty_2,5954,648.5377,3.1537848,0.4548211,1.0,0.0,16.0
exp6_empty_2,5955,701.6111,3.6828728,0.27957097,1.0,0.0,13.0
exp6_empty_2,5956,552.24023,1.9661065,0.50171125,1.0,0.0,29.0
exp6_empty_2,5957,-198.38045,3.7126236,0.16399096,0.0,1.0,12.0
exp6_empty_2,5958,657.2411,2.2263336,0.6058112,1.0,0.0,22.0
exp6_empty_2,5959,615.30444,2.051461,0.70547295,1.0,0.0,24.0
exp6_empty_2,5961,565.7924,1.6771065,0.40535247,1.0,0.0,27.0
exp6_empty_2,5962,566.84296,2.644831,0.41214302,1.0,0.0,11.0
exp6_empty_2,5963,628.02527,3.4104729,0.378296,1.0,0.0,11.0
exp6_empty_2,5964,-286.0741,4.3097596,0.5655097,0.0,1.0,10.0
exp6_empty_2,5965,688.2532,2.6765947,0.5987944,1.0,0.0,22.0
exp6_empty_2,5966,711.57404,3.1296582,0.37985086,1.0,0.0,18.0
exp6_empty_2,5967,-196.35999,2.670151,0.40182787,0.0,1.0,15.0
exp6_empty_2,5968,639.2313,3.2312982,0.49186072,1.0,0.0,17.0
exp6_empty_2,5969,668.76306,2.613972,0.53102994,1.0,0.0,20.0
exp6_empty_2,5970,-308.72327,4.999995,0.20321587,0.0,1.0,1.0
exp6_empty_2,5971,604.8483,3.0277956,0.35256353,1.0,0.0,16.0
exp6_empty_2,5972,605.4377,2.5583332,0.3968162,1.0,0.0,15.0
exp6_empty_2,5973,641.25183,2.3489046,0.69274116,1.0,0.0,24.0
exp6_empty_2,5974,589.48706,3.067364,0.6362188,1.0,0.0,15.0
exp6_empty_2,5975,543.67847,2.4210298,0.3475063,1.0,0.0,28.0
exp6_empty_2,5976,515.3834,2.9092038,0.88009065,1.0,0.0,14.0
exp6_empty_2,5977,-380.77936,4.8730936,0.24249719,0.0,1.0,4.0
exp6_empty_2,5978,630.3336,2.5190692,0.45892313,1.0,0.0,18.0
exp6_empty_2,5979,660.2345,2.556403,0.26273802,1.0,0.0,28.0
exp6_empty_2,5981,649.0757,3.7891414,0.30698848,1.0,0.0,12.0
exp6_empty_2,5982,678.0196,3.5416372,0.38205838,1.0,0.0,16.0
exp6_empty_2,5983,551.53217,2.2445793,0.3183524,1.0,0.0,22.0
exp6_empty_2,5984,-254.73563,2.5320132,0.6235394,0.0,1.0,19.0
exp6_empty_2,5985,651.16833,2.7333825,0.46209875,1.0,0.0,24.0
exp6_empty_2,5986,634.14777,3.1134832,0.40404755,1.0,0.0,13.0
exp6_empty_2,5987,738.2554,3.5491862,0.21021338,1.0,0.0,15.0
exp6_empty_2,5988,667.8374,2.6586678,0.4615345,1.0,0.0,21.0
exp6_empty_2,5989,622.29425,2.4603426,0.31594124,1.0,0.0,23.0
exp6_empty_2,5990,514.0298,2.0070632,0.36670095,1.0,0.0,20.0
exp6_empty_2,5991,-253.59267,4.9134784,0.11849272,0.0,1.0,8.0
exp6_empty_2,5992,634.4707,2.7669644,0.60279036,1.0,0.0,18.0
exp6_empty_2,5993,-408.62302,4.855194,0.44094524,0.0,1.0,3.0
exp6_empty_2,5994,615.20233,2.7349021,0.6112138,1.0,0.0,15.0
exp6_empty_2,5995,-392.599,4.845247,0.36262912,0.0,1.0,2.0
exp6_empty_2,5996,-225.1673,4.943468,0.14893155,0.0,1.0,4.0
exp6_empty_2,5997,649.53656,3.388963,0.48652437,1.0,0.0,13.0
exp6_empty_2,5998,637.07654,3.7164521,0.48623678,1.0,0.0,14.0
exp6_empty_2,5999,636.0739,2.76215,0.64086366,1.0,0.0,21.0
exp6_empty_2,6001,620.2619,2.563791,0.3898498,1.0,0.0,16.0
exp6_empty_2,6002,624.78906,1.8876673,0.60785,1.0,0.0,24.0
exp6_empty_2,6003,-351.88583,4.779933,0.21615472,0.0,1.0,5.0
exp6_empty_2,6004,661.8164,1.7297059,0.79086983,1.0,0.0,45.0
exp6_empty_2,6005,622.03625,2.1299086,0.4096484,1.0,0.0,27.0
exp6_empty_2,6006,581.50024,2.4012568,0.42102584,1.0,0.0,17.0
exp6_empty_2,6007,580.9222,3.0209033,0.26421696,1.0,0.0,10.0
exp6_empty_2,6008,-413.02286,4.9638696,0.2297344,0.0,1.0,2.0
exp6_empty_2,6009,576.2965,1.3584024,0.91213834,1.0,0.0,59.0
exp6_empty_2,6010,-135.60976,3.2907054,0.28603628,0.0,1.0,12.0
exp6_empty_2,6011,707.08276,2.118242,0.54602337,1.0,0.0,27.0
exp6_empty_2,6012,615.7426,1.8946154,0.39629126,1.0,0.0,37.0
exp6_empty_2,6013,-215.15869,4.9491396,0.2781649,0.0,1.0,4.0
exp6_empty_2,6014,583.0304,2.3665423,0.4398388,1.0,0.0,20.0
exp6_empty_2,6015,595.4873,1.9923939,0.30775675,1.0,0.0,20.0
exp6_empty_2,6016,693.7606,3.0823758,0.37233013,1.0,0.0,19.0
exp6_empty_2,6017,650.10425,2.4734285,0.25273007,1.0,0.0,31.0
exp6_empty_2,6018,665.3164,3.274647,0.34280455,1.0,0.0,18.0
exp6_empty_2,6019,596.9868,3.5639708,0.32691857,1.0,0.0,9.0
exp6_empty_2,6021,681.55994,2.8018377,0.43275508,1.0,0.0,22.0
exp6_empty_2,6022,634.3375,2.0880868,0.37536487,1.0,0.0,36.0
exp6_empty_2,6023,-157.11604,3.0426624,0.36547008,0.0,1.0,12.0
exp6_empty_2,6024,567.4617,2.116773,0.48991707,1.0,0.0,24.0
exp6_empty_2,6025,-290.44724,4.9080095,0.1834588,0.0,1.0,7.0
exp6_empty_2,6026,591.76526,2.8661337,0.39037693,1.0,0.0,18.0
exp6_empty_2,6027,677.8291,1.9317033,0.6829414,1.0,0.0,32.0
exp6_empty_2,6028,668.7261,2.8532357,0.5742532,1.0,0.0,20.0
exp6_empty_2,6029,-176.70049,4.9835587,0.12630609,0.0,1.0,6.0
exp6_empty_2,6030,697.30084,3.3743052,0.40214786,1.0,0.0,15.0
exp6_empty_2,6031,624.2404,1.3029002,0.3526822,1.0,0.0,40.0
exp6_empty_2,6032,-303.6845,1.6293385,0.42285162,0.0,1.0,29.0
exp6_empty_2,6033,738.43445,3.523264,0.3768489,1.0,0.0,17.0
exp6_empty_2,6034,621.2573,2.8372054,0.5090653,1.0,0.0,18.0
exp6_empty_2,6035,639.4166,3.1939209,0.39646512,1.0,0.0,17.0
exp6_empty_2,6036,-209.1743,4.8677144,0.32717967,0.0,1.0,4.0
exp6_empty_2,6037,647.9159,1.6014313,0.7934069,1.0,0.0,43.0
exp6_empty_2,6038,-413.75876,4.9846263,0.40846682,0.0,1.0,2.0
exp6_empty_2,6039,620.1734,3.6137626,0.4421878,1.0,0.0,12.0
exp6_empty_2,6041,-87.672134,3.0321336,0.35555255,0.0,1.0,18.0
exp6_empty_2,6042,627.52747,2.4014685,0.6457277,1.0,0.0,24.0
exp6_empty_2,6043,585.497,2.049321,0.52781516,1.0,0.0,18.0
exp6_empty_2,6044,675.7805,2.3338535,0.39772594,1.0,0.0,31.0
exp6_empty_2,6045,582.2499,2.5266275,0.50299644,1.0,0.0,26.0
exp6_empty_2,6046,583.8621,2.8274007,0.515074,1.0,0.0,13.0
exp6_empty_2,6047,622.6875,2.7552722,0.30977806,1.0,0.0,18.0
exp6_empty_2,6048,-283.4031,4.9896216,0.19047911,0.0,1.0,6.0
exp6_empty_2,6049,597.0322,2.89563,0.36338115,1.0,0.0,17.0
exp6_empty_2,6050,603.36365,2.358114,0.48401818,1.0,0.0,26.0
exp6_empty_2,6051,-241.2735,4.989809,0.20429802,0.0,1.0,3.0
exp6_empty_2,6052,563.79407,3.944861,0.493352,1.0,0.0,8.0
exp6_empty_2,6053,626.53815,2.8548298,0.4215292,1.0,0.0,14.0
exp6_empty_2,6054,600.5791,1.627915,0.448523,1.0,0.0,33.0
exp6_empty_2,6055,597.0624,2.6913445,0.59253174,1.0,0.0,16.0
exp6_empty_2,6056,724.3655,3.190171,0.30904663,1.0,0.0,23.0
exp6_empty_2,6057,619.824,3.6802506,0.38238162,1.0,0.0,10.0
exp6_empty_2,6058,-275.21735,2.2247732,0.401004,0.0,1.0,26.0
exp6_empty_2,6059,-255.61383,2.430485,0.33240345,0.0,1.0,24.0
exp6_empty_2,6061,538.9231,2.1323447,0.4311272,1.0,0.0,15.0
exp6_empty_2,6062,-343.45673,4.937216,0.15457779,0.0,1.0,6.0
exp6_empty_2,6063,-293.02448,4.6000714,0.17510419,0.0,1.0,6.0
exp6_empty_2,6064,-294.42194,2.7384403,0.50640863,0.0,1.0,14.0
exp6_empty_2,6065,655.7499,2.9242659,0.4004463,1.0,0.0,16.0
exp6_empty_2,6066,639.6425,2.5984051,0.52647734,1.0,0.0,21.0
exp6_empty_2,6067,569.73694,1.7791334,0.794366,1.0,0.0,36.0
exp6_empty_2,6068,-326.39276,2.6956549,0.5311674,0.0,1.0,10.0
exp6_empty_2,6069,-178.9546,4.961511,0.27274972,0.0,1.0,5.0
exp6_empty_2,6070,-199.5536,4.9190416,0.15952541,0.0,1.0,11.0
exp6_empty_2,6071,-416.44037,4.9528155,0.3053282,0.0,1.0,2.0
exp6_empty_2,6072,679.2403,2.2565632,0.5777427,1.0,0.0,25.0
exp6_empty_2,6073,635.36884,2.4547575,0.651015,1.0,0.0,24.0
exp6_empty_2,6074,662.551,3.281985,0.5250962,1.0,0.0,14.0
exp6_empty_2,6075,673.04895,2.2965724,0.7144355,1.0,0.0,31.0
exp6_empty_2,6076,-135.56334,4.9622965,0.16375028,0.0,1.0,8.0
exp6_empty_2,6077,599.15625,2.6902027,0.3760357,1.0,0.0,19.0
exp6_empty_2,6078,564.9679,2.154574,0.996159,1.0,0.0,37.0
exp6_empty_2,6079,626.82135,1.6691558,0.79381776,1.0,0.0,36.0
exp6_empty_2,6081,693.77936,3.4392877,0.42404568,1.0,0.0,15.0
exp6_empty_2,6082,654.83496,2.6823833,0.5416769,1.0,0.0,19.0
exp6_empty_2,6083,645.5317,2.8818233,0.5225534,1.0,0.0,18.0
exp6_empty_2,6084,576.8071,2.2914245,0.37115386,1.0,0.0,19.0
exp6_empty_2,6085,663.76715,3.764707,0.1884046,1.0,0.0,11.0
exp6_empty_2,6086,658.3099,2.4292817,0.47628003,1.0,0.0,20.0
exp6_empty_2,6087,602.49554,3.0409,0.43032408,1.0,0.0,14.0
exp6_empty_2,6088,611.6466,2.0256073,0.6398096,1.0,0.0,26.0
exp6_empty_2,6089,-123.763535,2.5655432,0.2936877,0.0,1.0,22.0
exp6_empty_2,6090,581.63635,2.0946677,0.46010873,1.0,0.0,25.0
exp6_empty_2,6091,681.5411,2.5134284,0.3677833,1.0,0.0,21.0
exp6_empty_2,6092,607.3253,1.9939564,0.46520013,1.0,0.0,25.0
exp6_empty_2,6093,602.0288,2.2262235,0.48001558,1.0,0.0,26.0
exp6_empty_2,6094,615.6736,2.6267664,0.5084973,1.0,0.0,19.0
exp6_empty_2,6095,635.1654,2.364282,0.3506252,1.0,0.0,28.0
exp6_empty_2,6096,-157.86896,2.0254638,0.38473985,0.0,1.0,28.0
exp6_empty_2,6097,684.15186,3.4397306,0.49857584,1.0,0.0,16.0
exp6_empty_2,6098,-154.27734,4.952972,0.1303636,0.0,1.0,6.0
exp6_empty_2,6099,694.927,3.118683,0.5749051,1.0,0.0,22.0
exp6_empty_2,6101,647.32605,3.42124,0.48710108,1.0,0.0,13.0
exp6_empty_2,6102,645.53674,3.0715747,0.4521062,1.0,0.0,16.0
exp6_empty_2,6103,577.98474,2.5696557,0.4034859,1.0,0.0,15.0
exp6_empty_2,6104,-316.29608,2.9995627,0.30329904,0.0,1.0,17.0
exp6_empty_2,6105,701.7594,3.2070084,0.4090963,1.0,0.0,17.0
exp6_empty_2,6106,629.98254,4.0927987,0.2875771,1.0,0.0,10.0
exp6_empty_2,6107,729.5446,2.3754582,0.64060634,1.0,0.0,29.0
exp6_empty_2,6108,611.9254,1.9451327,0.6190506,1.0,0.0,29.0
exp6_empty_2,6109,-443.8569,4.970351,0.20592257,0.0,1.0,2.0
exp6_empty_2,6110,-216.15137,4.8648634,0.23633882,0.0,1.0,4.0
exp6_empty_2,6111,-350.67215,4.9317856,0.28139892,0.0,1.0,4.0
exp6_empty_2,6112,649.24915,1.8479638,0.70778877,1.0,0.0,31.0
exp6_empty_2,6113,710.16943,3.0769176,0.362631,1.0,0.0,19.0
exp6_empty_2,6114,-317.05304,4.9462028,0.19913968,0.0,1.0,5.0
exp6_empty_2,6115,565.21014,2.1999211,0.52019846,1.0,0.0,20.0
exp6_empty_2,6116,688.4494,3.1720047,0.3421577,1.0,0.0,18.0
exp6_empty_2,6117,589.28186,2.6948843,0.41467273,1.0,0.0,17.0
exp6_empty_2,6118,686.4886,3.7681,0.36967883,1.0,0.0,14.0
exp6_empty_2,6119,-236.19653,4.8450336,0.16100687,0.0,1.0,8.0
exp6_empty_2,6121,-185.93427,4.789279,0.7461904,0.0,1.0,10.0
exp6_empty_2,6122,512.2691,2.4355657,0.59276813,1.0,0.0,12.0
exp6_empty_2,6123,-250.49942,4.8665876,0.21643193,0.0,1.0,6.0
exp6_empty_2,6124,657.7449,3.480669,0.4305982,1.0,0.0,14.0
exp6_empty_2,6125,730.9998,2.5577521,0.64301956,1.0,0.0,25.0
exp6_empty_2,6126,564.19604,1.954574,0.472106,1.0,0.0,32.0
exp6_empty_2,6127,-124.97714,1.8220209,0.56567466,0.0,1.0,31.0
exp6_empty_2,6128,545.7275,2.6363127,0.3837131,1.0,0.0,18.0
exp6_empty_2,6129,751.35596,2.9984844,0.5237776,1.0,0.0,21.0
exp6_empty_2,6130,652.069,2.4754293,0.35390076,1.0,0.0,22.0
exp6_empty_2,6131,722.06995,3.3486378,0.37612802,1.0,0.0,21.0
exp6_empty_2,6132,694.82184,2.414689,0.676815,1.0,0.0,25.0
exp6_empty_2,6133,701.0661,2.8278503,0.42533633,1.0,0.0,24.0
exp6_empty_2,6134,-239.71211,4.9696255,0.31563663,0.0,1.0,3.0
exp6_empty_2,6135,-236.85724,4.9853444,0.19729525,0.0,1.0,3.0
exp6_empty_2,6136,616.923,2.9030795,0.5474704,1.0,0.0,22.0
exp6_empty_2,6137,605.11926,2.967409,0.45864016,1.0,0.0,13.0
exp6_empty_2,6138,631.85596,2.1093187,0.6508042,1.0,0.0,26.0
exp6_empty_2,6139,550.15735,2.1134183,0.3978482,1.0,0.0,27.0
exp6_empty_2,6141,654.2232,2.3520973,0.4230678,1.0,0.0,29.0
exp6_empty_2,6142,668.91614,2.1246462,0.70791507,1.0,0.0,33.0
exp6_empty_2,6143,-338.22455,4.5878787,0.21736899,0.0,1.0,5.0
exp6_empty_2,6144,654.0676,3.7911098,0.57798624,1.0,0.0,14.0
exp6_empty_2,6145,-132.93999,3.2482119,0.45782843,0.0,1.0,15.0
exp6_empty_2,6146,644.78467,3.7061415,0.42971689,1.0,0.0,11.0
exp6_empty_2,6147,714.1754,3.611668,0.391662,1.0,0.0,16.0
exp6_empty_2,6148,657.644,2.4900596,0.32724294,1.0,0.0,23.0
exp6_empty_2,6149,-286.7022,4.9359646,0.15785186,0.0,1.0,6.0
exp6_empty_2,6150,-338.65576,4.8956747,0.59156054,0.0,1.0,1.0
exp6_empty_2,6151,-445.3166,4.999978,0.61018676,0.0,1.0,1.0
exp6_empty_2,6152,603.9022,3.24505,0.53680223,1.0,0.0,13.0
exp6_empty_2,6153,-352.1212,4.842351,0.2676507,0.0,1.0,4.0
exp6_empty_2,6154,589.72894,2.030627,0.5965811,1.0,0.0,37.0
exp6_empty_2,6155,651.9784,2.7488892,0.4309829,1.0,0.0,23.0
exp6_empty_2,6156,680.44214,3.2612844,0.40196797,1.0,0.0,16.0
exp6_empty_2,6157,636.56354,4.334715,0.61496633,1.0,0.0,12.0
exp6_empty_2,6158,-177.29672,4.9493513,0.20344718,0.0,1.0,5.0
exp6_empty_2,6159,546.1662,3.1869814,0.81155324,1.0,0.0,13.0
exp6_empty_2,6161,628.67,2.2763891,0.83264077,1.0,0.0,31.0
exp6_empty_2,6162,-304.2434,4.1610365,0.18628111,0.0,1.0,9.0
exp6_empty_2,6163,-125.39244,3.4394639,0.41058773,0.0,1.0,14.0
exp6_empty_2,6164,-263.6125,4.9195642,0.19032665,0.0,1.0,5.0
exp6_empty_2,6165,651.6243,3.6544788,0.40790188,1.0,0.0,12.0
exp6_empty_2,6166,726.4828,2.4789622,0.63750386,1.0,0.0,26.0
exp6_empty_2,6167,-301.08032,3.156703,0.4293515,0.0,1.0,18.0
exp6_empty_2,6168,-210.94193,4.993627,0.2313371,0.0,1.0,5.0
exp6_empty_2,6169,624.54517,2.2626803,0.5612281,1.0,0.0,28.0
exp6_empty_2,6170,665.4656,3.453598,0.3995425,1.0,0.0,13.0
exp6_empty_2,6171,600.5298,2.7158296,0.48058155,1.0,0.0,22.0
exp6_empty_2,6172,-122.014206,2.776476,0.42660177,0.0,1.0,21.0
exp6_empty_2,6173,625.444,2.1443083,0.6505118,1.0,0.0,29.0
exp6_empty_2,6174,642.9524,1.4818126,0.23273842,1.0,0.0,38.0
exp6_empty_2,6175,614.9188,3.0271986,0.32171938,1.0,0.0,19.0
exp6_empty_2,6176,603.47986,2.3208895,0.34397012,1.0,0.0,22.0
exp6_empty_2,6177,643.8352,2.3861089,0.61014956,1.0,0.0,26.0
exp6_empty_2,6178,-446.60294,4.6418495,0.294582,0.0,1.0,1.0
exp6_empty_2,6179,725.27325,3.3909245,0.4293509,1.0,0.0,18.0
exp6_empty_2,6181,-382.16293,4.9997325,0.09660183,0.0,1.0,1.0
exp6_empty_2,6182,531.3939,3.2546055,0.6902963,1.0,0.0,10.0
exp6_empty_2,6183,642.3265,2.7038512,0.31802237,1.0,0.0,18.0
exp6_empty_2,6184,-310.40082,4.9618883,0.47067305,0.0,1.0,1.0
exp6_empty_2,6185,619.54736,3.837186,0.70616436,1.0,0.0,15.0
exp6_empty_2,6186,537.1801,1.6121339,0.84715885,1.0,0.0,41.0
exp6_empty_2,6187,665.3672,3.6045117,0.41373074,1.0,0.0,15.0
exp6_empty_2,6188,708.3263,1.7973421,0.77291995,1.0,0.0,45.0
exp6_empty_2,6189,-349.81036,3.005802,0.38454792,0.0,1.0,14.0
exp6_empty_2,6190,627.25256,4.076879,0.29090935,1.0,0.0,10.0
exp6_empty_2,6191,-60.42804,2.8809993,0.47784364,0.0,1.0,21.0
exp6_empty_2,6192,-224.92873,4.979691,0.30067125,0.0,1.0,4.0
exp6_empty_2,6193,607.2066,3.3448834,0.44566435,1.0,0.0,13.0
exp6_empty_2,6194,645.17816,2.6364124,0.4640299,1.0,0.0,24.0
exp6_empty_2,6195,648.3578,2.3771703,0.6464272,1.0,0.0,25.0
exp6_empty_2,6196,623.84,3.1907516,0.5014008,1.0,0.0,15.0
exp6_empty_2,6197,-378.3564,4.970001,0.3003468,0.0,1.0,4.0
exp6_empty_2,6198,242.61752,1.5871634,0.90623415,0.0,0.0,100.0
exp6_empty_2,6199,608.3703,2.3077269,0.38640583,1.0,0.0,16.0
exp6_empty_2,6201,-191.03271,3.1702387,0.364808,0.0,1.0,17.0
exp6_empty_2,6202,723.79736,4.174264,0.1903198,1.0,0.0,13.0
exp6_empty_2,6203,-252.4002,4.876865,0.19098541,0.0,1.0,7.0
exp6_empty_2,6204,-196.0101,2.9763634,0.35677755,0.0,1.0,16.0
exp6_empty_2,6205,593.5917,2.3732824,0.62055516,1.0,0.0,17.0
exp6_empty_2,6206,-444.66537,4.9998617,0.19015788,0.0,1.0,1.0
exp6_empty_2,6207,725.0003,4.025559,0.36289918,1.0,0.0,13.0
exp6_empty_2,6208,-271.70242,4.919368,0.24640547,0.0,1.0,2.0
exp6_empty_2,6209,-245.5842,4.698182,0.2862398,0.0,1.0,4.0
exp6_empty_2,6210,-242.01067,3.3983896,0.32811424,0.0,1.0,17.0
exp6_empty_2,6211,-324.12546,4.90094,0.22640641,0.0,1.0,5.0
exp6_empty_2,6212,668.6009,3.2332602,0.43573835,1.0,0.0,15.0
exp6_empty_2,6213,552.4951,3.0866416,0.4482199,1.0,0.0,11.0
exp6_empty_2,6214,-144.00809,4.978494,0.15334143,0.0,1.0,7.0
exp6_empty_2,6215,-214.21967,4.9933405,0.17892042,0.0,1.0,4.0
exp6_empty_2,6216,593.1836,2.412123,0.34080485,1.0,0.0,22.0
exp6_empty_2,6217,629.86664,2.310479,0.6777982,1.0,0.0,24.0
exp6_empty_2,6218,-378.50024,4.9944572,0.107160114,0.0,1.0,1.0
exp6_empty_2,6219,716.3334,2.794757,0.49543676,1.0,0.0,22.0
exp6_empty_2,6221,-140.73715,4.9842587,0.18183798,0.0,1.0,6.0
exp6_empty_2,6222,551.13446,2.5198903,0.40297475,1.0,0.0,17.0
exp6_empty_2,6223,560.95074,2.2188082,0.5667913,1.0,0.0,18.0
exp6_empty_2,6224,644.1802,2.4598038,0.48302442,1.0,0.0,21.0
exp6_empty_2,6225,-311.90186,4.945834,0.2107036,0.0,1.0,7.0
exp6_empty_2,6226,601.4352,2.3147955,0.3638664,1.0,0.0,19.0
exp6_empty_2,6227,-446.05875,4.865425,0.22043626,0.0,1.0,1.0
exp6_empty_2,6228,-380.61398,4.9532447,0.31481764,0.0,1.0,3.0
exp6_empty_2,6229,553.3141,2.77463,0.6859665,1.0,0.0,16.0
exp6_empty_2,6230,-290.40814,4.9709573,0.22368324,0.0,1.0,7.0
exp6_empty_2,6231,617.2909,2.3395486,0.40250134,1.0,0.0,23.0
exp6_empty_2,6232,545.63696,2.6451309,0.48866475,1.0,0.0,12.0
exp6_empty_2,6233,665.76843,2.2970538,0.42350426,1.0,0.0,23.0
exp6_empty_2,6234,672.1019,4.7277527,0.23657748,1.0,0.0,9.0
exp6_empty_2,6235,-234.76288,4.970392,0.20494482,0.0,1.0,4.0
exp6_empty_2,6236,551.58777,2.1582503,0.38900083,1.0,0.0,19.0
exp6_empty_2,6237,625.56616,2.7786183,0.33839792,1.0,0.0,17.0
exp6_empty_2,6238,608.6223,2.526454,0.4235651,1.0,0.0,26.0
exp6_empty_2,6239,-317.0987,4.9400682,0.22575188,0.0,1.0,5.0
exp6_empty_2,6241,538.04816,2.6805494,0.45640787,1.0,0.0,12.0
exp6_empty_2,6242,685.06006,2.313098,0.6502631,1.0,0.0,27.0
exp6_empty_2,6243,564.959,2.1120446,0.45806643,1.0,0.0,22.0
exp6_empty_2,6244,-105.98131,3.4314249,0.35379034,0.0,1.0,14.0
exp6_empty_2,6245,629.3943,2.6125445,0.56315,1.0,0.0,18.0
exp6_empty_2,6246,596.5558,2.1378899,0.4992057,1.0,0.0,26.0
exp6_empty_2,6247,537.142,2.2105613,0.6180458,1.0,0.0,13.0
exp6_empty_2,6248,739.169,2.4873161,0.55513835,1.0,0.0,33.0
exp6_empty_2,6249,-266.9866,4.965115,0.33319262,0.0,1.0,4.0
exp6_empty_2,6250,547.6535,2.4262881,0.33092916,1.0,0.0,22.0
exp6_empty_2,6251,577.03674,2.4428387,0.77211213,1.0,0.0,16.0
exp6_empty_2,6252,664.70416,3.3825667,0.36034968,1.0,0.0,13.0
exp6_empty_2,6253,591.7578,2.7347097,0.630406,1.0,0.0,17.0
exp6_empty_2,6254,-445.54538,4.8464127,0.54012245,0.0,1.0,1.0
exp6_empty_2,6255,-237.69467,3.907791,0.4157072,0.0,1.0,12.0
exp6_empty_2,6256,665.0867,2.2955556,0.64943415,1.0,0.0,26.0
exp6_empty_2,6257,694.5896,2.0457506,0.6398038,1.0,0.0,33.0
exp6_empty_2,6258,568.1776,4.1693506,0.8155552,1.0,0.0,8.0
exp6_empty_2,6259,634.73926,2.4338987,0.38489252,1.0,0.0,28.0
exp6_empty_2,6261,611.8807,2.9582975,0.44517174,1.0,0.0,12.0
exp6_empty_2,6262,554.7709,2.0953143,0.47479057,1.0,0.0,22.0
exp6_empty_2,6263,634.66064,2.7262092,0.46151033,1.0,0.0,20.0
exp6_empty_2,6264,507.93182,1.8652056,0.48133585,1.0,0.0,19.0
exp6_empty_2,6265,609.71014,3.2192984,0.62995714,1.0,0.0,15.0
exp6_empty_2,6266,-284.1535,4.953251,0.2043408,0.0,1.0,6.0
exp6_empty_2,6267,665.24756,2.83252,0.5503365,1.0,0.0,18.0
exp6_empty_2,6268,597.17255,2.1515892,0.50728965,1.0,0.0,19.0
exp6_empty_2,6269,580.06805,2.6745963,0.40829912,1.0,0.0,14.0
exp6_empty_2,6270,674.65466,2.7217658,0.343079,1.0,0.0,21.0
exp6_empty_2,6271,-388.2831,4.967334,0.15590636,0.0,1.0,4.0
exp6_empty_2,6272,598.3486,2.6436589,0.4745403,1.0,0.0,15.0
exp6_empty_2,6273,751.39636,4.243649,0.1593229,1.0,0.0,13.0
exp6_empty_2,6274,633.7218,1.6024407,0.53815246,1.0,0.0,32.0
exp6_empty_2,6275,-162.33286,2.52262,0.4370974,0.0,1.0,14.0
exp6_empty_2,6276,663.14667,2.4740677,0.3422446,1.0,0.0,29.0
exp6_empty_2,6277,602.4973,1.9139546,0.413692,1.0,0.0,24.0
exp6_empty_2,6278,561.03125,1.8617861,0.67777354,1.0,0.0,28.0
exp6_empty_2,6279,-167.72038,3.3126733,0.3580056,0.0,1.0,14.0
exp6_empty_2,6281,677.9793,2.6246886,0.531066,1.0,0.0,25.0
exp6_empty_2,6282,719.58716,1.755468,0.7606718,1.0,0.0,48.0
exp6_empty_2,6283,697.30804,2.4165003,0.37229806,1.0,0.0,26.0
exp6_empty_2,6284,627.59894,1.7001657,0.75906456,1.0,0.0,39.0
exp6_empty_2,6285,628.00305,2.6561193,0.3511749,1.0,0.0,21.0
exp6_empty_2,6286,598.0154,3.4644809,0.80495936,1.0,0.0,13.0
exp6_empty_2,6287,692.6079,1.9384743,0.34785756,1.0,0.0,32.0
exp6_empty_2,6288,712.5012,3.5853446,0.37877628,1.0,0.0,17.0
exp6_empty_2,6289,608.59033,2.5171814,0.37417713,1.0,0.0,21.0
exp6_empty_2,6290,514.0607,2.1668491,0.43494833,1.0,0.0,25.0
exp6_empty_2,6291,640.96515,2.476857,0.71481323,1.0,0.0,23.0
exp6_empty_2,6292,500.3704,2.4888616,0.45206755,1.0,0.0,13.0
exp6_empty_2,6293,642.5988,2.8499804,0.35489944,1.0,0.0,19.0
exp6_empty_2,6294,565.3627,2.3924189,0.43119726,1.0,0.0,21.0
exp6_empty_2,6295,644.58374,2.7155063,0.4442757,1.0,0.0,24.0
exp6_empty_2,6296,606.2456,2.416707,0.43188518,1.0,0.0,25.0
exp6_empty_2,6297,629.656,2.5167446,0.37799656,1.0,0.0,22.0
exp6_empty_2,6298,637.4413,3.2033877,0.5327046,1.0,0.0,15.0
exp6_empty_2,6299,-174.53572,4.9354134,0.21449971,0.0,1.0,6.0
exp6_empty_2,6301,634.33484,2.5756848,0.38325247,1.0,0.0,20.0
exp6_empty_2,6302,607.3,2.3052554,0.683158,1.0,0.0,23.0
exp6_empty_2,6303,615.38464,2.0152736,0.43272495,1.0,0.0,31.0
exp6_empty_2,6304,631.6666,1.522084,0.84020066,1.0,0.0,50.0
exp6_empty_2,6305,507.19177,2.5914054,0.77529055,1.0,0.0,11.0
exp6_empty_2,6306,-245.43645,2.9712105,0.4086054,0.0,1.0,19.0
exp6_empty_2,6307,-400.8538,4.946659,0.1752914,0.0,1.0,5.0
exp6_empty_2,6308,-445.51233,4.9508915,0.50548697,0.0,1.0,1.0
exp6_empty_2,6309,608.19446,2.893473,0.42776582,1.0,0.0,13.0
exp6_empty_2,6310,-413.4492,4.965001,0.21245146,0.0,1.0,3.0
exp6_empty_2,6311,-416.0244,4.9393716,0.22326612,0.0,1.0,2.0
exp6_empty_2,6312,564.22003,2.9664705,0.7365301,1.0,0.0,15.0
exp6_empty_2,6313,623.3308,2.6697533,0.4738247,1.0,0.0,22.0
exp6_empty_2,6314,-122.79996,2.8044305,0.47892216,0.0,1.0,17.0
exp6_empty_2,6315,723.9673,3.0756352,0.51167834,1.0,0.0,20.0
exp6_empty_2,6316,577.175,2.2872756,0.5531062,1.0,0.0,20.0
exp6_empty_2,6317,-174.62567,3.585981,0.14980412,0.0,1.0,14.0
exp6_empty_2,6318,582.05457,2.278205,0.5667956,1.0,0.0,18.0
exp6_empty_2,6319,653.30786,2.6468654,0.51262605,1.0,0.0,20.0
exp6_empty_2,6321,701.6763,2.839772,0.37432954,1.0,0.0,27.0
exp6_empty_2,6322,727.3161,3.0235052,0.45371652,1.0,0.0,23.0
exp6_empty_2,6323,570.09143,3.2795327,0.517733,1.0,0.0,10.0
exp6_empty_2,6324,-307.02826,4.9871445,0.53724,0.0,1.0,1.0
exp6_empty_2,6325,629.4523,1.5668497,0.7090171,1.0,0.0,39.0
exp6_empty_2,6326,-207.4895,2.4019125,0.40409657,0.0,1.0,26.0
exp6_empty_2,6327,537.7277,2.5705428,0.44611728,1.0,0.0,22.0
exp6_empty_2,6328,587.56903,2.5002449,0.28275305,1.0,0.0,23.0
exp6_empty_2,6329,571.2681,2.0206745,0.48542565,1.0,0.0,29.0
exp6_empty_2,6330,568.6803,2.3243535,0.66799027,1.0,0.0,27.0
exp6_empty_2,6331,-56.7666,3.1889355,0.4569761,0.0,1.0,18.0
exp6_empty_2,6332,636.2584,1.782995,0.6588998,1.0,0.0,35.0
exp6_empty_2,6333,562.7544,2.6866508,0.32663816,1.0,0.0,21.0
exp6_empty_2,6334,603.9262,3.7757673,0.19182625,1.0,0.0,11.0
exp6_empty_2,6335,605.84485,2.2350407,0.4288528,1.0,0.0,17.0
exp6_empty_2,6336,628.8755,1.8683764,0.77331346,1.0,0.0,29.0
exp6_empty_2,6337,-269.06482,4.995078,0.054281935,0.0,1.0,2.0
exp6_empty_2,6338,629.64734,2.1784215,0.46004295,1.0,0.0,26.0
exp6_empty_2,6339,551.22546,2.1212847,0.5475584,1.0,0.0,28.0
exp6_empty_2,6341,-385.23627,4.97724,0.34471306,0.0,1.0,3.0
exp6_empty_2,6342,610.9936,2.7883935,0.30458343,1.0,0.0,16.0
exp6_empty_2,6343,-278.7365,4.882541,0.24016753,0.0,1.0,2.0
exp6_empty_2,6344,599.36975,2.810278,0.52377045,1.0,0.0,20.0
exp6_empty_2,6345,602.341,3.055035,0.41879568,1.0,0.0,17.0
exp6_empty_2,6346,576.85876,2.354313,0.46398368,1.0,0.0,24.0
exp6_empty_2,6347,591.9754,3.58418,0.41098166,1.0,0.0,9.0
exp6_empty_2,6348,572.80457,3.5987597,0.23008691,1.0,0.0,9.0
exp6_empty_2,6349,552.2662,2.0006807,0.54257053,1.0,0.0,22.0
exp6_empty_2,6350,-414.02945,4.968563,0.40461302,0.0,1.0,2.0
exp6_empty_2,6351,654.75006,1.7358693,0.7615797,1.0,0.0,41.0
exp6_empty_2,6352,537.50964,2.1893356,0.7012903,1.0,0.0,18.0
exp6_empty_2,6353,-382.43094,4.9700546,0.29433706,0.0,1.0,3.0
exp6_empty_2,6354,614.69714,3.9719937,0.56228954,1.0,0.0,13.0
exp6_empty_2,6355,663.6011,2.878993,0.6049905,1.0,0.0,17.0
exp6_empty_2,6356,629.0989,2.579689,0.53353596,1.0,0.0,21.0
exp6_empty_2,6357,-422.13104,4.585942,0.23770784,0.0,1.0,2.0
exp6_empty_2,6358,-86.314026,3.6569374,0.6116943,0.0,1.0,16.0
exp6_empty_2,6359,685.7911,3.2797723,0.4575571,1.0,0.0,15.0
exp6_empty_2,6361,-263.5303,2.81811,0.3914202,0.0,1.0,23.0
exp6_empty_2,6362,-340.38373,4.980311,0.15538026,0.0,1.0,6.0
exp6_empty_2,6363,615.34015,3.1231644,0.44930723,1.0,0.0,12.0
exp6_empty_2,6364,635.7355,2.315382,0.69069344,1.0,0.0,23.0
exp6_empty_2,6365,563.68396,2.1498964,0.56391615,1.0,0.0,16.0
exp6_empty_2,6366,617.3474,2.5909305,0.41679087,1.0,0.0,18.0
exp6_empty_2,6367,-165.57375,4.900862,0.16609497,0.0,1.0,7.0
exp6_empty_2,6368,601.573,2.2883313,0.41401574,1.0,0.0,18.0
exp6_empty_2,6369,633.1061,3.8695436,0.4572548,1.0,0.0,10.0
exp6_empty_2,6370,-446.03992,4.8979816,0.49000832,0.0,1.0,1.0
exp6_empty_2,6371,586.377,2.1748805,0.3625703,1.0,0.0,20.0
exp6_empty_2,6372,712.5956,2.6927454,0.5234125,1.0,0.0,24.0
exp6_empty_2,6373,521.81085,2.1961336,0.72363657,1.0,0.0,17.0
exp6_empty_2,6374,-355.62875,4.9400682,0.36902565,0.0,1.0,4.0
exp6_empty_2,6375,-295.3112,4.9825754,0.21948865,0.0,1.0,4.0
exp6_empty_2,6376,640.7014,2.515474,0.43356755,1.0,0.0,27.0
exp6_empty_2,6377,717.3689,2.4340048,0.5672585,1.0,0.0,29.0
exp6_empty_2,6378,-413.91632,4.9934072,0.022689238,0.0,1.0,2.0
exp6_empty_2,6379,582.91833,2.365543,0.39229187,1.0,0.0,20.0
exp6_empty_2,6381,574.39056,4.2187448,0.7050175,1.0,0.0,8.0
exp6_empty_2,6382,640.35547,2.9155028,0.41777676,1.0,0.0,22.0
exp6_empty_2,6383,642.3592,3.3633702,0.3077013,1.0,0.0,12.0
exp6_empty_2,6384,705.51746,2.0662289,0.67142445,1.0,0.0,33.0
exp6_empty_2,6385,695.78705,3.6111698,0.40584818,1.0,0.0,14.0
exp6_empty_2,6386,568.35223,1.9824201,0.7813422,1.0,0.0,29.0
exp6_empty_2,6387,610.138,2.657644,0.39897704,1.0,0.0,16.0
exp6_empty_2,6388,614.9607,3.1326294,0.4420915,1.0,0.0,13.0
exp6_empty_2,6389,-104.22121,4.962687,0.4267434,0.0,1.0,9.0
exp6_empty_2,6390,602.4203,3.2243955,0.47993925,1.0,0.0,15.0
exp6_empty_2,6391,-145.55699,4.8460774,0.15805371,0.0,1.0,11.0
exp6_empty_2,6392,607.0058,3.5034554,0.42950296,1.0,0.0,10.0
exp6_empty_2,6393,544.0979,1.1597271,0.9279542,1.0,0.0,80.0
exp6_empty_2,6394,549.22797,2.413947,0.4086299,1.0,0.0,24.0
exp6_empty_2,6395,558.60864,1.8555615,0.7737447,1.0,0.0,30.0
exp6_empty_2,6396,660.06586,1.8785982,0.7244349,1.0,0.0,31.0
exp6_empty_2,6397,-302.52527,2.1612988,0.42118496,0.0,1.0,27.0
exp6_empty_2,6398,608.62897,2.825015,0.59574944,1.0,0.0,16.0
exp6_empty_2,6399,590.16833,3.5504282,0.70049363,1.0,0.0,12.0
exp6_empty_2,6401,616.17004,2.4084928,0.5304989,1.0,0.0,22.0
exp6_empty_2,6402,654.7913,3.1595044,0.48421702,1.0,0.0,14.0
exp6_empty_2,6403,676.0915,2.6882598,0.42447853,1.0,0.0,21.0
exp6_empty_2,6404,517.08264,2.634365,0.405816,1.0,0.0,12.0
exp6_empty_2,6405,682.3176,3.0188553,0.3668816,1.0,0.0,19.0
exp6_empty_2,6406,625.3304,3.4815104,0.42302135,1.0,0.0,13.0
exp6_empty_2,6407,720.062,3.1196675,0.35687408,1.0,0.0,20.0
exp6_empty_2,6408,532.39575,3.0992362,0.67376494,1.0,0.0,12.0
exp6_empty_2,6409,685.3761,2.461592,0.47199947,1.0,0.0,22.0
exp6_empty_2,6410,-407.8728,4.9821696,0.23413377,0.0,1.0,3.0
exp6_empty_2,6411,569.3036,1.8942145,0.7905285,1.0,0.0,28.0
exp6_empty_2,6412,-393.527,4.71505,0.29797044,0.0,1.0,3.0
exp6_empty_2,6413,591.99164,2.1733723,0.3435869,1.0,0.0,22.0
exp6_empty_2,6414,-446.08493,4.8160486,0.6117197,0.0,1.0,1.0
exp6_empty_2,6415,694.32776,2.6801937,0.44401526,1.0,0.0,29.0
exp6_empty_2,6416,569.93176,3.1179805,0.69642824,1.0,0.0,13.0
exp6_empty_2,6417,619.5773,3.0498836,0.5134433,1.0,0.0,16.0
exp6_empty_2,6418,528.9337,2.2477858,0.5219572,1.0,0.0,18.0
exp6_empty_2,6419,-188.9693,4.806705,0.6002774,0.0,1.0,7.0
exp6_empty_2,6421,-414.84064,4.970248,0.39405245,0.0,1.0,2.0
exp6_empty_2,6422,-445.41022,4.891804,0.49497336,0.0,1.0,1.0
exp6_empty_2,6423,555.3104,2.1173031,0.51360154,1.0,0.0,32.0
exp6_empty_2,6424,-190.0165,4.87375,0.097120866,0.0,1.0,8.0
exp6_empty_2,6425,118.799644,1.4145851,1.0044023,0.0,0.0,100.0
exp6_empty_2,6426,598.4584,3.387793,0.53576607,1.0,0.0,13.0
exp6_empty_2,6427,-347.4936,4.983409,0.18855116,0.0,1.0,5.0
exp6_empty_2,6428,-352.31006,4.923818,0.2805151,0.0,1.0,5.0
exp6_empty_2,6429,-383.0431,4.931377,0.38017356,0.0,1.0,3.0
exp6_empty_2,6430,616.3037,2.5757513,0.5242498,1.0,0.0,20.0
exp6_empty_2,6431,616.1402,1.9323124,0.4659397,1.0,0.0,28.0
exp6_empty_2,6432,617.89056,3.0044742,0.34116226,1.0,0.0,14.0
exp6_empty_2,6433,659.30054,2.4501245,0.6779474,1.0,0.0,26.0
exp6_empty_2,6434,644.9889,2.2771308,0.35446393,1.0,0.0,24.0
exp6_empty_2,6435,680.0088,2.8462949,0.45576733,1.0,0.0,17.0
exp6_empty_2,6436,535.254,3.2111423,0.3716313,1.0,0.0,7.0
exp6_empty_2,6437,655.72876,2.5720496,0.3317246,1.0,0.0,26.0
exp6_empty_2,6438,-272.23453,4.9831276,0.30319902,0.0,1.0,2.0
exp6_empty_2,6439,621.60864,2.4661303,0.41301242,1.0,0.0,23.0
exp6_empty_2,6441,627.1363,2.7941022,0.52970076,1.0,0.0,19.0
exp6_empty_2,6442,-173.2911,3.5829155,0.7640776,0.0,1.0,12.0
exp6_empty_2,6443,694.13184,2.663878,0.31092477,1.0,0.0,28.0
exp6_empty_2,6444,612.43134,3.4669287,0.48244616,1.0,0.0,14.0
exp6_empty_2,6445,624.2802,2.7741454,0.45846516,1.0,0.0,18.0
exp6_empty_2,6446,-315.53543,2.8764284,0.39280033,0.0,1.0,11.0
exp6_empty_2,6447,688.2015,2.7796009,0.5138702,1.0,0.0,24.0
exp6_empty_2,6448,632.1131,2.3356352,0.3684944,1.0,0.0,20.0
exp6_empty_2,6449,684.219,2.7706077,0.57646334,1.0,0.0,25.0
exp6_empty_2,6450,577.4911,2.6243806,0.40200582,1.0,0.0,14.0
exp6_empty_2,6451,622.3836,1.4648005,0.48553374,1.0,0.0,33.0
exp6_empty_2,6452,568.9905,3.3188863,0.47676298,1.0,0.0,9.0
exp6_empty_2,6453,668.0646,3.5495536,0.46733633,1.0,0.0,15.0
exp6_empty_2,6454,678.6553,3.606762,0.3962146,1.0,0.0,13.0
exp6_empty_2,6455,622.9044,2.8284504,0.3731055,1.0,0.0,21.0
exp6_empty_2,6456,-61.518234,2.7603123,0.3806137,0.0,1.0,18.0
exp6_empty_2,6457,-201.76372,4.2534986,0.48604578,0.0,1.0,7.0
exp6_empty_2,6458,661.7897,2.4524105,0.38635892,1.0,0.0,28.0
exp6_empty_2,6459,556.14246,2.129852,0.37881085,1.0,0.0,22.0
exp6_empty_2,6461,692.1156,4.081872,0.6955529,1.0,0.0,15.0
exp6_empty_2,6462,598.22314,1.8733879,0.5040978,1.0,0.0,28.0
exp6_empty_2,6463,671.9972,3.1754146,0.4155257,1.0,0.0,19.0
exp6_empty_2,6464,667.41693,1.9532832,0.7441714,1.0,0.0,30.0
exp6_empty_2,6465,-445.99973,4.7971873,0.3022028,0.0,1.0,1.0
exp6_empty_2,6466,570.4933,2.5433555,0.5479273,1.0,0.0,14.0
exp6_empty_2,6467,656.7362,3.0522425,0.39953026,1.0,0.0,15.0
exp6_empty_2,6468,-207.6921,4.9648495,0.2452133,0.0,1.0,4.0
exp6_empty_2,6469,663.1887,2.7235854,0.42837927,1.0,0.0,22.0
exp6_empty_2,6470,624.08386,3.886487,0.40446806,1.0,0.0,12.0
exp6_empty_2,6471,658.0316,3.7229652,0.80760247,1.0,0.0,15.0
exp6_empty_2,6472,600.9952,2.2046258,0.40779895,1.0,0.0,30.0
exp6_empty_2,6473,614.6483,3.5497797,0.5380917,1.0,0.0,13.0
exp6_empty_2,6474,642.69415,3.4207995,0.44989026,1.0,0.0,13.0
exp6_empty_2,6475,-195.62985,4.9761424,0.2765571,0.0,1.0,5.0
exp6_empty_2,6476,-349.20798,4.917923,0.3291706,0.0,1.0,4.0
exp6_empty_2,6477,657.50885,2.8981407,0.44825128,1.0,0.0,17.0
exp6_empty_2,6478,565.7753,2.6193187,0.42431843,1.0,0.0,18.0
exp6_empty_2,6479,-296.59814,4.9469776,0.26140258,0.0,1.0,4.0
exp6_empty_2,6481,605.8787,3.9262059,0.83942884,1.0,0.0,13.0
exp6_empty_2,6482,517.5753,1.921221,0.43134868,1.0,0.0,18.0
exp6_empty_2,6483,669.8024,3.270841,0.71469665,1.0,0.0,18.0
exp6_empty_2,6484,605.662,3.3546257,0.92534244,1.0,0.0,19.0
exp6_empty_2,6485,632.55,2.6805475,0.5096426,1.0,0.0,22.0
exp6_empty_2,6486,659.8716,3.0579448,0.54174274,1.0,0.0,19.0
exp6_empty_2,6487,704.2463,3.5982397,0.41600832,1.0,0.0,15.0
exp6_empty_2,6488,588.3065,2.6756904,0.46525612,1.0,0.0,24.0
exp6_empty_2,6489,551.10547,1.8095788,0.80798316,1.0,0.0,37.0
exp6_empty_2,6490,-299.9271,4.706531,0.6985129,0.0,1.0,8.0
exp6_empty_2,6491,704.13116,3.3068058,0.4294648,1.0,0.0,17.0
exp6_empty_2,6492,-415.21924,4.971401,0.2350814,0.0,1.0,2.0
exp6_empty_2,6493,-350.6104,4.893346,0.28714004,0.0,1.0,4.0
exp6_empty_2,6494,-445.57333,5.0,0.2013092,0.0,1.0,1.0
exp6_empty_2,6495,-336.54727,2.6205409,0.5579917,0.0,1.0,13.0
exp6_empty_2,6496,191.1817,1.2395401,0.94991827,0.0,0.0,100.0
exp6_empty_2,6497,-419.00864,4.858102,0.50125915,0.0,1.0,2.0
exp6_empty_2,6498,-110.64137,2.7137253,0.5369722,0.0,1.0,24.0
exp6_empty_2,6499,-309.0429,4.996282,0.1762913,0.0,1.0,6.0
exp6_empty_2,6501,620.468,2.0300825,0.47463176,1.0,0.0,27.0
exp6_empty_2,6502,650.82733,3.6680825,0.53638136,1.0,0.0,15.0
exp6_empty_2,6503,-387.98492,4.360419,0.31656554,0.0,1.0,4.0
exp6_empty_2,6504,618.1538,2.914274,0.44093153,1.0,0.0,14.0
exp6_empty_2,6505,639.4811,2.7964416,0.4303088,1.0,0.0,23.0
exp6_empty_2,6506,565.0865,2.6435516,0.5760314,1.0,0.0,16.0
exp6_empty_2,6507,-144.86887,4.9687304,0.22467132,0.0,1.0,7.0
exp6_empty_2,6508,-354.37787,4.7953806,0.3136797,0.0,1.0,4.0
exp6_empty_2,6509,677.87646,2.9768841,0.4000284,1.0,0.0,16.0
exp6_empty_2,6510,571.2402,2.5212,0.4348375,1.0,0.0,16.0
exp6_empty_2,6511,-152.24095,4.9904995,0.19695677,0.0,1.0,6.0
exp6_empty_2,6512,712.63434,1.8986721,0.7562659,1.0,0.0,37.0
exp6_empty_2,6513,668.58887,2.5393648,0.31654418,1.0,0.0,25.0
exp6_empty_2,6514,699.6875,2.7068136,0.52717483,1.0,0.0,21.0
exp6_empty_2,6515,664.47253,2.7043169,0.63452196,1.0,0.0,22.0
exp6_empty_2,6516,-307.635,4.87106,0.6258863,0.0,1.0,1.0
exp6_empty_2,6517,585.98016,2.2411642,0.4872576,1.0,0.0,19.0
exp6_empty_2,6518,661.34796,3.388426,0.42558962,1.0,0.0,14.0
exp6_empty_2,6519,-351.81213,4.989648,0.24378307,0.0,1.0,5.0
exp6_empty_2,6521,533.6079,2.0174127,0.6941929,1.0,0.0,19.0
exp6_empty_2,6522,545.28625,3.2446508,0.49545184,1.0,0.0,8.0
exp6_empty_2,6523,651.6057,3.5229855,0.49681473,1.0,0.0,12.0
exp6_empty_2,6524,670.4133,2.279088,0.44865587,1.0,0.0,26.0
exp6_empty_2,6525,629.3421,2.2824712,0.37643936,1.0,0.0,24.0
exp6_empty_2,6526,-241.1524,2.5235407,0.5758104,0.0,1.0,21.0
exp6_empty_2,6527,595.85236,2.3744044,0.41049105,1.0,0.0,21.0
exp6_empty_2,6528,577.4247,2.1423101,0.41839546,1.0,0.0,26.0
exp6_empty_2,6529,615.9631,2.868988,0.41684502,1.0,0.0,20.0
exp6_empty_2,6530,-321.00397,4.9702706,0.23967914,0.0,1.0,5.0
exp6_empty_2,6531,637.97034,3.6912065,0.41146517,1.0,0.0,11.0
exp6_empty_2,6532,-209.28677,2.1888962,0.55184865,0.0,1.0,26.0
exp6_empty_2,6533,-179.08344,4.9270625,0.24360152,0.0,1.0,6.0
exp6_empty_2,6534,-380.5819,4.931229,0.31445715,0.0,1.0,3.0
exp6_empty_2,6535,-377.97537,4.9776487,0.22731811,0.0,1.0,4.0
exp6_empty_2,6536,549.2842,2.7687566,0.49116662,1.0,0.0,13.0
exp6_empty_2,6537,-130.5892,2.492441,0.35950154,0.0,1.0,20.0
exp6_empty_2,6538,617.19275,2.7085683,0.4164244,1.0,0.0,18.0
exp6_empty_2,6539,-91.7959,2.5865774,0.553005,0.0,1.0,21.0
exp6_empty_2,6541,-324.45856,4.83448,0.3452691,0.0,1.0,2.0
exp6_empty_2,6542,587.99817,1.9437916,0.4918577,1.0,0.0,31.0
exp6_empty_2,6543,-411.91873,4.949779,0.18607426,0.0,1.0,4.0
exp6_empty_2,6544,789.826,3.0052319,0.28531182,1.0,0.0,24.0
exp6_empty_2,6545,591.01904,3.9681876,0.41775435,1.0,0.0,9.0
exp6_empty_2,6546,736.8886,3.7585175,0.42132676,1.0,0.0,15.0
exp6_empty_2,6547,-435.98535,4.927243,0.37668514,0.0,1.0,4.0
exp6_empty_2,6548,634.49963,2.7378101,0.5156836,1.0,0.0,21.0
exp6_empty_2,6549,-291.05286,2.850642,0.38915664,0.0,1.0,14.0
exp6_empty_2,6550,704.95026,2.8206577,0.41669366,1.0,0.0,25.0
exp6_empty_2,6551,-380.89804,4.9750605,0.33234522,0.0,1.0,3.0
exp6_empty_2,6552,727.5813,3.682695,0.3190182,1.0,0.0,20.0
exp6_empty_2,6553,-303.1186,4.1658716,0.52387166,0.0,1.0,2.0
exp6_empty_2,6554,614.0971,4.1768255,0.7985908,1.0,0.0,10.0
exp6_empty_2,6555,-88.01799,3.838352,0.7809803,0.0,1.0,12.0
exp6_empty_2,6556,660.89594,2.5517879,0.4456377,1.0,0.0,25.0
exp6_empty_2,6557,602.05597,2.6086783,0.52050686,1.0,0.0,26.0
exp6_empty_2,6558,600.27795,3.6847425,0.35537878,1.0,0.0,9.0
exp6_empty_2,6559,684.5453,3.9300091,0.33533558,1.0,0.0,13.0
exp6_empty_2,6561,644.59656,3.5636413,0.49913722,1.0,0.0,14.0
exp6_empty_2,6562,555.9206,2.7839334,0.44937056,1.0,0.0,16.0
exp6_empty_2,6563,615.707,4.8138123,0.27557978,1.0,0.0,7.0
exp6_empty_2,6564,-152.77151,2.745518,0.44814968,0.0,1.0,13.0
exp6_empty_2,6565,605.32733,2.4550395,0.5927991,1.0,0.0,20.0
exp6_empty_2,6566,-315.45435,4.9561906,0.26999012,0.0,1.0,6.0
exp6_empty_2,6567,631.9121,3.096411,0.6617683,1.0,0.0,17.0
exp6_empty_2,6568,-313.13937,4.248785,0.5146953,0.0,1.0,1.0
exp6_empty_2,6569,621.7893,2.1110215,0.5892302,1.0,0.0,32.0
exp6_empty_2,6570,-165.16019,4.842099,0.08863605,0.0,1.0,7.0
exp6_empty_2,6571,655.3932,2.779742,0.36472914,1.0,0.0,22.0
exp6_empty_2,6572,683.39246,2.7298737,0.321454,1.0,0.0,27.0
exp6_empty_2,6573,646.8976,2.4886498,0.7348164,1.0,0.0,25.0
exp6_empty_2,6574,-230.22269,4.9759192,0.24600898,0.0,1.0,6.0
exp6_empty_2,6575,-305.4627,4.8712573,0.5106882,0.0,1.0,1.0
exp6_empty_2,6576,581.2544,2.1888638,0.5263012,1.0,0.0,20.0
exp6_empty_2,6577,-109.85841,2.4265015,0.4226678,0.0,1.0,18.0
exp6_empty_2,6578,617.2869,1.9119331,0.5084462,1.0,0.0,29.0
exp6_empty_2,6579,682.218,2.8460932,0.31867272,1.0,0.0,18.0
exp6_empty_2,6581,640.35803,4.745848,0.2237229,1.0,0.0,8.0
exp6_empty_2,6582,566.69324,1.638135,0.4822412,1.0,0.0,25.0
exp6_empty_2,6583,643.9347,3.3940775,0.38395694,1.0,0.0,19.0
exp6_empty_2,6584,629.5349,3.022494,0.90492946,1.0,0.0,18.0
exp6_empty_2,6585,568.1376,2.2904966,0.5556742,1.0,0.0,21.0
exp6_empty_2,6586,629.4036,3.0435345,0.3412106,1.0,0.0,18.0
exp6_empty_2,6587,-91.41734,2.9349504,0.567555,0.0,1.0,16.0
exp6_empty_2,6588,614.37933,2.5852668,0.4684443,1.0,0.0,18.0
exp6_empty_2,6589,555.8374,2.399186,0.43454722,1.0,0.0,19.0
exp6_empty_2,6590,609.2592,3.2629158,0.45613572,1.0,0.0,11.0
exp6_empty_2,6591,-178.86588,4.035747,0.17349403,0.0,1.0,8.0
exp6_empty_2,6592,681.1842,3.197061,0.3890149,1.0,0.0,19.0
exp6_empty_2,6593,-214.55692,2.6531544,0.5770767,0.0,1.0,21.0
exp6_empty_2,6594,-315.7163,4.9833193,0.3156101,0.0,1.0,5.0
exp6_empty_2,6595,602.031,2.5274467,0.4689656,1.0,0.0,18.0
exp6_empty_2,6596,-322.7459,4.9598384,0.20383099,0.0,1.0,5.0
exp6_empty_2,6597,578.3227,1.7702315,0.73447204,1.0,0.0,30.0
exp6_empty_2,6598,-348.32892,1.8963448,0.48185888,0.0,1.0,14.0
exp6_empty_2,6599,586.8844,2.391089,0.37688115,1.0,0.0,17.0
exp6_empty_2,6601,654.62067,2.8075566,0.33612502,1.0,0.0,22.0
exp6_empty_2,6602,584.3173,3.0320137,0.4425633,1.0,0.0,14.0
exp6_empty_2,6603,612.8016,1.4358027,0.81623507,1.0,0.0,41.0
exp6_empty_2,6604,597.842,2.648401,0.43622717,1.0,0.0,23.0
exp6_empty_2,6605,-238.81503,4.971832,0.22689585,0.0,1.0,7.0
exp6_empty_2,6606,690.011,2.768823,0.37295696,1.0,0.0,22.0
exp6_empty_2,6607,677.3789,2.614124,0.4031079,1.0,0.0,24.0
exp6_empty_2,6608,-163.33635,2.9185796,0.33158588,0.0,1.0,14.0
exp6_empty_2,6609,663.98615,2.0574028,0.62384886,1.0,0.0,26.0
exp6_empty_2,6610,664.5913,2.7393305,0.52931935,1.0,0.0,22.0
exp6_empty_2,6611,534.9456,2.4012225,0.6245825,1.0,0.0,13.0
exp6_empty_2,6612,577.91034,3.3616743,0.579151,1.0,0.0,13.0
exp6_empty_2,6613,599.5742,2.7552948,0.48249206,1.0,0.0,16.0
exp6_empty_2,6614,634.517,2.137426,0.6851812,1.0,0.0,22.0
exp6_empty_2,6615,728.7101,2.97691,0.39167905,1.0,0.0,21.0
exp6_empty_2,6616,-298.6737,2.4630864,0.51871425,0.0,1.0,14.0
exp6_empty_2,6617,648.3977,2.7850647,0.35035974,1.0,0.0,20.0
exp6_empty_2,6618,-242.36552,3.1272902,0.38997427,0.0,1.0,13.0
exp6_empty_2,6619,588.69464,2.147922,0.67355704,1.0,0.0,24.0
exp6_empty_2,6621,604.20703,2.2035437,0.30459684,1.0,0.0,20.0
exp6_empty_2,6622,670.7352,2.8892581,0.5234563,1.0,0.0,21.0
exp6_empty_2,6623,537.37445,1.9185226,0.49312988,1.0,0.0,26.0
exp6_empty_2,6624,638.65906,2.5201411,0.52950287,1.0,0.0,21.0
exp6_empty_2,6625,530.2869,2.3302255,0.80029744,1.0,0.0,17.0
exp6_empty_2,6626,617.61,4.875455,0.3301955,1.0,0.0,7.0
exp6_empty_2,6627,653.9681,2.6669538,0.55313647,1.0,0.0,21.0
exp6_empty_2,6628,693.5779,4.156598,0.16067839,1.0,0.0,11.0
exp6_empty_2,6629,630.3403,2.488711,0.54029995,1.0,0.0,20.0
exp6_empty_2,6630,609.6655,2.4447737,0.4159211,1.0,0.0,27.0
exp6_empty_2,6631,559.47906,2.3349257,0.49972343,1.0,0.0,22.0
exp6_empty_2,6632,627.02795,2.7277062,0.55363727,1.0,0.0,16.0
exp6_empty_2,6633,647.7193,2.5460129,0.4010358,1.0,0.0,20.0
exp6_empty_2,6634,-166.8053,3.0110583,0.3713773,0.0,1.0,20.0
exp6_empty_2,6635,-325.18048,4.4093623,0.24569324,0.0,1.0,10.0
exp6_empty_2,6636,636.3302,2.9066434,0.582479,1.0,0.0,17.0
exp6_empty_2,6637,676.068,2.3160803,0.56287974,1.0,0.0,22.0
exp6_empty_2,6638,-206.79323,4.9899907,0.30522725,0.0,1.0,4.0
exp6_empty_2,6639,612.80994,2.9976275,0.62324965,1.0,0.0,14.0
exp6_empty_2,6641,633.84863,2.0525596,0.53750485,1.0,0.0,24.0
exp6_empty_2,6642,691.25146,2.4243655,0.5829248,1.0,0.0,28.0
exp6_empty_2,6643,626.9409,2.5344477,0.90774775,1.0,0.0,19.0
exp6_empty_2,6644,627.8122,2.7721279,0.526623,1.0,0.0,16.0
exp6_empty_2,6645,561.1185,2.223145,0.3771388,1.0,0.0,20.0
exp6_empty_2,6646,634.9769,2.3014708,0.65429235,1.0,0.0,20.0
exp6_empty_2,6647,547.21576,2.0641913,0.42894688,1.0,0.0,16.0
exp6_empty_2,6648,-323.4536,3.8983428,0.25181112,0.0,1.0,6.0
exp6_empty_2,6649,556.3701,2.0366652,0.44756606,1.0,0.0,29.0
exp6_empty_2,6650,675.7406,1.6886969,0.6798221,1.0,0.0,34.0
exp6_empty_2,6651,-121.14592,4.7396135,0.5167597,0.0,1.0,10.0
exp6_empty_2,6652,-361.40564,4.8924217,0.24628364,0.0,1.0,4.0
exp6_empty_2,6653,652.87524,1.9740312,0.72513324,1.0,0.0,28.0
exp6_empty_2,6654,544.8769,2.1112897,0.4930667,1.0,0.0,19.0
exp6_empty_2,6655,674.0414,2.9422073,0.56930816,1.0,0.0,18.0
exp6_empty_2,6656,665.261,3.6946173,0.44246447,1.0,0.0,13.0
exp6_empty_2,6657,-161.18338,4.780938,0.18205328,0.0,1.0,6.0
exp6_empty_2,6658,574.76135,3.118899,0.55601406,1.0,0.0,12.0
exp6_empty_2,6659,670.1768,2.4863992,0.63182,1.0,0.0,26.0
exp6_empty_2,6661,646.2669,2.3084123,0.57548857,1.0,0.0,20.0
exp6_empty_2,6662,612.2666,2.605025,0.4983078,1.0,0.0,17.0
exp6_empty_2,6663,-357.64127,4.530822,0.29624394,0.0,1.0,4.0
exp6_empty_2,6664,-267.60583,3.4356322,0.5447444,0.0,1.0,11.0
exp6_empty_2,6665,561.177,2.511672,0.44531354,1.0,0.0,19.0
exp6_empty_2,6666,627.5179,3.5308902,0.41573706,1.0,0.0,12.0
exp6_empty_2,6667,691.1444,3.7918587,0.35594922,1.0,0.0,14.0
exp6_empty_2,6668,595.1945,2.553548,0.46053147,1.0,0.0,21.0
exp6_empty_2,6669,644.66864,2.7142987,0.5258005,1.0,0.0,21.0
exp6_empty_2,6670,-417.76816,4.9195976,0.42159483,0.0,1.0,2.0
exp6_empty_2,6671,677.55566,2.9713883,0.3039718,1.0,0.0,25.0
exp6_empty_2,6672,730.33154,2.4504445,0.5867257,1.0,0.0,24.0
exp6_empty_2,6673,623.23206,4.0468507,0.3005869,1.0,0.0,11.0
exp6_empty_2,6674,631.8765,3.5300596,0.46852934,1.0,0.0,11.0
exp6_empty_2,6675,-208.99106,4.836547,0.33766758,0.0,1.0,4.0
exp6_empty_2,6676,-113.601746,3.3784986,0.43864587,0.0,1.0,13.0
exp6_empty_2,6677,-244.58643,1.6700218,0.21682325,0.0,1.0,37.0
exp6_empty_2,6678,632.7709,2.5007813,0.37061316,1.0,0.0,18.0
exp6_empty_2,6679,742.0928,2.7150683,0.4801304,1.0,0.0,27.0
exp6_empty_2,6681,-35.464478,4.883357,0.19459882,0.0,1.0,11.0
exp6_empty_2,6682,498.5097,1.2470214,0.61312354,1.0,0.0,30.0
exp6_empty_2,6683,607.70013,2.4183996,0.4144768,1.0,0.0,26.0
exp6_empty_2,6684,683.6644,2.4384282,0.36761922,1.0,0.0,26.0
exp6_empty_2,6685,639.8075,1.7099639,0.7438237,1.0,0.0,35.0
exp6_empty_2,6686,714.9387,3.2001615,0.30000722,1.0,0.0,16.0
exp6_empty_2,6687,-325.90543,4.907152,0.45411235,0.0,1.0,1.0
exp6_empty_2,6688,653.67413,2.7227023,0.43855712,1.0,0.0,19.0
exp6_empty_2,6689,562.33484,2.2109354,0.35646883,1.0,0.0,16.0
exp6_empty_2,6690,499.19495,1.7795792,0.39526704,1.0,0.0,22.0
exp6_empty_2,6691,-381.00787,4.864724,0.29900298,0.0,1.0,4.0
exp6_empty_2,6692,582.98987,3.4709692,0.60931844,1.0,0.0,12.0
exp6_empty_2,6693,593.65674,1.7521689,0.4912588,1.0,0.0,25.0
exp6_empty_2,6694,585.5281,2.6000037,0.4909208,1.0,0.0,19.0
exp6_empty_2,6695,-374.93008,4.748592,0.28367236,0.0,1.0,6.0
exp6_empty_2,6696,-252.91695,4.803176,0.1672301,0.0,1.0,9.0
exp6_empty_2,6697,-225.9742,4.920372,0.2251033,0.0,1.0,7.0
exp6_empty_2,6698,590.65125,3.1375403,0.42830598,1.0,0.0,15.0
exp6_empty_2,6699,574.4923,2.8753414,0.34142184,1.0,0.0,19.0
exp6_empty_2,6701,656.99426,2.2125564,0.33860472,1.0,0.0,26.0
exp6_empty_2,6702,-178.31982,4.896322,0.21566205,0.0,1.0,6.0
exp6_empty_2,6703,658.44916,3.1633034,0.4151016,1.0,0.0,16.0
exp6_empty_2,6704,594.9243,2.4875398,0.41894314,1.0,0.0,27.0
exp6_empty_2,6705,656.6297,2.5802994,0.30766514,1.0,0.0,20.0
exp6_empty_2,6706,611.4392,2.6315176,0.4135938,1.0,0.0,19.0
exp6_empty_2,6707,585.4419,1.8777167,0.56771404,1.0,0.0,30.0
exp6_empty_2,6708,-65.285904,2.4467695,0.46307516,0.0,1.0,24.0
exp6_empty_2,6709,621.8336,2.7426069,0.38253757,1.0,0.0,19.0
exp6_empty_2,6710,626.05237,4.3763356,0.6716947,1.0,0.0,11.0
exp6_empty_2,6711,675.2269,4.242375,0.5291066,1.0,0.0,11.0
exp6_empty_2,6712,626.63696,3.554782,0.6856563,1.0,0.0,13.0
exp6_empty_2,6713,706.47815,2.30118,0.5335293,1.0,0.0,35.0
exp6_empty_2,6714,638.7149,2.3324468,0.6574237,1.0,0.0,21.0
exp6_empty_2,6715,565.14136,2.1580138,0.3272716,1.0,0.0,20.0
exp6_empty_2,6716,-18.458588,1.9657582,0.15396692,0.0,1.0,28.0
exp6_empty_2,6717,619.27893,2.3266504,0.38633358,1.0,0.0,31.0
exp6_empty_2,6718,685.7937,1.7603823,0.27284944,1.0,0.0,40.0
exp6_empty_2,6719,-299.27344,4.8984084,0.1398442,0.0,1.0,6.0
exp6_empty_2,6721,653.41846,2.373555,0.51714784,1.0,0.0,23.0
exp6_empty_2,6722,-320.50745,4.8763924,0.2627741,0.0,1.0,5.0
exp6_empty_2,6723,-255.33295,4.432766,0.2147835,0.0,1.0,4.0
exp6_empty_2,6724,608.6304,2.221304,0.7002419,1.0,0.0,28.0
exp6_empty_2,6725,-415.79565,4.9690285,0.2806108,0.0,1.0,2.0
exp6_empty_2,6726,683.9579,1.6064588,0.76950634,1.0,0.0,51.0
exp6_empty_2,6727,661.14685,1.884822,0.73187894,1.0,0.0,30.0
exp6_empty_2,6728,586.3544,1.9602529,0.60817444,1.0,0.0,29.0
exp6_empty_2,6729,-322.41006,4.6030207,0.26895314,0.0,1.0,7.0
exp6_empty_2,6730,701.4147,2.1243215,0.72754025,1.0,0.0,33.0
exp6_empty_2,6731,-285.67868,4.2170453,0.18919465,0.0,1.0,10.0
exp6_empty_2,6732,621.11755,1.5580013,0.76029605,1.0,0.0,37.0
exp6_empty_2,6733,557.3017,2.105995,0.317742,1.0,0.0,20.0
exp6_empty_2,6734,733.6261,3.4642186,0.34915957,1.0,0.0,17.0
exp6_empty_2,6735,694.6356,3.6836767,0.25851718,1.0,0.0,13.0
exp6_empty_2,6736,609.60693,3.4122424,0.6000496,1.0,0.0,16.0
exp6_empty_2,6737,650.24994,2.6410916,0.469708,1.0,0.0,24.0
exp6_empty_2,6738,521.99805,2.201705,0.59431475,1.0,0.0,18.0
exp6_empty_2,6739,-150.20807,4.865973,0.2082095,0.0,1.0,6.0
exp6_empty_2,6741,646.3136,1.9811987,0.6948368,1.0,0.0,32.0
exp6_empty_2,6742,575.9435,3.2715118,0.5866426,1.0,0.0,10.0
exp6_empty_2,6743,590.80884,2.2413275,0.66049254,1.0,0.0,23.0
exp6_empty_2,6744,632.08624,2.1974065,0.649606,1.0,0.0,24.0
exp6_empty_2,6745,582.6352,3.1052005,0.64268535,1.0,0.0,12.0
exp6_empty_2,6746,692.16907,3.2832108,0.41015312,1.0,0.0,24.0
exp6_empty_2,6747,646.2023,2.4883246,0.3836118,1.0,0.0,24.0
exp6_empty_2,6748,-309.90103,4.775179,0.5086195,0.0,1.0,1.0
exp6_empty_2,6749,-360.13483,4.9648767,0.21716742,0.0,1.0,6.0
exp6_empty_2,6750,578.1598,3.0365875,0.39553136,1.0,0.0,16.0
exp6_empty_2,6751,169.82948,1.1598122,0.9320626,0.0,0.0,100.0
exp6_empty_2,6752,633.6424,3.4549615,0.45048046,1.0,0.0,13.0
exp6_empty_2,6753,704.46326,2.6247764,0.47348034,1.0,0.0,23.0
exp6_empty_2,6754,672.6447,1.7110995,0.7565157,1.0,0.0,43.0
exp6_empty_2,6755,588.22595,1.6842633,0.5748438,1.0,0.0,28.0
exp6_empty_2,6756,537.60815,1.8273945,0.43963876,1.0,0.0,35.0
exp6_empty_2,6757,-213.22968,4.9595346,0.22996178,0.0,1.0,4.0
exp6_empty_2,6758,580.7967,2.940128,0.48405832,1.0,0.0,13.0
exp6_empty_2,6759,565.0069,2.7354481,0.400595,1.0,0.0,22.0
exp6_empty_2,6761,580.6095,2.3536139,0.5053924,1.0,0.0,21.0
exp6_empty_2,6762,-228.69418,4.647368,0.26282912,0.0,1.0,5.0
exp6_empty_2,6763,-384.8462,4.984343,0.3337655,0.0,1.0,4.0
exp6_empty_2,6764,578.52026,2.0328903,0.33248752,1.0,0.0,19.0
exp6_empty_2,6765,708.12006,3.0648046,0.49558663,1.0,0.0,17.0
exp6_empty_2,6766,645.03406,4.0402765,0.42475557,1.0,0.0,10.0
exp6_empty_2,6767,646.9293,2.7213812,0.6098998,1.0,0.0,18.0
exp6_empty_2,6768,-220.84645,2.7524695,0.3754168,0.0,1.0,18.0
exp6_empty_2,6769,606.9254,1.6799808,0.7583641,1.0,0.0,37.0
exp6_empty_2,6770,565.6797,2.0033293,0.539913,1.0,0.0,20.0
exp6_empty_2,6771,634.25793,2.3515956,0.41520908,1.0,0.0,29.0
exp6_empty_2,6772,680.69006,2.724946,0.37585425,1.0,0.0,21.0
exp6_empty_2,6773,-182.10867,2.9183462,0.53183997,0.0,1.0,23.0
exp6_empty_2,6774,657.06006,1.7154167,0.77172786,1.0,0.0,36.0
exp6_empty_2,6775,-361.53308,4.8623643,0.27682778,0.0,1.0,4.0
exp6_empty_2,6776,-166.04614,3.6016018,0.15768707,0.0,1.0,9.0
exp6_empty_2,6777,-220.42311,4.9255495,0.12561083,0.0,1.0,8.0
exp6_empty_2,6778,530.4428,2.2411394,0.50097734,1.0,0.0,14.0
exp6_empty_2,6779,664.4134,3.2093947,0.53193605,1.0,0.0,15.0
exp6_empty_2,6781,587.33307,3.2838128,0.7502636,1.0,0.0,16.0
exp6_empty_2,6782,642.0574,2.4953797,0.46104717,1.0,0.0,19.0
exp6_empty_2,6783,652.2266,3.0794163,0.5108301,1.0,0.0,16.0
exp6_empty_2,6784,-317.71405,4.4211607,0.42694303,0.0,1.0,7.0
exp6_empty_2,6785,576.84436,2.3067663,0.40005818,1.0,0.0,22.0
exp6_empty_2,6786,653.7397,2.6753619,0.5787194,1.0,0.0,19.0
exp6_empty_2,6787,631.0101,1.9542533,0.7378321,1.0,0.0,26.0
exp6_empty_2,6788,658.9401,3.02394,0.3983781,1.0,0.0,17.0
exp6_empty_2,6789,664.76526,1.842181,0.686017,1.0,0.0,29.0
exp6_empty_2,6790,536.8979,1.5783579,0.5225563,1.0,0.0,27.0
exp6_empty_2,6791,537.48505,2.607039,0.5000527,1.0,0.0,10.0
exp6_empty_2,6792,659.0819,3.2565587,0.6003581,1.0,0.0,17.0
exp6_empty_2,6793,676.6773,2.8028674,0.48539054,1.0,0.0,22.0
exp6_empty_2,6794,624.7962,3.1081119,0.39796433,1.0,0.0,15.0
exp6_empty_2,6795,657.8873,2.2266338,0.28295514,1.0,0.0,24.0
exp6_empty_2,6796,617.0829,2.2097633,0.47044155,1.0,0.0,21.0
exp6_empty_2,6797,735.70044,3.7917666,0.1463906,1.0,0.0,14.0
exp6_empty_2,6798,-298.66882,2.2375386,0.44816485,0.0,1.0,17.0
exp6_empty_2,6799,590.60596,2.4923694,0.3564608,1.0,0.0,19.0
exp6_empty_2,6801,-386.98486,4.9657845,0.30507845,0.0,1.0,3.0
exp6_empty_2,6802,554.66693,2.313932,0.6373452,1.0,0.0,14.0
exp6_empty_2,6803,586.1415,3.4708974,0.35720474,1.0,0.0,9.0
exp6_empty_2,6804,578.4919,3.1070518,0.4098587,1.0,0.0,19.0
exp6_empty_2,6805,605.98645,1.5932336,0.71719867,1.0,0.0,42.0
exp6_empty_2,6806,-162.16266,2.7506826,0.4011128,0.0,1.0,17.0
exp6_empty_2,6807,715.6087,2.443094,0.626953,1.0,0.0,26.0
exp6_empty_2,6808,588.0494,3.1195607,0.5267419,1.0,0.0,14.0
exp6_empty_2,6809,635.33844,2.6568444,0.4921478,1.0,0.0,22.0
exp6_empty_2,6810,487.73285,1.6747112,0.6305172,1.0,0.0,34.0
exp6_empty_2,6811,-333.71182,4.753573,0.2130684,0.0,1.0,5.0
exp6_empty_2,6812,603.23145,2.7118711,0.3743235,1.0,0.0,18.0
exp6_empty_2,6813,658.3952,4.496354,0.24267945,1.0,0.0,10.0
exp6_empty_2,6814,637.1465,3.6136374,0.43161222,1.0,0.0,11.0
exp6_empty_2,6815,649.75653,2.7559826,0.30131328,1.0,0.0,18.0
exp6_empty_2,6816,642.80164,2.4057055,0.4722285,1.0,0.0,23.0
exp6_empty_2,6817,644.5596,2.2669516,0.5092073,1.0,0.0,25.0
exp6_empty_2,6818,601.57996,2.4527404,0.50717837,1.0,0.0,20.0
exp6_empty_2,6819,582.9307,3.0026593,0.56428295,1.0,0.0,13.0
exp6_empty_2,6821,-318.35403,4.9200068,0.24389455,0.0,1.0,5.0
exp6_empty_2,6822,617.8972,2.2148948,0.46633527,1.0,0.0,22.0
exp6_empty_2,6823,624.6256,2.96923,0.31844303,1.0,0.0,22.0
exp6_empty_2,6824,655.7089,3.8063219,0.3438534,1.0,0.0,11.0
exp6_empty_2,6825,630.66144,2.6804037,0.44555035,1.0,0.0,15.0
exp6_empty_2,6826,602.2291,3.6998575,0.38466847,1.0,0.0,11.0
exp6_empty_2,6827,634.92065,3.7595494,0.4211444,1.0,0.0,12.0
exp6_empty_2,6828,616.10925,1.8310075,0.46854982,1.0,0.0,24.0
exp6_empty_2,6829,601.6692,3.1948128,0.47145653,1.0,0.0,16.0
exp6_empty_2,6830,717.21295,3.0151703,0.60611874,1.0,0.0,18.0
exp6_empty_2,6831,-208.7142,2.3768563,0.46507332,0.0,1.0,22.0
exp6_empty_2,6832,538.3428,1.3681791,0.67244333,1.0,0.0,34.0
exp6_empty_2,6833,680.99695,3.3579428,0.5032716,1.0,0.0,17.0
exp6_empty_2,6834,619.74115,2.6737187,0.5038189,1.0,0.0,24.0
exp6_empty_2,6835,652.3231,2.7165077,0.38955522,1.0,0.0,24.0
exp6_empty_2,6836,594.60516,2.7988214,0.43631724,1.0,0.0,18.0
exp6_empty_2,6837,137.6887,1.113665,0.94226193,0.0,0.0,100.0
exp6_empty_2,6838,671.885,1.9081788,0.6517232,1.0,0.0,36.0
exp6_empty_2,6839,763.6312,3.3564687,0.52488667,1.0,0.0,21.0
exp6_empty_2,6841,-221.22636,4.973871,0.25866663,0.0,1.0,4.0
exp6_empty_2,6842,623.59534,4.350425,0.70596546,1.0,0.0,11.0
exp6_empty_2,6843,625.5987,3.108958,0.4738706,1.0,0.0,15.0
exp6_empty_2,6844,586.4047,3.0972261,0.6359302,1.0,0.0,13.0
exp6_empty_2,6845,626.0396,2.7694333,0.3895867,1.0,0.0,20.0
exp6_empty_2,6846,623.28046,4.963079,0.15364783,1.0,0.0,7.0
exp6_empty_2,6847,739.8379,2.670926,0.6039672,1.0,0.0,23.0
exp6_empty_2,6848,685.89453,4.942243,0.26195258,1.0,0.0,10.0
exp6_empty_2,6849,631.8929,3.5803196,0.73982656,1.0,0.0,13.0
exp6_empty_2,6850,698.5199,2.809458,0.4770521,1.0,0.0,27.0
exp6_empty_2,6851,615.4634,4.3329263,0.2973054,1.0,0.0,8.0
exp6_empty_2,6852,666.51953,2.2692158,0.53737503,1.0,0.0,30.0
exp6_empty_2,6853,670.626,3.5592313,0.4460542,1.0,0.0,14.0
exp6_empty_2,6854,-416.6346,4.956397,0.26515514,0.0,1.0,2.0
exp6_empty_2,6855,633.1364,3.251762,0.49345672,1.0,0.0,15.0
exp6_empty_2,6856,665.2857,3.0268078,0.36917582,1.0,0.0,16.0
exp6_empty_2,6857,564.2432,2.7105958,0.48976776,1.0,0.0,13.0
exp6_empty_2,6858,642.8119,1.5725341,0.7690211,1.0,0.0,44.0
exp6_empty_2,6859,621.57666,2.1823165,0.4531568,1.0,0.0,23.0
exp6_empty_2,6861,625.61816,2.5796227,0.5112785,1.0,0.0,23.0
exp6_empty_2,6862,-199.24065,4.7136436,0.33908126,0.0,1.0,7.0
exp6_empty_2,6863,676.3197,1.56395,0.8349978,1.0,0.0,58.0
exp6_empty_2,6864,-184.13638,4.9517365,0.25332257,0.0,1.0,6.0
exp6_empty_2,6865,614.27185,2.3897417,0.49056932,1.0,0.0,19.0
exp6_empty_2,6866,549.1776,2.1679647,0.4315116,1.0,0.0,29.0
exp6_empty_2,6867,635.2449,1.3621168,0.897045,1.0,0.0,82.0
exp6_empty_2,6868,-158.62744,2.482146,0.39577112,0.0,1.0,24.0
exp6_empty_2,6869,620.22314,2.528329,0.47370425,1.0,0.0,24.0
exp6_empty_2,6870,592.22394,2.3374295,0.51486164,1.0,0.0,20.0
exp6_empty_2,6871,-380.9513,4.923987,0.4129518,0.0,1.0,3.0
exp6_empty_2,6872,509.33475,3.5037122,0.479346,1.0,0.0,9.0
exp6_empty_2,6873,673.0692,3.4128134,0.42749152,1.0,0.0,14.0
exp6_empty_2,6874,-128.68645,4.690442,0.21610771,0.0,1.0,7.0
exp6_empty_2,6875,618.78235,3.1446974,0.37810886,1.0,0.0,15.0
exp6_empty_2,6876,-230.65297,2.9906466,0.34243438,0.0,1.0,21.0
exp6_empty_2,6877,-232.38037,2.1496406,0.3676011,0.0,1.0,20.0
exp6_empty_2,6878,626.8509,3.028279,0.66663086,1.0,0.0,16.0
exp6_empty_2,6879,651.27057,2.3314023,0.5286749,1.0,0.0,25.0
exp6_empty_2,6881,-324.6722,1.803496,0.40051758,0.0,1.0,18.0
exp6_empty_2,6882,667.9376,2.1307058,0.47176716,1.0,0.0,28.0
exp6_empty_2,6883,574.2545,2.1786807,0.36874202,1.0,0.0,28.0
exp6_empty_2,6884,-198.60147,4.8816547,0.20768602,0.0,1.0,9.0
exp6_empty_2,6885,680.30884,2.5138319,0.33699968,1.0,0.0,28.0
exp6_empty_2,6886,-409.4995,4.968537,0.4784068,0.0,1.0,3.0
exp6_empty_2,6887,581.3101,3.6373281,0.38808858,1.0,0.0,11.0
exp6_empty_2,6888,-291.1432,3.106836,0.48402065,0.0,1.0,13.0
exp6_empty_2,6889,-329.48325,4.9274836,0.32127506,0.0,1.0,5.0
exp6_empty_2,6890,603.8431,3.6920028,0.4291788,1.0,0.0,11.0
exp6_empty_2,6891,682.6887,2.8231428,0.30864727,1.0,0.0,19.0
exp6_empty_2,6892,669.4839,3.8584323,0.48096746,1.0,0.0,14.0
exp6_empty_2,6893,647.46826,3.531962,0.5663394,1.0,0.0,13.0
exp6_empty_2,6894,-154.333,4.9886794,0.25730973,0.0,1.0,6.0
exp6_empty_2,6895,675.3415,1.8207878,0.7763099,1.0,0.0,37.0
exp6_empty_2,6896,-294.3915,3.0173724,0.34789366,0.0,1.0,13.0
exp6_empty_2,6897,678.45325,3.3994105,0.42559314,1.0,0.0,14.0
exp6_empty_2,6898,595.1151,3.258579,0.5745858,1.0,0.0,14.0
exp6_empty_2,6899,-220.87474,2.9468634,0.42031115,0.0,1.0,16.0
exp6_empty_2,6901,-314.95108,4.58331,0.64678866,0.0,1.0,1.0
exp6_empty_2,6902,668.8594,3.1581755,0.5551436,1.0,0.0,18.0
exp6_empty_2,6903,-289.55917,4.746992,0.21687028,0.0,1.0,8.0
exp6_empty_2,6904,-444.84525,4.9826818,0.21328205,0.0,1.0,1.0
exp6_empty_2,6905,-275.88,3.1021352,0.35216066,0.0,1.0,16.0
exp6_empty_2,6906,-328.90256,4.7167444,0.21753387,0.0,1.0,10.0
exp6_empty_2,6907,725.6633,3.2928302,0.32307166,1.0,0.0,16.0
exp6_empty_2,6908,658.40497,4.0989566,0.2317661,1.0,0.0,10.0
exp6_empty_2,6909,693.1582,3.4864593,0.44525307,1.0,0.0,17.0
exp6_empty_2,6910,656.45636,2.709344,0.46991757,1.0,0.0,25.0
exp6_empty_2,6911,692.8752,2.9857862,0.3346119,1.0,0.0,27.0
exp6_empty_2,6912,659.82245,3.0365067,0.4744087,1.0,0.0,18.0
exp6_empty_2,6913,-170.76897,2.61777,0.33759156,0.0,1.0,21.0
exp6_empty_2,6914,667.4309,2.9114473,0.39930248,1.0,0.0,24.0
exp6_empty_2,6915,634.54846,2.5711386,0.43849766,1.0,0.0,25.0
exp6_empty_2,6916,517.41754,1.7214047,0.4639637,1.0,0.0,29.0
exp6_empty_2,6917,531.6344,2.4184406,0.4397003,1.0,0.0,15.0
exp6_empty_2,6918,-339.8232,4.978833,0.14711867,0.0,1.0,5.0
exp6_empty_2,6919,776.7178,2.5106022,0.30860817,1.0,0.0,30.0
exp6_empty_2,6921,592.2402,2.7282457,0.42949045,1.0,0.0,12.0
exp6_empty_2,6922,513.00305,2.1004596,0.55490756,1.0,0.0,16.0
exp6_empty_2,6923,548.7077,2.2666755,0.51907235,1.0,0.0,23.0
exp6_empty_2,6924,553.7688,3.5561163,0.50589997,1.0,0.0,9.0
exp6_empty_2,6925,529.14636,2.8256872,0.54756147,1.0,0.0,11.0
exp6_empty_2,6926,622.38104,2.742609,0.45500064,1.0,0.0,21.0
exp6_empty_2,6927,638.06433,2.9471943,0.58704484,1.0,0.0,18.0
exp6_empty_2,6928,-223.0745,2.5446217,0.3748205,0.0,1.0,17.0
exp6_empty_2,6929,564.32697,4.009611,0.49800047,1.0,0.0,9.0
exp6_empty_2,6930,-166.60927,2.2334533,0.39957213,0.0,1.0,25.0
exp6_empty_2,6931,660.2187,2.3944871,0.49708048,1.0,0.0,24.0
exp6_empty_2,6932,622.14136,1.97862,0.51371855,1.0,0.0,36.0
exp6_empty_2,6933,-364.80716,4.9122343,0.43052253,0.0,1.0,1.0
exp6_empty_2,6934,614.6721,2.205819,0.6840806,1.0,0.0,23.0
exp6_empty_2,6935,628.3337,1.9017828,0.4971605,1.0,0.0,28.0
exp6_empty_2,6936,621.0278,1.8880743,0.49896315,1.0,0.0,36.0
exp6_empty_2,6937,-218.1853,4.9568458,0.19330959,0.0,1.0,7.0
exp6_empty_2,6938,-352.75388,4.899392,0.16823837,0.0,1.0,4.0
exp6_empty_2,6939,-132.07578,3.4503314,0.39097703,0.0,1.0,16.0
exp6_empty_2,6941,619.1924,3.1049707,0.6294314,1.0,0.0,15.0
exp6_empty_2,6942,651.30475,2.479547,0.510817,1.0,0.0,26.0
exp6_empty_2,6943,-361.81763,4.642288,0.3179489,0.0,1.0,5.0
exp6_empty_2,6944,586.22595,2.7397294,0.8070278,1.0,0.0,22.0
exp6_empty_2,6945,600.7152,2.0573313,0.54677063,1.0,0.0,26.0
exp6_empty_2,6946,598.24036,3.231234,0.47762662,1.0,0.0,11.0
exp6_empty_2,6947,551.1103,2.0080676,0.40948397,1.0,0.0,28.0
exp6_empty_2,6948,594.28015,4.427742,0.2974456,1.0,0.0,9.0
exp6_empty_2,6949,515.414,1.6187588,0.56650335,1.0,0.0,19.0
exp6_empty_2,6950,627.17786,1.8932219,0.67807853,1.0,0.0,37.0
exp6_empty_2,6951,-253.35257,2.4372342,0.52669746,0.0,1.0,20.0
exp6_empty_2,6952,723.01514,2.9819627,0.4768373,1.0,0.0,20.0
exp6_empty_2,6953,635.699,2.1398,0.6781349,1.0,0.0,29.0
exp6_empty_2,6954,651.4829,2.0551343,0.5023145,1.0,0.0,27.0
exp6_empty_2,6955,622.52466,2.2923567,0.49340335,1.0,0.0,33.0
exp6_empty_2,6956,132.84993,1.1807371,0.9738513,0.0,0.0,100.0
exp6_empty_2,6957,-354.21674,4.9131727,0.35096177,0.0,1.0,4.0
exp6_empty_2,6958,590.18616,3.3077662,0.7087641,1.0,0.0,15.0
exp6_empty_2,6959,-213.142,4.8636665,0.24088112,0.0,1.0,4.0
exp6_empty_2,6961,719.72205,3.1186144,0.52519643,1.0,0.0,19.0
exp6_empty_2,6962,602.7581,3.1218352,0.48817495,1.0,0.0,13.0
exp6_empty_2,6963,716.21106,2.4947445,0.49164075,1.0,0.0,31.0
exp6_empty_2,6964,597.99786,1.473307,0.7950738,1.0,0.0,36.0
exp6_empty_2,6965,577.0359,1.7595669,0.72046703,1.0,0.0,31.0
exp6_empty_2,6966,145.19548,1.1471561,0.92298883,0.0,0.0,100.0
exp6_empty_2,6967,-326.1894,4.9097304,0.2700545,0.0,1.0,5.0
exp6_empty_2,6968,642.944,2.7578914,0.41865668,1.0,0.0,24.0
exp6_empty_2,6969,668.4945,3.6394715,0.6155626,1.0,0.0,17.0
exp6_empty_2,6970,600.8223,2.3130066,0.35531807,1.0,0.0,23.0
exp6_empty_2,6971,595.49243,2.3983276,0.46086815,1.0,0.0,29.0
exp6_empty_2,6972,548.9995,2.734573,0.40882072,1.0,0.0,19.0
exp6_empty_2,6973,-220.24011,2.6378815,0.39208412,0.0,1.0,16.0
exp6_empty_2,6974,632.75903,2.3604257,0.6583209,1.0,0.0,21.0
exp6_empty_2,6975,681.95215,3.3177028,0.4017205,1.0,0.0,21.0
exp6_empty_2,6976,733.9296,3.694441,0.44288924,1.0,0.0,15.0
exp6_empty_2,6977,649.5178,1.6636987,0.81448245,1.0,0.0,41.0
exp6_empty_2,6978,613.1532,2.1221426,0.50521016,1.0,0.0,24.0
exp6_empty_2,6979,641.0198,1.6210243,0.7621904,1.0,0.0,36.0
exp6_empty_2,6981,643.9177,3.6701994,0.7318744,1.0,0.0,16.0
exp6_empty_2,6982,615.5661,2.3662333,0.44134572,1.0,0.0,27.0
exp6_empty_2,6983,601.48505,3.0171342,0.40344557,1.0,0.0,17.0
exp6_empty_2,6984,607.6402,2.7271295,0.37344417,1.0,0.0,25.0
exp6_empty_2,6985,-244.0206,3.1056736,0.44057432,0.0,1.0,12.0
exp6_empty_2,6986,552.5742,2.777188,0.44430315,1.0,0.0,19.0
exp6_empty_2,6987,623.3833,2.065917,0.5307265,1.0,0.0,27.0
exp6_empty_2,6988,704.4034,2.6481762,0.5012477,1.0,0.0,23.0
exp6_empty_2,6989,579.2887,2.2909627,0.5346817,1.0,0.0,20.0
exp6_empty_2,6990,615.91254,2.8127089,0.40125352,1.0,0.0,16.0
exp6_empty_2,6991,572.72595,2.232603,0.53717154,1.0,0.0,25.0
exp6_empty_2,6992,-191.99036,4.9479356,0.22588614,0.0,1.0,8.0
exp6_empty_2,6993,624.6495,2.7413201,0.38603568,1.0,0.0,17.0
exp6_empty_2,6994,-275.47186,2.807688,0.48215503,0.0,1.0,15.0
exp6_empty_2,6995,694.63586,4.6085424,0.23834953,1.0,0.0,10.0
exp6_empty_2,6996,642.0868,2.6716387,0.5911099,1.0,0.0,19.0
exp6_empty_2,6997,-245.49838,4.9627457,0.38589826,0.0,1.0,3.0
exp6_empty_2,6998,579.96954,3.32304,0.88972574,1.0,0.0,17.0
exp6_empty_2,6999,654.97424,3.5311375,0.601971,1.0,0.0,16.0
exp6_empty_2,7001,585.48157,2.4449618,0.3860935,1.0,0.0,21.0
exp6_empty_2,7002,614.78424,3.283,0.42405275,1.0,0.0,11.0
exp6_empty_2,7003,687.3473,4.190923,0.39000684,1.0,0.0,11.0
exp6_empty_2,7004,677.7584,1.6698879,0.7443388,1.0,0.0,40.0
exp6_empty_2,7005,633.94604,2.2237182,0.7498041,1.0,0.0,24.0
exp6_empty_2,7006,624.4784,3.4166217,0.421995,1.0,0.0,14.0
exp6_empty_2,7007,653.6039,3.0361125,0.68745023,1.0,0.0,21.0
exp6_empty_2,7008,659.2613,2.9629545,0.7896868,1.0,0.0,22.0
exp6_empty_2,7009,-38.963715,2.302421,0.5826101,0.0,1.0,27.0
exp6_empty_2,7010,673.6763,3.8601773,0.45859727,1.0,0.0,12.0
exp6_empty_2,7011,591.30273,2.6991336,0.42831457,1.0,0.0,21.0
exp6_empty_2,7012,566.3952,1.7987735,0.45933557,1.0,0.0,31.0
exp6_empty_2,7013,566.73315,3.515723,0.4644994,1.0,0.0,8.0
exp6_empty_2,7014,-294.26752,2.7964349,0.40942928,0.0,1.0,14.0
exp6_empty_2,7015,597.4474,2.2151837,0.5316332,1.0,0.0,29.0
exp6_empty_2,7016,-259.2861,4.968952,0.2741663,0.0,1.0,8.0
exp6_empty_2,7017,-280.35614,4.995181,0.39073497,0.0,1.0,2.0
exp6_empty_2,7018,663.49097,2.8016403,0.5220012,1.0,0.0,24.0
exp6_empty_2,7019,-271.6805,4.9944706,0.25173748,0.0,1.0,2.0
exp6_empty_2,7021,-273.99432,3.5514026,0.4089435,0.0,1.0,15.0
exp6_empty_2,7022,-269.72174,4.9710307,0.5918004,0.0,1.0,9.0
exp6_empty_2,7023,650.4076,2.6198685,0.38208887,1.0,0.0,28.0
exp6_empty_2,7024,-414.30576,4.981359,0.5045542,0.0,1.0,2.0
exp6_empty_2,7025,611.80566,2.441778,0.5048212,1.0,0.0,22.0
exp6_empty_2,7026,589.79065,3.811502,0.45048648,1.0,0.0,11.0
exp6_empty_2,7027,-93.24298,4.1197314,0.35558575,0.0,1.0,10.0
exp6_empty_2,7028,679.8091,2.6816568,0.33544168,1.0,0.0,25.0
exp6_empty_2,7029,672.0842,3.1200948,0.46115717,1.0,0.0,16.0
exp6_empty_2,7030,-306.93042,3.254411,0.44176862,0.0,1.0,17.0
exp6_empty_2,7031,604.7435,2.3985667,0.414299,1.0,0.0,26.0
exp6_empty_2,7032,675.2548,3.93019,0.45718256,1.0,0.0,13.0
exp6_empty_2,7033,690.8563,2.177466,0.662712,1.0,0.0,26.0
exp6_empty_2,7034,584.08325,1.502877,0.82619935,1.0,0.0,35.0
exp6_empty_2,7035,684.85547,2.5267122,0.46281013,1.0,0.0,30.0
exp6_empty_2,7036,648.99695,2.2052233,0.6004657,1.0,0.0,32.0
exp6_empty_2,7037,648.4636,4.054375,0.40717018,1.0,0.0,11.0
exp6_empty_2,7038,-370.07916,2.9822822,0.42646953,0.0,1.0,14.0
exp6_empty_2,7039,-395.53552,4.794061,0.4718549,0.0,1.0,3.0
exp6_empty_2,7041,710.1146,4.998462,0.62268424,1.0,0.0,11.0
exp6_empty_2,7042,590.7173,2.7914178,0.4642297,1.0,0.0,13.0
exp6_empty_2,7043,-348.26038,4.69891,0.3605658,0.0,1.0,6.0
exp6_empty_2,7044,573.5866,2.9581566,0.53677124,1.0,0.0,12.0
exp6_empty_2,7045,-315.31573,4.987967,0.14914027,0.0,1.0,5.0
exp6_empty_2,7046,-261.7243,4.740825,0.40231776,0.0,1.0,3.0
exp6_empty_2,7047,631.9756,2.8755941,0.5814258,1.0,0.0,17.0
exp6_empty_2,7048,534.23157,3.4013896,0.7867378,1.0,0.0,10.0
exp6_empty_2,7049,-334.7572,4.985027,0.52676314,0.0,1.0,3.0
exp6_empty_2,7050,616.90094,2.0666637,0.5550234,1.0,0.0,34.0
exp6_empty_2,7051,-166.2618,4.9735703,0.24509151,0.0,1.0,6.0
exp6_empty_2,7052,628.8843,2.2873452,0.54118216,1.0,0.0,25.0
exp6_empty_2,7053,642.03503,3.5688906,0.40530553,1.0,0.0,12.0
exp6_empty_2,7054,611.4856,1.5203052,0.6977698,1.0,0.0,32.0
exp6_empty_2,7055,699.2928,2.049252,0.77255744,1.0,0.0,38.0
exp6_empty_2,7056,-217.77255,1.8589112,0.5913592,0.0,1.0,24.0
exp6_empty_2,7057,643.2762,3.505981,0.46181422,1.0,0.0,13.0
exp6_empty_2,7058,704.66504,2.331215,0.55432886,1.0,0.0,35.0
exp6_empty_2,7059,-415.78452,4.990101,0.26109296,0.0,1.0,2.0
exp6_empty_2,7061,544.4704,2.3772252,0.36644694,1.0,0.0,27.0
exp6_empty_2,7062,641.1934,1.7464237,0.8151319,1.0,0.0,35.0
exp6_empty_2,7063,628.20734,2.133573,0.5549839,1.0,0.0,23.0
exp6_empty_2,7064,648.64557,3.0045063,0.68483067,1.0,0.0,16.0
exp6_empty_2,7065,609.677,2.3672493,0.6355511,1.0,0.0,29.0
exp6_empty_2,7066,732.99866,2.363362,0.56493664,1.0,0.0,35.0
exp6_empty_2,7067,554.5575,1.4095138,0.90131915,1.0,0.0,46.0
exp6_empty_2,7068,635.7024,3.418073,0.58065987,1.0,0.0,12.0
exp6_empty_2,7069,-116.388336,4.404144,0.78663015,0.0,1.0,12.0
exp6_empty_2,7070,578.1167,3.9301264,0.57875067,1.0,0.0,12.0
exp6_empty_2,7071,-339.0896,4.9960656,0.31050727,0.0,1.0,3.0
exp6_empty_2,7072,-424.45004,4.88,0.38568878,0.0,1.0,2.0
exp6_empty_2,7073,616.99915,2.051653,0.6205653,1.0,0.0,27.0
exp6_empty_2,7074,627.56537,2.5307896,0.5649422,1.0,0.0,24.0
exp6_empty_2,7075,572.8498,1.9271911,0.55651295,1.0,0.0,22.0
exp6_empty_2,7076,-151.75368,2.1594129,0.53713983,0.0,1.0,27.0
exp6_empty_2,7077,704.1814,2.7094276,0.48988754,1.0,0.0,32.0
exp6_empty_2,7078,629.0672,3.1272109,0.58621407,1.0,0.0,13.0
exp6_empty_2,7079,-255.68974,3.160041,0.45922825,0.0,1.0,18.0
exp6_empty_2,7081,649.4039,2.524331,0.56441224,1.0,0.0,22.0
exp6_empty_2,7082,699.76276,3.178359,0.44846612,1.0,0.0,16.0
exp6_empty_2,7083,-385.36087,4.814711,0.45241678,0.0,1.0,3.0
exp6_empty_2,7084,655.8074,2.642941,0.5882486,1.0,0.0,29.0
exp6_empty_2,7085,592.3334,3.1420057,0.40292704,1.0,0.0,13.0
exp6_empty_2,7086,549.4214,3.6571884,0.86387604,1.0,0.0,10.0
exp6_empty_2,7087,700.5946,2.033365,0.60383403,1.0,0.0,28.0
exp6_empty_2,7088,674.99744,3.3763885,0.41865692,1.0,0.0,16.0
exp6_empty_2,7089,-178.26129,2.0155337,0.61747557,0.0,1.0,24.0
exp6_empty_2,7090,-311.4629,4.96552,0.57474375,0.0,1.0,1.0
exp6_empty_2,7091,677.7377,2.0118504,0.37374032,1.0,0.0,31.0
exp6_empty_2,7092,612.12756,2.0244334,0.55795026,1.0,0.0,28.0
exp6_empty_2,7093,573.80505,1.983293,0.6884897,1.0,0.0,19.0
exp6_empty_2,7094,633.8323,3.6153471,0.51753545,1.0,0.0,11.0
exp6_empty_2,7095,-302.96103,4.944449,0.51309735,0.0,1.0,1.0
exp6_empty_2,7096,-427.09314,4.6058826,0.46437317,0.0,1.0,2.0
exp6_empty_2,7097,617.97034,2.2364995,0.5416299,1.0,0.0,24.0
exp6_empty_2,7098,607.21014,1.2776946,0.81267935,1.0,0.0,54.0
exp6_empty_2,7099,619.5234,2.6321547,0.3692359,1.0,0.0,18.0
exp6_empty_2,7101,-349.46484,4.9907002,0.31345928,0.0,1.0,4.0
exp6_empty_2,7102,699.87317,1.6457536,0.7305539,1.0,0.0,42.0
exp6_empty_2,7103,635.1377,2.2023573,0.49224216,1.0,0.0,31.0
exp6_empty_2,7104,635.45966,2.6554801,0.33332703,1.0,0.0,23.0
exp6_empty_2,7105,581.4144,3.9400406,0.6383396,1.0,0.0,11.0
exp6_empty_2,7106,637.7338,1.9139949,0.55338967,1.0,0.0,30.0
exp6_empty_2,7107,663.8815,2.4405575,0.601263,1.0,0.0,23.0
exp6_empty_2,7108,628.2686,3.6221757,0.7008286,1.0,0.0,13.0
exp6_empty_2,7109,638.417,3.0714695,0.5049213,1.0,0.0,14.0
exp6_empty_2,7110,691.9132,3.7035236,0.59144825,1.0,0.0,17.0
exp6_empty_2,7111,-286.50424,4.8844533,0.60501623,0.0,1.0,7.0
exp6_empty_2,7112,691.16504,2.710586,0.5283182,1.0,0.0,22.0
exp6_empty_2,7113,595.48364,3.4935565,0.50973904,1.0,0.0,10.0
exp6_empty_2,7114,665.8718,1.9759898,0.7010932,1.0,0.0,32.0
exp6_empty_2,7115,610.6273,3.0571249,0.61714035,1.0,0.0,17.0
exp6_empty_2,7116,-446.5754,4.9075327,0.5678696,0.0,1.0,1.0
exp6_empty_2,7117,627.058,1.9075129,0.74412245,1.0,0.0,34.0
exp6_empty_2,7118,638.3374,1.4001676,0.8074388,1.0,0.0,51.0
exp6_empty_2,7119,610.14575,1.9927454,0.38307452,1.0,0.0,34.0
exp6_empty_2,7121,-331.7035,4.9858375,0.44890353,0.0,1.0,6.0
exp6_empty_2,7122,656.25146,2.8176208,0.44349563,1.0,0.0,23.0
exp6_empty_2,7123,704.9325,2.6222658,0.43861464,1.0,0.0,26.0
exp6_empty_2,7124,-294.8647,4.9338236,0.291819,0.0,1.0,6.0
exp6_empty_2,7125,554.2883,1.6092092,0.51987803,1.0,0.0,25.0
exp6_empty_2,7126,646.3323,2.7743838,0.32666263,1.0,0.0,23.0
exp6_empty_2,7127,722.6627,4.2974567,0.2991698,1.0,0.0,12.0
exp6_empty_2,7128,687.0045,2.213048,0.64351207,1.0,0.0,26.0
exp6_empty_2,7129,-298.50635,2.518431,0.39118782,0.0,1.0,13.0
exp6_empty_2,7130,-445.4737,4.9983597,0.53126025,0.0,1.0,1.0
exp6_empty_2,7131,639.0255,2.1780024,0.5564673,1.0,0.0,22.0
exp6_empty_2,7132,-420.88303,4.934678,0.44648263,0.0,1.0,2.0
exp6_empty_2,7133,710.7742,2.4308264,0.56278694,1.0,0.0,31.0
exp6_empty_2,7134,573.1538,3.7455049,0.47785628,1.0,0.0,11.0
exp6_empty_2,7135,659.02686,2.0634966,0.49807414,1.0,0.0,29.0
exp6_empty_2,7136,589.42755,2.0366328,0.53486174,1.0,0.0,30.0
exp6_empty_2,7137,640.7628,2.7117825,0.46553898,1.0,0.0,21.0
exp6_empty_2,7138,705.87103,2.3953068,0.48021495,1.0,0.0,25.0
exp6_empty_2,7139,-378.58502,4.9930077,0.3508506,0.0,1.0,4.0
exp6_empty_2,7141,-304.32947,4.8774924,0.30981058,0.0,1.0,5.0
exp6_empty_2,7142,548.4677,1.9318602,0.6281347,1.0,0.0,20.0
exp6_empty_2,7143,692.93054,3.8039832,0.51998407,1.0,0.0,15.0
exp6_empty_2,7144,640.7191,3.347689,0.6021182,1.0,0.0,17.0
exp6_empty_2,7145,-135.1318,4.990677,0.33665147,0.0,1.0,9.0
exp6_empty_2,7146,-376.30032,4.948174,0.23267002,0.0,1.0,6.0
exp6_empty_2,7147,668.21423,3.4664824,0.44516122,1.0,0.0,17.0
exp6_empty_2,7148,709.51135,2.6938198,0.5369766,1.0,0.0,26.0
exp6_empty_2,7149,670.04065,3.7532084,0.39997023,1.0,0.0,13.0
exp6_empty_2,7150,672.0403,4.5842915,0.5696781,1.0,0.0,13.0
exp6_empty_2,7151,667.31055,2.1982837,0.5936857,1.0,0.0,26.0
exp6_empty_2,7152,696.74817,2.3126042,0.5910036,1.0,0.0,25.0
exp6_empty_2,7153,-317.24347,4.78002,0.19878484,0.0,1.0,7.0
exp6_empty_2,7154,643.86975,2.1609664,0.6046341,1.0,0.0,23.0
exp6_empty_2,7155,636.33777,2.3739555,0.68719363,1.0,0.0,20.0
exp6_empty_2,7156,-382.45013,4.99581,0.35160422,0.0,1.0,3.0
exp6_empty_2,7157,605.864,1.485788,0.80421406,1.0,0.0,44.0
exp6_empty_2,7158,614.333,1.8959725,0.7685155,1.0,0.0,30.0
exp6_empty_2,7159,715.5718,3.400984,0.69315684,1.0,0.0,18.0
exp6_empty_2,7161,631.7997,2.3557944,0.336367,1.0,0.0,26.0
exp6_empty_2,7162,639.9164,1.683461,0.6781507,1.0,0.0,35.0
exp6_empty_2,7163,611.4435,2.308477,0.62564033,1.0,0.0,23.0
exp6_empty_2,7164,-293.3366,4.993354,0.2272447,0.0,1.0,4.0
exp6_empty_2,7165,530.2908,2.6039205,0.7281838,1.0,0.0,15.0
exp6_empty_2,7166,628.22955,4.6675625,0.35584247,1.0,0.0,9.0
exp6_empty_2,7167,594.65515,1.5852972,0.72313064,1.0,0.0,41.0
exp6_empty_2,7168,-411.7369,4.3626924,0.296961,0.0,1.0,5.0
exp6_empty_2,7169,-243.94937,4.8108425,0.5765452,0.0,1.0,10.0
exp6_empty_2,7170,560.9487,3.5509975,0.7236361,1.0,0.0,12.0
exp6_empty_2,7171,595.4437,3.0140004,0.6936697,1.0,0.0,14.0
exp6_empty_2,7172,588.7733,1.6244985,0.7496413,1.0,0.0,39.0
exp6_empty_2,7173,502.43695,1.5472924,0.5569855,1.0,0.0,27.0
exp6_empty_2,7174,533.9828,2.6378188,0.6068644,1.0,0.0,15.0
exp6_empty_2,7175,599.5609,3.790547,0.7974654,1.0,0.0,13.0
exp6_empty_2,7176,608.44403,1.5503323,0.7906096,1.0,0.0,46.0
exp6_empty_2,7177,-204.2552,4.973944,0.24241833,0.0,1.0,6.0
exp6_empty_2,7178,-226.51501,4.989594,0.3149924,0.0,1.0,5.0
exp6_empty_2,7179,-34.449707,2.2470078,0.5059716,0.0,1.0,25.0
exp6_empty_2,7181,-284.92218,4.98576,0.42770267,0.0,1.0,3.0
exp6_empty_2,7182,703.5449,2.7708533,0.48305246,1.0,0.0,30.0
exp6_empty_2,7183,-414.17615,4.917298,0.38203642,0.0,1.0,3.0
exp6_empty_2,7184,589.3157,1.9729506,0.4760954,1.0,0.0,27.0
exp6_empty_2,7185,610.59265,2.879493,0.7274843,1.0,0.0,15.0
exp6_empty_2,7186,564.3342,2.759037,0.68774,1.0,0.0,12.0
exp6_empty_2,7187,526.83563,1.7810751,0.67384,1.0,0.0,15.0
exp6_empty_2,7188,637.09564,1.3896677,0.8236835,1.0,0.0,51.0
exp6_empty_2,7189,645.82227,2.2748888,0.50633526,1.0,0.0,30.0
exp6_empty_2,7190,-281.36917,4.9979014,0.5278861,0.0,1.0,3.0
exp6_empty_2,7191,648.75507,1.9425054,0.4577272,1.0,0.0,29.0
exp6_empty_2,7192,595.2421,4.9894304,0.17235358,1.0,0.0,6.0
exp6_empty_2,7193,595.4539,1.1955519,0.83913046,1.0,0.0,58.0
exp6_empty_2,7194,677.50134,3.6126292,0.59422785,1.0,0.0,16.0
exp6_empty_2,7195,621.2655,1.6801593,0.80535626,1.0,0.0,37.0
exp6_empty_2,7196,620.02496,2.3703837,0.49069712,1.0,0.0,26.0
exp6_empty_2,7197,647.66815,2.4198022,0.5482154,1.0,0.0,25.0
exp6_empty_2,7198,-296.136,4.9421597,0.20849694,0.0,1.0,9.0
exp6_empty_2,7199,572.02844,3.0781922,0.5182944,1.0,0.0,10.0
exp6_empty_2,7201,546.343,2.4281325,0.41641963,1.0,0.0,18.0
exp6_empty_2,7202,604.1439,1.9579418,0.6749094,1.0,0.0,22.0
exp6_empty_2,7203,674.33215,2.5626345,0.51823616,1.0,0.0,25.0
exp6_empty_2,7204,-225.55614,2.0736425,0.51851815,0.0,1.0,14.0
exp6_empty_2,7205,656.92664,3.2536433,0.57444584,1.0,0.0,18.0
exp6_empty_2,7206,670.20667,3.2152333,0.48530933,1.0,0.0,14.0
exp6_empty_2,7207,-315.79834,4.9621325,0.15971884,0.0,1.0,5.0
exp6_empty_2,7208,729.7053,3.9758682,0.4044558,1.0,0.0,14.0
exp6_empty_2,7209,700.36426,2.7472806,0.48289597,1.0,0.0,25.0
exp6_empty_2,7210,555.1647,1.9028999,0.68784153,1.0,0.0,19.0
exp6_empty_2,7211,606.5567,3.7930548,0.817625,1.0,0.0,13.0
exp6_empty_2,7212,-363.69537,4.7839665,0.3286342,0.0,1.0,4.0
exp6_empty_2,7213,-414.73508,4.9877167,0.15405752,0.0,1.0,2.0
exp6_empty_2,7214,-414.93884,4.9965625,0.3006604,0.0,1.0,2.0
exp6_empty_2,7215,681.65466,4.989223,0.65431905,1.0,0.0,11.0
exp6_empty_2,7216,702.4195,3.7345347,0.5743097,1.0,0.0,16.0
exp6_empty_2,7217,586.0546,1.889609,0.6215182,1.0,0.0,34.0
exp6_empty_2,7218,605.8054,1.9370937,0.4638896,1.0,0.0,33.0
exp6_empty_2,7219,630.3712,2.3965745,0.54496604,1.0,0.0,20.0
exp6_empty_2,7221,542.29193,2.368902,0.42406794,1.0,0.0,18.0
exp6_empty_2,7222,556.56445,1.824722,0.74508965,1.0,0.0,32.0
exp6_empty_2,7223,693.37085,2.6910074,0.48656067,1.0,0.0,25.0
exp6_empty_2,7224,-404.69754,4.964328,0.23706925,0.0,1.0,4.0
exp6_empty_2,7225,670.50885,2.1496425,0.45329946,1.0,0.0,33.0
exp6_empty_2,7226,610.4035,1.851238,0.59666526,1.0,0.0,32.0
exp6_empty_2,7227,-383.9996,4.9131207,0.5115742,0.0,1.0,3.0
exp6_empty_2,7228,695.4916,3.6276817,0.6582385,1.0,0.0,16.0
exp6_empty_2,7229,608.35004,1.8383952,0.76617503,1.0,0.0,31.0
exp6_empty_2,7230,595.37415,3.1643155,0.48570392,1.0,0.0,13.0
exp6_empty_2,7231,573.0276,3.648857,0.5162127,1.0,0.0,10.0
exp6_empty_2,7232,673.4901,2.3752553,0.47796658,1.0,0.0,33.0
exp6_empty_2,7233,-159.38458,2.6177332,0.38782388,0.0,1.0,15.0
exp6_empty_2,7234,548.05493,1.7379396,0.51140386,1.0,0.0,30.0
exp6_empty_2,7235,615.26434,2.1939387,0.6497725,1.0,0.0,20.0
exp6_empty_2,7236,679.9834,1.9432439,0.58887565,1.0,0.0,32.0
exp6_empty_2,7237,672.6979,2.4362063,0.53084254,1.0,0.0,22.0
exp6_empty_2,7238,661.5993,3.7862134,0.7913329,1.0,0.0,14.0
exp6_empty_2,7239,589.5703,3.5652292,0.40105048,1.0,0.0,12.0
exp6_empty_2,7241,593.01324,2.5345423,0.6003791,1.0,0.0,22.0
exp6_empty_2,7242,-106.43492,2.1751235,0.5636661,0.0,1.0,24.0
exp6_empty_2,7243,647.9827,1.8373935,0.5003901,1.0,0.0,39.0
exp6_empty_2,7244,662.1285,4.5825477,0.2688802,1.0,0.0,10.0
exp6_empty_2,7245,640.9064,2.6632674,0.4280316,1.0,0.0,24.0
exp6_empty_2,7246,-246.85316,3.1921706,0.43035486,0.0,1.0,17.0
exp6_empty_2,7247,-286.49,4.973038,0.22078897,0.0,1.0,6.0
exp6_empty_2,7248,595.1073,1.7007868,0.49295634,1.0,0.0,29.0
exp6_empty_2,7249,-210.04796,4.895009,0.20433941,0.0,1.0,4.0
exp6_empty_2,7250,593.3077,1.6220155,0.43248063,1.0,0.0,39.0
exp6_empty_2,7251,593.68384,2.3816168,0.72715354,1.0,0.0,22.0
exp6_empty_2,7252,594.54553,3.542426,0.6580689,1.0,0.0,13.0
exp6_empty_2,7253,639.6445,2.095673,0.48165494,1.0,0.0,29.0
exp6_empty_2,7254,671.28467,3.1917605,0.5716733,1.0,0.0,21.0
exp6_empty_2,7255,597.9299,1.5495462,0.6366302,1.0,0.0,27.0
exp6_empty_2,7256,-353.62036,4.8181586,0.30631298,0.0,1.0,4.0
exp6_empty_2,7257,685.4907,3.2723916,0.46342808,1.0,0.0,18.0
exp6_empty_2,7258,656.7871,4.422904,0.41035232,1.0,0.0,12.0
exp6_empty_2,7259,639.04803,3.764634,0.43672884,1.0,0.0,12.0
exp6_empty_2,7261,664.1333,1.7163059,0.6156393,1.0,0.0,33.0
exp6_empty_2,7262,-352.581,4.833514,0.3272672,0.0,1.0,4.0
exp6_empty_2,7263,579.1089,3.9960592,0.89047563,1.0,0.0,13.0
exp6_empty_2,7264,648.7748,3.3384018,0.5370463,1.0,0.0,16.0
exp6_empty_2,7265,562.11194,2.608292,0.44576898,1.0,0.0,28.0
exp6_empty_2,7266,604.5617,1.6817683,0.43756822,1.0,0.0,26.0
exp6_empty_2,7267,642.4847,3.4949908,0.6152646,1.0,0.0,13.0
exp6_empty_2,7268,-363.57303,2.8612597,0.28810534,0.0,1.0,6.0
exp6_empty_2,7269,697.0516,2.612856,0.4351165,1.0,0.0,28.0
exp6_empty_2,7270,-428.81964,4.3688154,0.48840535,0.0,1.0,2.0
exp6_empty_2,7271,640.1715,3.1332133,0.51863545,1.0,0.0,16.0
exp6_empty_2,7272,588.1915,3.2024198,0.62534547,1.0,0.0,13.0
exp6_empty_2,7273,623.6417,4.0855265,0.53579456,1.0,0.0,12.0
exp6_empty_2,7274,680.499,2.9284399,0.40386763,1.0,0.0,20.0
exp6_empty_2,7275,-227.64891,2.3184316,0.41850767,0.0,1.0,29.0
exp6_empty_2,7276,586.4785,3.019828,0.40522268,1.0,0.0,12.0
exp6_empty_2,7277,685.434,1.6062837,0.7291237,1.0,0.0,41.0
exp6_empty_2,7278,-217.14633,3.771238,0.26928288,0.0,1.0,6.0
exp6_empty_2,7279,-446.85168,4.8196754,0.53331786,0.0,1.0,1.0
exp6_empty_2,7281,677.55084,1.44304,0.8362083,1.0,0.0,57.0
exp6_empty_2,7282,555.8627,3.2456422,0.6040281,1.0,0.0,9.0
exp6_empty_2,7283,737.91724,3.9628024,0.3989112,1.0,0.0,14.0
exp6_empty_2,7284,665.5214,3.622723,0.8098555,1.0,0.0,14.0
exp6_empty_2,7285,638.24426,2.2095346,0.47100294,1.0,0.0,25.0
exp6_empty_2,7286,652.9308,1.865742,0.7569799,1.0,0.0,31.0
exp6_empty_2,7287,-413.0906,4.999815,0.42050597,0.0,1.0,2.0
exp6_empty_2,7288,-324.01495,4.9741735,0.25191617,0.0,1.0,5.0
exp6_empty_2,7289,594.5325,1.4305463,0.8068476,1.0,0.0,44.0
exp6_empty_2,7290,681.801,1.994887,0.5403272,1.0,0.0,30.0
exp6_empty_2,7291,597.11237,3.237684,0.52829826,1.0,0.0,13.0
exp6_empty_2,7292,630.5018,2.8788526,0.6802458,1.0,0.0,19.0
exp6_empty_2,7293,-275.94153,4.9963074,0.13440734,0.0,1.0,4.0
exp6_empty_2,7294,588.5602,2.2577488,0.4613581,1.0,0.0,25.0
exp6_empty_2,7295,-342.65247,4.9892683,0.21017635,0.0,1.0,4.0
exp6_empty_2,7296,570.8961,1.9610666,0.6140791,1.0,0.0,19.0
exp6_empty_2,7297,646.5189,2.0392604,0.80132043,1.0,0.0,30.0
exp6_empty_2,7298,656.6879,2.2120821,0.58042115,1.0,0.0,30.0
exp6_empty_2,7299,632.6142,1.4523247,0.80366415,1.0,0.0,42.0
exp6_empty_2,7301,609.8413,2.7469602,0.77088946,1.0,0.0,21.0
exp6_empty_2,7302,-209.5735,3.501419,0.47938126,0.0,1.0,14.0
exp6_empty_2,7303,-354.6229,4.905261,0.35714087,0.0,1.0,4.0
exp6_empty_2,7304,665.65656,1.872233,0.62588274,1.0,0.0,31.0
exp6_empty_2,7305,559.59283,2.5342696,0.64828855,1.0,0.0,16.0
exp6_empty_2,7306,632.66394,3.8888981,0.37479806,1.0,0.0,10.0
exp6_empty_2,7307,625.7637,1.8624802,0.7218562,1.0,0.0,28.0
exp6_empty_2,7308,544.4191,4.6303377,0.8118875,1.0,0.0,9.0
exp6_empty_2,7309,604.31494,1.8956605,0.53562254,1.0,0.0,24.0
exp6_empty_2,7310,678.9075,3.6244168,0.66412157,1.0,0.0,14.0
exp6_empty_2,7311,599.557,2.0854907,0.9461312,1.0,0.0,31.0
exp6_empty_2,7312,-205.87329,2.8685567,0.20825277,0.0,1.0,13.0
exp6_empty_2,7313,661.2511,2.6902804,0.6017458,1.0,0.0,25.0
exp6_empty_2,7314,-446.79102,4.929719,0.45462027,0.0,1.0,1.0
exp6_empty_2,7315,673.3682,2.9673858,0.64616936,1.0,0.0,22.0
exp6_empty_2,7316,635.3646,2.3625188,0.5552797,1.0,0.0,19.0
exp6_empty_2,7317,739.60974,2.439435,0.5739959,1.0,0.0,31.0
exp6_empty_2,7318,734.21533,3.613031,0.31245092,1.0,0.0,15.0
exp6_empty_2,7319,632.3083,2.3423986,0.44883117,1.0,0.0,27.0
exp6_empty_2,7321,660.1881,3.3172517,0.3666747,1.0,0.0,14.0
exp6_empty_2,7322,565.73694,3.015195,0.5665932,1.0,0.0,13.0
exp6_empty_2,7323,528.797,2.9372876,0.7287804,1.0,0.0,13.0
exp6_empty_2,7324,631.413,2.9572535,0.618608,1.0,0.0,19.0
exp6_empty_2,7325,-208.63611,2.600383,0.67641836,0.0,1.0,15.0
exp6_empty_2,7326,646.66174,1.7064886,0.6643707,1.0,0.0,36.0
exp6_empty_2,7327,707.7999,2.082772,0.6377164,1.0,0.0,29.0
exp6_empty_2,7328,650.5493,3.0223398,0.502758,1.0,0.0,23.0
exp6_empty_2,7329,605.63245,1.987935,0.52455455,1.0,0.0,28.0
exp6_empty_2,7330,-291.7608,4.7952476,0.21439047,0.0,1.0,6.0
exp6_empty_2,7331,674.6944,2.3231273,0.48093092,1.0,0.0,22.0
exp6_empty_2,7332,650.4344,3.7435863,0.5382156,1.0,0.0,13.0
exp6_empty_2,7333,539.8557,3.1384661,0.6373094,1.0,0.0,14.0
exp6_empty_2,7334,572.55566,2.2942963,0.4335384,1.0,0.0,16.0
exp6_empty_2,7335,689.062,1.7962319,0.6557207,1.0,0.0,38.0
exp6_empty_2,7336,545.412,2.366216,0.5640826,1.0,0.0,12.0
exp6_empty_2,7337,707.3303,2.3541758,0.51731944,1.0,0.0,30.0
exp6_empty_2,7338,-135.97531,2.6478274,0.46777564,0.0,1.0,22.0
exp6_empty_2,7339,654.67255,2.1218245,0.44350213,1.0,0.0,29.0
exp6_empty_2,7341,635.92175,1.7446929,0.66207933,1.0,0.0,36.0
exp6_empty_2,7342,-223.80228,4.93408,0.25876385,0.0,1.0,4.0
exp6_empty_2,7343,662.0122,2.2387369,0.6529227,1.0,0.0,25.0
exp6_empty_2,7344,-304.38574,4.8949075,0.43746758,0.0,1.0,1.0
exp6_empty_2,7345,661.14246,2.4752479,0.45034,1.0,0.0,25.0
exp6_empty_2,7346,646.2909,2.2336483,0.51184386,1.0,0.0,25.0
exp6_empty_2,7347,696.1168,2.8790627,0.52358586,1.0,0.0,22.0
exp6_empty_2,7348,-283.93134,4.9269958,0.23616366,0.0,1.0,8.0
exp6_empty_2,7349,622.66406,2.7516048,0.3988801,1.0,0.0,24.0
exp6_empty_2,7350,718.54846,2.4886053,0.61853606,1.0,0.0,30.0
exp6_empty_2,7351,547.9079,2.768758,0.3610394,1.0,0.0,19.0
exp6_empty_2,7352,-325.1518,4.998621,0.26324886,0.0,1.0,2.0
exp6_empty_2,7353,-349.42023,4.909955,0.2674095,0.0,1.0,5.0
exp6_empty_2,7354,618.85724,1.7574577,0.7390695,1.0,0.0,31.0
exp6_empty_2,7355,-305.4348,4.981753,0.669195,0.0,1.0,1.0
exp6_empty_2,7356,-292.7458,4.977529,0.16035175,0.0,1.0,10.0
exp6_empty_2,7357,686.5033,3.5330737,0.43590838,1.0,0.0,14.0
exp6_empty_2,7358,682.60693,3.5194468,0.61190265,1.0,0.0,18.0
exp6_empty_2,7359,551.50287,2.0219097,0.475863,1.0,0.0,25.0
exp6_empty_2,7361,758.43567,4.036832,0.21114878,1.0,0.0,14.0
exp6_empty_2,7362,567.1418,1.4998374,0.61318994,1.0,0.0,29.0
exp6_empty_2,7363,658.1172,2.0201316,0.49409145,1.0,0.0,31.0
exp6_empty_2,7364,649.8511,4.0676956,0.36844745,1.0,0.0,10.0
exp6_empty_2,7365,-341.89575,2.6173944,0.44344828,0.0,1.0,16.0
exp6_empty_2,7366,-287.31177,4.550323,0.6478664,0.0,1.0,9.0
exp6_empty_2,7367,680.4985,3.0660121,0.4934589,1.0,0.0,21.0
exp6_empty_2,7368,575.9379,4.1844473,0.59114206,1.0,0.0,10.0
exp6_empty_2,7369,632.82404,2.0709326,0.52301645,1.0,0.0,23.0
exp6_empty_2,7370,658.97516,1.9648145,0.6264764,1.0,0.0,35.0
exp6_empty_2,7371,675.7859,2.0388794,0.49156284,1.0,0.0,36.0
exp6_empty_2,7372,632.905,1.7973226,0.39590546,1.0,0.0,37.0
exp6_empty_2,7373,-353.9414,4.9844503,0.18190904,0.0,1.0,4.0
exp6_empty_2,7374,-269.8888,1.9422878,0.46548364,0.0,1.0,29.0
exp6_empty_2,7375,633.29663,4.396504,0.6630383,1.0,0.0,13.0
exp6_empty_2,7376,499.8269,2.2889512,0.8873435,1.0,0.0,17.0
exp6_empty_2,7377,642.4674,2.8458705,0.60435945,1.0,0.0,18.0
exp6_empty_2,7378,630.40796,1.6741086,0.7403549,1.0,0.0,39.0
exp6_empty_2,7379,-210.15953,2.9775314,0.61431736,0.0,1.0,16.0
exp6_empty_2,7381,587.9942,2.3139076,0.57751614,1.0,0.0,18.0
exp6_empty_2,7382,-136.04172,4.6471004,0.5802081,0.0,1.0,9.0
exp6_empty_2,7383,537.6946,3.5876305,0.82136,1.0,0.0,10.0
exp6_empty_2,7384,636.1405,2.935234,0.4079107,1.0,0.0,25.0
exp6_empty_2,7385,686.02966,2.3791692,0.5248525,1.0,0.0,28.0
exp6_empty_2,7386,638.9872,3.3001513,0.37867457,1.0,0.0,13.0
exp6_empty_2,7387,-306.70218,4.4223504,0.44116178,0.0,1.0,3.0
exp6_empty_2,7388,620.794,2.2952058,0.6033773,1.0,0.0,23.0
exp6_empty_2,7389,-446.85645,4.942013,0.3706954,0.0,1.0,1.0
exp6_empty_2,7390,639.31464,4.5170603,0.4233765,1.0,0.0,10.0
exp6_empty_2,7391,-166.32524,2.6768546,0.46623993,0.0,1.0,19.0
exp6_empty_2,7392,572.7872,2.8043985,0.5887521,1.0,0.0,12.0
exp6_empty_2,7393,635.14233,1.5282099,0.70806533,1.0,0.0,39.0
exp6_empty_2,7394,-414.53348,4.9986887,0.3361227,0.0,1.0,2.0
exp6_empty_2,7395,-305.2465,4.9512563,0.7455736,0.0,1.0,1.0
exp6_empty_2,7396,562.8179,2.8227422,0.511362,1.0,0.0,12.0
exp6_empty_2,7397,650.7229,2.7872357,0.54296196,1.0,0.0,19.0
exp6_empty_2,7398,688.8755,1.9024214,0.49439245,1.0,0.0,35.0
exp6_empty_2,7399,675.1116,1.8498605,0.74369484,1.0,0.0,39.0
exp6_empty_2,7401,595.3398,1.2152717,0.8831218,1.0,0.0,70.0
exp6_empty_2,7402,681.7013,1.8489908,0.7410078,1.0,0.0,36.0
exp6_empty_2,7403,650.34216,1.5249255,0.7866478,1.0,0.0,42.0
exp6_empty_2,7404,551.4036,2.2823915,0.72862625,1.0,0.0,18.0
exp6_empty_2,7405,-311.18494,1.9652128,0.68602735,0.0,1.0,19.0
exp6_empty_2,7406,-309.85046,3.0888114,0.41356307,0.0,1.0,17.0
exp6_empty_2,7407,696.7846,1.9181358,0.6952469,1.0,0.0,35.0
exp6_empty_2,7408,-318.19925,4.381738,0.42683542,0.0,1.0,3.0
exp6_empty_2,7409,-231.72542,4.9800577,0.36444157,0.0,1.0,5.0
exp6_empty_2,7410,642.78436,2.5815978,0.5200312,1.0,0.0,26.0
exp6_empty_2,7411,585.42596,2.1495135,0.5448349,1.0,0.0,22.0
exp6_empty_2,7412,563.6682,4.629442,0.5033696,1.0,0.0,9.0
exp6_empty_2,7413,-311.67368,4.893345,0.5816689,0.0,1.0,1.0
exp6_empty_2,7414,607.3072,3.0364218,0.5044329,1.0,0.0,22.0
exp6_empty_2,7415,583.22974,2.2732832,0.6655262,1.0,0.0,17.0
exp6_empty_2,7416,586.2713,2.1116717,0.61864436,1.0,0.0,19.0
exp6_empty_2,7417,627.3224,1.792519,0.6197597,1.0,0.0,34.0
exp6_empty_2,7418,603.76483,1.901833,0.49938014,1.0,0.0,30.0
exp6_empty_2,7419,-439.59097,4.997842,0.16651647,0.0,1.0,3.0
exp6_empty_2,7421,669.9715,3.8852952,0.59546757,1.0,0.0,14.0
exp6_empty_2,7422,603.08105,1.9062846,0.5924442,1.0,0.0,31.0
exp6_empty_2,7423,-298.85614,4.799989,0.27076933,0.0,1.0,6.0
exp6_empty_2,7424,669.7261,2.6586258,0.33077836,1.0,0.0,24.0
exp6_empty_2,7425,632.6727,3.147676,0.4422996,1.0,0.0,16.0
exp6_empty_2,7426,636.9128,2.5861447,0.5222685,1.0,0.0,24.0
exp6_empty_2,7427,604.3876,3.2075956,0.6537723,1.0,0.0,13.0
exp6_empty_2,7428,681.558,1.8641965,0.35556173,1.0,0.0,36.0
exp6_empty_2,7429,-446.83755,4.946644,0.42963648,0.0,1.0,1.0
exp6_empty_2,7430,605.0767,1.7698942,0.7350186,1.0,0.0,38.0
exp6_empty_2,7431,638.2262,4.998836,0.9010552,1.0,0.0,10.0
exp6_empty_2,7432,643.6849,3.6538248,0.5608875,1.0,0.0,15.0
exp6_empty_2,7433,529.159,2.9543116,0.6881083,1.0,0.0,11.0
exp6_empty_2,7434,629.18286,1.9552217,0.78536344,1.0,0.0,38.0
exp6_empty_2,7435,694.7678,2.7425337,0.3983834,1.0,0.0,18.0
exp6_empty_2,7436,586.92865,3.8983681,0.45902926,1.0,0.0,8.0
exp6_empty_2,7437,-198.61513,2.1673124,0.36420444,0.0,1.0,15.0
exp6_empty_2,7438,636.28345,1.8618382,0.54866225,1.0,0.0,27.0
exp6_empty_2,7439,657.06854,2.58593,0.5269799,1.0,0.0,22.0
exp6_empty_2,7441,-446.58624,4.8846345,0.57635087,0.0,1.0,1.0
exp6_empty_2,7442,615.70496,2.9235897,0.40452442,1.0,0.0,16.0
exp6_empty_2,7443,637.30725,1.6053882,0.7316337,1.0,0.0,39.0
exp6_empty_2,7444,603.5515,2.6013417,0.62238866,1.0,0.0,15.0
exp6_empty_2,7445,-342.38263,4.3981967,0.13440149,0.0,1.0,7.0
exp6_empty_2,7446,623.5443,4.073608,0.6212154,1.0,0.0,12.0
exp6_empty_2,7447,595.159,2.6654944,0.58366066,1.0,0.0,21.0
exp6_empty_2,7448,-240.84677,4.1765633,0.61240506,0.0,1.0,11.0
exp6_empty_2,7449,-215.18054,4.6533194,0.7366093,0.0,1.0,12.0
exp6_empty_2,7450,588.277,2.585358,0.6144155,1.0,0.0,15.0
exp6_empty_2,7451,660.84393,1.9693762,0.7268706,1.0,0.0,32.0
exp6_empty_2,7452,-362.1504,4.843667,0.43221006,0.0,1.0,4.0
exp6_empty_2,7453,690.96094,2.9217453,0.42467365,1.0,0.0,27.0
exp6_empty_2,7454,606.327,4.2115793,0.55504924,1.0,0.0,11.0
exp6_empty_2,7455,697.66656,2.4806883,0.6048508,1.0,0.0,22.0
exp6_empty_2,7456,663.1814,2.877924,0.53863955,1.0,0.0,21.0
exp6_empty_2,7457,706.17053,2.7217474,0.47525302,1.0,0.0,31.0
exp6_empty_2,7458,585.5807,4.775229,0.703292,1.0,0.0,10.0
exp6_empty_2,7459,718.25476,3.9995508,0.39891016,1.0,0.0,13.0
exp6_empty_2,7461,669.6161,3.340558,0.20748957,1.0,0.0,13.0
exp6_empty_2,7462,636.1919,3.3924792,0.4302298,1.0,0.0,17.0
exp6_empty_2,7463,578.5307,3.5460074,0.8346539,1.0,0.0,13.0
exp6_empty_2,7464,646.93066,2.245228,0.55979496,1.0,0.0,30.0
exp6_empty_2,7465,727.17883,3.842667,0.6501471,1.0,0.0,16.0
exp6_empty_2,7466,655.3249,2.0660968,0.52991563,1.0,0.0,30.0
exp6_empty_2,7467,606.96246,1.8464173,0.5587773,1.0,0.0,27.0
exp6_empty_2,7468,565.6326,2.711484,0.3970628,1.0,0.0,16.0
exp6_empty_2,7469,-223.8106,4.981268,0.1674257,0.0,1.0,8.0
exp6_empty_2,7470,619.16656,2.168697,0.54171515,1.0,0.0,23.0
exp6_empty_2,7471,712.5707,2.7596262,0.5166031,1.0,0.0,20.0
exp6_empty_2,7472,-347.7295,4.914279,0.17340636,0.0,1.0,4.0
exp6_empty_2,7473,676.5524,1.4552916,0.81228024,1.0,0.0,52.0
exp6_empty_2,7474,-173.89172,3.1625352,0.44700286,0.0,1.0,13.0
exp6_empty_2,7475,607.6827,2.1389022,0.58176607,1.0,0.0,21.0
exp6_empty_2,7476,564.4918,3.0533442,0.42878473,1.0,0.0,16.0
exp6_empty_2,7477,648.8794,1.9690826,0.5250274,1.0,0.0,32.0
exp6_empty_2,7478,623.3662,4.362815,0.52716744,1.0,0.0,10.0
exp6_empty_2,7479,550.03,2.4226713,0.560697,1.0,0.0,13.0
exp6_empty_2,7481,644.7915,2.2188182,0.60246295,1.0,0.0,32.0
exp6_empty_2,7482,674.672,1.8598971,0.6723606,1.0,0.0,37.0
exp6_empty_2,7483,572.1034,3.2900083,0.5018026,1.0,0.0,12.0
exp6_empty_2,7484,-153.32608,4.890921,0.24431695,0.0,1.0,6.0
exp6_empty_2,7485,-207.09648,4.857328,0.31892493,0.0,1.0,6.0
exp6_empty_2,7486,626.155,1.1368177,0.5899667,1.0,0.0,47.0
exp6_empty_2,7487,613.14526,3.7253883,0.90141326,1.0,0.0,14.0
exp6_empty_2,7488,598.77734,3.5550916,0.5060355,1.0,0.0,11.0
exp6_empty_2,7489,-312.36212,4.822867,0.6827139,0.0,1.0,7.0
exp6_empty_2,7490,578.99097,1.864108,0.50762165,1.0,0.0,36.0
exp6_empty_2,7491,631.25745,1.7427535,0.6995195,1.0,0.0,37.0
exp6_empty_2,7492,604.1945,2.3019397,0.46122074,1.0,0.0,28.0
exp6_empty_2,7493,622.1482,2.9212418,0.45565525,1.0,0.0,15.0
exp6_empty_2,7494,536.7817,3.0724778,0.46110138,1.0,0.0,10.0
exp6_empty_2,7495,618.7025,1.7343409,0.43808404,1.0,0.0,27.0
exp6_empty_2,7496,638.12915,3.5755785,0.3899518,1.0,0.0,12.0
exp6_empty_2,7497,658.43866,2.8806787,0.53092754,1.0,0.0,20.0
exp6_empty_2,7498,706.99634,3.2493544,0.42453146,1.0,0.0,18.0
exp6_empty_2,7499,663.3445,3.0943093,0.51982987,1.0,0.0,15.0
exp6_empty_2,7501,-287.55392,4.7340136,0.28498244,0.0,1.0,6.0
exp6_empty_2,7502,568.91766,2.330011,0.2796433,1.0,0.0,23.0
exp6_empty_2,7503,527.83356,1.9108981,0.5560348,1.0,0.0,22.0
exp6_empty_2,7504,628.91077,2.579461,0.6213377,1.0,0.0,17.0
exp6_empty_2,7505,-233.14876,4.0066776,0.42209122,0.0,1.0,12.0
exp6_empty_2,7506,649.65186,4.1173587,0.37255928,1.0,0.0,10.0
exp6_empty_2,7507,-303.79932,4.9254646,0.2013666,0.0,1.0,6.0
exp6_empty_2,7508,743.9937,2.7099416,0.5439457,1.0,0.0,28.0
exp6_empty_2,7509,677.165,3.2888317,0.72715217,1.0,0.0,18.0
exp6_empty_2,7510,-324.7157,4.988038,0.6808251,0.0,1.0,1.0
exp6_empty_2,7511,594.4818,1.3089968,0.40565467,1.0,0.0,35.0
exp6_empty_2,7512,632.6864,3.7128947,0.46963406,1.0,0.0,11.0
exp6_empty_2,7513,639.2998,2.0145626,0.6706448,1.0,0.0,29.0
exp6_empty_2,7514,595.287,3.1370282,0.3873576,1.0,0.0,20.0
exp6_empty_2,7515,697.1491,1.5993369,0.5444751,1.0,0.0,36.0
exp6_empty_2,7516,513.83655,1.7867621,0.49244595,1.0,0.0,24.0
exp6_empty_2,7517,617.8297,2.9021113,0.7935264,1.0,0.0,19.0
exp6_empty_2,7518,539.1719,2.3822405,0.5668383,1.0,0.0,22.0
exp6_empty_2,7519,652.7008,2.150007,0.63554156,1.0,0.0,27.0
exp6_empty_2,7521,674.7117,1.7268741,0.6902337,1.0,0.0,43.0
exp6_empty_2,7522,591.51434,2.930904,0.32664406,1.0,0.0,16.0
exp6_empty_2,7523,659.8883,3.1134179,0.5179082,1.0,0.0,15.0
exp6_empty_2,7524,-248.2636,3.9250073,0.28095967,0.0,1.0,7.0
exp6_empty_2,7525,577.59705,1.9182969,0.62302506,1.0,0.0,30.0
exp6_empty_2,7526,712.2373,3.5715046,0.45819658,1.0,0.0,16.0
exp6_empty_2,7527,551.28235,1.9450947,0.68443364,1.0,0.0,28.0
exp6_empty_2,7528,-199.76611,4.627192,0.26392677,0.0,1.0,6.0
exp6_empty_2,7529,-415.55402,4.9927387,0.50619817,0.0,1.0,2.0
exp6_empty_2,7530,595.77405,2.4382653,0.67931306,1.0,0.0,16.0
exp6_empty_2,7531,678.6082,2.378355,0.64511883,1.0,0.0,26.0
exp6_empty_2,7532,-277.23788,2.898894,0.5260238,0.0,1.0,14.0
exp6_empty_2,7533,619.66736,2.1014264,0.4560784,1.0,0.0,27.0
exp6_empty_2,7534,604.86304,3.2951982,0.47553483,1.0,0.0,12.0
exp6_empty_2,7535,568.9757,2.9252505,0.5476392,1.0,0.0,10.0
exp6_empty_2,7536,654.03564,1.8230486,0.35783175,1.0,0.0,32.0
exp6_empty_2,7537,697.9394,3.4405987,0.37277937,1.0,0.0,16.0
exp6_empty_2,7538,624.79083,3.676918,0.8232385,1.0,0.0,16.0
exp6_empty_2,7539,-222.63745,3.2347672,0.48052496,0.0,1.0,16.0
exp6_empty_2,7541,-416.5595,4.9700046,0.61376977,0.0,1.0,2.0
exp6_empty_2,7542,-303.5692,4.995316,0.63381034,0.0,1.0,1.0
exp6_empty_2,7543,552.4432,2.538804,0.5261976,1.0,0.0,25.0
exp6_empty_2,7544,609.6527,2.1559312,0.64186263,1.0,0.0,27.0
exp6_empty_2,7545,633.5718,1.7832788,0.65706253,1.0,0.0,37.0
exp6_empty_2,7546,527.62555,2.1930454,0.6644838,1.0,0.0,20.0
exp6_empty_2,7547,572.6065,3.4192894,0.7699552,1.0,0.0,12.0
exp6_empty_2,7548,639.06824,2.2283435,0.4408854,1.0,0.0,27.0
exp6_empty_2,7549,590.78674,1.5636551,0.71679264,1.0,0.0,31.0
exp6_empty_2,7550,733.49756,3.344303,0.4114445,1.0,0.0,18.0
exp6_empty_2,7551,-186.59737,3.4505146,0.4106389,0.0,1.0,12.0
exp6_empty_2,7552,636.0992,2.4833581,0.4713144,1.0,0.0,23.0
exp6_empty_2,7553,589.0172,2.6900694,0.7049708,1.0,0.0,19.0
exp6_empty_2,7554,694.36365,4.642151,0.5497671,1.0,0.0,11.0
exp6_empty_2,7555,641.50854,1.9022359,0.5891775,1.0,0.0,28.0
exp6_empty_2,7556,713.1764,1.8782979,0.7692053,1.0,0.0,38.0
exp6_empty_2,7557,-337.75836,2.2116897,0.49933773,0.0,1.0,14.0
exp6_empty_2,7558,-307.0081,4.88209,0.4673578,0.0,1.0,1.0
exp6_empty_2,7559,612.6428,2.8022428,0.45894107,1.0,0.0,15.0
exp6_empty_2,7561,590.4497,1.6631713,0.6480837,1.0,0.0,35.0
exp6_empty_2,7562,-375.87692,4.842925,0.40701443,0.0,1.0,5.0
exp6_empty_2,7563,-104.8806,4.0929585,0.46750668,0.0,1.0,9.0
exp6_empty_2,7564,-271.61157,4.6905212,0.29607806,0.0,1.0,4.0
exp6_empty_2,7565,-212.82933,4.8755827,0.39083883,0.0,1.0,4.0
exp6_empty_2,7566,-139.94635,3.5960312,0.21090485,0.0,1.0,13.0
exp6_empty_2,7567,637.2439,2.1811905,0.46296716,1.0,0.0,25.0
exp6_empty_2,7568,636.56616,1.9354866,0.6457503,1.0,0.0,34.0
exp6_empty_2,7569,-446.13953,4.8902893,0.6108625,0.0,1.0,1.0
exp6_empty_2,7570,-331.6443,4.93664,0.3494563,0.0,1.0,6.0
exp6_empty_2,7571,-269.43414,1.7503848,0.49565038,0.0,1.0,25.0
exp6_empty_2,7572,566.0272,1.5011244,0.37539962,1.0,0.0,34.0
exp6_empty_2,7573,587.15784,2.3373718,0.64435816,1.0,0.0,20.0
exp6_empty_2,7574,621.6125,2.517295,0.5471294,1.0,0.0,18.0
exp6_empty_2,7575,595.90625,2.568694,0.55102473,1.0,0.0,22.0
exp6_empty_2,7576,644.3799,4.671884,0.082869224,1.0,0.0,9.0
exp6_empty_2,7577,630.3724,2.9489584,0.48241693,1.0,0.0,23.0
exp6_empty_2,7578,597.3706,2.1766884,0.45026737,1.0,0.0,29.0
exp6_empty_2,7579,670.08777,1.4865474,0.7767641,1.0,0.0,44.0
exp6_empty_2,7581,737.1398,3.9008727,0.38564065,1.0,0.0,15.0
exp6_empty_2,7582,659.68616,2.8342032,0.4917156,1.0,0.0,23.0
exp6_empty_2,7583,643.5468,2.1969564,0.49048227,1.0,0.0,26.0
exp6_empty_2,7584,551.2389,4.1347594,0.4368793,1.0,0.0,6.0
exp6_empty_2,7585,608.15247,1.9345808,0.78534186,1.0,0.0,28.0
exp6_empty_2,7586,574.99115,1.653447,0.6055531,1.0,0.0,29.0
exp6_empty_2,7587,649.70215,3.297349,0.33204377,1.0,0.0,15.0
exp6_empty_2,7588,-424.37732,4.5256033,0.24951543,0.0,1.0,2.0
exp6_empty_2,7589,623.59326,3.4353654,0.5850859,1.0,0.0,16.0
exp6_empty_2,7590,-242.61713,4.0177755,0.7595898,0.0,1.0,13.0
exp6_empty_2,7591,616.20435,1.8683516,0.49045035,1.0,0.0,28.0
exp6_empty_2,7592,553.55237,3.995502,0.72310746,1.0,0.0,10.0
exp6_empty_2,7593,576.66876,1.6882547,0.43361345,1.0,0.0,40.0
exp6_empty_2,7594,-238.91733,1.5913907,0.56956315,0.0,1.0,21.0
exp6_empty_2,7595,-334.62598,2.0566244,0.47002095,0.0,1.0,17.0
exp6_empty_2,7596,-143.58759,4.851941,0.21623842,0.0,1.0,7.0
exp6_empty_2,7597,-338.8224,4.8839173,0.18722695,0.0,1.0,6.0
exp6_empty_2,7598,615.9678,1.826851,0.34275705,1.0,0.0,22.0
exp6_empty_2,7599,-415.0672,4.9701943,0.54527134,0.0,1.0,2.0
exp6_empty_2,7601,628.08295,2.9914281,0.6150528,1.0,0.0,14.0
exp6_empty_2,7602,546.9064,2.2836955,0.6607526,1.0,0.0,14.0
exp6_empty_2,7603,533.54297,1.2671124,0.37978634,1.0,0.0,40.0
exp6_empty_2,7604,641.7759,1.8124835,0.7098306,1.0,0.0,31.0
exp6_empty_2,7605,611.04944,3.555927,0.6878036,1.0,0.0,11.0
exp6_empty_2,7606,657.0791,3.1004405,0.44852683,1.0,0.0,17.0
exp6_empty_2,7607,-181.55045,4.7643805,0.30759054,0.0,1.0,5.0
exp6_empty_2,7608,595.1791,2.4069886,0.55182296,1.0,0.0,18.0
exp6_empty_2,7609,706.2805,3.142512,0.40612575,1.0,0.0,16.0
exp6_empty_2,7610,597.8418,1.7878509,0.52945596,1.0,0.0,25.0
exp6_empty_2,7611,636.8696,3.9205034,0.30254003,1.0,0.0,12.0
exp6_empty_2,7612,-178.28464,3.2150433,0.20239586,0.0,1.0,8.0
exp6_empty_2,7613,695.99054,2.3448157,0.5861307,1.0,0.0,28.0
exp6_empty_2,7614,590.82556,2.7183878,0.44942376,1.0,0.0,14.0
exp6_empty_2,7615,-278.85406,4.9072104,0.39534616,0.0,1.0,2.0
exp6_empty_2,7616,718.328,3.637629,0.39389235,1.0,0.0,15.0
exp6_empty_2,7617,626.53455,2.9801087,0.37836996,1.0,0.0,16.0
exp6_empty_2,7618,570.2473,1.153367,0.8533028,1.0,0.0,56.0
exp6_empty_2,7619,653.5022,3.123926,0.4198186,1.0,0.0,16.0
exp6_empty_2,7621,-447.78558,3.8927906,0.6248569,0.0,1.0,1.0
exp6_empty_2,7622,572.2942,1.3873461,0.6952365,1.0,0.0,45.0
exp6_empty_2,7623,638.2262,2.7018378,0.5390465,1.0,0.0,18.0
exp6_empty_2,7624,695.72845,2.8278964,0.5239824,1.0,0.0,23.0
exp6_empty_2,7625,-238.44106,2.6440656,0.45909706,0.0,1.0,12.0
exp6_empty_2,7626,-386.0777,4.833054,0.32225245,0.0,1.0,3.0
exp6_empty_2,7627,642.42816,2.064533,0.59508824,1.0,0.0,26.0
exp6_empty_2,7628,697.92285,2.9143825,0.5384325,1.0,0.0,20.0
exp6_empty_2,7629,589.2762,2.1226892,0.5549431,1.0,0.0,24.0
exp6_empty_2,7630,568.43463,1.7793038,0.5931938,1.0,0.0,29.0
exp6_empty_2,7631,565.18024,1.8571388,0.54063946,1.0,0.0,24.0
exp6_empty_2,7632,554.2312,2.0445218,0.6791566,1.0,0.0,21.0
exp6_empty_2,7633,708.85205,3.9748063,0.57541627,1.0,0.0,14.0
exp6_empty_2,7634,550.45105,1.7141848,0.75690085,1.0,0.0,25.0
exp6_empty_2,7635,-419.50836,4.920183,0.57494545,0.0,1.0,2.0
exp6_empty_2,7636,545.2682,2.8333218,0.65965617,1.0,0.0,12.0
exp6_empty_2,7637,675.1234,3.574969,0.5091733,1.0,0.0,17.0
exp6_empty_2,7638,696.7345,3.3502293,0.4419015,1.0,0.0,19.0
exp6_empty_2,7639,616.9935,2.6015737,0.72204137,1.0,0.0,22.0
exp6_empty_2,7641,613.5424,3.2013977,0.5400149,1.0,0.0,12.0
exp6_empty_2,7642,648.70386,4.091405,0.437509,1.0,0.0,10.0
exp6_empty_2,7643,606.2761,3.4085083,0.57752854,1.0,0.0,13.0
exp6_empty_2,7644,626.414,2.7388275,0.57709074,1.0,0.0,19.0
exp6_empty_2,7645,-258.9259,3.477849,0.37885162,0.0,1.0,16.0
exp6_empty_2,7646,551.02594,2.873445,0.57988065,1.0,0.0,10.0
exp6_empty_2,7647,599.9819,3.3008444,0.46042892,1.0,0.0,11.0
exp6_empty_2,7648,596.17957,1.7741737,0.7484914,1.0,0.0,30.0
exp6_empty_2,7649,-275.7042,4.966518,0.37162116,0.0,1.0,2.0
exp6_empty_2,7650,590.3655,1.3456957,0.79663223,1.0,0.0,45.0
exp6_empty_2,7651,-430.07806,4.9928284,0.7379043,0.0,1.0,2.0
exp6_empty_2,7652,710.374,3.7193453,0.39107364,1.0,0.0,15.0
exp6_empty_2,7653,650.5631,1.5330037,0.697636,1.0,0.0,42.0
exp6_empty_2,7654,604.8252,2.1707368,0.5113181,1.0,0.0,25.0
exp6_empty_2,7655,544.76746,2.1884432,0.5284111,1.0,0.0,19.0
exp6_empty_2,7656,565.266,1.4743855,0.42185292,1.0,0.0,28.0
exp6_empty_2,7657,546.2728,2.3788266,0.5246623,1.0,0.0,21.0
exp6_empty_2,7658,627.7678,2.0456405,0.5685633,1.0,0.0,30.0
exp6_empty_2,7659,644.3612,1.2619601,0.8435023,1.0,0.0,64.0
exp6_empty_2,7661,-350.6098,2.4905553,0.46042553,0.0,1.0,14.0
exp6_empty_2,7662,541.43646,2.9574134,0.6600486,1.0,0.0,10.0
exp6_empty_2,7663,589.66925,2.1717205,0.5987148,1.0,0.0,34.0
exp6_empty_2,7664,-446.9287,4.4819584,0.49755177,0.0,1.0,1.0
exp6_empty_2,7665,-282.51547,4.6909957,0.4842814,0.0,1.0,3.0
exp6_empty_2,7666,600.1635,2.3513803,0.5338205,1.0,0.0,16.0
exp6_empty_2,7667,-368.80917,2.3501112,0.45449913,0.0,1.0,16.0
exp6_empty_2,7668,616.4955,2.4885705,0.46453455,1.0,0.0,15.0
exp6_empty_2,7669,-326.63522,4.8068695,0.2358826,0.0,1.0,7.0
exp6_empty_2,7670,-161.20125,3.4912553,0.22911574,0.0,1.0,8.0
exp6_empty_2,7671,-390.60455,4.648111,0.40284088,0.0,1.0,3.0
exp6_empty_2,7672,-445.46848,4.9965672,0.5775759,0.0,1.0,1.0
exp6_empty_2,7673,703.98193,2.457637,0.564348,1.0,0.0,31.0
exp6_empty_2,7674,627.58923,2.8743649,0.54768735,1.0,0.0,19.0
exp6_empty_2,7675,606.91785,2.6506817,0.5325128,1.0,0.0,14.0
exp6_empty_2,7676,688.8998,2.1975594,0.46845517,1.0,0.0,32.0
exp6_empty_2,7677,607.6507,4.2378607,0.84562737,1.0,0.0,11.0
exp6_empty_2,7678,-269.8443,4.3713207,0.18011963,0.0,1.0,10.0
exp6_empty_2,7679,613.1109,1.227736,0.69004786,1.0,0.0,42.0
exp6_empty_2,7681,626.82166,2.189619,0.6084156,1.0,0.0,20.0
exp6_empty_2,7682,597.08734,2.3450665,0.5037583,1.0,0.0,22.0
exp6_empty_2,7683,672.14825,3.5578988,0.40096298,1.0,0.0,15.0
exp6_empty_2,7684,601.6144,2.8259022,0.49434307,1.0,0.0,21.0
exp6_empty_2,7685,580.10205,2.7323174,0.6818819,1.0,0.0,16.0
exp6_empty_2,7686,634.886,2.1090574,0.72376907,1.0,0.0,31.0
exp6_empty_2,7687,631.9454,3.5929794,0.46946752,1.0,0.0,11.0
exp6_empty_2,7688,685.6628,2.34629,0.5846592,1.0,0.0,33.0
exp6_empty_2,7689,574.97784,2.7033274,0.44621262,1.0,0.0,25.0
exp6_empty_2,7690,727.80676,3.544391,0.45610777,1.0,0.0,17.0
exp6_empty_2,7691,666.8696,2.3262842,0.57360667,1.0,0.0,27.0
exp6_empty_2,7692,685.0937,3.4078908,0.76853514,1.0,0.0,17.0
exp6_empty_2,7693,486.9019,1.8446331,0.8281659,1.0,0.0,14.0
exp6_empty_2,7694,605.5226,1.653444,0.791311,1.0,0.0,32.0
exp6_empty_2,7695,-260.1403,4.2946095,0.34474123,0.0,1.0,4.0
exp6_empty_2,7696,-108.19679,4.9289875,0.22676809,0.0,1.0,9.0
exp6_empty_2,7697,659.9011,1.7801083,0.6023777,1.0,0.0,31.0
exp6_empty_2,7698,519.99817,2.3376513,0.56371164,1.0,0.0,17.0
exp6_empty_2,7699,673.83594,3.4992988,0.58335865,1.0,0.0,17.0
exp6_empty_2,7701,620.1437,1.8180841,0.7891207,1.0,0.0,36.0
exp6_empty_2,7702,719.5293,3.5372446,0.40067205,1.0,0.0,15.0
exp6_empty_2,7703,619.45215,1.6903954,0.8453867,1.0,0.0,40.0
exp6_empty_2,7704,634.01117,2.791489,0.45886087,1.0,0.0,22.0
exp6_empty_2,7705,236.09818,2.7877374,0.57243574,0.0,0.0,19.0
