experiment,episode,return_total,reward_progress,reward_collision,reward_safety,reward_rotation
exp7_random_2,1,1141.7416,1145.3206,0.0,-0.013666480779647827,-3.565367
exp7_random_2,2,-40.868225,62.46044,-100.0,-2.4506442546844482,-0.87802446
exp7_random_2,3,1064.018,1068.6501,0.0,-0.08843691647052765,-4.5440025
exp7_random_2,4,-99.62035,3.308278,-100.0,-2.709437847137451,-0.21919654
exp7_random_2,5,1154.3992,1166.7358,0.0,0.0,-12.336481
exp7_random_2,6,1061.9565,1064.7659,0.0,-0.016554981470108032,-2.7928
exp7_random_2,7,1089.0425,1091.9242,0.0,-0.01785813271999359,-2.8637497
exp7_random_2,8,-73.90112,29.952452,-100.0,-3.258460760116577,-0.59511644
exp7_random_2,9,-36.317184,69.63601,-100.0,-5.178963661193848,-0.7742315
exp7_random_2,10,1033.2712,1036.6727,0.0,-0.057726457715034485,-3.3436549
exp7_random_2,11,1080.4261,1089.5021,0.0,-2.586138963699341,-6.4895606
exp7_random_2,12,1144.7153,1152.9784,0.0,-0.8208969235420227,-7.442379
exp7_random_2,13,397.167,549.38715,-100.0,-49.87499999999999,-2.34511
exp7_random_2,14,-105.09191,17.543451,-100.0,-21.895830154418945,-0.7395325
exp7_random_2,15,1120.1796,1127.2449,0.0,-0.15984368324279785,-6.905522
exp7_random_2,16,463.5171,567.9517,-100.0,-2.8268165588378906,-1.6078051
exp7_random_2,17,135.2125,247.97508,-100.0,-11.62771987915039,-1.1348317
exp7_random_2,18,1362.7821,1369.1909,0.0,-0.7130805253982544,-5.695929
exp7_random_2,19,1049.6763,1055.8691,0.0,-0.3276095390319824,-5.8657002
exp7_random_2,21,-143.81447,7.6950493,-100.0,-50.78582763671875,-0.7236722
exp7_random_2,22,-38.800003,76.15743,-100.0,-14.539108276367188,-0.4183365
exp7_random_2,23,-63.587074,90.35166,-100.0,-52.74184799194336,-1.1968977
exp7_random_2,24,1015.7088,1019.5054,0.0,-0.9018034934997559,-2.8948567
exp7_random_2,25,842.5426,857.98535,0.0,-1.524531602859497,-13.918315
exp7_random_2,26,140.65752,172.75163,0.0,-0.7283357381820679,-31.365692
exp7_random_2,27,933.9348,940.5808,0.0,-2.5522191524505615,-4.093864
exp7_random_2,28,1029.5465,1033.2476,0.0,-0.11454111337661743,-3.5864506
exp7_random_2,29,1066.5956,1070.7692,0.0,-0.03661012649536133,-4.136985
exp7_random_2,30,-132.46849,17.989937,-100.0,-50.34818649291992,-0.11023952
exp7_random_2,31,1006.0464,1009.9592,0.0,-0.03036099672317505,-3.8825996
exp7_random_2,32,487.58603,597.68744,-100.0,-6.215838432312012,-3.885535
exp7_random_2,33,912.02783,916.5531,0.0,-1.828432321548462,-2.6968064
exp7_random_2,34,18.344048,138.48315,-100.0,-19.17334747314453,-0.9657606
exp7_random_2,35,-25.33799,98.88146,-100.0,-23.309858322143555,-0.9095882
exp7_random_2,36,-41.593025,69.19479,-100.0,-8.687716484069824,-2.100111
exp7_random_2,37,994.73816,1006.0773,0.0,-3.7642159461975098,-7.5750074
exp7_random_2,38,1129.5529,1133.834,0.0,-0.3493447005748749,-3.9318655
exp7_random_2,39,-125.90355,25.025913,-100.0,-50.42094421386719,-0.5085162
exp7_random_2,41,891.34326,893.8218,0.0,0.0,-2.478621
exp7_random_2,42,1179.2177,1186.7686,0.0,-3.288491725921631,-4.26237
exp7_random_2,43,1143.883,1148.4045,0.0,-1.0557749271392822,-3.465623
exp7_random_2,44,1094.1003,1101.0415,0.0,-1.8763796091079712,-5.0649395
exp7_random_2,45,430.35156,541.74774,-100.0,-8.65113639831543,-2.7450511
exp7_random_2,46,1058.0706,1063.508,0.0,-1.4978158473968506,-3.9394555
exp7_random_2,47,388.10803,496.14337,-100.0,-5.983561038970947,-2.0517855
exp7_random_2,48,122.8354,237.18007,-100.0,-12.78896713256836,-1.5556959
exp7_random_2,49,-111.21711,41.258667,-100.0,-51.21613311767578,-1.2596407
exp7_random_2,50,-53.36557,100.55379,-100.0,-50.89927291870117,-3.0200708
exp7_random_2,51,1067.2477,1079.5968,0.0,-2.1575350761413574,-10.191806
exp7_random_2,52,1121.3337,1125.6848,0.0,0.0,-4.351194
exp7_random_2,53,1116.6687,1124.5739,0.0,-5.120661735534668,-2.7845523
exp7_random_2,54,1028.8835,1030.6453,0.0,0.0,-1.7618269
exp7_random_2,55,1117.351,1120.4346,0.0,-0.17572110891342163,-2.907859
exp7_random_2,56,969.66266,972.7821,0.0,0.0,-3.11934
exp7_random_2,57,1070.4188,1074.1726,0.0,-0.5520980954170227,-3.2013838
exp7_random_2,58,-95.776405,7.6738634,-100.0,-3.0182242393493652,-0.43204546
exp7_random_2,59,847.54224,848.82874,0.0,0.0,-1.2866018
exp7_random_2,61,1279.0546,1284.9847,0.0,0.0,-5.9305205
exp7_random_2,62,1308.8384,1313.1201,0.0,-0.01277574896812439,-4.268777
exp7_random_2,63,563.14014,705.9013,-100.0,-38.25617980957031,-4.505043
exp7_random_2,64,1086.943,1090.3552,0.0,0.0,-3.4121022
exp7_random_2,65,1011.4806,1013.43634,0.0,0.0,-1.9557284
exp7_random_2,66,-139.86603,10.04023,-100.0,-49.87499999999999,-0.03125506
exp7_random_2,67,1268.6813,1274.9216,0.0,-0.8000640869140625,-5.440514
exp7_random_2,68,981.65546,985.0139,0.0,-0.1104436069726944,-3.2480745
exp7_random_2,69,336.57822,441.34015,-100.0,-3.4559710025787354,-1.3059839
exp7_random_2,70,480.19806,634.15326,-100.0,-50.07981491088867,-3.8754346
exp7_random_2,71,1248.2961,1253.0197,0.0,-0.17529326677322388,-4.548311
exp7_random_2,72,1184.9025,1190.7056,0.0,-1.5712398290634155,-4.2317753
exp7_random_2,73,1027.6023,1030.2838,0.0,-0.06946319341659546,-2.6119976
exp7_random_2,74,936.3499,941.4574,0.0,-0.24390222132205963,-4.863643
exp7_random_2,75,660.2028,681.4664,0.0,0.0,-21.263662
exp7_random_2,76,76.27921,180.84688,-100.0,-3.308417797088623,-1.2592496
exp7_random_2,77,401.4535,522.09235,-100.0,-18.67145347595215,-1.9672912
exp7_random_2,78,1122.3229,1125.909,0.0,-0.13812053203582764,-3.4481227
exp7_random_2,79,983.2029,989.37646,0.0,-0.0031023770570755005,-6.170658
exp7_random_2,81,544.6201,654.4334,-100.0,-5.847436904907227,-3.96602
exp7_random_2,82,1054.3441,1074.1373,0.0,-0.001515805721282959,-19.791721
exp7_random_2,83,1146.2853,1150.7422,0.0,0.0,-4.457091
exp7_random_2,84,965.2189,976.3175,0.0,-5.5090484619140625,-5.589331
exp7_random_2,85,-79.35292,70.67048,-100.0,-49.87499999999999,-0.14841929
exp7_random_2,86,965.9629,970.59827,0.0,-0.7166831493377686,-3.9187796
exp7_random_2,87,-95.46849,8.762934,-100.0,-4.059692859649658,-0.17173798
exp7_random_2,88,891.79736,897.2942,0.0,-1.7118078470230103,-3.7849932
exp7_random_2,89,998.09485,1002.6034,0.0,-0.1553637981414795,-4.3530416
exp7_random_2,90,1007.6562,1013.89954,0.0,-0.868345320224762,-5.3750067
exp7_random_2,91,1219.8964,1254.0635,0.0,-10.651445388793945,-23.515718
exp7_random_2,92,-36.595436,73.94156,-100.0,-9.390649795532227,-1.1463485
exp7_random_2,93,864.32324,866.78577,0.0,0.0,-2.4625065
exp7_random_2,94,939.4568,941.64716,0.0,0.0,-2.1903763
exp7_random_2,95,1262.7377,1271.4161,0.0,-0.26760903000831604,-8.410895
exp7_random_2,96,432.7887,591.06335,-100.0,-51.8360595703125,-6.4387326
exp7_random_2,97,1154.7635,1167.3318,0.0,-0.07495206594467163,-12.493295
exp7_random_2,98,845.1106,847.12573,0.0,0.0,-2.0150776
exp7_random_2,99,1170.4585,1174.4653,0.0,-0.0044717937707901,-4.0023904
exp7_random_2,101,991.9906,993.57275,0.0,0.0,-1.5820158
exp7_random_2,102,-16.71379,134.68181,-100.0,-50.6314582824707,-0.7641462
exp7_random_2,103,949.1377,955.98193,0.0,-1.2780120372772217,-5.566223
exp7_random_2,104,51.128708,203.01894,-100.0,-50.80723190307617,-1.0829762
exp7_random_2,105,1385.2521,1393.1212,0.0,0.0,-7.8690376
exp7_random_2,106,-115.1528,35.30911,-100.0,-49.87499999999999,-0.5869077
exp7_random_2,107,6.5567017,114.84975,-100.0,-7.369661331176758,-0.9233902
exp7_random_2,108,967.2697,970.9695,0.0,0.0,-3.699981
exp7_random_2,109,-42.928192,65.380554,-100.0,-5.780517578125,-2.5282297
exp7_random_2,110,1001.3678,1004.16144,0.0,0.0,-2.7935758
exp7_random_2,111,448.5763,603.0447,-100.0,-50.61133575439453,-3.8569832
exp7_random_2,112,1085.2462,1090.0164,0.0,0.0,-4.7699385
exp7_random_2,113,1105.9338,1111.2489,0.0,-1.062893271446228,-4.2521954
exp7_random_2,114,-103.44266,7.567307,-100.0,-8.933353424072266,-2.0766065
exp7_random_2,115,1246.1122,1250.9479,0.0,-0.7771815657615662,-4.058592
exp7_random_2,116,-92.62111,60.506752,-100.0,-51.69717025756836,-1.4306847
exp7_random_2,117,-104.994606,45.712196,-100.0,-50.468360900878906,-0.23844323
exp7_random_2,118,-94.31271,8.339298,-100.0,-2.25954270362854,-0.3924722
exp7_random_2,119,936.7772,938.4188,0.0,0.0,-1.6415857
exp7_random_2,121,1093.5381,1100.3624,0.0,0.0,-6.8244605
exp7_random_2,122,362.44763,517.5664,-100.0,-51.73944091796875,-3.3793538
exp7_random_2,123,49.650993,154.9865,-100.0,-4.485380172729492,-0.85012287
exp7_random_2,124,-97.249466,53.914192,-100.0,-50.019718170166016,-1.1439359
exp7_random_2,125,35.216187,189.96017,-100.0,-52.60576248168945,-2.1382217
exp7_random_2,126,1045.4622,1048.7563,0.0,0.0,-3.294192
exp7_random_2,127,1109.75,1113.2966,0.0,0.0,-3.5467482
exp7_random_2,128,1006.0432,1008.6582,0.0,0.0,-2.6149707
exp7_random_2,129,-62.437008,47.834625,-100.0,-8.747031211853027,-1.524605
exp7_random_2,130,-79.933136,72.20535,-100.0,-51.14761734008789,-0.9908706
exp7_random_2,131,988.9404,992.3699,0.0,0.0,-3.429562
exp7_random_2,132,1076.2018,1084.7026,0.0,-0.04516863822937012,-8.45572
exp7_random_2,133,1297.1367,1302.2346,0.0,-0.1872977316379547,-4.91054
exp7_random_2,134,1011.11566,1015.3141,0.0,0.0,-4.198628
exp7_random_2,135,-140.04504,9.999124,-100.0,-49.87499999999999,-0.16915853
exp7_random_2,136,-53.780674,52.476906,-100.0,-5.431483268737793,-0.826102
exp7_random_2,137,1068.8392,1074.3102,0.0,-0.9520668983459473,-4.5187345
exp7_random_2,138,996.3739,1000.1922,0.0,-0.7225676774978638,-3.095747
exp7_random_2,139,1093.0513,1098.2195,0.0,-0.35082703828811646,-4.8173943
exp7_random_2,141,-97.739,7.571165,-100.0,-5.093267440795898,-0.21689558
exp7_random_2,142,323.2934,475.62073,-100.0,-49.88984680175781,-2.437486
exp7_random_2,143,1111.8379,1117.4673,0.0,-0.3467000424861908,-5.2828608
exp7_random_2,144,1120.2375,1128.401,0.0,-1.9241408109664917,-6.2394023
exp7_random_2,145,923.1698,927.24194,0.0,-0.05296097695827484,-4.0191565
exp7_random_2,146,-81.212906,22.544474,-100.0,-3.412393569946289,-0.34498134
exp7_random_2,147,1000.51746,1005.71515,0.0,-0.651249885559082,-4.546563
exp7_random_2,148,-45.08879,64.0354,-100.0,-8.335890769958496,-0.7883097
exp7_random_2,149,1057.8204,1063.1973,0.0,-0.17092779278755188,-5.205977
exp7_random_2,150,1017.6844,1025.5505,0.0,0.0,-7.8660703
exp7_random_2,151,1016.43604,1019.4391,0.0,-0.05187298357486725,-2.951156
exp7_random_2,152,-108.85948,41.186646,-100.0,-49.87499999999999,-0.17110944
exp7_random_2,153,399.71484,553.54596,-100.0,-50.48158645629883,-3.3495042
exp7_random_2,154,16.564873,120.01418,-100.0,-2.334670305252075,-1.1146365
exp7_random_2,155,389.48074,498.29697,-100.0,-6.7475199699401855,-2.0687068
exp7_random_2,156,-57.68746,45.580944,-100.0,-2.90759539604187,-0.3608124
exp7_random_2,157,1044.7843,1047.9197,0.0,-0.6320852041244507,-2.5033755
exp7_random_2,158,-42.855263,109.98336,-100.0,-51.598472595214844,-1.2401597
exp7_random_2,159,575.89325,734.0833,-100.0,-52.36389923095703,-5.826127
exp7_random_2,161,549.01025,708.1071,-100.0,-52.864627838134766,-6.232249
exp7_random_2,162,-78.33281,26.383259,-100.0,-4.479053497314453,-0.23701382
exp7_random_2,163,421.53586,576.95026,-100.0,-51.476993560791016,-3.9373982
exp7_random_2,164,862.2501,979.22363,-100.0,-10.268659591674805,-6.704626
exp7_random_2,165,-51.841,58.739014,-100.0,-9.619429588317871,-0.9605814
exp7_random_2,166,1173.9127,1177.402,0.0,0.0,-3.4895272
exp7_random_2,167,486.19574,593.26404,-100.0,-5.4248247146606445,-1.6435069
exp7_random_2,168,87.03812,239.60333,-100.0,-50.501548767089844,-2.0637052
exp7_random_2,169,391.11688,547.61285,-100.0,-50.29328155517578,-6.202633
exp7_random_2,170,-149.10202,1.8771839,-100.0,-49.92565155029297,-1.0535586
exp7_random_2,171,1133.47,1138.3951,0.0,0.0,-4.9251494
exp7_random_2,172,864.6273,867.5158,0.0,0.0,-2.8885195
exp7_random_2,173,1167.835,1173.3021,0.0,-0.22492460906505585,-5.2421513
exp7_random_2,174,1001.42035,1008.375,0.0,-0.21050243079662323,-6.744319
exp7_random_2,175,980.4164,991.7108,0.0,-5.112815856933594,-6.1814356
exp7_random_2,176,1194.4012,1201.1304,0.0,-0.623469889163971,-6.105737
exp7_random_2,177,62.11918,181.17355,-100.0,-15.038923263549805,-4.015444
exp7_random_2,178,895.17834,896.81396,0.0,0.0,-1.6356671
exp7_random_2,179,-95.23137,56.39081,-100.0,-51.07945251464844,-0.54272026
exp7_random_2,181,297.51526,449.05176,-100.0,-50.73728561401367,-0.7992252
exp7_random_2,182,1030.937,1036.0791,0.0,-0.8235691785812378,-4.318658
exp7_random_2,183,935.791,938.79443,0.0,0.0,-3.0034099
exp7_random_2,184,-96.24065,54.006332,-100.0,-49.87499999999999,-0.37197834
exp7_random_2,185,1018.6191,1022.521,0.0,0.0,-3.9021327
exp7_random_2,186,-139.00237,12.249709,-100.0,-51.182559967041016,-0.06951276
exp7_random_2,187,963.2979,969.697,0.0,-1.5052953958511353,-4.893959
exp7_random_2,188,431.79492,536.3626,-100.0,-2.507092237472534,-2.0606403
exp7_random_2,189,295.41937,446.78036,-100.0,-50.221046447753906,-1.1399227
exp7_random_2,190,935.0289,939.4967,0.0,0.0,-4.46798
exp7_random_2,191,387.4217,539.46655,-100.0,-50.103118896484375,-1.9418042
exp7_random_2,192,-93.14684,10.78912,-100.0,-3.3902788162231445,-0.5456785
exp7_random_2,193,559.45044,714.626,-100.0,-50.465389251708984,-4.7100754
exp7_random_2,194,524.61096,636.1708,-100.0,-7.492997169494629,-4.0666857
exp7_random_2,195,38.20687,143.2258,-100.0,-3.708123207092285,-1.3108104
exp7_random_2,196,907.97644,914.08136,0.0,0.0,-6.1049333
exp7_random_2,197,1142.3984,1149.4335,0.0,-0.07877370715141296,-6.956205
exp7_random_2,198,1287.4474,1294.7375,0.0,-0.3208513557910919,-6.9694624
exp7_random_2,199,359.02792,479.68692,-100.0,-16.496191024780273,-4.162816
exp7_random_2,201,-103.43457,47.397484,-100.0,-50.11701202392578,-0.71505827
exp7_random_2,202,1108.0537,1113.0525,0.0,-0.601534366607666,-4.397256
exp7_random_2,203,-97.007484,53.54723,-100.0,-49.87499999999999,-0.6797088
exp7_random_2,204,854.17004,857.1443,0.0,0.0,-2.9742
exp7_random_2,205,-87.57445,17.37709,-100.0,-3.15271258354187,-1.7988192
exp7_random_2,206,944.5011,946.1433,0.0,0.0,-1.6421232
exp7_random_2,207,1019.9042,1031.0563,0.0,-0.5807136297225952,-10.571208
exp7_random_2,208,-72.444725,78.60883,-100.0,-49.87499999999999,-1.1785663
exp7_random_2,209,1002.8602,1009.5453,0.0,-0.4040088951587677,-6.280958
exp7_random_2,210,1070.8506,1075.7407,0.0,-0.11135837435722351,-4.7789426
exp7_random_2,211,-38.883774,113.946884,-100.0,-51.01536560058594,-1.8153162
exp7_random_2,212,1217.1647,1222.4543,0.0,-0.14126905798912048,-5.1481833
exp7_random_2,213,-95.038536,55.299572,-100.0,-49.89006805419922,-0.44804525
exp7_random_2,214,-71.98675,34.3897,-100.0,-4.770995140075684,-1.6054541
exp7_random_2,215,1072.4662,1078.3762,0.0,-0.09141448140144348,-5.8185744
exp7_random_2,216,983.6926,987.3937,0.0,-0.44710278511047363,-3.2539608
exp7_random_2,217,981.4829,990.2194,0.0,-2.2541139125823975,-6.482169
exp7_random_2,218,455.19263,614.0391,-100.0,-51.449371337890625,-7.397153
exp7_random_2,219,1025.7555,1029.3977,0.0,-0.6998195052146912,-2.942265
exp7_random_2,221,1040.8599,1066.6782,0.0,-3.078059196472168,-22.740267
exp7_random_2,222,408.17197,561.4115,-100.0,-49.963157653808594,-3.2764482
exp7_random_2,223,1150.3403,1154.4946,0.0,-0.11656054854393005,-4.0377016
exp7_random_2,224,1083.3452,1093.6294,0.0,-1.0455669164657593,-9.238878
exp7_random_2,225,1149.6342,1154.06,0.0,0.0,-4.426078
exp7_random_2,226,-121.075195,34.16181,-100.0,-52.38043975830078,-2.856565
exp7_random_2,227,886.4064,889.64087,0.0,0.0,-3.2345
exp7_random_2,228,488.8025,595.0331,-100.0,-3.3586647510528564,-2.8720098
exp7_random_2,229,1067.3108,1070.7468,0.0,0.0,-3.4361975
exp7_random_2,230,854.613,860.55536,0.0,0.0,-5.94236
exp7_random_2,231,933.3307,938.6343,0.0,0.0,-5.3035054
exp7_random_2,232,520.7968,637.03204,-100.0,-12.68766975402832,-3.547677
exp7_random_2,233,1112.9181,1125.9756,0.0,-2.6051220893859863,-10.451955
exp7_random_2,234,-51.355286,52.639484,-100.0,-2.984706401824951,-1.0100603
exp7_random_2,235,1027.7528,1033.1708,0.0,-0.024507761001586914,-5.3935184
exp7_random_2,236,967.8613,971.60876,0.0,-0.0015624016523361206,-3.745836
exp7_random_2,237,-129.59033,21.109148,-100.0,-49.963348388671875,-0.73611176
exp7_random_2,238,-77.15386,26.573399,-100.0,-3.01283597946167,-0.7144237
exp7_random_2,239,-138.36972,22.414263,-100.0,-55.65318298339844,-5.130796
exp7_random_2,241,885.46216,891.06134,0.0,-1.7199872732162476,-3.8792167
exp7_random_2,242,1183.9666,1190.523,0.0,-0.17229431867599487,-6.384204
exp7_random_2,243,451.86465,565.03656,-100.0,-9.445984840393066,-3.7258742
exp7_random_2,244,88.860374,195.01039,-100.0,-3.503810405731201,-2.6462026
exp7_random_2,245,1141.7365,1145.4146,0.0,-0.011454299092292786,-3.6664448
exp7_random_2,246,1065.8243,1070.9496,0.0,0.0,-5.125161
exp7_random_2,247,1139.185,1151.7789,0.0,-1.1670520305633545,-11.426829
exp7_random_2,248,1046.1254,1049.35,0.0,0.0,-3.2243812
exp7_random_2,249,14.633156,126.03911,-100.0,-10.042619705200195,-1.3633516
exp7_random_2,250,1003.9689,1008.46436,0.0,0.0,-4.4956293
exp7_random_2,251,43.400406,179.853,-100.0,-34.495750427246094,-1.956869
exp7_random_2,252,1118.2236,1124.7367,0.0,-0.6565163135528564,-5.8566303
exp7_random_2,253,1045.4236,1052.646,0.0,-0.6436139345169067,-6.5785527
exp7_random_2,254,936.0274,939.3951,0.0,0.0,-3.3676426
exp7_random_2,255,493.2842,636.4368,-100.0,-39.156681060791016,-3.995951
exp7_random_2,256,1175.0968,1180.1365,0.0,-0.8110812306404114,-4.2284513
exp7_random_2,257,1137.7366,1142.2461,0.0,0.0,-4.509256
exp7_random_2,258,1005.052,1013.5543,0.0,-1.5464779138565063,-6.955835
exp7_random_2,259,1016.6145,1019.46063,0.0,0.0,-2.8461688
exp7_random_2,261,995.2814,1000.0691,0.0,0.0,-4.787546
exp7_random_2,262,-68.19793,36.461475,-100.0,-3.768461227416992,-0.890955
exp7_random_2,263,-131.39748,18.919838,-100.0,-49.87499999999999,-0.44230443
exp7_random_2,264,1017.93896,1022.0547,0.0,-0.2107352316379547,-3.9050827
exp7_random_2,265,1056.854,1065.1078,0.0,-2.0656261444091797,-6.188399
exp7_random_2,266,1098.8137,1103.7144,0.0,0.0,-4.900722
exp7_random_2,267,1162.3053,1167.1469,0.0,0.0,-4.8416014
exp7_random_2,268,1246.6957,1252.5629,0.0,0.0,-5.867347
exp7_random_2,269,1311.0225,1315.9124,0.0,0.0,-4.8897266
exp7_random_2,270,-148.40607,3.318125,-100.0,-51.261653900146484,-0.4625297
exp7_random_2,271,-62.72032,43.833546,-100.0,-4.701807022094727,-1.8520545
exp7_random_2,272,1014.8312,1016.2024,0.0,0.0,-1.3712609
exp7_random_2,273,-86.87138,40.512592,-100.0,-26.73063850402832,-0.65334344
exp7_random_2,274,653.1203,761.9662,-100.0,-4.567034721374512,-4.278776
exp7_random_2,275,296.83127,448.73083,-100.0,-50.617347717285156,-1.2822808
exp7_random_2,276,1336.2722,1343.4294,0.0,-0.2864212393760681,-6.8705916
exp7_random_2,277,863.97363,868.8041,0.0,-0.32842952013015747,-4.501998
exp7_random_2,278,972.05096,974.93866,0.0,0.0,-2.8876202
exp7_random_2,279,385.55225,491.22412,-100.0,-3.5060644149780273,-2.1657634
exp7_random_2,281,895.6084,898.67444,0.0,0.0,-3.0659068
exp7_random_2,282,1317.2611,1325.7244,0.0,-0.17920802533626556,-8.28381
exp7_random_2,283,867.2069,869.02954,0.0,0.0,-1.8227062
exp7_random_2,284,890.5574,897.0824,0.0,-0.4036222994327545,-6.1213484
exp7_random_2,285,397.36334,503.636,-100.0,-4.353124618530273,-1.9194764
exp7_random_2,286,88.065216,197.20435,-100.0,-6.24635124206543,-2.8927627
exp7_random_2,287,539.31104,645.7897,-100.0,-4.575337886810303,-1.9031146
exp7_random_2,288,396.7378,553.5274,-100.0,-51.71259307861328,-5.0769978
exp7_random_2,289,1038.4098,1044.3904,0.0,-0.7191787958145142,-5.261275
exp7_random_2,290,609.0852,725.1469,-100.0,-12.283016204833984,-3.77868
exp7_random_2,291,919.4774,923.25244,0.0,-0.00738699734210968,-3.767665
exp7_random_2,292,-62.96649,88.72021,-100.0,-50.24262237548828,-1.4440721
exp7_random_2,293,420.43704,527.96277,-100.0,-4.701744079589844,-2.8239114
exp7_random_2,294,1163.7158,1170.4333,0.0,-0.4268639087677002,-6.290507
exp7_random_2,295,958.532,962.7449,0.0,-0.08357244729995728,-4.129226
exp7_random_2,296,1100.2474,1104.88,0.0,-0.21023225784301758,-4.42243
exp7_random_2,297,969.4699,978.1354,0.0,-0.32882726192474365,-8.336641
exp7_random_2,298,478.15598,585.77594,-100.0,-3.8381123542785645,-3.7817154
exp7_random_2,299,929.0593,933.69867,0.0,-0.13554328680038452,-4.503749
exp7_random_2,301,1120.3201,1130.0874,0.0,-0.6258023381233215,-9.141755
exp7_random_2,302,1352.792,1359.6305,0.0,-0.30314069986343384,-6.535188
exp7_random_2,303,399.0565,551.75433,-100.0,-49.93680191040039,-2.7610257
exp7_random_2,304,1107.0071,1113.2915,0.0,-0.4086427688598633,-5.875769
exp7_random_2,305,1118.956,1123.1047,0.0,-0.853858470916748,-3.2952178
exp7_random_2,306,1200.4641,1212.338,0.0,-0.7263473868370056,-11.147745
exp7_random_2,307,471.20123,583.8628,-100.0,-9.94216251373291,-2.7193737
exp7_random_2,308,904.77124,912.20886,0.0,-2.9256904125213623,-4.511977
exp7_random_2,309,926.7039,930.6277,0.0,0.0,-3.9238133
exp7_random_2,310,353.61713,505.77408,-100.0,-50.53296661376953,-1.6239958
exp7_random_2,311,1267.0768,1271.9792,0.0,-0.29180410504341125,-4.610775
exp7_random_2,312,940.2366,949.10657,0.0,-2.8423573970794678,-6.0276384
exp7_random_2,313,-131.93561,18.578651,-100.0,-49.87499999999999,-0.63925326
exp7_random_2,314,1064.3181,1067.9204,0.0,-0.02545534074306488,-3.5770268
exp7_random_2,315,1021.69604,1025.9285,0.0,0.0,-4.2323074
exp7_random_2,316,970.2434,972.8777,0.0,-0.13475848734378815,-2.4994142
exp7_random_2,317,1319.2181,1325.7734,0.0,-0.7886680960655212,-5.7666373
exp7_random_2,318,1182.905,1188.635,0.0,-0.7810541987419128,-4.948868
exp7_random_2,319,1095.9182,1099.7749,0.0,-0.06346771121025085,-3.7932703
exp7_random_2,321,976.23114,979.62134,0.0,0.0,-3.3902164
exp7_random_2,322,1155.9175,1169.0164,0.0,-0.40117377042770386,-12.697862
exp7_random_2,323,-95.21762,12.569422,-100.0,-6.806545257568359,-0.98050034
exp7_random_2,324,1066.3047,1069.9529,0.0,-0.6380066871643066,-3.0102286
exp7_random_2,325,1015.71655,1020.9009,0.0,-2.0548958778381348,-3.1294594
exp7_random_2,326,-66.556274,38.63312,-100.0,-4.152328014373779,-1.0370637
exp7_random_2,327,359.9397,466.01202,-100.0,-5.026438236236572,-1.0458825
exp7_random_2,328,1017.70496,1026.2288,0.0,-3.3776791095733643,-5.146148
exp7_random_2,329,-26.8749,83.76443,-100.0,-9.890246391296387,-0.74908215
exp7_random_2,330,1091.1089,1094.8785,0.0,-0.521417498588562,-3.2481859
exp7_random_2,331,1176.6628,1182.3091,0.0,-0.7262154817581177,-4.920099
exp7_random_2,332,590.76025,745.3431,-100.0,-50.12298583984375,-4.459707
exp7_random_2,333,1072.058,1079.254,0.0,-1.0454803705215454,-6.15049
exp7_random_2,334,578.12866,731.13385,-100.0,-49.948936462402344,-3.0563066
exp7_random_2,335,1111.1703,1116.8848,0.0,-0.014732882380485535,-5.699598
exp7_random_2,336,1070.4464,1074.0526,0.0,-0.3887544870376587,-3.2175188
exp7_random_2,337,1014.77466,1019.09644,0.0,-0.07130300998687744,-4.2501416
exp7_random_2,338,880.64197,886.3843,0.0,-1.8317322731018066,-3.9105828
exp7_random_2,339,-99.64118,6.5069,-100.0,-5.976478576660156,-0.17160252
exp7_random_2,341,938.59656,941.1276,0.0,-0.6311471462249756,-1.8998235
exp7_random_2,342,556.48,669.0541,-100.0,-9.7319974899292,-2.8420975
exp7_random_2,343,965.5591,969.6826,0.0,-0.002222895622253418,-4.121402
exp7_random_2,344,973.84015,976.26904,0.0,-0.026619568467140198,-2.4022226
exp7_random_2,345,508.61084,616.4305,-100.0,-2.1204311847686768,-5.699301
exp7_random_2,346,1114.169,1118.9275,0.0,-0.18142801523208618,-4.577145
exp7_random_2,347,430.6478,591.1143,-100.0,-55.700904846191406,-4.765683
exp7_random_2,348,1321.3541,1330.1975,0.0,-2.335667133331299,-6.5076942
exp7_random_2,349,-109.23274,1.4231561,-100.0,-9.769548416137695,-0.8863436
exp7_random_2,350,-50.635014,58.335087,-100.0,-8.621524810791016,-0.34857407
exp7_random_2,351,914.7197,916.38385,0.0,0.0,-1.6640087
exp7_random_2,352,-69.05846,42.312523,-100.0,-10.54095458984375,-0.83002555
exp7_random_2,353,-82.369385,68.68321,-100.0,-50.005516052246094,-1.047083
exp7_random_2,354,886.53094,890.0254,0.0,-0.2708222270011902,-3.2235367
exp7_random_2,355,1037.3131,1039.8969,0.0,-0.35778623819351196,-2.2260435
exp7_random_2,356,1208.6302,1219.4448,0.0,-3.6068289279937744,-7.207562
exp7_random_2,357,1153.9417,1161.6368,0.0,-2.303637981414795,-5.3917527
exp7_random_2,358,918.5731,923.2667,0.0,0.0,-4.6935124
exp7_random_2,359,428.51544,582.37396,-100.0,-50.20714569091797,-3.6514435
exp7_random_2,361,994.63293,997.23914,0.0,0.0,-2.6061668
exp7_random_2,362,1155.5844,1160.8939,0.0,-0.014085158705711365,-5.295634
exp7_random_2,363,874.08453,877.95856,0.0,0.0,-3.8740733
exp7_random_2,364,1013.86554,1017.11035,0.0,0.0,-3.2449572
exp7_random_2,365,314.1881,465.7012,-100.0,-49.87499999999999,-1.6380718
exp7_random_2,366,492.24323,648.1496,-100.0,-51.16474151611328,-4.741578
exp7_random_2,367,983.8357,987.0298,0.0,-0.04151026904582977,-3.1526253
exp7_random_2,368,103.728485,256.24002,-100.0,-51.11945724487305,-1.3920499
exp7_random_2,369,472.78116,626.6123,-100.0,-50.21059799194336,-3.620587
exp7_random_2,370,916.982,918.23676,0.0,0.0,-1.254809
exp7_random_2,371,425.2591,539.58624,-100.0,-10.130301475524902,-4.1967545
exp7_random_2,372,1241.2373,1247.816,0.0,-1.333443284034729,-5.2452903
exp7_random_2,373,-70.91826,32.014114,-100.0,-2.069859266281128,-0.86251307
exp7_random_2,374,992.8961,996.05237,0.0,-0.01907762885093689,-3.137355
exp7_random_2,375,-24.515572,127.18909,-100.0,-50.14058303833008,-1.5640763
exp7_random_2,376,1124.3236,1127.4861,0.0,0.0,-3.1624274
exp7_random_2,377,1066.2224,1069.2288,0.0,-0.048581793904304504,-2.9577081
exp7_random_2,378,-56.62368,75.35555,-100.0,-30.983810424804688,-0.995426
exp7_random_2,379,990.83,994.96326,0.0,0.0,-4.1332636
exp7_random_2,381,-137.05699,13.329691,-100.0,-49.92607879638672,-0.46058166
exp7_random_2,382,574.6787,728.9843,-100.0,-51.117374420166016,-3.1882062
exp7_random_2,383,1074.1896,1077.71,0.0,-0.13824211061000824,-3.3822384
exp7_random_2,384,1046.0466,1049.7556,0.0,-0.18750393390655518,-3.5213947
exp7_random_2,385,-139.56586,10.886715,-100.0,-49.87499999999999,-0.577554
exp7_random_2,386,1074.0923,1077.8119,0.0,-0.06184220314025879,-3.6578357
exp7_random_2,387,-71.897026,32.310543,-100.0,-3.5524208545684814,-0.65514636
exp7_random_2,388,-91.72594,21.18958,-100.0,-11.952345848083496,-0.9631808
exp7_random_2,389,1221.7932,1229.0786,0.0,-1.3227392435073853,-5.9625444
exp7_random_2,390,895.90894,899.2744,0.0,0.0,-3.365606
exp7_random_2,391,-56.127014,95.542786,-100.0,-50.091064453125,-1.5787208
exp7_random_2,392,285.79636,436.64383,-100.0,-50.14533615112305,-0.7021693
exp7_random_2,393,998.41345,1004.03235,0.0,-1.3248858451843262,-4.2940593
exp7_random_2,394,-127.69481,23.701847,-100.0,-50.572021484375,-0.82462513
exp7_random_2,395,997.395,998.94543,0.0,0.0,-1.5503646
exp7_random_2,396,967.54553,970.0388,0.0,0.0,-2.493488
exp7_random_2,397,998.40497,999.60486,0.0,0.0,-1.2000017
exp7_random_2,398,-142.30371,8.793079,-100.0,-50.239009857177734,-0.85779166
exp7_random_2,399,-107.96216,43.11039,-100.0,-50.18576431274414,-0.886795
exp7_random_2,401,302.474,459.65118,-100.0,-50.47332763671875,-6.7039366
exp7_random_2,402,855.8159,868.23975,0.0,-4.877372741699219,-7.546428
exp7_random_2,403,1207.9885,1213.5449,0.0,-0.04427070915699005,-5.511963
exp7_random_2,404,-21.298477,129.99629,-100.0,-50.001991271972656,-1.2927908
exp7_random_2,405,1236.8168,1242.6547,0.0,-0.48748013377189636,-5.350395
exp7_random_2,406,553.672,713.81866,-100.0,-51.556068420410156,-8.590754
exp7_random_2,407,-89.569916,60.98158,-100.0,-49.87499999999999,-0.67648494
exp7_random_2,408,160.5083,272.8294,-100.0,-7.846203804016113,-4.4748697
exp7_random_2,409,942.4365,948.3087,0.0,-0.2927708625793457,-5.57948
exp7_random_2,410,463.58722,623.72284,-100.0,-53.01227951049805,-7.1232247
exp7_random_2,411,922.08215,925.10706,0.0,0.0,-3.0249178
exp7_random_2,412,1168.3706,1179.162,0.0,-1.2268645763397217,-9.564956
exp7_random_2,413,374.2118,482.66125,-100.0,-4.341001510620117,-4.108535
exp7_random_2,414,964.29895,965.4315,0.0,-0.010325506329536438,-1.122235
exp7_random_2,415,1135.8755,1141.3513,0.0,0.0,-5.475671
exp7_random_2,416,-138.14499,12.179066,-100.0,-49.99307632446289,-0.33096835
exp7_random_2,417,1054.6659,1060.5634,0.0,-0.8443551063537598,-5.0530977
exp7_random_2,418,1092.2009,1095.8376,0.0,-0.20542514324188232,-3.4313595
exp7_random_2,419,1020.65314,1024.4507,0.0,0.0,-3.7975426
exp7_random_2,421,-20.099678,85.80576,-100.0,-4.008008003234863,-1.8974435
exp7_random_2,422,1064.2725,1068.048,0.0,-1.1203731298446655,-2.655234
exp7_random_2,423,-26.160828,81.72635,-100.0,-6.838830947875977,-1.0483478
exp7_random_2,424,912.0322,926.4337,0.0,-0.08287858963012695,-14.318277
exp7_random_2,425,1000.6736,1002.74915,0.0,-0.0356302410364151,-2.0399234
exp7_random_2,426,950.29846,955.12054,0.0,-0.3571705222129822,-4.464935
exp7_random_2,427,394.91687,550.1742,-100.0,-52.988067626953125,-2.269267
exp7_random_2,428,965.44885,969.17694,0.0,0.0,-3.7280521
exp7_random_2,429,1151.4333,1156.4062,0.0,-0.588372528553009,-4.384362
exp7_random_2,430,-53.33757,54.692863,-100.0,-7.231606483459473,-0.7988297
exp7_random_2,431,-42.17794,65.74308,-100.0,-5.84980583190918,-2.0712185
exp7_random_2,432,996.22766,998.5308,0.0,0.0,-2.3031583
exp7_random_2,433,1096.7539,1103.8849,0.0,-0.5695112943649292,-6.5614843
exp7_random_2,434,415.27408,522.9289,-100.0,-4.709133625030518,-2.9456968
exp7_random_2,435,959.92,963.1847,0.0,-0.7169449925422668,-2.5477996
exp7_random_2,436,1462.0583,1471.906,0.0,-1.5798567533493042,-8.267496
exp7_random_2,437,404.89438,530.1438,-100.0,-21.464876174926758,-3.784606
exp7_random_2,438,865.9603,869.42224,0.0,0.0,-3.4619968
exp7_random_2,439,988.6455,995.2512,0.0,-0.021921828389167786,-6.5838223
exp7_random_2,441,-67.766846,83.66609,-100.0,-49.87499999999999,-1.5579352
exp7_random_2,442,-104.456,26.427898,-100.0,-30.239328384399414,-0.64457643
exp7_random_2,443,1152.0929,1158.9763,0.0,-3.1603102684020996,-3.722905
exp7_random_2,444,402.77606,511.82816,-100.0,-5.414451599121094,-3.6376863
exp7_random_2,445,922.24445,946.78253,0.0,-12.869223594665527,-11.668857
exp7_random_2,446,406.20648,559.8183,-100.0,-51.08595657348633,-2.5258055
exp7_random_2,447,-96.35875,54.938053,-100.0,-50.08042907714844,-1.2163886
exp7_random_2,448,926.7383,930.4382,0.0,0.0,-3.6997743
exp7_random_2,449,-94.34842,14.745244,-100.0,-6.9921464920043945,-2.101522
exp7_random_2,450,-6.9633865,100.08673,-100.0,-5.131614685058594,-1.918513
exp7_random_2,451,-26.701553,125.1836,-100.0,-50.51876449584961,-1.3663995
exp7_random_2,452,293.42587,445.36133,-100.0,-50.54627990722656,-1.3891505
exp7_random_2,453,872.4017,873.5384,0.0,0.0,-1.136753
exp7_random_2,454,-64.18048,39.44832,-100.0,-2.9010913372039795,-0.7277119
exp7_random_2,455,730.2484,867.91327,-100.0,-33.77592086791992,-3.8888266
exp7_random_2,456,1016.9781,1020.30426,0.0,0.0,-3.3261397
exp7_random_2,457,1193.6255,1201.7705,0.0,-2.003746271133423,-6.141508
exp7_random_2,458,389.3011,545.31604,-100.0,-50.49422836303711,-5.520792
exp7_random_2,459,1005.4011,1008.08875,0.0,-0.43197423219680786,-2.2557151
exp7_random_2,461,1090.3009,1095.7883,0.0,-0.3539334535598755,-5.133571
exp7_random_2,462,-28.699158,78.67903,-100.0,-5.496596336364746,-1.8815844
exp7_random_2,463,-45.130962,58.00667,-100.0,-2.1762619018554688,-0.9613724
exp7_random_2,464,1198.4205,1202.1025,0.0,-0.009873315691947937,-3.6722643
exp7_random_2,465,967.1212,970.10266,0.0,-0.03317709267139435,-2.9482095
exp7_random_2,466,-109.153366,3.7010708,-100.0,-12.658140182495117,-0.19628796
exp7_random_2,467,-65.14657,85.82415,-100.0,-49.973060607910156,-0.9976569
exp7_random_2,468,917.1875,919.6495,0.0,0.0,-2.4619355
exp7_random_2,469,1055.0548,1059.4281,0.0,0.0,-4.37341
exp7_random_2,470,967.2342,969.7825,0.0,0.0,-2.5483136
exp7_random_2,471,990.11084,994.1546,0.0,0.0,-4.0437922
exp7_random_2,472,489.74014,615.82227,-100.0,-23.889694213867188,-2.1924112
exp7_random_2,473,347.79553,453.24362,-100.0,-2.6363539695739746,-2.8117208
exp7_random_2,474,-37.22232,67.53228,-100.0,-3.5860531330108643,-1.1685464
exp7_random_2,475,363.40192,519.7657,-100.0,-53.31228256225586,-3.051437
exp7_random_2,476,1089.0034,1093.3406,0.0,-0.40036842226982117,-3.9366057
exp7_random_2,477,955.4929,959.5186,0.0,-0.24378475546836853,-3.7820015
exp7_random_2,478,1179.8928,1183.2529,0.0,-0.04923395812511444,-3.3108888
exp7_random_2,479,-142.11168,10.222975,-100.0,-51.47793960571289,-0.85670877
exp7_random_2,481,1090.5986,1098.2476,0.0,-0.25370821356773376,-7.395123
exp7_random_2,482,1082.311,1104.3743,0.0,-8.830509185791016,-13.232813
exp7_random_2,483,25.503754,177.65436,-100.0,-50.08222579956055,-2.0683708
exp7_random_2,484,-17.254028,87.696075,-100.0,-3.369596242904663,-1.5804956
exp7_random_2,485,1074.9238,1085.0472,0.0,-2.2984414100646973,-7.8248105
exp7_random_2,486,1400.414,1407.7793,0.0,-1.2487603425979614,-6.1165113
exp7_random_2,487,987.3479,992.4658,0.0,-0.9504883885383606,-4.167444
exp7_random_2,488,49.419846,203.67352,-100.0,-52.009822845458984,-2.2438457
exp7_random_2,489,989.9552,997.82654,0.0,-1.9150547981262207,-5.956415
exp7_random_2,490,1107.5575,1114.0415,0.0,-0.21095260977745056,-6.273122
exp7_random_2,491,967.2146,970.1361,0.0,0.0,-2.9214656
exp7_random_2,492,1068.9211,1075.4507,0.0,-0.5627822875976562,-5.966802
exp7_random_2,493,888.26385,892.31445,0.0,-0.2936052083969116,-3.7568657
exp7_random_2,494,1069.5757,1078.4648,0.0,-0.029876723885536194,-8.859437
exp7_random_2,495,1094.549,1098.8242,0.0,-0.2720591127872467,-4.003257
exp7_random_2,496,1139.8597,1148.9441,0.0,-0.9927308559417725,-8.091748
exp7_random_2,497,-126.49513,24.005465,-100.0,-49.87499999999999,-0.62558985
exp7_random_2,498,1061.8744,1069.578,0.0,0.0,-7.703546
exp7_random_2,499,38.424286,143.32338,-100.0,-3.264150381088257,-1.6349394
exp7_random_2,501,-34.45465,70.0166,-100.0,-3.335218667984009,-1.1360327
exp7_random_2,502,343.5433,454.6875,-100.0,-9.383978843688965,-1.760221
exp7_random_2,503,1206.0468,1214.5568,0.0,-0.22956793010234833,-8.280472
exp7_random_2,504,553.5577,680.95166,-100.0,-21.504837036132812,-5.889081
exp7_random_2,505,-142.1366,8.705164,-100.0,-50.41609191894531,-0.42567047
exp7_random_2,506,1008.4465,1010.7788,0.0,-0.38931161165237427,-1.9429682
exp7_random_2,507,984.3691,990.2671,0.0,-0.9742000102996826,-4.923703
exp7_random_2,508,1237.9403,1252.8574,0.0,-3.535696268081665,-11.381565
exp7_random_2,509,1281.3799,1292.8091,0.0,-1.2891591787338257,-10.140166
exp7_random_2,510,985.6036,990.14777,0.0,-0.20842808485031128,-4.3357263
exp7_random_2,511,957.53253,960.87024,0.0,0.0,-3.3377438
exp7_random_2,512,-75.7944,28.669651,-100.0,-4.013494491577148,-0.45056418
exp7_random_2,513,361.59238,513.77594,-100.0,-50.28766632080078,-1.8958507
exp7_random_2,514,949.327,957.0496,0.0,-2.6700167655944824,-5.0525217
exp7_random_2,515,892.2186,894.6317,0.0,-0.0033114254474639893,-2.4098217
exp7_random_2,516,877.86127,878.67126,0.0,0.0,-0.80999064
exp7_random_2,517,420.52338,572.9813,-100.0,-50.29166793823242,-2.1662886
exp7_random_2,518,-50.48672,54.7956,-100.0,-4.347707748413086,-0.93461597
exp7_random_2,519,968.3065,980.39294,0.0,-0.004108548164367676,-12.082239
exp7_random_2,521,1043.2865,1051.6152,0.0,0.0,-8.3287325
exp7_random_2,522,-87.2136,22.73798,-100.0,-8.33775520324707,-1.6138237
exp7_random_2,523,1040.4935,1043.6698,0.0,0.0,-3.176313
exp7_random_2,524,-116.93923,33.50483,-100.0,-49.931705474853516,-0.51234865
exp7_random_2,525,401.7907,537.40344,-100.0,-26.508987426757812,-9.103947
exp7_random_2,526,969.24646,973.23303,0.0,0.0,-3.9867244
exp7_random_2,527,926.9178,932.4337,0.0,0.0,-5.515817
exp7_random_2,528,1060.375,1066.7344,0.0,-1.5127074718475342,-4.8466096
exp7_random_2,529,-62.757797,51.941696,-100.0,-9.25827407836914,-5.441201
exp7_random_2,530,1097.9309,1102.7628,0.0,0.0,-4.831935
exp7_random_2,531,1146.2379,1151.9751,0.0,-0.02791726589202881,-5.7092624
exp7_random_2,532,-100.47379,51.79664,-100.0,-50.95235824584961,-1.3180635
exp7_random_2,533,1078.1896,1090.1985,0.0,-5.188289165496826,-6.820612
exp7_random_2,534,-149.10893,4.321396,-100.0,-51.28670120239258,-2.1436217
exp7_random_2,535,-109.958405,17.490438,-100.0,-26.348201751708984,-1.1006325
exp7_random_2,536,325.22864,440.2638,-100.0,-13.615640640258789,-1.4195173
exp7_random_2,537,851.4616,856.9143,0.0,-0.0034980028867721558,-5.4492
exp7_random_2,538,970.32715,981.0294,0.0,-1.481428623199463,-9.22078
exp7_random_2,539,1043.176,1046.7126,0.0,0.0,-3.5366743
exp7_random_2,541,1240.385,1247.4324,0.0,-0.7842232584953308,-6.263142
exp7_random_2,542,-120.41372,29.649872,-100.0,-49.87499999999999,-0.18859476
exp7_random_2,543,1146.6888,1156.868,0.0,-0.4657891094684601,-9.713577
exp7_random_2,544,1068.0819,1079.8755,0.0,-4.245895862579346,-7.54764
exp7_random_2,545,1193.0902,1199.9056,0.0,-0.2621747851371765,-6.553294
exp7_random_2,546,-141.58768,9.062358,-100.0,-50.524662017822266,-0.1253574
exp7_random_2,547,386.8786,495.62555,-100.0,-3.5273361206054688,-5.219534
exp7_random_2,548,1031.1093,1036.1461,0.0,-0.2724538743495941,-4.764403
exp7_random_2,549,1061.3462,1065.78,0.0,-0.6018393635749817,-3.8318157
exp7_random_2,550,977.98865,990.31824,0.0,-0.9217685461044312,-11.407813
exp7_random_2,551,113.65135,267.61346,-100.0,-50.5570068359375,-3.4051359
exp7_random_2,552,955.09546,958.9994,0.0,-0.004145413637161255,-3.8996732
exp7_random_2,553,1077.2585,1081.4012,0.0,-0.5545279383659363,-3.5880694
exp7_random_2,554,-93.14461,23.854208,-100.0,-5.381411552429199,-11.617411
exp7_random_2,555,1053.0074,1060.4254,0.0,-1.7427010536193848,-5.6752043
exp7_random_2,556,1083.8628,1089.2776,0.0,-0.8831690549850464,-4.5317554
exp7_random_2,557,1069.741,1075.4229,0.0,-0.5163345336914062,-5.165386
exp7_random_2,558,529.3549,639.3867,-100.0,-3.6515426635742188,-6.380025
exp7_random_2,559,528.3639,688.6472,-100.0,-41.411502838134766,-18.871916
exp7_random_2,561,956.9204,960.41656,0.0,-1.539416790008545,-1.9566743
exp7_random_2,562,875.942,879.2813,0.0,-0.3167847692966461,-3.0226023
exp7_random_2,563,876.2422,877.82635,0.0,0.0,-1.5841075
exp7_random_2,564,1025.8376,1032.7043,0.0,-2.1974730491638184,-4.6691594
exp7_random_2,565,926.1332,932.7019,0.0,-3.2682371139526367,-3.3004942
exp7_random_2,566,1036.724,1041.4719,0.0,-0.35938751697540283,-4.388412
exp7_random_2,567,1175.0099,1182.8997,0.0,-1.4366165399551392,-6.453047
exp7_random_2,568,397.41086,505.96896,-100.0,-4.9851908683776855,-3.572846
exp7_random_2,569,990.2699,993.47833,0.0,-0.6068682074546814,-2.6015291
exp7_random_2,570,59.256317,211.06143,-100.0,-50.058589935302734,-1.7465159
exp7_random_2,571,1173.9932,1185.0342,0.0,-2.283780574798584,-8.757314
exp7_random_2,572,-53.175728,51.251835,-100.0,-3.334716796875,-1.092844
exp7_random_2,573,557.37286,667.8394,-100.0,-6.701525688171387,-3.7649617
exp7_random_2,574,443.90054,557.7404,-100.0,-10.258183479309082,-3.5816574
exp7_random_2,575,918.11224,920.9232,0.0,-0.005471408367156982,-2.8054943
exp7_random_2,576,988.29553,995.1133,0.0,-0.4567042887210846,-6.3610096
exp7_random_2,577,882.246,885.4969,0.0,0.0,-3.2509632
exp7_random_2,578,1267.4508,1271.8289,0.0,0.0,-4.378029
exp7_random_2,579,-50.35299,100.90934,-100.0,-49.87499999999999,-1.3873309
exp7_random_2,581,701.285,860.0297,-100.0,-51.92933654785156,-6.815365
exp7_random_2,582,1168.9242,1175.9784,0.0,-0.45129430294036865,-6.603034
exp7_random_2,583,474.30182,595.39233,-100.0,-17.689720153808594,-3.4008923
exp7_random_2,584,1019.2649,1022.9302,0.0,0.0,-3.6654222
exp7_random_2,585,1070.4692,1075.0255,0.0,-0.6775248646736145,-3.8788166
exp7_random_2,586,44.559128,196.41313,-100.0,-49.99267578125,-1.8612968
exp7_random_2,587,965.94885,968.1449,0.0,-0.045565247535705566,-2.1504364
exp7_random_2,588,1036.2096,1043.6895,0.0,-3.234377145767212,-4.2455025
exp7_random_2,589,1037.7285,1040.9623,0.0,0.0,-3.2338738
exp7_random_2,590,415.67648,524.39825,-100.0,-5.621550559997559,-3.100154
exp7_random_2,591,1014.1947,1018.54944,0.0,0.0,-4.3549957
exp7_random_2,592,1129.0239,1139.1133,0.0,-1.6253576278686523,-8.46373
exp7_random_2,593,1116.8062,1123.2056,0.0,-0.2539968192577362,-6.145176
exp7_random_2,594,1049.6665,1054.3926,0.0,-0.031641796231269836,-4.694182
exp7_random_2,595,998.6813,1004.97095,0.0,-1.1346362829208374,-5.1549215
exp7_random_2,596,926.1657,928.93787,0.0,0.0,-2.772014
exp7_random_2,597,1070.2305,1073.8317,0.0,0.0,-3.6011226
exp7_random_2,598,1121.7041,1127.092,0.0,-0.220176100730896,-5.167802
exp7_random_2,599,395.16434,507.07193,-100.0,-9.047237396240234,-2.8603895
exp7_random_2,601,606.17523,734.73627,-100.0,-18.716156005859375,-9.844953
exp7_random_2,602,609.2164,717.66986,-100.0,-4.210637092590332,-4.242793
exp7_random_2,603,364.59387,473.9384,-100.0,-7.999004364013672,-1.3454936
exp7_random_2,604,1163.4316,1169.5062,0.0,-1.629133701324463,-4.44568
exp7_random_2,605,-47.84441,56.003193,-100.0,-3.2548325061798096,-0.5927728
exp7_random_2,606,-26.248947,125.69697,-100.0,-51.37123489379883,-0.5746861
exp7_random_2,607,1209.1996,1216.792,0.0,-3.365980386734009,-4.2266173
exp7_random_2,608,564.6765,719.9853,-100.0,-50.23125457763672,-5.077489
exp7_random_2,609,1241.271,1249.6681,0.0,-1.599447250366211,-6.7977576
exp7_random_2,610,-31.451538,119.64476,-100.0,-49.87499999999999,-1.2213023
exp7_random_2,611,-8.088852,143.59729,-100.0,-50.321876525878906,-1.3642637
exp7_random_2,612,979.34814,983.98895,0.0,-0.0024908334016799927,-4.6385202
exp7_random_2,613,934.36115,936.9081,0.0,-0.056220293045043945,-2.4907472
exp7_random_2,614,1216.5625,1223.7253,0.0,-0.36390021443367004,-6.798818
exp7_random_2,615,1313.075,1318.7966,0.0,-0.3370722532272339,-5.3846292
exp7_random_2,616,588.3334,740.9345,-100.0,-49.95543670654297,-2.6456256
exp7_random_2,617,1072.1907,1078.6042,0.0,-1.5020208358764648,-4.9115047
exp7_random_2,618,36.181824,187.47841,-100.0,-50.164737701416016,-1.13184
exp7_random_2,619,409.63965,561.6533,-100.0,-49.90258026123047,-2.1110976
exp7_random_2,621,555.5441,665.3332,-100.0,-6.139261722564697,-3.649718
exp7_random_2,622,1048.0957,1049.8108,0.0,0.0,-1.7150618
exp7_random_2,623,411.29053,564.52594,-100.0,-51.15776062011719,-2.077663
exp7_random_2,624,1017.37366,1020.3759,0.0,-0.13460871577262878,-2.8676975
exp7_random_2,625,1001.1667,1007.3364,0.0,-0.7270615696907043,-5.4427567
exp7_random_2,626,476.4818,631.67755,-100.0,-50.07608413696289,-5.119788
exp7_random_2,627,-16.20543,91.40009,-100.0,-3.8313803672790527,-3.7741487
exp7_random_2,628,355.43256,462.22614,-100.0,-4.232287883758545,-2.5613024
exp7_random_2,629,943.1027,944.5255,0.0,0.0,-1.4229192
exp7_random_2,630,932.3782,934.1256,0.0,0.0,-1.7474384
exp7_random_2,631,1026.8591,1032.7975,0.0,-0.13996782898902893,-5.798432
exp7_random_2,632,19.800385,170.6658,-100.0,-49.958396911621094,-0.90700734
exp7_random_2,633,876.447,880.1747,0.0,-0.03545738756656647,-3.6922393
exp7_random_2,634,1110.0425,1116.6548,0.0,-0.7746478319168091,-5.8375387
exp7_random_2,635,997.6244,1001.34436,0.0,0.0,-3.720009
exp7_random_2,636,1070.2344,1072.4208,0.0,-0.01083749532699585,-2.1754518
exp7_random_2,637,499.12976,605.4407,-100.0,-2.6975021362304688,-3.6133995
exp7_random_2,638,976.3346,978.928,0.0,0.0,-2.5935373
exp7_random_2,639,443.30142,559.91187,-100.0,-11.274463653564453,-5.335887
exp7_random_2,641,892.29254,893.7954,0.0,-0.057264477014541626,-1.4455707
exp7_random_2,642,-61.95449,73.54182,-100.0,-18.56991958618164,-16.926321
exp7_random_2,643,1156.6183,1161.3273,0.0,-1.240799069404602,-3.4681778
exp7_random_2,644,1161.3197,1166.4,0.0,-0.0619753897190094,-5.0184608
exp7_random_2,645,1202.572,1210.6053,0.0,-0.5682483315467834,-7.4651628
exp7_random_2,646,-66.1906,44.303856,-100.0,-10.230066299438477,-0.26438224
exp7_random_2,647,414.60724,567.77,-100.0,-50.6545524597168,-2.5081263
exp7_random_2,648,995.69666,999.32544,0.0,-0.037995144724845886,-3.5908427
exp7_random_2,649,-136.34567,14.128781,-100.0,-49.93399429321289,-0.5404714
exp7_random_2,650,1079.7532,1083.9353,0.0,-0.24953870475292206,-3.932534
exp7_random_2,651,979.5012,983.88,0.0,-0.23353742063045502,-4.145182
exp7_random_2,652,422.77692,575.8298,-100.0,-49.966129302978516,-3.086724
exp7_random_2,653,1115.1398,1118.5803,0.0,-0.09696263074874878,-3.3434863
exp7_random_2,654,975.1907,980.6298,0.0,-0.486054927110672,-4.9532423
exp7_random_2,655,577.51624,687.97095,-100.0,-4.832741737365723,-5.62181
exp7_random_2,656,1097.0251,1103.4775,0.0,-0.07905073463916779,-6.373337
exp7_random_2,657,1109.3645,1115.297,0.0,-1.1474881172180176,-4.785025
exp7_random_2,658,454.28503,562.7157,-100.0,-5.740839004516602,-2.6897976
exp7_random_2,659,1139.3348,1145.4592,0.0,-1.171200156211853,-4.9532914
exp7_random_2,661,1069.2603,1076.223,0.0,-1.124918818473816,-5.837826
exp7_random_2,662,-62.761414,88.1994,-100.0,-50.11726760864258,-0.84356034
exp7_random_2,663,1235.4966,1241.7356,0.0,-0.37151479721069336,-5.867405
exp7_random_2,664,1046.6606,1055.3641,0.0,-1.1104557514190674,-7.5931354
exp7_random_2,665,1333.5068,1340.2819,0.0,-1.0104079246520996,-5.764553
exp7_random_2,666,-129.15457,21.197403,-100.0,-49.902000427246094,-0.44999138
exp7_random_2,667,924.0818,927.7942,0.0,-0.31932300329208374,-3.3931422
exp7_random_2,668,-65.05978,39.90757,-100.0,-4.223126411437988,-0.7442229
exp7_random_2,669,969.7158,976.5383,0.0,-3.346994400024414,-3.4753954
exp7_random_2,670,1130.3633,1135.6819,0.0,-0.47843682765960693,-4.8401456
exp7_random_2,671,120.19132,230.43199,-100.0,-5.3742828369140625,-4.8664055
exp7_random_2,672,34.910812,163.893,-100.0,-25.75124740600586,-3.230958
exp7_random_2,673,-65.706985,37.816456,-100.0,-2.87955379486084,-0.6438903
exp7_random_2,674,1055.0594,1059.0671,0.0,-0.013564467430114746,-3.994154
exp7_random_2,675,1036.7083,1039.4155,0.0,0.0,-2.7073166
exp7_random_2,676,448.6127,603.3725,-100.0,-50.17241287231445,-4.587371
exp7_random_2,677,957.15955,966.55554,0.0,-1.6402981281280518,-7.7558484
exp7_random_2,678,1321.1113,1327.721,0.0,-1.1093761920928955,-5.500256
exp7_random_2,679,1086.2548,1090.8696,0.0,-1.1122747659683228,-3.5026379
exp7_random_2,681,-134.13402,16.764328,-100.0,-50.19533157348633,-0.7030135
exp7_random_2,682,1172.8511,1179.3143,0.0,-1.667191743850708,-4.796242
exp7_random_2,683,893.133,897.35944,0.0,0.0,-4.2264614
exp7_random_2,684,989.0282,991.8043,0.0,0.0,-2.7762132
exp7_random_2,685,92.20499,202.5983,-100.0,-8.55077075958252,-1.8425332
exp7_random_2,686,-69.54329,39.537952,-100.0,-5.42535924911499,-3.65588
exp7_random_2,687,1011.0416,1017.9286,0.0,-0.5047717094421387,-6.382217
exp7_random_2,688,972.3728,976.0435,0.0,-0.7168794870376587,-2.9538522
exp7_random_2,689,1119.054,1126.3962,0.0,-3.168175220489502,-4.174023
exp7_random_2,690,967.01575,974.8616,0.0,-2.663583755493164,-5.18207
exp7_random_2,691,1342.7002,1347.8706,0.0,-0.17139755189418793,-4.9992833
exp7_random_2,692,1.7415009,104.28375,-100.0,-1.968470573425293,-0.5737925
exp7_random_2,693,625.3843,738.1426,-100.0,-7.9526567459106445,-4.8057547
exp7_random_2,694,-75.30855,31.079678,-100.0,-5.483532428741455,-0.904694
exp7_random_2,695,-35.484535,70.776985,-100.0,-5.237748146057129,-1.0237633
exp7_random_2,696,944.4136,947.3079,0.0,0.0,-2.894276
exp7_random_2,697,-79.875824,71.66978,-100.0,-49.98522186279297,-1.5603878
exp7_random_2,698,1234.2745,1242.1387,0.0,-1.4509856700897217,-6.4131093
exp7_random_2,699,948.3141,951.74884,0.0,0.0,-3.4346247
exp7_random_2,701,-146.23587,4.900157,-100.0,-50.56396484375,-0.5720601
exp7_random_2,702,953.6112,958.2435,0.0,0.0,-4.6322355
exp7_random_2,703,735.03986,856.1262,-100.0,-15.297172546386719,-5.789243
exp7_random_2,704,414.1334,526.7958,-100.0,-8.55891227722168,-4.1034656
exp7_random_2,705,700.9536,811.7465,-100.0,-3.8792500495910645,-6.913658
exp7_random_2,706,1108.891,1117.5486,0.0,-1.4806835651397705,-7.1769533
exp7_random_2,707,438.90466,549.53424,-100.0,-5.021666526794434,-5.607854
exp7_random_2,708,978.3959,984.43097,0.0,-2.362647533416748,-3.6724353
exp7_random_2,709,422.46368,529.1667,-100.0,-3.816194534301758,-2.8868718
exp7_random_2,710,-109.57957,40.84528,-100.0,-49.87499999999999,-0.549844
exp7_random_2,711,-87.540764,63.281685,-100.0,-50.52725601196289,-0.29519176
exp7_random_2,712,936.5017,943.47455,0.0,-3.2352216243743896,-3.7376087
exp7_random_2,713,991.1869,996.9916,0.0,-3.056577444076538,-2.7480774
exp7_random_2,714,427.8717,538.8316,-100.0,-7.974677085876465,-2.9852219
exp7_random_2,715,1104.5746,1115.2385,0.0,-1.2377843856811523,-9.426121
exp7_random_2,716,1018.9138,1024.4803,0.0,-0.7249054908752441,-4.841557
exp7_random_2,717,-21.71302,81.50824,-100.0,-2.674114942550659,-0.54714113
exp7_random_2,718,40.20603,152.86848,-100.0,-10.162031173706055,-2.500428
exp7_random_2,719,979.0659,981.0201,0.0,0.0,-1.9542319
exp7_random_2,721,1163.4429,1167.9174,0.0,-1.060950517654419,-3.4133143
exp7_random_2,722,1117.7598,1124.7212,0.0,-0.5359543561935425,-6.4257164
exp7_random_2,723,1142.4586,1147.9724,0.0,-0.2898264229297638,-5.2238665
exp7_random_2,724,419.72192,525.6191,-100.0,-3.978364944458008,-1.9187244
exp7_random_2,725,652.5259,767.8732,-100.0,-11.061967849731445,-4.2853894
exp7_random_2,726,1042.3203,1044.367,0.0,-0.07948985695838928,-1.9670893
exp7_random_2,727,958.6515,962.5928,0.0,0.0,-3.9414732
exp7_random_2,728,1220.008,1227.2219,0.0,-0.9658268690109253,-6.248098
exp7_random_2,729,-103.90367,46.56874,-100.0,-49.87499999999999,-0.5974135
exp7_random_2,730,986.4324,996.97363,0.0,-2.857922315597534,-7.6834955
exp7_random_2,731,501.45593,608.09546,-100.0,-3.2272493839263916,-3.4124436
exp7_random_2,732,906.0105,909.41156,0.0,-0.0569472461938858,-3.344078
exp7_random_2,733,342.77734,495.3527,-100.0,-50.46769714355469,-2.1076949
exp7_random_2,734,1017.0119,1021.20685,0.0,-0.6670255661010742,-3.5279667
exp7_random_2,735,929.60834,932.90515,0.0,0.0,-3.2967403
exp7_random_2,736,1152.2502,1158.5494,0.0,-0.31320416927337646,-5.985876
exp7_random_2,737,1024.2819,1031.3386,0.0,-0.7620203495025635,-6.294662
exp7_random_2,738,911.73334,915.5111,0.0,0.0,-3.7777061
exp7_random_2,739,949.61005,953.4693,0.0,0.0,-3.8592508
exp7_random_2,741,1017.6627,1020.535,0.0,0.0,-2.8722064
exp7_random_2,742,1158.5099,1165.528,0.0,-0.03460092842578888,-6.983556
exp7_random_2,743,505.7458,618.31934,-100.0,-8.977581977844238,-3.5959272
exp7_random_2,744,666.7988,824.2097,-100.0,-51.76261901855469,-5.6482596
exp7_random_2,745,1090.7537,1099.3066,0.0,-1.4955464601516724,-7.0575395
exp7_random_2,746,963.1255,966.1261,0.0,0.0,-3.0006294
exp7_random_2,747,662.30975,773.6856,-100.0,-3.0939784049987793,-8.281878
exp7_random_2,748,883.6516,891.43805,0.0,-2.4055681228637695,-5.3808517
exp7_random_2,749,1052.6964,1058.8533,0.0,-1.3664376735687256,-4.7904596
exp7_random_2,750,916.10046,919.7611,0.0,-0.031171604990959167,-3.6295104
exp7_random_2,751,-97.9484,14.005898,-100.0,-9.81486701965332,-2.1394327
exp7_random_2,752,1094.5671,1097.4192,0.0,-0.18527469038963318,-2.6668262
exp7_random_2,753,-145.39197,4.991089,-100.0,-49.87499999999999,-0.508053
exp7_random_2,754,284.1081,437.93198,-100.0,-51.88262176513672,-1.9412513
exp7_random_2,755,1184.1986,1193.8909,0.0,-1.5595622062683105,-8.132994
exp7_random_2,756,1119.3567,1162.1309,0.0,-34.29386901855469,-8.480417
exp7_random_2,757,932.2094,935.8021,0.0,0.0,-3.592842
exp7_random_2,758,-122.41844,28.113121,-100.0,-49.87499999999999,-0.6565569
exp7_random_2,759,-43.31046,66.8043,-100.0,-8.77224349975586,-1.3425118
exp7_random_2,761,1178.9639,1183.4674,0.0,0.0,-4.503659
exp7_random_2,762,1109.416,1116.9124,0.0,-1.2531858682632446,-6.24316
exp7_random_2,763,1059.2793,1066.5107,0.0,-0.9006415009498596,-6.3309236
exp7_random_2,764,1218.8375,1223.9047,0.0,-0.28023672103881836,-4.7867794
exp7_random_2,765,984.49066,988.69934,0.0,0.0,-4.208705
exp7_random_2,766,420.49542,526.0378,-100.0,-4.007763385772705,-1.5345893
exp7_random_2,767,1014.1207,1016.8693,0.0,0.0,-2.7486532
exp7_random_2,768,990.47095,992.7352,0.0,0.0,-2.2642605
exp7_random_2,769,953.80176,956.5748,0.0,0.0,-2.772961
exp7_random_2,770,497.68045,652.80084,-100.0,-52.02131271362305,-3.0991223
exp7_random_2,771,-29.01194,100.888,-100.0,-20.91786003112793,-8.982066
exp7_random_2,772,982.1936,985.4678,0.0,-0.1513580083847046,-3.1229327
exp7_random_2,773,-94.98305,26.878714,-100.0,-15.47805404663086,-6.383708
exp7_random_2,774,973.94275,976.5755,0.0,0.0,-2.6327615
exp7_random_2,775,-80.50759,25.17128,-100.0,-5.036965370178223,-0.6419053
exp7_random_2,776,995.9592,998.3513,0.0,0.0,-2.3920407
exp7_random_2,777,1030.9813,1044.0449,0.0,-2.3656907081604004,-10.697915
exp7_random_2,778,1107.4158,1111.9619,0.0,0.0,-4.546051
exp7_random_2,779,1274.8816,1287.0511,0.0,-1.4977635145187378,-10.671877
exp7_random_2,781,898.0217,899.15485,0.0,0.0,-1.1331079
exp7_random_2,782,1013.0172,1017.3273,0.0,-0.6933501958847046,-3.6166391
exp7_random_2,783,75.67137,182.7309,-100.0,-4.3758134841918945,-2.6837156
exp7_random_2,784,-35.26468,115.99271,-100.0,-50.16567611694336,-1.0916905
exp7_random_2,785,565.52997,721.4561,-100.0,-50.65662384033203,-5.2694473
exp7_random_2,786,-10.978012,142.8422,-100.0,-51.07611846923828,-2.744089
exp7_random_2,787,883.0379,887.71936,0.0,-1.9792413711547852,-2.7022672
exp7_random_2,788,-38.629795,67.28347,-100.0,-4.246423721313477,-1.6668422
exp7_random_2,789,1035.0784,1040.4705,0.0,-1.8785953521728516,-3.5134664
exp7_random_2,790,504.7417,619.81335,-100.0,-9.608266830444336,-5.463465
exp7_random_2,791,1019.0977,1022.175,0.0,-0.0899866372346878,-2.987234
exp7_random_2,792,966.84406,969.82837,0.0,-0.36364826560020447,-2.6205413
exp7_random_2,793,297.96027,448.91586,-100.0,-49.96630859375,-0.9893111
exp7_random_2,794,1158.8948,1163.2291,0.0,-0.41573432087898254,-3.9188175
exp7_random_2,795,-33.009262,117.94581,-100.0,-49.89842987060547,-1.056638
exp7_random_2,796,1224.0348,1230.9907,0.0,-0.4722691476345062,-6.483726
exp7_random_2,797,-56.71469,49.719788,-100.0,-3.858661651611328,-2.575821
exp7_random_2,798,1247.9999,1254.7118,0.0,-1.79226553440094,-4.9200172
exp7_random_2,799,948.75244,952.5912,0.0,-0.1133420467376709,-3.7252994
exp7_random_2,801,1020.5726,1024.1824,0.0,-0.061099231243133545,-3.5485897
exp7_random_2,802,1126.3093,1131.4111,0.0,-0.3399738371372223,-4.7617483
exp7_random_2,803,890.20874,891.7815,0.0,0.0,-1.5728605
exp7_random_2,804,-93.79852,9.636104,-100.0,-2.996864080429077,-0.4377608
exp7_random_2,805,-102.311646,49.74079,-100.0,-51.10667037963867,-0.94575137
exp7_random_2,806,889.89166,892.4697,0.0,0.0,-2.5780582
exp7_random_2,807,902.01965,903.6771,0.0,0.0,-1.6574554
exp7_random_2,808,943.8669,946.4564,0.0,0.0,-2.5895433
exp7_random_2,809,1030.0077,1034.9912,0.0,0.0,-4.9833894
exp7_random_2,810,1073.6172,1076.6002,0.0,-0.06197531521320343,-2.9210038
exp7_random_2,811,1039.9529,1046.8759,0.0,-0.5207295417785645,-6.4024596
exp7_random_2,812,941.8914,945.3491,0.0,-0.07347501814365387,-3.384356
exp7_random_2,813,-114.899475,14.921508,-100.0,-29.16140365600586,-0.65958095
exp7_random_2,814,1057.8851,1063.5421,0.0,-0.19874821603298187,-5.4582057
exp7_random_2,815,547.1041,661.5983,-100.0,-5.394900798797607,-9.099654
exp7_random_2,816,1103.0815,1107.5878,0.0,-1.2109216451644897,-3.295308
exp7_random_2,817,-146.36981,3.9228902,-100.0,-49.87499999999999,-0.4177119
exp7_random_2,818,350.0216,506.99857,-100.0,-53.765541076660156,-3.2114353
exp7_random_2,819,928.5665,932.8275,0.0,-0.3414246439933777,-3.9195576
exp7_random_2,821,957.4176,960.77484,0.0,0.0,-3.3574474
exp7_random_2,822,395.17667,549.4542,-100.0,-52.25907897949219,-2.0183964
exp7_random_2,823,981.3452,983.86145,0.0,-0.008016958832740784,-2.508218
exp7_random_2,824,509.26468,615.5092,-100.0,-2.6119563579559326,-3.632624
exp7_random_2,825,940.06067,943.17957,0.0,-0.757875919342041,-2.3609583
exp7_random_2,826,946.91125,949.0682,0.0,-0.11133880913257599,-2.0454721
exp7_random_2,827,1226.0997,1230.278,0.0,-0.31307128071784973,-3.8650565
exp7_random_2,828,425.1996,577.2762,-100.0,-49.87499999999999,-2.2015688
exp7_random_2,829,937.66974,940.7329,0.0,0.0,-3.063267
exp7_random_2,830,1001.1048,1003.7339,0.0,0.0,-2.6290278
exp7_random_2,831,437.34845,590.828,-100.0,-50.80487060546875,-2.674582
exp7_random_2,832,-79.23833,26.211956,-100.0,-4.963081359863281,-0.48720315
exp7_random_2,833,993.0033,998.44324,0.0,-0.701384425163269,-4.7387204
exp7_random_2,834,482.597,595.225,-100.0,-9.070525169372559,-3.5575304
exp7_random_2,835,1047.2079,1053.4943,0.0,-1.9037652015686035,-4.3825474
exp7_random_2,836,1108.9282,1113.6074,0.0,-0.044310301542282104,-4.6350093
exp7_random_2,837,-108.542145,41.96997,-100.0,-50.22822189331055,-0.2838872
exp7_random_2,838,77.60074,192.77414,-100.0,-6.871303558349609,-8.30205
exp7_random_2,839,893.24335,894.98413,0.0,0.0,-1.7407556
exp7_random_2,841,1081.6091,1084.7324,0.0,0.0,-3.1233625
exp7_random_2,842,1149.5159,1160.4412,0.0,-4.889513969421387,-6.035497
exp7_random_2,843,944.8743,947.7865,0.0,0.0,-2.9122667
exp7_random_2,844,288.03793,439.17828,-100.0,-49.903079986572266,-1.2372782
exp7_random_2,845,968.99713,971.1712,0.0,0.0,-2.1739821
exp7_random_2,846,1010.9147,1015.0668,0.0,0.0,-4.1519213
exp7_random_2,847,854.6727,856.2191,0.0,0.0,-1.5463722
exp7_random_2,848,866.05646,868.45526,0.0,0.0,-2.3987248
exp7_random_2,849,-36.157936,69.472885,-100.0,-3.8547937870025635,-1.7760315
exp7_random_2,850,1085.4318,1089.0703,0.0,0.0,-3.63846
exp7_random_2,851,1035.3519,1038.1102,0.0,0.0,-2.7583659
exp7_random_2,852,1023.74457,1025.616,0.0,0.0,-1.8713537
exp7_random_2,853,1149.1034,1157.6521,0.0,-1.1803042888641357,-7.368428
exp7_random_2,854,914.896,918.5376,0.0,0.0,-3.64138
exp7_random_2,855,-134.33208,16.170298,-100.0,-49.87499999999999,-0.62737423
exp7_random_2,856,967.0602,969.9948,0.0,0.0,-2.93474
exp7_random_2,857,475.13965,627.98584,-100.0,-50.16740036010742,-2.678643
exp7_random_2,858,328.30972,479.9902,-100.0,-49.87499999999999,-1.8054677
exp7_random_2,859,936.18097,940.32495,0.0,0.0,-4.143805
exp7_random_2,861,1277.9402,1287.5924,0.0,-2.1899280548095703,-7.461988
exp7_random_2,862,1112.3129,1117.6733,0.0,-0.19019852578639984,-5.170205
exp7_random_2,863,152.97554,258.82172,-100.0,-2.2771291732788086,-3.5690393
exp7_random_2,864,988.42426,992.6277,0.0,0.0,-4.2033935
exp7_random_2,865,1274.2214,1281.8743,0.0,-0.057026997208595276,-7.5957613
exp7_random_2,866,1021.3662,1027.5288,0.0,0.0,-6.162607
exp7_random_2,867,1062.4075,1066.0376,0.0,0.0,-3.6299105
exp7_random_2,868,-21.084488,86.79242,-100.0,-7.2088518142700195,-0.66805923
exp7_random_2,869,723.1008,861.33923,-100.0,-34.538002014160156,-3.7004962
exp7_random_2,870,68.67025,174.85063,-100.0,-3.6045901775360107,-2.5758069
exp7_random_2,871,1141.1246,1146.3342,0.0,-0.0635366141796112,-5.146222
exp7_random_2,872,1151.1737,1155.879,0.0,0.0,-4.7051487
exp7_random_2,873,1062.3925,1069.4136,0.0,-1.05067777633667,-5.970356
exp7_random_2,874,898.994,901.7193,0.0,-0.22075620293617249,-2.5044823
exp7_random_2,875,417.32227,570.54395,-100.0,-50.758705139160156,-2.46298
exp7_random_2,876,926.93066,928.60345,0.0,0.0,-1.6727005
exp7_random_2,877,910.46576,913.7179,0.0,-0.5064791440963745,-2.7456515
exp7_random_2,878,878.20374,880.3345,0.0,0.0,-2.130767
exp7_random_2,879,1004.3831,1017.1236,0.0,-5.186707019805908,-7.553685
exp7_random_2,881,14.066467,121.33381,-100.0,-5.67119836807251,-1.5961387
exp7_random_2,882,1017.07855,1021.47845,0.0,-1.9488444328308105,-2.4509995
exp7_random_2,883,56.670563,159.64067,-100.0,-2.1728150844573975,-0.7972789
exp7_random_2,884,-22.26226,128.85574,-100.0,-49.87499999999999,-1.2430131
exp7_random_2,885,991.4667,1000.1928,0.0,-4.200864791870117,-4.525197
exp7_random_2,886,-27.09417,77.77803,-100.0,-3.803550958633423,-1.0686466
exp7_random_2,887,-99.6038,3.6575751,-100.0,-2.580489158630371,-0.6808826
exp7_random_2,888,443.0432,551.6854,-100.0,-7.173557281494141,-1.4686006
exp7_random_2,889,41.443703,145.83646,-100.0,-3.181580066680908,-1.2111775
exp7_random_2,890,924.1525,926.88135,0.0,-0.2971998155117035,-2.4316378
exp7_random_2,891,999.31396,1005.24756,0.0,0.0,-5.9335527
exp7_random_2,892,53.252792,156.96207,-100.0,-2.055007219314575,-1.654247
exp7_random_2,893,443.02362,552.18634,-100.0,-7.383366584777832,-1.7792826
exp7_random_2,894,1046.422,1052.2158,0.0,-2.3579177856445312,-3.4360123
exp7_random_2,895,-43.65732,107.989746,-100.0,-49.983699798583984,-1.6633503
exp7_random_2,896,313.99475,465.71365,-100.0,-50.71515655517578,-1.0037416
exp7_random_2,897,391.59137,546.1789,-100.0,-51.6697883605957,-2.917629
exp7_random_2,898,1075.9589,1082.4214,0.0,-1.7392876148223877,-4.7233624
exp7_random_2,899,1022.86707,1029.7178,0.0,-2.495004892349243,-4.3556447
exp7_random_2,901,898.6123,901.8783,0.0,0.0,-3.266055
exp7_random_2,902,1026.8922,1031.3136,0.0,0.0,-4.4215355
exp7_random_2,903,1184.6406,1191.9794,0.0,0.0,-7.3387523
exp7_random_2,904,-130.24582,20.930038,-100.0,-50.540775299072266,-0.63508856
exp7_random_2,905,1035.2137,1039.5664,0.0,-0.0938163697719574,-4.258855
exp7_random_2,906,984.78687,987.8357,0.0,-0.0538792759180069,-2.9949515
exp7_random_2,907,960.6155,964.97076,0.0,-0.7537844777107239,-3.6016383
exp7_random_2,908,1039.1644,1041.6176,0.0,0.0,-2.4529574
exp7_random_2,909,99.843796,252.85187,-100.0,-50.47502517700195,-2.5330338
exp7_random_2,910,1197.9583,1204.2197,0.0,-1.0403740406036377,-5.221006
exp7_random_2,911,1004.8872,1007.9856,0.0,0.0,-3.0985076
exp7_random_2,912,-60.653755,43.778572,-100.0,-2.8730356693267822,-1.5592952
exp7_random_2,913,491.11157,631.3806,-100.0,-36.739288330078125,-3.5297365
exp7_random_2,914,1143.2438,1148.6577,0.0,-1.0859357118606567,-4.328021
exp7_random_2,915,487.95926,600.20624,-100.0,-7.615368843078613,-4.631674
exp7_random_2,916,974.3329,977.95184,0.0,-0.08921268582344055,-3.5296376
exp7_random_2,917,1039.7112,1044.7775,0.0,-0.13538795709609985,-4.9311
exp7_random_2,918,1066.8242,1070.6521,0.0,-0.3006165623664856,-3.527062
exp7_random_2,919,972.0867,976.0526,0.0,-0.039838582277297974,-3.92605
exp7_random_2,921,1029.315,1034.1912,0.0,-0.9529668688774109,-3.9231806
exp7_random_2,922,1320.8464,1328.4956,0.0,0.0,-7.6492486
exp7_random_2,923,504.04224,660.39026,-100.0,-52.113067626953125,-4.235045
exp7_random_2,924,971.8911,976.0453,0.0,-0.45096099376678467,-3.7032235
exp7_random_2,925,1018.21704,1023.63696,0.0,-0.1791936457157135,-5.2407255
exp7_random_2,926,1080.5972,1085.162,0.0,0.0,-4.564936
exp7_random_2,927,-38.47017,69.88547,-100.0,-7.739443778991699,-0.61620015
exp7_random_2,928,422.7433,580.54175,-100.0,-52.81877517700195,-4.9796896
exp7_random_2,929,397.6953,557.9243,-100.0,-53.190494537353516,-7.0384865
exp7_random_2,930,322.01422,482.61575,-100.0,-52.67005920410156,-7.931489
exp7_random_2,931,-125.03438,25.750992,-100.0,-50.18818664550781,-0.59716886
exp7_random_2,932,-79.0712,24.540535,-100.0,-2.740133047103882,-0.8716072
exp7_random_2,933,73.23804,180.95258,-100.0,-5.996776580810547,-1.7177526
exp7_random_2,934,1039.2314,1047.463,0.0,-0.4776161015033722,-7.7541714
exp7_random_2,935,962.13007,968.2353,0.0,-2.034090757369995,-4.071097
exp7_random_2,936,38.167183,142.79364,-100.0,-3.2433743476867676,-1.3830827
exp7_random_2,937,445.16873,598.2739,-100.0,-50.963619232177734,-2.1415994
exp7_random_2,938,392.63242,547.81506,-100.0,-50.71431350708008,-4.4682107
exp7_random_2,939,1095.1626,1099.458,0.0,-0.4558970630168915,-3.8392663
exp7_random_2,941,864.9926,866.29346,0.0,0.0,-1.3008163
exp7_random_2,942,1175.1345,1179.3889,0.0,-0.08943378925323486,-4.164994
exp7_random_2,943,1108.223,1117.8337,0.0,-4.247222900390625,-5.3635316
exp7_random_2,944,1141.5553,1146.8939,0.0,-0.008390232920646667,-5.3300676
exp7_random_2,945,1051.0116,1055.5237,0.0,-1.1577223539352417,-3.3545287
exp7_random_2,946,1063.3059,1068.6744,0.0,0.0,-5.3683734
exp7_random_2,947,391.89902,508.60123,-100.0,-11.504777908325195,-5.197461
exp7_random_2,948,-11.319275,98.54076,-100.0,-5.703362941741943,-4.156667
exp7_random_2,949,955.9341,972.3137,0.0,-0.04812923073768616,-16.331392
exp7_random_2,950,1062.0547,1065.2256,0.0,-0.17467617988586426,-2.9963176
exp7_random_2,951,930.9144,934.84216,0.0,0.0,-3.9278111
exp7_random_2,952,628.74304,785.69885,-100.0,-50.65363693237305,-6.302195
exp7_random_2,953,1269.3347,1274.1576,0.0,0.0,-4.8228817
exp7_random_2,954,135.91603,244.80823,-100.0,-4.679632186889648,-4.2125254
exp7_random_2,955,1082.2274,1087.9155,0.0,-0.33964481949806213,-5.3485575
exp7_random_2,956,1132.9075,1137.8562,0.0,-0.051052480936050415,-4.897901
exp7_random_2,957,1137.2546,1141.1431,0.0,0.0,-3.888185
exp7_random_2,958,1052.744,1056.9072,0.0,-0.6844478845596313,-3.4787135
exp7_random_2,959,942.8634,944.7572,0.0,0.0,-1.8936695
exp7_random_2,961,745.1638,859.64264,-100.0,-9.448792457580566,-5.0300336
exp7_random_2,962,1107.5554,1112.4243,0.0,-0.000943794846534729,-4.867971
exp7_random_2,963,1115.394,1120.4318,0.0,-0.07672737538814545,-4.9607987
exp7_random_2,964,906.4817,909.8193,0.0,0.0,-3.3376355
exp7_random_2,965,1240.809,1247.1658,0.0,-0.0329052209854126,-6.323824
exp7_random_2,966,902.91077,904.54443,0.0,0.0,-1.6337433
exp7_random_2,967,998.76636,1011.2225,0.0,-2.9494030475616455,-9.506737
exp7_random_2,968,-22.545166,128.51779,-100.0,-49.87499999999999,-1.1879547
exp7_random_2,969,393.16394,498.6356,-100.0,-3.305812358856201,-2.165866
exp7_random_2,970,1111.2224,1118.2966,0.0,-0.0873156487941742,-6.98669
exp7_random_2,971,1030.1783,1032.992,0.0,0.0,-2.8137677
exp7_random_2,972,985.7683,995.29236,0.0,-0.271714448928833,-9.25251
exp7_random_2,973,959.45984,965.01074,0.0,-1.5988361835479736,-3.9521146
exp7_random_2,974,313.28513,465.18793,-100.0,-49.90998458862305,-1.9927834
exp7_random_2,975,893.7359,895.5333,0.0,0.0,-1.7974558
exp7_random_2,976,1108.6493,1114.654,0.0,-0.01926720142364502,-5.985389
exp7_random_2,977,415.77948,532.3237,-100.0,-13.451318740844727,-3.0929658
exp7_random_2,978,885.2484,891.6874,0.0,-0.3813647925853729,-6.0576563
exp7_random_2,979,1001.9872,1006.587,0.0,-0.4255199730396271,-4.1741276
exp7_random_2,981,1135.1775,1143.0992,0.0,-0.13894188404083252,-7.782517
exp7_random_2,982,1314.2305,1323.1355,0.0,-1.4784421920776367,-7.4266157
exp7_random_2,983,1174.7007,1181.7129,0.0,-0.6032415628433228,-6.4088697
exp7_random_2,984,1199.8269,1204.3705,0.0,0.0,-4.543601
exp7_random_2,985,341.9648,446.4975,-100.0,-2.8525683879852295,-1.6800486
exp7_random_2,986,-57.32712,56.560745,-100.0,-13.485597610473633,-0.40227094
exp7_random_2,987,-43.495735,108.012276,-100.0,-50.04198455810547,-1.4660459
exp7_random_2,988,1008.95984,1017.92993,0.0,-4.768701553344727,-4.201224
exp7_random_2,989,-78.99713,50.859314,-100.0,-28.601322174072266,-1.2551265
exp7_random_2,990,862.56885,864.76587,0.0,0.0,-2.1971202
exp7_random_2,991,22.537437,145.23659,-100.0,-16.80706787109375,-5.892105
exp7_random_2,992,1169.7632,1186.449,0.0,-3.512183666229248,-13.17389
exp7_random_2,993,112.73101,218.02629,-100.0,-3.4269704818725586,-1.8682564
exp7_random_2,994,-18.619606,131.64175,-100.0,-49.30180358886719,-0.9595434
exp7_random_2,995,1016.66266,1025.8276,0.0,-0.1581951230764389,-9.006684
exp7_random_2,996,1082.1273,1087.5137,0.0,-0.17770624160766602,-5.208504
exp7_random_2,997,1175.3528,1186.2776,0.0,-0.3113582134246826,-10.613458
exp7_random_2,998,975.70166,980.4064,0.0,0.0,-4.7045426
exp7_random_2,999,1371.4905,1381.7664,0.0,-0.7970057725906372,-9.479027
exp7_random_2,1001,1319.1549,1326.5077,0.0,-0.5216093063354492,-6.831459
exp7_random_2,1002,900.5276,903.3514,0.0,0.0,-2.8237991
exp7_random_2,1003,621.3823,781.4332,-100.0,-53.67749786376953,-6.3732576
exp7_random_2,1004,1404.9354,1416.1256,0.0,-3.020592451095581,-8.1696
exp7_random_2,1005,932.03516,934.3357,0.0,0.0,-2.3004391
exp7_random_2,1006,1037.4614,1041.2137,0.0,0.0,-3.7523074
exp7_random_2,1007,1397.5522,1406.6622,0.0,-2.448058843612671,-6.661665
exp7_random_2,1008,1022.8083,1025.1685,0.0,0.0,-2.360392
exp7_random_2,1009,1024.9507,1031.7356,0.0,-1.0849788188934326,-5.700031
exp7_random_2,1010,1006.8308,1011.19116,0.0,0.0,-4.360462
exp7_random_2,1011,-125.93228,24.462076,-100.0,-49.87499999999999,-0.51935995
exp7_random_2,1012,902.29816,904.62445,0.0,0.0,-2.326285
exp7_random_2,1013,948.7145,954.6692,0.0,-1.3242847919464111,-4.630507
exp7_random_2,1014,1134.1624,1140.7488,0.0,-1.394161581993103,-5.1923485
exp7_random_2,1015,457.32126,572.4028,-100.0,-12.189237594604492,-2.8922086
exp7_random_2,1016,-13.820465,89.2735,-100.0,-2.484398603439331,-0.6095693
exp7_random_2,1017,554.63544,660.60046,-100.0,-3.106971263885498,-2.8580663
exp7_random_2,1018,-77.72945,27.603088,-100.0,-4.687673568725586,-0.6448629
exp7_random_2,1019,1015.27277,1025.8998,0.0,-2.004739284515381,-8.622076
exp7_random_2,1021,974.0117,990.642,0.0,-3.1975388526916504,-13.432624
exp7_random_2,1022,971.51984,975.0541,0.0,-0.27961164712905884,-3.2546246
exp7_random_2,1023,-23.860008,127.887405,-100.0,-50.6204833984375,-1.1269401
exp7_random_2,1024,30.441513,137.95056,-100.0,-5.976809978485107,-1.5322118
exp7_random_2,1025,1125.1204,1133.8447,0.0,-0.24311663210391998,-8.481018
exp7_random_2,1026,1157.27,1165.0679,0.0,-2.1333680152893066,-5.664753
exp7_random_2,1027,454.09595,608.16986,-100.0,-50.430030822753906,-3.6438868
exp7_random_2,1028,-10.162338,140.93196,-100.0,-49.99428176879883,-1.1000203
exp7_random_2,1029,1231.6721,1242.6785,0.0,-1.9973182678222656,-9.008756
exp7_random_2,1030,1027.5531,1030.4641,0.0,0.0,-2.91087
exp7_random_2,1031,-98.10756,7.39199,-100.0,-4.733779430389404,-0.7657655
exp7_random_2,1032,950.3405,953.71014,0.0,0.0,-3.3696017
exp7_random_2,1033,1178.7539,1187.365,0.0,-1.8270608186721802,-6.784024
exp7_random_2,1034,1032.5516,1040.2495,0.0,-0.8602787852287292,-6.837733
exp7_random_2,1035,500.177,611.47876,-100.0,-8.944182395935059,-2.3575194
exp7_random_2,1036,1011.9621,1014.68634,0.0,0.0,-2.7242014
exp7_random_2,1037,1002.8827,1007.56995,0.0,0.0,-4.6871433
exp7_random_2,1038,988.7621,999.4082,0.0,-4.105525016784668,-6.5405974
exp7_random_2,1039,1118.5566,1123.4923,0.0,-0.5617523789405823,-4.3736806
exp7_random_2,1041,1132.2592,1140.2755,0.0,-1.9205769300460815,-6.0956287
exp7_random_2,1042,1161.3162,1171.5281,0.0,-2.8344759941101074,-7.377263
exp7_random_2,1043,479.09833,634.4055,-100.0,-52.23942947387695,-3.0677123
exp7_random_2,1044,1038.0612,1041.9331,0.0,-0.19104893505573273,-3.681011
exp7_random_2,1045,451.8432,565.8936,-100.0,-4.859655857086182,-9.190676
exp7_random_2,1046,906.0164,907.9136,0.0,0.0,-1.8972375
exp7_random_2,1047,526.0368,650.1567,-100.0,-22.20244598388672,-1.9174929
exp7_random_2,1048,1062.7092,1065.7927,0.0,0.0,-3.083535
exp7_random_2,1049,1114.0326,1119.5671,0.0,-0.3575482666492462,-5.177019
exp7_random_2,1050,964.57404,968.367,0.0,0.0,-3.7929702
exp7_random_2,1051,545.2615,653.8339,-100.0,-4.543139457702637,-4.0294247
exp7_random_2,1052,1116.3348,1120.7036,0.0,0.0,-4.3687444
exp7_random_2,1053,1287.7,1292.6853,0.0,-0.9063844084739685,-4.078884
exp7_random_2,1054,1414.4037,1421.0267,0.0,-0.9843325614929199,-5.638696
exp7_random_2,1055,476.83145,629.7295,-100.0,-50.034202575683594,-2.863796
exp7_random_2,1056,933.6776,936.5117,0.0,-0.2670481204986572,-2.567128
exp7_random_2,1057,925.8642,929.9093,0.0,-1.0856209993362427,-2.9593518
exp7_random_2,1058,936.2113,937.18066,0.0,0.0,-0.9694874
exp7_random_2,1059,405.80063,523.5058,-100.0,-15.117060661315918,-2.5881875
exp7_random_2,1061,1008.2218,1012.7598,0.0,-0.05334308743476868,-4.4849896
exp7_random_2,1062,920.41675,924.8611,0.0,0.0,-4.444268
exp7_random_2,1063,906.79346,909.5504,0.0,-0.9152695536613464,-1.8417066
exp7_random_2,1064,786.99713,945.7087,-100.0,-53.11669158935547,-5.594822
exp7_random_2,1065,1048.0653,1050.738,0.0,0.0,-2.6728835
exp7_random_2,1066,1159.3813,1161.341,0.0,0.0,-1.9594853
exp7_random_2,1067,1175.6349,1180.8782,0.0,-0.9378583431243896,-4.3054705
exp7_random_2,1068,876.505,877.443,0.0,0.0,-0.93801403
exp7_random_2,1069,1100.8528,1107.6409,0.0,-0.3190675973892212,-6.4690294
exp7_random_2,1070,-142.17598,8.18408,-100.0,-49.91959762573242,-0.44046158
exp7_random_2,1071,345.2564,496.40765,-100.0,-49.87499999999999,-1.2762684
exp7_random_2,1072,954.48926,959.6114,0.0,-0.6261494159698486,-4.4961524
exp7_random_2,1073,340.03418,446.36267,-100.0,-4.360487937927246,-1.9679956
exp7_random_2,1074,947.7169,949.4497,0.0,0.0,-1.7327788
exp7_random_2,1075,413.58496,520.9876,-100.0,-5.1884260177612305,-2.2142353
exp7_random_2,1076,507.16736,662.7671,-100.0,-52.003116607666016,-3.5964837
exp7_random_2,1077,1036.48,1040.0044,0.0,-0.8906621932983398,-2.6335442
exp7_random_2,1078,1104.0388,1111.7915,0.0,0.0,-7.7525606
exp7_random_2,1079,975.4233,979.068,0.0,0.0,-3.6447897
exp7_random_2,1081,1096.5835,1101.0961,0.0,-0.9622269868850708,-3.5503082
exp7_random_2,1082,1114.652,1122.4677,0.0,-2.862441301345825,-4.9531207
exp7_random_2,1083,1078.6505,1084.8518,0.0,-0.05210043489933014,-6.149163
exp7_random_2,1084,1160.6238,1169.3397,0.0,-2.0083980560302734,-6.7074194
exp7_random_2,1085,1070.614,1073.2,0.0,0.0,-2.5859184
exp7_random_2,1086,1161.7603,1172.5032,0.0,-3.319571018218994,-7.4236116
exp7_random_2,1087,1061.5823,1065.055,0.0,-0.013274073600769043,-3.4596121
exp7_random_2,1088,1136.6172,1140.1284,0.0,-0.07410928606987,-3.4370718
exp7_random_2,1089,922.96454,926.38684,0.0,-0.011194303631782532,-3.411087
exp7_random_2,1090,1026.9409,1034.1624,0.0,-3.3454809188842773,-3.8761315
exp7_random_2,1091,1013.9227,1018.9947,0.0,-0.3154198229312897,-4.7564807
exp7_random_2,1092,1037.6079,1042.3496,0.0,-0.260356068611145,-4.4811435
exp7_random_2,1093,-67.47627,84.95556,-100.0,-51.18424606323242,-1.2475674
exp7_random_2,1094,-48.785503,62.578777,-100.0,-8.877089500427246,-2.4871907
exp7_random_2,1095,984.5393,990.9775,0.0,-0.510826051235199,-5.927423
exp7_random_2,1096,1033.4948,1036.0363,0.0,0.0,-2.5414562
exp7_random_2,1097,876.9276,878.4126,0.0,0.0,-1.4850175
exp7_random_2,1098,1064.5363,1067.9666,0.0,0.0,-3.430387
exp7_random_2,1099,1018.8567,1023.15533,0.0,0.0,-4.2986383
exp7_random_2,1101,527.84204,641.4106,-100.0,-9.802560806274414,-3.7659328
exp7_random_2,1102,945.7117,950.216,0.0,-0.23365572094917297,-4.2705936
exp7_random_2,1103,944.4346,954.2919,0.0,-3.758699417114258,-6.098573
exp7_random_2,1104,1165.4092,1169.3165,0.0,0.0,-3.907246
exp7_random_2,1105,1015.9332,1024.1604,0.0,-2.3458454608917236,-5.8812075
exp7_random_2,1106,965.4847,967.0255,0.0,0.0,-1.5408006
exp7_random_2,1107,926.22705,928.2704,0.0,0.0,-2.0434337
exp7_random_2,1108,1019.87646,1028.9159,0.0,-2.603801965713501,-6.4356117
exp7_random_2,1109,438.18842,544.953,-100.0,-3.36712384223938,-3.3975978
exp7_random_2,1110,979.481,987.3893,0.0,-1.5639078617095947,-6.3443484
exp7_random_2,1111,1038.9401,1044.5002,0.0,-1.0626014471054077,-4.4977093
exp7_random_2,1112,1031.8613,1036.3792,0.0,-0.8095030784606934,-3.7082083
exp7_random_2,1113,853.25244,853.5262,0.0,0.0,-0.2736901
exp7_random_2,1114,-96.74045,10.744892,-100.0,-6.835587978363037,-0.64974946
exp7_random_2,1115,858.13257,858.9004,0.0,0.0,-0.76781744
exp7_random_2,1116,1101.2255,1107.4844,0.0,-2.3216285705566406,-3.937562
exp7_random_2,1117,1013.0115,1018.7045,0.0,-0.39296796917915344,-5.300016
exp7_random_2,1118,1003.43555,1011.4701,0.0,-3.198580265045166,-4.8360505
exp7_random_2,1119,1067.8583,1073.595,0.0,-0.9673864841461182,-4.7691855
exp7_random_2,1121,1105.7412,1109.602,0.0,-0.4873718321323395,-3.3733854
exp7_random_2,1122,961.723,964.4562,0.0,-0.05919097363948822,-2.6738925
exp7_random_2,1123,1077.1328,1082.6045,0.0,-0.15102078020572662,-5.3205876
exp7_random_2,1124,983.89417,986.68506,0.0,-0.382233202457428,-2.408745
exp7_random_2,1125,1240.5853,1249.1929,0.0,-2.998342275619507,-5.6091437
exp7_random_2,1126,1223.6604,1229.5254,0.0,-0.6289825439453125,-5.236057
exp7_random_2,1127,428.89777,582.024,-100.0,-49.88269805908203,-3.2435603
exp7_random_2,1128,-112.8307,38.40779,-100.0,-50.28199768066406,-0.956488
exp7_random_2,1129,456.9557,562.7512,-100.0,-3.122788429260254,-2.6727314
exp7_random_2,1130,-113.93608,14.693042,-100.0,-28.22603988647461,-0.40308845
exp7_random_2,1131,1029.3096,1033.1871,0.0,-1.6651437282562256,-2.2124155
exp7_random_2,1132,1126.5966,1133.7148,0.0,0.0,-7.118202
exp7_random_2,1133,1027.9637,1031.2386,0.0,-0.010579526424407959,-3.264467
exp7_random_2,1134,525.06934,634.65686,-100.0,-4.653036117553711,-4.9345884
exp7_random_2,1135,-21.373352,82.28599,-100.0,-2.262246608734131,-1.3970906
exp7_random_2,1136,1021.70026,1023.94446,0.0,0.0,-2.2443671
exp7_random_2,1137,926.7091,932.03625,0.0,-0.9247905015945435,-4.402331
exp7_random_2,1138,1027.8516,1032.1958,0.0,-0.14306621253490448,-4.2011347
exp7_random_2,1139,949.09467,952.60693,0.0,0.0,-3.5123389
exp7_random_2,1141,1262.9042,1269.0105,0.0,-0.6393815875053406,-5.4670434
exp7_random_2,1142,1075.3899,1079.7056,0.0,-0.8767157793045044,-3.4389415
exp7_random_2,1143,1056.8861,1063.1654,0.0,-1.3030645847320557,-4.9761915
exp7_random_2,1144,976.359,981.8415,0.0,-0.4596695005893707,-5.0227118
exp7_random_2,1145,514.6205,627.4987,-100.0,-7.018031120300293,-5.860166
exp7_random_2,1146,-61.37877,90.97475,-100.0,-51.11947250366211,-1.234047
exp7_random_2,1147,877.87695,881.8485,0.0,-0.1724221259355545,-3.799203
exp7_random_2,1148,1094.9982,1098.9973,0.0,-0.8710748553276062,-3.1282027
exp7_random_2,1149,991.4874,998.9543,0.0,-1.0924948453903198,-6.374342
exp7_random_2,1150,376.79477,486.49655,-100.0,-4.3928422927856445,-5.3089457
exp7_random_2,1151,1008.47107,1017.94666,0.0,-4.513637065887451,-4.9619904
exp7_random_2,1152,920.9347,924.06366,0.0,-0.03073704242706299,-3.098334
exp7_random_2,1153,82.71725,197.91638,-100.0,-13.415470123291016,-1.7836941
exp7_random_2,1154,1016.3275,1022.9949,0.0,-1.8106473684310913,-4.85664
exp7_random_2,1155,982.38855,986.6339,0.0,0.0,-4.2455645
exp7_random_2,1156,1160.3624,1166.6598,0.0,-0.1339655965566635,-6.163493
exp7_random_2,1157,1107.8838,1115.9525,0.0,-1.5207788944244385,-6.5478134
exp7_random_2,1158,1029.0514,1033.7203,0.0,-0.22224462032318115,-4.446627
exp7_random_2,1159,-108.27801,1.5507536,-100.0,-9.655266761779785,-0.17349195
exp7_random_2,1161,1355.1793,1362.6844,0.0,-1.6621381044387817,-5.842924
exp7_random_2,1162,-78.72601,46.120895,-100.0,-23.809955596923828,-1.0369546
exp7_random_2,1163,927.92676,930.87213,0.0,-0.031234368681907654,-2.91413
exp7_random_2,1164,1101.3787,1104.6821,0.0,-0.14025449752807617,-3.1632628
exp7_random_2,1165,936.1397,938.1512,0.0,0.0,-2.011429
exp7_random_2,1166,1075.5438,1080.8474,0.0,-0.040600016713142395,-5.2630286
exp7_random_2,1167,-73.713844,78.96063,-100.0,-50.81684494018555,-1.8576434
exp7_random_2,1168,1219.719,1224.2502,0.0,-0.08010007441043854,-4.451135
exp7_random_2,1169,-1.1888657,105.61596,-100.0,-5.260674476623535,-1.5441455
exp7_random_2,1170,359.31516,479.46912,-100.0,-17.697439193725586,-2.4565816
exp7_random_2,1171,324.30252,429.84174,-100.0,-3.1520028114318848,-2.3871808
exp7_random_2,1172,1175.1611,1178.8325,0.0,-0.48213890194892883,-3.188939
exp7_random_2,1173,1063.6001,1069.4612,0.0,-1.2928879261016846,-4.5683155
exp7_random_2,1174,989.5199,991.9088,0.0,0.0,-2.388853
exp7_random_2,1175,882.16394,882.66614,0.0,0.0,-0.5022128
exp7_random_2,1176,851.6958,853.969,0.0,0.0,-2.273245
exp7_random_2,1177,-55.670013,80.328804,-100.0,-34.82746124267578,-1.171362
exp7_random_2,1178,-80.44031,25.300339,-100.0,-5.6155195236206055,-0.1251303
exp7_random_2,1179,110.884186,218.36443,-100.0,-4.474310874938965,-3.0059102
exp7_random_2,1181,917.25165,921.15515,0.0,-0.03025832772254944,-3.8733792
exp7_random_2,1182,369.70712,523.7987,-100.0,-49.949066162109375,-4.1424723
exp7_random_2,1183,1006.5815,1010.8069,0.0,-1.1185340881347656,-3.1069257
exp7_random_2,1184,871.3751,872.9468,0.0,0.0,-1.5716491
exp7_random_2,1185,654.2299,809.63684,-100.0,-50.66295623779297,-4.7440834
exp7_random_2,1186,-50.87652,100.94493,-100.0,-51.1404914855957,-0.68094647
exp7_random_2,1187,964.14734,966.5167,0.0,-1.3690365552902222,-1.0003794
exp7_random_2,1188,1274.0684,1279.9955,0.0,-1.0782042741775513,-4.848868
exp7_random_2,1189,-39.456947,67.9278,-100.0,-6.064335823059082,-1.3204072
exp7_random_2,1190,-80.926216,21.788986,-100.0,-2.6494128704071045,-0.065788366
exp7_random_2,1191,-124.64287,25.889832,-100.0,-49.87499999999999,-0.6576987
exp7_random_2,1192,444.5186,553.57477,-100.0,-5.58519983291626,-3.4710255
exp7_random_2,1193,-121.04675,29.74359,-100.0,-50.23678207397461,-0.55355704
exp7_random_2,1194,-54.11702,49.39873,-100.0,-2.5878496170043945,-0.92789876
exp7_random_2,1195,1026.4543,1030.6575,0.0,-1.3694984912872314,-2.8333652
exp7_random_2,1196,1089.7593,1093.7776,0.0,-0.9784518480300903,-3.0399153
exp7_random_2,1197,997.0635,1000.8157,0.0,-0.11060445010662079,-3.641673
exp7_random_2,1198,2.2985687,154.31984,-100.0,-51.082763671875,-0.9384853
exp7_random_2,1199,1092.9843,1101.5605,0.0,-2.6429665088653564,-5.9332204
exp7_random_2,1201,320.26846,434.0988,-100.0,-12.326301574707031,-1.5040413
exp7_random_2,1202,-55.799084,53.084427,-100.0,-7.737802028656006,-1.1457063
exp7_random_2,1203,1295.4023,1312.4548,0.0,-1.7562940120697021,-15.29623
exp7_random_2,1204,933.8471,937.8075,0.0,0.0,-3.9604528
exp7_random_2,1205,-101.02671,49.638485,-100.0,-49.87499999999999,-0.7901943
exp7_random_2,1206,384.0124,494.6858,-100.0,-8.403104782104492,-2.2702575
exp7_random_2,1207,958.5775,961.52844,0.0,-0.3305041193962097,-2.6204996
exp7_random_2,1208,-33.885582,74.93492,-100.0,-5.04409646987915,-3.776424
exp7_random_2,1209,960.3208,963.8412,0.0,-0.17492911219596863,-3.3455427
exp7_random_2,1210,907.1514,911.46356,0.0,-0.09303142130374908,-4.219147
exp7_random_2,1211,-138.20654,12.606277,-100.0,-50.17669677734375,-0.6361154
exp7_random_2,1212,1091.9646,1099.2966,0.0,-3.004887104034424,-4.3271546
exp7_random_2,1213,428.03308,582.99994,-100.0,-50.775047302246094,-4.1918416
exp7_random_2,1214,1050.831,1053.9248,0.0,0.0,-3.0936146
exp7_random_2,1215,986.55426,991.22943,0.0,0.0,-4.6751456
exp7_random_2,1216,1081.8654,1087.0557,0.0,-0.3403662443161011,-4.849959
exp7_random_2,1217,-115.8104,35.752827,-100.0,-50.81061935424805,-0.75261825
exp7_random_2,1218,558.61755,679.5619,-100.0,-17.23708152770996,-3.7072382
exp7_random_2,1219,1147.327,1152.1165,0.0,-0.9324661493301392,-3.8570154
exp7_random_2,1221,1038.8704,1044.6075,0.0,-0.12785035371780396,-5.609367
exp7_random_2,1222,859.41064,864.83264,0.0,-0.9515261054039001,-4.470354
exp7_random_2,1223,2.0489197,111.32153,-100.0,-6.768646717071533,-2.5039635
exp7_random_2,1224,1027.1406,1029.2699,0.0,-0.818103015422821,-1.3113081
exp7_random_2,1225,1066.9183,1072.1284,0.0,-0.2611375153064728,-4.949154
exp7_random_2,1226,1080.743,1085.0956,0.0,-0.8459673523902893,-3.5064538
exp7_random_2,1227,946.0211,949.63654,0.0,0.0,-3.6154568
exp7_random_2,1228,487.54538,643.1135,-100.0,-52.139808654785156,-3.4285383
exp7_random_2,1229,1096.9321,1103.3002,0.0,-1.7403361797332764,-4.6276965
exp7_random_2,1230,1132.2828,1149.73,0.0,-3.1680431365966797,-14.279716
exp7_random_2,1231,578.6479,694.29456,-100.0,-11.766032218933105,-3.8805716
exp7_random_2,1232,938.6108,941.37067,0.0,-0.005959033966064453,-2.7538764
exp7_random_2,1233,887.4044,890.51733,0.0,-0.09517219662666321,-3.017745
exp7_random_2,1234,21.872032,142.17482,-100.0,-17.525049209594727,-2.7777457
exp7_random_2,1235,1042.3818,1046.0997,0.0,-0.13091892004013062,-3.5871348
exp7_random_2,1236,1138.3177,1143.1001,0.0,-0.6351979970932007,-4.147196
exp7_random_2,1237,1044.0919,1046.907,0.0,-0.07341885566711426,-2.741773
exp7_random_2,1238,1040.2926,1044.6737,0.0,0.0,-4.3809495
exp7_random_2,1239,1116.0966,1128.188,0.0,-3.133565664291382,-8.957694
exp7_random_2,1241,1034.5377,1043.5046,0.0,-2.1432178020477295,-6.823618
exp7_random_2,1242,504.78143,614.4294,-100.0,-5.026119232177734,-4.6219172
exp7_random_2,1243,-82.73859,21.414124,-100.0,-2.3956997394561768,-1.757023
exp7_random_2,1244,999.77686,1003.32104,0.0,0.0,-3.5443404
exp7_random_2,1245,963.6891,970.85364,0.0,-1.3830955028533936,-5.7815986
exp7_random_2,1246,962.25507,964.70264,0.0,-0.027547314763069153,-2.4198725
exp7_random_2,1247,-5.9490433,97.47824,-100.0,-3.096151828765869,-0.33113894
exp7_random_2,1248,968.77295,978.4745,0.0,-4.400785446166992,-5.3009224
exp7_random_2,1249,472.2174,577.43945,-100.0,-2.7115280628204346,-2.5105736
exp7_random_2,1250,892.9094,897.01355,0.0,-0.22821611166000366,-3.876002
exp7_random_2,1251,1393.9468,1403.0029,0.0,-1.0302720069885254,-8.0258
exp7_random_2,1252,970.0873,972.28186,0.0,-0.10670073330402374,-2.087867
exp7_random_2,1253,-97.25376,11.092438,-100.0,-7.594470500946045,-0.75172675
exp7_random_2,1254,1137.2301,1143.6332,0.0,-0.36153870820999146,-6.041725
exp7_random_2,1255,358.50177,511.6984,-100.0,-50.640567779541016,-2.5559971
exp7_random_2,1256,382.6161,502.59012,-100.0,-18.7780818939209,-1.1959329
exp7_random_2,1257,967.4886,974.94354,0.0,-3.9855597019195557,-3.4692807
exp7_random_2,1258,896.897,899.23376,0.0,0.0,-2.336766
exp7_random_2,1259,514.6382,670.70276,-100.0,-51.5428352355957,-4.5216103
exp7_random_2,1261,244.45657,355.19867,-100.0,-3.050414562225342,-7.6917634
exp7_random_2,1262,990.4248,994.3131,0.0,-0.14143934845924377,-3.7468467
exp7_random_2,1263,898.0641,900.8424,0.0,0.0,-2.7783294
exp7_random_2,1264,1021.0868,1024.5912,0.0,-0.14999517798423767,-3.3543665
exp7_random_2,1265,-79.38277,23.537674,-100.0,-2.212195634841919,-0.7082445
exp7_random_2,1266,1002.03625,1005.4619,0.0,0.0,-3.4257412
exp7_random_2,1267,1244.527,1250.5072,0.0,-0.7796598076820374,-5.2005863
exp7_random_2,1268,981.4689,985.0352,0.0,-0.0443950891494751,-3.5219123
exp7_random_2,1269,458.98987,567.588,-100.0,-5.755306243896484,-2.8427155
exp7_random_2,1270,1076.7476,1082.8074,0.0,-1.351305603981018,-4.708159
exp7_random_2,1271,967.27075,970.7878,0.0,0.0,-3.5170152
exp7_random_2,1272,1111.8103,1118.7229,0.0,0.0,-6.9124947
exp7_random_2,1273,1114.8582,1120.6945,0.0,-1.2975144386291504,-4.5388594
exp7_random_2,1274,1056.6143,1061.0377,0.0,0.0,-4.4234095
exp7_random_2,1275,-123.19454,27.760498,-100.0,-50.19086456298828,-0.76417595
exp7_random_2,1276,555.7206,665.1085,-100.0,-5.5459394454956055,-3.842042
exp7_random_2,1277,604.6784,714.00104,-100.0,-4.650234699249268,-4.6724634
exp7_random_2,1278,-95.70664,9.366417,-100.0,-4.476303577423096,-0.59675777
exp7_random_2,1279,1070.5912,1080.7286,0.0,-1.26863431930542,-8.868896
exp7_random_2,1281,1014.00775,1022.3713,0.0,-1.735160231590271,-6.628531
exp7_random_2,1282,922.9648,925.27893,0.0,0.0,-2.3140948
exp7_random_2,1283,1055.04,1068.3396,0.0,-5.274135112762451,-8.025383
exp7_random_2,1284,-94.96095,55.22773,-100.0,-49.9646110534668,-0.22408436
exp7_random_2,1285,-77.658165,76.13024,-100.0,-52.6898078918457,-1.0985812
exp7_random_2,1286,1177.4518,1182.013,0.0,0.0,-4.56118
exp7_random_2,1287,-27.953636,80.292015,-100.0,-7.017662048339844,-1.2279905
exp7_random_2,1288,1253.6094,1260.1744,0.0,-0.5780471563339233,-5.9867926
exp7_random_2,1289,1063.9305,1068.546,0.0,-0.14391762018203735,-4.471697
exp7_random_2,1290,1352.6649,1357.3147,0.0,-0.577308177947998,-4.072559
exp7_random_2,1291,991.74384,996.1659,0.0,-0.01753385365009308,-4.4045095
exp7_random_2,1292,631.297,740.19147,-100.0,-4.095183849334717,-4.799246
exp7_random_2,1293,-14.09716,90.66785,-100.0,-4.442106246948242,-0.32290897
exp7_random_2,1294,956.8716,961.7958,0.0,-2.062675952911377,-2.8614225
exp7_random_2,1295,639.69354,746.8695,-100.0,-2.8319034576416016,-4.343931
exp7_random_2,1296,1210.4465,1217.5297,0.0,-1.9023774862289429,-5.1808653
exp7_random_2,1297,997.1478,1001.5659,0.0,0.0,-4.4180937
exp7_random_2,1298,972.49,977.11523,0.0,-0.17199823260307312,-4.4533815
exp7_random_2,1299,419.29996,524.03204,-100.0,-2.4822235107421875,-2.2498798
exp7_random_2,1301,1018.7077,1022.28534,0.0,-0.00916232168674469,-3.568522
exp7_random_2,1302,1022.85376,1029.3718,0.0,-2.186711549758911,-4.3314857
exp7_random_2,1303,421.96667,535.94324,-100.0,-12.91436767578125,-1.0621917
exp7_random_2,1304,620.35565,727.814,-100.0,-3.8247973918914795,-3.633498
exp7_random_2,1305,-64.0907,40.976044,-100.0,-4.331631183624268,-0.73511934
exp7_random_2,1306,-85.98585,16.560232,-100.0,-2.515871286392212,-0.030204494
exp7_random_2,1307,956.89795,961.9818,0.0,-0.2824265956878662,-4.8016086
exp7_random_2,1308,389.92847,542.5717,-100.0,-50.10704040527344,-2.5361555
exp7_random_2,1309,573.943,682.09985,-100.0,-4.770078659057617,-3.3866937
exp7_random_2,1310,1025.5305,1030.4966,0.0,-0.07267889380455017,-4.8933315
exp7_random_2,1311,1089.168,1094.52,0.0,-0.5586855411529541,-4.7933826
exp7_random_2,1312,1194.4602,1197.6383,0.0,0.0,-3.1781077
exp7_random_2,1313,901.272,903.8467,0.0,0.0,-2.5747073
exp7_random_2,1314,1006.128,1011.9793,0.0,0.0,-5.8513713
exp7_random_2,1315,-64.17196,40.385036,-100.0,-3.3757543563842773,-1.1812401
exp7_random_2,1316,916.7298,918.52136,0.0,0.0,-1.7916461
exp7_random_2,1317,1112.5464,1115.7233,0.0,-0.08785666525363922,-3.08905
exp7_random_2,1318,464.8536,618.21313,-100.0,-50.278297424316406,-3.0812593
exp7_random_2,1319,966.79626,973.5475,0.0,-0.3639147877693176,-6.387298
exp7_random_2,1321,923.5502,926.13245,0.0,-0.791860044002533,-1.790472
exp7_random_2,1322,1177.4512,1183.6697,0.0,-0.12732559442520142,-6.091253
exp7_random_2,1323,1034.674,1042.0221,0.0,-3.644378662109375,-3.7038097
exp7_random_2,1324,1028.3347,1032.1086,0.0,-1.6919357776641846,-2.0819676
exp7_random_2,1325,978.4663,980.4986,0.0,0.0,-2.032109
exp7_random_2,1326,1212.2952,1218.7972,0.0,-0.41729795932769775,-6.0847554
exp7_random_2,1327,980.4453,983.9071,0.0,0.0,-3.4615471
exp7_random_2,1328,1111.3882,1121.2344,0.0,-3.243542194366455,-6.602373
exp7_random_2,1329,-100.980804,49.88974,-100.0,-50.30451583862305,-0.56604606
exp7_random_2,1330,1029.9917,1032.2542,0.0,0.0,-2.2624974
exp7_random_2,1331,-99.26009,5.539986,-100.0,-4.613158226013184,-0.18692006
exp7_random_2,1332,865.27405,868.06934,0.0,0.0,-2.7952938
exp7_random_2,1333,-69.293526,39.723175,-100.0,-6.777362823486328,-2.2393363
exp7_random_2,1334,1093.0798,1097.6079,0.0,-1.451074481010437,-3.0770547
exp7_random_2,1335,889.79407,891.5438,0.0,0.0,-1.7497262
exp7_random_2,1336,1061.1843,1064.1997,0.0,0.0,-3.015398
exp7_random_2,1337,946.41815,948.53235,0.0,0.0,-2.1140697
exp7_random_2,1338,1017.54865,1022.07605,0.0,0.0,-4.5273438
exp7_random_2,1339,-101.956894,2.85753,-100.0,-4.268619537353516,-0.5458107
exp7_random_2,1341,-8.081284,97.06045,-100.0,-3.66011381149292,-1.4816221
exp7_random_2,1342,1392.6898,1401.0165,0.0,-0.9345588684082031,-7.3920937
exp7_random_2,1343,997.60974,1001.62006,0.0,0.0,-4.010116
exp7_random_2,1344,932.4,936.6244,0.0,0.0,-4.224585
exp7_random_2,1345,127.14527,235.11378,-100.0,-4.90287446975708,-3.065648
exp7_random_2,1346,1148.2266,1157.1925,0.0,-2.062750816345215,-6.903129
exp7_random_2,1347,855.2965,859.40845,0.0,-0.27532821893692017,-3.8365424
exp7_random_2,1348,945.8729,948.9703,0.0,0.0,-3.0972915
exp7_random_2,1349,16.917343,125.47925,-100.0,-7.699335098266602,-0.8625672
exp7_random_2,1350,1200.9402,1206.296,0.0,-1.2905006408691406,-4.0654263
exp7_random_2,1351,1178.3512,1184.0583,0.0,-0.20585691928863525,-5.5017385
exp7_random_2,1352,32.441093,141.58234,-100.0,-5.390826225280762,-3.7504125
exp7_random_2,1353,93.57275,213.0396,-100.0,-16.052967071533203,-3.4138806
exp7_random_2,1354,444.19098,558.04663,-100.0,-9.171079635620117,-4.6848235
exp7_random_2,1355,434.6633,544.8461,-100.0,-7.013031005859375,-3.1698809
exp7_random_2,1356,-5.7847214,98.81088,-100.0,-2.469132900238037,-2.1264708
exp7_random_2,1357,1322.3136,1336.5593,0.0,-6.362159252166748,-7.883491
exp7_random_2,1358,715.89685,871.9631,-100.0,-50.50251770019531,-5.5638614
exp7_random_2,1359,1076.4514,1082.1011,0.0,-1.0076755285263062,-4.6419177
exp7_random_2,1361,1007.98083,1023.8208,0.0,-9.686742782592773,-6.153285
exp7_random_2,1362,1007.09595,1010.19116,0.0,-0.6295709609985352,-2.4656713
exp7_random_2,1363,-101.615715,49.20395,-100.0,-50.213497161865234,-0.6061539
exp7_random_2,1364,370.149,523.53424,-100.0,-50.295963287353516,-3.089441
exp7_random_2,1365,1031.6796,1039.7211,0.0,-3.716346263885498,-4.325071
exp7_random_2,1366,1089.4547,1093.4481,0.0,-1.5727875232696533,-2.420849
exp7_random_2,1367,-81.174225,63.49155,-100.0,-42.725189208984375,-1.9406025
exp7_random_2,1368,-69.26154,81.920975,-100.0,-49.92428970336914,-1.2582451
exp7_random_2,1369,379.90042,518.3457,-100.0,-35.7205696105957,-2.724765
exp7_random_2,1370,864.0161,871.2344,0.0,-3.1776795387268066,-4.0405836
exp7_random_2,1371,-92.860855,11.694069,-100.0,-3.822221279144287,-0.7327033
exp7_random_2,1372,1079.345,1085.3928,0.0,-1.929955005645752,-4.1178923
exp7_random_2,1373,426.51758,538.7911,-100.0,-8.088150024414062,-4.1852593
exp7_random_2,1374,-141.69406,10.8446455,-100.0,-51.47019577026367,-1.0685226
exp7_random_2,1375,-101.72223,9.205133,-100.0,-8.382387161254883,-2.5449789
exp7_random_2,1376,-66.61451,46.549603,-100.0,-12.750508308410645,-0.41360694
exp7_random_2,1377,529.58075,639.9162,-100.0,-5.853058815002441,-4.4824867
exp7_random_2,1378,1255.4253,1263.9326,0.0,-2.520673990249634,-5.986696
exp7_random_2,1379,-120.53908,30.674019,-100.0,-50.51447677612305,-0.698629
exp7_random_2,1381,533.54584,674.1803,-100.0,-37.57345199584961,-3.0611033
exp7_random_2,1382,1082.0181,1086.0726,0.0,-0.029286548495292664,-4.025309
exp7_random_2,1383,495.2025,626.02374,-100.0,-28.403240203857422,-2.4180167
exp7_random_2,1384,949.3974,953.0703,0.0,-0.15968003869056702,-3.5131474
exp7_random_2,1385,1096.2529,1100.8802,0.0,-0.28263092041015625,-4.3447137
exp7_random_2,1386,545.3362,659.0807,-100.0,-11.329652786254883,-2.4148002
exp7_random_2,1387,1106.7456,1109.6367,0.0,-0.19282516837120056,-2.698501
exp7_random_2,1388,-88.1951,64.17629,-100.0,-51.15671157836914,-1.214678
exp7_random_2,1389,1067.5135,1070.1553,0.0,-0.006946787238121033,-2.634953
exp7_random_2,1390,892.9768,894.63416,0.0,0.0,-1.6572925
exp7_random_2,1391,996.5298,998.86597,0.0,-0.21119682490825653,-2.1249065
exp7_random_2,1392,-127.72177,23.677937,-100.0,-50.28718948364258,-1.1125219
exp7_random_2,1393,1117.3938,1121.2917,0.0,-0.1764763593673706,-3.7215166
exp7_random_2,1394,-93.50058,59.297707,-100.0,-50.79962921142578,-1.9986614
exp7_random_2,1395,1139.3005,1144.5482,0.0,-0.46131324768066406,-4.786317
exp7_random_2,1396,53.565163,159.91507,-100.0,-4.937174320220947,-1.4127275
exp7_random_2,1397,978.3804,983.9983,0.0,-0.6842077970504761,-4.9335537
exp7_random_2,1398,-46.70755,80.08297,-100.0,-25.507474899291992,-1.2830384
exp7_random_2,1399,-71.058174,81.167114,-100.0,-51.3407096862793,-0.8845775
exp7_random_2,1401,1191.0225,1198.7952,0.0,-1.1976332664489746,-6.574799
exp7_random_2,1402,952.9413,956.64075,0.0,0.0,-3.699474
exp7_random_2,1403,-105.70627,44.55917,-100.0,-49.89936828613281,-0.36606663
exp7_random_2,1404,903.7675,906.84705,0.0,-0.20740461349487305,-2.8721015
exp7_random_2,1405,1001.7444,1005.2876,0.0,-0.3597150444984436,-3.1836162
exp7_random_2,1406,-106.21365,45.351894,-100.0,-50.959835052490234,-0.6057178
exp7_random_2,1407,1100.7339,1105.4071,0.0,0.0,-4.6729527
exp7_random_2,1408,1059.709,1064.6177,0.0,-0.08251851797103882,-4.8261147
exp7_random_2,1409,1333.1567,1340.8464,0.0,-0.6648756265640259,-7.024656
exp7_random_2,1410,1103.4252,1109.4419,0.0,-0.5041763782501221,-5.5126557
exp7_random_2,1411,529.0333,639.5752,-100.0,-3.9356393814086914,-6.606197
exp7_random_2,1412,136.73837,243.46817,-100.0,-4.178441047668457,-2.5513415
exp7_random_2,1413,921.03394,923.16364,0.0,0.0,-2.1296864
exp7_random_2,1414,1253.3401,1257.26,0.0,0.0,-3.9198682
exp7_random_2,1415,542.74304,649.5685,-100.0,-4.299872398376465,-2.525441
exp7_random_2,1416,914.7982,919.8516,0.0,-0.45638465881347656,-4.5970144
exp7_random_2,1417,1063.3213,1067.3572,0.0,-0.11789503693580627,-3.9180398
exp7_random_2,1418,999.5609,1005.6434,0.0,-0.23411521315574646,-5.848454
exp7_random_2,1419,629.2671,737.52936,-100.0,-3.6508684158325195,-4.6113715
exp7_random_2,1421,906.49054,908.5526,0.0,-0.35100439190864563,-1.711012
exp7_random_2,1422,991.8519,996.60864,0.0,-0.025593802332878113,-4.7310247
exp7_random_2,1423,1084.7274,1093.3854,0.0,-2.3749382495880127,-6.283103
exp7_random_2,1424,1109.6357,1116.1947,0.0,-0.002889961004257202,-6.5560884
exp7_random_2,1425,984.6989,988.35547,0.0,-0.01738882064819336,-3.6390505
exp7_random_2,1426,1110.3391,1118.1929,0.0,-0.7950506210327148,-7.0583615
exp7_random_2,1427,428.82806,542.5997,-100.0,-9.260607719421387,-4.5109897
exp7_random_2,1428,-135.6649,17.700457,-100.0,-51.95787811279297,-1.407468
exp7_random_2,1429,1179.3319,1186.2825,0.0,-1.7231916189193726,-5.22748
exp7_random_2,1430,1096.9514,1100.8204,0.0,0.0,-3.869039
exp7_random_2,1431,507.95325,660.8436,-100.0,-50.19493865966797,-2.6953328
exp7_random_2,1432,878.0784,883.1553,0.0,-1.8740441799163818,-3.2028172
exp7_random_2,1433,1130.8805,1135.6606,0.0,-0.15375864505767822,-4.6264896
exp7_random_2,1434,860.98865,862.51074,0.0,0.0,-1.5220901
exp7_random_2,1435,954.4711,961.9804,0.0,-0.646199107170105,-6.862948
exp7_random_2,1436,981.81195,986.25024,0.0,-0.7585079073905945,-3.6799154
exp7_random_2,1437,-0.4017868,104.14118,-100.0,-2.7922651767730713,-1.7507105
exp7_random_2,1438,954.94336,960.6842,0.0,-0.3204449415206909,-5.4204273
exp7_random_2,1439,1108.819,1113.6678,0.0,-0.6104248762130737,-4.238743
exp7_random_2,1441,493.25415,602.55304,-100.0,-3.7801315784454346,-5.518671
exp7_random_2,1442,41.165848,148.27153,-100.0,-3.2067761421203613,-3.8988996
exp7_random_2,1443,486.3779,641.58356,-100.0,-51.671627044677734,-3.5339897
exp7_random_2,1444,1403.5071,1414.5197,0.0,-1.2631537914276123,-9.749181
exp7_random_2,1445,959.56085,962.5008,0.0,0.0,-2.9399483
exp7_random_2,1446,666.8144,814.24774,-100.0,-38.565185546875,-8.86797
exp7_random_2,1447,1059.1381,1062.8776,0.0,-1.0388107299804688,-2.7007759
exp7_random_2,1448,906.7136,908.1072,0.0,0.0,-1.3935595
exp7_random_2,1449,758.7738,776.5751,0.0,-0.3329905867576599,-17.468353
exp7_random_2,1450,868.9944,898.14655,0.0,-2.5618577003479004,-26.58995
exp7_random_2,1451,1021.68036,1027.4128,0.0,0.0,-5.7324004
exp7_random_2,1452,735.9515,757.53656,0.0,-0.6723084449768066,-20.912134
exp7_random_2,1453,925.0869,926.5228,0.0,0.0,-1.435882
exp7_random_2,1454,1121.5974,1126.6055,0.0,-0.11795330047607422,-4.8901296
exp7_random_2,1455,1164.2432,1180.6763,0.0,-3.7775866985321045,-12.655122
exp7_random_2,1456,389.95444,542.72974,-100.0,-50.175628662109375,-2.5996444
exp7_random_2,1457,513.47235,635.95844,-100.0,-14.567066192626953,-7.9190087
exp7_random_2,1458,-117.31131,-2.6715312,-100.0,-11.038658142089844,-3.6011221
exp7_random_2,1459,-16.92501,92.21522,-100.0,-6.225144386291504,-2.9150789
exp7_random_2,1461,1191.7738,1199.5052,0.0,-1.7749272584915161,-5.956424
exp7_random_2,1462,-121.381,30.706387,-100.0,-51.19253921508789,-0.8948396
exp7_random_2,1463,916.15735,918.0646,0.0,-0.504140317440033,-1.4031672
exp7_random_2,1464,-45.33927,83.58986,-100.0,-27.62043571472168,-1.3087131
exp7_random_2,1465,-85.31999,19.816414,-100.0,-4.863505840301514,-0.27290124
exp7_random_2,1466,503.82294,658.336,-100.0,-51.15077209472656,-3.3624043
exp7_random_2,1467,951.97815,955.6707,0.0,-0.459529310464859,-3.2330315
exp7_random_2,1468,469.03326,621.6614,-100.0,-50.34431838989258,-2.2836282
exp7_random_2,1469,923.1245,928.3635,0.0,-0.6330239772796631,-4.6059775
exp7_random_2,1470,514.63776,668.2015,-100.0,-49.90126419067383,-3.6625338
exp7_random_2,1471,967.5592,969.0439,0.0,0.0,-1.484577
exp7_random_2,1472,-10.818954,92.759254,-100.0,-2.3717966079711914,-1.2064104
exp7_random_2,1473,37.559433,190.2492,-100.0,-50.806846618652344,-1.8829448
exp7_random_2,1474,-82.55989,21.112144,-100.0,-2.927590847015381,-0.7444465
exp7_random_2,1475,937.93384,944.87683,0.0,-2.5611252784729004,-4.3818684
exp7_random_2,1476,-63.945625,87.794235,-100.0,-50.549198150634766,-1.1906668
exp7_random_2,1477,978.3188,982.855,0.0,-0.5917854905128479,-3.9443266
exp7_random_2,1478,1102.403,1112.0465,0.0,-3.006847620010376,-6.6367188
exp7_random_2,1479,-50.070526,64.50262,-100.0,-12.095125198364258,-2.4780316
exp7_random_2,1481,-57.53784,50.60893,-100.0,-5.2711381912231445,-2.875634
exp7_random_2,1482,1011.2339,1014.3661,0.0,-0.013895183801651001,-3.1181424
exp7_random_2,1483,1173.6622,1181.1709,0.0,-2.2321057319641113,-5.276597
exp7_random_2,1484,1162.594,1167.7773,0.0,-0.2238387018442154,-4.9596386
exp7_random_2,1485,1166.4764,1178.1774,0.0,-2.8273353576660156,-8.873764
exp7_random_2,1486,1146.2388,1159.8428,0.0,-4.541567802429199,-9.06248
exp7_random_2,1487,978.70056,984.1803,0.0,-0.350791871547699,-5.129098
exp7_random_2,1488,1134.5735,1142.4612,0.0,-0.9196105003356934,-6.96809
exp7_random_2,1489,891.91833,899.22864,0.0,0.0,-7.3102593
exp7_random_2,1490,1248.6663,1253.726,0.0,-0.25043636560440063,-4.809214
exp7_random_2,1491,1017.9474,1019.55005,0.0,0.0,-1.6025424
exp7_random_2,1492,945.3871,949.57294,0.0,0.0,-4.185771
exp7_random_2,1493,1047.3533,1050.0493,0.0,0.0,-2.6961386
exp7_random_2,1494,471.5733,577.6361,-100.0,-3.134023666381836,-2.9287567
exp7_random_2,1495,575.3001,730.3001,-100.0,-51.87701416015625,-3.123108
exp7_random_2,1496,1247.45,1253.2839,0.0,-0.6978079676628113,-5.136222
exp7_random_2,1497,1034.669,1043.0967,0.0,-1.3640941381454468,-7.0638657
exp7_random_2,1498,1215.4683,1221.4349,0.0,-0.3892650306224823,-5.5773296
exp7_random_2,1499,1172.9911,1183.1641,0.0,-4.52560567855835,-5.647184
exp7_random_2,1501,1240.7485,1246.9092,0.0,-0.9485589265823364,-5.212143
exp7_random_2,1502,-23.798164,81.353676,-100.0,-2.2709286212921143,-2.8809133
exp7_random_2,1503,1158.3193,1185.6995,0.0,-11.2916259765625,-16.089361
exp7_random_2,1504,1102.758,1106.6831,0.0,-0.3467557728290558,-3.5783644
exp7_random_2,1505,888.0265,891.2994,0.0,-0.5305668711662292,-2.7423353
exp7_random_2,1506,301.14966,454.28824,-100.0,-50.31489181518555,-2.823653
exp7_random_2,1507,591.8233,744.9083,-100.0,-50.4661865234375,-2.6189246
exp7_random_2,1508,24.423119,141.08847,-100.0,-14.246902465820312,-2.4184697
exp7_random_2,1509,899.34393,911.3927,0.0,-5.401134967803955,-6.647551
exp7_random_2,1510,567.4873,722.9666,-100.0,-50.7593879699707,-4.720016
exp7_random_2,1511,1357.7656,1365.2644,0.0,-0.6296836137771606,-6.8687415
exp7_random_2,1512,-56.536724,49.71658,-100.0,-2.9821395874023438,-3.2711587
exp7_random_2,1513,1088.0681,1099.3542,0.0,-3.0528554916381836,-8.233129
exp7_random_2,1514,1073.5294,1075.9722,0.0,-0.04078461229801178,-2.4018981
exp7_random_2,1515,1054.2207,1061.8373,0.0,-1.1405056715011597,-6.475918
exp7_random_2,1516,-93.26282,59.356842,-100.0,-50.300601959228516,-2.3190506
exp7_random_2,1517,1086.8818,1100.6842,0.0,-4.682126998901367,-9.120117
exp7_random_2,1518,449.99866,607.8385,-100.0,-53.174278259277344,-4.6657033
exp7_random_2,1519,1046.1815,1051.5638,0.0,-0.3077629804611206,-5.0745354
exp7_random_2,1521,994.214,996.9478,0.0,-0.30744144320487976,-2.4265006
exp7_random_2,1522,1101.1587,1104.1729,0.0,-0.06889881193637848,-2.9451885
exp7_random_2,1523,1069.8433,1072.7661,0.0,-0.14133024215698242,-2.7813878
exp7_random_2,1524,1073.5355,1077.7031,0.0,-0.01891668140888214,-4.148544
exp7_random_2,1525,1080.0977,1083.8323,0.0,-0.03353072702884674,-3.7011359
exp7_random_2,1526,839.4725,841.9387,0.0,-0.0897955447435379,-2.3763728
exp7_random_2,1527,1009.05493,1011.742,0.0,0.0,-2.6869988
exp7_random_2,1528,983.4103,991.34753,0.0,-4.612070560455322,-3.3250666
exp7_random_2,1529,18.680283,132.32146,-100.0,-3.352081298828125,-10.289086
exp7_random_2,1530,471.00977,633.8411,-100.0,-53.67992401123047,-9.1513195
exp7_random_2,1531,1004.0078,1007.48706,0.0,-0.05795063078403473,-3.4212863
exp7_random_2,1532,985.7898,1010.8912,0.0,-4.86687707901001,-20.234516
exp7_random_2,1533,-141.41257,10.782978,-100.0,-51.65945816040039,-0.5360931
exp7_random_2,1534,1046.1113,1051.6965,0.0,-0.4796496629714966,-5.1054263
exp7_random_2,1535,-80.13333,28.063715,-100.0,-6.580929279327393,-1.6161219
exp7_random_2,1536,1089.1475,1097.0049,0.0,-0.19344274699687958,-7.6640296
exp7_random_2,1537,389.6392,494.04248,-100.0,-2.494887351989746,-1.9083371
exp7_random_2,1538,1234.6003,1243.0325,0.0,-0.9038985371589661,-7.5282407
exp7_random_2,1539,6.6153107,159.43439,-100.0,-50.618614196777344,-2.200457
exp7_random_2,1541,1168.7854,1174.515,0.0,-0.19891142845153809,-5.530652
exp7_random_2,1542,1065.9954,1068.2988,0.0,0.0,-2.3035157
exp7_random_2,1543,1185.4574,1189.7949,0.0,0.0,-4.3375325
exp7_random_2,1544,1338.8518,1347.7635,0.0,-1.0504446029663086,-7.8611
exp7_random_2,1545,1115.3296,1125.3348,0.0,-3.5538523197174072,-6.451561
exp7_random_2,1546,915.246,918.7359,0.0,0.0,-3.4899123
exp7_random_2,1547,1116.3833,1122.3586,0.0,-2.3061726093292236,-3.6688826
exp7_random_2,1548,-135.99306,14.980007,-100.0,-50.171470642089844,-0.8015904
exp7_random_2,1549,961.3572,962.1238,0.0,0.0,-0.7665979
exp7_random_2,1550,439.08325,553.12604,-100.0,-7.969176292419434,-6.073759
exp7_random_2,1551,976.80835,982.2267,0.0,-0.9538100957870483,-4.4645276
exp7_random_2,1552,993.5817,997.45276,0.0,-0.07917889952659607,-3.7918668
exp7_random_2,1553,1148.407,1150.9569,0.0,0.0,-2.5499823
exp7_random_2,1554,977.6029,983.72327,0.0,-0.1537979394197464,-5.9665728
exp7_random_2,1555,1291.5101,1296.9735,0.0,-0.040324270725250244,-5.423093
exp7_random_2,1556,999.22546,1001.3862,0.0,0.0,-2.1606205
exp7_random_2,1557,1064.7043,1069.3213,0.0,-0.9272481203079224,-3.689598
exp7_random_2,1558,175.59457,282.24472,-100.0,-3.7475695610046387,-2.902585
exp7_random_2,1559,956.6765,961.5628,0.0,-0.5318893194198608,-4.354413
exp7_random_2,1561,-128.33463,22.593723,-100.0,-50.10955810546875,-0.8187915
exp7_random_2,1562,914.7119,918.78033,0.0,0.0,-4.06833
exp7_random_2,1563,305.21658,457.55005,-100.0,-50.35042953491211,-1.982992
exp7_random_2,1564,1048.5529,1052.8351,0.0,-0.47121480107307434,-3.8111994
exp7_random_2,1565,-18.631561,86.16188,-100.0,-3.6412951946258545,-1.1521429
exp7_random_2,1566,374.84998,528.4449,-100.0,-51.206275939941406,-2.3885632
exp7_random_2,1567,-94.51371,47.168823,-100.0,-41.258575439453125,-0.42394832
exp7_random_2,1568,1235.7244,1243.5095,0.0,-1.4703112840652466,-6.314756
exp7_random_2,1569,-106.28216,14.628403,-100.0,-20.658329010009766,-0.25223103
exp7_random_2,1570,986.5056,988.3895,0.0,0.0,-1.8838545
exp7_random_2,1571,869.6015,871.33105,0.0,0.0,-1.7295932
exp7_random_2,1572,-61.834953,44.39345,-100.0,-5.133710861206055,-1.094685
exp7_random_2,1573,499.7896,645.1631,-100.0,-38.79596710205078,-6.5775137
exp7_random_2,1574,1069.51,1072.8597,0.0,-0.04033389687538147,-3.3093863
exp7_random_2,1575,546.85583,653.99335,-100.0,-4.533057689666748,-2.6043246
exp7_random_2,1576,1115.1951,1119.2219,0.0,-0.17059126496315002,-3.8564315
exp7_random_2,1577,-135.47443,16.226955,-100.0,-50.83729553222656,-0.86408514
exp7_random_2,1578,146.69626,293.93625,-100.0,-44.23038864135742,-3.0096111
exp7_random_2,1579,1189.8085,1195.4692,0.0,-0.5938040018081665,-5.066812
exp7_random_2,1581,-123.18167,28.343918,-100.0,-51.09931182861328,-0.42627943
exp7_random_2,1582,1154.6919,1160.2891,0.0,0.0,-5.5969443
exp7_random_2,1583,1104.8022,1108.0829,0.0,0.0,-3.2806795
exp7_random_2,1584,1049.4481,1052.7484,0.0,0.0,-3.3001623
exp7_random_2,1585,1032.0221,1035.7104,0.0,-0.46159571409225464,-3.2268486
exp7_random_2,1586,1122.414,1126.8779,0.0,-0.9966116547584534,-3.467643
exp7_random_2,1587,1010.2173,1014.1749,0.0,-0.78720623254776,-3.170494
exp7_random_2,1588,1036.7537,1040.4149,0.0,-0.3150540888309479,-3.34639
exp7_random_2,1589,1168.0974,1171.1543,0.0,-0.5329731702804565,-2.5237768
exp7_random_2,1590,934.5357,939.31134,0.0,0.0,-4.7755566
exp7_random_2,1591,1138.3743,1142.3258,0.0,0.0,-3.9515507
exp7_random_2,1592,1037.2792,1043.5742,0.0,-0.02197878062725067,-6.2730107
exp7_random_2,1593,-0.6376953,153.05359,-100.0,-50.884361267089844,-2.806899
exp7_random_2,1594,1011.61884,1028.4142,0.0,-4.272356986999512,-12.522867
exp7_random_2,1595,-63.746136,51.808147,-100.0,-14.441604614257812,-1.1126814
exp7_random_2,1596,872.8551,876.1604,0.0,-0.7408231496810913,-2.564565
exp7_random_2,1597,1027.5388,1031.143,0.0,0.0,-3.6041126
exp7_random_2,1598,40.262863,151.81648,-100.0,-8.16314697265625,-3.3904722
exp7_random_2,1599,1063.4529,1073.2517,0.0,-1.9024417400360107,-7.896309
exp7_random_2,1601,600.59485,707.86285,-100.0,-3.3336734771728516,-3.9341824
exp7_random_2,1602,-85.49166,67.15349,-100.0,-51.38332748413086,-1.2618306
exp7_random_2,1603,1184.4103,1193.6953,0.0,-1.1410300731658936,-8.143917
exp7_random_2,1604,1141.7272,1147.5205,0.0,-0.3467433452606201,-5.446614
exp7_random_2,1605,1237.2402,1241.895,0.0,-0.29817697405815125,-4.356396
exp7_random_2,1606,1138.3573,1148.0052,0.0,-1.0880111455917358,-8.559943
exp7_random_2,1607,1378.0347,1387.4156,0.0,-2.664999008178711,-6.715581
exp7_random_2,1608,552.335,708.46106,-100.0,-51.149803161621094,-4.9763393
exp7_random_2,1609,1251.2467,1256.855,0.0,-0.8698748350143433,-4.7384434
exp7_random_2,1610,-29.88166,123.680405,-100.0,-51.54373550415039,-2.018335
exp7_random_2,1611,86.63164,192.58849,-100.0,-4.562944412231445,-1.3939526
exp7_random_2,1612,1110.4119,1114.6326,0.0,-0.14671829342842102,-4.073862
exp7_random_2,1613,1114.504,1120.9624,0.0,-1.0785870552062988,-5.3797297
exp7_random_2,1614,443.45294,582.9484,-100.0,-36.389774322509766,-3.1056614
exp7_random_2,1615,-82.3594,49.42621,-100.0,-30.991046905517578,-0.7945533
exp7_random_2,1616,311.35388,467.80692,-100.0,-52.70149612426758,-3.751564
exp7_random_2,1617,995.7001,1000.1017,0.0,-0.18258130550384521,-4.2190275
exp7_random_2,1618,1080.7635,1084.5768,0.0,-0.2951645255088806,-3.5180342
exp7_random_2,1619,53.39872,174.7937,-100.0,-19.147859573364258,-2.247135
exp7_random_2,1621,1032.6636,1036.1252,0.0,-0.006851658225059509,-3.4550173
exp7_random_2,1622,1048.8451,1050.2891,0.0,0.0,-1.4440877
exp7_random_2,1623,-88.67656,25.464855,-100.0,-12.937247276306152,-1.2041651
exp7_random_2,1624,353.05167,512.6554,-100.0,-55.607120513916016,-3.996495
exp7_random_2,1625,1124.1527,1127.5781,0.0,-0.06131967902183533,-3.3640873
exp7_random_2,1626,-125.721954,25.171776,-100.0,-50.11254119873047,-0.7811759
exp7_random_2,1627,1213.0205,1216.6973,0.0,-0.34514492750167847,-3.3315854
exp7_random_2,1628,1261.2834,1267.4304,0.0,-0.8993926644325256,-5.247503
exp7_random_2,1629,509.50977,617.2601,-100.0,-4.853320121765137,-2.896769
exp7_random_2,1630,1266.8273,1273.0647,0.0,-0.8850699663162231,-5.352299
exp7_random_2,1631,390.92838,495.03937,-100.0,-2.5007336139678955,-1.6102877
exp7_random_2,1632,1105.8091,1109.5474,0.0,-0.028920084238052368,-3.709206
exp7_random_2,1633,992.7003,996.69604,0.0,0.0,-3.9957848
exp7_random_2,1634,-37.552208,74.467674,-100.0,-10.838297843933105,-1.1815845
exp7_random_2,1635,998.2181,1000.9496,0.0,-0.3601795434951782,-2.3713279
exp7_random_2,1636,1004.23096,1005.14185,0.0,0.0,-0.91100687
exp7_random_2,1637,993.3561,994.9263,0.0,0.0,-1.5700998
exp7_random_2,1638,910.2492,912.7833,0.0,-0.019016802310943604,-2.5149817
exp7_random_2,1639,948.1476,949.57086,0.0,0.0,-1.4233782
exp7_random_2,1641,-85.30897,68.16518,-100.0,-50.8485221862793,-2.6256266
exp7_random_2,1642,1143.6478,1147.063,0.0,-0.1646656095981598,-3.2505407
exp7_random_2,1643,1058.678,1063.2115,0.0,-1.2094210386276245,-3.3240592
exp7_random_2,1644,1090.6222,1094.8231,0.0,-0.22730188071727753,-3.9736147
exp7_random_2,1645,929.5074,933.105,0.0,-0.43339917063713074,-3.1641994
exp7_random_2,1646,971.7246,974.5907,0.0,0.0,-2.8661013
exp7_random_2,1647,345.55658,449.76343,-100.0,-1.8975584506988525,-2.3092904
exp7_random_2,1648,1069.9921,1074.4331,0.0,-0.5120429396629333,-3.9289637
exp7_random_2,1649,1187.6824,1193.6472,0.0,-0.26691991090774536,-5.697655
exp7_random_2,1650,1011.3406,1014.7646,0.0,-0.2539937496185303,-3.1701083
exp7_random_2,1651,866.2041,875.0731,0.0,-2.937708616256714,-5.9312515
exp7_random_2,1652,995.4535,1001.7002,0.0,-0.08400304615497589,-6.162808
exp7_random_2,1653,944.4603,947.1046,0.0,0.0,-2.644246
exp7_random_2,1654,1313.4149,1318.1917,0.0,-0.3505961298942566,-4.426253
exp7_random_2,1655,438.27722,593.7209,-100.0,-52.29705810546875,-3.1466875
exp7_random_2,1656,-89.56742,17.920755,-100.0,-7.158935070037842,-0.32924107
exp7_random_2,1657,1121.5686,1125.8123,0.0,-0.4110524654388428,-3.8327432
exp7_random_2,1658,-82.27557,49.019356,-100.0,-30.24835777282715,-1.046566
exp7_random_2,1659,1024.2814,1026.6536,0.0,0.0,-2.372154
exp7_random_2,1661,1190.2905,1194.4205,0.0,0.0,-4.129874
exp7_random_2,1662,1159.5829,1166.1864,0.0,-0.1912672221660614,-6.4122562
exp7_random_2,1663,893.62695,894.85144,0.0,0.0,-1.2244409
exp7_random_2,1664,561.5566,713.74646,-100.0,-50.513736724853516,-1.6761062
exp7_random_2,1665,1030.0046,1034.3998,0.0,-0.0938110500574112,-4.301253
exp7_random_2,1666,443.44965,594.87115,-100.0,-50.078880310058594,-1.3426554
exp7_random_2,1667,396.77875,509.69452,-100.0,-10.290131568908691,-2.6256828
exp7_random_2,1668,-140.56459,9.313817,-100.0,-49.87499999999999,-0.0034061193
exp7_random_2,1669,1066.3875,1069.8315,0.0,0.0,-3.4439454
exp7_random_2,1670,371.02597,524.7286,-100.0,-51.15320587158203,-2.5493653
exp7_random_2,1671,6.092293,110.995285,-100.0,-3.0841336250305176,-1.8188728
exp7_random_2,1672,995.85095,1000.2024,0.0,-0.2939072847366333,-4.0577445
exp7_random_2,1673,1131.6477,1135.2527,0.0,-0.17223045229911804,-3.4326906
exp7_random_2,1674,1015.9661,1020.53485,0.0,-0.19435787200927734,-4.3745074
exp7_random_2,1675,421.42404,570.1644,-100.0,-45.248416900634766,-3.491939
exp7_random_2,1676,1027.5621,1031.4081,0.0,-0.9505475759506226,-2.895237
exp7_random_2,1677,-122.835175,28.030268,-100.0,-49.9051628112793,-0.960276
exp7_random_2,1678,1176.5941,1185.6407,0.0,-1.2125879526138306,-7.8338237
exp7_random_2,1679,927.228,929.5967,0.0,0.0,-2.3687358
exp7_random_2,1681,1407.9456,1413.3085,0.0,-0.10887512564659119,-5.2543044
exp7_random_2,1682,925.73737,927.3881,0.0,0.0,-1.6508026
exp7_random_2,1683,878.9607,881.5185,0.0,-0.31182628870010376,-2.2459288
exp7_random_2,1684,1154.3933,1161.4011,0.0,-0.33396202325820923,-6.673825
exp7_random_2,1685,1181.5,1185.595,0.0,-0.11943693459033966,-3.9756975
exp7_random_2,1686,460.57553,573.30597,-100.0,-5.868755340576172,-6.8617153
exp7_random_2,1687,1270.0825,1292.5983,0.0,-3.1616475582122803,-19.35439
exp7_random_2,1688,951.8793,956.14075,0.0,-0.7905489206314087,-3.4710517
exp7_random_2,1689,15.718056,122.13502,-100.0,-4.8746795654296875,-1.5422745
exp7_random_2,1690,1168.4802,1173.9995,0.0,-0.11252979934215546,-5.4067516
exp7_random_2,1691,906.6955,911.1282,0.0,-1.006861925125122,-3.425721
exp7_random_2,1692,1042.7006,1049.7573,0.0,-0.6810853481292725,-6.375623
exp7_random_2,1693,1234.969,1242.9456,0.0,-1.0590574741363525,-6.9174385
exp7_random_2,1694,1311.5884,1317.6187,0.0,-0.8918588161468506,-5.138425
exp7_random_2,1695,981.97687,985.6413,0.0,-0.512940526008606,-3.1513102
exp7_random_2,1696,708.3688,833.0962,-100.0,-6.813791275024414,-17.913847
exp7_random_2,1697,286.39435,403.34225,-100.0,-15.673357963562012,-1.2746036
exp7_random_2,1698,1137.6232,1142.7678,0.0,-0.39277827739715576,-4.75198
exp7_random_2,1699,522.76416,679.7339,-100.0,-52.091094970703125,-4.878369
exp7_random_2,1701,1216.6438,1224.4893,0.0,-2.326090097427368,-5.5194635
exp7_random_2,1702,1019.6247,1023.80945,0.0,-0.060190215706825256,-4.124605
exp7_random_2,1703,953.4209,955.4477,0.0,0.0,-2.0268986
exp7_random_2,1704,1046.2524,1049.478,0.0,-0.5018422603607178,-2.723851
exp7_random_2,1705,-69.50708,84.40309,-100.0,-50.43937301635742,-3.4707932
exp7_random_2,1706,914.01013,917.7837,0.0,-0.05313660204410553,-3.7204447
exp7_random_2,1707,1185.2224,1189.9219,0.0,-0.6349766254425049,-4.064658
exp7_random_2,1708,1069.2817,1073.3823,0.0,-0.007715582847595215,-4.0926414
exp7_random_2,1709,474.25507,581.72125,-100.0,-4.513639450073242,-2.9526093
exp7_random_2,1710,-80.322205,30.401787,-100.0,-8.371438980102539,-2.3525512
exp7_random_2,1711,1032.2355,1036.0752,0.0,-0.0772680938243866,-3.7622967
exp7_random_2,1712,1227.2372,1236.7231,0.0,-0.6766805052757263,-8.809347
exp7_random_2,1713,1159.9077,1165.6211,0.0,-0.10519790649414062,-5.608101
exp7_random_2,1714,1159.1697,1167.5586,0.0,-1.142376184463501,-7.2465916
exp7_random_2,1715,177.63263,285.48843,-100.0,-5.419314384460449,-2.436539
exp7_random_2,1716,983.1918,985.4618,0.0,-0.09021985530853271,-2.1798055
exp7_random_2,1717,-130.743,20.706505,-100.0,-51.18348693847656,-0.26601404
exp7_random_2,1718,1073.0164,1078.4182,0.0,0.0,-5.4016905
exp7_random_2,1719,840.43567,842.12836,0.0,0.0,-1.6926672
exp7_random_2,1721,974.0111,980.1499,0.0,-1.0759127140045166,-5.062802
exp7_random_2,1722,1046.5563,1049.5487,0.0,0.0,-2.9924026
exp7_random_2,1723,-68.904175,36.72143,-100.0,-4.428995609283447,-1.1966146
exp7_random_2,1724,1182.9111,1194.1803,0.0,-0.612859308719635,-10.6564665
exp7_random_2,1725,860.9813,863.6288,0.0,0.0,-2.6474643
exp7_random_2,1726,874.98535,876.82306,0.0,0.0,-1.8378174
exp7_random_2,1727,936.9386,940.5416,0.0,-0.009472385048866272,-3.5936043
exp7_random_2,1728,-98.136566,10.026773,-100.0,-7.10989236831665,-1.0534478
exp7_random_2,1729,-15.859192,88.452324,-100.0,-2.5866994857788086,-1.7248123
exp7_random_2,1730,888.964,890.3674,0.0,0.0,-1.4034063
exp7_random_2,1731,1158.7811,1162.5349,0.0,-0.028314843773841858,-3.7254891
exp7_random_2,1732,916.4337,919.5487,0.0,0.0,-3.1150346
exp7_random_2,1733,1140.1919,1143.9441,0.0,-0.26696377992630005,-3.4852612
exp7_random_2,1734,920.8467,922.03564,0.0,0.0,-1.1890724
exp7_random_2,1735,1001.7878,1003.23193,0.0,-0.10465417802333832,-1.339465
exp7_random_2,1736,1018.01556,1021.6234,0.0,-0.3806646466255188,-3.2274082
exp7_random_2,1737,1043.3811,1049.6106,0.0,-1.9119869470596313,-4.317358
exp7_random_2,1738,1107.8125,1113.2834,0.0,-0.34043848514556885,-5.1304927
exp7_random_2,1739,-85.60338,18.671423,-100.0,-3.5661122798919678,-0.70869935
exp7_random_2,1741,69.0935,174.1451,-100.0,-2.778852939605713,-2.2727318
exp7_random_2,1742,960.7604,965.6498,0.0,-0.7622259259223938,-4.127087
exp7_random_2,1743,1103.6279,1107.4473,0.0,0.0,-3.819221
exp7_random_2,1744,1289.9094,1300.8339,0.0,-1.6389434337615967,-9.285348
exp7_random_2,1745,1005.15314,1009.1436,0.0,-0.5111722946166992,-3.479329
exp7_random_2,1746,1088.6115,1092.3335,0.0,0.0,-3.7220945
exp7_random_2,1747,1034.0742,1037.2806,0.0,-0.006687253713607788,-3.19984
exp7_random_2,1748,1156.0856,1160.2318,0.0,-0.0326065868139267,-4.113537
exp7_random_2,1749,937.1323,940.23627,0.0,0.0,-3.1039097
exp7_random_2,1750,1060.5724,1064.4421,0.0,0.0,-3.8697934
exp7_random_2,1751,1046.8292,1055.0167,0.0,-0.9516056776046753,-7.235763
exp7_random_2,1752,894.5564,897.72296,0.0,-0.07186692953109741,-3.0947094
exp7_random_2,1753,1100.5486,1108.5458,0.0,-4.349552631378174,-3.6477153
exp7_random_2,1754,984.2814,986.25867,0.0,0.0,-1.9772843
exp7_random_2,1755,938.6437,941.1256,0.0,0.0,-2.4819088
exp7_random_2,1756,591.7995,697.1747,-100.0,-2.764991283416748,-2.6100655
exp7_random_2,1757,1108.9833,1115.765,0.0,-1.1197291612625122,-5.661955
exp7_random_2,1758,-34.2922,70.38221,-100.0,-2.5271220207214355,-2.1472707
exp7_random_2,1759,1278.0471,1283.866,0.0,-0.9962521195411682,-4.8226233
exp7_random_2,1761,1036.0436,1042.6843,0.0,-3.311041831970215,-3.3298686
exp7_random_2,1762,-22.189575,81.725525,-100.0,-3.7460479736328125,-0.16905576
exp7_random_2,1763,464.66037,618.5515,-100.0,-50.02037048339844,-3.8706613
exp7_random_2,1764,1304.2825,1310.4409,0.0,-1.3876103162765503,-4.7706585
exp7_random_2,1765,74.07459,180.24637,-100.0,-3.476170063018799,-2.6956184
exp7_random_2,1766,855.7636,858.27954,0.0,0.0,-2.5159783
exp7_random_2,1767,978.692,983.7727,0.0,-3.618424415588379,-1.462177
exp7_random_2,1768,992.9381,994.62006,0.0,-0.031256794929504395,-1.6504998
exp7_random_2,1769,1072.978,1077.6621,0.0,-0.4677552878856659,-4.21614
exp7_random_2,1770,-3.8136673,101.6287,-100.0,-2.5163369178771973,-2.9260488
exp7_random_2,1771,1057.3251,1062.7611,0.0,-0.03951041400432587,-5.3967676
exp7_random_2,1772,844.328,845.5526,0.0,0.0,-1.2245368
exp7_random_2,1773,-34.55812,98.46292,-100.0,-31.958290100097656,-1.062765
exp7_random_2,1774,1030.7312,1035.0789,0.0,0.0,-4.3474827
exp7_random_2,1775,953.2378,957.3872,0.0,-0.5212286114692688,-3.6281478
exp7_random_2,1776,1082.4856,1088.7628,0.0,-0.8444925546646118,-5.4328346
exp7_random_2,1777,1023.5867,1027.3076,0.0,-1.8439574241638184,-1.8769451
exp7_random_2,1778,-86.93422,42.850384,-100.0,-28.42945098876953,-1.3551464
exp7_random_2,1779,1396.8049,1405.9944,0.0,-1.5717551708221436,-7.6178784
exp7_random_2,1781,-110.70967,2.9300337,-100.0,-13.422235488891602,-0.21746631
exp7_random_2,1782,-137.69719,13.041696,-100.0,-50.06227111816406,-0.6766098
exp7_random_2,1783,1015.17566,1017.6325,0.0,-0.00031231343746185303,-2.456544
exp7_random_2,1784,12.01944,118.617004,-100.0,-4.4028778076171875,-2.1946533
exp7_random_2,1785,904.3471,905.9967,0.0,0.0,-1.6495535
exp7_random_2,1786,1097.0295,1099.672,0.0,0.0,-2.642531
exp7_random_2,1787,609.5504,717.95654,-100.0,-5.470426559448242,-2.9357505
exp7_random_2,1788,1194.3064,1199.5951,0.0,0.0,-5.2888794
exp7_random_2,1789,426.27112,534.3901,-100.0,-6.988276481628418,-1.1307471
exp7_random_2,1790,1100.6268,1105.3701,0.0,0.0,-4.743407
exp7_random_2,1791,1114.4216,1116.8981,0.0,-0.010949507355690002,-2.4653728
exp7_random_2,1792,1039.4689,1042.7943,0.0,0.0,-3.3254383
exp7_random_2,1793,984.6907,995.74146,0.0,-2.803744077682495,-8.247016
exp7_random_2,1794,1051.7455,1056.9236,0.0,-0.31059131026268005,-4.867411
exp7_random_2,1795,1098.9829,1103.374,0.0,-0.4229404926300049,-3.9682288
exp7_random_2,1796,997.1223,1000.95435,0.0,-0.09848789870738983,-3.7334661
exp7_random_2,1797,943.48596,946.2581,0.0,0.0,-2.7721903
exp7_random_2,1798,1342.7959,1346.8516,0.0,0.0,-4.0554514
exp7_random_2,1799,989.353,991.9104,0.0,0.0,-2.5574083
exp7_random_2,1801,1162.9045,1169.4467,0.0,-1.3672356605529785,-5.1748676
exp7_random_2,1802,1135.7408,1144.0919,0.0,-1.2799075841903687,-7.0711393
exp7_random_2,1803,957.8014,965.88477,0.0,-4.194972038269043,-3.8882651
exp7_random_2,1804,1184.7441,1190.606,0.0,-0.4915446639060974,-5.370124
exp7_random_2,1805,1122.4136,1125.8352,0.0,-0.0734390914440155,-3.3485925
exp7_random_2,1806,8.299408,160.75533,-100.0,-50.55044174194336,-1.9054737
exp7_random_2,1807,904.2416,906.9813,0.0,0.0,-2.7396853
exp7_random_2,1808,1115.824,1121.6667,0.0,-0.40790438652038574,-5.4348526
exp7_random_2,1809,1143.0417,1149.023,0.0,-0.13702721893787384,-5.8442707
exp7_random_2,1810,1121.5076,1126.1782,0.0,-0.5410347580909729,-4.1296268
exp7_random_2,1811,1044.6166,1049.771,0.0,-1.9939656257629395,-3.1602685
exp7_random_2,1812,1065.6855,1068.6926,0.0,-0.033158570528030396,-2.973714
exp7_random_2,1813,992.15625,995.55334,0.0,-0.26744651794433594,-3.1297991
exp7_random_2,1814,1031.963,1035.2434,0.0,-0.18370428681373596,-3.0966582
exp7_random_2,1815,956.6155,959.1198,0.0,-0.09420520067214966,-2.4102366
exp7_random_2,1816,1306.1921,1311.7322,0.0,-1.0024925470352173,-4.5376077
exp7_random_2,1817,1079.6036,1085.958,0.0,-0.1156848669052124,-6.23854
exp7_random_2,1818,1128.0476,1131.2294,0.0,-0.28434526920318604,-2.8972816
exp7_random_2,1819,328.4818,438.3496,-100.0,-7.019104957580566,-2.8486202
exp7_random_2,1821,927.412,944.6306,0.0,-5.279789924621582,-11.938651
exp7_random_2,1822,1378.5548,1383.6323,0.0,-0.3244495093822479,-4.753077
exp7_random_2,1823,-88.80173,23.276304,-100.0,-10.09123420715332,-1.9867979
exp7_random_2,1824,1124.6055,1127.0647,0.0,0.0,-2.4591956
exp7_random_2,1825,898.1107,899.9796,0.0,-0.24678422510623932,-1.6222248
exp7_random_2,1826,904.4844,906.13,0.0,0.0,-1.6456227
exp7_random_2,1827,1032.6979,1034.5995,0.0,0.0,-1.9016619
exp7_random_2,1828,1033.4275,1035.6648,0.0,-0.2678171992301941,-1.9693569
exp7_random_2,1829,-15.771172,96.59068,-100.0,-11.699423789978027,-0.66244674
exp7_random_2,1830,-30.707039,73.98212,-100.0,-3.3538923263549805,-1.3352567
exp7_random_2,1831,343.59216,458.0364,-100.0,-13.735468864440918,-0.7087765
exp7_random_2,1832,-112.483086,38.40238,-100.0,-49.87499999999999,-1.0104566
exp7_random_2,1833,898.34656,900.61346,0.0,-0.00613093376159668,-2.2608495
exp7_random_2,1834,-66.18531,40.51583,-100.0,-6.071559429168701,-0.6295824
exp7_random_2,1835,1020.5356,1023.2324,0.0,-0.1603410392999649,-2.5365336
exp7_random_2,1836,1052.5813,1054.9958,0.0,0.0,-2.4145515
exp7_random_2,1837,994.21704,999.799,0.0,-1.0692323446273804,-4.512647
exp7_random_2,1838,-63.355648,42.310978,-100.0,-3.8416574001312256,-1.8249718
exp7_random_2,1839,1212.5193,1218.2073,0.0,0.0,-5.6879272
exp7_random_2,1841,1008.2653,1011.56055,0.0,-0.09867414832115173,-3.1966803
exp7_random_2,1842,1370.03,1374.8782,0.0,-0.19154168665409088,-4.6566887
exp7_random_2,1843,-31.464989,120.31113,-100.0,-50.159706115722656,-1.6164275
exp7_random_2,1844,961.12933,963.61066,0.0,0.0,-2.481353
exp7_random_2,1845,1062.8887,1068.5542,0.0,-1.1666123867034912,-4.498753
exp7_random_2,1846,1011.8789,1014.2622,0.0,0.0,-2.3833177
exp7_random_2,1847,1014.23315,1017.89453,0.0,-0.35716840624809265,-3.3042014
exp7_random_2,1848,954.6556,960.058,0.0,-1.2837404012680054,-4.1185966
exp7_random_2,1849,-11.01915,99.5408,-100.0,-3.6307644844055176,-6.9291687
exp7_random_2,1850,1091.2783,1098.4092,0.0,-0.6704922914505005,-6.460626
exp7_random_2,1851,1062.0677,1066.4802,0.0,-0.4109208881855011,-4.0017104
exp7_random_2,1852,1442.5605,1447.8058,0.0,0.0,-5.2451196
exp7_random_2,1853,1065.7705,1070.2361,0.0,-0.3659014105796814,-4.0998898
exp7_random_2,1854,1093.3594,1097.4406,0.0,-0.26725560426712036,-3.8140001
exp7_random_2,1855,1024.205,1025.1663,0.0,0.0,-0.9612083
exp7_random_2,1856,1336.1046,1344.9772,0.0,-0.7954684495925903,-8.077232
exp7_random_2,1857,898.93085,902.51556,0.0,0.0,-3.5848436
exp7_random_2,1858,530.4701,685.1801,-100.0,-50.27009582519531,-4.439817
exp7_random_2,1859,953.1874,954.8878,0.0,-0.055085763335227966,-1.6452746
exp7_random_2,1861,850.52344,855.03,0.0,-2.233612537384033,-2.2729206
exp7_random_2,1862,1023.401,1025.6526,0.0,0.0,-2.25166
exp7_random_2,1863,-4.3599167,100.04733,-100.0,-3.2596070766448975,-1.1476545
exp7_random_2,1864,971.36035,975.57117,0.0,-0.7247518301010132,-3.4862046
exp7_random_2,1865,1150.174,1155.0675,0.0,-0.510138213634491,-4.3834724
exp7_random_2,1866,991.90686,997.57825,0.0,-0.9140838384628296,-4.757421
exp7_random_2,1867,588.6179,704.80676,-100.0,-12.248019218444824,-3.9408872
exp7_random_2,1868,1185.7972,1192.8274,0.0,-1.5787266492843628,-5.451311
exp7_random_2,1869,445.69824,560.0299,-100.0,-10.375271797180176,-3.9564223
exp7_random_2,1870,926.1957,932.4087,0.0,-0.03799578547477722,-6.1750374
exp7_random_2,1871,355.15958,508.39804,-100.0,-50.88753890991211,-2.3509312
exp7_random_2,1872,1031.0782,1035.487,0.0,-1.2740939855575562,-3.1347551
exp7_random_2,1873,522.2374,674.4407,-100.0,-48.98041915893555,-3.2229028
exp7_random_2,1874,972.41705,977.92053,0.0,-0.04622790217399597,-5.457298
exp7_random_2,1875,1254.22,1264.0436,0.0,-2.376934051513672,-7.446559
exp7_random_2,1876,961.693,964.82275,0.0,-0.08424726128578186,-3.0455086
exp7_random_2,1877,1178.0938,1185.4229,0.0,-1.9786015748977661,-5.3502665
exp7_random_2,1878,985.74243,990.0365,0.0,-0.06653010845184326,-4.227772
exp7_random_2,1879,1016.4784,1021.0626,0.0,0.0,-4.5842676
exp7_random_2,1881,1098.5049,1105.6707,0.0,-3.223029851913452,-3.942868
exp7_random_2,1882,389.4923,544.6419,-100.0,-49.87499999999999,-5.2745585
exp7_random_2,1883,1162.6575,1167.3162,0.0,-1.0004862546920776,-3.6582441
exp7_random_2,1884,1094.6462,1098.3579,0.0,-0.02718190848827362,-3.6845849
exp7_random_2,1885,-89.1082,14.932935,-100.0,-2.8396449089050293,-1.2014947
exp7_random_2,1886,1029.0164,1031.3137,0.0,0.0,-2.2972593
exp7_random_2,1887,969.8801,972.2016,0.0,-0.008061766624450684,-2.3133943
exp7_random_2,1888,1067.2649,1075.4308,0.0,-3.327280044555664,-4.8387933
exp7_random_2,1889,917.6863,919.8679,0.0,0.0,-2.181656
exp7_random_2,1890,896.6052,899.33923,0.0,0.0,-2.7340536
exp7_random_2,1891,998.06946,1001.0606,0.0,0.0,-2.991087
exp7_random_2,1892,1211.2454,1218.1102,0.0,-1.9742364883422852,-4.8904896
exp7_random_2,1893,1015.597,1016.5035,0.0,0.0,-0.9063741
exp7_random_2,1894,885.0355,886.8982,0.0,0.0,-1.8626478
exp7_random_2,1895,971.78296,975.21936,0.0,-0.7753759622573853,-2.6610112
exp7_random_2,1896,886.46466,887.58264,0.0,0.0,-1.1179835
exp7_random_2,1897,380.93533,489.46478,-100.0,-6.731736660003662,-1.7977674
exp7_random_2,1898,402.05963,557.15125,-100.0,-51.57151794433594,-3.5200956
exp7_random_2,1899,1124.4421,1128.3634,0.0,-1.1699594259262085,-2.751303
exp7_random_2,1901,1025.3934,1028.8097,0.0,0.0,-3.4161437
exp7_random_2,1902,848.95105,854.15283,0.0,-0.42875438928604126,-4.7729406
exp7_random_2,1903,425.76947,533.80383,-100.0,-5.8545098304748535,-2.1798873
exp7_random_2,1904,-87.1656,63.909645,-100.0,-49.9717903137207,-1.1034702
exp7_random_2,1905,1041.8398,1046.6693,0.0,-0.9800805449485779,-3.8496485
exp7_random_2,1906,1143.0227,1147.3099,0.0,-1.506604790687561,-2.7806616
exp7_random_2,1907,883.7677,886.0956,0.0,-0.5068961977958679,-1.8211135
exp7_random_2,1908,989.55774,993.765,0.0,-0.8250162601470947,-3.3822765
exp7_random_2,1909,-101.69683,1.9287076,-100.0,-3.2035090923309326,-0.42202973
exp7_random_2,1910,1191.6588,1199.6252,0.0,-1.3171271085739136,-6.64924
exp7_random_2,1911,1132.9788,1145.481,0.0,-5.802593231201172,-6.699761
exp7_random_2,1912,1199.1422,1207.067,0.0,-1.8119741678237915,-6.113037
exp7_random_2,1913,-69.47828,38.744713,-100.0,-7.496551513671875,-0.72644496
exp7_random_2,1914,1042.7113,1048.5862,0.0,-2.1541178226470947,-3.7206461
exp7_random_2,1915,977.7038,981.06616,0.0,-0.14300823211669922,-3.2193475
exp7_random_2,1916,25.491158,130.7135,-100.0,-3.351494073867798,-1.8708403
exp7_random_2,1917,990.29553,993.2871,0.0,-0.021291375160217285,-2.9701726
exp7_random_2,1918,24.21862,135.61108,-100.0,-9.704571723937988,-1.6879151
exp7_random_2,1919,-80.17799,72.21842,-100.0,-51.219783782958984,-1.1766438
exp7_random_2,1921,923.82513,925.1406,0.0,-0.0785575658082962,-1.2368872
exp7_random_2,1922,476.98557,591.7842,-100.0,-11.527865409851074,-3.2706568
exp7_random_2,1923,-82.788666,23.283371,-100.0,-4.217690467834473,-1.8543556
exp7_random_2,1924,914.19824,914.8123,0.0,0.0,-0.61414474
exp7_random_2,1925,1113.2744,1118.2261,0.0,-0.2313811331987381,-4.72034
exp7_random_2,1926,131.06004,287.20285,-100.0,-54.37898254394531,-1.7638665
exp7_random_2,1927,379.32037,490.30237,-100.0,-3.717735528945923,-7.264265
exp7_random_2,1928,382.02396,498.9542,-100.0,-15.659649848937988,-1.270581
exp7_random_2,1929,1074.4242,1077.4685,0.0,0.0,-3.044181
exp7_random_2,1930,1371.1597,1376.3463,0.0,-0.3315090835094452,-4.8550653
exp7_random_2,1931,1293.5417,1298.7095,0.0,-0.017719805240631104,-5.1501775
exp7_random_2,1932,957.82153,959.66956,0.0,0.0,-1.8479283
exp7_random_2,1933,862.62384,865.5949,0.0,0.0,-2.9711027
exp7_random_2,1934,587.3738,698.2627,-100.0,-8.428849220275879,-2.4602535
exp7_random_2,1935,435.50778,570.38916,-100.0,-32.310768127441406,-2.5706728
exp7_random_2,1936,-137.12593,14.336966,-100.0,-50.77549743652344,-0.68740404
exp7_random_2,1937,871.5968,872.652,0.0,0.0,-1.0551819
exp7_random_2,1938,1229.639,1233.7141,0.0,-0.2293044626712799,-3.8456113
exp7_random_2,1939,1147.9609,1150.6964,0.0,0.0,-2.7355063
exp7_random_2,1941,1108.6003,1113.6898,0.0,-1.7813526391983032,-3.3083131
exp7_random_2,1942,997.6729,1001.8608,0.0,-1.4738352298736572,-2.7140725
exp7_random_2,1943,1144.98,1151.1641,0.0,-2.089877128601074,-4.094128
exp7_random_2,1944,1042.7975,1053.6189,0.0,-7.705323696136475,-3.1163273
exp7_random_2,1945,1024.5181,1028.0991,0.0,-0.9927007555961609,-2.588267
exp7_random_2,1946,10.262955,156.4812,-100.0,-43.98168182373047,-2.236589
exp7_random_2,1947,-130.91414,19.491621,-100.0,-49.87499999999999,-0.53076714
exp7_random_2,1948,1088.6927,1091.399,0.0,-0.021778851747512817,-2.6845472
exp7_random_2,1949,-67.51506,74.159546,-100.0,-40.096927642822266,-1.57768
exp7_random_2,1950,538.73474,647.6287,-100.0,-5.679743766784668,-3.214254
exp7_random_2,1951,20.669548,127.35154,-100.0,-4.477015495300293,-2.2049782
exp7_random_2,1952,980.51196,984.23645,0.0,-0.18797850608825684,-3.5366025
exp7_random_2,1953,-67.24522,83.91037,-100.0,-49.92958068847656,-1.2259994
exp7_random_2,1954,1054.6835,1061.5077,0.0,-0.49077993631362915,-6.333531
exp7_random_2,1955,538.1747,643.84094,-100.0,-2.7779390811920166,-2.888382
exp7_random_2,1956,347.10168,498.93802,-100.0,-49.974727630615234,-1.8615966
exp7_random_2,1957,-2.2686462,151.23091,-100.0,-51.52492141723633,-1.9746239
exp7_random_2,1958,921.99335,924.2068,0.0,0.0,-2.213349
exp7_random_2,1959,1008.6138,1013.0309,0.0,-1.0421764850616455,-3.3750076
exp7_random_2,1961,-125.57291,25.526651,-100.0,-50.17768859863281,-0.9218743
exp7_random_2,1962,992.8806,994.4817,0.0,0.0,-1.6009812
exp7_random_2,1963,-122.07137,31.219166,-100.0,-50.308509826660156,-2.9820325
exp7_random_2,1964,923.0519,927.73126,0.0,-0.37252160906791687,-4.3069897
exp7_random_2,1965,409.0609,559.85406,-100.0,-49.87499999999999,-0.91811705
exp7_random_2,1966,-110.772736,16.580471,-100.0,-26.76331329345703,-0.5898984
exp7_random_2,1967,-26.31839,81.552826,-100.0,-6.474811553955078,-1.3964059
exp7_random_2,1968,1111.0852,1119.74,0.0,-2.98404598236084,-5.670539
exp7_random_2,1969,1004.82837,1007.5412,0.0,0.0,-2.712944
exp7_random_2,1970,976.2533,980.90796,0.0,0.0,-4.6546373
exp7_random_2,1971,-90.98081,14.80911,-100.0,-3.9991018772125244,-1.7908145
exp7_random_2,1972,1166.0262,1173.2714,0.0,-2.483302593231201,-4.7619343
exp7_random_2,1973,951.3528,952.8336,0.0,-0.12106464803218842,-1.3597798
exp7_random_2,1974,-69.6723,84.80632,-100.0,-50.11482620239258,-4.363809
exp7_random_2,1975,1255.7869,1260.7893,0.0,-0.3851044476032257,-4.617216
exp7_random_2,1976,-101.637436,11.313084,-100.0,-12.350895881652832,-0.5996186
exp7_random_2,1977,539.2906,704.81165,-100.0,-53.93976974487305,-11.581467
exp7_random_2,1978,-94.017204,24.331173,-100.0,-17.725086212158203,-0.62329245
exp7_random_2,1979,1145.9933,1148.5076,0.0,-0.043672382831573486,-2.4704232
exp7_random_2,1981,1032.1079,1037.4175,0.0,-0.8466514945030212,-4.4630065
exp7_random_2,1982,720.89056,878.13,-100.0,-51.13969802856445,-6.0999136
exp7_random_2,1983,1397.8362,1402.4778,0.0,0.0,-4.6414013
exp7_random_2,1984,1136.3452,1142.8085,0.0,-0.5684776306152344,-5.894659
exp7_random_2,1985,-121.87325,2.0108528,-100.0,-23.355449676513672,-0.52864945
exp7_random_2,1986,99.98488,211.33813,-100.0,-7.440141677856445,-3.9131308
exp7_random_2,1987,540.745,693.38116,-100.0,-50.037811279296875,-2.5983436
exp7_random_2,1988,-140.47032,9.510816,-100.0,-49.87499999999999,-0.10613903
exp7_random_2,1989,1227.5034,1231.8217,0.0,-0.0889299213886261,-4.22953
exp7_random_2,1990,909.88367,910.526,0.0,0.0,-0.6423134
exp7_random_2,1991,440.59113,596.1134,-100.0,-50.21369171142578,-5.308578
exp7_random_2,1992,905.4208,907.97876,0.0,-0.23801423609256744,-2.3200572
exp7_random_2,1993,507.76166,612.58826,-100.0,-2.8886876106262207,-1.9379585
exp7_random_2,1994,576.41486,687.4991,-100.0,-6.981616973876953,-4.102582
exp7_random_2,1995,1253.9915,1261.1619,0.0,-1.001435399055481,-6.168679
exp7_random_2,1996,1083.9541,1089.654,0.0,-0.3193854093551636,-5.3805947
exp7_random_2,1997,1044.6818,1047.8303,0.0,-0.8947784900665283,-2.2539818
exp7_random_2,1998,1032.8969,1036.6633,0.0,-0.029340744018554688,-3.737159
exp7_random_2,1999,556.31714,664.8025,-100.0,-4.7642011642456055,-3.7210145
exp7_random_2,2001,-45.053413,60.530727,-100.0,-4.835903167724609,-0.74823684
exp7_random_2,2002,1226.5691,1230.6868,0.0,0.0,-4.1175194
exp7_random_2,2003,989.17737,991.1293,0.0,0.0,-1.9520335
exp7_random_2,2004,833.25684,834.73883,0.0,0.0,-1.4819542
exp7_random_2,2005,1236.8042,1247.6881,0.0,-4.671261310577393,-6.2126164
exp7_random_2,2006,931.164,932.3706,0.0,0.0,-1.2066078
exp7_random_2,2007,1081.7028,1082.1782,0.0,0.0,-0.47538495
exp7_random_2,2008,1175.0447,1180.3665,0.0,-1.4438822269439697,-3.8779387
exp7_random_2,2009,1071.845,1074.6089,0.0,-0.36242935061454773,-2.4014
exp7_random_2,2010,1002.9449,1006.9306,0.0,-0.9373564124107361,-3.0483143
exp7_random_2,2011,1027.2919,1039.9548,0.0,-4.387691497802734,-8.275551
exp7_random_2,2012,884.8029,888.5916,0.0,0.0,-3.7886865
exp7_random_2,2013,913.71545,915.0339,0.0,0.0,-1.3184943
exp7_random_2,2014,878.88745,880.39453,0.0,0.0,-1.5070691
exp7_random_2,2015,1050.7549,1053.4935,0.0,0.0,-2.7387855
exp7_random_2,2016,-29.652863,81.23643,-100.0,-9.573606491088867,-1.3156785
exp7_random_2,2017,1082.6998,1084.1165,0.0,0.0,-1.4166915
exp7_random_2,2018,-43.11654,108.12057,-100.0,-50.00480270385742,-1.2323142
exp7_random_2,2019,911.92505,913.52826,0.0,0.0,-1.6032357
exp7_random_2,2021,1022.4507,1025.0248,0.0,0.0,-2.5740573
exp7_random_2,2022,195.98712,319.33606,-100.0,-5.300911903381348,-18.048056
exp7_random_2,2023,1048.6287,1052.5801,0.0,-0.036624982953071594,-3.9143875
exp7_random_2,2024,992.0117,996.3575,0.0,-1.7847001552581787,-2.5610957
exp7_random_2,2025,959.3685,961.857,0.0,0.0,-2.488544
exp7_random_2,2026,1072.8568,1076.3525,0.0,-0.33537572622299194,-3.160461
exp7_random_2,2027,971.82,976.1777,0.0,-0.4101544916629791,-3.9474778
exp7_random_2,2028,1029.1826,1035.7135,0.0,-0.29120421409606934,-6.2397103
exp7_random_2,2029,900.75574,901.6218,0.0,0.0,-0.86604834
exp7_random_2,2030,-77.825226,25.650833,-100.0,-3.112980365753174,-0.36307427
exp7_random_2,2031,1105.6831,1108.9596,0.0,-0.3223491311073303,-2.9541457
exp7_random_2,2032,959.1469,961.65674,0.0,-0.7982826828956604,-1.7115676
exp7_random_2,2033,-52.6704,51.958565,-100.0,-3.6410932540893555,-0.9878577
exp7_random_2,2034,605.50555,762.4752,-100.0,-51.08384323120117,-5.885722
exp7_random_2,2035,1137.3066,1143.4194,0.0,-1.8792476654052734,-4.233637
exp7_random_2,2036,-63.825226,42.998924,-100.0,-5.600978851318359,-1.2231684
exp7_random_2,2037,1064.0602,1066.8738,0.0,-0.07587435841560364,-2.7377765
exp7_random_2,2038,902.25635,904.1777,0.0,0.0,-1.9212791
exp7_random_2,2039,479.16193,595.9301,-100.0,-11.187637329101562,-5.580561
exp7_random_2,2041,1196.0204,1200.4396,0.0,-0.1658799797296524,-4.253226
exp7_random_2,2042,1067.5751,1071.1248,0.0,0.0,-3.5496244
exp7_random_2,2043,-35.35299,116.02085,-100.0,-50.012184143066406,-1.3616657
exp7_random_2,2044,-86.3743,23.44776,-100.0,-8.303328514099121,-1.5187312
exp7_random_2,2045,1124.9478,1132.326,0.0,-0.5878111124038696,-6.7903085
exp7_random_2,2046,946.53674,950.17664,0.0,-0.13753744959831238,-3.5023992
exp7_random_2,2047,-46.18505,57.765495,-100.0,-2.6249654293060303,-1.3255925
exp7_random_2,2048,520.0,626.72266,-100.0,-3.6879732608795166,-3.0346878
exp7_random_2,2049,985.58936,989.34186,0.0,0.0,-3.7525673
exp7_random_2,2050,452.32553,558.2721,-100.0,-3.1484925746917725,-2.7980454
exp7_random_2,2051,1203.624,1211.0679,0.0,-1.9709757566452026,-5.472868
exp7_random_2,2052,384.42935,487.8663,-100.0,-2.5318515300750732,-0.9051253
exp7_random_2,2053,1083.5989,1086.4467,0.0,0.0,-2.8476942
exp7_random_2,2054,1083.1625,1089.5249,0.0,-0.4005809426307678,-5.962028
exp7_random_2,2055,497.03607,612.57983,-100.0,-8.462322235107422,-7.0814967
exp7_random_2,2056,1075.667,1078.9696,0.0,0.0,-3.30277
exp7_random_2,2057,460.4145,569.4325,-100.0,-3.279993772506714,-5.737988
exp7_random_2,2058,993.1422,1000.64594,0.0,-3.1072208881378174,-4.396389
exp7_random_2,2059,918.68506,921.78906,0.0,0.0,-3.103946
exp7_random_2,2061,994.58655,1002.3175,0.0,-3.691350221633911,-4.039674
exp7_random_2,2062,941.6886,945.3224,0.0,-0.5724508166313171,-3.0613554
exp7_random_2,2063,-85.93646,16.752613,-100.0,-2.166104793548584,-0.5229684
exp7_random_2,2064,939.8618,942.3747,0.0,-0.6465606093406677,-1.8663334
exp7_random_2,2065,608.32465,722.0512,-100.0,-7.4877214431762695,-6.2387705
exp7_random_2,2066,1026.046,1029.5153,0.0,-0.8995687365531921,-2.5696893
exp7_random_2,2067,934.8656,936.9437,0.0,-0.19256660342216492,-1.8856493
exp7_random_2,2068,1083.7483,1087.502,0.0,-1.4397499561309814,-2.3141026
exp7_random_2,2069,1158.9362,1163.75,0.0,-1.010637879371643,-3.803297
exp7_random_2,2070,482.90616,590.2246,-100.0,-5.403679847717285,-1.9147161
exp7_random_2,2071,664.74774,769.8083,-100.0,-2.9447402954101562,-2.115675
exp7_random_2,2072,981.2971,984.3899,0.0,-0.8233494162559509,-2.2693608
exp7_random_2,2073,-82.39675,68.431526,-100.0,-50.21207809448242,-0.6161962
exp7_random_2,2074,1178.0095,1184.6847,0.0,-1.4865883588790894,-5.188393
exp7_random_2,2075,-61.049038,46.600487,-100.0,-7.020516872406006,-0.62901205
exp7_random_2,2076,371.3824,508.66345,-100.0,-34.924407958984375,-2.3567433
exp7_random_2,2077,1088.4993,1092.3923,0.0,-0.64877849817276,-3.2441792
exp7_random_2,2078,-45.612003,64.82351,-100.0,-8.055728912353516,-2.379777
exp7_random_2,2079,-60.59394,92.10125,-100.0,-51.74087905883789,-0.9543355
exp7_random_2,2081,1015.9533,1019.99243,0.0,-0.5968418121337891,-3.4422874
exp7_random_2,2082,871.6183,873.55835,0.0,0.0,-1.9401124
exp7_random_2,2083,-64.94968,38.557835,-100.0,-2.696598768234253,-0.8109154
exp7_random_2,2084,878.3207,880.0005,0.0,0.0,-1.6798148
exp7_random_2,2085,849.7334,852.5587,0.0,0.0,-2.8253255
exp7_random_2,2086,951.958,954.3956,0.0,-0.24788513779640198,-2.189745
exp7_random_2,2087,1206.3452,1208.9982,0.0,0.0,-2.6529944
exp7_random_2,2088,998.50464,1001.56934,0.0,-0.3271196484565735,-2.7375598
exp7_random_2,2089,-86.16392,19.133032,-100.0,-4.412764072418213,-0.8841897
exp7_random_2,2090,1057.0817,1062.9545,0.0,-0.07302297651767731,-5.7998548
exp7_random_2,2091,1128.3336,1133.759,0.0,-0.6432610750198364,-4.7820687
exp7_random_2,2092,1041.7544,1044.7913,0.0,0.0,-3.036915
exp7_random_2,2093,1071.5356,1077.2058,0.0,-0.333194375038147,-5.336802
exp7_random_2,2094,623.39777,735.86255,-100.0,-8.236063003540039,-4.228711
exp7_random_2,2095,918.21216,925.23096,0.0,-2.6907293796539307,-4.3281207
exp7_random_2,2096,1178.5308,1184.4197,0.0,-0.46047112345695496,-5.428121
exp7_random_2,2097,990.77246,992.8451,0.0,0.0,-2.0725248
exp7_random_2,2098,872.26184,874.6594,0.0,-0.17982110381126404,-2.2178342
exp7_random_2,2099,988.50305,992.42957,0.0,0.0,-3.926765
exp7_random_2,2101,1003.43726,1005.6189,0.0,0.0,-2.1814504
exp7_random_2,2102,906.8458,910.17194,0.0,0.0,-3.326055
exp7_random_2,2103,932.885,935.0171,0.0,0.0,-2.1321778
exp7_random_2,2104,1185.1028,1191.156,0.0,-0.3348568081855774,-5.7181444
exp7_random_2,2105,1207.1411,1211.2883,0.0,-0.019681617617607117,-4.127707
exp7_random_2,2106,-42.37607,74.91967,-100.0,-13.243558883666992,-4.0521703
exp7_random_2,2107,1007.5494,1010.1526,0.0,0.0,-2.6032486
exp7_random_2,2108,883.6381,884.59106,0.0,0.0,-0.95293266
exp7_random_2,2109,1430.5282,1437.8567,0.0,-1.9522558450698853,-5.376275
exp7_random_2,2110,1073.7615,1078.7498,0.0,-1.6262362003326416,-3.362055
exp7_random_2,2111,1371.6104,1376.4565,0.0,-0.45369407534599304,-4.392399
exp7_random_2,2112,1136.1705,1141.9856,0.0,-0.2463303804397583,-5.5687594
exp7_random_2,2113,1128.5151,1132.0416,0.0,0.0,-3.5264347
exp7_random_2,2114,931.46985,933.87854,0.0,-0.2739604711532593,-2.1346502
exp7_random_2,2115,1305.2207,1310.2571,0.0,-0.1826935112476349,-4.8535647
exp7_random_2,2116,1075.3402,1078.7003,0.0,0.0,-3.3602438
exp7_random_2,2117,1067.5278,1072.5173,0.0,-0.8515331745147705,-4.138122
exp7_random_2,2118,1272.5684,1276.3732,0.0,-0.050616130232810974,-3.7540073
exp7_random_2,2119,1034.8633,1037.4644,0.0,0.0,-2.601043
exp7_random_2,2121,1200.9341,1206.3896,0.0,-1.1069674491882324,-4.348535
exp7_random_2,2122,904.4126,907.05096,0.0,-0.01865100860595703,-2.6197605
exp7_random_2,2123,1067.3348,1069.5361,0.0,0.0,-2.2012997
exp7_random_2,2124,1150.0574,1155.0364,0.0,-1.29240882396698,-3.686433
exp7_random_2,2125,1302.3982,1308.813,0.0,-1.2671109437942505,-5.147698
exp7_random_2,2126,1134.7837,1137.6302,0.0,0.0,-2.8466418
exp7_random_2,2127,-95.91191,8.75503,-100.0,-3.825511932373047,-0.8414326
exp7_random_2,2128,1263.0122,1268.9382,0.0,-1.165419340133667,-4.7606397
exp7_random_2,2129,-88.90132,16.102123,-100.0,-3.902437210083008,-1.1010059
exp7_random_2,2130,369.99823,524.3462,-100.0,-51.45401382446289,-2.893908
exp7_random_2,2131,1204.6014,1209.1813,0.0,-0.7946442365646362,-3.7853336
exp7_random_2,2132,921.2168,921.9218,0.0,0.0,-0.7050123
exp7_random_2,2133,935.8958,941.9353,0.0,-1.2170979976654053,-4.8225107
exp7_random_2,2134,969.2026,971.8582,0.0,-1.26583731174469,-1.3897929
exp7_random_2,2135,612.75366,727.61255,-100.0,-8.54603385925293,-6.3130126
exp7_random_2,2136,960.1177,961.0034,0.0,0.0,-0.88573176
exp7_random_2,2137,448.66458,603.0586,-100.0,-51.543846130371094,-2.8501763
exp7_random_2,2138,-10.4785385,103.472626,-100.0,-11.94581413269043,-2.0053585
exp7_random_2,2139,1329.4701,1339.5128,0.0,-0.9641973972320557,-9.07866
exp7_random_2,2141,1396.9628,1403.8896,0.0,-1.7018154859542847,-5.224992
exp7_random_2,2142,1146.5918,1154.7306,0.0,-1.2081717252731323,-6.9306307
exp7_random_2,2143,573.9241,678.9293,-100.0,-2.980778217315674,-2.0242949
exp7_random_2,2144,1239.493,1244.371,0.0,-1.2798820734024048,-3.598098
exp7_random_2,2145,1122.4374,1124.2456,0.0,0.0,-1.8083717
exp7_random_2,2146,1090.4739,1094.6559,0.0,-0.685322642326355,-3.496611
exp7_random_2,2147,1271.1085,1276.0392,0.0,-0.06121468544006348,-4.8693366
exp7_random_2,2148,-87.89129,21.72364,-100.0,-7.757657051086426,-1.8572775
exp7_random_2,2149,1018.3594,1022.4607,0.0,-0.026072576642036438,-4.0753016
exp7_random_2,2150,1238.1318,1243.2573,0.0,-0.022399529814720154,-5.1031876
exp7_random_2,2151,-88.22397,63.176945,-100.0,-50.52425765991211,-0.8766501
exp7_random_2,2152,443.74503,552.6141,-100.0,-6.547005653381348,-2.321984
exp7_random_2,2153,946.9752,952.5714,0.0,-0.6506988406181335,-4.945416
exp7_random_2,2154,1007.8799,1016.1456,0.0,-1.801163673400879,-6.4645534
exp7_random_2,2155,410.52777,519.18884,-100.0,-6.041873931884766,-2.6192167
exp7_random_2,2156,969.4635,972.8351,0.0,0.0,-3.3715863
exp7_random_2,2157,1162.5107,1166.5419,0.0,-0.9604108929634094,-3.0704985
exp7_random_2,2158,2.8533783,157.28331,-100.0,-51.81326675415039,-2.616678
exp7_random_2,2159,1129.9438,1137.5085,0.0,-0.8723657131195068,-6.692314
exp7_random_2,2161,906.04785,909.13074,0.0,-0.32207101583480835,-2.7607558
exp7_random_2,2162,970.25525,972.33105,0.0,0.0,-2.0755785
exp7_random_2,2163,-65.08477,38.130123,-100.0,-2.3748507499694824,-0.84003484
exp7_random_2,2164,1147.4319,1151.8969,0.0,-0.10499902069568634,-4.3599787
exp7_random_2,2165,992.39575,993.93945,0.0,0.0,-1.5437399
exp7_random_2,2166,1076.5193,1081.4075,0.0,-1.744293212890625,-3.143997
exp7_random_2,2167,993.37445,996.42017,0.0,-0.6808673143386841,-2.3649483
exp7_random_2,2168,448.82446,574.3247,-100.0,-24.55612564086914,-0.9440446
exp7_random_2,2169,-74.8602,34.038002,-100.0,-7.833414077758789,-1.064785
exp7_random_2,2170,932.2329,938.0702,0.0,-2.3456802368164062,-3.4914944
exp7_random_2,2171,-28.138329,78.929825,-100.0,-6.037158012390137,-1.0309916
exp7_random_2,2172,466.68158,620.2851,-100.0,-51.24250411987305,-2.3609788
exp7_random_2,2173,711.9789,867.9303,-100.0,-52.36467742919922,-3.5865366
exp7_random_2,2174,-125.95408,24.59832,-100.0,-49.901824951171875,-0.6505735
exp7_random_2,2175,-92.39519,59.67931,-100.0,-51.320152282714844,-0.7543514
exp7_random_2,2176,1276.5759,1281.492,0.0,0.0,-4.9159646
exp7_random_2,2177,1057.6155,1060.5928,0.0,0.0,-2.9773407
exp7_random_2,2178,895.6969,897.2202,0.0,0.0,-1.523354
exp7_random_2,2179,105.502075,259.2675,-100.0,-51.18709182739258,-2.5783632
exp7_random_2,2181,603.31665,735.85956,-100.0,-27.658145904541016,-4.884903
exp7_random_2,2182,1292.3942,1298.0559,0.0,-0.02167905867099762,-5.6401176
exp7_random_2,2183,473.3899,593.116,-100.0,-17.313295364379883,-2.4128385
exp7_random_2,2184,-83.73827,22.212708,-100.0,-5.446990966796875,-0.5039919
exp7_random_2,2185,1023.224,1028.8004,0.0,0.0,-5.5763936
exp7_random_2,2186,346.01044,498.92847,-100.0,-50.431182861328125,-2.4867966
exp7_random_2,2187,958.9325,960.91327,0.0,0.0,-1.9807973
exp7_random_2,2188,1179.9889,1183.7386,0.0,-0.008793726563453674,-3.7407725
exp7_random_2,2189,-27.84217,75.68342,-100.0,-2.559062957763672,-0.9665233
exp7_random_2,2190,1144.6207,1150.7283,0.0,-0.9996148943901062,-5.1076684
exp7_random_2,2191,439.81415,546.2882,-100.0,-2.492877960205078,-3.9811726
exp7_random_2,2192,1006.088,1009.8268,0.0,-0.9787406921386719,-2.7598805
exp7_random_2,2193,1367.694,1372.5647,0.0,-0.08378860354423523,-4.786741
exp7_random_2,2194,1005.4801,1007.4325,0.0,-0.3524461090564728,-1.6001432
exp7_random_2,2195,828.5189,830.67786,0.0,-0.01842537522315979,-2.1404562
exp7_random_2,2196,900.08936,900.8104,0.0,0.0,-0.72112125
exp7_random_2,2197,903.0576,905.3574,0.0,0.0,-2.2997909
exp7_random_2,2198,655.141,778.09393,-100.0,-19.664783477783203,-3.2883546
exp7_random_2,2199,-130.21678,20.761456,-100.0,-50.16292953491211,-0.8153179
exp7_random_2,2201,894.7632,896.0415,0.0,0.0,-1.2782761
exp7_random_2,2202,966.14844,970.03674,0.0,-1.1583120822906494,-2.7300777
exp7_random_2,2203,928.0614,931.6116,0.0,-0.34834638237953186,-3.2018075
exp7_random_2,2204,597.65894,751.0497,-100.0,-50.56703186035156,-2.8235495
exp7_random_2,2205,1120.9688,1123.5637,0.0,-0.006681472063064575,-2.588275
exp7_random_2,2206,1155.7023,1161.2137,0.0,-0.06693203747272491,-5.444603
exp7_random_2,2207,1006.4977,1010.1726,0.0,-0.13500134646892548,-3.5400898
exp7_random_2,2208,357.14813,473.96997,-100.0,-15.435790061950684,-1.3860284
exp7_random_2,2209,1177.9521,1181.1836,0.0,-0.006028264760971069,-3.2256327
exp7_random_2,2210,338.82892,453.75656,-100.0,-12.351105690002441,-2.5765512
exp7_random_2,2211,879.0182,880.72974,0.0,0.0,-1.7115136
exp7_random_2,2212,1242.0503,1244.6089,0.0,0.0,-2.558523
exp7_random_2,2213,971.46326,972.58246,0.0,0.0,-1.1190999
exp7_random_2,2214,955.9652,967.3624,0.0,-4.498698711395264,-6.8986063
exp7_random_2,2215,447.20587,553.54395,-100.0,-5.464835166931152,-0.87322223
exp7_random_2,2216,988.8623,990.29785,0.0,0.0,-1.4354677
exp7_random_2,2217,1065.9241,1068.8741,0.0,-0.03275579214096069,-2.9174662
exp7_random_2,2218,988.32874,989.4566,0.0,0.0,-1.1280205
exp7_random_2,2219,71.90039,179.01854,-100.0,-4.649186134338379,-2.468931
exp7_random_2,2221,-98.95578,4.6557693,-100.0,-3.0051426887512207,-0.6064047
exp7_random_2,2222,1065.1326,1068.8752,0.0,0.0,-3.742629
exp7_random_2,2223,952.77344,958.4404,0.0,-0.3858945369720459,-5.281215
exp7_random_2,2224,1148.9028,1154.4509,0.0,-1.3210334777832031,-4.2271442
exp7_random_2,2225,-82.108505,20.821089,-100.0,-2.300394058227539,-0.6292008
exp7_random_2,2226,-68.92864,36.02481,-100.0,-2.786182403564453,-2.1672697
exp7_random_2,2227,1024.5933,1030.2855,0.0,-1.077440619468689,-4.6147943
exp7_random_2,2228,1062.2078,1066.2328,0.0,-0.5989198684692383,-3.4262059
exp7_random_2,2229,918.78986,924.51666,0.0,-0.06192648410797119,-5.664857
exp7_random_2,2230,1063.2504,1068.4788,0.0,-0.82574462890625,-4.4029155
exp7_random_2,2231,1221.6641,1227.0775,0.0,-1.1905096769332886,-4.2229996
exp7_random_2,2232,996.7572,1000.7765,0.0,-0.07457563281059265,-3.9448273
exp7_random_2,2233,994.1869,998.8527,0.0,-0.00503753125667572,-4.6609426
exp7_random_2,2234,1216.7012,1224.5516,0.0,-1.249101996421814,-6.6016035
exp7_random_2,2235,-78.25852,73.15955,-100.0,-50.58650207519531,-0.8315688
exp7_random_2,2236,1211.6211,1219.3745,0.0,-0.37163811922073364,-7.3818297
exp7_random_2,2237,1017.87317,1021.4125,0.0,-0.045994192361831665,-3.493273
exp7_random_2,2238,525.89233,680.3339,-100.0,-50.76966094970703,-3.6720235
exp7_random_2,2239,1044.6357,1050.7369,0.0,-3.1784884929656982,-2.9227135
exp7_random_2,2241,1048.3956,1051.3855,0.0,0.0,-2.9896667
exp7_random_2,2242,533.94745,642.5229,-100.0,-3.4685680866241455,-5.1068325
exp7_random_2,2243,-89.874535,36.34293,-100.0,-25.689128875732422,-0.52833694
exp7_random_2,2244,1070.041,1075.7225,0.0,-0.07536734640598297,-5.6061354
exp7_random_2,2245,1244.0482,1252.7296,0.0,-2.555619478225708,-6.126047
exp7_random_2,2246,1084.6804,1109.9501,0.0,-5.422318458557129,-19.847425
exp7_random_2,2247,1056.39,1061.8292,0.0,-0.3200436234474182,-5.1193304
exp7_random_2,2248,-20.431213,84.857864,-100.0,-3.660550117492676,-1.6285319
exp7_random_2,2249,-104.51199,5.339941,-100.0,-9.804224967956543,-0.04771692
exp7_random_2,2250,-20.532684,105.7568,-100.0,-24.624128341674805,-1.6653458
exp7_random_2,2251,977.5482,980.9203,0.0,-0.2566632628440857,-3.115497
exp7_random_2,2252,979.6405,983.08203,0.0,0.0,-3.4412978
exp7_random_2,2253,1010.3246,1014.7344,0.0,-0.21056567132472992,-4.199096
exp7_random_2,2254,-26.329117,77.13981,-100.0,-2.2904701232910156,-1.1784681
exp7_random_2,2255,558.84985,672.96906,-100.0,-10.932143211364746,-3.187101
exp7_random_2,2256,910.40247,912.2768,0.0,0.0,-1.8743457
exp7_random_2,2257,1026.2274,1029.8586,0.0,-0.6172049045562744,-3.0140963
exp7_random_2,2258,1179.6007,1182.0342,0.0,-0.22388345003128052,-2.2096262
exp7_random_2,2259,-102.12456,34.003242,-100.0,-34.19093704223633,-1.9368646
exp7_random_2,2261,1009.1124,1012.743,0.0,0.0,-3.6305926
exp7_random_2,2262,998.81744,1000.9027,0.0,0.0,-2.0852509
exp7_random_2,2263,1285.76,1291.7733,0.0,-1.164811611175537,-4.8484507
exp7_random_2,2264,-140.01834,-23.68152,-100.0,-8.50672721862793,-7.8300896
exp7_random_2,2265,440.88718,553.32605,-100.0,-8.202696800231934,-4.2361755
exp7_random_2,2266,-77.24078,42.458794,-100.0,-18.5142822265625,-1.1853005
exp7_random_2,2267,1073.249,1075.7546,0.0,0.0,-2.5053132
exp7_random_2,2268,1030.5414,1035.7825,0.0,-0.3949284255504608,-4.8461375
exp7_random_2,2269,864.41077,867.6122,0.0,0.0,-3.2014186
exp7_random_2,2270,950.4784,958.2561,0.0,-1.107620358467102,-6.6701045
exp7_random_2,2271,956.50354,959.58997,0.0,-0.79129958152771,-2.295307
exp7_random_2,2272,1015.03827,1017.63745,0.0,0.0,-2.5993037
exp7_random_2,2273,1173.042,1177.5554,0.0,-0.11739140748977661,-4.395923
exp7_random_2,2274,998.1046,1000.2766,0.0,0.0,-2.1718886
exp7_random_2,2275,955.156,958.8292,0.0,-0.009303152561187744,-3.663826
exp7_random_2,2276,1045.8511,1047.6741,0.0,0.0,-1.8231015
exp7_random_2,2277,1172.1934,1174.3938,0.0,0.0,-2.2003736
exp7_random_2,2278,1052.1001,1055.8684,0.0,0.0,-3.7683496
exp7_random_2,2279,591.5965,745.17206,-100.0,-51.76305389404297,-1.8124601
exp7_random_2,2281,947.7648,954.1852,0.0,-2.1409738063812256,-4.279551
exp7_random_2,2282,1009.622,1013.0774,0.0,-0.8689844012260437,-2.5863261
exp7_random_2,2283,-83.01797,67.88267,-100.0,-50.19704055786133,-0.70360696
exp7_random_2,2284,1102.4135,1108.7618,0.0,-2.631758213043213,-3.7165968
exp7_random_2,2285,381.76315,506.07,-100.0,-21.951095581054688,-2.3557148
exp7_random_2,2286,1025.3362,1026.4761,0.0,0.0,-1.1398777
exp7_random_2,2287,908.7041,911.2617,0.0,0.0,-2.5576766
exp7_random_2,2288,895.35693,898.1103,0.0,0.0,-2.7533355
exp7_random_2,2289,347.933,451.3514,-100.0,-1.9968066215515137,-1.421619
exp7_random_2,2290,1251.7079,1256.9144,0.0,-0.9120347499847412,-4.2946277
exp7_random_2,2291,967.91565,972.4065,0.0,-1.6415823698043823,-2.8493195
exp7_random_2,2292,872.3762,875.9,0.0,0.0,-3.523728
exp7_random_2,2293,1134.7625,1136.6892,0.0,0.0,-1.9268007
exp7_random_2,2294,987.87744,996.2699,0.0,-5.155416011810303,-3.2369254
exp7_random_2,2295,977.89954,980.4751,0.0,-0.1247696578502655,-2.4508102
exp7_random_2,2296,906.9432,911.4852,0.0,-0.23793825507164001,-4.3040442
exp7_random_2,2297,1152.0748,1155.458,0.0,-0.03282278776168823,-3.3502195
exp7_random_2,2298,530.40796,640.30145,-100.0,-5.5475873947143555,-4.3460107
exp7_random_2,2299,-139.848,10.1459255,-100.0,-49.990665435791016,-0.0032793921
exp7_random_2,2301,-128.35806,23.538437,-100.0,-51.66239929199219,-0.23408891
exp7_random_2,2302,1203.634,1209.4353,0.0,-0.11730127036571503,-5.683785
exp7_random_2,2303,922.9158,925.94604,0.0,0.0,-3.0304172
exp7_random_2,2304,351.09503,502.78217,-100.0,-49.996238708496094,-1.6908739
exp7_random_2,2305,1066.8953,1073.3394,0.0,-2.620298147201538,-3.8235896
exp7_random_2,2306,1028.2205,1034.0852,0.0,-0.34776821732521057,-5.5167384
exp7_random_2,2307,974.5773,976.9353,0.0,-0.12493425607681274,-2.2331624
exp7_random_2,2308,1079.0989,1086.718,0.0,-3.1734695434570312,-4.4457145
exp7_random_2,2309,1043.1433,1048.7814,0.0,-1.575271725654602,-4.0627317
exp7_random_2,2310,1076.6492,1081.3164,0.0,-0.018418937921524048,-4.64882
exp7_random_2,2311,923.53735,926.5731,0.0,0.0,-3.0356655
exp7_random_2,2312,-136.93584,14.58777,-100.0,-50.57952117919922,-0.9440887
exp7_random_2,2313,1053.8245,1060.6527,0.0,-2.093299388885498,-4.7347364
exp7_random_2,2314,384.16434,538.1456,-100.0,-51.51533508300781,-2.4659991
exp7_random_2,2315,1052.7006,1058.9623,0.0,-0.013905346393585205,-6.247666
exp7_random_2,2316,951.3645,954.61096,0.0,-0.008498787879943848,-3.2379508
exp7_random_2,2317,-64.349884,46.01346,-100.0,-9.57066535949707,-0.79268116
exp7_random_2,2318,1084.1559,1088.0005,0.0,-0.39026451110839844,-3.454448
exp7_random_2,2319,1041.3501,1044.6796,0.0,-0.28969061374664307,-3.0395796
exp7_random_2,2321,577.6125,730.5746,-100.0,-50.08179473876953,-2.880345
exp7_random_2,2322,1309.5222,1321.6411,0.0,-4.195420265197754,-7.9235287
exp7_random_2,2323,1170.752,1186.5167,0.0,-10.445000648498535,-5.3197584
exp7_random_2,2324,1118.3296,1123.0038,0.0,-0.11224865913391113,-4.561581
exp7_random_2,2325,998.7191,1003.39343,0.0,-0.6722638607025146,-4.0020676
exp7_random_2,2326,1023.4475,1026.1871,0.0,-0.37553006410598755,-2.3638422
exp7_random_2,2327,5.0350876,112.44851,-100.0,-4.2581939697265625,-3.1552348
exp7_random_2,2328,1037.5005,1041.9355,0.0,0.0,-4.4348946
exp7_random_2,2329,1243.6257,1256.405,0.0,-4.671072959899902,-8.108308
exp7_random_2,2330,1142.1267,1147.6409,0.0,0.0,-5.5141945
exp7_random_2,2331,1090.3453,1097.9324,0.0,-1.8099993467330933,-5.777028
exp7_random_2,2332,1079.2946,1085.4761,0.0,-1.0566649436950684,-5.1248264
exp7_random_2,2333,1032.9933,1037.6063,0.0,-0.4491243362426758,-4.1639824
exp7_random_2,2334,1057.4271,1060.9138,0.0,0.0,-3.486711
exp7_random_2,2335,1269.6646,1274.8743,0.0,-0.013311013579368591,-5.196185
exp7_random_2,2336,1065.4294,1069.5211,0.0,-0.8165956139564514,-3.274952
exp7_random_2,2337,1064.2504,1073.5023,0.0,-0.29433631896972656,-8.957479
exp7_random_2,2338,-108.37139,44.065292,-100.0,-51.587284088134766,-0.8493984
exp7_random_2,2339,817.5176,930.6032,-100.0,-4.591035842895508,-8.494995
exp7_random_2,2341,476.99377,587.28864,-100.0,-7.680612564086914,-2.6143322
exp7_random_2,2342,998.7371,1002.985,0.0,-0.8914576172828674,-3.3564482
exp7_random_2,2343,862.69574,864.7703,0.0,0.0,-2.0745296
exp7_random_2,2344,1139.6796,1146.8413,0.0,-0.6020687222480774,-6.5596385
exp7_random_2,2345,1314.5834,1320.0702,0.0,-0.024174243211746216,-5.462695
exp7_random_2,2346,1112.4197,1114.5027,0.0,0.0,-2.0830274
exp7_random_2,2347,1305.7429,1309.6035,0.0,-0.2396959513425827,-3.6208017
exp7_random_2,2348,957.34534,961.522,0.0,0.0,-4.1765265
exp7_random_2,2349,1061.5214,1066.3801,0.0,-0.7314019203186035,-4.1272182
exp7_random_2,2350,1015.1297,1017.9851,0.0,-0.02916310727596283,-2.8263555
exp7_random_2,2351,1054.7944,1056.9812,0.0,-0.4097730219364166,-1.7770737
exp7_random_2,2352,1024.2423,1027.536,0.0,-0.6980541944503784,-2.5955489
exp7_random_2,2353,976.7579,981.38654,0.0,-1.1008460521697998,-3.527871
exp7_random_2,2354,-94.787186,55.914078,-100.0,-49.87499999999999,-0.8262712
exp7_random_2,2355,1404.5752,1412.1022,0.0,-0.22081002593040466,-7.306169
exp7_random_2,2356,1125.5629,1129.2283,0.0,0.0,-3.6657243
exp7_random_2,2357,1205.5707,1212.936,0.0,-0.07202132046222687,-7.2935963
exp7_random_2,2358,486.7655,600.0761,-100.0,-10.054726600646973,-3.255893
exp7_random_2,2359,927.8308,928.4735,0.0,0.0,-0.6427579
exp7_random_2,2361,996.3863,1001.9597,0.0,-1.584818959236145,-3.9887967
exp7_random_2,2362,496.41254,607.435,-100.0,-6.513607978820801,-4.508739
exp7_random_2,2363,1069.883,1074.0475,0.0,-0.5191848278045654,-3.645113
exp7_random_2,2364,1219.2957,1225.9862,0.0,-0.4750376343727112,-6.2154856
exp7_random_2,2365,665.4894,775.13837,-100.0,-5.263372898101807,-4.3856907
exp7_random_2,2366,393.69318,549.123,-100.0,-52.01719665527344,-3.4126267
exp7_random_2,2367,482.84473,639.4986,-100.0,-52.735740661621094,-3.9184005
exp7_random_2,2368,992.0249,996.0176,0.0,-0.4334592819213867,-3.5592039
exp7_random_2,2369,932.03906,933.5244,0.0,-0.012401267886161804,-1.4729655
exp7_random_2,2370,-69.363594,36.418053,-100.0,-4.705804347991943,-1.0758431
exp7_random_2,2371,-29.73011,121.814545,-100.0,-49.87961959838867,-1.6650231
exp7_random_2,2372,1197.6754,1205.618,0.0,-0.04561638832092285,-7.896732
exp7_random_2,2373,502.16815,655.5738,-100.0,-50.452632904052734,-2.9529996
exp7_random_2,2374,919.92566,922.6277,0.0,-0.09005080163478851,-2.6118991
exp7_random_2,2375,991.7952,994.1387,0.0,-0.005805596709251404,-2.337437
exp7_random_2,2376,475.46112,583.6066,-100.0,-5.95024299621582,-2.1952672
exp7_random_2,2377,1031.4185,1035.7246,0.0,-0.05783301591873169,-4.2483897
exp7_random_2,2378,1017.879,1026.5469,0.0,-1.8569965362548828,-6.810787
exp7_random_2,2379,-135.40875,15.61726,-100.0,-50.044593811035156,-0.98142624
exp7_random_2,2381,1016.3617,1023.25854,0.0,-0.2504676580429077,-6.6463366
exp7_random_2,2382,1091.8804,1093.8037,0.0,0.0,-1.9232575
exp7_random_2,2383,953.0013,954.5023,0.0,0.0,-1.5010258
exp7_random_2,2384,883.8771,886.5038,0.0,-0.02175651490688324,-2.6049259
exp7_random_2,2385,990.4525,992.4562,0.0,0.0,-2.003676
exp7_random_2,2386,909.5234,911.2943,0.0,0.0,-1.7708917
exp7_random_2,2387,945.2186,949.4861,0.0,-0.5275022387504578,-3.7400482
exp7_random_2,2388,1111.2556,1114.0381,0.0,-0.448954313993454,-2.333443
exp7_random_2,2389,-28.254356,124.8989,-100.0,-51.864044189453125,-1.2892157
exp7_random_2,2390,-32.30561,70.88142,-100.0,-2.525073289871216,-0.66195256
exp7_random_2,2391,305.4762,458.939,-100.0,-50.265628814697266,-3.1970987
exp7_random_2,2392,1043.6931,1046.1202,0.0,-0.10261417925357819,-2.3244996
exp7_random_2,2393,1084.1337,1087.7375,0.0,0.0,-3.6037452
exp7_random_2,2394,463.05304,572.17175,-100.0,-5.3794450759887695,-3.7391233
exp7_random_2,2395,-106.61879,46.86484,-100.0,-50.1939697265625,-3.2896693
exp7_random_2,2396,946.89844,949.323,0.0,-0.2413216531276703,-2.1831748
exp7_random_2,2397,-128.4732,22.41907,-100.0,-50.048648834228516,-0.84361684
exp7_random_2,2398,-67.155975,39.21627,-100.0,-5.468864440917969,-0.9033817
exp7_random_2,2399,1123.1868,1129.1427,0.0,-0.11843259632587433,-5.837322
exp7_random_2,2401,-104.05112,47.90245,-100.0,-50.99150466918945,-0.9620613
exp7_random_2,2402,1000.9148,1004.0876,0.0,-0.003837496042251587,-3.1689408
exp7_random_2,2403,357.24573,512.37177,-100.0,-51.217193603515625,-3.9088619
exp7_random_2,2404,1351.095,1355.795,0.0,-0.2247260957956314,-4.4754014
exp7_random_2,2405,403.30554,560.38464,-100.0,-51.185386657714844,-5.893769
exp7_random_2,2406,942.7126,952.1035,0.0,-2.4893507957458496,-6.9015827
exp7_random_2,2407,959.4966,962.941,0.0,0.0,-3.444274
exp7_random_2,2408,502.1407,620.6278,-100.0,-13.184797286987305,-5.302399
exp7_random_2,2409,989.96155,992.7937,0.0,0.0,-2.832032
exp7_random_2,2410,402.5312,511.49744,-100.0,-6.033483982086182,-2.9328048
exp7_random_2,2411,494.4898,652.28973,-100.0,-52.864261627197266,-4.935588
exp7_random_2,2412,1179.6458,1186.6504,0.0,-1.2219014167785645,-5.782796
exp7_random_2,2413,1090.8398,1093.7083,0.0,-0.4301110804080963,-2.4381118
exp7_random_2,2414,932.83655,935.10657,0.0,-0.09101061522960663,-2.179054
exp7_random_2,2415,1057.9342,1062.6622,0.0,-1.746025562286377,-2.9819162
exp7_random_2,2416,1171.9127,1173.6589,0.0,0.0,-1.7462939
exp7_random_2,2417,1180.889,1183.3353,0.0,0.0,-2.4464703
exp7_random_2,2418,432.7627,546.6569,-100.0,-7.335733413696289,-6.5584035
exp7_random_2,2419,-43.522194,59.964314,-100.0,-2.4009838104248047,-1.0855283
exp7_random_2,2421,22.265274,165.75621,-100.0,-41.87609100341797,-1.6148428
exp7_random_2,2422,596.62665,705.42755,-100.0,-4.067004203796387,-4.733994
exp7_random_2,2423,1064.3354,1068.1896,0.0,-0.6962193250656128,-3.1577547
exp7_random_2,2424,956.2142,957.9706,0.0,0.0,-1.7562902
exp7_random_2,2425,1133.3453,1136.4457,0.0,0.0,-3.1003354
exp7_random_2,2426,1004.149,1007.02405,0.0,-0.9666428565979004,-1.9082556
exp7_random_2,2427,1081.0775,1084.4348,0.0,-0.10052409768104553,-3.2567718
exp7_random_2,2428,1128.3529,1136.9016,0.0,-1.6822996139526367,-6.86631
exp7_random_2,2429,1017.7097,1021.2938,0.0,-0.05490665137767792,-3.5293806
exp7_random_2,2430,443.9243,554.2696,-100.0,-3.8306446075439453,-6.5146065
exp7_random_2,2431,279.74066,430.06152,-100.0,-50.00929260253906,-0.31157354
exp7_random_2,2432,314.78796,458.36136,-100.0,-42.5634880065918,-1.0099115
exp7_random_2,2433,-61.191868,41.602936,-100.0,-2.1191980838775635,-0.6755964
exp7_random_2,2434,1017.2305,1021.3662,0.0,-0.3030136227607727,-3.832705
exp7_random_2,2435,1040.417,1043.6045,0.0,-0.08330084383487701,-3.1042855
exp7_random_2,2436,998.7651,1001.4972,0.0,-1.401163101196289,-1.3309636
exp7_random_2,2437,468.11713,574.3434,-100.0,-2.8022706508636475,-3.424
exp7_random_2,2438,-42.75544,111.380104,-100.0,-52.24138641357422,-1.894157
exp7_random_2,2439,78.946815,182.51665,-100.0,-2.3734798431396484,-1.1963573
exp7_random_2,2441,847.88635,849.5045,0.0,0.0,-1.6182699
exp7_random_2,2442,1094.822,1102.542,0.0,-2.7624058723449707,-4.957515
exp7_random_2,2443,921.7125,924.24225,0.0,0.0,-2.5297143
exp7_random_2,2444,430.60803,540.0373,-100.0,-4.176234245300293,-5.2529593
exp7_random_2,2445,1150.1903,1155.4039,0.0,-1.1910860538482666,-4.0224714
exp7_random_2,2446,812.9301,814.3517,0.0,0.0,-1.421517
exp7_random_2,2447,1079.0505,1082.5907,0.0,-0.14909835159778595,-3.391375
exp7_random_2,2448,1151.0784,1156.4551,0.0,0.0,-5.3767157
exp7_random_2,2449,1085.1819,1091.7177,0.0,-1.4637622833251953,-5.072106
exp7_random_2,2450,1056.1709,1058.2009,0.0,0.0,-2.0299556
exp7_random_2,2451,942.38306,947.29626,0.0,-0.2781248390674591,-4.6350493
exp7_random_2,2452,1214.5186,1219.9205,0.0,-0.41554123163223267,-4.986375
exp7_random_2,2453,987.50775,992.2705,0.0,0.0,-4.7626977
exp7_random_2,2454,1180.6572,1186.2931,0.0,-1.307085394859314,-4.328603
exp7_random_2,2455,937.1293,938.964,0.0,0.0,-1.8345878
exp7_random_2,2456,981.84607,984.2977,0.0,0.0,-2.4516315
exp7_random_2,2457,1140.0255,1145.0242,0.0,-0.10057593882083893,-4.8982453
exp7_random_2,2458,1087.7029,1096.0022,0.0,-1.3891680240631104,-6.909976
exp7_random_2,2459,1161.269,1166.8262,0.0,-0.36017340421676636,-5.197053
exp7_random_2,2461,999.54126,1002.8231,0.0,-0.36646905541419983,-2.915492
exp7_random_2,2462,387.16855,543.9447,-100.0,-51.23122787475586,-5.5449343
exp7_random_2,2463,998.6398,1001.0161,0.0,0.0,-2.3763847
exp7_random_2,2464,1060.6643,1068.6864,0.0,-1.0296717882156372,-6.9927435
exp7_random_2,2465,-46.690063,104.303795,-100.0,-49.87499999999999,-1.1188713
exp7_random_2,2466,1271.9758,1281.4211,0.0,-2.9423389434814453,-6.5031724
exp7_random_2,2467,1252.5151,1257.854,0.0,-0.6573108434677124,-4.681495
exp7_random_2,2468,1021.55743,1031.5956,0.0,-3.01252818107605,-7.0255504
exp7_random_2,2469,-81.100746,37.65348,-100.0,-17.488759994506836,-1.2654648
exp7_random_2,2470,976.9446,980.3731,0.0,-0.8335670828819275,-2.5950425
exp7_random_2,2471,1110.4161,1115.5851,0.0,-1.532644510269165,-3.6363943
exp7_random_2,2472,1144.0566,1149.655,0.0,-0.1761666238307953,-5.4224358
exp7_random_2,2473,1112.8315,1116.6462,0.0,-0.021099984645843506,-3.7936392
exp7_random_2,2474,1046.2517,1050.8008,0.0,-0.35084348917007446,-4.198231
exp7_random_2,2475,1027.5701,1032.2521,0.0,0.0,-4.6819267
exp7_random_2,2476,1306.7898,1320.4521,0.0,-5.987980842590332,-7.674348
exp7_random_2,2477,457.53915,597.8521,-100.0,-36.748165130615234,-3.564746
exp7_random_2,2478,1184.5393,1189.1755,0.0,-0.6630215048789978,-3.9732952
exp7_random_2,2479,1115.5608,1121.9834,0.0,-1.6718837022781372,-4.7503467
exp7_random_2,2481,-64.83882,89.35873,-100.0,-52.931549072265625,-1.2659937
exp7_random_2,2482,933.81903,937.1905,0.0,0.0,-3.3713791
exp7_random_2,2483,1281.7053,1288.1884,0.0,-0.6786139011383057,-5.8043046
exp7_random_2,2484,1019.80493,1025.6318,0.0,-2.449246883392334,-3.3775933
exp7_random_2,2485,953.08044,959.2123,0.0,-0.4713701009750366,-5.6603956
exp7_random_2,2486,855.11346,856.5405,0.0,-0.1342134326696396,-1.2928909
exp7_random_2,2487,1328.1322,1335.5144,0.0,-1.4328863620758057,-5.9493065
exp7_random_2,2488,976.69116,978.70056,0.0,0.0,-2.0094795
exp7_random_2,2489,960.53357,962.7135,0.0,0.0,-2.179922
exp7_random_2,2490,1099.0911,1102.4319,0.0,-0.3185359537601471,-3.0221632
exp7_random_2,2491,1142.1274,1146.1888,0.0,-0.022391825914382935,-4.039119
exp7_random_2,2492,-118.77089,33.38821,-100.0,-51.033843994140625,-1.1252553
exp7_random_2,2493,1207.7041,1212.3723,0.0,-1.1366244554519653,-3.5315654
exp7_random_2,2494,1166.689,1172.5206,0.0,-0.06574423611164093,-5.765992
exp7_random_2,2495,-18.833893,135.0873,-100.0,-51.043182373046875,-2.8779955
exp7_random_2,2496,1026.6958,1032.979,0.0,-0.5125374794006348,-5.7708225
exp7_random_2,2497,1128.3246,1132.9788,0.0,-0.07162375748157501,-4.5825887
exp7_random_2,2498,62.211678,168.06708,-100.0,-3.733123779296875,-2.1222591
exp7_random_2,2499,1217.9268,1225.3784,0.0,-2.2949366569519043,-5.1567454
exp7_random_2,2501,1158.3025,1161.8928,0.0,0.0,-3.5903041
exp7_random_2,2502,922.82446,927.98694,0.0,-1.567291021347046,-3.5952296
exp7_random_2,2503,1032.291,1035.232,0.0,-0.22254487872123718,-2.7183487
exp7_random_2,2504,1348.0933,1353.6936,0.0,-1.6371045112609863,-3.962999
exp7_random_2,2505,1105.1364,1110.2399,0.0,-0.0022907406091690063,-5.1012096
exp7_random_2,2506,1099.5338,1102.075,0.0,-0.03431795537471771,-2.5068161
exp7_random_2,2507,866.6078,869.4884,0.0,0.0,-2.8807962
exp7_random_2,2508,1157.3607,1160.17,0.0,-0.3064793646335602,-2.5028396
exp7_random_2,2509,870.64453,873.2627,0.0,0.0,-2.618201
exp7_random_2,2510,621.98413,775.85016,-100.0,-50.10123825073242,-3.7647533
exp7_random_2,2511,10.152199,123.15295,-100.0,-11.740591049194336,-1.2601465
exp7_random_2,2512,1162.8723,1168.3945,0.0,-1.2243003845214844,-4.298056
exp7_random_2,2513,1109.4818,1114.585,0.0,-1.569294810295105,-3.5336795
exp7_random_2,2514,972.39526,973.4339,0.0,0.0,-1.0386755
exp7_random_2,2515,27.059296,179.37552,-100.0,-50.29458236694336,-2.0216582
exp7_random_2,2516,1108.6323,1113.4562,0.0,-0.09498979151248932,-4.729052
exp7_random_2,2517,-103.394775,16.323265,-100.0,-18.957077026367188,-0.76097137
exp7_random_2,2518,1190.5707,1196.2855,0.0,-0.33501437306404114,-5.3796906
exp7_random_2,2519,1101.687,1106.8699,0.0,-2.293726921081543,-2.8892186
exp7_random_2,2521,1021.70636,1023.32935,0.0,0.0,-1.6229846
exp7_random_2,2522,-66.87836,44.964905,-100.0,-10.142450332641602,-1.7008097
exp7_random_2,2523,1136.9653,1140.6005,0.0,-0.1028432846069336,-3.5322511
exp7_random_2,2524,1151.676,1157.1686,0.0,-0.41109997034072876,-5.0812426
exp7_random_2,2525,-141.51556,8.890063,-100.0,-50.03542709350586,-0.37022108
exp7_random_2,2526,981.8373,987.5973,0.0,-0.8791340589523315,-4.8806996
exp7_random_2,2527,375.18146,529.4448,-100.0,-49.87499999999999,-4.388324
exp7_random_2,2528,990.238,992.08856,0.0,0.0,-1.8505651
exp7_random_2,2529,429.2173,584.39923,-100.0,-50.61871337890625,-4.563386
exp7_random_2,2530,1192.3168,1196.8953,0.0,-0.07882729172706604,-4.4996133
exp7_random_2,2531,435.7132,557.5258,-100.0,-19.0639591217041,-2.7487826
exp7_random_2,2532,1187.4496,1190.4845,0.0,0.0,-3.0350857
exp7_random_2,2533,1333.4392,1339.9626,0.0,-0.7560259699821472,-5.7678227
exp7_random_2,2534,1145.9962,1149.271,0.0,-0.00363786518573761,-3.2710202
exp7_random_2,2535,950.70215,953.14856,0.0,-0.42018014192581177,-2.0261848
exp7_random_2,2536,1171.2351,1174.5638,0.0,0.0,-3.3287141
exp7_random_2,2537,991.8626,1000.40027,0.0,-4.1627044677734375,-4.375002
exp7_random_2,2538,1250.8175,1254.586,0.0,0.0,-3.7686522
exp7_random_2,2539,1132.8777,1135.9784,0.0,0.0,-3.1006498
exp7_random_2,2541,-85.59658,65.380844,-100.0,-49.91452407836914,-1.062902
exp7_random_2,2542,96.551506,203.01408,-100.0,-2.9372639656066895,-3.5252922
exp7_random_2,2543,1075.9893,1078.9966,0.0,0.0,-3.0071378
exp7_random_2,2544,1201.3147,1206.8716,0.0,-0.1026434600353241,-5.4542093
exp7_random_2,2545,-96.69008,7.4738297,-100.0,-3.8454461097717285,-0.3184643
exp7_random_2,2546,1061.6401,1065.551,0.0,-0.16655279695987701,-3.7441607
exp7_random_2,2547,1025.3093,1031.0448,0.0,-2.1574573516845703,-3.5778193
exp7_random_2,2548,1215.3766,1222.5352,0.0,-1.5668749809265137,-5.5920696
exp7_random_2,2549,1048.9515,1052.4592,0.0,-0.13998349010944366,-3.3678024
exp7_random_2,2550,1067.0771,1075.9481,0.0,-4.355863094329834,-4.515097
exp7_random_2,2551,870.89014,872.37744,0.0,-0.2260279357433319,-1.261301
exp7_random_2,2552,1058.8188,1066.6072,0.0,-0.2975728511810303,-7.490639
exp7_random_2,2553,659.43866,767.17957,-100.0,-3.008481740951538,-4.7324886
exp7_random_2,2554,-136.10112,14.242738,-100.0,-49.87499999999999,-0.46886304
exp7_random_2,2555,766.11743,884.54474,-100.0,-5.094931602478027,-13.331868
exp7_random_2,2556,-54.431656,96.693146,-100.0,-49.87499999999999,-1.2498091
exp7_random_2,2557,1152.3677,1156.1061,0.0,-0.7957944273948669,-2.9425251
exp7_random_2,2558,-28.300476,76.4443,-100.0,-2.7214713096618652,-2.0232916
exp7_random_2,2559,949.2976,952.2717,0.0,-0.13249093294143677,-2.8416512
exp7_random_2,2561,1259.9536,1264.1715,0.0,-0.3178568184375763,-3.9000673
exp7_random_2,2562,995.42883,998.67224,0.0,-0.8966147899627686,-2.3468218
exp7_random_2,2563,965.30054,967.73456,0.0,-0.005388975143432617,-2.428629
exp7_random_2,2564,1047.8312,1049.8901,0.0,0.0,-2.0589187
exp7_random_2,2565,1340.6719,1344.2094,0.0,0.0,-3.5373716
exp7_random_2,2566,1012.2134,1017.3429,0.0,-1.2148975133895874,-3.9148479
exp7_random_2,2567,926.8904,929.0984,0.0,-0.09873545169830322,-2.1092534
exp7_random_2,2568,1042.7148,1046.9319,0.0,-0.11455635726451874,-4.1025596
exp7_random_2,2569,-103.14645,47.576427,-100.0,-49.95521545410156,-0.7676518
exp7_random_2,2570,918.1921,919.1764,0.0,0.0,-0.9842668
exp7_random_2,2571,1026.208,1030.9419,0.0,-0.3310602307319641,-4.4028845
exp7_random_2,2572,860.2038,861.1051,0.0,0.0,-0.9012268
exp7_random_2,2573,1249.2634,1252.9434,0.0,-0.12383854389190674,-3.555951
exp7_random_2,2574,1026.928,1030.9122,0.0,-0.4704398512840271,-3.5138273
exp7_random_2,2575,1228.3755,1235.2891,0.0,-0.8713499307632446,-6.0420833
exp7_random_2,2576,1289.5088,1294.7864,0.0,-0.15381255745887756,-5.123599
exp7_random_2,2577,1224.8782,1230.7579,0.0,-0.08105768263339996,-5.798613
exp7_random_2,2578,389.73514,513.77625,-100.0,-21.830041885375977,-2.2110326
exp7_random_2,2579,1104.3845,1107.5852,0.0,0.0,-3.2006001
exp7_random_2,2581,958.0353,964.9306,0.0,-2.4435505867004395,-4.451769
exp7_random_2,2582,1080.7346,1086.6072,0.0,-0.49785536527633667,-5.3744364
exp7_random_2,2583,998.3874,1000.19257,0.0,0.0,-1.8049455
exp7_random_2,2584,1261.2122,1267.5082,0.0,-0.9434946775436401,-5.3525567
exp7_random_2,2585,994.28815,996.877,0.0,-0.3455510139465332,-2.2432914
exp7_random_2,2586,1186.7148,1190.223,0.0,-0.1202879399061203,-3.3878765
exp7_random_2,2587,370.11197,522.9692,-100.0,-51.037776947021484,-1.8194232
exp7_random_2,2588,1092.3484,1095.2174,0.0,-0.36327147483825684,-2.505698
exp7_random_2,2589,-6.076721,108.653206,-100.0,-9.915033340454102,-4.8148866
exp7_random_2,2590,1052.2886,1056.1128,0.0,-0.8101201057434082,-3.0141435
exp7_random_2,2591,-92.67421,58.855442,-100.0,-50.73887634277344,-0.79077417
exp7_random_2,2592,-67.93298,84.39432,-100.0,-50.920196533203125,-1.4071144
exp7_random_2,2593,-96.64106,13.672343,-100.0,-9.615619659423828,-0.6977821
exp7_random_2,2594,1183.3629,1187.9205,0.0,-0.16385199129581451,-4.3939047
exp7_random_2,2595,872.05774,874.60815,0.0,-0.09913183748722076,-2.4512198
exp7_random_2,2596,1167.2748,1171.9622,0.0,-0.3255569338798523,-4.361937
exp7_random_2,2597,1097.6577,1101.6149,0.0,-0.37429577112197876,-3.582924
exp7_random_2,2598,393.08295,545.4546,-100.0,-50.12523651123047,-2.246438
exp7_random_2,2599,-4.264328,147.84093,-100.0,-50.525455474853516,-1.5798239
exp7_random_2,2601,1038.2727,1039.948,0.0,0.0,-1.6752794
exp7_random_2,2602,633.1494,740.9233,-100.0,-3.015195369720459,-4.758748
exp7_random_2,2603,910.37256,911.898,0.0,-0.03362049162387848,-1.4918118
exp7_random_2,2604,1000.7776,1002.91156,0.0,-0.1312633454799652,-2.0027828
exp7_random_2,2605,1074.3024,1078.7272,0.0,-0.36647284030914307,-4.0582476
exp7_random_2,2606,443.34735,550.03424,-100.0,-4.11036491394043,-2.5764613
exp7_random_2,2607,926.68225,929.6918,0.0,-0.5075439214706421,-2.5019746
exp7_random_2,2608,484.89886,638.46313,-100.0,-50.89741516113281,-2.6668909
exp7_random_2,2609,1073.9651,1078.6963,0.0,-0.4485652446746826,-4.282666
exp7_random_2,2610,401.55447,506.11554,-100.0,-2.0610337257385254,-2.500015
exp7_random_2,2611,1113.729,1118.105,0.0,-0.5879350900650024,-3.7882798
exp7_random_2,2612,482.52728,595.84503,-100.0,-9.199588775634766,-4.11812
exp7_random_2,2613,-139.22777,11.166302,-100.0,-49.93269348144531,-0.46138084
exp7_random_2,2614,982.3761,983.91174,0.0,-0.015648454427719116,-1.5200561
exp7_random_2,2615,1073.4985,1078.1255,0.0,-0.5498145818710327,-4.0770006
exp7_random_2,2616,289.1125,440.485,-100.0,-49.903953552246094,-1.4685446
exp7_random_2,2617,505.2353,657.2554,-100.0,-50.28069305419922,-1.7394079
exp7_random_2,2618,1136.6718,1138.9679,0.0,0.0,-2.2960563
exp7_random_2,2619,946.1721,953.69385,0.0,-3.3380932807922363,-4.1836123
exp7_random_2,2621,1121.7357,1128.7385,0.0,-3.2093632221221924,-3.7933986
exp7_random_2,2622,-47.024246,58.572575,-100.0,-4.222412586212158,-1.3744057
exp7_random_2,2623,962.51953,964.93567,0.0,-0.880867600440979,-1.5352602
exp7_random_2,2624,-87.953476,22.14909,-100.0,-9.341887474060059,-0.7606731
exp7_random_2,2625,359.4425,511.77814,-100.0,-50.30559158325195,-2.029996
exp7_random_2,2626,1071.3291,1075.1277,0.0,-0.15674665570259094,-3.6418676
exp7_random_2,2627,975.1653,977.4254,0.0,-0.2980753779411316,-1.9621904
exp7_random_2,2628,481.8323,638.4011,-100.0,-51.81537628173828,-4.753481
exp7_random_2,2629,999.41223,1002.88464,0.0,-0.3822815418243408,-3.0900824
exp7_random_2,2630,1077.3433,1081.0829,0.0,-0.13054615259170532,-3.6090233
exp7_random_2,2631,1076.2694,1078.5519,0.0,0.0,-2.2824485
exp7_random_2,2632,-133.02621,18.149467,-100.0,-50.350135803222656,-0.825547
exp7_random_2,2633,1119.3389,1124.394,0.0,-1.59063720703125,-3.4644756
exp7_random_2,2634,1289.3849,1300.3315,0.0,-2.5919029712677,-8.355094
exp7_random_2,2635,-91.987274,60.969154,-100.0,-50.57289123535156,-2.3835416
exp7_random_2,2636,-143.8861,6.30944,-100.0,-49.884395599365234,-0.31113595
exp7_random_2,2637,1150.4475,1153.2383,0.0,-0.5791106820106506,-2.2116153
exp7_random_2,2638,1189.21,1195.0281,0.0,-0.3051069974899292,-5.512879
exp7_random_2,2639,396.8553,549.35205,-100.0,-50.40941619873047,-2.0872824
exp7_random_2,2641,109.16496,261.9957,-100.0,-51.244754791259766,-1.5860019
exp7_random_2,2642,-80.75873,28.766562,-100.0,-8.622604370117188,-0.9026793
exp7_random_2,2643,365.4074,392.14102,0.0,-8.133310317993164,-18.600187
exp7_random_2,2644,1183.8721,1189.1626,0.0,-0.9382625222206116,-4.352418
exp7_random_2,2645,76.159645,193.28502,-100.0,-9.077435493469238,-8.047915
exp7_random_2,2646,1118.2368,1125.8723,0.0,0.0,-7.6352715
exp7_random_2,2647,995.0902,996.4585,0.0,0.0,-1.3683691
exp7_random_2,2648,1122.5369,1128.855,0.0,-1.064590573310852,-5.253624
exp7_random_2,2649,1299.5908,1306.6934,0.0,-0.1456611454486847,-6.956825
exp7_random_2,2650,1105.672,1107.1588,0.0,0.0,-1.4866874
exp7_random_2,2651,541.3497,561.3288,0.0,-2.0909440517425537,-17.888578
exp7_random_2,2652,927.22815,932.46277,0.0,0.0,-5.2343144
exp7_random_2,2653,1058.127,1060.2668,0.0,0.0,-2.1397858
exp7_random_2,2654,1105.7361,1109.9188,0.0,0.0,-4.1825686
exp7_random_2,2655,89.55629,243.95213,-100.0,-43.68001937866211,-10.715795
exp7_random_2,2656,966.2475,973.87885,0.0,-1.2285875082015991,-6.4025717
exp7_random_2,2657,1172.0575,1178.1079,0.0,-1.0594984292984009,-4.990772
exp7_random_2,2658,1096.2206,1100.652,0.0,0.0,-4.431584
exp7_random_2,2659,1068.7354,1081.6128,0.0,-4.898438930511475,-7.978973
exp7_random_2,2661,1009.0178,1011.76385,0.0,0.0,-2.746113
exp7_random_2,2662,1019.8929,1021.5474,0.0,0.0,-1.65453
exp7_random_2,2663,901.36926,905.438,0.0,-0.11970587074756622,-3.948912
exp7_random_2,2664,961.5007,964.7471,0.0,-0.36829715967178345,-2.8780878
exp7_random_2,2665,478.17343,586.7962,-100.0,-4.614882469177246,-4.0079336
exp7_random_2,2666,1214.1779,1218.8636,0.0,-0.6230488419532776,-4.062757
exp7_random_2,2667,1239.0431,1241.7604,0.0,0.0,-2.7173443
exp7_random_2,2668,917.4335,921.77936,0.0,-1.8379733562469482,-2.5079386
exp7_random_2,2669,1383.2983,1389.636,0.0,-0.1712150275707245,-6.166475
exp7_random_2,2670,-62.474922,42.568844,-100.0,-3.84805965423584,-1.1957058
exp7_random_2,2671,988.12036,989.83545,0.0,0.0,-1.7150855
exp7_random_2,2672,968.46265,971.37305,0.0,0.0,-2.910375
exp7_random_2,2673,160.17113,266.03067,-100.0,-4.008675575256348,-1.8507824
exp7_random_2,2674,1155.229,1160.4427,0.0,-1.3113489151000977,-3.9023936
exp7_random_2,2675,1291.6146,1296.1396,0.0,0.0,-4.524997
exp7_random_2,2676,1093.1948,1096.8505,0.0,-0.008290097117424011,-3.6471164
exp7_random_2,2677,1135.0625,1139.8594,0.0,-0.9169386625289917,-3.8801486
exp7_random_2,2678,990.83813,993.6421,0.0,-0.26932311058044434,-2.5347044
exp7_random_2,2679,996.4513,999.4253,0.0,0.0,-2.9739537
exp7_random_2,2681,19.90654,128.95587,-100.0,-4.4315338134765625,-4.6178
exp7_random_2,2682,942.7096,943.9603,0.0,-0.04116499423980713,-1.209588
exp7_random_2,2683,480.2846,632.06354,-100.0,-50.54880905151367,-1.2301384
exp7_random_2,2684,994.2523,995.61304,0.0,0.0,-1.3606724
exp7_random_2,2685,1166.9269,1175.9421,0.0,-3.4166789054870605,-5.5984745
exp7_random_2,2686,1122.7281,1126.2865,0.0,-0.028347566723823547,-3.530019
exp7_random_2,2687,-142.49739,8.587313,-100.0,-50.0393180847168,-1.0453799
exp7_random_2,2688,61.849747,165.85394,-100.0,-2.9368162155151367,-1.0673941
exp7_random_2,2689,1154.9843,1158.41,0.0,-0.1812809556722641,-3.2444417
exp7_random_2,2690,854.7987,856.21936,0.0,0.0,-1.4207045
exp7_random_2,2691,1205.8837,1211.6854,0.0,-0.9300033450126648,-4.871762
exp7_random_2,2692,1128.5435,1130.5508,0.0,0.0,-2.0072627
exp7_random_2,2693,961.5806,964.2433,0.0,0.0,-2.6625025
exp7_random_2,2694,956.9586,959.6244,0.0,-0.055147990584373474,-2.610719
exp7_random_2,2695,964.5791,967.2639,0.0,0.0,-2.6847115
exp7_random_2,2696,900.48145,901.8064,0.0,0.0,-1.3249432
exp7_random_2,2697,1128.252,1132.334,0.0,-1.180490493774414,-2.9016058
exp7_random_2,2698,485.6759,607.6224,-100.0,-19.48245620727539,-2.4639363
exp7_random_2,2699,419.78738,574.996,-100.0,-52.445068359375,-2.7635846
exp7_random_2,2701,91.97513,244.8648,-100.0,-51.0148811340332,-1.8748071
exp7_random_2,2702,861.78467,862.74255,0.0,0.0,-0.95797724
exp7_random_2,2703,1079.8406,1083.6562,0.0,-0.09144291281700134,-3.7241027
exp7_random_2,2704,1078.8557,1085.535,0.0,-0.5368643999099731,-6.1424565
exp7_random_2,2705,-81.40909,70.01559,-100.0,-50.23713684082031,-1.1875266
exp7_random_2,2706,1005.44354,1009.571,0.0,-0.4137146472930908,-3.7141109
exp7_random_2,2707,1029.5992,1032.4905,0.0,0.0,-2.8910859
exp7_random_2,2708,966.7134,969.72424,0.0,-0.04568323493003845,-2.9651184
exp7_random_2,2709,1025.268,1029.1576,0.0,-0.2672831118106842,-3.6223583
exp7_random_2,2710,1124.0735,1127.0476,0.0,0.0,-2.9742265
exp7_random_2,2711,45.839874,197.72278,-100.0,-50.212894439697266,-1.6699992
exp7_random_2,2712,639.2578,744.66925,-100.0,-2.646657705307007,-2.764727
exp7_random_2,2713,1073.9637,1079.3208,0.0,-0.4210151433944702,-4.9360194
exp7_random_2,2714,981.2521,982.79224,0.0,0.0,-1.5401353
exp7_random_2,2715,969.2478,973.4869,0.0,-0.07713989913463593,-4.161928
exp7_random_2,2716,-136.06398,18.910522,-100.0,-53.038822174072266,-1.935693
exp7_random_2,2717,964.40564,966.6833,0.0,0.0,-2.2776072
exp7_random_2,2718,1100.8177,1103.0526,0.0,0.0,-2.2348208
exp7_random_2,2719,1210.5459,1216.5546,0.0,-0.2736038863658905,-5.735074
exp7_random_2,2721,1011.3079,1017.1544,0.0,-0.12614299356937408,-5.720479
exp7_random_2,2722,1050.4601,1052.7087,0.0,-0.5220218300819397,-1.7267373
exp7_random_2,2723,1054.9916,1061.213,0.0,-0.3880024552345276,-5.833262
exp7_random_2,2724,967.8458,974.02826,0.0,-1.5054891109466553,-4.6768746
exp7_random_2,2725,984.3579,991.316,0.0,-0.38362470269203186,-6.5744734
exp7_random_2,2726,-58.882034,97.06183,-100.0,-50.6407356262207,-5.303145
exp7_random_2,2727,1114.3674,1119.8896,0.0,-0.014597922563552856,-5.50766
exp7_random_2,2728,499.7209,653.3956,-100.0,-50.43204116821289,-3.2426164
exp7_random_2,2729,1335.0571,1340.1306,0.0,0.0,-5.073352
exp7_random_2,2730,1320.21,1331.7108,0.0,-0.6861780285835266,-10.814773
exp7_random_2,2731,-141.62149,8.6886635,-100.0,-49.99195098876953,-0.3182122
exp7_random_2,2732,1175.4255,1180.0242,0.0,-0.24732431769371033,-4.3514166
exp7_random_2,2733,1001.6867,1007.1006,0.0,-1.0788636207580566,-4.3350163
exp7_random_2,2734,945.181,947.2268,0.0,-0.007944464683532715,-2.0379589
exp7_random_2,2735,1131.267,1137.6638,0.0,-0.09317377209663391,-6.3039293
exp7_random_2,2736,1220.1857,1225.0732,0.0,0.0,-4.887621
exp7_random_2,2737,1022.04285,1025.5676,0.0,-0.05509822070598602,-3.4697416
exp7_random_2,2738,1207.7412,1215.7688,0.0,-1.430814266204834,-6.5964904
exp7_random_2,2739,953.5123,956.72363,0.0,0.0,-3.2112474
exp7_random_2,2741,890.8717,892.63806,0.0,0.0,-1.7663705
exp7_random_2,2742,86.85418,191.5848,-100.0,-2.8631319999694824,-1.8674644
exp7_random_2,2743,454.66296,585.82996,-100.0,-26.154186248779297,-5.012807
exp7_random_2,2744,994.34045,1004.9311,0.0,-5.0258469581604,-5.5648065
exp7_random_2,2745,368.63583,479.72437,-100.0,-6.448336601257324,-4.6401167
exp7_random_2,2746,975.90356,980.287,0.0,-0.09373970329761505,-4.2897735
exp7_random_2,2747,467.2146,572.0761,-100.0,-2.844996690750122,-2.0165389
exp7_random_2,2748,958.12366,959.5549,0.0,0.0,-1.4311513
exp7_random_2,2749,1125.8613,1128.6564,0.0,-0.19610346853733063,-2.5988595
exp7_random_2,2750,-69.033,36.279476,-100.0,-4.7056121826171875,-0.60685825
exp7_random_2,2751,-21.013283,84.17492,-100.0,-4.145876407623291,-1.0423279
exp7_random_2,2752,477.85327,589.59106,-100.0,-8.832427024841309,-2.9053
exp7_random_2,2753,987.1328,993.03735,0.0,-2.870924949645996,-3.0335977
exp7_random_2,2754,903.11084,904.70105,0.0,0.0,-1.5902786
exp7_random_2,2755,1079.072,1080.0653,0.0,0.0,-0.99338645
exp7_random_2,2756,981.1521,984.99005,0.0,-0.20212312042713165,-3.6357841
exp7_random_2,2757,1059.8186,1065.7726,0.0,-0.24143581092357635,-5.712265
exp7_random_2,2758,493.68536,600.678,-100.0,-4.715785980224609,-2.2768395
exp7_random_2,2759,1124.4689,1130.6523,0.0,-3.5699522495269775,-2.613571
exp7_random_2,2761,880.8273,883.0738,0.0,-0.004922807216644287,-2.241581
exp7_random_2,2762,1202.5846,1213.1521,0.0,-3.299102783203125,-7.268497
exp7_random_2,2763,-82.240425,69.40943,-100.0,-50.30863952636719,-1.3412203
exp7_random_2,2764,988.53577,991.55676,0.0,0.0,-3.021089
exp7_random_2,2765,1479.2136,1488.7451,0.0,-2.9261415004730225,-6.60553
exp7_random_2,2766,977.74866,978.75977,0.0,0.0,-1.0110348
exp7_random_2,2767,677.9292,788.3938,-100.0,-7.534646987915039,-2.9301074
exp7_random_2,2768,1168.2622,1172.6584,0.0,-0.4754066467285156,-3.9211583
exp7_random_2,2769,987.11743,991.91626,0.0,0.0,-4.798837
exp7_random_2,2770,877.04846,878.7057,0.0,0.0,-1.6571354
exp7_random_2,2771,964.43896,966.17505,0.0,0.0,-1.7360324
exp7_random_2,2772,1176.4246,1181.8204,0.0,-0.20352256298065186,-5.1925035
exp7_random_2,2773,987.12085,991.6039,0.0,-0.4660162329673767,-4.0169387
exp7_random_2,2774,955.6107,958.59784,0.0,-0.07423236966133118,-2.9129028
exp7_random_2,2775,326.05267,478.01788,-100.0,-50.278709411621094,-1.6865112
exp7_random_2,2776,1022.3136,1023.38727,0.0,0.0,-1.073518
exp7_random_2,2777,997.26624,999.5492,0.0,0.0,-2.2829223
exp7_random_2,2778,1214.3168,1218.3016,0.0,0.0,-3.984857
exp7_random_2,2779,1094.9617,1100.1115,0.0,-0.2849396765232086,-4.8647537
exp7_random_2,2781,860.1449,861.71326,0.0,0.0,-1.5682372
exp7_random_2,2782,1036.5779,1037.9492,0.0,0.0,-1.3713491
exp7_random_2,2783,1215.6484,1219.2058,0.0,-0.2786731719970703,-3.2788403
exp7_random_2,2784,882.57104,886.3512,0.0,-1.0650951862335205,-2.7151113
exp7_random_2,2785,1026.6917,1030.3074,0.0,-0.16476789116859436,-3.4510276
exp7_random_2,2786,1068.3253,1071.8345,0.0,-0.6889961957931519,-2.8202515
exp7_random_2,2787,-103.467575,10.139771,-100.0,-13.193099975585938,-0.4142541
exp7_random_2,2788,954.9135,956.9772,0.0,-0.03789885342121124,-2.0257835
exp7_random_2,2789,1105.9453,1110.629,0.0,-0.21610412001609802,-4.4675565
exp7_random_2,2790,1099.4565,1103.6763,0.0,-1.6804829835891724,-2.5393867
exp7_random_2,2791,1103.054,1106.0718,0.0,-0.30774110555648804,-2.7099864
exp7_random_2,2792,1017.8688,1020.1498,0.0,0.0,-2.281014
exp7_random_2,2793,1140.6016,1143.2739,0.0,-0.30883514881134033,-2.3634367
exp7_random_2,2794,1094.5884,1098.5527,0.0,-0.17053602635860443,-3.7939503
exp7_random_2,2795,1136.334,1144.1251,0.0,-2.6241188049316406,-5.167028
exp7_random_2,2796,1020.5068,1023.7822,0.0,-0.3269388973712921,-2.9484794
exp7_random_2,2797,1089.5358,1093.3895,0.0,-0.7090754508972168,-3.1448395
exp7_random_2,2798,873.9378,876.12024,0.0,-0.6207357048988342,-1.5617458
exp7_random_2,2799,1188.3914,1193.3909,0.0,-0.6174355745315552,-4.3820577
exp7_random_2,2801,1031.8976,1033.2809,0.0,0.0,-1.3832796
exp7_random_2,2802,1009.204,1011.00006,0.0,0.0,-1.7960777
exp7_random_2,2803,1185.731,1189.7311,0.0,-0.4391656517982483,-3.560902
exp7_random_2,2804,899.3743,901.4795,0.0,0.0,-2.105168
exp7_random_2,2805,1080.5071,1084.374,0.0,-0.42393094301223755,-3.4430232
exp7_random_2,2806,884.24646,886.30237,0.0,0.0,-2.0558238
exp7_random_2,2807,50.28846,156.1225,-100.0,-4.721312999725342,-1.1127166
exp7_random_2,2808,918.07056,920.0547,0.0,0.0,-1.9842211
exp7_random_2,2809,876.6353,877.79224,0.0,0.0,-1.1569116
exp7_random_2,2810,1198.8477,1203.1096,0.0,-1.1980865001678467,-3.0639198
exp7_random_2,2811,1076.1523,1080.0785,0.0,-0.5879773497581482,-3.3380651
exp7_random_2,2812,1025.9314,1027.4197,0.0,-0.5356714725494385,-0.95261073
exp7_random_2,2813,1021.1499,1023.4574,0.0,0.0,-2.3075552
exp7_random_2,2814,426.11084,532.5495,-100.0,-3.176325798034668,-3.2623947
exp7_random_2,2815,942.80566,945.0663,0.0,0.0,-2.260602
exp7_random_2,2816,1004.41394,1006.16486,0.0,0.0,-1.7508751
exp7_random_2,2817,1103.1014,1104.6223,0.0,0.0,-1.5210373
exp7_random_2,2818,1150.7202,1153.1001,0.0,-0.0530981719493866,-2.3268516
exp7_random_2,2819,950.49255,954.426,0.0,-0.3063696026802063,-3.6271422
exp7_random_2,2821,-42.194458,91.87028,-100.0,-32.776466369628906,-1.288273
exp7_random_2,2822,1037.5422,1041.388,0.0,-1.882304072380066,-1.9631755
exp7_random_2,2823,1035.1748,1037.117,0.0,-0.3048935532569885,-1.6371865
exp7_random_2,2824,1461.9297,1467.0244,0.0,-0.027056649327278137,-5.067847
exp7_random_2,2825,1010.22266,1011.3275,0.0,0.0,-1.1049396
exp7_random_2,2826,1100.7839,1104.3665,0.0,-0.18175585567951202,-3.4010348
exp7_random_2,2827,866.8169,868.12476,0.0,0.0,-1.3079551
exp7_random_2,2828,1282.638,1285.27,0.0,0.0,-2.632041
exp7_random_2,2829,-58.123234,46.52956,-100.0,-3.708993911743164,-0.9437979
exp7_random_2,2830,1046.0123,1059.238,0.0,-5.7391133308410645,-7.486389
exp7_random_2,2831,993.5137,995.49866,0.0,0.0,-1.985067
exp7_random_2,2832,917.0362,917.9369,0.0,0.0,-0.9006951
exp7_random_2,2833,1308.6411,1311.0702,0.0,0.0,-2.4287527
exp7_random_2,2834,1019.50757,1025.703,0.0,-1.2616546154022217,-4.933761
exp7_random_2,2835,1018.0895,1020.37823,0.0,0.0,-2.2888672
exp7_random_2,2836,881.8772,883.6709,0.0,0.0,-1.7937554
exp7_random_2,2837,1170.3351,1173.6077,0.0,-0.017056241631507874,-3.2554855
exp7_random_2,2838,1043.1514,1047.8098,0.0,-1.6299101114273071,-3.0284245
exp7_random_2,2839,1125.9342,1131.3516,0.0,-1.0540032386779785,-4.3631535
exp7_random_2,2841,1002.2166,1004.4196,0.0,0.0,-2.2030241
exp7_random_2,2842,956.95703,960.08014,0.0,0.0,-3.1230216
exp7_random_2,2843,1210.9487,1215.3439,0.0,-0.05220925807952881,-4.342857
exp7_random_2,2844,1119.7178,1124.2089,0.0,-0.18131551146507263,-4.3100333
exp7_random_2,2845,985.6085,988.56165,0.0,0.0,-2.9531972
exp7_random_2,2846,983.157,984.82117,0.0,-0.0003215521574020386,-1.6637943
exp7_random_2,2847,1022.4391,1027.1113,0.0,-0.2924595773220062,-4.379771
exp7_random_2,2848,1298.8217,1306.0266,0.0,-0.1495804637670517,-7.055367
exp7_random_2,2849,-18.420204,106.881546,-100.0,-23.12608528137207,-2.1756673
exp7_random_2,2850,1029.2638,1032.6528,0.0,-0.11159534752368927,-3.2775264
exp7_random_2,2851,973.9471,977.7317,0.0,-0.28864699602127075,-3.4959712
exp7_random_2,2852,888.85803,890.26276,0.0,0.0,-1.4047103
exp7_random_2,2853,1029.7094,1033.6807,0.0,-0.03989759087562561,-3.9314191
exp7_random_2,2854,562.9985,678.8747,-100.0,-13.514208793640137,-2.3618991
exp7_random_2,2855,999.94977,1004.8236,0.0,-0.7726593017578125,-4.1010923
exp7_random_2,2856,1155.7034,1160.5198,0.0,-0.9703956246376038,-3.84589
exp7_random_2,2857,983.933,985.7532,0.0,0.0,-1.8202636
exp7_random_2,2858,-112.90643,37.83957,-100.0,-50.223594665527344,-0.5223972
exp7_random_2,2859,1040.6249,1042.9962,0.0,0.0,-2.3715239
exp7_random_2,2861,909.6985,911.6871,0.0,0.0,-1.9886833
exp7_random_2,2862,920.15533,922.6853,0.0,0.0,-2.5299468
exp7_random_2,2863,75.021164,183.4642,-100.0,-4.923303604125977,-3.5197482
exp7_random_2,2864,966.67444,968.57294,0.0,0.0,-1.8984997
exp7_random_2,2865,950.78326,953.36176,0.0,-0.009178265929222107,-2.5692778
exp7_random_2,2866,526.5254,679.8998,-100.0,-50.17510986328125,-3.199129
exp7_random_2,2867,1066.2383,1070.3357,0.0,-0.7603480815887451,-3.336874
exp7_random_2,2868,-46.229008,62.367237,-100.0,-7.063797950744629,-1.532451
exp7_random_2,2869,130.03343,238.07466,-100.0,-5.025688648223877,-3.0155118
exp7_random_2,2870,9.845917,121.43917,-100.0,-10.034724235534668,-1.5585239
exp7_random_2,2871,1001.3793,1005.6963,0.0,-1.5114085674285889,-2.8055532
exp7_random_2,2872,1102.561,1107.1292,0.0,-1.0889719724655151,-3.479187
exp7_random_2,2873,1104.2876,1109.0303,0.0,-0.7284592986106873,-4.014209
exp7_random_2,2874,957.24585,959.6803,0.0,-0.3242849111557007,-2.1101387
exp7_random_2,2875,974.4035,979.1526,0.0,-1.8609551191329956,-2.8882484
exp7_random_2,2876,-100.37956,37.746716,-100.0,-37.26691436767578,-0.8593641
exp7_random_2,2877,461.49527,568.9751,-100.0,-4.378497123718262,-3.101238
exp7_random_2,2878,878.3336,879.2151,0.0,0.0,-0.88155246
exp7_random_2,2879,-142.37712,8.373739,-100.0,-50.24821090698242,-0.5026517
exp7_random_2,2881,1010.506,1014.60815,0.0,-1.2483468055725098,-2.853806
exp7_random_2,2882,416.0593,523.3714,-100.0,-6.265118598937988,-1.0469782
exp7_random_2,2883,1030.4086,1036.7955,0.0,-1.821609377861023,-4.5652213
exp7_random_2,2884,1006.72107,1013.2644,0.0,-3.893686294555664,-2.649649
exp7_random_2,2885,1156.0084,1156.8551,0.0,0.0,-0.8467037
exp7_random_2,2886,537.4898,692.9463,-100.0,-51.75960922241211,-3.696773
exp7_random_2,2887,906.84753,909.1244,0.0,0.0,-2.2767906
exp7_random_2,2888,1197.8809,1202.2991,0.0,-0.022526726126670837,-4.395678
exp7_random_2,2889,1069.9369,1070.5049,0.0,0.0,-0.5681495
exp7_random_2,2890,1023.97144,1027.4714,0.0,-0.39198049902915955,-3.1081102
exp7_random_2,2891,1022.6559,1023.8513,0.0,-0.07653005421161652,-1.1190133
exp7_random_2,2892,1235.0344,1238.1514,0.0,0.0,-3.1169825
exp7_random_2,2893,882.7478,886.5048,0.0,-0.8101103901863098,-2.9469817
exp7_random_2,2894,1213.3872,1219.3253,0.0,-0.9160387516021729,-5.0221677
exp7_random_2,2895,1153.2417,1160.155,0.0,-1.7072594165802002,-5.2059517
exp7_random_2,2896,1035.8604,1038.5243,0.0,-0.11953267455101013,-2.5445657
exp7_random_2,2897,1108.9147,1111.0078,0.0,-0.0385882705450058,-2.0549011
exp7_random_2,2898,-75.54779,28.97558,-100.0,-3.745034694671631,-0.77833146
exp7_random_2,2899,1088.0508,1091.7842,0.0,-0.009609654545783997,-3.723904
exp7_random_2,2901,981.64124,982.8537,0.0,0.0,-1.2123821
exp7_random_2,2902,935.0314,936.01385,0.0,0.0,-0.98243356
exp7_random_2,2903,869.23254,870.42523,0.0,0.0,-1.1926411
exp7_random_2,2904,711.3775,822.0465,-100.0,-5.525946140289307,-5.143103
exp7_random_2,2905,-119.54769,31.232193,-100.0,-50.31106948852539,-0.4688135
exp7_random_2,2906,975.1355,976.9115,0.0,-0.06798233091831207,-1.7081199
exp7_random_2,2907,372.40918,509.3319,-100.0,-34.855777740478516,-2.0669296
exp7_random_2,2908,626.86993,740.3854,-100.0,-9.740113258361816,-3.7752302
exp7_random_2,2909,1113.5519,1119.4437,0.0,-0.9139342308044434,-4.978104
exp7_random_2,2910,1187.9717,1195.9878,0.0,-2.5547685623168945,-5.461477
exp7_random_2,2911,952.6664,957.1146,0.0,-0.15384654700756073,-4.2943177
exp7_random_2,2912,-98.61898,9.046015,-100.0,-7.654038429260254,-0.010952832
exp7_random_2,2913,1031.3684,1035.2012,0.0,-1.1534312963485718,-2.679498
exp7_random_2,2914,905.4889,907.065,0.0,0.0,-1.5761611
exp7_random_2,2915,1044.752,1047.9175,0.0,0.0,-3.165708
exp7_random_2,2916,1114.2185,1116.2867,0.0,0.0,-2.0682647
exp7_random_2,2917,1136.7418,1139.7754,0.0,-0.013082906603813171,-3.0205164
exp7_random_2,2918,1048.3412,1052.9675,0.0,-0.46880245208740234,-4.157649
exp7_random_2,2919,574.1754,682.81836,-100.0,-6.229139804840088,-2.4138377
exp7_random_2,2921,1096.8035,1098.413,0.0,-0.07528045773506165,-1.5341156
exp7_random_2,2922,1090.4409,1094.0598,0.0,-0.5334753394126892,-3.0853193
exp7_random_2,2923,854.0445,855.90753,0.0,0.0,-1.8629205
exp7_random_2,2924,385.1275,492.353,-100.0,-3.682682514190674,-3.5428023
exp7_random_2,2925,1318.8447,1322.5481,0.0,-0.19870521128177643,-3.5047305
exp7_random_2,2926,1458.5131,1464.8761,0.0,-0.22367633879184723,-6.1392307
exp7_random_2,2927,918.5713,923.2998,0.0,-0.6856744289398193,-4.0428066
exp7_random_2,2928,873.3322,875.64734,0.0,0.0,-2.3151946
exp7_random_2,2929,1451.612,1457.0082,0.0,-0.998685359954834,-4.397439
exp7_random_2,2930,1164.3281,1168.2583,0.0,-0.49896836280822754,-3.4311152
exp7_random_2,2931,1093.3445,1096.1304,0.0,-0.5857434868812561,-2.2002916
exp7_random_2,2932,401.8141,554.40753,-100.0,-50.04755783081055,-2.545972
exp7_random_2,2933,950.61475,955.50305,0.0,-0.7981702089309692,-4.090274
exp7_random_2,2934,1014.32385,1018.3659,0.0,0.0,-4.0418863
exp7_random_2,2935,973.79816,974.959,0.0,0.0,-1.1608249
exp7_random_2,2936,1086.1709,1090.8497,0.0,-2.5514512062072754,-2.127258
exp7_random_2,2937,1026.8402,1029.5057,0.0,0.0,-2.665509
exp7_random_2,2938,1092.1914,1094.5354,0.0,-0.4647962749004364,-1.8793666
exp7_random_2,2939,949.14954,950.11194,0.0,0.0,-0.9623473
exp7_random_2,2941,930.0978,931.9325,0.0,0.0,-1.8346927
exp7_random_2,2942,-44.170433,107.983795,-100.0,-51.1273078918457,-1.0269296
exp7_random_2,2943,881.1642,882.84406,0.0,0.0,-1.6797478
exp7_random_2,2944,1092.2924,1097.3813,0.0,-0.00012034177780151367,-5.0888004
exp7_random_2,2945,911.11523,912.37445,0.0,0.0,-1.2592087
exp7_random_2,2946,1243.2612,1252.8674,0.0,-2.216670036315918,-7.389498
exp7_random_2,2947,1025.0216,1029.063,0.0,-1.6824607849121094,-2.3588953
exp7_random_2,2948,915.0929,918.0288,0.0,-1.2120782136917114,-1.723831
exp7_random_2,2949,962.75116,968.5668,0.0,-2.703784942626953,-3.1119716
exp7_random_2,2950,871.2434,872.6343,0.0,0.0,-1.3908072
exp7_random_2,2951,517.15985,624.3604,-100.0,-4.562134265899658,-2.6384304
exp7_random_2,2952,1051.9479,1063.2634,0.0,-4.424592018127441,-6.890959
exp7_random_2,2953,969.269,971.6162,0.0,0.0,-2.3471162
exp7_random_2,2954,916.8692,920.69006,0.0,-0.00832994282245636,-3.8125513
exp7_random_2,2955,489.62848,595.19476,-100.0,-2.345426321029663,-3.2207189
exp7_random_2,2956,1030.8936,1032.4923,0.0,0.0,-1.5985103
exp7_random_2,2957,1016.83484,1019.92957,0.0,-0.17617404460906982,-2.9187186
exp7_random_2,2958,1255.085,1259.7107,0.0,-0.08309429883956909,-4.542742
exp7_random_2,2959,1053.3527,1054.9792,0.0,0.0,-1.6266792
exp7_random_2,2961,401.13138,507.08963,-100.0,-3.7253847122192383,-2.2328541
exp7_random_2,2962,374.5403,531.59204,-100.0,-50.874237060546875,-6.177621
exp7_random_2,2963,1064.1195,1066.3848,0.0,-0.024288460612297058,-2.240993
exp7_random_2,2964,1058.5787,1061.1473,0.0,-0.0907447338104248,-2.4780297
exp7_random_2,2965,1136.5334,1140.7203,0.0,-0.9293813705444336,-3.2576184
exp7_random_2,2966,1120.7864,1122.9178,0.0,0.0,-2.1315327
exp7_random_2,2967,1114.7382,1124.1494,0.0,-4.957303047180176,-4.453992
exp7_random_2,2968,1109.0469,1112.3933,0.0,-0.4126683175563812,-2.9336712
exp7_random_2,2969,1150.3221,1153.4849,0.0,0.0,-3.1626227
exp7_random_2,2970,1057.082,1062.2847,0.0,-1.0872999429702759,-4.115673
exp7_random_2,2971,1056.2748,1058.74,0.0,-0.043125152587890625,-2.4221187
exp7_random_2,2972,410.13574,566.3519,-100.0,-51.643001556396484,-4.573276
exp7_random_2,2973,-5.549301,149.3903,-100.0,-52.2553596496582,-2.684215
exp7_random_2,2974,1278.2996,1291.1987,0.0,-6.300330638885498,-6.5983925
exp7_random_2,2975,1045.1697,1048.4696,0.0,-0.32332637906074524,-2.9765704
exp7_random_2,2976,1139.5134,1146.0427,0.0,0.0,-6.5289783
exp7_random_2,2977,1037.8568,1041.5969,0.0,-0.2515828609466553,-3.4884443
exp7_random_2,2978,998.69495,1000.641,0.0,0.0,-1.9460683
exp7_random_2,2979,1234.9204,1240.6415,0.0,-0.4513159692287445,-5.269919
exp7_random_2,2981,1149.1473,1152.4171,0.0,-0.1183723509311676,-3.1512072
exp7_random_2,2982,902.9933,907.52185,0.0,0.0,-4.5284634
exp7_random_2,2983,1027.4678,1036.5883,0.0,-2.97908616065979,-6.1413503
exp7_random_2,2984,1063.0125,1069.9099,0.0,-1.3932796716690063,-5.5038233
exp7_random_2,2985,456.069,565.09875,-100.0,-4.829424858093262,-4.200384
exp7_random_2,2986,1002.7409,1007.1686,0.0,-0.9640749096870422,-3.46357
exp7_random_2,2987,837.80664,839.9295,0.0,0.0,-2.1230118
exp7_random_2,2988,656.2197,768.4876,-100.0,-7.219979286193848,-5.047873
exp7_random_2,2989,1023.33923,1026.5175,0.0,0.0,-3.1782913
exp7_random_2,2990,296.47394,447.7546,-100.0,-50.29022979736328,-0.9904432
exp7_random_2,2991,992.93823,994.5444,0.0,0.0,-1.606016
exp7_random_2,2992,1012.923,1016.4215,0.0,-0.7094883918762207,-2.7891178
exp7_random_2,2993,502.23572,655.08453,-100.0,-50.34228515625,-2.5065944
exp7_random_2,2994,862.2292,973.21967,-100.0,-4.89311408996582,-6.097369
exp7_random_2,2995,1189.7369,1196.4751,0.0,-0.8491339087486267,-5.888928
exp7_random_2,2996,1130.1421,1133.1702,0.0,-0.12009239196777344,-2.9080503
exp7_random_2,2997,978.4956,983.20264,0.0,-1.9783084392547607,-2.7287643
exp7_random_2,2998,1063.6215,1066.6266,0.0,0.0,-3.0050788
exp7_random_2,2999,1318.9557,1327.6067,0.0,-2.4781970977783203,-6.172896
exp7_random_2,3001,1069.6077,1072.7686,0.0,-0.37475574016571045,-2.786284
exp7_random_2,3002,1098.2389,1102.3331,0.0,-0.28223976492881775,-3.8119404
exp7_random_2,3003,532.34607,638.64996,-100.0,-2.994809150695801,-3.3091316
exp7_random_2,3004,1008.7661,1012.1226,0.0,-0.037405550479888916,-3.3192477
exp7_random_2,3005,1040.1807,1043.324,0.0,-0.25338345766067505,-2.889886
exp7_random_2,3006,960.1743,962.1284,0.0,0.0,-1.9540552
exp7_random_2,3007,917.1633,919.3003,0.0,0.0,-2.1371293
exp7_random_2,3008,1068.6055,1069.9474,0.0,-0.004163756966590881,-1.3377014
exp7_random_2,3009,1220.7527,1229.3749,0.0,-2.2436490058898926,-6.3785763
exp7_random_2,3010,1298.2096,1306.8032,0.0,-2.0865914821624756,-6.507086
exp7_random_2,3011,1224.3215,1227.7444,0.0,-0.20112168788909912,-3.2218149
exp7_random_2,3012,980.1098,982.1133,0.0,-0.06681413948535919,-1.9366484
exp7_random_2,3013,930.81274,931.79443,0.0,-0.08415746688842773,-0.8976836
exp7_random_2,3014,1071.5305,1074.4396,0.0,0.0,-2.909041
exp7_random_2,3015,1180.1843,1185.3263,0.0,-1.5146522521972656,-3.6272619
exp7_random_2,3016,1092.5475,1096.924,0.0,-1.0823118686676025,-3.2943223
exp7_random_2,3017,869.02124,870.06903,0.0,0.0,-1.047802
exp7_random_2,3018,344.07196,496.95978,-100.0,-51.36119842529297,-1.5265933
exp7_random_2,3019,972.51514,977.3296,0.0,-1.1694834232330322,-3.645006
exp7_random_2,3021,-19.476059,86.63358,-100.0,-5.233415126800537,-0.876236
exp7_random_2,3022,1317.0104,1319.838,0.0,-0.03139537572860718,-2.796097
exp7_random_2,3023,1100.3667,1104.3531,0.0,-0.49692511558532715,-3.489623
exp7_random_2,3024,959.3759,960.5967,0.0,0.0,-1.2209494
exp7_random_2,3025,1019.63324,1021.38885,0.0,-0.0008141100406646729,-1.754739
exp7_random_2,3026,992.45483,994.06354,0.0,0.0,-1.608728
exp7_random_2,3027,1182.6572,1188.8225,0.0,-1.0983670949935913,-5.0668707
exp7_random_2,3028,343.64453,452.56085,-100.0,-7.041528701782227,-1.8748021
exp7_random_2,3029,1167.1841,1170.0598,0.0,-0.13709938526153564,-2.7387168
exp7_random_2,3030,1172.871,1180.7782,0.0,-4.656071662902832,-3.2512228
exp7_random_2,3031,1133.228,1141.5845,0.0,-1.1847766637802124,-7.171634
exp7_random_2,3032,352.58072,458.77402,-100.0,-4.386335372924805,-1.8069493
exp7_random_2,3033,1108.5238,1113.7406,0.0,-1.8130348920822144,-3.4039228
exp7_random_2,3034,554.1492,665.0517,-100.0,-6.721160888671875,-4.1813636
exp7_random_2,3035,988.4569,991.0852,0.0,-0.3033841550350189,-2.3248873
exp7_random_2,3036,1110.1868,1112.8168,0.0,-0.24568946659564972,-2.3844407
exp7_random_2,3037,1105.5522,1109.706,0.0,-0.5294053554534912,-3.6244226
exp7_random_2,3038,439.3865,552.1433,-100.0,-4.491307735443115,-8.265483
exp7_random_2,3039,1282.9568,1287.1431,0.0,-0.5147810578346252,-3.671506
exp7_random_2,3041,1485.6241,1492.1423,0.0,-0.23513317108154297,-6.2828145
exp7_random_2,3042,1035.0093,1038.5498,0.0,-0.15756601095199585,-3.3831687
exp7_random_2,3043,992.0807,994.96136,0.0,-0.6545476913452148,-2.2262259
exp7_random_2,3044,1105.2686,1107.9742,0.0,0.0,-2.7056136
exp7_random_2,3045,1206.1187,1209.9852,0.0,-0.29577818512916565,-3.5707793
exp7_random_2,3046,1025.9587,1029.0212,0.0,-0.83807373046875,-2.224397
exp7_random_2,3047,968.84985,971.7371,0.0,0.0,-2.887484
exp7_random_2,3048,-81.106735,22.288902,-100.0,-3.1911306381225586,-0.2044974
exp7_random_2,3049,1102.8279,1107.0852,0.0,-0.2762022614479065,-3.981067
exp7_random_2,3050,1076.9861,1079.5016,0.0,0.0,-2.5154157
exp7_random_2,3051,1096.8889,1100.0947,0.0,-0.2621191143989563,-2.9437838
exp7_random_2,3052,1064.6334,1070.6752,0.0,-0.4943528175354004,-5.547097
exp7_random_2,3053,950.3297,959.34595,0.0,-4.340036392211914,-4.6762366
exp7_random_2,3054,935.22235,938.55664,0.0,0.0,-3.334268
exp7_random_2,3055,319.5486,435.31052,-100.0,-8.383796691894531,-7.3781967
exp7_random_2,3056,915.29224,916.5056,0.0,0.0,-1.2133882
exp7_random_2,3057,1041.4265,1043.8435,0.0,0.0,-2.4168622
exp7_random_2,3058,1207.3005,1214.7352,0.0,-1.1928044557571411,-6.241651
exp7_random_2,3059,1167.35,1173.6621,0.0,-1.2978264093399048,-5.014389
exp7_random_2,3061,1006.0596,1007.46313,0.0,-0.23751327395439148,-1.1661038
exp7_random_2,3062,1142.5898,1150.7727,0.0,-1.3739502429962158,-6.8089337
exp7_random_2,3063,1172.9619,1179.9001,0.0,-2.3436520099639893,-4.594625
exp7_random_2,3064,923.2777,924.0665,0.0,0.0,-0.7887144
exp7_random_2,3065,-63.237427,45.95673,-100.0,-6.938331127166748,-2.2558196
exp7_random_2,3066,637.8379,750.4308,-100.0,-7.4831156730651855,-5.109813
exp7_random_2,3067,1249.826,1260.8022,0.0,-1.6312583684921265,-9.344893
exp7_random_2,3068,934.89087,942.444,0.0,-3.0466976165771484,-4.5063734
exp7_random_2,3069,497.56323,652.5199,-100.0,-50.91530990600586,-4.0414624
exp7_random_2,3070,1037.8987,1041.3882,0.0,-0.7667019367218018,-2.722722
exp7_random_2,3071,1071.3359,1074.7957,0.0,0.0,-3.4595942
exp7_random_2,3072,963.2959,970.8169,0.0,-2.17153263092041,-5.3495035
exp7_random_2,3073,-62.319298,89.8424,-100.0,-50.880767822265625,-1.2809259
exp7_random_2,3074,1061.9437,1063.6378,0.0,0.0,-1.6939856
exp7_random_2,3075,945.66736,948.6362,0.0,-0.06239399313926697,-2.906402
exp7_random_2,3076,387.24612,495.6896,-100.0,-5.755760192871094,-2.6877766
exp7_random_2,3077,1036.5012,1043.7518,0.0,-3.4537453651428223,-3.796682
exp7_random_2,3078,1207.6597,1212.5323,0.0,-1.0134449005126953,-3.8592823
exp7_random_2,3079,997.7495,1000.0897,0.0,0.0,-2.340149
exp7_random_2,3081,978.1652,980.41516,0.0,-0.9664566516876221,-1.2834904
exp7_random_2,3082,1039.7219,1040.9807,0.0,0.0,-1.2588264
exp7_random_2,3083,454.38452,563.65045,-100.0,-6.072914123535156,-3.1931193
exp7_random_2,3084,425.0437,579.64246,-100.0,-52.25166320800781,-2.3471582
exp7_random_2,3085,1139.7314,1144.9622,0.0,-0.04115554690361023,-5.189699
exp7_random_2,3086,-87.51668,65.87398,-100.0,-51.07051086425781,-2.320137
exp7_random_2,3087,867.6856,868.6529,0.0,0.0,-0.9672827
exp7_random_2,3088,1029.5685,1031.4467,0.0,-0.0001258552074432373,-1.8778666
exp7_random_2,3089,1190.9878,1197.5607,0.0,-2.0379528999328613,-4.5348372
exp7_random_2,3090,1075.0212,1084.0986,0.0,-3.8166627883911133,-5.2609215
exp7_random_2,3091,947.6898,950.37213,0.0,0.0,-2.6822755
exp7_random_2,3092,880.95374,882.4702,0.0,0.0,-1.5165539
exp7_random_2,3093,1014.7129,1017.0974,0.0,0.0,-2.3845687
exp7_random_2,3094,1216.0422,1219.5577,0.0,-0.25433579087257385,-3.2610674
exp7_random_2,3095,1043.5989,1046.6145,0.0,-0.47736120223999023,-2.5382314
exp7_random_2,3096,-12.868347,97.23964,-100.0,-5.501877784729004,-4.6060953
exp7_random_2,3097,974.7302,977.15137,0.0,0.0,-2.4212677
exp7_random_2,3098,1000.26044,1002.8889,0.0,0.0,-2.628628
exp7_random_2,3099,630.42126,741.1623,-100.0,-6.465337753295898,-4.2755113
exp7_random_2,3101,1184.713,1191.5834,0.0,-1.6058611869812012,-5.264625
exp7_random_2,3102,1009.61945,1011.35016,0.0,0.0,-1.730605
exp7_random_2,3103,1055.1482,1063.3816,0.0,-1.8596291542053223,-6.37389
exp7_random_2,3104,972.95374,979.8117,0.0,-0.2733427882194519,-6.584628
exp7_random_2,3105,1125.9635,1129.3315,0.0,0.0,-3.3679004
exp7_random_2,3106,1049.9099,1054.9609,0.0,-0.07150156795978546,-4.9795446
exp7_random_2,3107,1120.5818,1124.4404,0.0,-0.09316709637641907,-3.765649
exp7_random_2,3108,1243.6934,1247.128,0.0,-0.10188540816307068,-3.3328092
exp7_random_2,3109,859.1683,860.06006,0.0,0.0,-0.89180523
exp7_random_2,3110,1106.67,1112.3372,0.0,-0.3268336057662964,-5.340187
exp7_random_2,3111,980.5485,982.60754,0.0,-0.07757911086082458,-1.981325
exp7_random_2,3112,990.31836,994.1931,0.0,-0.14235903322696686,-3.7324166
exp7_random_2,3113,1118.2296,1121.6572,0.0,-0.250296026468277,-3.1770198
exp7_random_2,3114,1181.6171,1186.5226,0.0,-0.38192301988601685,-4.5235186
exp7_random_2,3115,1022.1533,1024.8254,0.0,-0.07154224812984467,-2.6006885
exp7_random_2,3116,1092.9783,1096.7039,0.0,0.0,-3.725591
exp7_random_2,3117,828.10095,830.3973,0.0,0.0,-2.2962985
exp7_random_2,3118,968.2572,972.08167,0.0,-0.8759053945541382,-2.9484715
exp7_random_2,3119,1145.704,1149.0415,0.0,0.0,-3.337564
exp7_random_2,3121,997.7998,999.5569,0.0,0.0,-1.756972
exp7_random_2,3122,551.0012,662.3804,-100.0,-6.136350631713867,-5.2427187
exp7_random_2,3123,931.7523,933.5509,0.0,0.0,-1.7985941
exp7_random_2,3124,1030.9167,1033.5585,0.0,-0.26422449946403503,-2.377599
exp7_random_2,3125,58.80362,167.4378,-100.0,-6.949604034423828,-1.6845734
exp7_random_2,3126,957.3347,964.6521,0.0,-0.8056771159172058,-6.5118027
exp7_random_2,3127,922.0232,923.7387,0.0,0.0,-1.7155169
exp7_random_2,3128,366.7114,472.94656,-100.0,-4.867218017578125,-1.3679818
exp7_random_2,3129,413.37805,560.4598,-100.0,-42.429710388183594,-4.6521196
exp7_random_2,3130,1028.1002,1029.8467,0.0,-0.08304499089717865,-1.66348
exp7_random_2,3131,1021.83014,1025.491,0.0,-0.25124967098236084,-3.4095592
exp7_random_2,3132,538.7411,651.19324,-100.0,-5.388041019439697,-7.064042
exp7_random_2,3133,519.6349,626.53503,-100.0,-4.215725421905518,-2.6845777
exp7_random_2,3134,547.94763,657.36536,-100.0,-3.2371160984039307,-6.180639
exp7_random_2,3135,394.35657,505.88016,-100.0,-3.650405168533325,-7.8730993
exp7_random_2,3136,927.1631,928.9675,0.0,-0.3550816774368286,-1.449386
exp7_random_2,3137,956.8997,960.64844,0.0,-0.2579153776168823,-3.4908412
exp7_random_2,3138,1043.2388,1046.4343,0.0,-0.06780442595481873,-3.1277337
exp7_random_2,3139,530.2022,635.64026,-100.0,-2.3833420276641846,-3.0546484
exp7_random_2,3141,922.00146,925.0075,0.0,0.0,-3.0059314
exp7_random_2,3142,945.32556,946.3605,0.0,-0.4837443232536316,-0.55112374
exp7_random_2,3143,1147.7899,1149.944,0.0,-0.03702808916568756,-2.1169336
exp7_random_2,3144,1033.4019,1035.9419,0.0,0.0,-2.5400395
exp7_random_2,3145,-29.140785,74.52268,-100.0,-2.736279249191284,-0.92718834
exp7_random_2,3146,1150.7267,1153.6335,0.0,0.0,-2.9070861
exp7_random_2,3147,37.015533,141.20909,-100.0,-3.0071804523468018,-1.1863855
exp7_random_2,3148,-57.38095,50.790527,-100.0,-5.150624752044678,-3.0208704
exp7_random_2,3149,384.4121,511.52402,-100.0,-20.190231323242188,-6.921631
exp7_random_2,3150,976.69635,977.34265,0.0,0.0,-0.6461843
exp7_random_2,3151,963.1382,965.00183,0.0,0.0,-1.8637601
exp7_random_2,3152,59.465164,163.5426,-100.0,-2.3163580894470215,-1.7610272
exp7_random_2,3153,1227.6837,1230.6832,0.0,0.0,-2.9993896
exp7_random_2,3154,1272.4741,1281.9634,0.0,-1.8856534957885742,-7.603481
exp7_random_2,3155,927.7605,930.69305,0.0,0.0,-2.9325387
exp7_random_2,3156,1163.7017,1166.1317,0.0,0.0,-2.4299848
exp7_random_2,3157,862.681,863.3439,0.0,0.0,-0.6628652
exp7_random_2,3158,1046.2405,1049.6288,0.0,-2.023369789123535,-1.3648453
exp7_random_2,3159,11.884186,116.507706,-100.0,-2.478766679763794,-2.1447527
exp7_random_2,3161,945.0432,947.22534,0.0,-0.7144708037376404,-1.4676682
exp7_random_2,3162,1088.0194,1094.6316,0.0,-1.815279245376587,-4.79668
exp7_random_2,3163,1113.0199,1115.3475,0.0,-0.2769671082496643,-2.050663
exp7_random_2,3164,885.8657,887.9415,0.0,-0.02214151620864868,-2.0536733
exp7_random_2,3165,1237.1241,1244.5073,0.0,-2.339045286178589,-5.0441504
exp7_random_2,3166,1032.1289,1037.583,0.0,-0.32958364486694336,-5.124621
exp7_random_2,3167,1188.9719,1193.7505,0.0,-0.39096570014953613,-4.38743
exp7_random_2,3168,467.39673,581.2183,-100.0,-10.420823097229004,-3.4008887
exp7_random_2,3169,1034.029,1036.6871,0.0,-0.00996042788028717,-2.6481006
exp7_random_2,3170,1145.909,1150.4694,0.0,-1.3075486421585083,-3.2527955
exp7_random_2,3171,1028.8933,1040.9253,0.0,-6.964728355407715,-5.0674787
exp7_random_2,3172,1415.7024,1428.0392,0.0,-3.02178955078125,-9.315204
exp7_random_2,3173,567.952,683.4736,-100.0,-11.41859245300293,-4.1027956
exp7_random_2,3174,1110.4241,1118.0221,0.0,-2.679351329803467,-4.918761
exp7_random_2,3175,1051.7717,1057.0564,0.0,-2.1673953533172607,-3.11746
exp7_random_2,3176,968.031,972.257,0.0,-0.9186016321182251,-3.3074243
exp7_random_2,3177,-143.95265,6.713643,-100.0,-50.1574821472168,-0.50881535
exp7_random_2,3178,1323.03,1331.3152,0.0,-2.119966506958008,-6.165116
exp7_random_2,3179,1008.13245,1011.0729,0.0,-0.7154884338378906,-2.2248068
exp7_random_2,3181,949.5044,951.8214,0.0,0.0,-2.3171318
exp7_random_2,3182,496.84668,611.97675,-100.0,-13.736751556396484,-1.3934501
exp7_random_2,3183,981.7871,984.34937,0.0,0.0,-2.5622742
exp7_random_2,3184,942.2125,944.44165,0.0,0.0,-2.2291012
exp7_random_2,3185,919.2888,922.5106,0.0,-0.31324470043182373,-2.9085035
exp7_random_2,3186,1002.7027,1005.19104,0.0,0.0,-2.4883442
exp7_random_2,3187,981.6934,983.6853,0.0,-0.0014216303825378418,-1.9903393
exp7_random_2,3188,1220.2656,1225.906,0.0,-1.745620608329773,-3.894698
exp7_random_2,3189,1021.7561,1023.90283,0.0,-0.027564600110054016,-2.1191947
exp7_random_2,3190,963.3658,964.36395,0.0,-0.00011058151721954346,-0.9981293
exp7_random_2,3191,1274.2618,1277.8342,0.0,-0.06008504331111908,-3.512241
exp7_random_2,3192,1322.2378,1327.3907,0.0,-0.49494898319244385,-4.6578097
exp7_random_2,3193,-62.21818,44.287567,-100.0,-4.696035385131836,-1.8097113
exp7_random_2,3194,416.3102,520.36707,-100.0,-2.6021265983581543,-1.454802
exp7_random_2,3195,-55.441376,89.97507,-100.0,-44.3952751159668,-1.0211583
exp7_random_2,3196,532.33704,641.425,-100.0,-5.240190505981445,-3.8477433
exp7_random_2,3197,945.4413,948.0396,0.0,-0.6138969659805298,-1.9844532
exp7_random_2,3198,1114.9775,1120.2572,0.0,-0.5174210071563721,-4.7621703
exp7_random_2,3199,514.4017,624.6344,-100.0,-8.72001838684082,-1.5126439
exp7_random_2,3201,972.03955,972.9897,0.0,0.0,-0.950088
exp7_random_2,3202,954.5288,956.6036,0.0,-0.13759849965572357,-1.9371818
exp7_random_2,3203,989.49536,991.3532,0.0,-0.016610682010650635,-1.841368
exp7_random_2,3204,1087.145,1088.1221,0.0,-0.008462667465209961,-0.96858
exp7_random_2,3205,622.45874,748.3522,-100.0,-22.07993507385254,-3.8135605
exp7_random_2,3206,1103.1198,1108.8187,0.0,-0.6233314275741577,-5.0757523
exp7_random_2,3207,980.4227,983.5314,0.0,0.0,-3.1083539
exp7_random_2,3208,913.10474,915.3979,0.0,-0.09815171360969543,-2.1949742
exp7_random_2,3209,1266.9385,1275.0713,0.0,-3.321296453475952,-4.811357
exp7_random_2,3210,995.824,997.27997,0.0,-0.003778412938117981,-1.4521836
exp7_random_2,3211,1143.2323,1147.8196,0.0,0.0,-4.5871687
exp7_random_2,3212,358.05774,491.08466,-100.0,-30.004913330078125,-3.0219796
exp7_random_2,3213,937.2728,939.1605,0.0,0.0,-1.8878354
exp7_random_2,3214,974.58984,977.65643,0.0,0.0,-3.0666187
exp7_random_2,3215,951.2243,956.14557,0.0,-1.7402708530426025,-3.1809142
exp7_random_2,3216,1098.814,1100.5215,0.0,-0.06860038638114929,-1.6388509
exp7_random_2,3217,1210.495,1216.6035,0.0,-1.7941277027130127,-4.3142085
exp7_random_2,3218,453.34445,558.004,-100.0,-2.369981527328491,-2.2896066
exp7_random_2,3219,1029.7668,1031.3448,0.0,-0.1928921788930893,-1.3851246
exp7_random_2,3221,46.395866,156.63306,-100.0,-8.94279956817627,-1.294402
exp7_random_2,3222,-99.68539,10.836231,-100.0,-10.253067970275879,-0.2685562
exp7_random_2,3223,1058.6041,1060.6389,0.0,0.0,-2.034835
exp7_random_2,3224,1145.6654,1150.8041,0.0,0.0,-5.138847
exp7_random_2,3225,1021.1388,1022.4321,0.0,-0.054210320115089417,-1.239012
exp7_random_2,3226,964.6962,967.5444,0.0,-0.011871382594108582,-2.8362162
exp7_random_2,3227,503.95178,655.75305,-100.0,-50.26192855834961,-1.5392739
exp7_random_2,3228,1028.037,1030.7633,0.0,-0.12404429912567139,-2.6022658
exp7_random_2,3229,1148.875,1157.314,0.0,-1.1204593181610107,-7.318368
exp7_random_2,3230,1031.7592,1036.1194,0.0,-0.21189597249031067,-4.1482244
exp7_random_2,3231,1089.8124,1092.5896,0.0,0.0,-2.7770667
exp7_random_2,3232,1105.7386,1111.3754,0.0,-1.9939926862716675,-3.6426075
exp7_random_2,3233,1517.0385,1524.1929,0.0,-0.08789664506912231,-7.0662813
exp7_random_2,3234,41.78031,147.14566,-100.0,-3.6222705841064453,-1.7430849
exp7_random_2,3235,1413.2467,1418.9038,0.0,-0.17316804826259613,-5.4840117
exp7_random_2,3236,1068.0654,1070.4507,0.0,0.0,-2.3852956
exp7_random_2,3237,397.76138,518.77246,-100.0,-20.083112716674805,-0.9278989
exp7_random_2,3238,932.43604,938.16516,0.0,-1.8612830638885498,-3.8678901
exp7_random_2,3239,887.65283,891.4354,0.0,0.0,-3.7826958
exp7_random_2,3241,1113.9187,1118.7778,0.0,-1.237318515777588,-3.6219218
exp7_random_2,3242,964.9462,966.7815,0.0,0.0,-1.8352854
exp7_random_2,3243,1120.4631,1123.0156,0.0,0.0,-2.5525086
exp7_random_2,3244,1327.3213,1337.5464,0.0,-0.6936299800872803,-9.531246
exp7_random_2,3245,920.6687,927.2026,0.0,-0.8154135346412659,-5.7185864
exp7_random_2,3246,1156.2096,1159.5857,0.0,0.0,-3.3761532
exp7_random_2,3247,969.19855,974.3602,0.0,-0.575072705745697,-4.586424
exp7_random_2,3248,1008.7527,1010.70154,0.0,0.0,-1.9488535
exp7_random_2,3249,1174.9082,1177.8524,0.0,-0.01021730899810791,-2.9339228
exp7_random_2,3250,547.14404,659.94464,-100.0,-9.854581832885742,-2.9460547
exp7_random_2,3251,652.88184,759.60016,-100.0,-2.6902213096618652,-4.027928
exp7_random_2,3252,902.51965,903.82153,0.0,0.0,-1.3019071
exp7_random_2,3253,1197.569,1209.3994,0.0,-1.4650667905807495,-10.365379
exp7_random_2,3254,1015.5053,1017.8751,0.0,0.0,-2.3697708
exp7_random_2,3255,1023.729,1030.1731,0.0,-0.35993874073028564,-6.0842476
exp7_random_2,3256,1109.9333,1113.2462,0.0,0.0,-3.3127687
exp7_random_2,3257,1083.1738,1084.9032,0.0,-0.033146366477012634,-1.6960577
exp7_random_2,3258,1103.6588,1107.6804,0.0,-0.5762324333190918,-3.4453342
exp7_random_2,3259,1268.5793,1272.1727,0.0,0.0,-3.5932226
exp7_random_2,3261,1142.5476,1146.2106,0.0,-0.7020459175109863,-2.960993
exp7_random_2,3262,1044.298,1047.3599,0.0,0.0,-3.0618603
exp7_random_2,3263,1114.907,1118.1559,0.0,-0.46222907304763794,-2.7867436
exp7_random_2,3264,1019.9458,1023.0039,0.0,-0.018803060054779053,-3.0392685
exp7_random_2,3265,835.22485,836.1414,0.0,0.0,-0.91658705
exp7_random_2,3266,952.0691,953.0315,0.0,0.0,-0.96235025
exp7_random_2,3267,963.8519,964.7073,0.0,0.0,-0.8552939
exp7_random_2,3268,1164.5005,1167.3215,0.0,-0.31231772899627686,-2.5087688
exp7_random_2,3269,1097.6301,1099.2933,0.0,-0.1825210005044937,-1.4807675
exp7_random_2,3270,1089.2795,1092.1837,0.0,0.0,-2.9042385
exp7_random_2,3271,1062.6499,1065.1382,0.0,-0.19608084857463837,-2.2920632
exp7_random_2,3272,943.1717,944.9143,0.0,0.0,-1.7426625
exp7_random_2,3273,951.4435,954.735,0.0,-1.291648030281067,-1.9999381
exp7_random_2,3274,935.6299,940.99176,0.0,-1.6529760360717773,-3.7089481
exp7_random_2,3275,1080.7711,1083.8059,0.0,-0.6773269176483154,-2.3573928
exp7_random_2,3276,1254.5779,1258.3279,0.0,0.0,-3.7496145
exp7_random_2,3277,856.66943,858.00964,0.0,0.0,-1.3401316
exp7_random_2,3278,1079.6797,1082.9507,0.0,-1.010554313659668,-2.2602618
exp7_random_2,3279,1268.7112,1274.3527,0.0,-1.740638017654419,-3.90091
exp7_random_2,3281,518.0032,631.1707,-100.0,-9.991990089416504,-3.175468
exp7_random_2,3282,992.1925,994.7626,0.0,0.0,-2.5699244
exp7_random_2,3283,1011.0819,1013.8656,0.0,-0.7052962779998779,-2.0783274
exp7_random_2,3284,967.5013,974.3667,0.0,-5.1470465660095215,-1.7184297
exp7_random_2,3285,-102.776505,49.314175,-100.0,-50.31233596801758,-1.7783568
exp7_random_2,3286,986.64874,992.47473,0.0,-1.1373947858810425,-4.6887565
exp7_random_2,3287,836.4176,837.4439,0.0,0.0,-1.0263326
exp7_random_2,3288,1002.5157,1004.3518,0.0,0.0,-1.8360921
exp7_random_2,3289,1352.1228,1358.0498,0.0,-0.15430718660354614,-5.7726407
exp7_random_2,3290,1025.0542,1026.9678,0.0,-0.476560115814209,-1.4372313
exp7_random_2,3291,1017.1819,1018.62134,0.0,0.0,-1.4394975
exp7_random_2,3292,-95.30922,55.05595,-100.0,-49.87499999999999,-0.49016917
exp7_random_2,3293,1135.1925,1140.1367,0.0,-0.38408324122428894,-4.560168
exp7_random_2,3294,1162.0989,1166.5339,0.0,-0.2637820839881897,-4.1713204
exp7_random_2,3295,851.1049,853.0067,0.0,0.0,-1.9018368
exp7_random_2,3296,963.00574,965.32263,0.0,-0.0661066323518753,-2.2507603
exp7_random_2,3297,1155.9265,1159.2262,0.0,0.0,-3.299605
exp7_random_2,3298,973.46094,977.0111,0.0,-0.06600302457809448,-3.4842818
exp7_random_2,3299,1067.333,1071.1637,0.0,-1.6702356338500977,-2.1606686
exp7_random_2,3301,1174.3276,1180.2886,0.0,-1.0958203077316284,-4.864927
exp7_random_2,3302,1075.3936,1079.198,0.0,0.0,-3.80465
exp7_random_2,3303,-43.16856,60.196136,-100.0,-2.549466371536255,-0.81522834
exp7_random_2,3304,1153.0294,1156.5624,0.0,-0.3617703914642334,-3.1711376
exp7_random_2,3305,1244.8872,1252.0416,0.0,-0.964199423789978,-6.1901913
exp7_random_2,3306,1187.5365,1190.9448,0.0,-0.5246575474739075,-2.8836918
exp7_random_2,3307,912.2413,913.99524,0.0,-0.43556511402130127,-1.3184044
exp7_random_2,3308,-121.65184,28.487543,-100.0,-50.07219314575195,-0.06719527
exp7_random_2,3309,976.22864,978.0255,0.0,0.0,-1.7968705
exp7_random_2,3310,1008.58875,1015.11316,0.0,-1.601233959197998,-4.923081
exp7_random_2,3311,982.9728,985.4052,0.0,-0.15809591114521027,-2.2743149
exp7_random_2,3312,1019.6104,1021.4723,0.0,0.0,-1.8617698
exp7_random_2,3313,1024.9285,1031.2505,0.0,-0.6705033779144287,-5.6514215
exp7_random_2,3314,583.16675,692.81525,-100.0,-5.985060214996338,-3.6633599
exp7_random_2,3315,1060.907,1066.0042,0.0,-0.19621723890304565,-4.9008036
exp7_random_2,3316,1127.5095,1137.2876,0.0,-3.4509382247924805,-6.327107
exp7_random_2,3317,18.093452,124.668076,-100.0,-4.567115306854248,-2.0075188
exp7_random_2,3318,1131.863,1145.0889,0.0,-5.306793689727783,-7.9189034
exp7_random_2,3319,45.108345,150.97464,-100.0,-3.802807331085205,-2.06349
exp7_random_2,3321,1097.4705,1101.9204,0.0,-2.3309085369110107,-2.1188698
exp7_random_2,3322,1061.529,1065.3359,0.0,-0.06422916054725647,-3.742734
exp7_random_2,3323,1430.552,1437.6394,0.0,-0.7136291861534119,-6.3737187
exp7_random_2,3324,1218.2408,1222.7297,0.0,-0.0623897910118103,-4.426484
exp7_random_2,3325,967.34,970.9658,0.0,-0.30204707384109497,-3.3237364
exp7_random_2,3326,974.8321,978.38416,0.0,-0.022127389907836914,-3.5299764
exp7_random_2,3327,1118.4393,1122.4222,0.0,-0.1039360761642456,-3.8789742
exp7_random_2,3328,1021.2137,1022.92786,0.0,-0.021416038274765015,-1.6924589
exp7_random_2,3329,933.8313,935.756,0.0,0.0,-1.9247988
exp7_random_2,3330,1101.2537,1103.9978,0.0,-0.05725495517253876,-2.6870232
exp7_random_2,3331,1057.985,1061.3824,0.0,0.0,-3.397629
exp7_random_2,3332,1034.6664,1037.9209,0.0,-0.5736162066459656,-2.680882
exp7_random_2,3333,1083.2635,1086.2478,0.0,-0.1900978982448578,-2.7942095
exp7_random_2,3334,1200.3005,1206.4348,0.0,-1.7580780982971191,-4.376109
exp7_random_2,3335,1150.5936,1153.9984,0.0,-0.03292672336101532,-3.3719304
exp7_random_2,3336,1003.589,1010.547,0.0,-2.5694150924682617,-4.388368
exp7_random_2,3337,1012.9772,1014.45325,0.0,-0.014323323965072632,-1.4617507
exp7_random_2,3338,1249.9857,1252.2865,0.0,-0.05621115863323212,-2.2445416
exp7_random_2,3339,1435.1176,1440.643,0.0,-0.3038148880004883,-5.221485
exp7_random_2,3341,933.91516,936.99915,0.0,-0.46523308753967285,-2.6187356
exp7_random_2,3342,1150.9664,1155.9202,0.0,-0.008687660098075867,-4.945022
exp7_random_2,3343,1379.1683,1387.8092,0.0,-0.6363299489021301,-8.004463
exp7_random_2,3344,1105.4795,1109.365,0.0,-0.4460611939430237,-3.4392307
exp7_random_2,3345,1044.7922,1046.2174,0.0,0.0,-1.4249878
exp7_random_2,3346,978.46387,980.5973,0.0,0.0,-2.1333122
exp7_random_2,3347,1111.3688,1114.6931,0.0,0.0,-3.3242545
exp7_random_2,3348,1058.9585,1064.3716,0.0,-0.4657585620880127,-4.947402
exp7_random_2,3349,1010.3491,1015.18274,0.0,0.0,-4.8337107
exp7_random_2,3350,919.6173,921.7522,0.0,-0.05849812924861908,-2.0763383
exp7_random_2,3351,876.6201,877.661,0.0,0.0,-1.0409266
exp7_random_2,3352,1054.5651,1057.6001,0.0,0.0,-3.0349495
exp7_random_2,3353,909.12756,911.1444,0.0,0.0,-2.0167603
exp7_random_2,3354,1028.8086,1036.8384,0.0,-5.3966779708862305,-2.6329498
exp7_random_2,3355,723.1172,835.6189,-100.0,-7.34787130355835,-5.15373
exp7_random_2,3356,891.66895,894.49133,0.0,0.0,-2.8224597
exp7_random_2,3357,1100.4331,1103.1675,0.0,0.0,-2.734429
exp7_random_2,3358,1269.5771,1273.6016,0.0,-0.07842220366001129,-3.946299
exp7_random_2,3359,1052.2361,1057.1987,0.0,-0.050397515296936035,-4.9123034
exp7_random_2,3361,992.25507,992.96655,0.0,0.0,-0.71147627
exp7_random_2,3362,970.91974,973.8802,0.0,0.0,-2.9604936
exp7_random_2,3363,973.73914,975.2965,0.0,0.0,-1.5573767
exp7_random_2,3364,1025.5481,1028.7217,0.0,0.0,-3.173588
exp7_random_2,3365,913.63086,914.629,0.0,0.0,-0.9981384
exp7_random_2,3366,-93.128296,10.64717,-100.0,-3.339176654815674,-0.4362909
exp7_random_2,3367,920.09247,920.53955,0.0,-0.007834568619728088,-0.43922457
exp7_random_2,3368,437.29294,593.34644,-100.0,-51.22177505493164,-4.8316774
exp7_random_2,3369,976.4711,985.1315,0.0,-0.6715513467788696,-7.9887033
exp7_random_2,3370,924.32117,927.69775,0.0,-0.23567049205303192,-3.1408942
exp7_random_2,3371,1036.975,1039.3448,0.0,-0.01623871922492981,-2.3536282
exp7_random_2,3372,992.9809,996.9657,0.0,-0.14692290127277374,-3.8378143
exp7_random_2,3373,1150.0369,1154.2312,0.0,0.0,-4.194279
exp7_random_2,3374,907.41583,908.99194,0.0,-0.008173719048500061,-1.5679396
exp7_random_2,3375,1090.4299,1092.0964,0.0,0.0,-1.6664057
exp7_random_2,3376,1041.7229,1050.4302,0.0,-5.2788801193237305,-3.4283662
exp7_random_2,3377,1095.4412,1097.8285,0.0,0.0,-2.3873029
exp7_random_2,3378,971.6295,972.94995,0.0,-0.04895152151584625,-1.27139
exp7_random_2,3379,448.31824,556.2887,-100.0,-5.378664016723633,-2.591821
exp7_random_2,3381,1027.8636,1032.0272,0.0,-0.19632188975811005,-3.967278
exp7_random_2,3382,993.8439,996.4121,0.0,-0.21294166147708893,-2.355225
exp7_random_2,3383,-17.349403,97.27753,-100.0,-13.006120681762695,-1.6208093
exp7_random_2,3384,987.3584,991.152,0.0,-0.969894528388977,-2.8237495
exp7_random_2,3385,888.32666,890.5104,0.0,-0.5477719902992249,-1.6359725
exp7_random_2,3386,893.5408,894.44293,0.0,0.0,-0.9021397
exp7_random_2,3387,1192.5702,1200.511,0.0,-2.402963638305664,-5.538134
exp7_random_2,3388,1181.5906,1185.5441,0.0,-0.16735084354877472,-3.7860157
exp7_random_2,3389,1226.5042,1232.7097,0.0,-0.7005577683448792,-5.5048404
exp7_random_2,3390,-32.635513,77.31308,-100.0,-8.669907569885254,-1.2786894
exp7_random_2,3391,1107.4794,1111.6646,0.0,0.0,-4.1853476
exp7_random_2,3392,873.83875,879.9336,0.0,-0.5865204334259033,-5.5082746
exp7_random_2,3393,54.349037,171.51974,-100.0,-15.508078575134277,-1.6626295
exp7_random_2,3394,429.84744,538.0987,-100.0,-4.192996978759766,-4.0579996
exp7_random_2,3395,318.62817,469.47934,-100.0,-49.87499999999999,-0.9761678
exp7_random_2,3396,1280.9065,1286.8385,0.0,-1.7512164115905762,-4.1807175
exp7_random_2,3397,956.51886,958.7783,0.0,0.0,-2.259466
exp7_random_2,3398,782.36633,897.35974,-100.0,-9.974992752075195,-5.0184565
exp7_random_2,3399,455.2339,562.6305,-100.0,-3.8553054332733154,-3.5413876
exp7_random_2,3401,1184.24,1188.2201,0.0,0.0,-3.980298
exp7_random_2,3402,1083.5112,1088.784,0.0,-0.2086484283208847,-5.0641026
exp7_random_2,3403,1057.0574,1060.4851,0.0,-0.09664998948574066,-3.33121
exp7_random_2,3404,960.0996,963.5471,0.0,-1.0683008432388306,-2.3791888
exp7_random_2,3405,941.12885,942.8434,0.0,-0.5425800085067749,-1.1719738
exp7_random_2,3406,1156.4027,1163.4852,0.0,-1.0708582401275635,-6.011841
exp7_random_2,3407,997.62897,1007.3783,0.0,-3.6093697547912598,-6.13991
exp7_random_2,3408,998.865,1001.9011,0.0,-0.13114546239376068,-2.9051833
exp7_random_2,3409,941.3262,945.66003,0.0,-0.25511351227760315,-4.078689
exp7_random_2,3410,1040.0503,1043.8949,0.0,-0.16510441899299622,-3.6794696
exp7_random_2,3411,1118.6116,1121.3579,0.0,-0.330150842666626,-2.4161727
exp7_random_2,3412,1241.4554,1248.9606,0.0,-2.8153820037841797,-4.6897197
exp7_random_2,3413,970.2904,972.6411,0.0,0.0,-2.3507984
exp7_random_2,3414,1095.0918,1097.974,0.0,-0.00821278989315033,-2.8740826
exp7_random_2,3415,994.5967,996.43555,0.0,-0.01636059582233429,-1.8225381
exp7_random_2,3416,1136.1544,1141.8606,0.0,-1.984363079071045,-3.7218714
exp7_random_2,3417,1053.0764,1064.8079,0.0,-5.195209980010986,-6.5362134
exp7_random_2,3418,960.0182,961.3649,0.0,0.0,-1.3467283
exp7_random_2,3419,977.3113,984.99805,0.0,-0.9925332069396973,-6.694114
exp7_random_2,3421,1100.2002,1102.0112,0.0,0.0,-1.8110592
exp7_random_2,3422,1211.7017,1218.8401,0.0,-2.0500073432922363,-5.0884304
exp7_random_2,3423,870.9277,873.1809,0.0,0.0,-2.2532709
exp7_random_2,3424,961.28076,965.0258,0.0,-0.32869887351989746,-3.4163365
exp7_random_2,3425,1068.8241,1073.2177,0.0,-0.06994263827800751,-4.3236084
exp7_random_2,3426,944.86676,946.58154,0.0,0.0,-1.7148135
exp7_random_2,3427,1066.0332,1071.6904,0.0,-0.9087238311767578,-4.748631
exp7_random_2,3428,1074.8259,1079.5972,0.0,-1.30588960647583,-3.465393
exp7_random_2,3429,641.577,760.20306,-100.0,-15.481783866882324,-3.1443877
exp7_random_2,3430,617.9404,735.4868,-100.0,-13.743124961853027,-3.803229
exp7_random_2,3431,918.2063,918.94763,0.0,-0.08009633421897888,-0.66123176
exp7_random_2,3432,-78.37303,73.05224,-100.0,-50.39370346069336,-1.0315697
exp7_random_2,3433,1126.477,1132.229,0.0,-3.024404525756836,-2.7276278
exp7_random_2,3434,505.92267,614.7652,-100.0,-5.042749404907227,-3.7996109
exp7_random_2,3435,939.00684,940.5968,0.0,0.0,-1.5899229
exp7_random_2,3436,1124.268,1128.1719,0.0,-0.7495439052581787,-3.154435
exp7_random_2,3437,1192.1051,1199.216,0.0,-1.0026178359985352,-6.108215
exp7_random_2,3438,634.4676,787.12256,-100.0,-49.9012451171875,-2.7538033
exp7_random_2,3439,1038.6003,1041.3962,0.0,-0.12632149457931519,-2.6696024
exp7_random_2,3441,438.0672,590.88574,-100.0,-50.60032653808594,-2.2182732
exp7_random_2,3442,1064.0873,1065.4673,0.0,-0.021326780319213867,-1.358535
exp7_random_2,3443,1094.3706,1097.6202,0.0,-0.04147396981716156,-3.2081687
exp7_random_2,3444,1081.3395,1086.1661,0.0,-0.09275224804878235,-4.733767
exp7_random_2,3445,-49.075985,54.430588,-100.0,-2.2655446529388428,-1.2410326
exp7_random_2,3446,1064.6184,1066.8466,0.0,0.0,-2.2281964
exp7_random_2,3447,893.26965,894.33386,0.0,-0.02130281925201416,-1.0429487
exp7_random_2,3448,1445.049,1451.2914,0.0,-0.28051280975341797,-5.96142
exp7_random_2,3449,1253.5303,1259.2002,0.0,-0.3216750919818878,-5.3481936
exp7_random_2,3450,989.5065,994.263,0.0,-1.07608962059021,-3.6804202
exp7_random_2,3451,1004.65845,1007.84717,0.0,-0.08534200489521027,-3.1034007
exp7_random_2,3452,1216.7911,1221.263,0.0,0.0,-4.471662
exp7_random_2,3453,998.14514,1001.8889,0.0,-0.9555917978286743,-2.7882187
exp7_random_2,3454,1082.9233,1085.8368,0.0,-0.5220940113067627,-2.3915336
exp7_random_2,3455,993.81274,996.9635,0.0,0.0,-3.1507123
exp7_random_2,3456,1174.3054,1178.145,0.0,-0.7809380292892456,-3.0587912
exp7_random_2,3457,1250.6621,1252.7842,0.0,-0.2000441700220108,-1.9220961
exp7_random_2,3458,1145.0485,1149.2172,0.0,-0.13712921738624573,-4.031615
exp7_random_2,3459,519.35065,627.4971,-100.0,-3.041464328765869,-5.1049314
exp7_random_2,3461,1041.1699,1043.5757,0.0,0.0,-2.4059424
exp7_random_2,3462,420.98355,532.4342,-100.0,-9.141388893127441,-2.3092287
exp7_random_2,3463,1325.8326,1333.2943,0.0,-2.0583302974700928,-5.403288
exp7_random_2,3464,1103.8557,1107.1965,0.0,-0.18649441003799438,-3.15441
exp7_random_2,3465,1122.1422,1126.3102,0.0,-0.08350300788879395,-4.0845733
exp7_random_2,3466,1065.3762,1070.0385,0.0,-0.942135751247406,-3.7198868
exp7_random_2,3467,891.81714,894.1947,0.0,-0.5404021739959717,-1.8372511
exp7_random_2,3468,1044.7965,1049.0642,0.0,-0.3519861102104187,-3.9157324
exp7_random_2,3469,1066.435,1070.8309,0.0,-0.4926428198814392,-3.903197
exp7_random_2,3470,902.8849,905.4065,0.0,-0.019440770149230957,-2.5021863
exp7_random_2,3471,1145.8755,1149.3435,0.0,-0.2682648301124573,-3.1996384
exp7_random_2,3472,1095.9719,1099.2418,0.0,0.0,-3.2698138
exp7_random_2,3473,1039.9727,1043.8711,0.0,-0.020311132073402405,-3.878186
exp7_random_2,3474,512.869,620.2261,-100.0,-3.7877445220947266,-3.569316
exp7_random_2,3475,472.7077,624.7518,-100.0,-50.34871292114258,-1.6953559
exp7_random_2,3476,-88.17093,62.43337,-100.0,-50.31398010253906,-0.29033113
exp7_random_2,3477,952.104,957.19995,0.0,-0.6769803166389465,-4.4188604
exp7_random_2,3478,1163.7051,1166.9336,0.0,-0.5310890674591064,-2.697508
exp7_random_2,3479,1103.4652,1111.1475,0.0,0.0,-7.682549
exp7_random_2,3481,1116.944,1119.4049,0.0,0.0,-2.4609778
exp7_random_2,3482,1184.5353,1193.4144,0.0,-1.5870747566223145,-7.291889
exp7_random_2,3483,1119.1812,1122.6996,0.0,-0.10059884190559387,-3.4178307
exp7_random_2,3484,348.98865,501.91922,-100.0,-50.344181060791016,-2.5863857
exp7_random_2,3485,1202.8496,1206.1964,0.0,-0.12284806370735168,-3.224014
exp7_random_2,3486,1115.397,1120.4053,0.0,-0.7922308444976807,-4.2159033
exp7_random_2,3487,992.40625,995.4011,0.0,-0.016124382615089417,-2.9787545
exp7_random_2,3488,1042.9856,1048.8145,0.0,-0.44802311062812805,-5.380922
exp7_random_2,3489,933.98047,937.64307,0.0,-0.5601580142974854,-3.102295
exp7_random_2,3490,1220.6577,1224.2509,0.0,-0.26240816712379456,-3.330788
exp7_random_2,3491,434.83368,587.82434,-100.0,-51.06258010864258,-1.9280292
exp7_random_2,3492,903.3035,904.29675,0.0,0.0,-0.99315053
exp7_random_2,3493,956.68176,960.8519,0.0,-2.099278211593628,-2.0708463
exp7_random_2,3494,1023.66,1026.803,0.0,0.0,-3.1429117
exp7_random_2,3495,1116.6573,1119.081,0.0,-0.2175249606370926,-2.206224
exp7_random_2,3496,1038.6965,1043.3833,0.0,-1.4452104568481445,-3.2415304
exp7_random_2,3497,-71.38901,47.076775,-100.0,-17.861923217773438,-0.6038493
exp7_random_2,3498,932.0128,934.9053,0.0,-0.06076563894748688,-2.8316817
exp7_random_2,3499,1061.2117,1065.0687,0.0,-0.1207427829504013,-3.7362335
exp7_random_2,3501,1190.4569,1192.7708,0.0,-0.08957023918628693,-2.2244241
exp7_random_2,3502,983.83777,985.5796,0.0,-0.13979734480381012,-1.6019073
exp7_random_2,3503,-66.967545,38.560287,-100.0,-3.0827276706695557,-2.445107
exp7_random_2,3504,965.8782,969.2285,0.0,-0.17370647192001343,-3.1765583
exp7_random_2,3505,1170.3967,1173.1449,0.0,-0.06645703315734863,-2.6814582
exp7_random_2,3506,1177.6077,1183.6735,0.0,-0.2832658290863037,-5.782665
exp7_random_2,3507,991.0977,993.15393,0.0,0.0,-2.0562017
exp7_random_2,3508,940.20764,942.28015,0.0,-0.07362279295921326,-1.998981
exp7_random_2,3509,1010.0045,1017.2672,0.0,-2.624229669570923,-4.6384373
exp7_random_2,3510,1131.0533,1134.4084,0.0,-0.13306516408920288,-3.2218876
exp7_random_2,3511,962.351,966.2277,0.0,0.0,-3.8767028
exp7_random_2,3512,1234.1844,1239.7805,0.0,-0.05440634489059448,-5.5416136
exp7_random_2,3513,1099.8175,1102.791,0.0,-0.008880704641342163,-2.9645143
exp7_random_2,3514,1009.26105,1018.15784,0.0,-5.312758922576904,-3.5840225
exp7_random_2,3515,1124.8207,1127.1362,0.0,0.0,-2.3154473
exp7_random_2,3516,979.8938,983.8097,0.0,-0.28627604246139526,-3.6296506
exp7_random_2,3517,-89.84744,18.39123,-100.0,-6.7711639404296875,-1.4675137
exp7_random_2,3518,1063.9565,1067.3883,0.0,-0.027786821126937866,-3.4041758
exp7_random_2,3519,1121.8468,1127.9934,0.0,-1.0490436553955078,-5.0974517
exp7_random_2,3521,1062.6179,1070.6942,0.0,-1.471653699874878,-6.6045756
exp7_random_2,3522,1126.9172,1142.1127,0.0,-8.592025756835938,-6.603526
exp7_random_2,3523,1097.1489,1099.4409,0.0,-0.37937572598457336,-1.9127202
exp7_random_2,3524,1085.9479,1093.4232,0.0,-2.8003089427948,-4.6749225
exp7_random_2,3525,1003.2861,1006.3904,0.0,-0.042162612080574036,-3.0623112
exp7_random_2,3526,679.9027,791.66644,-100.0,-5.532853126525879,-6.230952
exp7_random_2,3527,-96.594666,8.554215,-100.0,-4.075328826904297,-1.0735492
exp7_random_2,3528,909.7716,913.377,0.0,0.0,-3.6054022
exp7_random_2,3529,872.7738,875.11743,0.0,0.0,-2.3435879
exp7_random_2,3530,1305.0118,1309.2622,0.0,-0.6665775775909424,-3.5836313
exp7_random_2,3531,1221.0015,1228.0836,0.0,-1.9041982889175415,-5.177819
exp7_random_2,3532,568.18713,721.12756,-100.0,-50.35532760620117,-2.5850117
exp7_random_2,3533,1151.5874,1154.8103,0.0,-1.050062656402588,-2.1725605
exp7_random_2,3534,1185.9126,1192.4915,0.0,-1.392818570137024,-5.1861677
exp7_random_2,3535,1039.855,1041.698,0.0,0.0,-1.8431005
exp7_random_2,3536,1110.4869,1114.0643,0.0,-0.40680915117263794,-3.170593
exp7_random_2,3537,1095.7789,1106.5442,0.0,-3.698131561279297,-7.0671477
exp7_random_2,3538,21.040619,171.92036,-100.0,-50.3861083984375,-0.4936549
exp7_random_2,3539,-48.849396,59.76584,-100.0,-7.920197486877441,-0.6950325
exp7_random_2,3541,-129.16454,8.76647,-100.0,-37.62857437133789,-0.30243814
exp7_random_2,3542,1098.5793,1100.7,0.0,-0.17610880732536316,-1.9445497
exp7_random_2,3543,896.0212,897.2467,0.0,-0.019301652908325195,-1.2063026
exp7_random_2,3544,1210.7246,1216.1407,0.0,-1.0580486059188843,-4.3581657
exp7_random_2,3545,983.2389,985.9182,0.0,-0.07141558825969696,-2.6081295
exp7_random_2,3546,1239.7288,1245.1626,0.0,-0.6575115919113159,-4.776367
exp7_random_2,3547,1060.8131,1064.5118,0.0,-0.00913231074810028,-3.6895926
exp7_random_2,3548,1119.3507,1123.2747,0.0,-0.07874853909015656,-3.845248
exp7_random_2,3549,-101.387314,2.4164262,-100.0,-3.406836986541748,-0.39689484
exp7_random_2,3550,1205.0519,1208.1406,0.0,0.0,-3.0887353
exp7_random_2,3551,861.1095,862.5158,0.0,0.0,-1.4063798
exp7_random_2,3552,1301.2156,1304.6283,0.0,-0.14911118149757385,-3.2637534
exp7_random_2,3553,1038.9297,1040.8599,0.0,0.0,-1.9303883
exp7_random_2,3554,-63.6728,87.58296,-100.0,-49.7458381652832,-1.509929
exp7_random_2,3555,954.6969,957.3264,0.0,-0.06454934179782867,-2.564987
exp7_random_2,3556,1252.1659,1258.398,0.0,-0.8560377955436707,-5.375943
exp7_random_2,3557,1084.3591,1087.2268,0.0,0.0,-2.8677342
exp7_random_2,3558,1454.3496,1462.9647,0.0,-1.2193723917007446,-7.3956194
exp7_random_2,3559,900.90283,901.5317,0.0,0.0,-0.6288414
exp7_random_2,3561,893.4013,893.7309,0.0,0.0,-0.32960185
exp7_random_2,3562,812.99243,813.56824,0.0,0.0,-0.57575995
exp7_random_2,3563,522.5542,627.3931,-100.0,-2.7554376125335693,-2.0835767
exp7_random_2,3564,1205.5331,1209.7388,0.0,-0.5368979573249817,-3.6689415
exp7_random_2,3565,1053.0599,1056.7441,0.0,0.0,-3.6843035
exp7_random_2,3566,967.748,971.8632,0.0,0.0,-4.115188
exp7_random_2,3567,629.1042,785.14514,-100.0,-54.140480041503906,-1.9006661
exp7_random_2,3568,883.4348,885.2216,0.0,0.0,-1.7868388
exp7_random_2,3569,931.7107,934.9415,0.0,-1.136804461479187,-2.0939915
exp7_random_2,3570,548.4475,673.8143,-100.0,-23.42491912841797,-1.9418179
exp7_random_2,3571,978.7698,980.57153,0.0,-0.04499734938144684,-1.7568374
exp7_random_2,3572,1071.9427,1074.6669,0.0,-0.05977696180343628,-2.6644158
exp7_random_2,3573,1238.6439,1242.1414,0.0,0.0,-3.497734
exp7_random_2,3574,1080.6163,1082.294,0.0,-0.12606588006019592,-1.5513695
exp7_random_2,3575,1249.3828,1253.4829,0.0,-0.36567962169647217,-3.7343311
exp7_random_2,3576,1082.4572,1085.1984,0.0,0.0,-2.7411568
exp7_random_2,3577,1130.964,1139.2109,0.0,-0.9661643505096436,-7.2807283
exp7_random_2,3578,545.4656,699.767,-100.0,-50.04742431640625,-4.2539363
exp7_random_2,3579,1426.2305,1436.08,0.0,-0.6576699018478394,-9.191722
exp7_random_2,3581,-127.13402,23.631363,-100.0,-49.959842681884766,-0.8055263
exp7_random_2,3582,1180.1046,1182.6912,0.0,0.0,-2.5866206
exp7_random_2,3583,-72.94884,31.194798,-100.0,-2.8256771564483643,-1.3179575
exp7_random_2,3584,848.228,849.34033,0.0,0.0,-1.1124372
exp7_random_2,3585,-100.803345,4.87574,-100.0,-5.00484561920166,-0.6742376
exp7_random_2,3586,1100.374,1106.7523,0.0,-1.714935064315796,-4.6632643
exp7_random_2,3587,1235.6481,1241.0258,0.0,-0.07836847007274628,-5.299283
exp7_random_2,3588,932.2877,933.3024,0.0,0.0,-1.0147518
exp7_random_2,3589,1167.6179,1173.3762,0.0,-0.39889010787010193,-5.359376
exp7_random_2,3590,1228.7462,1231.4379,0.0,0.0,-2.6917415
exp7_random_2,3591,1061.0913,1065.8339,0.0,-1.872424602508545,-2.870377
exp7_random_2,3592,951.6143,955.4324,0.0,-0.7508754730224609,-3.067119
exp7_random_2,3593,1166.3197,1169.8096,0.0,0.0,-3.4898021
exp7_random_2,3594,1036.3475,1042.7913,0.0,-1.5981789827346802,-4.845348
exp7_random_2,3595,478.40436,587.7484,-100.0,-5.215219497680664,-4.1288757
exp7_random_2,3596,1183.0366,1187.2721,0.0,-0.3559584617614746,-3.879685
exp7_random_2,3597,995.3048,999.1416,0.0,-0.23938104510307312,-3.5973737
exp7_random_2,3598,1251.8223,1261.35,0.0,-2.102545738220215,-7.425255
exp7_random_2,3599,1113.0518,1116.458,0.0,-0.11429257690906525,-3.2918072
exp7_random_2,3601,1204.3755,1208.6614,0.0,-0.17348773777484894,-4.1123624
exp7_random_2,3602,1075.8754,1078.9172,0.0,-0.2206229567527771,-2.821403
exp7_random_2,3603,1082.5419,1086.0293,0.0,-0.04090483486652374,-3.4463406
exp7_random_2,3604,867.0051,868.85443,0.0,-0.3396708369255066,-1.50968
exp7_random_2,3605,1019.7785,1022.9417,0.0,-0.6346089839935303,-2.5287774
exp7_random_2,3606,1044.9324,1052.9097,0.0,-0.45895886421203613,-7.5183525
exp7_random_2,3607,1154.3778,1159.6084,0.0,-0.6270522475242615,-4.6036887
exp7_random_2,3608,628.746,737.402,-100.0,-4.242000102996826,-4.4140344
exp7_random_2,3609,1218.2261,1221.0715,0.0,-0.16738121211528778,-2.6781077
exp7_random_2,3610,1211.0936,1214.992,0.0,-0.5999404788017273,-3.298667
exp7_random_2,3611,1347.5441,1351.1643,0.0,-0.022596687078475952,-3.597828
exp7_random_2,3612,1032.8624,1037.9386,0.0,-0.1763656586408615,-4.8998246
exp7_random_2,3613,1416.1838,1421.3785,0.0,-0.4054741859436035,-4.7891736
exp7_random_2,3614,1413.5255,1421.905,0.0,-1.5200731754302979,-6.8594537
exp7_random_2,3615,1001.5841,1017.4207,0.0,-2.2686004638671875,-13.567948
exp7_random_2,3616,1035.1705,1037.5045,0.0,-0.41139158606529236,-1.9227124
exp7_random_2,3617,1159.6865,1164.2452,0.0,-0.5816256403923035,-3.9770272
exp7_random_2,3618,603.7323,709.7838,-100.0,-3.1792562007904053,-2.872199
exp7_random_2,3619,1043.505,1047.3289,0.0,-0.4584875702857971,-3.3652997
exp7_random_2,3621,499.44635,604.9715,-100.0,-4.0977325439453125,-1.4273413
exp7_random_2,3622,1450.9761,1458.2764,0.0,-0.5159260034561157,-6.7840924
exp7_random_2,3623,1240.7429,1244.1146,0.0,0.0,-3.371882
exp7_random_2,3624,877.58185,878.3324,0.0,0.0,-0.75057507
exp7_random_2,3625,1434.8546,1441.61,0.0,-0.07491829991340637,-6.6805224
exp7_random_2,3626,1141.5939,1143.7743,0.0,0.0,-2.1804485
exp7_random_2,3627,1222.6095,1226.782,0.0,-0.10807861387729645,-4.0644517
exp7_random_2,3628,375.04715,504.507,-100.0,-27.657703399658203,-1.8020724
exp7_random_2,3629,979.6018,980.42267,0.0,0.0,-0.8208229
exp7_random_2,3630,1034.7721,1038.1348,0.0,-0.027993470430374146,-3.3349504
exp7_random_2,3631,1036.4877,1040.7012,0.0,0.0,-4.2135015
exp7_random_2,3632,1146.8622,1152.201,0.0,-0.8362487554550171,-4.502355
exp7_random_2,3633,1158.0616,1164.4324,0.0,0.0,-6.3707027
exp7_random_2,3634,994.58514,995.965,0.0,0.0,-1.379984
exp7_random_2,3635,1110.3805,1114.3279,0.0,0.0,-3.9474316
exp7_random_2,3636,1117.6516,1121.6295,0.0,0.0,-3.9779541
exp7_random_2,3637,1080.6351,1084.8156,0.0,-1.3273411989212036,-2.8529344
exp7_random_2,3638,469.70117,623.1,-100.0,-50.15107727050781,-3.2477748
exp7_random_2,3639,930.2028,932.78784,0.0,0.0,-2.5850482
exp7_random_2,3641,1385.4419,1390.9409,0.0,-0.13159336149692535,-5.367504
exp7_random_2,3642,1052.8804,1056.5159,0.0,-0.9658989310264587,-2.669522
exp7_random_2,3643,1028.969,1031.061,0.0,-0.15770727396011353,-1.9344052
exp7_random_2,3644,1083.5858,1084.5619,0.0,0.0,-0.9759596
exp7_random_2,3645,-101.221664,1.521671,-100.0,-2.3565640449523926,-0.38677523
exp7_random_2,3646,1051.843,1060.449,0.0,-0.6953415870666504,-7.9104323
exp7_random_2,3647,1154.59,1158.99,0.0,-0.010545864701271057,-4.389448
exp7_random_2,3648,1137.1608,1139.9752,0.0,0.0,-2.8144274
exp7_random_2,3649,1283.518,1286.7544,0.0,-0.10206641256809235,-3.1343267
exp7_random_2,3650,1165.9683,1169.6013,0.0,0.0,-3.6330538
exp7_random_2,3651,973.926,975.7452,0.0,0.0,-1.8191198
exp7_random_2,3652,1157.1099,1159.0093,0.0,-0.039236798882484436,-1.8600785
exp7_random_2,3653,1081.2858,1085.1017,0.0,-0.26090067625045776,-3.5550206
exp7_random_2,3654,1196.9222,1205.772,0.0,-2.850327730178833,-5.9996104
exp7_random_2,3655,1119.5344,1122.1107,0.0,-0.42730098962783813,-2.1490421
exp7_random_2,3656,1049.3608,1051.2678,0.0,-0.02090267837047577,-1.8859318
exp7_random_2,3657,1088.2933,1093.2891,0.0,-0.18458431959152222,-4.8111243
exp7_random_2,3658,1026.9088,1027.8281,0.0,0.0,-0.9193304
exp7_random_2,3659,1535.447,1542.773,0.0,-1.8629026412963867,-5.462998
exp7_random_2,3661,1434.7266,1439.457,0.0,-0.26873648166656494,-4.4618354
exp7_random_2,3662,389.99304,496.3283,-100.0,-3.1664230823516846,-3.1688097
exp7_random_2,3663,1117.4606,1121.7253,0.0,-0.8252807855606079,-3.43959
exp7_random_2,3664,1019.75275,1021.46106,0.0,0.0,-1.7083772
exp7_random_2,3665,442.87213,552.8204,-100.0,-5.97737455368042,-3.970916
exp7_random_2,3666,1222.7074,1226.5361,0.0,-1.4187967777252197,-2.4098961
exp7_random_2,3667,973.3412,978.9599,0.0,-0.4222145974636078,-5.196453
exp7_random_2,3668,1049.2671,1053.8987,0.0,-0.49110621213912964,-4.1405115
exp7_random_2,3669,1161.7097,1167.6654,0.0,-0.6102068424224854,-5.345161
exp7_random_2,3670,1284.7727,1288.3278,0.0,0.0,-3.5550385
exp7_random_2,3671,961.4695,966.0583,0.0,-0.5538133978843689,-4.0350904
exp7_random_2,3672,1210.3745,1214.4116,0.0,0.0,-4.03748
exp7_random_2,3673,1296.5446,1300.1565,0.0,-0.0362439900636673,-3.5755565
exp7_random_2,3674,1209.1516,1215.8677,0.0,-0.7432801723480225,-5.9726324
exp7_random_2,3675,975.89307,977.06665,0.0,0.0,-1.173552
exp7_random_2,3676,1480.2014,1485.3082,0.0,-0.16078636050224304,-4.945759
exp7_random_2,3677,1157.1727,1161.5254,0.0,-0.20667079091072083,-4.1463
exp7_random_2,3678,1060.2943,1061.8756,0.0,0.0,-1.5812579
exp7_random_2,3679,1328.1161,1334.7816,0.0,-0.29396504163742065,-6.3717504
exp7_random_2,3681,964.44446,966.9535,0.0,-0.7090177536010742,-1.8000118
exp7_random_2,3682,997.92694,999.0048,0.0,0.0,-1.0778002
exp7_random_2,3683,970.17346,971.8718,0.0,-0.27984344959259033,-1.4186202
exp7_random_2,3684,1105.598,1108.0598,0.0,0.0,-2.461754
exp7_random_2,3685,952.6321,954.2335,0.0,-0.031059011816978455,-1.5704166
exp7_random_2,3686,1136.5894,1145.4358,0.0,-4.12362813949585,-4.7226787
exp7_random_2,3687,1090.6857,1094.9287,0.0,-0.10994105041027069,-4.1332707
exp7_random_2,3688,1164.6718,1166.9879,0.0,-0.23126812279224396,-2.0848093
exp7_random_2,3689,1006.61035,1008.5682,0.0,0.0,-1.9578184
exp7_random_2,3690,-94.05663,12.251049,-100.0,-5.957502365112305,-0.35017914
exp7_random_2,3691,1056.6714,1059.8684,0.0,0.0,-3.1969666
exp7_random_2,3692,576.32965,684.69794,-100.0,-5.3920979499816895,-2.9761312
exp7_random_2,3693,850.8716,852.0814,0.0,0.0,-1.2098837
exp7_random_2,3694,945.31165,948.12555,0.0,0.0,-2.8139484
exp7_random_2,3695,915.6992,917.626,0.0,-0.13445696234703064,-1.7923217
exp7_random_2,3696,1024.9717,1029.0748,0.0,-0.1830998808145523,-3.9200814
exp7_random_2,3697,1179.6063,1182.7021,0.0,-0.40408480167388916,-2.6917062
exp7_random_2,3698,1379.8706,1390.1969,0.0,-0.3422146141529083,-9.984335
exp7_random_2,3699,953.64087,955.41504,0.0,0.0,-1.7741662
exp7_random_2,3701,1131.5071,1133.9763,0.0,0.0,-2.469316
exp7_random_2,3702,1008.6578,1011.5274,0.0,-0.025664329528808594,-2.844069
exp7_random_2,3703,1008.32086,1010.6733,0.0,0.0,-2.3525202
exp7_random_2,3704,974.49664,977.5038,0.0,-0.2037239670753479,-2.803266
exp7_random_2,3705,928.45886,930.42346,0.0,0.0,-1.9646391
exp7_random_2,3706,1033.1129,1035.4355,0.0,0.0,-2.3227077
exp7_random_2,3707,1097.816,1100.7915,0.0,0.0,-2.9753563
exp7_random_2,3708,1076.9077,1079.3079,0.0,0.0,-2.4000335
exp7_random_2,3709,1147.4795,1152.2766,0.0,-0.9082497954368591,-3.8889027
exp7_random_2,3710,1039.6016,1041.3907,0.0,0.0,-1.78907
exp7_random_2,3711,1144.9504,1149.099,0.0,-0.05469086766242981,-4.093841
exp7_random_2,3712,1213.248,1228.9579,0.0,-1.8216562271118164,-13.888084
exp7_random_2,3713,483.35925,636.4655,-100.0,-51.36415100097656,-1.7421327
exp7_random_2,3714,1267.0988,1271.3633,0.0,-0.3577684760093689,-3.9067366
exp7_random_2,3715,970.99225,971.4796,0.0,0.0,-0.48733065
exp7_random_2,3716,1207.5986,1211.4357,0.0,-0.12458339333534241,-3.7124536
exp7_random_2,3717,1076.9386,1080.2852,0.0,0.0,-3.3464923
exp7_random_2,3718,986.1362,991.4491,0.0,-1.9894531965255737,-3.3234482
exp7_random_2,3719,1076.3481,1078.4014,0.0,-0.029080897569656372,-2.0242453
exp7_random_2,3721,1332.7468,1340.796,0.0,-2.154949426651001,-5.8944573
exp7_random_2,3722,958.5968,962.86743,0.0,-0.6720637083053589,-3.5986867
exp7_random_2,3723,966.88135,969.6115,0.0,-0.050833314657211304,-2.679323
exp7_random_2,3724,1013.0891,1015.7792,0.0,-0.03663051128387451,-2.6534622
exp7_random_2,3725,1251.6864,1259.6454,0.0,-1.4368356466293335,-6.5220475
exp7_random_2,3726,1238.2257,1240.4346,0.0,0.0,-2.2087784
exp7_random_2,3727,879.7825,880.3525,0.0,0.0,-0.5700294
exp7_random_2,3728,1272.6267,1279.8226,0.0,-0.666231632232666,-6.529662
exp7_random_2,3729,932.61444,935.68774,0.0,-0.4510738253593445,-2.6222196
exp7_random_2,3730,959.35767,961.70874,0.0,-0.03509017825126648,-2.316006
exp7_random_2,3731,936.76245,937.51904,0.0,0.0,-0.7565799
exp7_random_2,3732,972.5277,974.3329,0.0,0.0,-1.8053281
exp7_random_2,3733,909.02765,911.6587,0.0,0.0,-2.6310675
exp7_random_2,3734,1237.9049,1246.8832,0.0,-0.5688982009887695,-8.409504
exp7_random_2,3735,-6.838997,109.917336,-100.0,-13.047462463378906,-3.7088523
exp7_random_2,3736,-76.08456,28.643929,-100.0,-3.6417622566223145,-1.086728
exp7_random_2,3737,1078.4229,1079.9498,0.0,-0.16050176322460175,-1.3664197
exp7_random_2,3738,671.55023,828.86475,-100.0,-52.720787048339844,-4.593883
exp7_random_2,3739,1214.9495,1224.7936,0.0,-5.22603178024292,-4.618101
exp7_random_2,3741,1086.2368,1088.1377,0.0,-0.05409492552280426,-1.8465738
exp7_random_2,3742,612.7219,719.7436,-100.0,-3.2874844074249268,-3.734171
exp7_random_2,3743,483.23962,591.80524,-100.0,-4.841503620147705,-3.7240164
exp7_random_2,3744,1087.7096,1091.9397,0.0,-0.6027711033821106,-3.6272838
exp7_random_2,3745,1247.091,1252.1306,0.0,-1.1056267023086548,-3.9340332
exp7_random_2,3746,994.5617,996.60974,0.0,0.0,-2.0481431
exp7_random_2,3747,1055.9927,1058.9042,0.0,-0.8193930387496948,-2.092027
exp7_random_2,3748,533.2031,642.4037,-100.0,-3.8593246936798096,-5.3413234
exp7_random_2,3749,1226.3737,1229.573,0.0,-0.12284378707408905,-3.07664
exp7_random_2,3750,1164.6311,1167.7069,0.0,0.0,-3.0757084
exp7_random_2,3751,1191.736,1195.3485,0.0,-0.22740092873573303,-3.385279
exp7_random_2,3752,970.02356,971.6606,0.0,-0.04127493500709534,-1.5958672
exp7_random_2,3753,1027.9221,1030.3606,0.0,-0.07488502562046051,-2.3636136
exp7_random_2,3754,1077.1382,1083.8667,0.0,-2.6654295921325684,-4.0630155
exp7_random_2,3755,-75.2942,29.441715,-100.0,-3.315156936645508,-1.4207567
exp7_random_2,3756,1127.0162,1132.2539,0.0,-1.2726577520370483,-3.9648914
exp7_random_2,3757,1204.8422,1209.6732,0.0,-1.3186988830566406,-3.5124338
exp7_random_2,3758,613.1322,727.813,-100.0,-9.244604110717773,-5.4362965
exp7_random_2,3759,1245.8718,1248.7185,0.0,-0.5279804468154907,-2.3186543
exp7_random_2,3761,1049.1545,1053.6277,0.0,-1.3426223993301392,-3.1305234
exp7_random_2,3762,1107.8572,1112.4707,0.0,-0.3809352517127991,-4.232633
exp7_random_2,3763,936.8291,937.8273,0.0,0.0,-0.99822456
exp7_random_2,3764,918.5641,920.84314,0.0,-0.07959093153476715,-2.1996326
exp7_random_2,3765,1222.5333,1228.0896,0.0,-1.3435416221618652,-4.21251
exp7_random_2,3766,-65.94552,36.157555,-100.0,-2.0835390090942383,-0.019534215
exp7_random_2,3767,1016.93616,1020.088,0.0,-0.4651102125644684,-2.686921
exp7_random_2,3768,1171.2444,1174.2457,0.0,0.0,-3.001359
exp7_random_2,3769,1031.2758,1034.2144,0.0,-0.364783376455307,-2.5737624
exp7_random_2,3770,1045.2451,1050.1665,0.0,-1.3998931646347046,-3.521521
exp7_random_2,3771,1084.9668,1086.3582,0.0,0.0,-1.3913642
exp7_random_2,3772,-102.43923,15.238864,-100.0,-16.85875129699707,-0.8193473
exp7_random_2,3773,1131.6261,1135.9276,0.0,-0.25109124183654785,-4.050384
exp7_random_2,3774,1030.0641,1032.8578,0.0,0.0,-2.793629
exp7_random_2,3775,-70.956345,34.771805,-100.0,-4.949281692504883,-0.7788564
exp7_random_2,3776,474.9195,628.6749,-100.0,-50.737850189208984,-3.0175676
exp7_random_2,3777,1093.6191,1097.04,0.0,-0.7275766134262085,-2.693412
exp7_random_2,3778,932.02563,933.83905,0.0,-0.005239382386207581,-1.8080807
exp7_random_2,3779,149.36676,256.54504,-100.0,-4.552634239196777,-2.6256425
exp7_random_2,3781,882.35803,883.71686,0.0,-0.007593631744384766,-1.3512579
exp7_random_2,3782,947.52295,949.41675,0.0,-0.1241205632686615,-1.7697325
exp7_random_2,3783,951.239,951.9245,0.0,0.0,-0.6854778
exp7_random_2,3784,1010.37646,1012.0919,0.0,-0.12671270966529846,-1.5885831
exp7_random_2,3785,1057.6982,1059.5431,0.0,0.0,-1.8444282
exp7_random_2,3786,1137.8999,1140.7461,0.0,-0.6422713398933411,-2.2036679
exp7_random_2,3787,951.79236,954.1227,0.0,-0.5081554651260376,-1.8221216
exp7_random_2,3788,933.5211,934.89905,0.0,-0.05356141924858093,-1.3243662
exp7_random_2,3789,1118.3726,1125.3503,0.0,-3.467869281768799,-3.509729
exp7_random_2,3790,-101.39059,23.237087,-100.0,-24.40570640563965,-0.22196582
exp7_random_2,3791,1203.0865,1211.0481,0.0,-1.7792651653289795,-6.181996
exp7_random_2,3792,64.02632,169.78868,-100.0,-4.783867359161377,-0.97848994
exp7_random_2,3793,1089.8462,1093.4702,0.0,-0.46538305282592773,-3.1585984
exp7_random_2,3794,1156.4783,1166.3186,0.0,-3.4899909496307373,-6.350488
exp7_random_2,3795,1197.6951,1200.9612,0.0,-0.3700896203517914,-2.895975
exp7_random_2,3796,62.062958,166.92513,-100.0,-4.040637493133545,-0.8215394
exp7_random_2,3797,1116.4241,1120.3058,0.0,-1.7931194305419922,-2.0886433
exp7_random_2,3798,1002.4413,1004.08105,0.0,0.0,-1.6398265
exp7_random_2,3799,454.4606,558.9755,-100.0,-2.6130943298339844,-1.9018422
exp7_random_2,3801,1118.4905,1124.9758,0.0,-1.6800148487091064,-4.805315
exp7_random_2,3802,1123.0553,1126.4054,0.0,-0.8557662963867188,-2.494482
exp7_random_2,3803,957.3948,959.9964,0.0,-0.02899262309074402,-2.5725803
exp7_random_2,3804,-93.07977,62.246212,-100.0,-52.937625885009766,-2.3883646
exp7_random_2,3805,1131.7638,1138.5839,0.0,-0.893481969833374,-5.926422
exp7_random_2,3806,990.8181,995.15686,0.0,-0.021030068397521973,-4.3178296
exp7_random_2,3807,983.1822,985.7693,0.0,0.0,-2.5870435
exp7_random_2,3808,1190.4922,1199.9655,0.0,-3.073021650314331,-6.400161
exp7_random_2,3809,965.12634,971.24817,0.0,-0.49440157413482666,-5.6277227
exp7_random_2,3810,-11.920761,95.7254,-100.0,-5.034322738647461,-2.6118603
exp7_random_2,3811,998.85455,1002.5711,0.0,-0.3290383815765381,-3.3873992
exp7_random_2,3812,1084.8038,1088.8096,0.0,-0.09817661345005035,-3.90768
exp7_random_2,3813,1101.2734,1105.9951,0.0,-0.30538952350616455,-4.416426
exp7_random_2,3814,1030.1105,1033.4243,0.0,-0.10631823539733887,-3.2074811
exp7_random_2,3815,323.50702,475.39307,-100.0,-50.18364334106445,-1.7024455
exp7_random_2,3816,1008.9068,1016.29706,0.0,-3.5215842723846436,-3.8686929
exp7_random_2,3817,1040.0226,1043.5238,0.0,-0.841046929359436,-2.6599462
exp7_random_2,3818,-143.72533,7.837531,-100.0,-51.45037078857422,-0.112485126
exp7_random_2,3819,1116.5183,1123.7192,0.0,-1.6205683946609497,-5.580138
exp7_random_2,3821,1150.686,1152.999,0.0,-0.004973411560058594,-2.308099
exp7_random_2,3822,1350.1339,1353.7983,0.0,0.0,-3.6643596
exp7_random_2,3823,153.15494,262.08447,-100.0,-5.058401107788086,-3.8711782
exp7_random_2,3824,1102.0682,1103.1975,0.0,-0.06101313233375549,-1.0684183
exp7_random_2,3825,559.96204,715.60986,-100.0,-51.750980377197266,-3.8969462
exp7_random_2,3826,1075.0176,1077.1699,0.0,0.0,-2.1523993
exp7_random_2,3827,1206.4841,1208.8567,0.0,0.0,-2.3725
exp7_random_2,3828,1037.8931,1042.3849,0.0,-1.3943920135498047,-3.097527
exp7_random_2,3829,-27.744553,75.67654,-100.0,-2.2172234058380127,-1.2038676
exp7_random_2,3830,1026.3701,1029.7692,0.0,-0.06619235873222351,-3.3330288
exp7_random_2,3831,1071.8856,1074.187,0.0,-0.018539562821388245,-2.2830756
exp7_random_2,3832,1002.7774,1004.24976,0.0,0.0,-1.4723562
exp7_random_2,3833,1336.6301,1341.0557,0.0,-0.02900354564189911,-4.3964257
exp7_random_2,3834,961.808,967.80444,0.0,-0.5632476806640625,-5.433207
exp7_random_2,3835,919.7284,923.6011,0.0,-0.5079976916313171,-3.3646946
exp7_random_2,3836,1121.6454,1127.0425,0.0,-0.3244704008102417,-5.0725465
exp7_random_2,3837,390.34204,545.126,-100.0,-52.54169845581055,-2.2421937
exp7_random_2,3838,948.69946,950.1158,0.0,0.0,-1.4163612
exp7_random_2,3839,1239.6166,1244.2495,0.0,-1.0337684154510498,-3.599294
exp7_random_2,3841,1344.4003,1347.646,0.0,-0.08057713508605957,-3.1652038
exp7_random_2,3842,1127.1599,1133.321,0.0,-0.7058466672897339,-5.4552703
exp7_random_2,3843,1031.493,1036.57,0.0,-0.9477535486221313,-4.1291986
exp7_random_2,3844,1104.7379,1107.9766,0.0,0.0,-3.2385507
exp7_random_2,3845,884.8411,885.3312,0.0,0.0,-0.49006915
exp7_random_2,3846,1108.9237,1111.899,0.0,-0.005772382020950317,-2.969504
exp7_random_2,3847,1183.1005,1191.4408,0.0,-2.2887187004089355,-6.05184
exp7_random_2,3848,1049.5603,1052.5967,0.0,-0.29420363903045654,-2.7419248
exp7_random_2,3849,1114.8491,1115.6515,0.0,0.0,-0.8022915
exp7_random_2,3850,1043.7283,1045.5209,0.0,-0.038919657468795776,-1.7537014
exp7_random_2,3851,1030.7712,1032.6793,0.0,0.0,-1.9080218
exp7_random_2,3852,1166.0763,1169.8177,0.0,0.0,-3.7415133
exp7_random_2,3853,992.4324,994.401,0.0,0.0,-1.9685909
exp7_random_2,3854,996.7854,999.91907,0.0,-0.35689544677734375,-2.7767048
exp7_random_2,3855,937.4507,938.65845,0.0,0.0,-1.2077854
exp7_random_2,3856,974.0477,975.87177,0.0,0.0,-1.8241203
exp7_random_2,3857,896.0657,898.6921,0.0,0.0,-2.6263402
exp7_random_2,3858,905.6692,906.6958,0.0,0.0,-1.0265188
exp7_random_2,3859,1231.7891,1233.513,0.0,0.0,-1.7239789
exp7_random_2,3861,928.1349,929.4233,0.0,0.0,-1.2883546
exp7_random_2,3862,1355.9763,1359.04,0.0,-0.072541743516922,-2.9913728
exp7_random_2,3863,1163.1846,1168.5653,0.0,-1.3209965229034424,-4.0597215
exp7_random_2,3864,393.63724,501.62238,-100.0,-6.1100053787231445,-1.875106
exp7_random_2,3865,1171.2325,1178.0135,0.0,-1.7340130805969238,-5.0468993
exp7_random_2,3866,876.21655,877.36066,0.0,0.0,-1.1440796
exp7_random_2,3867,933.5016,934.9298,0.0,0.0,-1.4283108
exp7_random_2,3868,493.1547,603.04803,-100.0,-8.204582214355469,-1.6888764
exp7_random_2,3869,1215.2394,1222.2041,0.0,-1.2667031288146973,-5.6982665
exp7_random_2,3870,1087.9524,1090.5608,0.0,0.0,-2.6083982
exp7_random_2,3871,1074.7598,1082.8074,0.0,-1.9146078824996948,-6.132831
exp7_random_2,3872,1293.9154,1298.3097,0.0,-0.5854076147079468,-3.8088481
exp7_random_2,3873,1094.2474,1097.4326,0.0,-0.5355343818664551,-2.6495476
exp7_random_2,3874,1006.6022,1009.7888,0.0,-0.4904215633869171,-2.696095
exp7_random_2,3875,959.178,961.7672,0.0,-0.3986828923225403,-2.1906273
exp7_random_2,3876,1129.6426,1131.8851,0.0,0.0,-2.2424796
exp7_random_2,3877,1046.7068,1048.8643,0.0,-0.03540708124637604,-2.1221874
exp7_random_2,3878,983.1167,984.3462,0.0,0.0,-1.2295161
exp7_random_2,3879,1000.07825,1004.05176,0.0,-1.910386562347412,-2.0632641
exp7_random_2,3881,1170.1556,1173.8517,0.0,0.0,-3.6958354
exp7_random_2,3882,1084.1616,1085.814,0.0,-0.006746277213096619,-1.6454169
exp7_random_2,3883,924.60693,930.4452,0.0,-1.681107997894287,-4.1571703
exp7_random_2,3884,1199.8757,1203.3613,0.0,-0.176449254155159,-3.309148
exp7_random_2,3885,1343.2996,1350.081,0.0,-1.5703567266464233,-5.2111416
exp7_random_2,3886,-144.6787,6.195318,-100.0,-50.285274505615234,-0.58873314
exp7_random_2,3887,443.12573,561.7997,-100.0,-16.017913818359375,-2.6560256
exp7_random_2,3888,983.5445,985.4575,0.0,-0.0865233838558197,-1.8264638
exp7_random_2,3889,1142.1891,1145.9397,0.0,-0.023606345057487488,-3.7272682
exp7_random_2,3890,1122.3389,1126.7036,0.0,-1.2825653553009033,-3.0821598
exp7_random_2,3891,1101.9103,1106.5332,0.0,-0.046534717082977295,-4.5762186
exp7_random_2,3892,1178.3037,1181.9753,0.0,0.0,-3.671667
exp7_random_2,3893,898.07886,902.50543,0.0,-0.3060457110404968,-4.120538
exp7_random_2,3894,1166.4912,1169.438,0.0,-0.142896369099617,-2.8037167
exp7_random_2,3895,1068.6711,1071.7114,0.0,0.0,-3.0405324
exp7_random_2,3896,1089.0461,1092.6014,0.0,0.0,-3.5549955
exp7_random_2,3897,1130.336,1133.3043,0.0,0.0,-2.968161
exp7_random_2,3898,1092.6083,1094.2388,0.0,-0.15726692974567413,-1.4733021
exp7_random_2,3899,946.0138,948.3191,0.0,0.0,-2.3052971
exp7_random_2,3901,1038.368,1041.3676,0.0,-0.49004924297332764,-2.5093758
exp7_random_2,3902,1146.7739,1152.2483,0.0,-1.3591316938400269,-4.1152782
exp7_random_2,3903,1085.1957,1090.2714,0.0,-0.7840901613235474,-4.2918296
exp7_random_2,3904,497.52338,654.8326,-100.0,-51.379478454589844,-5.9297957
exp7_random_2,3905,918.2003,920.4189,0.0,-0.5991833209991455,-1.6193069
exp7_random_2,3906,933.3259,936.7853,0.0,-1.1474162340164185,-2.311905
exp7_random_2,3907,1059.1201,1062.5485,0.0,-0.4316772222518921,-2.9965081
exp7_random_2,3908,1101.846,1104.5822,0.0,-0.10912202298641205,-2.626944
exp7_random_2,3909,916.27484,918.01935,0.0,-0.013473555445671082,-1.7310172
exp7_random_2,3910,974.7306,976.2908,0.0,-0.08381244540214539,-1.4763906
exp7_random_2,3911,1077.2267,1079.6794,0.0,0.0,-2.4527419
exp7_random_2,3912,1102.724,1105.1503,0.0,-0.23819831013679504,-2.1881073
exp7_random_2,3913,1003.7848,1009.2608,0.0,-2.2136473655700684,-3.2623315
exp7_random_2,3914,976.9935,981.3195,0.0,-1.2816892862319946,-3.0443883
exp7_random_2,3915,597.96796,735.91376,-100.0,-29.372159957885742,-8.573624
exp7_random_2,3916,470.66492,629.39044,-100.0,-54.14628982543945,-4.5791526
exp7_random_2,3917,1040.1396,1043.2119,0.0,-1.3233660459518433,-1.7488444
exp7_random_2,3918,970.33276,980.1293,0.0,-1.112247109413147,-8.684164
exp7_random_2,3919,-78.75177,25.636627,-100.0,-2.960695743560791,-1.4276999
exp7_random_2,3921,1013.3065,1015.82117,0.0,0.0,-2.514702
exp7_random_2,3922,1314.0422,1318.0634,0.0,-1.3508150577545166,-2.6703398
exp7_random_2,3923,998.52686,1000.3707,0.0,0.0,-1.8439093
exp7_random_2,3924,1113.7444,1114.879,0.0,-0.23407788574695587,-0.90047354
exp7_random_2,3925,1241.755,1245.0155,0.0,-0.01197764277458191,-3.2484136
exp7_random_2,3926,509.72125,621.2033,-100.0,-6.493729114532471,-4.988365
exp7_random_2,3927,316.13797,423.76743,-100.0,-6.884180068969727,-0.74530923
exp7_random_2,3928,1051.5618,1054.969,0.0,-0.10939855873584747,-3.298107
exp7_random_2,3929,1021.5945,1023.32166,0.0,-0.15987351536750793,-1.5672555
exp7_random_2,3930,-21.041534,90.78081,-100.0,-9.741470336914062,-2.0808768
exp7_random_2,3931,1129.6221,1133.6777,0.0,-0.09601876139640808,-3.959774
exp7_random_2,3932,1071.5352,1072.7161,0.0,0.0,-1.1807334
exp7_random_2,3933,533.0395,686.1927,-100.0,-50.417728424072266,-2.735589
exp7_random_2,3934,914.47784,917.02185,0.0,-0.29791903495788574,-2.2461486
exp7_random_2,3935,985.47375,987.53516,0.0,-0.27896884083747864,-1.7825375
exp7_random_2,3936,200.42105,308.68967,-100.0,-4.85687255859375,-3.4118063
exp7_random_2,3937,991.6511,995.1697,0.0,-0.07309046387672424,-3.4455168
exp7_random_2,3938,704.4297,817.92554,-100.0,-8.572293281555176,-4.9234123
exp7_random_2,3939,1043.2965,1048.0979,0.0,-0.8427892327308655,-3.9584327
exp7_random_2,3941,1149.707,1153.2915,0.0,-0.32826733589172363,-3.2562973
exp7_random_2,3942,1082.1179,1085.2793,0.0,-0.2648219168186188,-2.8964481
exp7_random_2,3943,985.9817,990.3843,0.0,-0.25701871514320374,-4.145558
exp7_random_2,3944,1081.8148,1086.9153,0.0,-1.2912639379501343,-3.8090568
exp7_random_2,3945,1073.136,1076.0581,0.0,-0.04168833792209625,-2.8805041
exp7_random_2,3946,1038.0103,1043.7024,0.0,-2.3655993938446045,-3.3264334
exp7_random_2,3947,1034.4214,1040.377,0.0,-1.0614668130874634,-4.894045
exp7_random_2,3948,1206.0398,1214.0808,0.0,-1.2576279640197754,-6.7834153
exp7_random_2,3949,1277.0247,1282.8445,0.0,-1.0745489597320557,-4.7453203
exp7_random_2,3950,1040.9705,1044.0635,0.0,-0.155161052942276,-2.937779
exp7_random_2,3951,362.16397,513.5357,-100.0,-50.145999908447266,-1.2257266
exp7_random_2,3952,1173.608,1183.0774,0.0,-2.0102334022521973,-7.4587893
exp7_random_2,3953,1112.4695,1114.913,0.0,-0.36279886960983276,-2.080733
exp7_random_2,3954,1156.2976,1157.9248,0.0,-0.1274857521057129,-1.4997888
exp7_random_2,3955,1116.187,1120.4113,0.0,-0.21707555651664734,-4.0071955
exp7_random_2,3956,979.59326,982.5882,0.0,-0.515497088432312,-2.4796007
exp7_random_2,3957,893.01587,895.43835,0.0,0.0,-2.4224248
exp7_random_2,3958,1017.26624,1020.43445,0.0,-0.16032911837100983,-3.0078554
exp7_random_2,3959,884.71857,885.55676,0.0,-0.03181101381778717,-0.8064707
exp7_random_2,3961,1364.5854,1371.2456,0.0,-0.1177184134721756,-6.5422015
exp7_random_2,3962,959.70886,960.6881,0.0,0.0,-0.9792161
exp7_random_2,3963,1107.347,1108.7959,0.0,0.0,-1.4487622
exp7_random_2,3964,1203.4099,1207.9023,0.0,0.0,-4.492577
exp7_random_2,3965,1074.2124,1076.3523,0.0,-0.3539004921913147,-1.7860923
exp7_random_2,3966,562.9395,668.1931,-100.0,-2.0292835235595703,-3.2243025
exp7_random_2,3967,847.7896,849.17804,0.0,0.0,-1.3884928
exp7_random_2,3968,970.4448,978.8556,0.0,-3.7891242504119873,-4.621561
exp7_random_2,3969,1030.3281,1032.9546,0.0,-0.6861220598220825,-1.9404511
exp7_random_2,3970,369.3444,484.21222,-100.0,-10.954318046569824,-3.9134803
exp7_random_2,3971,1220.6248,1225.5007,0.0,-0.07207554578781128,-4.804086
exp7_random_2,3972,1033.5742,1035.8606,0.0,-0.02233681082725525,-2.2641373
exp7_random_2,3973,963.50024,965.73486,0.0,-0.01964762806892395,-2.2149777
exp7_random_2,3974,1179.1492,1183.4128,0.0,-0.0034484118223190308,-4.2604575
exp7_random_2,3975,1077.8967,1081.5686,0.0,-0.08522436022758484,-3.5865917
exp7_random_2,3976,1108.6681,1114.2867,0.0,-0.10935866832733154,-5.509299
exp7_random_2,3977,660.631,769.6584,-100.0,-4.346027374267578,-4.6812897
exp7_random_2,3978,1280.3503,1285.356,0.0,-0.6621150374412537,-4.3433285
exp7_random_2,3979,1243.6984,1246.9774,0.0,0.0,-3.2789977
exp7_random_2,3981,1056.6499,1057.8508,0.0,0.0,-1.2008537
exp7_random_2,3982,422.05566,526.9513,-100.0,-4.24168586730957,-0.6538865
exp7_random_2,3983,1114.1908,1116.0693,0.0,-0.18452443182468414,-1.694228
exp7_random_2,3984,1199.6924,1202.5925,0.0,0.0,-2.900458
exp7_random_2,3985,1233.1539,1235.6997,0.0,-0.2635873556137085,-2.2821705
exp7_random_2,3986,1090.8853,1099.2605,0.0,-1.8532050848007202,-6.5218577
exp7_random_2,3987,1305.9939,1309.582,0.0,-1.0041677951812744,-2.5841296
exp7_random_2,3988,1064.2711,1065.6814,0.0,0.0,-1.4101374
exp7_random_2,3989,1034.9514,1039.8322,0.0,-0.36633241176605225,-4.5142827
exp7_random_2,3990,1054.103,1059.2025,0.0,-1.3606526851654053,-3.7388465
exp7_random_2,3991,1116.1648,1119.9507,0.0,-0.1517220288515091,-3.6342258
exp7_random_2,3992,1052.4009,1054.2739,0.0,-0.14413440227508545,-1.7288848
exp7_random_2,3993,1182.6943,1187.2506,0.0,-0.872382640838623,-3.683658
exp7_random_2,3994,1019.06274,1021.65454,0.0,-0.17957867681980133,-2.4122925
exp7_random_2,3995,1094.3416,1095.621,0.0,0.0,-1.2794758
exp7_random_2,3996,1245.0564,1251.4363,0.0,-1.0707144737243652,-5.309153
exp7_random_2,3997,1115.9346,1120.6797,0.0,-0.23664367198944092,-4.508442
exp7_random_2,3998,1085.5112,1087.6307,0.0,-0.0032097995281219482,-2.1163483
exp7_random_2,3999,968.451,973.32776,0.0,-0.8233745098114014,-4.0535727
exp7_random_2,4001,940.91516,941.7179,0.0,0.0,-0.80275095
exp7_random_2,4002,1075.9479,1079.9282,0.0,-0.44427478313446045,-3.5361567
exp7_random_2,4003,1150.6298,1153.7224,0.0,-0.08896207809448242,-3.0037432
exp7_random_2,4004,923.10974,924.6735,0.0,0.0,-1.5637325
exp7_random_2,4005,980.53564,985.0559,0.0,-0.39184439182281494,-4.1282363
exp7_random_2,4006,1288.311,1298.8196,0.0,-2.2256128787994385,-8.283
exp7_random_2,4007,911.28516,912.48865,0.0,0.0,-1.2034415
exp7_random_2,4008,36.213356,141.95761,-100.0,-4.427164077758789,-1.317099
exp7_random_2,4009,1011.76904,1014.29736,0.0,0.0,-2.528302
exp7_random_2,4010,472.68286,626.5566,-100.0,-50.393821716308594,-3.4799042
exp7_random_2,4011,1055.9911,1057.4875,0.0,0.0,-1.4963698
exp7_random_2,4012,1513.3291,1521.9885,0.0,-0.9585790634155273,-7.7004952
exp7_random_2,4013,1170.6226,1173.3427,0.0,0.0,-2.719969
exp7_random_2,4014,998.99744,1000.4955,0.0,0.0,-1.4980503
exp7_random_2,4015,1026.2795,1029.2498,0.0,0.0,-2.9704587
exp7_random_2,4016,1109.5364,1114.3381,0.0,-0.6330058574676514,-4.168757
exp7_random_2,4017,1202.4551,1204.251,0.0,-0.08183939754962921,-1.7140914
exp7_random_2,4018,1158.2511,1159.7394,0.0,0.0,-1.4884442
exp7_random_2,4019,914.5322,915.6185,0.0,0.0,-1.0862668
exp7_random_2,4021,947.01514,948.99475,0.0,0.0,-1.979478
exp7_random_2,4022,1149.4548,1152.543,0.0,0.0,-3.0880923
exp7_random_2,4023,1143.5734,1147.1469,0.0,0.0,-3.5734956
exp7_random_2,4024,1092.124,1097.3909,0.0,-2.136972665786743,-3.1298423
exp7_random_2,4025,585.1892,740.9323,-100.0,-51.91983413696289,-3.8231657
exp7_random_2,4026,86.24465,195.96996,-100.0,-5.384455680847168,-4.3408546
exp7_random_2,4027,1332.8789,1336.1558,0.0,-0.03811521828174591,-3.238886
exp7_random_2,4028,1098.238,1101.0345,0.0,0.0,-2.7964077
exp7_random_2,4029,319.06213,470.4175,-100.0,-50.01567459106445,-1.3396847
exp7_random_2,4030,1098.485,1100.0667,0.0,-0.4195544123649597,-1.1620744
exp7_random_2,4031,986.2749,988.0552,0.0,0.0,-1.7803366
exp7_random_2,4032,980.3869,983.8406,0.0,-1.9457201957702637,-1.5080744
exp7_random_2,4033,1045.4684,1048.133,0.0,-0.1931339055299759,-2.4716887
exp7_random_2,4034,1112.2106,1118.748,0.0,-1.8949389457702637,-4.642523
exp7_random_2,4035,898.9301,900.9574,0.0,-0.7633172273635864,-1.2640336
exp7_random_2,4036,998.6123,1000.031,0.0,-0.1322472244501114,-1.2864916
exp7_random_2,4037,1127.9999,1130.9877,0.0,-0.0038823187351226807,-2.9838564
exp7_random_2,4038,1133.5771,1134.8643,0.0,0.0,-1.2873043
exp7_random_2,4039,1132.523,1135.4281,0.0,-0.15163028240203857,-2.7536283
exp7_random_2,4041,989.7907,992.1029,0.0,0.0,-2.3122206
exp7_random_2,4042,1104.7529,1112.0121,0.0,-1.93226158618927,-5.3269806
exp7_random_2,4043,1092.488,1099.4392,0.0,-0.3755926787853241,-6.5753284
exp7_random_2,4044,1259.1044,1265.0751,0.0,-1.418287992477417,-4.552312
exp7_random_2,4045,1082.7026,1085.2334,0.0,0.0,-2.5308874
exp7_random_2,4046,678.2418,787.9169,-100.0,-5.401782035827637,-4.2732563
exp7_random_2,4047,1175.8896,1179.8453,0.0,-0.17927083373069763,-3.7762005
exp7_random_2,4048,990.81384,992.9021,0.0,0.0,-2.0881822
exp7_random_2,4049,453.08496,556.14886,-100.0,-2.0844154357910156,-0.97952807
exp7_random_2,4050,972.84015,975.11365,0.0,0.0,-2.2735307
exp7_random_2,4051,953.9635,955.7417,0.0,-0.10168005526065826,-1.6766684
exp7_random_2,4052,1283.9578,1290.099,0.0,-1.3412938117980957,-4.799745
exp7_random_2,4053,-140.27321,10.251695,-100.0,-50.04297637939453,-0.48190668
exp7_random_2,4054,988.4275,989.3883,0.0,0.0,-0.96075547
exp7_random_2,4055,861.9829,862.68176,0.0,0.0,-0.6988759
exp7_random_2,4056,-68.97307,83.48427,-100.0,-51.26640701293945,-1.1909252
exp7_random_2,4057,350.38263,504.35696,-100.0,-51.293121337890625,-2.681191
exp7_random_2,4058,-67.2304,35.97563,-100.0,-2.809614658355713,-0.39642245
exp7_random_2,4059,1023.82776,1025.5583,0.0,-0.014376446604728699,-1.716285
exp7_random_2,4061,1110.8936,1113.8584,0.0,-0.16976132988929749,-2.7950358
exp7_random_2,4062,1051.5774,1053.3876,0.0,0.0,-1.810402
exp7_random_2,4063,1015.94904,1016.9082,0.0,-0.015202060341835022,-0.9439572
exp7_random_2,4064,1206.3245,1212.3923,0.0,-1.8504092693328857,-4.2174587
exp7_random_2,4065,1133.8081,1135.6831,0.0,-0.003212541341781616,-1.8718674
exp7_random_2,4066,844.4076,846.40753,0.0,0.0,-1.9999387
exp7_random_2,4067,1366.4114,1371.4,0.0,-0.4063510298728943,-4.582582
exp7_random_2,4068,957.95776,962.39215,0.0,-1.2115007638931274,-3.2229013
exp7_random_2,4069,1156.4297,1160.416,0.0,-0.31170782446861267,-3.6744692
exp7_random_2,4070,1028.8167,1033.0505,0.0,-0.27299779653549194,-3.9607704
exp7_random_2,4071,986.80505,990.0657,0.0,-0.4511301517486572,-2.8095376
exp7_random_2,4072,1021.17285,1024.0302,0.0,-0.007150441408157349,-2.8501585
exp7_random_2,4073,915.2233,915.8629,0.0,0.0,-0.6396368
exp7_random_2,4074,971.98047,975.1218,0.0,-0.2911234498023987,-2.8502433
exp7_random_2,4075,1172.1562,1175.3408,0.0,-0.3571372628211975,-2.8277402
exp7_random_2,4076,1159.0791,1162.8383,0.0,-0.5871932506561279,-3.1721587
exp7_random_2,4077,1157.0948,1158.8777,0.0,-0.13902227580547333,-1.6436008
exp7_random_2,4078,337.7155,447.66574,-100.0,-9.564423561096191,-0.38580495
exp7_random_2,4079,1033.8945,1036.0715,0.0,-0.25562024116516113,-1.9214053
exp7_random_2,4081,1139.9696,1143.2825,0.0,0.0,-3.3129017
exp7_random_2,4082,1177.7185,1178.5721,0.0,-0.0018734633922576904,-0.851765
exp7_random_2,4083,-93.09683,9.505671,-100.0,-2.0515027046203613,-0.5509961
exp7_random_2,4084,1030.6154,1032.5244,0.0,-0.07790784537792206,-1.831355
exp7_random_2,4085,1145.7544,1148.1666,0.0,0.0,-2.4120667
exp7_random_2,4086,1366.6786,1380.4529,0.0,-7.7626729011535645,-6.011572
exp7_random_2,4087,1105.8896,1110.4094,0.0,-0.22452908754348755,-4.295212
exp7_random_2,4088,1092.2771,1094.3193,0.0,-0.2600264251232147,-1.7823534
exp7_random_2,4089,1300.8438,1310.0464,0.0,-2.513301372528076,-6.689312
exp7_random_2,4090,1163.0935,1166.0831,0.0,-0.20479287207126617,-2.7848048
exp7_random_2,4091,1398.1855,1400.3538,0.0,0.0,-2.1681364
exp7_random_2,4092,1242.3083,1245.1924,0.0,-0.016277655959129333,-2.8676076
exp7_random_2,4093,1079.1416,1081.6772,0.0,0.0,-2.5355902
exp7_random_2,4094,1126.5337,1129.3907,0.0,0.0,-2.857159
exp7_random_2,4095,-74.458145,31.355783,-100.0,-5.261210918426514,-0.552716
exp7_random_2,4096,1260.5376,1266.9615,0.0,-0.20749424397945404,-6.216512
exp7_random_2,4097,940.8673,945.26624,0.0,-0.4475102424621582,-3.951397
exp7_random_2,4098,1209.1436,1214.3457,0.0,-0.30670884251594543,-4.895381
exp7_random_2,4099,1340.58,1347.6238,0.0,-2.2112085819244385,-4.832696
exp7_random_2,4101,990.7822,992.09326,0.0,-0.033903539180755615,-1.2768484
exp7_random_2,4102,-81.18983,28.122406,-100.0,-8.648431777954102,-0.66380316
exp7_random_2,4103,906.3186,908.8871,0.0,0.0,-2.5684054
exp7_random_2,4104,1103.6825,1107.9912,0.0,-0.9127069115638733,-3.3960543
exp7_random_2,4105,1178.4784,1184.4066,0.0,-0.3511582612991333,-5.5772557
exp7_random_2,4106,1134.1001,1141.5925,0.0,-1.8622241020202637,-5.6301985
exp7_random_2,4107,1100.12,1105.8368,0.0,-1.487433910369873,-4.2294426
exp7_random_2,4108,939.2572,945.2765,0.0,-1.601015567779541,-4.418238
exp7_random_2,4109,1092.2404,1096.0922,0.0,-0.290732204914093,-3.560888
exp7_random_2,4110,1055.6207,1058.497,0.0,0.0,-2.8761597
exp7_random_2,4111,898.37427,899.64624,0.0,0.0,-1.2719836
exp7_random_2,4112,1153.752,1163.6564,0.0,-2.2268283367156982,-7.6775026
exp7_random_2,4113,1223.437,1227.9805,0.0,-0.03893643617630005,-4.5045133
exp7_random_2,4114,1106.3691,1110.6564,0.0,-1.015255093574524,-3.2720194
exp7_random_2,4115,-128.61572,22.570473,-100.0,-50.33557891845703,-0.8505975
exp7_random_2,4116,1268.8898,1271.934,0.0,-0.22277162969112396,-2.8215766
exp7_random_2,4117,968.16406,970.13794,0.0,0.0,-1.9738599
exp7_random_2,4118,1121.7542,1124.0133,0.0,-0.055649369955062866,-2.2035432
exp7_random_2,4119,966.3856,968.0009,0.0,-0.06642702221870422,-1.5487232
exp7_random_2,4121,570.7124,677.3102,-100.0,-4.2334980964660645,-2.36411
exp7_random_2,4122,921.264,921.8653,0.0,0.0,-0.60131097
exp7_random_2,4123,970.99567,974.38995,0.0,-0.7530410289764404,-2.6412907
exp7_random_2,4124,1050.9169,1054.4119,0.0,-0.44858455657958984,-3.0463815
exp7_random_2,4125,1030.8433,1033.3711,0.0,-0.19338533282279968,-2.3345053
exp7_random_2,4126,912.7643,914.0373,0.0,-0.005712747573852539,-1.2672734
exp7_random_2,4127,959.5144,961.75946,0.0,0.0,-2.245032
exp7_random_2,4128,1483.5015,1490.3853,0.0,-2.944711208343506,-3.9392054
exp7_random_2,4129,952.06525,954.73175,0.0,-0.09616144001483917,-2.5703428
exp7_random_2,4130,929.9697,930.5005,0.0,0.0,-0.53078526
exp7_random_2,4131,1033.6597,1037.7227,0.0,-0.3743430972099304,-3.6886559
exp7_random_2,4132,1063.3639,1064.6902,0.0,0.0,-1.3261191
exp7_random_2,4133,26.677399,129.1714,-100.0,-2.0539438724517822,-0.44007328
exp7_random_2,4134,169.16827,283.01834,-100.0,-11.907092094421387,-1.9428856
exp7_random_2,4135,1209.7427,1214.125,0.0,-0.01460517942905426,-4.367733
exp7_random_2,4136,1061.0,1062.9116,0.0,-0.11490419507026672,-1.7967064
exp7_random_2,4137,1039.4725,1041.0634,0.0,0.0,-1.5907592
exp7_random_2,4138,-95.527374,7.0464315,-100.0,-2.471848249435425,-0.10195855
exp7_random_2,4139,1042.8186,1044.894,0.0,-0.33254438638687134,-1.7428402
exp7_random_2,4141,1113.7401,1130.8496,0.0,-5.730854034423828,-11.378626
exp7_random_2,4142,977.8402,980.04663,0.0,-0.06172618269920349,-2.144678
exp7_random_2,4143,949.1925,952.04614,0.0,0.0,-2.8536704
exp7_random_2,4144,-54.717,51.472797,-100.0,-4.149377346038818,-2.0404208
exp7_random_2,4145,1274.8853,1284.1528,0.0,-2.6900103092193604,-6.5775957
exp7_random_2,4146,1202.203,1205.111,0.0,-0.18181903660297394,-2.7260947
exp7_random_2,4147,1046.1533,1049.6925,0.0,-0.44757920503616333,-3.0916228
exp7_random_2,4148,638.538,771.77,-100.0,-30.0353946685791,-3.1966348
exp7_random_2,4149,1163.7456,1168.1279,0.0,-0.8609539866447449,-3.5214875
exp7_random_2,4150,928.9497,935.40564,0.0,-0.6257358193397522,-5.8301587
exp7_random_2,4151,356.77673,510.10022,-100.0,-50.00203323364258,-3.3215911
exp7_random_2,4152,985.43933,986.6176,0.0,0.0,-1.1783061
exp7_random_2,4153,1130.8999,1133.803,0.0,-0.10197551548480988,-2.8009717
exp7_random_2,4154,1155.7275,1158.0665,0.0,-0.021798118948936462,-2.3171422
exp7_random_2,4155,292.61902,439.3069,-100.0,-43.823482513427734,-2.8643816
exp7_random_2,4156,976.31726,982.11896,0.0,-0.14841732382774353,-5.653172
exp7_random_2,4157,83.07898,233.76451,-100.0,-50.002685546875,-0.6828875
exp7_random_2,4158,1129.1859,1136.4597,0.0,-0.8357833027839661,-6.4382453
exp7_random_2,4159,1098.2681,1103.6567,0.0,-1.1056737899780273,-4.283001
exp7_random_2,4161,1141.9796,1143.6298,0.0,-0.03540964424610138,-1.6146137
exp7_random_2,4162,867.599,868.1289,0.0,0.0,-0.52991444
exp7_random_2,4163,1191.0359,1195.4193,0.0,-1.4168230295181274,-2.9665456
exp7_random_2,4164,975.11066,978.65594,0.0,-0.47457948327064514,-3.0706725
exp7_random_2,4165,990.68396,993.9822,0.0,-0.15061652660369873,-3.1476295
exp7_random_2,4166,1071.2943,1073.0659,0.0,0.0,-1.7713906
exp7_random_2,4167,992.61554,994.7477,0.0,0.0,-2.1321967
exp7_random_2,4168,1152.1545,1154.6208,0.0,0.0,-2.4664307
exp7_random_2,4169,939.4,941.6818,0.0,0.0,-2.281743
exp7_random_2,4170,1110.6405,1116.5424,0.0,-0.49714910984039307,-5.4047127
exp7_random_2,4171,1220.759,1225.6144,0.0,-1.707866907119751,-3.147535
exp7_random_2,4172,964.06165,967.3711,0.0,-1.0366750955581665,-2.272797
exp7_random_2,4173,515.38416,668.3792,-100.0,-50.12961196899414,-2.8655434
exp7_random_2,4174,1111.9172,1118.8198,0.0,-0.682076096534729,-6.220628
exp7_random_2,4175,1046.0732,1050.8087,0.0,-0.6575393676757812,-4.0777836
exp7_random_2,4176,1085.4009,1094.0321,0.0,-0.1743268221616745,-8.456854
exp7_random_2,4177,755.7925,912.81024,-100.0,-51.07833480834961,-5.939219
exp7_random_2,4178,966.12134,967.39026,0.0,-0.029583021998405457,-1.2392145
exp7_random_2,4179,969.36774,970.60034,0.0,0.0,-1.2326465
exp7_random_2,4181,1061.5696,1063.6396,0.0,-0.1671503782272339,-1.902891
exp7_random_2,4182,1071.7693,1074.32,0.0,0.0,-2.550691
exp7_random_2,4183,556.9553,672.21783,-100.0,-11.252861976623535,-4.009691
exp7_random_2,4184,950.1349,951.911,0.0,0.0,-1.776158
exp7_random_2,4185,1078.7891,1083.5962,0.0,-0.2351665198802948,-4.571959
exp7_random_2,4186,961.7081,964.2064,0.0,-0.11970743536949158,-2.3786077
exp7_random_2,4187,906.79565,908.5864,0.0,0.0,-1.7907323
exp7_random_2,4188,927.0833,928.2178,0.0,0.0,-1.1344702
exp7_random_2,4189,1109.1935,1111.4862,0.0,-0.01246941089630127,-2.2802827
exp7_random_2,4190,1165.6377,1168.5205,0.0,0.0,-2.882808
exp7_random_2,4191,1282.5247,1286.874,0.0,-0.3946029543876648,-3.9549716
exp7_random_2,4192,1147.9653,1150.941,0.0,0.0,-2.9757
exp7_random_2,4193,1275.2407,1284.2091,0.0,-1.926088571548462,-7.042193
exp7_random_2,4194,1038.63,1041.2346,0.0,-0.474002480506897,-2.13067
exp7_random_2,4195,1162.4727,1166.5803,0.0,-0.9008050560951233,-3.206803
exp7_random_2,4196,1142.7783,1151.9072,0.0,-3.041722297668457,-6.086904
exp7_random_2,4197,1016.2494,1016.69214,0.0,0.0,-0.4426165
exp7_random_2,4198,1159.1165,1160.1571,0.0,0.0,-1.0406681
exp7_random_2,4199,924.8335,928.5022,0.0,-0.019632354378700256,-3.6490026
exp7_random_2,4201,1070.8577,1073.4215,0.0,-0.5687074661254883,-1.9950869
exp7_random_2,4202,1082.1443,1084.2053,0.0,0.0,-2.0609677
exp7_random_2,4203,986.7838,988.3884,0.0,-0.031400129199028015,-1.5733526
exp7_random_2,4204,1075.2899,1078.1873,0.0,0.0,-2.8973498
exp7_random_2,4205,1101.536,1103.0797,0.0,0.0,-1.5437616
exp7_random_2,4206,1062.9772,1064.3398,0.0,0.0,-1.3625596
exp7_random_2,4207,1094.3955,1098.6392,0.0,-0.010208621621131897,-4.23341
exp7_random_2,4208,1044.3597,1046.9808,0.0,-0.006813988089561462,-2.6142693
exp7_random_2,4209,1090.056,1091.6123,0.0,-0.06325305998325348,-1.4928372
exp7_random_2,4210,846.01416,847.5193,0.0,0.0,-1.5050925
exp7_random_2,4211,969.65875,972.1792,0.0,-0.4895807206630707,-2.030894
exp7_random_2,4212,-65.647644,85.49233,-100.0,-50.383827209472656,-0.7561528
exp7_random_2,4213,73.50798,183.3747,-100.0,-8.292078971862793,-1.5746365
exp7_random_2,4214,1012.6336,1023.8295,0.0,-4.058872699737549,-7.137164
exp7_random_2,4215,1022.313,1025.1321,0.0,0.0,-2.8191624
exp7_random_2,4216,1104.8379,1111.8219,0.0,-2.8166215419769287,-4.167617
exp7_random_2,4217,1056.2478,1057.7708,0.0,0.0,-1.5228751
exp7_random_2,4218,1041.0309,1042.8032,0.0,-0.054924771189689636,-1.717435
exp7_random_2,4219,1115.157,1119.2448,0.0,-0.09836718440055847,-3.9893122
exp7_random_2,4221,1208.5803,1214.6272,0.0,-3.121741771697998,-2.92504
exp7_random_2,4222,986.8525,988.148,0.0,-0.36631065607070923,-0.92925656
exp7_random_2,4223,1043.4834,1047.1885,0.0,-0.5766376256942749,-3.128248
exp7_random_2,4224,1048.8796,1051.431,0.0,-0.4476078152656555,-2.1037457
exp7_random_2,4225,1062.2134,1064.9733,0.0,-1.1533128023147583,-1.606472
exp7_random_2,4226,1105.0266,1111.1274,0.0,-1.6173336505889893,-4.4834085
exp7_random_2,4227,123.832954,233.92781,-100.0,-6.986482620239258,-3.1084166
exp7_random_2,4228,1128.4288,1131.0344,0.0,-0.05747385323047638,-2.5480695
exp7_random_2,4229,1072.2085,1074.3271,0.0,0.0,-2.1183872
exp7_random_2,4230,1021.4662,1028.5219,0.0,-4.270988464355469,-2.7848136
exp7_random_2,4231,-100.468346,12.384997,-100.0,-12.516361236572266,-0.3369787
exp7_random_2,4232,1186.6453,1191.2971,0.0,-1.037190556526184,-3.6147463
exp7_random_2,4233,-100.784424,11.609989,-100.0,-11.892251014709473,-0.5021605
exp7_random_2,4234,1038.8745,1042.5237,0.0,-1.9855120182037354,-1.6637841
exp7_random_2,4235,1409.2931,1416.4661,0.0,-1.7659858465194702,-5.407133
exp7_random_2,4236,1165.5597,1167.9435,0.0,-0.025353416800498962,-2.3584945
exp7_random_2,4237,1065.8132,1066.9912,0.0,0.0,-1.1779895
exp7_random_2,4238,1199.5675,1203.8589,0.0,-0.4736504554748535,-3.817694
exp7_random_2,4239,987.8935,994.2577,0.0,-3.0270655155181885,-3.3372726
exp7_random_2,4241,1040.4637,1044.7333,0.0,-1.5823606252670288,-2.6869798
exp7_random_2,4242,1134.4856,1137.8245,0.0,-0.9833006262779236,-2.3556774
exp7_random_2,4243,861.6587,863.8946,0.0,-0.5853238105773926,-1.6504784
exp7_random_2,4244,6.7576904,138.69926,-100.0,-30.106338500976562,-1.8352139
exp7_random_2,4245,1316.3796,1322.7539,0.0,-1.3000870943069458,-5.0739746
exp7_random_2,4246,497.95782,608.8085,-100.0,-7.398444175720215,-3.452366
exp7_random_2,4247,1045.5283,1048.9968,0.0,0.0,-3.4686618
exp7_random_2,4248,1329.8164,1343.1846,0.0,-3.6290829181671143,-9.738787
exp7_random_2,4249,910.5609,912.25964,0.0,0.0,-1.6987339
exp7_random_2,4250,45.439285,152.08496,-100.0,-5.221745491027832,-1.4239256
exp7_random_2,4251,946.96277,952.23376,0.0,-2.319755792617798,-2.9511635
exp7_random_2,4252,944.6843,952.2465,0.0,-2.8449931144714355,-4.7172165
exp7_random_2,4253,1091.3873,1094.0986,0.0,-0.12477843463420868,-2.5864666
exp7_random_2,4254,23.261086,127.34262,-100.0,-3.1326093673706055,-0.9489337
exp7_random_2,4255,-125.3869,26.233112,-100.0,-50.83982849121094,-0.78018296
exp7_random_2,4256,1335.6396,1341.4131,0.0,-1.297203540802002,-4.4764943
exp7_random_2,4257,-36.641144,114.81648,-100.0,-49.904319763183594,-1.5532913
exp7_random_2,4258,1150.9404,1159.7943,0.0,-4.365001201629639,-4.488901
exp7_random_2,4259,1028.8064,1031.292,0.0,-0.506397545337677,-1.9792044
exp7_random_2,4261,1014.9644,1020.00543,0.0,-1.2987066507339478,-3.742318
exp7_random_2,4262,995.8767,999.1051,0.0,-0.9278905391693115,-2.300567
exp7_random_2,4263,1009.8718,1014.73315,0.0,-0.22582246363162994,-4.6354265
exp7_random_2,4264,-81.74918,21.848778,-100.0,-2.738128185272217,-0.85983455
exp7_random_2,4265,1179.2444,1185.3574,0.0,-1.633116602897644,-4.479745
exp7_random_2,4266,1067.7391,1070.4108,0.0,0.0,-2.671553
exp7_random_2,4267,1020.8259,1023.2724,0.0,-0.6171656250953674,-1.8292081
exp7_random_2,4268,1197.2123,1201.8173,0.0,-0.0724811851978302,-4.532561
exp7_random_2,4269,1022.9524,1026.1703,0.0,-0.015112310647964478,-3.2029352
exp7_random_2,4270,831.0226,832.14465,0.0,0.0,-1.1220952
exp7_random_2,4271,1112.1453,1114.4357,0.0,-0.024278998374938965,-2.2660565
exp7_random_2,4272,-95.93227,7.3764143,-100.0,-3.0019702911376953,-0.30671284
exp7_random_2,4273,1120.1985,1123.1929,0.0,-0.3113698959350586,-2.682943
exp7_random_2,4274,1087.9402,1089.9852,0.0,-0.07857254147529602,-1.9665401
exp7_random_2,4275,1157.5496,1162.0537,0.0,-0.83231520652771,-3.671788
exp7_random_2,4276,1181.0747,1186.6921,0.0,-1.5171399116516113,-4.100214
exp7_random_2,4277,1154.9248,1159.5692,0.0,-0.3273468613624573,-4.316908
exp7_random_2,4278,1094.7761,1098.0337,0.0,-0.7251476049423218,-2.5321364
exp7_random_2,4279,1152.0765,1155.0864,0.0,-0.07335110008716583,-2.9365857
exp7_random_2,4281,1086.6619,1091.1245,0.0,-1.1951442956924438,-3.2674894
exp7_random_2,4282,915.2317,916.5958,0.0,0.0,-1.3642007
exp7_random_2,4283,1305.5944,1309.5691,0.0,0.0,-3.974564
exp7_random_2,4284,965.76227,968.59644,0.0,-0.11487452685832977,-2.7192523
exp7_random_2,4285,434.8812,539.81036,-100.0,-3.1051342487335205,-1.8239447
exp7_random_2,4286,-32.946556,118.21155,-100.0,-50.38352966308594,-0.7745736
exp7_random_2,4287,958.50824,959.83765,0.0,0.0,-1.3293803
exp7_random_2,4288,1087.577,1091.2893,0.0,-0.8710951805114746,-2.8412068
exp7_random_2,4289,1225.2836,1228.8031,0.0,-0.36684679985046387,-3.1525939
exp7_random_2,4290,1274.1649,1282.4236,0.0,-2.055293321609497,-6.2033663
exp7_random_2,4291,973.82104,977.9147,0.0,-2.0034971237182617,-2.0900815
exp7_random_2,4292,963.03687,965.7814,0.0,-0.053416281938552856,-2.691205
exp7_random_2,4293,935.67065,940.1207,0.0,-1.277714490890503,-3.1723404
exp7_random_2,4294,978.92163,980.1052,0.0,0.0,-1.1834542
exp7_random_2,4295,1081.2844,1085.763,0.0,-0.5046039819717407,-3.973712
exp7_random_2,4296,942.58875,947.64966,0.0,-1.0264778137207031,-4.034405
exp7_random_2,4297,1108.2539,1111.3014,0.0,-0.4246232509613037,-2.6226962
exp7_random_2,4298,873.9155,874.79395,0.0,0.0,-0.87843066
exp7_random_2,4299,1196.925,1201.5845,0.0,-0.6947419047355652,-3.96478
exp7_random_2,4301,941.8346,945.5651,0.0,-0.10659006237983704,-3.623954
exp7_random_2,4302,1166.74,1170.7981,0.0,-0.09004449844360352,-3.9680262
exp7_random_2,4303,538.9639,655.5483,-100.0,-9.995107650756836,-6.5891495
exp7_random_2,4304,1149.5547,1153.9314,0.0,-0.01409044861793518,-4.362513
exp7_random_2,4305,1253.7402,1262.3638,0.0,-0.49994203448295593,-8.123634
exp7_random_2,4306,1072.8568,1081.2894,0.0,-0.44350603222846985,-7.988977
exp7_random_2,4307,-90.2976,61.315018,-100.0,-50.126380920410156,-1.4862404
exp7_random_2,4308,8.844681,116.54497,-100.0,-4.375299453735352,-3.325004
exp7_random_2,4309,451.72858,571.0212,-100.0,-16.14366340637207,-3.149011
exp7_random_2,4310,-95.87939,8.947933,-100.0,-4.175867557525635,-0.6514547
exp7_random_2,4311,1080.2751,1081.592,0.0,-0.0076528191566467285,-1.3093034
exp7_random_2,4312,75.48448,230.2321,-100.0,-51.632240295410156,-3.1153781
exp7_random_2,4313,1209.6521,1213.75,0.0,-0.328416645526886,-3.7693503
exp7_random_2,4314,423.55362,532.83746,-100.0,-5.315762996673584,-3.9681413
exp7_random_2,4315,1051.8726,1055.7802,0.0,-0.16659025847911835,-3.7408767
exp7_random_2,4316,1075.3728,1080.4818,0.0,-0.21131011843681335,-4.8976235
exp7_random_2,4317,1183.0192,1192.9954,0.0,-1.9080932140350342,-8.067943
exp7_random_2,4318,1052.9824,1055.7823,0.0,0.0,-2.7999747
exp7_random_2,4319,624.21533,748.4268,-100.0,-19.702680587768555,-4.508835
exp7_random_2,4321,1134.4662,1137.5027,0.0,-0.11148701608181,-2.9247887
exp7_random_2,4322,-83.54904,66.73232,-100.0,-50.26057815551758,-0.020783907
exp7_random_2,4323,372.61426,503.66873,-100.0,-28.930505752563477,-2.1239462
exp7_random_2,4324,1036.6375,1038.22,0.0,-0.11586329340934753,-1.4667096
exp7_random_2,4325,1064.7103,1068.8093,0.0,-1.1530529260635376,-2.9459767
exp7_random_2,4326,416.9734,569.7208,-100.0,-50.26464080810547,-2.482751
exp7_random_2,4327,879.26465,881.12573,0.0,0.0,-1.8610251
exp7_random_2,4328,988.70416,989.6427,0.0,0.0,-0.9385742
exp7_random_2,4329,1079.4346,1082.1191,0.0,-0.3760074973106384,-2.308613
exp7_random_2,4330,1005.1481,1008.0377,0.0,-0.24542559683322906,-2.6441796
exp7_random_2,4331,460.97418,565.42053,-100.0,-3.7261314392089844,-0.72020495
exp7_random_2,4332,1075.7444,1077.2166,0.0,-0.2008148729801178,-1.271397
exp7_random_2,4333,1089.3145,1092.2312,0.0,-0.1788591742515564,-2.737902
exp7_random_2,4334,1197.0338,1201.6028,0.0,-0.32379037141799927,-4.2451615
exp7_random_2,4335,1004.44995,1007.18604,0.0,-0.46456557512283325,-2.2714982
exp7_random_2,4336,1112.9518,1115.2849,0.0,-0.24620109796524048,-2.086932
exp7_random_2,4337,1188.7856,1192.1228,0.0,-0.1263444870710373,-3.2107434
exp7_random_2,4338,1289.6833,1293.9194,0.0,-0.0034622550010681152,-4.2325425
exp7_random_2,4339,1199.9191,1205.6188,0.0,-1.3894561529159546,-4.310156
exp7_random_2,4341,1071.2427,1073.8271,0.0,0.0,-2.5845385
exp7_random_2,4342,146.71884,255.26192,-100.0,-6.956394672393799,-1.5866604
exp7_random_2,4343,1143.3519,1148.2798,0.0,-0.025304406881332397,-4.9027386
exp7_random_2,4344,974.048,976.235,0.0,-1.03887939453125,-1.1479548
exp7_random_2,4345,925.0605,933.47656,0.0,-0.9359797835350037,-7.480408
exp7_random_2,4346,869.3388,870.1379,0.0,0.0,-0.79902995
exp7_random_2,4347,1123.6056,1125.6943,0.0,0.0,-2.089028
exp7_random_2,4348,1334.5747,1342.2053,0.0,-0.8527612686157227,-6.777893
exp7_random_2,4349,-144.35231,7.3138485,-100.0,-51.466758728027344,-0.19941649
exp7_random_2,4350,1265.8577,1271.1534,0.0,-1.8722821474075317,-3.423263
exp7_random_2,4351,981.0074,982.1844,0.0,-0.003242671489715576,-1.1738513
exp7_random_2,4352,1055.8604,1057.7812,0.0,-0.18796949088573456,-1.7327968
exp7_random_2,4353,475.7798,617.6143,-100.0,-40.5180549621582,-1.3164657
exp7_random_2,4354,513.46014,621.8192,-100.0,-5.090268135070801,-3.2688875
exp7_random_2,4355,488.4261,595.33484,-100.0,-3.0212717056274414,-3.8875053
exp7_random_2,4356,1021.5943,1025.7264,0.0,-0.3028760552406311,-3.8293266
exp7_random_2,4357,1239.6753,1245.9579,0.0,-1.846602439880371,-4.436147
exp7_random_2,4358,940.3474,943.8336,0.0,-0.7857164740562439,-2.7004507
exp7_random_2,4359,1018.59894,1020.2965,0.0,0.0,-1.6975571
exp7_random_2,4361,1017.2111,1018.90564,0.0,0.0,-1.6945566
exp7_random_2,4362,1181.9581,1185.0516,0.0,-0.941504180431366,-2.1521308
exp7_random_2,4363,-34.294464,70.931984,-100.0,-2.7322516441345215,-2.4941921
exp7_random_2,4364,-85.31,21.62222,-100.0,-5.10776424407959,-1.8244587
exp7_random_2,4365,1038.9324,1040.6584,0.0,0.0,-1.7258793
exp7_random_2,4366,994.57324,995.65137,0.0,0.0,-1.0781181
exp7_random_2,4367,1106.5208,1109.9473,0.0,0.0,-3.4266536
exp7_random_2,4368,1031.6968,1032.9766,0.0,0.0,-1.2798015
exp7_random_2,4369,1009.8146,1013.23773,0.0,0.0,-3.4232154
exp7_random_2,4370,1124.0496,1126.5332,0.0,-0.07975278794765472,-2.4038622
exp7_random_2,4371,953.8293,956.38446,0.0,-0.06715171039104462,-2.4880426
exp7_random_2,4372,9.5095825,118.03814,-100.0,-5.198660850524902,-3.329907
exp7_random_2,4373,1015.2943,1020.2004,0.0,-0.4992138743400574,-4.4068933
exp7_random_2,4374,1266.0334,1269.4681,0.0,-0.011707380414009094,-3.422983
exp7_random_2,4375,586.3256,692.57666,-100.0,-3.318251132965088,-2.9328454
exp7_random_2,4376,1133.4971,1136.4292,0.0,-0.06329229474067688,-2.8689394
exp7_random_2,4377,542.6753,654.499,-100.0,-9.153237342834473,-2.6705096
exp7_random_2,4378,1010.2993,1013.4171,0.0,-0.5030123591423035,-2.6147795
exp7_random_2,4379,1097.5897,1101.0942,0.0,-0.044770658016204834,-3.4596217
exp7_random_2,4381,1186.5485,1189.8029,0.0,-0.05173973739147186,-3.2027392
exp7_random_2,4382,1065.1113,1066.9751,0.0,0.0,-1.8637056
exp7_random_2,4383,941.89716,946.167,0.0,-2.043073892593384,-2.226719
exp7_random_2,4384,1019.6377,1029.0986,0.0,-4.915330410003662,-4.5455365
exp7_random_2,4385,975.3275,977.3379,0.0,0.0,-2.010448
exp7_random_2,4386,521.02893,626.9086,-100.0,-3.014765501022339,-2.8649023
exp7_random_2,4387,-28.443863,81.51981,-100.0,-5.469659805297852,-4.494001
exp7_random_2,4388,985.5685,986.77686,0.0,0.0,-1.2082777
exp7_random_2,4389,1045.6361,1049.1671,0.0,-0.14433537423610687,-3.386425
exp7_random_2,4390,1343.6826,1348.2926,0.0,-0.10328039526939392,-4.506521
exp7_random_2,4391,1164.2394,1167.7406,0.0,-0.16984285414218903,-3.331389
exp7_random_2,4392,1076.8326,1079.5197,0.0,-0.004641011357307434,-2.6823258
exp7_random_2,4393,1182.6605,1184.86,0.0,-0.05073627829551697,-2.1489148
exp7_random_2,4394,953.92944,958.8009,0.0,-1.8848586082458496,-2.9865408
exp7_random_2,4395,1126.5542,1128.835,0.0,-0.0020771175622940063,-2.2786267
exp7_random_2,4396,1285.6522,1290.6031,0.0,-0.7114036083221436,-4.239766
exp7_random_2,4397,1141.133,1143.8386,0.0,0.0,-2.705736
exp7_random_2,4398,892.95654,894.6918,0.0,-0.11822506785392761,-1.6170194
exp7_random_2,4399,1040.4515,1043.8965,0.0,-0.35355496406555176,-3.091361
exp7_random_2,4401,956.2228,957.05054,0.0,0.0,-0.8278356
exp7_random_2,4402,949.5842,951.9365,0.0,-0.17542876303195953,-2.176946
exp7_random_2,4403,1037.5955,1044.6571,0.0,-2.2326788902282715,-4.828931
exp7_random_2,4404,1037.0763,1039.5767,0.0,-0.2275584489107132,-2.2727106
exp7_random_2,4405,1162.5239,1171.1862,0.0,-3.289227247238159,-5.372904
exp7_random_2,4406,1174.2876,1183.2625,0.0,-2.3833024501800537,-6.5914636
exp7_random_2,4407,1472.1984,1483.0863,0.0,-4.9060750007629395,-5.981926
exp7_random_2,4408,1004.9686,1007.9049,0.0,-0.03461176156997681,-2.901642
exp7_random_2,4409,972.2496,973.5587,0.0,0.0,-1.309027
exp7_random_2,4410,-54.396034,48.864197,-100.0,-2.3598742485046387,-0.9003553
exp7_random_2,4411,1002.42346,1011.8141,0.0,-1.394505500793457,-7.9961658
exp7_random_2,4412,1108.2142,1110.8474,0.0,-0.3354516625404358,-2.2974951
exp7_random_2,4413,408.13126,522.55634,-100.0,-4.620737552642822,-9.804368
exp7_random_2,4414,932.2213,933.35474,0.0,0.0,-1.133343
exp7_random_2,4415,1238.534,1246.7756,0.0,-3.240927219390869,-5.0008264
exp7_random_2,4416,1208.1696,1213.8816,0.0,-1.7059452533721924,-4.006041
exp7_random_2,4417,923.2566,929.526,0.0,-4.208071231842041,-2.0613582
exp7_random_2,4418,1167.3733,1177.1423,0.0,-3.8196053504943848,-5.9496665
exp7_random_2,4419,1024.2916,1026.02,0.0,-0.05703510344028473,-1.6712375
exp7_random_2,4421,849.58075,849.9382,0.0,0.0,-0.35744134
exp7_random_2,4422,1239.4581,1242.2968,0.0,-0.008756682276725769,-2.8299305
exp7_random_2,4423,1180.2119,1183.3368,0.0,-0.28186196088790894,-2.8429437
exp7_random_2,4424,1076.1417,1079.3124,0.0,-0.3988097906112671,-2.7717085
exp7_random_2,4425,1105.4902,1107.4364,0.0,0.0,-1.9463385
exp7_random_2,4426,916.08704,917.4419,0.0,0.0,-1.3548857
exp7_random_2,4427,1046.8644,1049.8618,0.0,-0.8361614942550659,-2.161124
exp7_random_2,4428,-98.18768,9.506005,-100.0,-7.066159725189209,-0.62753445
exp7_random_2,4429,1024.8973,1027.6952,0.0,-0.027052193880081177,-2.7708883
exp7_random_2,4430,939.6903,941.1359,0.0,0.0,-1.445574
exp7_random_2,4431,876.96814,878.26483,0.0,0.0,-1.2967477
exp7_random_2,4432,1009.80414,1011.9103,0.0,-0.1143820583820343,-1.9919509
exp7_random_2,4433,1100.3478,1101.3232,0.0,-0.1348925679922104,-0.8404698
exp7_random_2,4434,873.16223,874.2184,0.0,0.0,-1.0561243
exp7_random_2,4435,494.63763,616.8245,-100.0,-20.604381561279297,-1.5825621
exp7_random_2,4436,1113.8602,1116.438,0.0,0.0,-2.5777652
exp7_random_2,4437,1029.8386,1030.91,0.0,0.0,-1.0713406
exp7_random_2,4438,1322.0391,1325.3378,0.0,-0.11856305599212646,-3.1799426
exp7_random_2,4439,1229.7239,1232.9641,0.0,-0.9426060914993286,-2.2975955
exp7_random_2,4441,1065.0253,1069.0002,0.0,-0.18285289406776428,-3.79217
exp7_random_2,4442,1049.9203,1051.3135,0.0,0.0,-1.3932124
exp7_random_2,4443,-83.99162,21.189766,-100.0,-4.151916980743408,-1.029474
exp7_random_2,4444,1144.7311,1147.0972,0.0,-0.1504221260547638,-2.2155225
exp7_random_2,4445,1053.4713,1056.5736,0.0,-0.029063522815704346,-3.0733826
exp7_random_2,4446,1188.1511,1198.1727,0.0,-2.961923360824585,-7.059664
exp7_random_2,4447,1046.4573,1048.5989,0.0,-0.5635643601417542,-1.5780151
exp7_random_2,4448,979.0818,980.4725,0.0,0.0,-1.3906677
exp7_random_2,4449,1056.9409,1059.9595,0.0,-0.2874554395675659,-2.7313902
exp7_random_2,4450,1067.4324,1069.5051,0.0,-0.3112648129463196,-1.7614056
exp7_random_2,4451,1060.5669,1068.4595,0.0,-2.4453482627868652,-5.447448
exp7_random_2,4452,959.1937,961.3439,0.0,0.0,-2.150109
exp7_random_2,4453,1037.6726,1039.8545,0.0,-0.2193572223186493,-1.9626306
exp7_random_2,4454,1220.6738,1228.2571,0.0,-2.886690855026245,-4.6968255
exp7_random_2,4455,1142.991,1144.4573,0.0,0.0,-1.4662002
exp7_random_2,4456,995.86444,999.48535,0.0,-0.9466667771339417,-2.6742277
exp7_random_2,4457,951.04767,955.8632,0.0,-0.7069144248962402,-4.108645
exp7_random_2,4458,1104.9243,1107.457,0.0,-0.30330267548561096,-2.2295523
exp7_random_2,4459,1262.9619,1265.9736,0.0,-0.13672471046447754,-2.8752627
exp7_random_2,4461,-98.916115,10.164101,-100.0,-8.80864143371582,-0.2715767
exp7_random_2,4462,1042.2378,1044.5775,0.0,0.0,-2.3397648
exp7_random_2,4463,1056.3909,1060.1946,0.0,-1.3639910221099854,-2.4397452
exp7_random_2,4464,918.13873,919.6709,0.0,-0.5531959533691406,-0.9789465
exp7_random_2,4465,1002.88336,1004.55554,0.0,0.0,-1.6722599
exp7_random_2,4466,1009.9804,1013.99695,0.0,-0.05756719410419464,-3.9587204
exp7_random_2,4467,544.10315,651.9967,-100.0,-5.166512489318848,-2.7273004
exp7_random_2,4468,1262.3557,1267.866,0.0,-1.6554218530654907,-3.8545902
exp7_random_2,4469,1177.7764,1186.4012,0.0,-2.1457326412200928,-6.479108
exp7_random_2,4470,1130.8064,1134.1362,0.0,-0.04457445442676544,-3.2849872
exp7_random_2,4471,898.1718,899.1481,0.0,0.0,-0.9762
exp7_random_2,4472,1028.248,1032.7798,0.0,-2.774587869644165,-1.757047
exp7_random_2,4473,986.4186,989.0977,0.0,-0.2330680638551712,-2.4459546
exp7_random_2,4474,1005.19946,1007.7953,0.0,-0.01339082419872284,-2.582564
exp7_random_2,4475,1193.2758,1200.5063,0.0,-1.527626633644104,-5.7029386
exp7_random_2,4476,1013.5581,1020.25073,0.0,-0.62502521276474,-6.0677137
exp7_random_2,4477,-148.55283,1.7593479,-100.0,-50.00177764892578,-0.31040472
exp7_random_2,4478,1045.2986,1047.5714,0.0,-0.7586504220962524,-1.5142004
exp7_random_2,4479,1001.7184,1003.9638,0.0,-0.16693389415740967,-2.0785427
exp7_random_2,4481,981.70514,983.26465,0.0,0.0,-1.5595073
exp7_random_2,4482,937.5126,939.09033,0.0,0.0,-1.5777624
exp7_random_2,4483,1066.58,1068.5691,0.0,0.0,-1.9891309
exp7_random_2,4484,1134.1031,1137.2521,0.0,-0.5298106670379639,-2.6190755
exp7_random_2,4485,1278.7449,1281.6064,0.0,-0.007759064435958862,-2.853876
exp7_random_2,4486,-33.6829,69.680534,-100.0,-2.5288009643554688,-0.8346318
exp7_random_2,4487,1003.3601,1004.6041,0.0,0.0,-1.2441372
exp7_random_2,4488,957.8478,959.4778,0.0,-0.3236754238605499,-1.30634
exp7_random_2,4489,1005.424,1006.81445,0.0,0.0,-1.3904085
exp7_random_2,4490,1021.11176,1022.2274,0.0,-0.05521416664123535,-1.0605632
exp7_random_2,4491,1001.5386,1002.13416,0.0,0.0,-0.59557277
exp7_random_2,4492,911.3596,915.94086,0.0,-3.0669963359832764,-1.5142783
exp7_random_2,4493,950.10004,951.4127,0.0,0.0,-1.3126544
exp7_random_2,4494,970.7969,972.6012,0.0,0.0,-1.804252
exp7_random_2,4495,939.1197,940.52075,0.0,-0.06209100782871246,-1.3390003
exp7_random_2,4496,1325.3429,1328.0432,0.0,-0.004890158772468567,-2.695229
exp7_random_2,4497,1108.4171,1111.2458,0.0,0.0,-2.8286533
exp7_random_2,4498,1035.6906,1037.6768,0.0,-0.0023957043886184692,-1.9837755
exp7_random_2,4499,1238.165,1241.7393,0.0,-0.530799925327301,-3.0433292
exp7_random_2,4501,459.64502,577.1529,-100.0,-13.261862754821777,-4.246165
exp7_random_2,4502,1283.657,1289.7695,0.0,-1.1230425834655762,-4.9896665
exp7_random_2,4503,-4.9902496,102.52937,-100.0,-6.00466251373291,-1.5149767
exp7_random_2,4504,581.7382,762.1257,-100.0,-64.2322769165039,-16.155222
exp7_random_2,4505,427.4011,534.0525,-100.0,-4.356718063354492,-2.2947035
exp7_random_2,4506,1002.994,1007.5073,0.0,-0.30040866136550903,-4.212954
exp7_random_2,4507,998.4845,1001.8609,0.0,-0.958667516708374,-2.4178257
exp7_random_2,4508,922.5199,923.786,0.0,0.0,-1.2660391
exp7_random_2,4509,1070.614,1072.2559,0.0,-0.03248026967048645,-1.6092775
exp7_random_2,4510,1141.1548,1148.3567,0.0,-1.4675110578536987,-5.7344646
exp7_random_2,4511,1246.6892,1256.3159,0.0,-3.017512083053589,-6.608993
exp7_random_2,4512,1086.2451,1089.3079,0.0,-0.12129199504852295,-2.9414647
exp7_random_2,4513,1031.5309,1037.9943,0.0,-1.4058818817138672,-5.057431
exp7_random_2,4514,1020.69446,1024.7305,0.0,-1.7016725540161133,-2.3343732
exp7_random_2,4515,1096.581,1098.0454,0.0,0.0,-1.4642786
exp7_random_2,4516,1299.3696,1305.5227,0.0,-0.4765135645866394,-5.6765375
exp7_random_2,4517,1073.0093,1077.1855,0.0,-0.450039803981781,-3.726294
exp7_random_2,4518,1183.54,1186.9469,0.0,-0.23859114944934845,-3.1682305
exp7_random_2,4519,545.50146,648.88605,-100.0,-2.4801735877990723,-0.90446347
exp7_random_2,4521,1237.2053,1240.4026,0.0,-0.06343932449817657,-3.133595
exp7_random_2,4522,967.68274,968.908,0.0,-0.01188349723815918,-1.2134993
exp7_random_2,4523,1208.3303,1211.6445,0.0,-0.1668882668018341,-3.1472282
exp7_random_2,4524,1215.2208,1218.3053,0.0,-0.12982206046581268,-2.954631
exp7_random_2,4525,1025.1226,1027.5964,0.0,-0.022635459899902344,-2.4512174
exp7_random_2,4526,1200.5093,1204.901,0.0,-0.42700040340423584,-3.9650211
exp7_random_2,4527,1037.1908,1039.7653,0.0,-0.12184812128543854,-2.4527335
exp7_random_2,4528,923.6593,924.5093,0.0,0.0,-0.8498325
exp7_random_2,4529,1011.09247,1012.55304,0.0,-0.045136988162994385,-1.4154456
exp7_random_2,4530,970.6104,978.5924,0.0,-2.9372315406799316,-5.044752
exp7_random_2,4531,976.88965,979.39355,0.0,-0.06375144422054291,-2.440093
exp7_random_2,4532,951.9229,957.0051,0.0,-0.07564376294612885,-5.006332
exp7_random_2,4533,1027.7745,1031.2512,0.0,-0.1585410237312317,-3.3181713
exp7_random_2,4534,1060.7567,1062.6327,0.0,-0.05831025540828705,-1.8177235
exp7_random_2,4535,1176.7327,1181.3281,0.0,-0.5650926828384399,-4.030585
exp7_random_2,4536,1012.85034,1014.546,0.0,-0.30821871757507324,-1.387537
exp7_random_2,4537,969.4204,969.93884,0.0,0.0,-0.5183794
exp7_random_2,4538,891.71967,893.4479,0.0,0.0,-1.7281483
exp7_random_2,4539,1066.3748,1070.0061,0.0,-0.3945821523666382,-3.2367873
exp7_random_2,4541,1132.8044,1136.0553,0.0,-0.8649406433105469,-2.38592
exp7_random_2,4542,842.992,844.87976,0.0,-1.0117133855819702,-0.8760726
exp7_random_2,4543,-62.243057,89.731636,-100.0,-51.19662857055664,-0.7780599
exp7_random_2,4544,736.8107,895.7633,-100.0,-52.06496047973633,-6.8876615
exp7_random_2,4545,1028.6201,1033.9106,0.0,-0.2912452220916748,-4.99924
exp7_random_2,4546,-68.55114,35.36497,-100.0,-3.290987491607666,-0.62512213
exp7_random_2,4547,1039.0339,1041.029,0.0,-0.0005621761083602905,-1.9947284
exp7_random_2,4548,1021.74695,1023.1115,0.0,-0.1437215358018875,-1.2206737
exp7_random_2,4549,1149.0498,1150.9943,0.0,-0.15740273892879486,-1.78713
exp7_random_2,4550,1094.406,1095.8408,0.0,0.0,-1.4349159
exp7_random_2,4551,932.74493,934.6438,0.0,-0.032686516642570496,-1.8662577
exp7_random_2,4552,-21.575737,96.181885,-100.0,-4.8516950607299805,-12.905914
exp7_random_2,4553,-83.725105,19.484083,-100.0,-2.6260998249053955,-0.58308935
exp7_random_2,4554,1014.9955,1017.6288,0.0,-0.2442273199558258,-2.3889072
exp7_random_2,4555,1237.2506,1242.3422,0.0,-2.0678458213806152,-3.0234697
exp7_random_2,4556,1118.9586,1121.2501,0.0,0.0,-2.2916381
exp7_random_2,4557,975.4104,976.73376,0.0,-0.14348089694976807,-1.1798524
exp7_random_2,4558,1017.83044,1020.22095,0.0,-0.0038921236991882324,-2.386646
exp7_random_2,4559,1090.2463,1091.5116,0.0,0.0,-1.2653563
exp7_random_2,4561,842.4898,843.4922,0.0,0.0,-1.002435
exp7_random_2,4562,1033.221,1037.187,0.0,-0.16701464354991913,-3.7991507
exp7_random_2,4563,-14.617798,93.288315,-100.0,-5.316510200500488,-2.5896156
exp7_random_2,4564,1048.3634,1050.0564,0.0,-0.21720905601978302,-1.4757811
exp7_random_2,4565,1079.5846,1082.6102,0.0,-0.015064433217048645,-3.0106351
exp7_random_2,4566,910.27216,911.1455,0.0,0.0,-0.8733408
exp7_random_2,4567,964.7782,966.55994,0.0,0.0,-1.7817781
exp7_random_2,4568,995.92456,999.04095,0.0,0.0,-3.1164582
exp7_random_2,4569,1026.7087,1031.896,0.0,-1.3215769529342651,-3.8658097
exp7_random_2,4570,777.86316,810.003,0.0,-5.18540620803833,-26.953972
exp7_random_2,4571,1140.3293,1145.5487,0.0,-1.1473784446716309,-4.071991
exp7_random_2,4572,1045.5146,1047.4861,0.0,-0.002563983201980591,-1.9688822
exp7_random_2,4573,832.3162,833.25867,0.0,0.0,-0.9425404
exp7_random_2,4574,1023.63403,1026.1843,0.0,-0.9499210715293884,-1.6003242
exp7_random_2,4575,150.46072,259.38882,-100.0,-6.656393051147461,-2.2716787
exp7_random_2,4576,1124.1138,1131.7769,0.0,-2.0998620986938477,-5.563014
exp7_random_2,4577,1055.6309,1058.5349,0.0,-0.29012352228164673,-2.6138046
exp7_random_2,4578,1035.3073,1040.3215,0.0,-1.2804114818572998,-3.7337375
exp7_random_2,4579,908.8512,909.5261,0.0,0.0,-0.6750084
exp7_random_2,4581,1067.7568,1076.2905,0.0,-2.836524486541748,-5.6974044
exp7_random_2,4582,1252.5907,1258.8339,0.0,-0.18855267763137817,-6.054595
exp7_random_2,4583,-36.771187,68.09897,-100.0,-3.8205599784851074,-1.0496036
exp7_random_2,4584,-15.468849,89.86518,-100.0,-3.10345458984375,-2.2305772
exp7_random_2,4585,681.2594,789.599,-100.0,-2.6153249740600586,-5.724556
exp7_random_2,4586,1043.6888,1045.3646,0.0,-0.006678149104118347,-1.6692172
exp7_random_2,4587,997.3118,999.5523,0.0,-0.04518072307109833,-2.1954153
exp7_random_2,4588,943.6891,947.7268,0.0,-0.07976482808589935,-3.9579935
exp7_random_2,4589,906.2301,907.6438,0.0,0.0,-1.4137928
exp7_random_2,4590,1012.8181,1015.14343,0.0,-0.05679023265838623,-2.268462
exp7_random_2,4591,1107.8503,1111.5022,0.0,-0.041620656847953796,-3.6099133
exp7_random_2,4592,1252.0583,1257.7859,0.0,-0.9976943731307983,-4.7300224
exp7_random_2,4593,1078.8591,1082.2317,0.0,-0.08223387598991394,-3.2903988
exp7_random_2,4594,-13.349159,101.798386,-100.0,-14.27658462524414,-0.8709585
exp7_random_2,4595,1004.4874,1009.86,0.0,-1.0634753704071045,-4.3091564
exp7_random_2,4596,892.5605,894.92145,0.0,-0.10227937996387482,-2.2586083
exp7_random_2,4597,1094.6598,1099.3073,0.0,-0.042756661772727966,-4.6048303
exp7_random_2,4598,1268.0496,1273.6963,0.0,-1.774369716644287,-3.8722844
exp7_random_2,4599,1191.2876,1194.6803,0.0,-0.11298114061355591,-3.279592
exp7_random_2,4601,1082.9167,1084.3132,0.0,0.0,-1.3965826
exp7_random_2,4602,1214.399,1226.3608,0.0,-4.485001087188721,-7.476961
exp7_random_2,4603,436.78836,554.3118,-100.0,-15.151725769042969,-2.3716183
exp7_random_2,4604,1064.6787,1066.1892,0.0,0.0,-1.5106258
exp7_random_2,4605,1025.0981,1027.2057,0.0,0.0,-2.107574
exp7_random_2,4606,1068.2681,1068.7114,0.0,0.0,-0.4433697
exp7_random_2,4607,963.64746,966.4215,0.0,-0.10078653693199158,-2.6732283
exp7_random_2,4608,983.3904,986.9065,0.0,0.0,-3.5161378
exp7_random_2,4609,955.3745,958.59534,0.0,0.0,-3.2208714
exp7_random_2,4610,1179.5089,1191.0986,0.0,-6.614012718200684,-4.9755263
exp7_random_2,4611,1304.174,1308.139,0.0,-0.07425038516521454,-3.8906922
exp7_random_2,4612,1027.4108,1029.2344,0.0,-0.09493175148963928,-1.7286553
exp7_random_2,4613,1264.8569,1270.4403,0.0,-1.7100149393081665,-3.8734443
exp7_random_2,4614,1041.0424,1044.2914,0.0,-0.1931292712688446,-3.0562067
exp7_random_2,4615,951.3572,952.1819,0.0,0.0,-0.82475656
exp7_random_2,4616,950.255,951.49506,0.0,0.0,-1.2399728
exp7_random_2,4617,916.2206,917.04675,0.0,0.0,-0.8261666
exp7_random_2,4618,915.6703,916.86395,0.0,0.0,-1.1937171
exp7_random_2,4619,1056.0785,1059.9515,0.0,-0.1339213252067566,-3.7390008
exp7_random_2,4621,893.6923,895.3859,0.0,0.0,-1.6936959
exp7_random_2,4622,1025.5786,1028.3701,0.0,0.0,-2.7914526
exp7_random_2,4623,1054.9106,1057.936,0.0,-0.5860806107521057,-2.4393575
exp7_random_2,4624,952.96716,953.89307,0.0,0.0,-0.92584115
exp7_random_2,4625,1085.1237,1087.252,0.0,0.0,-2.1282876
exp7_random_2,4626,1127.9568,1130.0767,0.0,0.0,-2.120003
exp7_random_2,4627,1178.4137,1182.7303,0.0,-0.0011099129915237427,-4.315565
exp7_random_2,4628,1050.2898,1052.9316,0.0,-0.10478216409683228,-2.536973
exp7_random_2,4629,954.23206,958.6172,0.0,-0.8473010063171387,-3.5379646
exp7_random_2,4630,995.8838,999.6095,0.0,-1.1750330924987793,-2.5507758
exp7_random_2,4631,424.32816,532.6759,-100.0,-7.4273481369018555,-0.9204587
exp7_random_2,4632,959.322,959.79504,0.0,0.0,-0.47307757
exp7_random_2,4633,1106.1967,1108.9264,0.0,-0.10893960297107697,-2.6209104
exp7_random_2,4634,1027.382,1030.3812,0.0,-0.5185797214508057,-2.4802978
exp7_random_2,4635,937.8165,940.817,0.0,-1.0462325811386108,-1.9543474
exp7_random_2,4636,1094.7853,1097.561,0.0,-0.006733432412147522,-2.7690952
exp7_random_2,4637,1125.6613,1127.8568,0.0,0.0,-2.1953487
exp7_random_2,4638,1264.8849,1272.5142,0.0,-0.7784934043884277,-6.850973
exp7_random_2,4639,943.07245,944.9891,0.0,0.0,-1.9166048
exp7_random_2,4641,1124.0388,1127.3846,0.0,-0.06323175132274628,-3.2825532
exp7_random_2,4642,1327.9827,1336.0332,0.0,-2.1405086517333984,-5.9101996
exp7_random_2,4643,1044.686,1049.8466,0.0,-1.4842872619628906,-3.6763046
exp7_random_2,4644,974.0451,975.8933,0.0,-0.018947437405586243,-1.8293673
exp7_random_2,4645,1086.0693,1087.603,0.0,0.0,-1.533551
exp7_random_2,4646,-99.976135,5.871395,-100.0,-5.560532093048096,-0.28699785
exp7_random_2,4647,967.06055,970.19867,0.0,0.0,-3.138065
exp7_random_2,4648,1118.9238,1120.9806,0.0,0.0,-2.0569005
exp7_random_2,4649,1031.9653,1035.6823,0.0,-0.15892860293388367,-3.5579724
exp7_random_2,4650,1011.9591,1014.1247,0.0,-0.7066459655761719,-1.4588659
exp7_random_2,4651,519.9599,624.298,-100.0,-2.1631486415863037,-2.174991
exp7_random_2,4652,-107.283646,3.1903794,-100.0,-10.17499828338623,-0.2990251
exp7_random_2,4653,1167.7584,1172.7289,0.0,-0.4483789801597595,-4.5220933
exp7_random_2,4654,924.7875,928.3043,0.0,-0.41700488328933716,-3.099797
exp7_random_2,4655,-14.375008,97.26684,-100.0,-9.511499404907227,-2.130359
exp7_random_2,4656,898.6426,901.31506,0.0,-0.28527557849884033,-2.3871832
exp7_random_2,4657,924.8485,925.5127,0.0,0.0,-0.6641686
exp7_random_2,4658,981.73193,986.81226,0.0,-2.6321053504943848,-2.4481738
exp7_random_2,4659,1142.5203,1147.8297,0.0,-0.29794514179229736,-5.0113244
exp7_random_2,4661,1013.58704,1015.1807,0.0,0.0,-1.59376
exp7_random_2,4662,641.2029,755.0121,-100.0,-8.104803085327148,-5.70441
exp7_random_2,4663,1102.248,1105.5181,0.0,-0.15403833985328674,-3.1160905
exp7_random_2,4664,1009.36316,1014.12036,0.0,-0.23929351568222046,-4.517812
exp7_random_2,4665,1096.3286,1099.5457,0.0,-0.000810965895652771,-3.2164414
exp7_random_2,4666,1223.0573,1226.8878,0.0,-0.30819863080978394,-3.522555
exp7_random_2,4667,1166.4651,1168.8701,0.0,0.0,-2.4050572
exp7_random_2,4668,1126.8491,1127.917,0.0,0.0,-1.0680519
exp7_random_2,4669,-126.37521,24.803831,-100.0,-50.5128173828125,-0.6662303
exp7_random_2,4670,920.28503,928.25775,0.0,-0.9154853820800781,-7.057263
exp7_random_2,4671,936.8457,942.56885,0.0,-1.1127744913101196,-4.6103277
exp7_random_2,4672,1002.4723,1006.82385,0.0,-0.40934115648269653,-3.942198
exp7_random_2,4673,1055.9563,1058.4974,0.0,0.0,-2.5411885
exp7_random_2,4674,583.95874,700.876,-100.0,-8.188112258911133,-8.729201
exp7_random_2,4675,1233.4534,1239.3239,0.0,-0.8512752056121826,-5.019124
exp7_random_2,4676,1130.7761,1137.4951,0.0,-1.2776143550872803,-5.441478
exp7_random_2,4677,962.9739,965.5117,0.0,-0.02001515030860901,-2.517891
exp7_random_2,4678,397.5022,514.54706,-100.0,-13.88255786895752,-3.1622355
exp7_random_2,4679,999.3107,1003.0801,0.0,-0.32615336775779724,-3.442988
exp7_random_2,4681,1025.2172,1027.2019,0.0,-0.020104870200157166,-1.9647143
exp7_random_2,4682,-24.39486,128.36769,-100.0,-51.73719024658203,-1.0253408
exp7_random_2,4683,1030.0757,1032.2675,0.0,-0.007381513714790344,-2.1844628
exp7_random_2,4684,357.10498,509.9755,-100.0,-51.282352447509766,-1.58818
exp7_random_2,4685,908.4922,910.1111,0.0,0.0,-1.6188227
exp7_random_2,4686,1020.3023,1024.2026,0.0,-0.22979363799095154,-3.6707156
exp7_random_2,4687,1004.82166,1006.37866,0.0,0.0,-1.5569677
exp7_random_2,4688,921.00073,922.4426,0.0,0.0,-1.4419308
exp7_random_2,4689,1029.2045,1031.2712,0.0,0.0,-2.0667098
exp7_random_2,4690,859.29895,860.168,0.0,0.0,-0.8690935
exp7_random_2,4691,966.4923,969.9114,0.0,-0.05555540323257446,-3.3634453
exp7_random_2,4692,469.12448,580.0408,-100.0,-7.562637805938721,-3.3536935
exp7_random_2,4693,946.6975,949.1404,0.0,-0.023897618055343628,-2.4189615
exp7_random_2,4694,1056.78,1058.6715,0.0,0.0,-1.8914654
exp7_random_2,4695,1149.2797,1156.5283,0.0,-0.4895036816596985,-6.7591186
exp7_random_2,4696,945.5742,946.7702,0.0,0.0,-1.1959851
exp7_random_2,4697,1102.209,1108.0544,0.0,-3.0508480072021484,-2.7946272
exp7_random_2,4698,1097.9623,1103.9706,0.0,-0.6607145071029663,-5.347723
exp7_random_2,4699,-27.299034,76.464745,-100.0,-3.142317295074463,-0.6214515
exp7_random_2,4701,1017.68555,1022.0848,0.0,-1.1569535732269287,-3.242217
exp7_random_2,4702,555.8184,710.14197,-100.0,-50.10509490966797,-4.218506
exp7_random_2,4703,1115.6475,1120.9207,0.0,-0.03675754368305206,-5.2367725
exp7_random_2,4704,947.6643,952.8245,0.0,-3.1974282264709473,-1.9627059
exp7_random_2,4705,1159.5109,1163.5712,0.0,-0.40176403522491455,-3.6585355
exp7_random_2,4706,1121.9497,1128.2024,0.0,-0.37316617369651794,-5.8796716
exp7_random_2,4707,1245.8384,1247.6173,0.0,0.0,-1.7791
exp7_random_2,4708,860.034,861.54565,0.0,0.0,-1.5116034
exp7_random_2,4709,1190.1104,1202.2076,0.0,-7.111166954040527,-4.9859915
exp7_random_2,4710,916.05707,917.58435,0.0,-0.18496814370155334,-1.3422563
exp7_random_2,4711,953.0011,954.606,0.0,-0.07331539690494537,-1.5317605
exp7_random_2,4712,38.45491,160.40779,-100.0,-19.353729248046875,-2.5991552
exp7_random_2,4713,1309.7816,1313.6536,0.0,-0.2928731441497803,-3.5789824
exp7_random_2,4714,1228.1918,1234.4414,0.0,-0.648866593837738,-5.6008224
exp7_random_2,4715,923.39294,925.90356,0.0,0.0,-2.5105534
exp7_random_2,4716,1074.5264,1078.3118,0.0,-0.9972598552703857,-2.7881505
exp7_random_2,4717,1036.0967,1039.2487,0.0,-0.5136683583259583,-2.6383753
exp7_random_2,4718,1411.6782,1417.7714,0.0,-1.684186577796936,-4.4088354
exp7_random_2,4719,1211.7334,1216.0553,0.0,-0.4068782925605774,-3.915013
exp7_random_2,4721,1103.1584,1105.3679,0.0,-0.08135625720024109,-2.1281233
exp7_random_2,4722,-118.75072,32.731163,-100.0,-50.65422058105469,-0.8276678
exp7_random_2,4723,1041.7407,1046.9639,0.0,0.0,-5.22325
exp7_random_2,4724,385.07104,491.37668,-100.0,-3.351600170135498,-2.9540482
exp7_random_2,4725,1059.4393,1061.6713,0.0,-0.011679530143737793,-2.220346
exp7_random_2,4726,959.8553,964.7584,0.0,0.0,-4.903104
exp7_random_2,4727,967.96014,969.99005,0.0,0.0,-2.0299034
exp7_random_2,4728,1054.7671,1059.8759,0.0,-0.4602752923965454,-4.6484876
exp7_random_2,4729,1205.9061,1209.5153,0.0,-0.005553096532821655,-3.6036608
exp7_random_2,4730,875.10205,876.5968,0.0,0.0,-1.4947195
exp7_random_2,4731,940.6488,943.6263,0.0,0.0,-2.9775043
exp7_random_2,4732,397.73895,550.2486,-100.0,-49.87499999999999,-2.6347928
exp7_random_2,4733,1003.2737,1004.7383,0.0,0.0,-1.4646673
exp7_random_2,4734,988.4515,994.26514,0.0,-1.1641762256622314,-4.6495886
exp7_random_2,4735,1455.5391,1463.9761,0.0,-1.0338315963745117,-7.4033427
exp7_random_2,4736,942.4968,943.38116,0.0,0.0,-0.8843156
exp7_random_2,4737,890.90283,893.1978,0.0,0.0,-2.2949712
exp7_random_2,4738,1105.4789,1107.0275,0.0,-0.12753984332084656,-1.4211024
exp7_random_2,4739,1086.038,1090.0071,0.0,-0.0228891521692276,-3.9461944
exp7_random_2,4741,104.074875,213.78459,-100.0,-4.194814682006836,-5.5148745
exp7_random_2,4742,983.0118,985.82935,0.0,-0.10681432485580444,-2.710489
exp7_random_2,4743,728.3746,840.5428,-100.0,-4.295294284820557,-7.872819
exp7_random_2,4744,1172.6974,1175.7476,0.0,-0.06273074448108673,-2.98764
exp7_random_2,4745,1140.9231,1143.7245,0.0,-0.1687830239534378,-2.6327128
exp7_random_2,4746,70.67145,175.62593,-100.0,-4.1139678955078125,-0.8405113
exp7_random_2,4747,1014.09186,1014.8092,0.0,0.0,-0.71718735
exp7_random_2,4748,1028.6184,1035.9728,0.0,-0.3771628737449646,-6.9770823
exp7_random_2,4749,1083.7689,1089.3376,0.0,-2.3576810359954834,-3.2111676
exp7_random_2,4750,-18.04457,97.91008,-100.0,-13.160562515258789,-2.79409
exp7_random_2,4751,1017.448,1018.5033,0.0,-0.04608900845050812,-1.009281
exp7_random_2,4752,-42.35774,62.489876,-100.0,-4.577451229095459,-0.27015835
exp7_random_2,4753,941.1234,941.7429,0.0,-0.07351711392402649,-0.54589635
exp7_random_2,4754,1053.0549,1056.9604,0.0,-0.583538293838501,-3.321994
exp7_random_2,4755,1149.9937,1152.484,0.0,-0.0814189612865448,-2.4088082
exp7_random_2,4756,896.34644,896.8281,0.0,0.0,-0.48173082
exp7_random_2,4757,1013.103,1017.2219,0.0,-0.3450799882411957,-3.7737484
exp7_random_2,4758,927.6196,928.7264,0.0,0.0,-1.1066848
exp7_random_2,4759,1154.1274,1159.1075,0.0,-2.0761241912841797,-2.9038377
exp7_random_2,4761,1069.1444,1074.8896,0.0,-0.25595951080322266,-5.4896493
exp7_random_2,4762,1107.4064,1121.8433,0.0,-1.981658935546875,-12.454649
exp7_random_2,4763,989.3369,993.3932,0.0,-0.08899664878845215,-3.9670434
exp7_random_2,4764,1011.3649,1014.86487,0.0,-0.10513028502464294,-3.3946445
exp7_random_2,4765,1295.619,1299.853,0.0,-0.4411383867263794,-3.7928631
exp7_random_2,4766,1107.1436,1108.2361,0.0,0.0,-1.0922894
exp7_random_2,4767,179.27762,291.9288,-100.0,-10.364886283874512,-2.286337
exp7_random_2,4768,7.184021,158.23026,-100.0,-49.95714569091797,-1.089097
exp7_random_2,4769,946.7449,947.47345,0.0,0.0,-0.72866344
exp7_random_2,4770,-7.875717,110.67265,-100.0,-11.450674057006836,-7.0976934
exp7_random_2,4771,1144.0114,1154.0215,0.0,-6.205737590789795,-3.8042657
exp7_random_2,4772,535.33966,638.9015,-100.0,-2.2006118297576904,-1.3612536
exp7_random_2,4773,1029.7515,1031.2676,0.0,0.0,-1.5161542
exp7_random_2,4774,1150.3931,1153.2855,0.0,0.0,-2.892164
exp7_random_2,4775,946.5762,948.12695,0.0,0.0,-1.550732
exp7_random_2,4776,1440.935,1468.9658,0.0,-8.121481895446777,-19.909206
exp7_random_2,4777,946.68243,949.8657,0.0,-0.016843318939208984,-3.1663117
exp7_random_2,4778,1127.132,1128.78,0.0,0.0,-1.6478877
exp7_random_2,4779,840.5959,840.7858,0.0,0.0,-0.18998726
exp7_random_2,4781,1066.1398,1068.6176,0.0,-0.03300894796848297,-2.4446099
exp7_random_2,4782,-98.605125,54.090134,-100.0,-51.24749755859375,-1.447777
exp7_random_2,4783,557.14526,664.73456,-100.0,-4.3220319747924805,-3.2671332
exp7_random_2,4784,1207.637,1212.6926,0.0,-0.9382026791572571,-4.117281
exp7_random_2,4785,898.48175,900.9116,0.0,0.0,-2.4298916
exp7_random_2,4786,931.54565,933.82385,0.0,0.0,-2.2783592
exp7_random_2,4787,898.35645,901.0386,0.0,-0.6511048674583435,-2.0309443
exp7_random_2,4788,920.4485,921.68176,0.0,0.0,-1.2333152
exp7_random_2,4789,1216.688,1219.9634,0.0,-0.30651748180389404,-2.9688451
exp7_random_2,4790,969.53436,970.76514,0.0,0.0,-1.2308356
exp7_random_2,4791,925.88464,927.052,0.0,0.0,-1.1674536
exp7_random_2,4792,-103.02466,-0.1041975,-100.0,-2.5717575550079346,-0.34870362
exp7_random_2,4793,1008.3286,1010.17065,0.0,-0.028867781162261963,-1.8131908
exp7_random_2,4794,1143.918,1145.3043,0.0,-0.08810076117515564,-1.2983057
exp7_random_2,4795,1188.3481,1191.6155,0.0,-0.06401646137237549,-3.203089
exp7_random_2,4796,1108.8859,1111.899,0.0,-0.5936287641525269,-2.4196134
exp7_random_2,4797,972.42896,975.2687,0.0,-0.02629491686820984,-2.813445
exp7_random_2,4798,913.80347,916.8104,0.0,-0.04334178566932678,-2.9634888
exp7_random_2,4799,1218.7512,1221.9917,0.0,-0.1300792545080185,-3.1104057
exp7_random_2,4801,945.5144,946.7053,0.0,0.0,-1.1909955
exp7_random_2,4802,481.627,589.7868,-100.0,-4.341588973999023,-3.8183224
exp7_random_2,4803,986.6389,997.83484,0.0,-2.413093328475952,-8.782549
exp7_random_2,4804,1140.4236,1144.0175,0.0,-0.03588548302650452,-3.5581622
exp7_random_2,4805,1017.58484,1049.6326,0.0,-19.025537490844727,-13.022384
exp7_random_2,4806,-28.19571,122.14413,-100.0,-49.952484130859375,-0.38733268
exp7_random_2,4807,1222.5801,1226.1454,0.0,-0.004733636975288391,-3.5605094
exp7_random_2,4808,1042.8086,1053.3308,0.0,-6.977099895477295,-3.5451572
exp7_random_2,4809,594.0352,712.6984,-100.0,-10.480095863342285,-8.183192
exp7_random_2,4810,424.95605,530.94696,-100.0,-3.266373634338379,-2.7245305
exp7_random_2,4811,1126.1246,1133.183,0.0,-4.435701847076416,-2.6224537
exp7_random_2,4812,1236.0918,1243.262,0.0,-2.609236717224121,-4.561083
exp7_random_2,4813,72.431755,181.6811,-100.0,-4.737358093261719,-4.5119834
exp7_random_2,4814,485.0114,598.95306,-100.0,-6.9730916023254395,-6.9686594
exp7_random_2,4815,1136.8632,1140.2579,0.0,0.0,-3.3945856
exp7_random_2,4816,1133.874,1138.5515,0.0,-1.0308237075805664,-3.6465647
exp7_random_2,4817,942.36426,943.8745,0.0,0.0,-1.5103061
exp7_random_2,4818,1046.8237,1051.0624,0.0,-0.03146827220916748,-4.2073984
exp7_random_2,4819,1111.8774,1114.2245,0.0,0.0,-2.3472419
exp7_random_2,4821,1001.33167,1004.1146,0.0,-0.3062443137168884,-2.4766355
exp7_random_2,4822,1174.2375,1176.6381,0.0,-0.21111521124839783,-2.1894543
exp7_random_2,4823,-129.4516,22.127598,-100.0,-50.252098083496094,-1.3270867
exp7_random_2,4824,1071.7964,1074.6422,0.0,-0.08965353667736053,-2.7562287
exp7_random_2,4825,1206.2618,1210.8032,0.0,0.0,-4.5412455
exp7_random_2,4826,1005.9757,1007.406,0.0,0.0,-1.4303099
exp7_random_2,4827,1030.3157,1031.999,0.0,-0.35804057121276855,-1.3254141
exp7_random_2,4828,1044.7087,1046.4128,0.0,-0.008992716670036316,-1.6951122
exp7_random_2,4829,1116.5685,1122.762,0.0,-2.3430066108703613,-3.8505328
exp7_random_2,4830,1159.7502,1163.437,0.0,-0.10394364595413208,-3.582765
exp7_random_2,4831,1080.046,1083.8389,0.0,-0.05459412932395935,-3.7382598
exp7_random_2,4832,919.15045,920.4126,0.0,0.0,-1.2620845
exp7_random_2,4833,981.24005,982.9141,0.0,-0.06354191899299622,-1.6105018
exp7_random_2,4834,1408.0287,1411.9546,0.0,-0.017958462238311768,-3.9080396
exp7_random_2,4835,1236.5487,1242.8098,0.0,-0.49855247139930725,-5.762467
exp7_random_2,4836,1334.0264,1339.3623,0.0,-1.029722809791565,-4.3062534
exp7_random_2,4837,1111.3419,1114.57,0.0,-0.17698493599891663,-3.051069
exp7_random_2,4838,342.54147,467.3864,-100.0,-22.013381958007812,-2.831571
exp7_random_2,4839,1466.974,1476.5453,0.0,-2.499661922454834,-7.071573
exp7_random_2,4841,1205.2435,1208.8499,0.0,-0.16267400979995728,-3.443539
exp7_random_2,4842,1034.969,1036.4004,0.0,-0.27016448974609375,-1.1614056
exp7_random_2,4843,1007.036,1009.4385,0.0,0.0,-2.4022129
exp7_random_2,4844,1028.6816,1031.3103,0.0,-0.09079013764858246,-2.5377502
exp7_random_2,4845,-74.62666,77.935036,-100.0,-51.660301208496094,-0.9013818
exp7_random_2,4846,978.9517,980.42114,0.0,0.0,-1.469304
exp7_random_2,4847,599.4614,735.4938,-100.0,-32.545955657958984,-3.4864366
exp7_random_2,4848,740.4523,848.9961,-100.0,-5.945694446563721,-2.5982652
exp7_random_2,4849,1015.2108,1022.995,0.0,-0.814571738243103,-6.9695616
exp7_random_2,4850,1222.6885,1226.053,0.0,-0.5304211974143982,-2.8337424
exp7_random_2,4851,671.9972,786.0855,-100.0,-9.732254028320312,-4.3560333
exp7_random_2,4852,1098.0231,1100.1285,0.0,0.0,-2.1056151
exp7_random_2,4853,1062.5157,1063.5454,0.0,0.0,-1.0296175
exp7_random_2,4854,1087.3096,1090.2843,0.0,-0.19224241375923157,-2.7824695
exp7_random_2,4855,984.87177,986.6358,0.0,0.0,-1.7640312
exp7_random_2,4856,1094.036,1095.1614,0.0,-0.01600441336631775,-1.1092501
exp7_random_2,4857,1085.5946,1092.4513,0.0,-1.6771671772003174,-5.179764
exp7_random_2,4858,1415.9425,1419.5868,0.0,-0.04108525812625885,-3.6030867
exp7_random_2,4859,1098.3308,1098.6865,0.0,0.0,-0.35578254
exp7_random_2,4861,1068.1584,1072.1572,0.0,-0.0841536819934845,-3.9146292
exp7_random_2,4862,1111.4761,1115.3489,0.0,-0.34997445344924927,-3.5228248
exp7_random_2,4863,-124.19855,26.570786,-100.0,-49.9619255065918,-0.8073992
exp7_random_2,4864,944.7246,946.4865,0.0,-0.1281789243221283,-1.6336186
exp7_random_2,4865,939.05273,941.29626,0.0,-0.9368436932563782,-1.3067014
exp7_random_2,4866,1105.3136,1108.8987,0.0,-0.40309464931488037,-3.1821015
exp7_random_2,4867,947.6439,950.3358,0.0,-0.21030600368976593,-2.481429
exp7_random_2,4868,491.28024,602.61566,-100.0,-9.413398742675781,-1.922076
exp7_random_2,4869,1124.0902,1129.7437,0.0,-0.3135838508605957,-5.339909
exp7_random_2,4870,1132.8794,1136.485,0.0,-0.07600635290145874,-3.5295746
exp7_random_2,4871,1011.78644,1016.6432,0.0,-0.24385477602481842,-4.6129484
exp7_random_2,4872,1171.7329,1174.8114,0.0,0.0,-3.0786662
exp7_random_2,4873,1049.2843,1051.2528,0.0,0.0,-1.9685647
exp7_random_2,4874,1119.8569,1122.6653,0.0,-0.007137268781661987,-2.80113
exp7_random_2,4875,1142.1499,1145.8975,0.0,-0.7100416421890259,-3.0377553
exp7_random_2,4876,1296.863,1306.8959,0.0,-5.184479236602783,-4.848424
exp7_random_2,4877,1050.4601,1054.9021,0.0,-1.3639554977416992,-3.0779953
exp7_random_2,4878,1084.1445,1088.5028,0.0,-0.18747779726982117,-4.1706524
exp7_random_2,4879,730.49384,886.01715,-100.0,-50.55265426635742,-4.970479
exp7_random_2,4881,1146.3175,1150.4596,0.0,-0.47718945145606995,-3.6651115
exp7_random_2,4882,1173.262,1177.4962,0.0,-0.5885294675827026,-3.6458979
exp7_random_2,4883,1110.474,1115.8011,0.0,-0.2415952980518341,-5.085548
exp7_random_2,4884,1130.9121,1136.6417,0.0,-1.6474910974502563,-4.0820675
exp7_random_2,4885,912.5831,913.8507,0.0,0.0,-1.2675289
exp7_random_2,4886,1413.2163,1419.6471,0.0,-2.1103103160858154,-4.3203907
exp7_random_2,4887,-94.697876,8.536092,-100.0,-3.0474815368652344,-0.18648708
exp7_random_2,4888,1033.1401,1035.0067,0.0,-0.06982612609863281,-1.796489
exp7_random_2,4889,1075.775,1081.1841,0.0,-1.1639139652252197,-4.245203
exp7_random_2,4890,-44.146553,62.583385,-100.0,-4.6969451904296875,-2.0330021
exp7_random_2,4891,933.4048,943.0096,0.0,-3.282644271850586,-6.3220916
exp7_random_2,4892,1113.5813,1119.5724,0.0,-2.2316510677337646,-3.7594705
exp7_random_2,4893,877.6735,878.3844,0.0,0.0,-0.7108583
exp7_random_2,4894,1020.94586,1024.3304,0.0,-0.24767498672008514,-3.136959
exp7_random_2,4895,932.05945,933.0525,0.0,0.0,-0.9929552
exp7_random_2,4896,1134.7931,1138.6499,0.0,-0.8626575469970703,-2.9940498
exp7_random_2,4897,1103.9302,1106.9686,0.0,0.0,-3.038372
exp7_random_2,4898,940.82983,942.8855,0.0,0.0,-2.05561
exp7_random_2,4899,1218.3412,1221.6461,0.0,0.0,-3.304803
exp7_random_2,4901,1204.4419,1211.772,0.0,-2.2821483612060547,-5.0479274
exp7_random_2,4902,1005.46545,1006.8541,0.0,0.0,-1.3886403
exp7_random_2,4903,1194.6975,1197.502,0.0,-0.18593749403953552,-2.618634
exp7_random_2,4904,1058.2578,1060.1561,0.0,-0.3566635847091675,-1.5415765
exp7_random_2,4905,1088.5417,1089.8589,0.0,-0.13582932949066162,-1.1813434
exp7_random_2,4906,990.01624,991.65894,0.0,0.0,-1.6426756
exp7_random_2,4907,913.4466,914.58765,0.0,0.0,-1.1410661
exp7_random_2,4908,1213.1514,1214.8801,0.0,0.0,-1.7288375
exp7_random_2,4909,-95.818855,7.568893,-100.0,-3.1449670791625977,-0.24278398
exp7_random_2,4910,14.975998,119.26099,-100.0,-2.4611475467681885,-1.8238363
exp7_random_2,4911,925.7428,926.92615,0.0,0.0,-1.1832228
exp7_random_2,4912,-76.689064,27.740316,-100.0,-3.5981829166412354,-0.83119804
exp7_random_2,4913,1092.9137,1100.2866,0.0,-3.3947572708129883,-3.978358
exp7_random_2,4914,910.0453,911.36975,0.0,0.0,-1.3244141
exp7_random_2,4915,1138.5076,1141.7422,0.0,-0.026871904730796814,-3.2076077
exp7_random_2,4916,-11.29155,91.807434,-100.0,-2.329312324523926,-0.76966983
exp7_random_2,4917,977.69324,979.03326,0.0,0.0,-1.3400954
exp7_random_2,4918,698.4633,809.3022,-100.0,-6.646279335021973,-4.192703
exp7_random_2,4919,1024.819,1026.7917,0.0,-0.06887246668338776,-1.903928
exp7_random_2,4921,1064.1699,1065.5651,0.0,-0.006133422255516052,-1.3890324
exp7_random_2,4922,986.2819,988.3385,0.0,-0.781568169593811,-1.2750373
exp7_random_2,4923,619.2608,772.76434,-100.0,-50.446998596191406,-3.0565255
exp7_random_2,4924,1197.2466,1199.8635,0.0,-0.02574540674686432,-2.5911713
exp7_random_2,4925,110.74109,216.339,-100.0,-4.3249406814575195,-1.2729906
exp7_random_2,4926,1228.9178,1236.242,0.0,-1.7693023681640625,-5.554753
exp7_random_2,4927,1123.7507,1126.1324,0.0,-0.05586917698383331,-2.3257098
exp7_random_2,4928,1065.4451,1068.4375,0.0,-0.03429998457431793,-2.958188
exp7_random_2,4929,1104.1235,1111.3368,0.0,-3.1028521060943604,-4.11044
exp7_random_2,4930,1048.6123,1050.3032,0.0,-0.11917275190353394,-1.5717248
exp7_random_2,4931,876.1907,878.8828,0.0,-0.01270294189453125,-2.6794317
exp7_random_2,4932,1071.5442,1076.4435,0.0,-1.348564624786377,-3.5506792
exp7_random_2,4933,-53.06559,50.187134,-100.0,-2.181610107421875,-1.0711159
exp7_random_2,4934,1019.2451,1022.3802,0.0,-0.6239150166511536,-2.5112038
exp7_random_2,4935,402.4964,517.7844,-100.0,-13.276466369628906,-2.0115342
exp7_random_2,4936,1115.7578,1117.7871,0.0,0.0,-2.0292318
exp7_random_2,4937,1115.9612,1123.3992,0.0,-1.2162721157073975,-6.221689
exp7_random_2,4938,1030.1913,1031.7844,0.0,-0.0040132105350494385,-1.5892432
exp7_random_2,4939,488.78177,644.0129,-100.0,-51.44778823852539,-3.783522
exp7_random_2,4941,1103.7799,1110.0942,0.0,-4.552883625030518,-1.7615985
exp7_random_2,4942,944.10876,945.899,0.0,-0.46983733773231506,-1.3205018
exp7_random_2,4943,1038.3438,1039.7219,0.0,0.0,-1.3782221
exp7_random_2,4944,925.3468,927.8163,0.0,-0.015825092792510986,-2.4536946
exp7_random_2,4945,971.1047,973.2514,0.0,-0.19373011589050293,-1.9530286
exp7_random_2,4946,882.0169,883.6151,0.0,0.0,-1.5981747
exp7_random_2,4947,1195.5769,1198.248,0.0,-0.14561542868614197,-2.5256212
exp7_random_2,4948,1206.3978,1209.512,0.0,0.0,-3.1139865
exp7_random_2,4949,914.74786,915.8639,0.0,0.0,-1.1160034
exp7_random_2,4950,961.66614,963.7023,0.0,-0.24723947048187256,-1.788907
exp7_random_2,4951,1068.0238,1070.7944,0.0,-0.05471128225326538,-2.7159486
exp7_random_2,4952,974.734,975.85345,0.0,0.0,-1.1194432
exp7_random_2,4953,-85.330894,21.374905,-100.0,-5.608952045440674,-1.0968503
exp7_random_2,4954,1062.835,1065.4706,0.0,-0.037667497992515564,-2.5981867
exp7_random_2,4955,939.3319,940.5283,0.0,0.0,-1.1964741
exp7_random_2,4956,862.1151,862.76245,0.0,0.0,-0.64726555
exp7_random_2,4957,1200.3942,1202.9282,0.0,-0.45761638879776,-2.0764663
exp7_random_2,4958,1255.5046,1259.761,0.0,-0.43718209862709045,-3.8191226
exp7_random_2,4959,1090.0437,1094.7439,0.0,-1.0702619552612305,-3.6299706
exp7_random_2,4961,1028.1934,1029.6389,0.0,-0.13369791209697723,-1.311765
exp7_random_2,4962,1207.4487,1210.7614,0.0,0.0,-3.3124845
exp7_random_2,4963,1127.4093,1129.7485,0.0,0.0,-2.3392406
exp7_random_2,4964,1123.515,1126.876,0.0,-0.7671159505844116,-2.5938191
exp7_random_2,4965,1207.8295,1211.9199,0.0,-0.27217963337898254,-3.8184345
exp7_random_2,4966,993.92053,994.7882,0.0,0.0,-0.8676496
exp7_random_2,4967,1064.6763,1069.3462,0.0,-0.17979630827903748,-4.4902773
exp7_random_2,4968,978.3064,996.8969,0.0,-8.371781349182129,-10.218756
exp7_random_2,4969,920.67053,921.6929,0.0,0.0,-1.0223591
exp7_random_2,4970,1092.3433,1097.6527,0.0,-0.4830283522605896,-4.826513
exp7_random_2,4971,913.89386,915.03784,0.0,0.0,-1.1439797
exp7_random_2,4972,1087.0872,1091.1069,0.0,-0.7185669541358948,-3.3011396
exp7_random_2,4973,568.9367,700.35736,-100.0,-19.38286781311035,-12.038169
exp7_random_2,4974,1040.6658,1042.188,0.0,-0.002922624349594116,-1.5191659
exp7_random_2,4975,903.2865,904.81366,0.0,0.0,-1.5270904
exp7_random_2,4976,1129.8386,1131.749,0.0,0.0,-1.9102464
exp7_random_2,4977,928.5912,939.36633,0.0,-4.024932861328125,-6.750257
exp7_random_2,4978,979.6173,980.72766,0.0,0.0,-1.1102228
exp7_random_2,4979,851.7987,853.2841,0.0,-0.02355310320854187,-1.4620377
exp7_random_2,4981,1186.1294,1188.1951,0.0,0.0,-2.0657573
exp7_random_2,4982,1085.8867,1087.1309,0.0,-0.01138448715209961,-1.2326384
exp7_random_2,4983,1074.2687,1079.3732,0.0,-1.1291791200637817,-3.9754255
exp7_random_2,4984,763.0021,875.223,-100.0,-4.773415565490723,-7.4477334
exp7_random_2,4985,1164.9037,1173.7715,0.0,-0.9744268655776978,-7.89343
exp7_random_2,4986,1115.7192,1117.825,0.0,-0.6652666330337524,-1.4404335
exp7_random_2,4987,3.5800018,129.49353,-100.0,-25.158733367919922,-0.7548146
exp7_random_2,4988,922.272,923.9665,0.0,-0.013325542211532593,-1.681192
exp7_random_2,4989,404.69086,519.4052,-100.0,-13.64999008178711,-1.0643649
exp7_random_2,4990,1046.8887,1053.4437,0.0,-0.20230436325073242,-6.352811
exp7_random_2,4991,1043.2833,1045.7231,0.0,0.0,-2.439802
exp7_random_2,4992,1178.2898,1189.9418,0.0,-2.399653911590576,-9.251643
exp7_random_2,4993,48.234695,153.32562,-100.0,-3.62150239944458,-1.4693911
exp7_random_2,4994,1046.4615,1048.0001,0.0,0.0,-1.5385095
exp7_random_2,4995,985.9729,986.6195,0.0,0.0,-0.64659125
exp7_random_2,4996,1041.6685,1042.8737,0.0,0.0,-1.205366
exp7_random_2,4997,1147.0615,1148.5625,0.0,0.0,-1.5010495
exp7_random_2,4998,949.3396,951.0116,0.0,0.0,-1.6720886
exp7_random_2,4999,1110.4355,1111.9144,0.0,0.0,-1.4788321
exp7_random_2,5001,354.38055,508.51855,-100.0,-52.00407791137695,-2.1339393
exp7_random_2,5002,1056.349,1057.7932,0.0,-0.022598326206207275,-1.4215943
exp7_random_2,5003,954.3325,956.87146,0.0,-1.2633014917373657,-1.2757765
exp7_random_2,5004,-61.947186,42.4376,-100.0,-3.350782871246338,-1.0340036
exp7_random_2,5005,1179.169,1185.046,0.0,-1.2453619241714478,-4.631647
exp7_random_2,5006,1077.6863,1081.1239,0.0,0.0,-3.4376252
exp7_random_2,5007,-60.88401,92.7177,-100.0,-51.07633972167969,-2.52536
exp7_random_2,5008,888.6272,889.81866,0.0,0.0,-1.1914871
exp7_random_2,5009,1204.1458,1207.3777,0.0,-0.5394489169120789,-2.6924703
exp7_random_2,5010,934.61035,934.90857,0.0,0.0,-0.29829228
exp7_random_2,5011,901.14136,902.06274,0.0,0.0,-0.92138994
exp7_random_2,5012,-98.012375,29.120283,-100.0,-27.088111877441406,-0.04454598
exp7_random_2,5013,1204.763,1212.2998,0.0,-1.228533148765564,-6.3082314
exp7_random_2,5014,1123.097,1127.5543,0.0,-1.7279858589172363,-2.7291837
exp7_random_2,5015,537.0043,646.87256,-100.0,-7.7529191970825195,-2.1154702
exp7_random_2,5016,973.339,973.85596,0.0,0.0,-0.51695335
exp7_random_2,5017,1130.6763,1133.4312,0.0,-0.7783321142196655,-1.9766412
exp7_random_2,5018,1031.638,1033.2375,0.0,-0.0014944970607757568,-1.5980684
exp7_random_2,5019,1164.9688,1168.079,0.0,-0.4034003019332886,-2.7067852
exp7_random_2,5021,-74.92073,78.18213,-100.0,-52.537139892578125,-0.565699
exp7_random_2,5022,1158.624,1163.7812,0.0,-2.8590657711029053,-2.2983358
exp7_random_2,5023,338.05438,493.04358,-100.0,-50.76181411743164,-4.227368
exp7_random_2,5024,1025.446,1027.5964,0.0,-0.8845869302749634,-1.2657493
exp7_random_2,5025,1024.1022,1025.4019,0.0,-0.17501689493656158,-1.1244546
exp7_random_2,5026,879.63416,880.6669,0.0,0.0,-1.0326666
exp7_random_2,5027,1016.7921,1018.1481,0.0,0.0,-1.3560421
exp7_random_2,5028,1003.19934,1005.27295,0.0,0.0,-2.0735555
exp7_random_2,5029,1112.3971,1115.8988,0.0,-0.9301450252532959,-2.5717955
exp7_random_2,5030,-95.581345,49.247803,-100.0,-44.289215087890625,-0.53992856
exp7_random_2,5031,1309.6624,1314.3508,0.0,-0.6423195004463196,-4.0461316
exp7_random_2,5032,973.8702,974.9908,0.0,0.0,-1.1204609
exp7_random_2,5033,1216.9044,1219.363,0.0,0.0,-2.4588113
exp7_random_2,5034,995.1836,997.08203,0.0,0.0,-1.8986031
exp7_random_2,5035,-114.31925,-4.9308124,-100.0,-8.867243766784668,-0.5211989
exp7_random_2,5036,1182.987,1185.606,0.0,0.0,-2.619156
exp7_random_2,5037,935.4027,937.1714,0.0,-0.38862037658691406,-1.3801566
exp7_random_2,5038,1077.0834,1078.1765,0.0,0.0,-1.0931164
exp7_random_2,5039,923.52344,924.0731,0.0,0.0,-0.5496537
exp7_random_2,5041,991.0885,993.1421,0.0,-0.02018493413925171,-2.0334816
exp7_random_2,5042,1142.5701,1143.8835,0.0,0.0,-1.3134507
exp7_random_2,5043,1008.4213,1009.1115,0.0,0.0,-0.69016206
exp7_random_2,5044,1103.442,1105.2605,0.0,-0.1322019100189209,-1.6863985
exp7_random_2,5045,970.84607,973.3136,0.0,-0.3333187699317932,-2.134041
exp7_random_2,5046,1052.6315,1055.1622,0.0,-0.10229197144508362,-2.4285378
exp7_random_2,5047,1062.1154,1067.5479,0.0,-2.384182929992676,-3.0482452
exp7_random_2,5048,1234.8596,1237.5293,0.0,0.0,-2.669595
exp7_random_2,5049,1051.3075,1054.023,0.0,-0.08954101800918579,-2.6260834
exp7_random_2,5050,897.42285,898.0316,0.0,0.0,-0.6087713
exp7_random_2,5051,1106.3667,1108.5823,0.0,0.0,-2.21572
exp7_random_2,5052,993.3645,996.4864,0.0,-0.5062475800514221,-2.6155062
exp7_random_2,5053,1046.544,1050.0577,0.0,-0.381994366645813,-3.1316192
exp7_random_2,5054,65.067154,217.85277,-100.0,-51.03277587890625,-1.7528311
exp7_random_2,5055,1086.2424,1089.2115,0.0,-0.10374225676059723,-2.8653576
exp7_random_2,5056,1187.7444,1193.0398,0.0,-1.0815078020095825,-4.214027
exp7_random_2,5057,915.28644,916.277,0.0,0.0,-0.99058884
exp7_random_2,5058,1015.2328,1016.72174,0.0,0.0,-1.4888312
exp7_random_2,5059,1055.0872,1055.913,0.0,0.0,-0.82573944
exp7_random_2,5061,1108.462,1113.8689,0.0,-0.648526668548584,-4.7583075
exp7_random_2,5062,959.07745,961.5248,0.0,-0.10199996829032898,-2.3452682
exp7_random_2,5063,982.83527,985.5077,0.0,-0.09603777527809143,-2.5763378
exp7_random_2,5064,347.26697,507.60007,-100.0,-53.346763610839844,-6.986312
exp7_random_2,5065,1021.73834,1023.71326,0.0,-0.09635297954082489,-1.8785737
exp7_random_2,5066,1005.98157,1007.3196,0.0,0.0,-1.3379042
exp7_random_2,5067,1184.8354,1187.6056,0.0,-0.04276338219642639,-2.7273748
exp7_random_2,5068,983.44507,984.6416,0.0,0.0,-1.1964849
exp7_random_2,5069,1064.0149,1066.3048,0.0,-0.09014110267162323,-2.199945
exp7_random_2,5070,1008.8337,1011.0089,0.0,0.0,-2.175214
exp7_random_2,5071,1030.2307,1033.3303,0.0,0.0,-3.0996916
exp7_random_2,5072,19.582802,125.18719,-100.0,-2.5064353942871094,-3.0979593
exp7_random_2,5073,936.8522,938.49817,0.0,-0.0011518299579620361,-1.6447707
exp7_random_2,5074,1034.9346,1037.5847,0.0,-0.00814005732536316,-2.6419556
exp7_random_2,5075,377.33682,487.27402,-100.0,-5.7314300537109375,-4.205734
exp7_random_2,5076,982.42615,989.3508,0.0,-0.9786580204963684,-5.9460354
exp7_random_2,5077,974.26355,977.5004,0.0,-0.07143934071063995,-3.1652515
exp7_random_2,5078,840.4675,842.0613,0.0,0.0,-1.5938429
exp7_random_2,5079,1108.1632,1111.1696,0.0,-0.13625505566596985,-2.8700068
exp7_random_2,5081,1190.1517,1197.8384,0.0,-1.3161756992340088,-6.3706636
exp7_random_2,5082,1079.9697,1084.0878,0.0,-0.655875563621521,-3.4623556
exp7_random_2,5083,1263.3535,1266.022,0.0,0.0,-2.6684573
exp7_random_2,5084,1079.1842,1085.8085,0.0,-3.0163159370422363,-3.6079082
exp7_random_2,5085,1033.9027,1037.6499,0.0,-0.3523098826408386,-3.3947315
exp7_random_2,5086,1099.5162,1101.3325,0.0,0.0,-1.8162074
exp7_random_2,5087,-19.155678,89.666954,-100.0,-6.164349555969238,-2.65828
exp7_random_2,5088,992.5408,994.9135,0.0,-0.05373840034008026,-2.3189542
exp7_random_2,5089,862.796,863.7456,0.0,0.0,-0.94959563
exp7_random_2,5090,964.9485,966.1409,0.0,0.0,-1.1925305
exp7_random_2,5091,1106.6106,1108.9585,0.0,0.0,-2.3479433
exp7_random_2,5092,1179.5804,1182.2362,0.0,-0.22478964924812317,-2.431039
exp7_random_2,5093,970.13354,973.515,0.0,-1.8525614738464355,-1.528906
exp7_random_2,5094,507.3009,613.3762,-100.0,-3.187415599822998,-2.8878882
exp7_random_2,5095,868.28595,870.0804,0.0,0.0,-1.794478
exp7_random_2,5096,1204.6156,1206.8412,0.0,0.0,-2.225628
exp7_random_2,5097,1064.0485,1065.3456,0.0,0.0,-1.2970501
exp7_random_2,5098,942.7505,947.2606,0.0,-2.2429471015930176,-2.267182
exp7_random_2,5099,1006.7545,1008.777,0.0,0.0,-2.0224109
exp7_random_2,5101,946.99133,950.9331,0.0,-0.10683375597000122,-3.8348944
exp7_random_2,5102,993.7992,997.55383,0.0,-0.3085048198699951,-3.4462001
exp7_random_2,5103,532.9758,637.7022,-100.0,-2.240166664123535,-2.48619
exp7_random_2,5104,411.56757,517.63763,-100.0,-3.2843053340911865,-2.7858813
exp7_random_2,5105,1144.4347,1149.653,0.0,-0.9351452589035034,-4.283133
exp7_random_2,5106,304.8958,455.30685,-100.0,-49.91271209716797,-0.49831057
exp7_random_2,5107,1038.4216,1043.8359,0.0,-1.8376840353012085,-3.5764954
exp7_random_2,5108,1011.7249,1013.2649,0.0,-0.035539284348487854,-1.5044454
exp7_random_2,5109,1085.9288,1092.6343,0.0,-1.1764789819717407,-5.528887
exp7_random_2,5110,1094.2465,1096.4114,0.0,-0.34847429394721985,-1.8163717
exp7_random_2,5111,1128.1758,1130.7203,0.0,0.0,-2.544526
exp7_random_2,5112,937.754,939.1979,0.0,0.0,-1.4439305
exp7_random_2,5113,1306.0369,1314.253,0.0,-0.8714509010314941,-7.344878
exp7_random_2,5114,1211.334,1216.7158,0.0,-1.2951030731201172,-4.086713
exp7_random_2,5115,1082.3766,1085.2686,0.0,-0.4675469994544983,-2.4245057
exp7_random_2,5116,923.852,924.6365,0.0,0.0,-0.78439337
exp7_random_2,5117,1000.08325,1001.80566,0.0,0.0,-1.7224034
exp7_random_2,5118,1023.23267,1027.2783,0.0,-0.009052678942680359,-4.0366344
exp7_random_2,5119,1038.588,1040.686,0.0,0.0,-2.098024
exp7_random_2,5121,-55.418144,60.625298,-100.0,-15.153505325317383,-0.8899322
exp7_random_2,5122,600.2555,710.9655,-100.0,-5.446109771728516,-5.2639318
exp7_random_2,5123,1093.1475,1099.5065,0.0,-0.8051252365112305,-5.5538263
exp7_random_2,5124,1087.2244,1093.4539,0.0,-1.781510829925537,-4.4480987
exp7_random_2,5125,956.548,957.4678,0.0,0.0,-0.9198358
exp7_random_2,5126,-86.45665,18.692421,-100.0,-4.70056676864624,-0.44849882
exp7_random_2,5127,1124.7958,1129.4536,0.0,-0.13313893973827362,-4.5246754
exp7_random_2,5128,902.5695,904.4659,0.0,-0.03201982378959656,-1.8643106
exp7_random_2,5129,1192.4733,1196.7911,0.0,-0.8713568449020386,-3.446776
exp7_random_2,5130,-27.433159,77.84955,-100.0,-4.235552787780762,-1.047158
exp7_random_2,5131,1251.965,1258.6558,0.0,-1.0652332305908203,-5.6258388
exp7_random_2,5132,1289.5876,1293.3887,0.0,-0.4223530888557434,-3.3789577
exp7_random_2,5133,874.153,875.0481,0.0,0.0,-0.89512163
exp7_random_2,5134,1147.6914,1150.5546,0.0,0.0,-2.8630178
exp7_random_2,5135,963.23706,964.9044,0.0,-0.006693527102470398,-1.6606205
exp7_random_2,5136,1019.7439,1021.94446,0.0,-0.47582119703292847,-1.7247921
exp7_random_2,5137,1252.6658,1260.6846,0.0,-2.4883763790130615,-5.530782
exp7_random_2,5138,944.943,947.5043,0.0,-0.43918174505233765,-2.1220825
exp7_random_2,5139,1086.2352,1091.4081,0.0,-1.3922170400619507,-3.7803378
exp7_random_2,5141,456.65634,617.0672,-100.0,-53.16571807861328,-7.2452006
exp7_random_2,5142,937.56067,938.5676,0.0,0.0,-1.0070356
exp7_random_2,5143,1403.1448,1414.1272,0.0,-5.149065971374512,-5.833317
exp7_random_2,5144,996.00366,998.7442,0.0,0.0,-2.7404044
exp7_random_2,5145,1010.2151,1014.9882,0.0,-0.6677955985069275,-4.1054306
exp7_random_2,5146,928.1631,930.62494,0.0,-0.004494726657867432,-2.4574058
exp7_random_2,5147,1022.68274,1024.9894,0.0,-0.288562536239624,-2.0181742
exp7_random_2,5148,1165.9745,1171.6616,0.0,-2.6153910160064697,-3.0716984
exp7_random_2,5149,932.6078,934.46924,0.0,-0.49095845222473145,-1.3704743
exp7_random_2,5150,999.0537,1006.2235,0.0,-3.422708034515381,-3.7473323
exp7_random_2,5151,1202.58,1206.3813,0.0,-0.6145292520523071,-3.1867764
exp7_random_2,5152,1146.1694,1149.2784,0.0,-0.1584574282169342,-2.9505675
exp7_random_2,5153,1103.7344,1107.2782,0.0,-0.11765159666538239,-3.4260647
exp7_random_2,5154,1021.8276,1022.7912,0.0,0.0,-0.9637177
exp7_random_2,5155,1333.504,1336.936,0.0,-0.9262784719467163,-2.5057456
exp7_random_2,5156,1104.1946,1109.2603,0.0,-0.423858106136322,-4.641653
exp7_random_2,5157,935.2403,938.02893,0.0,-0.5286992788314819,-2.260072
exp7_random_2,5158,1168.1141,1171.3862,0.0,-0.5163875818252563,-2.755758
exp7_random_2,5159,1146.8,1153.9426,0.0,-1.9002909660339355,-5.2421923
exp7_random_2,5161,1138.3176,1141.2539,0.0,-0.46823650598526,-2.468152
exp7_random_2,5162,433.9184,586.607,-100.0,-51.19015121459961,-1.4983557
exp7_random_2,5163,1187.6772,1190.087,0.0,0.0,-2.409679
exp7_random_2,5164,1186.4232,1190.8573,0.0,-0.06427247822284698,-4.3698688
exp7_random_2,5165,79.128006,185.91972,-100.0,-4.591336250305176,-2.2003891
exp7_random_2,5166,925.2815,926.4282,0.0,0.0,-1.1467855
exp7_random_2,5167,373.1098,525.94476,-100.0,-51.29826354980469,-1.5366763
exp7_random_2,5168,873.6427,877.0493,0.0,-1.1888657808303833,-2.217781
exp7_random_2,5169,1071.322,1072.3501,0.0,-0.16926510632038116,-0.8588477
exp7_random_2,5170,1168.2653,1172.2068,0.0,-0.6572728157043457,-3.2843447
exp7_random_2,5171,905.21606,906.64575,0.0,0.0,-1.429747
exp7_random_2,5172,1175.6792,1179.2068,0.0,0.0,-3.5275176
exp7_random_2,5173,-45.227287,61.79992,-100.0,-5.785933494567871,-1.241269
exp7_random_2,5174,1109.1833,1110.2036,0.0,0.0,-1.0203284
exp7_random_2,5175,977.1338,980.3949,0.0,-0.3136637210845947,-2.947307
exp7_random_2,5176,921.9429,923.2855,0.0,0.0,-1.3426437
exp7_random_2,5177,1231.3085,1235.3533,0.0,-0.4855484068393707,-3.5592887
exp7_random_2,5178,352.87762,486.04413,-100.0,-32.54900360107422,-0.6175006
exp7_random_2,5179,1138.7886,1141.4175,0.0,-0.1391453891992569,-2.4898722
exp7_random_2,5181,1215.5178,1220.6058,0.0,-1.1320013999938965,-3.9561212
exp7_random_2,5182,1222.5941,1226.3816,0.0,-0.663811206817627,-3.1235344
exp7_random_2,5183,1018.35925,1022.698,0.0,-2.0410356521606445,-2.297711
exp7_random_2,5184,988.94775,990.58795,0.0,-0.006568387150764465,-1.6335132
exp7_random_2,5185,1413.657,1418.9036,0.0,-0.4504079818725586,-4.7958903
exp7_random_2,5186,947.2588,948.80164,0.0,0.0,-1.5428426
exp7_random_2,5187,-127.40684,25.293608,-100.0,-51.39700698852539,-1.3034453
exp7_random_2,5188,1052.8333,1054.8795,0.0,0.0,-2.046346
exp7_random_2,5189,-75.215836,28.129725,-100.0,-2.70668888092041,-0.6388675
exp7_random_2,5190,-96.05772,55.315636,-100.0,-50.103187561035156,-1.2701681
exp7_random_2,5191,1195.8984,1197.9631,0.0,0.0,-2.0643122
exp7_random_2,5192,927.1234,928.126,0.0,0.0,-1.002567
exp7_random_2,5193,-95.19923,15.351503,-100.0,-9.93607234954834,-0.61465895
exp7_random_2,5194,1300.6147,1304.3167,0.0,-0.042642876505851746,-3.6594079
exp7_random_2,5195,1220.318,1225.4945,0.0,-0.2565162181854248,-4.9196734
exp7_random_2,5196,37.22991,159.29382,-100.0,-19.83327293395996,-2.23065
exp7_random_2,5197,852.3806,853.01654,0.0,0.0,-0.6358309
exp7_random_2,5198,1167.8828,1173.6123,0.0,-2.3541550636291504,-3.3753302
exp7_random_2,5199,1113.8447,1117.4003,0.0,-1.200645089149475,-2.355021
exp7_random_2,5201,1024.6783,1028.9443,0.0,-2.165471315383911,-2.1005328
exp7_random_2,5202,985.58136,986.1188,0.0,0.0,-0.53737557
exp7_random_2,5203,22.387123,133.13489,-100.0,-10.338846206665039,-0.40891138
exp7_random_2,5204,68.817535,220.41573,-100.0,-50.18632507324219,-1.4118702
exp7_random_2,5205,971.6909,972.4933,0.0,0.0,-0.80233914
exp7_random_2,5206,1028.7632,1029.5768,0.0,0.0,-0.81371737
exp7_random_2,5207,1081.5063,1086.6299,0.0,-1.741988182067871,-3.3814287
exp7_random_2,5208,983.9429,990.76086,0.0,-4.323927879333496,-2.4939663
exp7_random_2,5209,517.2813,624.653,-100.0,-5.4351582527160645,-1.936469
exp7_random_2,5210,1016.96875,1019.3815,0.0,-0.10567817091941833,-2.3070397
exp7_random_2,5211,479.94452,602.68036,-100.0,-11.39586067199707,-11.339913
exp7_random_2,5212,1270.8523,1273.7671,0.0,-0.03624923527240753,-2.8784723
exp7_random_2,5213,504.2207,609.8304,-100.0,-3.7202014923095703,-1.8895193
exp7_random_2,5214,1007.0918,1008.48804,0.0,-0.2898563742637634,-1.106372
exp7_random_2,5215,1090.9353,1092.56,0.0,-0.2547542452812195,-1.3700718
exp7_random_2,5216,1225.2175,1228.5422,0.0,-0.031688883900642395,-3.2931144
exp7_random_2,5217,884.3865,885.2747,0.0,0.0,-0.8882618
exp7_random_2,5218,991.0417,991.71686,0.0,0.0,-0.6752445
exp7_random_2,5219,983.20917,984.39404,0.0,0.0,-1.1850066
exp7_random_2,5221,988.49194,995.2728,0.0,-0.16152051091194153,-6.6195946
exp7_random_2,5222,614.4024,650.8063,0.0,-8.367137908935547,-28.036745
exp7_random_2,5223,1059.551,1062.6063,0.0,-1.0687243938446045,-1.9866779
exp7_random_2,5224,13.617432,116.18521,-100.0,-2.332256555557251,-0.23551755
exp7_random_2,5225,1210.5728,1212.4276,0.0,-0.4465552866458893,-1.4084473
exp7_random_2,5226,1135.0751,1137.7479,0.0,-0.17900559306144714,-2.4940407
exp7_random_2,5227,1013.3696,1016.08514,0.0,-0.5848615169525146,-2.130677
exp7_random_2,5228,1105.9548,1110.227,0.0,-1.389303207397461,-2.882815
exp7_random_2,5229,1000.0937,1002.86316,0.0,-0.0074685364961624146,-2.7620316
exp7_random_2,5230,969.37665,973.3524,0.0,-2.6664235591888428,-1.3094357
exp7_random_2,5231,1199.867,1201.3345,0.0,-0.02088746428489685,-1.4465514
exp7_random_2,5232,1086.1204,1088.8367,0.0,-0.06922198832035065,-2.646886
exp7_random_2,5233,1007.5753,1008.7922,0.0,0.0,-1.216908
exp7_random_2,5234,1194.5664,1197.1497,0.0,-0.012186095118522644,-2.5711083
exp7_random_2,5235,1064.7646,1067.5693,0.0,-0.025526568293571472,-2.779143
exp7_random_2,5236,1130.5625,1133.0444,0.0,-0.06388731300830841,-2.4179585
exp7_random_2,5237,981.66614,983.4175,0.0,0.0,-1.7512666
exp7_random_2,5238,1303.8625,1308.0079,0.0,-1.0114318132400513,-3.133825
exp7_random_2,5239,926.63293,927.5565,0.0,0.0,-0.9236192
exp7_random_2,5241,328.90054,431.61066,-100.0,-2.0271430015563965,-0.6829439
exp7_random_2,5242,1102.1678,1105.8849,0.0,0.0,-3.717159
exp7_random_2,5243,911.11487,912.47516,0.0,-0.0015975385904312134,-1.3586248
exp7_random_2,5244,1306.4575,1310.2225,0.0,0.0,-3.7651808
exp7_random_2,5245,-61.870037,45.926277,-100.0,-5.098016738891602,-2.6982825
exp7_random_2,5246,955.7367,956.2627,0.0,0.0,-0.5260085
exp7_random_2,5247,951.9663,954.4188,0.0,-0.2730730473995209,-2.179435
exp7_random_2,5248,1087.7523,1090.0348,0.0,-0.05002559721469879,-2.2323089
exp7_random_2,5249,923.3174,924.9572,0.0,0.0,-1.6399293
exp7_random_2,5250,1103.9459,1104.728,0.0,0.0,-0.7820711
exp7_random_2,5251,1067.5392,1070.3516,0.0,-0.5099247694015503,-2.3023612
exp7_random_2,5252,1006.0829,1007.0945,0.0,0.0,-1.0116241
exp7_random_2,5253,1111.1753,1115.5177,0.0,-1.0763682126998901,-3.2659097
exp7_random_2,5254,931.2279,932.05615,0.0,0.0,-0.8282498
exp7_random_2,5255,986.1173,989.1583,0.0,0.0,-3.0412364
exp7_random_2,5256,528.2784,680.5041,-100.0,-49.87499999999999,-2.3506763
exp7_random_2,5257,1006.8433,1009.96643,0.0,-0.5335227251052856,-2.589523
exp7_random_2,5258,-39.798927,64.58015,-100.0,-2.7624011039733887,-1.616677
exp7_random_2,5259,1132.5542,1135.9536,0.0,-0.39699429273605347,-3.0024939
exp7_random_2,5261,1270.4048,1275.2096,0.0,-0.5976932048797607,-4.207065
exp7_random_2,5262,873.49347,876.5773,0.0,-0.8116381168365479,-2.2721474
exp7_random_2,5263,1063.8263,1066.3433,0.0,-0.009660184383392334,-2.5072148
exp7_random_2,5264,1459.0198,1465.2783,0.0,-1.8422154188156128,-4.416433
exp7_random_2,5265,1107.9814,1109.5862,0.0,-0.009663507342338562,-1.595161
exp7_random_2,5266,1029.2458,1031.4888,0.0,-0.0902380496263504,-2.1525397
exp7_random_2,5267,1280.7866,1287.3634,0.0,-2.099853515625,-4.4770503
exp7_random_2,5268,930.5143,931.6736,0.0,0.0,-1.1591989
exp7_random_2,5269,1209.7769,1212.0322,0.0,-0.032017141580581665,-2.2231922
exp7_random_2,5270,973.3782,976.5708,0.0,-0.7418309450149536,-2.4507892
exp7_random_2,5271,967.3623,970.27466,0.0,-0.13088776171207428,-2.7814376
exp7_random_2,5272,1181.1797,1189.5437,0.0,-3.440753936767578,-4.9231367
exp7_random_2,5273,1108.4558,1110.4657,0.0,-0.04528413712978363,-1.964483
exp7_random_2,5274,1129.846,1132.3208,0.0,-0.3827970027923584,-2.0919158
exp7_random_2,5275,1141.239,1143.3872,0.0,-0.05995619297027588,-2.0880573
exp7_random_2,5276,1124.5483,1129.3186,0.0,-0.8511227369308472,-3.919142
exp7_random_2,5277,1020.7118,1027.2319,0.0,-1.138739824295044,-5.3813534
exp7_random_2,5278,943.2261,944.8598,0.0,0.0,-1.63376
exp7_random_2,5279,850.0001,852.01984,0.0,0.0,-2.0197287
exp7_random_2,5281,1056.3097,1061.8665,0.0,-1.8018512725830078,-3.7549157
exp7_random_2,5282,897.8789,899.82886,0.0,0.0,-1.9500619
exp7_random_2,5283,1090.9283,1093.512,0.0,-0.019196972250938416,-2.5645654
exp7_random_2,5284,896.7908,897.9313,0.0,0.0,-1.1404364
exp7_random_2,5285,1170.3086,1173.8759,0.0,-0.06967984139919281,-3.4974554
exp7_random_2,5286,1013.3176,1015.47174,0.0,-0.0022613555192947388,-2.1518853
exp7_random_2,5287,895.70056,897.0075,0.0,0.0,-1.3069495
exp7_random_2,5288,1089.9564,1095.9595,0.0,-0.4801846146583557,-5.522961
exp7_random_2,5289,1109.0691,1113.892,0.0,-0.7141652703285217,-4.1088624
exp7_random_2,5290,1117.2561,1119.9943,0.0,0.0,-2.7381282
exp7_random_2,5291,1001.8358,1006.1189,0.0,-0.7198235392570496,-3.5631738
exp7_random_2,5292,474.21167,601.1509,-100.0,-19.51278305053711,-7.426439
exp7_random_2,5293,1020.4231,1023.9652,0.0,-0.2820644676685333,-3.2601027
exp7_random_2,5294,1159.6515,1163.2715,0.0,-0.07751251757144928,-3.5427058
exp7_random_2,5295,1057.1431,1059.1786,0.0,-0.09506800770759583,-1.9403304
exp7_random_2,5296,-69.20516,35.793392,-100.0,-3.405503273010254,-1.593051
exp7_random_2,5297,560.8463,712.87366,-100.0,-50.137428283691406,-1.8900307
exp7_random_2,5298,1023.1842,1032.5328,0.0,-4.622778415679932,-4.725807
exp7_random_2,5299,1410.4662,1413.8323,0.0,-0.7220529317855835,-2.644263
exp7_random_2,5301,1277.1238,1280.9606,0.0,-0.11515316367149353,-3.721561
exp7_random_2,5302,1148.7429,1150.8464,0.0,0.0,-2.103796
exp7_random_2,5303,1081.4438,1085.4172,0.0,-0.9955657720565796,-2.9777262
exp7_random_2,5304,994.2606,998.251,0.0,-1.1106330156326294,-2.8794823
exp7_random_2,5305,1161.3024,1165.4541,0.0,-0.0520496666431427,-4.0997996
exp7_random_2,5306,1066.1461,1069.4943,0.0,-0.059890180826187134,-3.2883618
exp7_random_2,5307,1182.306,1185.4956,0.0,-0.021612435579299927,-3.167945
exp7_random_2,5308,1206.5292,1210.9567,0.0,-0.16101481020450592,-4.2665977
exp7_random_2,5309,1089.7878,1092.5544,0.0,-0.10744921863079071,-2.659229
exp7_random_2,5310,1112.0834,1116.7834,0.0,-0.43638187646865845,-4.2638984
exp7_random_2,5311,965.0325,968.28815,0.0,-0.1357555240392685,-3.120003
exp7_random_2,5312,1052.4244,1053.7803,0.0,0.0,-1.3556923
exp7_random_2,5313,1134.2584,1142.7646,0.0,-0.2137209177017212,-8.292564
exp7_random_2,5314,1120.5829,1121.9471,0.0,0.0,-1.3642563
exp7_random_2,5315,1220.0588,1223.9902,0.0,-0.05346304178237915,-3.877806
exp7_random_2,5316,1375.0681,1384.6199,0.0,-1.439920425415039,-8.111935
exp7_random_2,5317,1163.5897,1167.8461,0.0,-0.3720438778400421,-3.8843074
exp7_random_2,5318,1111.8582,1116.374,0.0,-1.2505104541778564,-3.2653766
exp7_random_2,5319,1058.3766,1059.8561,0.0,-0.20869110524654388,-1.271075
exp7_random_2,5321,1347.977,1358.7385,0.0,-2.5612094402313232,-8.200006
exp7_random_2,5322,994.7313,999.728,0.0,-1.464185118675232,-3.5324209
exp7_random_2,5323,1023.0364,1026.3595,0.0,-0.1684730052947998,-3.154399
exp7_random_2,5324,1395.4149,1400.9626,0.0,-1.3538017272949219,-4.193583
exp7_random_2,5325,1018.12415,1020.67676,0.0,-0.21037936210632324,-2.3423152
exp7_random_2,5326,1211.1062,1215.3638,0.0,-0.3975984454154968,-3.8601005
exp7_random_2,5327,1015.85693,1019.0819,0.0,-0.2674863934516907,-2.9575214
exp7_random_2,5328,932.6803,934.00903,0.0,-0.06603984534740448,-1.2626234
exp7_random_2,5329,857.85876,858.77356,0.0,0.0,-0.9147846
exp7_random_2,5330,1024.6702,1029.0365,0.0,-0.08040972054004669,-4.285836
exp7_random_2,5331,1026.876,1029.9592,0.0,-0.24143460392951965,-2.841876
exp7_random_2,5332,1226.7869,1230.9363,0.0,-0.5607260465621948,-3.5889595
exp7_random_2,5333,917.04895,921.97705,0.0,-0.03319986164569855,-4.8946857
exp7_random_2,5334,872.96814,873.81116,0.0,0.0,-0.8430937
exp7_random_2,5335,1096.3928,1099.7959,0.0,-0.15340028703212738,-3.249721
exp7_random_2,5336,1022.4872,1025.9685,0.0,-0.02846163511276245,-3.4530568
exp7_random_2,5337,1003.4278,1006.07935,0.0,-0.059967607259750366,-2.591653
exp7_random_2,5338,869.5272,872.8442,0.0,-1.7507761716842651,-1.5661712
exp7_random_2,5339,1062.986,1067.3156,0.0,-1.012947678565979,-3.3168986
exp7_random_2,5341,1155.7874,1159.2766,0.0,-0.1638207584619522,-3.3254073
exp7_random_2,5342,1242.3833,1253.6123,0.0,-3.1946451663970947,-8.034278
exp7_random_2,5343,1121.5397,1126.7162,0.0,-0.2294069081544876,-4.947239
exp7_random_2,5344,1111.1482,1113.2449,0.0,0.0,-2.0967338
exp7_random_2,5345,999.29266,999.61487,0.0,0.0,-0.32212737
exp7_random_2,5346,1115.9849,1117.7029,0.0,-0.3294200301170349,-1.3886682
exp7_random_2,5347,1149.77,1159.3184,0.0,-0.016487792134284973,-9.531679
exp7_random_2,5348,900.3296,901.0907,0.0,0.0,-0.7611107
exp7_random_2,5349,-40.709534,71.54092,-100.0,-8.653347969055176,-3.5970628
exp7_random_2,5350,1131.1995,1139.3186,0.0,-1.0416169166564941,-7.077226
exp7_random_2,5351,1066.5411,1072.7975,0.0,-0.49483197927474976,-5.7614183
exp7_random_2,5352,907.8473,908.6155,0.0,0.0,-0.7682578
exp7_random_2,5353,1082.6338,1089.3293,0.0,-0.7428297996520996,-5.952737
exp7_random_2,5354,866.00586,869.4545,0.0,-0.4592403769493103,-2.9894335
exp7_random_2,5355,947.5698,949.36554,0.0,0.0,-1.795796
exp7_random_2,5356,837.3734,838.2355,0.0,0.0,-0.86204886
exp7_random_2,5357,1168.227,1172.1343,0.0,-1.1755949258804321,-2.7315733
exp7_random_2,5358,926.00073,927.76587,0.0,-0.2501944303512573,-1.5149075
exp7_random_2,5359,-86.503296,70.38867,-100.0,-53.9344482421875,-2.9575212
exp7_random_2,5361,1184.22,1186.769,0.0,-0.2748984098434448,-2.274265
exp7_random_2,5362,1255.128,1261.3328,0.0,-0.3708222508430481,-5.833977
exp7_random_2,5363,1374.0656,1376.4714,0.0,0.0,-2.4059691
exp7_random_2,5364,1115.2195,1118.8542,0.0,-1.0884695053100586,-2.546386
exp7_random_2,5365,848.3512,850.5886,0.0,0.0,-2.2375689
exp7_random_2,5366,387.17288,497.181,-100.0,-8.453075408935547,-1.5550388
exp7_random_2,5367,1085.3573,1095.2716,0.0,-2.1942033767700195,-7.7200685
exp7_random_2,5368,344.3293,495.86273,-100.0,-49.90530776977539,-1.628062
exp7_random_2,5369,1129.188,1131.6069,0.0,-0.07436800003051758,-2.344409
exp7_random_2,5370,442.04306,595.6853,-100.0,-49.894737243652344,-3.747415
exp7_random_2,5371,1164.7396,1174.4739,0.0,-2.5952467918395996,-7.1389637
exp7_random_2,5372,-79.286514,60.963665,-100.0,-39.44869613647461,-0.8014803
exp7_random_2,5373,385.8792,490.09198,-100.0,-2.6194636821746826,-1.5933172
exp7_random_2,5374,65.50162,218.91165,-100.0,-51.05530548095703,-2.354715
exp7_random_2,5375,1114.9764,1118.2933,0.0,-0.11092561483383179,-3.205833
exp7_random_2,5376,1168.2383,1170.6945,0.0,-0.02610921859741211,-2.430005
exp7_random_2,5377,990.6056,996.79614,0.0,-3.7093586921691895,-2.4812853
exp7_random_2,5378,905.6998,906.8019,0.0,0.0,-1.1020502
exp7_random_2,5379,1129.4329,1146.3876,0.0,-5.684859275817871,-11.269922
exp7_random_2,5381,1310.0996,1318.2185,0.0,-2.5669403076171875,-5.552015
exp7_random_2,5382,960.03284,963.0194,0.0,-0.09346546232700348,-2.8931298
exp7_random_2,5383,1335.4014,1338.2367,0.0,-0.007617086172103882,-2.8276584
exp7_random_2,5384,1209.6394,1218.5847,0.0,-4.793894290924072,-4.151368
exp7_random_2,5385,1020.5184,1022.5442,0.0,0.0,-2.0258749
exp7_random_2,5386,1228.9269,1233.057,0.0,0.0,-4.130226
exp7_random_2,5387,416.31955,569.6178,-100.0,-51.56218719482422,-1.7359912
exp7_random_2,5388,1386.3499,1390.5023,0.0,-1.5753737688064575,-2.5773356
exp7_random_2,5389,1018.01294,1019.8346,0.0,-0.15545140206813812,-1.66627
exp7_random_2,5390,983.4901,995.0499,0.0,-5.005173683166504,-6.5546026
exp7_random_2,5391,1312.5742,1315.7852,0.0,-0.12409262359142303,-3.0867743
exp7_random_2,5392,1188.205,1192.7144,0.0,-0.3486013412475586,-4.160807
exp7_random_2,5393,915.6283,916.96655,0.0,-0.0004559159278869629,-1.3377644
exp7_random_2,5394,1081.4147,1084.3145,0.0,-0.036476925015449524,-2.8632243
exp7_random_2,5395,992.9709,994.3352,0.0,0.0,-1.3642818
exp7_random_2,5396,1158.2229,1164.3982,0.0,-2.634438991546631,-3.5406451
exp7_random_2,5397,1184.952,1190.3429,0.0,-2.3247687816619873,-3.0658097
exp7_random_2,5398,1037.0664,1040.1299,0.0,-0.3203927278518677,-2.743057
exp7_random_2,5399,1057.4459,1064.438,0.0,-2.8314590454101562,-4.16088
exp7_random_2,5401,1082.9978,1085.298,0.0,-0.022767290472984314,-2.2774525
exp7_random_2,5402,1004.6113,1007.5938,0.0,-0.36391323804855347,-2.618572
exp7_random_2,5403,1108.5416,1112.041,0.0,-0.7849958539009094,-2.7142935
exp7_random_2,5404,945.9877,947.1886,0.0,0.0,-1.2008635
exp7_random_2,5405,961.52673,962.7505,0.0,-0.02307163178920746,-1.2008535
exp7_random_2,5406,1130.721,1133.8456,0.0,-0.4158053398132324,-2.7088907
exp7_random_2,5407,1358.7305,1362.5886,0.0,-0.025255486369132996,-3.8327365
exp7_random_2,5408,1146.762,1161.5847,0.0,-6.827172756195068,-7.9953938
exp7_random_2,5409,1244.7991,1248.2878,0.0,-0.5229160785675049,-2.9659448
exp7_random_2,5410,997.3506,1002.50476,0.0,-3.1313400268554688,-2.0227976
exp7_random_2,5411,1037.2048,1039.8491,0.0,-0.9254611730575562,-1.7186952
exp7_random_2,5412,1082.6901,1085.882,0.0,-0.5478837490081787,-2.644118
exp7_random_2,5413,930.1361,932.0963,0.0,-0.012723281979560852,-1.9475178
exp7_random_2,5414,948.5,949.35815,0.0,0.0,-0.85824865
exp7_random_2,5415,1178.6824,1181.6067,0.0,-0.15211829543113708,-2.7723815
exp7_random_2,5416,1036.2573,1038.2572,0.0,0.0,-1.9998933
exp7_random_2,5417,1028.8464,1032.1271,0.0,0.0,-3.2805288
exp7_random_2,5418,1108.827,1112.53,0.0,-0.2726861834526062,-3.430274
exp7_random_2,5419,1030.318,1032.3538,0.0,-0.03821904957294464,-1.9977267
exp7_random_2,5421,1135.336,1145.8193,0.0,-2.7946131229400635,-7.6886473
exp7_random_2,5422,900.75006,902.2619,0.0,0.0,-1.5118062
exp7_random_2,5423,1033.1388,1036.4752,0.0,0.0,-3.3364396
exp7_random_2,5424,1207.997,1213.6669,0.0,-0.7750918865203857,-4.894736
exp7_random_2,5425,1071.4829,1074.1698,0.0,-0.13271933794021606,-2.5542767
exp7_random_2,5426,936.55457,937.406,0.0,0.0,-0.8515764
exp7_random_2,5427,476.4799,585.80597,-100.0,-6.077831268310547,-3.2481573
exp7_random_2,5428,941.0242,943.2557,0.0,-0.14106224477291107,-2.0904016
exp7_random_2,5429,934.81384,939.9763,0.0,-2.864248752593994,-2.298236
exp7_random_2,5430,-73.87977,31.718515,-100.0,-4.020803928375244,-1.5774819
exp7_random_2,5431,1090.9004,1094.2043,0.0,-0.04873126745223999,-3.25528
exp7_random_2,5432,350.7893,477.5788,-100.0,-23.844343185424805,-2.945155
exp7_random_2,5433,1301.0775,1309.3837,0.0,-0.9678332805633545,-7.3385377
exp7_random_2,5434,1136.4631,1138.7358,0.0,-0.08033505082130432,-2.1923327
exp7_random_2,5435,907.49976,908.2905,0.0,0.0,-0.7907643
exp7_random_2,5436,1083.017,1098.5801,0.0,-11.267511367797852,-4.2955513
exp7_random_2,5437,1336.0156,1342.7083,0.0,-0.7709152698516846,-5.9218473
exp7_random_2,5438,1107.2554,1108.8962,0.0,-0.19866952300071716,-1.4418974
exp7_random_2,5439,1065.4495,1067.2458,0.0,0.0,-1.796633
exp7_random_2,5441,1075.004,1077.3623,0.0,-0.18264341354370117,-2.1755872
exp7_random_2,5442,-62.077026,43.517326,-100.0,-5.017139434814453,-0.57721364
exp7_random_2,5443,914.76074,915.5808,0.0,0.0,-0.82006866
exp7_random_2,5444,961.6829,962.5094,0.0,0.0,-0.82662374
exp7_random_2,5445,519.24786,673.86304,-100.0,-52.46189498901367,-2.1532552
exp7_random_2,5446,1036.2053,1037.2537,0.0,0.0,-1.048344
exp7_random_2,5447,918.0725,919.2958,0.0,0.0,-1.2232556
exp7_random_2,5448,994.71796,1004.35583,0.0,-3.696457624435425,-5.941474
exp7_random_2,5449,875.76514,876.54724,0.0,0.0,-0.7820666
exp7_random_2,5450,937.9512,939.0112,0.0,0.0,-1.0600531
exp7_random_2,5451,1343.5317,1356.8679,0.0,-7.355979919433594,-5.9802876
exp7_random_2,5452,16.620003,129.12326,-100.0,-3.574310779571533,-8.928925
exp7_random_2,5453,530.46674,653.8666,-100.0,-20.943504333496094,-2.4562972
exp7_random_2,5454,1097.1876,1102.1554,0.0,-1.8180924654006958,-3.149815
exp7_random_2,5455,994.59485,1001.6215,0.0,-4.02838134765625,-2.9984136
exp7_random_2,5456,972.4918,977.27795,0.0,-0.23430608212947845,-4.551895
exp7_random_2,5457,1153.5284,1155.3062,0.0,-0.041021108627319336,-1.7367711
exp7_random_2,5458,1005.21686,1007.4595,0.0,-0.46831226348876953,-1.7742965
exp7_random_2,5459,1144.6124,1147.2368,0.0,-0.4580187201499939,-2.1660619
exp7_random_2,5461,978.188,979.8143,0.0,-0.14397591352462769,-1.4822505
exp7_random_2,5462,917.6708,918.70374,0.0,0.0,-1.0329508
exp7_random_2,5463,1069.9407,1076.483,0.0,-2.5285463333129883,-4.013899
exp7_random_2,5464,1101.5219,1102.9403,0.0,-0.01960575580596924,-1.3987675
exp7_random_2,5465,1170.6494,1177.15,0.0,-1.6376243829727173,-4.8629785
exp7_random_2,5466,1074.4333,1076.1588,0.0,0.0,-1.7253666
exp7_random_2,5467,1151.1725,1155.4373,0.0,-0.4667605757713318,-3.7979755
exp7_random_2,5468,1121.156,1123.7751,0.0,-0.0743267834186554,-2.5447779
exp7_random_2,5469,961.2457,966.3927,0.0,-2.8686277866363525,-2.278252
exp7_random_2,5470,1080.0022,1081.7098,0.0,-0.024208366870880127,-1.6833955
exp7_random_2,5471,1179.8273,1184.1257,0.0,-2.217059850692749,-2.0813546
exp7_random_2,5472,1021.29675,1025.2137,0.0,-0.4576745629310608,-3.4593072
exp7_random_2,5473,1203.2126,1214.6627,0.0,-2.8567981719970703,-8.593204
exp7_random_2,5474,-101.16716,1.7414057,-100.0,-2.623276948928833,-0.28528884
exp7_random_2,5475,480.50024,599.43896,-100.0,-12.369607925415039,-6.569142
exp7_random_2,5476,1174.7375,1181.0931,0.0,-0.36459219455718994,-5.9909763
exp7_random_2,5477,332.01297,436.65546,-100.0,-3.401339530944824,-1.2411355
exp7_random_2,5478,1035.3124,1036.1992,0.0,0.0,-0.8868787
exp7_random_2,5479,1018.8224,1019.80286,0.0,-0.010498255491256714,-0.9698345
exp7_random_2,5481,1230.3732,1235.3757,0.0,-0.21345874667167664,-4.789119
exp7_random_2,5482,378.81558,530.5403,-100.0,-48.82883071899414,-2.895859
exp7_random_2,5483,577.1647,682.91583,-100.0,-3.1273608207702637,-2.6237113
exp7_random_2,5484,-97.55896,6.495185,-100.0,-4.017785549163818,-0.03636205
exp7_random_2,5485,-65.15677,37.86273,-100.0,-2.499128580093384,-0.52036923
exp7_random_2,5486,1097.6292,1103.0652,0.0,-3.5778956413269043,-1.8580642
exp7_random_2,5487,1165.9071,1168.6135,0.0,-0.04570023715496063,-2.6606843
exp7_random_2,5488,1065.5369,1068.6259,0.0,-0.04144781827926636,-3.0475743
exp7_random_2,5489,740.9057,857.1864,-100.0,-11.745314598083496,-4.5355816
exp7_random_2,5490,1251.8845,1259.0902,0.0,-1.1628369092941284,-6.042887
exp7_random_2,5491,-88.7768,16.075012,-100.0,-3.764345645904541,-1.0874771
exp7_random_2,5492,1078.2349,1082.3325,0.0,-0.8111774921417236,-3.2867453
exp7_random_2,5493,947.56824,949.6009,0.0,-0.0590641051530838,-1.9735444
exp7_random_2,5494,1037.5496,1039.6226,0.0,0.0,-2.0730658
exp7_random_2,5495,912.2495,915.88354,0.0,-0.20475244522094727,-3.4294713
exp7_random_2,5496,1236.1993,1240.726,0.0,-1.3218145370483398,-3.2046742
exp7_random_2,5497,-72.11391,36.17889,-100.0,-5.670884609222412,-2.6219149
exp7_random_2,5498,992.7439,994.82214,0.0,0.0,-2.0783546
exp7_random_2,5499,-104.684494,46.815735,-100.0,-50.92037582397461,-0.57986253
exp7_random_2,5501,1127.527,1130.6211,0.0,-0.20157445967197418,-2.8924875
exp7_random_2,5502,1096.1616,1098.3927,0.0,0.0,-2.231055
exp7_random_2,5503,1186.8215,1192.352,0.0,-1.5809218883514404,-3.9496713
exp7_random_2,5504,976.187,978.17346,0.0,0.0,-1.9863908
exp7_random_2,5505,1095.0238,1098.2329,0.0,-0.12339213490486145,-3.0858364
exp7_random_2,5506,1128.2896,1133.3077,0.0,-1.394911766052246,-3.6232898
exp7_random_2,5507,1074.6141,1075.5898,0.0,-0.08962661027908325,-0.88608843
exp7_random_2,5508,1168.9983,1170.6432,0.0,-0.164019376039505,-1.4808472
exp7_random_2,5509,1099.1561,1100.5955,0.0,0.0,-1.4393762
exp7_random_2,5510,204.55801,335.28055,-100.0,-29.311931610107422,-1.4106818
exp7_random_2,5511,-75.23366,33.425346,-100.0,-8.065056800842285,-0.59395
exp7_random_2,5512,920.0598,921.1408,0.0,0.0,-1.0809307
exp7_random_2,5513,929.3253,930.50543,0.0,-0.062366753816604614,-1.1178823
exp7_random_2,5514,1144.9874,1148.514,0.0,-0.047663405537605286,-3.4789436
exp7_random_2,5515,1051.1058,1055.8533,0.0,-1.4587992429733276,-3.2886374
exp7_random_2,5516,1132.4365,1137.3965,0.0,-1.042375087738037,-3.917701
exp7_random_2,5517,391.68457,498.21964,-100.0,-4.546823024749756,-1.9881927
exp7_random_2,5518,1009.2489,1011.2363,0.0,0.0,-1.9873142
exp7_random_2,5519,969.90405,972.9486,0.0,-0.6119519472122192,-2.4325716
exp7_random_2,5521,997.16003,998.63525,0.0,0.0,-1.4751554
exp7_random_2,5522,878.78467,881.38025,0.0,-0.2790871560573578,-2.316481
exp7_random_2,5523,580.2837,732.7797,-100.0,-50.43339538574219,-2.0626612
exp7_random_2,5524,938.933,940.20544,0.0,0.0,-1.2724745
exp7_random_2,5525,1023.65466,1026.6478,0.0,-0.4640604555606842,-2.5290012
exp7_random_2,5526,22.51133,131.90973,-100.0,-7.218675136566162,-2.1797314
exp7_random_2,5527,1012.75146,1014.8455,0.0,0.0,-2.0940711
exp7_random_2,5528,981.0199,983.9005,0.0,-0.15293638408184052,-2.727655
exp7_random_2,5529,1010.02686,1014.93463,0.0,-2.980098247528076,-1.9277927
exp7_random_2,5530,987.0222,989.52515,0.0,0.0,-2.5029705
exp7_random_2,5531,13.020531,118.52962,-100.0,-4.043404579162598,-1.4656948
exp7_random_2,5532,1029.7898,1032.3546,0.0,-0.37025636434555054,-2.1946828
exp7_random_2,5533,1044.675,1048.4111,0.0,-0.8147055506706238,-2.9212353
exp7_random_2,5534,504.36963,612.83923,-100.0,-5.511676788330078,-2.957934
exp7_random_2,5535,926.1697,927.13806,0.0,0.0,-0.96836835
exp7_random_2,5536,1305.1931,1307.6886,0.0,0.0,-2.4954002
exp7_random_2,5537,-121.88587,28.352661,-100.0,-50.08522033691406,-0.15332529
exp7_random_2,5538,911.07635,912.78644,0.0,-0.15819615125656128,-1.5519172
exp7_random_2,5539,993.0279,994.1228,0.0,0.0,-1.0948285
exp7_random_2,5541,1024.3608,1025.2834,0.0,-0.6017802357673645,-0.32100943
exp7_random_2,5542,1149.5481,1156.2886,0.0,-1.781160831451416,-4.9595256
exp7_random_2,5543,1149.8029,1154.8481,0.0,-0.4793015122413635,-4.566058
exp7_random_2,5544,-75.63791,80.138084,-100.0,-52.48783493041992,-3.2881553
exp7_random_2,5545,1069.9474,1074.0128,0.0,-0.06846392154693604,-3.9969063
exp7_random_2,5546,1173.6921,1178.6493,0.0,-0.6651442646980286,-4.2921705
exp7_random_2,5547,1054.7017,1064.1355,0.0,-5.240490913391113,-4.193383
exp7_random_2,5548,548.20276,653.66156,-100.0,-2.777400016784668,-2.6814666
exp7_random_2,5549,1065.561,1068.9089,0.0,-1.1100075244903564,-2.2378802
exp7_random_2,5550,1066.9625,1068.7208,0.0,0.0,-1.7582586
exp7_random_2,5551,592.17255,745.7411,-100.0,-50.40156936645508,-3.167098
exp7_random_2,5552,1127.6672,1135.6306,0.0,-4.210123062133789,-3.7533345
exp7_random_2,5553,1138.7006,1142.1769,0.0,-0.5423767566680908,-2.933637
exp7_random_2,5554,954.6019,962.0509,0.0,-2.5614333152770996,-4.887594
exp7_random_2,5555,1066.154,1067.573,0.0,-0.3886737823486328,-1.0302408
exp7_random_2,5556,984.9686,986.5718,0.0,0.0,-1.6031592
exp7_random_2,5557,981.9713,983.7524,0.0,0.0,-1.7810918
exp7_random_2,5558,935.7263,938.3209,0.0,-0.3838004469871521,-2.2109203
exp7_random_2,5559,935.20825,938.6764,0.0,-0.3017250597476959,-3.1663609
exp7_random_2,5561,1305.4607,1309.952,0.0,-0.3981868028640747,-4.0931277
exp7_random_2,5562,1293.3734,1298.5449,0.0,-0.3921915888786316,-4.7790465
exp7_random_2,5563,1149.1274,1153.9949,0.0,-2.1087307929992676,-2.758665
exp7_random_2,5564,999.3668,1001.7626,0.0,0.0,-2.3956988
exp7_random_2,5565,971.56635,973.6715,0.0,-0.11579124629497528,-1.9894137
exp7_random_2,5566,991.4121,993.97095,0.0,-0.1657126396894455,-2.3931308
exp7_random_2,5567,1087.6198,1090.3505,0.0,-0.3038827180862427,-2.4267542
exp7_random_2,5568,1008.07385,1009.4832,0.0,0.0,-1.4094537
exp7_random_2,5569,1095.2211,1102.8413,0.0,-1.2522261142730713,-6.3680553
exp7_random_2,5570,985.4113,987.75977,0.0,-0.11970853805541992,-2.2287252
exp7_random_2,5571,1112.1954,1113.8928,0.0,0.0,-1.6972461
exp7_random_2,5572,1284.3204,1290.6224,0.0,-1.7660154104232788,-4.5361843
exp7_random_2,5573,1040.3142,1042.7911,0.0,-0.3175032436847687,-2.1594322
exp7_random_2,5574,983.21533,985.2289,0.0,0.0,-2.0134783
exp7_random_2,5575,984.5845,985.8004,0.0,0.0,-1.2156799
exp7_random_2,5576,1167.0325,1172.4657,0.0,-1.1605963706970215,-4.27256
exp7_random_2,5577,-25.330185,80.85498,-100.0,-5.157381057739258,-1.0277758
exp7_random_2,5578,875.50146,876.6409,0.0,0.0,-1.1394347
exp7_random_2,5579,1026.559,1027.75,0.0,0.0,-1.1911336
exp7_random_2,5581,512.21204,617.8859,-100.0,-2.864783763885498,-2.808974
exp7_random_2,5582,1014.82715,1016.56665,0.0,0.0,-1.7395161
exp7_random_2,5583,1002.1015,1002.94507,0.0,-0.0049717724323272705,-0.8385506
exp7_random_2,5584,1071.4061,1074.079,0.0,-0.08132797479629517,-2.591536
exp7_random_2,5585,-77.01287,28.583517,-100.0,-4.3060712814331055,-1.2903205
exp7_random_2,5586,1197.2529,1201.6875,0.0,-0.30345338582992554,-4.13119
exp7_random_2,5587,1103.7856,1107.4825,0.0,-0.9266897439956665,-2.7702131
exp7_random_2,5588,953.15466,957.494,0.0,-0.8077046275138855,-3.531615
exp7_random_2,5589,1129.8632,1136.6503,0.0,-1.0397592782974243,-5.747469
exp7_random_2,5590,1019.4942,1021.4505,0.0,0.0,-1.9565004
exp7_random_2,5591,1090.0071,1094.6624,0.0,-0.12833961844444275,-4.526975
exp7_random_2,5592,1055.1023,1059.8757,0.0,-0.21171021461486816,-4.561782
exp7_random_2,5593,1232.2388,1241.4956,0.0,-1.5326604843139648,-7.723961
exp7_random_2,5594,927.59216,928.5481,0.0,0.0,-0.955889
exp7_random_2,5595,1225.4762,1229.3757,0.0,-0.3197455406188965,-3.5798113
exp7_random_2,5596,1304.9279,1311.0339,0.0,-0.6771417260169983,-5.4287553
exp7_random_2,5597,940.8613,941.81067,0.0,0.0,-0.949281
exp7_random_2,5598,1374.69,1379.851,0.0,-0.9102106094360352,-4.2510786
exp7_random_2,5599,1067.6685,1069.1458,0.0,-0.21785226464271545,-1.259369
exp7_random_2,5601,398.12408,505.2809,-100.0,-5.979056358337402,-1.1777889
exp7_random_2,5602,1044.232,1048.95,0.0,-0.6057982444763184,-4.11226
exp7_random_2,5603,1282.7662,1286.4333,0.0,-0.08959789574146271,-3.5774832
exp7_random_2,5604,1037.8628,1040.9016,0.0,-0.5175160765647888,-2.5212734
exp7_random_2,5605,1161.8312,1166.3613,0.0,-0.006238073110580444,-4.5239887
exp7_random_2,5606,1159.7963,1161.9237,0.0,0.0,-2.1271994
exp7_random_2,5607,971.58057,973.4534,0.0,0.0,-1.8729292
exp7_random_2,5608,1015.93524,1019.15845,0.0,-0.6713243722915649,-2.5518913
exp7_random_2,5609,963.355,965.72095,0.0,-0.49817851185798645,-1.8679174
exp7_random_2,5610,1278.7612,1286.3536,0.0,-2.0333712100982666,-5.5590444
exp7_random_2,5611,1163.9474,1167.1686,0.0,-0.4480561912059784,-2.7728083
exp7_random_2,5612,1031.332,1034.7646,0.0,-0.16203352808952332,-3.270426
exp7_random_2,5613,935.20984,942.4214,0.0,-5.307750701904297,-1.903809
exp7_random_2,5614,-101.07024,4.037186,-100.0,-4.357804775238037,-0.7496176
exp7_random_2,5615,1137.8838,1139.6577,0.0,0.0,-1.7738905
exp7_random_2,5616,1161.9529,1169.1057,0.0,-1.1485360860824585,-6.004506
exp7_random_2,5617,995.8938,997.547,0.0,0.0,-1.6530304
exp7_random_2,5618,1281.9941,1285.8447,0.0,-0.008687719702720642,-3.8419569
exp7_random_2,5619,115.91478,223.06735,-100.0,-3.884246826171875,-3.2683117
exp7_random_2,5621,1084.9841,1088.2739,0.0,-0.2705572247505188,-3.0189946
exp7_random_2,5622,1079.5367,1082.3967,0.0,-0.6202006340026855,-2.2398958
exp7_random_2,5623,912.73486,913.9702,0.0,0.0,-1.2354103
exp7_random_2,5624,1206.4792,1209.7345,0.0,-0.346614271402359,-2.908665
exp7_random_2,5625,995.473,996.8207,0.0,-0.18638862669467926,-1.1611884
exp7_random_2,5626,1122.2012,1125.6873,0.0,-0.09711621701717377,-3.389032
exp7_random_2,5627,308.97687,463.2404,-100.0,-51.503074645996094,-2.7603629
exp7_random_2,5628,435.7674,563.8777,-100.0,-25.172306060791016,-2.9380174
exp7_random_2,5629,1010.20557,1010.8203,0.0,0.0,-0.61476505
exp7_random_2,5630,1066.3618,1068.1433,0.0,0.0,-1.781455
exp7_random_2,5631,1068.7854,1071.3099,0.0,-0.3731418550014496,-2.1513863
exp7_random_2,5632,201.35672,309.5867,-100.0,-5.871254920959473,-2.3587406
exp7_random_2,5633,1020.53784,1023.97034,0.0,-0.39467233419418335,-3.0378168
exp7_random_2,5634,1029.4094,1037.1548,0.0,-3.3872427940368652,-4.3579597
exp7_random_2,5635,1070.4205,1074.3995,0.0,-1.6214736700057983,-2.3575425
exp7_random_2,5636,1015.3124,1016.0032,0.0,0.0,-0.69066805
exp7_random_2,5637,1018.7224,1021.3385,0.0,-0.04791949689388275,-2.568123
exp7_random_2,5638,450.8159,565.31915,-100.0,-11.734424591064453,-2.7687728
exp7_random_2,5639,-19.52687,132.17409,-100.0,-50.278846740722656,-1.4221045
exp7_random_2,5641,-99.92014,4.235775,-100.0,-4.13400936126709,-0.021909498
exp7_random_2,5642,1234.6473,1242.1654,0.0,-2.9389030933380127,-4.578958
exp7_random_2,5643,-141.01634,9.130184,-100.0,-49.93324661254883,-0.21329479
exp7_random_2,5644,447.96463,557.9382,-100.0,-7.480549335479736,-2.4929974
exp7_random_2,5645,1144.9585,1147.9463,0.0,-0.617283821105957,-2.3705297
exp7_random_2,5646,1146.3596,1151.6399,0.0,-1.0385667085647583,-4.241697
exp7_random_2,5647,916.39417,918.4203,0.0,0.0,-2.0261002
exp7_random_2,5648,941.1173,944.13025,0.0,0.0,-3.012883
exp7_random_2,5649,1098.891,1103.334,0.0,-0.6976633071899414,-3.7450376
exp7_random_2,5650,1122.4604,1128.4517,0.0,-0.5351464748382568,-5.456027
exp7_random_2,5651,1333.9473,1341.5872,0.0,-2.392871141433716,-5.2471986
exp7_random_2,5652,118.655304,229.39143,-100.0,-9.043248176574707,-1.6928607
exp7_random_2,5653,672.6227,825.37115,-100.0,-50.78581619262695,-1.9627241
exp7_random_2,5654,1011.11786,1013.5858,0.0,-0.8311241269111633,-1.636896
exp7_random_2,5655,909.29407,911.1515,0.0,-0.018821343779563904,-1.8386856
exp7_random_2,5656,1055.9392,1059.3754,0.0,-1.5774478912353516,-1.858673
exp7_random_2,5657,3.1905594,110.062096,-100.0,-6.167236804962158,-0.7043003
exp7_random_2,5658,1175.8292,1181.0,0.0,-1.468084692955017,-3.7025733
exp7_random_2,5659,1122.1688,1126.7552,0.0,-1.635071873664856,-2.9512777
exp7_random_2,5661,935.84106,937.4943,0.0,0.0,-1.6532412
exp7_random_2,5662,1062.6442,1067.6368,0.0,-0.6556963324546814,-4.3368583
exp7_random_2,5663,1167.0127,1169.2063,0.0,-0.13563579320907593,-2.0578563
exp7_random_2,5664,1095.2925,1104.0487,0.0,-2.117915153503418,-6.6383443
exp7_random_2,5665,1322.3276,1327.7999,0.0,-1.6419962644577026,-3.8304288
exp7_random_2,5666,915.8385,917.2465,0.0,-0.13501307368278503,-1.2730125
exp7_random_2,5667,1003.17596,1004.83673,0.0,0.0,-1.6607729
exp7_random_2,5668,-100.97777,3.6365695,-100.0,-4.09889554977417,-0.5154432
exp7_random_2,5669,948.61096,950.35974,0.0,0.0,-1.7487456
exp7_random_2,5670,813.7683,815.94495,0.0,0.0,-2.176634
exp7_random_2,5671,1090.3,1093.3918,0.0,-0.46033257246017456,-2.6314797
exp7_random_2,5672,1133.2375,1138.9375,0.0,-1.6151947975158691,-4.084805
exp7_random_2,5673,937.3772,938.6655,0.0,0.0,-1.2880899
exp7_random_2,5674,971.75806,974.75146,0.0,-0.243918314576149,-2.749485
exp7_random_2,5675,1019.8285,1022.0098,0.0,-0.3240761160850525,-1.8572288
exp7_random_2,5676,1034.382,1036.3562,0.0,-0.08659353852272034,-1.8877578
exp7_random_2,5677,1002.6127,1004.8867,0.0,-0.012396737933158875,-2.2616346
exp7_random_2,5678,1053.9003,1056.2286,0.0,-0.041469573974609375,-2.2868688
exp7_random_2,5679,950.20087,951.27795,0.0,-0.0072368234395980835,-1.0699104
exp7_random_2,5681,1011.2954,1013.8086,0.0,0.0,-2.5132644
exp7_random_2,5682,1123.0544,1126.7982,0.0,-0.1562008559703827,-3.5875554
exp7_random_2,5683,1243.5294,1245.3069,0.0,-0.010037794709205627,-1.7672421
exp7_random_2,5684,1063.2744,1067.1554,0.0,-0.6668267250061035,-3.2140453
exp7_random_2,5685,-103.02483,8.183372,-100.0,-10.970634460449219,-0.23757821
exp7_random_2,5686,-144.76544,5.793759,-100.0,-50.14173126220703,-0.41745973
exp7_random_2,5687,911.2544,912.1515,0.0,0.0,-0.8971331
exp7_random_2,5688,1080.5945,1082.459,0.0,0.0,-1.8644179
exp7_random_2,5689,1032.0065,1033.8351,0.0,-0.06996965408325195,-1.7587231
exp7_random_2,5690,894.6959,895.25104,0.0,0.0,-0.5551293
exp7_random_2,5691,-81.01207,23.374178,-100.0,-2.139110803604126,-2.247135
exp7_random_2,5692,1022.0399,1024.3864,0.0,-0.01894916594028473,-2.3276565
exp7_random_2,5693,1343.886,1347.5145,0.0,-0.014243096113204956,-3.6142316
exp7_random_2,5694,1075.4443,1079.1495,0.0,-0.23511220514774323,-3.4699612
exp7_random_2,5695,341.80176,494.74417,-100.0,-50.66312789916992,-2.2792585
exp7_random_2,5696,977.53503,978.80774,0.0,0.0,-1.2725422
exp7_random_2,5697,502.117,618.10565,-100.0,-6.335744857788086,-9.652871
exp7_random_2,5698,993.458,995.24225,0.0,-0.029086530208587646,-1.7552065
exp7_random_2,5699,1077.9454,1091.0193,0.0,-3.9665744304656982,-9.107363
exp7_random_2,5701,1037.8212,1040.0016,0.0,-0.13951975107192993,-2.0408661
exp7_random_2,5702,913.39624,916.0888,0.0,-0.4141695201396942,-2.278482
exp7_random_2,5703,1139.9691,1140.9546,0.0,0.0,-0.9856928
exp7_random_2,5704,1233.6383,1241.3392,0.0,-0.8041326999664307,-6.8970065
exp7_random_2,5705,1121.4445,1122.8121,0.0,0.0,-1.3675784
exp7_random_2,5706,1101.7018,1102.5864,0.0,0.0,-0.88469064
exp7_random_2,5707,1119.157,1121.6313,0.0,0.0,-2.4743552
exp7_random_2,5708,1043.5144,1046.2646,0.0,-0.5982321500778198,-2.151908
exp7_random_2,5709,1061.9423,1069.176,0.0,-2.1102898120880127,-5.1234736
exp7_random_2,5710,1098.0522,1099.1902,0.0,0.0,-1.1379887
exp7_random_2,5711,1360.6575,1364.6962,0.0,-0.6263118386268616,-3.4122694
exp7_random_2,5712,-71.84169,36.83824,-100.0,-8.044318199157715,-0.63561535
exp7_random_2,5713,1007.0521,1007.3168,0.0,0.0,-0.26471025
exp7_random_2,5714,1076.0175,1081.273,0.0,-1.2505766153335571,-4.005073
exp7_random_2,5715,1150.4403,1152.8474,0.0,-0.30196380615234375,-2.1049025
exp7_random_2,5716,1171.9395,1176.7919,0.0,-1.6423516273498535,-3.2101095
exp7_random_2,5717,1027.3729,1031.1881,0.0,0.0,-3.815126
exp7_random_2,5718,404.3564,507.96985,-100.0,-3.518974542617798,-0.09444997
exp7_random_2,5719,-76.745255,34.275475,-100.0,-10.606959342956543,-0.41376853
exp7_random_2,5721,956.4291,957.251,0.0,-0.15071338415145874,-0.67131263
exp7_random_2,5722,1221.9137,1227.2504,0.0,-1.7484538555145264,-3.5881786
exp7_random_2,5723,1041.9713,1044.6968,0.0,0.0,-2.7254612
exp7_random_2,5724,1003.95825,1006.64124,0.0,0.0,-2.682896
exp7_random_2,5725,1108.0435,1112.7627,0.0,-2.4574460983276367,-2.2617815
exp7_random_2,5726,0.27357483,152.24623,-100.0,-49.89111328125,-2.0815053
exp7_random_2,5727,1153.6614,1159.7932,0.0,-0.9911296963691711,-5.140819
exp7_random_2,5728,1253.0211,1256.8055,0.0,-0.5600612163543701,-3.2246933
exp7_random_2,5729,1052.066,1053.4902,0.0,-0.01665736734867096,-1.4075243
exp7_random_2,5730,1130.1063,1132.1794,0.0,-0.0430220365524292,-2.0301318
exp7_random_2,5731,430.1914,545.0145,-100.0,-12.250956535339355,-2.5721643
exp7_random_2,5732,1209.0344,1212.0728,0.0,-0.6303963661193848,-2.407591
exp7_random_2,5733,-72.94458,44.00402,-100.0,-16.076847076416016,-0.8717531
exp7_random_2,5734,1097.604,1101.243,0.0,-0.5086382627487183,-3.1304126
exp7_random_2,5735,558.6717,712.0052,-100.0,-50.449466705322266,-2.8840792
exp7_random_2,5736,-66.45367,38.85062,-100.0,-4.170012474060059,-1.1342806
exp7_random_2,5737,892.81415,894.94666,0.0,-0.016439005732536316,-2.1160507
exp7_random_2,5738,1052.486,1054.9974,0.0,-0.222886860370636,-2.2886481
exp7_random_2,5739,1054.3275,1057.367,0.0,-1.305165410041809,-1.734346
exp7_random_2,5741,1232.676,1239.8965,0.0,-0.5064952969551086,-6.7139935
exp7_random_2,5742,1020.63464,1022.3887,0.0,0.0,-1.7539217
exp7_random_2,5743,1175.8221,1178.3704,0.0,0.0,-2.5481896
exp7_random_2,5744,474.73547,582.19104,-100.0,-4.340187072753906,-3.1153474
exp7_random_2,5745,1448.9878,1457.3667,0.0,-1.2218151092529297,-7.1570196
exp7_random_2,5746,1218.5199,1225.2626,0.0,-1.8754513263702393,-4.867301
exp7_random_2,5747,1128.8889,1134.0443,0.0,-0.31174299120903015,-4.8435235
exp7_random_2,5748,1093.2733,1098.5863,0.0,-0.28074416518211365,-5.0321007
exp7_random_2,5749,1194.1869,1197.9066,0.0,-0.006903335452079773,-3.7128134
exp7_random_2,5750,1068.4238,1071.5529,0.0,-0.7931997776031494,-2.3357284
exp7_random_2,5751,1070.5734,1073.2625,0.0,-0.26672887802124023,-2.4225411
exp7_random_2,5752,995.2865,999.2869,0.0,-0.15867501497268677,-3.8416433
exp7_random_2,5753,1087.9062,1091.5542,0.0,-0.5579491853713989,-3.0899954
exp7_random_2,5754,1203.2894,1214.4149,0.0,-0.7844018936157227,-10.340741
exp7_random_2,5755,1211.4404,1222.9803,0.0,-1.6639888286590576,-9.875564
exp7_random_2,5756,150.3998,265.00275,-100.0,-9.34201431274414,-5.2609973
exp7_random_2,5757,1090.9976,1096.0791,0.0,-0.22072112560272217,-4.8607817
exp7_random_2,5758,1229.679,1236.2489,0.0,-0.724418044090271,-5.8455625
exp7_random_2,5759,1151.4832,1157.0105,0.0,-0.040384441614151,-5.486933
exp7_random_2,5761,1134.4094,1137.0386,0.0,-0.26227134466171265,-2.3668118
exp7_random_2,5762,353.4312,460.1514,-100.0,-5.488322734832764,-1.2318045
exp7_random_2,5763,1057.6018,1059.1342,0.0,0.0,-1.5324519
exp7_random_2,5764,978.43005,979.14435,0.0,0.0,-0.7143807
exp7_random_2,5765,1162.4856,1165.2893,0.0,-0.1053304523229599,-2.698356
exp7_random_2,5766,1032.5697,1036.9614,0.0,-1.1484379768371582,-3.2432957
exp7_random_2,5767,1096.7761,1099.6793,0.0,0.0,-2.9032662
exp7_random_2,5768,1107.06,1108.7964,0.0,-0.009544998407363892,-1.7267866
exp7_random_2,5769,983.0938,984.1963,0.0,0.0,-1.1024667
exp7_random_2,5770,1117.2073,1119.3503,0.0,-0.2182425707578659,-1.9247876
exp7_random_2,5771,1271.1146,1274.5482,0.0,-0.5551682710647583,-2.8783145
exp7_random_2,5772,977.36176,978.4077,0.0,0.0,-1.0458691
exp7_random_2,5773,1130.6022,1135.1221,0.0,-1.0518146753311157,-3.4680755
exp7_random_2,5774,-96.890724,5.640524,-100.0,-2.2248122692108154,-0.30643708
exp7_random_2,5775,1140.7574,1144.2886,0.0,-0.38744044303894043,-3.143327
exp7_random_2,5776,1082.1366,1088.2168,0.0,-1.3964298963546753,-4.6840057
exp7_random_2,5777,1036.5027,1038.1608,0.0,0.0,-1.6581155
exp7_random_2,5778,992.3713,995.7722,0.0,-0.04460553824901581,-3.3564997
exp7_random_2,5779,1024.4343,1025.9353,0.0,0.0,-1.5010401
exp7_random_2,5781,1062.387,1065.8845,0.0,-0.16249088943004608,-3.3349874
exp7_random_2,5782,924.0718,926.0571,0.0,-0.5241044759750366,-1.4612942
exp7_random_2,5783,406.31036,517.2994,-100.0,-9.663390159606934,-1.3256865
exp7_random_2,5784,1153.5729,1157.3738,0.0,-0.490313857793808,-3.3108194
exp7_random_2,5785,992.0099,997.43616,0.0,-0.8873322010040283,-4.538984
exp7_random_2,5786,1059.8003,1064.4316,0.0,-1.0120803117752075,-3.6191177
exp7_random_2,5787,622.6271,779.8217,-100.0,-52.617515563964844,-4.5771685
exp7_random_2,5788,1054.1241,1056.7954,0.0,-0.09443137049674988,-2.576779
exp7_random_2,5789,977.78674,980.02655,0.0,-0.01671561598777771,-2.2230833
exp7_random_2,5790,1097.3047,1098.8391,0.0,0.0,-1.5344511
exp7_random_2,5791,1173.8711,1178.2582,0.0,-0.5935030579566956,-3.7936597
exp7_random_2,5792,1067.7335,1070.3463,0.0,-0.027515128254890442,-2.5853565
exp7_random_2,5793,970.26465,973.58325,0.0,-0.42689692974090576,-2.8916473
exp7_random_2,5794,1083.7438,1085.941,0.0,-0.03446498513221741,-2.1626606
exp7_random_2,5795,1122.8335,1126.6747,0.0,-0.04877565801143646,-3.7923453
exp7_random_2,5796,1201.2759,1204.2074,0.0,0.0,-2.9315524
exp7_random_2,5797,932.0998,936.71094,0.0,-1.9219932556152344,-2.6890936
exp7_random_2,5798,1020.2352,1021.9015,0.0,0.0,-1.6662011
exp7_random_2,5799,379.98596,534.56824,-100.0,-52.380584716796875,-2.2016718
exp7_random_2,5801,1115.3098,1118.037,0.0,0.0,-2.7272048
exp7_random_2,5802,876.22534,877.22217,0.0,0.0,-0.9968297
exp7_random_2,5803,1008.2194,1013.24133,0.0,-0.4918646216392517,-4.5300074
exp7_random_2,5804,1072.5579,1076.0754,0.0,0.0,-3.517476
exp7_random_2,5805,1396.0383,1400.7001,0.0,-0.19828298687934875,-4.463334
exp7_random_2,5806,1080.2771,1084.9583,0.0,-0.459831565618515,-4.221612
exp7_random_2,5807,1006.5698,1010.34204,0.0,-0.3454001545906067,-3.4267106
exp7_random_2,5808,1282.2356,1287.0552,0.0,-0.5321469306945801,-4.287272
exp7_random_2,5809,1251.3712,1254.9863,0.0,-0.20994482934474945,-3.4051867
exp7_random_2,5810,1058.7211,1061.8518,0.0,-0.2274770587682724,-2.903166
exp7_random_2,5811,976.27747,980.4144,0.0,-0.2882343530654907,-3.8484268
exp7_random_2,5812,1035.99,1041.3417,0.0,-0.46871036291122437,-4.8830447
exp7_random_2,5813,966.48975,968.67163,0.0,0.0,-2.1818504
exp7_random_2,5814,900.2794,901.73346,0.0,0.0,-1.4540774
exp7_random_2,5815,1141.7618,1145.5354,0.0,-0.19850988686084747,-3.574988
exp7_random_2,5816,1447.1127,1453.4915,0.0,-1.1464017629623413,-5.2323046
exp7_random_2,5817,954.28485,955.7091,0.0,0.0,-1.4243106
exp7_random_2,5818,1268.9255,1272.6503,0.0,-0.10818050801753998,-3.6165357
exp7_random_2,5819,983.218,988.24274,0.0,-0.8413094282150269,-4.183271
exp7_random_2,5821,-66.746185,38.353138,-100.0,-4.077763557434082,-1.0215656
exp7_random_2,5822,972.8331,977.068,0.0,-1.3788312673568726,-2.8559668
exp7_random_2,5823,1127.6194,1128.9391,0.0,0.0,-1.3195683
exp7_random_2,5824,1298.3671,1301.0999,0.0,-0.050524115562438965,-2.682132
exp7_random_2,5825,1159.2339,1160.655,0.0,0.0,-1.421223
exp7_random_2,5826,963.479,964.6004,0.0,0.0,-1.1214293
exp7_random_2,5827,1181.9465,1185.8964,0.0,-0.06319446861743927,-3.8865287
exp7_random_2,5828,1243.3958,1249.69,0.0,-1.4693559408187866,-4.824665
exp7_random_2,5829,904.66174,906.7584,0.0,-0.09476374089717865,-2.0019457
exp7_random_2,5830,922.59375,923.41113,0.0,0.0,-0.81744134
exp7_random_2,5831,1268.9568,1272.2003,0.0,-0.027823537588119507,-3.2159507
exp7_random_2,5832,1127.4573,1131.2528,0.0,-0.2787500321865082,-3.516853
exp7_random_2,5833,1015.1496,1017.64417,0.0,0.0,-2.4945168
exp7_random_2,5834,1071.318,1075.895,0.0,-1.0006568431854248,-3.576396
exp7_random_2,5835,1253.9205,1259.1881,0.0,-0.6922367215156555,-4.5752487
exp7_random_2,5836,1028.548,1030.8804,0.0,0.0,-2.3324234
exp7_random_2,5837,1157.0886,1160.2299,0.0,-0.08912675082683563,-3.0522346
exp7_random_2,5838,1180.0345,1181.8175,0.0,0.0,-1.7830032
exp7_random_2,5839,1068.8966,1071.0914,0.0,0.0,-2.1948478
exp7_random_2,5841,1377.6559,1383.2207,0.0,-0.16357150673866272,-5.4011993
exp7_random_2,5842,1358.5427,1363.5308,0.0,-0.5918662548065186,-4.3963437
exp7_random_2,5843,983.99695,986.5819,0.0,0.0,-2.5851877
exp7_random_2,5844,866.7479,867.7637,0.0,-0.01887419819831848,-0.99686337
exp7_random_2,5845,983.5083,985.23444,0.0,0.0,-1.7259914
exp7_random_2,5846,-72.39257,80.83708,-100.0,-51.19225311279297,-2.0374038
exp7_random_2,5847,1087.3384,1088.4055,0.0,0.0,-1.0673221
exp7_random_2,5848,1084.8533,1088.2714,0.0,-0.4329072833061218,-2.985206
exp7_random_2,5849,1134.8666,1140.7749,0.0,-1.967535376548767,-3.9408138
exp7_random_2,5850,1009.8458,1012.13947,0.0,-0.008011996746063232,-2.2856607
exp7_random_2,5851,980.7047,981.95605,0.0,0.0,-1.2512497
exp7_random_2,5852,950.8181,952.6486,0.0,0.0,-1.8304585
exp7_random_2,5853,985.85046,987.94653,0.0,0.0,-2.096086
exp7_random_2,5854,1045.0277,1049.9128,0.0,-0.8629246950149536,-4.0222034
exp7_random_2,5855,1408.2191,1414.2156,0.0,-0.7800906896591187,-5.2163796
exp7_random_2,5856,913.3898,914.57324,0.0,0.0,-1.1835157
exp7_random_2,5857,-127.70154,24.118763,-100.0,-51.033992767333984,-0.7863121
exp7_random_2,5858,1074.2372,1075.7306,0.0,0.0,-1.4934913
exp7_random_2,5859,1147.6609,1153.2377,0.0,-0.15721939504146576,-5.419778
exp7_random_2,5861,1164.1805,1168.253,0.0,-0.29036274552345276,-3.7821424
exp7_random_2,5862,1003.18677,1015.3988,0.0,-1.9487273693084717,-10.263326
exp7_random_2,5863,1465.148,1472.7229,0.0,-1.7524656057357788,-5.822763
exp7_random_2,5864,1329.1323,1332.5256,0.0,-0.5243750214576721,-2.8689036
exp7_random_2,5865,1033.1947,1037.3674,0.0,-0.2951311469078064,-3.8776193
exp7_random_2,5866,975.3513,976.32666,0.0,0.0,-0.9753092
exp7_random_2,5867,1066.4277,1068.0397,0.0,-0.2579553425312042,-1.353963
exp7_random_2,5868,922.93823,923.7623,0.0,0.0,-0.8241365
exp7_random_2,5869,973.5836,975.33276,0.0,0.0,-1.7490784
exp7_random_2,5870,984.9912,988.662,0.0,-1.5189671516418457,-2.1519458
exp7_random_2,5871,1435.1743,1463.9685,0.0,-15.439287185668945,-13.354793
exp7_random_2,5872,1225.9448,1230.7988,0.0,-0.9810956120491028,-3.8728397
exp7_random_2,5873,927.8523,929.74,0.0,0.0,-1.887773
exp7_random_2,5874,1314.4993,1318.4944,0.0,-0.20282112061977386,-3.792241
exp7_random_2,5875,854.7803,855.58154,0.0,0.0,-0.8012346
exp7_random_2,5876,975.0392,978.8761,0.0,-0.9847297072410583,-2.8523202
exp7_random_2,5877,1110.1357,1114.2008,0.0,-0.2702842950820923,-3.7947302
exp7_random_2,5878,1197.7622,1201.8641,0.0,-1.095352292060852,-3.0065203
exp7_random_2,5879,1039.4031,1043.0333,0.0,-1.5625194311141968,-2.0675714
exp7_random_2,5881,1163.3674,1169.2378,0.0,-1.002333164215088,-4.868148
exp7_random_2,5882,1105.2924,1107.3652,0.0,0.0,-2.0729141
exp7_random_2,5883,1310.5659,1313.7374,0.0,-0.13781873881816864,-3.033657
exp7_random_2,5884,1193.9088,1196.4443,0.0,-0.30722081661224365,-2.2284822
exp7_random_2,5885,1238.1677,1242.1738,0.0,-0.6817638874053955,-3.3240907
exp7_random_2,5886,873.8837,881.1051,0.0,-3.4795799255371094,-3.7418065
exp7_random_2,5887,-135.6778,15.651405,-100.0,-50.92595291137695,-0.40326276
exp7_random_2,5888,1243.4358,1249.2952,0.0,-0.42225420475006104,-5.4370337
exp7_random_2,5889,926.46783,927.9323,0.0,0.0,-1.464445
exp7_random_2,5890,931.6763,933.0503,0.0,0.0,-1.3739349
exp7_random_2,5891,1081.9811,1083.0854,0.0,0.0,-1.1043338
exp7_random_2,5892,1019.04236,1020.6942,0.0,-0.026090413331985474,-1.6258545
exp7_random_2,5893,-22.8544,81.494484,-100.0,-2.362119197845459,-1.9867643
exp7_random_2,5894,1278.3173,1282.3541,0.0,-0.0065813809633255005,-4.0304976
exp7_random_2,5895,620.8733,739.9548,-100.0,-10.798404693603516,-8.283115
exp7_random_2,5896,1158.8943,1162.4929,0.0,-1.37979257106781,-2.218748
exp7_random_2,5897,-70.63953,33.713875,-100.0,-4.321240425109863,-0.032151733
exp7_random_2,5898,1159.0999,1164.4886,0.0,-1.1662400960922241,-4.2225103
exp7_random_2,5899,1146.4573,1147.3181,0.0,0.0,-0.8608053
exp7_random_2,5901,1325.2838,1329.1943,0.0,-0.1456863433122635,-3.765069
exp7_random_2,5902,1058.2415,1060.6672,0.0,-0.006820753216743469,-2.4190867
exp7_random_2,5903,849.6493,851.08484,0.0,0.0,-1.435485
exp7_random_2,5904,1386.8398,1389.9141,0.0,-0.06306853890419006,-3.0108373
exp7_random_2,5905,1047.3192,1050.5651,0.0,-0.09680292010307312,-3.1490784
exp7_random_2,5906,976.4601,979.2689,0.0,-0.03446720540523529,-2.7743747
exp7_random_2,5907,1086.3872,1090.4966,0.0,-1.047284722328186,-3.0620472
exp7_random_2,5908,1309.5721,1315.8069,0.0,-1.0620348453521729,-5.1729665
exp7_random_2,5909,1479.3257,1486.4507,0.0,-0.4652610421180725,-6.659644
exp7_random_2,5910,1016.2012,1020.8052,0.0,-1.1911758184432983,-3.412578
exp7_random_2,5911,614.45703,730.1424,-100.0,-12.579388618469238,-3.1060658
exp7_random_2,5912,412.66663,522.4841,-100.0,-7.640709400177002,-2.1767101
exp7_random_2,5913,1380.7397,1387.4976,0.0,-0.9887560606002808,-5.7690864
exp7_random_2,5914,1303.5679,1308.3109,0.0,-0.154142826795578,-4.588687
exp7_random_2,5915,1212.6719,1217.5125,0.0,-0.3018145263195038,-4.538761
exp7_random_2,5916,1150.2185,1154.1968,0.0,-0.15592390298843384,-3.8222065
exp7_random_2,5917,1081.2921,1084.6367,0.0,-0.18882228434085846,-3.1556826
exp7_random_2,5918,1060.9519,1062.4304,0.0,-0.22376960515975952,-1.254667
exp7_random_2,5919,994.85535,999.0558,0.0,-0.20530930161476135,-3.9952765
exp7_random_2,5921,983.3165,991.06067,0.0,-4.1939592361450195,-3.55017
exp7_random_2,5922,979.49927,982.3933,0.0,-0.05664631724357605,-2.837483
exp7_random_2,5923,1124.049,1130.7368,0.0,-0.12961503863334656,-6.55847
exp7_random_2,5924,879.0099,879.6772,0.0,0.0,-0.66730815
exp7_random_2,5925,-95.50025,7.748966,-100.0,-2.854356527328491,-0.3948656
exp7_random_2,5926,1272.2139,1284.6624,0.0,-1.3999292850494385,-11.048666
exp7_random_2,5927,1193.201,1197.3373,0.0,-0.5048811435699463,-3.6313899
exp7_random_2,5928,1254.774,1266.311,0.0,-4.4602251052856445,-7.076808
exp7_random_2,5929,986.4936,993.92255,0.0,-2.311615228652954,-5.1175957
exp7_random_2,5930,1133.7572,1136.6659,0.0,-0.16576312482357025,-2.74288
exp7_random_2,5931,425.28564,536.7608,-100.0,-9.319371223449707,-2.155735
exp7_random_2,5932,1204.7217,1208.9025,0.0,-0.4342477321624756,-3.7463758
exp7_random_2,5933,1272.3251,1277.6738,0.0,-0.664771318435669,-4.683769
exp7_random_2,5934,955.2562,956.2566,0.0,-0.001694008708000183,-0.998693
exp7_random_2,5935,1132.9233,1136.4852,0.0,-0.23570525646209717,-3.3262365
exp7_random_2,5936,464.4284,570.4202,-100.0,-3.662261724472046,-2.3296347
exp7_random_2,5937,1041.2988,1043.9823,0.0,-0.05596686899662018,-2.6273632
exp7_random_2,5938,1084.546,1087.04,0.0,-0.03479635715484619,-2.459072
exp7_random_2,5939,1004.6566,1008.2832,0.0,-0.20763428509235382,-3.4190898
exp7_random_2,5941,-97.57428,6.816619,-100.0,-3.7884531021118164,-0.6024548
exp7_random_2,5942,1035.4218,1038.6495,0.0,-0.20461663603782654,-3.0233722
exp7_random_2,5943,1080.8538,1085.2793,0.0,-0.9942089915275574,-3.4314835
exp7_random_2,5944,924.1977,925.48694,0.0,-0.04624892771244049,-1.2429495
exp7_random_2,5945,911.9273,912.97736,0.0,0.0,-1.0499356
exp7_random_2,5946,1298.2747,1304.1863,0.0,-0.46890878677368164,-5.4424872
exp7_random_2,5947,1045.4231,1046.6898,0.0,0.0,-1.2667286
exp7_random_2,5948,1036.3339,1040.29,0.0,-0.2263340801000595,-3.7297757
exp7_random_2,5949,1080.1656,1084.3467,0.0,-0.2720910310745239,-3.9089634
exp7_random_2,5950,1041.7878,1044.0482,0.0,0.0,-2.2604017
exp7_random_2,5951,1242.4703,1246.624,0.0,-0.19088304042816162,-3.9628205
exp7_random_2,5952,1207.3032,1213.033,0.0,-0.18193379044532776,-5.547782
exp7_random_2,5953,461.54355,569.40674,-100.0,-5.244643688201904,-2.6184592
exp7_random_2,5954,928.2111,929.17126,0.0,0.0,-0.9601796
exp7_random_2,5955,983.32336,987.1555,0.0,-0.08116023242473602,-3.7512121
exp7_random_2,5956,902.43134,903.3408,0.0,0.0,-0.90946674
exp7_random_2,5957,1176.8584,1182.9622,0.0,-1.7662429809570312,-4.3373523
exp7_random_2,5958,1104.9724,1107.1467,0.0,0.0,-2.174197
exp7_random_2,5959,958.938,962.9492,0.0,-0.46426671743392944,-3.5469935
exp7_random_2,5961,1066.3533,1068.3611,0.0,-0.0023155808448791504,-2.005526
exp7_random_2,5962,963.2428,966.171,0.0,-0.1934940665960312,-2.7349684
exp7_random_2,5963,1058.5063,1063.2087,0.0,-0.04346838593482971,-4.6589737
exp7_random_2,5964,1146.27,1149.0164,0.0,-0.20285001397132874,-2.543951
exp7_random_2,5965,1085.2948,1091.6921,0.0,-2.79223370552063,-3.605043
exp7_random_2,5966,464.47534,572.2869,-100.0,-5.8439040184021,-1.9676808
exp7_random_2,5967,925.74316,927.30743,0.0,-0.02219010889530182,-1.5420402
exp7_random_2,5968,924.77563,925.9782,0.0,0.0,-1.2027004
exp7_random_2,5969,965.74677,968.793,0.0,-0.07756258547306061,-2.9686666
exp7_random_2,5970,1018.2969,1020.4983,0.0,0.0,-2.2015066
exp7_random_2,5971,1344.829,1350.1503,0.0,-0.2822715640068054,-5.0389447
exp7_random_2,5972,1261.0508,1266.6575,0.0,-0.26287299394607544,-5.3438125
exp7_random_2,5973,1126.145,1128.415,0.0,-0.02079528570175171,-2.2492726
exp7_random_2,5974,514.85974,626.1227,-100.0,-7.724120616912842,-3.5386724
exp7_random_2,5975,1060.4851,1064.0516,0.0,-0.18990710377693176,-3.376513
exp7_random_2,5976,1045.4391,1052.8289,0.0,-1.5009649991989136,-5.8888946
exp7_random_2,5977,1314.843,1319.8512,0.0,-0.03996001183986664,-4.9680414
exp7_random_2,5978,1139.515,1142.3014,0.0,-0.11816079914569855,-2.6682603
exp7_random_2,5979,1305.0428,1310.719,0.0,-0.11153383553028107,-5.5645704
exp7_random_2,5981,-77.974846,51.918034,-100.0,-20.51256561279297,-9.380269
exp7_random_2,5982,1086.299,1090.5759,0.0,-0.22990334033966064,-4.047031
exp7_random_2,5983,913.1019,915.51794,0.0,-0.44066399335861206,-1.9753125
exp7_random_2,5984,976.0608,981.52344,0.0,-2.417888879776001,-3.0447145
exp7_random_2,5985,1046.185,1049.0524,0.0,-0.18328772485256195,-2.6839285
exp7_random_2,5986,1025.7122,1029.5164,0.0,-0.4481075704097748,-3.3559275
exp7_random_2,5987,935.21155,936.8661,0.0,0.0,-1.6544671
exp7_random_2,5988,1025.2869,1028.8395,0.0,-0.8259888887405396,-2.7264667
exp7_random_2,5989,1004.74554,1009.40265,0.0,-0.3412175178527832,-4.3159294
exp7_random_2,5990,1152.3057,1157.7751,0.0,-1.4450488090515137,-4.0243673
exp7_random_2,5991,965.4634,970.6472,0.0,-1.3744697570800781,-3.8094375
exp7_random_2,5992,1196.5562,1199.7938,0.0,-0.11452485620975494,-3.1231577
exp7_random_2,5993,1084.8488,1088.2372,0.0,-0.44447562098503113,-2.9440958
exp7_random_2,5994,1021.5514,1023.5997,0.0,0.0,-2.0482278
exp7_random_2,5995,1102.342,1105.4719,0.0,-1.2994779348373413,-1.8305788
exp7_random_2,5996,1094.2335,1096.711,0.0,-0.05246402323246002,-2.4253182
exp7_random_2,5997,1134.1799,1137.3279,0.0,0.0,-3.148066
exp7_random_2,5998,1096.9082,1105.7606,0.0,-2.454296350479126,-6.398027
exp7_random_2,5999,1089.965,1094.0648,0.0,-0.5306487083435059,-3.5692985
exp7_random_2,6001,1026.1787,1028.3678,0.0,-0.024284571409225464,-2.1648457
exp7_random_2,6002,1079.3829,1081.4873,0.0,-0.058808088302612305,-2.045346
exp7_random_2,6003,915.42084,916.3462,0.0,0.0,-0.9253705
exp7_random_2,6004,1252.845,1256.4229,0.0,-0.1247330904006958,-3.4529197
exp7_random_2,6005,1098.9106,1101.174,0.0,-0.022448420524597168,-2.2407436
exp7_random_2,6006,978.2372,979.9585,0.0,0.0,-1.7212968
exp7_random_2,6007,1223.6229,1228.9697,0.0,-0.1772594004869461,-5.1695585
exp7_random_2,6008,901.3551,902.21954,0.0,0.0,-0.8644364
exp7_random_2,6009,1047.773,1050.5658,0.0,-0.006128594279289246,-2.786593
exp7_random_2,6010,-72.69328,33.730263,-100.0,-5.638031482696533,-0.7855234
exp7_random_2,6011,1063.7991,1068.0502,0.0,-1.6477514505386353,-2.6031961
exp7_random_2,6012,1100.9368,1103.4463,0.0,-0.2662132680416107,-2.2432687
exp7_random_2,6013,898.16376,898.64453,0.0,0.0,-0.4807329
exp7_random_2,6014,-97.67344,4.8283553,-100.0,-2.3656680583953857,-0.13612166
exp7_random_2,6015,1017.66296,1021.2019,0.0,-0.9648805856704712,-2.5740376
exp7_random_2,6016,1042.9274,1045.685,0.0,-0.13396793603897095,-2.6237993
exp7_random_2,6017,1218.7512,1222.792,0.0,-0.1254141479730606,-3.9153786
exp7_random_2,6018,952.6675,954.5403,0.0,-0.03008762001991272,-1.8428551
exp7_random_2,6019,934.47473,935.3192,0.0,-0.022049829363822937,-0.8223224
exp7_random_2,6021,1054.9188,1057.0627,0.0,-0.11417527496814728,-2.0298114
exp7_random_2,6022,1237.3849,1240.3965,0.0,-0.4595044255256653,-2.5521998
exp7_random_2,6023,1172.9874,1182.1368,0.0,-2.93924880027771,-6.2101426
exp7_random_2,6024,1051.0737,1052.4532,0.0,0.0,-1.3795565
exp7_random_2,6025,882.80365,883.8313,0.0,0.0,-1.0276957
exp7_random_2,6026,990.9806,994.2676,0.0,-0.2662981450557709,-3.020831
exp7_random_2,6027,1059.7041,1062.4032,0.0,-0.15952511131763458,-2.5395913
exp7_random_2,6028,1119.6923,1126.4186,0.0,-1.1059499979019165,-5.6202536
exp7_random_2,6029,1197.2352,1201.49,0.0,-0.8194549083709717,-3.435457
exp7_random_2,6030,1158.7972,1163.8213,0.0,-1.0159103870391846,-4.008236
exp7_random_2,6031,1238.4036,1244.4429,0.0,-1.023673415184021,-5.0155725
exp7_random_2,6032,561.8106,682.83685,-100.0,-17.331253051757812,-3.6949954
exp7_random_2,6033,1109.2411,1117.2336,0.0,-2.899078845977783,-5.093577
exp7_random_2,6034,988.2695,989.7676,0.0,0.0,-1.4980924
exp7_random_2,6035,1292.6833,1297.5847,0.0,-1.919496774673462,-2.981942
exp7_random_2,6036,1240.9016,1245.5449,0.0,-0.10436102747917175,-4.539155
exp7_random_2,6037,1262.5522,1269.072,0.0,-0.8234891891479492,-5.6964684
exp7_random_2,6038,1047.5466,1050.0896,0.0,-0.9234863519668579,-1.6194375
exp7_random_2,6039,1213.5751,1217.3616,0.0,-0.10438740253448486,-3.6824498
exp7_random_2,6041,1067.9053,1074.884,0.0,-1.0481852293014526,-5.930547
exp7_random_2,6042,1138.2942,1142.8925,0.0,-0.08004359900951385,-4.518187
exp7_random_2,6043,1058.7399,1061.1614,0.0,0.0,-2.4214704
exp7_random_2,6044,1096.2734,1101.7247,0.0,-1.2217297554016113,-4.2294936
exp7_random_2,6045,1187.3623,1192.1067,0.0,-0.7831125259399414,-3.9612033
exp7_random_2,6046,1264.057,1267.361,0.0,-0.031108736991882324,-3.2728846
exp7_random_2,6047,1272.2612,1277.8035,0.0,-0.2798038721084595,-5.262533
exp7_random_2,6048,1008.4761,1009.6566,0.0,0.0,-1.1805329
exp7_random_2,6049,895.8436,896.755,0.0,0.0,-0.9113883
exp7_random_2,6050,1182.7719,1185.0006,0.0,0.0,-2.2288835
exp7_random_2,6051,1288.7322,1291.9557,0.0,-0.048657700419425964,-3.1748857
exp7_random_2,6052,1350.5004,1354.0432,0.0,-0.12749087810516357,-3.4153278
exp7_random_2,6053,989.64966,994.01733,0.0,-0.1517804116010666,-4.215831
exp7_random_2,6054,974.73474,975.85895,0.0,0.0,-1.1243182
exp7_random_2,6055,1160.0969,1163.1155,0.0,-0.12247397005558014,-2.896256
exp7_random_2,6056,1092.5966,1096.897,0.0,-0.08532235026359558,-4.214965
exp7_random_2,6057,1146.0133,1149.3206,0.0,-0.0739484429359436,-3.233043
exp7_random_2,6058,1139.4451,1141.6907,0.0,-0.07247941195964813,-2.1732113
exp7_random_2,6059,1176.2461,1181.5083,0.0,-0.036284446716308594,-5.226067
exp7_random_2,6061,964.1765,969.6615,0.0,-3.004175901412964,-2.4808342
exp7_random_2,6062,1138.9395,1143.6526,0.0,-0.3458201289176941,-4.3674517
exp7_random_2,6063,1096.699,1099.2737,0.0,0.0,-2.574638
exp7_random_2,6064,1004.33374,1005.5791,0.0,0.0,-1.2453272
exp7_random_2,6065,1036.0946,1037.869,0.0,0.0,-1.7743723
exp7_random_2,6066,730.6583,840.56866,-100.0,-6.766016483306885,-3.144402
exp7_random_2,6067,167.56311,277.37518,-100.0,-8.3137845993042,-1.4983196
exp7_random_2,6068,950.23413,951.82434,0.0,-0.11730848252773285,-1.4728206
exp7_random_2,6069,1091.981,1095.183,0.0,-0.6624255776405334,-2.539586
exp7_random_2,6070,1095.8447,1098.1969,0.0,0.0,-2.3523324
exp7_random_2,6071,968.13025,968.77496,0.0,0.0,-0.6448091
exp7_random_2,6072,860.8153,862.2318,0.0,0.0,-1.4164741
exp7_random_2,6073,1049.3392,1052.4781,0.0,0.0,-3.138981
exp7_random_2,6074,890.8219,893.13184,0.0,0.0,-2.309899
exp7_random_2,6075,-32.769157,74.18384,-100.0,-6.420568943023682,-0.53242844
exp7_random_2,6076,899.54565,900.62085,0.0,0.0,-1.0751126
exp7_random_2,6077,944.97784,946.0519,0.0,0.0,-1.0739008
exp7_random_2,6078,1291.2394,1295.747,0.0,-0.023625940084457397,-4.4836926
exp7_random_2,6079,1106.0925,1110.24,0.0,-0.7096452713012695,-3.437872
exp7_random_2,6081,1032.5232,1033.7413,0.0,-0.04225717484951019,-1.1758575
exp7_random_2,6082,1256.1062,1259.0482,0.0,0.0,-2.942378
exp7_random_2,6083,1028.6619,1031.1393,0.0,-0.01274186372756958,-2.4646673
exp7_random_2,6084,949.66516,950.6447,0.0,0.0,-0.9794608
exp7_random_2,6085,1209.2484,1211.1193,0.0,-0.10764780640602112,-1.7632159
exp7_random_2,6086,920.5846,921.6427,0.0,0.0,-1.0581084
exp7_random_2,6087,995.92926,999.69763,0.0,-0.6034181118011475,-3.1649044
exp7_random_2,6088,-18.220192,88.845566,-100.0,-5.955378532409668,-1.1103951
exp7_random_2,6089,937.91583,944.3299,0.0,-1.4620453119277954,-4.9521837
exp7_random_2,6090,1073.529,1075.0629,0.0,0.0,-1.5339227
exp7_random_2,6091,1082.3906,1087.8304,0.0,-2.5281336307525635,-2.9115763
exp7_random_2,6092,957.22833,960.11456,0.0,-0.15630966424942017,-2.7299228
exp7_random_2,6093,887.27545,888.13824,0.0,-0.0050726234912872314,-0.8577189
exp7_random_2,6094,1133.9224,1135.6049,0.0,0.0,-1.6826099
exp7_random_2,6095,1181.3003,1186.2972,0.0,-0.3145955801010132,-4.682202
exp7_random_2,6096,1166.399,1171.721,0.0,-2.1573116779327393,-3.164676
exp7_random_2,6097,1043.7261,1048.6489,0.0,-0.6539731621742249,-4.268895
exp7_random_2,6098,1089.6908,1092.302,0.0,-0.02700771391391754,-2.5842938
exp7_random_2,6099,-102.202,3.8394377,-100.0,-5.544116973876953,-0.49732384
exp7_random_2,6101,988.89636,989.8083,0.0,0.0,-0.9119873
exp7_random_2,6102,1020.4222,1024.3073,0.0,-1.4514726400375366,-2.4335716
exp7_random_2,6103,1142.7671,1145.2512,0.0,0.0,-2.4840946
exp7_random_2,6104,907.74963,909.2892,0.0,-0.5030763745307922,-1.0364375
exp7_random_2,6105,60.65226,169.65529,-100.0,-5.738217830657959,-3.264816
exp7_random_2,6106,1092.6353,1094.0388,0.0,0.0,-1.403821
exp7_random_2,6107,1047.1016,1048.9504,0.0,-0.021321043372154236,-1.8275596
exp7_random_2,6108,1134.3564,1135.544,0.0,-0.10700385272502899,-1.080512
exp7_random_2,6109,957.6811,960.9508,0.0,-0.9975998401641846,-2.2721217
exp7_random_2,6110,1111.0842,1114.3428,0.0,-1.3918299674987793,-1.8667746
exp7_random_2,6111,888.3898,897.5851,0.0,-5.752788066864014,-3.4425294
exp7_random_2,6112,166.13165,271.29846,-100.0,-4.046932697296143,-1.1198808
exp7_random_2,6113,1003.6756,1008.27,0.0,-2.118345022201538,-2.4759805
exp7_random_2,6114,880.21423,880.8884,0.0,0.0,-0.6742051
exp7_random_2,6115,948.4485,949.5725,0.0,0.0,-1.1238806
exp7_random_2,6116,1085.0963,1089.2444,0.0,-1.1838141679763794,-2.9641476
exp7_random_2,6117,964.327,971.0864,0.0,-1.9884748458862305,-4.7710495
exp7_random_2,6118,1058.6239,1062.6675,0.0,-1.8311097621917725,-2.2124643
exp7_random_2,6119,1270.5219,1274.3904,0.0,-0.810422420501709,-3.0580118
exp7_random_2,6121,1560.0154,1566.3147,0.0,-0.043082594871520996,-6.255979
exp7_random_2,6122,1032.7009,1034.284,0.0,0.0,-1.5829874
exp7_random_2,6123,1138.9445,1142.0492,0.0,0.0,-3.1045296
exp7_random_2,6124,1243.0182,1248.8213,0.0,-0.8317902684211731,-4.971299
exp7_random_2,6125,1161.0612,1164.9001,0.0,-0.8318701386451721,-3.0070193
exp7_random_2,6126,1181.625,1186.2726,0.0,-0.7859671115875244,-3.8616643
exp7_random_2,6127,942.2512,944.8147,0.0,-0.0050162822008132935,-2.5584714
exp7_random_2,6128,1211.3545,1217.6221,0.0,-2.7243947982788086,-3.5432916
exp7_random_2,6129,1316.9097,1322.8699,0.0,-1.3634306192398071,-4.5968776
exp7_random_2,6130,972.9273,975.2782,0.0,-0.12289106845855713,-2.2279162
exp7_random_2,6131,1130.0653,1135.4983,0.0,-2.7160685062408447,-2.7169971
exp7_random_2,6132,1437.9858,1447.3811,0.0,-2.360690116882324,-7.034717
exp7_random_2,6133,1000.0996,1002.72205,0.0,-0.18067292869091034,-2.441764
exp7_random_2,6134,-65.28372,37.73115,-100.0,-2.4854111671447754,-0.5294674
exp7_random_2,6135,958.76355,961.8639,0.0,-0.856305718421936,-2.2440152
exp7_random_2,6136,1082.0482,1089.884,0.0,-3.1346096992492676,-4.701314
exp7_random_2,6137,859.6095,861.1389,0.0,0.0,-1.5294511
exp7_random_2,6138,1311.6998,1325.3857,0.0,-4.52620267868042,-9.159794
exp7_random_2,6139,414.86578,519.3481,-100.0,-2.318833112716675,-2.1634774
exp7_random_2,6141,903.24084,905.3249,0.0,0.0,-2.084047
exp7_random_2,6142,1033.9357,1039.7094,0.0,-1.5626354217529297,-4.2109528
exp7_random_2,6143,1216.3047,1219.8699,0.0,-0.3409983515739441,-3.2242246
exp7_random_2,6144,1042.2051,1044.7305,0.0,-0.02772831916809082,-2.497691
exp7_random_2,6145,1124.699,1138.3276,0.0,-2.1898159980773926,-11.438918
exp7_random_2,6146,891.12866,894.01843,0.0,-0.6519114971160889,-2.2378721
exp7_random_2,6147,1106.0566,1110.3682,0.0,-0.6915680766105652,-3.6199968
exp7_random_2,6148,1025.0193,1027.1034,0.0,-0.005837738513946533,-2.0784438
exp7_random_2,6149,960.4825,961.44434,0.0,0.0,-0.9618473
exp7_random_2,6150,1264.8755,1270.3063,0.0,-1.9920200109481812,-3.4386315
exp7_random_2,6151,1217.4105,1223.371,0.0,-1.0133111476898193,-4.9472265
exp7_random_2,6152,560.5937,669.42505,-100.0,-5.7089691162109375,-3.1224322
exp7_random_2,6153,974.14233,975.1875,0.0,-0.07123440504074097,-0.97394496
exp7_random_2,6154,1340.8726,1345.9479,0.0,-0.5334476232528687,-4.54201
exp7_random_2,6155,995.7658,997.00604,0.0,0.0,-1.2402763
exp7_random_2,6156,1157.8583,1161.0874,0.0,-0.04549670219421387,-3.1834695
exp7_random_2,6157,967.52106,970.8485,0.0,-0.09074746072292328,-3.2367606
exp7_random_2,6158,911.124,914.375,0.0,-0.45911750197410583,-2.7919092
exp7_random_2,6159,1035.1221,1041.0203,0.0,-1.5162174701690674,-4.382047
exp7_random_2,6161,1127.7507,1135.743,0.0,-1.170523762702942,-6.821772
exp7_random_2,6162,545.0765,652.6266,-100.0,-4.563328742980957,-2.9867833
exp7_random_2,6163,1135.553,1138.8936,0.0,-0.3306707739830017,-3.0097814
exp7_random_2,6164,1109.3027,1117.3196,0.0,-1.200924038887024,-6.8159595
exp7_random_2,6165,1105.3424,1107.5798,0.0,-0.021152988076210022,-2.2163649
exp7_random_2,6166,1027.0968,1030.4801,0.0,-0.5467041730880737,-2.8365602
exp7_random_2,6167,935.4438,938.78577,0.0,-0.7306736707687378,-2.6112192
exp7_random_2,6168,1201.4315,1206.2021,0.0,-0.6924595236778259,-4.077958
exp7_random_2,6169,-62.94536,59.5332,-100.0,-21.914236068725586,-0.5643192
exp7_random_2,6170,1013.71515,1016.07513,0.0,0.0,-2.3600025
exp7_random_2,6171,1039.7556,1045.0068,0.0,-0.5579401850700378,-4.6932845
exp7_random_2,6172,939.37756,940.8903,0.0,-0.14628742635250092,-1.3663397
exp7_random_2,6173,1047.6108,1053.0894,0.0,-1.1057907342910767,-4.3727736
exp7_random_2,6174,1173.4553,1179.6746,0.0,-1.625141978263855,-4.5941715
exp7_random_2,6175,1061.0852,1063.066,0.0,0.0,-1.9808748
exp7_random_2,6176,1062.3008,1070.8395,0.0,-2.4730384349823,-6.065729
exp7_random_2,6177,1099.4412,1102.1846,0.0,-0.08785460889339447,-2.6554873
exp7_random_2,6178,1212.2681,1214.5465,0.0,0.0,-2.278427
exp7_random_2,6179,394.71606,520.9725,-100.0,-24.745370864868164,-1.5110426
exp7_random_2,6181,1010.4708,1011.03406,0.0,0.0,-0.5633415
exp7_random_2,6182,-77.68686,25.009838,-100.0,-2.2092809677124023,-0.48741072
exp7_random_2,6183,608.4006,717.7239,-100.0,-6.8384575843811035,-2.4847972
exp7_random_2,6184,1086.2754,1088.1897,0.0,-0.07692204415798187,-1.8373305
exp7_random_2,6185,1157.9796,1160.6333,0.0,-0.19154785573482513,-2.4621649
exp7_random_2,6186,1134.554,1136.6957,0.0,-0.01643127202987671,-2.1253743
exp7_random_2,6187,1101.3993,1105.435,0.0,-0.09997200965881348,-3.9359107
exp7_random_2,6188,928.8882,931.9707,0.0,-0.26513200998306274,-2.817408
exp7_random_2,6189,869.51697,871.9459,0.0,-0.07869337499141693,-2.3503423
exp7_random_2,6190,208.44266,314.85852,-100.0,-3.2598772048950195,-3.1559775
exp7_random_2,6191,1038.3984,1040.1636,0.0,0.0,-1.7653052
exp7_random_2,6192,131.70428,250.62862,-100.0,-6.8349738121032715,-12.089404
exp7_random_2,6193,1242.6611,1248.6447,0.0,-0.91187584400177,-5.0717144
exp7_random_2,6194,981.90265,983.69946,0.0,-0.3718492388725281,-1.4249833
exp7_random_2,6195,1059.7782,1062.5167,0.0,-0.08049064874649048,-2.6580744
exp7_random_2,6196,1093.3696,1095.5343,0.0,-0.07952053844928741,-2.0850546
exp7_random_2,6197,-125.25925,26.920544,-100.0,-51.22322082519531,-0.9565714
exp7_random_2,6198,1027.1445,1030.3413,0.0,-0.25103411078453064,-2.945737
exp7_random_2,6199,1287.4225,1294.1573,0.0,-3.0606393814086914,-3.6741815
exp7_random_2,6201,864.1562,864.76776,0.0,0.0,-0.6115793
exp7_random_2,6202,937.81116,939.8864,0.0,0.0,-2.0750856
exp7_random_2,6203,956.2476,958.5488,0.0,-0.8038875460624695,-1.4973614
exp7_random_2,6204,1106.5454,1108.1804,0.0,0.0,-1.6348864
exp7_random_2,6205,1283.9586,1291.647,0.0,-1.7449101209640503,-5.94339
exp7_random_2,6206,990.76373,994.14453,0.0,-0.8969628810882568,-2.4838173
exp7_random_2,6207,1266.8925,1271.9938,0.0,-0.023551195859909058,-5.077879
exp7_random_2,6208,1040.7699,1042.5269,0.0,-0.08429048955440521,-1.6726916
exp7_random_2,6209,1211.7523,1214.4213,0.0,0.0,-2.6690896
exp7_random_2,6210,1057.2153,1061.6567,0.0,-0.6287420988082886,-3.8127553
exp7_random_2,6211,1096.9019,1098.0903,0.0,0.0,-1.1887769
exp7_random_2,6212,1063.3531,1066.1426,0.0,-0.03139150142669678,-2.7580352
exp7_random_2,6213,977.3639,978.7785,0.0,-0.2692650556564331,-1.1453894
exp7_random_2,6214,1077.8362,1082.7566,0.0,-0.8323219418525696,-4.0881524
exp7_random_2,6215,956.1238,958.4304,0.0,-0.29616814851760864,-2.010318
exp7_random_2,6216,1201.2988,1205.8743,0.0,0.0,-4.575629
exp7_random_2,6217,1262.4409,1271.6112,0.0,-0.9021836519241333,-8.268225
exp7_random_2,6218,-60.48165,72.56922,-100.0,-32.63138198852539,-0.41950038
exp7_random_2,6219,929.82544,939.59906,0.0,-5.51932430267334,-4.2541976
exp7_random_2,6221,1045.1509,1049.6543,0.0,-0.9510199427604675,-3.5522828
exp7_random_2,6222,1154.4917,1158.1378,0.0,-0.7233959436416626,-2.922782
exp7_random_2,6223,1093.5771,1097.4956,0.0,-0.691347062587738,-3.2269773
exp7_random_2,6224,1076.1589,1077.468,0.0,0.0,-1.3089507
exp7_random_2,6225,-96.91402,6.0909224,-100.0,-2.929610013961792,-0.07533001
exp7_random_2,6226,1136.0054,1140.0486,0.0,-0.46689626574516296,-3.5762253
exp7_random_2,6227,509.29767,621.6227,-100.0,-8.79651165008545,-3.528542
exp7_random_2,6228,939.5614,940.05597,0.0,0.0,-0.4945339
exp7_random_2,6229,1015.39874,1015.9713,0.0,0.0,-0.5726331
exp7_random_2,6230,1137.8982,1145.3926,0.0,-2.2790207862854004,-5.215179
exp7_random_2,6231,1114.7345,1117.9174,0.0,-0.045359790325164795,-3.1374555
exp7_random_2,6232,1205.2156,1207.2139,0.0,-0.03287127614021301,-1.9653327
exp7_random_2,6233,-83.02355,68.85701,-100.0,-50.33388137817383,-1.5466758
exp7_random_2,6234,1006.01294,1007.22534,0.0,0.0,-1.2123356
exp7_random_2,6235,1283.3909,1286.8412,0.0,-0.47342830896377563,-2.9770448
exp7_random_2,6236,1023.07404,1026.2816,0.0,-0.4073725938796997,-2.8001902
exp7_random_2,6237,1147.9011,1152.5518,0.0,-1.1720659732818604,-3.4785576
exp7_random_2,6238,1127.0107,1131.8088,0.0,-1.582802653312683,-3.215171
exp7_random_2,6239,900.1034,900.85144,0.0,0.0,-0.7480782
exp7_random_2,6241,1397.8811,1405.7483,0.0,-1.2911951541900635,-6.5761704
exp7_random_2,6242,1101.6224,1105.3574,0.0,0.0,-3.7348845
exp7_random_2,6243,826.2668,827.40607,0.0,0.0,-1.1392576
exp7_random_2,6244,-86.362976,18.86331,-100.0,-4.97255277633667,-0.25372836
exp7_random_2,6245,1093.4897,1097.0026,0.0,-0.24299824237823486,-3.269904
exp7_random_2,6246,1168.2297,1175.3751,0.0,-1.421129822731018,-5.7244744
exp7_random_2,6247,1444.7876,1453.3932,0.0,-1.5671756267547607,-7.0383286
exp7_random_2,6248,876.1946,879.5629,0.0,-0.2711654603481293,-3.0972252
exp7_random_2,6249,641.0703,801.2524,-100.0,-53.86366271972656,-6.3181214
exp7_random_2,6250,926.97687,929.239,0.0,-0.06592503190040588,-2.1963217
exp7_random_2,6251,1101.0762,1109.8484,0.0,-3.7316558361053467,-5.040541
exp7_random_2,6252,-53.51081,50.317223,-100.0,-2.3698391914367676,-1.4581968
exp7_random_2,6253,-81.17585,22.819933,-100.0,-3.5250773429870605,-0.47071257
exp7_random_2,6254,-134.27235,17.38597,-100.0,-51.158695220947266,-0.49962565
exp7_random_2,6255,1062.9998,1066.8915,0.0,-0.8508635759353638,-3.0408802
exp7_random_2,6256,1053.4594,1054.8534,0.0,-0.20818352699279785,-1.1859097
exp7_random_2,6257,940.80396,942.0491,0.0,0.0,-1.245099
exp7_random_2,6258,654.16547,764.26263,-100.0,-6.693145751953125,-3.4041245
exp7_random_2,6259,1045.4673,1049.9331,0.0,-0.6369040608406067,-3.828751
exp7_random_2,6261,1068.4608,1072.9225,0.0,-1.2800425291061401,-3.1817665
exp7_random_2,6262,1105.0479,1107.5026,0.0,-0.43240970373153687,-2.0222163
exp7_random_2,6263,1165.8701,1169.137,0.0,-0.3592319190502167,-2.907748
exp7_random_2,6264,1012.2605,1016.2219,0.0,-0.32582783699035645,-3.6355698
exp7_random_2,6265,1095.638,1100.2181,0.0,-0.11549399793148041,-4.464731
exp7_random_2,6266,1143.0131,1149.8279,0.0,-1.652873158454895,-5.161775
exp7_random_2,6267,923.26434,926.8066,0.0,-1.6839890480041504,-1.8582721
exp7_random_2,6268,1004.9448,1007.74084,0.0,-0.4855985641479492,-2.3105896
exp7_random_2,6269,1093.8258,1098.0944,0.0,-0.6506234407424927,-3.6179922
exp7_random_2,6270,1049.6477,1054.0374,0.0,-0.42497846484184265,-3.9648387
exp7_random_2,6271,1152.9937,1156.8353,0.0,-0.25772809982299805,-3.5840607
exp7_random_2,6272,1041.2102,1046.3696,0.0,-0.5005364418029785,-4.6589932
exp7_random_2,6273,481.09845,632.88605,-100.0,-50.198646545410156,-1.5890678
exp7_random_2,6274,521.25745,633.8084,-100.0,-10.52082347869873,-2.0301714
exp7_random_2,6275,1011.5187,1013.94775,0.0,-0.156906858086586,-2.2721486
exp7_random_2,6276,905.47974,906.50934,0.0,0.0,-1.0296453
exp7_random_2,6277,946.7191,948.5483,0.0,-0.0018312036991119385,-1.8271667
exp7_random_2,6278,1331.2166,1335.6237,0.0,-0.45955854654312134,-3.9478745
exp7_random_2,6279,1247.8042,1254.6543,0.0,-1.649721622467041,-5.200584
exp7_random_2,6281,1163.1729,1169.6556,0.0,-2.4471330642700195,-4.0354953
exp7_random_2,6282,-34.912994,68.41038,-100.0,-2.434452533721924,-0.88892305
exp7_random_2,6283,917.81165,919.55725,0.0,0.0,-1.7455447
exp7_random_2,6284,1366.106,1370.6746,0.0,-0.8224732875823975,-3.7464204
exp7_random_2,6285,1205.0188,1208.023,0.0,-0.13707271218299866,-2.867118
exp7_random_2,6286,480.8793,648.8563,-100.0,-50.25239944458008,-17.7246
exp7_random_2,6287,1224.8003,1231.2675,0.0,-0.49108943343162537,-5.9760756
exp7_random_2,6288,1096.0365,1100.2535,0.0,-0.20836947858333588,-4.0086145
exp7_random_2,6289,960.338,965.3601,0.0,-0.8702013492584229,-4.1518226
exp7_random_2,6290,1339.7435,1344.5491,0.0,0.0,-4.8054314
exp7_random_2,6291,1207.206,1210.3326,0.0,-0.03619419038295746,-3.0904095
exp7_random_2,6292,1170.0056,1172.6807,0.0,0.0,-2.6752226
exp7_random_2,6293,1108.8987,1112.2095,0.0,-1.1050138473510742,-2.2058747
exp7_random_2,6294,1023.3109,1028.5582,0.0,-1.1504125595092773,-4.096959
exp7_random_2,6295,1285.7839,1289.7422,0.0,-0.882136344909668,-3.0760396
exp7_random_2,6296,1003.29626,1005.5811,0.0,-0.08155722916126251,-2.2033978
exp7_random_2,6297,983.1127,985.38965,0.0,0.0,-2.2771118
exp7_random_2,6298,-100.729256,3.9614315,-100.0,-4.489274501800537,-0.20139913
exp7_random_2,6299,1135.0793,1137.8835,0.0,-0.0868387520313263,-2.7173486
exp7_random_2,6301,973.1029,981.011,0.0,-2.1435296535491943,-5.764751
exp7_random_2,6302,1149.6597,1153.3276,0.0,-0.6274263858795166,-3.0405424
exp7_random_2,6303,1079.516,1082.6465,0.0,-0.41863325238227844,-2.7118511
exp7_random_2,6304,926.6367,928.1576,0.0,-0.07260742783546448,-1.4482443
exp7_random_2,6305,1004.19507,1006.8744,0.0,-0.7817519307136536,-1.897442
exp7_random_2,6306,1019.254,1021.6622,0.0,-0.05542363226413727,-2.3526864
exp7_random_2,6307,951.2661,952.8235,0.0,0.0,-1.557332
exp7_random_2,6308,1221.2404,1225.3002,0.0,-0.6291651725769043,-3.430687
exp7_random_2,6309,1092.039,1094.9768,0.0,-0.4904038608074188,-2.447483
exp7_random_2,6310,1102.6022,1107.3259,0.0,-0.8747175931930542,-3.8492837
exp7_random_2,6311,1032.7429,1034.1643,0.0,0.0,-1.4214214
exp7_random_2,6312,1007.96814,1013.66974,0.0,-1.8869068622589111,-3.81472
exp7_random_2,6313,1172.7522,1176.0098,0.0,-0.22287911176681519,-3.0347736
exp7_random_2,6314,1106.8934,1114.4764,0.0,-1.2239409685134888,-6.359254
exp7_random_2,6315,1081.821,1086.3617,0.0,-0.31539368629455566,-4.225156
exp7_random_2,6316,1163.4409,1165.727,0.0,-0.3506923317909241,-1.9357107
exp7_random_2,6317,1257.574,1264.0813,0.0,-1.1458748579025269,-5.361175
exp7_random_2,6318,1178.6599,1181.6375,0.0,-0.07985031604766846,-2.897633
exp7_random_2,6319,1017.785,1022.315,0.0,-0.6875121593475342,-3.8426404
exp7_random_2,6321,1085.5969,1088.8423,0.0,-0.7014231085777283,-2.544018
exp7_random_2,6322,1242.5615,1245.3232,0.0,-0.14873631298542023,-2.612888
exp7_random_2,6323,1117.0221,1121.4116,0.0,-0.8954812288284302,-3.49398
exp7_random_2,6324,1145.8442,1148.6902,0.0,0.0,-2.845716
exp7_random_2,6325,1046.3507,1048.0826,0.0,-0.0026960819959640503,-1.729275
exp7_random_2,6326,1001.4239,1004.9729,0.0,-0.1494564712047577,-3.399653
exp7_random_2,6327,1051.9546,1054.4475,0.0,-0.27600932121276855,-2.2169013
exp7_random_2,6328,972.5236,973.3036,0.0,0.0,-0.78006
exp7_random_2,6329,1147.066,1150.2213,0.0,-0.01279902458190918,-3.1424005
exp7_random_2,6330,911.56995,912.85864,0.0,0.0,-1.2886819
exp7_random_2,6331,920.52734,921.49176,0.0,0.0,-0.9645128
exp7_random_2,6332,881.46265,884.93176,0.0,-0.7284618616104126,-2.7406554
exp7_random_2,6333,1045.0255,1048.7078,0.0,-0.9230942130088806,-2.7591662
exp7_random_2,6334,1059.0209,1061.3627,0.0,-1.1290323734283447,-1.2130171
exp7_random_2,6335,1074.1886,1076.0613,0.0,-0.11801449954509735,-1.7545601
exp7_random_2,6336,1124.0527,1126.6158,0.0,-0.3507867455482483,-2.2123058
exp7_random_2,6337,1118.459,1121.6113,0.0,0.0,-3.1524029
exp7_random_2,6338,-62.171635,42.543167,-100.0,-3.555588722229004,-1.1592187
exp7_random_2,6339,1171.914,1174.4572,0.0,-0.2466614991426468,-2.2964518
exp7_random_2,6341,985.9125,987.2539,0.0,0.0,-1.3413699
exp7_random_2,6342,874.5624,875.1189,0.0,0.0,-0.5565813
exp7_random_2,6343,1013.9485,1016.3071,0.0,-0.06085844337940216,-2.2976797
exp7_random_2,6344,1025.9285,1029.8265,0.0,-0.6255209445953369,-3.2725768
exp7_random_2,6345,1001.4751,1003.0435,0.0,-0.7605224847793579,-0.8079228
exp7_random_2,6346,1087.7385,1093.0139,0.0,-0.9456487894058228,-4.3297133
exp7_random_2,6347,1100.5782,1104.5918,0.0,-0.3600592613220215,-3.6532564
exp7_random_2,6348,1034.8696,1038.0646,0.0,-0.35812482237815857,-2.836566
exp7_random_2,6349,949.8463,953.0757,0.0,-0.2793506383895874,-2.950011
exp7_random_2,6350,1013.531,1014.8334,0.0,0.0,-1.3024188
exp7_random_2,6351,1265.7161,1271.3007,0.0,-0.7329258322715759,-4.8516326
exp7_random_2,6352,963.9659,965.6714,0.0,-0.06262677907943726,-1.6429371
exp7_random_2,6353,950.8744,952.95276,0.0,-0.13886000216007233,-1.9393883
exp7_random_2,6354,1074.8953,1080.2961,0.0,-0.12302824854850769,-5.2775555
exp7_random_2,6355,1193.2443,1195.845,0.0,-0.23516379296779633,-2.3656826
exp7_random_2,6356,943.949,946.18304,0.0,0.0,-2.2342103
exp7_random_2,6357,404.7906,510.87076,-100.0,-4.651908874511719,-1.4282483
exp7_random_2,6358,924.2811,925.6726,0.0,0.0,-1.3914876
exp7_random_2,6359,1076.657,1080.761,0.0,-0.9357843399047852,-3.167951
exp7_random_2,6361,994.12146,996.82965,0.0,-0.15959523618221283,-2.5486643
exp7_random_2,6362,1161.3021,1167.1536,0.0,-0.5649438500404358,-5.286368
exp7_random_2,6363,1083.2134,1085.5569,0.0,-0.15161538124084473,-2.1916518
exp7_random_2,6364,1163.2515,1169.4185,0.0,-2.388822555541992,-3.7781262
exp7_random_2,6365,1125.966,1130.02,0.0,-0.5177523493766785,-3.5363524
exp7_random_2,6366,941.01013,942.976,0.0,-0.11111032962799072,-1.8546638
exp7_random_2,6367,1028.2515,1030.4011,0.0,-0.2943418622016907,-1.8554528
exp7_random_2,6368,-54.747135,52.903923,-100.0,-5.32403039932251,-2.3270314
exp7_random_2,6369,1234.5564,1240.9067,0.0,-1.2310857772827148,-5.11911
exp7_random_2,6370,1270.8167,1280.6235,0.0,-1.3173736333847046,-8.489695
exp7_random_2,6371,1207.4895,1210.5059,0.0,-0.007034197449684143,-3.00937
exp7_random_2,6372,1054.1946,1058.9554,0.0,-1.7456471920013428,-3.015304
exp7_random_2,6373,1065.2155,1072.003,0.0,-0.307406485080719,-6.4801497
exp7_random_2,6374,1270.912,1286.1079,0.0,-6.067168712615967,-9.128198
exp7_random_2,6375,968.52466,970.48645,0.0,-0.08643016219139099,-1.8752584
exp7_random_2,6376,399.78387,504.89624,-100.0,-3.2827529907226562,-1.8295888
exp7_random_2,6377,1032.52,1035.5017,0.0,0.0,-2.9816697
exp7_random_2,6378,991.37744,994.2223,0.0,-0.036148324608802795,-2.8087204
exp7_random_2,6379,1091.242,1095.3616,0.0,0.0,-4.119645
exp7_random_2,6381,1044.1277,1047.9935,0.0,-0.02649223804473877,-3.8393297
exp7_random_2,6382,950.7666,952.53625,0.0,0.0,-1.769757
exp7_random_2,6383,978.72644,982.1496,0.0,-0.0225667804479599,-3.4004865
exp7_random_2,6384,947.17316,948.30725,0.0,0.0,-1.1341087
exp7_random_2,6385,1046.7012,1050.0004,0.0,0.0,-3.2991736
exp7_random_2,6386,701.5465,812.2573,-100.0,-6.068356513977051,-4.6425586
exp7_random_2,6387,989.89185,991.7682,0.0,0.0,-1.8764302
exp7_random_2,6388,1269.6964,1274.4558,0.0,-0.04316587746143341,-4.716246
exp7_random_2,6389,982.22125,984.57574,0.0,-0.043159931898117065,-2.3113384
exp7_random_2,6390,940.6604,942.56885,0.0,0.0,-1.9084773
exp7_random_2,6391,1099.4694,1103.7992,0.0,-1.0276466608047485,-3.30215
exp7_random_2,6392,586.23944,740.12756,-100.0,-50.24285125732422,-3.6453166
exp7_random_2,6393,925.3272,926.49475,0.0,-0.15202343463897705,-1.0155222
exp7_random_2,6394,1265.0037,1272.0514,0.0,-1.1194305419921875,-5.928446
exp7_random_2,6395,1102.012,1105.5924,0.0,-0.183851957321167,-3.396519
exp7_random_2,6396,1065.7236,1082.1526,0.0,-12.564114570617676,-3.8648586
exp7_random_2,6397,1008.9342,1013.8878,0.0,-0.49424105882644653,-4.459139
exp7_random_2,6398,931.4242,934.8203,0.0,-0.7166877388954163,-2.6794286
exp7_random_2,6399,1062.967,1065.3699,0.0,-0.665393054485321,-1.7372859
exp7_random_2,6401,1063.2854,1065.9069,0.0,-0.025940895080566406,-2.5955138
exp7_random_2,6402,1115.1537,1117.6349,0.0,-0.01804022490978241,-2.463245
exp7_random_2,6403,1207.7351,1211.9417,0.0,-0.5111150741577148,-3.6953995
exp7_random_2,6404,1087.7603,1091.3093,0.0,-0.515453040599823,-3.0336916
exp7_random_2,6405,1145.242,1150.1781,0.0,-0.899298369884491,-4.0366163
exp7_random_2,6406,-69.5879,81.78092,-100.0,-50.4567756652832,-0.91204464
exp7_random_2,6407,1326.5242,1335.1918,0.0,-2.8225018978118896,-5.845034
exp7_random_2,6408,1103.586,1110.856,0.0,-1.960025429725647,-5.3099494
exp7_random_2,6409,1031.7386,1034.7684,0.0,-0.3668542206287384,-2.6629734
exp7_random_2,6410,1098.1309,1103.5259,0.0,-0.9367040991783142,-4.458318
exp7_random_2,6411,1088.7268,1092.4629,0.0,-0.15575580298900604,-3.5803077
exp7_random_2,6412,1031.6279,1032.9594,0.0,0.0,-1.3314736
exp7_random_2,6413,980.55914,982.4988,0.0,-0.046216726303100586,-1.8934002
exp7_random_2,6414,1085.5824,1087.7345,0.0,0.0,-2.1523771
exp7_random_2,6415,1052.7405,1056.9028,0.0,-1.0117120742797852,-3.150663
exp7_random_2,6416,904.4616,905.1023,0.0,0.0,-0.64065486
exp7_random_2,6417,870.44446,871.2117,0.0,0.0,-0.7672698
exp7_random_2,6418,1058.9733,1062.1868,0.0,-0.5441510677337646,-2.669262
exp7_random_2,6419,1020.31934,1023.43726,0.0,-0.1683705896139145,-2.9495664
exp7_random_2,6421,1201.0078,1207.2131,0.0,-0.16920870542526245,-6.036071
exp7_random_2,6422,858.48975,863.209,0.0,-1.3058141469955444,-3.4134252
exp7_random_2,6423,923.22815,925.93744,0.0,-1.1031720638275146,-1.6061492
exp7_random_2,6424,1250.2928,1254.1996,0.0,-1.025131106376648,-2.8815167
exp7_random_2,6425,947.77277,952.53174,0.0,-0.3696017861366272,-4.3893805
exp7_random_2,6426,1293.709,1299.9567,0.0,-2.5921711921691895,-3.6557293
exp7_random_2,6427,1068.2574,1071.8741,0.0,-0.8283817172050476,-2.788289
exp7_random_2,6428,1195.7017,1200.2882,0.0,-0.6502903699874878,-3.9360898
exp7_random_2,6429,873.0016,877.21246,0.0,-0.9012374877929688,-3.3096602
exp7_random_2,6430,1209.8741,1214.6221,0.0,-1.23570716381073,-3.5121973
exp7_random_2,6431,1067.648,1070.3403,0.0,0.0,-2.6921384
exp7_random_2,6432,1167.7162,1174.1042,0.0,-2.4966542720794678,-3.8912554
exp7_random_2,6433,1201.8699,1208.3127,0.0,-2.2167129516601562,-4.2261868
exp7_random_2,6434,1136.8062,1139.7211,0.0,-0.12998723983764648,-2.7850306
exp7_random_2,6435,1237.6844,1243.0618,0.0,-1.4424934387207031,-3.934711
exp7_random_2,6436,1114.8643,1117.9996,0.0,-0.02297574281692505,-3.1123705
exp7_random_2,6437,1121.0748,1124.3741,0.0,0.0,-3.2992866
exp7_random_2,6438,588.1488,693.8745,-100.0,-3.2354753017425537,-2.4903042
exp7_random_2,6439,1354.7556,1358.9604,0.0,0.0,-4.204685
exp7_random_2,6441,928.0742,930.73987,0.0,0.0,-2.665608
exp7_random_2,6442,1037.1053,1041.0548,0.0,-0.43659284710884094,-3.5129404
exp7_random_2,6443,992.2389,993.5244,0.0,-0.27246519923210144,-1.0131102
exp7_random_2,6444,943.5449,944.2762,0.0,0.0,-0.7312391
exp7_random_2,6445,970.07947,971.13135,0.0,-0.1087416410446167,-0.94319046
exp7_random_2,6446,984.184,985.9165,0.0,-0.2934004068374634,-1.4391863
exp7_random_2,6447,963.8466,964.6919,0.0,0.0,-0.84536874
exp7_random_2,6448,1007.5858,1010.0101,0.0,-0.4380975365638733,-1.9862237
exp7_random_2,6449,984.54675,985.8926,0.0,0.0,-1.3458102
exp7_random_2,6450,864.57947,865.655,0.0,0.0,-1.0754976
exp7_random_2,6451,965.3414,967.57745,0.0,-0.0037272274494171143,-2.232434
exp7_random_2,6452,1002.4287,1003.6748,0.0,0.0,-1.2459553
exp7_random_2,6453,1183.479,1191.1091,0.0,-1.9895670413970947,-5.6405
exp7_random_2,6454,711.6562,738.28815,0.0,-0.8785024285316467,-25.75321
exp7_random_2,6455,1324.8938,1328.9933,0.0,0.0,-4.0996733
exp7_random_2,6456,998.4592,1000.3205,0.0,0.0,-1.8614239
exp7_random_2,6457,1224.9697,1229.6908,0.0,-1.1390361785888672,-3.5821104
exp7_random_2,6458,970.94006,971.8081,0.0,-0.18269822001457214,-0.6853864
exp7_random_2,6459,938.2312,939.7207,0.0,0.0,-1.4894834
exp7_random_2,6461,1170.4731,1174.6752,0.0,-0.20295435190200806,-3.9988806
exp7_random_2,6462,1006.6688,1008.3832,0.0,0.0,-1.7142719
exp7_random_2,6463,1203.7249,1208.8113,0.0,-1.3708891868591309,-3.7154195
exp7_random_2,6464,1101.9725,1103.2107,0.0,0.0,-1.2383056
exp7_random_2,6465,932.0491,933.71875,0.0,0.0,-1.6697003
exp7_random_2,6466,-45.586884,60.103935,-100.0,-4.460439682006836,-1.2303742
exp7_random_2,6467,888.8052,890.3368,0.0,0.0,-1.5316539
exp7_random_2,6468,1010.5936,1015.3218,0.0,-0.0030672550201416016,-4.7248178
exp7_random_2,6469,913.61395,914.7333,0.0,0.0,-1.1192783
exp7_random_2,6470,929.6754,931.6996,0.0,0.0,-2.0241852
exp7_random_2,6471,1246.6377,1250.4692,0.0,-0.007603958249092102,-3.823886
exp7_random_2,6472,1092.0549,1096.3635,0.0,-1.1304768323898315,-3.1779351
exp7_random_2,6473,1024.4391,1028.3794,0.0,-0.04385066032409668,-3.896254
exp7_random_2,6474,1129.2341,1132.5459,0.0,-0.07848940789699554,-3.2332792
exp7_random_2,6475,1092.1637,1095.9746,0.0,-0.1669214367866516,-3.644013
exp7_random_2,6476,1364.835,1370.3573,0.0,0.0,-5.5221243
exp7_random_2,6477,1073.6085,1074.5542,0.0,0.0,-0.94567585
exp7_random_2,6478,1022.7355,1025.9333,0.0,-0.9384949207305908,-2.259368
exp7_random_2,6479,31.045761,135.6177,-100.0,-2.985504627227783,-1.586434
exp7_random_2,6481,-42.14412,93.32766,-100.0,-30.686683654785156,-4.7850924
exp7_random_2,6482,-97.87348,23.0025,-100.0,-20.012678146362305,-0.8633054
exp7_random_2,6483,-68.873436,35.459232,-100.0,-3.4205751419067383,-0.91208726
exp7_random_2,6484,123.79895,275.52216,-100.0,-50.351741790771484,-1.3713573
exp7_random_2,6485,1135.2441,1138.9598,0.0,-0.8352890610694885,-2.880378
exp7_random_2,6486,1250.0596,1257.9668,0.0,-1.2022749185562134,-6.704868
exp7_random_2,6487,332.06717,437.6698,-100.0,-4.186936378479004,-1.4156387
exp7_random_2,6488,1203.1515,1210.6469,0.0,-2.980774402618408,-4.5145698
exp7_random_2,6489,1017.6172,1020.58923,0.0,-0.4504033923149109,-2.521597
exp7_random_2,6490,993.4485,997.24316,0.0,-1.0216059684753418,-2.773023
exp7_random_2,6491,1245.1914,1249.2743,0.0,-0.04509885609149933,-4.0378294
exp7_random_2,6492,-22.22821,85.28563,-100.0,-6.7722883224487305,-0.7415512
exp7_random_2,6493,1322.3181,1326.3949,0.0,-0.20692265033721924,-3.869884
exp7_random_2,6494,935.0618,936.71484,0.0,-0.019484534859657288,-1.633461
exp7_random_2,6495,877.68494,880.6421,0.0,-0.18815521895885468,-2.7689805
exp7_random_2,6496,840.1779,841.24097,0.0,0.0,-1.0630901
exp7_random_2,6497,1007.59,1009.1908,0.0,0.0,-1.6008346
exp7_random_2,6498,958.3446,961.91394,0.0,-1.8719666004180908,-1.6974002
exp7_random_2,6499,986.5719,988.6003,0.0,0.0,-2.0282843
exp7_random_2,6501,671.22394,776.833,-100.0,-3.1026782989501953,-2.5065393
exp7_random_2,6502,1169.7129,1173.7311,0.0,-0.6830097436904907,-3.335235
exp7_random_2,6503,1187.602,1190.3047,0.0,0.0,-2.7025409
exp7_random_2,6504,1031.8561,1035.479,0.0,-0.3583757281303406,-3.264521
exp7_random_2,6505,998.9484,1002.64777,0.0,-0.2843165397644043,-3.4151664
exp7_random_2,6506,1055.8793,1058.1537,0.0,-0.25238290429115295,-2.0220046
exp7_random_2,6507,63.15509,215.03268,-100.0,-50.40523147583008,-1.4723703
exp7_random_2,6508,968.3894,969.9091,0.0,-0.4503942131996155,-1.0692911
exp7_random_2,6509,915.61115,916.709,0.0,0.0,-1.0978932
exp7_random_2,6510,1016.84863,1019.1776,0.0,-0.22263740003108978,-2.1063337
exp7_random_2,6511,945.635,946.3336,0.0,0.0,-0.69863075
exp7_random_2,6512,1080.2971,1082.2828,0.0,-0.07110913097858429,-1.9146967
exp7_random_2,6513,1002.74255,1007.02136,0.0,-1.8140383958816528,-2.4647539
exp7_random_2,6514,1132.1462,1137.9912,0.0,-2.0433473587036133,-3.8017533
exp7_random_2,6515,924.413,927.90295,0.0,-0.07322134077548981,-3.4166129
exp7_random_2,6516,1065.0319,1065.5952,0.0,0.0,-0.5632402
exp7_random_2,6517,635.19904,747.13635,-100.0,-7.768739700317383,-4.168712
exp7_random_2,6518,596.52765,701.8205,-100.0,-3.0349841117858887,-2.2578487
exp7_random_2,6519,1138.2896,1141.14,0.0,-0.007535278797149658,-2.8429399
exp7_random_2,6521,1147.1025,1153.2395,0.0,-1.5044912099838257,-4.6322803
exp7_random_2,6522,1161.5154,1166.2877,0.0,-1.0245176553726196,-3.7476957
exp7_random_2,6523,1050.6881,1051.9556,0.0,0.0,-1.2675046
exp7_random_2,6524,1037.9653,1040.0833,0.0,0.0,-2.1179981
exp7_random_2,6525,1113.9978,1116.7642,0.0,-0.010126322507858276,-2.7562068
exp7_random_2,6526,1064.0116,1066.0781,0.0,-0.30021432042121887,-1.7662865
exp7_random_2,6527,-20.48394,85.03818,-100.0,-3.252946376800537,-2.2691674
exp7_random_2,6528,885.32666,886.2142,0.0,0.0,-0.8875325
exp7_random_2,6529,1064.2578,1066.7639,0.0,-0.26033782958984375,-2.2456617
exp7_random_2,6530,1077.7737,1082.4491,0.0,-0.08601190149784088,-4.5890164
exp7_random_2,6531,1122.956,1125.3441,0.0,0.0,-2.3881118
exp7_random_2,6532,1048.1484,1050.6407,0.0,-0.025761067867279053,-2.4664733
exp7_random_2,6533,1055.2966,1058.226,0.0,-0.25376760959625244,-2.6754847
exp7_random_2,6534,960.06323,962.72766,0.0,-0.39079511165618896,-2.2737858
exp7_random_2,6535,1175.4476,1181.488,0.0,-0.5274914503097534,-5.512774
exp7_random_2,6536,1212.0817,1221.2368,0.0,-2.6550772190093994,-6.499928
exp7_random_2,6537,1049.2261,1051.3303,0.0,0.0,-2.1044905
exp7_random_2,6538,898.75854,900.3507,0.0,0.0,-1.5921781
exp7_random_2,6539,975.0468,979.7439,0.0,-0.9521931409835815,-3.7450058
exp7_random_2,6541,929.8172,931.0251,0.0,0.0,-1.2079048
exp7_random_2,6542,-119.80276,9.651305,-100.0,-29.171463012695312,-0.28259847
exp7_random_2,6543,440.83722,544.86957,-100.0,-2.3555960655212402,-1.6767735
exp7_random_2,6544,1067.5054,1070.6796,0.0,-0.5235955119132996,-2.650661
exp7_random_2,6545,1057.5841,1061.8987,0.0,-1.8500553369522095,-2.4643688
exp7_random_2,6546,901.5763,903.6646,0.0,0.0,-2.0883667
exp7_random_2,6547,944.3965,945.09607,0.0,0.0,-0.699398
exp7_random_2,6548,993.23535,997.2394,0.0,-1.3659312725067139,-2.6381097
exp7_random_2,6549,1129.8118,1142.5209,0.0,-3.7688465118408203,-8.940555
exp7_random_2,6550,-17.21849,139.39911,-100.0,-51.677001953125,-4.940627
exp7_random_2,6551,1012.0176,1014.1731,0.0,-0.20863191783428192,-1.9467893
exp7_random_2,6552,1186.051,1190.164,0.0,-0.8063926100730896,-3.3063245
exp7_random_2,6553,1383.1654,1387.4014,0.0,-0.2807709574699402,-3.9553933
exp7_random_2,6554,1373.813,1381.3456,0.0,-1.1535815000534058,-6.3787503
exp7_random_2,6555,851.3436,852.23364,0.0,0.0,-0.8900444
exp7_random_2,6556,1147.2327,1149.624,0.0,-0.02480444312095642,-2.3667645
exp7_random_2,6557,1152.9926,1157.393,0.0,-2.166998863220215,-2.2334862
exp7_random_2,6558,1222.4059,1226.5161,0.0,-0.03481625020503998,-4.075135
exp7_random_2,6559,991.1594,994.63434,0.0,-0.6184902191162109,-2.856501
exp7_random_2,6561,1175.5518,1177.686,0.0,-0.49693742394447327,-1.6374751
exp7_random_2,6562,-36.816017,70.00225,-100.0,-2.588108539581299,-4.2301626
exp7_random_2,6563,1220.7274,1225.7872,0.0,-1.0042022466659546,-4.0555215
exp7_random_2,6564,469.85492,579.01715,-100.0,-6.737388610839844,-2.4249084
exp7_random_2,6565,1005.8544,1007.35925,0.0,0.0,-1.5048914
exp7_random_2,6566,957.9074,959.6506,0.0,0.0,-1.7431012
exp7_random_2,6567,1220.2437,1223.9966,0.0,-0.23285120725631714,-3.5200808
exp7_random_2,6568,1006.6614,1007.7544,0.0,0.0,-1.0931308
exp7_random_2,6569,985.6297,989.98694,0.0,-2.062847137451172,-2.2945428
exp7_random_2,6570,426.82227,579.3678,-100.0,-50.37299728393555,-2.1725488
exp7_random_2,6571,1015.66815,1018.2876,0.0,-0.006358668208122253,-2.612989
exp7_random_2,6572,1129.0032,1136.2062,0.0,-3.802271604537964,-3.40075
exp7_random_2,6573,1032.6326,1034.8379,0.0,-0.1789213865995407,-2.0264027
exp7_random_2,6574,1197.5894,1202.0051,0.0,-0.20650140941143036,-4.2093863
exp7_random_2,6575,1092.1476,1094.7527,0.0,-0.0004915744066238403,-2.6048284
exp7_random_2,6576,905.9966,908.36816,0.0,0.0,-2.371621
exp7_random_2,6577,1057.3763,1058.6459,0.0,0.0,-1.2696856
exp7_random_2,6578,187.15717,299.62613,-100.0,-8.43579387664795,-4.033201
exp7_random_2,6579,963.4647,968.714,0.0,-2.4908695220947266,-2.7582068
exp7_random_2,6581,1129.4413,1132.1997,0.0,-0.24560724198818207,-2.5127394
exp7_random_2,6582,1198.9454,1202.7725,0.0,-0.3644835948944092,-3.462512
exp7_random_2,6583,1016.6958,1018.0219,0.0,0.0,-1.3261989
exp7_random_2,6584,988.8009,989.416,0.0,0.0,-0.6151264
exp7_random_2,6585,1106.8442,1110.5065,0.0,0.0,-3.6621387
exp7_random_2,6586,1066.2849,1068.6005,0.0,0.0,-2.315665
exp7_random_2,6587,1098.7689,1102.4408,0.0,-0.29054149985313416,-3.381079
exp7_random_2,6588,932.07935,934.3999,0.0,-1.1031538248062134,-1.217473
exp7_random_2,6589,937.3976,938.9536,0.0,0.0,-1.5561627
exp7_random_2,6590,1265.1257,1269.1134,0.0,-0.3072527050971985,-3.6804066
exp7_random_2,6591,1219.8042,1226.6263,0.0,-2.1583895683288574,-4.663615
exp7_random_2,6592,1070.9954,1075.0374,0.0,0.0,-4.042061
exp7_random_2,6593,1006.6476,1008.4749,0.0,0.0,-1.8274196
exp7_random_2,6594,1065.4408,1068.2125,0.0,0.0,-2.7719245
exp7_random_2,6595,908.65826,909.0536,0.0,0.0,-0.39535493
exp7_random_2,6596,1032.6312,1036.3073,0.0,-0.007290542125701904,-3.6687136
exp7_random_2,6597,979.5935,983.72485,0.0,-0.06810250878334045,-4.0632997
exp7_random_2,6598,1200.8838,1203.498,0.0,0.0,-2.61431
exp7_random_2,6599,1069.5549,1071.5789,0.0,-0.07025118172168732,-1.9536016
exp7_random_2,6601,1114.5938,1117.1605,0.0,0.0,-2.5668883
exp7_random_2,6602,972.6996,974.2508,0.0,0.0,-1.5513297
exp7_random_2,6603,1032.0833,1034.5507,0.0,-0.32602232694625854,-2.1414523
exp7_random_2,6604,1170.683,1179.6663,0.0,-2.2509453296661377,-6.732295
exp7_random_2,6605,1071.9215,1074.6648,0.0,-0.06309051811695099,-2.6801286
exp7_random_2,6606,1027.7882,1029.9283,0.0,-0.49510398507118225,-1.6452185
exp7_random_2,6607,1112.7754,1117.0818,0.0,-1.1280758380889893,-3.1784751
exp7_random_2,6608,1198.4406,1203.7086,0.0,-0.762535810470581,-4.505497
exp7_random_2,6609,1044.9827,1047.5797,0.0,-0.3469284176826477,-2.2502482
exp7_random_2,6610,1167.2046,1171.6432,0.0,-0.3287549614906311,-4.1098084
exp7_random_2,6611,1212.3297,1214.169,0.0,-0.1439133584499359,-1.6951846
exp7_random_2,6612,959.0465,963.01245,0.0,-0.05020686984062195,-3.9158125
exp7_random_2,6613,1120.0753,1123.2963,0.0,-0.6779106855392456,-2.5430603
exp7_random_2,6614,1008.8139,1012.3804,0.0,-0.5808576345443726,-2.9855278
exp7_random_2,6615,1135.8967,1138.6782,0.0,-0.0008937716484069824,-2.7805252
exp7_random_2,6616,1026.9062,1028.4485,0.0,-0.13888151943683624,-1.4034296
exp7_random_2,6617,897.1062,898.0621,0.0,0.0,-0.95583594
exp7_random_2,6618,1059.8032,1061.5481,0.0,0.0,-1.7448325
exp7_random_2,6619,1103.2725,1107.7765,0.0,-0.5894454717636108,-3.9144144
exp7_random_2,6621,994.5083,998.28204,0.0,-0.10274885594844818,-3.671161
exp7_random_2,6622,1106.4702,1109.873,0.0,-0.3002013862133026,-3.1027915
exp7_random_2,6623,541.9879,648.60645,-100.0,-2.5485053062438965,-4.0701756
exp7_random_2,6624,-72.17319,33.501484,-100.0,-3.6804823875427246,-1.9941916
exp7_random_2,6625,1238.5651,1241.8678,0.0,-0.7464638948440552,-2.5565028
exp7_random_2,6626,1001.0514,1003.74146,0.0,-0.9246354699134827,-1.7652143
exp7_random_2,6627,998.9967,1000.1105,0.0,0.0,-1.113872
exp7_random_2,6628,1002.41626,1003.45703,0.0,-0.04190778732299805,-0.9988931
exp7_random_2,6629,1159.6301,1161.9026,0.0,0.0,-2.2726161
exp7_random_2,6630,1015.5007,1016.6764,0.0,0.0,-1.1756009
exp7_random_2,6631,1085.9868,1087.3525,0.0,0.0,-1.3658085
exp7_random_2,6632,1111.7855,1114.1682,0.0,-0.13855034112930298,-2.2442622
exp7_random_2,6633,963.73553,965.09125,0.0,-0.0710064023733139,-1.2845923
exp7_random_2,6634,1059.7157,1060.9127,0.0,0.0,-1.1971117
exp7_random_2,6635,927.6574,928.5582,0.0,0.0,-0.9008645
exp7_random_2,6636,1282.6206,1287.426,0.0,-0.08330148458480835,-4.7221174
exp7_random_2,6637,-101.39067,2.0564318,-100.0,-2.985218048095703,-0.46188208
exp7_random_2,6638,1046.7751,1054.2703,0.0,-0.7877625823020935,-6.7073665
exp7_random_2,6639,1135.737,1138.352,0.0,-0.7057168483734131,-1.9091494
exp7_random_2,6641,1231.4946,1236.8916,0.0,-1.3618371486663818,-4.035155
exp7_random_2,6642,-138.7175,13.26295,-100.0,-51.06272888183594,-0.9177226
exp7_random_2,6643,963.6211,966.33386,0.0,-0.40776583552360535,-2.3049457
exp7_random_2,6644,394.8498,498.90494,-100.0,-2.165938377380371,-1.8892032
exp7_random_2,6645,415.4304,520.26324,-100.0,-2.9986910820007324,-1.83412
exp7_random_2,6646,1291.1448,1294.6844,0.0,-0.03710247576236725,-3.502595
exp7_random_2,6647,901.6481,903.7472,0.0,0.0,-2.0990748
exp7_random_2,6648,1036.9282,1041.2067,0.0,-0.6668850779533386,-3.6114461
exp7_random_2,6649,898.0035,899.91174,0.0,-0.27162420749664307,-1.6366104
exp7_random_2,6650,967.4568,969.89087,0.0,-0.05038365721702576,-2.383723
exp7_random_2,6651,912.7931,915.3191,0.0,-0.12470953166484833,-2.401314
exp7_random_2,6652,406.27176,519.1019,-100.0,-10.937101364135742,-1.8930881
exp7_random_2,6653,359.7152,467.91522,-100.0,-5.539381504058838,-2.6606128
exp7_random_2,6654,967.15216,968.9341,0.0,-0.09343469142913818,-1.6885684
exp7_random_2,6655,1284.0273,1289.0782,0.0,-0.04269981384277344,-5.0081162
exp7_random_2,6656,1106.0271,1110.1257,0.0,-0.43814337253570557,-3.6606295
exp7_random_2,6657,1048.062,1050.541,0.0,-0.7427462339401245,-1.7362309
exp7_random_2,6658,951.70386,953.12427,0.0,0.0,-1.4203434
exp7_random_2,6659,1003.1549,1005.14343,0.0,0.0,-1.988436
exp7_random_2,6661,1169.6979,1173.7017,0.0,-0.1474514752626419,-3.856081
exp7_random_2,6662,1257.7909,1260.1709,0.0,0.0,-2.380192
exp7_random_2,6663,1080.209,1084.3158,0.0,-0.10460664331912994,-4.0023284
exp7_random_2,6664,1112.4944,1117.2546,0.0,-1.3639155626296997,-3.3961089
exp7_random_2,6665,1303.1006,1306.5967,0.0,-0.4484000504016876,-3.0476713
exp7_random_2,6666,1032.8075,1035.5615,0.0,-0.03251609206199646,-2.7215364
exp7_random_2,6667,1062.8668,1066.9789,0.0,-0.09694387018680573,-4.015147
exp7_random_2,6668,1054.007,1056.8693,0.0,-0.15582086145877838,-2.7064571
exp7_random_2,6669,915.5281,917.0082,0.0,-0.00538809597492218,-1.4746859
exp7_random_2,6670,1018.23676,1022.34607,0.0,-0.6595034003257751,-3.4499934
exp7_random_2,6671,1132.1705,1135.5432,0.0,0.0,-3.372598
exp7_random_2,6672,1235.4951,1238.1449,0.0,0.0,-2.6496303
exp7_random_2,6673,1042.1163,1043.9044,0.0,0.0,-1.7880377
exp7_random_2,6674,-96.57778,7.144369,-100.0,-3.407787561416626,-0.3143659
exp7_random_2,6675,1017.05505,1019.6044,0.0,-0.1748376190662384,-2.3745914
exp7_random_2,6676,1000.3585,1002.39044,0.0,-0.31350791454315186,-1.7183585
exp7_random_2,6677,897.3075,898.2095,0.0,0.0,-0.90190345
exp7_random_2,6678,1046.8007,1048.1445,0.0,-0.08712093532085419,-1.2566684
exp7_random_2,6679,1080.0599,1086.1096,0.0,-2.096062421798706,-3.9533975
exp7_random_2,6681,929.9278,932.95624,0.0,-0.00011935830116271973,-3.0283735
exp7_random_2,6682,1067.2826,1069.2268,0.0,-0.39786624908447266,-1.5461613
exp7_random_2,6683,1055.1372,1056.534,0.0,0.0,-1.3966938
exp7_random_2,6684,1440.3198,1456.9521,0.0,-6.139281749725342,-10.493205
exp7_random_2,6685,1013.2815,1015.1183,0.0,-0.30118271708488464,-1.5355177
exp7_random_2,6686,1063.4376,1067.2228,0.0,-1.272381067276001,-2.5128357
exp7_random_2,6687,938.0138,942.20776,0.0,-0.6267375946044922,-3.567232
exp7_random_2,6688,938.44165,942.3798,0.0,-1.3959801197052002,-2.5422685
exp7_random_2,6689,886.9577,887.7179,0.0,0.0,-0.760152
exp7_random_2,6690,885.8837,886.74744,0.0,0.0,-0.86380166
exp7_random_2,6691,896.2649,897.3669,0.0,0.0,-1.1019725
exp7_random_2,6692,1072.3749,1074.2529,0.0,-0.24963729083538055,-1.628348
exp7_random_2,6693,1052.2195,1057.7595,0.0,-1.7902706861495972,-3.749686
exp7_random_2,6694,1243.6249,1249.3589,0.0,-0.4028390049934387,-5.330887
exp7_random_2,6695,952.3878,953.6422,0.0,-0.23610801994800568,-1.0183254
exp7_random_2,6696,1177.3121,1181.145,0.0,-0.5483626127243042,-3.2846437
exp7_random_2,6697,1230.0178,1236.9775,0.0,-0.9695947170257568,-5.9898734
exp7_random_2,6698,971.1305,972.53906,0.0,0.0,-1.4085304
exp7_random_2,6699,-48.689735,54.02976,-100.0,-2.262576103210449,-0.45692295
exp7_random_2,6701,1255.5142,1261.3733,0.0,-1.07883620262146,-4.780205
exp7_random_2,6702,1108.0624,1114.6163,0.0,-0.0158073753118515,-6.538088
exp7_random_2,6703,1103.8315,1106.1533,0.0,0.0,-2.3218064
exp7_random_2,6704,1023.2572,1025.6538,0.0,-0.4667861759662628,-1.9297539
exp7_random_2,6705,1367.6921,1371.9708,0.0,-0.12500742077827454,-4.1533914
exp7_random_2,6706,1059.3208,1061.0955,0.0,-0.010672688484191895,-1.7640184
exp7_random_2,6707,1206.3406,1209.908,0.0,-0.20899632573127747,-3.35829
exp7_random_2,6708,1152.0049,1155.042,0.0,0.0,-3.0372667
exp7_random_2,6709,1083.714,1086.3723,0.0,-0.042615413665771484,-2.6157613
exp7_random_2,6710,863.6448,864.718,0.0,0.0,-1.0732764
exp7_random_2,6711,1047.9912,1053.3639,0.0,-0.553818941116333,-4.8190527
exp7_random_2,6712,1058.8057,1061.2845,0.0,0.0,-2.4787905
exp7_random_2,6713,1011.4302,1014.04016,0.0,0.0,-2.6100228
exp7_random_2,6714,1004.03375,1007.48193,0.0,0.0,-3.4481957
exp7_random_2,6715,993.31055,996.78314,0.0,-0.6533582210540771,-2.8190963
exp7_random_2,6716,944.5212,945.9087,0.0,0.0,-1.3876315
exp7_random_2,6717,1196.1832,1198.8442,0.0,-0.057819485664367676,-2.603312
exp7_random_2,6718,1289.0144,1294.7584,0.0,-0.4265746772289276,-5.31753
exp7_random_2,6719,1169.2404,1172.2217,0.0,0.0,-2.981365
exp7_random_2,6721,1109.7203,1113.0173,0.0,0.0,-3.297029
exp7_random_2,6722,980.27356,981.8617,0.0,0.0,-1.58817
exp7_random_2,6723,1060.7008,1064.1451,0.0,-0.8759899139404297,-2.5682817
exp7_random_2,6724,1027.1802,1028.3938,0.0,-0.027415722608566284,-1.1864932
exp7_random_2,6725,111.845665,219.7793,-100.0,-5.273690223693848,-2.6599057
exp7_random_2,6726,1129.5348,1132.2312,0.0,-0.10727256536483765,-2.5891821
exp7_random_2,6727,1047.9077,1049.7852,0.0,0.0,-1.8774575
exp7_random_2,6728,465.5821,572.93994,-100.0,-3.614715099334717,-3.7432618
exp7_random_2,6729,1177.4502,1180.0486,0.0,-0.31262844800949097,-2.2858038
exp7_random_2,6730,1118.1205,1119.5513,0.0,0.0,-1.4306471
exp7_random_2,6731,1320.0043,1325.6774,0.0,-0.5960991978645325,-5.0770535
exp7_random_2,6732,1121.5106,1123.3208,0.0,0.0,-1.8101802
exp7_random_2,6733,1154.2372,1157.5815,0.0,-1.0047154426574707,-2.3397145
exp7_random_2,6734,1022.36487,1026.4124,0.0,-0.8667339086532593,-3.180672
exp7_random_2,6735,1227.1249,1230.7446,0.0,-0.040896520018577576,-3.5789561
exp7_random_2,6736,920.3749,921.3142,0.0,0.0,-0.9393812
exp7_random_2,6737,1147.478,1154.4548,0.0,-1.788087010383606,-5.188595
exp7_random_2,6738,1241.4723,1243.9303,0.0,0.0,-2.4578247
exp7_random_2,6739,1117.5276,1125.3489,0.0,-2.9777097702026367,-4.843498
exp7_random_2,6741,1148.7726,1150.8811,0.0,-0.12321099638938904,-1.9854378
exp7_random_2,6742,-48.68342,82.216286,-100.0,-30.197296142578125,-0.702393
exp7_random_2,6743,999.1045,1002.11896,0.0,-0.5921999216079712,-2.42228
exp7_random_2,6744,444.36688,561.5555,-100.0,-15.711230278015137,-1.4772861
exp7_random_2,6745,1067.8226,1071.3872,0.0,-0.05019213259220123,-3.5143657
exp7_random_2,6746,-48.963547,59.717175,-100.0,-7.390401840209961,-1.2903205
exp7_random_2,6747,1132.5643,1137.7214,0.0,-0.9198226928710938,-4.237172
exp7_random_2,6748,968.49133,970.0923,0.0,0.0,-1.601079
exp7_random_2,6749,1108.958,1111.5723,0.0,-0.6494958996772766,-1.9647958
exp7_random_2,6750,1241.7424,1245.8939,0.0,-0.7946961522102356,-3.3567126
exp7_random_2,6751,961.24603,962.5675,0.0,0.0,-1.321473
exp7_random_2,6752,1244.6995,1250.0742,0.0,-0.4810348153114319,-4.8935914
exp7_random_2,6753,933.86633,935.1372,0.0,0.0,-1.2708994
exp7_random_2,6754,915.5145,917.08307,0.0,0.0,-1.5685376
exp7_random_2,6755,1154.4579,1157.93,0.0,-0.9567826986312866,-2.51546
exp7_random_2,6756,492.59937,598.9741,-100.0,-4.529243469238281,-1.8455884
exp7_random_2,6757,-46.261013,65.372696,-100.0,-10.754364967346191,-0.8793392
exp7_random_2,6758,914.35803,914.76196,0.0,0.0,-0.40394163
exp7_random_2,6759,1200.7073,1207.044,0.0,-2.889521598815918,-3.4471385
exp7_random_2,6761,1204.0902,1207.7595,0.0,-0.5432506799697876,-3.126193
exp7_random_2,6762,1030.5646,1033.3525,0.0,-0.1624229997396469,-2.625669
exp7_random_2,6763,1150.433,1155.581,0.0,-0.2737140655517578,-4.874203
exp7_random_2,6764,1130.3318,1133.9209,0.0,-0.006161138415336609,-3.5830002
exp7_random_2,6765,1209.7638,1216.2512,0.0,-0.9522135853767395,-5.5351734
exp7_random_2,6766,1059.4196,1062.8604,0.0,-0.13874253630638123,-3.3019907
exp7_random_2,6767,1194.2029,1195.4602,0.0,0.0,-1.2574251
exp7_random_2,6768,1222.6151,1226.168,0.0,-0.5800157785415649,-2.972637
exp7_random_2,6769,1119.7941,1121.0221,0.0,0.0,-1.2279975
exp7_random_2,6770,1126.6018,1130.017,0.0,-0.05191938579082489,-3.3632553
exp7_random_2,6771,1005.2123,1007.508,0.0,-0.4447746276855469,-1.8509158
exp7_random_2,6772,1094.3342,1097.1815,0.0,0.0,-2.8471007
exp7_random_2,6773,1148.7183,1150.366,0.0,0.0,-1.6478022
exp7_random_2,6774,1041.3993,1046.9672,0.0,-0.04714018106460571,-5.520749
exp7_random_2,6775,1363.0535,1367.3455,0.0,-0.02640029788017273,-4.2655115
exp7_random_2,6776,1411.7129,1417.6411,0.0,-0.327506422996521,-5.600758
exp7_random_2,6777,281.79028,433.016,-100.0,-50.4954719543457,-0.7302342
exp7_random_2,6778,1103.8743,1106.4175,0.0,-0.21123374998569489,-2.3323977
exp7_random_2,6779,966.5266,968.0442,0.0,-0.19380688667297363,-1.3236889
exp7_random_2,6781,1269.9596,1274.96,0.0,-0.003201037645339966,-4.9971356
exp7_random_2,6782,1139.8508,1142.9373,0.0,-0.1629902422428131,-2.9231005
exp7_random_2,6783,1091.1489,1094.0455,0.0,0.0,-2.8969355
exp7_random_2,6784,844.5146,845.0609,0.0,0.0,-0.546343
exp7_random_2,6785,1068.1018,1072.3905,0.0,-1.3012990951538086,-2.9875197
exp7_random_2,6786,1309.7305,1316.6694,0.0,-1.7252269983291626,-5.2138357
exp7_random_2,6787,1156.2104,1165.6731,0.0,-1.4368599653244019,-8.025832
exp7_random_2,6788,1205.5573,1208.3953,0.0,0.0,-2.8380783
exp7_random_2,6789,1021.0854,1023.8357,0.0,-0.08132530748844147,-2.6690364
exp7_random_2,6790,637.7799,743.4119,-100.0,-2.324406147003174,-3.3076181
exp7_random_2,6791,1089.6025,1091.9308,0.0,0.0,-2.3283098
exp7_random_2,6792,983.51514,987.64795,0.0,-1.2392096519470215,-2.893536
exp7_random_2,6793,962.35535,965.21387,0.0,-0.19942247867584229,-2.6590524
exp7_random_2,6794,967.1479,969.06604,0.0,0.0,-1.918116
exp7_random_2,6795,1299.842,1304.4797,0.0,-0.11011479794979095,-4.527721
exp7_random_2,6796,996.5638,999.8729,0.0,-0.2660023868083954,-3.043168
exp7_random_2,6797,1180.294,1188.6074,0.0,-4.4659881591796875,-3.8475606
exp7_random_2,6798,1057.9437,1060.1575,0.0,-0.47436416149139404,-1.7393281
exp7_random_2,6799,1063.3241,1064.8414,0.0,0.0,-1.5173645
exp7_random_2,6801,1140.2689,1144.1508,0.0,-0.0018924474716186523,-3.8799326
exp7_random_2,6802,1113.6898,1117.1418,0.0,-0.10197658836841583,-3.349854
exp7_random_2,6803,864.46466,868.3342,0.0,-0.01282656192779541,-3.8566983
exp7_random_2,6804,1231.9032,1234.3657,0.0,0.0,-2.462382
exp7_random_2,6805,1046.5388,1049.3458,0.0,-0.22300106287002563,-2.5841167
exp7_random_2,6806,1099.0789,1105.3577,0.0,-2.6395227909088135,-3.639449
exp7_random_2,6807,978.8098,979.8203,0.0,0.0,-1.0104173
exp7_random_2,6808,1165.8999,1172.1177,0.0,-0.9770559072494507,-5.2407236
exp7_random_2,6809,1174.4036,1177.1614,0.0,-0.12239548563957214,-2.6355155
exp7_random_2,6810,1070.1743,1071.5225,0.0,0.0,-1.3481542
exp7_random_2,6811,1033.7,1035.4717,0.0,0.0,-1.7718377
exp7_random_2,6812,1018.90674,1022.15,0.0,-0.2208404392004013,-3.022316
exp7_random_2,6813,1044.0314,1046.7847,0.0,0.0,-2.7530997
exp7_random_2,6814,1019.6487,1025.6638,0.0,-1.8078690767288208,-4.2072067
exp7_random_2,6815,1029.9048,1031.0964,0.0,0.0,-1.1917065
exp7_random_2,6816,952.86816,954.4619,0.0,0.0,-1.5938103
exp7_random_2,6817,929.2326,931.5192,0.0,-0.8953697681427002,-1.3911998
exp7_random_2,6818,1188.1943,1194.7758,0.0,-2.155111789703369,-4.4264107
exp7_random_2,6819,1220.7461,1230.7568,0.0,-2.938206434249878,-7.0723567
exp7_random_2,6821,1300.1051,1303.9154,0.0,-0.2768630087375641,-3.5333588
exp7_random_2,6822,887.96216,891.57776,0.0,0.0,-3.6155546
exp7_random_2,6823,1093.3291,1098.0558,0.0,-1.2102452516555786,-3.5163748
exp7_random_2,6824,1021.76575,1024.0803,0.0,-0.0070833563804626465,-2.307725
exp7_random_2,6825,1220.1661,1225.5396,0.0,-0.3743422329425812,-4.9988513
exp7_random_2,6826,1079.6969,1081.0643,0.0,-0.018052801489830017,-1.3493617
exp7_random_2,6827,1250.1157,1252.2495,0.0,-0.09479118883609772,-2.0389385
exp7_random_2,6828,951.5529,953.0768,0.0,0.0,-1.5238578
exp7_random_2,6829,1043.3774,1046.5424,0.0,-0.4024955630302429,-2.762336
exp7_random_2,6830,1054.5685,1059.6549,0.0,-0.6540573835372925,-4.4325233
exp7_random_2,6831,1175.105,1180.4819,0.0,-0.014994964003562927,-5.3621254
exp7_random_2,6832,1266.7131,1272.3025,0.0,-1.1795176267623901,-4.4098616
exp7_random_2,6833,1182.9945,1186.882,0.0,-0.15223775804042816,-3.735079
exp7_random_2,6834,870.8455,871.7735,0.0,0.0,-0.9280105
exp7_random_2,6835,1022.40265,1024.9492,0.0,0.0,-2.5466237
exp7_random_2,6836,1258.4335,1261.4344,0.0,-0.663233757019043,-2.3376718
exp7_random_2,6837,430.6878,554.9903,-100.0,-22.305240631103516,-1.9971459
exp7_random_2,6838,1119.762,1124.0806,0.0,-0.6203597187995911,-3.6983025
exp7_random_2,6839,1004.94116,1006.6167,0.0,0.0,-1.6756257
exp7_random_2,6841,132.51553,237.68144,-100.0,-4.485064506530762,-0.6808485
exp7_random_2,6842,905.7775,906.4324,0.0,0.0,-0.65489495
exp7_random_2,6843,1204.0391,1206.4194,0.0,-0.19480980932712555,-2.1856139
exp7_random_2,6844,1230.6104,1235.2144,0.0,-0.35503265261650085,-4.2487698
exp7_random_2,6845,1184.0883,1189.3523,0.0,-0.5319515466690063,-4.7320633
exp7_random_2,6846,1127.097,1131.869,0.0,-0.2830343544483185,-4.489
exp7_random_2,6847,990.0702,994.0884,0.0,-0.9302470088005066,-3.088111
exp7_random_2,6848,-35.155457,116.15624,-100.0,-49.89659881591797,-1.4150862
exp7_random_2,6849,952.21704,953.05383,0.0,0.0,-0.8368198
exp7_random_2,6850,1040.8254,1043.1176,0.0,-0.1611255556344986,-2.1310678
exp7_random_2,6851,885.2011,887.30817,0.0,-0.10958324372768402,-1.9974476
exp7_random_2,6852,1071.9236,1072.7196,0.0,0.0,-0.7960118
exp7_random_2,6853,1366.2767,1370.416,0.0,-0.7441158294677734,-3.39502
exp7_random_2,6854,-67.48085,84.990326,-100.0,-50.46551513671875,-2.0056577
exp7_random_2,6855,1280.007,1286.2014,0.0,-0.6883715391159058,-5.505876
exp7_random_2,6856,876.068,876.92334,0.0,0.0,-0.8553836
exp7_random_2,6857,654.9693,764.7762,-100.0,-5.89897346496582,-3.908128
exp7_random_2,6858,602.86975,735.7684,-100.0,-29.35137367248535,-3.5473065
exp7_random_2,6859,1174.3464,1177.8313,0.0,-0.1278616338968277,-3.3569887
exp7_random_2,6861,1076.3683,1078.8682,0.0,-0.20176850259304047,-2.298101
exp7_random_2,6862,970.71875,972.7646,0.0,-0.022759556770324707,-2.0230517
exp7_random_2,6863,994.30554,996.4214,0.0,-0.07969172298908234,-2.0362003
exp7_random_2,6864,1194.384,1199.0022,0.0,-0.6358781456947327,-3.9822867
exp7_random_2,6865,-9.616432,94.8472,-100.0,-4.118544101715088,-0.34508514
exp7_random_2,6866,1061.9297,1066.2024,0.0,-0.6854616403579712,-3.5871818
exp7_random_2,6867,837.303,839.28455,0.0,0.0,-1.981548
exp7_random_2,6868,610.616,719.0848,-100.0,-5.193155288696289,-3.2756426
exp7_random_2,6869,1176.0144,1180.0696,0.0,-0.4773983955383301,-3.5779397
exp7_random_2,6870,-53.84728,49.046192,-100.0,-2.567295789718628,-0.326182
exp7_random_2,6871,1314.2375,1323.2848,0.0,-2.9488940238952637,-6.0985103
exp7_random_2,6872,1236.2524,1241.788,0.0,-1.192844271659851,-4.342599
exp7_random_2,6873,1142.761,1144.1956,0.0,0.0,-1.4344894
exp7_random_2,6874,509.39758,661.3434,-100.0,-50.06496810913086,-1.880832
exp7_random_2,6875,944.31714,947.1063,0.0,-0.9627801179885864,-1.8264928
exp7_random_2,6876,1067.0286,1069.3655,0.0,-0.07920131087303162,-2.2575672
exp7_random_2,6877,392.35178,496.96796,-100.0,-3.548151731491089,-1.0680094
exp7_random_2,6878,954.5034,955.5823,0.0,0.0,-1.0788574
exp7_random_2,6879,1204.1621,1206.9385,0.0,-0.11950361728668213,-2.6570928
exp7_random_2,6881,972.5808,975.65967,0.0,-0.18531037867069244,-2.893648
exp7_random_2,6882,1295.8851,1303.4117,0.0,-0.7610859274864197,-6.765392
exp7_random_2,6883,1484.645,1493.1956,0.0,-1.2273799180984497,-7.322983
exp7_random_2,6884,1034.7819,1035.6427,0.0,0.0,-0.86083734
exp7_random_2,6885,1007.0712,1009.8498,0.0,-0.006897956132888794,-2.7714565
exp7_random_2,6886,987.86304,988.6285,0.0,-0.017489522695541382,-0.7479537
exp7_random_2,6887,1005.31134,1006.9928,0.0,-0.07165639102458954,-1.6098652
exp7_random_2,6888,949.1554,950.53784,0.0,0.0,-1.3823993
exp7_random_2,6889,886.45,888.0293,0.0,0.0,-1.5793132
exp7_random_2,6890,982.8047,985.3244,0.0,-0.10238109529018402,-2.4173238
exp7_random_2,6891,932.32526,934.7207,0.0,-0.2099057137966156,-2.185472
exp7_random_2,6892,1135.0778,1137.4536,0.0,-0.03317132592201233,-2.3428495
exp7_random_2,6893,1281.4264,1285.1263,0.0,-0.5405517816543579,-3.1593769
exp7_random_2,6894,1311.5062,1321.1156,0.0,-1.3133443593978882,-8.296121
exp7_random_2,6895,455.30057,610.3068,-100.0,-52.05481719970703,-2.9514863
exp7_random_2,6896,1078.5297,1085.6783,0.0,-2.1693620681762695,-4.97931
exp7_random_2,6897,999.18115,1002.08105,0.0,-0.6658253073692322,-2.234081
exp7_random_2,6898,1174.5668,1179.1007,0.0,-1.8519984483718872,-2.681752
exp7_random_2,6899,1023.4376,1026.8168,0.0,-0.364784300327301,-3.0143132
exp7_random_2,6901,1209.7272,1216.0642,0.0,-1.009451985359192,-5.3276987
exp7_random_2,6902,1163.2355,1169.3882,0.0,-1.1198582649230957,-5.032852
exp7_random_2,6903,1168.6896,1172.3053,0.0,-0.3041141629219055,-3.3114953
exp7_random_2,6904,1033.842,1036.9221,0.0,-1.0802159309387207,-1.9998468
exp7_random_2,6905,1320.7408,1325.0869,0.0,0.0,-4.3462105
exp7_random_2,6906,894.4568,895.48267,0.0,0.0,-1.0258433
exp7_random_2,6907,1076.3765,1078.2571,0.0,-0.16744309663772583,-1.7129292
exp7_random_2,6908,1149.6426,1151.9154,0.0,-0.21880444884300232,-2.0538702
exp7_random_2,6909,978.76117,981.14453,0.0,0.0,-2.3833797
exp7_random_2,6910,961.0646,961.897,0.0,0.0,-0.83246917
exp7_random_2,6911,1203.7084,1206.3594,0.0,-0.018392309546470642,-2.632322
exp7_random_2,6912,1142.159,1145.8025,0.0,-0.9875880479812622,-2.6558673
exp7_random_2,6913,1041.958,1049.7576,0.0,-4.090638160705566,-3.70893
exp7_random_2,6914,1124.7734,1132.661,0.0,-1.9062138795852661,-5.9815993
exp7_random_2,6915,1298.5721,1313.4828,0.0,-0.5367696285247803,-14.3735695
exp7_random_2,6916,1198.8765,1204.8837,0.0,-1.1346485614776611,-4.872693
exp7_random_2,6917,1043.8765,1046.3618,0.0,-0.003476381301879883,-2.481935
exp7_random_2,6918,1134.1945,1138.9937,0.0,-0.5474561452865601,-4.2517357
exp7_random_2,6919,1042.6731,1044.2073,0.0,0.0,-1.5340745
exp7_random_2,6921,1041.4758,1043.6499,0.0,-0.014678478240966797,-2.1593251
exp7_random_2,6922,1404.4453,1412.4574,0.0,-0.5987583994865417,-7.413439
exp7_random_2,6923,1169.5386,1174.8458,0.0,-0.44721519947052,-4.8598943
exp7_random_2,6924,1069.0825,1070.747,0.0,0.0,-1.6646172
exp7_random_2,6925,986.7138,987.47107,0.0,0.0,-0.75719154
exp7_random_2,6926,923.3004,925.65533,0.0,-0.006577014923095703,-2.3482962
exp7_random_2,6927,1101.9669,1103.604,0.0,0.0,-1.637143
exp7_random_2,6928,1049.3011,1050.6067,0.0,0.0,-1.3056434
exp7_random_2,6929,1007.78546,1011.8448,0.0,-0.9550581574440002,-3.1042235
exp7_random_2,6930,1042.6716,1044.5332,0.0,-0.07222568988800049,-1.7893075
exp7_random_2,6931,1014.20605,1016.9187,0.0,-0.1386754810810089,-2.5740998
exp7_random_2,6932,850.4545,851.55994,0.0,0.0,-1.105344
exp7_random_2,6933,1138.5942,1142.7714,0.0,-0.8462954759597778,-3.3309107
exp7_random_2,6934,1045.2931,1046.9231,0.0,0.0,-1.6302649
exp7_random_2,6935,1164.8999,1169.7069,0.0,-0.13386349380016327,-4.6731434
exp7_random_2,6936,884.9286,886.6639,0.0,0.0,-1.735245
exp7_random_2,6937,1046.791,1048.2108,0.0,-0.026229307055473328,-1.3935035
exp7_random_2,6938,1017.0084,1018.5008,0.0,0.0,-1.4925598
exp7_random_2,6939,-101.79744,11.146354,-100.0,-11.943342208862305,-1.0004522
exp7_random_2,6941,998.56177,1002.1299,0.0,-1.1745047569274902,-2.3935876
exp7_random_2,6942,1178.5859,1182.2861,0.0,-0.582238495349884,-3.1179948
exp7_random_2,6943,1147.1056,1149.2793,0.0,-0.16926884651184082,-2.0044622
exp7_random_2,6944,1212.7959,1219.4893,0.0,-0.7479919791221619,-5.945225
exp7_random_2,6945,1055.4388,1057.8027,0.0,-0.049407199025154114,-2.3143804
exp7_random_2,6946,883.8047,884.43896,0.0,0.0,-0.63431555
exp7_random_2,6947,914.8131,915.55774,0.0,0.0,-0.74462485
exp7_random_2,6948,1122.4224,1128.1653,0.0,-2.933973550796509,-2.8088822
exp7_random_2,6949,699.4146,814.11786,-100.0,-7.867629051208496,-6.8355775
exp7_random_2,6950,943.24536,945.3815,0.0,-0.0875440388917923,-2.0486774
exp7_random_2,6951,1314.0914,1321.4102,0.0,-1.4756213426589966,-5.8433065
exp7_random_2,6952,1056.0466,1063.2343,0.0,-0.9482934474945068,-6.2393093
exp7_random_2,6953,1028.3486,1030.911,0.0,0.0,-2.5623283
exp7_random_2,6954,1398.5133,1411.3921,0.0,-4.0956034660339355,-8.783432
exp7_random_2,6955,1513.4182,1520.5852,0.0,-1.3334760665893555,-5.833048
exp7_random_2,6956,562.92145,722.6759,-100.0,-52.728485107421875,-7.026038
exp7_random_2,6957,1007.7078,1011.161,0.0,-1.5659407377243042,-1.8873107
exp7_random_2,6958,855.64984,856.3839,0.0,0.0,-0.7341201
exp7_random_2,6959,1019.0155,1020.43604,0.0,0.0,-1.4205512
exp7_random_2,6961,1106.0165,1107.368,0.0,0.0,-1.3514267
exp7_random_2,6962,961.5237,962.6709,0.0,0.0,-1.1472291
exp7_random_2,6963,940.4903,941.8154,0.0,0.0,-1.3251477
exp7_random_2,6964,1199.3894,1202.7576,0.0,0.0,-3.3682728
exp7_random_2,6965,-91.694214,11.28762,-100.0,-2.3886523246765137,-0.59318614
exp7_random_2,6966,1050.9592,1052.6609,0.0,0.0,-1.7015927
exp7_random_2,6967,471.59894,602.7096,-100.0,-28.64623260498047,-2.4644792
exp7_random_2,6968,1093.7163,1096.7705,0.0,0.0,-3.0540833
exp7_random_2,6969,1065.0135,1066.9639,0.0,0.0,-1.9503642
exp7_random_2,6970,802.9842,803.1002,0.0,0.0,-0.116048634
exp7_random_2,6971,-37.099182,67.05423,-100.0,-3.00032639503479,-1.1530819
exp7_random_2,6972,1139.3723,1145.3274,0.0,-0.8852847218513489,-5.0696797
exp7_random_2,6973,1021.3104,1024.7087,0.0,-0.13924872875213623,-3.259004
exp7_random_2,6974,-32.493034,71.72016,-100.0,-2.4923386573791504,-1.7208556
exp7_random_2,6975,607.7998,764.39325,-100.0,-52.05924987792969,-4.534221
exp7_random_2,6976,837.57104,839.99054,0.0,-0.058331385254859924,-2.361164
exp7_random_2,6977,965.21106,967.0087,0.0,0.0,-1.7977667
exp7_random_2,6978,988.4656,990.2621,0.0,0.0,-1.7964526
exp7_random_2,6979,614.71545,726.9095,-100.0,-8.143610000610352,-4.050251
exp7_random_2,6981,1038.4325,1041.938,0.0,-0.6814278960227966,-2.8238902
exp7_random_2,6982,863.84875,864.1935,0.0,0.0,-0.3447739
exp7_random_2,6983,1233.3132,1238.6008,0.0,-1.1224228143692017,-4.1650524
exp7_random_2,6984,864.3052,865.0104,0.0,0.0,-0.705291
exp7_random_2,6985,1037.955,1041.6638,0.0,-0.06646086275577545,-3.642333
exp7_random_2,6986,953.3456,954.2246,0.0,0.0,-0.8790941
exp7_random_2,6987,1437.7632,1446.5977,0.0,-3.0070598125457764,-5.8278055
exp7_random_2,6988,927.7838,931.1904,0.0,-1.046629548072815,-2.360002
exp7_random_2,6989,933.3047,933.7372,0.0,0.0,-0.43251675
exp7_random_2,6990,511.17236,616.9809,-100.0,-3.5233442783355713,-2.2851443
exp7_random_2,6991,1081.7543,1083.4065,0.0,0.0,-1.6523329
exp7_random_2,6992,549.3026,656.00684,-100.0,-3.860199451446533,-2.843932
exp7_random_2,6993,1132.4043,1135.5736,0.0,-0.5191648006439209,-2.6502154
exp7_random_2,6994,901.9551,902.455,0.0,0.0,-0.4999961
exp7_random_2,6995,978.4291,978.8447,0.0,0.0,-0.41564843
exp7_random_2,6996,1113.0157,1117.2102,0.0,-0.8946150541305542,-3.2998164
exp7_random_2,6997,914.85504,916.7732,0.0,-0.11463586986064911,-1.8035667
exp7_random_2,6998,1113.4436,1118.2972,0.0,-1.144631028175354,-3.7090795
exp7_random_2,6999,1195.6846,1197.9077,0.0,0.0,-2.2232246
exp7_random_2,7001,972.015,973.218,0.0,0.0,-1.2028857
exp7_random_2,7002,1133.6311,1146.9386,0.0,-3.8799965381622314,-9.427596
exp7_random_2,7003,1140.0916,1143.7949,0.0,-0.06347867846488953,-3.6398435
exp7_random_2,7004,1051.3857,1054.332,0.0,-0.21003949642181396,-2.7361183
exp7_random_2,7005,1071.6587,1073.8599,0.0,-0.10788111388683319,-2.0933754
exp7_random_2,7006,1008.87506,1014.6483,0.0,-0.7047842741012573,-5.06867
exp7_random_2,7007,1250.1302,1255.8655,0.0,-0.46757256984710693,-5.2676916
exp7_random_2,7008,1162.9666,1166.391,0.0,-0.053878724575042725,-3.3706062
exp7_random_2,7009,1200.1824,1204.8262,0.0,-1.1444090604782104,-3.4995914
exp7_random_2,7010,1143.943,1154.3213,0.0,-1.691706895828247,-8.686604
exp7_random_2,7011,1059.6844,1061.69,0.0,-0.0656818151473999,-1.9400007
exp7_random_2,7012,1133.8597,1135.2213,0.0,-0.007050171494483948,-1.3547239
exp7_random_2,7013,1229.2686,1232.0295,0.0,-0.006176382303237915,-2.7549057
exp7_random_2,7014,914.62225,915.4319,0.0,0.0,-0.8095491
exp7_random_2,7015,1181.5409,1184.4712,0.0,-0.6538719534873962,-2.2763612
exp7_random_2,7016,866.27875,868.9109,0.0,-0.35767894983291626,-2.2744184
exp7_random_2,7017,1132.0635,1136.5835,0.0,-1.2581149339675903,-3.261793
exp7_random_2,7018,1252.2269,1257.9612,0.0,-0.2992740869522095,-5.4353313
exp7_random_2,7019,1230.0365,1233.2742,0.0,-0.11650720238685608,-3.1212082
exp7_random_2,7021,880.0752,880.8881,0.0,-0.28795552253723145,-0.52500105
exp7_random_2,7022,855.4817,856.3534,0.0,0.0,-0.8717621
exp7_random_2,7023,1152.5116,1157.0825,0.0,-0.627933144569397,-3.9430747
exp7_random_2,7024,1285.0316,1291.8994,0.0,-0.21342580020427704,-6.6543193
exp7_random_2,7025,1053.5574,1055.5253,0.0,-0.028257891535758972,-1.939687
exp7_random_2,7026,-94.095085,8.119854,-100.0,-2.0988473892211914,-0.11609097
exp7_random_2,7027,952.3074,954.8296,0.0,-0.05614560842514038,-2.4660385
exp7_random_2,7028,1146.9202,1151.8993,0.0,0.0,-4.9791136
exp7_random_2,7029,1067.8772,1071.1687,0.0,-1.265291690826416,-2.0260623
exp7_random_2,7030,1003.06836,1004.59863,0.0,0.0,-1.5302525
exp7_random_2,7031,1172.9902,1179.0248,0.0,-1.3655259609222412,-4.668886
exp7_random_2,7032,1149.3136,1153.7329,0.0,-0.3648231327533722,-4.0544796
exp7_random_2,7033,976.8231,980.3793,0.0,-0.2272704839706421,-3.3288584
exp7_random_2,7034,963.82776,965.82916,0.0,-0.28751522302627563,-1.7138287
exp7_random_2,7035,988.1746,991.7504,0.0,-0.4727015495300293,-3.1031315
exp7_random_2,7036,423.44098,575.26044,-100.0,-49.9488639831543,-1.8705899
exp7_random_2,7037,1261.5767,1265.4049,0.0,-0.18083085119724274,-3.647361
exp7_random_2,7038,-141.71262,8.600913,-100.0,-49.87499999999999,-0.43853793
exp7_random_2,7039,1304.8088,1311.9714,0.0,-3.0732598304748535,-4.089261
exp7_random_2,7041,1027.7582,1030.9683,0.0,-0.056058645248413086,-3.153976
exp7_random_2,7042,-110.9743,40.12113,-100.0,-49.97270584106445,-1.1227154
exp7_random_2,7043,1205.6033,1210.0898,0.0,-0.12333710491657257,-4.363012
exp7_random_2,7044,1220.2335,1223.2119,0.0,-0.04116690158843994,-2.9372733
exp7_random_2,7045,1119.2288,1122.6353,0.0,-0.03758159279823303,-3.3688123
exp7_random_2,7046,1072.2166,1074.6752,0.0,-0.021354109048843384,-2.4373462
exp7_random_2,7047,1041.0981,1043.1637,0.0,-0.033089399337768555,-2.0324552
exp7_random_2,7048,915.75464,916.8838,0.0,0.0,-1.1291186
exp7_random_2,7049,1044.1312,1048.2213,0.0,-0.4837082028388977,-3.6062748
exp7_random_2,7050,1243.146,1247.8065,0.0,-0.14568495750427246,-4.514841
exp7_random_2,7051,999.08545,1001.96643,0.0,-0.386651873588562,-2.4944339
exp7_random_2,7052,1185.0813,1187.9738,0.0,-0.0858958512544632,-2.806279
exp7_random_2,7053,1132.0197,1134.3374,0.0,0.0,-2.317674
exp7_random_2,7054,1089.4674,1092.7246,0.0,-0.058182284235954285,-3.1989064
exp7_random_2,7055,-73.84182,33.510986,-100.0,-5.603796005249023,-1.7490077
exp7_random_2,7056,977.81665,980.75244,0.0,-0.0673341304063797,-2.868371
exp7_random_2,7057,1103.9292,1109.367,0.0,-2.4939889907836914,-2.9437268
exp7_random_2,7058,1238.1306,1242.6066,0.0,-0.27270758152008057,-4.20322
exp7_random_2,7059,1003.0363,1005.6455,0.0,-0.15673208236694336,-2.4524386
exp7_random_2,7061,965.2229,971.7283,0.0,-3.544562578201294,-2.9607916
exp7_random_2,7062,1062.8336,1064.6631,0.0,0.0,-1.8295385
exp7_random_2,7063,1153.519,1161.1307,0.0,-3.1167187690734863,-4.494749
exp7_random_2,7064,1366.681,1371.1002,0.0,0.0,-4.419171
exp7_random_2,7065,995.25714,996.4966,0.0,0.0,-1.2394581
exp7_random_2,7066,1102.3645,1107.8977,0.0,-2.0461649894714355,-3.4870338
exp7_random_2,7067,463.04947,583.5347,-100.0,-19.455204010009766,-1.0300295
exp7_random_2,7068,887.5708,889.6492,0.0,-0.17840129137039185,-1.9000154
exp7_random_2,7069,1250.1652,1254.6475,0.0,-1.4704194068908691,-3.0118322
exp7_random_2,7070,1120.3651,1122.1863,0.0,-0.03123164176940918,-1.7899632
exp7_random_2,7071,1038.0771,1041.1821,0.0,-0.08309593796730042,-3.0217955
exp7_random_2,7072,939.6378,941.1033,0.0,0.0,-1.4656019
exp7_random_2,7073,1124.2261,1130.8481,0.0,-0.496186226606369,-6.125758
exp7_random_2,7074,951.5232,953.8783,0.0,-0.15305908024311066,-2.2021236
exp7_random_2,7075,1120.866,1128.386,0.0,-2.8629045486450195,-4.6572313
exp7_random_2,7076,1093.4872,1100.5195,0.0,-0.6099531650543213,-6.4222064
exp7_random_2,7077,1024.0259,1026.5293,0.0,-0.33066195249557495,-2.1726635
exp7_random_2,7078,1094.6335,1098.489,0.0,-0.7776129245758057,-3.0777223
exp7_random_2,7079,992.6449,998.2261,0.0,-0.8771579265594482,-4.7041187
exp7_random_2,7081,1150.0626,1153.243,0.0,-0.46917396783828735,-2.7113245
exp7_random_2,7082,1134.5289,1136.0267,0.0,-0.21615687012672424,-1.2816604
exp7_random_2,7083,-70.05249,34.536057,-100.0,-3.601435422897339,-0.9871166
exp7_random_2,7084,1091.9468,1094.8608,0.0,-0.2669813632965088,-2.6470425
exp7_random_2,7085,1139.2758,1141.2893,0.0,-0.002959534525871277,-2.010532
exp7_random_2,7086,1140.8248,1145.2568,0.0,-1.269974708557129,-3.1618817
exp7_random_2,7087,1462.1508,1467.0989,0.0,-0.2419402152299881,-4.706021
exp7_random_2,7088,1101.2113,1103.1705,0.0,-0.5135423541069031,-1.445632
exp7_random_2,7089,1010.5906,1011.72473,0.0,-0.10330250859260559,-1.0310144
exp7_random_2,7090,944.2191,945.63806,0.0,0.0,-1.4188585
exp7_random_2,7091,1271.3921,1275.3545,0.0,-0.24528540670871735,-3.7169185
exp7_random_2,7092,1300.1575,1305.4381,0.0,-0.0065619200468063354,-5.274091
exp7_random_2,7093,1185.6688,1188.8591,0.0,-0.22915807366371155,-2.9611466
exp7_random_2,7094,1063.8628,1066.3143,0.0,-0.47539666295051575,-1.9762051
exp7_random_2,7095,1046.9028,1048.3743,0.0,-0.10187305510044098,-1.3694082
exp7_random_2,7096,1074.9994,1077.7615,0.0,-0.07296571135520935,-2.6891663
exp7_random_2,7097,906.1509,907.49084,0.0,0.0,-1.3399118
exp7_random_2,7098,1435.638,1442.7241,0.0,-1.0742253065109253,-6.0119834
exp7_random_2,7099,1096.8373,1100.2432,0.0,-0.019969835877418518,-3.3858416
exp7_random_2,7101,976.19214,979.6176,0.0,-0.832173228263855,-2.5933826
exp7_random_2,7102,933.33026,936.6076,0.0,-1.0834805965423584,-2.19389
exp7_random_2,7103,1126.3,1129.8352,0.0,-0.09182265400886536,-3.4431949
exp7_random_2,7104,1130.334,1134.2903,0.0,-0.3441367447376251,-3.6121333
exp7_random_2,7105,960.8301,962.39355,0.0,-0.04012291133403778,-1.5234126
exp7_random_2,7106,1134.0623,1136.4319,0.0,-0.10749763250350952,-2.261914
exp7_random_2,7107,1061.2697,1063.3428,0.0,0.0,-2.0731568
exp7_random_2,7108,1206.8604,1210.855,0.0,-0.9259904623031616,-3.0686278
exp7_random_2,7109,981.9326,985.0774,0.0,-0.3774943947792053,-2.767239
exp7_random_2,7110,1021.49365,1025.668,0.0,-1.7669967412948608,-2.4073887
exp7_random_2,7111,1165.9999,1168.7891,0.0,0.0,-2.7892246
exp7_random_2,7112,961.6974,963.6127,0.0,-0.00659555196762085,-1.9087862
exp7_random_2,7113,1058.6342,1059.6235,0.0,-0.04615864157676697,-0.94313866
exp7_random_2,7114,990.2326,993.283,0.0,-0.5705207586288452,-2.4799547
exp7_random_2,7115,1493.9312,1505.0859,0.0,-1.9616127014160156,-9.193281
exp7_random_2,7116,1028.6948,1032.1979,0.0,-0.9189739227294922,-2.5839872
exp7_random_2,7117,1215.2699,1223.4392,0.0,-3.1403512954711914,-5.029016
exp7_random_2,7118,1286.2651,1293.4369,0.0,-1.374377727508545,-5.797537
exp7_random_2,7119,954.911,956.5221,0.0,0.0,-1.6109524
exp7_random_2,7121,1235.4807,1239.7152,0.0,-0.18495598435401917,-4.049448
exp7_random_2,7122,425.31494,530.5864,-100.0,-3.4356656074523926,-1.835839
exp7_random_2,7123,1113.948,1117.6711,0.0,-1.103751301765442,-2.6193638
exp7_random_2,7124,1163.5271,1167.0518,0.0,-0.8253568410873413,-2.6993167
exp7_random_2,7125,1006.8546,1009.18933,0.0,0.0,-2.3347688
exp7_random_2,7126,1040.7603,1045.8298,0.0,-1.1111512184143066,-3.958459
exp7_random_2,7127,97.23892,205.67236,-100.0,-6.031516075134277,-2.401922
exp7_random_2,7128,669.5757,822.7325,-100.0,-49.96287155151367,-3.1939478
exp7_random_2,7129,888.5344,890.57544,0.0,0.0,-2.041065
exp7_random_2,7130,1031.4047,1038.2,0.0,-1.2422573566436768,-5.552728
exp7_random_2,7131,1015.57886,1016.7877,0.0,0.0,-1.2087951
exp7_random_2,7132,1113.3452,1115.0397,0.0,0.0,-1.6945604
exp7_random_2,7133,1193.0547,1197.2834,0.0,-0.7965836524963379,-3.4319856
exp7_random_2,7134,973.0564,975.2445,0.0,-0.37307628989219666,-1.814988
exp7_random_2,7135,923.9048,926.47797,0.0,0.0,-2.5730643
exp7_random_2,7136,1040.7883,1045.0549,0.0,-0.9384031891822815,-3.32824
exp7_random_2,7137,1020.7663,1022.2354,0.0,0.0,-1.4690202
exp7_random_2,7138,941.0706,941.95935,0.0,0.0,-0.88877803
exp7_random_2,7139,541.27466,669.04785,-100.0,-23.612985610961914,-4.1599817
exp7_random_2,7141,1199.7987,1204.4453,0.0,-0.11595475673675537,-4.5307198
exp7_random_2,7142,1417.4476,1423.5322,0.0,-0.408343642950058,-5.676282
exp7_random_2,7143,971.6837,974.22534,0.0,0.0,-2.5415518
exp7_random_2,7144,1088.2295,1089.7427,0.0,-0.31748002767562866,-1.1956179
exp7_random_2,7145,1045.4855,1046.8511,0.0,0.0,-1.3655448
exp7_random_2,7146,1409.4407,1416.0957,0.0,-1.1229379177093506,-5.531973
exp7_random_2,7147,1039.0957,1046.016,0.0,-1.0072870254516602,-5.9129405
exp7_random_2,7148,951.81213,955.2655,0.0,0.0,-3.453456
exp7_random_2,7149,941.07806,942.6941,0.0,-0.013567596673965454,-1.6026088
exp7_random_2,7150,1105.9373,1109.5452,0.0,-0.1905485987663269,-3.41723
exp7_random_2,7151,1006.5879,1009.32367,0.0,-0.5411713123321533,-2.194593
exp7_random_2,7152,1105.3405,1107.3982,0.0,-0.22415125370025635,-1.833666
exp7_random_2,7153,1156.7427,1160.995,0.0,-0.125632643699646,-4.1266484
exp7_random_2,7154,1106.355,1108.0847,0.0,-0.01370479166507721,-1.7161025
exp7_random_2,7155,1243.686,1247.3673,0.0,-0.03316296637058258,-3.6479297
exp7_random_2,7156,972.84143,974.9381,0.0,-0.3329830765724182,-1.7637609
exp7_random_2,7157,949.9946,952.33716,0.0,-1.0197466611862183,-1.3226807
exp7_random_2,7158,1045.0715,1047.1426,0.0,0.0,-2.070839
exp7_random_2,7159,1244.4172,1248.9224,0.0,-0.30143967270851135,-4.2037063
exp7_random_2,7161,1030.6008,1033.6748,0.0,-0.5226342082023621,-2.551394
exp7_random_2,7162,1247.3713,1250.5544,0.0,-0.7497085332870483,-2.4332976
exp7_random_2,7163,1027.4164,1036.5144,0.0,-3.560750961303711,-5.5371137
exp7_random_2,7164,950.98596,955.9989,0.0,-0.21148468554019928,-4.8014607
exp7_random_2,7165,971.1605,972.9054,0.0,0.0,-1.744991
exp7_random_2,7166,651.5668,760.8468,-100.0,-4.758474349975586,-4.5216174
exp7_random_2,7167,1014.4009,1018.9807,0.0,-0.5904049873352051,-3.9894392
exp7_random_2,7168,921.9811,924.2693,0.0,0.0,-2.2881396
exp7_random_2,7169,1192.3934,1198.5209,0.0,-0.04661241173744202,-6.080723
exp7_random_2,7170,1122.429,1124.8506,0.0,0.0,-2.4216013
exp7_random_2,7171,436.8482,589.52167,-100.0,-50.23625946044922,-2.437225
exp7_random_2,7172,1124.7192,1129.3884,0.0,-1.2177395820617676,-3.4517722
exp7_random_2,7173,1023.95807,1026.6248,0.0,-0.6947941780090332,-1.9719664
exp7_random_2,7174,1212.2023,1216.892,0.0,-1.0060322284698486,-3.6840944
exp7_random_2,7175,1215.4806,1219.3342,0.0,-0.22026346623897552,-3.6335514
exp7_random_2,7176,1114.8416,1117.3628,0.0,-0.15362563729286194,-2.3675728
exp7_random_2,7177,1365.61,1373.5869,0.0,-2.7236320972442627,-5.253345
exp7_random_2,7178,956.2766,959.78357,0.0,-0.004366770386695862,-3.502621
exp7_random_2,7179,861.78705,863.2967,0.0,0.0,-1.5097033
exp7_random_2,7181,400.2614,503.35416,-100.0,-2.060753107070923,-1.0319984
exp7_random_2,7182,551.49567,657.4288,-100.0,-2.7098097801208496,-3.223387
exp7_random_2,7183,1012.96814,1014.7329,0.0,0.0,-1.7646888
exp7_random_2,7184,1200.571,1203.0547,0.0,-0.09179088473320007,-2.3917556
exp7_random_2,7185,1237.2751,1243.6233,0.0,-2.3095297813415527,-4.0387573
exp7_random_2,7186,906.18506,907.0581,0.0,0.0,-0.87302107
exp7_random_2,7187,902.29004,903.05164,0.0,0.0,-0.761679
exp7_random_2,7188,1234.4719,1237.8317,0.0,-0.21940548717975616,-3.1404357
exp7_random_2,7189,1012.7169,1022.41003,0.0,-4.592035293579102,-5.1010656
exp7_random_2,7190,946.1831,949.66003,0.0,0.0,-3.4769835
exp7_random_2,7191,1169.1074,1171.4885,0.0,-0.04805169999599457,-2.3329425
exp7_random_2,7192,1010.2412,1013.10547,0.0,-0.5611519813537598,-2.3030322
exp7_random_2,7193,1106.0984,1109.8679,0.0,-0.6161288022994995,-3.1534452
exp7_random_2,7194,1157.8584,1163.8884,0.0,-0.5118191242218018,-5.5181823
exp7_random_2,7195,946.86597,948.23346,0.0,0.0,-1.3675783
exp7_random_2,7196,1176.0813,1177.3889,0.0,0.0,-1.3077153
exp7_random_2,7197,1070.2815,1072.9313,0.0,-0.11864769458770752,-2.5310721
exp7_random_2,7198,1296.8868,1300.58,0.0,-0.20969387888908386,-3.4835813
exp7_random_2,7199,1006.8174,1008.7686,0.0,0.0,-1.9513135
exp7_random_2,7201,1299.9155,1305.1377,0.0,-0.1304318606853485,-5.0916185
exp7_random_2,7202,1012.1551,1014.3635,0.0,-0.02622649073600769,-2.1821933
exp7_random_2,7203,1055.1406,1056.5715,0.0,0.0,-1.4307456
exp7_random_2,7204,1231.1394,1235.9287,0.0,-0.9861495494842529,-3.802665
exp7_random_2,7205,1155.0667,1159.8257,0.0,0.0,-4.758992
exp7_random_2,7206,1103.9822,1107.3256,0.0,0.0,-3.343283
exp7_random_2,7207,1009.47144,1010.7201,0.0,0.0,-1.2485604
exp7_random_2,7208,1057.819,1059.0457,0.0,0.0,-1.2266372
exp7_random_2,7209,1073.5604,1076.3008,0.0,-0.010783761739730835,-2.7296457
exp7_random_2,7210,1021.59863,1024.8452,0.0,-0.19680474698543549,-3.049836
exp7_random_2,7211,1213.8774,1227.5757,0.0,-2.9448816776275635,-10.75349
exp7_random_2,7212,842.2556,843.9049,0.0,0.0,-1.6493386
exp7_random_2,7213,957.9894,959.7361,0.0,0.0,-1.7467424
exp7_random_2,7214,1106.4131,1109.8159,0.0,-0.11955998837947845,-3.2831483
exp7_random_2,7215,1292.6288,1296.7146,0.0,-0.24142739176750183,-3.8443751
exp7_random_2,7216,973.34094,974.25555,0.0,0.0,-0.91471374
exp7_random_2,7217,905.15173,909.11414,0.0,-0.9024490118026733,-3.060002
exp7_random_2,7218,1107.4703,1109.7804,0.0,-0.44283226132392883,-1.867393
exp7_random_2,7219,1176.2826,1178.7771,0.0,-0.05097420513629913,-2.4435613
exp7_random_2,7221,979.1284,988.8967,0.0,-4.668229103088379,-5.100121
exp7_random_2,7222,1094.9166,1098.1958,0.0,-0.18764396011829376,-3.0913968
exp7_random_2,7223,384.86963,537.4963,-100.0,-51.00138473510742,-1.625163
exp7_random_2,7224,1004.36804,1006.48505,0.0,-0.5963588953018188,-1.5208025
exp7_random_2,7225,942.47595,943.6034,0.0,0.0,-1.1275349
exp7_random_2,7226,887.7852,889.1138,0.0,0.0,-1.3285623
exp7_random_2,7227,1047.6869,1049.0104,0.0,-0.1944499909877777,-1.1289718
exp7_random_2,7228,1038.0718,1041.5707,0.0,-0.8152412176132202,-2.6836536
exp7_random_2,7229,1072.8245,1076.3083,0.0,-0.6956040859222412,-2.7884111
exp7_random_2,7230,983.4729,984.9248,0.0,0.0,-1.4520026
exp7_random_2,7231,995.1942,997.13635,0.0,0.0,-1.9423205
exp7_random_2,7232,463.48,573.95306,-100.0,-3.9699580669403076,-6.5030804
exp7_random_2,7233,1003.1572,1006.0089,0.0,-0.6005178093910217,-2.2511292
exp7_random_2,7234,904.22205,906.72864,0.0,-0.12601637840270996,-2.3806348
exp7_random_2,7235,1148.8894,1149.9586,0.0,0.0,-1.0692027
exp7_random_2,7236,1099.5718,1101.3613,0.0,0.0,-1.7896137
exp7_random_2,7237,1032.9824,1036.4855,0.0,-1.5245569944381714,-1.9783659
exp7_random_2,7238,932.60645,935.91003,0.0,-1.1273962259292603,-2.176213
exp7_random_2,7239,1326.0735,1329.3142,0.0,-0.007307678461074829,-3.233609
exp7_random_2,7241,1383.0094,1388.4141,0.0,-0.3594539761543274,-5.045116
exp7_random_2,7242,937.07764,939.09424,0.0,-0.06790609657764435,-1.9485925
exp7_random_2,7243,927.90784,929.80255,0.0,-0.4392074644565582,-1.4555342
exp7_random_2,7244,1154.1587,1159.7792,0.0,-2.1579577922821045,-3.4627101
exp7_random_2,7245,1089.1539,1091.0652,0.0,-0.011298537254333496,-1.8998317
exp7_random_2,7246,489.86,594.648,-100.0,-2.7053720951080322,-2.0826063
exp7_random_2,7247,935.3546,936.5864,0.0,0.0,-1.2318662
exp7_random_2,7248,1178.9092,1182.7179,0.0,-0.09120620787143707,-3.7173748
exp7_random_2,7249,1004.70166,1006.48914,0.0,0.0,-1.7874526
exp7_random_2,7250,924.9442,928.78784,0.0,-0.784259557723999,-3.0593147
exp7_random_2,7251,1345.8679,1351.5278,0.0,-1.0819898843765259,-4.5778317
exp7_random_2,7252,864.85803,866.9066,0.0,-0.021906256675720215,-2.0267031
exp7_random_2,7253,1167.7395,1170.5319,0.0,-0.4307359457015991,-2.3614821
exp7_random_2,7254,1034.566,1036.3418,0.0,-0.3293456435203552,-1.4463954
exp7_random_2,7255,1220.9355,1224.4329,0.0,-0.2957892417907715,-3.2014449
exp7_random_2,7256,1425.5369,1432.8955,0.0,-1.0528558492660522,-6.305525
exp7_random_2,7257,1087.7196,1090.2697,0.0,-0.44444864988327026,-2.1056123
exp7_random_2,7258,1308.2671,1314.0571,0.0,-0.7009561657905579,-5.089
exp7_random_2,7259,869.90344,881.0856,0.0,-2.882098913192749,-8.299936
exp7_random_2,7261,1002.7307,1006.6227,0.0,-0.45953553915023804,-3.432278
exp7_random_2,7262,1105.1814,1120.4712,0.0,-3.3143787384033203,-11.975331
exp7_random_2,7263,945.63696,947.7158,0.0,-0.3773461580276489,-1.7014596
exp7_random_2,7264,928.67725,930.35315,0.0,-0.15394708514213562,-1.5219632
exp7_random_2,7265,927.6689,930.37805,0.0,0.0,-2.7091053
exp7_random_2,7266,910.99194,914.5809,0.0,-0.3632625341415405,-3.2257762
exp7_random_2,7267,1070.509,1075.2891,0.0,-0.9309981465339661,-3.8491006
exp7_random_2,7268,1206.166,1209.4756,0.0,-0.3501479923725128,-2.9594512
exp7_random_2,7269,1085.2776,1093.638,0.0,-2.5538876056671143,-5.806534
exp7_random_2,7270,914.6599,920.0726,0.0,-3.124431848526001,-2.2882857
exp7_random_2,7271,1158.7196,1164.2821,0.0,-1.093744158744812,-4.468856
exp7_random_2,7272,887.2339,888.7884,0.0,0.0,-1.5544901
exp7_random_2,7273,1014.0852,1016.7029,0.0,-0.20602555572986603,-2.411865
exp7_random_2,7274,951.19,953.0078,0.0,-0.07191328704357147,-1.745833
exp7_random_2,7275,1116.4775,1121.7512,0.0,-1.0464143753051758,-4.2271137
exp7_random_2,7276,1112.077,1117.0657,0.0,-2.542228937149048,-2.4463847
exp7_random_2,7277,1023.9834,1026.6577,0.0,-0.12140151858329773,-2.5530698
exp7_random_2,7278,971.2858,973.4574,0.0,-0.2703673839569092,-1.9011221
exp7_random_2,7279,1019.2109,1024.1736,0.0,-0.05999162793159485,-4.9026365
exp7_random_2,7281,903.3896,905.2335,0.0,-0.37327009439468384,-1.4706479
exp7_random_2,7282,1144.4755,1147.6514,0.0,-0.17382122576236725,-3.0019917
exp7_random_2,7283,1131.136,1134.9026,0.0,-0.43467020988464355,-3.3316803
exp7_random_2,7284,1101.7969,1103.1877,0.0,0.0,-1.3907704
exp7_random_2,7285,943.65344,944.359,0.0,0.0,-0.7056136
exp7_random_2,7286,1140.355,1147.333,0.0,-3.4704551696777344,-3.5077333
exp7_random_2,7287,1353.8627,1362.9545,0.0,-4.251689910888672,-4.8402467
exp7_random_2,7288,1027.952,1030.7653,0.0,-0.5051001310348511,-2.3082483
exp7_random_2,7289,1171.7476,1176.299,0.0,-0.21491068601608276,-4.3363223
exp7_random_2,7290,992.95874,994.9569,0.0,-0.03786998987197876,-1.9603485
exp7_random_2,7291,1025.5215,1027.3716,0.0,-0.24503256380558014,-1.6050922
exp7_random_2,7292,1012.62384,1015.0089,0.0,-0.11979936063289642,-2.2652636
exp7_random_2,7293,1278.1475,1285.4425,0.0,-1.3438048362731934,-5.9513435
exp7_random_2,7294,909.22754,912.7927,0.0,0.0,-3.5652025
exp7_random_2,7295,1049.1277,1051.0016,0.0,0.0,-1.8738016
exp7_random_2,7296,1040.9945,1042.2998,0.0,-0.26526567339897156,-1.0400572
exp7_random_2,7297,992.41516,993.7377,0.0,0.0,-1.3224069
exp7_random_2,7298,928.71747,929.57886,0.0,0.0,-0.8614637
exp7_random_2,7299,1171.4042,1174.8231,0.0,-0.3063715696334839,-3.1123524
exp7_random_2,7301,1082.868,1085.6685,0.0,0.0,-2.8005114
exp7_random_2,7302,1383.7502,1393.2096,0.0,-2.540250778198242,-6.918942
exp7_random_2,7303,982.4585,988.38525,0.0,-0.8959953784942627,-5.0307937
exp7_random_2,7304,434.10156,538.6057,-100.0,-2.6558127403259277,-1.8483579
exp7_random_2,7305,1120.6743,1124.786,0.0,0.0,-4.111771
exp7_random_2,7306,1052.4518,1055.5142,0.0,-0.026400059461593628,-3.035835
exp7_random_2,7307,1109.5103,1115.5353,0.0,-1.1623321771621704,-4.862788
exp7_random_2,7308,975.18384,976.3633,0.0,0.0,-1.1794829
exp7_random_2,7309,1112.2201,1114.5415,0.0,-0.16978958249092102,-2.151553
exp7_random_2,7310,1128.9354,1133.9064,0.0,-0.9915574193000793,-3.9794087
exp7_random_2,7311,1158.7947,1160.3405,0.0,0.0,-1.5457681
exp7_random_2,7312,1146.6292,1148.7593,0.0,-0.14138230681419373,-1.9886252
exp7_random_2,7313,450.55402,562.07684,-100.0,-9.90870475769043,-1.6141607
exp7_random_2,7314,880.3125,881.17114,0.0,0.0,-0.8587028
exp7_random_2,7315,1159.3998,1162.1882,0.0,-0.1442835032939911,-2.6444583
exp7_random_2,7316,-91.05252,12.545851,-100.0,-3.034503936767578,-0.56386983
exp7_random_2,7317,1043.2207,1044.538,0.0,0.0,-1.3171611
exp7_random_2,7318,1168.9744,1171.4757,0.0,0.0,-2.501539
exp7_random_2,7319,1114.3328,1117.9628,0.0,-0.1595185250043869,-3.4703507
exp7_random_2,7321,989.5123,990.7522,0.0,0.0,-1.239819
exp7_random_2,7322,902.994,904.37195,0.0,0.0,-1.3779906
exp7_random_2,7323,968.75024,970.49316,0.0,0.0,-1.7430549
exp7_random_2,7324,1069.0026,1076.8754,0.0,-4.288518905639648,-3.5842443
exp7_random_2,7325,938.6144,940.0642,0.0,0.0,-1.4497807
exp7_random_2,7326,1268.452,1274.9738,0.0,-0.41991761326789856,-6.1013355
exp7_random_2,7327,1020.93677,1022.7759,0.0,0.0,-1.8390632
exp7_random_2,7328,937.67206,938.67865,0.0,-0.03584614396095276,-0.97080946
exp7_random_2,7329,992.2095,993.3002,0.0,-0.004888817667961121,-1.0857316
exp7_random_2,7330,951.5199,952.4513,0.0,0.0,-0.9314142
exp7_random_2,7331,951.16534,952.6998,0.0,0.0,-1.5344286
exp7_random_2,7332,1174.3105,1179.3071,0.0,-0.1510462462902069,-4.8452888
exp7_random_2,7333,1134.492,1136.2314,0.0,0.0,-1.7394316
exp7_random_2,7334,1091.9558,1094.1185,0.0,-0.013181924819946289,-2.1494038
exp7_random_2,7335,1228.1796,1233.8762,0.0,-3.3374276161193848,-2.3591835
exp7_random_2,7336,917.91907,919.2114,0.0,-0.017194285988807678,-1.2752584
exp7_random_2,7337,1172.9868,1175.6033,0.0,-0.25820624828338623,-2.3582003
exp7_random_2,7338,585.2013,739.9598,-100.0,-50.787025451660156,-3.9713826
exp7_random_2,7339,938.6482,940.7307,0.0,0.0,-2.0825338
exp7_random_2,7341,1039.4935,1040.8451,0.0,0.0,-1.3515315
exp7_random_2,7342,1243.5457,1245.6512,0.0,-0.0114050954580307,-2.0941226
exp7_random_2,7343,1153.3236,1155.764,0.0,0.0,-2.4406257
exp7_random_2,7344,980.2183,982.7062,0.0,-0.10680077970027924,-2.3812118
exp7_random_2,7345,623.46136,729.7796,-100.0,-2.830199718475342,-3.48798
exp7_random_2,7346,-99.23118,54.334892,-100.0,-51.22634506225586,-2.3397171
exp7_random_2,7347,913.5134,914.9693,0.0,0.0,-1.4558996
exp7_random_2,7348,868.77606,869.99927,0.0,0.0,-1.2231611
exp7_random_2,7349,1162.5616,1165.2574,0.0,-0.015030190348625183,-2.6807938
exp7_random_2,7350,903.4147,905.1377,0.0,0.0,-1.7230525
exp7_random_2,7351,-62.718914,44.70523,-100.0,-2.918489933013916,-4.505648
exp7_random_2,7352,1164.0298,1167.1196,0.0,-0.23892658948898315,-2.8508844
exp7_random_2,7353,1261.3829,1265.3441,0.0,-0.06614252924919128,-3.8951914
exp7_random_2,7354,1014.2283,1016.0563,0.0,0.0,-1.8281296
exp7_random_2,7355,1409.3616,1412.4521,0.0,-0.055989235639572144,-3.0347874
exp7_random_2,7356,1051.4609,1053.8203,0.0,-0.08172625303268433,-2.277636
exp7_random_2,7357,1186.2222,1188.9932,0.0,-0.024090498685836792,-2.7468734
exp7_random_2,7358,1287.5753,1289.8796,0.0,-0.027989745140075684,-2.2762344
exp7_random_2,7359,860.8368,861.6809,0.0,0.0,-0.84408057
exp7_random_2,7361,984.73376,986.623,0.0,0.0,-1.8891915
exp7_random_2,7362,1100.4908,1104.9187,0.0,-0.6720696687698364,-3.7558181
exp7_random_2,7363,1157.6716,1169.5642,0.0,-7.328822612762451,-4.5637403
exp7_random_2,7364,903.3585,905.0759,0.0,0.0,-1.7174115
exp7_random_2,7365,1202.3657,1209.8666,0.0,-1.2346386909484863,-6.26623
exp7_random_2,7366,1022.9335,1028.2107,0.0,-0.0975552648305893,-5.1796494
exp7_random_2,7367,1024.3175,1028.217,0.0,-0.6425884962081909,-3.2570124
exp7_random_2,7368,1064.2612,1065.3887,0.0,0.0,-1.1275499
exp7_random_2,7369,1040.9325,1044.3824,0.0,-0.3502133786678314,-3.099781
exp7_random_2,7370,950.0919,954.9359,0.0,-0.004005253314971924,-4.839898
exp7_random_2,7371,1165.6401,1170.4297,0.0,-0.8800734877586365,-3.909269
exp7_random_2,7372,1127.8945,1137.2354,0.0,-2.438464879989624,-6.9021573
exp7_random_2,7373,1143.9844,1146.885,0.0,-0.39532750844955444,-2.5052984
exp7_random_2,7374,1099.8839,1105.301,0.0,-1.1161282062530518,-4.3007636
exp7_random_2,7375,1151.5618,1163.6826,0.0,-1.031825065612793,-11.088949
exp7_random_2,7376,1036.9841,1038.7444,0.0,0.0,-1.7602658
exp7_random_2,7377,1001.3041,1003.4938,0.0,0.0,-2.1897922
exp7_random_2,7378,1072.5258,1077.377,0.0,-1.825768232345581,-3.0252452
exp7_random_2,7379,1197.4625,1202.7732,0.0,-1.6488468647003174,-3.661804
exp7_random_2,7381,1051.6473,1054.8593,0.0,-0.6151844263076782,-2.5965302
exp7_random_2,7382,452.58856,586.17535,-100.0,-32.52447509765625,-1.062342
exp7_random_2,7383,1078.6906,1082.655,0.0,-1.2782607078552246,-2.6860223
exp7_random_2,7384,-83.62386,66.98351,-100.0,-50.0866813659668,-0.5206883
exp7_random_2,7385,1068.0299,1070.4187,0.0,0.0,-2.3888812
exp7_random_2,7386,1079.896,1082.831,0.0,-0.46747633814811707,-2.4676094
exp7_random_2,7387,1182.7351,1187.6888,0.0,-0.9396639466285706,-4.014147
exp7_random_2,7388,1065.3718,1069.0907,0.0,-0.27268272638320923,-3.4462516
exp7_random_2,7389,126.03126,234.81386,-100.0,-7.232796669006348,-1.5498377
exp7_random_2,7390,926.31177,928.12537,0.0,-0.2672002911567688,-1.5464263
exp7_random_2,7391,1153.4537,1156.508,0.0,-0.11152519285678864,-2.943034
exp7_random_2,7392,1379.4082,1388.7229,0.0,-1.3966275453567505,-7.9181128
exp7_random_2,7393,1072.105,1083.1482,0.0,-4.496786117553711,-6.5466394
exp7_random_2,7394,1106.2532,1109.2849,0.0,-0.039124101400375366,-2.9925463
exp7_random_2,7395,1259.4277,1262.187,0.0,-0.14963144063949585,-2.609635
exp7_random_2,7396,1242.4084,1245.3068,0.0,-0.008844897150993347,-2.8893816
exp7_random_2,7397,1142.6946,1145.1445,0.0,-0.14636926352977753,-2.3036933
exp7_random_2,7398,568.17694,674.9675,-100.0,-3.823709011077881,-2.9667983
exp7_random_2,7399,1115.2004,1118.834,0.0,-1.6788678169250488,-1.9547683
exp7_random_2,7401,1131.2479,1136.0989,0.0,-0.8704750537872314,-3.9803865
exp7_random_2,7402,1127.5989,1130.6663,0.0,-0.1468927562236786,-2.9205358
exp7_random_2,7403,971.85144,974.54034,0.0,-0.1234017163515091,-2.5655007
exp7_random_2,7404,1136.3652,1138.0647,0.0,0.0,-1.6995864
exp7_random_2,7405,1084.216,1087.7772,0.0,-0.3529226779937744,-3.2084444
exp7_random_2,7406,894.9652,896.0598,0.0,0.0,-1.0946096
exp7_random_2,7407,1111.0199,1113.9967,0.0,-0.699271559715271,-2.2774441
exp7_random_2,7408,976.89734,977.95557,0.0,0.0,-1.05834
exp7_random_2,7409,1246.2639,1251.7944,0.0,-0.7160282135009766,-4.814381
exp7_random_2,7410,1035.062,1037.201,0.0,-0.036811113357543945,-2.102166
exp7_random_2,7411,869.2672,870.53314,0.0,0.0,-1.2658843
exp7_random_2,7412,1178.2657,1180.6328,0.0,-0.08515504002571106,-2.281996
exp7_random_2,7413,1104.9288,1108.0688,0.0,-0.5652707815170288,-2.5747447
exp7_random_2,7414,969.57874,970.7247,0.0,0.0,-1.1459551
exp7_random_2,7415,1080.0637,1083.4546,0.0,0.0,-3.3908794
exp7_random_2,7416,1202.6997,1211.8369,0.0,-2.6961889266967773,-6.4412117
exp7_random_2,7417,1075.3076,1081.5037,0.0,-1.7212059497833252,-4.474727
exp7_random_2,7418,1370.1306,1375.47,0.0,-1.284351110458374,-4.0551186
exp7_random_2,7419,1030.9917,1034.4304,0.0,-0.3386600613594055,-3.1001565
exp7_random_2,7421,-98.4482,5.7114983,-100.0,-4.137505531311035,-0.022193361
exp7_random_2,7422,1019.2031,1022.51904,0.0,-0.34088248014450073,-2.975212
exp7_random_2,7423,1142.7524,1146.1658,0.0,-0.5389859676361084,-2.8744109
exp7_random_2,7424,1128.7886,1134.2373,0.0,-0.9854861497879028,-4.4632335
exp7_random_2,7425,1208.2764,1216.2709,0.0,-1.8958262205123901,-6.0988684
exp7_random_2,7426,1000.26636,1004.252,0.0,-1.2533249855041504,-2.7323637
exp7_random_2,7427,1176.6111,1180.0686,0.0,0.0,-3.4573414
exp7_random_2,7428,475.54663,581.6251,-100.0,-3.495948314666748,-2.5825615
exp7_random_2,7429,1388.3231,1392.4519,0.0,-0.5376251935958862,-3.5912776
exp7_random_2,7430,1005.0635,1009.9033,0.0,-0.6824575662612915,-4.157238
exp7_random_2,7431,964.91345,967.4183,0.0,-0.42486637830734253,-2.0797572
exp7_random_2,7432,1080.8838,1084.4558,0.0,-0.08283163607120514,-3.489164
exp7_random_2,7433,373.96564,486.63818,-100.0,-10.886458396911621,-1.7860821
exp7_random_2,7434,538.14307,692.0413,-100.0,-50.27435302734375,-3.6239853
exp7_random_2,7435,441.12,559.1569,-100.0,-13.046331405639648,-4.990604
exp7_random_2,7436,1131.4419,1134.0052,0.0,0.0,-2.5631878
exp7_random_2,7437,862.2516,863.07965,0.0,0.0,-0.8280362
exp7_random_2,7438,909.4215,910.93787,0.0,0.0,-1.5163176
exp7_random_2,7439,990.4131,992.58936,0.0,-0.09524261951446533,-2.0809026
exp7_random_2,7441,1260.3788,1265.8687,0.0,-1.7941088676452637,-3.695692
exp7_random_2,7442,1476.6924,1484.6381,0.0,-0.49730682373046875,-7.4483423
exp7_random_2,7443,967.1086,968.98157,0.0,-0.5639753937721252,-1.3089747
exp7_random_2,7444,-141.8816,9.193611,-100.0,-50.67416000366211,-0.4010586
exp7_random_2,7445,-126.40481,24.875116,-100.0,-50.52485275268555,-0.7550779
exp7_random_2,7446,1063.922,1066.3162,0.0,-0.0437677800655365,-2.3504927
exp7_random_2,7447,1089.1637,1091.1989,0.0,-0.1904662698507309,-1.8447343
exp7_random_2,7448,1022.57983,1025.4995,0.0,-1.3817681074142456,-1.5378479
exp7_random_2,7449,1153.0356,1155.6289,0.0,-0.038860708475112915,-2.5545247
exp7_random_2,7450,1216.3158,1220.1517,0.0,-0.2843869626522064,-3.551507
exp7_random_2,7451,1304.5583,1310.3789,0.0,-0.9531018137931824,-4.8675838
exp7_random_2,7452,1271.4111,1277.0504,0.0,-1.2126127481460571,-4.426794
exp7_random_2,7453,1098.6359,1102.8212,0.0,-0.7708527445793152,-3.41451
exp7_random_2,7454,984.3204,987.0032,0.0,-0.22518950700759888,-2.4576616
exp7_random_2,7455,1053.0908,1057.7947,0.0,-1.4716932773590088,-3.2321188
exp7_random_2,7456,943.2379,947.3562,0.0,-0.9796881079673767,-3.1386824
exp7_random_2,7457,885.7486,886.42834,0.0,0.0,-0.6797392
exp7_random_2,7458,1079.6881,1083.7632,0.0,-0.23997287452220917,-3.8353813
exp7_random_2,7459,994.8288,996.9468,0.0,-0.6165176630020142,-1.5014546
exp7_random_2,7461,1010.26733,1016.4149,0.0,-4.417273998260498,-1.7303585
exp7_random_2,7462,1028.2537,1031.6063,0.0,-1.4882292747497559,-1.8645163
exp7_random_2,7463,1051.2921,1054.9243,0.0,-0.720054030418396,-2.912046
exp7_random_2,7464,1227.461,1232.3066,0.0,-0.16508200764656067,-4.680482
exp7_random_2,7465,1148.4546,1153.1394,0.0,-0.7282845377922058,-3.9566865
exp7_random_2,7466,1077.0125,1081.4238,0.0,-1.521880865097046,-2.8897038
exp7_random_2,7467,902.1075,903.98926,0.0,0.0,-1.8817914
exp7_random_2,7468,1039.051,1045.1772,0.0,-2.6663503646850586,-3.4597301
exp7_random_2,7469,1054.5438,1058.696,0.0,-0.348548948764801,-3.8036602
exp7_random_2,7470,1009.87695,1012.1997,0.0,0.0,-2.322765
exp7_random_2,7471,931.3484,932.3361,0.0,0.0,-0.9877039
exp7_random_2,7472,1148.169,1150.9784,0.0,-0.009783163666725159,-2.7995193
exp7_random_2,7473,1193.2539,1197.1196,0.0,-0.4263550341129303,-3.439407
exp7_random_2,7474,996.24536,998.7046,0.0,-0.13844160735607147,-2.320858
exp7_random_2,7475,1076.4082,1082.2815,0.0,-1.042494297027588,-4.830892
exp7_random_2,7476,952.12695,954.1489,0.0,-0.004268646240234375,-2.017746
exp7_random_2,7477,1104.9883,1109.2845,0.0,-0.23013761639595032,-4.0659866
exp7_random_2,7478,522.8456,640.6052,-100.0,-15.104604721069336,-2.6551187
exp7_random_2,7479,1034.3129,1036.95,0.0,-0.21486735343933105,-2.4221292
exp7_random_2,7481,458.07327,566.4079,-100.0,-4.219897270202637,-4.1146574
exp7_random_2,7482,1062.5068,1065.9644,0.0,-0.5533536076545715,-2.904164
exp7_random_2,7483,1153.6943,1159.6857,0.0,-0.7239025831222534,-5.2670226
exp7_random_2,7484,1201.937,1207.3451,0.0,-0.530239462852478,-4.8778396
exp7_random_2,7485,1067.3147,1070.7827,0.0,-0.10864885151386261,-3.3591857
exp7_random_2,7486,1053.065,1056.497,0.0,0.0,-3.4320164
exp7_random_2,7487,976.00916,978.3772,0.0,-0.07637731730937958,-2.291737
exp7_random_2,7488,1237.0109,1242.6279,0.0,-1.1339277029037476,-4.482983
exp7_random_2,7489,1415.062,1419.0217,0.0,-0.42208755016326904,-3.5373797
exp7_random_2,7490,902.254,904.0735,0.0,0.0,-1.8194399
exp7_random_2,7491,958.912,962.15576,0.0,-0.47195932269096375,-2.7719388
exp7_random_2,7492,861.7279,863.2736,0.0,-0.1779116839170456,-1.3678211
exp7_random_2,7493,1164.5702,1167.6064,0.0,-0.24887202680110931,-2.787226
exp7_random_2,7494,1047.8635,1051.7512,0.0,-0.3178401589393616,-3.5699096
exp7_random_2,7495,1059.3381,1064.0753,0.0,-1.1546883583068848,-3.5825126
exp7_random_2,7496,912.3406,913.5469,0.0,0.0,-1.206318
exp7_random_2,7497,180.72488,285.67215,-100.0,-3.4748353958129883,-1.472412
exp7_random_2,7498,1118.4174,1122.0759,0.0,-0.9707284569740295,-2.6878006
exp7_random_2,7499,1081.827,1085.9436,0.0,-0.30947691202163696,-3.807242
exp7_random_2,7501,1204.473,1209.0331,0.0,-0.9733386039733887,-3.5868924
exp7_random_2,7502,1144.0332,1146.8291,0.0,-0.2925238013267517,-2.5031633
exp7_random_2,7503,1266.6195,1273.552,0.0,-1.3375085592269897,-5.5950017
exp7_random_2,7504,911.73914,913.11316,0.0,-0.054904595017433167,-1.3190681
exp7_random_2,7505,1069.7385,1074.1113,0.0,-2.144087553024292,-2.2288349
exp7_random_2,7506,1170.092,1173.2728,0.0,-0.46978020668029785,-2.7110057
exp7_random_2,7507,1002.2589,1004.4751,0.0,-0.18406948447227478,-2.0321035
exp7_random_2,7508,493.26202,607.0715,-100.0,-11.989198684692383,-1.8202112
exp7_random_2,7509,1048.1936,1049.7323,0.0,-0.11482401192188263,-1.4237853
exp7_random_2,7510,1064.1001,1064.7645,0.0,0.0,-0.66435915
exp7_random_2,7511,1442.5066,1446.7234,0.0,-0.8918324112892151,-3.3252168
exp7_random_2,7512,937.0726,938.1596,0.0,0.0,-1.0870035
exp7_random_2,7513,1220.7217,1222.3021,0.0,0.0,-1.5804844
exp7_random_2,7514,1111.7905,1114.6248,0.0,-0.01101653277873993,-2.8231473
exp7_random_2,7515,785.96454,895.1925,-100.0,-4.776803970336914,-4.45111
exp7_random_2,7516,1036.9585,1040.914,0.0,-1.5491716861724854,-2.4063013
exp7_random_2,7517,1014.00085,1015.76135,0.0,-0.013080522418022156,-1.7474132
exp7_random_2,7518,1348.9255,1350.52,0.0,-0.033933863043785095,-1.5602832
exp7_random_2,7519,958.92053,961.2906,0.0,-0.29495716094970703,-2.0750837
exp7_random_2,7521,963.27844,964.6541,0.0,-0.01217716932296753,-1.3634782
exp7_random_2,7522,1066.3195,1073.5359,0.0,-2.0009686946868896,-5.2152967
exp7_random_2,7523,874.94135,877.2621,0.0,0.0,-2.3207211
exp7_random_2,7524,360.9246,474.0594,-100.0,-9.316768646240234,-3.818066
exp7_random_2,7525,1039.7001,1042.3713,0.0,-0.03274087607860565,-2.6383922
exp7_random_2,7526,1160.8629,1166.5393,0.0,-2.3447165489196777,-3.3316154
exp7_random_2,7527,1009.7825,1014.7208,0.0,-0.5030560493469238,-4.4351716
exp7_random_2,7528,1117.1132,1120.546,0.0,-0.3311536908149719,-3.1016817
exp7_random_2,7529,-94.932594,60.5684,-100.0,-52.49648666381836,-3.0044985
exp7_random_2,7530,970.5023,971.71387,0.0,-0.12803485989570618,-1.083427
exp7_random_2,7531,983.1676,984.90295,0.0,0.0,-1.7353553
exp7_random_2,7532,1097.6323,1101.1885,0.0,-0.40572184324264526,-3.1504796
exp7_random_2,7533,1183.9784,1189.9585,0.0,-1.6088334321975708,-4.3713503
exp7_random_2,7534,-64.18104,39.962364,-100.0,-3.6464550495147705,-0.49694592
exp7_random_2,7535,1004.66296,1007.19495,0.0,-0.15291312336921692,-2.3790505
exp7_random_2,7536,1378.8308,1384.1498,0.0,-0.47623133659362793,-4.8426914
exp7_random_2,7537,1165.0504,1169.8972,0.0,-0.26514798402786255,-4.5817313
exp7_random_2,7538,972.819,976.5342,0.0,-1.0063693523406982,-2.7088993
exp7_random_2,7539,1323.3723,1327.6172,0.0,-0.1547204852104187,-4.0902224
exp7_random_2,7541,1125.5386,1132.5756,0.0,-1.7246532440185547,-5.312335
exp7_random_2,7542,-5.799217,98.95211,-100.0,-3.0234463214874268,-1.727873
exp7_random_2,7543,1079.5315,1085.5398,0.0,-0.9439916014671326,-5.0642595
exp7_random_2,7544,1080.9204,1083.0115,0.0,0.0,-2.0910246
exp7_random_2,7545,976.23193,982.22473,0.0,-0.8502751588821411,-5.142504
exp7_random_2,7546,944.8716,946.07654,0.0,0.0,-1.204996
exp7_random_2,7547,1089.8223,1096.3954,0.0,-3.301828384399414,-3.2713609
exp7_random_2,7548,1072.309,1075.1986,0.0,-0.14733190834522247,-2.7423918
exp7_random_2,7549,972.43396,974.0667,0.0,-0.1740414947271347,-1.4587215
exp7_random_2,7550,904.68774,907.48926,0.0,-0.6817967891693115,-2.1196222
exp7_random_2,7551,1187.9216,1193.5369,0.0,-0.44413602352142334,-5.171125
exp7_random_2,7552,924.83704,926.86707,0.0,0.0,-2.0300884
exp7_random_2,7553,1157.1123,1159.2607,0.0,-0.1373700499534607,-2.011266
exp7_random_2,7554,1183.3479,1188.2622,0.0,-1.4121750593185425,-3.5022721
exp7_random_2,7555,1096.5779,1101.434,0.0,-1.4559086561203003,-3.4001265
exp7_random_2,7556,999.44727,1003.142,0.0,-0.7215074300765991,-2.9732704
exp7_random_2,7557,943.50635,947.2062,0.0,-1.19108247756958,-2.508831
exp7_random_2,7558,1206.4702,1208.3728,0.0,0.0,-1.9024615
exp7_random_2,7559,1307.2599,1318.0187,0.0,-3.33893084526062,-7.419837
exp7_random_2,7561,968.5964,970.0615,0.0,0.0,-1.4652618
exp7_random_2,7562,-99.75319,54.42138,-100.0,-52.586822509765625,-1.5877594
exp7_random_2,7563,1286.9347,1289.2612,0.0,0.0,-2.3266306
exp7_random_2,7564,1128.0431,1130.1139,0.0,-0.11405198276042938,-1.9568759
exp7_random_2,7565,985.22253,986.6947,0.0,0.0,-1.4722134
exp7_random_2,7566,1033.5383,1035.9143,0.0,-0.2906681299209595,-2.0854611
exp7_random_2,7567,1027.1454,1029.7698,0.0,-0.21486565470695496,-2.4097185
exp7_random_2,7568,1137.2688,1138.7118,0.0,-0.014474213123321533,-1.4285827
exp7_random_2,7569,1016.74084,1018.56616,0.0,-0.45522311329841614,-1.3703009
exp7_random_2,7570,369.03802,479.39938,-100.0,-6.9869232177734375,-3.374474
exp7_random_2,7571,1009.2358,1010.33466,0.0,0.0,-1.0988693
exp7_random_2,7572,654.7735,762.4449,-100.0,-4.02921199798584,-3.6422048
exp7_random_2,7573,1199.4497,1201.1696,0.0,0.0,-1.7196975
exp7_random_2,7574,1117.4781,1118.6519,0.0,0.0,-1.1736196
exp7_random_2,7575,1073.4894,1075.3776,0.0,0.0,-1.8882604
exp7_random_2,7576,1215.8826,1218.0786,0.0,-0.12769865989685059,-2.068395
exp7_random_2,7577,1011.7403,1012.74133,0.0,0.0,-1.0010397
exp7_random_2,7578,495.73212,602.04224,-100.0,-4.063157081604004,-2.2469425
exp7_random_2,7579,1098.2407,1099.9761,0.0,-0.26906758546829224,-1.4661624
exp7_random_2,7581,1108.5071,1110.6405,0.0,-0.16265465319156647,-1.9706293
exp7_random_2,7582,860.63367,862.5094,0.0,0.0,-1.8757757
exp7_random_2,7583,1133.005,1135.7412,0.0,0.0,-2.7362368
exp7_random_2,7584,1095.6841,1097.2812,0.0,-0.13633711636066437,-1.4608682
exp7_random_2,7585,1124.1447,1128.6222,0.0,-0.5292791128158569,-3.9481714
exp7_random_2,7586,1166.4109,1168.8944,0.0,-0.019702628254890442,-2.4636147
exp7_random_2,7587,1094.3599,1097.4895,0.0,-0.08517546951770782,-3.0446496
exp7_random_2,7588,1227.6964,1230.125,0.0,-0.05638687312602997,-2.3723695
exp7_random_2,7589,1126.8237,1130.1343,0.0,-0.11732092499732971,-3.1932106
exp7_random_2,7590,1386.043,1413.975,0.0,-0.08232904970645905,-27.849543
exp7_random_2,7591,1128.9872,1131.4702,0.0,0.0,-2.4828901
exp7_random_2,7592,-25.291458,86.85766,-100.0,-7.633141994476318,-4.515953
exp7_random_2,7593,986.5271,989.09485,0.0,-0.3916732668876648,-2.1761615
exp7_random_2,7594,927.8626,928.6465,0.0,0.0,-0.7839402
exp7_random_2,7595,1198.4089,1201.5049,0.0,0.0,-3.095949
exp7_random_2,7596,1007.5503,1008.62335,0.0,0.0,-1.0730721
exp7_random_2,7597,1165.9324,1170.402,0.0,-0.40124770998954773,-4.068391
exp7_random_2,7598,970.63904,972.3613,0.0,-0.15665023028850555,-1.5655096
exp7_random_2,7599,1266.7244,1272.4679,0.0,-1.0765719413757324,-4.666893
exp7_random_2,7601,916.2524,918.6771,0.0,-0.5923998951911926,-1.8323671
exp7_random_2,7602,-137.16568,11.675989,-100.0,-48.31215286254883,-0.52951866
exp7_random_2,7603,1072.0073,1076.5925,0.0,-0.5358425378799438,-4.0492105
exp7_random_2,7604,1413.1918,1422.3368,0.0,-1.8804335594177246,-7.2646284
exp7_random_2,7605,892.44934,893.593,0.0,0.0,-1.1437458
exp7_random_2,7606,1194.4572,1202.152,0.0,-3.3266892433166504,-4.368265
exp7_random_2,7607,1052.9664,1054.9558,0.0,0.0,-1.9894328
exp7_random_2,7608,868.7652,869.77124,0.0,0.0,-1.0060107
exp7_random_2,7609,1016.8192,1021.0243,0.0,-2.2211759090423584,-1.983797
exp7_random_2,7610,1365.9062,1372.2183,0.0,-0.2729203701019287,-6.039209
exp7_random_2,7611,1020.992,1025.9233,0.0,-1.1460469961166382,-3.785327
exp7_random_2,7612,1121.1116,1125.5,0.0,-0.15906403958797455,-4.2294264
exp7_random_2,7613,1089.4607,1091.5347,0.0,0.0,-2.0741405
exp7_random_2,7614,1034.0804,1039.2599,0.0,-0.9945716857910156,-4.1847563
exp7_random_2,7615,-82.21309,22.609993,-100.0,-3.9597175121307373,-0.863359
exp7_random_2,7616,1054.3434,1055.9663,0.0,0.0,-1.6228441
exp7_random_2,7617,959.72375,962.9008,0.0,0.0,-3.1770525
exp7_random_2,7618,858.6377,859.8466,0.0,0.0,-1.2088668
exp7_random_2,7619,1026.7252,1028.5917,0.0,-0.10229082405567169,-1.7640893
exp7_random_2,7621,1014.79553,1019.7875,0.0,-1.0349817276000977,-3.9569016
exp7_random_2,7622,1039.4442,1040.7952,0.0,-0.12614662945270538,-1.2249198
exp7_random_2,7623,957.5128,960.6393,0.0,-0.008097872138023376,-3.1182988
exp7_random_2,7624,1015.8623,1018.9037,0.0,-0.06491126120090485,-2.9763162
exp7_random_2,7625,949.99335,953.3367,0.0,-0.018322721123695374,-3.3248987
exp7_random_2,7626,1137.7273,1142.6484,0.0,-0.4110299348831177,-4.510076
exp7_random_2,7627,1039.1678,1043.3403,0.0,-0.30337366461753845,-3.8692298
exp7_random_2,7628,1148.237,1151.3021,0.0,-0.33137696981430054,-2.7337112
exp7_random_2,7629,1026.2273,1029.7188,0.0,-0.5351177453994751,-2.9561033
exp7_random_2,7630,-93.90168,10.54653,-100.0,-3.628664493560791,-0.8195437
exp7_random_2,7631,936.1835,939.2352,0.0,-0.6093868017196655,-2.442379
exp7_random_2,7632,946.50977,948.4379,0.0,-0.6711415648460388,-1.256931
exp7_random_2,7633,1067.0994,1069.3192,0.0,-0.01473306119441986,-2.2051923
exp7_random_2,7634,949.1748,950.246,0.0,0.0,-1.0712583
exp7_random_2,7635,471.71484,578.9454,-100.0,-6.309697151184082,-0.92092264
exp7_random_2,7636,1207.2076,1208.7482,0.0,0.0,-1.5404544
exp7_random_2,7637,890.0338,891.0238,0.0,0.0,-0.9900287
exp7_random_2,7638,906.11975,908.1774,0.0,-0.1654476374387741,-1.8922313
exp7_random_2,7639,1080.254,1081.7224,0.0,-0.023578986525535583,-1.4448094
exp7_random_2,7641,1093.3372,1095.9822,0.0,-0.18148484826087952,-2.4634876
exp7_random_2,7642,1104.4385,1108.2395,0.0,-0.8448345065116882,-2.956351
exp7_random_2,7643,895.9092,896.98596,0.0,0.0,-1.0767598
exp7_random_2,7644,1050.7135,1051.6333,0.0,0.0,-0.9198906
exp7_random_2,7645,1102.4036,1105.9409,0.0,-1.6154794692993164,-1.9218998
exp7_random_2,7646,1123.6727,1126.1128,0.0,-0.4581308960914612,-1.9818478
exp7_random_2,7647,-71.66949,47.644096,-100.0,-16.235353469848633,-3.078245
exp7_random_2,7648,491.58197,644.4274,-100.0,-51.304771423339844,-1.5407609
exp7_random_2,7649,1041.5231,1043.7219,0.0,-0.06550033390522003,-2.1333818
exp7_random_2,7650,1047.8442,1049.8328,0.0,-0.058379530906677246,-1.9302227
exp7_random_2,7651,1032.6967,1034.2449,0.0,0.0,-1.5482041
exp7_random_2,7652,877.2704,878.3158,0.0,0.0,-1.0453509
exp7_random_2,7653,1133.698,1139.1433,0.0,-1.707329273223877,-3.7378745
exp7_random_2,7654,1103.9509,1107.5118,0.0,-0.7899714112281799,-2.7708964
exp7_random_2,7655,912.18945,915.26495,0.0,-0.38113510608673096,-2.6943655
exp7_random_2,7656,1138.8596,1145.6667,0.0,-1.6647696495056152,-5.1423736
exp7_random_2,7657,1072.061,1073.4978,0.0,-0.00794769823551178,-1.4287554
exp7_random_2,7658,1068.032,1073.5308,0.0,-2.0887339115142822,-3.409925
exp7_random_2,7659,889.3264,890.78845,0.0,0.0,-1.4620304
exp7_random_2,7661,1211.0623,1216.2947,0.0,-1.8071227073669434,-3.4253256
exp7_random_2,7662,1345.2986,1348.2756,0.0,0.0,-2.9768686
exp7_random_2,7663,1039.1033,1043.001,0.0,-0.8064693212509155,-3.090995
exp7_random_2,7664,906.8867,907.84827,0.0,0.0,-0.96155536
exp7_random_2,7665,1332.2332,1334.9626,0.0,-0.1966724693775177,-2.533068
exp7_random_2,7666,1041.4187,1044.2124,0.0,-0.1969514638185501,-2.596739
exp7_random_2,7667,1096.713,1097.4473,0.0,0.0,-0.73423135
exp7_random_2,7668,999.1157,1000.1222,0.0,0.0,-1.0065093
exp7_random_2,7669,1122.6188,1123.4937,0.0,0.0,-0.87499416
exp7_random_2,7670,1105.8369,1109.802,0.0,-0.4891235828399658,-3.476039
exp7_random_2,7671,929.2168,929.9429,0.0,0.0,-0.72605383
exp7_random_2,7672,873.9657,874.65546,0.0,0.0,-0.6897359
exp7_random_2,7673,945.4105,946.81854,0.0,-0.23955902457237244,-1.168445
exp7_random_2,7674,1030.1177,1031.8154,0.0,0.0,-1.6975927
exp7_random_2,7675,852.57275,853.6016,0.0,0.0,-1.0289512
exp7_random_2,7676,1069.5635,1072.5634,0.0,-0.46702104806900024,-2.5329545
exp7_random_2,7677,1030.5742,1032.1287,0.0,-0.3034050166606903,-1.2509887
exp7_random_2,7678,1270.3704,1273.2986,0.0,0.0,-2.928224
exp7_random_2,7679,969.5377,970.8268,0.0,-0.0029864460229873657,-1.2861311
exp7_random_2,7681,967.0155,968.7326,0.0,-0.10605175793170929,-1.6110939
exp7_random_2,7682,1006.4763,1008.9532,0.0,-0.7818025350570679,-1.6951029
exp7_random_2,7683,965.6295,967.1415,0.0,-0.06960061192512512,-1.4424088
exp7_random_2,7684,1044.0482,1048.0535,0.0,-1.0694400072097778,-2.9356446
exp7_random_2,7685,481.5418,633.85876,-100.0,-50.575706481933594,-1.7413352
exp7_random_2,7686,1127.7754,1130.1113,0.0,0.0,-2.3360164
exp7_random_2,7687,1000.9872,1002.89343,0.0,0.0,-1.9064085
exp7_random_2,7688,1357.1167,1360.8748,0.0,-0.890602707862854,-2.867472
exp7_random_2,7689,332.0376,440.31287,-100.0,-7.19555139541626,-1.0796492
exp7_random_2,7690,1057.8594,1059.3582,0.0,-0.10467328131198883,-1.3940976
exp7_random_2,7691,1083.4548,1085.5027,0.0,0.0,-2.047793
exp7_random_2,7692,-104.54323,3.5447338,-100.0,-7.197281837463379,-0.8906724
exp7_random_2,7693,1102.508,1105.6235,0.0,-0.5877217650413513,-2.527894
exp7_random_2,7694,1024.5107,1025.3674,0.0,0.0,-0.85657436
exp7_random_2,7695,32.57451,185.2303,-100.0,-51.12205123901367,-1.5337653
exp7_random_2,7696,1274.2843,1277.1218,0.0,-0.6132334470748901,-2.2242823
exp7_random_2,7697,1164.8567,1172.2554,0.0,-1.2764779329299927,-6.121996
exp7_random_2,7698,1425.6754,1431.7,0.0,-1.5727691650390625,-4.452089
exp7_random_2,7699,1031.4619,1033.7778,0.0,-0.1031414270401001,-2.212845
exp7_random_2,7701,1058.6901,1068.0833,0.0,-5.369874954223633,-4.0234985
exp7_random_2,7702,205.04726,328.8453,-100.0,-22.785396575927734,-1.0126637
exp7_random_2,7703,1476.2251,1479.613,0.0,-0.07001565396785736,-3.3178992
exp7_random_2,7704,1133.255,1136.715,0.0,-0.7208499908447266,-2.7391193
exp7_random_2,7705,1179.6263,1182.5942,0.0,0.0,-2.9679902
exp7_random_2,7706,1011.13434,1017.9164,0.0,-1.6532553434371948,-5.128761
exp7_random_2,7707,1075.4758,1078.7762,0.0,-0.9902929067611694,-2.3101497
exp7_random_2,7708,1115.9512,1120.2426,0.0,-0.14714206755161285,-4.1440654
exp7_random_2,7709,1481.9211,1492.5903,0.0,-3.188246726989746,-7.480902
exp7_random_2,7710,977.39026,978.4822,0.0,-0.1600196808576584,-0.93174404
exp7_random_2,7711,1186.787,1190.6375,0.0,-0.06769950687885284,-3.782782
exp7_random_2,7712,972.68896,975.9453,0.0,-0.12876474857330322,-3.1275938
exp7_random_2,7713,1421.575,1427.9026,0.0,-1.464564323425293,-4.862965
exp7_random_2,7714,1113.7957,1116.963,0.0,-0.11520716547966003,-3.052245
exp7_random_2,7715,55.976974,167.71124,-100.0,-9.947000503540039,-1.7872632
exp7_random_2,7716,-66.29313,54.38291,-100.0,-19.84588623046875,-0.8301517
exp7_random_2,7717,1375.703,1382.2664,0.0,-1.534584641456604,-5.0288854
exp7_random_2,7718,912.4353,914.8817,0.0,-0.9338750243186951,-1.5125331
exp7_random_2,7719,972.81934,977.18115,0.0,-1.4268453121185303,-2.935055
exp7_random_2,7721,1049.2312,1052.3835,0.0,-0.1934860497713089,-2.9588037
exp7_random_2,7722,978.6372,980.9719,0.0,-0.9666983485221863,-1.3681222
exp7_random_2,7723,1071.8098,1073.8696,0.0,0.0,-2.0597718
exp7_random_2,7724,394.08185,498.90207,-100.0,-3.252971649169922,-1.5672971
exp7_random_2,7725,-65.01303,39.509605,-100.0,-2.6404824256896973,-1.8821576
exp7_random_2,7726,965.442,966.7019,0.0,0.0,-1.2598175
exp7_random_2,7727,1032.5701,1034.9952,0.0,-0.16930803656578064,-2.255741
exp7_random_2,7728,1285.6669,1291.0175,0.0,-0.7169967889785767,-4.6334977
exp7_random_2,7729,1119.4254,1122.1002,0.0,-0.20263312757015228,-2.4720514
exp7_random_2,7730,1086.0955,1089.9131,0.0,-0.3717353940010071,-3.445754
exp7_random_2,7731,1186.7549,1193.862,0.0,-2.8362879753112793,-4.2709446
exp7_random_2,7732,-101.952835,49.259686,-100.0,-49.97957229614258,-1.2329601
exp7_random_2,7733,-84.77312,65.498436,-100.0,-49.89824295043945,-0.37330928
exp7_random_2,7734,1168.7515,1170.834,0.0,-0.0458054393529892,-2.0366044
exp7_random_2,7735,1040.2986,1041.4784,0.0,0.0,-1.1795676
exp7_random_2,7736,934.51514,935.6472,0.0,0.0,-1.1321568
exp7_random_2,7737,1126.0996,1132.127,0.0,-1.0531773567199707,-4.974134
exp7_random_2,7738,1102.026,1104.3019,0.0,0.0,-2.275834
exp7_random_2,7739,951.531,952.6957,0.0,0.0,-1.1647716
exp7_random_2,7741,1409.0405,1415.6763,0.0,-1.1170817613601685,-5.5185623
exp7_random_2,7742,1012.9004,1016.0773,0.0,-0.46670418977737427,-2.7102106
exp7_random_2,7743,1258.1995,1262.2786,0.0,-0.6481225490570068,-3.4309704
exp7_random_2,7744,1112.6978,1117.689,0.0,-0.9354033470153809,-4.055686
exp7_random_2,7745,1168.7535,1173.0425,0.0,-1.5406224727630615,-2.7484825
exp7_random_2,7746,999.9615,1002.40204,0.0,-0.11890433728694916,-2.3214707
exp7_random_2,7747,419.59836,572.8684,-100.0,-51.33583450317383,-1.9341718
exp7_random_2,7748,1002.1792,1005.5043,0.0,-0.5691665410995483,-2.755947
exp7_random_2,7749,1167.5212,1169.2917,0.0,0.0,-1.7704637
exp7_random_2,7750,1192.1538,1195.9358,0.0,-0.621131181716919,-3.1609628
exp7_random_2,7751,1343.6514,1347.9045,0.0,-0.13189586997032166,-4.12131
exp7_random_2,7752,986.094,989.214,0.0,-0.22476011514663696,-2.8953645
exp7_random_2,7753,1271.6891,1275.5349,0.0,-0.49773961305618286,-3.3481574
exp7_random_2,7754,935.9998,940.6277,0.0,-0.9315406084060669,-3.6963344
exp7_random_2,7755,-68.978,33.921448,-100.0,-2.5845537185668945,-0.3148871
exp7_random_2,7756,529.9809,635.9542,-100.0,-3.999720573425293,-1.9734954
exp7_random_2,7757,1007.0696,1012.5766,0.0,-1.7078913450241089,-3.799069
exp7_random_2,7758,1307.8562,1316.491,0.0,-2.1983394622802734,-6.436436
exp7_random_2,7759,924.5985,929.8993,0.0,-3.1606335639953613,-2.1401358
exp7_random_2,7761,930.75885,931.6957,0.0,0.0,-0.9367843
exp7_random_2,7762,881.00494,882.8577,0.0,-0.22468288242816925,-1.6281427
exp7_random_2,7763,1086.5017,1091.8276,0.0,-2.3120179176330566,-3.0140712
exp7_random_2,7764,1025.7266,1031.4622,0.0,-1.274795651435852,-4.4606004
exp7_random_2,7765,1124.2721,1127.1106,0.0,-0.1098497211933136,-2.7287693
exp7_random_2,7766,1453.7397,1458.8191,0.0,-0.5244319438934326,-4.5551033
exp7_random_2,7767,1170.0557,1174.7897,0.0,-0.6999781727790833,-4.033973
exp7_random_2,7768,1113.2548,1118.5083,0.0,-1.0183815956115723,-4.235206
exp7_random_2,7769,1016.1478,1018.8395,0.0,-0.041752398014068604,-2.650004
exp7_random_2,7770,68.05754,175.20712,-100.0,-3.0247249603271484,-4.1248837
exp7_random_2,7771,1004.4758,1007.25244,0.0,-0.27240312099456787,-2.5042005
exp7_random_2,7772,960.69574,963.54065,0.0,-0.23216673731803894,-2.612628
exp7_random_2,7773,1047.1034,1050.3354,0.0,-0.40489599108695984,-2.827076
exp7_random_2,7774,442.16638,550.46924,-100.0,-6.294291019439697,-2.0084891
exp7_random_2,7775,1171.2538,1178.271,0.0,-1.3151826858520508,-5.702195
exp7_random_2,7776,52.404594,165.54198,-100.0,-6.560759544372559,-6.5766487
exp7_random_2,7777,-85.46564,27.958406,-100.0,-12.029621124267578,-1.3944201
exp7_random_2,7778,1342.052,1354.0774,0.0,-1.3184586763381958,-10.7066555
exp7_random_2,7779,949.5277,951.6217,0.0,-0.05866609513759613,-2.0354068
exp7_random_2,7781,1371.8613,1383.1733,0.0,-2.233733892440796,-9.078068
exp7_random_2,7782,907.1395,908.9575,0.0,0.0,-1.8179967
exp7_random_2,7783,-104.21702,46.738434,-100.0,-50.149723052978516,-0.8057248
exp7_random_2,7784,1120.1152,1124.2383,0.0,-0.8754065632820129,-3.2479136
exp7_random_2,7785,1046.7759,1048.6013,0.0,0.0,-1.8253249
exp7_random_2,7786,401.0859,507.19937,-100.0,-2.9840478897094727,-3.1294174
exp7_random_2,7787,1046.5098,1052.4479,0.0,-1.1573737859725952,-4.7804937
exp7_random_2,7788,1083.8206,1087.1399,0.0,-0.19015704095363617,-3.1292279
exp7_random_2,7789,73.667274,183.4417,-100.0,-8.559497833251953,-1.21486
exp7_random_2,7790,1133.9775,1137.6777,0.0,-0.17859545350074768,-3.5216079
exp7_random_2,7791,492.24353,598.3936,-100.0,-2.4284231662750244,-3.721663
exp7_random_2,7792,459.38068,614.6663,-100.0,-51.9880256652832,-3.2975864
exp7_random_2,7793,983.388,987.30457,0.0,-1.2203412055969238,-2.696209
exp7_random_2,7794,-33.391365,117.82475,-100.0,-49.91029739379883,-1.3058124
exp7_random_2,7795,13.164581,166.92351,-100.0,-52.068359375,-1.6905594
exp7_random_2,7796,666.7138,820.30945,-100.0,-50.54263687133789,-3.0531487
exp7_random_2,7797,1052.4686,1053.8596,0.0,0.0,-1.3909642
exp7_random_2,7798,1178.1705,1181.2778,0.0,-0.0553896427154541,-3.051742
exp7_random_2,7799,428.09375,537.1576,-100.0,-7.722970008850098,-1.3409222
exp7_random_2,7801,1002.2825,1004.5476,0.0,-0.010908186435699463,-2.2541595
exp7_random_2,7802,1203.6008,1207.3704,0.0,-0.21515169739723206,-3.5541682
exp7_random_2,7803,1374.9308,1380.5637,0.0,-0.10534679889678955,-5.5278497
exp7_random_2,7804,1243.748,1247.0818,0.0,-0.5381363034248352,-2.7955081
exp7_random_2,7805,1102.328,1110.6642,0.0,-3.310715436935425,-5.0256524
exp7_random_2,7806,-138.10075,12.425221,-100.0,-50.27072525024414,-0.25524795
exp7_random_2,7807,913.0089,915.82104,0.0,-0.06694689393043518,-2.745235
exp7_random_2,7808,1415.566,1428.3674,0.0,-4.31134557723999,-8.490149
exp7_random_2,7809,859.4772,860.01843,0.0,0.0,-0.5413071
exp7_random_2,7810,1067.7075,1069.8021,0.0,0.0,-2.094563
exp7_random_2,7811,1112.0342,1116.4912,0.0,0.0,-4.456829
exp7_random_2,7812,985.2091,988.2529,0.0,-0.2460222840309143,-2.7978282
exp7_random_2,7813,1209.5558,1219.7891,0.0,-2.7784152030944824,-7.4550004
exp7_random_2,7814,1148.4386,1153.3391,0.0,-0.6887716054916382,-4.211622
exp7_random_2,7815,1314.4069,1323.4017,0.0,-2.679164409637451,-6.315733
exp7_random_2,7816,1179.9666,1182.3535,0.0,-0.1291508972644806,-2.257899
exp7_random_2,7817,1014.4978,1020.9569,0.0,-1.8351662158966064,-4.6239357
exp7_random_2,7818,-48.118126,103.7167,-100.0,-50.52511978149414,-1.3096839
exp7_random_2,7819,1019.2179,1020.8778,0.0,0.0,-1.6598599
exp7_random_2,7821,1229.4631,1233.3015,0.0,-0.3682692050933838,-3.4700727
exp7_random_2,7822,1008.0122,1010.1736,0.0,-0.032660022377967834,-2.1288586
exp7_random_2,7823,1067.4883,1068.1697,0.0,0.0,-0.68128073
exp7_random_2,7824,1041.0874,1046.9028,0.0,-1.5372669696807861,-4.2781014
exp7_random_2,7825,992.70374,993.80756,0.0,0.0,-1.1038028
exp7_random_2,7826,1080.4255,1084.3875,0.0,-0.031534239649772644,-3.9302545
exp7_random_2,7827,684.5251,838.5832,-100.0,-50.68886184692383,-3.3692322
exp7_random_2,7828,910.381,911.3435,0.0,0.0,-0.9624852
exp7_random_2,7829,948.5586,949.26624,0.0,0.0,-0.7075268
exp7_random_2,7830,1228.1554,1233.8201,0.0,-1.6464823484420776,-4.01819
exp7_random_2,7831,1165.3989,1168.8159,0.0,-0.7578412294387817,-2.6591918
exp7_random_2,7832,1078.6111,1079.6985,0.0,0.0,-1.0874017
exp7_random_2,7833,826.05615,826.9226,0.0,0.0,-0.8663963
exp7_random_2,7834,1261.3424,1264.0581,0.0,-0.19810821115970612,-2.5175822
exp7_random_2,7835,1055.5747,1056.8176,0.0,0.0,-1.2430081
exp7_random_2,7836,1011.7267,1015.3112,0.0,-0.6002600193023682,-2.984068
exp7_random_2,7837,1055.8042,1059.234,0.0,-1.1124176979064941,-2.3175194
exp7_random_2,7838,1031.1676,1034.7454,0.0,-1.2684669494628906,-2.3091822
exp7_random_2,7839,1100.4893,1101.8208,0.0,-0.08935967087745667,-1.2422538
exp7_random_2,7841,1026.5665,1028.2373,0.0,-0.029743880033493042,-1.6408432
exp7_random_2,7842,1037.9353,1047.7202,0.0,-3.359379291534424,-6.425529
exp7_random_2,7843,1064.7223,1066.0378,0.0,-0.012514859437942505,-1.3029915
exp7_random_2,7844,976.7594,982.4387,0.0,-1.6596112251281738,-4.0195813
exp7_random_2,7845,1063.575,1067.1072,0.0,-0.028993770480155945,-3.5033023
exp7_random_2,7846,946.18604,947.7306,0.0,0.0,-1.5444909
exp7_random_2,7847,1034.6458,1036.5719,0.0,0.0,-1.9261667
exp7_random_2,7848,1075.0093,1077.7446,0.0,-0.017286226153373718,-2.7180185
exp7_random_2,7849,961.3545,964.03766,0.0,0.0,-2.6831474
exp7_random_2,7850,1149.9048,1154.2043,0.0,-1.037587285041809,-3.2621465
exp7_random_2,7851,1060.0374,1062.3289,0.0,0.0,-2.2916198
exp7_random_2,7852,865.6477,866.71875,0.0,0.0,-1.0710744
exp7_random_2,7853,991.50116,992.1368,0.0,0.0,-0.6356736
exp7_random_2,7854,964.8605,967.1366,0.0,-0.8731688261032104,-1.403028
exp7_random_2,7855,902.1626,904.22314,0.0,-0.03020024299621582,-2.0302942
exp7_random_2,7856,1018.86945,1020.5398,0.0,-0.020865336060523987,-1.64944
exp7_random_2,7857,1198.2988,1201.1748,0.0,-0.131694033741951,-2.7445436
exp7_random_2,7858,1461.658,1466.4154,0.0,-1.1331013441085815,-3.624547
exp7_random_2,7859,1353.9696,1357.3717,0.0,-0.09017312526702881,-3.3121219
exp7_random_2,7861,1006.529,1010.2163,0.0,-1.2066618204116821,-2.4807372
exp7_random_2,7862,1062.2145,1064.6403,0.0,-0.22502486407756805,-2.2007945
exp7_random_2,7863,-53.86041,50.184467,-100.0,-3.7288451194763184,-0.31603277
exp7_random_2,7864,1133.9531,1137.1302,0.0,-1.0182557106018066,-2.1590064
exp7_random_2,7865,1108.6919,1114.1389,0.0,-0.5808244943618774,-4.8661757
exp7_random_2,7866,673.70026,797.22504,-100.0,-18.917774200439453,-4.6071787
exp7_random_2,7867,1279.1862,1282.4586,0.0,-0.3975054621696472,-2.875008
exp7_random_2,7868,1101.6605,1104.8125,0.0,-0.09617877006530762,-3.0557282
exp7_random_2,7869,957.96985,959.82074,0.0,-0.5003987550735474,-1.3505518
exp7_random_2,7870,395.94553,552.258,-100.0,-52.16319274902344,-4.1493907
exp7_random_2,7871,1102.2942,1105.3187,0.0,-1.1153489351272583,-1.9092795
exp7_random_2,7872,954.8068,956.8113,0.0,-0.2958582043647766,-1.7085397
exp7_random_2,7873,1154.5518,1158.734,0.0,-0.9379258155822754,-3.2443235
exp7_random_2,7874,-61.527332,47.571335,-100.0,-8.432174682617188,-0.6664898
exp7_random_2,7875,1036.6725,1039.0698,0.0,-0.09830993413925171,-2.2990184
exp7_random_2,7876,1138.2373,1142.4001,0.0,-1.1637482643127441,-2.9992092
exp7_random_2,7877,1054.9408,1057.2563,0.0,-0.4949634075164795,-1.8206908
exp7_random_2,7878,1110.73,1112.1085,0.0,0.0,-1.3786256
exp7_random_2,7879,1147.2173,1150.5725,0.0,-0.21098247170448303,-3.1440954
exp7_random_2,7881,947.9612,952.8416,0.0,-2.5398693084716797,-2.3405747
exp7_random_2,7882,1030.616,1033.1934,0.0,-1.0570069551467896,-1.5204909
exp7_random_2,7883,1033.9846,1037.3904,0.0,-0.6832340955734253,-2.7223773
exp7_random_2,7884,885.23553,885.864,0.0,0.0,-0.62851804
exp7_random_2,7885,915.9049,916.7432,0.0,-0.03179450333118439,-0.8065106
exp7_random_2,7886,525.9083,659.30505,-100.0,-25.34798812866211,-8.048826
exp7_random_2,7887,918.11237,919.2772,0.0,0.0,-1.1649066
exp7_random_2,7888,981.4895,983.4552,0.0,-0.014506429433822632,-1.9511424
exp7_random_2,7889,975.8374,976.9282,0.0,0.0,-1.0908694
exp7_random_2,7890,1104.1498,1107.1078,0.0,-0.16510728001594543,-2.7928345
exp7_random_2,7891,5.763214,135.8052,-100.0,-22.046527862548828,-7.995462
exp7_random_2,7892,963.2755,964.66376,0.0,-0.003636300563812256,-1.3846469
exp7_random_2,7893,927.91736,928.73193,0.0,0.0,-0.8146797
exp7_random_2,7894,673.5232,791.45984,-100.0,-4.494498252868652,-13.442226
exp7_random_2,7895,881.3181,882.3758,0.0,0.0,-1.0576185
exp7_random_2,7896,1009.1099,1010.7271,0.0,0.0,-1.6171441
exp7_random_2,7897,1178.3871,1181.1097,0.0,-0.8179876804351807,-1.9047186
exp7_random_2,7898,-51.838478,107.96383,-100.0,-53.9573860168457,-5.8449216
exp7_random_2,7899,1080.3824,1085.5166,0.0,-0.28522318601608276,-4.849084
exp7_random_2,7901,956.02783,956.7544,0.0,0.0,-0.72653055
exp7_random_2,7902,1183.5577,1185.8243,0.0,0.0,-2.2666562
exp7_random_2,7903,1026.7063,1027.7788,0.0,-0.07765549421310425,-0.9947494
exp7_random_2,7904,1099.2644,1104.0563,0.0,-1.5160096883773804,-3.2760744
exp7_random_2,7905,901.3396,903.85815,0.0,0.0,-2.5185695
exp7_random_2,7906,1155.9714,1158.5032,0.0,-0.5111756324768066,-2.0206735
exp7_random_2,7907,1238.3965,1244.4905,0.0,-0.42922690510749817,-5.664813
exp7_random_2,7908,-95.81228,11.792299,-100.0,-6.918868064880371,-0.68571436
exp7_random_2,7909,1052.8188,1054.7328,0.0,-0.003619566559791565,-1.9104372
exp7_random_2,7910,1059.4723,1061.2659,0.0,-0.04389640688896179,-1.7497065
exp7_random_2,7911,1111.0107,1116.3962,0.0,-2.5144951343536377,-2.871025
exp7_random_2,7912,1054.9692,1060.6101,0.0,-0.3845074772834778,-5.256384
exp7_random_2,7913,999.3293,1000.7208,0.0,0.0,-1.3915157
exp7_random_2,7914,1250.2483,1253.3143,0.0,-0.08354881405830383,-2.9826643
exp7_random_2,7915,921.8397,923.66907,0.0,-0.37061551213264465,-1.4587567
exp7_random_2,7916,-97.1438,5.6683393,-100.0,-2.5914664268493652,-0.22067162
exp7_random_2,7917,1163.1373,1167.4828,0.0,-0.3624526858329773,-3.9830081
exp7_random_2,7918,-93.63519,42.08525,-100.0,-34.34589385986328,-1.3745509
exp7_random_2,7919,959.26556,961.86993,0.0,-0.2361297458410263,-2.3682282
exp7_random_2,7921,1141.2582,1143.8298,0.0,0.0,-2.5718
exp7_random_2,7922,957.8491,959.4199,0.0,0.0,-1.5708785
exp7_random_2,7923,1123.6659,1126.25,0.0,-0.08442509174346924,-2.4998121
exp7_random_2,7924,978.6604,980.3526,0.0,0.0,-1.6922032
exp7_random_2,7925,1087.3262,1089.5154,0.0,-0.1819877326488495,-2.0070963
exp7_random_2,7926,567.00287,672.1029,-100.0,-2.584629774093628,-2.515402
exp7_random_2,7927,1195.7903,1200.1724,0.0,-1.8581968545913696,-2.5238166
exp7_random_2,7928,1353.8445,1357.0629,0.0,-0.02139700949192047,-3.197007
exp7_random_2,7929,415.89413,529.48914,-100.0,-9.080196380615234,-4.5148644
exp7_random_2,7930,1187.1611,1191.6216,0.0,-1.1366832256317139,-3.323619
exp7_random_2,7931,1035.3857,1038.4276,0.0,-0.8286952972412109,-2.2130659
exp7_random_2,7932,1066.1208,1070.6777,0.0,-3.542719602584839,-1.0140721
exp7_random_2,7933,1011.7727,1013.75653,0.0,-0.05642023682594299,-1.9274368
exp7_random_2,7934,1055.5654,1057.1311,0.0,-0.012432977557182312,-1.5530351
exp7_random_2,7935,1243.6472,1248.3387,0.0,-0.47064709663391113,-4.2209325
exp7_random_2,7936,984.7811,987.3594,0.0,-0.029007121920585632,-2.5492425
exp7_random_2,7937,966.0724,978.27563,0.0,-3.8533573150634766,-8.349778
exp7_random_2,7938,1162.6313,1168.9817,0.0,-1.6893627643585205,-4.6606836
exp7_random_2,7939,1261.2471,1264.4921,0.0,-0.4655464291572571,-2.7793636
exp7_random_2,7941,1314.5236,1320.3153,0.0,-1.0604174137115479,-4.7313795
exp7_random_2,7942,878.2854,881.12366,0.0,-0.05444017052650452,-2.7838385
exp7_random_2,7943,1108.8995,1110.4435,0.0,-0.32063695788383484,-1.2233565
exp7_random_2,7944,995.15674,996.30273,0.0,0.0,-1.1459523
exp7_random_2,7945,52.008118,206.17715,-100.0,-50.812339782714844,-3.356708
exp7_random_2,7946,436.27356,541.82166,-100.0,-3.2743420600891113,-2.2737234
exp7_random_2,7947,988.1915,989.5463,0.0,0.0,-1.3548316
exp7_random_2,7948,1115.4541,1118.1115,0.0,-0.227116659283638,-2.4302492
exp7_random_2,7949,1198.2786,1201.7251,0.0,-0.13228298723697662,-3.314282
exp7_random_2,7950,451.78278,572.40015,-100.0,-16.834592819213867,-3.7827933
exp7_random_2,7951,1379.5391,1385.1957,0.0,-0.5011013746261597,-5.155668
exp7_random_2,7952,1097.1816,1100.1442,0.0,-0.6941862106323242,-2.2686398
exp7_random_2,7953,572.14386,678.82806,-100.0,-4.131258487701416,-2.5530648
exp7_random_2,7954,882.3737,883.3662,0.0,0.0,-0.99252194
exp7_random_2,7955,1114.231,1119.8433,0.0,-2.1281039714813232,-3.4843082
exp7_random_2,7956,95.11568,200.65218,-100.0,-3.1210155487060547,-2.4154875
exp7_random_2,7957,1113.7954,1119.7091,0.0,-0.383896142244339,-5.5302596
exp7_random_2,7958,1010.9862,1012.57764,0.0,-0.019338354468345642,-1.5720081
exp7_random_2,7959,1136.4298,1138.2369,0.0,-0.07249234616756439,-1.7347153
exp7_random_2,7961,407.58228,513.8047,-100.0,-4.499832630157471,-1.7225463
exp7_random_2,7962,1188.9862,1194.0139,0.0,-0.6153668761253357,-4.4121585
exp7_random_2,7963,578.52637,688.0684,-100.0,-6.243317127227783,-3.2988493
exp7_random_2,7964,1005.33905,1007.92737,0.0,-0.0760146975517273,-2.512362
exp7_random_2,7965,1128.2458,1130.5769,0.0,-0.009435176849365234,-2.3216586
exp7_random_2,7966,955.04456,959.82043,0.0,-1.0287916660308838,-3.7471447
exp7_random_2,7967,975.46643,978.92175,0.0,-0.8050541877746582,-2.6502695
exp7_random_2,7968,1018.34924,1021.6469,0.0,-0.6014964580535889,-2.6961596
exp7_random_2,7969,1357.7253,1365.7563,0.0,-1.490924596786499,-6.540446
exp7_random_2,7970,1194.9996,1202.1351,0.0,-0.8099309802055359,-6.325609
exp7_random_2,7971,1044.2461,1047.1415,0.0,0.0,-2.8953729
exp7_random_2,7972,1304.4532,1309.6718,0.0,-0.5629914402961731,-4.6556444
exp7_random_2,7973,1080.6268,1088.1909,0.0,-3.8115622997283936,-3.7524326
exp7_random_2,7974,652.3848,760.32355,-100.0,-3.9748306274414062,-3.9638567
exp7_random_2,7975,939.1139,940.52625,0.0,0.0,-1.4124618
exp7_random_2,7976,1210.6182,1215.0847,0.0,-1.599683165550232,-2.866598
exp7_random_2,7977,1210.9672,1215.0785,0.0,-0.10229122638702393,-4.009441
exp7_random_2,7978,999.1116,1001.369,0.0,-0.23604722321033478,-2.0213604
exp7_random_2,7979,1418.8949,1422.2246,0.0,-0.7065268158912659,-2.62319
exp7_random_2,7981,1050.8772,1052.1376,0.0,0.0,-1.2603191
exp7_random_2,7982,1014.8594,1017.92664,0.0,-1.2616300582885742,-1.8056278
exp7_random_2,7983,616.2919,723.1499,-100.0,-3.7707018852233887,-3.087351
exp7_random_2,7984,1314.8813,1319.0125,0.0,-0.1432708352804184,-3.9877787
exp7_random_2,7985,1080.9852,1084.4785,0.0,-1.0716543197631836,-2.4216452
exp7_random_2,7986,1044.1564,1046.4167,0.0,-0.22999341785907745,-2.0304644
exp7_random_2,7987,953.7691,955.7899,0.0,-0.3909590542316437,-1.629747
exp7_random_2,7988,1109.95,1112.2076,0.0,0.0,-2.2576041
exp7_random_2,7989,1178.7097,1182.6843,0.0,0.0,-3.9744368
exp7_random_2,7990,1380.6525,1393.4917,0.0,-0.42784184217453003,-12.411349
exp7_random_2,7991,1255.6304,1261.6831,0.0,-0.04904986917972565,-6.0034924
exp7_random_2,7992,-117.07216,-5.9700828,-100.0,-8.475120544433594,-2.6269534
exp7_random_2,7993,998.18317,1136.5758,-100.0,-14.58258056640625,-23.810545
exp7_random_2,7994,1171.728,1174.455,0.0,-0.3754521608352661,-2.3513696
exp7_random_2,7995,1111.7396,1116.5201,0.0,-0.3018677532672882,-4.47872
exp7_random_2,7996,16.5775,172.5187,-100.0,-52.26767349243164,-3.6734927
exp7_random_2,7997,-20.86058,134.06908,-100.0,-51.4618034362793,-3.4678211
exp7_random_2,7998,935.7245,937.167,0.0,0.0,-1.442448
exp7_random_2,7999,1001.5016,1004.3119,0.0,-0.5479661226272583,-2.2622817
exp7_random_2,8001,1116.9214,1120.2477,0.0,-0.13716018199920654,-3.1891441
exp7_random_2,8002,975.0331,977.594,0.0,-0.7096108198165894,-1.8512839
exp7_random_2,8003,903.12573,904.1488,0.0,0.0,-1.0230997
exp7_random_2,8004,943.45544,945.2739,0.0,-0.046156302094459534,-1.7722733
exp7_random_2,8005,1239.9059,1242.4047,0.0,-0.5491163730621338,-1.9496202
exp7_random_2,8006,1054.1891,1057.6566,0.0,0.0,-3.4674952
exp7_random_2,8007,994.33606,996.4048,0.0,-0.07862938940525055,-1.9901849
exp7_random_2,8008,956.762,961.4799,0.0,-0.24946820735931396,-4.4684505
exp7_random_2,8009,1258.9307,1263.8628,0.0,-0.027129992842674255,-4.90517
exp7_random_2,8010,1230.8889,1234.0338,0.0,-0.03272844851016998,-3.1122074
exp7_random_2,8011,1088.1809,1091.4674,0.0,-0.11904683709144592,-3.1675694
exp7_random_2,8012,1153.7113,1157.5039,0.0,-0.32739949226379395,-3.4649963
exp7_random_2,8013,956.438,959.06824,0.0,-1.1487520933151245,-1.4814959
exp7_random_2,8014,936.6924,939.7759,0.0,-0.21880808472633362,-2.86478
exp7_random_2,8015,864.89087,865.58594,0.0,0.0,-0.6950587
exp7_random_2,8016,1070.9756,1079.645,0.0,-3.7538082599639893,-4.915566
exp7_random_2,8017,1069.6642,1072.5461,0.0,-0.05659300088882446,-2.825214
exp7_random_2,8018,1034.7462,1039.8625,0.0,-0.935369610786438,-4.181383
exp7_random_2,8019,1083.943,1087.274,0.0,-0.2086564302444458,-3.1224859
exp7_random_2,8021,1070.407,1074.4092,0.0,-2.372377395629883,-1.6296545
exp7_random_2,8022,1400.8739,1410.9202,0.0,-1.9453386068344116,-8.1009445
exp7_random_2,8023,960.45874,969.45734,0.0,-1.0332337617874146,-7.9655275
exp7_random_2,8024,1065.1648,1067.9415,0.0,-0.9404860138893127,-1.8362303
exp7_random_2,8025,1036.059,1042.6055,0.0,-0.5085310339927673,-6.037953
exp7_random_2,8026,1112.3943,1114.993,0.0,-0.45666760206222534,-2.1420553
exp7_random_2,8027,874.5104,876.8662,0.0,-0.14572545886039734,-2.2099998
exp7_random_2,8028,1060.0712,1063.2428,0.0,0.0,-3.171622
exp7_random_2,8029,1012.13434,1013.7271,0.0,-0.024413034319877625,-1.568315
exp7_random_2,8030,1105.1975,1108.4742,0.0,0.0,-3.2768214
exp7_random_2,8031,1355.687,1364.0789,0.0,-1.7050789594650269,-6.686695
exp7_random_2,8032,870.84094,871.43616,0.0,0.0,-0.5952689
exp7_random_2,8033,-42.722137,62.373623,-100.0,-3.8169569969177246,-1.2787946
exp7_random_2,8034,1083.755,1088.6099,0.0,-1.1242023706436157,-3.7306707
exp7_random_2,8035,1175.1561,1179.4576,0.0,-1.1971749067306519,-3.1043918
exp7_random_2,8036,459.05008,611.52966,-100.0,-49.9398078918457,-2.539687
exp7_random_2,8037,1253.6415,1258.4319,0.0,-1.0063464641571045,-3.7839494
exp7_random_2,8038,1081.8093,1084.5663,0.0,-0.44188356399536133,-2.3148649
exp7_random_2,8039,1244.5493,1255.3989,0.0,-1.770659327507019,-9.078752
exp7_random_2,8041,1365.4663,1370.2461,0.0,-0.16570347547531128,-4.6139364
exp7_random_2,8042,1015.16565,1017.55994,0.0,0.0,-2.394264
exp7_random_2,8043,1137.3613,1139.8098,0.0,-0.09132702648639679,-2.3571515
exp7_random_2,8044,963.5857,964.6073,0.0,0.0,-1.0215378
exp7_random_2,8045,891.23895,892.991,0.0,0.0,-1.7520992
exp7_random_2,8046,1161.8357,1165.267,0.0,-0.2034190446138382,-3.2280023
exp7_random_2,8047,1166.0247,1168.6575,0.0,0.0,-2.6330194
exp7_random_2,8048,1245.6415,1250.5645,0.0,-0.8834850192070007,-4.0398397
exp7_random_2,8049,920.91705,922.2357,0.0,-0.01929207146167755,-1.2994026
exp7_random_2,8050,1175.1813,1176.6489,0.0,0.0,-1.4678038
exp7_random_2,8051,1144.9873,1154.8942,0.0,-1.5115036964416504,-8.395423
exp7_random_2,8052,912.04114,912.59753,0.0,0.0,-0.5565155
exp7_random_2,8053,1046.7732,1048.1177,0.0,0.0,-1.3444875
exp7_random_2,8054,1153.5188,1160.2565,0.0,-1.5529760122299194,-5.1846743
exp7_random_2,8055,955.17505,956.3587,0.0,0.0,-1.1837022
exp7_random_2,8056,1073.5804,1077.8837,0.0,-0.11701680719852448,-4.1862135
exp7_random_2,8057,1047.4827,1049.5583,0.0,0.0,-2.0759373
exp7_random_2,8058,1289.2847,1294.2102,0.0,-0.07875141501426697,-4.8467755
exp7_random_2,8059,1124.9353,1127.1583,0.0,0.0,-2.2231505
exp7_random_2,8061,958.0246,963.6896,0.0,-1.166091799736023,-4.4987426
exp7_random_2,8062,59.62079,163.86514,-100.0,-3.006434440612793,-1.2379206
exp7_random_2,8063,1082.1947,1084.4734,0.0,0.0,-2.278648
exp7_random_2,8064,1256.0815,1259.5414,0.0,-0.3824571967124939,-3.0775075
exp7_random_2,8065,1265.8337,1269.9524,0.0,-1.343916893005371,-2.774577
exp7_random_2,8066,-73.29442,30.956673,-100.0,-3.495051860809326,-0.75603956
exp7_random_2,8067,1006.0093,1009.15063,0.0,-0.1455230712890625,-2.9959314
exp7_random_2,8068,1094.2914,1096.3236,0.0,-0.523309051990509,-1.5088904
exp7_random_2,8069,1005.5156,1007.13727,0.0,0.0,-1.6216446
exp7_random_2,8070,924.80237,926.3594,0.0,-0.004132390022277832,-1.5528842
exp7_random_2,8071,847.3241,854.4156,0.0,-3.0328946113586426,-4.0586133
exp7_random_2,8072,1145.7747,1149.4113,0.0,-0.43508976697921753,-3.2013853
exp7_random_2,8073,1042.2875,1045.2345,0.0,-0.8956000804901123,-2.0515077
exp7_random_2,8074,-97.01631,7.4150105,-100.0,-4.21665620803833,-0.21466278
exp7_random_2,8075,1170.3934,1173.4607,0.0,0.0,-3.0672112
exp7_random_2,8076,1318.2122,1323.2203,0.0,-1.4430537223815918,-3.5651636
exp7_random_2,8077,1026.5513,1028.5988,0.0,0.0,-2.0474389
exp7_random_2,8078,1060.987,1062.554,0.0,-0.3057912588119507,-1.2610279
exp7_random_2,8079,1100.9044,1103.1719,0.0,-0.012544006109237671,-2.254904
exp7_random_2,8081,1010.1985,1012.056,0.0,-0.007356792688369751,-1.8501123
exp7_random_2,8082,967.91077,969.3731,0.0,-0.029717862606048584,-1.4325677
exp7_random_2,8083,1264.5264,1269.8884,0.0,-1.4019818305969238,-3.9599617
exp7_random_2,8084,1182.6191,1189.794,0.0,-2.405968189239502,-4.7690086
exp7_random_2,8085,1069.9158,1072.9324,0.0,0.0,-3.016601
exp7_random_2,8086,883.4735,884.6527,0.0,0.0,-1.1791486
exp7_random_2,8087,843.68945,845.5419,0.0,0.0,-1.8525335
exp7_random_2,8088,916.6315,918.13965,0.0,0.0,-1.5081673
exp7_random_2,8089,1006.66986,1011.14246,0.0,-0.3140987157821655,-4.1585317
exp7_random_2,8090,899.2805,900.1996,0.0,0.0,-0.9191121
exp7_random_2,8091,1139.8307,1141.7189,0.0,0.0,-1.8881147
exp7_random_2,8092,1213.4673,1220.5288,0.0,-1.5834301710128784,-5.478087
exp7_random_2,8093,971.74536,978.662,0.0,-1.9083579778671265,-5.0082374
exp7_random_2,8094,1120.9458,1123.3322,0.0,-0.004301726818084717,-2.3820353
exp7_random_2,8095,-41.86353,63.868053,-100.0,-5.064901351928711,-0.6666802
exp7_random_2,8096,1125.5035,1128.1672,0.0,-1.0346765518188477,-1.6289223
exp7_random_2,8097,-102.656555,3.2464876,-100.0,-4.6063737869262695,-1.2966743
exp7_random_2,8098,968.4208,968.9149,0.0,0.0,-0.49419457
exp7_random_2,8099,917.3829,920.0488,0.0,-0.38507717847824097,-2.280859
exp7_random_2,8101,1364.3724,1367.9028,0.0,-0.19440048933029175,-3.3358994
exp7_random_2,8102,1439.9951,1443.8889,0.0,-0.0014604926109313965,-3.8923414
exp7_random_2,8103,945.63916,946.88965,0.0,0.0,-1.2504873
exp7_random_2,8104,1117.2109,1118.2213,0.0,0.0,-1.0101224
exp7_random_2,8105,986.37933,989.0758,0.0,-0.1371525228023529,-2.559277
exp7_random_2,8106,-80.870995,22.237455,-100.0,-3.038469076156616,-0.06997637
exp7_random_2,8107,1116.2437,1123.9805,0.0,-4.086238861083984,-3.6505215
exp7_random_2,8108,997.96643,1000.51733,0.0,-0.0029380470514297485,-2.5479372
exp7_random_2,8109,944.6059,945.2926,0.0,0.0,-0.6866908
exp7_random_2,8110,1038.5669,1039.9341,0.0,0.0,-1.3673272
exp7_random_2,8111,1029.2726,1032.0374,0.0,0.0,-2.7648246
exp7_random_2,8112,243.7766,275.2757,0.0,-3.07651424407959,-28.422674
exp7_random_2,8113,944.37384,946.9191,0.0,0.0,-2.5453196
exp7_random_2,8114,1013.0744,1017.39404,0.0,-1.8881127834320068,-2.4314182
exp7_random_2,8115,1201.9619,1205.1765,0.0,0.0,-3.214689
exp7_random_2,8116,919.72284,920.6294,0.0,0.0,-0.90654457
exp7_random_2,8117,1138.7466,1141.5271,0.0,-0.07421182096004486,-2.7064054
exp7_random_2,8118,927.08563,927.97766,0.0,0.0,-0.89195645
exp7_random_2,8119,1044.3202,1046.8196,0.0,-0.16939523816108704,-2.3301022
exp7_random_2,8121,961.5882,968.39197,0.0,-2.8619585037231445,-3.9418616
exp7_random_2,8122,1089.1084,1093.1777,0.0,-0.8524264097213745,-3.2169392
exp7_random_2,8123,1068.4463,1075.0963,0.0,-1.3943610191345215,-5.2557516
exp7_random_2,8124,1022.5277,1024.4924,0.0,-0.058047324419021606,-1.9066356
exp7_random_2,8125,851.1814,851.824,0.0,0.0,-0.6425795
exp7_random_2,8126,1200.8723,1209.8494,0.0,-3.674412250518799,-5.302491
exp7_random_2,8127,1038.4622,1039.9803,0.0,-0.22965210676193237,-1.2884803
exp7_random_2,8128,925.1918,929.94653,0.0,-2.3350517749786377,-2.419706
exp7_random_2,8129,1016.5418,1021.7572,0.0,-0.5672191381454468,-4.64821
exp7_random_2,8130,1094.6954,1097.6476,0.0,0.0,-2.9519892
exp7_random_2,8131,1198.323,1203.1282,0.0,-0.8563506603240967,-3.9486268
exp7_random_2,8132,1074.5432,1077.0529,0.0,-0.29079490900039673,-2.2187579
exp7_random_2,8133,1128.5769,1136.4752,0.0,-1.767628788948059,-6.130513
exp7_random_2,8134,1148.9983,1154.9128,0.0,-1.388399362564087,-4.5261526
exp7_random_2,8135,1074.904,1076.9801,0.0,-0.17161639034748077,-1.9043894
exp7_random_2,8136,901.2014,903.6859,0.0,0.0,-2.4845517
exp7_random_2,8137,1027.8352,1029.9718,0.0,-0.05788832902908325,-2.0785096
exp7_random_2,8138,571.1834,678.535,-100.0,-2.7509162425994873,-4.6006894
exp7_random_2,8139,1239.2272,1243.4421,0.0,-0.49542805552482605,-3.7196846
exp7_random_2,8141,928.70245,929.7649,0.0,0.0,-1.0623434
exp7_random_2,8142,1109.8408,1114.0204,0.0,-0.6717929244041443,-3.5077415
exp7_random_2,8143,-11.89801,91.96052,-100.0,-2.8646018505096436,-0.9939292
exp7_random_2,8144,929.7528,931.69226,0.0,0.0,-1.939554
exp7_random_2,8145,1060.3441,1061.799,0.0,-0.18915550410747528,-1.2658083
exp7_random_2,8146,1028.3342,1031.0828,0.0,-0.2522706985473633,-2.4960825
exp7_random_2,8147,1146.638,1150.4269,0.0,-0.21551619470119476,-3.5734544
exp7_random_2,8148,1020.7372,1023.1254,0.0,-0.9219417572021484,-1.4661778
exp7_random_2,8149,379.3145,483.5035,-100.0,-2.8673155307769775,-1.321706
exp7_random_2,8150,1011.1854,1014.4302,0.0,-1.5785189867019653,-1.6662772
exp7_random_2,8151,992.16504,994.1889,0.0,-0.17185716331005096,-1.852016
exp7_random_2,8152,1302.2736,1308.269,0.0,-2.008253335952759,-3.9870315
exp7_random_2,8153,929.5646,930.8949,0.0,0.0,-1.3303002
exp7_random_2,8154,998.17523,1000.51215,0.0,-0.05435916781425476,-2.2824328
exp7_random_2,8155,958.4592,959.9148,0.0,0.0,-1.455567
exp7_random_2,8156,931.74634,935.63684,0.0,-1.8140084743499756,-2.0765648
exp7_random_2,8157,1009.90674,1012.09644,0.0,0.0,-2.189842
exp7_random_2,8158,1092.3606,1094.4464,0.0,-0.08214731514453888,-2.0035388
exp7_random_2,8159,1001.12573,1005.3611,0.0,-2.436422109603882,-1.7989677
exp7_random_2,8161,1006.12006,1007.37427,0.0,0.0,-1.2541523
exp7_random_2,8162,894.10547,894.9088,0.0,0.0,-0.80325586
exp7_random_2,8163,933.3573,938.8942,0.0,-2.7469866275787354,-2.7899206
exp7_random_2,8164,1105.9003,1107.6072,0.0,0.0,-1.7068908
exp7_random_2,8165,62.21306,167.33214,-100.0,-4.018679618835449,-1.1004093
exp7_random_2,8166,1168.0547,1172.2706,0.0,-0.37965157628059387,-3.8363676
exp7_random_2,8167,961.65137,966.386,0.0,-0.27969399094581604,-4.4550138
exp7_random_2,8168,1087.3229,1091.4866,0.0,-0.829777717590332,-3.333787
exp7_random_2,8169,1064.9927,1072.3179,0.0,-1.7091655731201172,-5.6163197
exp7_random_2,8170,874.31177,874.84143,0.0,-0.041440799832344055,-0.48818317
exp7_random_2,8171,1259.6981,1264.3599,0.0,-0.87001633644104,-3.7919407
exp7_random_2,8172,953.77594,955.2698,0.0,0.0,-1.4937059
exp7_random_2,8173,1041.5032,1044.1667,0.0,-0.08680735528469086,-2.5768228
exp7_random_2,8174,1037.3198,1039.309,0.0,-0.10005533695220947,-1.8890021
exp7_random_2,8175,966.9617,967.96204,0.0,-0.008356153964996338,-0.9919834
exp7_random_2,8176,991.3635,994.0492,0.0,-0.42381417751312256,-2.2617126
exp7_random_2,8177,-94.86388,58.804432,-100.0,-52.163429260253906,-1.5048635
exp7_random_2,8178,914.7511,915.20953,0.0,0.0,-0.4584561
exp7_random_2,8179,26.233002,181.06697,-100.0,-52.14977264404297,-2.6842582
exp7_random_2,8181,1123.3964,1126.333,0.0,0.0,-2.9367137
exp7_random_2,8182,515.44836,623.89825,-100.0,-6.058834075927734,-2.3910608
exp7_random_2,8183,956.76514,959.50385,0.0,-0.23206886649131775,-2.5066483
exp7_random_2,8184,1054.2875,1058.2086,0.0,-0.04508469998836517,-3.8758729
exp7_random_2,8185,935.0642,937.37354,0.0,-0.020248591899871826,-2.2891927
exp7_random_2,8186,1012.65234,1015.2783,0.0,0.0,-2.6259434
exp7_random_2,8187,1000.4938,1002.75397,0.0,-0.08495357632637024,-2.1753345
exp7_random_2,8188,1000.9967,1002.2207,0.0,0.0,-1.2240599
exp7_random_2,8189,1042.2053,1043.1956,0.0,0.0,-0.9902462
exp7_random_2,8190,1057.6921,1063.4998,0.0,-1.8996427059173584,-3.9079204
exp7_random_2,8191,949.3574,951.4606,0.0,-0.2378341555595398,-1.8652924
exp7_random_2,8192,976.12085,977.6471,0.0,-0.04968997836112976,-1.4764957
exp7_random_2,8193,1016.85864,1021.9227,0.0,-0.3988794684410095,-4.6650867
exp7_random_2,8194,1105.1018,1107.2017,0.0,0.0,-2.0999186
exp7_random_2,8195,1179.3323,1183.4924,0.0,-0.15547014772891998,-4.004729
exp7_random_2,8196,469.07544,583.2404,-100.0,-10.079812049865723,-4.0851674
exp7_random_2,8197,1138.2087,1141.4387,0.0,-0.3985271751880646,-2.831395
exp7_random_2,8198,1252.8892,1258.8442,0.0,-0.05916358530521393,-5.8960967
exp7_random_2,8199,1041.1536,1044.2979,0.0,-0.3266236186027527,-2.8175306
exp7_random_2,8201,1002.2968,1004.8192,0.0,-0.07008183002471924,-2.4523594
exp7_random_2,8202,1116.7461,1118.8538,0.0,-0.35342204570770264,-1.7540442
exp7_random_2,8203,936.52295,937.2467,0.0,0.0,-0.7237264
exp7_random_2,8204,1126.7943,1129.6296,0.0,-0.6098567843437195,-2.2255824
exp7_random_2,8205,1068.5598,1072.8503,0.0,-0.7615566253662109,-3.5289168
exp7_random_2,8206,1088.5535,1091.8513,0.0,-0.15127958357334137,-3.1466985
exp7_random_2,8207,1075.4551,1077.5054,0.0,0.0,-2.0503163
exp7_random_2,8208,1012.9129,1015.9009,0.0,-0.023889631032943726,-2.9641318
exp7_random_2,8209,844.85065,845.8888,0.0,0.0,-1.0382187
exp7_random_2,8210,1000.7377,1002.9206,0.0,0.0,-2.1829708
exp7_random_2,8211,1241.5918,1245.1124,0.0,-0.6597416400909424,-2.8608634
exp7_random_2,8212,1016.05237,1017.7058,0.0,0.0,-1.653429
exp7_random_2,8213,1043.7625,1044.822,0.0,0.0,-1.0596235
exp7_random_2,8214,932.5636,934.8936,0.0,-0.5400537252426147,-1.7899668
exp7_random_2,8215,1092.382,1096.5963,0.0,-0.38959449529647827,-3.8246446
exp7_random_2,8216,1039.0454,1040.693,0.0,0.0,-1.6476533
exp7_random_2,8217,1022.90625,1026.9358,0.0,-1.0303245782852173,-2.9992344
exp7_random_2,8218,1017.65283,1021.6594,0.0,-0.9089116454124451,-3.097831
exp7_random_2,8219,-40.55372,112.61076,-100.0,-50.855281829833984,-2.309212
exp7_random_2,8221,-80.71771,69.88746,-100.0,-50.441200256347656,-0.16398202
exp7_random_2,8222,1107.9965,1111.6533,0.0,-1.241317629814148,-2.4155638
exp7_random_2,8223,1006.0795,1007.69025,0.0,-0.04681044816970825,-1.563829
exp7_random_2,8224,959.18964,961.32886,0.0,-0.298817902803421,-1.8404213
exp7_random_2,8225,1493.8844,1501.0967,0.0,-0.7333260774612427,-6.4791875
exp7_random_2,8226,1019.34155,1021.83765,0.0,-0.6674554347991943,-1.8287172
exp7_random_2,8227,1294.0696,1299.025,0.0,-1.9880372285842896,-2.9674017
exp7_random_2,8228,1154.089,1157.361,0.0,-0.46653780341148376,-2.8053517
exp7_random_2,8229,990.5781,992.831,0.0,-0.2225082367658615,-2.0303817
exp7_random_2,8230,931.6287,933.69904,0.0,0.0,-2.0702157
exp7_random_2,8231,1112.7366,1117.7583,0.0,-1.3364697694778442,-3.6851404
exp7_random_2,8232,1043.6515,1049.103,0.0,-2.0964579582214355,-3.3551095
exp7_random_2,8233,1107.0166,1109.2528,0.0,-0.03133007884025574,-2.2048957
exp7_random_2,8234,941.048,945.946,0.0,-2.8603341579437256,-2.0376809
exp7_random_2,8235,1008.85376,1011.91626,0.0,-1.2748030424118042,-1.7877764
exp7_random_2,8236,1141.0757,1143.1494,0.0,-0.06424647569656372,-2.009313
exp7_random_2,8237,-71.06345,33.33432,-100.0,-3.833859920501709,-0.56391776
exp7_random_2,8238,1185.8916,1189.2339,0.0,-1.408233642578125,-1.9340312
exp7_random_2,8239,1095.5398,1101.4509,0.0,-1.5868241786956787,-4.32442
exp7_random_2,8241,1115.6211,1119.604,0.0,-0.42896342277526855,-3.5540636
exp7_random_2,8242,1017.41754,1018.72986,0.0,0.0,-1.3122475
exp7_random_2,8243,1034.5343,1035.3281,0.0,0.0,-0.7938151
exp7_random_2,8244,927.9989,931.4995,0.0,-0.25294816493988037,-3.2475955
exp7_random_2,8245,1063.2186,1066.7498,0.0,-0.22157275676727295,-3.30981
exp7_random_2,8246,1377.6136,1381.6952,0.0,-0.2575685977935791,-3.8239007
exp7_random_2,8247,989.94336,992.7462,0.0,-0.08383706212043762,-2.7190125
exp7_random_2,8248,976.88574,980.78687,0.0,-1.4655689001083374,-2.4355226
exp7_random_2,8249,1090.1536,1094.1926,0.0,-0.03710786998271942,-4.001777
exp7_random_2,8250,1213.9323,1218.0964,0.0,-0.061260566115379333,-4.1029534
exp7_random_2,8251,1007.8811,1009.4623,0.0,-0.03756678104400635,-1.543666
exp7_random_2,8252,1212.578,1217.7606,0.0,-1.273262619972229,-3.9092724
exp7_random_2,8253,1064.5613,1067.4127,0.0,-0.28002625703811646,-2.5714343
exp7_random_2,8254,1267.9194,1273.1892,0.0,-1.4014629125595093,-3.8682935
exp7_random_2,8255,1058.3066,1059.2327,0.0,-0.012312129139900208,-0.91364807
exp7_random_2,8256,1231.1211,1233.7108,0.0,0.0,-2.5898647
exp7_random_2,8257,1176.8197,1179.194,0.0,0.0,-2.3741348
exp7_random_2,8258,1019.9568,1023.1321,0.0,-0.25566619634628296,-2.919786
exp7_random_2,8259,1020.87866,1024.3135,0.0,-0.09524330496788025,-3.3396335
exp7_random_2,8261,1040.4312,1040.9702,0.0,0.0,-0.5391812
exp7_random_2,8262,1124.2628,1126.2566,0.0,0.0,-1.993835
exp7_random_2,8263,1128.6293,1132.4951,0.0,0.0,-3.8660016
exp7_random_2,8264,1050.1323,1057.8065,0.0,-1.2303597927093506,-6.4437213
exp7_random_2,8265,990.1522,992.96234,0.0,-0.31992554664611816,-2.4901366
exp7_random_2,8266,985.28015,985.92395,0.0,0.0,-0.643905
exp7_random_2,8267,922.19147,923.579,0.0,-0.4325650632381439,-0.95488083
exp7_random_2,8268,1021.43665,1024.0787,0.0,-1.1641650199890137,-1.4779589
exp7_random_2,8269,1179.8022,1184.8766,0.0,-1.3527657985687256,-3.7215936
exp7_random_2,8270,1063.9092,1067.7146,0.0,-1.3914520740509033,-2.4139507
exp7_random_2,8271,942.97754,944.7457,0.0,0.0,-1.7682434
exp7_random_2,8272,1287.277,1295.3964,0.0,-1.6263995170593262,-6.492978
exp7_random_2,8273,1182.7615,1186.1292,0.0,-0.5043246746063232,-2.8631856
exp7_random_2,8274,1369.1807,1372.7201,0.0,-0.8528971672058105,-2.6865697
exp7_random_2,8275,1061.5079,1064.0421,0.0,-0.16592168807983398,-2.368243
exp7_random_2,8276,1120.5898,1123.6321,0.0,-0.3719026744365692,-2.6705964
exp7_random_2,8277,1305.1482,1309.3586,0.0,-0.1288987100124359,-4.081731
exp7_random_2,8278,885.54767,887.83057,0.0,0.0,-2.2827477
exp7_random_2,8279,1118.7126,1121.2866,0.0,-0.01760093867778778,-2.556345
exp7_random_2,8281,1104.7688,1107.5145,0.0,-0.2599354088306427,-2.485778
exp7_random_2,8282,1235.5426,1237.7031,0.0,-0.09341543912887573,-2.0670261
exp7_random_2,8283,943.23694,944.9779,0.0,0.0,-1.74107
exp7_random_2,8284,1043.6531,1044.974,0.0,-0.09669560194015503,-1.2239059
exp7_random_2,8285,1024.2196,1026.0621,0.0,-0.2922801971435547,-1.5501274
exp7_random_2,8286,1246.625,1251.1072,0.0,-0.01889359951019287,-4.4634886
exp7_random_2,8287,576.72205,699.0008,-100.0,-18.55318832397461,-3.7255898
exp7_random_2,8288,1157.5497,1158.9653,0.0,0.0,-1.4157398
exp7_random_2,8289,963.69006,965.71924,0.0,-0.01494075357913971,-2.0142078
exp7_random_2,8290,1060.4817,1062.4271,0.0,-0.008603453636169434,-1.9368223
exp7_random_2,8291,1041.2163,1047.5491,0.0,-2.766212224960327,-3.566532
exp7_random_2,8292,1043.8464,1045.9547,0.0,-0.062028542160987854,-2.0462785
exp7_random_2,8293,1110.0681,1111.9862,0.0,0.0,-1.9180176
exp7_random_2,8294,1298.6482,1304.2501,0.0,-0.7055118083953857,-4.8965774
exp7_random_2,8295,-94.70522,8.734387,-100.0,-2.8257195949554443,-0.61388886
exp7_random_2,8296,1136.6459,1138.613,0.0,-0.05963750183582306,-1.9075011
exp7_random_2,8297,-46.59783,58.796635,-100.0,-5.1012725830078125,-0.2931936
exp7_random_2,8298,1203.4073,1206.6157,0.0,-0.889275074005127,-2.3191555
exp7_random_2,8299,592.34644,699.31464,-100.0,-3.70574951171875,-3.2625196
exp7_random_2,8301,1043.1416,1045.406,0.0,-0.2641579210758209,-2.000265
exp7_random_2,8302,1036.3358,1042.9524,0.0,-2.235410451889038,-4.3811007
exp7_random_2,8303,1483.7446,1488.7858,0.0,-0.16907215118408203,-4.8720384
exp7_random_2,8304,1145.7765,1157.0188,0.0,-4.4174346923828125,-6.8250256
exp7_random_2,8305,945.6968,947.14154,0.0,0.0,-1.4448596
exp7_random_2,8306,954.3025,955.4452,0.0,-0.06043902039527893,-1.0823245
exp7_random_2,8307,1162.0272,1169.1018,0.0,-1.7415807247161865,-5.333021
exp7_random_2,8308,1023.4151,1029.0449,0.0,-0.5386456251144409,-5.0911474
exp7_random_2,8309,1166.1682,1176.7861,0.0,-2.540822982788086,-8.076831
exp7_random_2,8310,1425.1222,1434.5162,0.0,-1.748915672302246,-7.6451273
exp7_random_2,8311,1455.6208,1464.0516,0.0,-0.40533140301704407,-8.025575
exp7_random_2,8312,1100.2642,1103.0614,0.0,-0.0025232285261154175,-2.7947533
exp7_random_2,8313,1155.489,1171.954,0.0,-4.659828186035156,-11.805328
exp7_random_2,8314,961.27374,964.9276,0.0,-0.07421554625034332,-3.579654
exp7_random_2,8315,1260.9205,1264.9124,0.0,-0.21203383803367615,-3.7798612
exp7_random_2,8316,948.6568,952.63104,0.0,-0.8643500208854675,-3.1098373
exp7_random_2,8317,1150.0345,1153.7576,0.0,-0.0004600733518600464,-3.7227774
exp7_random_2,8318,1070.3054,1072.7878,0.0,-0.0011519193649291992,-2.4812
exp7_random_2,8319,1073.4917,1075.6116,0.0,0.0,-2.1198735
exp7_random_2,8321,1243.1301,1245.1643,0.0,-0.015381067991256714,-2.0189555
exp7_random_2,8322,1101.7122,1106.8501,0.0,-0.5321947932243347,-4.6058393
exp7_random_2,8323,867.39307,868.3023,0.0,0.0,-0.90921074
exp7_random_2,8324,1182.1338,1186.1985,0.0,-0.17346160113811493,-3.8914526
exp7_random_2,8325,1118.6636,1124.4155,0.0,-1.995509386062622,-3.756545
exp7_random_2,8326,1074.0217,1079.885,0.0,-2.4858107566833496,-3.3774939
exp7_random_2,8327,1036.8722,1044.1635,0.0,-0.2577763795852661,-7.033493
exp7_random_2,8328,-88.538185,16.211002,-100.0,-3.668642044067383,-1.0805494
exp7_random_2,8329,996.28357,1000.6699,0.0,-0.4726048409938812,-3.9139788
exp7_random_2,8330,951.98804,952.5403,0.0,0.0,-0.5522414
exp7_random_2,8331,1072.2695,1076.156,0.0,-1.4519238471984863,-2.434591
exp7_random_2,8332,1024.4297,1025.3564,0.0,0.0,-0.92686296
exp7_random_2,8333,51.092186,161.7282,-100.0,-5.777496337890625,-4.858504
exp7_random_2,8334,-57.41926,48.607048,-100.0,-4.7420430183410645,-1.2842585
exp7_random_2,8335,370.60812,522.95,-100.0,-50.95970916748047,-1.3821943
exp7_random_2,8336,1176.8058,1182.094,0.0,-1.1218757629394531,-4.1667624
exp7_random_2,8337,916.32434,918.259,0.0,-0.07904578745365143,-1.8555562
exp7_random_2,8338,917.6633,919.6686,0.0,-0.040256351232528687,-1.9649991
exp7_random_2,8339,1095.7515,1098.2572,0.0,-0.14434394240379333,-2.3613312
exp7_random_2,8341,-136.43655,15.24038,-100.0,-51.19295120239258,-0.48398107
exp7_random_2,8342,1266.8444,1273.3788,0.0,-0.8570363521575928,-5.67731
exp7_random_2,8343,981.5515,983.3151,0.0,-0.24180565774440765,-1.521791
exp7_random_2,8344,1012.5293,1015.806,0.0,-1.4920798540115356,-1.7845769
exp7_random_2,8345,1008.44604,1011.63,0.0,-0.12241107225418091,-3.0614982
exp7_random_2,8346,1080.879,1083.1455,0.0,-0.02429153025150299,-2.2422736
exp7_random_2,8347,14.725403,125.833755,-100.0,-9.42390251159668,-1.6844562
exp7_random_2,8348,1397.0474,1400.7985,0.0,-0.03653687238693237,-3.7145498
exp7_random_2,8349,1052.8491,1056.6875,0.0,-0.9907299876213074,-2.8475606
exp7_random_2,8350,1238.9617,1241.5894,0.0,0.0,-2.6276007
exp7_random_2,8351,1180.0521,1183.6115,0.0,-0.25868546962738037,-3.3007002
exp7_random_2,8352,556.7313,663.5564,-100.0,-4.1826090812683105,-2.642508
exp7_random_2,8353,-91.998436,12.512557,-100.0,-2.9754176139831543,-1.5355749
exp7_random_2,8354,1167.1886,1169.7698,0.0,-0.16227030754089355,-2.4190106
exp7_random_2,8355,908.10284,910.1955,0.0,-0.01642782986164093,-2.0762002
exp7_random_2,8356,1058.8,1067.5889,0.0,-0.811682403087616,-7.977372
exp7_random_2,8357,1102.6221,1105.7947,0.0,-0.44771355390548706,-2.7248466
exp7_random_2,8358,1071.0835,1080.2678,0.0,-4.716192245483398,-4.4678698
exp7_random_2,8359,1036.0048,1037.5452,0.0,-0.06708753108978271,-1.473111
exp7_random_2,8361,1009.00586,1015.6781,0.0,-2.912545919418335,-3.7597198
exp7_random_2,8362,922.21985,923.6358,0.0,0.0,-1.4159572
exp7_random_2,8363,985.76886,986.69934,0.0,0.0,-0.93045
exp7_random_2,8364,1065.1697,1068.2968,0.0,-0.13468033075332642,-2.9923258
exp7_random_2,8365,1067.8792,1071.7793,0.0,-0.9771014451980591,-2.9229121
exp7_random_2,8366,1101.8331,1105.3818,0.0,-0.6604767441749573,-2.8882184
exp7_random_2,8367,993.5126,994.3779,0.0,0.0,-0.8653711
exp7_random_2,8368,986.9055,987.8755,0.0,0.0,-0.96985775
exp7_random_2,8369,991.99084,1000.7202,0.0,-3.892841339111328,-4.836753
exp7_random_2,8370,-61.696793,40.897457,-100.0,-2.1401631832122803,-0.45408764
exp7_random_2,8371,937.29004,938.22266,0.0,0.0,-0.93280965
exp7_random_2,8372,-61.999176,89.128075,-100.0,-50.11020278930664,-1.0170497
exp7_random_2,8373,1157.2074,1163.8905,0.0,-1.7583281993865967,-4.9249244
exp7_random_2,8374,1100.74,1112.5637,0.0,-3.052302122116089,-8.771606
exp7_random_2,8375,1312.9788,1317.2214,0.0,-0.027965649962425232,-4.2147145
exp7_random_2,8376,998.9559,1000.05347,0.0,0.0,-1.0976487
exp7_random_2,8377,870.3247,871.1891,0.0,0.0,-0.86449194
exp7_random_2,8378,1045.8955,1048.315,0.0,-0.04144264757633209,-2.378095
exp7_random_2,8379,1090.9604,1093.2399,0.0,-0.23063696920871735,-2.048758
exp7_random_2,8381,935.1966,937.7945,0.0,-0.2707284390926361,-2.3269691
exp7_random_2,8382,1028.1958,1029.4048,0.0,-0.005288749933242798,-1.2036548
exp7_random_2,8383,1159.6013,1165.606,0.0,-1.6009471416473389,-4.403674
exp7_random_2,8384,587.4389,697.29755,-100.0,-7.642605781555176,-2.2160711
exp7_random_2,8385,957.5575,959.8415,0.0,-0.15566924214363098,-2.1282585
exp7_random_2,8386,927.79016,928.97766,0.0,0.0,-1.1874748
exp7_random_2,8387,1361.7977,1370.602,0.0,-1.0211859941482544,-7.783039
exp7_random_2,8388,1027.4298,1030.022,0.0,0.0,-2.5920937
exp7_random_2,8389,963.47205,967.3297,0.0,-0.979090690612793,-2.8784852
exp7_random_2,8390,1116.1274,1121.5222,0.0,-1.9473717212677002,-3.44736
exp7_random_2,8391,448.05957,573.1553,-100.0,-21.48253631591797,-3.6131685
exp7_random_2,8392,1079.7119,1082.6361,0.0,0.0,-2.92413
exp7_random_2,8393,1240.8256,1245.7183,0.0,-2.0103158950805664,-2.882414
exp7_random_2,8394,1033.5841,1037.0227,0.0,-0.15533354878425598,-3.2831373
exp7_random_2,8395,1036.8163,1038.4897,0.0,0.0,-1.6735433
exp7_random_2,8396,-132.91695,18.161541,-100.0,-50.32684326171875,-0.7516395
exp7_random_2,8397,1215.961,1222.8514,0.0,-1.986857295036316,-4.9034753
exp7_random_2,8398,1316.1781,1320.9032,0.0,-0.3416386842727661,-4.3834968
exp7_random_2,8399,1130.3813,1135.4159,0.0,0.0,-5.034482
exp7_random_2,8401,1013.1028,1016.3812,0.0,-0.23610742390155792,-3.0423532
exp7_random_2,8402,1158.8839,1161.971,0.0,-0.13997474312782288,-2.9469585
exp7_random_2,8403,1116.564,1121.494,0.0,-1.3059457540512085,-3.6242516
exp7_random_2,8404,952.74646,953.45044,0.0,0.0,-0.70388925
exp7_random_2,8405,-4.167412,101.61309,-100.0,-4.617022514343262,-1.1634847
exp7_random_2,8406,1407.1025,1413.5548,0.0,-1.0079317092895508,-5.4440365
exp7_random_2,8407,-89.350586,61.910404,-100.0,-50.496002197265625,-0.7650054
exp7_random_2,8408,658.4825,765.4705,-100.0,-3.8250436782836914,-3.162933
exp7_random_2,8409,1174.9147,1177.1608,0.0,-0.3550944924354553,-1.8907896
exp7_random_2,8410,1006.5171,1010.3231,0.0,-0.17437459528446198,-3.6314778
exp7_random_2,8411,977.64105,980.006,0.0,0.0,-2.3647785
exp7_random_2,8412,1017.4989,1019.9725,0.0,-0.024715229868888855,-2.448797
exp7_random_2,8413,1106.3829,1109.7717,0.0,-0.15243634581565857,-3.236367
exp7_random_2,8414,943.42566,946.18445,0.0,-0.004364192485809326,-2.7543464
exp7_random_2,8415,-77.629395,26.096767,-100.0,-2.967195510864258,-0.7589627
exp7_random_2,8416,731.1057,840.7653,-100.0,-4.637259483337402,-5.022325
exp7_random_2,8417,1241.2029,1243.9215,0.0,-0.10413800179958344,-2.614526
exp7_random_2,8418,1235.2758,1240.0388,0.0,-1.4259709119796753,-3.336825
exp7_random_2,8419,882.83826,883.7363,0.0,0.0,-0.8980344
exp7_random_2,8421,-61.781563,48.08587,-100.0,-6.317524433135986,-3.549912
exp7_random_2,8422,1194.4415,1197.4918,0.0,-0.07951536774635315,-2.9708843
exp7_random_2,8423,889.0587,890.0558,0.0,0.0,-0.99707973
exp7_random_2,8424,1002.9824,1009.82263,0.0,-1.4184566736221313,-5.421912
exp7_random_2,8425,905.1381,905.8739,0.0,0.0,-0.7357809
exp7_random_2,8426,1040.1101,1042.4785,0.0,-0.603460431098938,-1.7649795
exp7_random_2,8427,1080.3701,1085.4429,0.0,-1.0228432416915894,-4.050096
exp7_random_2,8428,1084.4061,1088.5996,0.0,-0.46738070249557495,-3.7261653
exp7_random_2,8429,1042.0669,1052.6702,0.0,-1.8041481971740723,-8.799257
exp7_random_2,8430,1218.4805,1225.4897,0.0,-2.468309164047241,-4.5410066
exp7_random_2,8431,1121.5496,1125.4158,0.0,-0.18860307335853577,-3.6775706
exp7_random_2,8432,1042.9312,1049.6058,0.0,-2.797952651977539,-3.8767524
exp7_random_2,8433,15.245996,15.933822,0.0,0.0,-0.68782496
