experiment,episode,return_total,mean_v,mean_abs_omega,success_rate,collision_rate,mean_time_travel
exp1_empty_1,1,-401.92475219849405,2.6442760926912605,0.6215732039554361,0.0,1.0,10.0
exp1_empty_1,2,-372.4599449415077,2.539579976041224,0.6291745150962799,0.0,1.0,14.0
exp1_empty_1,3,-373.15839235039914,2.660286775867603,0.48609511867002314,0.0,1.0,9.0
exp1_empty_1,4,-390.8729126944242,2.35072722389259,0.4413245324423516,0.0,1.0,12.0
exp1_empty_1,5,-347.6874367794471,2.2939848538614855,0.36570589688139943,0.0,1.0,5.0
exp1_empty_1,6,-335.46559167648593,2.445724009407346,0.5448001506321161,0.0,1.0,24.0
exp1_empty_1,7,-375.11156075650484,2.342101318448801,0.4826894491070896,0.0,1.0,10.0
exp1_empty_1,8,-343.38814201538355,2.7183817182064725,0.4673872071761923,0.0,1.0,14.0
exp1_empty_1,9,-332.66145267393614,4.005661947454631,0.4592787829656883,0.0,1.0,8.0
exp1_empty_1,10,-186.85306597058363,2.3005150642062793,0.2856818867464233,0.0,1.0,9.0
exp1_empty_1,11,-363.1548355509079,2.1122919886610965,0.8293104121942543,0.0,1.0,3.0
exp1_empty_1,12,-379.84720405320104,1.9322933783417933,0.5353611696327051,0.0,1.0,7.0
exp1_empty_1,13,-387.00584422307344,2.6287852036427872,0.4336631445271845,0.0,1.0,7.0
exp1_empty_1,14,-352.56314568103505,3.3241522707810156,0.6151391094076575,0.0,1.0,5.0
exp1_empty_1,15,-188.5467356307805,2.262896844487509,0.5729619312844596,0.0,1.0,19.0
exp1_empty_1,16,-237.09878511600536,2.3937675425419407,0.5562648007465645,0.0,1.0,4.0
exp1_empty_1,17,-393.3798508279372,3.518827985817767,0.697469532314083,0.0,1.0,6.0
exp1_empty_1,18,-220.39484257270703,0.9810341257403299,0.5723312119194526,0.0,1.0,4.0
exp1_empty_1,19,-373.95882058294086,2.165437412923993,0.46686405986169544,0.0,1.0,21.0
exp1_empty_1,21,-348.6424092658158,2.5747611262703303,0.3938927321117307,0.0,1.0,9.0
exp1_empty_1,22,-341.46884180214477,2.0434185460257512,0.5448469745665375,0.0,1.0,13.0
exp1_empty_1,23,-392.2534210032027,1.5688184466183865,0.579874714542314,0.0,1.0,13.0
exp1_empty_1,24,-203.61049169578104,2.6953997324994132,0.6135535705026112,0.0,1.0,7.0
exp1_empty_1,25,-269.7883005922302,2.4210862744564614,0.5049319441228147,0.0,0.0,100.0
exp1_empty_1,26,-321.81229113142484,2.9378922234341913,0.43248666024682997,0.0,1.0,8.0
exp1_empty_1,27,-366.04486434312116,2.022257333538818,0.7115521499576234,0.0,1.0,4.0
exp1_empty_1,28,-140.779624964758,3.453191902392239,0.4529003010230809,0.0,1.0,9.0
exp1_empty_1,29,-375.7992047342339,1.9435746971146264,0.38870265753729416,0.0,1.0,8.0
exp1_empty_1,30,-177.31806092855652,3.4892681848483384,0.36794133142703217,0.0,1.0,7.0
exp1_empty_1,31,-358.6699199088714,2.29179993897446,0.6896643909399212,0.0,1.0,16.0
exp1_empty_1,32,-269.101331346513,3.268621505366288,0.44188171593916614,0.0,1.0,10.0
exp1_empty_1,33,-222.87273535356732,2.761079282266013,0.5143998607553115,0.0,1.0,16.0
exp1_empty_1,34,-274.441304102187,2.125381636726131,0.5440291008665612,0.0,1.0,14.0
exp1_empty_1,35,-412.09622290234,2.649125016648369,0.46812491184887584,0.0,1.0,9.0
exp1_empty_1,36,-294.5229835878673,2.7855829282092985,0.4593335279197246,0.0,1.0,9.0
exp1_empty_1,37,-379.9584581284791,3.3555353769871283,0.5988406777665938,0.0,1.0,4.0
exp1_empty_1,38,-413.3004709813382,2.6872630221150193,0.5152219147261574,0.0,1.0,26.0
exp1_empty_1,39,-355.09453716444074,3.2034294504747614,0.5549224132797171,0.0,1.0,2.0
exp1_empty_1,41,-129.0761222553191,2.15288735874507,0.5503786417984844,0.0,1.0,15.0
exp1_empty_1,42,-357.4996740067534,2.138074294375625,0.5919552398451396,0.0,1.0,5.0
exp1_empty_1,43,-239.40275730844823,2.7307342279931057,0.5844545386578838,0.0,1.0,14.0
exp1_empty_1,44,-257.92491073606976,3.875147453124466,0.4593021711533451,0.0,1.0,3.0
exp1_empty_1,45,-311.31233850548506,2.734484039657232,0.32959253604815153,0.0,1.0,5.0
exp1_empty_1,46,-368.40969457280494,1.198470023593827,0.48063721776559903,0.0,1.0,6.0
exp1_empty_1,47,-231.6697992530955,2.4831236309734366,0.5704243916292467,0.0,1.0,22.0
exp1_empty_1,48,-354.58290795405173,4.890469106042824,0.1606571410396943,0.0,1.0,1.0
exp1_empty_1,49,-329.73482726722443,2.8568545380428945,0.46729636394725615,0.0,1.0,7.0
exp1_empty_1,50,-253.52210235760953,3.165253494767548,0.6758898326982948,0.0,1.0,15.0
exp1_empty_1,51,-338.6696346620747,2.5058473068509075,0.583733779792293,0.0,1.0,4.0
exp1_empty_1,52,-260.23120539967647,2.645396997119356,0.5431255134623582,0.0,1.0,15.0
exp1_empty_1,53,-297.43543932591007,3.566611326067284,0.45966669879271527,0.0,1.0,8.0
exp1_empty_1,54,-313.1787350776258,1.974099292965733,0.3840616424387349,0.0,1.0,11.0
exp1_empty_1,55,-365.3991833531585,2.9887853705266916,0.6134288035033211,0.0,1.0,6.0
exp1_empty_1,56,-265.4903849579456,1.7819023789638269,0.36464431025374794,0.0,1.0,19.0
exp1_empty_1,57,-273.05239147332037,2.1944694918902554,0.536217835662255,0.0,1.0,25.0
exp1_empty_1,58,-206.6370399698252,1.8046901478712614,0.47542352037104507,0.0,1.0,4.0
exp1_empty_1,59,-169.1150346193398,3.0124106694246024,0.4830271058364804,0.0,1.0,19.0
exp1_empty_1,61,-265.28150214938523,1.9864582059831561,0.5225849679464816,0.0,1.0,20.0
exp1_empty_1,62,-344.7755965733558,1.9939773497201425,0.6558417929647262,0.0,1.0,5.0
exp1_empty_1,63,17.36672138595884,3.0943228156354006,0.4709486413859555,0.0,1.0,21.0
exp1_empty_1,64,-369.78969286986677,3.257957885159724,0.5556050846060775,0.0,1.0,5.0
exp1_empty_1,65,-331.8597539775559,1.9178870969236024,0.6696163156813544,0.0,1.0,5.0
exp1_empty_1,66,-383.85349040503536,2.6666714652713246,0.4458955460801507,0.0,1.0,8.0
exp1_empty_1,67,-359.6841177365145,1.3417007961540797,0.5181156155199941,0.0,1.0,3.0
exp1_empty_1,68,-358.73890115731615,4.234680546561898,0.9682735230725715,0.0,1.0,3.0
exp1_empty_1,69,-173.04668154103973,2.29937964434595,0.49131869515645027,0.0,1.0,7.0
exp1_empty_1,70,-239.33099852126898,2.478563000924359,0.5229031076198913,0.0,1.0,6.0
exp1_empty_1,71,-237.31483306865297,2.5499718407023346,0.33342268328271335,0.0,1.0,5.0
exp1_empty_1,72,-267.3744078533844,3.335753066759867,0.4483475088661027,0.0,1.0,9.0
exp1_empty_1,73,-316.03532885604477,2.8916075862122157,0.44195410642390454,0.0,1.0,18.0
exp1_empty_1,74,-163.9713625694795,2.5973558618122654,0.608330005362894,0.0,1.0,28.0
exp1_empty_1,75,-221.24395576636613,2.4687942386041173,0.5517448800936637,0.0,1.0,25.0
exp1_empty_1,76,-260.7556715771357,2.4594972466733775,0.5462924708238953,0.0,1.0,18.0
exp1_empty_1,77,-239.95850448755246,2.579756454492504,0.5892678920201019,0.0,1.0,12.0
exp1_empty_1,78,-318.11267238591597,2.0825759631128085,0.47243763538806055,0.0,1.0,13.0
exp1_empty_1,79,-392.76138275227044,3.040045525198607,0.3271848520495364,0.0,1.0,5.0
exp1_empty_1,81,-329.1821473741722,3.0765541908867946,0.5868457533984347,0.0,1.0,7.0
exp1_empty_1,82,-175.73438610375553,2.833788528141355,0.6101500366723432,0.0,1.0,22.0
exp1_empty_1,83,-414.4008535045452,3.199138189889137,0.5813468065354794,0.0,1.0,16.0
exp1_empty_1,84,-216.33029174804688,2.2476987838745117,0.6900408864021301,0.0,1.0,6.0
exp1_empty_1,85,-95.04036712646484,1.608960509300232,0.5892117619514465,0.0,1.0,24.0
exp1_empty_1,86,-295.672119140625,2.9784958362579346,0.6070382595062256,0.0,1.0,5.0
exp1_empty_1,87,-331.01824951171875,2.3110709190368652,0.6084298491477966,0.0,1.0,5.0
exp1_empty_1,88,-107.6609115600586,2.869784355163574,0.3907037675380707,0.0,1.0,18.0
exp1_empty_1,89,-407.02886962890625,2.629894971847534,0.5163806080818176,0.0,1.0,10.0
exp1_empty_1,90,-243.0648193359375,2.077501058578491,0.28190091252326965,0.0,1.0,3.0
exp1_empty_1,91,-370.8814697265625,2.45556640625,0.5970702767372131,0.0,1.0,21.0
exp1_empty_1,92,-183.64195251464844,1.932715892791748,0.6315869688987732,0.0,1.0,16.0
exp1_empty_1,93,-162.9412384033203,2.1377546787261963,0.6376871466636658,0.0,1.0,14.0
exp1_empty_1,94,-332.11273193359375,2.2106683254241943,0.6726784706115723,0.0,1.0,4.0
exp1_empty_1,95,-249.09915161132812,2.7025866508483887,0.5229119658470154,0.0,1.0,14.0
exp1_empty_1,96,-351.0647277832031,3.087428569793701,0.7126612663269043,0.0,1.0,4.0
exp1_empty_1,97,-282.25372314453125,2.696218490600586,0.6332451105117798,0.0,1.0,20.0
exp1_empty_1,98,-272.9491271972656,2.429413318634033,0.478838175535202,0.0,1.0,9.0
exp1_empty_1,99,-359.5540771484375,2.3517138957977295,0.6554602980613708,0.0,1.0,9.0
exp1_empty_1,101,-407.03607177734375,2.2907674312591553,0.6386870741844177,0.0,1.0,14.0
exp1_empty_1,102,-342.4156799316406,3.631925344467163,0.6041032671928406,0.0,1.0,3.0
exp1_empty_1,103,-215.46044921875,1.638535976409912,0.8259873986244202,0.0,1.0,9.0
exp1_empty_1,104,-260.40081787109375,2.58762264251709,0.5669065117835999,0.0,1.0,11.0
exp1_empty_1,105,-408.2614440917969,2.2566401958465576,0.5240647792816162,0.0,1.0,9.0
exp1_empty_1,106,-181.37037658691406,2.148059368133545,0.5606662631034851,0.0,1.0,65.0
exp1_empty_1,107,-356.9533386230469,3.4586405754089355,0.6157664060592651,0.0,1.0,2.0
exp1_empty_1,108,-419.24285888671875,2.1893608570098877,0.6235407590866089,0.0,1.0,19.0
exp1_empty_1,109,-385.0023498535156,2.6092581748962402,0.6132103800773621,0.0,1.0,15.0
exp1_empty_1,110,-253.16461181640625,2.4513423442840576,0.590338945388794,0.0,1.0,21.0
exp1_empty_1,111,-409.82073974609375,2.2103230953216553,0.7090873718261719,0.0,1.0,11.0
exp1_empty_1,112,-228.9237823486328,3.176661491394043,0.40474048256874084,0.0,1.0,12.0
exp1_empty_1,113,-347.9931640625,2.1872150897979736,0.46120500564575195,0.0,1.0,5.0
exp1_empty_1,114,-223.4661865234375,2.167621612548828,0.49103090167045593,0.0,1.0,4.0
exp1_empty_1,115,-219.70367431640625,1.6197153329849243,0.5810068249702454,0.0,1.0,18.0
exp1_empty_1,116,-354.344482421875,2.4825334548950195,0.6105093359947205,0.0,1.0,81.0
exp1_empty_1,117,-382.3768310546875,3.3751566410064697,0.7206714153289795,0.0,1.0,4.0
exp1_empty_1,118,-219.12437438964844,2.073284864425659,0.6363876461982727,0.0,1.0,8.0
exp1_empty_1,119,-383.41510009765625,2.485391139984131,0.7510169744491577,0.0,1.0,11.0
exp1_empty_1,121,-433.556884765625,2.001833438873291,0.46280762553215027,0.0,1.0,14.0
exp1_empty_1,122,-370.7384033203125,4.698371410369873,0.5783677697181702,0.0,1.0,3.0
exp1_empty_1,123,-387.9888610839844,2.9492528438568115,0.6378769874572754,0.0,1.0,19.0
exp1_empty_1,124,-272.9522705078125,2.1745402812957764,0.6798559427261353,0.0,1.0,17.0
exp1_empty_1,125,-408.7420654296875,1.9647892713546753,0.6700596809387207,0.0,1.0,17.0
exp1_empty_1,126,-221.52525329589844,1.4994709491729736,0.43640702962875366,0.0,1.0,5.0
exp1_empty_1,127,-370.3351745605469,1.9076672792434692,0.597204327583313,0.0,1.0,12.0
exp1_empty_1,128,-359.12847900390625,3.2808151245117188,0.5568590760231018,0.0,1.0,2.0
exp1_empty_1,129,-225.381591796875,1.8417118787765503,0.6081439852714539,0.0,1.0,37.0
exp1_empty_1,130,-280.2250061035156,2.0760562419891357,0.39734169840812683,0.0,1.0,12.0
exp1_empty_1,131,541.6464233398438,1.8375837802886963,0.6819800138473511,1.0,0.0,62.0
exp1_empty_1,132,-312.7655334472656,2.5723795890808105,0.42688480019569397,0.0,1.0,9.0
exp1_empty_1,133,-174.05023193359375,2.320971965789795,0.6323674321174622,0.0,1.0,42.0
exp1_empty_1,134,-367.6376037597656,1.2753428220748901,0.4599737823009491,0.0,1.0,13.0
exp1_empty_1,135,-305.4696350097656,1.7350496053695679,0.587363064289093,0.0,1.0,36.0
exp1_empty_1,136,-368.71929931640625,1.5644971132278442,0.6483456492424011,0.0,1.0,6.0
exp1_empty_1,137,-294.9394226074219,2.012125253677368,0.5227012634277344,0.0,1.0,14.0
exp1_empty_1,138,-416.2570495605469,1.9131923913955688,0.49446097016334534,0.0,1.0,11.0
exp1_empty_1,139,-359.0827941894531,3.814983367919922,0.6835230588912964,0.0,1.0,2.0
exp1_empty_1,141,-340.9306640625,1.1709140539169312,0.4822436273097992,0.0,1.0,14.0
exp1_empty_1,142,-331.92816162109375,2.077031373977661,0.2108045071363449,0.0,1.0,5.0
exp1_empty_1,143,-314.8444519042969,2.11910343170166,0.4909394085407257,0.0,1.0,12.0
exp1_empty_1,144,-104.5824203491211,1.2172054052352905,0.5426538586616516,0.0,1.0,71.0
exp1_empty_1,145,-179.79881286621094,2.1019303798675537,0.49714452028274536,0.0,1.0,26.0
exp1_empty_1,146,-402.2440490722656,1.1842706203460693,0.5424690842628479,0.0,1.0,17.0
exp1_empty_1,147,-221.5069122314453,1.021966576576233,0.3672427237033844,0.0,1.0,14.0
exp1_empty_1,148,-388.45599365234375,1.108609914779663,0.4004184901714325,0.0,1.0,19.0
exp1_empty_1,149,-286.00823974609375,0.9330542087554932,0.41718122363090515,0.0,1.0,46.0
exp1_empty_1,150,-312.24591064453125,0.9705908298492432,0.6585756540298462,0.0,1.0,39.0
exp1_empty_1,151,-288.9025573730469,0.5245856642723083,0.5271280407905579,0.0,1.0,23.0
exp1_empty_1,152,-141.12637329101562,0.38606056571006775,0.4755605459213257,0.0,0.0,100.0
exp1_empty_1,153,-128.6354217529297,0.27843016386032104,0.4692065119743347,0.0,0.0,100.0
exp1_empty_1,154,-218.24755859375,0.04076676443219185,0.4476171135902405,0.0,0.0,100.0
exp1_empty_1,155,-184.86074829101562,0.1747046709060669,0.48905858397483826,0.0,0.0,100.0
exp1_empty_1,156,-226.35179138183594,0.05049068480730057,0.49596118927001953,0.0,0.0,100.0
exp1_empty_1,157,-153.9591827392578,0.16967925429344177,0.5032303929328918,0.0,0.0,100.0
exp1_empty_1,158,-243.6099395751953,0.011115510016679764,0.5856878161430359,0.0,0.0,100.0
exp1_empty_1,159,-239.71080017089844,0.11903811246156693,0.5200058221817017,0.0,0.0,100.0
exp1_empty_1,161,-172.9794158935547,0.34597861766815186,0.561226487159729,0.0,0.0,100.0
exp1_empty_1,162,-230.5216064453125,0.013108163140714169,0.4866254925727844,0.0,0.0,100.0
exp1_empty_1,163,-230.70928955078125,0.01840297505259514,0.5327228903770447,0.0,0.0,100.0
exp1_empty_1,164,-204.2411346435547,0.1095932275056839,0.5294004082679749,0.0,0.0,100.0
exp1_empty_1,165,-115.43970489501953,0.38268810510635376,0.5810791850090027,0.0,0.0,100.0
exp1_empty_1,166,-115.9775161743164,0.4077902138233185,0.5047008991241455,0.0,0.0,100.0
exp1_empty_1,167,-128.54579162597656,0.3330959975719452,0.5032091736793518,0.0,0.0,100.0
exp1_empty_1,168,-222.439453125,0.036466144025325775,0.49542805552482605,0.0,0.0,100.0
exp1_empty_1,169,-223.31541442871094,0.031224921345710754,0.513222336769104,0.0,0.0,100.0
exp1_empty_1,170,-142.6072540283203,0.27162623405456543,0.5203656554222107,0.0,0.0,100.0
exp1_empty_1,171,-222.75173950195312,0.02608296647667885,0.47214892506599426,0.0,0.0,100.0
exp1_empty_1,172,-182.6136932373047,0.1895303577184677,0.5519932508468628,0.0,0.0,100.0
exp1_empty_1,173,-125.53226470947266,0.2797246277332306,0.5123450756072998,0.0,0.0,100.0
exp1_empty_1,174,279.3648681640625,0.25796186923980713,0.5972177386283875,1.0,0.0,77.0
exp1_empty_1,175,-160.169677734375,0.22834348678588867,0.5156633853912354,0.0,0.0,100.0
exp1_empty_1,176,-161.96734619140625,0.22962558269500732,0.5736678838729858,0.0,0.0,100.0
exp1_empty_1,177,-142.7169189453125,0.3180184066295624,0.5324788093566895,0.0,0.0,100.0
exp1_empty_1,178,-231.43243408203125,0.06831486523151398,0.6685540080070496,0.0,0.0,100.0
exp1_empty_1,179,-153.6453094482422,0.2562575340270996,0.5810743570327759,0.0,0.0,100.0
exp1_empty_1,181,-177.82752990722656,0.19038410484790802,0.5813619494438171,0.0,0.0,100.0
exp1_empty_1,182,-240.92025756835938,0.05113125964999199,0.6866215467453003,0.0,0.0,100.0
exp1_empty_1,183,-201.55372619628906,0.12475921958684921,0.6662554740905762,0.0,0.0,100.0
exp1_empty_1,184,-178.41285705566406,0.1946578472852707,0.6498631238937378,0.0,0.0,100.0
exp1_empty_1,185,-185.0210418701172,0.1508207768201828,0.6404648423194885,0.0,0.0,100.0
exp1_empty_1,186,-239.77371215820312,0.042981699109077454,0.7095263600349426,0.0,0.0,100.0
exp1_empty_1,187,-120.83355712890625,0.3168843388557434,0.616828978061676,0.0,0.0,100.0
exp1_empty_1,188,-240.1727294921875,0.054646506905555725,0.7650521993637085,0.0,0.0,100.0
exp1_empty_1,189,-115.22488403320312,0.33409205079078674,0.5274668335914612,0.0,0.0,100.0
exp1_empty_1,190,-155.79246520996094,0.2479124814271927,0.5600214004516602,0.0,0.0,100.0
exp1_empty_1,191,-95.39071655273438,0.3900296092033386,0.5668053030967712,0.0,0.0,100.0
exp1_empty_1,192,348.4283752441406,0.27858537435531616,0.4918856918811798,1.0,0.0,39.0
exp1_empty_1,193,-185.33348083496094,0.17977190017700195,0.5587769150733948,0.0,0.0,100.0
exp1_empty_1,194,-118.97145080566406,0.28188443183898926,0.5657205581665039,0.0,0.0,100.0
exp1_empty_1,195,-24.038301467895508,0.43870487809181213,0.4937921464443207,0.0,0.0,100.0
exp1_empty_1,196,-38.596927642822266,0.5071252584457397,0.4586053490638733,0.0,0.0,100.0
exp1_empty_1,197,-28.2262020111084,0.36947643756866455,0.38615262508392334,0.0,0.0,100.0
exp1_empty_1,198,-211.35256958007812,0.008940799161791801,0.2932680547237396,0.0,0.0,100.0
exp1_empty_1,199,-193.94322204589844,0.0402233712375164,0.2590353488922119,0.0,0.0,100.0
exp1_empty_1,201,-101.60596466064453,0.37832269072532654,0.3495997190475464,0.0,0.0,100.0
exp1_empty_1,202,390.85943603515625,0.3403565585613251,0.37522459030151367,1.0,0.0,52.0
exp1_empty_1,203,-111.10157775878906,0.3726295232772827,0.4288778305053711,0.0,0.0,100.0
exp1_empty_1,204,-195.7298126220703,0.04981669783592224,0.3250333368778229,0.0,0.0,100.0
exp1_empty_1,205,336.37982177734375,0.29312488436698914,0.36162111163139343,1.0,0.0,59.0
exp1_empty_1,206,-103.03968048095703,0.23424750566482544,0.401658296585083,0.0,0.0,100.0
exp1_empty_1,207,-55.337242126464844,0.3204355537891388,0.32945024967193604,0.0,0.0,100.0
exp1_empty_1,208,-204.57203674316406,0.03244898468255997,0.43878912925720215,0.0,0.0,100.0
exp1_empty_1,209,-170.80978393554688,0.10168859362602234,0.2833438813686371,0.0,0.0,100.0
exp1_empty_1,210,-222.97120666503906,0.025102660059928894,0.5936060547828674,0.0,0.0,100.0
exp1_empty_1,211,319.4922180175781,0.05094962567090988,0.4589002728462219,1.0,0.0,41.0
exp1_empty_1,212,23.98661994934082,0.5041301846504211,0.34743064641952515,0.0,0.0,100.0
exp1_empty_1,213,381.3026428222656,0.37590035796165466,0.36047571897506714,1.0,0.0,30.0
exp1_empty_1,214,371.52642822265625,0.3530634641647339,0.43114161491394043,1.0,0.0,23.0
exp1_empty_1,215,52.75022506713867,0.503172755241394,0.35212603211402893,0.0,0.0,100.0
exp1_empty_1,216,-25.93507194519043,0.46939200162887573,0.3269791305065155,0.0,0.0,100.0
exp1_empty_1,217,-66.9619369506836,0.34127938747406006,0.45063847303390503,0.0,0.0,100.0
exp1_empty_1,218,-194.59962463378906,0.02280474454164505,0.16212981939315796,0.0,0.0,100.0
exp1_empty_1,219,-0.0451200008392334,0.5180703401565552,0.3337966203689575,0.0,0.0,100.0
exp1_empty_1,221,331.5355224609375,0.23642592132091522,0.39407825469970703,1.0,0.0,83.0
exp1_empty_1,222,-147.37506103515625,0.12797117233276367,0.2884214520454407,0.0,0.0,100.0
exp1_empty_1,223,462.90631103515625,0.6396622657775879,0.3703487515449524,1.0,0.0,37.0
exp1_empty_1,224,-195.31771850585938,0.019138440489768982,0.1373021900653839,0.0,0.0,100.0
exp1_empty_1,225,488.8777770996094,0.7265781760215759,0.33305737376213074,1.0,0.0,61.0
exp1_empty_1,226,-12.767687797546387,0.3952851891517639,0.23865970969200134,0.0,0.0,100.0
exp1_empty_1,227,465.0653076171875,0.91498202085495,0.3312051594257355,1.0,0.0,22.0
exp1_empty_1,228,442.9691162109375,0.4770740270614624,0.26875603199005127,1.0,0.0,58.0
exp1_empty_1,229,537.4652099609375,0.9377787113189697,0.37395527958869934,1.0,0.0,35.0
exp1_empty_1,230,-313.32025146484375,0.1225404441356659,0.15360604226589203,0.0,0.0,100.0
exp1_empty_1,231,427.8753662109375,0.5901082158088684,0.47326546907424927,1.0,0.0,29.0
exp1_empty_1,232,471.37347412109375,0.5851125121116638,0.28156420588493347,1.0,0.0,59.0
exp1_empty_1,233,599.6475830078125,0.8326622843742371,0.29924023151397705,1.0,0.0,63.0
exp1_empty_1,234,462.3326721191406,0.8985406756401062,0.2997381091117859,1.0,0.0,20.0
exp1_empty_1,235,543.0657958984375,1.305662989616394,0.37664952874183655,1.0,0.0,24.0
exp1_empty_1,236,522.3992309570312,0.7805202007293701,0.3343645930290222,1.0,0.0,40.0
exp1_empty_1,237,398.0714416503906,0.5819920301437378,0.420749694108963,1.0,0.0,76.0
exp1_empty_1,238,321.8348693847656,0.18311725556850433,0.13217081129550934,1.0,0.0,82.0
exp1_empty_1,239,-393.05767822265625,0.058934248983860016,0.18949420750141144,0.0,1.0,66.0
exp1_empty_1,241,441.4886474609375,0.614862322807312,0.30213192105293274,1.0,0.0,26.0
exp1_empty_1,242,476.6977844238281,1.7360703945159912,0.44410842657089233,1.0,0.0,9.0
exp1_empty_1,243,415.785888671875,0.6409565210342407,0.40569013357162476,1.0,0.0,8.0
exp1_empty_1,244,506.1447448730469,1.771672010421753,0.42955607175827026,1.0,0.0,11.0
exp1_empty_1,245,536.2861328125,1.0599125623703003,0.3487660884857178,1.0,0.0,31.0
exp1_empty_1,246,424.255615234375,1.1178871393203735,0.4631683826446533,1.0,0.0,10.0
exp1_empty_1,247,553.84130859375,1.6053481101989746,0.42121565341949463,1.0,0.0,21.0
exp1_empty_1,248,484.9595947265625,1.5234476327896118,0.5125666260719299,1.0,0.0,12.0
exp1_empty_1,249,527.0443115234375,1.5059311389923096,0.46722090244293213,1.0,0.0,18.0
exp1_empty_1,250,404.83428955078125,0.5458196401596069,0.38533806800842285,1.0,0.0,25.0
exp1_empty_1,251,559.6380615234375,0.7622461318969727,0.21700270473957062,1.0,0.0,52.0
exp1_empty_1,252,613.9818115234375,1.7661365270614624,0.3467843532562256,1.0,0.0,23.0
exp1_empty_1,253,484.2126159667969,1.3194388151168823,0.3177385926246643,1.0,0.0,14.0
exp1_empty_1,254,430.8490295410156,0.46496888995170593,0.22044095396995544,1.0,0.0,41.0
exp1_empty_1,255,601.6341552734375,1.6000995635986328,0.34022441506385803,1.0,0.0,24.0
exp1_empty_1,256,624.9564819335938,0.7268622517585754,0.18936645984649658,1.0,0.0,80.0
exp1_empty_1,257,447.6502380371094,0.9191531538963318,0.7187679409980774,1.0,0.0,35.0
exp1_empty_1,258,382.1816711425781,0.30979305505752563,0.13861094415187836,1.0,0.0,94.0
exp1_empty_1,259,561.6400146484375,0.8859084248542786,0.25643160939216614,1.0,0.0,41.0
exp1_empty_1,261,458.90155029296875,0.9045188426971436,0.4345645010471344,1.0,0.0,22.0
exp1_empty_1,262,575.0103759765625,0.798820972442627,0.20170916616916656,1.0,0.0,54.0
exp1_empty_1,263,464.1280212402344,0.8296991586685181,0.3521750867366791,1.0,0.0,26.0
exp1_empty_1,264,684.137451171875,1.4844211339950562,0.3327070474624634,1.0,0.0,38.0
exp1_empty_1,265,413.6170654296875,0.7425188422203064,0.6237619519233704,1.0,0.0,30.0
exp1_empty_1,266,0.24951958656311035,0.32554519176483154,0.15608960390090942,0.0,0.0,100.0
exp1_empty_1,267,417.7810974121094,0.4876385033130646,0.2913937568664551,1.0,0.0,47.0
exp1_empty_1,268,-202.19000244140625,0.0967097282409668,0.10414452850818634,0.0,0.0,100.0
exp1_empty_1,269,394.30352783203125,0.3243182897567749,0.3677314519882202,1.0,0.0,18.0
exp1_empty_1,270,517.4606323242188,1.1348768472671509,0.5597600936889648,1.0,0.0,33.0
exp1_empty_1,271,491.8738098144531,1.0871533155441284,0.6347030401229858,1.0,0.0,27.0
exp1_empty_1,272,-273.9303894042969,0.2833658754825592,0.11919175088405609,0.0,1.0,74.0
exp1_empty_1,273,306.47540283203125,0.7053799033164978,0.7353082895278931,1.0,0.0,98.0
exp1_empty_1,274,490.06768798828125,1.2115910053253174,0.5935841202735901,1.0,0.0,25.0
exp1_empty_1,275,390.5087890625,0.29989999532699585,0.16211822628974915,1.0,0.0,79.0
exp1_empty_1,276,613.073974609375,2.040872573852539,0.4214206635951996,1.0,0.0,19.0
exp1_empty_1,277,417.3460693359375,0.7867539525032043,0.5005963444709778,1.0,0.0,10.0
exp1_empty_1,278,414.2299499511719,0.9363018274307251,0.6067711114883423,1.0,0.0,7.0
exp1_empty_1,279,570.0867309570312,1.7729812860488892,0.29240384697914124,1.0,0.0,20.0
exp1_empty_1,281,487.91314697265625,0.6978157162666321,0.22065556049346924,1.0,0.0,34.0
exp1_empty_1,282,446.0926513671875,0.8936080932617188,0.16145308315753937,1.0,0.0,12.0
exp1_empty_1,283,563.3546142578125,0.634592592716217,0.19800159335136414,1.0,0.0,70.0
exp1_empty_1,284,-194.2050018310547,0.052230462431907654,0.10615303367376328,0.0,0.0,100.0
exp1_empty_1,285,392.79669189453125,0.17274829745292664,0.6316870450973511,1.0,0.0,5.0
exp1_empty_1,286,522.7066040039062,1.144071340560913,0.21077242493629456,1.0,0.0,21.0
exp1_empty_1,287,583.925048828125,0.7471238374710083,0.16806526482105255,1.0,0.0,59.0
exp1_empty_1,288,469.225830078125,3.013362169265747,0.5740460753440857,1.0,0.0,4.0
exp1_empty_1,289,505.2455749511719,2.4844493865966797,0.5115038752555847,1.0,0.0,8.0
exp1_empty_1,290,615.638916015625,1.7585922479629517,0.34125521779060364,1.0,0.0,24.0
exp1_empty_1,291,434.39544677734375,0.40830346941947937,0.1891973912715912,1.0,0.0,47.0
exp1_empty_1,292,504.74566650390625,1.2681033611297607,0.29673677682876587,1.0,0.0,17.0
exp1_empty_1,293,478.9220886230469,1.3877460956573486,0.40983355045318604,1.0,0.0,13.0
exp1_empty_1,294,631.4115600585938,2.7100894451141357,0.44011396169662476,1.0,0.0,15.0
exp1_empty_1,295,-132.0643768310547,0.1044793352484703,0.14046019315719604,0.0,0.0,100.0
exp1_empty_1,296,517.17822265625,2.089261531829834,0.47341662645339966,1.0,0.0,10.0
exp1_empty_1,297,444.5012512207031,1.0292818546295166,0.751669704914093,1.0,0.0,40.0
exp1_empty_1,298,539.0091552734375,1.072630763053894,0.7639914751052856,1.0,0.0,67.0
exp1_empty_1,299,513.209228515625,1.487345814704895,0.5671299695968628,1.0,0.0,19.0
exp1_empty_1,301,458.31365966796875,1.2822259664535522,0.6856195330619812,1.0,0.0,14.0
exp1_empty_1,302,-211.6555938720703,0.1674029380083084,0.17946398258209229,0.0,0.0,100.0
exp1_empty_1,303,523.82470703125,2.4144184589385986,0.44761228561401367,1.0,0.0,10.0
exp1_empty_1,304,613.5131225585938,2.506662130355835,0.2545362710952759,1.0,0.0,15.0
exp1_empty_1,305,432.51953125,1.2607182264328003,0.8059020042419434,1.0,0.0,9.0
exp1_empty_1,306,493.5843505859375,2.052171230316162,0.5734116435050964,1.0,0.0,10.0
exp1_empty_1,307,569.8424682617188,1.6910247802734375,0.4106932282447815,1.0,0.0,21.0
exp1_empty_1,308,390.6814880371094,0.6676563024520874,0.7352780699729919,1.0,0.0,15.0
exp1_empty_1,309,548.997802734375,1.8358105421066284,0.46217143535614014,1.0,0.0,16.0
exp1_empty_1,310,593.8899536132812,1.874658465385437,0.5250164270401001,1.0,0.0,22.0
exp1_empty_1,311,468.43695068359375,1.707484483718872,0.5534417033195496,1.0,0.0,8.0
exp1_empty_1,312,494.1121520996094,3.1343894004821777,0.42141905426979065,1.0,0.0,5.0
exp1_empty_1,313,471.25885009765625,0.5699153542518616,0.16943705081939697,1.0,0.0,41.0
exp1_empty_1,314,432.81298828125,1.0702753067016602,0.7026535868644714,1.0,0.0,14.0
exp1_empty_1,315,578.8997802734375,2.042527437210083,0.3580917716026306,1.0,0.0,17.0
exp1_empty_1,316,504.5157470703125,2.310635566711426,0.5273845195770264,1.0,0.0,9.0
exp1_empty_1,317,510.9515686035156,1.7923598289489746,0.13175128400325775,1.0,0.0,11.0
exp1_empty_1,318,561.8992919921875,1.1600090265274048,0.36119699478149414,1.0,0.0,36.0
exp1_empty_1,319,393.4604797363281,0.41256648302078247,0.36108869314193726,1.0,0.0,38.0
exp1_empty_1,321,505.0440368652344,1.5840668678283691,0.6142993569374084,1.0,0.0,18.0
exp1_empty_1,322,569.7177734375,1.4495322704315186,0.5743335485458374,1.0,0.0,30.0
exp1_empty_1,323,574.1868286132812,1.8781185150146484,0.5575889945030212,1.0,0.0,20.0
exp1_empty_1,324,585.2095947265625,1.1995412111282349,0.21824771165847778,1.0,0.0,31.0
exp1_empty_1,325,558.047119140625,2.038911819458008,0.4715183675289154,1.0,0.0,16.0
exp1_empty_1,326,480.0207214355469,2.035734176635742,0.5341311097145081,1.0,0.0,7.0
exp1_empty_1,327,484.3511047363281,1.0368958711624146,0.7872350215911865,1.0,0.0,45.0
exp1_empty_1,328,417.457763671875,0.875055730342865,0.6829983592033386,1.0,0.0,15.0
exp1_empty_1,329,523.8757934570312,1.6569859981536865,0.5963360071182251,1.0,0.0,18.0
exp1_empty_1,330,419.9206237792969,0.982071578502655,0.6755595803260803,1.0,0.0,14.0
exp1_empty_1,331,613.4240112304688,2.1300086975097656,0.29644808173179626,1.0,0.0,18.0
exp1_empty_1,332,447.5455322265625,1.2744760513305664,0.5158237218856812,1.0,0.0,8.0
exp1_empty_1,333,440.3370666503906,1.381837248802185,0.7567136883735657,1.0,0.0,12.0
exp1_empty_1,334,685.0262451171875,2.228266477584839,0.2172294706106186,1.0,0.0,22.0
exp1_empty_1,335,706.5824584960938,2.422037363052368,0.30151504278182983,1.0,0.0,22.0
exp1_empty_1,336,520.0,1.9162683486938477,0.39513301849365234,1.0,0.0,12.0
exp1_empty_1,337,388.87933349609375,0.3360307812690735,0.18362121284008026,1.0,0.0,97.0
exp1_empty_1,338,592.7880859375,1.4530905485153198,0.3961951434612274,1.0,0.0,27.0
exp1_empty_1,339,584.4107666015625,1.5014013051986694,0.4194055199623108,1.0,0.0,28.0
exp1_empty_1,341,478.6642761230469,1.750244379043579,0.558688759803772,1.0,0.0,9.0
exp1_empty_1,342,537.1782836914062,1.615627646446228,0.585731565952301,1.0,0.0,19.0
exp1_empty_1,343,655.6865234375,2.833211660385132,0.4114597737789154,1.0,0.0,16.0
exp1_empty_1,344,430.99200439453125,0.4981731176376343,0.25726163387298584,1.0,0.0,25.0
exp1_empty_1,345,529.7183227539062,1.165671706199646,0.23935073614120483,1.0,0.0,22.0
exp1_empty_1,346,579.42578125,1.8804088830947876,0.5435771942138672,1.0,0.0,21.0
exp1_empty_1,347,507.36431884765625,1.7569142580032349,0.2999368906021118,1.0,0.0,11.0
exp1_empty_1,348,517.5834350585938,1.334024429321289,0.35574010014533997,1.0,0.0,17.0
exp1_empty_1,349,481.8780822753906,1.2750000953674316,0.6067081689834595,1.0,0.0,17.0
exp1_empty_1,350,501.365234375,2.2064144611358643,0.33817076683044434,1.0,0.0,8.0
exp1_empty_1,351,567.1990966796875,1.0556597709655762,0.24254600703716278,1.0,0.0,36.0
exp1_empty_1,352,473.7132568359375,0.9058220386505127,0.20762048661708832,1.0,0.0,19.0
exp1_empty_1,353,475.005126953125,0.8574322462081909,0.26214873790740967,1.0,0.0,21.0
exp1_empty_1,354,596.1943969726562,1.480665922164917,0.24544338881969452,1.0,0.0,25.0
exp1_empty_1,355,528.6695556640625,2.3054633140563965,0.4418572783470154,1.0,0.0,10.0
exp1_empty_1,356,684.2260131835938,1.7075631618499756,0.4294257164001465,1.0,0.0,33.0
exp1_empty_1,357,611.30322265625,1.4349027872085571,0.21140676736831665,1.0,0.0,27.0
exp1_empty_1,358,517.40380859375,1.7435790300369263,0.35047757625579834,1.0,0.0,13.0
exp1_empty_1,359,586.3443603515625,1.7450714111328125,0.4636554419994354,1.0,0.0,22.0
exp1_empty_1,361,672.368896484375,2.0981905460357666,0.5276368260383606,1.0,0.0,27.0
exp1_empty_1,362,448.8984680175781,0.7948033213615417,0.6871163249015808,1.0,0.0,56.0
exp1_empty_1,363,480.25390625,0.8579527139663696,0.18579798936843872,1.0,0.0,25.0
exp1_empty_1,364,368.11859130859375,0.8166590332984924,0.90636146068573,1.0,0.0,46.0
exp1_empty_1,365,454.2138671875,1.1773159503936768,0.8247037529945374,1.0,0.0,21.0
exp1_empty_1,366,682.2811279296875,1.895926833152771,0.2601009011268616,1.0,0.0,27.0
exp1_empty_1,367,504.80535888671875,1.5198538303375244,0.46781083941459656,1.0,0.0,14.0
exp1_empty_1,368,539.11376953125,1.880355715751648,0.45597580075263977,1.0,0.0,14.0
exp1_empty_1,369,580.8187255859375,1.4888454675674438,0.2049569934606552,1.0,0.0,22.0
exp1_empty_1,370,516.4934692382812,2.4939637184143066,0.41211026906967163,1.0,0.0,8.0
exp1_empty_1,371,463.1051940917969,1.1075255870819092,0.7046565413475037,1.0,0.0,26.0
exp1_empty_1,372,453.2033386230469,1.6598891019821167,0.5036110281944275,1.0,0.0,6.0
exp1_empty_1,373,445.28192138671875,0.7006117105484009,0.28498268127441406,1.0,0.0,18.0
exp1_empty_1,374,554.9924926757812,1.3207417726516724,0.6831082701683044,1.0,0.0,36.0
exp1_empty_1,375,78.81671142578125,0.42880013585090637,0.18682922422885895,0.0,0.0,100.0
exp1_empty_1,376,460.14324951171875,1.6913894414901733,0.5927502512931824,1.0,0.0,9.0
exp1_empty_1,377,440.7422180175781,0.565121054649353,0.44343358278274536,1.0,0.0,84.0
exp1_empty_1,378,634.9666748046875,1.8966256380081177,0.480806827545166,1.0,0.0,26.0
exp1_empty_1,379,482.4710998535156,1.7056108713150024,0.47523730993270874,1.0,0.0,10.0
exp1_empty_1,381,488.5345458984375,1.5876835584640503,0.4264102876186371,1.0,0.0,11.0
exp1_empty_1,382,505.094482421875,2.0036208629608154,0.270797461271286,1.0,0.0,9.0
exp1_empty_1,383,-36.93315505981445,0.36586207151412964,0.3311731219291687,0.0,0.0,100.0
exp1_empty_1,384,618.173828125,2.0987815856933594,0.3712961971759796,1.0,0.0,21.0
exp1_empty_1,385,565.080078125,1.8877472877502441,0.5793770551681519,1.0,0.0,21.0
exp1_empty_1,386,437.82958984375,1.172160267829895,0.7548474073410034,1.0,0.0,14.0
exp1_empty_1,387,597.8026123046875,2.528048038482666,0.33691877126693726,1.0,0.0,14.0
exp1_empty_1,388,443.640869140625,1.0362913608551025,0.67414391040802,1.0,0.0,21.0
exp1_empty_1,389,591.7340087890625,1.410478949546814,0.21010951697826385,1.0,0.0,25.0
exp1_empty_1,390,499.9730529785156,1.3954377174377441,0.5700498223304749,1.0,0.0,19.0
exp1_empty_1,391,513.5980224609375,1.8293474912643433,0.3426651656627655,1.0,0.0,11.0
exp1_empty_1,392,442.49951171875,1.1890569925308228,0.5064019560813904,1.0,0.0,14.0
exp1_empty_1,393,656.83251953125,2.321288824081421,0.2791462540626526,1.0,0.0,19.0
exp1_empty_1,394,537.373291015625,1.6453328132629395,0.25008589029312134,1.0,0.0,15.0
exp1_empty_1,395,473.30419921875,1.0606132745742798,0.5302777886390686,1.0,0.0,24.0
exp1_empty_1,396,442.28521728515625,0.8596956133842468,0.27739837765693665,1.0,0.0,12.0
exp1_empty_1,397,479.99371337890625,1.868460774421692,0.4648891091346741,1.0,0.0,9.0
exp1_empty_1,398,-143.19906616210938,0.12186483293771744,0.14218038320541382,0.0,0.0,100.0
exp1_empty_1,399,438.76214599609375,0.4010559618473053,0.21470412611961365,1.0,0.0,94.0
exp1_empty_1,401,501.04803466796875,1.7275002002716064,0.5516944527626038,1.0,0.0,13.0
exp1_empty_1,402,420.636962890625,0.9232215881347656,0.7222213745117188,1.0,0.0,16.0
exp1_empty_1,403,442.35845947265625,1.346108078956604,0.6454013586044312,1.0,0.0,9.0
exp1_empty_1,404,539.6537475585938,3.2225441932678223,0.18711459636688232,1.0,0.0,7.0
exp1_empty_1,405,-75.28744506835938,0.18970204889774323,0.19695323705673218,0.0,0.0,100.0
exp1_empty_1,406,539.1441650390625,1.3353753089904785,0.5037303566932678,1.0,0.0,24.0
exp1_empty_1,407,560.112060546875,1.830782175064087,0.5841110944747925,1.0,0.0,20.0
exp1_empty_1,408,616.0746459960938,0.9738990664482117,0.19270752370357513,1.0,0.0,46.0
exp1_empty_1,409,-107.85911560058594,0.14141322672367096,0.1843864470720291,0.0,0.0,100.0
exp1_empty_1,410,386.8031311035156,0.8325424194335938,0.8823469281196594,1.0,0.0,41.0
exp1_empty_1,411,407.7425231933594,0.45895910263061523,0.3098086714744568,1.0,0.0,13.0
exp1_empty_1,412,455.3489074707031,2.0617499351501465,0.518515944480896,1.0,0.0,6.0
exp1_empty_1,413,524.4628295898438,1.690278172492981,0.2762492299079895,1.0,0.0,13.0
exp1_empty_1,414,369.4775390625,0.4928494393825531,0.157302126288414,1.0,0.0,96.0
exp1_empty_1,415,601.6983032226562,2.015333890914917,0.3698481023311615,1.0,0.0,18.0
exp1_empty_1,416,519.324951171875,1.8496220111846924,0.5698266625404358,1.0,0.0,14.0
exp1_empty_1,417,536.1602172851562,1.954613208770752,0.1654367446899414,1.0,0.0,12.0
exp1_empty_1,418,554.3507080078125,1.6526362895965576,0.5695114731788635,1.0,0.0,23.0
exp1_empty_1,419,496.64019775390625,1.659221887588501,0.5587942600250244,1.0,0.0,16.0
exp1_empty_1,421,546.7623291015625,1.7002276182174683,0.4750221073627472,1.0,0.0,18.0
exp1_empty_1,422,488.1517639160156,1.251407504081726,0.32953548431396484,1.0,0.0,14.0
exp1_empty_1,423,436.2051086425781,0.5266121625900269,0.1944202482700348,1.0,0.0,28.0
exp1_empty_1,424,564.4351806640625,2.2354464530944824,0.3208242952823639,1.0,0.0,13.0
exp1_empty_1,425,554.4114990234375,2.2747063636779785,0.3339170515537262,1.0,0.0,12.0
exp1_empty_1,426,490.93292236328125,1.504302978515625,0.6946289539337158,1.0,0.0,18.0
exp1_empty_1,427,357.9964294433594,0.37030380964279175,0.1720261424779892,1.0,0.0,58.0
exp1_empty_1,428,532.0716552734375,1.1581332683563232,0.6810624599456787,1.0,0.0,40.0
exp1_empty_1,429,471.80548095703125,1.1851757764816284,0.759282648563385,1.0,0.0,23.0
exp1_empty_1,430,461.0205383300781,1.4630169868469238,0.6165013909339905,1.0,0.0,15.0
exp1_empty_1,431,498.4382629394531,1.7684383392333984,0.45972445607185364,1.0,0.0,12.0
exp1_empty_1,432,405.7753601074219,0.3110731244087219,0.21306955814361572,1.0,0.0,96.0
exp1_empty_1,433,644.7174072265625,2.6879587173461914,0.20483045279979706,1.0,0.0,15.0
exp1_empty_1,434,536.3748779296875,1.5152654647827148,0.5375382900238037,1.0,0.0,21.0
exp1_empty_1,435,596.4222412109375,3.148448944091797,0.24423837661743164,1.0,0.0,10.0
exp1_empty_1,436,459.79315185546875,1.7911105155944824,0.5056846737861633,1.0,0.0,6.0
exp1_empty_1,437,607.3397216796875,1.3630266189575195,0.2727234363555908,1.0,0.0,29.0
exp1_empty_1,438,607.683349609375,2.3481929302215576,0.26973578333854675,1.0,0.0,16.0
exp1_empty_1,439,476.8028564453125,1.784305214881897,0.3801431655883789,1.0,0.0,10.0
exp1_empty_1,441,552.6876220703125,1.6325924396514893,0.47263696789741516,1.0,0.0,19.0
exp1_empty_1,442,488.9181213378906,1.0688647031784058,0.49668458104133606,1.0,0.0,28.0
exp1_empty_1,443,552.6998291015625,1.8932667970657349,0.2734982669353485,1.0,0.0,15.0
exp1_empty_1,444,477.8170471191406,1.3286397457122803,0.6493527889251709,1.0,0.0,18.0
exp1_empty_1,445,577.9658813476562,1.8110239505767822,0.24775813519954681,1.0,0.0,17.0
exp1_empty_1,446,485.79736328125,1.2787525653839111,0.29993122816085815,1.0,0.0,16.0
exp1_empty_1,447,471.2069091796875,1.6572908163070679,0.40528354048728943,1.0,0.0,10.0
exp1_empty_1,448,426.3555908203125,1.028546690940857,0.7302319407463074,1.0,0.0,21.0
exp1_empty_1,449,669.4119262695312,2.0921201705932617,0.40770113468170166,1.0,0.0,26.0
exp1_empty_1,450,619.5654907226562,1.864606499671936,0.5261815190315247,1.0,0.0,24.0
exp1_empty_1,451,548.7816772460938,1.6189534664154053,0.4803701937198639,1.0,0.0,21.0
exp1_empty_1,452,410.3540344238281,1.0916887521743774,0.7153407335281372,1.0,0.0,7.0
exp1_empty_1,453,663.3358154296875,2.4454188346862793,0.1871137171983719,1.0,0.0,18.0
exp1_empty_1,454,585.61767578125,2.9739036560058594,0.19581592082977295,1.0,0.0,10.0
exp1_empty_1,455,672.7252197265625,1.7596814632415771,0.23729828000068665,1.0,0.0,29.0
exp1_empty_1,456,524.04541015625,1.9202853441238403,0.33487769961357117,1.0,0.0,12.0
exp1_empty_1,457,544.6778564453125,1.5912907123565674,0.5637848377227783,1.0,0.0,23.0
exp1_empty_1,458,680.91796875,2.0618975162506104,0.2668854296207428,1.0,0.0,25.0
exp1_empty_1,459,407.02801513671875,0.7347772717475891,0.5277708768844604,1.0,0.0,7.0
exp1_empty_1,461,482.5014343261719,1.9155488014221191,0.5006086826324463,1.0,0.0,9.0
exp1_empty_1,462,447.0863952636719,1.6661996841430664,0.5426769256591797,1.0,0.0,6.0
exp1_empty_1,463,452.26824951171875,1.7013424634933472,0.6039592027664185,1.0,0.0,8.0
exp1_empty_1,464,688.904296875,1.4890481233596802,0.17277200520038605,1.0,0.0,35.0
exp1_empty_1,465,656.3939208984375,2.020728588104248,0.22271442413330078,1.0,0.0,23.0
exp1_empty_1,466,472.90496826171875,2.073758125305176,0.1827564686536789,1.0,0.0,6.0
exp1_empty_1,467,482.39093017578125,1.6504948139190674,0.4627067446708679,1.0,0.0,10.0
exp1_empty_1,468,436.0672302246094,0.6759949922561646,0.2911659777164459,1.0,0.0,15.0
exp1_empty_1,469,591.4430541992188,1.8077614307403564,0.19127312302589417,1.0,0.0,20.0
exp1_empty_1,470,526.2144165039062,1.4059618711471558,0.36226576566696167,1.0,0.0,18.0
exp1_empty_1,471,387.24285888671875,0.7122028470039368,0.8103331923484802,1.0,0.0,17.0
exp1_empty_1,472,471.49420166015625,0.921119213104248,0.26930540800094604,1.0,0.0,17.0
exp1_empty_1,473,686.094482421875,2.385143518447876,0.2801831364631653,1.0,0.0,21.0
exp1_empty_1,474,587.653076171875,1.7354483604431152,0.24616780877113342,1.0,0.0,19.0
exp1_empty_1,475,536.04736328125,2.5415804386138916,0.2728702425956726,1.0,0.0,9.0
exp1_empty_1,476,616.9136352539062,1.586039662361145,0.4109537601470947,1.0,0.0,28.0
exp1_empty_1,477,663.7464599609375,2.4808666706085205,0.2853332757949829,1.0,0.0,19.0
exp1_empty_1,478,633.7320556640625,2.4120473861694336,0.15434132516384125,1.0,0.0,16.0
exp1_empty_1,479,527.4495239257812,1.877611517906189,0.1339743435382843,1.0,0.0,12.0
exp1_empty_1,481,665.3607177734375,1.5622183084487915,0.49520882964134216,1.0,0.0,38.0
exp1_empty_1,482,745.440185546875,2.374114513397217,0.17583030462265015,1.0,0.0,24.0
exp1_empty_1,483,545.4190673828125,2.0742435455322266,0.3726988434791565,1.0,0.0,14.0
exp1_empty_1,484,437.8469543457031,1.6342567205429077,0.6201610565185547,1.0,0.0,5.0
exp1_empty_1,485,553.02978515625,2.1726162433624268,0.3814980685710907,1.0,0.0,14.0
exp1_empty_1,486,487.74951171875,2.4805023670196533,0.28468552231788635,1.0,0.0,6.0
exp1_empty_1,487,542.5291137695312,1.4309676885604858,0.47076258063316345,1.0,0.0,23.0
exp1_empty_1,488,488.9237060546875,1.3169537782669067,0.596318781375885,1.0,0.0,18.0
exp1_empty_1,489,515.3258056640625,1.6700559854507446,0.3053969740867615,1.0,0.0,13.0
exp1_empty_1,490,613.7863159179688,2.7546370029449463,0.2020552158355713,1.0,0.0,13.0
exp1_empty_1,491,404.91290283203125,0.8878889083862305,0.7719371318817139,1.0,0.0,5.0
exp1_empty_1,492,548.6321411132812,1.6079535484313965,0.5630252361297607,1.0,0.0,22.0
exp1_empty_1,493,467.7640380859375,1.0689566135406494,0.7872061729431152,1.0,0.0,38.0
exp1_empty_1,494,570.3758544921875,1.8639777898788452,0.3456706702709198,1.0,0.0,17.0
exp1_empty_1,495,578.92529296875,1.494073748588562,0.5408796668052673,1.0,0.0,31.0
exp1_empty_1,496,624.5643310546875,1.6939697265625,0.43897753953933716,1.0,0.0,28.0
exp1_empty_1,497,577.0985107421875,1.5325524806976318,0.4411045014858246,1.0,0.0,25.0
exp1_empty_1,498,418.9656066894531,1.190140724182129,0.7056461572647095,1.0,0.0,7.0
exp1_empty_1,499,415.482421875,0.8607379794120789,0.7071909308433533,1.0,0.0,15.0
exp1_empty_1,501,583.9349365234375,1.7384520769119263,0.4762863516807556,1.0,0.0,23.0
exp1_empty_1,502,687.6228637695312,1.905142903327942,0.16363659501075745,1.0,0.0,26.0
exp1_empty_1,503,599.28125,2.1699271202087402,0.3125193417072296,1.0,0.0,17.0
exp1_empty_1,504,450.5169372558594,1.4896734952926636,0.5849139094352722,1.0,0.0,9.0
exp1_empty_1,505,515.7766723632812,1.5335288047790527,0.5651206970214844,1.0,0.0,18.0
exp1_empty_1,506,538.8076171875,1.6230156421661377,0.5783953666687012,1.0,0.0,20.0
exp1_empty_1,507,541.5221557617188,1.726732611656189,0.5299552083015442,1.0,0.0,18.0
exp1_empty_1,508,414.7422790527344,1.22873055934906,0.7604232430458069,1.0,0.0,3.0
exp1_empty_1,509,410.33319091796875,0.8968296051025391,0.6901824474334717,1.0,0.0,10.0
exp1_empty_1,510,539.8370361328125,1.7650970220565796,0.13115869462490082,1.0,0.0,14.0
exp1_empty_1,511,570.9938354492188,1.4793548583984375,0.46287962794303894,1.0,0.0,25.0
exp1_empty_1,512,477.62347412109375,1.2191747426986694,0.6840856671333313,1.0,0.0,20.0
exp1_empty_1,513,520.2015380859375,1.041176676750183,0.22261425852775574,1.0,0.0,26.0
exp1_empty_1,514,534.940673828125,2.3707435131073,0.3835436999797821,1.0,0.0,11.0
exp1_empty_1,515,545.14892578125,1.140477180480957,0.7546117901802063,1.0,0.0,56.0
exp1_empty_1,516,595.2387084960938,2.753922700881958,0.1325579434633255,1.0,0.0,12.0
exp1_empty_1,517,503.3729248046875,1.8547605276107788,0.5026735663414001,1.0,0.0,12.0
exp1_empty_1,518,514.4743041992188,1.8781646490097046,0.39448729157447815,1.0,0.0,12.0
exp1_empty_1,519,463.26904296875,1.280813455581665,0.64693284034729,1.0,0.0,15.0
exp1_empty_1,521,523.2842407226562,2.312741994857788,0.37829408049583435,1.0,0.0,9.0
exp1_empty_1,522,450.8755187988281,1.2917344570159912,0.5500531792640686,1.0,0.0,13.0
exp1_empty_1,523,481.6880798339844,1.6425251960754395,0.5266348123550415,1.0,0.0,11.0
exp1_empty_1,524,653.4988403320312,2.1372227668762207,0.1371956467628479,1.0,0.0,20.0
exp1_empty_1,525,596.5114135742188,1.9391059875488281,0.22116518020629883,1.0,0.0,18.0
exp1_empty_1,526,598.893798828125,2.362297773361206,0.1813831478357315,1.0,0.0,14.0
exp1_empty_1,527,485.9549255371094,1.3421685695648193,0.682274341583252,1.0,0.0,19.0
exp1_empty_1,528,436.80859375,1.4473410844802856,0.6377827525138855,1.0,0.0,7.0
exp1_empty_1,529,446.39166259765625,1.7728021144866943,0.5321981310844421,1.0,0.0,5.0
exp1_empty_1,530,490.1881103515625,1.9558509588241577,0.24022971093654633,1.0,0.0,8.0
exp1_empty_1,531,550.2335205078125,1.4744114875793457,0.4988388121128082,1.0,0.0,23.0
exp1_empty_1,532,437.8720703125,1.253069281578064,0.6639317870140076,1.0,0.0,14.0
exp1_empty_1,533,472.8044738769531,1.5501368045806885,0.3159036934375763,1.0,0.0,9.0
exp1_empty_1,534,478.45318603515625,1.486694097518921,0.5973430275917053,1.0,0.0,13.0
exp1_empty_1,535,714.768798828125,2.418459892272949,0.2679997682571411,1.0,0.0,23.0
exp1_empty_1,536,509.3377685546875,1.6708673238754272,0.5488869547843933,1.0,0.0,15.0
exp1_empty_1,537,524.6160888671875,2.3440768718719482,0.24771489202976227,1.0,0.0,9.0
exp1_empty_1,538,586.886474609375,1.7760584354400635,0.34604963660240173,1.0,0.0,21.0
exp1_empty_1,539,479.96405029296875,1.348657250404358,0.498989462852478,1.0,0.0,18.0
exp1_empty_1,541,581.0065307617188,2.1407179832458496,0.3587055802345276,1.0,0.0,16.0
exp1_empty_1,542,562.045166015625,2.717665195465088,0.13150587677955627,1.0,0.0,10.0
exp1_empty_1,543,729.617431640625,2.711975336074829,0.1770639717578888,1.0,0.0,20.0
exp1_empty_1,544,439.844482421875,1.7624562978744507,0.45095232129096985,1.0,0.0,4.0
exp1_empty_1,545,518.1151733398438,2.5487141609191895,0.2287815809249878,1.0,0.0,8.0
exp1_empty_1,546,505.6676940917969,1.9379364252090454,0.4763210117816925,1.0,0.0,11.0
exp1_empty_1,547,419.94287109375,1.4146522283554077,0.29510071873664856,1.0,0.0,10.0
exp1_empty_1,548,415.3157958984375,0.7922858595848083,0.510578453540802,1.0,0.0,6.0
exp1_empty_1,549,502.4872741699219,1.3828787803649902,0.5325684547424316,1.0,0.0,19.0
exp1_empty_1,550,460.91668701171875,1.5883554220199585,0.585399329662323,1.0,0.0,9.0
exp1_empty_1,551,541.279052734375,1.8218424320220947,0.26132360100746155,1.0,0.0,14.0
exp1_empty_1,552,584.7340698242188,2.0684878826141357,0.17455899715423584,1.0,0.0,18.0
exp1_empty_1,553,586.697509765625,2.234861135482788,0.31513696908950806,1.0,0.0,15.0
exp1_empty_1,554,638.1641235351562,2.3797810077667236,0.2963833808898926,1.0,0.0,18.0
exp1_empty_1,555,652.79833984375,2.7541749477386475,0.17333608865737915,1.0,0.0,15.0
exp1_empty_1,556,572.5203247070312,2.263956308364868,0.2642557621002197,1.0,0.0,13.0
exp1_empty_1,557,454.8708801269531,1.0363849401474,0.7584224939346313,1.0,0.0,23.0
exp1_empty_1,558,458.3305358886719,1.0241498947143555,0.7885964512825012,1.0,0.0,30.0
exp1_empty_1,559,467.1960144042969,1.7535961866378784,0.49193015694618225,1.0,0.0,8.0
exp1_empty_1,561,531.174560546875,1.9840378761291504,0.27975887060165405,1.0,0.0,12.0
exp1_empty_1,562,500.9896545410156,1.1989717483520508,0.5004213452339172,1.0,0.0,25.0
exp1_empty_1,563,450.23956298828125,1.3038222789764404,0.6258847117424011,1.0,0.0,10.0
exp1_empty_1,564,456.04388427734375,2.3327136039733887,0.30591824650764465,1.0,0.0,4.0
exp1_empty_1,565,442.21258544921875,0.6707332730293274,0.26329219341278076,1.0,0.0,18.0
exp1_empty_1,566,610.619140625,1.231864333152771,0.18663746118545532,1.0,0.0,33.0
exp1_empty_1,567,464.59661865234375,1.3555949926376343,0.5285345315933228,1.0,0.0,11.0
exp1_empty_1,568,430.2093505859375,1.4900496006011963,0.5570604801177979,1.0,0.0,4.0
exp1_empty_1,569,457.7337646484375,1.5674468278884888,0.3376908004283905,1.0,0.0,7.0
exp1_empty_1,570,424.9131164550781,0.9210997819900513,0.6554534435272217,1.0,0.0,16.0
exp1_empty_1,571,539.1830444335938,2.8403987884521484,0.20246848464012146,1.0,0.0,8.0
exp1_empty_1,572,471.0771179199219,2.9103052616119385,0.24978788197040558,1.0,0.0,4.0
exp1_empty_1,573,456.4112548828125,2.515434980392456,0.3301789462566376,1.0,0.0,4.0
exp1_empty_1,574,431.02838134765625,1.0500257015228271,0.8013116121292114,1.0,0.0,21.0
exp1_empty_1,575,521.9251098632812,1.8628979921340942,0.4437215030193329,1.0,0.0,13.0
exp1_empty_1,576,520.0287475585938,1.6081756353378296,0.59654301404953,1.0,0.0,18.0
exp1_empty_1,577,427.6570129394531,1.2537745237350464,0.7872710824012756,1.0,0.0,8.0
exp1_empty_1,578,499.1602783203125,1.218902826309204,0.6760889887809753,1.0,0.0,26.0
exp1_empty_1,579,492.21795654296875,1.8048007488250732,0.43654847145080566,1.0,0.0,10.0
exp1_empty_1,581,437.2768859863281,0.9764599204063416,0.746904194355011,1.0,0.0,23.0
exp1_empty_1,582,546.0868530273438,1.908939242362976,0.302308589220047,1.0,0.0,14.0
exp1_empty_1,583,452.3155212402344,2.355185031890869,0.49380528926849365,1.0,0.0,4.0
exp1_empty_1,584,575.444091796875,1.8638442754745483,0.2613464295864105,1.0,0.0,17.0
exp1_empty_1,585,470.63323974609375,1.551305890083313,0.6112873554229736,1.0,0.0,12.0
exp1_empty_1,586,426.3755187988281,2.2695741653442383,0.45323923230171204,1.0,0.0,2.0
exp1_empty_1,587,532.0587158203125,2.2303080558776855,0.13392022252082825,1.0,0.0,10.0
exp1_empty_1,588,689.6280517578125,1.7046422958374023,0.34914863109588623,1.0,0.0,33.0
exp1_empty_1,589,497.562744140625,1.7018210887908936,0.1553887128829956,1.0,0.0,10.0
exp1_empty_1,590,430.467041015625,1.6105856895446777,0.5218244791030884,1.0,0.0,4.0
exp1_empty_1,591,633.3359375,2.093369960784912,0.2498193085193634,1.0,0.0,20.0
exp1_empty_1,592,568.4832763671875,2.210362195968628,0.12706626951694489,1.0,0.0,13.0
exp1_empty_1,593,653.73486328125,2.5028116703033447,0.13555888831615448,1.0,0.0,17.0
exp1_empty_1,594,502.3360595703125,2.0607643127441406,0.3034248948097229,1.0,0.0,9.0
exp1_empty_1,595,436.11663818359375,1.1220719814300537,0.40812942385673523,1.0,0.0,7.0
exp1_empty_1,596,491.7706298828125,1.8178520202636719,0.479432076215744,1.0,0.0,11.0
exp1_empty_1,597,475.83453369140625,1.9140149354934692,0.5406584143638611,1.0,0.0,8.0
exp1_empty_1,598,490.88409423828125,1.752956748008728,0.3682597577571869,1.0,0.0,10.0
exp1_empty_1,599,420.6675720214844,1.0173556804656982,0.605643093585968,1.0,0.0,10.0
exp1_empty_1,601,713.9893798828125,2.2111306190490723,0.2029128074645996,1.0,0.0,25.0
exp1_empty_1,602,476.205078125,1.02716064453125,0.3701919913291931,1.0,0.0,17.0
exp1_empty_1,603,582.7196655273438,2.2280125617980957,0.22697409987449646,1.0,0.0,16.0
exp1_empty_1,604,515.0529174804688,1.5361353158950806,0.5726179480552673,1.0,0.0,18.0
exp1_empty_1,605,403.71966552734375,0.8531086444854736,0.85114985704422,1.0,0.0,12.0
exp1_empty_1,606,585.638427734375,2.179295063018799,0.37044697999954224,1.0,0.0,16.0
exp1_empty_1,607,494.37359619140625,1.9105396270751953,0.43958646059036255,1.0,0.0,10.0
exp1_empty_1,608,464.50762939453125,1.1691091060638428,0.6142868995666504,1.0,0.0,16.0
exp1_empty_1,609,543.1502075195312,2.4556884765625,0.1613035500049591,1.0,0.0,10.0
exp1_empty_1,610,622.0150146484375,2.0290420055389404,0.23402327299118042,1.0,0.0,19.0
exp1_empty_1,611,497.8780212402344,2.6945555210113525,0.13879205286502838,1.0,0.0,6.0
exp1_empty_1,612,557.5958251953125,2.397966146469116,0.1578325629234314,1.0,0.0,11.0
exp1_empty_1,613,528.0735473632812,1.857588529586792,0.3790556490421295,1.0,0.0,13.0
exp1_empty_1,614,438.3859558105469,0.9661340117454529,0.6697356700897217,1.0,0.0,15.0
exp1_empty_1,615,471.79046630859375,1.4929471015930176,0.10175853967666626,1.0,0.0,9.0
exp1_empty_1,616,526.1655883789062,1.774906873703003,0.3019280731678009,1.0,0.0,13.0
exp1_empty_1,617,513.0154418945312,1.9484363794326782,0.2448238879442215,1.0,0.0,10.0
exp1_empty_1,618,558.7455444335938,1.2548885345458984,0.38097429275512695,1.0,0.0,28.0
exp1_empty_1,619,480.95660400390625,1.6013554334640503,0.5093816518783569,1.0,0.0,11.0
exp1_empty_1,621,684.0135498046875,1.8663841485977173,0.20519152283668518,1.0,0.0,27.0
exp1_empty_1,622,553.7840576171875,2.7872707843780518,0.19124872982501984,1.0,0.0,9.0
exp1_empty_1,623,494.132568359375,1.9100213050842285,0.5183101296424866,1.0,0.0,11.0
exp1_empty_1,624,403.7945861816406,1.2302443981170654,0.8470281362533569,1.0,0.0,5.0
exp1_empty_1,625,514.5828247070312,1.4223796129226685,0.5425581932067871,1.0,0.0,25.0
exp1_empty_1,626,441.228271484375,1.1182724237442017,0.7863051891326904,1.0,0.0,19.0
exp1_empty_1,627,414.5216979980469,0.8274776339530945,0.6113007068634033,1.0,0.0,5.0
exp1_empty_1,628,589.5985717773438,1.8415647745132446,0.22091111540794373,1.0,0.0,20.0
exp1_empty_1,629,-112.24340057373047,0.6886445879936218,0.6873389482498169,0.0,0.0,100.0
exp1_empty_1,630,412.5028991699219,1.031585693359375,0.7952609062194824,1.0,0.0,6.0
exp1_empty_1,631,442.11737060546875,1.4949132204055786,0.5834805965423584,1.0,0.0,8.0
exp1_empty_1,632,471.58392333984375,1.5958579778671265,0.5277225971221924,1.0,0.0,11.0
exp1_empty_1,633,601.6593017578125,1.9469549655914307,0.45551472902297974,1.0,0.0,21.0
exp1_empty_1,634,385.6602783203125,0.6821370124816895,0.2527657747268677,1.0,0.0,24.0
exp1_empty_1,635,614.0829467773438,1.4657104015350342,0.19202283024787903,1.0,0.0,28.0
exp1_empty_1,636,705.87939453125,2.311373710632324,0.23286476731300354,1.0,0.0,23.0
exp1_empty_1,637,438.0514221191406,1.7816389799118042,0.4919620156288147,1.0,0.0,4.0
exp1_empty_1,638,591.8136596679688,1.7416330575942993,0.2253568023443222,1.0,0.0,21.0
exp1_empty_1,639,548.2162475585938,2.4486470222473145,0.13561980426311493,1.0,0.0,10.0
exp1_empty_1,641,500.8313903808594,1.4315540790557861,0.4744013845920563,1.0,0.0,15.0
exp1_empty_1,642,581.5509033203125,1.5296237468719482,0.4064810276031494,1.0,0.0,25.0
exp1_empty_1,643,560.9024658203125,1.9825247526168823,0.21450860798358917,1.0,0.0,14.0
exp1_empty_1,644,521.3822021484375,0.9789612889289856,0.37448158860206604,1.0,0.0,34.0
exp1_empty_1,645,567.3436279296875,2.330475091934204,0.28037407994270325,1.0,0.0,13.0
exp1_empty_1,646,479.2066345214844,2.013235569000244,0.3779140114784241,1.0,0.0,7.0
exp1_empty_1,647,521.9097290039062,2.096547842025757,0.35620778799057007,1.0,0.0,11.0
exp1_empty_1,648,520.5125122070312,1.9185823202133179,0.41565656661987305,1.0,0.0,12.0
exp1_empty_1,649,615.5890502929688,2.1218786239624023,0.11882320791482925,1.0,0.0,17.0
exp1_empty_1,650,411.0910339355469,0.9066967964172363,0.5760347247123718,1.0,0.0,3.0
exp1_empty_1,651,434.46612548828125,1.3748023509979248,0.6986224055290222,1.0,0.0,7.0
exp1_empty_1,652,538.8551635742188,1.6541668176651,0.20305071771144867,1.0,0.0,15.0
exp1_empty_1,653,479.26214599609375,1.7464163303375244,0.5078269243240356,1.0,0.0,10.0
exp1_empty_1,654,455.970947265625,1.256489634513855,0.614441990852356,1.0,0.0,13.0
exp1_empty_1,655,597.82177734375,1.570748209953308,0.21175573766231537,1.0,0.0,23.0
exp1_empty_1,656,451.8424377441406,1.659935712814331,0.5076621174812317,1.0,0.0,8.0
exp1_empty_1,657,484.31719970703125,1.9871529340744019,0.37374866008758545,1.0,0.0,8.0
exp1_empty_1,658,539.3369140625,2.566779851913452,0.22354541718959808,1.0,0.0,9.0
exp1_empty_1,659,578.6279296875,1.6408859491348267,0.41486164927482605,1.0,0.0,22.0
exp1_empty_1,661,719.712890625,2.5311670303344727,0.17480280995368958,1.0,0.0,21.0
exp1_empty_1,662,674.9970703125,2.5268383026123047,0.17367085814476013,1.0,0.0,18.0
exp1_empty_1,663,472.76708984375,1.069226861000061,0.35032472014427185,1.0,0.0,15.0
exp1_empty_1,664,449.76434326171875,1.404483675956726,0.5164591670036316,1.0,0.0,9.0
exp1_empty_1,665,453.004150390625,1.060492753982544,0.5770244598388672,1.0,0.0,16.0
exp1_empty_1,666,503.9323425292969,1.3741059303283691,0.4983147382736206,1.0,0.0,18.0
exp1_empty_1,667,596.3226928710938,2.4176700115203857,0.23132292926311493,1.0,0.0,14.0
exp1_empty_1,668,495.2340087890625,2.077716827392578,0.31873610615730286,1.0,0.0,8.0
exp1_empty_1,669,481.11260986328125,1.7982186079025269,0.40827521681785583,1.0,0.0,9.0
exp1_empty_1,670,517.959228515625,1.5169847011566162,0.36348098516464233,1.0,0.0,16.0
exp1_empty_1,671,573.9918212890625,1.63247549533844,0.4818410873413086,1.0,0.0,23.0
exp1_empty_1,672,444.91790771484375,1.2161418199539185,0.47966018319129944,1.0,0.0,9.0
exp1_empty_1,673,697.9004516601562,2.4887073040008545,0.14172758162021637,1.0,0.0,20.0
exp1_empty_1,674,693.6762084960938,2.4879465103149414,0.2551724314689636,1.0,0.0,21.0
exp1_empty_1,675,502.51263427734375,1.0165830850601196,0.20407803356647491,1.0,0.0,21.0
exp1_empty_1,676,558.7289428710938,2.3669397830963135,0.1824871003627777,1.0,0.0,11.0
exp1_empty_1,677,416.36297607421875,0.838315486907959,0.5596117973327637,1.0,0.0,5.0
exp1_empty_1,678,509.5025329589844,1.8644678592681885,0.16796185076236725,1.0,0.0,10.0
exp1_empty_1,679,631.1798095703125,2.3006699085235596,0.16448980569839478,1.0,0.0,17.0
exp1_empty_1,681,544.072265625,1.6495709419250488,0.25264203548431396,1.0,0.0,16.0
exp1_empty_1,682,663.5938720703125,1.8728786706924438,0.17178665101528168,1.0,0.0,25.0
exp1_empty_1,683,429.74969482421875,2.4503064155578613,0.37790924310684204,1.0,0.0,2.0
exp1_empty_1,684,666.9041748046875,2.628150224685669,0.17094683647155762,1.0,0.0,17.0
exp1_empty_1,685,404.6561584472656,0.8643947243690491,0.8358338475227356,1.0,0.0,9.0
exp1_empty_1,686,461.33111572265625,1.8420130014419556,0.6072001457214355,1.0,0.0,8.0
exp1_empty_1,687,408.9854431152344,0.818717360496521,0.8222153186798096,1.0,0.0,13.0
exp1_empty_1,688,529.712646484375,2.0977423191070557,0.40459558367729187,1.0,0.0,12.0
exp1_empty_1,689,487.99072265625,1.5702468156814575,0.31302911043167114,1.0,0.0,12.0
exp1_empty_1,690,613.7911376953125,2.907379150390625,0.10801006108522415,1.0,0.0,12.0
exp1_empty_1,691,580.8121337890625,2.688788652420044,0.10213997215032578,1.0,0.0,11.0
exp1_empty_1,692,502.1965026855469,2.03175950050354,0.35749107599258423,1.0,0.0,9.0
exp1_empty_1,693,558.119140625,1.9467861652374268,0.2577405869960785,1.0,0.0,14.0
exp1_empty_1,694,441.8008728027344,2.4764697551727295,0.1544663906097412,1.0,0.0,3.0
exp1_empty_1,695,488.5604553222656,1.4695827960968018,0.46530672907829285,1.0,0.0,13.0
exp1_empty_1,696,531.9954223632812,1.7825062274932861,0.33280912041664124,1.0,0.0,15.0
exp1_empty_1,697,485.4147644042969,1.5800108909606934,0.48788928985595703,1.0,0.0,12.0
exp1_empty_1,698,429.42413330078125,1.212759256362915,0.8127115368843079,1.0,0.0,8.0
exp1_empty_1,699,396.085693359375,1.3894765377044678,0.13609682023525238,1.0,0.0,38.0
exp1_empty_1,701,632.1654052734375,1.7780327796936035,0.23362326622009277,1.0,0.0,24.0
exp1_empty_1,702,544.6771240234375,1.4988826513290405,0.25006240606307983,1.0,0.0,19.0
exp1_empty_1,703,506.84564208984375,2.164206027984619,0.31493496894836426,1.0,0.0,9.0
exp1_empty_1,704,602.3456420898438,1.7584704160690308,0.4482353627681732,1.0,0.0,24.0
exp1_empty_1,705,576.673828125,2.8876383304595947,0.15813781321048737,1.0,0.0,10.0
exp1_empty_1,706,470.01922607421875,1.2682411670684814,0.3722284734249115,1.0,0.0,13.0
exp1_empty_1,707,425.03558349609375,1.139298439025879,0.8213338851928711,1.0,0.0,10.0
exp1_empty_1,708,635.747314453125,2.3370747566223145,0.28760015964508057,1.0,0.0,18.0
exp1_empty_1,709,499.09564208984375,1.3930339813232422,0.5051802396774292,1.0,0.0,16.0
exp1_empty_1,710,493.373046875,1.655954360961914,0.2813511788845062,1.0,0.0,11.0
exp1_empty_1,711,602.6300048828125,1.941279411315918,0.31680554151535034,1.0,0.0,19.0
exp1_empty_1,712,448.5833740234375,1.562686562538147,0.5825759768486023,1.0,0.0,8.0
exp1_empty_1,713,434.44342041015625,1.2819019556045532,0.5932247042655945,1.0,0.0,6.0
exp1_empty_1,714,606.8613891601562,1.6575770378112793,0.29390108585357666,1.0,0.0,27.0
exp1_empty_1,715,428.9272766113281,1.354368805885315,0.6471148729324341,1.0,0.0,7.0
exp1_empty_1,716,596.3902587890625,2.3212177753448486,0.1760328710079193,1.0,0.0,14.0
exp1_empty_1,717,667.3353271484375,2.0287740230560303,0.20068778097629547,1.0,0.0,23.0
exp1_empty_1,718,514.835693359375,1.9783421754837036,0.3977571725845337,1.0,0.0,11.0
exp1_empty_1,719,502.0404357910156,1.7805231809616089,0.4304793179035187,1.0,0.0,11.0
exp1_empty_1,721,450.0671081542969,1.3444492816925049,0.6687976121902466,1.0,0.0,10.0
exp1_empty_1,722,474.03662109375,1.8646732568740845,0.208870530128479,1.0,0.0,7.0
exp1_empty_1,723,409.7213134765625,0.7707562446594238,0.7430615425109863,1.0,0.0,8.0
exp1_empty_1,724,595.9723510742188,2.6771504878997803,0.11264821141958237,1.0,0.0,12.0
exp1_empty_1,725,576.2382202148438,1.5333572626113892,0.39520764350891113,1.0,0.0,24.0
exp1_empty_1,726,459.4161682128906,1.2268199920654297,0.34120967984199524,1.0,0.0,11.0
exp1_empty_1,727,416.5198669433594,0.6872517466545105,0.3865789771080017,1.0,0.0,9.0
exp1_empty_1,728,496.3375244140625,1.407523274421692,0.53216552734375,1.0,0.0,17.0
exp1_empty_1,729,514.2662353515625,1.4978500604629517,0.2869734466075897,1.0,0.0,15.0
exp1_empty_1,730,598.1648559570312,1.7141315937042236,0.3306138813495636,1.0,0.0,23.0
exp1_empty_1,731,454.04156494140625,1.8622972965240479,0.15329712629318237,1.0,0.0,5.0
exp1_empty_1,732,553.9727172851562,1.6374893188476562,0.3853873908519745,1.0,0.0,19.0
exp1_empty_1,733,613.580322265625,2.8879988193511963,0.08889666944742203,1.0,0.0,12.0
exp1_empty_1,734,409.0847473144531,0.8690236806869507,0.8203334212303162,1.0,0.0,11.0
exp1_empty_1,735,464.02130126953125,2.2785322666168213,0.25757139921188354,1.0,0.0,5.0
exp1_empty_1,736,420.7503356933594,1.063709020614624,0.5526394248008728,1.0,0.0,9.0
exp1_empty_1,737,566.5821533203125,2.3157763481140137,0.30700328946113586,1.0,0.0,13.0
exp1_empty_1,738,507.49884033203125,1.5060771703720093,0.5583982467651367,1.0,0.0,17.0
exp1_empty_1,739,541.14111328125,2.155285358428955,0.3514856994152069,1.0,0.0,13.0
exp1_empty_1,741,552.3674926757812,1.533481240272522,0.3377685546875,1.0,0.0,21.0
exp1_empty_1,742,452.16583251953125,1.2023669481277466,0.5757051706314087,1.0,0.0,13.0
exp1_empty_1,743,691.999267578125,2.3922972679138184,0.21049131453037262,1.0,0.0,22.0
exp1_empty_1,744,515.9878540039062,1.4012197256088257,0.3944920003414154,1.0,0.0,18.0
exp1_empty_1,745,427.97320556640625,1.0511969327926636,0.43330052495002747,1.0,0.0,7.0
exp1_empty_1,746,455.37493896484375,1.8373703956604004,0.5143065452575684,1.0,0.0,6.0
exp1_empty_1,747,423.87542724609375,1.3498809337615967,0.657822847366333,1.0,0.0,5.0
exp1_empty_1,748,444.34716796875,1.3715096712112427,0.7178695201873779,1.0,0.0,9.0
exp1_empty_1,749,428.23822021484375,1.0640594959259033,0.7223353385925293,1.0,0.0,11.0
exp1_empty_1,750,549.3720703125,1.8856279850006104,0.335720956325531,1.0,0.0,16.0
exp1_empty_1,751,614.5750732421875,1.9440548419952393,0.2410387247800827,1.0,0.0,20.0
exp1_empty_1,752,417.58575439453125,1.223136067390442,0.5121309161186218,1.0,0.0,3.0
exp1_empty_1,753,516.0728759765625,1.3948605060577393,0.4552333354949951,1.0,0.0,19.0
exp1_empty_1,754,543.1909790039062,1.5871198177337646,0.4681028425693512,1.0,0.0,20.0
exp1_empty_1,755,508.1676330566406,2.0563368797302246,0.3703005909919739,1.0,0.0,10.0
exp1_empty_1,756,527.41845703125,1.969406247138977,0.39114025235176086,1.0,0.0,13.0
exp1_empty_1,757,528.9264526367188,2.049288034439087,0.4059399366378784,1.0,0.0,13.0
exp1_empty_1,758,554.2598876953125,1.7370048761367798,0.3015751838684082,1.0,0.0,16.0
exp1_empty_1,759,489.5289001464844,1.957951307296753,0.4694218635559082,1.0,0.0,10.0
exp1_empty_1,761,474.83538818359375,1.8763675689697266,0.4859142005443573,1.0,0.0,8.0
exp1_empty_1,762,494.75164794921875,1.4228217601776123,0.6612904071807861,1.0,0.0,18.0
exp1_empty_1,763,456.89117431640625,2.509895086288452,0.4714150130748749,1.0,0.0,4.0
exp1_empty_1,764,509.587158203125,1.1805081367492676,0.49886465072631836,1.0,0.0,24.0
exp1_empty_1,765,588.2982788085938,2.095087766647339,0.08958293497562408,1.0,0.0,15.0
exp1_empty_1,766,650.887451171875,1.7089872360229492,0.216478168964386,1.0,0.0,27.0
exp1_empty_1,767,645.61083984375,1.820569396018982,0.21280916035175323,1.0,0.0,24.0
exp1_empty_1,768,552.5560913085938,1.5633660554885864,0.38020825386047363,1.0,0.0,19.0
exp1_empty_1,769,418.3338317871094,1.185192346572876,0.6045248508453369,1.0,0.0,5.0
exp1_empty_1,770,484.0350036621094,1.5803025960922241,0.4645744264125824,1.0,0.0,12.0
exp1_empty_1,771,577.4462890625,1.889493703842163,0.328639954328537,1.0,0.0,18.0
exp1_empty_1,772,583.4422607421875,2.1365129947662354,0.16993825137615204,1.0,0.0,15.0
exp1_empty_1,773,512.4818115234375,1.6220759153366089,0.29904162883758545,1.0,0.0,13.0
exp1_empty_1,774,545.199462890625,1.5826455354690552,0.32874810695648193,1.0,0.0,19.0
exp1_empty_1,775,536.3162841796875,1.8245186805725098,0.3856358528137207,1.0,0.0,15.0
exp1_empty_1,776,512.3372802734375,1.8901528120040894,0.40717819333076477,1.0,0.0,12.0
exp1_empty_1,777,561.5106201171875,1.6350632905960083,0.276511013507843,1.0,0.0,19.0
exp1_empty_1,778,458.3295593261719,1.1723897457122803,0.3024511933326721,1.0,0.0,10.0
exp1_empty_1,779,523.8779907226562,2.09706974029541,0.3353278934955597,1.0,0.0,11.0
exp1_empty_1,781,433.6312255859375,1.2439132928848267,0.7294710874557495,1.0,0.0,7.0
exp1_empty_1,782,547.6949462890625,1.9915448427200317,0.2683318257331848,1.0,0.0,13.0
exp1_empty_1,783,507.3493957519531,2.0859479904174805,0.24779337644577026,1.0,0.0,9.0
exp1_empty_1,784,654.2249755859375,2.6152780055999756,0.12020397186279297,1.0,0.0,16.0
exp1_empty_1,785,540.2901000976562,2.208373785018921,0.259511262178421,1.0,0.0,11.0
exp1_empty_1,786,543.9956665039062,2.150790214538574,0.2700157165527344,1.0,0.0,12.0
exp1_empty_1,787,554.9005126953125,1.700391173362732,0.5420936346054077,1.0,0.0,21.0
exp1_empty_1,788,438.4678649902344,1.0457431077957153,0.5897957682609558,1.0,0.0,11.0
exp1_empty_1,789,395.5827941894531,0.7747905254364014,0.8844651579856873,1.0,0.0,16.0
exp1_empty_1,790,524.605224609375,1.4962385892868042,0.5051414370536804,1.0,0.0,19.0
exp1_empty_1,791,563.4727783203125,1.9599387645721436,0.26941171288490295,1.0,0.0,15.0
exp1_empty_1,792,584.5989379882812,1.9339171648025513,0.378452867269516,1.0,0.0,18.0
exp1_empty_1,793,582.831298828125,2.0371599197387695,0.2463303506374359,1.0,0.0,16.0
exp1_empty_1,794,530.295654296875,1.4955332279205322,0.46818989515304565,1.0,0.0,19.0
exp1_empty_1,795,496.41729736328125,1.8740242719650269,0.24967516958713531,1.0,0.0,9.0
exp1_empty_1,796,445.94683837890625,1.1105763912200928,0.5535869002342224,1.0,0.0,12.0
exp1_empty_1,797,488.8734436035156,1.4106640815734863,0.5457260608673096,1.0,0.0,16.0
exp1_empty_1,798,519.201416015625,1.3811553716659546,0.23162584006786346,1.0,0.0,19.0
exp1_empty_1,799,695.2708740234375,2.3774607181549072,0.14806222915649414,1.0,0.0,21.0
exp1_empty_1,801,420.6848449707031,0.8819587826728821,0.5086668729782104,1.0,0.0,8.0
exp1_empty_1,802,494.2248229980469,1.7138036489486694,0.5095182061195374,1.0,0.0,12.0
exp1_empty_1,803,418.9698486328125,0.9669777750968933,0.5909603238105774,1.0,0.0,7.0
exp1_empty_1,804,588.6809692382812,1.9093791246414185,0.2395772635936737,1.0,0.0,18.0
exp1_empty_1,805,425.60791015625,1.3772969245910645,0.41388970613479614,1.0,0.0,4.0
exp1_empty_1,806,466.30609130859375,1.1421457529067993,0.5773878693580627,1.0,0.0,17.0
exp1_empty_1,807,391.534912109375,0.6397125720977783,0.8378919959068298,1.0,0.0,11.0
exp1_empty_1,808,641.0592041015625,1.8596302270889282,0.2602587938308716,1.0,0.0,23.0
exp1_empty_1,809,548.366943359375,1.9100115299224854,0.2617269456386566,1.0,0.0,14.0
exp1_empty_1,810,475.0840759277344,1.725005030632019,0.3408673405647278,1.0,0.0,8.0
exp1_empty_1,811,439.2257995605469,1.9115221500396729,0.4406411945819855,1.0,0.0,4.0
exp1_empty_1,812,471.61212158203125,1.7223923206329346,0.5756400227546692,1.0,0.0,10.0
exp1_empty_1,813,515.822509765625,2.72585129737854,0.14084383845329285,1.0,0.0,7.0
exp1_empty_1,814,667.1238403320312,2.657331943511963,0.20950360596179962,1.0,0.0,17.0
exp1_empty_1,815,486.1253967285156,1.4682966470718384,0.6304869651794434,1.0,0.0,16.0
exp1_empty_1,816,559.8645629882812,2.1114068031311035,0.3382472097873688,1.0,0.0,14.0
exp1_empty_1,817,622.0056762695312,2.269351005554199,0.3026074171066284,1.0,0.0,18.0
exp1_empty_1,818,508.8232116699219,1.3488776683807373,0.6526884436607361,1.0,0.0,26.0
exp1_empty_1,819,426.95452880859375,1.0071890354156494,0.6233440637588501,1.0,0.0,10.0
exp1_empty_1,821,507.8723449707031,1.858945608139038,0.28526413440704346,1.0,0.0,18.0
exp1_empty_1,822,451.469482421875,1.0714094638824463,0.30609893798828125,1.0,0.0,14.0
exp1_empty_1,823,617.13037109375,1.8509435653686523,0.36618372797966003,1.0,0.0,23.0
exp1_empty_1,824,423.03302001953125,2.160795211791992,0.3400034010410309,1.0,0.0,2.0
exp1_empty_1,825,487.5115051269531,1.8465572595596313,0.429358571767807,1.0,0.0,10.0
exp1_empty_1,826,502.0002136230469,1.2561413049697876,0.257244735956192,1.0,0.0,35.0
exp1_empty_1,827,651.108154296875,2.6418066024780273,0.1178712323307991,1.0,0.0,16.0
exp1_empty_1,828,455.6930236816406,1.0405079126358032,0.6343618035316467,1.0,0.0,21.0
exp1_empty_1,829,536.8020629882812,2.127469778060913,0.41553959250450134,1.0,0.0,13.0
exp1_empty_1,830,431.18896484375,1.1990985870361328,0.609017550945282,1.0,0.0,8.0
exp1_empty_1,831,547.2960205078125,1.602763056755066,0.3158157467842102,1.0,0.0,18.0
exp1_empty_1,832,714.1062622070312,2.470973014831543,0.10737051069736481,1.0,0.0,21.0
exp1_empty_1,833,508.0921630859375,1.2596604824066162,0.5975952744483948,1.0,0.0,24.0
exp1_empty_1,834,419.0135803222656,0.9583041071891785,0.6217316389083862,1.0,0.0,5.0
exp1_empty_1,835,440.3742370605469,1.5822703838348389,0.49049630761146545,1.0,0.0,5.0
exp1_empty_1,836,458.0533752441406,1.8069034814834595,0.42721322178840637,1.0,0.0,6.0
exp1_empty_1,837,533.701416015625,1.6238176822662354,0.3401268720626831,1.0,0.0,16.0
exp1_empty_1,838,519.9517822265625,1.507444143295288,0.2760215401649475,1.0,0.0,16.0
exp1_empty_1,839,505.1048583984375,2.5832574367523193,0.28008463978767395,1.0,0.0,7.0
exp1_empty_1,841,523.951171875,1.8488945960998535,0.26981568336486816,1.0,0.0,13.0
exp1_empty_1,842,529.171630859375,1.3311890363693237,0.4241536855697632,1.0,0.0,24.0
exp1_empty_1,843,484.675048828125,1.764854907989502,0.5707146525382996,1.0,0.0,11.0
exp1_empty_1,844,456.302978515625,1.8908405303955078,0.4595254957675934,1.0,0.0,6.0
exp1_empty_1,845,474.10595703125,2.500274181365967,0.22533416748046875,1.0,0.0,5.0
exp1_empty_1,846,486.8304138183594,1.6387954950332642,0.5536337494850159,1.0,0.0,12.0
exp1_empty_1,847,675.1176147460938,2.8334107398986816,0.10503188520669937,1.0,0.0,16.0
exp1_empty_1,848,655.5936889648438,2.132887125015259,0.2518964111804962,1.0,0.0,22.0
exp1_empty_1,849,567.7901000976562,2.7237648963928223,0.09108687192201614,1.0,0.0,10.0
exp1_empty_1,850,471.83154296875,1.1943341493606567,0.5177150964736938,1.0,0.0,16.0
exp1_empty_1,851,549.80810546875,1.787447452545166,0.24873636662960052,1.0,0.0,16.0
exp1_empty_1,852,437.125732421875,1.1358569860458374,0.674859344959259,1.0,0.0,11.0
exp1_empty_1,853,517.757080078125,1.4496808052062988,0.2639541029930115,1.0,0.0,17.0
exp1_empty_1,854,519.9669189453125,2.0269949436187744,0.3485771715641022,1.0,0.0,11.0
exp1_empty_1,855,444.35125732421875,1.3839542865753174,0.7506325840950012,1.0,0.0,10.0
exp1_empty_1,856,472.88494873046875,1.574815273284912,0.5950043797492981,1.0,0.0,12.0
exp1_empty_1,857,560.8699340820312,1.9143214225769043,0.38138723373413086,1.0,0.0,16.0
exp1_empty_1,858,483.3558349609375,2.0716676712036133,0.2868633568286896,1.0,0.0,7.0
exp1_empty_1,859,648.4160766601562,1.8302491903305054,0.4039038419723511,1.0,0.0,27.0
exp1_empty_1,861,498.76422119140625,1.7793983221054077,0.41822969913482666,1.0,0.0,11.0
exp1_empty_1,862,539.5439453125,2.893340587615967,0.1392734795808792,1.0,0.0,8.0
exp1_empty_1,863,515.01416015625,1.9512616395950317,0.37352484464645386,1.0,0.0,11.0
exp1_empty_1,864,586.6776733398438,1.395369529724121,0.34512531757354736,1.0,0.0,29.0
exp1_empty_1,865,429.9525451660156,1.0152405500411987,0.7456651926040649,1.0,0.0,13.0
exp1_empty_1,866,550.7288818359375,1.880138635635376,0.29273271560668945,1.0,0.0,15.0
exp1_empty_1,867,418.3309326171875,1.0042104721069336,0.7591918110847473,1.0,0.0,13.0
exp1_empty_1,868,689.6337890625,1.9078881740570068,0.1779332160949707,1.0,0.0,28.0
exp1_empty_1,869,573.5445556640625,1.4340522289276123,0.3750768005847931,1.0,0.0,26.0
exp1_empty_1,870,505.1072082519531,1.6970443725585938,0.5516170859336853,1.0,0.0,14.0
exp1_empty_1,871,560.6224365234375,1.499089002609253,0.1937830150127411,1.0,0.0,20.0
exp1_empty_1,872,473.0946044921875,1.6424018144607544,0.5552740693092346,1.0,0.0,11.0
exp1_empty_1,873,606.5423583984375,1.793973445892334,0.30410730838775635,1.0,0.0,22.0
exp1_empty_1,874,724.9708862304688,2.3494272232055664,0.08643034845590591,1.0,0.0,23.0
exp1_empty_1,875,473.6642150878906,1.218385100364685,0.2311345934867859,1.0,0.0,12.0
exp1_empty_1,876,548.9091796875,1.46730375289917,0.266509085893631,1.0,0.0,20.0
exp1_empty_1,877,676.8184814453125,2.5265629291534424,0.15769062936306,1.0,0.0,18.0
exp1_empty_1,878,455.01690673828125,1.1468747854232788,0.35076701641082764,1.0,0.0,11.0
exp1_empty_1,879,677.6278076171875,1.6472808122634888,0.2039238065481186,1.0,0.0,31.0
exp1_empty_1,881,553.6066284179688,1.422865629196167,0.2501366138458252,1.0,0.0,21.0
exp1_empty_1,882,524.7374877929688,1.7072938680648804,0.29227519035339355,1.0,0.0,14.0
exp1_empty_1,883,446.9156494140625,1.3504438400268555,0.49117204546928406,1.0,0.0,8.0
exp1_empty_1,884,497.37957763671875,1.82131826877594,0.33045628666877747,1.0,0.0,10.0
exp1_empty_1,885,403.7815856933594,0.8604186773300171,0.8608149290084839,1.0,0.0,5.0
exp1_empty_1,886,551.7686767578125,1.4252148866653442,0.4703472852706909,1.0,0.0,24.0
exp1_empty_1,887,334.521240234375,0.7829363346099854,0.17152783274650574,1.0,0.0,52.0
exp1_empty_1,888,539.4034423828125,1.1785526275634766,0.4219861924648285,1.0,0.0,28.0
exp1_empty_1,889,536.0078125,1.7751233577728271,0.30592650175094604,1.0,0.0,14.0
exp1_empty_1,890,657.7535400390625,2.465540885925293,0.14416147768497467,1.0,0.0,18.0
exp1_empty_1,891,466.1162109375,1.328905701637268,0.6268931031227112,1.0,0.0,15.0
exp1_empty_1,892,630.39111328125,2.0424094200134277,0.2548982501029968,1.0,0.0,20.0
exp1_empty_1,893,475.3008728027344,1.9717968702316284,0.34308478236198425,1.0,0.0,7.0
exp1_empty_1,894,595.436279296875,1.528296947479248,0.1681523472070694,1.0,0.0,25.0
exp1_empty_1,895,438.9521789550781,1.6963903903961182,0.6069110631942749,1.0,0.0,5.0
exp1_empty_1,896,585.5682983398438,2.1272332668304443,0.3028823137283325,1.0,0.0,16.0
exp1_empty_1,897,509.57415771484375,1.4444575309753418,0.35970795154571533,1.0,0.0,16.0
exp1_empty_1,898,742.6284790039062,2.6020374298095703,0.10225379467010498,1.0,0.0,22.0
exp1_empty_1,899,459.13421630859375,1.4492921829223633,0.384807288646698,1.0,0.0,8.0
exp1_empty_1,901,589.9220581054688,1.5566171407699585,0.3719795346260071,1.0,0.0,26.0
exp1_empty_1,902,469.8433532714844,1.5029246807098389,0.45504030585289,1.0,0.0,10.0
exp1_empty_1,903,600.5023193359375,1.9347248077392578,0.4905712306499481,1.0,0.0,22.0
exp1_empty_1,904,433.11395263671875,1.455923080444336,0.6072363257408142,1.0,0.0,5.0
exp1_empty_1,905,444.7815246582031,1.5615127086639404,0.6043797731399536,1.0,0.0,7.0
exp1_empty_1,906,466.9700927734375,0.9664880037307739,0.38051313161849976,1.0,0.0,18.0
exp1_empty_1,907,535.10107421875,1.5134727954864502,0.47782737016677856,1.0,0.0,20.0
exp1_empty_1,908,636.232666015625,1.9817163944244385,0.22716738283634186,1.0,0.0,21.0
exp1_empty_1,909,481.6138610839844,1.8267788887023926,0.45477792620658875,1.0,0.0,9.0
exp1_empty_1,910,545.058349609375,1.6054211854934692,0.235617995262146,1.0,0.0,17.0
exp1_empty_1,911,527.2669677734375,1.6192845106124878,0.3507431745529175,1.0,0.0,15.0
exp1_empty_1,912,570.1961669921875,2.231490135192871,0.22790385782718658,1.0,0.0,13.0
exp1_empty_1,913,538.6895751953125,1.7467103004455566,0.2870510220527649,1.0,0.0,15.0
exp1_empty_1,914,520.4190673828125,1.6196324825286865,0.43139973282814026,1.0,0.0,16.0
exp1_empty_1,915,611.2103271484375,1.845542550086975,0.2314891368150711,1.0,0.0,21.0
exp1_empty_1,916,612.3616333007812,2.1258864402770996,0.27525055408477783,1.0,0.0,18.0
exp1_empty_1,917,391.9460754394531,0.5638757348060608,0.7883948683738708,1.0,0.0,11.0
exp1_empty_1,918,543.1912841796875,2.054590940475464,0.3575403392314911,1.0,0.0,13.0
exp1_empty_1,919,474.373779296875,1.6184632778167725,0.532112717628479,1.0,0.0,10.0
exp1_empty_1,921,567.3839721679688,1.9140597581863403,0.2741701602935791,1.0,0.0,16.0
exp1_empty_1,922,526.0339965820312,2.194706916809082,0.30400270223617554,1.0,0.0,10.0
exp1_empty_1,923,498.9183349609375,1.4947428703308105,0.5737503170967102,1.0,0.0,17.0
exp1_empty_1,924,540.3339233398438,1.9228744506835938,0.25642096996307373,1.0,0.0,13.0
exp1_empty_1,925,585.9579467773438,1.8326826095581055,0.40860143303871155,1.0,0.0,21.0
exp1_empty_1,926,415.23114013671875,0.9401928782463074,0.7212328314781189,1.0,0.0,7.0
exp1_empty_1,927,538.0745239257812,1.7154372930526733,0.13840235769748688,1.0,0.0,14.0
exp1_empty_1,928,411.1671142578125,1.084995985031128,0.730496883392334,1.0,0.0,4.0
exp1_empty_1,929,696.81494140625,1.8396250009536743,0.19912222027778625,1.0,0.0,29.0
exp1_empty_1,930,452.656494140625,1.1962112188339233,0.34831151366233826,1.0,0.0,9.0
exp1_empty_1,931,517.2701416015625,1.517724633216858,0.2832932770252228,1.0,0.0,15.0
exp1_empty_1,932,540.7579345703125,1.964578628540039,0.40722277760505676,1.0,0.0,14.0
exp1_empty_1,933,522.6808471679688,1.3365583419799805,0.1866658329963684,1.0,0.0,18.0
exp1_empty_1,934,472.8494873046875,1.45740807056427,0.38078272342681885,1.0,0.0,10.0
exp1_empty_1,935,546.1948852539062,2.1429154872894287,0.32165849208831787,1.0,0.0,13.0
exp1_empty_1,936,410.08819580078125,0.7417694926261902,0.4599139094352722,1.0,0.0,5.0
exp1_empty_1,937,446.3111267089844,0.9540787935256958,0.5398609042167664,1.0,0.0,19.0
exp1_empty_1,938,613.6280517578125,1.632560133934021,0.3826810121536255,1.0,0.0,27.0
exp1_empty_1,939,510.6433410644531,1.2905813455581665,0.26172763109207153,1.0,0.0,19.0
exp1_empty_1,941,485.0157470703125,1.7653297185897827,0.39477601647377014,1.0,0.0,10.0
exp1_empty_1,942,405.4723205566406,0.8412200212478638,0.8026397824287415,1.0,0.0,9.0
exp1_empty_1,943,557.7644653320312,2.10953426361084,0.36120644211769104,1.0,0.0,14.0
exp1_empty_1,944,449.6659851074219,1.4824808835983276,0.628274142742157,1.0,0.0,9.0
exp1_empty_1,945,521.4447021484375,1.9689879417419434,0.43750807642936707,1.0,0.0,12.0
exp1_empty_1,946,512.1085815429688,2.2637453079223633,0.31952109932899475,1.0,0.0,9.0
exp1_empty_1,947,612.7921142578125,2.1227095127105713,0.3344886600971222,1.0,0.0,19.0
exp1_empty_1,948,515.198486328125,1.6486722230911255,0.38313940167427063,1.0,0.0,14.0
exp1_empty_1,949,614.1351318359375,1.9128056764602661,0.2505261301994324,1.0,0.0,21.0
exp1_empty_1,950,489.24749755859375,1.3076534271240234,0.36681029200553894,1.0,0.0,16.0
exp1_empty_1,951,500.5250549316406,1.6957322359085083,0.378357857465744,1.0,0.0,12.0
exp1_empty_1,952,501.8145446777344,2.2094714641571045,0.2569386065006256,1.0,0.0,8.0
exp1_empty_1,953,445.24542236328125,1.5805469751358032,0.714664876461029,1.0,0.0,8.0
exp1_empty_1,954,434.8398132324219,1.0059735774993896,0.6603536605834961,1.0,0.0,14.0
exp1_empty_1,955,456.61553955078125,2.0212063789367676,0.40025925636291504,1.0,0.0,5.0
exp1_empty_1,956,512.5664672851562,1.5862993001937866,0.43453413248062134,1.0,0.0,15.0
exp1_empty_1,957,601.3928833007812,2.3032987117767334,0.29763245582580566,1.0,0.0,16.0
exp1_empty_1,958,416.2309265136719,0.8983915448188782,0.7707845568656921,1.0,0.0,10.0
exp1_empty_1,959,482.4500732421875,1.4404551982879639,0.41310563683509827,1.0,0.0,13.0
exp1_empty_1,961,598.3866577148438,1.7652232646942139,0.2712441682815552,1.0,0.0,22.0
exp1_empty_1,962,545.2955322265625,1.456121563911438,0.2477777898311615,1.0,0.0,20.0
exp1_empty_1,963,513.2102661132812,1.1513302326202393,0.3875759541988373,1.0,0.0,26.0
exp1_empty_1,964,450.90869140625,1.6182445287704468,0.4188741445541382,1.0,0.0,6.0
exp1_empty_1,965,420.7589111328125,1.0885896682739258,0.7633190155029297,1.0,0.0,12.0
exp1_empty_1,966,630.7830810546875,2.5653011798858643,0.15783019363880157,1.0,0.0,15.0
exp1_empty_1,967,505.5827941894531,2.88761305809021,0.12719972431659698,1.0,0.0,6.0
exp1_empty_1,968,521.5599365234375,1.7557040452957153,0.29485636949539185,1.0,0.0,13.0
exp1_empty_1,969,434.96649169921875,1.5423873662948608,0.4629455506801605,1.0,0.0,5.0
exp1_empty_1,970,449.19268798828125,2.7897040843963623,0.3710521459579468,1.0,0.0,3.0
exp1_empty_1,971,491.04931640625,1.8107750415802002,0.4620855748653412,1.0,0.0,10.0
exp1_empty_1,972,550.8238525390625,1.7783035039901733,0.2899794280529022,1.0,0.0,15.0
exp1_empty_1,973,564.749755859375,1.8151010274887085,0.22683212161064148,1.0,0.0,16.0
exp1_empty_1,974,624.8829345703125,2.2603776454925537,0.3220173120498657,1.0,0.0,18.0
exp1_empty_1,975,501.06951904296875,1.8311553001403809,0.4837786853313446,1.0,0.0,11.0
exp1_empty_1,976,533.688720703125,1.6444737911224365,0.3734947443008423,1.0,0.0,16.0
exp1_empty_1,977,674.712646484375,1.5233368873596191,0.30482569336891174,1.0,0.0,36.0
exp1_empty_1,978,506.6426086425781,1.6169533729553223,0.31866583228111267,1.0,0.0,13.0
exp1_empty_1,979,506.74615478515625,1.619503140449524,0.3194354474544525,1.0,0.0,13.0
exp1_empty_1,981,530.2442016601562,1.5957398414611816,0.4948772192001343,1.0,0.0,18.0
exp1_empty_1,982,554.2586669921875,2.8465077877044678,0.20563547313213348,1.0,0.0,9.0
exp1_empty_1,983,630.516357421875,2.337944507598877,0.3327716588973999,1.0,0.0,18.0
exp1_empty_1,984,658.3910522460938,1.519582986831665,0.24110418558120728,1.0,0.0,33.0
exp1_empty_1,985,610.3193969726562,2.4462201595306396,0.33480140566825867,1.0,0.0,15.0
exp1_empty_1,986,646.327880859375,2.1970760822296143,0.2932434678077698,1.0,0.0,20.0
exp1_empty_1,987,431.38604736328125,0.9798942804336548,0.8004772663116455,1.0,0.0,16.0
exp1_empty_1,988,517.7781982421875,1.7500154972076416,0.2903100848197937,1.0,0.0,13.0
exp1_empty_1,989,528.5845947265625,1.7055566310882568,0.2897682189941406,1.0,0.0,14.0
exp1_empty_1,990,427.6923828125,1.4946383237838745,0.5557196736335754,1.0,0.0,4.0
exp1_empty_1,991,634.6272583007812,1.2702524662017822,0.26813310384750366,1.0,0.0,41.0
exp1_empty_1,992,537.1256713867188,2.084169626235962,0.45092952251434326,1.0,0.0,13.0
exp1_empty_1,993,404.51202392578125,0.7158975005149841,0.5140568614006042,1.0,0.0,7.0
exp1_empty_1,994,518.0439453125,1.4450944662094116,0.4666004776954651,1.0,0.0,19.0
exp1_empty_1,995,524.201416015625,1.3647013902664185,0.4702579081058502,1.0,0.0,21.0
exp1_empty_1,996,582.9571533203125,1.6635433435440063,0.4400639832019806,1.0,0.0,23.0
exp1_empty_1,997,474.0974426269531,1.1456183195114136,0.32960978150367737,1.0,0.0,14.0
exp1_empty_1,998,496.55963134765625,2.69970703125,0.18866842985153198,1.0,0.0,6.0
exp1_empty_1,999,548.6251220703125,1.8550291061401367,0.27485623955726624,1.0,0.0,16.0
exp1_empty_1,1001,708.17529296875,2.540260076522827,0.23233313858509064,1.0,0.0,21.0
exp1_empty_1,1002,474.6339111328125,2.132124185562134,0.5316587090492249,1.0,0.0,7.0
exp1_empty_1,1003,433.1867980957031,0.9625024795532227,0.787752628326416,1.0,0.0,18.0
exp1_empty_1,1004,513.775146484375,1.6957396268844604,0.3477051854133606,1.0,0.0,13.0
exp1_empty_1,1005,574.1912231445312,1.7974824905395508,0.4592254161834717,1.0,0.0,21.0
exp1_empty_1,1006,449.85223388671875,1.5572386980056763,0.3591196537017822,1.0,0.0,6.0
exp1_empty_1,1007,462.5562744140625,1.8418582677841187,0.3346698582172394,1.0,0.0,6.0
exp1_empty_1,1008,547.5100708007812,1.8613967895507812,0.4612821638584137,1.0,0.0,17.0
exp1_empty_1,1009,509.24395751953125,2.2808802127838135,0.20060411095619202,1.0,0.0,8.0
exp1_empty_1,1010,484.1026611328125,2.121849536895752,0.3637693226337433,1.0,0.0,7.0
exp1_empty_1,1011,544.7882080078125,2.33465838432312,0.2845456004142761,1.0,0.0,11.0
exp1_empty_1,1012,606.9552001953125,2.1862664222717285,0.31164902448654175,1.0,0.0,18.0
exp1_empty_1,1013,557.8984375,1.4428832530975342,0.26200222969055176,1.0,0.0,21.0
exp1_empty_1,1014,460.4861145019531,1.3217257261276245,0.5214608311653137,1.0,0.0,11.0
exp1_empty_1,1015,462.3097839355469,1.5255703926086426,0.4687980115413666,1.0,0.0,8.0
exp1_empty_1,1016,430.02716064453125,0.9778572916984558,0.3512210249900818,1.0,0.0,7.0
exp1_empty_1,1017,523.2492065429688,1.177976131439209,0.23615968227386475,1.0,0.0,21.0
exp1_empty_1,1018,521.7564697265625,1.4469387531280518,0.25834542512893677,1.0,0.0,16.0
exp1_empty_1,1019,402.9330749511719,1.251469612121582,0.7182057499885559,1.0,0.0,5.0
exp1_empty_1,1021,472.380615234375,1.3767647743225098,0.44574907422065735,1.0,0.0,12.0
exp1_empty_1,1022,564.5881958007812,2.0409462451934814,0.3568536639213562,1.0,0.0,15.0
exp1_empty_1,1023,456.5838623046875,1.9272798299789429,0.4825704097747803,1.0,0.0,6.0
exp1_empty_1,1024,603.5116577148438,2.053433895111084,0.43698611855506897,1.0,0.0,20.0
exp1_empty_1,1025,689.314697265625,2.1840150356292725,0.2184145301580429,1.0,0.0,23.0
exp1_empty_1,1026,674.8702392578125,2.040539026260376,0.24516896903514862,1.0,0.0,24.0
exp1_empty_1,1027,502.59832763671875,1.6615630388259888,0.3374282419681549,1.0,0.0,12.0
exp1_empty_1,1028,522.9786376953125,1.651616096496582,0.3202025890350342,1.0,0.0,14.0
exp1_empty_1,1029,499.2948303222656,1.5416463613510132,0.46389535069465637,1.0,0.0,14.0
exp1_empty_1,1030,502.40985107421875,1.737610936164856,0.49765047430992126,1.0,0.0,13.0
exp1_empty_1,1031,456.2909240722656,1.846924901008606,0.5027419924736023,1.0,0.0,7.0
exp1_empty_1,1032,514.222900390625,1.69974946975708,0.4072638750076294,1.0,0.0,13.0
exp1_empty_1,1033,506.25244140625,2.0613865852355957,0.3928672969341278,1.0,0.0,10.0
exp1_empty_1,1034,451.7209777832031,1.4580624103546143,0.5439623594284058,1.0,0.0,8.0
exp1_empty_1,1035,440.28009033203125,1.2008863687515259,0.6957829594612122,1.0,0.0,10.0
exp1_empty_1,1036,428.84576416015625,0.9807156324386597,0.6330335736274719,1.0,0.0,14.0
exp1_empty_1,1037,611.14599609375,2.531716823577881,0.30831655859947205,1.0,0.0,15.0
exp1_empty_1,1038,566.647705078125,2.6601970195770264,0.254866361618042,1.0,0.0,11.0
exp1_empty_1,1039,417.8709716796875,1.0953270196914673,0.8292830586433411,1.0,0.0,12.0
exp1_empty_1,1041,508.7068176269531,2.5817558765411377,0.2689376771450043,1.0,0.0,7.0
exp1_empty_1,1042,615.2781982421875,1.9357327222824097,0.3240603804588318,1.0,0.0,21.0
exp1_empty_1,1043,649.274169921875,1.9803694486618042,0.21308587491512299,1.0,0.0,23.0
exp1_empty_1,1044,467.19232177734375,2.373753070831299,0.4407457709312439,1.0,0.0,5.0
exp1_empty_1,1045,495.0016784667969,1.931269645690918,0.5272599458694458,1.0,0.0,10.0
exp1_empty_1,1046,606.9335327148438,2.3564367294311523,0.17705129086971283,1.0,0.0,15.0
exp1_empty_1,1047,440.56915283203125,1.0568653345108032,0.6344277858734131,1.0,0.0,12.0
exp1_empty_1,1048,508.53472900390625,2.1864309310913086,0.37034735083580017,1.0,0.0,9.0
exp1_empty_1,1049,585.461181640625,1.574331283569336,0.35352882742881775,1.0,0.0,24.0
exp1_empty_1,1050,441.00439453125,1.5206000804901123,0.7518774271011353,1.0,0.0,7.0
exp1_empty_1,1051,465.0545654296875,1.9601564407348633,0.4128866195678711,1.0,0.0,6.0
exp1_empty_1,1052,619.3262329101562,2.597036600112915,0.10945833474397659,1.0,0.0,14.0
exp1_empty_1,1053,494.0736083984375,1.6908016204833984,0.47368720173835754,1.0,0.0,11.0
exp1_empty_1,1054,493.97613525390625,2.2246627807617188,0.1916777342557907,1.0,0.0,7.0
exp1_empty_1,1055,465.427001953125,1.473356008529663,0.42715275287628174,1.0,0.0,9.0
exp1_empty_1,1056,487.4696350097656,1.8044897317886353,0.15825645625591278,1.0,0.0,9.0
exp1_empty_1,1057,484.88824462890625,1.9207950830459595,0.3416560888290405,1.0,0.0,8.0
exp1_empty_1,1058,463.92041015625,1.1498438119888306,0.39733803272247314,1.0,0.0,12.0
exp1_empty_1,1059,527.3900146484375,1.7060723304748535,0.569827139377594,1.0,0.0,18.0
exp1_empty_1,1061,536.1593627929688,2.0271570682525635,0.33315375447273254,1.0,0.0,12.0
exp1_empty_1,1062,430.5333251953125,1.506690502166748,0.6383548974990845,1.0,0.0,4.0
exp1_empty_1,1063,464.1755676269531,1.280306339263916,0.6061306595802307,1.0,0.0,15.0
exp1_empty_1,1064,485.3795471191406,1.4924194812774658,0.5599260330200195,1.0,0.0,13.0
exp1_empty_1,1065,472.5086669921875,1.12174391746521,0.7039480805397034,1.0,0.0,23.0
exp1_empty_1,1066,423.77362060546875,1.2191717624664307,0.5789631605148315,1.0,0.0,4.0
exp1_empty_1,1067,446.8392333984375,1.484065294265747,0.5435423254966736,1.0,0.0,8.0
exp1_empty_1,1068,562.6531372070312,2.0318214893341064,0.15462616086006165,1.0,0.0,14.0
exp1_empty_1,1069,420.2636413574219,1.5848230123519897,0.6454486846923828,1.0,0.0,3.0
exp1_empty_1,1070,437.0877990722656,1.1471590995788574,0.3311164379119873,1.0,0.0,8.0
exp1_empty_1,1071,645.004150390625,1.5800931453704834,0.2300201654434204,1.0,0.0,28.0
exp1_empty_1,1072,471.9213562011719,2.142112970352173,0.38011398911476135,1.0,0.0,6.0
exp1_empty_1,1073,641.6150512695312,1.666650652885437,0.43395864963531494,1.0,0.0,30.0
exp1_empty_1,1074,747.8701782226562,2.565092086791992,0.2125619649887085,1.0,0.0,23.0
exp1_empty_1,1075,510.6144104003906,2.998823404312134,0.2907683849334717,1.0,0.0,6.0
exp1_empty_1,1076,419.804443359375,1.1026079654693604,0.8055022358894348,1.0,0.0,7.0
exp1_empty_1,1077,425.95245361328125,1.6295257806777954,0.4361831247806549,1.0,0.0,3.0
exp1_empty_1,1078,539.098388671875,2.3655688762664795,0.4467850625514984,1.0,0.0,11.0
exp1_empty_1,1079,634.8282470703125,2.204735279083252,0.4601929187774658,1.0,0.0,21.0
exp1_empty_1,1081,636.4335327148438,2.277677059173584,0.22729894518852234,1.0,0.0,18.0
exp1_empty_1,1082,462.9379577636719,1.240870714187622,0.7257451415061951,1.0,0.0,18.0
exp1_empty_1,1083,678.5613403320312,2.4247851371765137,0.23955321311950684,1.0,0.0,20.0
exp1_empty_1,1084,470.251953125,1.1377761363983154,0.6337074637413025,1.0,0.0,21.0
exp1_empty_1,1085,428.4638671875,0.8908185958862305,0.814603328704834,1.0,0.0,20.0
exp1_empty_1,1086,437.1307067871094,1.3017358779907227,0.7792508006095886,1.0,0.0,9.0
exp1_empty_1,1087,472.5632629394531,1.2522351741790771,0.7531154155731201,1.0,0.0,19.0
exp1_empty_1,1088,588.0426025390625,2.49409818649292,0.40526288747787476,1.0,0.0,14.0
exp1_empty_1,1089,519.7180786132812,1.5757113695144653,0.5138605237007141,1.0,0.0,17.0
exp1_empty_1,1090,481.0107727050781,1.2894090414047241,0.35081085562705994,1.0,0.0,13.0
exp1_empty_1,1091,442.0266418457031,1.2354419231414795,0.6838445663452148,1.0,0.0,11.0
exp1_empty_1,1092,518.9442749023438,2.848440647125244,0.23307423293590546,1.0,0.0,7.0
exp1_empty_1,1093,455.6197204589844,1.7386436462402344,0.675751805305481,1.0,0.0,8.0
exp1_empty_1,1094,512.998291015625,1.247531771659851,0.18766069412231445,1.0,0.0,22.0
exp1_empty_1,1095,453.4080810546875,1.5428589582443237,0.5214347243309021,1.0,0.0,7.0
exp1_empty_1,1096,439.0226135253906,0.7242621183395386,0.23408375680446625,1.0,0.0,14.0
exp1_empty_1,1097,463.403564453125,2.0957000255584717,0.5765928626060486,1.0,0.0,6.0
exp1_empty_1,1098,460.5751037597656,1.1643855571746826,0.325014591217041,1.0,0.0,11.0
exp1_empty_1,1099,485.335693359375,2.2100086212158203,0.509266197681427,1.0,0.0,8.0
exp1_empty_1,1101,433.826416015625,1.090371012687683,0.8127924799919128,1.0,0.0,12.0
exp1_empty_1,1102,559.405029296875,1.6930795907974243,0.49877819418907166,1.0,0.0,21.0
exp1_empty_1,1103,425.6853332519531,1.4320123195648193,0.8177161812782288,1.0,0.0,7.0
exp1_empty_1,1104,687.6375732421875,2.4906749725341797,0.277290940284729,1.0,0.0,21.0
exp1_empty_1,1105,625.238525390625,2.704141616821289,0.16431261599063873,1.0,0.0,14.0
exp1_empty_1,1106,529.6829833984375,2.284883737564087,0.31273019313812256,1.0,0.0,10.0
exp1_empty_1,1107,508.4917907714844,1.0589216947555542,0.23234929144382477,1.0,0.0,22.0
exp1_empty_1,1108,643.2916870117188,1.5644553899765015,0.2548706829547882,1.0,0.0,29.0
exp1_empty_1,1109,466.1207580566406,1.3525398969650269,0.705243706703186,1.0,0.0,14.0
exp1_empty_1,1110,471.76953125,2.1529746055603027,0.45591890811920166,1.0,0.0,6.0
exp1_empty_1,1111,495.46002197265625,2.666184663772583,0.3228921592235565,1.0,0.0,6.0
exp1_empty_1,1112,617.2662963867188,1.881104826927185,0.2972293794155121,1.0,0.0,21.0
exp1_empty_1,1113,515.99951171875,2.1557304859161377,0.22454829514026642,1.0,0.0,10.0
exp1_empty_1,1114,503.72930908203125,1.7425371408462524,0.6465095281600952,1.0,0.0,15.0
exp1_empty_1,1115,578.678955078125,2.938229560852051,0.18917302787303925,1.0,0.0,10.0
exp1_empty_1,1116,439.69842529296875,1.8713663816452026,0.7577843070030212,1.0,0.0,6.0
exp1_empty_1,1117,673.6695556640625,2.911590099334717,0.26195865869522095,1.0,0.0,16.0
exp1_empty_1,1118,589.6464233398438,1.5918124914169312,0.20959225296974182,1.0,0.0,22.0
exp1_empty_1,1119,550.2449951171875,2.4372549057006836,0.4599790871143341,1.0,0.0,12.0
exp1_empty_1,1121,493.3055114746094,1.0680700540542603,0.3304371237754822,1.0,0.0,20.0
exp1_empty_1,1122,564.8048095703125,2.506805658340454,0.3876028060913086,1.0,0.0,12.0
exp1_empty_1,1123,419.5874938964844,0.7169241309165955,0.4455778896808624,1.0,0.0,8.0
exp1_empty_1,1124,513.8773193359375,1.9901459217071533,0.39424973726272583,1.0,0.0,10.0
exp1_empty_1,1125,531.0942993164062,2.06679368019104,0.3237449824810028,1.0,0.0,11.0
exp1_empty_1,1126,656.7445068359375,2.1597096920013428,0.15938438475131989,1.0,0.0,20.0
exp1_empty_1,1127,569.6166381835938,3.122220993041992,0.22904780507087708,1.0,0.0,9.0
exp1_empty_1,1128,598.8768310546875,1.2441908121109009,0.214814692735672,1.0,0.0,31.0
exp1_empty_1,1129,453.92388916015625,1.6296758651733398,0.3437403440475464,1.0,0.0,6.0
exp1_empty_1,1130,555.899169921875,2.188110589981079,0.3856750726699829,1.0,0.0,13.0
exp1_empty_1,1131,507.65045166015625,1.2535500526428223,0.284726619720459,1.0,0.0,17.0
exp1_empty_1,1132,463.5042419433594,1.9786211252212524,0.5616406202316284,1.0,0.0,7.0
exp1_empty_1,1133,549.8723754882812,1.701706051826477,0.48123985528945923,1.0,0.0,18.0
exp1_empty_1,1134,493.597900390625,2.2676920890808105,0.511305570602417,1.0,0.0,8.0
exp1_empty_1,1135,491.2841796875,1.6289457082748413,0.7209166288375854,1.0,0.0,16.0
exp1_empty_1,1136,458.3962097167969,1.79755437374115,0.6503869295120239,1.0,0.0,7.0
exp1_empty_1,1137,510.7003479003906,1.5267585515975952,0.6354206800460815,1.0,0.0,17.0
exp1_empty_1,1138,492.6145324707031,1.407381296157837,0.46049678325653076,1.0,0.0,13.0
exp1_empty_1,1139,502.51116943359375,2.2478034496307373,0.3966352045536041,1.0,0.0,8.0
exp1_empty_1,1141,577.79541015625,1.8172268867492676,0.4621128737926483,1.0,0.0,22.0
exp1_empty_1,1142,463.922119140625,1.3592336177825928,0.7026022672653198,1.0,0.0,14.0
exp1_empty_1,1143,452.79168701171875,2.8646774291992188,0.3309851884841919,1.0,0.0,3.0
exp1_empty_1,1144,595.7078857421875,1.8795897960662842,0.47597235441207886,1.0,0.0,22.0
exp1_empty_1,1145,494.48248291015625,1.6493185758590698,0.720024824142456,1.0,0.0,16.0
exp1_empty_1,1146,400.95123291015625,0.8145500421524048,0.9197977781295776,1.0,0.0,10.0
exp1_empty_1,1147,530.2020263671875,3.522935152053833,0.2621596157550812,1.0,0.0,6.0
exp1_empty_1,1148,592.0204467773438,2.097532033920288,0.44705507159233093,1.0,0.0,18.0
exp1_empty_1,1149,580.9448852539062,2.688314199447632,0.3863454759120941,1.0,0.0,12.0
exp1_empty_1,1150,530.5059814453125,2.5150294303894043,0.44046616554260254,1.0,0.0,10.0
exp1_empty_1,1151,583.719482421875,1.92254638671875,0.24793033301830292,1.0,0.0,17.0
exp1_empty_1,1152,514.6944580078125,2.002497911453247,0.44039851427078247,1.0,0.0,11.0
exp1_empty_1,1153,501.0039367675781,1.6326841115951538,0.47019022703170776,1.0,0.0,13.0
exp1_empty_1,1154,516.407470703125,2.5436387062072754,0.34215837717056274,1.0,0.0,8.0
exp1_empty_1,1155,602.1261596679688,3.032329559326172,0.24862807989120483,1.0,0.0,11.0
exp1_empty_1,1156,475.1121826171875,1.7078852653503418,0.5798338651657104,1.0,0.0,9.0
exp1_empty_1,1157,661.4764404296875,3.1415748596191406,0.2749686539173126,1.0,0.0,14.0
exp1_empty_1,1158,573.0712890625,2.4944570064544678,0.4220120310783386,1.0,0.0,13.0
exp1_empty_1,1159,473.8448181152344,2.222926139831543,0.154169961810112,1.0,0.0,18.0
exp1_empty_1,1161,444.2518005371094,1.5506919622421265,0.7213172316551208,1.0,0.0,8.0
exp1_empty_1,1162,639.3256225585938,1.7454781532287598,0.206914022564888,1.0,0.0,25.0
exp1_empty_1,1163,528.3771362304688,1.7908055782318115,0.2761382758617401,1.0,0.0,13.0
exp1_empty_1,1164,587.9114990234375,1.8536804914474487,0.24242445826530457,1.0,0.0,18.0
exp1_empty_1,1165,641.099365234375,2.020254373550415,0.4344562888145447,1.0,0.0,23.0
exp1_empty_1,1166,439.6001281738281,2.032557725906372,0.5902663469314575,1.0,0.0,4.0
exp1_empty_1,1167,688.3050537109375,2.3593125343322754,0.20361904799938202,1.0,0.0,21.0
exp1_empty_1,1168,699.9154052734375,2.305913209915161,0.3327929973602295,1.0,0.0,23.0
exp1_empty_1,1169,448.43109130859375,1.6763125658035278,0.6015044450759888,1.0,0.0,6.0
exp1_empty_1,1170,677.0958251953125,2.5141642093658447,0.4639972746372223,1.0,0.0,22.0
exp1_empty_1,1171,552.7142333984375,1.7844393253326416,0.5447969436645508,1.0,0.0,18.0
exp1_empty_1,1172,509.3271484375,1.9388591051101685,0.6443467140197754,1.0,0.0,14.0
exp1_empty_1,1173,471.80328369140625,1.871250033378601,0.6332992315292358,1.0,0.0,8.0
exp1_empty_1,1174,477.4913635253906,2.269371509552002,0.5733279585838318,1.0,0.0,7.0
exp1_empty_1,1175,562.4441528320312,1.8719162940979004,0.5036265850067139,1.0,0.0,18.0
exp1_empty_1,1176,525.765380859375,2.39886474609375,0.5095869302749634,1.0,0.0,10.0
exp1_empty_1,1177,526.1716918945312,1.9017064571380615,0.5870111584663391,1.0,0.0,16.0
exp1_empty_1,1178,527.0300903320312,1.0729824304580688,0.20888318121433258,1.0,0.0,24.0
exp1_empty_1,1179,409.2732238769531,1.0725758075714111,0.8503459692001343,1.0,0.0,11.0
exp1_empty_1,1181,593.1953735351562,2.3442187309265137,0.27172788977622986,1.0,0.0,14.0
exp1_empty_1,1182,503.4412841796875,2.624307155609131,0.4086434245109558,1.0,0.0,7.0
exp1_empty_1,1183,480.41461181640625,1.3696560859680176,0.6544302105903625,1.0,0.0,15.0
exp1_empty_1,1184,512.759521484375,1.4360523223876953,0.33845213055610657,1.0,0.0,15.0
exp1_empty_1,1185,467.2803649902344,1.6199982166290283,0.5784552097320557,1.0,0.0,8.0
exp1_empty_1,1186,446.8818664550781,1.440022587776184,0.27340826392173767,1.0,0.0,6.0
exp1_empty_1,1187,660.916259765625,2.6367642879486084,0.26375821232795715,1.0,0.0,17.0
exp1_empty_1,1188,592.2535400390625,1.8663922548294067,0.36852240562438965,1.0,0.0,19.0
exp1_empty_1,1189,462.13531494140625,2.252377510070801,0.4676901400089264,1.0,0.0,5.0
exp1_empty_1,1190,485.54248046875,2.2333931922912598,0.39445874094963074,1.0,0.0,7.0
exp1_empty_1,1191,621.3162231445312,1.4460867643356323,0.30273717641830444,1.0,0.0,31.0
exp1_empty_1,1192,590.0050659179688,1.9576683044433594,0.35185062885284424,1.0,0.0,18.0
exp1_empty_1,1193,492.60272216796875,2.0859427452087402,0.4415926933288574,1.0,0.0,8.0
exp1_empty_1,1194,649.480712890625,2.3834924697875977,0.2428554743528366,1.0,0.0,18.0
exp1_empty_1,1195,459.4629821777344,1.8434334993362427,0.6868826150894165,1.0,0.0,7.0
exp1_empty_1,1196,528.8876953125,3.5440118312835693,0.16817910969257355,1.0,0.0,6.0
exp1_empty_1,1197,616.6114501953125,2.4767873287200928,0.31253325939178467,1.0,0.0,15.0
exp1_empty_1,1198,615.5724487304688,2.0059266090393066,0.48293060064315796,1.0,0.0,21.0
exp1_empty_1,1199,485.7373046875,1.5430030822753906,0.6364220380783081,1.0,0.0,14.0
exp1_empty_1,1201,548.0892333984375,2.4942893981933594,0.42254266142845154,1.0,0.0,11.0
exp1_empty_1,1202,497.81317138671875,1.702208161354065,0.16939809918403625,1.0,0.0,10.0
exp1_empty_1,1203,650.828125,2.3500723838806152,0.3925243616104126,1.0,0.0,20.0
exp1_empty_1,1204,434.6688537597656,1.3309639692306519,0.7363905310630798,1.0,0.0,12.0
exp1_empty_1,1205,566.705810546875,2.779761552810669,0.4038501977920532,1.0,0.0,11.0
exp1_empty_1,1206,535.9805908203125,2.590193271636963,0.4491172432899475,1.0,0.0,10.0
exp1_empty_1,1207,490.4217529296875,1.6948875188827515,0.693062424659729,1.0,0.0,15.0
exp1_empty_1,1208,520.3187255859375,1.77101469039917,0.6692611575126648,1.0,0.0,16.0
exp1_empty_1,1209,685.6180419921875,3.1079277992248535,0.3162747025489807,1.0,0.0,16.0
exp1_empty_1,1210,478.3765869140625,1.797269582748413,0.64065021276474,1.0,0.0,10.0
exp1_empty_1,1211,408.4166564941406,0.9322547316551208,0.7934480905532837,1.0,0.0,14.0
exp1_empty_1,1212,458.1432189941406,1.8724855184555054,0.6964044570922852,1.0,0.0,7.0
exp1_empty_1,1213,544.3864135742188,2.345012903213501,0.4174994230270386,1.0,0.0,11.0
exp1_empty_1,1214,453.3697204589844,2.054537534713745,0.6886146664619446,1.0,0.0,5.0
exp1_empty_1,1215,503.42767333984375,1.820354700088501,0.6915518641471863,1.0,0.0,15.0
exp1_empty_1,1216,642.2252197265625,2.0904488563537598,0.4498152732849121,1.0,0.0,22.0
exp1_empty_1,1217,508.7564697265625,1.677491307258606,0.6266587972640991,1.0,0.0,15.0
exp1_empty_1,1218,670.7526245117188,3.236203908920288,0.21818646788597107,1.0,0.0,14.0
exp1_empty_1,1219,408.9643859863281,1.1020563840866089,0.8556978702545166,1.0,0.0,12.0
exp1_empty_1,1221,655.2611083984375,2.1869890689849854,0.4303344786167145,1.0,0.0,22.0
exp1_empty_1,1222,477.858642578125,2.265299081802368,0.4227438271045685,1.0,0.0,6.0
exp1_empty_1,1223,517.0035400390625,2.041597604751587,0.27327609062194824,1.0,0.0,10.0
exp1_empty_1,1224,486.3097839355469,1.7481932640075684,0.3728331923484802,1.0,0.0,9.0
exp1_empty_1,1225,466.1966857910156,1.3672670125961304,0.44688931107521057,1.0,0.0,11.0
exp1_empty_1,1226,523.3296508789062,2.41483211517334,0.38804250955581665,1.0,0.0,9.0
exp1_empty_1,1227,498.821044921875,2.1910929679870605,0.5158462524414062,1.0,0.0,9.0
exp1_empty_1,1228,695.1734619140625,2.251438856124878,0.3896424472332001,1.0,0.0,24.0
exp1_empty_1,1229,497.04180908203125,1.0624638795852661,0.43459466099739075,1.0,0.0,24.0
exp1_empty_1,1230,497.13922119140625,1.5278382301330566,0.5950043201446533,1.0,0.0,15.0
exp1_empty_1,1231,548.28466796875,1.674439549446106,0.5329328179359436,1.0,0.0,19.0
exp1_empty_1,1232,572.874267578125,1.3232152462005615,0.39109355211257935,1.0,0.0,29.0
exp1_empty_1,1233,501.71929931640625,1.6069568395614624,0.638209879398346,1.0,0.0,17.0
exp1_empty_1,1234,548.5885009765625,2.5445778369903564,0.22820448875427246,1.0,0.0,10.0
exp1_empty_1,1235,520.7860107421875,1.2152271270751953,0.4800851345062256,1.0,0.0,24.0
exp1_empty_1,1236,544.15576171875,2.8765363693237305,0.3765181303024292,1.0,0.0,9.0
exp1_empty_1,1237,548.009521484375,2.723781108856201,0.1993233561515808,1.0,0.0,9.0
exp1_empty_1,1238,441.36370849609375,1.524122953414917,0.7680497765541077,1.0,0.0,7.0
exp1_empty_1,1239,465.1954040527344,0.9940329194068909,0.5103116035461426,1.0,0.0,21.0
exp1_empty_1,1241,646.2099609375,2.551802396774292,0.31725069880485535,1.0,0.0,17.0
exp1_empty_1,1242,514.25830078125,2.305285930633545,0.41603851318359375,1.0,0.0,9.0
exp1_empty_1,1243,499.0758361816406,2.555072784423828,0.34511759877204895,1.0,0.0,7.0
exp1_empty_1,1244,556.21630859375,2.116504430770874,0.2364036589860916,1.0,0.0,14.0
exp1_empty_1,1245,512.1688232421875,1.6303983926773071,0.47842347621917725,1.0,0.0,26.0
exp1_empty_1,1246,654.8336181640625,3.76076602935791,0.15610280632972717,1.0,0.0,11.0
exp1_empty_1,1247,500.9313049316406,2.3651480674743652,0.5818631649017334,1.0,0.0,9.0
exp1_empty_1,1248,461.5762939453125,1.1251024007797241,0.33634153008461,1.0,0.0,12.0
exp1_empty_1,1249,480.45208740234375,1.560526728630066,0.7056279182434082,1.0,0.0,14.0
exp1_empty_1,1250,509.4598083496094,2.5926523208618164,0.5219799280166626,1.0,0.0,8.0
exp1_empty_1,1251,469.4782409667969,1.3963334560394287,0.7427106499671936,1.0,0.0,15.0
exp1_empty_1,1252,461.6311950683594,2.115135669708252,0.6447828412055969,1.0,0.0,6.0
exp1_empty_1,1253,512.9739379882812,2.2035531997680664,0.39977210760116577,1.0,0.0,9.0
exp1_empty_1,1254,463.36651611328125,1.427704095840454,0.7136902213096619,1.0,0.0,14.0
exp1_empty_1,1255,560.8939208984375,1.8451814651489258,0.5027004480361938,1.0,0.0,20.0
exp1_empty_1,1256,596.5478515625,3.5877084732055664,0.16066156327724457,1.0,0.0,9.0
exp1_empty_1,1257,498.44158935546875,1.755374789237976,0.46408262848854065,1.0,0.0,12.0
exp1_empty_1,1258,455.54150390625,1.955510139465332,0.5532587170600891,1.0,0.0,6.0
exp1_empty_1,1259,474.42852783203125,2.1872003078460693,0.4612710773944855,1.0,0.0,6.0
exp1_empty_1,1261,699.9632568359375,3.059382677078247,0.28971752524375916,1.0,0.0,17.0
exp1_empty_1,1262,574.9862060546875,2.2106800079345703,0.35769960284233093,1.0,0.0,14.0
exp1_empty_1,1263,458.6527404785156,2.174128770828247,0.6303820013999939,1.0,0.0,6.0
exp1_empty_1,1264,537.6362915039062,1.8963966369628906,0.4060869812965393,1.0,0.0,14.0
exp1_empty_1,1265,522.0784912109375,1.8777809143066406,0.6142739653587341,1.0,0.0,14.0
exp1_empty_1,1266,585.880126953125,3.1978280544281006,0.31015849113464355,1.0,0.0,10.0
exp1_empty_1,1267,535.056884765625,2.0077292919158936,0.6100291013717651,1.0,0.0,18.0
exp1_empty_1,1268,518.470947265625,1.9524693489074707,0.3358258605003357,1.0,0.0,11.0
exp1_empty_1,1269,520.8677978515625,2.0594658851623535,0.45280739665031433,1.0,0.0,11.0
exp1_empty_1,1270,476.71759033203125,1.8951293230056763,0.630892813205719,1.0,0.0,9.0
exp1_empty_1,1271,577.2127685546875,2.10080623626709,0.43390223383903503,1.0,0.0,16.0
exp1_empty_1,1272,531.7685546875,2.673715829849243,0.413678914308548,1.0,0.0,9.0
exp1_empty_1,1273,418.26385498046875,0.9592004418373108,0.8364853262901306,1.0,0.0,12.0
exp1_empty_1,1274,531.1119384765625,2.0959463119506836,0.33722636103630066,1.0,0.0,11.0
exp1_empty_1,1275,567.207763671875,1.7712534666061401,0.5788047313690186,1.0,0.0,21.0
exp1_empty_1,1276,536.4573364257812,2.775141954421997,0.22999286651611328,1.0,0.0,9.0
exp1_empty_1,1277,518.1195678710938,2.598616123199463,0.485771507024765,1.0,0.0,9.0
exp1_empty_1,1278,449.9943542480469,1.3031212091445923,0.5213167071342468,1.0,0.0,17.0
exp1_empty_1,1279,604.5228881835938,1.5120548009872437,0.3848103880882263,1.0,0.0,28.0
exp1_empty_1,1281,565.9871826171875,3.0657410621643066,0.2703985869884491,1.0,0.0,9.0
exp1_empty_1,1282,476.8611755371094,1.3113353252410889,0.7904701232910156,1.0,0.0,21.0
exp1_empty_1,1283,605.8973388671875,2.202756404876709,0.1032773107290268,1.0,0.0,18.0
exp1_empty_1,1284,614.9492797851562,1.9697461128234863,0.542165994644165,1.0,0.0,22.0
exp1_empty_1,1285,481.3455810546875,1.6749545335769653,0.7250819206237793,1.0,0.0,14.0
exp1_empty_1,1286,503.1390380859375,2.897122383117676,0.4188275635242462,1.0,0.0,6.0
exp1_empty_1,1287,599.1890258789062,3.0211222171783447,0.38428807258605957,1.0,0.0,12.0
exp1_empty_1,1288,630.3846435546875,2.775973320007324,0.3941076397895813,1.0,0.0,15.0
exp1_empty_1,1289,620.7266845703125,2.4683477878570557,0.36054906249046326,1.0,0.0,16.0
exp1_empty_1,1290,512.0476684570312,1.6591708660125732,0.6431313753128052,1.0,0.0,15.0
exp1_empty_1,1291,459.15789794921875,2.412158489227295,0.6435182094573975,1.0,0.0,5.0
exp1_empty_1,1292,496.0972595214844,2.085519313812256,0.6227961778640747,1.0,0.0,10.0
exp1_empty_1,1293,667.9664306640625,2.0608978271484375,0.21414418518543243,1.0,0.0,23.0
exp1_empty_1,1294,494.3647155761719,2.14920973777771,0.47795772552490234,1.0,0.0,8.0
exp1_empty_1,1295,395.8785705566406,0.9188523292541504,0.8658488392829895,1.0,0.0,19.0
exp1_empty_1,1296,445.72259521484375,1.8475370407104492,0.7350277900695801,1.0,0.0,6.0
exp1_empty_1,1297,476.8353271484375,1.9431790113449097,0.5918859243392944,1.0,0.0,8.0
exp1_empty_1,1298,616.7945556640625,2.388414144515991,0.3529868423938751,1.0,0.0,16.0
exp1_empty_1,1299,456.9350891113281,3.1106224060058594,0.22231896221637726,1.0,0.0,3.0
exp1_empty_1,1301,499.6867980957031,1.9180629253387451,0.5244604349136353,1.0,0.0,10.0
exp1_empty_1,1302,446.9492492675781,1.7650130987167358,0.6276087760925293,1.0,0.0,5.0
exp1_empty_1,1303,463.0489501953125,0.9247614741325378,0.25214970111846924,1.0,0.0,15.0
exp1_empty_1,1304,455.9299011230469,1.7332992553710938,0.4186234176158905,1.0,0.0,6.0
exp1_empty_1,1305,561.7943115234375,2.0074782371520996,0.26083147525787354,1.0,0.0,14.0
exp1_empty_1,1306,694.105224609375,3.0969836711883545,0.33243364095687866,1.0,0.0,16.0
exp1_empty_1,1307,563.3701171875,2.157327175140381,0.3729843199253082,1.0,0.0,14.0
exp1_empty_1,1308,453.1380615234375,1.9894565343856812,0.5410594344139099,1.0,0.0,5.0
exp1_empty_1,1309,617.6094970703125,2.4179272651672363,0.18990381062030792,1.0,0.0,15.0
exp1_empty_1,1310,544.03271484375,1.9850362539291382,0.639033854007721,1.0,0.0,16.0
exp1_empty_1,1311,462.31121826171875,1.5443954467773438,0.40971100330352783,1.0,0.0,8.0
exp1_empty_1,1312,588.80419921875,2.182023763656616,0.5127139687538147,1.0,0.0,18.0
exp1_empty_1,1313,462.87451171875,1.801389455795288,0.6825210452079773,1.0,0.0,9.0
exp1_empty_1,1314,730.2135009765625,3.9413974285125732,0.16886328160762787,1.0,0.0,14.0
exp1_empty_1,1315,441.5860900878906,1.438562035560608,0.7795603275299072,1.0,0.0,8.0
exp1_empty_1,1316,503.0174865722656,1.5555644035339355,0.6124660968780518,1.0,0.0,16.0
exp1_empty_1,1317,448.4754638671875,2.13393235206604,0.5136470794677734,1.0,0.0,4.0
exp1_empty_1,1318,528.5435791015625,2.5850133895874023,0.42916372418403625,1.0,0.0,9.0
exp1_empty_1,1319,488.20172119140625,1.7529054880142212,0.45353150367736816,1.0,0.0,10.0
exp1_empty_1,1321,436.9792785644531,1.5383673906326294,0.7468743920326233,1.0,0.0,6.0
exp1_empty_1,1322,618.129150390625,2.607191562652588,0.32565194368362427,1.0,0.0,15.0
exp1_empty_1,1323,577.0471801757812,1.6786452531814575,0.20958209037780762,1.0,0.0,22.0
exp1_empty_1,1324,584.82861328125,2.131537437438965,0.5404284000396729,1.0,0.0,18.0
exp1_empty_1,1325,468.8011779785156,1.3103277683258057,0.8112041354179382,1.0,0.0,20.0
exp1_empty_1,1326,441.7282409667969,1.4658117294311523,0.8479628562927246,1.0,0.0,12.0
exp1_empty_1,1327,521.65966796875,1.9472582340240479,0.6402683258056641,1.0,0.0,16.0
exp1_empty_1,1328,692.5257568359375,2.6910622119903564,0.35944101214408875,1.0,0.0,19.0
exp1_empty_1,1329,497.0204162597656,1.473968267440796,0.8132600784301758,1.0,0.0,20.0
exp1_empty_1,1330,641.3824462890625,3.565917730331421,0.22051464021205902,1.0,0.0,11.0
exp1_empty_1,1331,637.2643432617188,2.5744130611419678,0.389596164226532,1.0,0.0,17.0
exp1_empty_1,1332,440.8023376464844,1.5003515481948853,0.5292266011238098,1.0,0.0,6.0
exp1_empty_1,1333,601.2279052734375,3.6225171089172363,0.13808317482471466,1.0,0.0,9.0
exp1_empty_1,1334,606.0406494140625,2.9833343029022217,0.12592320144176483,1.0,0.0,15.0
exp1_empty_1,1335,407.21588134765625,0.8423572778701782,0.8884844183921814,1.0,0.0,11.0
exp1_empty_1,1336,443.719970703125,3.6729750633239746,0.4032096862792969,1.0,0.0,2.0
exp1_empty_1,1337,446.10675048828125,1.3580647706985474,0.8039391040802002,1.0,0.0,11.0
exp1_empty_1,1338,631.4781494140625,2.9312870502471924,0.3546881079673767,1.0,0.0,14.0
exp1_empty_1,1339,551.1590576171875,1.9185847043991089,0.45486563444137573,1.0,0.0,15.0
exp1_empty_1,1341,518.9263916015625,1.9535011053085327,0.7083181738853455,1.0,0.0,15.0
exp1_empty_1,1342,426.2418518066406,1.1064764261245728,0.6930000185966492,1.0,0.0,9.0
exp1_empty_1,1343,494.8087463378906,3.1497719287872314,0.44936075806617737,1.0,0.0,5.0
exp1_empty_1,1344,616.6761474609375,3.0177087783813477,0.3131162226200104,1.0,0.0,12.0
exp1_empty_1,1345,539.7473754882812,1.6179749965667725,0.6808158159255981,1.0,0.0,26.0
exp1_empty_1,1346,656.7821044921875,2.7928476333618164,0.1578332781791687,1.0,0.0,15.0
exp1_empty_1,1347,542.3522338867188,2.328171730041504,0.599343478679657,1.0,0.0,12.0
exp1_empty_1,1348,514.7880249023438,1.5658867359161377,0.3724071979522705,1.0,0.0,14.0
exp1_empty_1,1349,404.9886779785156,1.0370358228683472,1.0000404119491577,1.0,0.0,3.0
exp1_empty_1,1350,595.4371337890625,2.9470436573028564,0.24290217459201813,1.0,0.0,11.0
exp1_empty_1,1351,509.5821838378906,1.5517717599868774,0.6402889490127563,1.0,0.0,16.0
exp1_empty_1,1352,459.6604919433594,1.714763879776001,0.6578609943389893,1.0,0.0,9.0
exp1_empty_1,1353,410.5597229003906,1.1590443849563599,0.6992743015289307,1.0,0.0,6.0
exp1_empty_1,1354,422.14764404296875,0.7535670399665833,0.5160017013549805,1.0,0.0,9.0
exp1_empty_1,1355,465.8473205566406,1.5271896123886108,0.7664849758148193,1.0,0.0,12.0
exp1_empty_1,1356,534.9823608398438,2.600451946258545,0.41902390122413635,1.0,0.0,9.0
exp1_empty_1,1357,533.612548828125,2.5698766708374023,0.41420766711235046,1.0,0.0,9.0
exp1_empty_1,1358,394.01922607421875,0.7806404232978821,0.9652773141860962,1.0,0.0,10.0
exp1_empty_1,1359,515.336669921875,1.2948166131973267,0.545525074005127,1.0,0.0,21.0
exp1_empty_1,1361,497.4522705078125,2.160038709640503,0.6577264666557312,1.0,0.0,10.0
exp1_empty_1,1362,464.69287109375,1.8218153715133667,0.7397488355636597,1.0,0.0,8.0
exp1_empty_1,1363,684.30419921875,1.6189441680908203,0.3889639973640442,1.0,0.0,39.0
exp1_empty_1,1364,461.99652099609375,1.4915984869003296,0.7143498063087463,1.0,0.0,12.0
exp1_empty_1,1365,514.8128662109375,1.697705864906311,0.37027743458747864,1.0,0.0,14.0
exp1_empty_1,1366,543.3080444335938,2.4984540939331055,0.34009405970573425,1.0,0.0,10.0
exp1_empty_1,1367,424.85894775390625,1.2632707357406616,0.7843089699745178,1.0,0.0,12.0
exp1_empty_1,1368,426.991943359375,1.3065983057022095,0.747360110282898,1.0,0.0,5.0
exp1_empty_1,1369,505.079345703125,1.1808182001113892,0.2711266279220581,1.0,0.0,18.0
exp1_empty_1,1370,515.8499755859375,1.9927936792373657,0.16426095366477966,1.0,0.0,10.0
exp1_empty_1,1371,496.6318359375,1.7675316333770752,0.343628853559494,1.0,0.0,10.0
exp1_empty_1,1372,395.9115905761719,0.8423463702201843,0.8847846388816833,1.0,0.0,12.0
exp1_empty_1,1373,373.7308044433594,0.6613207459449768,0.2651567757129669,1.0,0.0,23.0
exp1_empty_1,1374,493.89373779296875,1.5099785327911377,0.6988992691040039,1.0,0.0,15.0
exp1_empty_1,1375,469.2979736328125,1.513985276222229,0.7628566026687622,1.0,0.0,13.0
exp1_empty_1,1376,418.29437255859375,0.9957572221755981,0.7948514223098755,1.0,0.0,8.0
exp1_empty_1,1377,426.0639343261719,1.5204415321350098,0.8418323993682861,1.0,0.0,6.0
exp1_empty_1,1378,670.9111328125,3.3715171813964844,0.3361496329307556,1.0,0.0,14.0
exp1_empty_1,1379,506.650634765625,1.9631932973861694,0.4452146589756012,1.0,0.0,10.0
exp1_empty_1,1381,476.5667724609375,2.1441519260406494,0.5763491988182068,1.0,0.0,7.0
exp1_empty_1,1382,485.18804931640625,1.9151520729064941,0.6160222887992859,1.0,0.0,9.0
exp1_empty_1,1383,536.7686767578125,2.35598087310791,0.4530735909938812,1.0,0.0,11.0
exp1_empty_1,1384,410.0733337402344,0.9922471642494202,0.9275890588760376,1.0,0.0,11.0
exp1_empty_1,1385,554.931640625,1.6581072807312012,0.6851932406425476,1.0,0.0,24.0
exp1_empty_1,1386,480.48577880859375,2.229135751724243,0.49711042642593384,1.0,0.0,7.0
exp1_empty_1,1387,629.093017578125,3.2399826049804688,0.3817213475704193,1.0,0.0,13.0
exp1_empty_1,1388,443.22711181640625,1.5607988834381104,0.7802075147628784,1.0,0.0,7.0
exp1_empty_1,1389,451.9693298339844,1.5479588508605957,0.8381106853485107,1.0,0.0,12.0
exp1_empty_1,1390,517.097412109375,1.6205613613128662,0.6511484980583191,1.0,0.0,17.0
exp1_empty_1,1391,444.9266662597656,1.4493930339813232,0.8458693027496338,1.0,0.0,11.0
exp1_empty_1,1392,518.7060546875,1.5225379467010498,0.7253183722496033,1.0,0.0,22.0
exp1_empty_1,1393,486.1571044921875,2.5329220294952393,0.5972887277603149,1.0,0.0,7.0
exp1_empty_1,1394,518.1911010742188,2.1869943141937256,0.4327208399772644,1.0,0.0,10.0
exp1_empty_1,1395,576.767822265625,1.952337384223938,0.40117910504341125,1.0,0.0,17.0
exp1_empty_1,1396,417.48077392578125,1.294858694076538,0.8352978825569153,1.0,0.0,5.0
exp1_empty_1,1397,401.65478515625,1.871259331703186,0.06582530587911606,1.0,0.0,3.0
exp1_empty_1,1398,462.75335693359375,1.2272812128067017,0.7613251805305481,1.0,0.0,18.0
exp1_empty_1,1399,509.28143310546875,1.4716451168060303,0.1830064356327057,1.0,0.0,14.0
exp1_empty_1,1401,443.8251037597656,1.8609216213226318,0.8373299241065979,1.0,0.0,7.0
exp1_empty_1,1402,549.7557373046875,2.9037153720855713,0.5060791969299316,1.0,0.0,10.0
exp1_empty_1,1403,436.4676513671875,1.1304386854171753,0.8542804718017578,1.0,0.0,12.0
exp1_empty_1,1404,493.8565673828125,1.9079539775848389,0.7422646880149841,1.0,0.0,13.0
exp1_empty_1,1405,577.3977661132812,2.3600337505340576,0.3574190139770508,1.0,0.0,14.0
exp1_empty_1,1406,541.328857421875,1.9710932970046997,0.7221152186393738,1.0,0.0,17.0
exp1_empty_1,1407,546.930908203125,3.0744900703430176,0.4142168164253235,1.0,0.0,8.0
exp1_empty_1,1408,438.1337585449219,1.2670201063156128,0.9079414010047913,1.0,0.0,14.0
exp1_empty_1,1409,526.0985107421875,2.178760528564453,0.575049102306366,1.0,0.0,12.0
exp1_empty_1,1410,562.8212280273438,1.7246185541152954,0.7285008430480957,1.0,0.0,24.0
exp1_empty_1,1411,587.8829345703125,2.243485927581787,0.6534477472305298,1.0,0.0,19.0
exp1_empty_1,1412,425.6697692871094,1.2452489137649536,0.8861246109008789,1.0,0.0,12.0
exp1_empty_1,1413,482.44622802734375,1.149005651473999,0.8003356456756592,1.0,0.0,29.0
exp1_empty_1,1414,525.5615234375,2.9817192554473877,0.5578114986419678,1.0,0.0,8.0
exp1_empty_1,1415,462.14447021484375,1.2573045492172241,0.8223728537559509,1.0,0.0,23.0
exp1_empty_1,1416,613.0216674804688,3.5037190914154053,0.3308090269565582,1.0,0.0,11.0
exp1_empty_1,1417,540.9666137695312,2.996394634246826,0.5236292481422424,1.0,0.0,9.0
exp1_empty_1,1418,518.6356811523438,2.6654303073883057,0.5555040240287781,1.0,0.0,9.0
exp1_empty_1,1419,625.7252197265625,2.243786573410034,0.2770911455154419,1.0,0.0,18.0
exp1_empty_1,1421,501.0287780761719,2.5304343700408936,0.5142505764961243,1.0,0.0,8.0
exp1_empty_1,1422,719.826904296875,3.0595948696136475,0.1615351289510727,1.0,0.0,18.0
exp1_empty_1,1423,540.54443359375,2.0391461849212646,0.6338739395141602,1.0,0.0,15.0
exp1_empty_1,1424,637.5042114257812,2.281970739364624,0.5747528672218323,1.0,0.0,22.0
exp1_empty_1,1425,575.202880859375,2.77604603767395,0.5121487975120544,1.0,0.0,12.0
exp1_empty_1,1426,513.119873046875,1.861335277557373,0.34584662318229675,1.0,0.0,11.0
exp1_empty_1,1427,457.39794921875,1.6056218147277832,0.6975879669189453,1.0,0.0,8.0
exp1_empty_1,1428,605.152099609375,3.153576612472534,0.30534374713897705,1.0,0.0,11.0
exp1_empty_1,1429,581.9295654296875,2.0445120334625244,0.5973845720291138,1.0,0.0,18.0
exp1_empty_1,1430,460.6425476074219,2.328946828842163,0.6703782677650452,1.0,0.0,6.0
exp1_empty_1,1431,442.89593505859375,1.5280324220657349,0.7821136713027954,1.0,0.0,9.0
exp1_empty_1,1432,509.5018310546875,1.6906474828720093,0.31452301144599915,1.0,0.0,12.0
exp1_empty_1,1433,696.3078002929688,3.23708438873291,0.2663581669330597,1.0,0.0,15.0
exp1_empty_1,1434,629.3541870117188,3.5365095138549805,0.31793686747550964,1.0,0.0,11.0
exp1_empty_1,1435,538.2017211914062,2.9059126377105713,0.5124185681343079,1.0,0.0,9.0
exp1_empty_1,1436,545.2799072265625,2.3807599544525146,0.3809185326099396,1.0,0.0,11.0
exp1_empty_1,1437,466.8568115234375,1.5401325225830078,0.7498580813407898,1.0,0.0,11.0
exp1_empty_1,1438,481.81427001953125,1.3113118410110474,0.628258228302002,1.0,0.0,17.0
exp1_empty_1,1439,541.4216918945312,2.6913962364196777,0.5121319890022278,1.0,0.0,10.0
exp1_empty_1,1441,479.5425720214844,2.316685199737549,0.6064942479133606,1.0,0.0,7.0
exp1_empty_1,1442,630.7064208984375,1.6495615243911743,0.2108757048845291,1.0,0.0,29.0
exp1_empty_1,1443,603.2726440429688,2.814167022705078,0.26246026158332825,1.0,0.0,12.0
exp1_empty_1,1444,431.19293212890625,1.2372052669525146,0.8075931668281555,1.0,0.0,10.0
exp1_empty_1,1445,606.7293701171875,1.1675870418548584,0.34055671095848083,1.0,0.0,41.0
exp1_empty_1,1446,417.1304931640625,0.9811878800392151,0.8563103079795837,1.0,0.0,7.0
exp1_empty_1,1447,390.1020202636719,0.675032913684845,0.9758687615394592,1.0,0.0,12.0
exp1_empty_1,1448,451.2973937988281,1.2192412614822388,0.768670916557312,1.0,0.0,14.0
exp1_empty_1,1449,539.7207641601562,1.9032224416732788,0.6213136911392212,1.0,0.0,17.0
exp1_empty_1,1450,476.73382568359375,1.7953261137008667,0.7580776214599609,1.0,0.0,13.0
exp1_empty_1,1451,659.4901123046875,1.7741650342941284,0.535135805606842,1.0,0.0,32.0
exp1_empty_1,1452,619.8837890625,1.5678741931915283,0.3548678159713745,1.0,0.0,32.0
exp1_empty_1,1453,500.0049743652344,2.334866523742676,0.5470849871635437,1.0,0.0,9.0
exp1_empty_1,1454,419.5275573730469,0.8250231146812439,0.6812747716903687,1.0,0.0,15.0
exp1_empty_1,1455,446.30389404296875,1.5049525499343872,0.5811766386032104,1.0,0.0,7.0
exp1_empty_1,1456,601.2229614257812,2.6091673374176025,0.43981119990348816,1.0,0.0,14.0
exp1_empty_1,1457,419.9730529785156,3.312800884246826,0.6840405464172363,1.0,0.0,1.0
exp1_empty_1,1458,656.108642578125,2.714155673980713,0.4184308350086212,1.0,0.0,17.0
exp1_empty_1,1459,564.5504150390625,2.991938591003418,0.40120673179626465,1.0,0.0,10.0
exp1_empty_1,1461,502.31170654296875,1.732397198677063,0.28891417384147644,1.0,0.0,11.0
exp1_empty_1,1462,478.6540832519531,1.8061274290084839,0.7443079352378845,1.0,0.0,11.0
exp1_empty_1,1463,511.62591552734375,2.268794536590576,0.553589940071106,1.0,0.0,9.0
exp1_empty_1,1464,451.4571533203125,1.831459879875183,0.8254889845848083,1.0,0.0,8.0
exp1_empty_1,1465,533.4385375976562,1.5292847156524658,0.45064473152160645,1.0,0.0,21.0
exp1_empty_1,1466,468.69989013671875,2.4201412200927734,0.6319594383239746,1.0,0.0,6.0
exp1_empty_1,1467,579.4736328125,2.8012611865997314,0.23358748853206635,1.0,0.0,11.0
exp1_empty_1,1468,598.2235717773438,2.3052315711975098,0.6435578465461731,1.0,0.0,19.0
exp1_empty_1,1469,713.24755859375,2.150000810623169,0.22247225046157837,1.0,0.0,25.0
exp1_empty_1,1470,594.4579467773438,2.8921751976013184,0.174318328499794,1.0,0.0,11.0
exp1_empty_1,1471,395.4273681640625,0.2745422124862671,0.9934611916542053,1.0,0.0,3.0
exp1_empty_1,1472,722.887939453125,3.384916067123413,0.1457200050354004,1.0,0.0,16.0
exp1_empty_1,1473,417.4933776855469,1.0477710962295532,0.7687594294548035,1.0,0.0,5.0
exp1_empty_1,1474,527.9144897460938,3.2208797931671143,0.380411297082901,1.0,0.0,7.0
exp1_empty_1,1475,482.7648010253906,1.4425921440124512,0.6100811958312988,1.0,0.0,17.0
exp1_empty_1,1476,414.77752685546875,1.2261615991592407,0.9132702946662903,1.0,0.0,10.0
exp1_empty_1,1477,598.427001953125,2.9484474658966064,0.4119582176208496,1.0,0.0,12.0
exp1_empty_1,1478,507.09442138671875,2.2708067893981934,0.6155293583869934,1.0,0.0,10.0
exp1_empty_1,1479,426.2451477050781,1.4503997564315796,0.824841320514679,1.0,0.0,11.0
exp1_empty_1,1481,598.2738037109375,1.6744391918182373,0.2436446100473404,1.0,0.0,23.0
exp1_empty_1,1482,461.7971496582031,2.2051804065704346,0.7448170781135559,1.0,0.0,6.0
exp1_empty_1,1483,471.25848388671875,2.053908109664917,0.25724396109580994,1.0,0.0,6.0
exp1_empty_1,1484,446.7617492675781,1.7407832145690918,0.8128015995025635,1.0,0.0,8.0
exp1_empty_1,1485,546.1200561523438,1.9053242206573486,0.5947763919830322,1.0,0.0,16.0
exp1_empty_1,1486,689.2551879882812,3.6110947132110596,0.3376317620277405,1.0,0.0,14.0
exp1_empty_1,1487,452.36297607421875,2.1046860218048096,0.4887467920780182,1.0,0.0,5.0
exp1_empty_1,1488,494.866455078125,2.4483120441436768,0.5187598466873169,1.0,0.0,7.0
exp1_empty_1,1489,658.4207763671875,3.3386294841766357,0.14953289926052094,1.0,0.0,13.0
exp1_empty_1,1490,600.448486328125,2.43495774269104,0.265663206577301,1.0,0.0,14.0
exp1_empty_1,1491,719.7163696289062,3.1093289852142334,0.24340298771858215,1.0,0.0,17.0
exp1_empty_1,1492,459.720703125,2.6852262020111084,0.43588122725486755,1.0,0.0,4.0
exp1_empty_1,1493,395.0830078125,0.8295336365699768,0.9563504457473755,1.0,0.0,19.0
exp1_empty_1,1494,442.3852844238281,1.6307463645935059,0.8414826393127441,1.0,0.0,8.0
exp1_empty_1,1495,399.1287536621094,0.7490003108978271,0.8487932682037354,1.0,0.0,18.0
exp1_empty_1,1496,493.5750427246094,1.857692837715149,0.7597013115882874,1.0,0.0,14.0
exp1_empty_1,1497,563.2676391601562,3.434166669845581,0.32827141880989075,1.0,0.0,8.0
exp1_empty_1,1498,468.6658935546875,3.0273401737213135,0.490936815738678,1.0,0.0,4.0
exp1_empty_1,1499,400.413818359375,2.249406576156616,0.15628378093242645,1.0,0.0,1.0
exp1_empty_1,1501,395.0008239746094,0.7460159063339233,0.9704355597496033,1.0,0.0,9.0
exp1_empty_1,1502,640.3723754882812,3.7031824588775635,0.2788847088813782,1.0,0.0,11.0
exp1_empty_1,1503,510.1083679199219,2.5290935039520264,0.4950443506240845,1.0,0.0,9.0
exp1_empty_1,1504,480.3111267089844,1.3681697845458984,0.29515498876571655,1.0,0.0,13.0
exp1_empty_1,1505,500.5061950683594,1.9604445695877075,0.23557718098163605,1.0,0.0,9.0
exp1_empty_1,1506,468.41156005859375,1.305023431777954,0.6358727216720581,1.0,0.0,18.0
exp1_empty_1,1507,501.6232604980469,1.729440450668335,0.682824969291687,1.0,0.0,14.0
exp1_empty_1,1508,450.2656555175781,2.059943437576294,0.7539317607879639,1.0,0.0,6.0
exp1_empty_1,1509,402.80224609375,0.8371450304985046,0.9789615869522095,1.0,0.0,5.0
exp1_empty_1,1510,487.3681945800781,2.537155866622925,0.5198761224746704,1.0,0.0,7.0
exp1_empty_1,1511,508.86016845703125,2.40315842628479,0.6396000981330872,1.0,0.0,10.0
exp1_empty_1,1512,652.6355590820312,2.4182822704315186,0.320468932390213,1.0,0.0,18.0
exp1_empty_1,1513,668.5292358398438,3.7875843048095703,0.26478031277656555,1.0,0.0,12.0
exp1_empty_1,1514,628.912109375,2.465242385864258,0.5526289939880371,1.0,0.0,19.0
exp1_empty_1,1515,590.54931640625,1.9113441705703735,0.3503551185131073,1.0,0.0,19.0
exp1_empty_1,1516,497.75811767578125,1.7884095907211304,0.7308377623558044,1.0,0.0,13.0
exp1_empty_1,1517,588.3406982421875,1.9664313793182373,0.27933552861213684,1.0,0.0,17.0
exp1_empty_1,1518,567.26318359375,2.034520149230957,0.6146498918533325,1.0,0.0,18.0
exp1_empty_1,1519,545.4410400390625,1.2498714923858643,0.4334491789340973,1.0,0.0,29.0
exp1_empty_1,1521,636.785400390625,2.57193922996521,0.4153095483779907,1.0,0.0,17.0
exp1_empty_1,1522,521.239013671875,3.357193946838379,0.2586199939250946,1.0,0.0,6.0
exp1_empty_1,1523,427.5389404296875,1.6405408382415771,0.8501038551330566,1.0,0.0,5.0
exp1_empty_1,1524,425.5592346191406,1.5969712734222412,0.8306087255477905,1.0,0.0,5.0
exp1_empty_1,1525,564.02978515625,2.995958089828491,0.4191109240055084,1.0,0.0,10.0
exp1_empty_1,1526,412.40203857421875,1.055529236793518,0.669572651386261,1.0,0.0,3.0
exp1_empty_1,1527,453.4002685546875,2.07051157951355,0.8118594288825989,1.0,0.0,6.0
exp1_empty_1,1528,498.699951171875,1.6833925247192383,0.38529840111732483,1.0,0.0,12.0
exp1_empty_1,1529,412.33984375,0.9941157102584839,0.8868520259857178,1.0,0.0,26.0
exp1_empty_1,1530,478.56781005859375,1.4033313989639282,0.3825934827327728,1.0,0.0,12.0
exp1_empty_1,1531,657.976318359375,2.419559955596924,0.5077877044677734,1.0,0.0,20.0
exp1_empty_1,1532,452.38714599609375,1.3324756622314453,0.7031089067459106,1.0,0.0,10.0
exp1_empty_1,1533,526.6007080078125,2.9037251472473145,0.5425743460655212,1.0,0.0,8.0
exp1_empty_1,1534,601.2774047851562,2.501755952835083,0.5302829146385193,1.0,0.0,16.0
exp1_empty_1,1535,583.2359008789062,1.6836283206939697,0.7636640667915344,1.0,0.0,31.0
exp1_empty_1,1536,471.8960266113281,1.7440192699432373,0.7639591693878174,1.0,0.0,11.0
exp1_empty_1,1537,625.6187133789062,3.5441999435424805,0.30375829339027405,1.0,0.0,11.0
exp1_empty_1,1538,496.4146423339844,2.728801727294922,0.4783659279346466,1.0,0.0,6.0
exp1_empty_1,1539,465.3497009277344,2.277998924255371,0.6646390557289124,1.0,0.0,6.0
exp1_empty_1,1541,593.9554443359375,2.7414591312408447,0.3958061933517456,1.0,0.0,12.0
exp1_empty_1,1542,471.16278076171875,3.120124340057373,0.4699697196483612,1.0,0.0,4.0
exp1_empty_1,1543,598.8087158203125,3.023681879043579,0.2633190155029297,1.0,0.0,11.0
exp1_empty_1,1544,626.9228515625,2.2151880264282227,0.223301962018013,1.0,0.0,18.0
exp1_empty_1,1545,553.8522338867188,2.4791910648345947,0.31309425830841064,1.0,0.0,11.0
exp1_empty_1,1546,589.3724365234375,2.1974849700927734,0.5484261512756348,1.0,0.0,18.0
exp1_empty_1,1547,408.6905517578125,0.8814477324485779,0.8697806000709534,1.0,0.0,6.0
exp1_empty_1,1548,489.68994140625,1.2527096271514893,0.23912781476974487,1.0,0.0,21.0
exp1_empty_1,1549,694.0399169921875,3.0959866046905518,0.2856881618499756,1.0,0.0,16.0
exp1_empty_1,1550,488.71258544921875,1.707274079322815,0.3316299319267273,1.0,0.0,10.0
exp1_empty_1,1551,673.3728637695312,2.6182401180267334,0.5439307689666748,1.0,0.0,21.0
exp1_empty_1,1552,683.4387817382812,2.960590124130249,0.3216620683670044,1.0,0.0,16.0
exp1_empty_1,1553,532.8687744140625,2.9508912563323975,0.3607749342918396,1.0,0.0,8.0
exp1_empty_1,1554,513.7266235351562,1.5441550016403198,0.5986664295196533,1.0,0.0,17.0
exp1_empty_1,1555,486.4715270996094,1.5889244079589844,0.7663217782974243,1.0,0.0,16.0
exp1_empty_1,1556,503.6190185546875,2.5323305130004883,0.5555589199066162,1.0,0.0,8.0
exp1_empty_1,1557,595.0892333984375,3.5027050971984863,0.16337716579437256,1.0,0.0,9.0
exp1_empty_1,1558,436.1634521484375,1.5478436946868896,0.8229146599769592,1.0,0.0,7.0
exp1_empty_1,1559,518.3763427734375,1.4659652709960938,0.7177973389625549,1.0,0.0,23.0
exp1_empty_1,1561,418.20428466796875,1.0361628532409668,0.2009572982788086,1.0,0.0,30.0
exp1_empty_1,1562,551.3781127929688,4.09933614730835,0.2772166430950165,1.0,0.0,6.0
exp1_empty_1,1563,450.3182678222656,1.3358548879623413,0.7995197176933289,1.0,0.0,16.0
exp1_empty_1,1564,522.2928466796875,1.9145795106887817,0.6309496164321899,1.0,0.0,14.0
exp1_empty_1,1565,583.9998779296875,3.072364568710327,0.4298427402973175,1.0,0.0,11.0
exp1_empty_1,1566,690.4756469726562,3.871119737625122,0.15842749178409576,1.0,0.0,12.0
exp1_empty_1,1567,544.1697998046875,2.6843924522399902,0.2914172112941742,1.0,0.0,9.0
exp1_empty_1,1568,666.1370849609375,2.5281879901885986,0.5029252767562866,1.0,0.0,20.0
exp1_empty_1,1569,673.5728149414062,2.5227789878845215,0.45055970549583435,1.0,0.0,20.0
exp1_empty_1,1570,472.57427978515625,1.6271551847457886,0.7781959772109985,1.0,0.0,13.0
exp1_empty_1,1571,626.1809692382812,2.2399590015411377,0.1666427105665207,1.0,0.0,17.0
exp1_empty_1,1572,435.3843688964844,1.4409133195877075,0.6181384921073914,1.0,0.0,6.0
exp1_empty_1,1573,475.53448486328125,1.458524227142334,0.4064098298549652,1.0,0.0,10.0
exp1_empty_1,1574,627.64208984375,2.5139620304107666,0.5534250140190125,1.0,0.0,19.0
exp1_empty_1,1575,582.5693359375,3.2897651195526123,0.404338538646698,1.0,0.0,10.0
exp1_empty_1,1576,469.5623779296875,1.7458324432373047,0.7294647097587585,1.0,0.0,14.0
exp1_empty_1,1577,474.83880615234375,2.4336631298065186,0.14283306896686554,1.0,0.0,8.0
exp1_empty_1,1578,519.5908203125,1.2923625707626343,0.7617321014404297,1.0,0.0,34.0
exp1_empty_1,1579,536.67578125,2.1616060733795166,0.32028868794441223,1.0,0.0,11.0
exp1_empty_1,1581,559.8046264648438,2.195997476577759,0.284209281206131,1.0,0.0,13.0
exp1_empty_1,1582,425.7105712890625,1.1774438619613647,0.9047400951385498,1.0,0.0,11.0
exp1_empty_1,1583,590.027099609375,3.3541083335876465,0.3916049301624298,1.0,0.0,10.0
exp1_empty_1,1584,557.6527099609375,1.8251276016235352,0.7339105010032654,1.0,0.0,23.0
exp1_empty_1,1585,595.0159912109375,2.7656383514404297,0.35967135429382324,1.0,0.0,12.0
exp1_empty_1,1586,738.7127685546875,2.946007490158081,0.28828543424606323,1.0,0.0,19.0
exp1_empty_1,1587,455.90301513671875,1.4034249782562256,0.7755773663520813,1.0,0.0,15.0
exp1_empty_1,1588,580.6860961914062,2.9783124923706055,0.49660512804985046,1.0,0.0,11.0
exp1_empty_1,1589,471.72882080078125,1.7722773551940918,0.6877573728561401,1.0,0.0,9.0
exp1_empty_1,1590,699.7442626953125,2.517073154449463,0.270101398229599,1.0,0.0,20.0
exp1_empty_1,1591,609.8159790039062,2.621464490890503,0.5958839654922485,1.0,0.0,17.0
exp1_empty_1,1592,492.3402099609375,1.413011074066162,0.15594042837619781,1.0,0.0,36.0
exp1_empty_1,1593,516.0064086914062,1.5819355249404907,0.7621434926986694,1.0,0.0,22.0
exp1_empty_1,1594,460.1356506347656,1.161233901977539,0.8314977288246155,1.0,0.0,28.0
exp1_empty_1,1595,481.6930847167969,1.3150526285171509,0.7637755274772644,1.0,0.0,20.0
exp1_empty_1,1596,491.64715576171875,2.4400107860565186,0.6660420298576355,1.0,0.0,7.0
exp1_empty_1,1597,579.5162353515625,2.5347959995269775,0.5839129090309143,1.0,0.0,14.0
exp1_empty_1,1598,571.29150390625,3.23787784576416,0.3318357467651367,1.0,0.0,9.0
exp1_empty_1,1599,584.6482543945312,2.0931789875030518,0.4869045913219452,1.0,0.0,17.0
exp1_empty_1,1601,566.7806396484375,1.9221408367156982,0.6320751309394836,1.0,0.0,19.0
exp1_empty_1,1602,727.56298828125,3.4010579586029053,0.27639782428741455,1.0,0.0,16.0
exp1_empty_1,1603,606.2042846679688,2.6768064498901367,0.2980251908302307,1.0,0.0,13.0
exp1_empty_1,1604,607.9144287109375,2.061330556869507,0.5423764586448669,1.0,0.0,20.0
exp1_empty_1,1605,646.0015869140625,3.19345760345459,0.34651800990104675,1.0,0.0,13.0
exp1_empty_1,1606,523.329833984375,2.033297061920166,0.6930384039878845,1.0,0.0,15.0
exp1_empty_1,1607,540.8226318359375,2.0237507820129395,0.6562696099281311,1.0,0.0,16.0
exp1_empty_1,1608,558.1558837890625,2.122479200363159,0.4179932177066803,1.0,0.0,15.0
exp1_empty_1,1609,696.94873046875,2.821697473526001,0.29308563470840454,1.0,0.0,18.0
exp1_empty_1,1610,467.4729919433594,2.3343915939331055,0.4305333197116852,1.0,0.0,5.0
exp1_empty_1,1611,497.7537841796875,1.698035478591919,0.7913785576820374,1.0,0.0,16.0
exp1_empty_1,1612,506.8040771484375,2.279031753540039,0.5506441593170166,1.0,0.0,9.0
exp1_empty_1,1613,600.99755859375,3.1332149505615234,0.4851607084274292,1.0,0.0,12.0
exp1_empty_1,1614,473.3570556640625,2.6088802814483643,0.5473600625991821,1.0,0.0,5.0
exp1_empty_1,1615,446.28173828125,1.1611262559890747,0.771411120891571,1.0,0.0,14.0
exp1_empty_1,1616,674.7717895507812,1.7989658117294312,0.28908202052116394,1.0,0.0,29.0
exp1_empty_1,1617,579.2640991210938,3.0280425548553467,0.45009472966194153,1.0,0.0,11.0
exp1_empty_1,1618,564.8717041015625,3.2976434230804443,0.3974263072013855,1.0,0.0,9.0
exp1_empty_1,1619,571.8958740234375,2.5836005210876465,0.489494651556015,1.0,0.0,12.0
exp1_empty_1,1621,542.322265625,3.1969966888427734,0.4328097701072693,1.0,0.0,8.0
exp1_empty_1,1622,541.87744140625,2.291883707046509,0.46798285841941833,1.0,0.0,11.0
exp1_empty_1,1623,648.5127563476562,3.760805368423462,0.23969659209251404,1.0,0.0,11.0
exp1_empty_1,1624,547.3584594726562,2.5769715309143066,0.4200724959373474,1.0,0.0,10.0
exp1_empty_1,1625,423.96160888671875,1.3467302322387695,0.8776254653930664,1.0,0.0,7.0
exp1_empty_1,1626,426.40484619140625,1.032964825630188,0.850626528263092,1.0,0.0,17.0
exp1_empty_1,1627,398.0094909667969,1.3370940685272217,0.8036915063858032,1.0,0.0,13.0
exp1_empty_1,1628,698.3998413085938,3.6327507495880127,0.2860855460166931,1.0,0.0,14.0
exp1_empty_1,1629,553.547119140625,1.9885469675064087,0.7084863185882568,1.0,0.0,18.0
exp1_empty_1,1630,464.4068603515625,1.7582956552505493,0.819449245929718,1.0,0.0,12.0
exp1_empty_1,1631,697.856689453125,3.2874794006347656,0.2505919337272644,1.0,0.0,15.0
exp1_empty_1,1632,597.3178100585938,2.599492311477661,0.32514920830726624,1.0,0.0,13.0
exp1_empty_1,1633,460.4076843261719,1.6062387228012085,0.8237865567207336,1.0,0.0,12.0
exp1_empty_1,1634,501.4013366699219,2.0933635234832764,0.6014134287834167,1.0,0.0,9.0
exp1_empty_1,1635,546.9007568359375,1.4930332899093628,0.8110224008560181,1.0,0.0,41.0
exp1_empty_1,1636,573.4733276367188,3.195427894592285,0.35088232159614563,1.0,0.0,9.0
exp1_empty_1,1637,630.0516357421875,2.712581157684326,0.2656232714653015,1.0,0.0,14.0
exp1_empty_1,1638,624.6141357421875,2.1137681007385254,0.4772772789001465,1.0,0.0,20.0
exp1_empty_1,1639,492.42864990234375,1.322248101234436,0.7711696624755859,1.0,0.0,69.0
exp1_empty_1,1641,667.693359375,2.7773895263671875,0.3183480501174927,1.0,0.0,16.0
exp1_empty_1,1642,596.91845703125,1.8760751485824585,0.5325833559036255,1.0,0.0,21.0
exp1_empty_1,1643,421.9837646484375,0.7045073509216309,0.39844316244125366,1.0,0.0,9.0
exp1_empty_1,1644,589.3536376953125,2.3085362911224365,0.5354689359664917,1.0,0.0,16.0
exp1_empty_1,1645,563.1677856445312,2.8835744857788086,0.3621860146522522,1.0,0.0,10.0
exp1_empty_1,1646,467.7153015136719,1.2447266578674316,0.7200329303741455,1.0,0.0,22.0
exp1_empty_1,1647,576.1401977539062,2.3947441577911377,0.49848437309265137,1.0,0.0,14.0
exp1_empty_1,1648,425.5941162109375,1.3403109312057495,0.8665934801101685,1.0,0.0,13.0
exp1_empty_1,1649,596.6931762695312,2.2396180629730225,0.542046070098877,1.0,0.0,20.0
exp1_empty_1,1650,512.6827392578125,1.7456603050231934,0.6545932292938232,1.0,0.0,15.0
exp1_empty_1,1651,554.90576171875,2.9983415603637695,0.52314692735672,1.0,0.0,10.0
exp1_empty_1,1652,666.1451416015625,2.0501210689544678,0.600507915019989,1.0,0.0,31.0
exp1_empty_1,1653,543.4174194335938,2.02486515045166,0.4016306698322296,1.0,0.0,14.0
exp1_empty_1,1654,514.7936401367188,3.0148675441741943,0.4469337463378906,1.0,0.0,7.0
exp1_empty_1,1655,444.67730712890625,1.8240783214569092,0.39393147826194763,1.0,0.0,5.0
exp1_empty_1,1656,532.24072265625,0.9561606049537659,0.21590180695056915,1.0,0.0,30.0
exp1_empty_1,1657,625.3841552734375,2.2414841651916504,0.6129552721977234,1.0,0.0,22.0
exp1_empty_1,1658,471.10888671875,1.508933424949646,0.7000445127487183,1.0,0.0,13.0
exp1_empty_1,1659,446.0722961425781,1.303871989250183,0.3799544870853424,1.0,0.0,7.0
exp1_empty_1,1661,685.1126708984375,2.2459983825683594,0.2716670334339142,1.0,0.0,23.0
exp1_empty_1,1662,461.8780212402344,3.3337488174438477,0.3873075544834137,1.0,0.0,3.0
exp1_empty_1,1663,476.40020751953125,2.088327407836914,0.6085684299468994,1.0,0.0,8.0
exp1_empty_1,1664,588.5311279296875,2.2044477462768555,0.48749688267707825,1.0,0.0,17.0
exp1_empty_1,1665,616.39599609375,2.467170476913452,0.26227790117263794,1.0,0.0,16.0
exp1_empty_1,1666,442.1833190917969,1.2168861627578735,0.8373212814331055,1.0,0.0,17.0
exp1_empty_1,1667,513.0028686523438,3.068324089050293,0.3671349585056305,1.0,0.0,6.0
exp1_empty_1,1668,515.7579345703125,1.6115946769714355,0.28889521956443787,1.0,0.0,13.0
exp1_empty_1,1669,569.2532958984375,2.020909547805786,0.4978416860103607,1.0,0.0,18.0
exp1_empty_1,1670,404.2635192871094,1.8395036458969116,0.6968600153923035,1.0,0.0,5.0
exp1_empty_1,1671,445.99072265625,1.561660885810852,0.5498322248458862,1.0,0.0,6.0
exp1_empty_1,1672,622.291015625,3.28741717338562,0.44143643975257874,1.0,0.0,12.0
exp1_empty_1,1673,673.7271728515625,3.9502830505371094,0.1846088320016861,1.0,0.0,11.0
exp1_empty_1,1674,440.56298828125,1.1416577100753784,0.839426577091217,1.0,0.0,18.0
exp1_empty_1,1675,627.323974609375,2.93505859375,0.4522961676120758,1.0,0.0,14.0
exp1_empty_1,1676,613.5111694335938,2.1192681789398193,0.572163462638855,1.0,0.0,22.0
exp1_empty_1,1677,469.7281494140625,1.4591567516326904,0.42262348532676697,1.0,0.0,9.0
exp1_empty_1,1678,546.6474609375,2.718203544616699,0.4009930491447449,1.0,0.0,9.0
exp1_empty_1,1679,540.8001708984375,2.8229098320007324,0.48926931619644165,1.0,0.0,9.0
exp1_empty_1,1681,466.1040344238281,2.25168514251709,0.7070551514625549,1.0,0.0,6.0
exp1_empty_1,1682,448.855224609375,1.428667664527893,0.805919349193573,1.0,0.0,12.0
exp1_empty_1,1683,642.6827392578125,2.521768808364868,0.33309507369995117,1.0,0.0,16.0
exp1_empty_1,1684,495.09307861328125,2.189056634902954,0.6297869086265564,1.0,0.0,9.0
exp1_empty_1,1685,470.81915283203125,1.6942662000656128,0.7584072351455688,1.0,0.0,11.0
exp1_empty_1,1686,474.9991149902344,2.8930740356445312,0.5527764558792114,1.0,0.0,5.0
exp1_empty_1,1687,512.3024291992188,1.432623028755188,0.22984254360198975,1.0,0.0,27.0
exp1_empty_1,1688,694.6322631835938,3.6018593311309814,0.27917155623435974,1.0,0.0,14.0
exp1_empty_1,1689,463.3442077636719,1.1663932800292969,0.866942822933197,1.0,0.0,32.0
exp1_empty_1,1690,579.103271484375,3.242816925048828,0.4323347210884094,1.0,0.0,10.0
exp1_empty_1,1691,576.6978759765625,4.065980434417725,0.21571525931358337,1.0,0.0,7.0
exp1_empty_1,1692,696.181884765625,3.347720146179199,0.2867794930934906,1.0,0.0,15.0
exp1_empty_1,1693,539.7335205078125,1.5289111137390137,0.3798421323299408,1.0,0.0,18.0
exp1_empty_1,1694,486.16424560546875,2.4124200344085693,0.11350661516189575,1.0,0.0,6.0
exp1_empty_1,1695,502.991943359375,0.9997333288192749,0.28569841384887695,1.0,0.0,22.0
exp1_empty_1,1696,587.4727783203125,2.6497714519500732,0.25421130657196045,1.0,0.0,12.0
exp1_empty_1,1697,584.91259765625,3.2519161701202393,0.34322449564933777,1.0,0.0,10.0
exp1_empty_1,1698,423.3473815917969,1.1516225337982178,0.839937686920166,1.0,0.0,10.0
exp1_empty_1,1699,652.0394287109375,2.112391471862793,0.6219522356987,1.0,0.0,28.0
exp1_empty_1,1701,576.3929443359375,2.493882656097412,0.5986286997795105,1.0,0.0,15.0
exp1_empty_1,1702,611.7138671875,3.15863299369812,0.38682493567466736,1.0,0.0,12.0
exp1_empty_1,1703,697.4656982421875,3.712770462036133,0.29225558042526245,1.0,0.0,14.0
exp1_empty_1,1704,483.0543212890625,2.550461530685425,0.5483946204185486,1.0,0.0,7.0
exp1_empty_1,1705,446.9059753417969,2.171992540359497,0.6060965657234192,1.0,0.0,5.0
exp1_empty_1,1706,451.4765319824219,1.3099913597106934,0.8418148756027222,1.0,0.0,18.0
exp1_empty_1,1707,537.387939453125,1.1694109439849854,0.5845302939414978,1.0,0.0,39.0
exp1_empty_1,1708,524.44970703125,1.435117483139038,0.2542910575866699,1.0,0.0,16.0
exp1_empty_1,1709,504.56024169921875,1.641761064529419,0.779230535030365,1.0,0.0,20.0
exp1_empty_1,1710,715.813232421875,3.471644401550293,0.24535797536373138,1.0,0.0,15.0
exp1_empty_1,1711,438.0300598144531,1.2509881258010864,0.8116234540939331,1.0,0.0,19.0
exp1_empty_1,1712,615.8698120117188,3.0383222103118896,0.3322179615497589,1.0,0.0,12.0
exp1_empty_1,1713,524.25244140625,1.8369309902191162,0.552291214466095,1.0,0.0,15.0
exp1_empty_1,1714,474.7066650390625,1.7138406038284302,0.7640213370323181,1.0,0.0,12.0
exp1_empty_1,1715,450.8749694824219,1.8027487993240356,0.7102462649345398,1.0,0.0,7.0
exp1_empty_1,1716,687.4927368164062,3.5230181217193604,0.3299795687198639,1.0,0.0,14.0
exp1_empty_1,1717,473.5273132324219,2.0293586254119873,0.6740789413452148,1.0,0.0,8.0
exp1_empty_1,1718,510.044921875,2.175321578979492,0.5924720764160156,1.0,0.0,10.0
exp1_empty_1,1719,538.8983154296875,2.6044721603393555,0.2168484330177307,1.0,0.0,9.0
exp1_empty_1,1721,461.9505920410156,1.7268891334533691,0.7704814076423645,1.0,0.0,15.0
exp1_empty_1,1722,535.9425659179688,3.6909782886505127,0.2887960970401764,1.0,0.0,6.0
exp1_empty_1,1723,415.6705627441406,1.2652361392974854,0.793012261390686,1.0,0.0,4.0
exp1_empty_1,1724,596.9375610351562,2.9399566650390625,0.34516873955726624,1.0,0.0,11.0
exp1_empty_1,1725,482.53509521484375,1.280533790588379,0.6826937198638916,1.0,0.0,19.0
exp1_empty_1,1726,434.2637634277344,1.7490421533584595,0.7293719053268433,1.0,0.0,5.0
exp1_empty_1,1727,521.4583129882812,3.2899179458618164,0.38753390312194824,1.0,0.0,6.0
exp1_empty_1,1728,461.3328552246094,1.1626924276351929,0.3918916881084442,1.0,0.0,11.0
exp1_empty_1,1729,403.0756530761719,0.9214880466461182,0.8744674921035767,1.0,0.0,13.0
exp1_empty_1,1730,481.8101501464844,1.4547628164291382,0.7390009760856628,1.0,0.0,16.0
exp1_empty_1,1731,576.43994140625,1.9666868448257446,0.5948440432548523,1.0,0.0,18.0
exp1_empty_1,1732,425.177490234375,1.046974539756775,0.8938058018684387,1.0,0.0,39.0
exp1_empty_1,1733,633.114990234375,2.641572952270508,0.30040961503982544,1.0,0.0,16.0
exp1_empty_1,1734,499.2178649902344,2.5115301609039307,0.3420194983482361,1.0,0.0,7.0
exp1_empty_1,1735,600.08154296875,2.355661153793335,0.5530712008476257,1.0,0.0,17.0
exp1_empty_1,1736,527.7223510742188,4.128976345062256,0.2360551655292511,1.0,0.0,5.0
exp1_empty_1,1737,503.89886474609375,1.6685506105422974,0.7681795358657837,1.0,0.0,28.0
exp1_empty_1,1738,564.6553344726562,3.3256661891937256,0.3984268009662628,1.0,0.0,9.0
exp1_empty_1,1739,527.2452392578125,2.250918388366699,0.46341317892074585,1.0,0.0,10.0
exp1_empty_1,1741,453.12286376953125,1.3598365783691406,0.8243745565414429,1.0,0.0,11.0
exp1_empty_1,1742,412.104736328125,1.2913150787353516,0.47524702548980713,1.0,0.0,2.0
exp1_empty_1,1743,565.1212768554688,1.655565619468689,0.7716875076293945,1.0,0.0,41.0
exp1_empty_1,1744,512.1917114257812,1.7805713415145874,0.7009901404380798,1.0,0.0,21.0
exp1_empty_1,1745,548.0169677734375,2.1712260246276855,0.466368168592453,1.0,0.0,13.0
exp1_empty_1,1746,509.0872802734375,2.4328808784484863,0.5336496829986572,1.0,0.0,8.0
exp1_empty_1,1747,574.4872436523438,2.2319068908691406,0.5932465195655823,1.0,0.0,16.0
exp1_empty_1,1748,524.2213134765625,2.2887113094329834,0.5946453809738159,1.0,0.0,11.0
exp1_empty_1,1749,668.5441284179688,2.63301682472229,0.2017129361629486,1.0,0.0,17.0
exp1_empty_1,1750,672.586181640625,3.05143141746521,0.4017248749732971,1.0,0.0,16.0
exp1_empty_1,1751,439.9781494140625,1.3385494947433472,0.8786330223083496,1.0,0.0,14.0
exp1_empty_1,1752,498.86407470703125,2.491705894470215,0.5621194243431091,1.0,0.0,8.0
exp1_empty_1,1753,580.7261962890625,2.3441476821899414,0.5996500253677368,1.0,0.0,16.0
exp1_empty_1,1754,487.80987548828125,1.7376837730407715,0.7427540421485901,1.0,0.0,12.0
exp1_empty_1,1755,688.8453369140625,4.0210041999816895,0.24458985030651093,1.0,0.0,12.0
exp1_empty_1,1756,533.8109741210938,1.7392528057098389,0.6659519672393799,1.0,0.0,18.0
exp1_empty_1,1757,548.2341918945312,2.0056259632110596,0.7036278247833252,1.0,0.0,19.0
exp1_empty_1,1758,575.6492309570312,2.14633846282959,0.49475884437561035,1.0,0.0,16.0
exp1_empty_1,1759,526.7882690429688,1.9374103546142578,0.6014742851257324,1.0,0.0,14.0
exp1_empty_1,1761,469.29949951171875,1.5706864595413208,0.8549185991287231,1.0,0.0,14.0
exp1_empty_1,1762,742.616455078125,3.331296443939209,0.3200470209121704,1.0,0.0,17.0
exp1_empty_1,1763,683.893310546875,3.215759038925171,0.07516197860240936,1.0,0.0,14.0
exp1_empty_1,1764,548.6166381835938,2.0493571758270264,0.6791338920593262,1.0,0.0,17.0
exp1_empty_1,1765,412.8105773925781,1.6966416835784912,0.7846471071243286,1.0,0.0,4.0
exp1_empty_1,1766,435.1154479980469,0.7723919153213501,0.4804706871509552,1.0,0.0,15.0
exp1_empty_1,1767,453.124267578125,1.6023344993591309,0.6963904500007629,1.0,0.0,9.0
exp1_empty_1,1768,480.912109375,1.5738409757614136,0.8087738752365112,1.0,0.0,19.0
exp1_empty_1,1769,600.437255859375,3.079064130783081,0.4191873371601105,1.0,0.0,12.0
exp1_empty_1,1770,604.7583618164062,3.3970394134521484,0.18398723006248474,1.0,0.0,10.0
exp1_empty_1,1771,417.89544677734375,1.2630702257156372,0.8867118954658508,1.0,0.0,16.0
exp1_empty_1,1772,516.1033935546875,1.7214757204055786,0.7242910861968994,1.0,0.0,22.0
exp1_empty_1,1773,585.8343505859375,2.057736396789551,0.2507725656032562,1.0,0.0,16.0
exp1_empty_1,1774,615.5288696289062,1.622449278831482,0.7511472105979919,1.0,0.0,40.0
exp1_empty_1,1775,459.37896728515625,1.5983455181121826,0.7832460999488831,1.0,0.0,11.0
exp1_empty_1,1776,490.0047912597656,1.8463280200958252,0.6806075572967529,1.0,0.0,11.0
exp1_empty_1,1777,528.81103515625,1.8470170497894287,0.7081323862075806,1.0,0.0,16.0
exp1_empty_1,1778,480.5704345703125,1.2017614841461182,0.802720308303833,1.0,0.0,39.0
exp1_empty_1,1779,490.86639404296875,1.440772533416748,0.38042783737182617,1.0,0.0,12.0
exp1_empty_1,1781,453.462646484375,1.4333288669586182,0.39292100071907043,1.0,0.0,9.0
exp1_empty_1,1782,538.6903076171875,1.7639226913452148,0.5887742638587952,1.0,0.0,18.0
exp1_empty_1,1783,549.50927734375,2.1529884338378906,0.6076743602752686,1.0,0.0,15.0
exp1_empty_1,1784,709.537109375,3.7909789085388184,0.2859704792499542,1.0,0.0,14.0
exp1_empty_1,1785,530.2646484375,2.3620707988739014,0.6231703758239746,1.0,0.0,11.0
exp1_empty_1,1786,534.876220703125,1.908660650253296,0.4656873643398285,1.0,0.0,14.0
exp1_empty_1,1787,703.4652099609375,3.3056418895721436,0.3620988726615906,1.0,0.0,16.0
exp1_empty_1,1788,570.0624389648438,1.7803289890289307,0.2511289715766907,1.0,0.0,18.0
exp1_empty_1,1789,631.4894409179688,3.1807830333709717,0.36011838912963867,1.0,0.0,12.0
exp1_empty_1,1790,421.00457763671875,1.4415663480758667,0.9392489790916443,1.0,0.0,7.0
exp1_empty_1,1791,478.75775146484375,1.4452078342437744,0.7888339161872864,1.0,0.0,28.0
exp1_empty_1,1792,428.4444274902344,1.3202615976333618,0.9091115593910217,1.0,0.0,7.0
exp1_empty_1,1793,580.420654296875,1.4053772687911987,0.20109160244464874,1.0,0.0,24.0
exp1_empty_1,1794,454.6439208984375,1.5890296697616577,0.811687707901001,1.0,0.0,12.0
exp1_empty_1,1795,534.450439453125,3.022378921508789,0.44451990723609924,1.0,0.0,8.0
exp1_empty_1,1796,521.2540893554688,2.0243940353393555,0.6316037774085999,1.0,0.0,13.0
exp1_empty_1,1797,544.198486328125,2.2402803897857666,0.4658154547214508,1.0,0.0,12.0
exp1_empty_1,1798,573.295166015625,2.674281597137451,0.5296639800071716,1.0,0.0,13.0
exp1_empty_1,1799,551.6697998046875,1.1268186569213867,0.48191940784454346,1.0,0.0,46.0
exp1_empty_1,1801,496.8096923828125,1.771348237991333,0.7260006666183472,1.0,0.0,14.0
exp1_empty_1,1802,561.6694946289062,1.7359979152679443,0.34359580278396606,1.0,0.0,17.0
exp1_empty_1,1803,582.0426025390625,2.405498743057251,0.22897964715957642,1.0,0.0,13.0
exp1_empty_1,1804,551.1742553710938,2.433980703353882,0.2079954594373703,1.0,0.0,11.0
exp1_empty_1,1805,504.78765869140625,2.4315297603607178,0.4400857090950012,1.0,0.0,10.0
exp1_empty_1,1806,571.5689086914062,2.408435344696045,0.34909024834632874,1.0,0.0,12.0
exp1_empty_1,1807,398.0141296386719,0.5795674920082092,0.5781359076499939,1.0,0.0,11.0
exp1_empty_1,1808,480.82452392578125,1.327157974243164,0.690180242061615,1.0,0.0,20.0
exp1_empty_1,1809,516.1322021484375,2.7957091331481934,0.546977698802948,1.0,0.0,8.0
exp1_empty_1,1810,703.3114013671875,2.6822311878204346,0.4636213779449463,1.0,0.0,23.0
exp1_empty_1,1811,562.7699584960938,2.17203426361084,0.6183454990386963,1.0,0.0,16.0
exp1_empty_1,1812,667.984619140625,2.0367307662963867,0.25698322057724,1.0,0.0,23.0
exp1_empty_1,1813,417.7480773925781,1.0915844440460205,0.8041830062866211,1.0,0.0,20.0
exp1_empty_1,1814,424.1280517578125,1.4299402236938477,0.8806672096252441,1.0,0.0,8.0
exp1_empty_1,1815,604.8062744140625,2.164027690887451,0.4183477759361267,1.0,0.0,18.0
exp1_empty_1,1816,462.5544738769531,1.1785022020339966,0.7780516147613525,1.0,0.0,32.0
exp1_empty_1,1817,549.4566040039062,3.548593521118164,0.2891221046447754,1.0,0.0,7.0
exp1_empty_1,1818,489.1368713378906,2.1141653060913086,0.6345255970954895,1.0,0.0,9.0
exp1_empty_1,1819,486.5782470703125,1.5256599187850952,0.788183331489563,1.0,0.0,40.0
exp1_empty_1,1821,558.5958862304688,2.9120705127716064,0.44846028089523315,1.0,0.0,10.0
exp1_empty_1,1822,389.92626953125,1.0293245315551758,0.8402827978134155,1.0,0.0,40.0
exp1_empty_1,1823,425.99493408203125,1.3780179023742676,0.8104503154754639,1.0,0.0,9.0
exp1_empty_1,1824,679.10009765625,3.2584948539733887,0.2948823869228363,1.0,0.0,14.0
exp1_empty_1,1825,474.84783935546875,1.8942269086837769,0.7243562340736389,1.0,0.0,11.0
exp1_empty_1,1826,470.0506286621094,2.084667682647705,0.6786440014839172,1.0,0.0,7.0
exp1_empty_1,1827,403.666259765625,0.568001389503479,0.7819737792015076,1.0,0.0,8.0
exp1_empty_1,1828,504.5579833984375,1.9660751819610596,0.6721681356430054,1.0,0.0,13.0
exp1_empty_1,1829,454.6892395019531,2.318657159805298,0.6350129842758179,1.0,0.0,5.0
exp1_empty_1,1830,591.64453125,1.8657817840576172,0.2522486448287964,1.0,0.0,18.0
exp1_empty_1,1831,486.0010070800781,1.3068089485168457,0.7501528859138489,1.0,0.0,24.0
exp1_empty_1,1832,540.2944946289062,2.149610757827759,0.5536904335021973,1.0,0.0,12.0
exp1_empty_1,1833,601.0621337890625,2.851576566696167,0.3767562210559845,1.0,0.0,12.0
exp1_empty_1,1834,496.093505859375,1.5890480279922485,0.7691025733947754,1.0,0.0,19.0
exp1_empty_1,1835,521.3585205078125,3.119903087615967,0.467849463224411,1.0,0.0,7.0
exp1_empty_1,1836,585.5289306640625,2.58870005607605,0.583150327205658,1.0,0.0,15.0
exp1_empty_1,1837,522.5213623046875,2.358208179473877,0.34923407435417175,1.0,0.0,9.0
exp1_empty_1,1838,610.8746337890625,3.406233072280884,0.3801577389240265,1.0,0.0,11.0
exp1_empty_1,1839,544.1311645507812,2.2397351264953613,0.6468145847320557,1.0,0.0,15.0
exp1_empty_1,1841,552.7696533203125,1.9183669090270996,0.46527960896492004,1.0,0.0,15.0
exp1_empty_1,1842,437.6915283203125,1.2390166521072388,0.8080586194992065,1.0,0.0,19.0
exp1_empty_1,1843,533.9949340820312,1.776701807975769,0.6184841990470886,1.0,0.0,16.0
exp1_empty_1,1844,537.2512817382812,1.5627635717391968,0.6642628908157349,1.0,0.0,21.0
exp1_empty_1,1845,519.7339477539062,3.004181146621704,0.43615707755088806,1.0,0.0,7.0
exp1_empty_1,1846,595.5120849609375,3.1391379833221436,0.42662668228149414,1.0,0.0,11.0
exp1_empty_1,1847,533.465576171875,1.783519983291626,0.6618927717208862,1.0,0.0,15.0
exp1_empty_1,1848,541.829833984375,2.638889789581299,0.4439987242221832,1.0,0.0,9.0
exp1_empty_1,1849,483.8843688964844,1.3151144981384277,0.7039167284965515,1.0,0.0,19.0
exp1_empty_1,1850,560.3033447265625,1.6102397441864014,0.6283988356590271,1.0,0.0,26.0
exp1_empty_1,1851,542.0796508789062,2.0832810401916504,0.42680951952934265,1.0,0.0,13.0
exp1_empty_1,1852,491.811767578125,3.8085148334503174,0.2935231029987335,1.0,0.0,4.0
exp1_empty_1,1853,502.0507507324219,2.529160261154175,0.24979113042354584,1.0,0.0,7.0
exp1_empty_1,1854,521.4999389648438,2.414844036102295,0.44040876626968384,1.0,0.0,9.0
exp1_empty_1,1855,441.0352783203125,1.04898202419281,0.7734047770500183,1.0,0.0,21.0
exp1_empty_1,1856,465.0320129394531,1.7728718519210815,0.6678780317306519,1.0,0.0,8.0
exp1_empty_1,1857,613.15625,2.47239089012146,0.3220723569393158,1.0,0.0,15.0
exp1_empty_1,1858,499.693603515625,1.5106960535049438,0.7845130562782288,1.0,0.0,30.0
exp1_empty_1,1859,452.2017822265625,1.6068109273910522,0.8468673825263977,1.0,0.0,10.0
exp1_empty_1,1861,483.27960205078125,2.189276933670044,0.588474452495575,1.0,0.0,7.0
exp1_empty_1,1862,460.8042907714844,1.6263511180877686,0.7612194418907166,1.0,0.0,20.0
exp1_empty_1,1863,547.0537719726562,2.524341344833374,0.5247840285301208,1.0,0.0,11.0
exp1_empty_1,1864,593.2202758789062,3.397843837738037,0.36774569749832153,1.0,0.0,10.0
exp1_empty_1,1865,523.8182373046875,2.9859275817871094,0.349528968334198,1.0,0.0,7.0
exp1_empty_1,1866,432.76116943359375,0.9541441798210144,0.6844537854194641,1.0,0.0,10.0
exp1_empty_1,1867,492.3779296875,2.4030985832214355,0.6572036743164062,1.0,0.0,8.0
exp1_empty_1,1868,504.3453063964844,1.686316728591919,0.7199435830116272,1.0,0.0,15.0
exp1_empty_1,1869,562.0889282226562,3.5735905170440674,0.34606313705444336,1.0,0.0,8.0
exp1_empty_1,1870,560.6087036132812,2.1498422622680664,0.5879092812538147,1.0,0.0,15.0
exp1_empty_1,1871,468.7891845703125,1.2573186159133911,0.8255807757377625,1.0,0.0,24.0
exp1_empty_1,1872,661.3167724609375,1.7344690561294556,0.708185613155365,1.0,0.0,36.0
exp1_empty_1,1873,540.1968994140625,2.214344024658203,0.401031494140625,1.0,0.0,11.0
exp1_empty_1,1874,552.3370971679688,1.7089080810546875,0.539993166923523,1.0,0.0,20.0
exp1_empty_1,1875,447.86590576171875,1.3972572088241577,0.8041740655899048,1.0,0.0,11.0
exp1_empty_1,1876,474.081787109375,2.209418535232544,0.4701181650161743,1.0,0.0,6.0
exp1_empty_1,1877,495.220947265625,1.90728759765625,0.6483608484268188,1.0,0.0,10.0
exp1_empty_1,1878,450.5636901855469,1.3585920333862305,0.5325556397438049,1.0,0.0,8.0
exp1_empty_1,1879,496.6194152832031,1.9716237783432007,0.4937220811843872,1.0,0.0,9.0
exp1_empty_1,1881,625.0376586914062,2.3766396045684814,0.5401511192321777,1.0,0.0,19.0
exp1_empty_1,1882,440.14459228515625,1.1513304710388184,0.8664805293083191,1.0,0.0,17.0
exp1_empty_1,1883,548.380859375,3.2895917892456055,0.43654340505599976,1.0,0.0,8.0
exp1_empty_1,1884,495.1236877441406,2.71372127532959,0.4853897988796234,1.0,0.0,6.0
exp1_empty_1,1885,580.690673828125,3.453054428100586,0.33741846680641174,1.0,0.0,9.0
exp1_empty_1,1886,644.0444946289062,2.7876529693603516,0.4422754645347595,1.0,0.0,16.0
exp1_empty_1,1887,499.18768310546875,1.5003057718276978,0.7717424035072327,1.0,0.0,21.0
exp1_empty_1,1888,646.587890625,3.950627565383911,0.18806034326553345,1.0,0.0,10.0
exp1_empty_1,1889,554.8550415039062,4.09758186340332,0.12351465225219727,1.0,0.0,6.0
exp1_empty_1,1890,576.4078369140625,2.169050455093384,0.5816729068756104,1.0,0.0,19.0
exp1_empty_1,1891,534.3820190429688,2.2920446395874023,0.29615408182144165,1.0,0.0,10.0
exp1_empty_1,1892,433.1249084472656,1.325844407081604,0.824479877948761,1.0,0.0,11.0
exp1_empty_1,1893,465.79229736328125,2.4716546535491943,0.5788348317146301,1.0,0.0,5.0
exp1_empty_1,1894,645.7199096679688,2.3035149574279785,0.5218998789787292,1.0,0.0,20.0
exp1_empty_1,1895,475.16552734375,2.1649086475372314,0.4278532564640045,1.0,0.0,6.0
exp1_empty_1,1896,665.43994140625,2.5406229496002197,0.517223060131073,1.0,0.0,20.0
exp1_empty_1,1897,454.2452087402344,1.7220509052276611,0.601161539554596,1.0,0.0,9.0
exp1_empty_1,1898,542.922119140625,3.0994930267333984,0.47032761573791504,1.0,0.0,8.0
exp1_empty_1,1899,540.8899536132812,1.7641961574554443,0.29366523027420044,1.0,0.0,14.0
exp1_empty_1,1901,550.2002563476562,2.207824945449829,0.5081503391265869,1.0,0.0,13.0
exp1_empty_1,1902,458.82586669921875,1.2350183725357056,0.7782458066940308,1.0,0.0,20.0
exp1_empty_1,1903,471.8619384765625,1.4017237424850464,0.8512969017028809,1.0,0.0,19.0
exp1_empty_1,1904,532.1887817382812,2.773993730545044,0.38801872730255127,1.0,0.0,9.0
exp1_empty_1,1905,706.552734375,2.510936975479126,0.44258296489715576,1.0,0.0,23.0
exp1_empty_1,1906,617.474853515625,1.755741000175476,0.7167954444885254,1.0,0.0,33.0
exp1_empty_1,1907,428.81671142578125,1.143007516860962,0.8539579510688782,1.0,0.0,42.0
exp1_empty_1,1908,446.6497497558594,1.2187036275863647,0.7555640935897827,1.0,0.0,22.0
exp1_empty_1,1909,512.8352661132812,1.4175471067428589,0.31068551540374756,1.0,0.0,15.0
exp1_empty_1,1910,534.5579223632812,1.9064507484436035,0.6686622500419617,1.0,0.0,19.0
exp1_empty_1,1911,448.0413513183594,1.811522126197815,0.7601070404052734,1.0,0.0,6.0
exp1_empty_1,1912,493.9187316894531,2.183694839477539,0.48761481046676636,1.0,0.0,8.0
exp1_empty_1,1913,564.8903198242188,3.3307111263275146,0.41013801097869873,1.0,0.0,9.0
exp1_empty_1,1914,423.9147033691406,0.8388838171958923,0.4799254834651947,1.0,0.0,9.0
exp1_empty_1,1915,568.510009765625,3.2427892684936523,0.38411614298820496,1.0,0.0,9.0
exp1_empty_1,1916,538.77490234375,2.4645886421203613,0.440291166305542,1.0,0.0,10.0
exp1_empty_1,1917,609.2281494140625,2.531982421875,0.36158397793769836,1.0,0.0,14.0
exp1_empty_1,1918,516.3825073242188,1.4870952367782593,0.6735879778862,1.0,0.0,24.0
exp1_empty_1,1919,485.07965087890625,2.5264527797698975,0.5257872939109802,1.0,0.0,6.0
exp1_empty_1,1921,594.5027465820312,3.6847550868988037,0.287605881690979,1.0,0.0,9.0
exp1_empty_1,1922,463.8542785644531,1.6577796936035156,0.7591428756713867,1.0,0.0,16.0
exp1_empty_1,1923,547.3589477539062,3.280364513397217,0.44970038533210754,1.0,0.0,8.0
exp1_empty_1,1924,645.73876953125,3.6497788429260254,0.15582048892974854,1.0,0.0,11.0
exp1_empty_1,1925,477.633544921875,1.523639440536499,0.8238092064857483,1.0,0.0,15.0
exp1_empty_1,1926,593.3284912109375,2.3509521484375,0.5162566304206848,1.0,0.0,15.0
exp1_empty_1,1927,502.86212158203125,1.5371840000152588,0.805982232093811,1.0,0.0,30.0
exp1_empty_1,1928,581.194580078125,2.624161720275879,0.5298198461532593,1.0,0.0,13.0
exp1_empty_1,1929,515.0416259765625,2.9734508991241455,0.51646488904953,1.0,0.0,7.0
exp1_empty_1,1930,621.4508666992188,3.1498281955718994,0.3602770268917084,1.0,0.0,12.0
exp1_empty_1,1931,638.3768310546875,3.0618913173675537,0.3606839179992676,1.0,0.0,13.0
exp1_empty_1,1932,540.5726318359375,2.9920105934143066,0.39100924134254456,1.0,0.0,8.0
exp1_empty_1,1933,550.92919921875,4.064213275909424,0.3606647551059723,1.0,0.0,6.0
exp1_empty_1,1934,557.8455810546875,2.6582086086273193,0.25473088026046753,1.0,0.0,10.0
exp1_empty_1,1935,582.8001708984375,2.2723779678344727,0.49265021085739136,1.0,0.0,15.0
exp1_empty_1,1936,602.1397705078125,2.4232282638549805,0.5554898977279663,1.0,0.0,16.0
exp1_empty_1,1937,497.0503845214844,1.3596858978271484,0.7974995970726013,1.0,0.0,36.0
exp1_empty_1,1938,476.7121887207031,1.6427080631256104,0.616916835308075,1.0,0.0,10.0
exp1_empty_1,1939,632.382568359375,1.8534162044525146,0.6347731351852417,1.0,0.0,33.0
exp1_empty_1,1941,464.0223083496094,1.3137708902359009,0.7410368323326111,1.0,0.0,26.0
exp1_empty_1,1942,571.8302001953125,2.416208028793335,0.3428661823272705,1.0,0.0,12.0
exp1_empty_1,1943,439.4994201660156,0.9434188604354858,0.41676852107048035,1.0,0.0,11.0
exp1_empty_1,1944,689.3613891601562,2.2792534828186035,0.578955888748169,1.0,0.0,29.0
exp1_empty_1,1945,747.298583984375,2.621825933456421,0.2945204973220825,1.0,0.0,22.0
exp1_empty_1,1946,464.0660400390625,1.224634051322937,0.654816746711731,1.0,0.0,17.0
exp1_empty_1,1947,491.5531005859375,1.4693706035614014,0.7811222672462463,1.0,0.0,16.0
exp1_empty_1,1948,480.0379333496094,1.5875173807144165,0.7330358624458313,1.0,0.0,12.0
exp1_empty_1,1949,590.0465087890625,2.161475896835327,0.5351952910423279,1.0,0.0,18.0
exp1_empty_1,1950,662.5467529296875,3.624356269836426,0.23625493049621582,1.0,0.0,12.0
exp1_empty_1,1951,576.5855712890625,2.541505813598633,0.2598552703857422,1.0,0.0,12.0
exp1_empty_1,1952,619.5702514648438,3.3912863731384277,0.26561281085014343,1.0,0.0,11.0
exp1_empty_1,1953,598.1824340820312,2.2505457401275635,0.3060917258262634,1.0,0.0,15.0
exp1_empty_1,1954,436.9973449707031,0.8652759790420532,0.3632040321826935,1.0,0.0,10.0
exp1_empty_1,1955,535.6051025390625,3.020641326904297,0.45671170949935913,1.0,0.0,8.0
exp1_empty_1,1956,595.161376953125,2.6542394161224365,0.49324870109558105,1.0,0.0,14.0
exp1_empty_1,1957,467.6343078613281,1.344346046447754,0.7838665246963501,1.0,0.0,19.0
exp1_empty_1,1958,482.980224609375,2.2690298557281494,0.6518598794937134,1.0,0.0,7.0
exp1_empty_1,1959,594.5536499023438,2.301625967025757,0.44957655668258667,1.0,0.0,15.0
exp1_empty_1,1961,590.091796875,1.5748025178909302,0.7146555185317993,1.0,0.0,50.0
exp1_empty_1,1962,499.335205078125,1.9207093715667725,0.6110123991966248,1.0,0.0,10.0
exp1_empty_1,1963,439.9429626464844,1.5094293355941772,0.6885892152786255,1.0,0.0,9.0
exp1_empty_1,1964,464.5680847167969,1.5937626361846924,0.6211401224136353,1.0,0.0,10.0
exp1_empty_1,1965,501.2049560546875,2.9209535121917725,0.3796270787715912,1.0,0.0,6.0
exp1_empty_1,1966,717.4230346679688,4.255005836486816,0.16211985051631927,1.0,0.0,12.0
exp1_empty_1,1967,553.5645141601562,1.6043847799301147,0.7396442890167236,1.0,0.0,30.0
exp1_empty_1,1968,639.4969482421875,2.9763216972351074,0.11645490676164627,1.0,0.0,13.0
exp1_empty_1,1969,420.7012023925781,1.0690562725067139,0.8425340056419373,1.0,0.0,50.0
exp1_empty_1,1970,464.06512451171875,0.9460010528564453,0.7204493284225464,1.0,0.0,29.0
exp1_empty_1,1971,687.6442260742188,2.8767499923706055,0.4654284119606018,1.0,0.0,18.0
exp1_empty_1,1972,461.806884765625,1.299684762954712,0.8114705681800842,1.0,0.0,15.0
exp1_empty_1,1973,506.4185791015625,1.317719578742981,0.7698140740394592,1.0,0.0,48.0
exp1_empty_1,1974,501.82843017578125,1.762622594833374,0.4808366596698761,1.0,0.0,13.0
exp1_empty_1,1975,624.3323974609375,2.1115570068359375,0.5551088452339172,1.0,0.0,23.0
exp1_empty_1,1976,603.2547607421875,2.0661213397979736,0.6411225199699402,1.0,0.0,21.0
exp1_empty_1,1977,545.6840209960938,2.5065698623657227,0.36467912793159485,1.0,0.0,10.0
exp1_empty_1,1978,489.1897888183594,2.0650508403778076,0.35423585772514343,1.0,0.0,10.0
exp1_empty_1,1979,708.5654296875,2.382233142852783,0.5580106377601624,1.0,0.0,28.0
exp1_empty_1,1981,482.5643615722656,1.4655998945236206,0.5452582836151123,1.0,0.0,13.0
exp1_empty_1,1982,457.5318298339844,1.7880215644836426,0.7693727016448975,1.0,0.0,9.0
exp1_empty_1,1983,613.9854125976562,2.6651573181152344,0.521121621131897,1.0,0.0,16.0
exp1_empty_1,1984,519.6072998046875,2.005239725112915,0.49979087710380554,1.0,0.0,12.0
exp1_empty_1,1985,534.5330810546875,1.7934423685073853,0.6849762797355652,1.0,0.0,21.0
exp1_empty_1,1986,673.1751098632812,2.498727798461914,0.48932570219039917,1.0,0.0,21.0
exp1_empty_1,1987,596.602294921875,3.012531280517578,0.3115087151527405,1.0,0.0,11.0
exp1_empty_1,1988,521.340576171875,2.148869037628174,0.7002288699150085,1.0,0.0,14.0
exp1_empty_1,1989,684.48828125,3.80385684967041,0.3060409426689148,1.0,0.0,13.0
exp1_empty_1,1990,400.4221496582031,0.6238150000572205,0.9630298614501953,1.0,0.0,5.0
exp1_empty_1,1991,533.2918701171875,1.8099243640899658,0.2767762541770935,1.0,0.0,21.0
exp1_empty_1,1992,486.8271484375,3.0918591022491455,0.465977281332016,1.0,0.0,5.0
exp1_empty_1,1993,670.4942016601562,3.193563222885132,0.41418585181236267,1.0,0.0,14.0
exp1_empty_1,1994,431.7784118652344,1.2955100536346436,0.8506016731262207,1.0,0.0,10.0
exp1_empty_1,1995,425.8689880371094,0.8937150835990906,0.6909384727478027,1.0,0.0,10.0
exp1_empty_1,1996,564.2211303710938,1.8435431718826294,0.7480728626251221,1.0,0.0,31.0
exp1_empty_1,1997,452.7998046875,1.6107850074768066,0.7868701219558716,1.0,0.0,18.0
exp1_empty_1,1998,523.0684814453125,2.548590660095215,0.5775141716003418,1.0,0.0,9.0
exp1_empty_1,1999,474.57159423828125,1.5418955087661743,0.8115944266319275,1.0,0.0,13.0
exp1_empty_1,2001,722.6214599609375,2.6694176197052,0.2787792682647705,1.0,0.0,20.0
exp1_empty_1,2002,421.4168701171875,0.8493525385856628,0.8662318587303162,1.0,0.0,28.0
exp1_empty_1,2003,501.86407470703125,2.3047401905059814,0.6185795068740845,1.0,0.0,9.0
exp1_empty_1,2004,355.62353515625,0.5953854918479919,0.9106975793838501,1.0,0.0,29.0
exp1_empty_1,2005,485.1186218261719,1.3535184860229492,0.7968564629554749,1.0,0.0,32.0
exp1_empty_1,2006,541.873046875,1.8456923961639404,0.5771998167037964,1.0,0.0,16.0
exp1_empty_1,2007,572.9511108398438,3.5323495864868164,0.2959545850753784,1.0,0.0,8.0
exp1_empty_1,2008,566.5562133789062,1.5220006704330444,0.7513484358787537,1.0,0.0,39.0
exp1_empty_1,2009,455.4035339355469,1.5191923379898071,0.7631798982620239,1.0,0.0,35.0
exp1_empty_1,2010,691.59228515625,2.313732385635376,0.22328411042690277,1.0,0.0,21.0
exp1_empty_1,2011,431.573486328125,1.2088699340820312,0.7708605527877808,1.0,0.0,7.0
exp1_empty_1,2012,443.1271667480469,1.0604913234710693,0.43697893619537354,1.0,0.0,9.0
exp1_empty_1,2013,490.9844055175781,1.7182283401489258,0.7217982411384583,1.0,0.0,14.0
exp1_empty_1,2014,708.0048217773438,4.346643924713135,0.10731756687164307,1.0,0.0,11.0
exp1_empty_1,2015,680.0887451171875,3.2706515789031982,0.3353520929813385,1.0,0.0,14.0
exp1_empty_1,2016,569.5440063476562,1.674709677696228,0.2780855894088745,1.0,0.0,18.0
exp1_empty_1,2017,505.8448486328125,1.4531710147857666,0.4790430963039398,1.0,0.0,15.0
exp1_empty_1,2018,418.8141174316406,0.8202192187309265,0.6828327775001526,1.0,0.0,20.0
exp1_empty_1,2019,550.68408203125,2.726989269256592,0.5247079730033875,1.0,0.0,10.0
exp1_empty_1,2021,460.6263427734375,2.2056241035461426,0.6700645685195923,1.0,0.0,8.0
exp1_empty_1,2022,649.9197998046875,2.0861809253692627,0.6365235447883606,1.0,0.0,30.0
exp1_empty_1,2023,479.7178955078125,1.4233096837997437,0.7361940145492554,1.0,0.0,16.0
exp1_empty_1,2024,481.5506591796875,1.7312566041946411,0.7382838726043701,1.0,0.0,12.0
exp1_empty_1,2025,625.6573486328125,2.551058769226074,0.3395809829235077,1.0,0.0,15.0
exp1_empty_1,2026,440.78167724609375,1.123140573501587,0.21765092015266418,1.0,0.0,41.0
exp1_empty_1,2027,476.81756591796875,1.1722058057785034,0.5071113109588623,1.0,0.0,15.0
exp1_empty_1,2028,642.8446655273438,3.568530321121216,0.27517399191856384,1.0,0.0,11.0
exp1_empty_1,2029,611.0885009765625,1.8942275047302246,0.3810485601425171,1.0,0.0,21.0
exp1_empty_1,2030,599.439453125,4.429952144622803,0.13256864249706268,1.0,0.0,7.0
exp1_empty_1,2031,441.3912353515625,1.3960200548171997,0.816798210144043,1.0,0.0,10.0
exp1_empty_1,2032,627.6796264648438,3.0325944423675537,0.4633292555809021,1.0,0.0,14.0
exp1_empty_1,2033,477.117919921875,1.669365406036377,0.7746647000312805,1.0,0.0,12.0
exp1_empty_1,2034,609.9675903320312,3.8660380840301514,0.3146757185459137,1.0,0.0,9.0
exp1_empty_1,2035,516.63720703125,3.387789011001587,0.37837550044059753,1.0,0.0,6.0
exp1_empty_1,2036,560.5628051757812,2.734205722808838,0.301770955324173,1.0,0.0,10.0
exp1_empty_1,2037,422.30615234375,0.8672075271606445,0.6215025186538696,1.0,0.0,8.0
exp1_empty_1,2038,624.355712890625,1.6357728242874146,0.4496535360813141,1.0,0.0,28.0
exp1_empty_1,2039,498.4862060546875,2.324795961380005,0.5101127028465271,1.0,0.0,8.0
exp1_empty_1,2041,447.79644775390625,1.0838452577590942,0.5935668349266052,1.0,0.0,12.0
exp1_empty_1,2042,555.8016357421875,4.092560291290283,0.12219082564115524,1.0,0.0,6.0
exp1_empty_1,2043,406.5740661621094,1.1297930479049683,0.8247141242027283,1.0,0.0,15.0
exp1_empty_1,2044,563.277587890625,1.8173401355743408,0.37106919288635254,1.0,0.0,16.0
exp1_empty_1,2045,628.8292236328125,3.8437302112579346,0.28776630759239197,1.0,0.0,10.0
exp1_empty_1,2046,717.1793212890625,2.413508176803589,0.417572021484375,1.0,0.0,24.0
exp1_empty_1,2047,478.72216796875,2.427507162094116,0.5796002149581909,1.0,0.0,6.0
exp1_empty_1,2048,529.28759765625,2.5127909183502197,0.6064078211784363,1.0,0.0,11.0
exp1_empty_1,2049,523.1203002929688,1.8033145666122437,0.6797223091125488,1.0,0.0,21.0
exp1_empty_1,2050,620.631103515625,2.6015398502349854,0.5377586483955383,1.0,0.0,17.0
exp1_empty_1,2051,397.1118469238281,1.128937005996704,0.8109185695648193,1.0,0.0,12.0
exp1_empty_1,2052,347.2244567871094,0.9114156365394592,0.8465242981910706,1.0,0.0,60.0
exp1_empty_1,2053,462.5065612792969,1.3086316585540771,0.7505841851234436,1.0,0.0,20.0
exp1_empty_1,2054,626.024169921875,2.7588438987731934,0.46860694885253906,1.0,0.0,15.0
exp1_empty_1,2055,463.5845031738281,1.520371437072754,0.7811426520347595,1.0,0.0,21.0
exp1_empty_1,2056,616.0557861328125,2.114081382751465,0.6201827526092529,1.0,0.0,30.0
exp1_empty_1,2057,502.95526123046875,1.5844472646713257,0.3034752905368805,1.0,0.0,12.0
exp1_empty_1,2058,599.4222412109375,2.8490161895751953,0.44745662808418274,1.0,0.0,12.0
exp1_empty_1,2059,528.8186645507812,2.366323709487915,0.4626196026802063,1.0,0.0,10.0
exp1_empty_1,2061,542.5377807617188,2.370837926864624,0.4912402331829071,1.0,0.0,11.0
exp1_empty_1,2062,408.7499084472656,1.3535972833633423,0.786263108253479,1.0,0.0,16.0
exp1_empty_1,2063,466.68853759765625,1.7298791408538818,0.45090150833129883,1.0,0.0,7.0
exp1_empty_1,2064,582.6678466796875,2.576221466064453,0.49325212836265564,1.0,0.0,14.0
exp1_empty_1,2065,552.5054321289062,2.907761335372925,0.26589369773864746,1.0,0.0,9.0
exp1_empty_1,2066,513.6714477539062,1.5673813819885254,0.731387734413147,1.0,0.0,27.0
exp1_empty_1,2067,446.49188232421875,2.182710647583008,0.5260807871818542,1.0,0.0,4.0
exp1_empty_1,2068,551.22216796875,1.522569179534912,0.7389255166053772,1.0,0.0,58.0
exp1_empty_1,2069,508.9231262207031,3.120495080947876,0.4097917973995209,1.0,0.0,6.0
exp1_empty_1,2070,470.5435485839844,1.68229341506958,0.7023976445198059,1.0,0.0,13.0
exp1_empty_1,2071,699.2989501953125,3.532417058944702,0.30677032470703125,1.0,0.0,14.0
exp1_empty_1,2072,422.85443115234375,1.2081884145736694,0.727369487285614,1.0,0.0,57.0
exp1_empty_1,2073,558.1480102539062,2.429931402206421,0.32407280802726746,1.0,0.0,11.0
exp1_empty_1,2074,395.66888427734375,1.0401450395584106,0.7537083029747009,1.0,0.0,43.0
exp1_empty_1,2075,568.5712890625,2.034827947616577,0.4361095726490021,1.0,0.0,16.0
exp1_empty_1,2076,437.53662109375,1.359319806098938,0.8141039609909058,1.0,0.0,17.0
exp1_empty_1,2077,518.767333984375,2.1728386878967285,0.6227332949638367,1.0,0.0,11.0
exp1_empty_1,2078,544.163330078125,1.7860162258148193,0.6482187509536743,1.0,0.0,20.0
exp1_empty_1,2079,686.6647338867188,2.342644453048706,0.5159967541694641,1.0,0.0,24.0
exp1_empty_1,2081,663.0863037109375,2.1175711154937744,0.624297022819519,1.0,0.0,33.0
exp1_empty_1,2082,548.9653930664062,2.355642318725586,0.5770255327224731,1.0,0.0,12.0
exp1_empty_1,2083,549.667724609375,2.266444683074951,0.5554984211921692,1.0,0.0,13.0
exp1_empty_1,2084,471.9458923339844,1.2331315279006958,0.7552637457847595,1.0,0.0,97.0
exp1_empty_1,2085,661.27294921875,1.9151911735534668,0.20062488317489624,1.0,0.0,24.0
exp1_empty_1,2086,-81.42572784423828,0.8433570861816406,0.7669811844825745,0.0,0.0,100.0
exp1_empty_1,2087,536.4528198242188,2.58709979057312,0.4024464190006256,1.0,0.0,9.0
exp1_empty_1,2088,499.37115478515625,1.3607290983200073,0.77235347032547,1.0,0.0,26.0
exp1_empty_1,2089,412.09906005859375,0.9947205781936646,0.8975836038589478,1.0,0.0,8.0
exp1_empty_1,2090,506.4873046875,1.9541510343551636,0.6574571132659912,1.0,0.0,11.0
exp1_empty_1,2091,577.2872314453125,1.5427136421203613,0.7307791709899902,1.0,0.0,53.0
exp1_empty_1,2092,505.32440185546875,1.953263282775879,0.5838853716850281,1.0,0.0,12.0
exp1_empty_1,2093,462.4930419921875,1.3212302923202515,0.7392885088920593,1.0,0.0,36.0
exp1_empty_1,2094,598.3280029296875,1.904759407043457,0.6355422735214233,1.0,0.0,35.0
exp1_empty_1,2095,672.2171630859375,1.8762024641036987,0.6223885416984558,1.0,0.0,38.0
exp1_empty_1,2096,487.84881591796875,1.4898651838302612,0.6715955138206482,1.0,0.0,27.0
exp1_empty_1,2097,503.9448547363281,1.6885592937469482,0.6572526693344116,1.0,0.0,14.0
exp1_empty_1,2098,635.0071411132812,2.529378890991211,0.431654155254364,1.0,0.0,16.0
exp1_empty_1,2099,596.8455200195312,2.4394516944885254,0.40898820757865906,1.0,0.0,14.0
exp1_empty_1,2101,591.76171875,3.444012403488159,0.4258079528808594,1.0,0.0,10.0
exp1_empty_1,2102,543.4228515625,2.3799233436584473,0.5528689026832581,1.0,0.0,11.0
exp1_empty_1,2103,389.37646484375,1.1808196306228638,0.8104365468025208,1.0,0.0,89.0
exp1_empty_1,2104,476.30059814453125,1.9051933288574219,0.6580735445022583,1.0,0.0,9.0
exp1_empty_1,2105,411.7264404296875,0.9852831363677979,0.8050456047058105,1.0,0.0,8.0
exp1_empty_1,2106,535.6654663085938,2.2516605854034424,0.6425526142120361,1.0,0.0,12.0
exp1_empty_1,2107,471.5730895996094,1.5891214609146118,0.6949581503868103,1.0,0.0,13.0
exp1_empty_1,2108,485.590576171875,1.8914411067962646,0.6790054440498352,1.0,0.0,10.0
exp1_empty_1,2109,460.6189880371094,1.6748930215835571,0.6864700317382812,1.0,0.0,13.0
exp1_empty_1,2110,443.2984619140625,0.934597373008728,0.726596474647522,1.0,0.0,22.0
exp1_empty_1,2111,399.4001770019531,0.4495414197444916,0.7189629077911377,1.0,0.0,9.0
exp1_empty_1,2112,669.680419921875,2.5414223670959473,0.4710746109485626,1.0,0.0,21.0
exp1_empty_1,2113,524.5579833984375,1.8483312129974365,0.44941020011901855,1.0,0.0,14.0
exp1_empty_1,2114,501.63385009765625,1.2154432535171509,0.7199720740318298,1.0,0.0,47.0
exp1_empty_1,2115,513.623291015625,2.4166359901428223,0.4004650115966797,1.0,0.0,8.0
exp1_empty_1,2116,478.7488098144531,1.383357286453247,0.6864267587661743,1.0,0.0,20.0
exp1_empty_1,2117,434.593994140625,2.165163040161133,0.5787323117256165,1.0,0.0,6.0
exp1_empty_1,2118,373.9685974121094,0.9203729033470154,0.7772786617279053,1.0,0.0,86.0
exp1_empty_1,2119,625.6953125,2.134822368621826,0.4703998565673828,1.0,0.0,19.0
exp1_empty_1,2121,444.58984375,1.2285422086715698,0.7473986148834229,1.0,0.0,16.0
exp1_empty_1,2122,585.6051025390625,1.5108835697174072,0.7095173597335815,1.0,0.0,41.0
exp1_empty_1,2123,634.3330078125,1.4683786630630493,0.5781142711639404,1.0,0.0,60.0
exp1_empty_1,2124,429.080810546875,1.1041035652160645,0.7077686786651611,1.0,0.0,24.0
exp1_empty_1,2125,463.07177734375,2.0836732387542725,0.6980043053627014,1.0,0.0,6.0
exp1_empty_1,2126,425.7992858886719,1.1552166938781738,0.7445210814476013,1.0,0.0,68.0
exp1_empty_1,2127,421.489501953125,1.3098011016845703,0.7164545655250549,1.0,0.0,8.0
exp1_empty_1,2128,676.0814819335938,2.6717748641967773,0.37911638617515564,1.0,0.0,18.0
exp1_empty_1,2129,676.4403076171875,1.9106762409210205,0.6522632241249084,1.0,0.0,43.0
exp1_empty_1,2130,486.34942626953125,1.950244426727295,0.5480726957321167,1.0,0.0,9.0
exp1_empty_1,2131,568.8394775390625,3.747265577316284,0.14126241207122803,1.0,0.0,7.0
exp1_empty_1,2132,647.4370727539062,3.313509702682495,0.31341180205345154,1.0,0.0,12.0
exp1_empty_1,2133,471.71026611328125,2.0468080043792725,0.6332627534866333,1.0,0.0,7.0
exp1_empty_1,2134,500.3919677734375,2.676859140396118,0.5335281491279602,1.0,0.0,7.0
exp1_empty_1,2135,479.6261901855469,1.034813404083252,0.3002133369445801,1.0,0.0,22.0
exp1_empty_1,2136,663.1043090820312,4.528311252593994,0.04266642779111862,1.0,0.0,9.0
exp1_empty_1,2137,513.0814208984375,1.2701787948608398,0.7309285402297974,1.0,0.0,55.0
exp1_empty_1,2138,486.61676025390625,1.137449860572815,0.6567935347557068,1.0,0.0,28.0
exp1_empty_1,2139,501.12823486328125,2.911884069442749,0.4852128326892853,1.0,0.0,6.0
exp1_empty_1,2141,716.0330810546875,3.813598394393921,0.12505190074443817,1.0,0.0,13.0
exp1_empty_1,2142,427.3560791015625,1.2000653743743896,0.617201566696167,1.0,0.0,10.0
exp1_empty_1,2143,537.2758178710938,1.9299912452697754,0.11290615051984787,1.0,0.0,12.0
exp1_empty_1,2144,430.2212829589844,1.0570770502090454,0.7426607012748718,1.0,0.0,10.0
exp1_empty_1,2145,486.8172607421875,1.7555341720581055,0.6349409818649292,1.0,0.0,14.0
exp1_empty_1,2146,594.905517578125,4.352788925170898,0.1580607146024704,1.0,0.0,7.0
exp1_empty_1,2147,732.1077880859375,4.279096603393555,0.056344058364629745,1.0,0.0,12.0
exp1_empty_1,2148,431.28045654296875,1.504256248474121,0.8170458078384399,1.0,0.0,10.0
exp1_empty_1,2149,479.48046875,1.5888137817382812,0.6668723821640015,1.0,0.0,15.0
exp1_empty_1,2150,662.3478393554688,1.592979907989502,0.3128221035003662,1.0,0.0,31.0
exp1_empty_1,2151,603.7308349609375,3.17122745513916,0.36185407638549805,1.0,0.0,11.0
exp1_empty_1,2152,466.2024230957031,1.125258207321167,0.3429783880710602,1.0,0.0,15.0
exp1_empty_1,2153,678.898193359375,2.8609836101531982,0.2912381589412689,1.0,0.0,16.0
exp1_empty_1,2154,441.7015075683594,1.2081495523452759,0.7415617108345032,1.0,0.0,47.0
exp1_empty_1,2155,454.979736328125,1.1959824562072754,0.7404072284698486,1.0,0.0,22.0
exp1_empty_1,2156,705.017333984375,3.2500312328338623,0.2814570367336273,1.0,0.0,15.0
exp1_empty_1,2157,551.1531982421875,2.191681385040283,0.5721492767333984,1.0,0.0,13.0
exp1_empty_1,2158,468.3962097167969,1.8213444948196411,0.6991069316864014,1.0,0.0,13.0
exp1_empty_1,2159,466.72613525390625,1.24656081199646,0.7587074041366577,1.0,0.0,60.0
exp1_empty_1,2161,378.1668701171875,1.011566400527954,0.7838361263275146,1.0,0.0,45.0
exp1_empty_1,2162,516.5833740234375,2.4558095932006836,0.2730333209037781,1.0,0.0,8.0
exp1_empty_1,2163,492.322265625,1.3008662462234497,0.2911003828048706,1.0,0.0,18.0
exp1_empty_1,2164,430.7396240234375,0.9241119623184204,0.7431880235671997,1.0,0.0,10.0
exp1_empty_1,2165,480.5226135253906,1.1108241081237793,0.6928530931472778,1.0,0.0,75.0
exp1_empty_1,2166,413.5735778808594,0.9706867337226868,0.6152421236038208,1.0,0.0,20.0
exp1_empty_1,2167,488.39874267578125,1.7612568140029907,0.4917316436767578,1.0,0.0,10.0
exp1_empty_1,2168,461.8580322265625,1.416951298713684,0.6944463849067688,1.0,0.0,15.0
exp1_empty_1,2169,503.36981201171875,1.4086443185806274,0.7266886830329895,1.0,0.0,26.0
exp1_empty_1,2170,618.2108154296875,2.2318477630615234,0.27023351192474365,1.0,0.0,17.0
exp1_empty_1,2171,515.2221069335938,1.4369875192642212,0.6748495101928711,1.0,0.0,30.0
exp1_empty_1,2172,422.83673095703125,1.1636090278625488,0.5422465205192566,1.0,0.0,4.0
exp1_empty_1,2173,735.3478393554688,3.904489040374756,0.19187943637371063,1.0,0.0,14.0
exp1_empty_1,2174,529.122314453125,1.7158817052841187,0.6509222984313965,1.0,0.0,25.0
exp1_empty_1,2175,711.9280395507812,2.1590170860290527,0.2536156177520752,1.0,0.0,25.0
exp1_empty_1,2176,500.0369873046875,1.4954357147216797,0.5581055283546448,1.0,0.0,16.0
exp1_empty_1,2177,436.3954772949219,1.4897834062576294,0.7138083577156067,1.0,0.0,5.0
exp1_empty_1,2178,546.6680297851562,1.1649712324142456,0.740972638130188,1.0,0.0,69.0
exp1_empty_1,2179,449.2945861816406,2.7651214599609375,0.4384000599384308,1.0,0.0,3.0
exp1_empty_1,2181,561.8121337890625,1.4553583860397339,0.37877291440963745,1.0,0.0,23.0
exp1_empty_1,2182,502.7112731933594,1.2536213397979736,0.37362897396087646,1.0,0.0,17.0
exp1_empty_1,2183,390.3719177246094,0.6196064352989197,0.8538439273834229,1.0,0.0,12.0
exp1_empty_1,2184,484.75238037109375,1.3822214603424072,0.6817757487297058,1.0,0.0,23.0
exp1_empty_1,2185,628.9365844726562,2.1062171459198,0.5192397832870483,1.0,0.0,23.0
exp1_empty_1,2186,458.42669677734375,1.5586342811584473,0.5897428393363953,1.0,0.0,9.0
exp1_empty_1,2187,504.4755859375,2.6476898193359375,0.5675262808799744,1.0,0.0,7.0
exp1_empty_1,2188,546.0114135742188,2.000063896179199,0.41324612498283386,1.0,0.0,13.0
exp1_empty_1,2189,525.2342529296875,1.2247670888900757,0.6621142625808716,1.0,0.0,50.0
exp1_empty_1,2190,515.1710205078125,2.4164438247680664,0.5113577842712402,1.0,0.0,10.0
exp1_empty_1,2191,473.5601501464844,1.2258923053741455,0.7629506587982178,1.0,0.0,46.0
exp1_empty_1,2192,678.1666259765625,4.3393049240112305,0.1221296414732933,1.0,0.0,10.0
exp1_empty_1,2193,456.8834228515625,1.1596224308013916,0.752638041973114,1.0,0.0,15.0
exp1_empty_1,2194,622.0537109375,2.891171932220459,0.45105499029159546,1.0,0.0,16.0
exp1_empty_1,2195,484.494384765625,1.3716896772384644,0.7313902378082275,1.0,0.0,40.0
exp1_empty_1,2196,529.637939453125,4.0684709548950195,0.22806653380393982,1.0,0.0,5.0
exp1_empty_1,2197,632.87548828125,3.8367652893066406,0.2742089033126831,1.0,0.0,10.0
exp1_empty_1,2198,515.9249267578125,1.8913756608963013,0.5335580706596375,1.0,0.0,13.0
exp1_empty_1,2199,538.126220703125,2.342087507247925,0.23275494575500488,1.0,0.0,10.0
exp1_empty_1,2201,471.49200439453125,3.7958905696868896,0.32842713594436646,1.0,0.0,3.0
exp1_empty_1,2202,513.568359375,3.262171745300293,0.45275357365608215,1.0,0.0,6.0
exp1_empty_1,2203,388.96026611328125,1.0744835138320923,0.7888035774230957,1.0,0.0,69.0
exp1_empty_1,2204,568.614013671875,2.5528292655944824,0.3179434537887573,1.0,0.0,11.0
exp1_empty_1,2205,626.7760009765625,1.644084095954895,0.6770765781402588,1.0,0.0,44.0
exp1_empty_1,2206,597.9490356445312,1.4522846937179565,0.6988005638122559,1.0,0.0,57.0
exp1_empty_1,2207,673.6246337890625,2.2995100021362305,0.3830837905406952,1.0,0.0,21.0
exp1_empty_1,2208,452.7400207519531,1.6365430355072021,0.7493619918823242,1.0,0.0,13.0
exp1_empty_1,2209,583.3072509765625,3.7138314247131348,0.22760900855064392,1.0,0.0,8.0
exp1_empty_1,2210,493.9644775390625,1.5803806781768799,0.2576369345188141,1.0,0.0,11.0
exp1_empty_1,2211,541.0736083984375,2.4223058223724365,0.4547123312950134,1.0,0.0,10.0
exp1_empty_1,2212,419.70672607421875,1.067195177078247,0.7532830834388733,1.0,0.0,52.0
exp1_empty_1,2213,523.7689208984375,2.352477550506592,0.5209356546401978,1.0,0.0,10.0
exp1_empty_1,2214,447.72882080078125,1.72539222240448,0.6648393273353577,1.0,0.0,9.0
exp1_empty_1,2215,454.21905517578125,1.549748420715332,0.6918951272964478,1.0,0.0,8.0
exp1_empty_1,2216,443.99444580078125,1.7157678604125977,0.6935625076293945,1.0,0.0,10.0
exp1_empty_1,2217,661.8665771484375,2.0577940940856934,0.5817132592201233,1.0,0.0,29.0
exp1_empty_1,2218,416.9612121582031,1.1184226274490356,0.7804705500602722,1.0,0.0,12.0
exp1_empty_1,2219,416.6438903808594,0.7903437614440918,0.6663938164710999,1.0,0.0,6.0
exp1_empty_1,2221,467.7613525390625,1.6767730712890625,0.7550761699676514,1.0,0.0,11.0
exp1_empty_1,2222,440.8602600097656,1.052782654762268,0.7969844937324524,1.0,0.0,16.0
exp1_empty_1,2223,429.5668029785156,1.1385477781295776,0.7936645746231079,1.0,0.0,16.0
exp1_empty_1,2224,569.0773315429688,1.9086474180221558,0.2901271879673004,1.0,0.0,16.0
exp1_empty_1,2225,540.4085083007812,1.7416255474090576,0.6149237751960754,1.0,0.0,17.0
exp1_empty_1,2226,507.80816650390625,2.8841564655303955,0.4458831250667572,1.0,0.0,7.0
exp1_empty_1,2227,358.17559814453125,0.7415918707847595,0.2871280014514923,1.0,0.0,42.0
exp1_empty_1,2228,529.2413940429688,1.8627804517745972,0.6158265471458435,1.0,0.0,17.0
exp1_empty_1,2229,641.7988891601562,3.0329601764678955,0.30282488465309143,1.0,0.0,13.0
exp1_empty_1,2230,402.84051513671875,0.7445235252380371,0.828306257724762,1.0,0.0,8.0
exp1_empty_1,2231,386.8411560058594,0.9071031808853149,0.7381079792976379,1.0,0.0,86.0
exp1_empty_1,2232,458.6187744140625,0.7312687039375305,0.19352038204669952,1.0,0.0,48.0
exp1_empty_1,2233,674.16845703125,2.8178234100341797,0.28495514392852783,1.0,0.0,16.0
exp1_empty_1,2234,503.66937255859375,1.5950404405593872,0.34904658794403076,1.0,0.0,13.0
exp1_empty_1,2235,572.3077392578125,2.661212682723999,0.46239107847213745,1.0,0.0,11.0
exp1_empty_1,2236,423.96466064453125,0.8880274295806885,0.6236463189125061,1.0,0.0,8.0
exp1_empty_1,2237,431.8663635253906,0.7505133152008057,0.533267080783844,1.0,0.0,23.0
exp1_empty_1,2238,600.0394287109375,2.2656941413879395,0.5308769345283508,1.0,0.0,17.0
exp1_empty_1,2239,529.2119140625,3.175438165664673,0.38495105504989624,1.0,0.0,7.0
exp1_empty_1,2241,614.855712890625,3.390207052230835,0.40331828594207764,1.0,0.0,11.0
exp1_empty_1,2242,628.8778076171875,2.0477428436279297,0.5802185535430908,1.0,0.0,25.0
exp1_empty_1,2243,588.622314453125,4.28792667388916,0.14617064595222473,1.0,0.0,7.0
exp1_empty_1,2244,688.98779296875,2.378873586654663,0.47516992688179016,1.0,0.0,23.0
exp1_empty_1,2245,685.955078125,2.982569694519043,0.40412256121635437,1.0,0.0,18.0
exp1_empty_1,2246,470.6067199707031,1.9089924097061157,0.7135957479476929,1.0,0.0,10.0
exp1_empty_1,2247,466.2603759765625,1.318006157875061,0.5295642018318176,1.0,0.0,12.0
exp1_empty_1,2248,513.1951904296875,1.5281479358673096,0.5145245790481567,1.0,0.0,22.0
exp1_empty_1,2249,415.71563720703125,0.9951881170272827,0.7151074409484863,1.0,0.0,4.0
exp1_empty_1,2250,528.6171264648438,2.743412733078003,0.43437302112579346,1.0,0.0,8.0
exp1_empty_1,2251,461.1746826171875,1.7225488424301147,0.635737955570221,1.0,0.0,8.0
exp1_empty_1,2252,523.907958984375,3.996413469314575,0.23521478474140167,1.0,0.0,5.0
exp1_empty_1,2253,656.0097045898438,2.26407790184021,0.506166934967041,1.0,0.0,21.0
exp1_empty_1,2254,610.4365844726562,2.7397003173828125,0.4303887188434601,1.0,0.0,13.0
exp1_empty_1,2255,428.9667053222656,1.157705307006836,0.6987205743789673,1.0,0.0,7.0
exp1_empty_1,2256,561.5429077148438,1.817328691482544,0.3910556435585022,1.0,0.0,16.0
exp1_empty_1,2257,546.2017822265625,2.741163730621338,0.5089905261993408,1.0,0.0,9.0
exp1_empty_1,2258,450.0689697265625,0.8808819651603699,0.5679273009300232,1.0,0.0,19.0
exp1_empty_1,2259,528.301513671875,2.7955899238586426,0.42773646116256714,1.0,0.0,8.0
exp1_empty_1,2261,491.4720764160156,1.019837498664856,0.7155575156211853,1.0,0.0,61.0
exp1_empty_1,2262,417.6348571777344,0.8857173919677734,0.7579064965248108,1.0,0.0,6.0
exp1_empty_1,2263,516.2818603515625,1.8443913459777832,0.5818682312965393,1.0,0.0,13.0
exp1_empty_1,2264,430.969970703125,0.9028506278991699,0.7640858292579651,1.0,0.0,25.0
exp1_empty_1,2265,622.3067016601562,2.216325283050537,0.4855225384235382,1.0,0.0,18.0
exp1_empty_1,2266,534.7344970703125,2.702211380004883,0.36527055501937866,1.0,0.0,10.0
exp1_empty_1,2267,559.0220336914062,1.3327780961990356,0.6869533061981201,1.0,0.0,52.0
exp1_empty_1,2268,465.8694152832031,1.0856659412384033,0.762431263923645,1.0,0.0,46.0
exp1_empty_1,2269,513.720947265625,1.1340423822402954,0.7163570523262024,1.0,0.0,57.0
exp1_empty_1,2270,473.836669921875,1.6609318256378174,0.6835415959358215,1.0,0.0,13.0
exp1_empty_1,2271,426.5969543457031,1.0722535848617554,0.7491818070411682,1.0,0.0,35.0
exp1_empty_1,2272,460.25543212890625,1.4724349975585938,0.6491647362709045,1.0,0.0,14.0
exp1_empty_1,2273,415.7196044921875,0.6852326989173889,0.217248797416687,1.0,0.0,31.0
exp1_empty_1,2274,459.6183776855469,2.132032871246338,0.6153494715690613,1.0,0.0,6.0
exp1_empty_1,2275,556.2496337890625,1.9005913734436035,0.4278433620929718,1.0,0.0,16.0
exp1_empty_1,2276,420.4139404296875,3.3022332191467285,0.5168341994285583,1.0,0.0,1.0
exp1_empty_1,2277,453.72784423828125,2.489805221557617,0.6289414763450623,1.0,0.0,4.0
exp1_empty_1,2278,424.50775146484375,1.1012872457504272,0.8397859930992126,1.0,0.0,11.0
exp1_empty_1,2279,553.696533203125,3.6079020500183105,0.2703245282173157,1.0,0.0,7.0
exp1_empty_1,2281,512.1146240234375,2.199754476547241,0.40367749333381653,1.0,0.0,9.0
exp1_empty_1,2282,543.3969116210938,2.0519535541534424,0.5598775148391724,1.0,0.0,16.0
exp1_empty_1,2283,719.6539916992188,2.741933822631836,0.16399607062339783,1.0,0.0,19.0
exp1_empty_1,2284,580.4768676757812,2.750904083251953,0.4248906672000885,1.0,0.0,13.0
exp1_empty_1,2285,442.3526916503906,1.456990361213684,0.6855756044387817,1.0,0.0,9.0
exp1_empty_1,2286,453.8533020019531,1.1649948358535767,0.7405556440353394,1.0,0.0,18.0
exp1_empty_1,2287,547.516845703125,1.9335683584213257,0.4419393837451935,1.0,0.0,14.0
exp1_empty_1,2288,511.5334777832031,4.317877769470215,0.18733680248260498,1.0,0.0,4.0
exp1_empty_1,2289,654.052490234375,1.8381942510604858,0.23849673569202423,1.0,0.0,25.0
exp1_empty_1,2290,614.0994873046875,2.7153966426849365,0.47301238775253296,1.0,0.0,14.0
exp1_empty_1,2291,616.652587890625,3.1973814964294434,0.26436054706573486,1.0,0.0,11.0
exp1_empty_1,2292,453.3195495605469,1.128037929534912,0.6910054087638855,1.0,0.0,36.0
exp1_empty_1,2293,452.2914123535156,1.264115571975708,0.6827765107154846,1.0,0.0,29.0
exp1_empty_1,2294,537.1738891601562,2.369370222091675,0.3322520852088928,1.0,0.0,10.0
exp1_empty_1,2295,580.611572265625,1.5515930652618408,0.5536913871765137,1.0,0.0,29.0
exp1_empty_1,2296,399.8252868652344,0.9511761665344238,0.7658790946006775,1.0,0.0,23.0
exp1_empty_1,2297,506.6727294921875,2.3669896125793457,0.5521355271339417,1.0,0.0,8.0
exp1_empty_1,2298,538.9153442382812,2.1428370475769043,0.08448844403028488,1.0,0.0,11.0
exp1_empty_1,2299,377.6555480957031,0.9951667785644531,0.7155936360359192,1.0,0.0,40.0
exp1_empty_1,2301,520.4651489257812,1.3121132850646973,0.6669747829437256,1.0,0.0,42.0
exp1_empty_1,2302,416.3042297363281,0.8023841381072998,0.7253871560096741,1.0,0.0,12.0
exp1_empty_1,2303,461.5677185058594,1.0573383569717407,0.6717574596405029,1.0,0.0,24.0
exp1_empty_1,2304,438.05145263671875,1.2146145105361938,0.6882521510124207,1.0,0.0,9.0
exp1_empty_1,2305,644.6196899414062,3.1033873558044434,0.38683271408081055,1.0,0.0,13.0
exp1_empty_1,2306,410.96624755859375,0.935608446598053,0.8454664945602417,1.0,0.0,13.0
exp1_empty_1,2307,577.8871459960938,2.9959330558776855,0.3854835629463196,1.0,0.0,10.0
exp1_empty_1,2308,431.43194580078125,1.1466357707977295,0.7533287405967712,1.0,0.0,30.0
exp1_empty_1,2309,579.2106323242188,2.1415789127349854,0.4301411509513855,1.0,0.0,16.0
exp1_empty_1,2310,463.4219055175781,1.3146699666976929,0.7419518232345581,1.0,0.0,21.0
exp1_empty_1,2311,599.0987548828125,1.3489651679992676,0.5535185933113098,1.0,0.0,34.0
exp1_empty_1,2312,497.95947265625,2.6900153160095215,0.44907552003860474,1.0,0.0,8.0
exp1_empty_1,2313,573.5023193359375,2.3926260471343994,0.4633857309818268,1.0,0.0,13.0
exp1_empty_1,2314,628.1451416015625,3.92671799659729,0.14820776879787445,1.0,0.0,9.0
exp1_empty_1,2315,422.5523681640625,0.9596044421195984,0.7093104720115662,1.0,0.0,11.0
exp1_empty_1,2316,529.5050659179688,1.89340341091156,0.5325941443443298,1.0,0.0,13.0
exp1_empty_1,2317,417.7828369140625,1.0498294830322266,0.7364879846572876,1.0,0.0,4.0
exp1_empty_1,2318,629.9754638671875,1.6663357019424438,0.627983033657074,1.0,0.0,38.0
exp1_empty_1,2319,518.9093627929688,1.3195245265960693,0.19950467348098755,1.0,0.0,17.0
exp1_empty_1,2321,468.0048522949219,1.9427745342254639,0.5872368216514587,1.0,0.0,7.0
exp1_empty_1,2322,680.3302001953125,3.3638017177581787,0.24162010848522186,1.0,0.0,14.0
exp1_empty_1,2323,-61.14023208618164,0.943905770778656,0.7114964127540588,0.0,0.0,100.0
exp1_empty_1,2324,693.8551025390625,2.547903537750244,0.35049524903297424,1.0,0.0,20.0
exp1_empty_1,2325,680.2738037109375,1.6046831607818604,0.4216775596141815,1.0,0.0,35.0
exp1_empty_1,2326,606.9932861328125,2.5224268436431885,0.3267882466316223,1.0,0.0,14.0
exp1_empty_1,2327,681.1307983398438,1.42167067527771,0.6477278470993042,1.0,0.0,71.0
exp1_empty_1,2328,494.4932556152344,1.1653740406036377,0.669744610786438,1.0,0.0,82.0
exp1_empty_1,2329,490.7755432128906,3.0283169746398926,0.37756556272506714,1.0,0.0,5.0
exp1_empty_1,2330,408.45416259765625,0.9778781533241272,0.7867012023925781,1.0,0.0,86.0
exp1_empty_1,2331,527.246337890625,1.9383958578109741,0.5128453969955444,1.0,0.0,13.0
exp1_empty_1,2332,583.4179077148438,3.338818073272705,0.27294549345970154,1.0,0.0,10.0
exp1_empty_1,2333,-85.38030242919922,0.8533302545547485,0.7452945113182068,0.0,0.0,100.0
exp1_empty_1,2334,432.83355712890625,1.7426228523254395,0.5047568082809448,1.0,0.0,4.0
exp1_empty_1,2335,656.6140747070312,1.5914229154586792,0.6114895343780518,1.0,0.0,51.0
exp1_empty_1,2336,408.156982421875,0.770805835723877,0.2428082823753357,1.0,0.0,24.0
exp1_empty_1,2337,459.892822265625,1.1867104768753052,0.6907534003257751,1.0,0.0,30.0
exp1_empty_1,2338,484.15948486328125,2.43436598777771,0.4670093059539795,1.0,0.0,6.0
exp1_empty_1,2339,446.0798034667969,1.2495111227035522,0.7170785665512085,1.0,0.0,25.0
exp1_empty_1,2341,475.28741455078125,1.6680814027786255,0.22497053444385529,1.0,0.0,8.0
exp1_empty_1,2342,504.422119140625,2.307769298553467,0.3958469033241272,1.0,0.0,8.0
exp1_empty_1,2343,-207.66006469726562,0.72476726770401,0.374778687953949,0.0,1.0,14.0
exp1_empty_1,2344,40.72633743286133,1.112951397895813,0.7146036624908447,0.0,0.0,100.0
exp1_empty_1,2345,574.2313842773438,1.538246750831604,0.5876661539077759,1.0,0.0,34.0
exp1_empty_1,2346,453.08221435546875,2.8660409450531006,0.3821597993373871,1.0,0.0,3.0
exp1_empty_1,2347,524.354736328125,1.7607109546661377,0.6065853238105774,1.0,0.0,17.0
exp1_empty_1,2348,77.52285766601562,1.0205001831054688,0.671914279460907,0.0,0.0,100.0
exp1_empty_1,2349,58.41780090332031,1.0410890579223633,0.7226951122283936,0.0,0.0,100.0
exp1_empty_1,2350,499.8060607910156,1.7155386209487915,0.4008730947971344,1.0,0.0,12.0
exp1_empty_1,2351,485.60479736328125,1.4015382528305054,0.32934853434562683,1.0,0.0,14.0
exp1_empty_1,2352,371.4161376953125,0.7965854406356812,0.6916313767433167,1.0,0.0,63.0
exp1_empty_1,2353,645.7906494140625,1.5211634635925293,0.5753588080406189,1.0,0.0,44.0
exp1_empty_1,2354,484.1144714355469,1.1722255945205688,0.7217531204223633,1.0,0.0,71.0
exp1_empty_1,2355,413.7288818359375,0.8445159196853638,0.6166824102401733,1.0,0.0,8.0
exp1_empty_1,2356,615.65673828125,2.2752034664154053,0.31184181571006775,1.0,0.0,16.0
exp1_empty_1,2357,718.3502197265625,4.150131702423096,0.12567096948623657,1.0,0.0,12.0
exp1_empty_1,2358,526.1107788085938,1.0881037712097168,0.6315414905548096,1.0,0.0,79.0
exp1_empty_1,2359,476.71588134765625,1.5219358205795288,0.6200452446937561,1.0,0.0,13.0
exp1_empty_1,2361,600.8641357421875,2.7789595127105713,0.4111563563346863,1.0,0.0,13.0
exp1_empty_1,2362,500.1070251464844,2.1749653816223145,0.48244181275367737,1.0,0.0,8.0
exp1_empty_1,2363,461.4308776855469,1.0389893054962158,0.7345365881919861,1.0,0.0,50.0
exp1_empty_1,2364,572.8698120117188,2.531202554702759,0.5005317330360413,1.0,0.0,12.0
exp1_empty_1,2365,651.6177368164062,1.5926995277404785,0.5020208954811096,1.0,0.0,37.0
exp1_empty_1,2366,524.898193359375,2.1519060134887695,0.5363290309906006,1.0,0.0,11.0
exp1_empty_1,2367,505.40728759765625,3.4158453941345215,0.41382622718811035,1.0,0.0,5.0
exp1_empty_1,2368,-242.47479248046875,0.489487886428833,0.31470242142677307,0.0,1.0,19.0
exp1_empty_1,2369,494.951416015625,1.2954013347625732,0.2971971929073334,1.0,0.0,16.0
exp1_empty_1,2370,698.953857421875,2.397355079650879,0.3906233608722687,1.0,0.0,22.0
exp1_empty_1,2371,543.6134643554688,4.46842622756958,0.046081386506557465,1.0,0.0,5.0
exp1_empty_1,2372,504.0654296875,1.279749870300293,0.3269769847393036,1.0,0.0,17.0
exp1_empty_1,2373,-40.544898986816406,0.8457890152931213,0.7496070861816406,0.0,0.0,100.0
exp1_empty_1,2374,680.9007568359375,2.5067429542541504,0.442253053188324,1.0,0.0,20.0
exp1_empty_1,2375,527.5023193359375,2.0689713954925537,0.4375506341457367,1.0,0.0,11.0
exp1_empty_1,2376,433.2969970703125,0.8878483772277832,0.7268613576889038,1.0,0.0,80.0
exp1_empty_1,2377,542.5140380859375,1.1567784547805786,0.6478671431541443,1.0,0.0,49.0
exp1_empty_1,2378,551.1136474609375,3.5471694469451904,0.2578599750995636,1.0,0.0,7.0
exp1_empty_1,2379,-110.81295013427734,0.6873390674591064,0.7200813889503479,0.0,0.0,100.0
exp1_empty_1,2381,451.6874084472656,0.8134791851043701,0.7239869236946106,1.0,0.0,97.0
exp1_empty_1,2382,530.9134521484375,1.3628453016281128,0.5847477912902832,1.0,0.0,22.0
exp1_empty_1,2383,424.289794921875,2.3174848556518555,0.3988993763923645,1.0,0.0,2.0
exp1_empty_1,2384,535.245849609375,1.6372554302215576,0.4674709141254425,1.0,0.0,16.0
exp1_empty_1,2385,1.1514778137207031,0.7876628637313843,0.7283880710601807,0.0,0.0,100.0
exp1_empty_1,2386,539.0055541992188,1.4621473550796509,0.3048442006111145,1.0,0.0,18.0
exp1_empty_1,2387,591.853759765625,3.428821086883545,0.1757521629333496,1.0,0.0,9.0
exp1_empty_1,2388,496.4795837402344,1.8703768253326416,0.20196734368801117,1.0,0.0,9.0
exp1_empty_1,2389,551.7777709960938,2.067040205001831,0.2677937150001526,1.0,0.0,13.0
exp1_empty_1,2390,486.6112060546875,1.230676293373108,0.17617754638195038,1.0,0.0,25.0
exp1_empty_1,2391,594.006591796875,1.968101978302002,0.24972276389598846,1.0,0.0,17.0
exp1_empty_1,2392,535.7982177734375,2.1319055557250977,0.4109824299812317,1.0,0.0,11.0
exp1_empty_1,2393,-98.691650390625,0.650861918926239,0.6419363617897034,0.0,0.0,100.0
exp1_empty_1,2394,468.1828918457031,1.3844654560089111,0.36336836218833923,1.0,0.0,10.0
exp1_empty_1,2395,519.1392211914062,1.7957677841186523,0.30305206775665283,1.0,0.0,12.0
exp1_empty_1,2396,491.232666015625,1.9439362287521362,0.6220154166221619,1.0,0.0,9.0
exp1_empty_1,2397,569.3604125976562,2.079580307006836,0.16714021563529968,1.0,0.0,14.0
exp1_empty_1,2398,693.5330810546875,3.5541205406188965,0.10910946875810623,1.0,0.0,13.0
exp1_empty_1,2399,647.6925659179688,1.4678412675857544,0.5294986367225647,1.0,0.0,39.0
exp1_empty_1,2401,395.4884338378906,0.9526093006134033,0.6437773108482361,1.0,0.0,11.0
exp1_empty_1,2402,356.84149169921875,0.5826036334037781,0.7474957704544067,1.0,0.0,34.0
exp1_empty_1,2403,481.266357421875,2.780332088470459,0.5403285622596741,1.0,0.0,5.0
exp1_empty_1,2404,-69.48052978515625,0.7334752082824707,0.7253391146659851,0.0,0.0,100.0
exp1_empty_1,2405,435.4147033691406,1.3319830894470215,0.6374292969703674,1.0,0.0,6.0
exp1_empty_1,2406,451.32025146484375,0.9471231698989868,0.689610481262207,1.0,0.0,89.0
exp1_empty_1,2407,471.08441162109375,1.280314326286316,0.7072044014930725,1.0,0.0,18.0
exp1_empty_1,2408,409.17010498046875,0.8710662722587585,0.6385693550109863,1.0,0.0,5.0
exp1_empty_1,2409,560.2445678710938,1.8126815557479858,0.30427560210227966,1.0,0.0,16.0
exp1_empty_1,2410,554.1700439453125,2.8226568698883057,0.3823656439781189,1.0,0.0,9.0
exp1_empty_1,2411,685.1126098632812,4.016209125518799,0.13062237203121185,1.0,0.0,11.0
exp1_empty_1,2412,510.2922058105469,2.113232135772705,0.35333824157714844,1.0,0.0,10.0
exp1_empty_1,2413,678.0390625,2.841857671737671,0.3066641092300415,1.0,0.0,16.0
exp1_empty_1,2414,35.03887176513672,0.8546748161315918,0.6505380272865295,0.0,0.0,100.0
exp1_empty_1,2415,526.0540771484375,1.1473500728607178,0.465326726436615,1.0,0.0,32.0
exp1_empty_1,2416,564.6729736328125,2.1871888637542725,0.5036090612411499,1.0,0.0,14.0
exp1_empty_1,2417,471.53765869140625,0.923101544380188,0.38516321778297424,1.0,0.0,19.0
exp1_empty_1,2418,595.63427734375,2.706043243408203,0.37161335349082947,1.0,0.0,12.0
exp1_empty_1,2419,405.45794677734375,0.9129457473754883,0.7796033620834351,1.0,0.0,20.0
exp1_empty_1,2421,599.4747314453125,3.0863380432128906,0.2981187105178833,1.0,0.0,11.0
exp1_empty_1,2422,514.7968139648438,2.1461710929870605,0.39293232560157776,1.0,0.0,10.0
exp1_empty_1,2423,393.3290100097656,0.8032910227775574,0.6954830884933472,1.0,0.0,47.0
exp1_empty_1,2424,-41.17759323120117,0.7425085306167603,0.736560046672821,0.0,0.0,100.0
exp1_empty_1,2425,94.6649169921875,0.9730550646781921,0.7403885126113892,0.0,0.0,100.0
exp1_empty_1,2426,-13.890969276428223,0.8421584367752075,0.7230255603790283,0.0,0.0,100.0
exp1_empty_1,2427,569.59716796875,2.7854433059692383,0.38637810945510864,1.0,0.0,10.0
exp1_empty_1,2428,546.1403198242188,2.7836196422576904,0.30635619163513184,1.0,0.0,10.0
exp1_empty_1,2429,561.0,2.3437130451202393,0.466251939535141,1.0,0.0,12.0
exp1_empty_1,2430,577.8837280273438,1.9854960441589355,0.514163613319397,1.0,0.0,18.0
exp1_empty_1,2431,60.70796585083008,1.0712714195251465,0.7542215585708618,0.0,0.0,100.0
exp1_empty_1,2432,-30.63327407836914,0.9898402690887451,0.7901695966720581,0.0,0.0,100.0
exp1_empty_1,2433,427.22564697265625,0.8625264167785645,0.6754928827285767,1.0,0.0,55.0
exp1_empty_1,2434,496.2121276855469,2.6491997241973877,0.42405882477760315,1.0,0.0,6.0
exp1_empty_1,2435,553.6881103515625,2.378844976425171,0.4810827374458313,1.0,0.0,11.0
exp1_empty_1,2436,478.41339111328125,1.8152408599853516,0.670868992805481,1.0,0.0,10.0
exp1_empty_1,2437,432.0144958496094,0.8990411162376404,0.6950437426567078,1.0,0.0,78.0
exp1_empty_1,2438,395.0613708496094,0.7407345771789551,0.7087749242782593,1.0,0.0,56.0
exp1_empty_1,2439,-93.56764221191406,0.6119986772537231,0.7264702320098877,0.0,0.0,100.0
exp1_empty_1,2441,489.97271728515625,1.8103973865509033,0.5973737239837646,1.0,0.0,10.0
exp1_empty_1,2442,-31.317903518676758,0.8828054666519165,0.7891643047332764,0.0,0.0,100.0
exp1_empty_1,2443,16.65753746032715,0.9608631134033203,0.747992992401123,0.0,0.0,100.0
exp1_empty_1,2444,412.71685791015625,0.9166076183319092,0.7431296110153198,1.0,0.0,13.0
exp1_empty_1,2445,-17.024259567260742,0.8994584679603577,0.7833673357963562,0.0,0.0,100.0
exp1_empty_1,2446,718.429931640625,3.161926031112671,0.12018328160047531,1.0,0.0,16.0
exp1_empty_1,2447,482.8063659667969,1.1448707580566406,0.6751229166984558,1.0,0.0,24.0
exp1_empty_1,2448,564.1685180664062,2.3779664039611816,0.30457404255867004,1.0,0.0,12.0
exp1_empty_1,2449,589.7214965820312,1.7444183826446533,0.2846485674381256,1.0,0.0,20.0
exp1_empty_1,2450,-46.246673583984375,0.7903634905815125,0.7253267168998718,0.0,0.0,100.0
exp1_empty_1,2451,482.38970947265625,1.019356369972229,0.5374194979667664,1.0,0.0,30.0
exp1_empty_1,2452,637.615234375,2.9044153690338135,0.3589860498905182,1.0,0.0,14.0
exp1_empty_1,2453,608.21630859375,3.0842034816741943,0.3241384029388428,1.0,0.0,11.0
exp1_empty_1,2454,422.2103576660156,0.9362434148788452,0.6994398832321167,1.0,0.0,26.0
exp1_empty_1,2455,-37.37380599975586,0.7963652610778809,0.6970024704933167,0.0,0.0,100.0
exp1_empty_1,2456,-21.904159545898438,0.7937324643135071,0.6666354537010193,0.0,0.0,100.0
exp1_empty_1,2457,608.2118530273438,2.0505566596984863,0.3467455804347992,1.0,0.0,25.0
exp1_empty_1,2458,-35.49102020263672,0.8038648962974548,0.7089846134185791,0.0,0.0,100.0
exp1_empty_1,2459,655.98974609375,3.9979348182678223,0.16093352437019348,1.0,0.0,10.0
exp1_empty_1,2461,372.5678405761719,0.7748185396194458,0.7411502003669739,1.0,0.0,82.0
exp1_empty_1,2462,88.83855438232422,1.121343731880188,0.7137508392333984,0.0,0.0,100.0
exp1_empty_1,2463,578.6055908203125,2.4598047733306885,0.48173484206199646,1.0,0.0,14.0
exp1_empty_1,2464,-45.31816101074219,0.9432250261306763,0.7066962718963623,0.0,0.0,100.0
exp1_empty_1,2465,-77.97318267822266,0.8656224012374878,0.6727205514907837,0.0,0.0,100.0
exp1_empty_1,2466,519.4765625,2.5478625297546387,0.4566277861595154,1.0,0.0,8.0
exp1_empty_1,2467,435.489013671875,0.7961909770965576,0.3279416561126709,1.0,0.0,17.0
exp1_empty_1,2468,613.5810546875,3.2540085315704346,0.31632184982299805,1.0,0.0,11.0
exp1_empty_1,2469,672.3401489257812,2.4523322582244873,0.33461448550224304,1.0,0.0,19.0
exp1_empty_1,2470,149.68858337402344,1.2062962055206299,0.6509483456611633,0.0,0.0,100.0
exp1_empty_1,2471,401.01971435546875,0.8153102397918701,0.15698818862438202,1.0,0.0,31.0
exp1_empty_1,2472,563.428955078125,2.4645445346832275,0.3279164135456085,1.0,0.0,12.0
exp1_empty_1,2473,586.8035278320312,2.22550630569458,0.5098595023155212,1.0,0.0,15.0
exp1_empty_1,2474,20.427734375,0.9841378927230835,0.6971111297607422,0.0,0.0,100.0
exp1_empty_1,2475,45.86185836791992,1.0555087327957153,0.6893463134765625,0.0,0.0,100.0
exp1_empty_1,2476,719.5674438476562,2.492591142654419,0.4288754165172577,1.0,0.0,23.0
exp1_empty_1,2477,569.7891845703125,3.8332324028015137,0.28365564346313477,1.0,0.0,7.0
exp1_empty_1,2478,525.6214599609375,2.3499512672424316,0.4154233932495117,1.0,0.0,10.0
exp1_empty_1,2479,406.3392333984375,1.6748265027999878,0.8416614532470703,1.0,0.0,1.0
exp1_empty_1,2481,400.45062255859375,0.7493726015090942,0.7271045446395874,1.0,0.0,7.0
exp1_empty_1,2482,569.814697265625,1.6834367513656616,0.3561219573020935,1.0,0.0,19.0
exp1_empty_1,2483,649.63427734375,2.287750244140625,0.3173741400241852,1.0,0.0,19.0
exp1_empty_1,2484,545.4107055664062,2.1326487064361572,0.2673705816268921,1.0,0.0,12.0
exp1_empty_1,2485,648.55126953125,1.7060774564743042,0.21846602857112885,1.0,0.0,27.0
exp1_empty_1,2486,183.7715301513672,1.1258925199508667,0.6476658582687378,0.0,0.0,100.0
exp1_empty_1,2487,446.24322509765625,1.0489282608032227,0.44389522075653076,1.0,0.0,23.0
exp1_empty_1,2488,-7.87196683883667,1.027422547340393,0.7200680375099182,0.0,0.0,100.0
exp1_empty_1,2489,58.75198745727539,1.1606050729751587,0.6777244806289673,0.0,0.0,100.0
exp1_empty_1,2490,514.6989135742188,2.46575927734375,0.4175178110599518,1.0,0.0,8.0
exp1_empty_1,2491,408.8044128417969,0.8511443734169006,0.2629851698875427,1.0,0.0,7.0
exp1_empty_1,2492,570.6185913085938,3.485567569732666,0.41713133454322815,1.0,0.0,8.0
exp1_empty_1,2493,589.92138671875,2.4654412269592285,0.5060555338859558,1.0,0.0,14.0
exp1_empty_1,2494,451.1322326660156,1.978891134262085,0.6148899793624878,1.0,0.0,5.0
exp1_empty_1,2495,707.2451171875,3.529022693634033,0.3210051953792572,1.0,0.0,14.0
exp1_empty_1,2496,600.0440673828125,3.2577285766601562,0.35432273149490356,1.0,0.0,10.0
exp1_empty_1,2497,78.52073669433594,1.2670501470565796,0.6372855305671692,0.0,0.0,100.0
exp1_empty_1,2498,174.57022094726562,1.3135032653808594,0.6571208834648132,0.0,0.0,100.0
exp1_empty_1,2499,10.855380058288574,1.151971459388733,0.6969059109687805,0.0,0.0,100.0
exp1_empty_1,2501,182.99478149414062,1.6221764087677002,0.6868008375167847,0.0,0.0,100.0
exp1_empty_1,2502,73.2475814819336,1.1487622261047363,0.6338977217674255,0.0,0.0,100.0
exp1_empty_1,2503,460.2408142089844,1.3462059497833252,0.6120819449424744,1.0,0.0,19.0
exp1_empty_1,2504,658.5513916015625,2.7563865184783936,0.35054445266723633,1.0,0.0,16.0
exp1_empty_1,2505,39.6594352722168,1.0657572746276855,0.6502827405929565,0.0,0.0,100.0
exp1_empty_1,2506,508.259033203125,1.7089675664901733,0.3297029435634613,1.0,0.0,12.0
exp1_empty_1,2507,482.2945861816406,1.4313862323760986,0.4241354763507843,1.0,0.0,13.0
exp1_empty_1,2508,430.0960388183594,0.6528646945953369,0.23864537477493286,1.0,0.0,19.0
exp1_empty_1,2509,51.99394226074219,1.1675094366073608,0.6778866052627563,0.0,0.0,100.0
exp1_empty_1,2510,456.4881286621094,1.3184545040130615,0.5251429677009583,1.0,0.0,10.0
exp1_empty_1,2511,567.8299560546875,2.429253578186035,0.30736497044563293,1.0,0.0,13.0
exp1_empty_1,2512,399.13775634765625,1.0308037996292114,0.6545251607894897,1.0,0.0,94.0
exp1_empty_1,2513,510.1309814453125,1.951076865196228,0.3455084562301636,1.0,0.0,12.0
exp1_empty_1,2514,-14.923635482788086,0.9810906052589417,0.7010203003883362,0.0,0.0,100.0
exp1_empty_1,2515,413.477294921875,1.424587607383728,0.5860161185264587,1.0,0.0,6.0
exp1_empty_1,2516,461.8622131347656,0.9656811356544495,0.5546491742134094,1.0,0.0,24.0
exp1_empty_1,2517,543.4403076171875,2.960439682006836,0.406729131937027,1.0,0.0,8.0
exp1_empty_1,2518,504.78155517578125,2.897641181945801,0.5102805495262146,1.0,0.0,6.0
exp1_empty_1,2519,474.6053466796875,1.3946185111999512,0.3204919099807739,1.0,0.0,16.0
exp1_empty_1,2521,49.89990234375,1.332082986831665,0.6505259871482849,0.0,0.0,100.0
exp1_empty_1,2522,-41.23202896118164,1.0288724899291992,0.6936023831367493,0.0,0.0,100.0
exp1_empty_1,2523,86.25170135498047,1.1282058954238892,0.6770998239517212,0.0,0.0,100.0
exp1_empty_1,2524,607.3861694335938,1.7612453699111938,0.5233340263366699,1.0,0.0,25.0
exp1_empty_1,2525,596.4072875976562,4.348942279815674,0.15286026895046234,1.0,0.0,7.0
exp1_empty_1,2526,455.2841491699219,1.4669370651245117,0.3297746181488037,1.0,0.0,17.0
exp1_empty_1,2527,15.692981719970703,1.147904634475708,0.6519690752029419,0.0,0.0,100.0
exp1_empty_1,2528,-53.30281066894531,0.8710510730743408,0.6513980627059937,0.0,0.0,100.0
exp1_empty_1,2529,464.2041320800781,1.1617792844772339,0.6467502117156982,1.0,0.0,49.0
exp1_empty_1,2530,-36.67784118652344,0.9714512825012207,0.6624152660369873,0.0,0.0,100.0
exp1_empty_1,2531,632.0405883789062,2.707139730453491,0.34154728055000305,1.0,0.0,15.0
exp1_empty_1,2532,562.615966796875,1.2934765815734863,0.6231187582015991,1.0,0.0,57.0
exp1_empty_1,2533,-242.5636749267578,0.5585428476333618,0.1598622053861618,0.0,1.0,15.0
exp1_empty_1,2534,431.7807922363281,0.9819728136062622,0.6178287267684937,1.0,0.0,46.0
exp1_empty_1,2535,445.50592041015625,0.787982702255249,0.29207247495651245,1.0,0.0,22.0
exp1_empty_1,2536,506.7472839355469,1.308408498764038,0.5165208578109741,1.0,0.0,25.0
exp1_empty_1,2537,62.79373550415039,1.0123355388641357,0.6647540926933289,0.0,0.0,100.0
exp1_empty_1,2538,-32.455108642578125,0.7979753613471985,0.6676967740058899,0.0,0.0,100.0
exp1_empty_1,2539,404.5243835449219,0.48033028841018677,0.41609662771224976,1.0,0.0,7.0
exp1_empty_1,2541,536.61962890625,1.1595698595046997,0.6154823303222656,1.0,0.0,58.0
exp1_empty_1,2542,69.16082763671875,1.0227874517440796,0.6760118007659912,0.0,0.0,100.0
exp1_empty_1,2543,443.6048278808594,1.6276267766952515,0.5072841048240662,1.0,0.0,6.0
exp1_empty_1,2544,628.4539794921875,2.544447183609009,0.30800002813339233,1.0,0.0,15.0
exp1_empty_1,2545,-64.71207427978516,0.8713555335998535,0.6686129570007324,0.0,0.0,100.0
exp1_empty_1,2546,529.0176391601562,2.624260425567627,0.3936993479728699,1.0,0.0,10.0
exp1_empty_1,2547,473.614501953125,0.9274550676345825,0.644351065158844,1.0,0.0,30.0
exp1_empty_1,2548,338.2937927246094,0.7161369919776917,0.717292308807373,1.0,0.0,63.0
exp1_empty_1,2549,423.06951904296875,1.049372911453247,0.751307487487793,1.0,0.0,30.0
exp1_empty_1,2550,440.5255126953125,1.0522693395614624,0.6752513647079468,1.0,0.0,72.0
exp1_empty_1,2551,145.43128967285156,1.1242626905441284,0.6193400621414185,0.0,0.0,100.0
exp1_empty_1,2552,581.127685546875,2.0646097660064697,0.42232900857925415,1.0,0.0,19.0
exp1_empty_1,2553,451.30419921875,1.6298646926879883,0.593758761882782,1.0,0.0,6.0
exp1_empty_1,2554,-13.889199256896973,0.93952476978302,0.6635516881942749,0.0,0.0,100.0
exp1_empty_1,2555,-23.025415420532227,0.9935632944107056,0.7442455887794495,0.0,0.0,100.0
exp1_empty_1,2556,562.6153564453125,1.860772728919983,0.5941287875175476,1.0,0.0,22.0
exp1_empty_1,2557,544.172607421875,1.9144718647003174,0.6207854747772217,1.0,0.0,15.0
exp1_empty_1,2558,459.9064636230469,1.0079065561294556,0.3334100842475891,1.0,0.0,15.0
exp1_empty_1,2559,428.76092529296875,0.9160439968109131,0.6879178285598755,1.0,0.0,99.0
exp1_empty_1,2561,567.5379028320312,1.419088363647461,0.5903475880622864,1.0,0.0,41.0
exp1_empty_1,2562,674.0692138671875,2.351569414138794,0.3691879212856293,1.0,0.0,21.0
exp1_empty_1,2563,476.10009765625,1.5331791639328003,0.6155669689178467,1.0,0.0,15.0
exp1_empty_1,2564,434.8921203613281,0.9708612561225891,0.704831600189209,1.0,0.0,32.0
exp1_empty_1,2565,745.9002075195312,2.713569402694702,0.348241925239563,1.0,0.0,22.0
exp1_empty_1,2566,641.4928588867188,3.3167717456817627,0.15251193940639496,1.0,0.0,12.0
exp1_empty_1,2567,628.4048461914062,1.5709338188171387,0.6518294811248779,1.0,0.0,41.0
exp1_empty_1,2568,606.0315551757812,2.0642623901367188,0.2448611557483673,1.0,0.0,19.0
exp1_empty_1,2569,476.75885009765625,1.0787078142166138,0.5739781856536865,1.0,0.0,26.0
exp1_empty_1,2570,488.31689453125,1.1000646352767944,0.6165611147880554,1.0,0.0,31.0
exp1_empty_1,2571,480.0552673339844,1.452049732208252,0.6403684020042419,1.0,0.0,21.0
exp1_empty_1,2572,553.9173583984375,1.9442201852798462,0.5248552560806274,1.0,0.0,18.0
exp1_empty_1,2573,537.22265625,1.8926528692245483,0.6042388081550598,1.0,0.0,14.0
exp1_empty_1,2574,593.302001953125,1.7659558057785034,0.3054174780845642,1.0,0.0,21.0
exp1_empty_1,2575,464.93359375,1.272862195968628,0.5704676508903503,1.0,0.0,13.0
exp1_empty_1,2576,665.940673828125,1.670943260192871,0.5906800627708435,1.0,0.0,46.0
exp1_empty_1,2577,467.8244323730469,1.9165058135986328,0.7065451145172119,1.0,0.0,8.0
exp1_empty_1,2578,492.66302490234375,1.8634822368621826,0.3842727541923523,1.0,0.0,10.0
exp1_empty_1,2579,545.8029174804688,1.2247673273086548,0.6610654592514038,1.0,0.0,56.0
exp1_empty_1,2581,587.3955078125,3.3700342178344727,0.20084668695926666,1.0,0.0,9.0
exp1_empty_1,2582,572.41259765625,1.7983633279800415,0.5042799711227417,1.0,0.0,21.0
exp1_empty_1,2583,462.6247863769531,1.3875057697296143,0.2540161907672882,1.0,0.0,17.0
exp1_empty_1,2584,664.20166015625,2.489680051803589,0.44642338156700134,1.0,0.0,21.0
exp1_empty_1,2585,437.0735168457031,1.425026297569275,0.7248811721801758,1.0,0.0,17.0
exp1_empty_1,2586,640.9054565429688,2.1249020099639893,0.5262766480445862,1.0,0.0,23.0
exp1_empty_1,2587,591.20556640625,2.1571412086486816,0.5540632009506226,1.0,0.0,17.0
exp1_empty_1,2588,424.5575866699219,0.9783450961112976,0.7381551861763,1.0,0.0,57.0
exp1_empty_1,2589,713.7999267578125,2.6682350635528564,0.39526253938674927,1.0,0.0,20.0
exp1_empty_1,2590,513.4590454101562,2.4673140048980713,0.5543511509895325,1.0,0.0,8.0
exp1_empty_1,2591,675.7672729492188,3.0593881607055664,0.37409934401512146,1.0,0.0,15.0
exp1_empty_1,2592,443.71185302734375,1.3593995571136475,0.6833657622337341,1.0,0.0,11.0
exp1_empty_1,2593,533.05419921875,1.8355246782302856,0.3251878321170807,1.0,0.0,13.0
exp1_empty_1,2594,568.8189697265625,1.1623635292053223,0.6676688194274902,1.0,0.0,100.0
exp1_empty_1,2595,601.2548828125,2.5564799308776855,0.5227395296096802,1.0,0.0,14.0
exp1_empty_1,2596,548.2706298828125,1.6040022373199463,0.4232097864151001,1.0,0.0,18.0
exp1_empty_1,2597,492.3028564453125,1.2088040113449097,0.7094799876213074,1.0,0.0,47.0
exp1_empty_1,2598,584.6995239257812,1.938170313835144,0.38775429129600525,1.0,0.0,18.0
exp1_empty_1,2599,447.3358459472656,1.3956298828125,0.6839157342910767,1.0,0.0,16.0
exp1_empty_1,2601,617.3036499023438,1.8633856773376465,0.4920940101146698,1.0,0.0,27.0
exp1_empty_1,2602,527.275390625,2.027984380722046,0.5811553001403809,1.0,0.0,12.0
exp1_empty_1,2603,575.4979248046875,1.8082821369171143,0.5772623419761658,1.0,0.0,20.0
exp1_empty_1,2604,697.633544921875,3.0027668476104736,0.35090070962905884,1.0,0.0,17.0
exp1_empty_1,2605,615.5073852539062,2.6788244247436523,0.4899336099624634,1.0,0.0,15.0
exp1_empty_1,2606,433.0171203613281,1.137681007385254,0.6047927737236023,1.0,0.0,17.0
exp1_empty_1,2607,580.8427124023438,2.295480728149414,0.5054746866226196,1.0,0.0,16.0
exp1_empty_1,2608,746.19775390625,2.5805716514587402,0.2769496440887451,1.0,0.0,23.0
exp1_empty_1,2609,457.4764099121094,1.2652411460876465,0.7125105261802673,1.0,0.0,13.0
exp1_empty_1,2610,470.566162109375,2.0219290256500244,0.7421097159385681,1.0,0.0,7.0
exp1_empty_1,2611,451.08062744140625,0.8639920353889465,0.20682065188884735,1.0,0.0,21.0
exp1_empty_1,2612,553.0267944335938,2.6268117427825928,0.5158764123916626,1.0,0.0,10.0
exp1_empty_1,2613,523.5193481445312,1.1180444955825806,0.570651113986969,1.0,0.0,42.0
exp1_empty_1,2614,379.09967041015625,0.7936533689498901,0.719440758228302,1.0,0.0,47.0
exp1_empty_1,2615,446.7475280761719,0.9691963195800781,0.33609622716903687,1.0,0.0,26.0
exp1_empty_1,2616,498.51483154296875,1.740241527557373,0.718253493309021,1.0,0.0,15.0
exp1_empty_1,2617,409.483154296875,0.7521007061004639,0.6242616176605225,1.0,0.0,21.0
exp1_empty_1,2618,471.724853515625,1.3010635375976562,0.7133089303970337,1.0,0.0,23.0
exp1_empty_1,2619,468.50445556640625,1.5766334533691406,0.6608989834785461,1.0,0.0,12.0
exp1_empty_1,2621,512.5869140625,1.4094797372817993,0.6579642295837402,1.0,0.0,29.0
exp1_empty_1,2622,597.803466796875,2.426992654800415,0.29577797651290894,1.0,0.0,14.0
exp1_empty_1,2623,425.67059326171875,1.0140091180801392,0.6444635987281799,1.0,0.0,44.0
exp1_empty_1,2624,595.5663452148438,4.30667781829834,0.15403391420841217,1.0,0.0,7.0
exp1_empty_1,2625,402.22381591796875,0.5963383913040161,0.5370253324508667,1.0,0.0,5.0
exp1_empty_1,2626,538.5597534179688,2.1280155181884766,0.41665157675743103,1.0,0.0,12.0
exp1_empty_1,2627,467.4910583496094,1.1114848852157593,0.6162019371986389,1.0,0.0,51.0
exp1_empty_1,2628,482.1685485839844,1.2528398036956787,0.6501856446266174,1.0,0.0,21.0
exp1_empty_1,2629,495.53717041015625,2.63922119140625,0.40595635771751404,1.0,0.0,6.0
exp1_empty_1,2630,574.8441162109375,1.6574373245239258,0.5962186455726624,1.0,0.0,28.0
exp1_empty_1,2631,649.7064208984375,3.4730587005615234,0.3479730188846588,1.0,0.0,12.0
exp1_empty_1,2632,417.23065185546875,0.915583610534668,0.8078745603561401,1.0,0.0,18.0
exp1_empty_1,2633,557.8837890625,1.702869176864624,0.3765917420387268,1.0,0.0,18.0
exp1_empty_1,2634,618.299560546875,2.481121301651001,0.35496437549591064,1.0,0.0,15.0
exp1_empty_1,2635,638.1658935546875,2.67362380027771,0.5082192420959473,1.0,0.0,17.0
exp1_empty_1,2636,500.9180603027344,2.6868069171905518,0.525083601474762,1.0,0.0,7.0
exp1_empty_1,2637,440.9861145019531,1.161144733428955,0.9077288508415222,1.0,0.0,30.0
exp1_empty_1,2638,418.552978515625,1.036973476409912,0.7183216214179993,1.0,0.0,25.0
exp1_empty_1,2639,431.589599609375,0.8728324770927429,0.6806116104125977,1.0,0.0,20.0
exp1_empty_1,2641,453.72216796875,1.1558685302734375,0.3676629066467285,1.0,0.0,10.0
exp1_empty_1,2642,475.8811340332031,1.3247255086898804,0.2959319055080414,1.0,0.0,14.0
exp1_empty_1,2643,431.68963623046875,1.1740578413009644,0.7972441911697388,1.0,0.0,20.0
exp1_empty_1,2644,421.0146789550781,0.6833636164665222,0.3538840115070343,1.0,0.0,14.0
exp1_empty_1,2645,673.32568359375,3.019131898880005,0.18599802255630493,1.0,0.0,15.0
exp1_empty_1,2646,561.6380004882812,1.756126046180725,0.7210595607757568,1.0,0.0,22.0
exp1_empty_1,2647,467.674072265625,1.2031657695770264,0.8780834078788757,1.0,0.0,19.0
exp1_empty_1,2648,503.5520935058594,1.24421226978302,0.42774155735969543,1.0,0.0,22.0
exp1_empty_1,2649,615.5204467773438,2.2024314403533936,0.3677053153514862,1.0,0.0,18.0
exp1_empty_1,2650,429.9251403808594,0.938872754573822,0.6777963638305664,1.0,0.0,30.0
exp1_empty_1,2651,386.1998291015625,0.9026554822921753,0.6647664308547974,1.0,0.0,42.0
exp1_empty_1,2652,80.62157440185547,1.2018046379089355,0.7543525695800781,0.0,0.0,100.0
exp1_empty_1,2653,420.8224792480469,0.9550739526748657,0.48452743887901306,1.0,0.0,5.0
exp1_empty_1,2654,361.8896484375,0.9227321147918701,0.7909775972366333,1.0,0.0,79.0
exp1_empty_1,2655,442.2828063964844,1.2857791185379028,0.7583417296409607,1.0,0.0,11.0
exp1_empty_1,2656,736.2294921875,2.516660690307617,0.20452389121055603,1.0,0.0,23.0
exp1_empty_1,2657,574.002197265625,3.5716288089752197,0.3146181106567383,1.0,0.0,8.0
exp1_empty_1,2658,712.7068481445312,2.687164783477783,0.20780296623706818,1.0,0.0,19.0
exp1_empty_1,2659,643.9170532226562,2.1546435356140137,0.5103743672370911,1.0,0.0,23.0
exp1_empty_1,2661,595.004150390625,1.7628529071807861,0.6912704110145569,1.0,0.0,47.0
exp1_empty_1,2662,739.5249633789062,2.7509381771087646,0.4151279926300049,1.0,0.0,23.0
exp1_empty_1,2663,590.403564453125,2.448378562927246,0.5328867435455322,1.0,0.0,15.0
exp1_empty_1,2664,515.5419921875,2.001767873764038,0.29733002185821533,1.0,0.0,10.0
exp1_empty_1,2665,445.4512634277344,1.2849949598312378,0.7365816235542297,1.0,0.0,12.0
exp1_empty_1,2666,649.6279296875,3.652698516845703,0.2585565745830536,1.0,0.0,11.0
exp1_empty_1,2667,415.8500671386719,0.9494656324386597,0.72768634557724,1.0,0.0,49.0
exp1_empty_1,2668,484.0129089355469,1.7462425231933594,0.6163899898529053,1.0,0.0,10.0
exp1_empty_1,2669,647.2323608398438,2.925584316253662,0.40515413880348206,1.0,0.0,15.0
exp1_empty_1,2670,554.6930541992188,2.0216755867004395,0.5361436009407043,1.0,0.0,15.0
exp1_empty_1,2671,438.70977783203125,1.0523735284805298,0.548556923866272,1.0,0.0,9.0
exp1_empty_1,2672,600.39306640625,1.9885764122009277,0.5001106858253479,1.0,0.0,22.0
exp1_empty_1,2673,621.4767456054688,2.1798155307769775,0.40975725650787354,1.0,0.0,19.0
exp1_empty_1,2674,598.6993408203125,1.486514687538147,0.6654160618782043,1.0,0.0,39.0
exp1_empty_1,2675,403.8262939453125,0.7067880630493164,0.6897621750831604,1.0,0.0,7.0
exp1_empty_1,2676,455.33404541015625,1.3593053817749023,0.740824282169342,1.0,0.0,11.0
exp1_empty_1,2677,516.6039428710938,1.6954290866851807,0.3045031726360321,1.0,0.0,13.0
exp1_empty_1,2678,558.3124389648438,2.4292407035827637,0.5022987127304077,1.0,0.0,12.0
exp1_empty_1,2679,463.65679931640625,1.9057042598724365,0.6217643618583679,1.0,0.0,9.0
exp1_empty_1,2681,511.5556945800781,2.1042046546936035,0.3731539845466614,1.0,0.0,10.0
exp1_empty_1,2682,401.49822998046875,0.6976785659790039,0.9076101779937744,1.0,0.0,6.0
exp1_empty_1,2683,507.3154296875,2.569951295852661,0.6359062194824219,1.0,0.0,8.0
exp1_empty_1,2684,594.7431030273438,2.362178325653076,0.24668142199516296,1.0,0.0,14.0
exp1_empty_1,2685,701.38720703125,2.3925111293792725,0.3056909739971161,1.0,0.0,22.0
exp1_empty_1,2686,520.632568359375,3.812608242034912,0.16118569672107697,1.0,0.0,5.0
exp1_empty_1,2687,514.2828979492188,1.8148409128189087,0.6924025416374207,1.0,0.0,17.0
exp1_empty_1,2688,640.2039184570312,3.8245246410369873,0.20013925433158875,1.0,0.0,10.0
exp1_empty_1,2689,469.5965576171875,1.1510279178619385,0.7423863410949707,1.0,0.0,58.0
exp1_empty_1,2690,515.4049682617188,1.300466775894165,0.32931584119796753,1.0,0.0,18.0
exp1_empty_1,2691,400.2893371582031,0.5827693939208984,0.6588466167449951,1.0,0.0,4.0
exp1_empty_1,2692,539.2711181640625,1.1903845071792603,0.23084551095962524,1.0,0.0,23.0
exp1_empty_1,2693,494.358154296875,2.395670175552368,0.5620536208152771,1.0,0.0,8.0
exp1_empty_1,2694,489.31768798828125,1.4782298803329468,0.7263180017471313,1.0,0.0,17.0
exp1_empty_1,2695,551.5490112304688,3.9236392974853516,0.1926056295633316,1.0,0.0,6.0
exp1_empty_1,2696,449.1631164550781,1.8890413045883179,0.6720978617668152,1.0,0.0,5.0
exp1_empty_1,2697,684.6917114257812,3.6256954669952393,0.30130699276924133,1.0,0.0,13.0
exp1_empty_1,2698,430.5212707519531,1.1082838773727417,0.7003612518310547,1.0,0.0,13.0
exp1_empty_1,2699,659.3831176757812,1.6858665943145752,0.5874806046485901,1.0,0.0,41.0
exp1_empty_1,2701,472.04290771484375,1.456929087638855,0.707746684551239,1.0,0.0,20.0
exp1_empty_1,2702,615.17919921875,2.9565141201019287,0.4146486520767212,1.0,0.0,13.0
exp1_empty_1,2703,480.21124267578125,1.911682367324829,0.7187028527259827,1.0,0.0,9.0
exp1_empty_1,2704,636.3008422851562,3.1140353679656982,0.46735966205596924,1.0,0.0,13.0
exp1_empty_1,2705,623.9300537109375,3.3142096996307373,0.3723430335521698,1.0,0.0,11.0
exp1_empty_1,2706,515.021240234375,1.5189130306243896,0.6257004737854004,1.0,0.0,21.0
exp1_empty_1,2707,508.467529296875,1.7952425479888916,0.7025662064552307,1.0,0.0,15.0
exp1_empty_1,2708,524.8974609375,2.7299063205718994,0.5539374351501465,1.0,0.0,8.0
exp1_empty_1,2709,649.96142578125,3.0951027870178223,0.3698982298374176,1.0,0.0,14.0
exp1_empty_1,2710,417.7430419921875,1.0761913061141968,0.5850926041603088,1.0,0.0,4.0
exp1_empty_1,2711,675.7901611328125,3.322038412094116,0.3544745445251465,1.0,0.0,14.0
exp1_empty_1,2712,621.2882690429688,1.6769338846206665,0.6775026321411133,1.0,0.0,35.0
exp1_empty_1,2713,497.318603515625,4.092462062835693,0.3379177153110504,1.0,0.0,4.0
exp1_empty_1,2714,512.5661010742188,1.4926772117614746,0.7005919218063354,1.0,0.0,22.0
exp1_empty_1,2715,408.80517578125,0.7018207311630249,0.6188172698020935,1.0,0.0,22.0
exp1_empty_1,2716,402.2296142578125,0.8101105093955994,0.6658449172973633,1.0,0.0,13.0
exp1_empty_1,2717,458.43194580078125,1.4497312307357788,0.5983272194862366,1.0,0.0,9.0
exp1_empty_1,2718,552.7241821289062,1.6752406358718872,0.18734793365001678,1.0,0.0,16.0
exp1_empty_1,2719,597.7286376953125,2.3427255153656006,0.4767739176750183,1.0,0.0,15.0
exp1_empty_1,2721,471.9585266113281,1.8996789455413818,0.6199527978897095,1.0,0.0,7.0
exp1_empty_1,2722,469.42230224609375,2.1214754581451416,0.5436381101608276,1.0,0.0,6.0
exp1_empty_1,2723,532.8836059570312,2.4686965942382812,0.35881292819976807,1.0,0.0,9.0
exp1_empty_1,2724,643.3071899414062,1.0027542114257812,0.2145611047744751,1.0,0.0,53.0
exp1_empty_1,2725,538.1064453125,1.8774811029434204,0.47204357385635376,1.0,0.0,14.0
exp1_empty_1,2726,525.2237548828125,4.000194549560547,0.11576472222805023,1.0,0.0,5.0
exp1_empty_1,2727,534.9603271484375,1.929364562034607,0.5732085704803467,1.0,0.0,18.0
exp1_empty_1,2728,620.7984008789062,2.928367853164673,0.3886943459510803,1.0,0.0,13.0
exp1_empty_1,2729,537.2913818359375,1.8349703550338745,0.4757438004016876,1.0,0.0,14.0
exp1_empty_1,2730,646.0888061523438,2.3627660274505615,0.5375699996948242,1.0,0.0,22.0
exp1_empty_1,2731,570.6777954101562,2.671052932739258,0.4831991195678711,1.0,0.0,12.0
exp1_empty_1,2732,537.2300415039062,2.4282329082489014,0.4405750334262848,1.0,0.0,10.0
exp1_empty_1,2733,629.7864990234375,2.091252326965332,0.5839337706565857,1.0,0.0,22.0
exp1_empty_1,2734,414.8252258300781,0.8752211332321167,0.1580195426940918,1.0,0.0,4.0
exp1_empty_1,2735,407.1120910644531,1.057503342628479,0.823383629322052,1.0,0.0,31.0
exp1_empty_1,2736,536.8988647460938,1.9804733991622925,0.6192060112953186,1.0,0.0,14.0
exp1_empty_1,2737,575.435546875,2.4264965057373047,0.426937460899353,1.0,0.0,13.0
exp1_empty_1,2738,596.5588989257812,2.2231285572052,0.5239154696464539,1.0,0.0,17.0
exp1_empty_1,2739,498.3984375,2.1668529510498047,0.33427485823631287,1.0,0.0,8.0
exp1_empty_1,2741,508.57598876953125,1.5806719064712524,0.6316921710968018,1.0,0.0,18.0
exp1_empty_1,2742,456.2203063964844,1.5327599048614502,0.4587128162384033,1.0,0.0,8.0
exp1_empty_1,2743,546.75439453125,2.572774887084961,0.5091694593429565,1.0,0.0,10.0
exp1_empty_1,2744,529.8895874023438,3.4413089752197266,0.1840762048959732,1.0,0.0,6.0
exp1_empty_1,2745,433.6397399902344,1.1479612588882446,0.763444721698761,1.0,0.0,17.0
exp1_empty_1,2746,481.88226318359375,1.5460846424102783,0.5787122249603271,1.0,0.0,15.0
exp1_empty_1,2747,517.9860229492188,4.640011787414551,0.09883370995521545,1.0,0.0,4.0
exp1_empty_1,2748,435.2323303222656,1.4559015035629272,0.7218530178070068,1.0,0.0,13.0
exp1_empty_1,2749,473.22137451171875,1.1365926265716553,0.2634076178073883,1.0,0.0,14.0
exp1_empty_1,2750,635.631103515625,2.687190294265747,0.4254177510738373,1.0,0.0,16.0
exp1_empty_1,2751,545.0590209960938,1.781436562538147,0.47047412395477295,1.0,0.0,16.0
exp1_empty_1,2752,626.77099609375,1.8805181980133057,0.7165018916130066,1.0,0.0,31.0
exp1_empty_1,2753,714.582275390625,1.684210181236267,0.25425997376441956,1.0,0.0,33.0
exp1_empty_1,2754,427.63458251953125,1.00859797000885,0.6692636609077454,1.0,0.0,19.0
exp1_empty_1,2755,648.1039428710938,2.719921350479126,0.277029812335968,1.0,0.0,15.0
exp1_empty_1,2756,571.6757202148438,1.9572633504867554,0.5372929573059082,1.0,0.0,19.0
exp1_empty_1,2757,579.10791015625,3.988919734954834,0.19952164590358734,1.0,0.0,7.0
exp1_empty_1,2758,595.1329345703125,4.3703436851501465,0.1251278966665268,1.0,0.0,7.0
exp1_empty_1,2759,495.5144958496094,2.229315996170044,0.6020745038986206,1.0,0.0,8.0
exp1_empty_1,2761,461.8459777832031,1.82589852809906,0.6977666020393372,1.0,0.0,8.0
exp1_empty_1,2762,494.2611083984375,2.333475351333618,0.2958888113498688,1.0,0.0,7.0
exp1_empty_1,2763,522.6007080078125,1.9376846551895142,0.6753560900688171,1.0,0.0,14.0
exp1_empty_1,2764,559.8377685546875,1.7976492643356323,0.7335131168365479,1.0,0.0,23.0
exp1_empty_1,2765,545.42138671875,2.94460391998291,0.48620378971099854,1.0,0.0,9.0
exp1_empty_1,2766,494.2237854003906,1.5045802593231201,0.8707265257835388,1.0,0.0,33.0
exp1_empty_1,2767,690.5857543945312,2.552978992462158,0.2170688956975937,1.0,0.0,19.0
exp1_empty_1,2768,720.6446533203125,2.306694269180298,0.3956439793109894,1.0,0.0,24.0
exp1_empty_1,2769,429.98309326171875,1.2637192010879517,0.8333463668823242,1.0,0.0,10.0
exp1_empty_1,2770,483.010498046875,1.284810185432434,0.39011356234550476,1.0,0.0,13.0
exp1_empty_1,2771,422.95074462890625,0.9834353923797607,0.8392416834831238,1.0,0.0,13.0
exp1_empty_1,2772,531.1777954101562,1.5129930973052979,0.5643757581710815,1.0,0.0,20.0
exp1_empty_1,2773,542.2039794921875,1.724759817123413,0.5769858360290527,1.0,0.0,23.0
exp1_empty_1,2774,616.8186645507812,1.5143654346466064,0.2717130184173584,1.0,0.0,27.0
exp1_empty_1,2775,437.61273193359375,1.7373558282852173,0.7220636010169983,1.0,0.0,6.0
exp1_empty_1,2776,467.02667236328125,2.4650979042053223,0.4594951272010803,1.0,0.0,5.0
exp1_empty_1,2777,688.7344360351562,2.858358144760132,0.42792245745658875,1.0,0.0,18.0
exp1_empty_1,2778,425.5708312988281,1.0383281707763672,0.8287233710289001,1.0,0.0,16.0
exp1_empty_1,2779,465.7476501464844,2.9151506423950195,0.6241474151611328,1.0,0.0,4.0
exp1_empty_1,2781,471.5492858886719,1.2972825765609741,0.829098105430603,1.0,0.0,20.0
exp1_empty_1,2782,561.9760131835938,2.6771490573883057,0.5104908347129822,1.0,0.0,11.0
exp1_empty_1,2783,494.86865234375,1.838677167892456,0.6763854622840881,1.0,0.0,11.0
exp1_empty_1,2784,424.98553466796875,1.5828224420547485,0.8589634895324707,1.0,0.0,4.0
exp1_empty_1,2785,571.6924438476562,2.3255138397216797,0.30968210101127625,1.0,0.0,13.0
exp1_empty_1,2786,400.12567138671875,0.3743836283683777,0.3302895128726959,1.0,0.0,13.0
exp1_empty_1,2787,496.96685791015625,1.52048659324646,0.39309683442115784,1.0,0.0,14.0
exp1_empty_1,2788,707.6156616210938,3.727013349533081,0.37803778052330017,1.0,0.0,14.0
exp1_empty_1,2789,508.48980712890625,1.651975393295288,0.771140456199646,1.0,0.0,17.0
exp1_empty_1,2790,520.7755737304688,2.3874754905700684,0.6358416080474854,1.0,0.0,11.0
exp1_empty_1,2791,573.90283203125,1.3219643831253052,0.157009094953537,1.0,0.0,30.0
exp1_empty_1,2792,632.8533935546875,1.8739469051361084,0.7210224270820618,1.0,0.0,36.0
exp1_empty_1,2793,402.732666015625,0.9917303919792175,0.7428257465362549,1.0,0.0,26.0
exp1_empty_1,2794,477.39495849609375,2.226910352706909,0.6199820637702942,1.0,0.0,7.0
exp1_empty_1,2795,458.6079406738281,2.809279680252075,0.41480115056037903,1.0,0.0,4.0
exp1_empty_1,2796,419.7607421875,1.51223886013031,0.9163727164268494,1.0,0.0,3.0
exp1_empty_1,2797,589.2457275390625,4.248225212097168,0.23491916060447693,1.0,0.0,7.0
exp1_empty_1,2798,561.0044555664062,2.7234342098236084,0.5077854990959167,1.0,0.0,11.0
exp1_empty_1,2799,548.5949096679688,3.948753595352173,0.21392767131328583,1.0,0.0,6.0
exp1_empty_1,2801,509.0676574707031,2.1642098426818848,0.4793820381164551,1.0,0.0,10.0
exp1_empty_1,2802,501.9095153808594,2.17049241065979,0.5913847088813782,1.0,0.0,9.0
exp1_empty_1,2803,468.8056335449219,1.3321771621704102,0.7840411067008972,1.0,0.0,28.0
exp1_empty_1,2804,439.8199462890625,1.4171123504638672,0.8026436567306519,1.0,0.0,9.0
exp1_empty_1,2805,451.26495361328125,1.2064504623413086,0.6523655652999878,1.0,0.0,18.0
exp1_empty_1,2806,497.13916015625,1.4666142463684082,0.703944742679596,1.0,0.0,22.0
exp1_empty_1,2807,450.94024658203125,1.1681454181671143,0.35724589228630066,1.0,0.0,13.0
exp1_empty_1,2808,460.0761413574219,1.7524776458740234,0.729546308517456,1.0,0.0,12.0
exp1_empty_1,2809,473.47802734375,1.130787968635559,0.3543986678123474,1.0,0.0,14.0
exp1_empty_1,2810,677.7762451171875,2.3773303031921387,0.24300682544708252,1.0,0.0,20.0
exp1_empty_1,2811,509.8135986328125,1.8537951707839966,0.7156265377998352,1.0,0.0,14.0
exp1_empty_1,2812,499.24017333984375,1.847680926322937,0.6933577656745911,1.0,0.0,12.0
exp1_empty_1,2813,416.59259033203125,0.7890294194221497,0.5450224280357361,1.0,0.0,9.0
exp1_empty_1,2814,578.6061401367188,4.07241153717041,0.24146483838558197,1.0,0.0,7.0
exp1_empty_1,2815,639.1783447265625,4.237555027008057,0.15166325867176056,1.0,0.0,9.0
exp1_empty_1,2816,437.7384033203125,0.7713650465011597,0.3647646903991699,1.0,0.0,14.0
exp1_empty_1,2817,382.35308837890625,0.827213704586029,0.6323123574256897,1.0,0.0,47.0
exp1_empty_1,2818,648.4585571289062,2.7135162353515625,0.43878015875816345,1.0,0.0,17.0
exp1_empty_1,2819,444.6663818359375,1.4322094917297363,0.6677832007408142,1.0,0.0,8.0
exp1_empty_1,2821,436.8236083984375,1.4868557453155518,0.74872225522995,1.0,0.0,8.0
exp1_empty_1,2822,579.824951171875,2.1731507778167725,0.4589107632637024,1.0,0.0,17.0
exp1_empty_1,2823,575.773193359375,2.4946348667144775,0.4888443052768707,1.0,0.0,14.0
exp1_empty_1,2824,741.325439453125,2.62789249420166,0.3651232421398163,1.0,0.0,22.0
exp1_empty_1,2825,500.01666259765625,1.6832196712493896,0.5253380537033081,1.0,0.0,13.0
exp1_empty_1,2826,538.8721923828125,1.6348588466644287,0.5936022996902466,1.0,0.0,26.0
exp1_empty_1,2827,579.90380859375,4.0800371170043945,0.17308293282985687,1.0,0.0,7.0
exp1_empty_1,2828,443.7445373535156,1.325255274772644,0.7637286186218262,1.0,0.0,14.0
exp1_empty_1,2829,452.9956970214844,1.695748209953308,0.7700856924057007,1.0,0.0,13.0
exp1_empty_1,2830,674.54638671875,2.1737027168273926,0.5802249908447266,1.0,0.0,27.0
exp1_empty_1,2831,602.17822265625,1.4862004518508911,0.6318601369857788,1.0,0.0,44.0
exp1_empty_1,2832,534.9061889648438,2.141706943511963,0.6110060214996338,1.0,0.0,13.0
exp1_empty_1,2833,442.91864013671875,1.2759783267974854,0.748753547668457,1.0,0.0,14.0
exp1_empty_1,2834,605.3666381835938,3.704332113265991,0.2305542677640915,1.0,0.0,9.0
exp1_empty_1,2835,579.4920654296875,4.03122091293335,0.11650868505239487,1.0,0.0,7.0
exp1_empty_1,2836,583.3091430664062,3.6701865196228027,0.23800775408744812,1.0,0.0,8.0
exp1_empty_1,2837,406.0922546386719,0.9257383942604065,0.9807989001274109,1.0,0.0,42.0
exp1_empty_1,2838,638.827880859375,2.3491313457489014,0.6199423670768738,1.0,0.0,21.0
exp1_empty_1,2839,472.3060302734375,1.3541584014892578,0.7024158835411072,1.0,0.0,19.0
exp1_empty_1,2841,438.79632568359375,1.2199848890304565,0.7119035124778748,1.0,0.0,12.0
exp1_empty_1,2842,448.4031982421875,1.50003981590271,0.8367182612419128,1.0,0.0,9.0
exp1_empty_1,2843,521.2286987304688,2.5108163356781006,0.6081879138946533,1.0,0.0,9.0
exp1_empty_1,2844,534.3580322265625,1.6793911457061768,0.5898666977882385,1.0,0.0,23.0
exp1_empty_1,2845,563.4407958984375,3.7169711589813232,0.2996062934398651,1.0,0.0,7.0
exp1_empty_1,2846,442.7687683105469,1.651822566986084,0.685994565486908,1.0,0.0,6.0
exp1_empty_1,2847,492.2026062011719,2.247781753540039,0.38980960845947266,1.0,0.0,7.0
exp1_empty_1,2848,452.83135986328125,1.4332506656646729,0.3878926932811737,1.0,0.0,7.0
exp1_empty_1,2849,482.2378845214844,1.6775836944580078,0.5379096865653992,1.0,0.0,10.0
exp1_empty_1,2850,422.3511657714844,1.3302077054977417,0.8382721543312073,1.0,0.0,6.0
exp1_empty_1,2851,740.96484375,2.975564479827881,0.32637614011764526,1.0,0.0,20.0
exp1_empty_1,2852,461.9103698730469,1.6821599006652832,0.7911397814750671,1.0,0.0,8.0
exp1_empty_1,2853,508.9808654785156,1.2542890310287476,0.36777815222740173,1.0,0.0,20.0
exp1_empty_1,2854,476.755126953125,1.9884451627731323,0.20838166773319244,1.0,0.0,7.0
exp1_empty_1,2855,498.7178955078125,2.043980121612549,0.655569851398468,1.0,0.0,10.0
exp1_empty_1,2856,415.05548095703125,0.6579862833023071,0.5160301923751831,1.0,0.0,8.0
exp1_empty_1,2857,558.3240356445312,2.981255292892456,0.33303627371788025,1.0,0.0,9.0
exp1_empty_1,2858,468.344482421875,1.2522133588790894,0.6034194231033325,1.0,0.0,16.0
exp1_empty_1,2859,425.516845703125,1.0172834396362305,0.8462831377983093,1.0,0.0,23.0
exp1_empty_1,2861,442.3965759277344,1.4926997423171997,0.8113846182823181,1.0,0.0,8.0
exp1_empty_1,2862,465.86492919921875,1.5041130781173706,0.7940148711204529,1.0,0.0,12.0
exp1_empty_1,2863,747.5570678710938,2.7179903984069824,0.19763922691345215,1.0,0.0,22.0
exp1_empty_1,2864,416.91046142578125,1.3614258766174316,0.8008672595024109,1.0,0.0,6.0
exp1_empty_1,2865,450.1335144042969,2.3953137397766113,0.5493911504745483,1.0,0.0,4.0
exp1_empty_1,2866,524.499755859375,1.8846932649612427,0.4030434787273407,1.0,0.0,12.0
exp1_empty_1,2867,476.19769287109375,2.2050936222076416,0.7202925086021423,1.0,0.0,7.0
exp1_empty_1,2868,537.483154296875,2.0588555335998535,0.5165401697158813,1.0,0.0,13.0
exp1_empty_1,2869,513.8873901367188,1.9520697593688965,0.7850673794746399,1.0,0.0,15.0
exp1_empty_1,2870,444.0607604980469,1.3071620464324951,0.5177536606788635,1.0,0.0,7.0
exp1_empty_1,2871,653.9882202148438,2.5703611373901367,0.5074092745780945,1.0,0.0,19.0
exp1_empty_1,2872,422.8359375,1.2410740852355957,0.8588526844978333,1.0,0.0,18.0
exp1_empty_1,2873,635.0928955078125,2.4392080307006836,0.5300474762916565,1.0,0.0,21.0
exp1_empty_1,2874,559.0233764648438,3.7247695922851562,0.35397884249687195,1.0,0.0,7.0
exp1_empty_1,2875,444.2733154296875,2.5692012310028076,0.5673383474349976,1.0,0.0,3.0
exp1_empty_1,2876,545.1648559570312,2.947247266769409,0.24553844332695007,1.0,0.0,8.0
exp1_empty_1,2877,471.2719421386719,1.614745020866394,0.7292837500572205,1.0,0.0,13.0
exp1_empty_1,2878,422.3955993652344,1.1369960308074951,0.7648913860321045,1.0,0.0,8.0
exp1_empty_1,2879,503.8052978515625,1.7298046350479126,0.3846208453178406,1.0,0.0,11.0
exp1_empty_1,2881,533.2609252929688,1.9158506393432617,0.18835188448429108,1.0,0.0,12.0
exp1_empty_1,2882,468.4283142089844,1.616186499595642,0.3239120543003082,1.0,0.0,8.0
exp1_empty_1,2883,430.75189208984375,0.7283756136894226,0.2998374402523041,1.0,0.0,21.0
exp1_empty_1,2884,460.18560791015625,1.7897919416427612,0.6651787161827087,1.0,0.0,8.0
exp1_empty_1,2885,542.1405639648438,1.9199059009552002,0.6097727417945862,1.0,0.0,16.0
exp1_empty_1,2886,466.67742919921875,1.4312922954559326,0.7275084853172302,1.0,0.0,11.0
exp1_empty_1,2887,639.6465454101562,1.8123714923858643,0.32113179564476013,1.0,0.0,25.0
exp1_empty_1,2888,501.5409851074219,1.1782796382904053,0.3178635239601135,1.0,0.0,18.0
exp1_empty_1,2889,579.0145263671875,2.190068483352661,0.5667601227760315,1.0,0.0,17.0
exp1_empty_1,2890,501.0400390625,3.2786216735839844,0.18452653288841248,1.0,0.0,5.0
exp1_empty_1,2891,498.8337707519531,1.953351378440857,0.327004075050354,1.0,0.0,9.0
exp1_empty_1,2892,460.01806640625,1.410604476928711,0.6233133673667908,1.0,0.0,15.0
exp1_empty_1,2893,462.3213195800781,1.2177033424377441,0.15618836879730225,1.0,0.0,10.0
exp1_empty_1,2894,585.18115234375,1.6453994512557983,0.571532666683197,1.0,0.0,30.0
exp1_empty_1,2895,472.6900634765625,2.196617364883423,0.5783635377883911,1.0,0.0,6.0
exp1_empty_1,2896,617.7322387695312,2.2281482219696045,0.6913619041442871,1.0,0.0,21.0
exp1_empty_1,2897,396.99591064453125,0.8645706176757812,0.8391225934028625,1.0,0.0,20.0
exp1_empty_1,2898,399.9439697265625,0.8052003979682922,0.8147047162055969,1.0,0.0,24.0
exp1_empty_1,2899,442.54052734375,0.626164972782135,0.14375203847885132,1.0,0.0,41.0
exp1_empty_1,2901,671.0169677734375,2.1968271732330322,0.3422870337963104,1.0,0.0,23.0
exp1_empty_1,2902,575.0303955078125,1.5647979974746704,0.3541347086429596,1.0,0.0,22.0
exp1_empty_1,2903,459.05047607421875,1.4896489381790161,0.6453683972358704,1.0,0.0,12.0
exp1_empty_1,2904,564.7012939453125,1.332749366760254,0.23143237829208374,1.0,0.0,25.0
exp1_empty_1,2905,493.28155517578125,1.2837316989898682,0.3251800537109375,1.0,0.0,15.0
exp1_empty_1,2906,585.3809204101562,3.1320250034332275,0.34947672486305237,1.0,0.0,10.0
exp1_empty_1,2907,416.86663818359375,0.5837657451629639,0.36347371339797974,1.0,0.0,15.0
exp1_empty_1,2908,600.5225830078125,2.426274538040161,0.5505830645561218,1.0,0.0,16.0
exp1_empty_1,2909,407.3244934082031,0.5523020029067993,0.5824130177497864,1.0,0.0,10.0
exp1_empty_1,2910,466.59027099609375,1.5921860933303833,0.8232797384262085,1.0,0.0,13.0
exp1_empty_1,2911,452.0435791015625,1.0364359617233276,0.9519469141960144,1.0,0.0,52.0
exp1_empty_1,2912,701.08203125,2.6470096111297607,0.3078041076660156,1.0,0.0,20.0
exp1_empty_1,2913,427.8973388671875,0.9262793660163879,0.5973779559135437,1.0,0.0,18.0
exp1_empty_1,2914,522.0689086914062,1.789631962776184,0.3349844813346863,1.0,0.0,13.0
exp1_empty_1,2915,508.234375,1.9794515371322632,0.5230869054794312,1.0,0.0,10.0
exp1_empty_1,2916,495.1553039550781,1.253330111503601,0.4565308392047882,1.0,0.0,17.0
exp1_empty_1,2917,511.8914489746094,2.451098680496216,0.556246280670166,1.0,0.0,9.0
exp1_empty_1,2918,466.31427001953125,1.6725397109985352,0.504051148891449,1.0,0.0,8.0
exp1_empty_1,2919,646.99658203125,1.9973634481430054,0.5129804015159607,1.0,0.0,25.0
exp1_empty_1,2921,457.32086181640625,2.1748034954071045,0.642731249332428,1.0,0.0,5.0
exp1_empty_1,2922,459.7436218261719,1.2140986919403076,0.4014970064163208,1.0,0.0,17.0
exp1_empty_1,2923,731.593017578125,3.217576742172241,0.2088557928800583,1.0,0.0,17.0
exp1_empty_1,2924,555.0791015625,2.195488452911377,0.5818105936050415,1.0,0.0,14.0
exp1_empty_1,2925,630.0639038085938,1.782165288925171,0.4706158936023712,1.0,0.0,26.0
exp1_empty_1,2926,509.52264404296875,1.8103078603744507,0.6224018335342407,1.0,0.0,12.0
exp1_empty_1,2927,469.34759521484375,2.086217164993286,0.5897101759910583,1.0,0.0,6.0
exp1_empty_1,2928,608.8346557617188,2.39691162109375,0.3802527189254761,1.0,0.0,16.0
exp1_empty_1,2929,560.4940185546875,2.2068755626678467,0.34077388048171997,1.0,0.0,13.0
exp1_empty_1,2930,409.2015075683594,0.7113791108131409,0.3506278097629547,1.0,0.0,6.0
exp1_empty_1,2931,612.064208984375,2.084512233734131,0.24762214720249176,1.0,0.0,18.0
exp1_empty_1,2932,537.277587890625,1.7872188091278076,0.7616939544677734,1.0,0.0,19.0
exp1_empty_1,2933,664.3965454101562,2.6694159507751465,0.4994249939918518,1.0,0.0,20.0
exp1_empty_1,2934,462.0917053222656,1.0581660270690918,0.8980071544647217,1.0,0.0,30.0
exp1_empty_1,2935,409.39825439453125,0.7902973890304565,0.6999883651733398,1.0,0.0,10.0
exp1_empty_1,2936,676.5662841796875,2.5193183422088623,0.48135051131248474,1.0,0.0,20.0
exp1_empty_1,2937,562.1427001953125,2.8075852394104004,0.49235019087791443,1.0,0.0,10.0
exp1_empty_1,2938,477.47076416015625,1.478574275970459,0.7143412828445435,1.0,0.0,13.0
exp1_empty_1,2939,671.0167236328125,3.056227922439575,0.3762332797050476,1.0,0.0,15.0
exp1_empty_1,2941,546.5894775390625,2.3704073429107666,0.5881717205047607,1.0,0.0,12.0
exp1_empty_1,2942,569.4876708984375,2.148141622543335,0.430344820022583,1.0,0.0,14.0
exp1_empty_1,2943,678.6287841796875,2.4049108028411865,0.4347114562988281,1.0,0.0,23.0
exp1_empty_1,2944,498.5903625488281,3.3099968433380127,0.5013774633407593,1.0,0.0,5.0
exp1_empty_1,2945,433.66119384765625,1.514359951019287,0.48123228549957275,1.0,0.0,6.0
exp1_empty_1,2946,470.3031311035156,1.4057546854019165,0.4095192849636078,1.0,0.0,10.0
exp1_empty_1,2947,471.4623107910156,1.9749650955200195,0.606935441493988,1.0,0.0,8.0
exp1_empty_1,2948,482.14630126953125,1.8694671392440796,0.7022711038589478,1.0,0.0,10.0
exp1_empty_1,2949,385.76922607421875,0.6931211948394775,0.7579699754714966,1.0,0.0,16.0
exp1_empty_1,2950,441.94915771484375,1.5093060731887817,0.6451448798179626,1.0,0.0,6.0
exp1_empty_1,2951,437.1092834472656,1.2165961265563965,0.8030548095703125,1.0,0.0,9.0
exp1_empty_1,2952,478.0042419433594,2.0395801067352295,0.47237682342529297,1.0,0.0,7.0
exp1_empty_1,2953,525.740234375,1.2923341989517212,0.30995264649391174,1.0,0.0,21.0
exp1_empty_1,2954,594.5367431640625,3.825132369995117,0.09062585234642029,1.0,0.0,8.0
exp1_empty_1,2955,513.8858642578125,2.3081512451171875,0.5832289457321167,1.0,0.0,10.0
exp1_empty_1,2956,361.0863037109375,0.45745858550071716,0.2552947700023651,1.0,0.0,34.0
exp1_empty_1,2957,504.8964538574219,1.8727372884750366,0.7534172534942627,1.0,0.0,12.0
exp1_empty_1,2958,416.2782287597656,0.8285672068595886,0.6547115445137024,1.0,0.0,12.0
exp1_empty_1,2959,523.5038452148438,1.7610454559326172,0.41666507720947266,1.0,0.0,13.0
exp1_empty_1,2961,565.05712890625,1.8306201696395874,0.468093603849411,1.0,0.0,17.0
exp1_empty_1,2962,444.1146545410156,0.9944906830787659,0.3118976652622223,1.0,0.0,11.0
exp1_empty_1,2963,713.6402587890625,2.563417434692383,0.40908604860305786,1.0,0.0,23.0
exp1_empty_1,2964,560.6141357421875,2.22694993019104,0.4839308559894562,1.0,0.0,14.0
exp1_empty_1,2965,509.075439453125,2.7266926765441895,0.5412372350692749,1.0,0.0,7.0
exp1_empty_1,2966,562.0142822265625,3.0040230751037598,0.35507363080978394,1.0,0.0,9.0
exp1_empty_1,2967,448.3581237792969,1.9377450942993164,0.5132067799568176,1.0,0.0,5.0
exp1_empty_1,2968,428.27288818359375,1.2533444166183472,0.6653410792350769,1.0,0.0,9.0
exp1_empty_1,2969,491.385009765625,2.4400253295898438,0.7092480659484863,1.0,0.0,8.0
exp1_empty_1,2970,612.7830810546875,2.4655067920684814,0.5612708330154419,1.0,0.0,17.0
exp1_empty_1,2971,428.2774658203125,0.9343798160552979,0.4195909798145294,1.0,0.0,12.0
exp1_empty_1,2972,631.8219604492188,1.7253913879394531,0.7182539105415344,1.0,0.0,33.0
exp1_empty_1,2973,534.5675048828125,2.058846950531006,0.21735425293445587,1.0,0.0,11.0
exp1_empty_1,2974,579.200927734375,4.045090675354004,0.17768950760364532,1.0,0.0,7.0
exp1_empty_1,2975,717.907470703125,2.4989774227142334,0.4763580858707428,1.0,0.0,23.0
exp1_empty_1,2976,420.7698059082031,0.6302675008773804,0.47890758514404297,1.0,0.0,12.0
exp1_empty_1,2977,496.13916015625,1.9810024499893188,0.7848572134971619,1.0,0.0,11.0
exp1_empty_1,2978,519.6669311523438,2.360811710357666,0.5501570105552673,1.0,0.0,10.0
exp1_empty_1,2979,609.3958740234375,2.144205331802368,0.25720450282096863,1.0,0.0,17.0
exp1_empty_1,2981,539.8739624023438,1.8047804832458496,0.6349796056747437,1.0,0.0,17.0
exp1_empty_1,2982,518.290283203125,2.3296732902526855,0.5109256505966187,1.0,0.0,9.0
exp1_empty_1,2983,537.5419921875,1.7845265865325928,0.7604775428771973,1.0,0.0,21.0
exp1_empty_1,2984,471.03839111328125,1.565062403678894,0.563322901725769,1.0,0.0,13.0
exp1_empty_1,2985,566.8292236328125,1.860966682434082,0.562663733959198,1.0,0.0,21.0
exp1_empty_1,2986,549.4061279296875,3.1086671352386475,0.255680650472641,1.0,0.0,8.0
exp1_empty_1,2987,640.361328125,1.7619913816452026,0.3808423578739166,1.0,0.0,25.0
exp1_empty_1,2988,450.10992431640625,4.013031482696533,0.42817291617393494,1.0,0.0,3.0
exp1_empty_1,2989,453.8804626464844,2.509021282196045,0.633297324180603,1.0,0.0,4.0
exp1_empty_1,2990,590.88427734375,2.1246585845947266,0.49467042088508606,1.0,0.0,17.0
exp1_empty_1,2991,445.74932861328125,1.4006303548812866,0.7769375443458557,1.0,0.0,14.0
exp1_empty_1,2992,434.3893737792969,0.9674563407897949,0.5856911540031433,1.0,0.0,12.0
exp1_empty_1,2993,426.245849609375,0.9522916674613953,0.7590776681900024,1.0,0.0,15.0
exp1_empty_1,2994,543.3895263671875,1.778075933456421,0.4504842460155487,1.0,0.0,16.0
exp1_empty_1,2995,486.433837890625,1.6104803085327148,0.3830242156982422,1.0,0.0,10.0
exp1_empty_1,2996,488.8104553222656,1.6210559606552124,0.31383422017097473,1.0,0.0,11.0
exp1_empty_1,2997,562.4174194335938,3.6822564601898193,0.11182788759469986,1.0,0.0,7.0
exp1_empty_1,2998,654.1318359375,2.830226182937622,0.38908740878105164,1.0,0.0,16.0
exp1_empty_1,2999,580.2633666992188,1.6603820323944092,0.5931702852249146,1.0,0.0,29.0
exp1_empty_1,3001,474.8663024902344,1.6008861064910889,0.6698336005210876,1.0,0.0,14.0
exp1_empty_1,3002,448.75067138671875,1.476861596107483,0.6984331011772156,1.0,0.0,11.0
exp1_empty_1,3003,625.3230590820312,2.096784830093384,0.5016994476318359,1.0,0.0,21.0
exp1_empty_1,3004,471.9337463378906,1.6075466871261597,0.564063549041748,1.0,0.0,9.0
exp1_empty_1,3005,637.3908081054688,2.498795986175537,0.2206757366657257,1.0,0.0,16.0
exp1_empty_1,3006,657.438232421875,2.2783236503601074,0.28191906213760376,1.0,0.0,20.0
exp1_empty_1,3007,590.4794311523438,1.7645983695983887,0.6868098974227905,1.0,0.0,30.0
exp1_empty_1,3008,450.4717712402344,1.8201969861984253,0.792283833026886,1.0,0.0,7.0
exp1_empty_1,3009,713.3253173828125,2.100447177886963,0.4874839782714844,1.0,0.0,31.0
exp1_empty_1,3010,432.629638671875,1.0627427101135254,0.5671985745429993,1.0,0.0,13.0
exp1_empty_1,3011,513.4746704101562,1.6564699411392212,0.7046513557434082,1.0,0.0,21.0
exp1_empty_1,3012,614.4124755859375,3.24039363861084,0.24105587601661682,1.0,0.0,11.0
exp1_empty_1,3013,573.1326293945312,3.9170584678649902,0.19544801115989685,1.0,0.0,7.0
exp1_empty_1,3014,499.9510192871094,1.8759856224060059,0.6802986264228821,1.0,0.0,12.0
exp1_empty_1,3015,628.6292114257812,3.4969263076782227,0.2516222596168518,1.0,0.0,11.0
exp1_empty_1,3016,596.1888427734375,2.360173463821411,0.6172705888748169,1.0,0.0,18.0
exp1_empty_1,3017,480.6310729980469,1.8702797889709473,0.7095450758934021,1.0,0.0,11.0
exp1_empty_1,3018,648.2277221679688,2.510901927947998,0.48614606261253357,1.0,0.0,19.0
exp1_empty_1,3019,442.4148864746094,1.6189113855361938,0.8081013560295105,1.0,0.0,7.0
exp1_empty_1,3021,427.88043212890625,1.3191070556640625,0.8328518271446228,1.0,0.0,14.0
exp1_empty_1,3022,581.6853637695312,2.478860378265381,0.6303116679191589,1.0,0.0,15.0
exp1_empty_1,3023,460.0028991699219,1.2972986698150635,0.797540009021759,1.0,0.0,15.0
exp1_empty_1,3024,700.9134521484375,2.2578177452087402,0.6246874332427979,1.0,0.0,27.0
exp1_empty_1,3025,528.5326538085938,2.4820396900177,0.577081561088562,1.0,0.0,10.0
exp1_empty_1,3026,482.03936767578125,1.784483790397644,0.588463544845581,1.0,0.0,11.0
exp1_empty_1,3027,632.9945068359375,3.865522861480713,0.26247426867485046,1.0,0.0,10.0
exp1_empty_1,3028,465.84613037109375,1.6808768510818481,0.5686773657798767,1.0,0.0,9.0
exp1_empty_1,3029,542.048828125,2.5571377277374268,0.518190324306488,1.0,0.0,10.0
exp1_empty_1,3030,597.2884521484375,2.974822759628296,0.23679913580417633,1.0,0.0,11.0
exp1_empty_1,3031,696.6949462890625,2.1156270503997803,0.4896675646305084,1.0,0.0,29.0
exp1_empty_1,3032,645.2897338867188,2.8896608352661133,0.4250311851501465,1.0,0.0,15.0
exp1_empty_1,3033,615.6079711914062,1.9641621112823486,0.29757076501846313,1.0,0.0,20.0
exp1_empty_1,3034,499.18511962890625,1.8125730752944946,0.6434190273284912,1.0,0.0,13.0
exp1_empty_1,3035,496.8257141113281,1.882563829421997,0.6956666707992554,1.0,0.0,13.0
exp1_empty_1,3036,505.7723693847656,1.7691868543624878,0.7561408281326294,1.0,0.0,14.0
exp1_empty_1,3037,436.341064453125,0.950141191482544,0.4585743248462677,1.0,0.0,13.0
exp1_empty_1,3038,550.9026489257812,2.2452192306518555,0.5103145241737366,1.0,0.0,14.0
exp1_empty_1,3039,486.26177978515625,1.313987374305725,0.8004841208457947,1.0,0.0,24.0
exp1_empty_1,3041,514.4447021484375,1.824601411819458,0.74193274974823,1.0,0.0,16.0
exp1_empty_1,3042,591.8624267578125,2.0036871433258057,0.5765204429626465,1.0,0.0,20.0
exp1_empty_1,3043,466.82000732421875,1.070687174797058,0.8879656195640564,1.0,0.0,37.0
exp1_empty_1,3044,458.2974548339844,1.6317787170410156,0.6728641390800476,1.0,0.0,10.0
exp1_empty_1,3045,496.820556640625,2.044461488723755,0.6879197955131531,1.0,0.0,11.0
exp1_empty_1,3046,483.5987548828125,2.293912649154663,0.6688622236251831,1.0,0.0,7.0
exp1_empty_1,3047,467.7007751464844,1.7767194509506226,0.6345807909965515,1.0,0.0,8.0
exp1_empty_1,3048,586.2815551757812,3.78839111328125,0.1768762469291687,1.0,0.0,8.0
exp1_empty_1,3049,450.74176025390625,1.9475367069244385,0.6883964538574219,1.0,0.0,5.0
exp1_empty_1,3050,441.5587158203125,1.5956677198410034,0.7746918201446533,1.0,0.0,6.0
exp1_empty_1,3051,458.39068603515625,1.9090220928192139,0.6367077231407166,1.0,0.0,8.0
exp1_empty_1,3052,483.7575988769531,1.5795366764068604,0.7499425411224365,1.0,0.0,18.0
exp1_empty_1,3053,471.07391357421875,1.6084275245666504,0.77920001745224,1.0,0.0,11.0
exp1_empty_1,3054,560.7109985351562,3.6856155395507812,0.14789333939552307,1.0,0.0,7.0
exp1_empty_1,3055,629.1783447265625,3.0379209518432617,0.2707054316997528,1.0,0.0,13.0
exp1_empty_1,3056,701.820556640625,3.0040149688720703,0.33875682950019836,1.0,0.0,18.0
exp1_empty_1,3057,456.0467224121094,1.488589882850647,0.8036656975746155,1.0,0.0,25.0
exp1_empty_1,3058,462.0362548828125,1.6062029600143433,0.7742153406143188,1.0,0.0,11.0
exp1_empty_1,3059,694.857666015625,2.39583683013916,0.4997342526912689,1.0,0.0,26.0
exp1_empty_1,3061,645.2669067382812,1.9113061428070068,0.37929123640060425,1.0,0.0,23.0
exp1_empty_1,3062,587.936767578125,1.9656999111175537,0.6129905581474304,1.0,0.0,23.0
exp1_empty_1,3063,592.36376953125,2.821655035018921,0.4071572422981262,1.0,0.0,13.0
exp1_empty_1,3064,527.6719360351562,2.5181362628936768,0.44837066531181335,1.0,0.0,9.0
exp1_empty_1,3065,505.0375671386719,1.9055474996566772,0.47162899374961853,1.0,0.0,10.0
exp1_empty_1,3066,535.8668212890625,1.9788925647735596,0.669566810131073,1.0,0.0,15.0
exp1_empty_1,3067,483.3555908203125,1.7884148359298706,0.6036705374717712,1.0,0.0,9.0
exp1_empty_1,3068,614.6311645507812,1.856990933418274,0.43552735447883606,1.0,0.0,22.0
exp1_empty_1,3069,625.1923828125,2.0838823318481445,0.5734745264053345,1.0,0.0,23.0
exp1_empty_1,3070,449.5767822265625,1.7648245096206665,0.5937502980232239,1.0,0.0,7.0
exp1_empty_1,3071,600.8446044921875,2.3805086612701416,0.563887894153595,1.0,0.0,17.0
exp1_empty_1,3072,492.4982604980469,1.9601006507873535,0.5560586452484131,1.0,0.0,9.0
exp1_empty_1,3073,474.3374328613281,2.2574288845062256,0.723294734954834,1.0,0.0,8.0
exp1_empty_1,3074,518.7598876953125,1.6633812189102173,0.7755683660507202,1.0,0.0,20.0
exp1_empty_1,3075,678.053466796875,1.6053037643432617,0.7786480784416199,1.0,0.0,51.0
exp1_empty_1,3076,528.120849609375,2.4184672832489014,0.3660936951637268,1.0,0.0,9.0
exp1_empty_1,3077,407.8713073730469,1.0715323686599731,0.7394123077392578,1.0,0.0,8.0
exp1_empty_1,3078,573.7933349609375,2.2637102603912354,0.5185877084732056,1.0,0.0,14.0
exp1_empty_1,3079,740.448974609375,4.235925674438477,0.11755358427762985,1.0,0.0,13.0
exp1_empty_1,3081,574.39599609375,4.023331165313721,0.27634692192077637,1.0,0.0,7.0
exp1_empty_1,3082,709.8366088867188,2.744084596633911,0.5188427567481995,1.0,0.0,22.0
exp1_empty_1,3083,620.9189453125,2.503284215927124,0.5226419568061829,1.0,0.0,17.0
exp1_empty_1,3084,477.06500244140625,1.5059261322021484,0.6012428402900696,1.0,0.0,12.0
exp1_empty_1,3085,517.685791015625,2.5423972606658936,0.2964843809604645,1.0,0.0,8.0
exp1_empty_1,3086,439.3876647949219,1.4434524774551392,0.8924954533576965,1.0,0.0,10.0
exp1_empty_1,3087,667.3621826171875,3.1307175159454346,0.3893846869468689,1.0,0.0,15.0
exp1_empty_1,3088,454.8246765136719,1.8667174577713013,0.7228584289550781,1.0,0.0,6.0
exp1_empty_1,3089,686.479736328125,3.3901846408843994,0.35099151730537415,1.0,0.0,15.0
exp1_empty_1,3090,484.87042236328125,2.2610175609588623,0.48574358224868774,1.0,0.0,7.0
exp1_empty_1,3091,498.0666809082031,2.122385263442993,0.4714880585670471,1.0,0.0,9.0
exp1_empty_1,3092,526.6950073242188,2.0540361404418945,0.4863400161266327,1.0,0.0,12.0
exp1_empty_1,3093,646.89208984375,3.0737226009368896,0.48584792017936707,1.0,0.0,15.0
exp1_empty_1,3094,470.91522216796875,1.4878133535385132,0.7881584167480469,1.0,0.0,21.0
exp1_empty_1,3095,691.6845092773438,2.0942025184631348,0.5973031520843506,1.0,0.0,34.0
exp1_empty_1,3096,319.462890625,0.7508289217948914,1.0212936401367188,1.0,0.0,89.0
exp1_empty_1,3097,481.72607421875,1.5131906270980835,0.8994032740592957,1.0,0.0,21.0
exp1_empty_1,3098,546.1376342773438,2.338639259338379,0.6476059556007385,1.0,0.0,15.0
exp1_empty_1,3099,418.42510986328125,1.0052409172058105,0.6363111138343811,1.0,0.0,8.0
exp1_empty_1,3101,467.53997802734375,3.0499753952026367,0.44453394412994385,1.0,0.0,4.0
exp1_empty_1,3102,468.7962646484375,1.7922049760818481,0.8293347954750061,1.0,0.0,12.0
exp1_empty_1,3103,524.544677734375,1.5921300649642944,0.3703096807003021,1.0,0.0,15.0
exp1_empty_1,3104,535.6239013671875,3.620532989501953,0.3187999427318573,1.0,0.0,6.0
exp1_empty_1,3105,675.7118530273438,2.530447244644165,0.5430972576141357,1.0,0.0,25.0
exp1_empty_1,3106,606.94873046875,2.343400239944458,0.31884998083114624,1.0,0.0,15.0
exp1_empty_1,3107,625.757080078125,2.558889150619507,0.43238481879234314,1.0,0.0,17.0
exp1_empty_1,3108,470.6753845214844,1.6458115577697754,0.7416880130767822,1.0,0.0,12.0
exp1_empty_1,3109,475.41790771484375,1.570868968963623,0.7892788648605347,1.0,0.0,15.0
exp1_empty_1,3110,457.89581298828125,2.280247449874878,0.6218892335891724,1.0,0.0,5.0
exp1_empty_1,3111,506.5594177246094,2.4601142406463623,0.5135939717292786,1.0,0.0,9.0
exp1_empty_1,3112,503.9582214355469,1.9573508501052856,0.6229326128959656,1.0,0.0,11.0
exp1_empty_1,3113,540.8055419921875,1.9395689964294434,0.2706593871116638,1.0,0.0,13.0
exp1_empty_1,3114,536.9544067382812,2.029189348220825,0.646971583366394,1.0,0.0,18.0
exp1_empty_1,3115,606.1875610351562,2.819762945175171,0.3985239565372467,1.0,0.0,13.0
exp1_empty_1,3116,509.4350891113281,1.7497519254684448,0.29969555139541626,1.0,0.0,12.0
exp1_empty_1,3117,489.008544921875,1.899066686630249,0.7418710589408875,1.0,0.0,10.0
exp1_empty_1,3118,627.935302734375,1.9391162395477295,0.3021221160888672,1.0,0.0,23.0
exp1_empty_1,3119,499.8756408691406,1.9504432678222656,0.5936753749847412,1.0,0.0,15.0
exp1_empty_1,3121,534.5458984375,2.073444366455078,0.5740402340888977,1.0,0.0,16.0
exp1_empty_1,3122,429.2835998535156,1.0854692459106445,0.5208520293235779,1.0,0.0,7.0
exp1_empty_1,3123,501.04046630859375,1.7960796356201172,0.7328649163246155,1.0,0.0,14.0
exp1_empty_1,3124,506.6168212890625,1.3859235048294067,0.8165745139122009,1.0,0.0,28.0
exp1_empty_1,3125,474.388671875,1.4011986255645752,0.7751517295837402,1.0,0.0,34.0
exp1_empty_1,3126,517.2091064453125,2.6109676361083984,0.48900511860847473,1.0,0.0,8.0
exp1_empty_1,3127,558.0089111328125,2.131234645843506,0.6000319123268127,1.0,0.0,15.0
exp1_empty_1,3128,486.8468017578125,2.2236292362213135,0.5909677743911743,1.0,0.0,8.0
exp1_empty_1,3129,543.2254638671875,2.267812967300415,0.4476938545703888,1.0,0.0,11.0
exp1_empty_1,3130,486.2252197265625,1.8852276802062988,0.500490665435791,1.0,0.0,9.0
exp1_empty_1,3131,447.67266845703125,2.0761806964874268,0.7046666741371155,1.0,0.0,5.0
exp1_empty_1,3132,638.4786376953125,1.7408099174499512,0.3996924161911011,1.0,0.0,26.0
exp1_empty_1,3133,512.5752563476562,2.6971843242645264,0.3181397020816803,1.0,0.0,7.0
exp1_empty_1,3134,517.3867797851562,2.141158103942871,0.6348521113395691,1.0,0.0,11.0
exp1_empty_1,3135,437.6873779296875,1.6110860109329224,0.7546308636665344,1.0,0.0,7.0
exp1_empty_1,3136,548.7171630859375,3.2609386444091797,0.4446237087249756,1.0,0.0,8.0
exp1_empty_1,3137,615.7252807617188,2.9674975872039795,0.34949105978012085,1.0,0.0,13.0
exp1_empty_1,3138,586.777099609375,2.591390371322632,0.1549500674009323,1.0,0.0,12.0
exp1_empty_1,3139,409.2044982910156,0.9912353754043579,0.833623468875885,1.0,0.0,11.0
exp1_empty_1,3141,411.9011535644531,0.5775449275970459,0.22689013183116913,1.0,0.0,8.0
exp1_empty_1,3142,593.7166137695312,2.2621798515319824,0.6251499652862549,1.0,0.0,18.0
exp1_empty_1,3143,490.5874938964844,1.3169479370117188,0.44500675797462463,1.0,0.0,15.0
exp1_empty_1,3144,605.8842163085938,2.465771436691284,0.5139085054397583,1.0,0.0,16.0
exp1_empty_1,3145,478.59185791015625,2.691354274749756,0.5287104845046997,1.0,0.0,5.0
exp1_empty_1,3146,545.0121459960938,2.144535541534424,0.32054170966148376,1.0,0.0,12.0
exp1_empty_1,3147,470.051513671875,1.6689860820770264,0.8703658580780029,1.0,0.0,13.0
exp1_empty_1,3148,147.5803985595703,1.1264328956604004,0.8716833591461182,0.0,0.0,100.0
exp1_empty_1,3149,518.892578125,1.9531337022781372,0.7810923457145691,1.0,0.0,16.0
exp1_empty_1,3150,463.38336181640625,1.3704978227615356,0.8090929388999939,1.0,0.0,14.0
exp1_empty_1,3151,526.77099609375,1.3806190490722656,0.3711555004119873,1.0,0.0,19.0
exp1_empty_1,3152,598.9439086914062,1.9937372207641602,0.582923948764801,1.0,0.0,25.0
exp1_empty_1,3153,458.04559326171875,1.4328125715255737,0.8912964463233948,1.0,0.0,16.0
exp1_empty_1,3154,25.755163192749023,1.012123942375183,0.9493811726570129,0.0,0.0,100.0
exp1_empty_1,3155,409.1190185546875,1.0035909414291382,0.9242042899131775,1.0,0.0,11.0
exp1_empty_1,3156,536.5106201171875,3.777299642562866,0.23752526938915253,1.0,0.0,6.0
exp1_empty_1,3157,502.91253662109375,2.1391260623931885,0.6146860122680664,1.0,0.0,10.0
exp1_empty_1,3158,376.48040771484375,0.8003929257392883,0.9983721971511841,1.0,0.0,43.0
exp1_empty_1,3159,434.2917785644531,1.2909923791885376,0.8220454454421997,1.0,0.0,9.0
exp1_empty_1,3161,510.314453125,1.3596020936965942,0.8163370490074158,1.0,0.0,25.0
exp1_empty_1,3162,490.4226379394531,1.9441859722137451,0.7479261755943298,1.0,0.0,11.0
exp1_empty_1,3163,123.59745025634766,1.102880835533142,0.9348030686378479,0.0,0.0,100.0
exp1_empty_1,3164,439.161865234375,1.1304916143417358,0.8061591982841492,1.0,0.0,14.0
exp1_empty_1,3165,707.5780639648438,2.8655683994293213,0.2310560792684555,1.0,0.0,18.0
exp1_empty_1,3166,145.33262634277344,1.1262946128845215,0.9417724609375,0.0,0.0,100.0
exp1_empty_1,3167,359.9397277832031,0.7923142910003662,0.9190347790718079,1.0,0.0,65.0
exp1_empty_1,3168,593.806640625,2.616760730743408,0.5671020150184631,1.0,0.0,15.0
exp1_empty_1,3169,7.402169227600098,0.9395259618759155,0.9794322848320007,0.0,0.0,100.0
exp1_empty_1,3170,512.9685668945312,2.023446798324585,0.719106137752533,1.0,0.0,14.0
exp1_empty_1,3171,451.68487548828125,1.4774585962295532,0.640943706035614,1.0,0.0,10.0
exp1_empty_1,3172,491.67047119140625,2.944247007369995,0.2819398045539856,1.0,0.0,5.0
exp1_empty_1,3173,407.2593078613281,0.7052685618400574,0.7516457438468933,1.0,0.0,12.0
exp1_empty_1,3174,430.5030822753906,1.1001096963882446,0.8821529150009155,1.0,0.0,25.0
exp1_empty_1,3175,513.6607666015625,2.5833067893981934,0.484436959028244,1.0,0.0,8.0
exp1_empty_1,3176,479.5362243652344,1.826921820640564,0.6726568937301636,1.0,0.0,10.0
exp1_empty_1,3177,513.618408203125,2.359065532684326,0.5382794737815857,1.0,0.0,10.0
exp1_empty_1,3178,441.254638671875,0.753637969493866,0.43799296021461487,1.0,0.0,16.0
exp1_empty_1,3179,460.9531555175781,1.6196786165237427,0.8385515809059143,1.0,0.0,13.0
exp1_empty_1,3181,473.0957946777344,1.9902727603912354,0.6319490671157837,1.0,0.0,7.0
exp1_empty_1,3182,494.81390380859375,2.9041521549224854,0.6315883994102478,1.0,0.0,6.0
exp1_empty_1,3183,550.4713134765625,1.3544578552246094,0.4846157729625702,1.0,0.0,23.0
exp1_empty_1,3184,480.8567810058594,1.6167603731155396,0.6819507479667664,1.0,0.0,19.0
exp1_empty_1,3185,560.711181640625,1.3708387613296509,0.852416455745697,1.0,0.0,42.0
exp1_empty_1,3186,703.3195190429688,2.7110846042633057,0.4939400851726532,1.0,0.0,21.0
exp1_empty_1,3187,630.3735961914062,2.7487893104553223,0.4377683997154236,1.0,0.0,15.0
exp1_empty_1,3188,555.49267578125,2.0272607803344727,0.5710700154304504,1.0,0.0,17.0
exp1_empty_1,3189,452.0770263671875,1.6230268478393555,0.7204409241676331,1.0,0.0,12.0
exp1_empty_1,3190,410.3145446777344,0.6194197535514832,0.5188491344451904,1.0,0.0,9.0
exp1_empty_1,3191,669.7314453125,2.2118563652038574,0.30251649022102356,1.0,0.0,21.0
exp1_empty_1,3192,570.008056640625,1.910300612449646,0.3339810073375702,1.0,0.0,16.0
exp1_empty_1,3193,534.9930419921875,1.546351671218872,0.2520512640476227,1.0,0.0,16.0
exp1_empty_1,3194,484.89251708984375,1.734089732170105,0.6720665097236633,1.0,0.0,11.0
exp1_empty_1,3195,460.67828369140625,1.3137260675430298,0.8088216781616211,1.0,0.0,16.0
exp1_empty_1,3196,686.2713623046875,2.3490827083587646,0.49434977769851685,1.0,0.0,23.0
exp1_empty_1,3197,-117.56663513183594,0.7233285307884216,1.0139600038528442,0.0,0.0,100.0
exp1_empty_1,3198,521.2291259765625,1.8738937377929688,0.729993999004364,1.0,0.0,16.0
exp1_empty_1,3199,495.6855163574219,1.5681145191192627,0.49496445059776306,1.0,0.0,13.0
exp1_empty_1,3201,434.99755859375,1.1422839164733887,0.6991358995437622,1.0,0.0,13.0
exp1_empty_1,3202,744.5969848632812,3.0359609127044678,0.2203395962715149,1.0,0.0,19.0
exp1_empty_1,3203,550.5660400390625,3.1235742568969727,0.46027350425720215,1.0,0.0,8.0
exp1_empty_1,3204,417.10980224609375,0.8950656652450562,0.7140818238258362,1.0,0.0,13.0
exp1_empty_1,3205,452.511962890625,1.2216769456863403,0.6953862905502319,1.0,0.0,10.0
exp1_empty_1,3206,476.19952392578125,1.7338411808013916,0.7273992896080017,1.0,0.0,10.0
exp1_empty_1,3207,540.5408325195312,3.7228429317474365,0.13716576993465424,1.0,0.0,6.0
exp1_empty_1,3208,561.9857788085938,3.3701095581054688,0.28643640875816345,1.0,0.0,8.0
exp1_empty_1,3209,396.7760314941406,0.6166935563087463,0.3052660822868347,1.0,0.0,26.0
exp1_empty_1,3210,613.8306274414062,2.401185989379883,0.5961799025535583,1.0,0.0,20.0
exp1_empty_1,3211,677.77685546875,1.9992462396621704,0.2746393382549286,1.0,0.0,24.0
exp1_empty_1,3212,408.515380859375,0.9132656455039978,0.9086804986000061,1.0,0.0,9.0
exp1_empty_1,3213,411.2013854980469,0.8459572792053223,0.6148867607116699,1.0,0.0,17.0
exp1_empty_1,3214,510.8997802734375,1.9082653522491455,0.6403605937957764,1.0,0.0,13.0
exp1_empty_1,3215,471.8065490722656,1.485775113105774,0.7688377499580383,1.0,0.0,12.0
exp1_empty_1,3216,743.694580078125,3.303873300552368,0.2889920473098755,1.0,0.0,17.0
exp1_empty_1,3217,480.75860595703125,1.591623067855835,0.32889753580093384,1.0,0.0,10.0
exp1_empty_1,3218,467.8545227050781,1.4204720258712769,0.6934686899185181,1.0,0.0,17.0
exp1_empty_1,3219,503.8555908203125,1.694592833518982,0.49531134963035583,1.0,0.0,16.0
exp1_empty_1,3221,572.4661865234375,3.8604190349578857,0.20240876078605652,1.0,0.0,7.0
exp1_empty_1,3222,711.71337890625,4.379910945892334,0.15416289865970612,1.0,0.0,11.0
exp1_empty_1,3223,563.046875,2.4392826557159424,0.5636323690414429,1.0,0.0,14.0
exp1_empty_1,3224,469.64154052734375,1.2769664525985718,0.8938231468200684,1.0,0.0,20.0
exp1_empty_1,3225,663.14892578125,3.2903192043304443,0.32613852620124817,1.0,0.0,13.0
exp1_empty_1,3226,503.7002258300781,2.106529474258423,0.6431228518486023,1.0,0.0,10.0
exp1_empty_1,3227,474.6619567871094,1.368749737739563,0.8204283118247986,1.0,0.0,19.0
exp1_empty_1,3228,481.1128234863281,3.2715163230895996,0.4402115046977997,1.0,0.0,4.0
exp1_empty_1,3229,608.1367797851562,3.022045373916626,0.4635947644710541,1.0,0.0,12.0
exp1_empty_1,3230,449.67474365234375,1.9897923469543457,0.7103614807128906,1.0,0.0,6.0
exp1_empty_1,3231,515.5033569335938,1.9453153610229492,0.5985244512557983,1.0,0.0,16.0
exp1_empty_1,3232,586.68212890625,2.524675130844116,0.5290803909301758,1.0,0.0,15.0
exp1_empty_1,3233,411.6075134277344,0.8918465375900269,0.8207539319992065,1.0,0.0,9.0
exp1_empty_1,3234,477.6832580566406,1.500622272491455,0.7254406809806824,1.0,0.0,12.0
exp1_empty_1,3235,636.4285278320312,1.9741673469543457,0.4954797327518463,1.0,0.0,26.0
exp1_empty_1,3236,564.1845703125,2.4562582969665527,0.26876792311668396,1.0,0.0,11.0
exp1_empty_1,3237,507.4202880859375,1.4932297468185425,0.5711910724639893,1.0,0.0,18.0
exp1_empty_1,3238,435.6842041015625,1.412127137184143,0.7607557773590088,1.0,0.0,9.0
exp1_empty_1,3239,661.8720092773438,2.7819857597351074,0.49326291680336,1.0,0.0,17.0
exp1_empty_1,3241,510.46826171875,2.774165391921997,0.39595916867256165,1.0,0.0,7.0
exp1_empty_1,3242,558.0147705078125,2.459697961807251,0.5201539397239685,1.0,0.0,12.0
exp1_empty_1,3243,658.7388916015625,1.887850284576416,0.2262573391199112,1.0,0.0,24.0
exp1_empty_1,3244,613.9107666015625,3.803961753845215,0.23515436053276062,1.0,0.0,9.0
exp1_empty_1,3245,580.78125,1.8068668842315674,0.4072902798652649,1.0,0.0,19.0
exp1_empty_1,3246,478.318359375,1.6225379705429077,0.6033015251159668,1.0,0.0,12.0
exp1_empty_1,3247,472.533447265625,0.7643019556999207,0.31698092818260193,1.0,0.0,24.0
exp1_empty_1,3248,627.1688842773438,2.1622071266174316,0.20524539053440094,1.0,0.0,18.0
exp1_empty_1,3249,487.01470947265625,1.4808056354522705,0.342227578163147,1.0,0.0,11.0
exp1_empty_1,3250,543.5941162109375,1.6615689992904663,0.48716285824775696,1.0,0.0,16.0
exp1_empty_1,3251,137.12405395507812,1.1178475618362427,0.936017632484436,0.0,0.0,100.0
exp1_empty_1,3252,634.4656982421875,3.024261951446533,0.48476356267929077,1.0,0.0,14.0
exp1_empty_1,3253,707.1837158203125,2.650163173675537,0.5112711191177368,1.0,0.0,22.0
exp1_empty_1,3254,406.06024169921875,1.4771381616592407,0.9311119914054871,1.0,0.0,1.0
exp1_empty_1,3255,476.85699462890625,1.6101605892181396,0.9114501476287842,1.0,0.0,21.0
exp1_empty_1,3256,493.1609802246094,1.6422901153564453,0.7097021341323853,1.0,0.0,20.0
exp1_empty_1,3257,388.41552734375,0.8573529720306396,0.9894698858261108,1.0,0.0,57.0
exp1_empty_1,3258,471.86688232421875,1.1870023012161255,0.9144577383995056,1.0,0.0,29.0
exp1_empty_1,3259,624.06298828125,2.747528553009033,0.504219114780426,1.0,0.0,15.0
exp1_empty_1,3261,537.1767578125,2.2971649169921875,0.6220663189888,1.0,0.0,12.0
exp1_empty_1,3262,410.5153503417969,1.104090929031372,0.7751633524894714,1.0,0.0,7.0
exp1_empty_1,3263,722.9307861328125,2.769651174545288,0.46548256278038025,1.0,0.0,21.0
exp1_empty_1,3264,662.86767578125,2.7829549312591553,0.49518904089927673,1.0,0.0,17.0
exp1_empty_1,3265,454.8282775878906,1.8473860025405884,0.7554544806480408,1.0,0.0,6.0
exp1_empty_1,3266,644.416259765625,2.773465156555176,0.4634181559085846,1.0,0.0,16.0
exp1_empty_1,3267,442.73248291015625,1.675382137298584,0.7947909832000732,1.0,0.0,9.0
exp1_empty_1,3268,422.4989013671875,1.022765874862671,0.7833868861198425,1.0,0.0,16.0
exp1_empty_1,3269,659.6136474609375,2.9683375358581543,0.45715853571891785,1.0,0.0,16.0
exp1_empty_1,3270,515.3933715820312,2.1650912761688232,0.665665328502655,1.0,0.0,14.0
exp1_empty_1,3271,573.6460571289062,2.975942850112915,0.35205283761024475,1.0,0.0,10.0
exp1_empty_1,3272,572.19482421875,2.0745909214019775,0.6793555617332458,1.0,0.0,19.0
exp1_empty_1,3273,336.4108581542969,0.8747693300247192,1.0096017122268677,1.0,0.0,98.0
exp1_empty_1,3274,630.0541381835938,4.4646430015563965,0.11553395539522171,1.0,0.0,8.0
exp1_empty_1,3275,437.9704284667969,1.656347393989563,0.8213741779327393,1.0,0.0,9.0
exp1_empty_1,3276,477.4276428222656,1.8722423315048218,0.468086302280426,1.0,0.0,8.0
exp1_empty_1,3277,656.2421875,2.7872495651245117,0.5149350762367249,1.0,0.0,17.0
exp1_empty_1,3278,544.261474609375,1.667351245880127,0.46174001693725586,1.0,0.0,17.0
exp1_empty_1,3279,642.22314453125,2.696784019470215,0.48356273770332336,1.0,0.0,16.0
exp1_empty_1,3281,544.1893310546875,3.034017562866211,0.4932299852371216,1.0,0.0,8.0
exp1_empty_1,3282,508.02783203125,2.0792431831359863,0.7068821787834167,1.0,0.0,12.0
exp1_empty_1,3283,526.6021118164062,2.2079508304595947,0.6466543078422546,1.0,0.0,11.0
exp1_empty_1,3284,471.8765563964844,2.354990005493164,0.1719885766506195,1.0,0.0,5.0
exp1_empty_1,3285,462.3687438964844,1.2640928030014038,0.4264807105064392,1.0,0.0,10.0
exp1_empty_1,3286,687.4616088867188,3.093719720840454,0.3340042531490326,1.0,0.0,16.0
exp1_empty_1,3287,701.8661499023438,2.8245980739593506,0.46219825744628906,1.0,0.0,19.0
exp1_empty_1,3288,444.0685119628906,1.4902242422103882,0.513128936290741,1.0,0.0,6.0
exp1_empty_1,3289,536.8392944335938,1.8016624450683594,0.5230127573013306,1.0,0.0,14.0
exp1_empty_1,3290,498.18963623046875,2.207080125808716,0.501786470413208,1.0,0.0,9.0
exp1_empty_1,3291,594.6378784179688,3.275306224822998,0.36096519231796265,1.0,0.0,10.0
exp1_empty_1,3292,418.7585144042969,0.44485828280448914,0.280465304851532,1.0,0.0,29.0
exp1_empty_1,3293,529.2697143554688,3.525045394897461,0.375213623046875,1.0,0.0,6.0
exp1_empty_1,3294,499.1697082519531,2.4685349464416504,0.41310182213783264,1.0,0.0,7.0
exp1_empty_1,3295,446.1556091308594,2.3688831329345703,0.6255959868431091,1.0,0.0,4.0
exp1_empty_1,3296,633.7449951171875,3.6849613189697266,0.2232723981142044,1.0,0.0,10.0
exp1_empty_1,3297,635.8778076171875,2.8110389709472656,0.5033509135246277,1.0,0.0,15.0
exp1_empty_1,3298,616.74365234375,3.3558785915374756,0.39864444732666016,1.0,0.0,11.0
exp1_empty_1,3299,518.751220703125,2.827030658721924,0.530259370803833,1.0,0.0,8.0
exp1_empty_1,3301,545.581298828125,2.248563051223755,0.6254913806915283,1.0,0.0,13.0
exp1_empty_1,3302,518.3667602539062,2.5413622856140137,0.5163281559944153,1.0,0.0,9.0
exp1_empty_1,3303,544.6129150390625,3.885369300842285,0.3006248474121094,1.0,0.0,6.0
exp1_empty_1,3304,511.4691162109375,1.5770716667175293,0.5842280387878418,1.0,0.0,17.0
exp1_empty_1,3305,577.8893432617188,2.971402168273926,0.3892841041088104,1.0,0.0,10.0
exp1_empty_1,3306,386.5758972167969,0.7628738284111023,0.8953415155410767,1.0,0.0,17.0
exp1_empty_1,3307,364.28851318359375,0.8172990679740906,0.9510328769683838,1.0,0.0,46.0
exp1_empty_1,3308,492.5903015136719,2.3973395824432373,0.6007072329521179,1.0,0.0,7.0
exp1_empty_1,3309,484.11846923828125,2.7975049018859863,0.3232578635215759,1.0,0.0,5.0
exp1_empty_1,3310,445.1740417480469,1.7169435024261475,0.6335408091545105,1.0,0.0,5.0
exp1_empty_1,3311,540.6814575195312,2.939920663833618,0.4116882383823395,1.0,0.0,8.0
exp1_empty_1,3312,549.7481689453125,4.033517360687256,0.22217957675457,1.0,0.0,6.0
exp1_empty_1,3313,607.2171020507812,2.8615200519561768,0.4442814290523529,1.0,0.0,14.0
exp1_empty_1,3314,653.3202514648438,2.521472215652466,0.5100859999656677,1.0,0.0,19.0
exp1_empty_1,3315,471.0367126464844,1.459707260131836,0.7041919231414795,1.0,0.0,11.0
exp1_empty_1,3316,582.6824951171875,3.3159384727478027,0.39075767993927,1.0,0.0,9.0
exp1_empty_1,3317,531.41259765625,1.744157075881958,0.7236831188201904,1.0,0.0,22.0
exp1_empty_1,3318,498.979248046875,1.522551417350769,0.7366424798965454,1.0,0.0,34.0
exp1_empty_1,3319,509.295166015625,1.9347467422485352,0.6150981187820435,1.0,0.0,12.0
exp1_empty_1,3321,602.3216552734375,2.2798657417297363,0.25945034623146057,1.0,0.0,15.0
exp1_empty_1,3322,678.09521484375,3.306541681289673,0.3543371856212616,1.0,0.0,15.0
exp1_empty_1,3323,657.6343994140625,2.4071152210235596,0.43380704522132874,1.0,0.0,20.0
exp1_empty_1,3324,649.91748046875,4.7622246742248535,0.07971388101577759,1.0,0.0,8.0
exp1_empty_1,3325,585.451171875,1.8811956644058228,0.5126293897628784,1.0,0.0,20.0
exp1_empty_1,3326,492.1336669921875,1.8734371662139893,0.5951207280158997,1.0,0.0,11.0
exp1_empty_1,3327,449.0667724609375,1.41464102268219,0.8174827098846436,1.0,0.0,13.0
exp1_empty_1,3328,488.64154052734375,2.625535726547241,0.5588422417640686,1.0,0.0,6.0
exp1_empty_1,3329,474.27447509765625,1.8379639387130737,0.2465876191854477,1.0,0.0,7.0
exp1_empty_1,3330,407.2947082519531,0.8625982999801636,0.6132686138153076,1.0,0.0,9.0
exp1_empty_1,3331,498.6391906738281,1.687920331954956,0.6966294050216675,1.0,0.0,15.0
exp1_empty_1,3332,693.6405029296875,2.519493818283081,0.4263722896575928,1.0,0.0,21.0
exp1_empty_1,3333,673.4049682617188,3.645644187927246,0.21499605476856232,1.0,0.0,12.0
exp1_empty_1,3334,646.3054809570312,2.8723812103271484,0.32961514592170715,1.0,0.0,14.0
exp1_empty_1,3335,683.0740966796875,3.228142738342285,0.3324521481990814,1.0,0.0,15.0
exp1_empty_1,3336,464.0039367675781,1.042216181755066,0.30680692195892334,1.0,0.0,22.0
exp1_empty_1,3337,489.2967529296875,2.110283374786377,0.6695655584335327,1.0,0.0,10.0
exp1_empty_1,3338,557.3063354492188,2.4529402256011963,0.6333884000778198,1.0,0.0,15.0
exp1_empty_1,3339,537.323974609375,1.729577660560608,0.7182034254074097,1.0,0.0,20.0
exp1_empty_1,3341,535.0782470703125,3.103025436401367,0.2981085181236267,1.0,0.0,7.0
exp1_empty_1,3342,495.7548522949219,1.8665204048156738,0.7449693083763123,1.0,0.0,13.0
exp1_empty_1,3343,752.143310546875,3.6039180755615234,0.3487106263637543,1.0,0.0,16.0
exp1_empty_1,3344,413.6901550292969,0.9131053686141968,0.809097170829773,1.0,0.0,10.0
exp1_empty_1,3345,495.5068664550781,1.7540099620819092,0.4874648153781891,1.0,0.0,10.0
exp1_empty_1,3346,479.90460205078125,0.8954227566719055,0.7308289408683777,1.0,0.0,24.0
exp1_empty_1,3347,535.7612915039062,1.8597748279571533,0.5454076528549194,1.0,0.0,16.0
exp1_empty_1,3348,493.8205261230469,1.6949195861816406,0.7006860375404358,1.0,0.0,14.0
exp1_empty_1,3349,517.7506713867188,1.8082205057144165,0.5391114950180054,1.0,0.0,14.0
exp1_empty_1,3350,466.7831726074219,2.2122676372528076,0.69674152135849,1.0,0.0,6.0
exp1_empty_1,3351,532.1366577148438,2.224066972732544,0.5751578211784363,1.0,0.0,12.0
exp1_empty_1,3352,509.376953125,3.5402607917785645,0.2666108012199402,1.0,0.0,5.0
exp1_empty_1,3353,417.53582763671875,0.7568687200546265,0.7346562147140503,1.0,0.0,9.0
exp1_empty_1,3354,402.2476501464844,0.9223580360412598,0.8950977325439453,1.0,0.0,6.0
exp1_empty_1,3355,448.7893371582031,1.7348781824111938,0.7668732404708862,1.0,0.0,8.0
exp1_empty_1,3356,662.78564453125,1.4431722164154053,0.43236178159713745,1.0,0.0,36.0
exp1_empty_1,3357,669.9014892578125,2.190089702606201,0.38023045659065247,1.0,0.0,22.0
exp1_empty_1,3358,434.4951477050781,1.5358299016952515,0.8762663006782532,1.0,0.0,6.0
exp1_empty_1,3359,549.7625122070312,3.9046080112457275,0.22970519959926605,1.0,0.0,6.0
exp1_empty_1,3361,612.2520141601562,4.170039176940918,0.19603203237056732,1.0,0.0,8.0
exp1_empty_1,3362,616.4197998046875,2.9589433670043945,0.24901174008846283,1.0,0.0,12.0
exp1_empty_1,3363,616.1131591796875,2.4963932037353516,0.5273082256317139,1.0,0.0,16.0
exp1_empty_1,3364,654.9367065429688,1.9555867910385132,0.32454222440719604,1.0,0.0,23.0
exp1_empty_1,3365,482.64422607421875,4.253452301025391,0.29007959365844727,1.0,0.0,3.0
exp1_empty_1,3366,417.2494812011719,1.279368281364441,0.7852356433868408,1.0,0.0,13.0
exp1_empty_1,3367,516.5714721679688,1.769641637802124,0.68340665102005,1.0,0.0,15.0
exp1_empty_1,3368,475.6402893066406,0.786814272403717,0.37508246302604675,1.0,0.0,25.0
exp1_empty_1,3369,480.38787841796875,1.659536361694336,0.35062849521636963,1.0,0.0,9.0
exp1_empty_1,3370,456.6877136230469,1.3014400005340576,0.7307378053665161,1.0,0.0,16.0
exp1_empty_1,3371,463.6502380371094,1.2720632553100586,0.757645308971405,1.0,0.0,18.0
exp1_empty_1,3372,569.5953369140625,1.9137849807739258,0.5164108276367188,1.0,0.0,19.0
exp1_empty_1,3373,472.48968505859375,1.41862154006958,0.7967588901519775,1.0,0.0,17.0
exp1_empty_1,3374,554.5723266601562,1.9296143054962158,0.6845431327819824,1.0,0.0,25.0
exp1_empty_1,3375,432.18389892578125,0.8825681805610657,0.6339454054832458,1.0,0.0,11.0
exp1_empty_1,3376,719.7896728515625,2.8934519290924072,0.29206177592277527,1.0,0.0,18.0
exp1_empty_1,3377,566.8824462890625,3.2608518600463867,0.4066653251647949,1.0,0.0,9.0
exp1_empty_1,3378,464.46282958984375,2.1004605293273926,0.6319112777709961,1.0,0.0,7.0
exp1_empty_1,3379,424.86712646484375,1.2260140180587769,0.5467050075531006,1.0,0.0,9.0
exp1_empty_1,3381,636.2930297851562,1.9041366577148438,0.5966301560401917,1.0,0.0,30.0
exp1_empty_1,3382,446.8705139160156,1.2500895261764526,0.5070925951004028,1.0,0.0,12.0
exp1_empty_1,3383,486.4840087890625,2.2966361045837402,0.620854377746582,1.0,0.0,8.0
exp1_empty_1,3384,562.477783203125,2.9005730152130127,0.44954419136047363,1.0,0.0,10.0
exp1_empty_1,3385,611.1719970703125,2.7769477367401123,0.45884692668914795,1.0,0.0,15.0
exp1_empty_1,3386,502.45526123046875,1.845297932624817,0.6116695404052734,1.0,0.0,12.0
exp1_empty_1,3387,468.2966613769531,3.866339683532715,0.2988450229167938,1.0,0.0,3.0
exp1_empty_1,3388,491.3665771484375,1.6636708974838257,0.684339702129364,1.0,0.0,16.0
exp1_empty_1,3389,478.7791748046875,1.4630917310714722,0.6784612536430359,1.0,0.0,16.0
exp1_empty_1,3390,527.7930908203125,2.0421903133392334,0.5999655723571777,1.0,0.0,13.0
exp1_empty_1,3391,492.58953857421875,1.6438801288604736,0.7361016869544983,1.0,0.0,15.0
exp1_empty_1,3392,721.0018310546875,2.475149393081665,0.22640937566757202,1.0,0.0,22.0
exp1_empty_1,3393,593.8341064453125,2.524937868118286,0.5225648283958435,1.0,0.0,14.0
exp1_empty_1,3394,450.63702392578125,1.5349113941192627,0.7727251648902893,1.0,0.0,11.0
exp1_empty_1,3395,502.95672607421875,1.4035985469818115,0.7557278275489807,1.0,0.0,26.0
exp1_empty_1,3396,501.11041259765625,2.0628244876861572,0.5245039463043213,1.0,0.0,9.0
exp1_empty_1,3397,589.525146484375,2.1451456546783447,0.6758901476860046,1.0,0.0,19.0
exp1_empty_1,3398,709.9093627929688,1.7082489728927612,0.6559039950370789,1.0,0.0,41.0
exp1_empty_1,3399,513.7027587890625,2.4274206161499023,0.5063921213150024,1.0,0.0,8.0
exp1_empty_1,3401,16.37484359741211,0.9874563813209534,0.9886540174484253,0.0,0.0,100.0
exp1_empty_1,3402,442.3097839355469,1.0170279741287231,0.8450436592102051,1.0,0.0,31.0
exp1_empty_1,3403,500.87359619140625,2.8515164852142334,0.5520514845848083,1.0,0.0,6.0
exp1_empty_1,3404,521.1946411132812,1.8338721990585327,0.5768111944198608,1.0,0.0,15.0
exp1_empty_1,3405,520.7567138671875,2.2559728622436523,0.5839234590530396,1.0,0.0,13.0
exp1_empty_1,3406,602.7900390625,1.7291167974472046,0.741157591342926,1.0,0.0,38.0
exp1_empty_1,3407,422.8665466308594,0.9603791832923889,0.8986035585403442,1.0,0.0,18.0
exp1_empty_1,3408,561.3439331054688,2.81709623336792,0.5052881836891174,1.0,0.0,10.0
exp1_empty_1,3409,638.5712280273438,1.9517933130264282,0.6095781922340393,1.0,0.0,33.0
exp1_empty_1,3410,701.9212646484375,3.7324142456054688,0.3409380614757538,1.0,0.0,13.0
exp1_empty_1,3411,460.0484619140625,1.3717204332351685,0.7929124236106873,1.0,0.0,19.0
exp1_empty_1,3412,540.3870239257812,2.9649524688720703,0.4524507224559784,1.0,0.0,8.0
exp1_empty_1,3413,481.0143127441406,1.6971491575241089,0.7270650267601013,1.0,0.0,11.0
exp1_empty_1,3414,487.27056884765625,1.0322272777557373,0.3966728150844574,1.0,0.0,20.0
exp1_empty_1,3415,435.91790771484375,1.4919991493225098,0.7943985462188721,1.0,0.0,12.0
exp1_empty_1,3416,525.5673828125,1.573230266571045,0.19070379436016083,1.0,0.0,15.0
exp1_empty_1,3417,509.10821533203125,2.2105231285095215,0.6247652173042297,1.0,0.0,10.0
exp1_empty_1,3418,445.841552734375,1.5869113206863403,0.692649245262146,1.0,0.0,9.0
exp1_empty_1,3419,586.8743896484375,2.0670411586761475,0.5909760594367981,1.0,0.0,19.0
exp1_empty_1,3421,447.3619384765625,0.9591972827911377,0.6371405720710754,1.0,0.0,13.0
exp1_empty_1,3422,584.5185546875,2.14243483543396,0.47704339027404785,1.0,0.0,16.0
exp1_empty_1,3423,509.3889465332031,2.2504723072052,0.5883116126060486,1.0,0.0,10.0
exp1_empty_1,3424,654.0369873046875,1.74885892868042,0.5911149382591248,1.0,0.0,32.0
exp1_empty_1,3425,563.9249877929688,2.077549934387207,0.4918404221534729,1.0,0.0,15.0
exp1_empty_1,3426,547.7762451171875,1.699291706085205,0.3766862750053406,1.0,0.0,18.0
exp1_empty_1,3427,287.6117248535156,0.7536057233810425,1.004554033279419,1.0,0.0,93.0
exp1_empty_1,3428,432.714599609375,1.216395378112793,0.7491986751556396,1.0,0.0,9.0
exp1_empty_1,3429,557.491455078125,1.372510552406311,0.8074892163276672,1.0,0.0,39.0
exp1_empty_1,3430,627.7465209960938,2.0670530796051025,0.40344858169555664,1.0,0.0,22.0
exp1_empty_1,3431,475.6042175292969,2.235415458679199,0.5284373164176941,1.0,0.0,6.0
exp1_empty_1,3432,421.73004150390625,1.2756019830703735,0.7580463886260986,1.0,0.0,15.0
exp1_empty_1,3433,531.9638671875,2.234945774078369,0.648646354675293,1.0,0.0,12.0
exp1_empty_1,3434,639.512451171875,3.672637701034546,0.31840163469314575,1.0,0.0,11.0
exp1_empty_1,3435,658.7677001953125,2.4134726524353027,0.32626140117645264,1.0,0.0,18.0
exp1_empty_1,3436,454.2254333496094,1.2823777198791504,0.679541289806366,1.0,0.0,16.0
exp1_empty_1,3437,566.9111328125,2.7056005001068115,0.5049671530723572,1.0,0.0,12.0
exp1_empty_1,3438,491.3038635253906,1.558860421180725,0.6421312093734741,1.0,0.0,14.0
exp1_empty_1,3439,527.8001708984375,2.3768835067749023,0.3995501697063446,1.0,0.0,9.0
exp1_empty_1,3441,441.35833740234375,1.4095613956451416,0.8465890288352966,1.0,0.0,13.0
exp1_empty_1,3442,685.39306640625,3.1208086013793945,0.438029021024704,1.0,0.0,15.0
exp1_empty_1,3443,429.28631591796875,1.2552990913391113,0.8365918397903442,1.0,0.0,18.0
exp1_empty_1,3444,553.9349975585938,3.1272568702697754,0.33939263224601746,1.0,0.0,8.0
exp1_empty_1,3445,590.0670776367188,2.1649694442749023,0.6293725371360779,1.0,0.0,20.0
exp1_empty_1,3446,441.29754638671875,1.4653295278549194,0.7536196112632751,1.0,0.0,10.0
exp1_empty_1,3447,487.75390625,1.501505732536316,0.6781215667724609,1.0,0.0,29.0
exp1_empty_1,3448,506.301513671875,2.415241241455078,0.6738014221191406,1.0,0.0,9.0
exp1_empty_1,3449,520.5193481445312,1.7120411396026611,0.6700847148895264,1.0,0.0,16.0
exp1_empty_1,3450,490.0599060058594,1.9420146942138672,0.7417219877243042,1.0,0.0,13.0
exp1_empty_1,3451,429.58514404296875,1.059191107749939,0.7967339158058167,1.0,0.0,19.0
exp1_empty_1,3452,499.9029235839844,1.8875097036361694,0.6528139710426331,1.0,0.0,13.0
exp1_empty_1,3453,571.3187255859375,2.342104911804199,0.11286941915750504,1.0,0.0,12.0
exp1_empty_1,3454,497.71044921875,1.8989253044128418,0.7393984198570251,1.0,0.0,12.0
exp1_empty_1,3455,402.102294921875,0.4990196228027344,0.5645009279251099,1.0,0.0,6.0
exp1_empty_1,3456,646.0997314453125,2.7099082469940186,0.49185776710510254,1.0,0.0,17.0
exp1_empty_1,3457,462.41229248046875,0.8478883504867554,0.4839933216571808,1.0,0.0,19.0
exp1_empty_1,3458,567.694580078125,2.446732759475708,0.47450247406959534,1.0,0.0,12.0
exp1_empty_1,3459,484.407958984375,1.6722711324691772,0.5761058926582336,1.0,0.0,10.0
exp1_empty_1,3461,570.62353515625,2.6049909591674805,0.5277750492095947,1.0,0.0,12.0
exp1_empty_1,3462,479.6667175292969,1.6221168041229248,0.674214780330658,1.0,0.0,11.0
exp1_empty_1,3463,446.2383117675781,0.534633457660675,0.5290021300315857,1.0,0.0,37.0
exp1_empty_1,3464,572.2857666015625,2.584548234939575,0.5107622742652893,1.0,0.0,12.0
exp1_empty_1,3465,649.9013671875,3.504296064376831,0.2459065467119217,1.0,0.0,12.0
exp1_empty_1,3466,425.7486572265625,0.7618333101272583,0.536738395690918,1.0,0.0,9.0
exp1_empty_1,3467,454.1801452636719,1.7033770084381104,0.7193697094917297,1.0,0.0,7.0
exp1_empty_1,3468,550.1561279296875,2.683393955230713,0.4442370533943176,1.0,0.0,10.0
exp1_empty_1,3469,530.3067626953125,3.662273406982422,0.34600183367729187,1.0,0.0,6.0
exp1_empty_1,3470,415.0622253417969,1.0361124277114868,0.8271709680557251,1.0,0.0,21.0
exp1_empty_1,3471,457.2080383300781,1.2850306034088135,0.6048256754875183,1.0,0.0,12.0
exp1_empty_1,3472,578.6473388671875,3.367675542831421,0.4603809118270874,1.0,0.0,9.0
exp1_empty_1,3473,671.7132568359375,3.185445547103882,0.2615358531475067,1.0,0.0,14.0
exp1_empty_1,3474,497.1961669921875,1.8737192153930664,0.5575332641601562,1.0,0.0,10.0
exp1_empty_1,3475,513.5313720703125,2.196355104446411,0.6790594458580017,1.0,0.0,11.0
exp1_empty_1,3476,505.88763427734375,1.9465960264205933,0.7368821501731873,1.0,0.0,12.0
exp1_empty_1,3477,444.80377197265625,1.4695525169372559,0.7756541967391968,1.0,0.0,11.0
exp1_empty_1,3478,604.5318603515625,3.4711132049560547,0.35159650444984436,1.0,0.0,10.0
exp1_empty_1,3479,417.47552490234375,0.7230268716812134,0.7936266660690308,1.0,0.0,8.0
exp1_empty_1,3481,468.56915283203125,1.3912694454193115,0.7084866166114807,1.0,0.0,14.0
exp1_empty_1,3482,520.5447387695312,1.5738331079483032,0.5523282885551453,1.0,0.0,16.0
exp1_empty_1,3483,492.3984069824219,1.6749190092086792,0.7807754278182983,1.0,0.0,19.0
exp1_empty_1,3484,521.9117431640625,2.5062191486358643,0.543590247631073,1.0,0.0,9.0
exp1_empty_1,3485,394.6747741699219,0.7635610699653625,0.9189049601554871,1.0,0.0,6.0
exp1_empty_1,3486,564.0418701171875,2.1665050983428955,0.4879147708415985,1.0,0.0,14.0
exp1_empty_1,3487,546.1005249023438,3.424034595489502,0.3084011673927307,1.0,0.0,7.0
exp1_empty_1,3488,484.8709716796875,2.4542675018310547,0.5629604458808899,1.0,0.0,6.0
exp1_empty_1,3489,712.744873046875,2.56809663772583,0.3017224073410034,1.0,0.0,21.0
exp1_empty_1,3490,511.30596923828125,1.9360411167144775,0.3937704265117645,1.0,0.0,10.0
exp1_empty_1,3491,549.3704833984375,4.628720283508301,0.0790303647518158,1.0,0.0,5.0
exp1_empty_1,3492,614.9329223632812,2.6495068073272705,0.4219338893890381,1.0,0.0,14.0
exp1_empty_1,3493,449.21514892578125,2.1598072052001953,0.48511120676994324,1.0,0.0,4.0
exp1_empty_1,3494,430.1637878417969,1.1699538230895996,0.719149112701416,1.0,0.0,8.0
exp1_empty_1,3495,504.57275390625,2.6740946769714355,0.565702497959137,1.0,0.0,8.0
exp1_empty_1,3496,421.8684997558594,1.2815377712249756,0.7730026841163635,1.0,0.0,15.0
exp1_empty_1,3497,619.8526611328125,3.8810887336730957,0.29377686977386475,1.0,0.0,9.0
exp1_empty_1,3498,601.5057373046875,2.1646623611450195,0.6044967770576477,1.0,0.0,19.0
exp1_empty_1,3499,642.991943359375,3.0847740173339844,0.3588862717151642,1.0,0.0,13.0
exp1_empty_1,3501,534.7440185546875,1.6458814144134521,0.6696723699569702,1.0,0.0,20.0
exp1_empty_1,3502,512.3295288085938,2.2996511459350586,0.4841550290584564,1.0,0.0,9.0
exp1_empty_1,3503,623.9091186523438,2.7032008171081543,0.5053560137748718,1.0,0.0,15.0
exp1_empty_1,3504,465.13604736328125,0.6693052649497986,0.6518896818161011,1.0,0.0,34.0
exp1_empty_1,3505,656.7586669921875,3.3658103942871094,0.35038110613822937,1.0,0.0,13.0
exp1_empty_1,3506,561.4388427734375,2.269761085510254,0.576604962348938,1.0,0.0,14.0
exp1_empty_1,3507,598.9837646484375,2.6806492805480957,0.4950486123561859,1.0,0.0,14.0
exp1_empty_1,3508,679.3818359375,3.2289278507232666,0.22252002358436584,1.0,0.0,14.0
exp1_empty_1,3509,308.96337890625,0.43644532561302185,0.4005529582500458,1.0,0.0,59.0
exp1_empty_1,3510,717.507080078125,4.436202049255371,0.12777118384838104,1.0,0.0,12.0
exp1_empty_1,3511,633.18798828125,2.4477548599243164,0.4356813132762909,1.0,0.0,17.0
exp1_empty_1,3512,577.91357421875,3.5816943645477295,0.22805598378181458,1.0,0.0,8.0
exp1_empty_1,3513,435.2540588378906,1.1768988370895386,0.7069650888442993,1.0,0.0,10.0
exp1_empty_1,3514,492.37738037109375,1.467849612236023,0.3936484754085541,1.0,0.0,12.0
exp1_empty_1,3515,411.1195983886719,0.9731255173683167,0.9544460773468018,1.0,0.0,75.0
exp1_empty_1,3516,550.37060546875,2.3164124488830566,0.5895867943763733,1.0,0.0,13.0
exp1_empty_1,3517,584.3999633789062,1.6799862384796143,0.7413824200630188,1.0,0.0,37.0
exp1_empty_1,3518,599.61376953125,4.492621898651123,0.17875121533870697,1.0,0.0,7.0
exp1_empty_1,3519,521.3079223632812,1.911609411239624,0.6773385405540466,1.0,0.0,14.0
exp1_empty_1,3521,663.6936645507812,3.5235538482666016,0.24929578602313995,1.0,0.0,12.0
exp1_empty_1,3522,526.16064453125,2.2604575157165527,0.5816136002540588,1.0,0.0,11.0
exp1_empty_1,3523,612.3524780273438,3.2775588035583496,0.41859686374664307,1.0,0.0,11.0
exp1_empty_1,3524,473.46728515625,1.3543695211410522,0.484402060508728,1.0,0.0,11.0
exp1_empty_1,3525,428.3770751953125,1.396780014038086,0.6146360039710999,1.0,0.0,5.0
exp1_empty_1,3526,461.6637878417969,1.1473602056503296,0.9213958382606506,1.0,0.0,23.0
exp1_empty_1,3527,465.4922180175781,1.7907072305679321,0.6370250582695007,1.0,0.0,7.0
exp1_empty_1,3528,405.37994384765625,0.6543152928352356,0.6581830382347107,1.0,0.0,3.0
exp1_empty_1,3529,478.5501708984375,1.4947235584259033,0.7251809239387512,1.0,0.0,14.0
exp1_empty_1,3530,439.0352783203125,1.3202295303344727,0.6656227111816406,1.0,0.0,7.0
exp1_empty_1,3531,520.2698974609375,2.8538339138031006,0.49983689188957214,1.0,0.0,7.0
exp1_empty_1,3532,438.98712158203125,1.2678377628326416,0.751782238483429,1.0,0.0,15.0
exp1_empty_1,3533,501.9862060546875,1.9105833768844604,0.7431125640869141,1.0,0.0,12.0
exp1_empty_1,3534,472.04327392578125,1.6750320196151733,0.7951041460037231,1.0,0.0,10.0
exp1_empty_1,3535,516.279296875,3.6618869304656982,0.3093894124031067,1.0,0.0,5.0
exp1_empty_1,3536,451.27386474609375,1.4824204444885254,0.7132617235183716,1.0,0.0,8.0
exp1_empty_1,3537,594.4530639648438,3.1599409580230713,0.4224628210067749,1.0,0.0,11.0
exp1_empty_1,3538,523.2600708007812,1.8429566621780396,0.47779858112335205,1.0,0.0,13.0
exp1_empty_1,3539,614.940185546875,2.5572094917297363,0.41299647092819214,1.0,0.0,14.0
exp1_empty_1,3541,631.31591796875,2.829028844833374,0.4486403167247772,1.0,0.0,14.0
exp1_empty_1,3542,412.517578125,1.1287251710891724,0.8387240767478943,1.0,0.0,24.0
exp1_empty_1,3543,629.5277709960938,2.9942784309387207,0.34451931715011597,1.0,0.0,13.0
exp1_empty_1,3544,623.0263671875,4.306487083435059,0.13140538334846497,1.0,0.0,8.0
exp1_empty_1,3545,653.1728515625,2.867668628692627,0.42446571588516235,1.0,0.0,16.0
exp1_empty_1,3546,674.8511352539062,2.332839012145996,0.5250614881515503,1.0,0.0,23.0
exp1_empty_1,3547,451.75872802734375,1.4492859840393066,0.7548363208770752,1.0,0.0,11.0
exp1_empty_1,3548,640.3511352539062,3.037757635116577,0.28142160177230835,1.0,0.0,13.0
exp1_empty_1,3549,562.064697265625,1.9693175554275513,0.5600841045379639,1.0,0.0,15.0
exp1_empty_1,3550,437.0795593261719,1.5062047243118286,0.6731815934181213,1.0,0.0,7.0
exp1_empty_1,3551,555.491943359375,3.1480610370635986,0.41516098380088806,1.0,0.0,9.0
exp1_empty_1,3552,525.432373046875,2.214592218399048,0.6134752035140991,1.0,0.0,11.0
exp1_empty_1,3553,587.5760498046875,4.211699485778809,0.22057317197322845,1.0,0.0,7.0
exp1_empty_1,3554,672.1241455078125,3.996843099594116,0.23518848419189453,1.0,0.0,11.0
exp1_empty_1,3555,736.9580688476562,2.7612268924713135,0.35376405715942383,1.0,0.0,21.0
exp1_empty_1,3556,431.65325927734375,1.5074517726898193,0.4033011794090271,1.0,0.0,4.0
exp1_empty_1,3557,727.5635986328125,3.145831346511841,0.4120534360408783,1.0,0.0,19.0
exp1_empty_1,3558,518.8361206054688,1.6763758659362793,0.6379905939102173,1.0,0.0,15.0
exp1_empty_1,3559,479.5012512207031,1.76249361038208,0.5092527866363525,1.0,0.0,9.0
exp1_empty_1,3561,711.2939453125,3.3544769287109375,0.41955626010894775,1.0,0.0,16.0
exp1_empty_1,3562,601.586669921875,1.9980840682983398,0.4201210141181946,1.0,0.0,20.0
exp1_empty_1,3563,623.1177978515625,3.6197657585144043,0.3316337466239929,1.0,0.0,10.0
exp1_empty_1,3564,616.77490234375,3.1831612586975098,0.34875285625457764,1.0,0.0,11.0
exp1_empty_1,3565,500.5549621582031,1.6250231266021729,0.6603122353553772,1.0,0.0,14.0
exp1_empty_1,3566,553.5912475585938,2.9056389331817627,0.3235475718975067,1.0,0.0,9.0
exp1_empty_1,3567,493.3505859375,2.0891950130462646,0.6996068954467773,1.0,0.0,13.0
exp1_empty_1,3568,565.21875,2.283320426940918,0.5740612149238586,1.0,0.0,14.0
exp1_empty_1,3569,526.942138671875,3.038355588912964,0.5017606616020203,1.0,0.0,7.0
exp1_empty_1,3570,474.4119567871094,1.8823325634002686,0.6009657382965088,1.0,0.0,8.0
exp1_empty_1,3571,583.643310546875,1.8407667875289917,0.7029358744621277,1.0,0.0,25.0
exp1_empty_1,3572,686.721923828125,2.6860527992248535,0.5268899202346802,1.0,0.0,20.0
exp1_empty_1,3573,436.34576416015625,1.2505747079849243,0.7528049945831299,1.0,0.0,12.0
exp1_empty_1,3574,701.158447265625,2.956341505050659,0.4295293986797333,1.0,0.0,19.0
exp1_empty_1,3575,541.7496337890625,1.8303958177566528,0.6224902272224426,1.0,0.0,17.0
exp1_empty_1,3576,492.9466247558594,2.0419788360595703,0.7157347202301025,1.0,0.0,9.0
exp1_empty_1,3577,415.0187683105469,1.1073795557022095,0.9494204521179199,1.0,0.0,7.0
exp1_empty_1,3578,625.9096069335938,2.7576191425323486,0.45222562551498413,1.0,0.0,15.0
exp1_empty_1,3579,484.4371337890625,2.4978978633880615,0.6182765364646912,1.0,0.0,6.0
exp1_empty_1,3581,630.995849609375,1.3162161111831665,0.6078805327415466,1.0,0.0,38.0
exp1_empty_1,3582,549.92138671875,1.9435545206069946,0.7297319173812866,1.0,0.0,19.0
exp1_empty_1,3583,456.9212341308594,1.354854702949524,0.6961084008216858,1.0,0.0,12.0
exp1_empty_1,3584,602.3928833007812,2.3789331912994385,0.49483445286750793,1.0,0.0,17.0
exp1_empty_1,3585,527.2796630859375,2.2243435382843018,0.4473420977592468,1.0,0.0,10.0
exp1_empty_1,3586,473.024658203125,2.9503695964813232,0.3047524690628052,1.0,0.0,4.0
exp1_empty_1,3587,454.6526184082031,1.8291327953338623,0.6303232908248901,1.0,0.0,8.0
exp1_empty_1,3588,631.072998046875,2.9860661029815674,0.405404269695282,1.0,0.0,13.0
exp1_empty_1,3589,549.69677734375,1.9687142372131348,0.6327643394470215,1.0,0.0,16.0
exp1_empty_1,3590,544.291259765625,2.701803684234619,0.5455099940299988,1.0,0.0,10.0
exp1_empty_1,3591,576.5698852539062,2.991600751876831,0.4746536910533905,1.0,0.0,11.0
exp1_empty_1,3592,472.34228515625,1.5272713899612427,0.6666016578674316,1.0,0.0,12.0
exp1_empty_1,3593,619.6181640625,2.221451759338379,0.653467059135437,1.0,0.0,22.0
exp1_empty_1,3594,537.1641845703125,1.9199904203414917,0.6934866309165955,1.0,0.0,16.0
exp1_empty_1,3595,507.72320556640625,2.4218101501464844,0.7619368433952332,1.0,0.0,9.0
exp1_empty_1,3596,451.51995849609375,1.2250727415084839,0.8378078937530518,1.0,0.0,16.0
exp1_empty_1,3597,513.0593872070312,2.1440675258636475,0.6053915619850159,1.0,0.0,11.0
exp1_empty_1,3598,487.9541015625,1.8492988348007202,0.6432938575744629,1.0,0.0,10.0
exp1_empty_1,3599,496.5621643066406,2.1095316410064697,0.491495817899704,1.0,0.0,8.0
exp1_empty_1,3601,668.9178466796875,4.24489688873291,0.10511306673288345,1.0,0.0,10.0
exp1_empty_1,3602,410.1969909667969,0.8446276783943176,0.7072305083274841,1.0,0.0,10.0
exp1_empty_1,3603,481.4689025878906,2.352149724960327,0.460813045501709,1.0,0.0,6.0
exp1_empty_1,3604,502.4640197753906,1.760009527206421,0.7868762612342834,1.0,0.0,15.0
exp1_empty_1,3605,522.9041748046875,2.223785400390625,0.7126612663269043,1.0,0.0,11.0
exp1_empty_1,3606,614.3590087890625,2.5529003143310547,0.5152214169502258,1.0,0.0,17.0
exp1_empty_1,3607,481.7848815917969,1.514351487159729,0.3955059349536896,1.0,0.0,10.0
exp1_empty_1,3608,448.3401184082031,1.6768847703933716,0.6700889468193054,1.0,0.0,6.0
exp1_empty_1,3609,587.0889282226562,2.781392812728882,0.4481534957885742,1.0,0.0,12.0
exp1_empty_1,3610,520.6810302734375,3.0337748527526855,0.5480559468269348,1.0,0.0,7.0
exp1_empty_1,3611,496.8190612792969,1.6777992248535156,0.7727627754211426,1.0,0.0,14.0
exp1_empty_1,3612,679.291748046875,3.12548565864563,0.3023672103881836,1.0,0.0,15.0
exp1_empty_1,3613,481.9700622558594,1.5063610076904297,0.7531808614730835,1.0,0.0,13.0
exp1_empty_1,3614,492.1253662109375,1.723934531211853,0.6103003621101379,1.0,0.0,14.0
exp1_empty_1,3615,611.903564453125,2.697362184524536,0.5657673478126526,1.0,0.0,15.0
exp1_empty_1,3616,533.1273803710938,1.8556360006332397,0.6778830885887146,1.0,0.0,19.0
exp1_empty_1,3617,476.69512939453125,2.363982915878296,0.6239853501319885,1.0,0.0,6.0
exp1_empty_1,3618,588.737548828125,2.3199303150177,0.21830478310585022,1.0,0.0,14.0
exp1_empty_1,3619,522.3963623046875,2.533578395843506,0.5919280648231506,1.0,0.0,11.0
exp1_empty_1,3621,501.5674133300781,2.1742045879364014,0.7403504848480225,1.0,0.0,10.0
exp1_empty_1,3622,509.79315185546875,2.915384292602539,0.5580428242683411,1.0,0.0,7.0
exp1_empty_1,3623,415.1813049316406,0.9660624861717224,0.7794937491416931,1.0,0.0,14.0
exp1_empty_1,3624,518.7236328125,2.882049322128296,0.5359618067741394,1.0,0.0,7.0
exp1_empty_1,3625,519.9749755859375,1.853000283241272,0.4786538779735565,1.0,0.0,12.0
exp1_empty_1,3626,542.103759765625,2.963031530380249,0.4747661352157593,1.0,0.0,8.0
exp1_empty_1,3627,501.6638488769531,2.0890517234802246,0.7274280190467834,1.0,0.0,13.0
exp1_empty_1,3628,536.8076782226562,2.260474920272827,0.6544698476791382,1.0,0.0,11.0
exp1_empty_1,3629,555.7772827148438,4.093023777008057,0.22261594235897064,1.0,0.0,6.0
exp1_empty_1,3630,505.4314270019531,2.3280067443847656,0.6062742471694946,1.0,0.0,9.0
exp1_empty_1,3631,474.57476806640625,2.0805459022521973,0.6502516865730286,1.0,0.0,7.0
exp1_empty_1,3632,428.3201599121094,1.2855191230773926,0.8177974224090576,1.0,0.0,11.0
exp1_empty_1,3633,650.2907104492188,3.1391184329986572,0.45506611466407776,1.0,0.0,14.0
exp1_empty_1,3634,548.609375,1.5906522274017334,0.6670868992805481,1.0,0.0,21.0
exp1_empty_1,3635,591.6520385742188,3.0877420902252197,0.4580301344394684,1.0,0.0,11.0
exp1_empty_1,3636,447.6571960449219,1.3273096084594727,0.7529751062393188,1.0,0.0,10.0
exp1_empty_1,3637,587.017578125,2.737093448638916,0.5233148336410522,1.0,0.0,13.0
exp1_empty_1,3638,482.2884826660156,1.6310311555862427,0.8079102635383606,1.0,0.0,12.0
exp1_empty_1,3639,392.827392578125,1.0180604457855225,0.9075915217399597,1.0,0.0,6.0
exp1_empty_1,3641,553.3920288085938,2.427961826324463,0.5222785472869873,1.0,0.0,11.0
exp1_empty_1,3642,524.908203125,1.8256123065948486,0.6057631969451904,1.0,0.0,19.0
exp1_empty_1,3643,405.94378662109375,0.9679651260375977,1.0435876846313477,1.0,0.0,2.0
exp1_empty_1,3644,493.3763122558594,4.94378137588501,0.21554385125637054,1.0,0.0,3.0
exp1_empty_1,3645,470.68914794921875,1.5586040019989014,0.6221575736999512,1.0,0.0,10.0
exp1_empty_1,3646,629.4827880859375,2.6973495483398438,0.5428811311721802,1.0,0.0,16.0
exp1_empty_1,3647,603.9163208007812,2.2014904022216797,0.3992813229560852,1.0,0.0,17.0
exp1_empty_1,3648,468.84912109375,1.4544843435287476,0.803373396396637,1.0,0.0,33.0
exp1_empty_1,3649,431.2900390625,0.9330720901489258,0.7124319076538086,1.0,0.0,15.0
exp1_empty_1,3650,657.7815551757812,2.965057373046875,0.4756960868835449,1.0,0.0,16.0
exp1_empty_1,3651,514.5944213867188,2.060821533203125,0.6708785891532898,1.0,0.0,11.0
exp1_empty_1,3652,500.6499938964844,1.760988712310791,0.7128992080688477,1.0,0.0,16.0
exp1_empty_1,3653,660.299072265625,3.642676591873169,0.310054749250412,1.0,0.0,12.0
exp1_empty_1,3654,520.6939697265625,2.2834129333496094,0.6375584006309509,1.0,0.0,12.0
exp1_empty_1,3655,557.7529296875,2.331084966659546,0.603119969367981,1.0,0.0,14.0
exp1_empty_1,3656,424.614990234375,1.4360721111297607,0.5873816609382629,1.0,0.0,4.0
exp1_empty_1,3657,503.1000061035156,1.3705487251281738,0.5869858264923096,1.0,0.0,16.0
exp1_empty_1,3658,480.5533142089844,1.2905927896499634,0.8230947256088257,1.0,0.0,53.0
exp1_empty_1,3659,707.0674438476562,2.0425896644592285,0.2554067075252533,1.0,0.0,26.0
exp1_empty_1,3661,541.5730590820312,1.9347717761993408,0.6177480220794678,1.0,0.0,15.0
exp1_empty_1,3662,457.1885681152344,1.4388353824615479,0.8352512121200562,1.0,0.0,41.0
exp1_empty_1,3663,595.2503662109375,3.9814438819885254,0.26242461800575256,1.0,0.0,8.0
exp1_empty_1,3664,646.4324340820312,2.3084633350372314,0.4591953456401825,1.0,0.0,19.0
exp1_empty_1,3665,442.76776123046875,1.1560379266738892,0.7658469676971436,1.0,0.0,12.0
exp1_empty_1,3666,590.392822265625,2.4927456378936768,0.41639265418052673,1.0,0.0,13.0
exp1_empty_1,3667,607.969482421875,2.3604743480682373,0.6760891079902649,1.0,0.0,19.0
exp1_empty_1,3668,589.9693603515625,1.9674376249313354,0.6738110780715942,1.0,0.0,26.0
exp1_empty_1,3669,473.87896728515625,2.617945671081543,0.6546206474304199,1.0,0.0,5.0
exp1_empty_1,3670,547.6578369140625,2.099860191345215,0.5867013335227966,1.0,0.0,15.0
exp1_empty_1,3671,488.32257080078125,1.6329073905944824,0.6539599895477295,1.0,0.0,13.0
exp1_empty_1,3672,657.172607421875,2.89054536819458,0.5211274027824402,1.0,0.0,16.0
exp1_empty_1,3673,507.9257507324219,2.7049176692962646,0.6405099034309387,1.0,0.0,8.0
exp1_empty_1,3674,542.31298828125,3.0221455097198486,0.5300824046134949,1.0,0.0,9.0
exp1_empty_1,3675,483.0795593261719,1.8616029024124146,0.7329763770103455,1.0,0.0,14.0
exp1_empty_1,3676,518.6751098632812,1.8461791276931763,0.46807193756103516,1.0,0.0,12.0
exp1_empty_1,3677,452.1603088378906,1.518115758895874,0.8644841313362122,1.0,0.0,9.0
exp1_empty_1,3678,534.45849609375,4.163557052612305,0.27440837025642395,1.0,0.0,5.0
exp1_empty_1,3679,365.60906982421875,0.6759723424911499,0.9507380127906799,1.0,0.0,45.0
exp1_empty_1,3681,551.9766845703125,2.311004638671875,0.6267542243003845,1.0,0.0,14.0
exp1_empty_1,3682,520.515869140625,3.37937068939209,0.3521082401275635,1.0,0.0,6.0
exp1_empty_1,3683,504.50677490234375,1.9797738790512085,0.7156421542167664,1.0,0.0,12.0
exp1_empty_1,3684,584.20166015625,2.884068727493286,0.5047926902770996,1.0,0.0,12.0
exp1_empty_1,3685,545.810302734375,2.5844802856445312,0.5073357820510864,1.0,0.0,10.0
exp1_empty_1,3686,628.75,3.236398696899414,0.37491676211357117,1.0,0.0,12.0
exp1_empty_1,3687,476.3736877441406,1.3852728605270386,0.7157310247421265,1.0,0.0,20.0
exp1_empty_1,3688,548.4771728515625,1.8544659614562988,0.6476273536682129,1.0,0.0,18.0
exp1_empty_1,3689,483.9341735839844,1.806624174118042,0.7345872521400452,1.0,0.0,11.0
exp1_empty_1,3690,573.8480224609375,1.7644412517547607,0.7120888829231262,1.0,0.0,29.0
exp1_empty_1,3691,439.02288818359375,1.6360667943954468,0.5781089067459106,1.0,0.0,5.0
exp1_empty_1,3692,450.2059326171875,1.4437642097473145,0.7512306571006775,1.0,0.0,9.0
exp1_empty_1,3693,442.4046936035156,1.331691026687622,0.5072599649429321,1.0,0.0,8.0
exp1_empty_1,3694,617.3942260742188,4.255621910095215,0.15210755169391632,1.0,0.0,8.0
exp1_empty_1,3695,620.969482421875,3.955592155456543,0.2881896197795868,1.0,0.0,9.0
exp1_empty_1,3696,479.2460632324219,2.60267972946167,0.5485100150108337,1.0,0.0,6.0
exp1_empty_1,3697,588.74267578125,1.3372682332992554,0.3062862455844879,1.0,0.0,27.0
exp1_empty_1,3698,445.9389343261719,1.739171028137207,0.7170605659484863,1.0,0.0,6.0
exp1_empty_1,3699,616.41357421875,3.2778737545013428,0.39210110902786255,1.0,0.0,11.0
exp1_empty_1,3701,639.6549072265625,3.654824733734131,0.3343294858932495,1.0,0.0,11.0
exp1_empty_1,3702,595.7295532226562,2.251521110534668,0.2703903019428253,1.0,0.0,15.0
exp1_empty_1,3703,627.9720458984375,3.723475217819214,0.3089747428894043,1.0,0.0,10.0
exp1_empty_1,3704,584.5810546875,3.0116028785705566,0.42613083124160767,1.0,0.0,10.0
exp1_empty_1,3705,480.2610168457031,1.2945680618286133,0.785823404788971,1.0,0.0,19.0
exp1_empty_1,3706,516.0048217773438,1.1852619647979736,0.617518961429596,1.0,0.0,22.0
exp1_empty_1,3707,513.5582275390625,1.4455586671829224,0.6410458087921143,1.0,0.0,23.0
exp1_empty_1,3708,426.8729248046875,1.3941231966018677,0.8482770323753357,1.0,0.0,28.0
exp1_empty_1,3709,623.7344970703125,2.7462058067321777,0.5505605340003967,1.0,0.0,15.0
exp1_empty_1,3710,499.11273193359375,1.567734718322754,0.6493479013442993,1.0,0.0,21.0
exp1_empty_1,3711,513.80810546875,2.258774518966675,0.6451481580734253,1.0,0.0,10.0
exp1_empty_1,3712,518.3627319335938,1.8111451864242554,0.7596495151519775,1.0,0.0,16.0
exp1_empty_1,3713,464.25250244140625,1.4035608768463135,0.6127027869224548,1.0,0.0,10.0
exp1_empty_1,3714,635.675048828125,2.1680097579956055,0.6897402405738831,1.0,0.0,32.0
exp1_empty_1,3715,552.6664428710938,2.4617302417755127,0.6040366291999817,1.0,0.0,12.0
exp1_empty_1,3716,420.3729553222656,1.519327163696289,0.777076244354248,1.0,0.0,3.0
exp1_empty_1,3717,583.3920288085938,2.9228968620300293,0.5372302532196045,1.0,0.0,13.0
exp1_empty_1,3718,649.8739624023438,3.4126107692718506,0.26513218879699707,1.0,0.0,12.0
exp1_empty_1,3719,530.8572998046875,2.019233226776123,0.7192700505256653,1.0,0.0,16.0
exp1_empty_1,3721,510.2054748535156,2.4064228534698486,0.5606099963188171,1.0,0.0,9.0
exp1_empty_1,3722,465.8629455566406,1.6631531715393066,0.5377559661865234,1.0,0.0,8.0
exp1_empty_1,3723,450.75689697265625,1.1753261089324951,0.5774248838424683,1.0,0.0,11.0
exp1_empty_1,3724,491.2673034667969,2.7034339904785156,0.5264856815338135,1.0,0.0,6.0
exp1_empty_1,3725,700.1029052734375,3.1574089527130127,0.4823662340641022,1.0,0.0,17.0
exp1_empty_1,3726,443.9358215332031,1.325563669204712,0.7980665564537048,1.0,0.0,9.0
exp1_empty_1,3727,512.4220581054688,2.9421284198760986,0.5183650851249695,1.0,0.0,7.0
exp1_empty_1,3728,649.2652587890625,4.031675815582275,0.2956225872039795,1.0,0.0,10.0
exp1_empty_1,3729,468.5589599609375,1.2267788648605347,0.6894665360450745,1.0,0.0,22.0
exp1_empty_1,3730,410.71221923828125,0.6397704482078552,0.39991140365600586,1.0,0.0,6.0
exp1_empty_1,3731,466.95904541015625,3.6606571674346924,0.40656140446662903,1.0,0.0,3.0
exp1_empty_1,3732,454.6811828613281,1.1023823022842407,0.6947894096374512,1.0,0.0,19.0
exp1_empty_1,3733,519.167724609375,2.3055238723754883,0.319864422082901,1.0,0.0,9.0
exp1_empty_1,3734,674.5252075195312,1.89810311794281,0.5597416758537292,1.0,0.0,27.0
exp1_empty_1,3735,401.2097473144531,0.7013925909996033,1.0448476076126099,1.0,0.0,3.0
exp1_empty_1,3736,477.2034606933594,3.201354742050171,0.4335421323776245,1.0,0.0,4.0
exp1_empty_1,3737,421.876708984375,1.0082217454910278,0.7346798777580261,1.0,0.0,12.0
exp1_empty_1,3738,573.4996337890625,1.9106327295303345,0.6632567644119263,1.0,0.0,22.0
exp1_empty_1,3739,623.4389038085938,3.586974620819092,0.1603473275899887,1.0,0.0,10.0
exp1_empty_1,3741,487.601806640625,2.165726661682129,0.6356046795845032,1.0,0.0,9.0
exp1_empty_1,3742,459.20684814453125,1.438257098197937,0.7533121109008789,1.0,0.0,16.0
exp1_empty_1,3743,550.6216430664062,2.710099935531616,0.32926684617996216,1.0,0.0,10.0
exp1_empty_1,3744,559.5726318359375,2.72236967086792,0.5185647010803223,1.0,0.0,10.0
exp1_empty_1,3745,552.2529296875,2.041329860687256,0.7432497143745422,1.0,0.0,16.0
exp1_empty_1,3746,471.42987060546875,1.8890471458435059,0.8041799664497375,1.0,0.0,12.0
exp1_empty_1,3747,398.1980285644531,1.2226415872573853,0.9345369935035706,1.0,0.0,11.0
exp1_empty_1,3748,545.282470703125,3.911116361618042,0.34835734963417053,1.0,0.0,6.0
exp1_empty_1,3749,538.7028198242188,4.353875637054443,0.2266089916229248,1.0,0.0,5.0
exp1_empty_1,3750,505.0122985839844,1.763882040977478,0.6839914917945862,1.0,0.0,14.0
exp1_empty_1,3751,475.0863342285156,2.346670627593994,0.5476816296577454,1.0,0.0,7.0
exp1_empty_1,3752,409.5124206542969,0.9834553599357605,0.9484982490539551,1.0,0.0,21.0
exp1_empty_1,3753,577.7198486328125,2.444042921066284,0.632655680179596,1.0,0.0,15.0
exp1_empty_1,3754,513.9017944335938,2.7388558387756348,0.5649665594100952,1.0,0.0,8.0
exp1_empty_1,3755,625.359619140625,2.7160680294036865,0.5222203731536865,1.0,0.0,15.0
exp1_empty_1,3756,426.4525146484375,1.2278907299041748,0.8094478845596313,1.0,0.0,10.0
exp1_empty_1,3757,562.7635498046875,1.8772941827774048,0.6778087615966797,1.0,0.0,22.0
exp1_empty_1,3758,742.8605346679688,3.893030881881714,0.21528029441833496,1.0,0.0,14.0
exp1_empty_1,3759,644.9632568359375,2.06191086769104,0.6382172703742981,1.0,0.0,33.0
exp1_empty_1,3761,489.9346618652344,2.6348860263824463,0.43852153420448303,1.0,0.0,6.0
exp1_empty_1,3762,497.62872314453125,2.532057523727417,0.6167134046554565,1.0,0.0,7.0
exp1_empty_1,3763,487.3558654785156,1.3887712955474854,0.7990549206733704,1.0,0.0,21.0
exp1_empty_1,3764,405.86474609375,0.5412286520004272,0.7274519205093384,1.0,0.0,8.0
exp1_empty_1,3765,396.7309875488281,1.1323573589324951,0.8977056741714478,1.0,0.0,10.0
exp1_empty_1,3766,432.17742919921875,1.4032996892929077,0.764847457408905,1.0,0.0,14.0
exp1_empty_1,3767,441.3012390136719,1.398766279220581,0.8432532548904419,1.0,0.0,9.0
exp1_empty_1,3768,430.0039367675781,1.1823581457138062,0.7866122126579285,1.0,0.0,16.0
exp1_empty_1,3769,620.3137817382812,2.9195151329040527,0.5298858880996704,1.0,0.0,14.0
exp1_empty_1,3770,434.2218017578125,1.6141220331192017,0.8998077511787415,1.0,0.0,10.0
exp1_empty_1,3771,486.5774230957031,1.8783321380615234,0.4806930124759674,1.0,0.0,9.0
exp1_empty_1,3772,419.4743957519531,1.1945703029632568,0.7887575626373291,1.0,0.0,10.0
exp1_empty_1,3773,451.271728515625,1.3257864713668823,0.838877260684967,1.0,0.0,17.0
exp1_empty_1,3774,407.5607604980469,0.5993226170539856,0.8738584518432617,1.0,0.0,7.0
exp1_empty_1,3775,502.2784423828125,2.68882417678833,0.4884994328022003,1.0,0.0,7.0
exp1_empty_1,3776,313.8536376953125,0.7289180755615234,1.025588035583496,1.0,0.0,68.0
exp1_empty_1,3777,466.15423583984375,1.6312638521194458,0.7205752730369568,1.0,0.0,11.0
exp1_empty_1,3778,648.8052978515625,2.8390426635742188,0.5701732039451599,1.0,0.0,17.0
exp1_empty_1,3779,461.602783203125,2.345221996307373,0.7827073931694031,1.0,0.0,5.0
exp1_empty_1,3781,627.6690063476562,1.3339638710021973,0.7096046209335327,1.0,0.0,49.0
exp1_empty_1,3782,630.3665771484375,3.1449010372161865,0.45541316270828247,1.0,0.0,13.0
exp1_empty_1,3783,410.11688232421875,1.1151845455169678,0.9548246264457703,1.0,0.0,15.0
exp1_empty_1,3784,461.95587158203125,1.5544296503067017,0.6997464299201965,1.0,0.0,10.0
exp1_empty_1,3785,526.7867431640625,2.0314857959747314,0.49325263500213623,1.0,0.0,12.0
exp1_empty_1,3786,678.9185791015625,2.7902426719665527,0.37081730365753174,1.0,0.0,20.0
exp1_empty_1,3787,460.3333740234375,2.0947017669677734,0.7264140248298645,1.0,0.0,8.0
exp1_empty_1,3788,505.013671875,2.26157546043396,0.6458077430725098,1.0,0.0,10.0
exp1_empty_1,3789,433.5924072265625,2.769383192062378,0.5296057462692261,1.0,0.0,2.0
exp1_empty_1,3790,492.9197082519531,1.3316664695739746,0.5184813737869263,1.0,0.0,15.0
exp1_empty_1,3791,429.1780700683594,1.5295565128326416,0.8798955678939819,1.0,0.0,4.0
exp1_empty_1,3792,475.9209899902344,1.765127182006836,0.7488341331481934,1.0,0.0,10.0
exp1_empty_1,3793,502.9207458496094,2.3134121894836426,0.515851616859436,1.0,0.0,8.0
exp1_empty_1,3794,490.5731506347656,2.1412947177886963,0.4970134198665619,1.0,0.0,9.0
exp1_empty_1,3795,727.839111328125,3.9983057975769043,0.21347881853580475,1.0,0.0,13.0
exp1_empty_1,3796,417.7899169921875,0.845860481262207,0.8329452872276306,1.0,0.0,11.0
exp1_empty_1,3797,643.8917846679688,1.9834864139556885,0.15334054827690125,1.0,0.0,21.0
exp1_empty_1,3798,624.2041015625,2.9662716388702393,0.39657387137413025,1.0,0.0,13.0
exp1_empty_1,3799,548.5022583007812,2.7808749675750732,0.5457594394683838,1.0,0.0,9.0
exp1_empty_1,3801,613.94140625,4.229010105133057,0.22067221999168396,1.0,0.0,8.0
exp1_empty_1,3802,530.1640625,1.56892728805542,0.36098966002464294,1.0,0.0,16.0
exp1_empty_1,3803,614.70849609375,1.0772619247436523,0.6029039621353149,1.0,0.0,46.0
exp1_empty_1,3804,509.1966247558594,2.5902464389801025,0.61346834897995,1.0,0.0,9.0
exp1_empty_1,3805,511.247802734375,1.895394206047058,0.619015634059906,1.0,0.0,14.0
exp1_empty_1,3806,606.0875854492188,1.2597179412841797,0.5801524519920349,1.0,0.0,37.0
exp1_empty_1,3807,431.3177490234375,0.9797102212905884,0.9574590921401978,1.0,0.0,51.0
exp1_empty_1,3808,514.0358276367188,3.387883186340332,0.4761775732040405,1.0,0.0,6.0
exp1_empty_1,3809,680.0341796875,3.040431022644043,0.38943973183631897,1.0,0.0,18.0
exp1_empty_1,3810,457.80029296875,1.3861937522888184,0.6362847685813904,1.0,0.0,9.0
exp1_empty_1,3811,404.525146484375,1.1692554950714111,0.8429784774780273,1.0,0.0,10.0
exp1_empty_1,3812,537.9786987304688,2.8177289962768555,0.43669408559799194,1.0,0.0,9.0
exp1_empty_1,3813,559.745849609375,2.4640161991119385,0.4551955461502075,1.0,0.0,12.0
exp1_empty_1,3814,590.403076171875,1.1595207452774048,0.664362370967865,1.0,0.0,37.0
exp1_empty_1,3815,561.935791015625,1.739035725593567,0.5080776214599609,1.0,0.0,19.0
exp1_empty_1,3816,615.0284423828125,3.034524440765381,0.42206060886383057,1.0,0.0,13.0
exp1_empty_1,3817,534.4724731445312,1.9563357830047607,0.5669115781784058,1.0,0.0,14.0
exp1_empty_1,3818,609.390380859375,2.4550163745880127,0.41132882237434387,1.0,0.0,15.0
exp1_empty_1,3819,514.9454345703125,1.417772650718689,0.5338237285614014,1.0,0.0,16.0
exp1_empty_1,3821,405.302001953125,0.6587556600570679,0.8201530575752258,1.0,0.0,5.0
exp1_empty_1,3822,554.2056884765625,2.6457784175872803,0.5623623728752136,1.0,0.0,11.0
exp1_empty_1,3823,428.3224792480469,0.9901663064956665,0.667456328868866,1.0,0.0,10.0
exp1_empty_1,3824,661.004150390625,2.3171634674072266,0.4053853452205658,1.0,0.0,21.0
exp1_empty_1,3825,540.1279296875,2.3729331493377686,0.5386176705360413,1.0,0.0,11.0
exp1_empty_1,3826,565.98388671875,2.5180256366729736,0.5098116993904114,1.0,0.0,12.0
exp1_empty_1,3827,635.2262573242188,2.447742462158203,0.447077214717865,1.0,0.0,18.0
exp1_empty_1,3828,575.4939575195312,4.082067966461182,0.20524753630161285,1.0,0.0,7.0
exp1_empty_1,3829,492.1435852050781,1.893459677696228,0.6499201655387878,1.0,0.0,12.0
exp1_empty_1,3830,574.8021240234375,2.1445679664611816,0.5171212553977966,1.0,0.0,18.0
exp1_empty_1,3831,450.6039123535156,1.03160560131073,0.46544820070266724,1.0,0.0,11.0
exp1_empty_1,3832,465.6523132324219,1.6834083795547485,0.6040395498275757,1.0,0.0,8.0
exp1_empty_1,3833,426.06591796875,1.107926607131958,0.763249397277832,1.0,0.0,14.0
exp1_empty_1,3834,517.050048828125,2.8585429191589355,0.5193150639533997,1.0,0.0,7.0
exp1_empty_1,3835,474.0710144042969,1.4811054468154907,0.7290408611297607,1.0,0.0,12.0
exp1_empty_1,3836,442.49041748046875,1.9237868785858154,0.581730306148529,1.0,0.0,4.0
exp1_empty_1,3837,627.0003051757812,1.7982635498046875,0.5681813955307007,1.0,0.0,26.0
exp1_empty_1,3838,438.3389587402344,1.6404260396957397,0.7569482922554016,1.0,0.0,6.0
exp1_empty_1,3839,522.2803955078125,2.1732325553894043,0.7562740445137024,1.0,0.0,11.0
exp1_empty_1,3841,533.0173950195312,3.5375280380249023,0.3407237231731415,1.0,0.0,6.0
exp1_empty_1,3842,461.4830017089844,4.792331695556641,0.24866631627082825,1.0,0.0,2.0
exp1_empty_1,3843,589.1624145507812,2.5468966960906982,0.5207833647727966,1.0,0.0,14.0
exp1_empty_1,3844,464.5665283203125,2.003079652786255,0.7216252684593201,1.0,0.0,6.0
exp1_empty_1,3845,461.4056396484375,1.8029556274414062,0.2833690345287323,1.0,0.0,6.0
exp1_empty_1,3846,489.33917236328125,2.5768473148345947,0.7213820219039917,1.0,0.0,7.0
exp1_empty_1,3847,510.98455810546875,2.363257884979248,0.655067503452301,1.0,0.0,10.0
exp1_empty_1,3848,590.9268798828125,2.9854624271392822,0.496930867433548,1.0,0.0,12.0
exp1_empty_1,3849,541.6776733398438,2.768568515777588,0.44963520765304565,1.0,0.0,10.0
exp1_empty_1,3850,595.0493774414062,2.2158055305480957,0.6564862132072449,1.0,0.0,20.0
exp1_empty_1,3851,513.5048828125,2.54506254196167,0.6693580150604248,1.0,0.0,11.0
exp1_empty_1,3852,545.1373901367188,2.2686946392059326,0.4644682705402374,1.0,0.0,12.0
exp1_empty_1,3853,421.2793273925781,1.6653823852539062,0.592343270778656,1.0,0.0,3.0
exp1_empty_1,3854,494.50726318359375,2.1969425678253174,0.605945348739624,1.0,0.0,10.0
exp1_empty_1,3855,451.34783935546875,2.9422428607940674,0.32743024826049805,1.0,0.0,3.0
exp1_empty_1,3856,541.3868408203125,1.904139757156372,0.6175875663757324,1.0,0.0,17.0
exp1_empty_1,3857,563.9418334960938,3.3991036415100098,0.3389016389846802,1.0,0.0,8.0
exp1_empty_1,3858,493.77435302734375,2.61964750289917,0.49737271666526794,1.0,0.0,6.0
exp1_empty_1,3859,534.2548828125,2.194983720779419,0.3710372745990753,1.0,0.0,11.0
exp1_empty_1,3861,397.0291748046875,0.6840655207633972,0.8996118307113647,1.0,0.0,4.0
exp1_empty_1,3862,458.8925476074219,4.53886604309082,0.40360578894615173,1.0,0.0,2.0
exp1_empty_1,3863,603.3299560546875,2.5966124534606934,0.3510744273662567,1.0,0.0,13.0
exp1_empty_1,3864,422.8986511230469,0.7608623504638672,0.5224348306655884,1.0,0.0,14.0
exp1_empty_1,3865,603.77294921875,2.59299635887146,0.6059672832489014,1.0,0.0,15.0
exp1_empty_1,3866,480.1021728515625,2.698963165283203,0.4464360177516937,1.0,0.0,5.0
exp1_empty_1,3867,490.93548583984375,1.6594719886779785,0.43523576855659485,1.0,0.0,11.0
exp1_empty_1,3868,583.658447265625,1.2436299324035645,0.5110673308372498,1.0,0.0,33.0
exp1_empty_1,3869,413.5673828125,1.1378722190856934,0.8255577087402344,1.0,0.0,4.0
exp1_empty_1,3870,511.8271484375,2.5556907653808594,0.5421598553657532,1.0,0.0,8.0
exp1_empty_1,3871,613.2637939453125,3.4128668308258057,0.4148571789264679,1.0,0.0,11.0
exp1_empty_1,3872,473.76702880859375,1.8407255411148071,0.6621398329734802,1.0,0.0,9.0
exp1_empty_1,3873,526.943115234375,2.427816867828369,0.6274403929710388,1.0,0.0,10.0
exp1_empty_1,3874,473.35693359375,1.7090182304382324,0.5929784774780273,1.0,0.0,9.0
exp1_empty_1,3875,595.0034790039062,1.360706090927124,0.701750636100769,1.0,0.0,40.0
exp1_empty_1,3876,481.7049255371094,1.8689073324203491,0.5350573658943176,1.0,0.0,10.0
exp1_empty_1,3877,633.196044921875,3.144780397415161,0.34846770763397217,1.0,0.0,13.0
exp1_empty_1,3878,634.2782592773438,2.2622873783111572,0.610225260257721,1.0,0.0,20.0
exp1_empty_1,3879,645.704833984375,2.650015115737915,0.45444002747535706,1.0,0.0,17.0
exp1_empty_1,3881,485.37646484375,2.425363779067993,0.6189845204353333,1.0,0.0,7.0
exp1_empty_1,3882,430.5983581542969,1.4967341423034668,0.675284743309021,1.0,0.0,5.0
exp1_empty_1,3883,661.56689453125,3.5695528984069824,0.41956260800361633,1.0,0.0,13.0
exp1_empty_1,3884,561.725341796875,2.9451656341552734,0.5009425282478333,1.0,0.0,10.0
exp1_empty_1,3885,457.3819885253906,2.037771701812744,0.576650857925415,1.0,0.0,5.0
exp1_empty_1,3886,568.657470703125,3.078962564468384,0.42619889974594116,1.0,0.0,10.0
exp1_empty_1,3887,554.200927734375,2.0755796432495117,0.6338900923728943,1.0,0.0,15.0
exp1_empty_1,3888,460.2121887207031,1.9277942180633545,0.7142208814620972,1.0,0.0,8.0
exp1_empty_1,3889,542.5648803710938,2.521772861480713,0.3695927560329437,1.0,0.0,10.0
exp1_empty_1,3890,618.42578125,2.516446113586426,0.5768401622772217,1.0,0.0,18.0
exp1_empty_1,3891,429.0866394042969,1.4446700811386108,0.7100146412849426,1.0,0.0,10.0
exp1_empty_1,3892,512.3729858398438,1.758514404296875,0.7126355171203613,1.0,0.0,18.0
exp1_empty_1,3893,477.6499938964844,1.403998851776123,0.7124018669128418,1.0,0.0,12.0
exp1_empty_1,3894,557.81787109375,2.2646212577819824,0.4741749167442322,1.0,0.0,13.0
exp1_empty_1,3895,407.33056640625,0.8387969136238098,0.8084433674812317,1.0,0.0,3.0
exp1_empty_1,3896,488.36273193359375,2.045234203338623,0.4215163588523865,1.0,0.0,8.0
exp1_empty_1,3897,517.2974243164062,1.9110338687896729,0.673174262046814,1.0,0.0,14.0
exp1_empty_1,3898,526.224853515625,2.7428579330444336,0.42649057507514954,1.0,0.0,8.0
exp1_empty_1,3899,501.8641662597656,2.218754529953003,0.4614924490451813,1.0,0.0,8.0
exp1_empty_1,3901,561.154541015625,1.7551600933074951,0.705818235874176,1.0,0.0,30.0
exp1_empty_1,3902,612.913330078125,2.395916223526001,0.5153924822807312,1.0,0.0,17.0
exp1_empty_1,3903,559.2796630859375,2.0069985389709473,0.6081798672676086,1.0,0.0,20.0
exp1_empty_1,3904,562.7259521484375,1.9445809125900269,0.6650158166885376,1.0,0.0,23.0
exp1_empty_1,3905,533.7100830078125,2.056497097015381,0.5815097689628601,1.0,0.0,12.0
exp1_empty_1,3906,528.1666870117188,1.5068917274475098,0.6645587086677551,1.0,0.0,17.0
exp1_empty_1,3907,638.491943359375,3.6530258655548096,0.240030899643898,1.0,0.0,11.0
exp1_empty_1,3908,420.72186279296875,1.3905129432678223,0.6940895915031433,1.0,0.0,3.0
exp1_empty_1,3909,635.0133666992188,2.9830920696258545,0.4525899589061737,1.0,0.0,14.0
exp1_empty_1,3910,588.845703125,3.522735118865967,0.3448939025402069,1.0,0.0,9.0
exp1_empty_1,3911,569.1006469726562,3.836174249649048,0.18129967153072357,1.0,0.0,7.0
exp1_empty_1,3912,715.1864013671875,3.0705463886260986,0.33277779817581177,1.0,0.0,18.0
exp1_empty_1,3913,609.5177612304688,3.5784192085266113,0.295845091342926,1.0,0.0,10.0
exp1_empty_1,3914,583.967041015625,1.9921278953552246,0.555753767490387,1.0,0.0,19.0
exp1_empty_1,3915,641.9195556640625,2.129779100418091,0.41986098885536194,1.0,0.0,20.0
exp1_empty_1,3916,507.71832275390625,2.3237481117248535,0.6845436096191406,1.0,0.0,10.0
exp1_empty_1,3917,436.80450439453125,1.3132156133651733,0.7963662147521973,1.0,0.0,12.0
exp1_empty_1,3918,659.082763671875,3.838852882385254,0.17715631425380707,1.0,0.0,11.0
exp1_empty_1,3919,557.1666870117188,2.7140305042266846,0.54520583152771,1.0,0.0,12.0
exp1_empty_1,3921,507.13812255859375,1.952640414237976,0.6917656064033508,1.0,0.0,12.0
exp1_empty_1,3922,520.4430541992188,1.8613252639770508,0.6733203530311584,1.0,0.0,16.0
exp1_empty_1,3923,511.9814758300781,2.7679665088653564,0.4631250202655792,1.0,0.0,7.0
exp1_empty_1,3924,489.5367431640625,1.887387752532959,0.5917050838470459,1.0,0.0,9.0
exp1_empty_1,3925,431.98736572265625,1.1467143297195435,0.5926604866981506,1.0,0.0,7.0
exp1_empty_1,3926,570.48876953125,1.9578770399093628,0.5651599168777466,1.0,0.0,17.0
exp1_empty_1,3927,551.2394409179688,2.107084274291992,0.42484763264656067,1.0,0.0,13.0
exp1_empty_1,3928,530.8766479492188,2.2849531173706055,0.5711410641670227,1.0,0.0,11.0
exp1_empty_1,3929,457.371826171875,2.1236279010772705,0.6011523604393005,1.0,0.0,6.0
exp1_empty_1,3930,674.374755859375,3.9614813327789307,0.24450808763504028,1.0,0.0,11.0
exp1_empty_1,3931,458.0438537597656,2.457202434539795,0.5960848331451416,1.0,0.0,4.0
exp1_empty_1,3932,573.6818237304688,2.222461223602295,0.4967576861381531,1.0,0.0,15.0
exp1_empty_1,3933,561.8189697265625,2.493478536605835,0.39569830894470215,1.0,0.0,12.0
exp1_empty_1,3934,538.03515625,1.81065034866333,0.6171553730964661,1.0,0.0,16.0
exp1_empty_1,3935,516.782958984375,2.2287611961364746,0.40963760018348694,1.0,0.0,9.0
exp1_empty_1,3936,717.27099609375,3.486696243286133,0.29349833726882935,1.0,0.0,16.0
exp1_empty_1,3937,473.37188720703125,1.376750111579895,0.41044339537620544,1.0,0.0,11.0
exp1_empty_1,3938,653.43798828125,2.501354217529297,0.4455242156982422,1.0,0.0,19.0
exp1_empty_1,3939,504.74163818359375,2.081413507461548,0.6995245218276978,1.0,0.0,10.0
exp1_empty_1,3941,483.1562194824219,1.8938274383544922,0.5452703237533569,1.0,0.0,8.0
exp1_empty_1,3942,464.86175537109375,2.238349199295044,0.4205809533596039,1.0,0.0,5.0
exp1_empty_1,3943,561.905029296875,1.939547061920166,0.6543689370155334,1.0,0.0,18.0
exp1_empty_1,3944,453.88629150390625,1.995277762413025,0.5606786012649536,1.0,0.0,5.0
exp1_empty_1,3945,520.763671875,1.3133357763290405,0.7199937701225281,1.0,0.0,24.0
exp1_empty_1,3946,565.492431640625,2.121633768081665,0.611014187335968,1.0,0.0,16.0
exp1_empty_1,3947,510.7370300292969,1.9605146646499634,0.7087221145629883,1.0,0.0,12.0
exp1_empty_1,3948,560.154296875,2.141120195388794,0.6631839871406555,1.0,0.0,15.0
exp1_empty_1,3949,548.2813720703125,2.2203829288482666,0.6039472222328186,1.0,0.0,14.0
exp1_empty_1,3950,584.8422241210938,1.3637899160385132,0.6612684726715088,1.0,0.0,30.0
exp1_empty_1,3951,492.85382080078125,1.936699390411377,0.5433590412139893,1.0,0.0,9.0
exp1_empty_1,3952,433.35198974609375,1.2207958698272705,0.8047943115234375,1.0,0.0,11.0
exp1_empty_1,3953,438.1593017578125,1.9732375144958496,0.5861718654632568,1.0,0.0,6.0
exp1_empty_1,3954,471.9828796386719,1.5174161195755005,0.5137719511985779,1.0,0.0,11.0
exp1_empty_1,3955,517.3566284179688,1.5262128114700317,0.5762035846710205,1.0,0.0,15.0
exp1_empty_1,3956,542.7207641601562,2.043262004852295,0.5190544128417969,1.0,0.0,13.0
exp1_empty_1,3957,429.26776123046875,1.1382426023483276,0.6583842039108276,1.0,0.0,7.0
exp1_empty_1,3958,470.9994201660156,2.27432918548584,0.5611319541931152,1.0,0.0,6.0
exp1_empty_1,3959,427.7353820800781,1.2295584678649902,0.6728338599205017,1.0,0.0,11.0
exp1_empty_1,3961,524.5782470703125,1.9291335344314575,0.6171461939811707,1.0,0.0,14.0
exp1_empty_1,3962,577.53564453125,2.4733083248138428,0.505037784576416,1.0,0.0,14.0
exp1_empty_1,3963,479.95318603515625,2.7274789810180664,0.39556464552879333,1.0,0.0,5.0
exp1_empty_1,3964,454.28216552734375,1.478254795074463,0.7431344985961914,1.0,0.0,9.0
exp1_empty_1,3965,718.113525390625,2.229835271835327,0.5022807121276855,1.0,0.0,26.0
exp1_empty_1,3966,504.49285888671875,1.8433973789215088,0.6091485619544983,1.0,0.0,14.0
exp1_empty_1,3967,410.0423889160156,1.0563950538635254,0.8070927262306213,1.0,0.0,9.0
exp1_empty_1,3968,481.40228271484375,1.7970197200775146,0.7310552597045898,1.0,0.0,10.0
exp1_empty_1,3969,477.6355285644531,1.10428786277771,0.7824048399925232,1.0,0.0,17.0
exp1_empty_1,3970,431.00799560546875,1.491272211074829,0.7427234649658203,1.0,0.0,8.0
exp1_empty_1,3971,478.0489501953125,2.2863545417785645,0.5693201422691345,1.0,0.0,7.0
exp1_empty_1,3972,454.21484375,1.7963515520095825,0.7269564867019653,1.0,0.0,7.0
exp1_empty_1,3973,485.031005859375,1.5522596836090088,0.7586910724639893,1.0,0.0,16.0
exp1_empty_1,3974,497.2161865234375,1.833916425704956,0.5168653130531311,1.0,0.0,11.0
exp1_empty_1,3975,601.3555908203125,3.33990216255188,0.22202368080615997,1.0,0.0,10.0
exp1_empty_1,3976,613.8935546875,1.9009369611740112,0.6185219883918762,1.0,0.0,30.0
exp1_empty_1,3977,479.3265686035156,1.4176470041275024,0.7142166495323181,1.0,0.0,14.0
exp1_empty_1,3978,618.93212890625,2.5741074085235596,0.43219801783561707,1.0,0.0,16.0
exp1_empty_1,3979,659.7069091796875,3.474138021469116,0.3957301378250122,1.0,0.0,13.0
exp1_empty_1,3981,753.8739013671875,3.1546952724456787,0.25245943665504456,1.0,0.0,19.0
exp1_empty_1,3982,518.8847045898438,3.299226760864258,0.43695178627967834,1.0,0.0,6.0
exp1_empty_1,3983,414.4081115722656,0.7783363461494446,0.6509222388267517,1.0,0.0,7.0
exp1_empty_1,3984,504.416259765625,2.5491349697113037,0.4369446337223053,1.0,0.0,7.0
exp1_empty_1,3985,619.39697265625,2.0542173385620117,0.49562400579452515,1.0,0.0,20.0
exp1_empty_1,3986,509.95135498046875,2.288841724395752,0.5513550043106079,1.0,0.0,9.0
exp1_empty_1,3987,503.851318359375,2.753762722015381,0.532947838306427,1.0,0.0,7.0
exp1_empty_1,3988,538.2722778320312,1.764887809753418,0.7380415797233582,1.0,0.0,17.0
exp1_empty_1,3989,556.1029663085938,2.4052207469940186,0.5257198810577393,1.0,0.0,12.0
exp1_empty_1,3990,495.1412353515625,1.8405181169509888,0.4950929880142212,1.0,0.0,13.0
exp1_empty_1,3991,620.47021484375,2.015737533569336,0.6413460373878479,1.0,0.0,28.0
exp1_empty_1,3992,702.6566772460938,2.592918872833252,0.5700774788856506,1.0,0.0,24.0
exp1_empty_1,3993,552.6889038085938,2.065431594848633,0.620863676071167,1.0,0.0,17.0
exp1_empty_1,3994,410.7452392578125,1.0749214887619019,1.005849003791809,1.0,0.0,4.0
exp1_empty_1,3995,653.6405639648438,3.858139991760254,0.30347907543182373,1.0,0.0,11.0
exp1_empty_1,3996,495.60284423828125,1.847752332687378,0.5650286674499512,1.0,0.0,11.0
exp1_empty_1,3997,636.2952270507812,2.4361650943756104,0.5574902296066284,1.0,0.0,23.0
exp1_empty_1,3998,486.9378662109375,1.2086601257324219,0.5592800378799438,1.0,0.0,20.0
exp1_empty_1,3999,604.2659301757812,3.4186601638793945,0.41325828433036804,1.0,0.0,11.0
exp1_empty_1,4001,408.0114440917969,0.6045701503753662,0.7492579221725464,1.0,0.0,17.0
exp1_empty_1,4002,451.4875793457031,2.976551055908203,0.7576543688774109,1.0,0.0,3.0
exp1_empty_1,4003,498.6556091308594,2.4894015789031982,0.48726534843444824,1.0,0.0,7.0
exp1_empty_1,4004,455.4309997558594,2.4138221740722656,0.677887499332428,1.0,0.0,4.0
exp1_empty_1,4005,493.26763916015625,2.3301734924316406,0.5277075171470642,1.0,0.0,8.0
exp1_empty_1,4006,448.3432922363281,2.2016820907592773,0.6489008069038391,1.0,0.0,5.0
exp1_empty_1,4007,503.7632751464844,2.0988609790802,0.6227738261222839,1.0,0.0,10.0
exp1_empty_1,4008,404.4219665527344,0.6777151823043823,0.6821394562721252,1.0,0.0,11.0
exp1_empty_1,4009,451.4200134277344,1.5703052282333374,0.7251651287078857,1.0,0.0,9.0
exp1_empty_1,4010,649.8341064453125,1.6754790544509888,0.3658767342567444,1.0,0.0,27.0
exp1_empty_1,4011,578.980712890625,1.77327561378479,0.40845781564712524,1.0,0.0,20.0
exp1_empty_1,4012,486.6734313964844,2.0959486961364746,0.5679973363876343,1.0,0.0,9.0
exp1_empty_1,4013,416.9924011230469,0.8451791405677795,0.6671194434165955,1.0,0.0,7.0
exp1_empty_1,4014,456.127685546875,2.008759021759033,0.5462477207183838,1.0,0.0,5.0
exp1_empty_1,4015,606.8408203125,2.006181478500366,0.661971390247345,1.0,0.0,22.0
exp1_empty_1,4016,415.8310241699219,1.0113016366958618,0.9239922761917114,1.0,0.0,15.0
exp1_empty_1,4017,519.5050659179688,2.3995208740234375,0.39583274722099304,1.0,0.0,9.0
exp1_empty_1,4018,451.6204833984375,2.896336793899536,0.406104177236557,1.0,0.0,3.0
exp1_empty_1,4019,523.640380859375,2.4149580001831055,0.40748342871665955,1.0,0.0,9.0
exp1_empty_1,4021,487.15142822265625,3.003742218017578,0.5087553262710571,1.0,0.0,5.0
exp1_empty_1,4022,554.1963500976562,2.035456418991089,0.6556929349899292,1.0,0.0,18.0
exp1_empty_1,4023,531.7921142578125,2.486854076385498,0.6011070013046265,1.0,0.0,10.0
exp1_empty_1,4024,397.2081298828125,1.1052066087722778,0.8304237723350525,1.0,0.0,11.0
exp1_empty_1,4025,469.26763916015625,2.0792930126190186,0.34348341822624207,1.0,0.0,6.0
exp1_empty_1,4026,747.5054931640625,4.22959566116333,0.18020115792751312,1.0,0.0,13.0
exp1_empty_1,4027,631.3907470703125,3.133563756942749,0.4623124301433563,1.0,0.0,14.0
exp1_empty_1,4028,446.10174560546875,1.5532199144363403,0.6115085482597351,1.0,0.0,6.0
exp1_empty_1,4029,513.2982788085938,2.0058910846710205,0.7065815329551697,1.0,0.0,14.0
exp1_empty_1,4030,419.8114013671875,0.9519179463386536,0.7605155110359192,1.0,0.0,10.0
exp1_empty_1,4031,426.95257568359375,1.2163912057876587,0.9108574986457825,1.0,0.0,9.0
exp1_empty_1,4032,437.8771057128906,1.4284775257110596,0.8160937428474426,1.0,0.0,8.0
exp1_empty_1,4033,600.1533813476562,2.5022287368774414,0.5553590655326843,1.0,0.0,15.0
exp1_empty_1,4034,443.36248779296875,1.2528749704360962,0.7135429382324219,1.0,0.0,9.0
exp1_empty_1,4035,550.7794189453125,2.36929988861084,0.32630765438079834,1.0,0.0,11.0
exp1_empty_1,4036,478.86627197265625,1.6707613468170166,0.7285716533660889,1.0,0.0,21.0
exp1_empty_1,4037,542.6067504882812,2.4233102798461914,0.5748235583305359,1.0,0.0,11.0
exp1_empty_1,4038,536.7286376953125,2.3774361610412598,0.4289265275001526,1.0,0.0,10.0
exp1_empty_1,4039,462.57000732421875,2.200166940689087,0.602340579032898,1.0,0.0,6.0
exp1_empty_1,4041,615.0028686523438,2.7078773975372314,0.46138426661491394,1.0,0.0,14.0
exp1_empty_1,4042,429.6224365234375,0.7294219136238098,0.8096655607223511,1.0,0.0,15.0
exp1_empty_1,4043,410.14801025390625,0.8040918707847595,0.6696764826774597,1.0,0.0,4.0
exp1_empty_1,4044,484.68157958984375,2.345608949661255,0.5637298226356506,1.0,0.0,7.0
exp1_empty_1,4045,461.47491455078125,2.1222589015960693,0.45808249711990356,1.0,0.0,5.0
exp1_empty_1,4046,494.9691467285156,1.5528470277786255,0.5698747038841248,1.0,0.0,12.0
exp1_empty_1,4047,525.1829223632812,2.589890241622925,0.5480075478553772,1.0,0.0,9.0
exp1_empty_1,4048,425.4075622558594,1.1861224174499512,0.8542262315750122,1.0,0.0,21.0
exp1_empty_1,4049,538.781982421875,3.2017250061035156,0.3615240454673767,1.0,0.0,7.0
exp1_empty_1,4050,541.0648193359375,1.7549781799316406,0.5391054153442383,1.0,0.0,16.0
exp1_empty_1,4051,450.9129638671875,1.1207659244537354,0.6461707353591919,1.0,0.0,13.0
exp1_empty_1,4052,611.839599609375,2.5291459560394287,0.5375979542732239,1.0,0.0,15.0
exp1_empty_1,4053,441.7499084472656,1.440124750137329,0.796156644821167,1.0,0.0,8.0
exp1_empty_1,4054,427.9943542480469,1.5807380676269531,0.7176535129547119,1.0,0.0,6.0
exp1_empty_1,4055,445.9036865234375,0.8581845164299011,0.7856878638267517,1.0,0.0,18.0
exp1_empty_1,4056,462.9402160644531,1.7064892053604126,0.7346284985542297,1.0,0.0,11.0
exp1_empty_1,4057,522.001220703125,1.284083604812622,0.6300088167190552,1.0,0.0,24.0
exp1_empty_1,4058,499.50140380859375,1.721790075302124,0.7002561092376709,1.0,0.0,18.0
exp1_empty_1,4059,576.435791015625,2.1758456230163574,0.6584322452545166,1.0,0.0,18.0
exp1_empty_1,4061,579.8596801757812,2.556497812271118,0.5055218935012817,1.0,0.0,15.0
exp1_empty_1,4062,593.0634765625,3.343824863433838,0.38768166303634644,1.0,0.0,10.0
exp1_empty_1,4063,508.6324462890625,2.5557973384857178,0.6647238731384277,1.0,0.0,8.0
exp1_empty_1,4064,621.6799926757812,3.103858709335327,0.3875872492790222,1.0,0.0,13.0
exp1_empty_1,4065,421.6805725097656,2.2237112522125244,0.9158611297607422,1.0,0.0,2.0
exp1_empty_1,4066,579.7401123046875,1.5977752208709717,0.4242190718650818,1.0,0.0,21.0
exp1_empty_1,4067,610.6871337890625,2.229478120803833,0.6078307032585144,1.0,0.0,21.0
exp1_empty_1,4068,475.861328125,1.8407649993896484,0.5739864706993103,1.0,0.0,8.0
exp1_empty_1,4069,471.08856201171875,2.648876190185547,0.5772231817245483,1.0,0.0,5.0
exp1_empty_1,4070,487.9252624511719,2.37152361869812,0.6503457427024841,1.0,0.0,7.0
exp1_empty_1,4071,515.2037353515625,2.287829637527466,0.4709163308143616,1.0,0.0,9.0
exp1_empty_1,4072,554.4984741210938,2.4131124019622803,0.48712706565856934,1.0,0.0,12.0
exp1_empty_1,4073,470.7254638671875,1.5003446340560913,0.8220905661582947,1.0,0.0,13.0
exp1_empty_1,4074,607.9180908203125,2.860618829727173,0.45437857508659363,1.0,0.0,14.0
exp1_empty_1,4075,509.4552001953125,1.93177330493927,0.609379231929779,1.0,0.0,12.0
exp1_empty_1,4076,462.53741455078125,2.374624729156494,0.671797513961792,1.0,0.0,5.0
exp1_empty_1,4077,567.8902587890625,2.0561106204986572,0.4574127495288849,1.0,0.0,15.0
exp1_empty_1,4078,539.6178588867188,2.7596004009246826,0.4501209259033203,1.0,0.0,9.0
exp1_empty_1,4079,520.5980224609375,2.8182320594787598,0.47139406204223633,1.0,0.0,8.0
exp1_empty_1,4081,612.3756103515625,2.671065330505371,0.42997369170188904,1.0,0.0,15.0
exp1_empty_1,4082,538.1524658203125,2.6512129306793213,0.5834122896194458,1.0,0.0,10.0
exp1_empty_1,4083,503.4747619628906,2.047093629837036,0.6949137449264526,1.0,0.0,10.0
exp1_empty_1,4084,656.6746826171875,2.2179949283599854,0.508296012878418,1.0,0.0,23.0
exp1_empty_1,4085,563.9840698242188,2.3270423412323,0.5829464197158813,1.0,0.0,14.0
exp1_empty_1,4086,536.0547485351562,1.4982951879501343,0.6617746949195862,1.0,0.0,22.0
exp1_empty_1,4087,428.37506103515625,1.0653640031814575,0.8094463348388672,1.0,0.0,13.0
exp1_empty_1,4088,482.326171875,2.0652525424957275,0.3932473957538605,1.0,0.0,7.0
exp1_empty_1,4089,564.6895751953125,2.3409037590026855,0.4951319992542267,1.0,0.0,13.0
exp1_empty_1,4090,658.4443969726562,2.9928057193756104,0.41868072748184204,1.0,0.0,16.0
exp1_empty_1,4091,699.9796752929688,2.4416658878326416,0.44257935881614685,1.0,0.0,23.0
exp1_empty_1,4092,589.172119140625,2.1639442443847656,0.5136967897415161,1.0,0.0,17.0
exp1_empty_1,4093,671.8441162109375,2.444517135620117,0.39390653371810913,1.0,0.0,21.0
exp1_empty_1,4094,496.42449951171875,1.747653603553772,0.7427610158920288,1.0,0.0,15.0
exp1_empty_1,4095,457.54791259765625,1.4458529949188232,0.6217079758644104,1.0,0.0,9.0
exp1_empty_1,4096,535.0906372070312,2.1965246200561523,0.5007132291793823,1.0,0.0,13.0
exp1_empty_1,4097,610.6326904296875,1.2937681674957275,0.6912928819656372,1.0,0.0,40.0
exp1_empty_1,4098,653.0773315429688,2.0717639923095703,0.46978312730789185,1.0,0.0,23.0
exp1_empty_1,4099,509.923095703125,1.6103965044021606,0.5008330941200256,1.0,0.0,14.0
exp1_empty_1,4101,544.6546630859375,1.068703532218933,0.42652297019958496,1.0,0.0,29.0
exp1_empty_1,4102,618.9644775390625,2.0528512001037598,0.486260324716568,1.0,0.0,22.0
exp1_empty_1,4103,667.3455810546875,1.577306866645813,0.5342512130737305,1.0,0.0,33.0
exp1_empty_1,4104,520.4449462890625,1.4796873331069946,0.7143988609313965,1.0,0.0,20.0
exp1_empty_1,4105,460.490234375,2.1465113162994385,0.6149771213531494,1.0,0.0,6.0
exp1_empty_1,4106,415.55780029296875,1.2924944162368774,0.8303777575492859,1.0,0.0,6.0
exp1_empty_1,4107,526.4136962890625,2.577608108520508,0.4479607939720154,1.0,0.0,9.0
exp1_empty_1,4108,450.8466796875,1.8582963943481445,0.43209680914878845,1.0,0.0,5.0
exp1_empty_1,4109,586.0948486328125,1.2219282388687134,0.7305271625518799,1.0,0.0,34.0
exp1_empty_1,4110,571.6571044921875,1.374279260635376,0.6371569633483887,1.0,0.0,27.0
exp1_empty_1,4111,415.6610107421875,0.7692294716835022,0.5883476138114929,1.0,0.0,7.0
exp1_empty_1,4112,526.23974609375,2.0291812419891357,0.4282977283000946,1.0,0.0,11.0
exp1_empty_1,4113,667.0592651367188,2.3166425228118896,0.5285833477973938,1.0,0.0,22.0
exp1_empty_1,4114,530.29833984375,1.570691704750061,0.7151637077331543,1.0,0.0,19.0
exp1_empty_1,4115,462.44146728515625,1.9398983716964722,0.766961932182312,1.0,0.0,7.0
exp1_empty_1,4116,493.0489196777344,1.5989834070205688,0.49609896540641785,1.0,0.0,11.0
exp1_empty_1,4117,542.8338012695312,1.3909025192260742,0.6413397789001465,1.0,0.0,23.0
exp1_empty_1,4118,670.5355224609375,2.3725831508636475,0.3772727847099304,1.0,0.0,21.0
exp1_empty_1,4119,528.69580078125,1.4327682256698608,0.45083707571029663,1.0,0.0,19.0
exp1_empty_1,4121,475.91583251953125,2.2561373710632324,0.48418310284614563,1.0,0.0,6.0
exp1_empty_1,4122,463.5445556640625,1.906209945678711,0.5184486508369446,1.0,0.0,6.0
exp1_empty_1,4123,445.6647644042969,1.337859034538269,0.6695624589920044,1.0,0.0,8.0
exp1_empty_1,4124,576.8662109375,2.267840623855591,0.44165483117103577,1.0,0.0,14.0
exp1_empty_1,4125,505.83209228515625,1.755998134613037,0.659860372543335,1.0,0.0,13.0
exp1_empty_1,4126,419.4970397949219,0.9521374106407166,0.8809636235237122,1.0,0.0,7.0
exp1_empty_1,4127,605.8394775390625,2.136150360107422,0.35439538955688477,1.0,0.0,17.0
exp1_empty_1,4128,458.8058166503906,1.4335459470748901,0.4411253333091736,1.0,0.0,8.0
exp1_empty_1,4129,443.80999755859375,0.7222517132759094,0.7472844123840332,1.0,0.0,24.0
exp1_empty_1,4130,405.4190368652344,0.5878108739852905,0.828974723815918,1.0,0.0,6.0
exp1_empty_1,4131,497.54400634765625,1.1574715375900269,0.7263032793998718,1.0,0.0,24.0
exp1_empty_1,4132,706.6268920898438,2.244027614593506,0.3140835762023926,1.0,0.0,25.0
exp1_empty_1,4133,639.9671020507812,2.170741081237793,0.35993555188179016,1.0,0.0,20.0
exp1_empty_1,4134,420.9643249511719,0.9012520909309387,0.7134820222854614,1.0,0.0,10.0
exp1_empty_1,4135,428.21527099609375,0.8484934568405151,0.8416808843612671,1.0,0.0,10.0
exp1_empty_1,4136,466.0345764160156,1.3409863710403442,0.6743720173835754,1.0,0.0,12.0
exp1_empty_1,4137,589.6148681640625,1.7824358940124512,0.5534359216690063,1.0,0.0,22.0
exp1_empty_1,4138,643.4652099609375,1.9201023578643799,0.5833985209465027,1.0,0.0,25.0
exp1_empty_1,4139,525.7449340820312,1.544906735420227,0.6152240037918091,1.0,0.0,17.0
exp1_empty_1,4141,584.6160278320312,1.9381707906723022,0.45234790444374084,1.0,0.0,18.0
exp1_empty_1,4142,645.2752685546875,2.2356386184692383,0.36119526624679565,1.0,0.0,20.0
exp1_empty_1,4143,453.6979675292969,1.20598566532135,0.8514766693115234,1.0,0.0,18.0
exp1_empty_1,4144,341.1686706542969,0.7259795665740967,0.5372191667556763,1.0,0.0,30.0
exp1_empty_1,4145,618.0188598632812,2.09806752204895,0.3503577709197998,1.0,0.0,19.0
exp1_empty_1,4146,544.15185546875,1.243987798690796,0.43060147762298584,1.0,0.0,24.0
exp1_empty_1,4147,641.0224609375,1.651444435119629,0.3705487549304962,1.0,0.0,27.0
exp1_empty_1,4148,477.73236083984375,1.5155836343765259,0.5093766450881958,1.0,0.0,10.0
exp1_empty_1,4149,626.4102783203125,1.686596155166626,0.5035536289215088,1.0,0.0,26.0
exp1_empty_1,4150,565.1903076171875,1.2134071588516235,0.4425113797187805,1.0,0.0,29.0
exp1_empty_1,4151,395.26007080078125,0.7517358660697937,0.8923653960227966,1.0,0.0,11.0
exp1_empty_1,4152,517.467529296875,1.1159946918487549,0.44951990246772766,1.0,0.0,23.0
exp1_empty_1,4153,565.578857421875,1.213334321975708,0.7144354581832886,1.0,0.0,34.0
exp1_empty_1,4154,421.83673095703125,1.1349879503250122,0.7762643694877625,1.0,0.0,6.0
exp1_empty_1,4155,409.6029968261719,0.6612153649330139,0.8386783003807068,1.0,0.0,12.0
exp1_empty_1,4156,540.4415283203125,1.4674808979034424,0.47662031650543213,1.0,0.0,19.0
exp1_empty_1,4157,416.1235656738281,0.6085690259933472,0.5323271751403809,1.0,0.0,9.0
exp1_empty_1,4158,455.76470947265625,0.9526469707489014,0.7375777959823608,1.0,0.0,16.0
exp1_empty_1,4159,633.46484375,1.8576513528823853,0.342676043510437,1.0,0.0,24.0
exp1_empty_1,4161,456.4499816894531,1.0189586877822876,0.5623509883880615,1.0,0.0,13.0
exp1_empty_1,4162,491.7263488769531,1.3485411405563354,0.5966938138008118,1.0,0.0,15.0
exp1_empty_1,4163,625.2496948242188,1.7659472227096558,0.44629260897636414,1.0,0.0,26.0
exp1_empty_1,4164,498.9217224121094,1.3378709554672241,0.6913740634918213,1.0,0.0,21.0
exp1_empty_1,4165,604.191162109375,1.3743501901626587,0.5898378491401672,1.0,0.0,31.0
exp1_empty_1,4166,454.7044372558594,1.2941120862960815,0.5369848012924194,1.0,0.0,9.0
exp1_empty_1,4167,561.4743041992188,1.1970138549804688,0.6312605738639832,1.0,0.0,30.0
exp1_empty_1,4168,594.166259765625,1.2821338176727295,0.5709797143936157,1.0,0.0,33.0
exp1_empty_1,4169,493.6920471191406,1.2420289516448975,0.4750696122646332,1.0,0.0,17.0
exp1_empty_1,4170,428.872314453125,1.1179317235946655,0.7953268885612488,1.0,0.0,7.0
exp1_empty_1,4171,593.464599609375,0.8793251514434814,0.6125550270080566,1.0,0.0,63.0
exp1_empty_1,4172,503.64190673828125,0.9028010964393616,0.3571138083934784,1.0,0.0,27.0
exp1_empty_1,4173,585.1723022460938,1.5380936861038208,0.5507335066795349,1.0,0.0,24.0
exp1_empty_1,4174,441.31536865234375,1.0304936170578003,0.5187215209007263,1.0,0.0,9.0
exp1_empty_1,4175,413.81329345703125,0.8562453389167786,0.8891947865486145,1.0,0.0,5.0
exp1_empty_1,4176,553.6939086914062,1.4720203876495361,0.5247885584831238,1.0,0.0,22.0
exp1_empty_1,4177,571.31103515625,1.3810192346572876,0.6507015228271484,1.0,0.0,29.0
exp1_empty_1,4178,483.59112548828125,1.1403661966323853,0.7847355604171753,1.0,0.0,18.0
exp1_empty_1,4179,539.8912353515625,1.4743374586105347,0.6139140129089355,1.0,0.0,19.0
exp1_empty_1,4181,594.1636352539062,1.3885122537612915,0.6239174604415894,1.0,0.0,34.0
exp1_empty_1,4182,619.609130859375,1.5706591606140137,0.6960662007331848,1.0,0.0,31.0
exp1_empty_1,4183,392.5675964355469,0.837840735912323,0.887344241142273,1.0,0.0,5.0
exp1_empty_1,4184,504.87738037109375,1.2841991186141968,0.519688069820404,1.0,0.0,18.0
exp1_empty_1,4185,548.58251953125,1.4164787530899048,0.4426591992378235,1.0,0.0,23.0
exp1_empty_1,4186,533.031005859375,1.2829184532165527,0.481450617313385,1.0,0.0,23.0
exp1_empty_1,4187,471.67303466796875,0.8349848985671997,0.6790398955345154,1.0,0.0,25.0
exp1_empty_1,4188,486.382080078125,1.0881333351135254,0.5150479674339294,1.0,0.0,19.0
exp1_empty_1,4189,434.6531982421875,0.761415421962738,0.7433292269706726,1.0,0.0,15.0
exp1_empty_1,4190,561.8040771484375,1.51654851436615,0.4474542438983917,1.0,0.0,22.0
exp1_empty_1,4191,485.3298034667969,1.2824488878250122,0.47445937991142273,1.0,0.0,14.0
exp1_empty_1,4192,471.43994140625,1.2585856914520264,0.7328539490699768,1.0,0.0,14.0
exp1_empty_1,4193,504.09173583984375,1.1773382425308228,0.4693828821182251,1.0,0.0,19.0
exp1_empty_1,4194,477.76458740234375,1.338149070739746,0.6355841159820557,1.0,0.0,12.0
exp1_empty_1,4195,561.758544921875,1.3268495798110962,0.4939764440059662,1.0,0.0,28.0
exp1_empty_1,4196,441.5998840332031,0.9146679043769836,0.6936284899711609,1.0,0.0,12.0
exp1_empty_1,4197,492.927734375,1.0924084186553955,0.5810019373893738,1.0,0.0,20.0
exp1_empty_1,4198,496.7548828125,1.0281436443328857,0.40553751587867737,1.0,0.0,21.0
exp1_empty_1,4199,566.8841552734375,1.2670329809188843,0.6475884318351746,1.0,0.0,31.0
exp1_empty_1,4201,523.593994140625,1.1471766233444214,0.7134801149368286,1.0,0.0,26.0
exp1_empty_1,4202,483.7545471191406,1.010171890258789,0.5010127425193787,1.0,0.0,19.0
exp1_empty_1,4203,437.5030517578125,0.7620137929916382,0.5373679995536804,1.0,0.0,17.0
exp1_empty_1,4204,487.6178894042969,0.9254782795906067,0.7766903638839722,1.0,0.0,32.0
exp1_empty_1,4205,713.3365478515625,1.7962226867675781,0.4100210964679718,1.0,0.0,33.0
exp1_empty_1,4206,481.74658203125,1.1090067625045776,0.5190386176109314,1.0,0.0,17.0
exp1_empty_1,4207,661.2254638671875,1.6684738397598267,0.49264073371887207,1.0,0.0,32.0
exp1_empty_1,4208,635.0494384765625,1.3527040481567383,0.721339225769043,1.0,0.0,37.0
exp1_empty_1,4209,427.9235534667969,0.7506157755851746,0.8008995056152344,1.0,0.0,14.0
exp1_empty_1,4210,506.47698974609375,1.1715465784072876,0.3818776607513428,1.0,0.0,19.0
exp1_empty_1,4211,495.75567626953125,1.0770014524459839,0.6123066544532776,1.0,0.0,22.0
exp1_empty_1,4212,422.51019287109375,0.8159815073013306,0.8583657145500183,1.0,0.0,10.0
exp1_empty_1,4213,474.034423828125,1.115281105041504,0.8644289970397949,1.0,0.0,17.0
exp1_empty_1,4214,413.4281921386719,1.4688442945480347,0.828648567199707,1.0,0.0,2.0
exp1_empty_1,4215,515.6541748046875,1.170941948890686,0.5028186440467834,1.0,0.0,22.0
exp1_empty_1,4216,561.7699584960938,1.3091349601745605,0.5023210644721985,1.0,0.0,27.0
exp1_empty_1,4217,518.0494384765625,1.5576530694961548,0.49136850237846375,1.0,0.0,15.0
exp1_empty_1,4218,511.9349365234375,1.4473975896835327,0.515947163105011,1.0,0.0,16.0
exp1_empty_1,4219,539.485595703125,1.1954460144042969,0.6899423599243164,1.0,0.0,28.0
exp1_empty_1,4221,453.0225524902344,0.8644810318946838,0.2906414866447449,1.0,0.0,15.0
exp1_empty_1,4222,492.7208251953125,0.9873330593109131,0.593451976776123,1.0,0.0,25.0
exp1_empty_1,4223,456.8243713378906,1.1476223468780518,0.731896162033081,1.0,0.0,12.0
exp1_empty_1,4224,426.4704284667969,1.1218329668045044,0.8426054120063782,1.0,0.0,6.0
exp1_empty_1,4225,559.3231811523438,1.1372134685516357,0.49767735600471497,1.0,0.0,32.0
exp1_empty_1,4226,410.3921813964844,0.5647785067558289,0.8232892155647278,1.0,0.0,12.0
exp1_empty_1,4227,534.0732421875,1.1542341709136963,0.44317394495010376,1.0,0.0,25.0
exp1_empty_1,4228,696.18896484375,1.4963490962982178,0.3306884467601776,1.0,0.0,38.0
exp1_empty_1,4229,497.8932189941406,1.0612475872039795,0.49180522561073303,1.0,0.0,21.0
exp1_empty_1,4230,573.2153930664062,1.1713850498199463,0.5080103278160095,1.0,0.0,35.0
exp1_empty_1,4231,456.084716796875,1.1966999769210815,0.5883020758628845,1.0,0.0,11.0
exp1_empty_1,4232,574.012939453125,1.140898585319519,0.6593378186225891,1.0,0.0,39.0
exp1_empty_1,4233,491.84228515625,1.3312170505523682,0.6417686939239502,1.0,0.0,16.0
exp1_empty_1,4234,434.4881286621094,1.1962318420410156,0.6475692987442017,1.0,0.0,8.0
exp1_empty_1,4235,424.2919921875,0.7742739319801331,0.6422818303108215,1.0,0.0,14.0
exp1_empty_1,4236,452.98736572265625,1.0284723043441772,0.5616504549980164,1.0,0.0,12.0
exp1_empty_1,4237,535.8873901367188,1.0322731733322144,0.5850193500518799,1.0,0.0,32.0
exp1_empty_1,4238,524.9237060546875,0.9713121056556702,0.38980817794799805,1.0,0.0,30.0
exp1_empty_1,4239,408.4975280761719,0.597999095916748,0.7802702784538269,1.0,0.0,10.0
exp1_empty_1,4241,426.00213623046875,0.6665657758712769,0.6606510281562805,1.0,0.0,15.0
exp1_empty_1,4242,419.4468688964844,0.7784240245819092,0.30654656887054443,1.0,0.0,6.0
exp1_empty_1,4243,595.8760986328125,1.0996638536453247,0.36863815784454346,1.0,0.0,41.0
exp1_empty_1,4244,449.4247741699219,0.9725380539894104,0.7115911841392517,1.0,0.0,15.0
exp1_empty_1,4245,464.61114501953125,0.9997981786727905,0.7176394462585449,1.0,0.0,17.0
exp1_empty_1,4246,535.2997436523438,1.132391333580017,0.591131865978241,1.0,0.0,29.0
exp1_empty_1,4247,416.441650390625,0.9563357830047607,0.45938241481781006,1.0,0.0,4.0
exp1_empty_1,4248,586.8550415039062,1.599124550819397,0.39197489619255066,1.0,0.0,22.0
exp1_empty_1,4249,610.6292114257812,1.542626976966858,0.4240478575229645,1.0,0.0,27.0
exp1_empty_1,4250,564.0330810546875,1.2959728240966797,0.5720767378807068,1.0,0.0,28.0
exp1_empty_1,4251,556.0411987304688,1.1920175552368164,0.5776159763336182,1.0,0.0,31.0
exp1_empty_1,4252,441.56414794921875,0.8705790638923645,0.48163044452667236,1.0,0.0,12.0
exp1_empty_1,4253,411.8114318847656,0.7232545018196106,0.6859027743339539,1.0,0.0,6.0
exp1_empty_1,4254,436.42572021484375,0.8725497722625732,0.8013190627098083,1.0,0.0,13.0
exp1_empty_1,4255,523.5140991210938,1.017233967781067,0.7858371138572693,1.0,0.0,33.0
exp1_empty_1,4256,575.9469604492188,1.1756616830825806,0.7008221745491028,1.0,0.0,39.0
exp1_empty_1,4257,493.9385681152344,1.0575475692749023,0.7919376492500305,1.0,0.0,23.0
exp1_empty_1,4258,415.182373046875,0.8787853121757507,0.6833599209785461,1.0,0.0,6.0
exp1_empty_1,4259,561.85009765625,1.4891479015350342,0.5724396109580994,1.0,0.0,23.0
exp1_empty_1,4261,495.00006103515625,0.9022789001464844,0.737704873085022,1.0,0.0,31.0
exp1_empty_1,4262,587.2958984375,1.242057204246521,0.4123850166797638,1.0,0.0,33.0
exp1_empty_1,4263,421.51898193359375,0.8265960216522217,0.8974341154098511,1.0,0.0,9.0
exp1_empty_1,4264,515.83740234375,1.1700174808502197,0.5892356038093567,1.0,0.0,24.0
exp1_empty_1,4265,401.4118957519531,0.564278244972229,0.9181936383247375,1.0,0.0,7.0
exp1_empty_1,4266,490.6912536621094,1.0643311738967896,0.6965067386627197,1.0,0.0,21.0
exp1_empty_1,4267,515.4777221679688,1.105639100074768,0.47090357542037964,1.0,0.0,25.0
exp1_empty_1,4268,442.86676025390625,0.9985447525978088,0.6369923949241638,1.0,0.0,11.0
exp1_empty_1,4269,447.72052001953125,1.0640181303024292,0.6157877445220947,1.0,0.0,12.0
exp1_empty_1,4270,486.4832763671875,1.3880243301391602,0.34394371509552,1.0,0.0,12.0
exp1_empty_1,4271,455.3328552246094,1.0510379076004028,0.7245453596115112,1.0,0.0,14.0
exp1_empty_1,4272,422.0513610839844,0.7376783490180969,0.7668645977973938,1.0,0.0,11.0
exp1_empty_1,4273,520.5860595703125,1.5151853561401367,0.31792959570884705,1.0,0.0,16.0
exp1_empty_1,4274,466.2344055175781,1.2076557874679565,0.7903733849525452,1.0,0.0,14.0
exp1_empty_1,4275,520.144287109375,1.2813920974731445,0.6451519727706909,1.0,0.0,21.0
exp1_empty_1,4276,511.5479431152344,1.204335331916809,0.5700397491455078,1.0,0.0,22.0
exp1_empty_1,4277,476.6531066894531,1.0823079347610474,0.7425550222396851,1.0,0.0,19.0
exp1_empty_1,4278,507.92425537109375,1.025399923324585,0.6961894631385803,1.0,0.0,28.0
exp1_empty_1,4279,479.3976135253906,0.9958801865577698,0.7259894609451294,1.0,0.0,22.0
exp1_empty_1,4281,542.74755859375,1.0808229446411133,0.5582709908485413,1.0,0.0,32.0
exp1_empty_1,4282,504.8200988769531,1.1350114345550537,0.6556086540222168,1.0,0.0,23.0
exp1_empty_1,4283,533.759521484375,1.069504737854004,0.6326526999473572,1.0,0.0,32.0
exp1_empty_1,4284,578.8671264648438,1.1136882305145264,0.615997850894928,1.0,0.0,40.0
exp1_empty_1,4285,476.3282775878906,0.9486098289489746,0.4790436625480652,1.0,0.0,20.0
exp1_empty_1,4286,472.38092041015625,0.9643766283988953,0.5924092531204224,1.0,0.0,20.0
exp1_empty_1,4287,483.52874755859375,1.075070858001709,0.47076594829559326,1.0,0.0,18.0
exp1_empty_1,4288,437.0381774902344,0.9237458109855652,0.8883724808692932,1.0,0.0,13.0
exp1_empty_1,4289,537.701904296875,1.0917398929595947,0.37006255984306335,1.0,0.0,28.0
exp1_empty_1,4290,546.2911376953125,1.0056078433990479,0.6129288673400879,1.0,0.0,40.0
exp1_empty_1,4291,433.04486083984375,0.7376942038536072,0.69334876537323,1.0,0.0,15.0
exp1_empty_1,4292,434.6537170410156,0.9161325693130493,0.5827432870864868,1.0,0.0,10.0
exp1_empty_1,4293,627.7254638671875,1.1475127935409546,0.4750077724456787,1.0,0.0,42.0
exp1_empty_1,4294,619.2576293945312,1.2533591985702515,0.4161548614501953,1.0,0.0,38.0
exp1_empty_1,4295,493.8421936035156,0.8642641305923462,0.7251206636428833,1.0,0.0,38.0
exp1_empty_1,4296,426.6715087890625,0.9517015814781189,0.7379413843154907,1.0,0.0,9.0
exp1_empty_1,4297,600.67138671875,1.3403350114822388,0.6166530847549438,1.0,0.0,33.0
exp1_empty_1,4298,481.2690124511719,1.158159852027893,0.46180278062820435,1.0,0.0,16.0
exp1_empty_1,4299,496.351318359375,1.0385894775390625,0.8165233135223389,1.0,0.0,25.0
exp1_empty_1,4301,459.5146484375,0.8785530924797058,0.7400698661804199,1.0,0.0,21.0
exp1_empty_1,4302,641.3956298828125,1.7978075742721558,0.46520739793777466,1.0,0.0,25.0
exp1_empty_1,4303,558.4017333984375,1.3943554162979126,0.4538426697254181,1.0,0.0,23.0
exp1_empty_1,4304,421.6480407714844,0.7966163158416748,0.9007760882377625,1.0,0.0,10.0
exp1_empty_1,4305,563.9168701171875,1.2413665056228638,0.4908263087272644,1.0,0.0,29.0
exp1_empty_1,4306,688.5516967773438,1.5003867149353027,0.5558077096939087,1.0,0.0,41.0
exp1_empty_1,4307,591.7442016601562,1.2462942600250244,0.26443588733673096,1.0,0.0,31.0
exp1_empty_1,4308,426.5999450683594,0.9836116433143616,0.5810055732727051,1.0,0.0,7.0
exp1_empty_1,4309,496.44842529296875,1.1486876010894775,0.593426525592804,1.0,0.0,20.0
exp1_empty_1,4310,494.64697265625,0.9527063965797424,0.6750354170799255,1.0,0.0,33.0
exp1_empty_1,4311,485.4051818847656,1.4871617555618286,0.6380468010902405,1.0,0.0,12.0
exp1_empty_1,4312,400.2198181152344,0.63017737865448,0.8065125346183777,1.0,0.0,5.0
exp1_empty_1,4313,534.1681518554688,1.177514910697937,0.6843515038490295,1.0,0.0,29.0
exp1_empty_1,4314,495.013916015625,1.3681755065917969,0.4220261871814728,1.0,0.0,15.0
exp1_empty_1,4315,538.8800048828125,1.4163240194320679,0.4176654517650604,1.0,0.0,19.0
exp1_empty_1,4316,398.5417175292969,0.6146429777145386,0.8166476488113403,1.0,0.0,8.0
exp1_empty_1,4317,508.72027587890625,1.1877566576004028,0.6806130409240723,1.0,0.0,27.0
exp1_empty_1,4318,502.06134033203125,1.0988374948501587,0.6710805892944336,1.0,0.0,24.0
exp1_empty_1,4319,513.526123046875,1.193687081336975,0.7103998064994812,1.0,0.0,24.0
exp1_empty_1,4321,406.57757568359375,0.6812428832054138,0.772570788860321,1.0,0.0,7.0
exp1_empty_1,4322,544.4036254882812,1.542332649230957,0.4291168749332428,1.0,0.0,18.0
exp1_empty_1,4323,418.7033996582031,0.7007599472999573,0.6401382684707642,1.0,0.0,11.0
exp1_empty_1,4324,458.2659912109375,0.7764236927032471,0.6059871912002563,1.0,0.0,26.0
exp1_empty_1,4325,608.5916137695312,1.505336880683899,0.5942312479019165,1.0,0.0,28.0
exp1_empty_1,4326,562.1802368164062,1.5312482118606567,0.47472184896469116,1.0,0.0,21.0
exp1_empty_1,4327,477.4760437011719,0.9556289315223694,0.7088834643363953,1.0,0.0,23.0
exp1_empty_1,4328,395.5511169433594,0.410763680934906,1.0095887184143066,1.0,0.0,4.0
exp1_empty_1,4329,481.521484375,0.9549745917320251,0.8461353778839111,1.0,0.0,26.0
exp1_empty_1,4330,486.1923828125,1.1898130178451538,0.3997384309768677,1.0,0.0,16.0
exp1_empty_1,4331,523.2052001953125,1.2442113161087036,0.5057199001312256,1.0,0.0,22.0
exp1_empty_1,4332,435.582763671875,0.904825747013092,0.6984409689903259,1.0,0.0,11.0
exp1_empty_1,4333,500.80029296875,1.1392900943756104,0.4613026976585388,1.0,0.0,20.0
exp1_empty_1,4334,449.88970947265625,0.9672237634658813,0.6661390662193298,1.0,0.0,14.0
exp1_empty_1,4335,664.1085205078125,1.45232355594635,0.5420079827308655,1.0,0.0,40.0
exp1_empty_1,4336,539.9835815429688,1.6550860404968262,0.42704492807388306,1.0,0.0,16.0
exp1_empty_1,4337,453.0658264160156,0.960404098033905,0.8971307277679443,1.0,0.0,17.0
exp1_empty_1,4338,446.606689453125,0.8629291653633118,0.7965608239173889,1.0,0.0,17.0
exp1_empty_1,4339,462.1959533691406,1.135985255241394,0.6490969061851501,1.0,0.0,14.0
exp1_empty_1,4341,627.8707275390625,1.4965336322784424,0.5016350746154785,1.0,0.0,32.0
exp1_empty_1,4342,456.7708740234375,0.9764082431793213,0.8206838965415955,1.0,0.0,16.0
exp1_empty_1,4343,690.5543823242188,1.660719394683838,0.63510662317276,1.0,0.0,38.0
exp1_empty_1,4344,417.0056457519531,1.107492208480835,0.729659378528595,1.0,0.0,6.0
exp1_empty_1,4345,593.8761596679688,1.5359150171279907,0.4750373065471649,1.0,0.0,28.0
exp1_empty_1,4346,486.2667236328125,1.429495096206665,0.7286461591720581,1.0,0.0,16.0
exp1_empty_1,4347,495.48931884765625,1.043866515159607,0.7764717936515808,1.0,0.0,24.0
exp1_empty_1,4348,486.26055908203125,1.4452804327011108,0.5354262590408325,1.0,0.0,14.0
exp1_empty_1,4349,590.338623046875,2.1714110374450684,0.47000861167907715,1.0,0.0,16.0
exp1_empty_1,4350,613.3291625976562,1.7136492729187012,0.41584280133247375,1.0,0.0,24.0
exp1_empty_1,4351,448.21319580078125,0.9508616924285889,0.6901959776878357,1.0,0.0,13.0
exp1_empty_1,4352,490.8751220703125,1.1405900716781616,0.7486714124679565,1.0,0.0,21.0
exp1_empty_1,4353,591.9163208007812,1.3332754373550415,0.7137396931648254,1.0,0.0,35.0
exp1_empty_1,4354,613.6336669921875,1.3221349716186523,0.5539544820785522,1.0,0.0,38.0
exp1_empty_1,4355,575.3427734375,1.8425521850585938,0.3528359532356262,1.0,0.0,18.0
exp1_empty_1,4356,478.14404296875,0.9829725027084351,0.6990557909011841,1.0,0.0,22.0
exp1_empty_1,4357,393.5487976074219,0.5194810628890991,0.9453762173652649,1.0,0.0,5.0
exp1_empty_1,4358,409.7095947265625,0.6968364715576172,0.8287336230278015,1.0,0.0,7.0
exp1_empty_1,4359,585.3228149414062,1.637858271598816,0.5098378658294678,1.0,0.0,22.0
exp1_empty_1,4361,573.4378662109375,1.179877519607544,0.658807098865509,1.0,0.0,35.0
exp1_empty_1,4362,460.30438232421875,0.8957175612449646,0.5344913005828857,1.0,0.0,17.0
exp1_empty_1,4363,473.8554992675781,0.8460374474525452,0.7965255975723267,1.0,0.0,28.0
exp1_empty_1,4364,422.84344482421875,1.1116374731063843,0.5807321071624756,1.0,0.0,5.0
exp1_empty_1,4365,559.1378173828125,1.1825637817382812,0.39033833146095276,1.0,0.0,30.0
exp1_empty_1,4366,594.55712890625,1.2608072757720947,0.6844609975814819,1.0,0.0,35.0
exp1_empty_1,4367,538.4422607421875,1.359864592552185,0.4686813950538635,1.0,0.0,20.0
exp1_empty_1,4368,413.84552001953125,0.9206169247627258,0.6504746079444885,1.0,0.0,6.0
exp1_empty_1,4369,614.5263061523438,1.821760892868042,0.36341890692710876,1.0,0.0,23.0
exp1_empty_1,4370,491.7342834472656,1.3466418981552124,0.6979197859764099,1.0,0.0,16.0
exp1_empty_1,4371,690.749267578125,1.7756130695343018,0.32746171951293945,1.0,0.0,33.0
exp1_empty_1,4372,489.0782775878906,1.232606053352356,0.6430416107177734,1.0,0.0,17.0
exp1_empty_1,4373,402.96942138671875,0.48405900597572327,0.8084210753440857,1.0,0.0,6.0
exp1_empty_1,4374,462.7906494140625,1.3455023765563965,0.6099904775619507,1.0,0.0,10.0
exp1_empty_1,4375,578.5394897460938,1.093143343925476,0.7038764357566833,1.0,0.0,43.0
exp1_empty_1,4376,510.8563537597656,0.8705472350120544,0.7810220122337341,1.0,0.0,38.0
exp1_empty_1,4377,451.0453796386719,0.9359620213508606,0.6007011532783508,1.0,0.0,14.0
exp1_empty_1,4378,480.415771484375,1.1848710775375366,0.5130501985549927,1.0,0.0,15.0
exp1_empty_1,4379,455.16668701171875,1.028643250465393,0.6779592037200928,1.0,0.0,18.0
exp1_empty_1,4381,488.10845947265625,1.0962361097335815,0.733232319355011,1.0,0.0,28.0
exp1_empty_1,4382,498.63800048828125,1.378319501876831,0.4674183130264282,1.0,0.0,15.0
exp1_empty_1,4383,493.1134948730469,1.341193437576294,0.5847564339637756,1.0,0.0,15.0
exp1_empty_1,4384,474.2708740234375,1.5848195552825928,0.5540941953659058,1.0,0.0,10.0
exp1_empty_1,4385,437.9174499511719,1.0712013244628906,0.7402423024177551,1.0,0.0,9.0
exp1_empty_1,4386,623.5811157226562,1.80185866355896,0.5416650772094727,1.0,0.0,26.0
exp1_empty_1,4387,517.4774780273438,1.3591691255569458,0.6651746034622192,1.0,0.0,21.0
exp1_empty_1,4388,467.40277099609375,1.0624967813491821,0.8440809845924377,1.0,0.0,19.0
exp1_empty_1,4389,512.470947265625,1.2576169967651367,0.7071356177330017,1.0,0.0,22.0
exp1_empty_1,4390,654.094970703125,2.1893794536590576,0.32426556944847107,1.0,0.0,21.0
exp1_empty_1,4391,488.53448486328125,1.9862018823623657,0.316108763217926,1.0,0.0,8.0
exp1_empty_1,4392,401.07977294921875,0.8052477240562439,0.8906748294830322,1.0,0.0,15.0
exp1_empty_1,4393,447.73590087890625,1.1469166278839111,0.5794774889945984,1.0,0.0,11.0
exp1_empty_1,4394,561.5819702148438,1.37851083278656,0.6188924312591553,1.0,0.0,27.0
exp1_empty_1,4395,459.1074523925781,1.3872326612472534,0.6296569108963013,1.0,0.0,9.0
exp1_empty_1,4396,645.6748657226562,1.7051419019699097,0.3681979775428772,1.0,0.0,27.0
exp1_empty_1,4397,545.4835205078125,1.1984789371490479,0.7169409990310669,1.0,0.0,31.0
exp1_empty_1,4398,490.81365966796875,0.967729389667511,0.6586276292800903,1.0,0.0,25.0
exp1_empty_1,4399,556.6453857421875,1.1873706579208374,0.5860078930854797,1.0,0.0,32.0
exp1_empty_1,4401,620.4134521484375,1.3680951595306396,0.45995673537254333,1.0,0.0,34.0
exp1_empty_1,4402,565.943115234375,1.7639336585998535,0.5525768399238586,1.0,0.0,19.0
exp1_empty_1,4403,442.180908203125,1.2165700197219849,0.7099907994270325,1.0,0.0,10.0
exp1_empty_1,4404,423.7597351074219,0.8759008049964905,0.7676100134849548,1.0,0.0,9.0
exp1_empty_1,4405,421.488525390625,0.8446946144104004,0.7184969782829285,1.0,0.0,7.0
exp1_empty_1,4406,587.386474609375,1.2985577583312988,0.6912578344345093,1.0,0.0,36.0
exp1_empty_1,4407,493.418701171875,1.4142378568649292,0.7101571559906006,1.0,0.0,18.0
exp1_empty_1,4408,419.4217529296875,0.9667223691940308,0.8065271973609924,1.0,0.0,7.0
exp1_empty_1,4409,455.0647888183594,1.2633861303329468,0.6123530268669128,1.0,0.0,12.0
exp1_empty_1,4410,592.8434448242188,1.8116378784179688,0.4569878578186035,1.0,0.0,20.0
exp1_empty_1,4411,613.525146484375,1.4947401285171509,0.6434752345085144,1.0,0.0,31.0
exp1_empty_1,4412,391.47265625,0.6023719906806946,0.45237094163894653,1.0,0.0,10.0
exp1_empty_1,4413,415.7270202636719,0.9081288576126099,0.4323040246963501,1.0,0.0,4.0
exp1_empty_1,4414,687.4584350585938,1.636541724205017,0.5551379919052124,1.0,0.0,38.0
exp1_empty_1,4415,464.16387939453125,0.9457711577415466,0.6376667022705078,1.0,0.0,17.0
exp1_empty_1,4416,635.7142944335938,1.8848987817764282,0.2783600687980652,1.0,0.0,23.0
exp1_empty_1,4417,425.5738525390625,1.5416393280029297,0.6434552669525146,1.0,0.0,4.0
exp1_empty_1,4418,558.901611328125,1.062079668045044,0.6480908989906311,1.0,0.0,37.0
exp1_empty_1,4419,440.10693359375,1.1001538038253784,0.4277876615524292,1.0,0.0,8.0
exp1_empty_1,4421,456.32537841796875,1.4168179035186768,0.7674123048782349,1.0,0.0,10.0
exp1_empty_1,4422,429.4742431640625,0.9443570971488953,0.6354252696037292,1.0,0.0,8.0
exp1_empty_1,4423,699.546630859375,1.9377366304397583,0.5483559966087341,1.0,0.0,31.0
exp1_empty_1,4424,499.10296630859375,1.6259561777114868,0.4772363603115082,1.0,0.0,12.0
exp1_empty_1,4425,533.64697265625,1.3577337265014648,0.6787027716636658,1.0,0.0,24.0
exp1_empty_1,4426,569.1229248046875,2.2409679889678955,0.33587485551834106,1.0,0.0,13.0
exp1_empty_1,4427,555.2026977539062,2.3550198078155518,0.42841994762420654,1.0,0.0,12.0
exp1_empty_1,4428,555.3187866210938,1.6005157232284546,0.6527218222618103,1.0,0.0,22.0
exp1_empty_1,4429,629.4549560546875,2.3709163665771484,0.45399194955825806,1.0,0.0,17.0
exp1_empty_1,4430,401.56060791015625,0.71979159116745,0.979948878288269,1.0,0.0,4.0
exp1_empty_1,4431,670.637451171875,2.1090967655181885,0.5610966086387634,1.0,0.0,27.0
exp1_empty_1,4432,504.700927734375,2.1612651348114014,0.6463903784751892,1.0,0.0,12.0
exp1_empty_1,4433,451.0320739746094,1.9136158227920532,0.7097094655036926,1.0,0.0,6.0
exp1_empty_1,4434,468.85601806640625,1.3655418157577515,0.45792943239212036,1.0,0.0,10.0
exp1_empty_1,4435,525.3651123046875,3.3528549671173096,0.39265498518943787,1.0,0.0,6.0
exp1_empty_1,4436,568.48876953125,3.8001341819763184,0.1554632931947708,1.0,0.0,7.0
exp1_empty_1,4437,667.26611328125,3.73091721534729,0.3014300763607025,1.0,0.0,12.0
exp1_empty_1,4438,586.5650634765625,3.0183348655700684,0.4592137336730957,1.0,0.0,11.0
exp1_empty_1,4439,441.1754455566406,1.2029751539230347,0.6560900211334229,1.0,0.0,8.0
exp1_empty_1,4441,489.2286376953125,1.5834046602249146,0.5184676051139832,1.0,0.0,11.0
exp1_empty_1,4442,536.5897216796875,1.8127877712249756,0.3947000205516815,1.0,0.0,14.0
exp1_empty_1,4443,594.7786865234375,3.5790317058563232,0.29175251722335815,1.0,0.0,9.0
exp1_empty_1,4444,678.1026000976562,4.392739772796631,0.21296092867851257,1.0,0.0,10.0
exp1_empty_1,4445,606.7012939453125,3.7864794731140137,0.34512826800346375,1.0,0.0,9.0
exp1_empty_1,4446,459.5575866699219,1.4227075576782227,0.6287640929222107,1.0,0.0,9.0
exp1_empty_1,4447,479.4974365234375,1.6914167404174805,0.6506281495094299,1.0,0.0,12.0
exp1_empty_1,4448,510.663818359375,2.944477081298828,0.4990549087524414,1.0,0.0,7.0
exp1_empty_1,4449,415.89996337890625,0.8853683471679688,0.6944737434387207,1.0,0.0,5.0
exp1_empty_1,4450,673.5869140625,2.2838406562805176,0.3555592894554138,1.0,0.0,22.0
exp1_empty_1,4451,672.492431640625,3.911463975906372,0.14760902523994446,1.0,0.0,11.0
exp1_empty_1,4452,459.4883728027344,1.5801208019256592,0.6583722829818726,1.0,0.0,8.0
exp1_empty_1,4453,585.1669921875,1.9741524457931519,0.45243704319000244,1.0,0.0,19.0
exp1_empty_1,4454,504.1606140136719,1.4726972579956055,0.6915027499198914,1.0,0.0,17.0
exp1_empty_1,4455,612.4933471679688,2.215637445449829,0.4329843521118164,1.0,0.0,18.0
exp1_empty_1,4456,648.7635498046875,1.3086401224136353,0.7676589488983154,1.0,0.0,43.0
exp1_empty_1,4457,663.5137939453125,2.242293119430542,0.48954564332962036,1.0,0.0,25.0
exp1_empty_1,4458,590.00537109375,2.7084884643554688,0.3363870680332184,1.0,0.0,12.0
exp1_empty_1,4459,485.76800537109375,1.524168610572815,0.5185847878456116,1.0,0.0,13.0
exp1_empty_1,4461,457.163818359375,3.2019450664520264,0.36658456921577454,1.0,0.0,3.0
exp1_empty_1,4462,526.6451416015625,2.2713968753814697,0.4336135983467102,1.0,0.0,11.0
exp1_empty_1,4463,530.8082885742188,2.651660680770874,0.4861169457435608,1.0,0.0,9.0
exp1_empty_1,4464,501.36529541015625,2.0585005283355713,0.40551894903182983,1.0,0.0,9.0
exp1_empty_1,4465,583.3699951171875,2.3359436988830566,0.648133397102356,1.0,0.0,15.0
exp1_empty_1,4466,328.30242919921875,0.8336951732635498,1.039138913154602,1.0,0.0,54.0
exp1_empty_1,4467,477.1748962402344,1.3971220254898071,0.6509408354759216,1.0,0.0,14.0
exp1_empty_1,4468,505.550537109375,2.0394649505615234,0.6494680643081665,1.0,0.0,10.0
exp1_empty_1,4469,453.5380554199219,1.3709607124328613,0.691423237323761,1.0,0.0,9.0
exp1_empty_1,4470,531.162109375,2.6336002349853516,0.44497406482696533,1.0,0.0,9.0
exp1_empty_1,4471,682.2660522460938,4.472050666809082,0.19761550426483154,1.0,0.0,10.0
exp1_empty_1,4472,492.3751525878906,1.7586647272109985,0.5880423188209534,1.0,0.0,11.0
exp1_empty_1,4473,498.89959716796875,2.679933547973633,0.5980401635169983,1.0,0.0,7.0
exp1_empty_1,4474,702.1834106445312,2.949957847595215,0.4438008666038513,1.0,0.0,18.0
exp1_empty_1,4475,561.0180053710938,2.301112413406372,0.5377343893051147,1.0,0.0,13.0
exp1_empty_1,4476,429.90118408203125,1.7286410331726074,0.7504472136497498,1.0,0.0,4.0
exp1_empty_1,4477,584.3580322265625,4.702291965484619,0.09013476967811584,1.0,0.0,6.0
exp1_empty_1,4478,493.1475830078125,2.134354591369629,0.482220858335495,1.0,0.0,8.0
exp1_empty_1,4479,596.1239624023438,2.274202585220337,0.592958390712738,1.0,0.0,17.0
exp1_empty_1,4481,481.0531921386719,1.750887155532837,0.4268488585948944,1.0,0.0,9.0
exp1_empty_1,4482,431.1919250488281,1.0331028699874878,0.8321592211723328,1.0,0.0,10.0
exp1_empty_1,4483,497.1170349121094,2.2869880199432373,0.5127259492874146,1.0,0.0,10.0
exp1_empty_1,4484,557.1832275390625,2.4756641387939453,0.566782534122467,1.0,0.0,12.0
exp1_empty_1,4485,723.3729248046875,4.862391471862793,0.15637804567813873,1.0,0.0,11.0
exp1_empty_1,4486,443.68328857421875,1.0068224668502808,0.5510728359222412,1.0,0.0,11.0
exp1_empty_1,4487,553.3646240234375,2.2676079273223877,0.469464510679245,1.0,0.0,12.0
exp1_empty_1,4488,575.20556640625,3.1357522010803223,0.4860750138759613,1.0,0.0,10.0
exp1_empty_1,4489,568.0242919921875,1.9791203737258911,0.5023205876350403,1.0,0.0,19.0
exp1_empty_1,4490,423.33380126953125,1.2051905393600464,0.8520658612251282,1.0,0.0,7.0
exp1_empty_1,4491,461.1584167480469,1.9014657735824585,0.6625468134880066,1.0,0.0,7.0
exp1_empty_1,4492,518.9024047851562,2.240893602371216,0.5893071889877319,1.0,0.0,10.0
exp1_empty_1,4493,564.1061401367188,2.2432332038879395,0.6274993419647217,1.0,0.0,16.0
exp1_empty_1,4494,561.649658203125,2.137765407562256,0.21515315771102905,1.0,0.0,13.0
exp1_empty_1,4495,487.1035461425781,1.8044019937515259,0.6663600206375122,1.0,0.0,10.0
exp1_empty_1,4496,553.4414672851562,2.924168586730957,0.48983076214790344,1.0,0.0,9.0
exp1_empty_1,4497,412.9822998046875,0.9690144062042236,0.9242618083953857,1.0,0.0,6.0
exp1_empty_1,4498,505.2347412109375,2.05153226852417,0.6902745366096497,1.0,0.0,12.0
exp1_empty_1,4499,708.39501953125,3.2980263233184814,0.444753497838974,1.0,0.0,17.0
exp1_empty_1,4501,550.874755859375,3.005253791809082,0.12245026230812073,1.0,0.0,8.0
exp1_empty_1,4502,483.5784606933594,1.3781989812850952,0.772367537021637,1.0,0.0,25.0
exp1_empty_1,4503,670.62646484375,2.756516456604004,0.5090207457542419,1.0,0.0,18.0
exp1_empty_1,4504,512.8873291015625,2.689972400665283,0.49801746010780334,1.0,0.0,9.0
exp1_empty_1,4505,495.701904296875,2.712089776992798,0.48668327927589417,1.0,0.0,6.0
exp1_empty_1,4506,418.50201416015625,1.23549485206604,0.8865747451782227,1.0,0.0,4.0
exp1_empty_1,4507,552.6685791015625,4.74307107925415,0.13232116401195526,1.0,0.0,5.0
exp1_empty_1,4508,468.2499084472656,2.647766590118408,0.45860403776168823,1.0,0.0,5.0
exp1_empty_1,4509,483.9422912597656,2.489319324493408,0.6692810654640198,1.0,0.0,7.0
exp1_empty_1,4510,639.168701171875,3.931008815765381,0.3445809483528137,1.0,0.0,10.0
exp1_empty_1,4511,519.68701171875,2.0795559883117676,0.5946366190910339,1.0,0.0,14.0
exp1_empty_1,4512,525.5472412109375,4.906804084777832,0.1723199486732483,1.0,0.0,4.0
exp1_empty_1,4513,440.92242431640625,1.3406040668487549,0.8726150989532471,1.0,0.0,19.0
exp1_empty_1,4514,501.992431640625,1.7699193954467773,0.6228803992271423,1.0,0.0,14.0
exp1_empty_1,4515,493.87298583984375,2.2769153118133545,0.5727325081825256,1.0,0.0,9.0
exp1_empty_1,4516,611.165771484375,2.3086156845092773,0.4789160490036011,1.0,0.0,17.0
exp1_empty_1,4517,512.5406494140625,1.9679021835327148,0.672468364238739,1.0,0.0,14.0
exp1_empty_1,4518,418.1913146972656,0.5708010792732239,0.7842068672180176,1.0,0.0,19.0
exp1_empty_1,4519,609.25341796875,4.0796074867248535,0.26319706439971924,1.0,0.0,8.0
exp1_empty_1,4521,498.2906188964844,1.718546748161316,0.6260440349578857,1.0,0.0,11.0
exp1_empty_1,4522,481.949951171875,0.7707143425941467,0.6804028153419495,1.0,0.0,34.0
exp1_empty_1,4523,607.7908325195312,2.957432508468628,0.3732422888278961,1.0,0.0,12.0
exp1_empty_1,4524,548.0968017578125,1.8588993549346924,0.32425376772880554,1.0,0.0,14.0
exp1_empty_1,4525,497.6597900390625,1.9251251220703125,0.4289662837982178,1.0,0.0,9.0
exp1_empty_1,4526,565.2630004882812,2.2191812992095947,0.5442212820053101,1.0,0.0,14.0
exp1_empty_1,4527,530.515869140625,1.6608692407608032,0.5079368352890015,1.0,0.0,18.0
exp1_empty_1,4528,554.2880249023438,2.560523509979248,0.5322402119636536,1.0,0.0,12.0
exp1_empty_1,4529,609.9765625,2.6968326568603516,0.4901261031627655,1.0,0.0,14.0
exp1_empty_1,4530,489.8743896484375,1.8548780679702759,0.6760252714157104,1.0,0.0,10.0
exp1_empty_1,4531,524.6842651367188,1.5547354221343994,0.6353853940963745,1.0,0.0,16.0
exp1_empty_1,4532,662.8092651367188,2.7452504634857178,0.45424145460128784,1.0,0.0,17.0
exp1_empty_1,4533,479.288330078125,2.045257568359375,0.49569907784461975,1.0,0.0,7.0
exp1_empty_1,4534,510.8241271972656,1.9553533792495728,0.5482362508773804,1.0,0.0,13.0
exp1_empty_1,4535,431.2141418457031,1.051490068435669,0.7846552729606628,1.0,0.0,9.0
exp1_empty_1,4536,609.3992919921875,4.148997783660889,0.2191872000694275,1.0,0.0,8.0
exp1_empty_1,4537,508.4750671386719,2.7040913105010986,0.48276418447494507,1.0,0.0,8.0
exp1_empty_1,4538,485.3536376953125,1.474717617034912,0.565903902053833,1.0,0.0,13.0
exp1_empty_1,4539,481.7900390625,2.566758394241333,0.5070492625236511,1.0,0.0,6.0
exp1_empty_1,4541,458.0159912109375,1.5104429721832275,0.5641406774520874,1.0,0.0,9.0
exp1_empty_1,4542,572.6375122070312,1.9807584285736084,0.5741180181503296,1.0,0.0,19.0
exp1_empty_1,4543,536.4485473632812,2.1149959564208984,0.5896828174591064,1.0,0.0,13.0
exp1_empty_1,4544,482.9115295410156,1.7210652828216553,0.5032512545585632,1.0,0.0,10.0
exp1_empty_1,4545,492.4488830566406,1.6540790796279907,0.7591561675071716,1.0,0.0,14.0
exp1_empty_1,4546,625.3051147460938,2.555654287338257,0.5092954039573669,1.0,0.0,15.0
exp1_empty_1,4547,432.2890319824219,1.638420820236206,0.6987703442573547,1.0,0.0,5.0
exp1_empty_1,4548,462.7649230957031,1.5063036680221558,0.7654141783714294,1.0,0.0,11.0
exp1_empty_1,4549,585.9818115234375,3.6488373279571533,0.20444202423095703,1.0,0.0,8.0
exp1_empty_1,4550,444.2084045410156,1.2964650392532349,0.7194859981536865,1.0,0.0,9.0
exp1_empty_1,4551,557.7503662109375,3.226369619369507,0.34456440806388855,1.0,0.0,8.0
exp1_empty_1,4552,638.3441162109375,4.786746978759766,0.17614290118217468,1.0,0.0,8.0
exp1_empty_1,4553,513.3865966796875,2.3323469161987305,0.5116018056869507,1.0,0.0,9.0
exp1_empty_1,4554,480.1562194824219,1.8324613571166992,0.6596246957778931,1.0,0.0,10.0
exp1_empty_1,4555,503.606689453125,1.9661873579025269,0.6216424107551575,1.0,0.0,15.0
exp1_empty_1,4556,631.1688842773438,2.8099212646484375,0.37910276651382446,1.0,0.0,14.0
exp1_empty_1,4557,745.2685546875,3.3038086891174316,0.2554769217967987,1.0,0.0,17.0
exp1_empty_1,4558,550.60546875,2.980243444442749,0.4652424454689026,1.0,0.0,9.0
exp1_empty_1,4559,443.3678894042969,2.644157886505127,0.45309439301490784,1.0,0.0,3.0
exp1_empty_1,4561,509.35113525390625,1.150181770324707,0.46704742312431335,1.0,0.0,21.0
exp1_empty_1,4562,700.0198974609375,3.10715389251709,0.2968900501728058,1.0,0.0,16.0
exp1_empty_1,4563,466.44500732421875,1.742410659790039,0.6337364315986633,1.0,0.0,8.0
exp1_empty_1,4564,441.25152587890625,1.0113627910614014,0.7566313147544861,1.0,0.0,11.0
exp1_empty_1,4565,545.177978515625,2.1767451763153076,0.5553661584854126,1.0,0.0,13.0
exp1_empty_1,4566,566.2736206054688,3.2103805541992188,0.4312516748905182,1.0,0.0,9.0
exp1_empty_1,4567,547.875732421875,2.2187490463256836,0.5241075754165649,1.0,0.0,13.0
exp1_empty_1,4568,513.403076171875,1.595278263092041,0.4955389201641083,1.0,0.0,15.0
exp1_empty_1,4569,460.6885986328125,1.3196500539779663,0.5834441781044006,1.0,0.0,11.0
exp1_empty_1,4570,595.3943481445312,2.506603479385376,0.3892762362957001,1.0,0.0,13.0
exp1_empty_1,4571,473.5624694824219,1.3551690578460693,0.6118002533912659,1.0,0.0,11.0
exp1_empty_1,4572,484.9170227050781,1.7040420770645142,0.6020419597625732,1.0,0.0,11.0
exp1_empty_1,4573,439.43560791015625,1.1064904928207397,0.6850751042366028,1.0,0.0,10.0
exp1_empty_1,4574,503.04730224609375,1.9935535192489624,0.6350059509277344,1.0,0.0,10.0
exp1_empty_1,4575,468.01019287109375,1.8885923624038696,0.7206586599349976,1.0,0.0,8.0
exp1_empty_1,4576,496.4493103027344,2.228562355041504,0.29855167865753174,1.0,0.0,8.0
exp1_empty_1,4577,485.3896789550781,1.6555390357971191,0.6614506244659424,1.0,0.0,13.0
exp1_empty_1,4578,517.85107421875,1.6997627019882202,0.7019649744033813,1.0,0.0,15.0
exp1_empty_1,4579,753.462158203125,3.2419261932373047,0.39341798424720764,1.0,0.0,18.0
exp1_empty_1,4581,527.9293212890625,1.8891657590866089,0.5770031213760376,1.0,0.0,13.0
exp1_empty_1,4582,499.984130859375,3.238111972808838,0.3210300803184509,1.0,0.0,5.0
exp1_empty_1,4583,546.478515625,2.323967695236206,0.6601943969726562,1.0,0.0,13.0
exp1_empty_1,4584,438.5814514160156,1.4334591627120972,0.7014151215553284,1.0,0.0,7.0
exp1_empty_1,4585,468.58367919921875,1.9394935369491577,0.7468612790107727,1.0,0.0,8.0
exp1_empty_1,4586,403.4419860839844,1.0917043685913086,0.7884647846221924,1.0,0.0,10.0
exp1_empty_1,4587,518.1181030273438,2.179818630218506,0.5322962403297424,1.0,0.0,10.0
exp1_empty_1,4588,626.8978271484375,2.493320941925049,0.5940779447555542,1.0,0.0,18.0
exp1_empty_1,4589,508.450927734375,2.1739084720611572,0.6561296582221985,1.0,0.0,12.0
exp1_empty_1,4590,473.0847473144531,1.8693357706069946,0.4839721918106079,1.0,0.0,8.0
exp1_empty_1,4591,424.0814208984375,1.3392701148986816,0.6524578332901001,1.0,0.0,4.0
exp1_empty_1,4592,568.474609375,2.6467840671539307,0.6002925038337708,1.0,0.0,12.0
exp1_empty_1,4593,466.88671875,1.7918009757995605,0.6211650967597961,1.0,0.0,8.0
exp1_empty_1,4594,523.7237548828125,2.1023991107940674,0.681507408618927,1.0,0.0,14.0
exp1_empty_1,4595,548.127685546875,2.657360553741455,0.5928980708122253,1.0,0.0,10.0
exp1_empty_1,4596,493.50616455078125,1.7935563325881958,0.6227255463600159,1.0,0.0,11.0
exp1_empty_1,4597,482.1170654296875,2.145176410675049,0.6291775703430176,1.0,0.0,8.0
exp1_empty_1,4598,710.531982421875,4.128953456878662,0.2652503252029419,1.0,0.0,12.0
exp1_empty_1,4599,645.8262329101562,3.1716504096984863,0.391679972410202,1.0,0.0,14.0
exp1_empty_1,4601,612.339111328125,2.4208102226257324,0.5935933589935303,1.0,0.0,17.0
exp1_empty_1,4602,478.6380310058594,3.179502487182617,0.3063381612300873,1.0,0.0,4.0
exp1_empty_1,4603,492.058837890625,1.8749914169311523,0.665350615978241,1.0,0.0,12.0
exp1_empty_1,4604,550.1600341796875,4.084966659545898,0.28900593519210815,1.0,0.0,6.0
exp1_empty_1,4605,529.0505981445312,3.536362409591675,0.4543684422969818,1.0,0.0,6.0
exp1_empty_1,4606,568.23876953125,2.5245003700256348,0.6116684675216675,1.0,0.0,13.0
exp1_empty_1,4607,427.09930419921875,1.0476783514022827,0.8734517097473145,1.0,0.0,10.0
exp1_empty_1,4608,645.8748779296875,3.2061846256256104,0.453133225440979,1.0,0.0,13.0
exp1_empty_1,4609,630.1939086914062,2.651167154312134,0.43342334032058716,1.0,0.0,15.0
exp1_empty_1,4610,621.7656860351562,3.0443859100341797,0.3509705066680908,1.0,0.0,12.0
exp1_empty_1,4611,431.36883544921875,1.2847249507904053,0.8594489693641663,1.0,0.0,8.0
exp1_empty_1,4612,418.9546203613281,1.086354374885559,0.7982345819473267,1.0,0.0,7.0
exp1_empty_1,4613,646.2603759765625,3.4973466396331787,0.47299885749816895,1.0,0.0,12.0
exp1_empty_1,4614,513.5718994140625,2.4915812015533447,0.6341575980186462,1.0,0.0,9.0
exp1_empty_1,4615,668.0845947265625,3.33646821975708,0.3116043508052826,1.0,0.0,13.0
exp1_empty_1,4616,463.4005432128906,1.8434737920761108,0.6801989078521729,1.0,0.0,11.0
exp1_empty_1,4617,564.32421875,1.6591800451278687,0.7341716885566711,1.0,0.0,24.0
exp1_empty_1,4618,519.3275756835938,2.099672794342041,0.5635462999343872,1.0,0.0,11.0
exp1_empty_1,4619,469.1623229980469,1.8465731143951416,0.7639032006263733,1.0,0.0,10.0
exp1_empty_1,4621,420.5782775878906,1.0743910074234009,0.7894116640090942,1.0,0.0,5.0
exp1_empty_1,4622,414.7299499511719,0.6395891904830933,0.5718445777893066,1.0,0.0,10.0
exp1_empty_1,4623,496.32666015625,1.4932016134262085,0.6648421883583069,1.0,0.0,15.0
exp1_empty_1,4624,536.7911376953125,2.8824191093444824,0.47603893280029297,1.0,0.0,8.0
exp1_empty_1,4625,670.5467529296875,3.0638530254364014,0.4371689558029175,1.0,0.0,15.0
exp1_empty_1,4626,522.7161254882812,2.000070095062256,0.5936120748519897,1.0,0.0,13.0
exp1_empty_1,4627,501.3812255859375,1.4545937776565552,0.7006769776344299,1.0,0.0,15.0
exp1_empty_1,4628,484.62384033203125,2.677914619445801,0.6462460160255432,1.0,0.0,6.0
exp1_empty_1,4629,674.4786376953125,3.0591516494750977,0.4661402106285095,1.0,0.0,16.0
exp1_empty_1,4630,480.53704833984375,2.5696427822113037,0.6393682360649109,1.0,0.0,6.0
exp1_empty_1,4631,543.3898315429688,2.5439131259918213,0.5587802529335022,1.0,0.0,11.0
exp1_empty_1,4632,528.4375610351562,2.95222806930542,0.5461220145225525,1.0,0.0,8.0
exp1_empty_1,4633,462.17340087890625,1.8871370553970337,0.6335172653198242,1.0,0.0,7.0
exp1_empty_1,4634,442.83160400390625,2.309171676635742,0.7451496124267578,1.0,0.0,6.0
exp1_empty_1,4635,479.16656494140625,1.7123112678527832,0.6807519197463989,1.0,0.0,13.0
exp1_empty_1,4636,582.148193359375,2.9103901386260986,0.5286787748336792,1.0,0.0,12.0
exp1_empty_1,4637,521.5894165039062,2.20089054107666,0.6781332492828369,1.0,0.0,11.0
exp1_empty_1,4638,585.0550537109375,2.7470035552978516,0.5517536997795105,1.0,0.0,12.0
exp1_empty_1,4639,478.82867431640625,2.26182222366333,0.7222382426261902,1.0,0.0,7.0
exp1_empty_1,4641,562.607177734375,4.257535457611084,0.24140262603759766,1.0,0.0,6.0
exp1_empty_1,4642,707.986572265625,2.3989012241363525,0.4665893316268921,1.0,0.0,24.0
exp1_empty_1,4643,440.4704895019531,1.3718347549438477,0.7178695201873779,1.0,0.0,9.0
exp1_empty_1,4644,612.552734375,3.5328662395477295,0.3710653781890869,1.0,0.0,10.0
exp1_empty_1,4645,733.5946044921875,3.699587106704712,0.34859922528266907,1.0,0.0,15.0
exp1_empty_1,4646,692.677734375,2.703136920928955,0.49189963936805725,1.0,0.0,20.0
exp1_empty_1,4647,498.59649658203125,2.201458692550659,0.6360512375831604,1.0,0.0,9.0
exp1_empty_1,4648,457.84490966796875,1.8056755065917969,0.7677294015884399,1.0,0.0,10.0
exp1_empty_1,4649,555.90966796875,4.7878923416137695,0.08041566610336304,1.0,0.0,5.0
exp1_empty_1,4650,672.0601806640625,2.7846288681030273,0.5233538150787354,1.0,0.0,18.0
exp1_empty_1,4651,449.6597900390625,1.902501106262207,0.7098408341407776,1.0,0.0,5.0
exp1_empty_1,4652,612.22021484375,2.4791064262390137,0.5701754093170166,1.0,0.0,16.0
exp1_empty_1,4653,497.966064453125,2.512268304824829,0.5184261202812195,1.0,0.0,7.0
exp1_empty_1,4654,461.23358154296875,1.4823524951934814,0.7593870162963867,1.0,0.0,11.0
exp1_empty_1,4655,425.7012939453125,1.1316348314285278,0.7940602898597717,1.0,0.0,9.0
exp1_empty_1,4656,496.880615234375,3.241401195526123,0.4886101186275482,1.0,0.0,5.0
exp1_empty_1,4657,656.7437744140625,4.073619842529297,0.25108352303504944,1.0,0.0,10.0
exp1_empty_1,4658,520.2001342773438,3.2584543228149414,0.4037381410598755,1.0,0.0,6.0
exp1_empty_1,4659,693.8295288085938,3.6060550212860107,0.3586978018283844,1.0,0.0,14.0
exp1_empty_1,4661,447.8978576660156,1.361582636833191,0.6161450743675232,1.0,0.0,9.0
exp1_empty_1,4662,429.0097351074219,1.404781699180603,0.7777836918830872,1.0,0.0,14.0
exp1_empty_1,4663,581.0820922851562,2.632913827896118,0.4553939700126648,1.0,0.0,14.0
exp1_empty_1,4664,462.6468200683594,1.7346833944320679,0.7822389006614685,1.0,0.0,12.0
exp1_empty_1,4665,554.5592041015625,2.546656847000122,0.582493782043457,1.0,0.0,11.0
exp1_empty_1,4666,472.7505798339844,1.8962386846542358,0.7547152638435364,1.0,0.0,10.0
exp1_empty_1,4667,538.6614990234375,1.1077755689620972,0.5339667201042175,1.0,0.0,28.0
exp1_empty_1,4668,670.8128662109375,3.1702463626861572,0.45446932315826416,1.0,0.0,15.0
exp1_empty_1,4669,465.5384216308594,1.6940281391143799,0.7930387258529663,1.0,0.0,13.0
exp1_empty_1,4670,525.038330078125,4.034610748291016,0.31245213747024536,1.0,0.0,5.0
exp1_empty_1,4671,500.80438232421875,1.868676781654358,0.730328381061554,1.0,0.0,14.0
exp1_empty_1,4672,501.9102783203125,1.5932226181030273,0.7207544445991516,1.0,0.0,16.0
exp1_empty_1,4673,480.3077392578125,1.8316371440887451,0.6757704019546509,1.0,0.0,10.0
exp1_empty_1,4674,555.062255859375,2.271667003631592,0.5807127356529236,1.0,0.0,13.0
exp1_empty_1,4675,491.2757568359375,2.7959861755371094,0.5584774017333984,1.0,0.0,6.0
exp1_empty_1,4676,556.1766357421875,2.8469364643096924,0.467759907245636,1.0,0.0,10.0
exp1_empty_1,4677,672.6038818359375,3.499406099319458,0.3778100609779358,1.0,0.0,14.0
exp1_empty_1,4678,622.9846801757812,2.558675527572632,0.5736408829689026,1.0,0.0,16.0
exp1_empty_1,4679,463.023681640625,2.6408889293670654,0.4188729524612427,1.0,0.0,4.0
exp1_empty_1,4681,404.3806457519531,1.052046537399292,0.8241724967956543,1.0,0.0,7.0
exp1_empty_1,4682,550.5601806640625,2.8937902450561523,0.339743971824646,1.0,0.0,9.0
exp1_empty_1,4683,459.59185791015625,1.8979787826538086,0.580289363861084,1.0,0.0,6.0
exp1_empty_1,4684,617.318603515625,1.9616764783859253,0.5818393230438232,1.0,0.0,24.0
exp1_empty_1,4685,592.2526245117188,2.6802494525909424,0.43771249055862427,1.0,0.0,13.0
exp1_empty_1,4686,541.176025390625,3.0061163902282715,0.4667684733867645,1.0,0.0,8.0
exp1_empty_1,4687,473.31378173828125,1.3320121765136719,0.7464052438735962,1.0,0.0,16.0
exp1_empty_1,4688,497.864990234375,2.5478904247283936,0.5900675058364868,1.0,0.0,7.0
exp1_empty_1,4689,562.998779296875,2.2497904300689697,0.613145649433136,1.0,0.0,14.0
exp1_empty_1,4690,583.602294921875,1.9155205488204956,0.5178233981132507,1.0,0.0,19.0
exp1_empty_1,4691,718.233642578125,3.8984060287475586,0.2263827621936798,1.0,0.0,13.0
exp1_empty_1,4692,538.99609375,1.611333966255188,0.58404940366745,1.0,0.0,21.0
exp1_empty_1,4693,422.7868347167969,0.955413281917572,0.8447772860527039,1.0,0.0,9.0
exp1_empty_1,4694,494.2142333984375,1.9836639165878296,0.6480544805526733,1.0,0.0,10.0
exp1_empty_1,4695,398.82672119140625,0.5699538588523865,0.8957645297050476,1.0,0.0,6.0
exp1_empty_1,4696,552.6875610351562,3.1856048107147217,0.4188497066497803,1.0,0.0,8.0
exp1_empty_1,4697,426.5064392089844,1.2058730125427246,0.7648761868476868,1.0,0.0,11.0
exp1_empty_1,4698,494.292236328125,1.6381855010986328,0.44033944606781006,1.0,0.0,11.0
exp1_empty_1,4699,624.9444580078125,2.4637486934661865,0.5025161504745483,1.0,0.0,17.0
exp1_empty_1,4701,431.8926086425781,1.189653992652893,0.8981011509895325,1.0,0.0,12.0
exp1_empty_1,4702,546.8748779296875,1.9806073904037476,0.6607223749160767,1.0,0.0,17.0
exp1_empty_1,4703,511.49237060546875,1.9912114143371582,0.6744994521141052,1.0,0.0,17.0
exp1_empty_1,4704,685.447021484375,3.0738391876220703,0.45748624205589294,1.0,0.0,16.0
exp1_empty_1,4705,716.3380737304688,3.1034812927246094,0.4783402979373932,1.0,0.0,19.0
exp1_empty_1,4706,439.07159423828125,1.6751289367675781,0.6945991516113281,1.0,0.0,7.0
exp1_empty_1,4707,721.30810546875,2.277182102203369,0.48016059398651123,1.0,0.0,25.0
exp1_empty_1,4708,561.3076782226562,2.85945725440979,0.527855396270752,1.0,0.0,10.0
exp1_empty_1,4709,532.14111328125,3.52367901802063,0.3613051474094391,1.0,0.0,6.0
exp1_empty_1,4710,396.1640625,0.36086365580558777,1.0220245122909546,1.0,0.0,3.0
exp1_empty_1,4711,525.8621215820312,1.8706847429275513,0.5604308247566223,1.0,0.0,13.0
exp1_empty_1,4712,451.4132385253906,1.620563268661499,0.8283035755157471,1.0,0.0,9.0
exp1_empty_1,4713,708.6620483398438,3.1476898193359375,0.2860396206378937,1.0,0.0,16.0
exp1_empty_1,4714,445.5310974121094,2.1850123405456543,0.8084316253662109,1.0,0.0,4.0
exp1_empty_1,4715,443.68670654296875,1.7304637432098389,0.7079976797103882,1.0,0.0,5.0
exp1_empty_1,4716,585.3472900390625,2.6582047939300537,0.5370500087738037,1.0,0.0,13.0
exp1_empty_1,4717,433.1034851074219,1.4976272583007812,0.605805516242981,1.0,0.0,7.0
exp1_empty_1,4718,531.219970703125,1.7569465637207031,0.7338312268257141,1.0,0.0,19.0
exp1_empty_1,4719,641.5009155273438,3.1664226055145264,0.3515275716781616,1.0,0.0,13.0
exp1_empty_1,4721,517.4197387695312,4.549910545349121,0.16694322228431702,1.0,0.0,4.0
exp1_empty_1,4722,492.7816162109375,3.1240129470825195,0.5117543935775757,1.0,0.0,5.0
exp1_empty_1,4723,672.220458984375,3.586432456970215,0.3179874122142792,1.0,0.0,13.0
exp1_empty_1,4724,548.96337890625,1.977703332901001,0.647232174873352,1.0,0.0,18.0
exp1_empty_1,4725,503.916015625,2.533992052078247,0.5583488941192627,1.0,0.0,9.0
exp1_empty_1,4726,401.56036376953125,0.9747782945632935,0.9545119404792786,1.0,0.0,8.0
exp1_empty_1,4727,400.6731262207031,0.7885245084762573,0.8878986239433289,1.0,0.0,10.0
exp1_empty_1,4728,563.3114013671875,2.150141477584839,0.5657762289047241,1.0,0.0,14.0
exp1_empty_1,4729,438.8173522949219,1.5858986377716064,0.7813959717750549,1.0,0.0,5.0
exp1_empty_1,4730,487.55401611328125,2.162907361984253,0.5958317518234253,1.0,0.0,9.0
exp1_empty_1,4731,661.079833984375,3.0183207988739014,0.45271116495132446,1.0,0.0,15.0
exp1_empty_1,4732,534.9720458984375,2.2505242824554443,0.6971449851989746,1.0,0.0,12.0
exp1_empty_1,4733,509.4439697265625,1.5806488990783691,0.7542588710784912,1.0,0.0,18.0
exp1_empty_1,4734,429.900634765625,1.3422455787658691,0.7490074634552002,1.0,0.0,6.0
exp1_empty_1,4735,456.246337890625,0.9791342616081238,0.6327493786811829,1.0,0.0,20.0
exp1_empty_1,4736,439.1184997558594,1.2156795263290405,0.7624830603599548,1.0,0.0,9.0
exp1_empty_1,4737,557.6202392578125,2.543630838394165,0.5140233635902405,1.0,0.0,11.0
exp1_empty_1,4738,466.0451965332031,1.933264136314392,0.6392192244529724,1.0,0.0,11.0
exp1_empty_1,4739,498.9232482910156,2.876098394393921,0.5534729361534119,1.0,0.0,6.0
exp1_empty_1,4741,568.09033203125,2.3595962524414062,0.5648042559623718,1.0,0.0,14.0
exp1_empty_1,4742,552.5445556640625,1.5301514863967896,0.7354645133018494,1.0,0.0,23.0
exp1_empty_1,4743,657.009033203125,3.4811031818389893,0.33700329065322876,1.0,0.0,13.0
exp1_empty_1,4744,512.8742065429688,1.9295016527175903,0.49677830934524536,1.0,0.0,11.0
exp1_empty_1,4745,501.0800476074219,2.9700639247894287,0.5702828764915466,1.0,0.0,6.0
exp1_empty_1,4746,484.704833984375,1.9586886167526245,0.765170156955719,1.0,0.0,13.0
exp1_empty_1,4747,520.8507080078125,2.407047986984253,0.4927774965763092,1.0,0.0,9.0
exp1_empty_1,4748,448.388427734375,2.0272185802459717,0.6580735445022583,1.0,0.0,5.0
exp1_empty_1,4749,501.3825378417969,2.231945753097534,0.5582577586174011,1.0,0.0,9.0
exp1_empty_1,4750,538.4719848632812,3.191514253616333,0.5148789286613464,1.0,0.0,8.0
exp1_empty_1,4751,518.33984375,3.4097232818603516,0.3086530864238739,1.0,0.0,6.0
exp1_empty_1,4752,620.5765380859375,4.36674690246582,0.21162952482700348,1.0,0.0,8.0
exp1_empty_1,4753,517.5895385742188,2.0457143783569336,0.7276027202606201,1.0,0.0,13.0
exp1_empty_1,4754,450.31719970703125,1.6026594638824463,0.761832058429718,1.0,0.0,8.0
exp1_empty_1,4755,461.69866943359375,1.811810851097107,0.6790473461151123,1.0,0.0,8.0
exp1_empty_1,4756,495.9468688964844,1.7087420225143433,0.759782612323761,1.0,0.0,14.0
exp1_empty_1,4757,534.3533325195312,2.243403196334839,0.6402961015701294,1.0,0.0,13.0
exp1_empty_1,4758,543.61083984375,2.119354486465454,0.5872899293899536,1.0,0.0,13.0
exp1_empty_1,4759,711.439697265625,4.435123920440674,0.15699774026870728,1.0,0.0,11.0
exp1_empty_1,4761,678.7167358398438,2.6307342052459717,0.587058424949646,1.0,0.0,20.0
exp1_empty_1,4762,427.1753845214844,1.3042924404144287,0.8898191452026367,1.0,0.0,5.0
exp1_empty_1,4763,670.24560546875,3.32673978805542,0.3399794101715088,1.0,0.0,14.0
exp1_empty_1,4764,482.5743408203125,1.781766414642334,0.7498795986175537,1.0,0.0,11.0
exp1_empty_1,4765,417.7462158203125,0.8533329963684082,0.6808785200119019,1.0,0.0,7.0
exp1_empty_1,4766,586.9320678710938,1.7140768766403198,0.7274639010429382,1.0,0.0,22.0
exp1_empty_1,4767,503.66619873046875,2.0544188022613525,0.7566977143287659,1.0,0.0,11.0
exp1_empty_1,4768,564.4524536132812,2.561572790145874,0.5829598307609558,1.0,0.0,14.0
exp1_empty_1,4769,592.9688720703125,2.5415685176849365,0.5680100321769714,1.0,0.0,15.0
exp1_empty_1,4770,546.0348510742188,2.049281358718872,0.6921594142913818,1.0,0.0,15.0
exp1_empty_1,4771,445.1647644042969,1.8055055141448975,0.7210111021995544,1.0,0.0,5.0
exp1_empty_1,4772,541.465087890625,1.5469249486923218,0.7582777738571167,1.0,0.0,19.0
exp1_empty_1,4773,406.9344482421875,0.6867092251777649,0.8056498169898987,1.0,0.0,8.0
exp1_empty_1,4774,509.8203430175781,2.5710151195526123,0.635459303855896,1.0,0.0,8.0
exp1_empty_1,4775,451.7963562011719,2.9546382427215576,0.5866888165473938,1.0,0.0,3.0
exp1_empty_1,4776,471.28900146484375,1.5655211210250854,0.8339641690254211,1.0,0.0,16.0
exp1_empty_1,4777,411.01544189453125,0.9368155598640442,0.8206032514572144,1.0,0.0,8.0
exp1_empty_1,4778,484.844970703125,1.7191499471664429,0.7147683501243591,1.0,0.0,13.0
exp1_empty_1,4779,567.6757202148438,3.5078275203704834,0.3190328776836395,1.0,0.0,8.0
exp1_empty_1,4781,579.365478515625,3.2740817070007324,0.3698658347129822,1.0,0.0,9.0
exp1_empty_1,4782,577.6963500976562,1.7390084266662598,0.6727803945541382,1.0,0.0,22.0
exp1_empty_1,4783,434.3638916015625,1.3705662488937378,0.7255544662475586,1.0,0.0,15.0
exp1_empty_1,4784,393.6364440917969,0.5315502285957336,0.8945233821868896,1.0,0.0,9.0
exp1_empty_1,4785,529.5528564453125,2.126232862472534,0.5724809169769287,1.0,0.0,12.0
exp1_empty_1,4786,582.6846923828125,2.299449920654297,0.6072917580604553,1.0,0.0,16.0
exp1_empty_1,4787,564.9169921875,3.3376224040985107,0.40451905131340027,1.0,0.0,9.0
exp1_empty_1,4788,502.85858154296875,2.163602352142334,0.5393314361572266,1.0,0.0,9.0
exp1_empty_1,4789,611.334716796875,1.3931019306182861,0.7309671640396118,1.0,0.0,33.0
exp1_empty_1,4790,407.70050048828125,1.1232078075408936,0.8699283599853516,1.0,0.0,17.0
exp1_empty_1,4791,482.93780517578125,2.111421585083008,0.7188075184822083,1.0,0.0,8.0
exp1_empty_1,4792,436.67962646484375,1.3116813898086548,0.8092942833900452,1.0,0.0,11.0
exp1_empty_1,4793,391.7011413574219,0.9136289954185486,0.8767595887184143,1.0,0.0,7.0
exp1_empty_1,4794,631.5113525390625,3.130180597305298,0.3956416845321655,1.0,0.0,13.0
exp1_empty_1,4795,430.8960266113281,1.4027366638183594,0.7175193428993225,1.0,0.0,7.0
exp1_empty_1,4796,433.4691467285156,1.1389774084091187,0.6999334692955017,1.0,0.0,12.0
exp1_empty_1,4797,564.1564331054688,1.6901018619537354,0.5722613334655762,1.0,0.0,19.0
exp1_empty_1,4798,429.0478820800781,2.6458747386932373,0.7044963240623474,1.0,0.0,2.0
exp1_empty_1,4799,694.893798828125,2.885093927383423,0.36171701550483704,1.0,0.0,18.0
exp1_empty_1,4801,496.7581481933594,2.295687437057495,0.7202082872390747,1.0,0.0,8.0
exp1_empty_1,4802,437.4263000488281,1.6498664617538452,0.8708131313323975,1.0,0.0,6.0
exp1_empty_1,4803,684.402587890625,1.9153047800064087,0.6666142344474792,1.0,0.0,28.0
exp1_empty_1,4804,490.6008605957031,1.588854193687439,0.8261114954948425,1.0,0.0,14.0
exp1_empty_1,4805,418.4918518066406,1.588827133178711,0.8604323267936707,1.0,0.0,5.0
exp1_empty_1,4806,478.4547119140625,1.7707557678222656,0.7037863731384277,1.0,0.0,11.0
exp1_empty_1,4807,695.072265625,2.5996997356414795,0.5699312686920166,1.0,0.0,22.0
exp1_empty_1,4808,736.468017578125,3.975388765335083,0.19651320576667786,1.0,0.0,14.0
exp1_empty_1,4809,449.59503173828125,1.2398239374160767,0.8526386022567749,1.0,0.0,11.0
exp1_empty_1,4810,458.96063232421875,1.0069730281829834,0.47620388865470886,1.0,0.0,14.0
exp1_empty_1,4811,701.1858520507812,3.3356845378875732,0.2658247947692871,1.0,0.0,15.0
exp1_empty_1,4812,425.1915283203125,2.4413211345672607,0.5599713325500488,1.0,0.0,2.0
exp1_empty_1,4813,511.79425048828125,1.8451364040374756,0.6237080693244934,1.0,0.0,14.0
exp1_empty_1,4814,480.9729309082031,1.407633900642395,0.7270246744155884,1.0,0.0,14.0
exp1_empty_1,4815,627.2518310546875,2.2793447971343994,0.5145741105079651,1.0,0.0,18.0
exp1_empty_1,4816,492.65924072265625,1.6537922620773315,0.4612966775894165,1.0,0.0,11.0
exp1_empty_1,4817,566.703125,2.8836989402770996,0.3180221617221832,1.0,0.0,10.0
exp1_empty_1,4818,588.45947265625,1.7263339757919312,0.67078697681427,1.0,0.0,21.0
exp1_empty_1,4819,619.64501953125,1.934509038925171,0.5713306069374084,1.0,0.0,21.0
exp1_empty_1,4821,629.196533203125,2.8638505935668945,0.4312070608139038,1.0,0.0,15.0
exp1_empty_1,4822,524.1134033203125,1.1933318376541138,0.8980718851089478,1.0,0.0,59.0
exp1_empty_1,4823,573.052001953125,2.916260004043579,0.43106982111930847,1.0,0.0,11.0
exp1_empty_1,4824,520.6267700195312,2.2017414569854736,0.6219942569732666,1.0,0.0,12.0
exp1_empty_1,4825,714.6818237304688,2.987422466278076,0.44857245683670044,1.0,0.0,20.0
exp1_empty_1,4826,729.9227905273438,2.4458770751953125,0.32802924513816833,1.0,0.0,23.0
exp1_empty_1,4827,553.7357177734375,3.390622138977051,0.42615440487861633,1.0,0.0,8.0
exp1_empty_1,4828,586.4612426757812,3.4744627475738525,0.29174456000328064,1.0,0.0,9.0
exp1_empty_1,4829,524.4959716796875,1.9512070417404175,0.5332192182540894,1.0,0.0,13.0
exp1_empty_1,4830,406.8287048339844,1.042412281036377,0.9128887057304382,1.0,0.0,5.0
exp1_empty_1,4831,446.8473205566406,3.6782562732696533,0.3705749809741974,1.0,0.0,2.0
exp1_empty_1,4832,511.2125549316406,2.699536085128784,0.45846953988075256,1.0,0.0,8.0
exp1_empty_1,4833,494.9917297363281,0.9404149055480957,0.8343383073806763,1.0,0.0,29.0
exp1_empty_1,4834,472.6601867675781,2.473384141921997,0.4500119686126709,1.0,0.0,5.0
exp1_empty_1,4835,529.3638916015625,2.132215976715088,0.541310727596283,1.0,0.0,12.0
exp1_empty_1,4836,580.8282470703125,2.160390853881836,0.6544545888900757,1.0,0.0,17.0
exp1_empty_1,4837,575.9265747070312,2.5708701610565186,0.4198768138885498,1.0,0.0,12.0
exp1_empty_1,4838,553.5804443359375,2.5424859523773193,0.48687508702278137,1.0,0.0,11.0
exp1_empty_1,4839,416.54632568359375,3.021609306335449,0.7537696361541748,1.0,0.0,1.0
exp1_empty_1,4841,726.231689453125,3.664531946182251,0.23971779644489288,1.0,0.0,15.0
exp1_empty_1,4842,543.5662231445312,2.668428421020508,0.5588063597679138,1.0,0.0,10.0
exp1_empty_1,4843,630.2651977539062,2.3474671840667725,0.4842347204685211,1.0,0.0,20.0
exp1_empty_1,4844,672.3011474609375,3.470691680908203,0.38279104232788086,1.0,0.0,14.0
exp1_empty_1,4845,496.7065124511719,2.389470100402832,0.6139270663261414,1.0,0.0,8.0
exp1_empty_1,4846,556.728759765625,2.337059259414673,0.5335635542869568,1.0,0.0,15.0
exp1_empty_1,4847,701.6715087890625,3.365402936935425,0.29316234588623047,1.0,0.0,15.0
exp1_empty_1,4848,490.6463928222656,2.094738006591797,0.6646955609321594,1.0,0.0,8.0
exp1_empty_1,4849,432.80023193359375,1.3136675357818604,0.8238784074783325,1.0,0.0,10.0
exp1_empty_1,4850,615.8780517578125,2.3270044326782227,0.5496407151222229,1.0,0.0,19.0
exp1_empty_1,4851,438.1842041015625,1.7116131782531738,0.8197345733642578,1.0,0.0,6.0
exp1_empty_1,4852,461.260498046875,2.0032002925872803,0.6862841844558716,1.0,0.0,10.0
exp1_empty_1,4853,515.7748413085938,2.2655720710754395,0.37770336866378784,1.0,0.0,9.0
exp1_empty_1,4854,468.2471618652344,2.1769421100616455,0.7561799883842468,1.0,0.0,7.0
exp1_empty_1,4855,516.67626953125,2.070904016494751,0.5761715769767761,1.0,0.0,12.0
exp1_empty_1,4856,620.7028198242188,2.046381711959839,0.6620818376541138,1.0,0.0,22.0
exp1_empty_1,4857,460.0613708496094,1.57268226146698,0.8118067383766174,1.0,0.0,9.0
exp1_empty_1,4858,492.4903259277344,1.4150612354278564,0.6839361190795898,1.0,0.0,15.0
exp1_empty_1,4859,615.391845703125,2.7730231285095215,0.5379610657691956,1.0,0.0,15.0
exp1_empty_1,4861,429.16168212890625,1.371647596359253,0.8875561952590942,1.0,0.0,14.0
exp1_empty_1,4862,538.5159912109375,2.1394402980804443,0.5285665392875671,1.0,0.0,13.0
exp1_empty_1,4863,460.2488098144531,2.1872174739837646,0.6275107264518738,1.0,0.0,6.0
exp1_empty_1,4864,547.9166259765625,3.3406381607055664,0.460222452878952,1.0,0.0,8.0
exp1_empty_1,4865,683.9813232421875,2.6502833366394043,0.40156617760658264,1.0,0.0,20.0
exp1_empty_1,4866,472.2724304199219,1.7781040668487549,0.6455566883087158,1.0,0.0,10.0
exp1_empty_1,4867,565.0671997070312,2.3573012351989746,0.33276984095573425,1.0,0.0,13.0
exp1_empty_1,4868,557.0097045898438,3.4099459648132324,0.3201441764831543,1.0,0.0,8.0
exp1_empty_1,4869,722.7872924804688,3.5479001998901367,0.18885228037834167,1.0,0.0,15.0
exp1_empty_1,4870,488.2912292480469,2.5039327144622803,0.5404090285301208,1.0,0.0,7.0
exp1_empty_1,4871,612.77294921875,4.044003486633301,0.24829843640327454,1.0,0.0,9.0
exp1_empty_1,4872,576.9901123046875,2.8959848880767822,0.5093423128128052,1.0,0.0,12.0
exp1_empty_1,4873,550.756103515625,1.9882409572601318,0.6602800488471985,1.0,0.0,15.0
exp1_empty_1,4874,493.001708984375,1.6701691150665283,0.7460010647773743,1.0,0.0,17.0
exp1_empty_1,4875,547.5714111328125,2.287604331970215,0.5364851355552673,1.0,0.0,12.0
exp1_empty_1,4876,540.6585083007812,2.365560531616211,0.6475935578346252,1.0,0.0,11.0
exp1_empty_1,4877,523.9461669921875,2.0161921977996826,0.5709238648414612,1.0,0.0,13.0
exp1_empty_1,4878,504.55230712890625,2.4302449226379395,0.5127909779548645,1.0,0.0,8.0
exp1_empty_1,4879,504.26904296875,2.1714513301849365,0.6643232703208923,1.0,0.0,11.0
exp1_empty_1,4881,472.53424072265625,2.144043445587158,0.7031041979789734,1.0,0.0,7.0
exp1_empty_1,4882,489.32818603515625,1.8616138696670532,0.7506290674209595,1.0,0.0,11.0
exp1_empty_1,4883,470.62762451171875,1.7232087850570679,0.7856624126434326,1.0,0.0,10.0
exp1_empty_1,4884,631.0791015625,2.898171901702881,0.5278043150901794,1.0,0.0,14.0
exp1_empty_1,4885,482.6210021972656,2.794637680053711,0.5808777213096619,1.0,0.0,6.0
exp1_empty_1,4886,489.23712158203125,2.727635145187378,0.5329129099845886,1.0,0.0,6.0
exp1_empty_1,4887,384.91876220703125,0.8223510980606079,0.6707755327224731,1.0,0.0,16.0
exp1_empty_1,4888,473.42364501953125,2.479069471359253,0.5777625441551208,1.0,0.0,7.0
exp1_empty_1,4889,537.3211059570312,1.8344752788543701,0.635138213634491,1.0,0.0,15.0
exp1_empty_1,4890,679.6046752929688,3.370506525039673,0.3916071057319641,1.0,0.0,15.0
exp1_empty_1,4891,441.8058776855469,2.1305432319641113,0.6840428709983826,1.0,0.0,5.0
exp1_empty_1,4892,510.8711853027344,1.8932228088378906,0.6945838928222656,1.0,0.0,13.0
exp1_empty_1,4893,567.9888916015625,1.736333966255188,0.6008924841880798,1.0,0.0,19.0
exp1_empty_1,4894,582.0218505859375,3.7965385913848877,0.3486064672470093,1.0,0.0,8.0
exp1_empty_1,4895,450.370361328125,1.3389633893966675,0.6009694933891296,1.0,0.0,16.0
exp1_empty_1,4896,463.16754150390625,1.3562144041061401,0.6335498690605164,1.0,0.0,10.0
exp1_empty_1,4897,427.4010009765625,1.2601981163024902,0.7246754765510559,1.0,0.0,9.0
exp1_empty_1,4898,410.9907531738281,0.7782544493675232,0.8174557089805603,1.0,0.0,11.0
exp1_empty_1,4899,606.51806640625,2.331899642944336,0.6443858742713928,1.0,0.0,19.0
exp1_empty_1,4901,424.0476989746094,1.2709625959396362,0.8367452025413513,1.0,0.0,11.0
exp1_empty_1,4902,522.265869140625,4.789575576782227,0.14132069051265717,1.0,0.0,4.0
exp1_empty_1,4903,601.7623291015625,3.627253532409668,0.3233298361301422,1.0,0.0,9.0
exp1_empty_1,4904,669.7084350585938,2.143247127532959,0.5220814943313599,1.0,0.0,23.0
exp1_empty_1,4905,681.3541259765625,3.4053003787994385,0.41905349493026733,1.0,0.0,14.0
exp1_empty_1,4906,536.8413696289062,2.4843060970306396,0.5670129656791687,1.0,0.0,11.0
exp1_empty_1,4907,466.6863098144531,1.8102134466171265,0.6774465441703796,1.0,0.0,8.0
exp1_empty_1,4908,581.1722412109375,3.4711928367614746,0.3848375678062439,1.0,0.0,9.0
exp1_empty_1,4909,662.2576904296875,3.044111728668213,0.4902836084365845,1.0,0.0,15.0
exp1_empty_1,4910,599.023681640625,1.9395055770874023,0.603424608707428,1.0,0.0,19.0
exp1_empty_1,4911,714.0223999023438,4.224496841430664,0.20856671035289764,1.0,0.0,12.0
exp1_empty_1,4912,696.1007080078125,2.354477643966675,0.46547386050224304,1.0,0.0,22.0
exp1_empty_1,4913,445.2508544921875,1.4717050790786743,0.671720027923584,1.0,0.0,9.0
exp1_empty_1,4914,652.5424194335938,2.585833787918091,0.5473935604095459,1.0,0.0,18.0
exp1_empty_1,4915,563.1013793945312,2.2956905364990234,0.6288642883300781,1.0,0.0,14.0
exp1_empty_1,4916,531.8330688476562,2.6743290424346924,0.5258017778396606,1.0,0.0,9.0
exp1_empty_1,4917,453.5160217285156,1.3260055780410767,0.5802251100540161,1.0,0.0,10.0
exp1_empty_1,4918,505.10821533203125,2.5922834873199463,0.5561525225639343,1.0,0.0,7.0
exp1_empty_1,4919,530.2568969726562,2.065079927444458,0.38534748554229736,1.0,0.0,11.0
exp1_empty_1,4921,524.6712646484375,2.6469883918762207,0.4272170960903168,1.0,0.0,8.0
exp1_empty_1,4922,497.59576416015625,3.428220272064209,0.3594874143600464,1.0,0.0,5.0
exp1_empty_1,4923,526.8634643554688,2.182669162750244,0.6668528914451599,1.0,0.0,11.0
exp1_empty_1,4924,585.5746459960938,2.3743462562561035,0.5906074047088623,1.0,0.0,15.0
exp1_empty_1,4925,450.6805725097656,3.9993886947631836,0.2471861094236374,1.0,0.0,2.0
exp1_empty_1,4926,735.4494018554688,3.6828384399414062,0.2917197346687317,1.0,0.0,15.0
exp1_empty_1,4927,441.4317321777344,1.1213935613632202,0.7295501828193665,1.0,0.0,10.0
exp1_empty_1,4928,640.644287109375,3.0452463626861572,0.48494285345077515,1.0,0.0,14.0
exp1_empty_1,4929,628.6585693359375,2.8372294902801514,0.5642542839050293,1.0,0.0,14.0
exp1_empty_1,4930,703.1192626953125,2.7468948364257812,0.5424147248268127,1.0,0.0,21.0
exp1_empty_1,4931,497.57843017578125,2.4755611419677734,0.44381287693977356,1.0,0.0,9.0
exp1_empty_1,4932,551.1614990234375,2.7271673679351807,0.4835472106933594,1.0,0.0,10.0
exp1_empty_1,4933,466.93927001953125,1.6077208518981934,0.4769568145275116,1.0,0.0,8.0
exp1_empty_1,4934,615.59912109375,3.2130300998687744,0.4149242639541626,1.0,0.0,11.0
exp1_empty_1,4935,537.99560546875,2.948054313659668,0.4485962688922882,1.0,0.0,9.0
exp1_empty_1,4936,452.6984558105469,1.9138996601104736,0.4620296061038971,1.0,0.0,5.0
exp1_empty_1,4937,532.5904541015625,2.2875614166259766,0.5509204864501953,1.0,0.0,11.0
exp1_empty_1,4938,639.1219482421875,3.4261982440948486,0.41313230991363525,1.0,0.0,12.0
exp1_empty_1,4939,705.5199584960938,3.363783121109009,0.33319762349128723,1.0,0.0,15.0
exp1_empty_1,4941,581.37109375,3.7955667972564697,0.39400526881217957,1.0,0.0,8.0
exp1_empty_1,4942,492.1679382324219,2.0788843631744385,0.3865426182746887,1.0,0.0,8.0
exp1_empty_1,4943,452.1220397949219,1.6979436874389648,0.6744638085365295,1.0,0.0,10.0
exp1_empty_1,4944,690.1903076171875,2.503884792327881,0.5357634425163269,1.0,0.0,20.0
exp1_empty_1,4945,468.1427307128906,2.4190187454223633,0.6177700161933899,1.0,0.0,6.0
exp1_empty_1,4946,574.4703369140625,2.0671279430389404,0.6565597057342529,1.0,0.0,17.0
exp1_empty_1,4947,570.5833740234375,2.0728461742401123,0.476132333278656,1.0,0.0,15.0
exp1_empty_1,4948,486.52044677734375,2.3276405334472656,0.6510117053985596,1.0,0.0,8.0
exp1_empty_1,4949,668.2994384765625,3.0038254261016846,0.4296615719795227,1.0,0.0,15.0
exp1_empty_1,4950,483.3551025390625,2.3487699031829834,0.4382713735103607,1.0,0.0,6.0
exp1_empty_1,4951,681.5023193359375,2.601635694503784,0.515836238861084,1.0,0.0,19.0
exp1_empty_1,4952,523.4312133789062,1.8230571746826172,0.564883828163147,1.0,0.0,13.0
exp1_empty_1,4953,452.8447265625,1.535243272781372,0.6034289598464966,1.0,0.0,10.0
exp1_empty_1,4954,531.0570678710938,2.072216272354126,0.5758423209190369,1.0,0.0,12.0
exp1_empty_1,4955,570.8528442382812,2.4415528774261475,0.5740542411804199,1.0,0.0,13.0
exp1_empty_1,4956,526.1204223632812,3.0948328971862793,0.2960183024406433,1.0,0.0,7.0
exp1_empty_1,4957,544.43505859375,1.9733821153640747,0.5377973914146423,1.0,0.0,14.0
exp1_empty_1,4958,620.7426147460938,3.224010705947876,0.3784393072128296,1.0,0.0,12.0
exp1_empty_1,4959,414.161376953125,1.232443928718567,0.572743833065033,1.0,0.0,3.0
exp1_empty_1,4961,688.32421875,3.5652098655700684,0.37048056721687317,1.0,0.0,13.0
exp1_empty_1,4962,454.4906311035156,1.4168635606765747,0.6867282390594482,1.0,0.0,12.0
exp1_empty_1,4963,535.2708129882812,1.8183962106704712,0.5849155783653259,1.0,0.0,17.0
exp1_empty_1,4964,562.6107177734375,2.29229736328125,0.5688141584396362,1.0,0.0,15.0
exp1_empty_1,4965,524.2669067382812,1.6476054191589355,0.6289354562759399,1.0,0.0,15.0
exp1_empty_1,4966,510.01080322265625,2.8005940914154053,0.5820022225379944,1.0,0.0,7.0
exp1_empty_1,4967,532.5267944335938,2.0234172344207764,0.6713541150093079,1.0,0.0,14.0
exp1_empty_1,4968,523.1070556640625,1.0732382535934448,0.7876843810081482,1.0,0.0,29.0
exp1_empty_1,4969,498.3238525390625,2.168421983718872,0.6497572660446167,1.0,0.0,9.0
exp1_empty_1,4970,575.318603515625,2.613258123397827,0.5229945778846741,1.0,0.0,12.0
exp1_empty_1,4971,420.2370910644531,1.219783902168274,0.9562690258026123,1.0,0.0,6.0
exp1_empty_1,4972,499.8970642089844,2.4363813400268555,0.5489864349365234,1.0,0.0,9.0
exp1_empty_1,4973,414.0891418457031,1.426796317100525,0.8404186964035034,1.0,0.0,2.0
exp1_empty_1,4974,703.15478515625,3.171353340148926,0.39907777309417725,1.0,0.0,16.0
exp1_empty_1,4975,573.5506591796875,2.8217267990112305,0.5442258715629578,1.0,0.0,11.0
exp1_empty_1,4976,605.42333984375,2.403942823410034,0.550268828868866,1.0,0.0,15.0
exp1_empty_1,4977,525.2384033203125,3.9861679077148438,0.2864697575569153,1.0,0.0,5.0
exp1_empty_1,4978,541.9060668945312,2.4963603019714355,0.5482425093650818,1.0,0.0,11.0
exp1_empty_1,4979,487.4770812988281,1.498160481452942,0.47215381264686584,1.0,0.0,12.0
exp1_empty_1,4981,663.3070068359375,2.1780927181243896,0.4829762578010559,1.0,0.0,22.0
exp1_empty_1,4982,502.7677307128906,2.305570125579834,0.5791059732437134,1.0,0.0,8.0
exp1_empty_1,4983,480.3691101074219,2.70806622505188,0.5391473174095154,1.0,0.0,6.0
exp1_empty_1,4984,476.8028869628906,2.698831796646118,0.6604524850845337,1.0,0.0,5.0
exp1_empty_1,4985,645.2950439453125,4.284041881561279,0.19566626846790314,1.0,0.0,9.0
exp1_empty_1,4986,470.8721008300781,1.830910563468933,0.7606899738311768,1.0,0.0,9.0
exp1_empty_1,4987,552.8345947265625,1.7337092161178589,0.5846355557441711,1.0,0.0,18.0
exp1_empty_1,4988,584.6041259765625,2.2580339908599854,0.6071163415908813,1.0,0.0,16.0
exp1_empty_1,4989,410.3162841796875,0.59677654504776,0.7065668702125549,1.0,0.0,16.0
exp1_empty_1,4990,462.0546875,1.441840648651123,0.6923269629478455,1.0,0.0,9.0
exp1_empty_1,4991,509.30322265625,2.334554672241211,0.6902768611907959,1.0,0.0,9.0
exp1_empty_1,4992,636.7684326171875,3.3630971908569336,0.37668320536613464,1.0,0.0,12.0
exp1_empty_1,4993,453.99462890625,1.6617006063461304,0.7651761174201965,1.0,0.0,12.0
exp1_empty_1,4994,452.295166015625,1.6286224126815796,0.84856778383255,1.0,0.0,10.0
exp1_empty_1,4995,479.64227294921875,2.2631523609161377,0.7334151268005371,1.0,0.0,8.0
exp1_empty_1,4996,547.1417236328125,2.229830265045166,0.6619845032691956,1.0,0.0,13.0
exp1_empty_1,4997,578.9779663085938,2.481996774673462,0.5481215119361877,1.0,0.0,14.0
exp1_empty_1,4998,578.606689453125,2.440048933029175,0.5200586318969727,1.0,0.0,15.0
exp1_empty_1,4999,439.17779541015625,1.3397750854492188,0.8249874711036682,1.0,0.0,8.0
exp1_empty_1,5001,659.2167358398438,3.2504565715789795,0.2957081198692322,1.0,0.0,13.0
exp1_empty_1,5002,409.65374755859375,1.0895991325378418,0.7934162020683289,1.0,0.0,18.0
exp1_empty_1,5003,647.0977172851562,3.075265407562256,0.471245139837265,1.0,0.0,14.0
exp1_empty_1,5004,407.66436767578125,1.1111347675323486,0.8377706408500671,1.0,0.0,17.0
exp1_empty_1,5005,507.896728515625,2.237337350845337,0.5810685157775879,1.0,0.0,10.0
exp1_empty_1,5006,580.00244140625,3.088715076446533,0.48249953985214233,1.0,0.0,10.0
exp1_empty_1,5007,496.31549072265625,3.871203660964966,0.31694331765174866,1.0,0.0,4.0
exp1_empty_1,5008,450.7607421875,1.287243127822876,0.7462100386619568,1.0,0.0,15.0
exp1_empty_1,5009,424.9545593261719,1.225516438484192,0.8432940244674683,1.0,0.0,7.0
exp1_empty_1,5010,451.94921875,1.5473450422286987,0.795835554599762,1.0,0.0,11.0
exp1_empty_1,5011,504.964111328125,1.9932650327682495,0.6293395161628723,1.0,0.0,11.0
exp1_empty_1,5012,399.0086669921875,0.8585074543952942,0.9631025195121765,1.0,0.0,24.0
exp1_empty_1,5013,552.173828125,3.3295090198516846,0.4398503303527832,1.0,0.0,8.0
exp1_empty_1,5014,546.1842651367188,3.3867459297180176,0.33716991543769836,1.0,0.0,7.0
exp1_empty_1,5015,528.905029296875,2.002084493637085,0.7594649195671082,1.0,0.0,17.0
exp1_empty_1,5016,503.4128723144531,2.092740535736084,0.5468880534172058,1.0,0.0,10.0
exp1_empty_1,5017,558.7353515625,2.628675937652588,0.60560142993927,1.0,0.0,11.0
exp1_empty_1,5018,329.9005126953125,0.8297950029373169,1.006560206413269,1.0,0.0,98.0
exp1_empty_1,5019,550.444580078125,2.2636046409606934,0.6928169131278992,1.0,0.0,14.0
exp1_empty_1,5021,538.8423461914062,2.4507863521575928,0.5672411322593689,1.0,0.0,11.0
exp1_empty_1,5022,468.6058349609375,2.2590038776397705,0.7368027567863464,1.0,0.0,7.0
exp1_empty_1,5023,449.2631530761719,1.4739091396331787,0.5215981006622314,1.0,0.0,7.0
exp1_empty_1,5024,639.5615844726562,3.8539321422576904,0.23623959720134735,1.0,0.0,10.0
exp1_empty_1,5025,394.8792419433594,0.4891071021556854,1.0145764350891113,1.0,0.0,4.0
exp1_empty_1,5026,543.8858642578125,3.9052562713623047,0.29385730624198914,1.0,0.0,6.0
exp1_empty_1,5027,594.7877197265625,3.2747602462768555,0.4506114721298218,1.0,0.0,11.0
exp1_empty_1,5028,703.6519775390625,3.0199620723724365,0.4689822793006897,1.0,0.0,17.0
exp1_empty_1,5029,512.4819946289062,2.241175651550293,0.6447061896324158,1.0,0.0,11.0
exp1_empty_1,5030,605.248779296875,4.086147308349609,0.30902567505836487,1.0,0.0,8.0
exp1_empty_1,5031,577.2389526367188,2.339418649673462,0.631869375705719,1.0,0.0,15.0
exp1_empty_1,5032,429.4344787597656,0.9557252526283264,0.8420137166976929,1.0,0.0,9.0
exp1_empty_1,5033,476.945556640625,1.4500471353530884,0.7980075478553772,1.0,0.0,14.0
exp1_empty_1,5034,472.4305419921875,1.3699116706848145,0.5900957584381104,1.0,0.0,11.0
exp1_empty_1,5035,547.63330078125,2.1763761043548584,0.46500077843666077,1.0,0.0,12.0
exp1_empty_1,5036,519.1377563476562,3.2030751705169678,0.3798249065876007,1.0,0.0,6.0
exp1_empty_1,5037,587.2077026367188,2.6913397312164307,0.49713608622550964,1.0,0.0,12.0
exp1_empty_1,5038,403.4873962402344,0.564455509185791,0.8019861578941345,1.0,0.0,4.0
exp1_empty_1,5039,588.555908203125,3.1673638820648193,0.41258668899536133,1.0,0.0,11.0
exp1_empty_1,5041,611.8251342773438,2.990837335586548,0.5111860036849976,1.0,0.0,13.0
exp1_empty_1,5042,462.2403259277344,1.3428930044174194,0.7647202610969543,1.0,0.0,24.0
exp1_empty_1,5043,639.5404052734375,3.6643271446228027,0.3155830502510071,1.0,0.0,11.0
exp1_empty_1,5044,516.2808227539062,2.4938852787017822,0.6186113357543945,1.0,0.0,10.0
exp1_empty_1,5045,417.0615539550781,1.3019455671310425,0.7960770130157471,1.0,0.0,13.0
exp1_empty_1,5046,518.2904052734375,2.7984254360198975,0.6501998901367188,1.0,0.0,8.0
exp1_empty_1,5047,520.309814453125,2.853900909423828,0.5889561176300049,1.0,0.0,8.0
exp1_empty_1,5048,488.39935302734375,1.7446098327636719,0.8138337135314941,1.0,0.0,17.0
exp1_empty_1,5049,526.43359375,2.588895559310913,0.6224596500396729,1.0,0.0,9.0
exp1_empty_1,5050,457.3982849121094,1.8994442224502563,0.7142162919044495,1.0,0.0,7.0
exp1_empty_1,5051,544.6690673828125,2.049891233444214,0.6803616881370544,1.0,0.0,16.0
exp1_empty_1,5052,484.310546875,1.662660002708435,0.769639253616333,1.0,0.0,13.0
exp1_empty_1,5053,528.9627685546875,1.7428182363510132,0.5993319749832153,1.0,0.0,16.0
exp1_empty_1,5054,539.8204345703125,3.204465389251709,0.4972922205924988,1.0,0.0,8.0
exp1_empty_1,5055,471.4696044921875,2.1622512340545654,0.7642837762832642,1.0,0.0,7.0
exp1_empty_1,5056,645.0557861328125,2.7746541500091553,0.479257732629776,1.0,0.0,16.0
exp1_empty_1,5057,490.97442626953125,1.629585862159729,0.660511314868927,1.0,0.0,13.0
exp1_empty_1,5058,524.4105224609375,2.5478479862213135,0.6219555139541626,1.0,0.0,9.0
exp1_empty_1,5059,489.32781982421875,1.9395084381103516,0.7455984950065613,1.0,0.0,10.0
exp1_empty_1,5061,667.2142333984375,3.4429354667663574,0.40943995118141174,1.0,0.0,14.0
exp1_empty_1,5062,482.23455810546875,1.6097278594970703,0.6908290982246399,1.0,0.0,11.0
exp1_empty_1,5063,572.4669189453125,3.2433321475982666,0.4228692948818207,1.0,0.0,9.0
exp1_empty_1,5064,575.9303588867188,2.1527915000915527,0.5826019048690796,1.0,0.0,18.0
exp1_empty_1,5065,478.7017822265625,2.4287846088409424,0.6493498682975769,1.0,0.0,7.0
exp1_empty_1,5066,698.5789794921875,3.8096818923950195,0.31707921624183655,1.0,0.0,13.0
exp1_empty_1,5067,626.802490234375,3.0711705684661865,0.4906952977180481,1.0,0.0,13.0
exp1_empty_1,5068,563.6565551757812,2.697442054748535,0.5613656640052795,1.0,0.0,11.0
exp1_empty_1,5069,551.8710327148438,2.157923698425293,0.5830243825912476,1.0,0.0,18.0
exp1_empty_1,5070,461.7650146484375,1.7479398250579834,0.5050657391548157,1.0,0.0,7.0
exp1_empty_1,5071,511.1072692871094,2.576805591583252,0.4733405113220215,1.0,0.0,9.0
exp1_empty_1,5072,542.9762573242188,2.8681716918945312,0.486218124628067,1.0,0.0,9.0
exp1_empty_1,5073,584.0419921875,2.6523892879486084,0.573309063911438,1.0,0.0,13.0
exp1_empty_1,5074,453.3445129394531,1.4143035411834717,0.6512587070465088,1.0,0.0,11.0
exp1_empty_1,5075,455.73712158203125,1.929900050163269,0.7436226606369019,1.0,0.0,7.0
exp1_empty_1,5076,504.9996643066406,3.0195767879486084,0.4343338906764984,1.0,0.0,6.0
exp1_empty_1,5077,656.811767578125,2.9792144298553467,0.44771072268486023,1.0,0.0,17.0
exp1_empty_1,5078,493.1530456542969,1.5682954788208008,0.746825098991394,1.0,0.0,14.0
exp1_empty_1,5079,536.004150390625,1.9136782884597778,0.22101925313472748,1.0,0.0,13.0
exp1_empty_1,5081,439.47808837890625,1.1544245481491089,0.8444265723228455,1.0,0.0,11.0
exp1_empty_1,5082,680.1429443359375,2.9105992317199707,0.44367000460624695,1.0,0.0,16.0
exp1_empty_1,5083,581.78564453125,3.733069896697998,0.3751344084739685,1.0,0.0,8.0
exp1_empty_1,5084,528.1824951171875,1.3774019479751587,0.6526538133621216,1.0,0.0,21.0
exp1_empty_1,5085,562.4786376953125,4.948807716369629,0.07332170009613037,1.0,0.0,5.0
exp1_empty_1,5086,531.6599731445312,2.158676862716675,0.6302506923675537,1.0,0.0,11.0
exp1_empty_1,5087,518.5304565429688,3.445103883743286,0.4738210141658783,1.0,0.0,6.0
exp1_empty_1,5088,523.7972412109375,2.0644795894622803,0.6458562016487122,1.0,0.0,12.0
exp1_empty_1,5089,448.42254638671875,2.6069931983947754,0.7144447565078735,1.0,0.0,4.0
exp1_empty_1,5090,408.4313659667969,1.2764270305633545,0.8669664263725281,1.0,0.0,4.0
exp1_empty_1,5091,463.48028564453125,2.201063871383667,0.6934424042701721,1.0,0.0,7.0
exp1_empty_1,5092,444.09918212890625,2.1411662101745605,0.7511247396469116,1.0,0.0,4.0
exp1_empty_1,5093,394.6476745605469,0.70955890417099,1.036354422569275,1.0,0.0,6.0
exp1_empty_1,5094,547.8271484375,2.624141216278076,0.5711601972579956,1.0,0.0,10.0
exp1_empty_1,5095,636.031982421875,3.461867570877075,0.19897836446762085,1.0,0.0,11.0
exp1_empty_1,5096,406.5340270996094,1.2489794492721558,0.8394479155540466,1.0,0.0,9.0
exp1_empty_1,5097,508.5848693847656,2.2376089096069336,0.5560241937637329,1.0,0.0,9.0
exp1_empty_1,5098,523.9521484375,1.8602174520492554,0.6881585121154785,1.0,0.0,14.0
exp1_empty_1,5099,492.8635559082031,1.8312289714813232,0.570521891117096,1.0,0.0,13.0
exp1_empty_1,5101,641.9027709960938,2.6767590045928955,0.5679278373718262,1.0,0.0,17.0
exp1_empty_1,5102,653.6358032226562,3.157754421234131,0.44281649589538574,1.0,0.0,14.0
exp1_empty_1,5103,464.439208984375,3.4974887371063232,0.35117849707603455,1.0,0.0,3.0
exp1_empty_1,5104,562.189208984375,2.207744836807251,0.5149917602539062,1.0,0.0,14.0
exp1_empty_1,5105,628.5520629882812,2.2526674270629883,0.6365646719932556,1.0,0.0,21.0
exp1_empty_1,5106,527.7554931640625,3.1326100826263428,0.3613259196281433,1.0,0.0,7.0
exp1_empty_1,5107,516.3896484375,1.8983157873153687,0.6170678734779358,1.0,0.0,15.0
exp1_empty_1,5108,484.42547607421875,1.8129749298095703,0.6889234781265259,1.0,0.0,10.0
exp1_empty_1,5109,680.1516723632812,2.5740957260131836,0.5404603481292725,1.0,0.0,21.0
exp1_empty_1,5110,497.81689453125,2.1584205627441406,0.5341610908508301,1.0,0.0,9.0
exp1_empty_1,5111,551.87841796875,2.0962371826171875,0.6110570430755615,1.0,0.0,17.0
exp1_empty_1,5112,476.375,1.3256336450576782,0.7621776461601257,1.0,0.0,14.0
exp1_empty_1,5113,460.7544860839844,1.6781002283096313,0.7666658759117126,1.0,0.0,11.0
exp1_empty_1,5114,423.4942932128906,0.7501972317695618,0.6981514692306519,1.0,0.0,15.0
exp1_empty_1,5115,569.5341186523438,2.2741668224334717,0.5333879590034485,1.0,0.0,14.0
exp1_empty_1,5116,427.8796081542969,1.2684181928634644,0.7635993957519531,1.0,0.0,12.0
exp1_empty_1,5117,475.616943359375,1.9462909698486328,0.6981279253959656,1.0,0.0,9.0
exp1_empty_1,5118,532.6251831054688,2.41424560546875,0.5505836606025696,1.0,0.0,12.0
exp1_empty_1,5119,526.8804321289062,1.67519211769104,0.6341376304626465,1.0,0.0,16.0
exp1_empty_1,5121,529.854248046875,2.335386037826538,0.5806133151054382,1.0,0.0,10.0
exp1_empty_1,5122,515.0865478515625,1.5164216756820679,0.685944676399231,1.0,0.0,16.0
exp1_empty_1,5123,601.377685546875,2.5638492107391357,0.5682812929153442,1.0,0.0,14.0
exp1_empty_1,5124,710.8836669921875,3.293227195739746,0.3033426105976105,1.0,0.0,16.0
exp1_empty_1,5125,540.1170043945312,1.556053876876831,0.6424652934074402,1.0,0.0,19.0
exp1_empty_1,5126,569.9091796875,2.6337497234344482,0.5427141785621643,1.0,0.0,12.0
exp1_empty_1,5127,492.81463623046875,1.7421936988830566,0.6294950246810913,1.0,0.0,11.0
exp1_empty_1,5128,505.4317932128906,1.6657925844192505,0.6652169823646545,1.0,0.0,13.0
exp1_empty_1,5129,536.1629638671875,2.6937270164489746,0.46279895305633545,1.0,0.0,9.0
exp1_empty_1,5130,671.1287231445312,2.3287220001220703,0.4902866780757904,1.0,0.0,21.0
exp1_empty_1,5131,661.382080078125,3.0008273124694824,0.4325155019760132,1.0,0.0,16.0
exp1_empty_1,5132,560.2279052734375,2.004751443862915,0.6507846713066101,1.0,0.0,15.0
exp1_empty_1,5133,472.841064453125,1.4741257429122925,0.7527198791503906,1.0,0.0,11.0
exp1_empty_1,5134,647.8115844726562,2.839515209197998,0.411920964717865,1.0,0.0,15.0
exp1_empty_1,5135,423.62591552734375,0.8424855470657349,0.9189397096633911,1.0,0.0,10.0
exp1_empty_1,5136,581.7659912109375,2.512390375137329,0.548340916633606,1.0,0.0,13.0
exp1_empty_1,5137,427.58746337890625,1.0574665069580078,0.8583295941352844,1.0,0.0,10.0
exp1_empty_1,5138,428.09405517578125,1.3319787979125977,0.7670263648033142,1.0,0.0,6.0
exp1_empty_1,5139,633.791259765625,2.4546005725860596,0.4629911184310913,1.0,0.0,17.0
exp1_empty_1,5141,414.1371154785156,0.7798543572425842,0.9343899488449097,1.0,0.0,7.0
exp1_empty_1,5142,489.0977783203125,2.7814528942108154,0.4940289258956909,1.0,0.0,6.0
exp1_empty_1,5143,662.4999389648438,3.8447136878967285,0.2628730833530426,1.0,0.0,11.0
exp1_empty_1,5144,630.0303344726562,3.649167537689209,0.2817826569080353,1.0,0.0,10.0
exp1_empty_1,5145,576.2351684570312,2.403965473175049,0.4425346255302429,1.0,0.0,14.0
exp1_empty_1,5146,418.3103332519531,1.0338892936706543,0.8743619322776794,1.0,0.0,15.0
exp1_empty_1,5147,603.6118774414062,2.553640365600586,0.5344349145889282,1.0,0.0,14.0
exp1_empty_1,5148,579.1649169921875,2.056595802307129,0.628179669380188,1.0,0.0,17.0
exp1_empty_1,5149,460.7703552246094,2.6176905632019043,0.5080354809761047,1.0,0.0,4.0
exp1_empty_1,5150,503.2023010253906,2.9630205631256104,0.4242556393146515,1.0,0.0,6.0
exp1_empty_1,5151,617.8565063476562,2.34855318069458,0.37012791633605957,1.0,0.0,18.0
exp1_empty_1,5152,682.220458984375,2.4069697856903076,0.4583713114261627,1.0,0.0,21.0
exp1_empty_1,5153,495.0289001464844,2.3851261138916016,0.5157166123390198,1.0,0.0,7.0
exp1_empty_1,5154,428.1828308105469,0.5713362693786621,0.7973685264587402,1.0,0.0,29.0
exp1_empty_1,5155,574.6412353515625,4.552182674407959,0.12164898961782455,1.0,0.0,6.0
exp1_empty_1,5156,637.8701782226562,3.3995330333709717,0.2624935507774353,1.0,0.0,12.0
exp1_empty_1,5157,635.8824462890625,2.7282044887542725,0.40396636724472046,1.0,0.0,15.0
exp1_empty_1,5158,581.7202758789062,1.8318015336990356,0.590976357460022,1.0,0.0,19.0
exp1_empty_1,5159,696.53515625,2.634658098220825,0.4781748056411743,1.0,0.0,22.0
exp1_empty_1,5161,487.49420166015625,2.1702427864074707,0.3888820707798004,1.0,0.0,7.0
exp1_empty_1,5162,545.327392578125,2.41737961769104,0.34201663732528687,1.0,0.0,11.0
exp1_empty_1,5163,495.4893798828125,1.5162938833236694,0.7079285979270935,1.0,0.0,13.0
exp1_empty_1,5164,584.81787109375,2.7441678047180176,0.43476834893226624,1.0,0.0,13.0
exp1_empty_1,5165,588.6969604492188,2.381282329559326,0.5190766453742981,1.0,0.0,15.0
exp1_empty_1,5166,492.908203125,3.1007354259490967,0.35358530282974243,1.0,0.0,5.0
exp1_empty_1,5167,578.6485595703125,2.2225241661071777,0.6423518061637878,1.0,0.0,17.0
exp1_empty_1,5168,483.43878173828125,2.322855234146118,0.5023084282875061,1.0,0.0,7.0
exp1_empty_1,5169,481.2332458496094,2.0100061893463135,0.658982515335083,1.0,0.0,9.0
exp1_empty_1,5170,555.23779296875,2.593548536300659,0.5418767333030701,1.0,0.0,11.0
exp1_empty_1,5171,471.389892578125,1.9122302532196045,0.7518794536590576,1.0,0.0,8.0
exp1_empty_1,5172,497.3666076660156,2.2560765743255615,0.5864366888999939,1.0,0.0,8.0
exp1_empty_1,5173,539.7926025390625,1.5766831636428833,0.8065997958183289,1.0,0.0,25.0
exp1_empty_1,5174,488.8349914550781,2.8506438732147217,0.5019318461418152,1.0,0.0,6.0
exp1_empty_1,5175,482.8082275390625,2.4801995754241943,0.48998191952705383,1.0,0.0,6.0
exp1_empty_1,5176,548.7135620117188,3.2900569438934326,0.42771482467651367,1.0,0.0,8.0
exp1_empty_1,5177,612.7557983398438,2.5942635536193848,0.45413485169410706,1.0,0.0,15.0
exp1_empty_1,5178,472.9916076660156,1.1433314085006714,0.5430930852890015,1.0,0.0,16.0
exp1_empty_1,5179,631.1438598632812,3.3987674713134766,0.39005374908447266,1.0,0.0,12.0
exp1_empty_1,5181,732.1226806640625,3.075242519378662,0.453593909740448,1.0,0.0,19.0
exp1_empty_1,5182,494.2740478515625,1.5721979141235352,0.7672849893569946,1.0,0.0,25.0
exp1_empty_1,5183,544.6775512695312,3.3910863399505615,0.3733956813812256,1.0,0.0,7.0
exp1_empty_1,5184,431.3553161621094,1.7081081867218018,0.7520144581794739,1.0,0.0,5.0
exp1_empty_1,5185,500.876220703125,2.6394708156585693,0.49025359749794006,1.0,0.0,7.0
exp1_empty_1,5186,515.9058227539062,2.432727336883545,0.6133403182029724,1.0,0.0,11.0
exp1_empty_1,5187,511.0292663574219,3.014941930770874,0.5668257474899292,1.0,0.0,7.0
exp1_empty_1,5188,495.8616943359375,2.74916934967041,0.6029789447784424,1.0,0.0,6.0
exp1_empty_1,5189,466.2962646484375,1.4631612300872803,0.8446062803268433,1.0,0.0,13.0
exp1_empty_1,5190,378.77093505859375,1.0757758617401123,0.7481293082237244,1.0,0.0,23.0
exp1_empty_1,5191,530.2308349609375,3.5888137817382812,0.352792352437973,1.0,0.0,6.0
exp1_empty_1,5192,525.36767578125,3.518047571182251,0.4276590645313263,1.0,0.0,6.0
exp1_empty_1,5193,479.32012939453125,1.9163464307785034,0.7601079344749451,1.0,0.0,12.0
exp1_empty_1,5194,554.145263671875,2.6649115085601807,0.52415931224823,1.0,0.0,11.0
exp1_empty_1,5195,556.0518798828125,2.7855348587036133,0.5986902117729187,1.0,0.0,11.0
exp1_empty_1,5196,494.99322509765625,1.5968860387802124,0.7837206125259399,1.0,0.0,16.0
exp1_empty_1,5197,451.0630798339844,1.189705491065979,0.951111376285553,1.0,0.0,21.0
exp1_empty_1,5198,551.2099609375,2.808445692062378,0.5042619705200195,1.0,0.0,10.0
exp1_empty_1,5199,555.2352905273438,3.7737345695495605,0.33699294924736023,1.0,0.0,7.0
exp1_empty_1,5201,513.474853515625,3.0483081340789795,0.5356845259666443,1.0,0.0,7.0
exp1_empty_1,5202,492.40032958984375,1.1269230842590332,0.772628128528595,1.0,0.0,27.0
exp1_empty_1,5203,445.8560485839844,1.5462032556533813,0.8150769472122192,1.0,0.0,7.0
exp1_empty_1,5204,482.8426513671875,1.6446195840835571,0.7923035621643066,1.0,0.0,14.0
exp1_empty_1,5205,733.5326538085938,3.3243520259857178,0.3527470827102661,1.0,0.0,17.0
exp1_empty_1,5206,610.0340576171875,3.5723671913146973,0.34336256980895996,1.0,0.0,10.0
exp1_empty_1,5207,626.5341796875,3.24234938621521,0.45382893085479736,1.0,0.0,12.0
exp1_empty_1,5208,570.767333984375,2.0599422454833984,0.6466890573501587,1.0,0.0,17.0
exp1_empty_1,5209,468.0699462890625,1.2899587154388428,0.7646309733390808,1.0,0.0,12.0
exp1_empty_1,5210,598.136474609375,2.083467960357666,0.49451661109924316,1.0,0.0,17.0
exp1_empty_1,5211,633.6073608398438,3.3958511352539062,0.36100372672080994,1.0,0.0,12.0
exp1_empty_1,5212,409.02337646484375,0.8279991149902344,0.9279916286468506,1.0,0.0,9.0
exp1_empty_1,5213,657.976318359375,3.4444289207458496,0.3663431704044342,1.0,0.0,13.0
exp1_empty_1,5214,529.6668701171875,2.5649514198303223,0.4583002030849457,1.0,0.0,11.0
exp1_empty_1,5215,627.3912963867188,2.784036159515381,0.5740569829940796,1.0,0.0,14.0
exp1_empty_1,5216,616.9341430664062,4.8132805824279785,0.0958952084183693,1.0,0.0,7.0
exp1_empty_1,5217,563.85302734375,3.2742538452148438,0.3084650933742523,1.0,0.0,8.0
exp1_empty_1,5218,495.3168029785156,1.7049589157104492,0.5592584013938904,1.0,0.0,14.0
exp1_empty_1,5219,475.5377197265625,1.812507152557373,0.680220365524292,1.0,0.0,8.0
exp1_empty_1,5221,449.3851318359375,1.3723396062850952,0.7484056949615479,1.0,0.0,8.0
exp1_empty_1,5222,652.3929443359375,3.173168659210205,0.37321344017982483,1.0,0.0,13.0
exp1_empty_1,5223,512.8065185546875,2.5110485553741455,0.5883433818817139,1.0,0.0,8.0
exp1_empty_1,5224,628.1881103515625,2.9512152671813965,0.4680222272872925,1.0,0.0,13.0
exp1_empty_1,5225,759.8211059570312,3.824230670928955,0.25613540410995483,1.0,0.0,15.0
exp1_empty_1,5226,626.1721801757812,2.3471367359161377,0.6866402626037598,1.0,0.0,21.0
exp1_empty_1,5227,553.3035888671875,3.1596741676330566,0.3538357615470886,1.0,0.0,8.0
exp1_empty_1,5228,449.8151550292969,0.9477639198303223,0.6788239479064941,1.0,0.0,16.0
exp1_empty_1,5229,619.4346923828125,2.3922226428985596,0.49625274538993835,1.0,0.0,17.0
exp1_empty_1,5230,417.6295471191406,1.860135555267334,0.7587162852287292,1.0,0.0,4.0
exp1_empty_1,5231,419.79315185546875,1.1162090301513672,0.8014290928840637,1.0,0.0,10.0
exp1_empty_1,5232,609.303466796875,2.594538450241089,0.46222826838493347,1.0,0.0,14.0
exp1_empty_1,5233,612.035400390625,1.8314909934997559,0.44548675417900085,1.0,0.0,21.0
exp1_empty_1,5234,464.2008972167969,1.901080846786499,0.7131526470184326,1.0,0.0,8.0
exp1_empty_1,5235,536.78515625,1.5748711824417114,0.6375206112861633,1.0,0.0,18.0
exp1_empty_1,5236,444.0958251953125,1.871847152709961,0.8032203912734985,1.0,0.0,5.0
exp1_empty_1,5237,485.40582275390625,2.0170319080352783,0.5082219839096069,1.0,0.0,8.0
exp1_empty_1,5238,452.8384704589844,1.368615746498108,0.8708743453025818,1.0,0.0,11.0
exp1_empty_1,5239,495.9313049316406,2.3977954387664795,0.6361608505249023,1.0,0.0,8.0
exp1_empty_1,5241,501.35186767578125,2.0203423500061035,0.5227358937263489,1.0,0.0,9.0
exp1_empty_1,5242,713.4471435546875,2.4136030673980713,0.4993685781955719,1.0,0.0,23.0
exp1_empty_1,5243,481.06573486328125,1.5844000577926636,0.7473276257514954,1.0,0.0,11.0
exp1_empty_1,5244,530.465087890625,2.0020077228546143,0.48682597279548645,1.0,0.0,12.0
exp1_empty_1,5245,422.9559020996094,1.221726417541504,0.8511434197425842,1.0,0.0,6.0
exp1_empty_1,5246,454.7337951660156,1.4248263835906982,0.7111033201217651,1.0,0.0,8.0
exp1_empty_1,5247,384.0586242675781,0.3861366808414459,0.886406660079956,1.0,0.0,30.0
exp1_empty_1,5248,601.4302978515625,3.246319532394409,0.35395434498786926,1.0,0.0,11.0
exp1_empty_1,5249,662.0360107421875,2.600447177886963,0.4491257071495056,1.0,0.0,18.0
exp1_empty_1,5250,460.46612548828125,1.4687869548797607,0.7748793959617615,1.0,0.0,10.0
exp1_empty_1,5251,495.48126220703125,2.0166678428649902,0.5621465444564819,1.0,0.0,10.0
exp1_empty_1,5252,501.1310119628906,2.5592262744903564,0.41726893186569214,1.0,0.0,7.0
exp1_empty_1,5253,706.0574951171875,4.301027297973633,0.22147627174854279,1.0,0.0,12.0
exp1_empty_1,5254,673.8952026367188,2.3222832679748535,0.5513410568237305,1.0,0.0,22.0
exp1_empty_1,5255,449.1268615722656,1.9237651824951172,0.7222099304199219,1.0,0.0,7.0
exp1_empty_1,5256,447.8247985839844,1.3429464101791382,0.8482356071472168,1.0,0.0,9.0
exp1_empty_1,5257,412.41827392578125,1.3701884746551514,0.8405128717422485,1.0,0.0,7.0
exp1_empty_1,5258,457.406982421875,1.1227930784225464,0.9317641258239746,1.0,0.0,24.0
exp1_empty_1,5259,469.29071044921875,1.5579955577850342,0.7643658518791199,1.0,0.0,10.0
exp1_empty_1,5261,698.9254150390625,3.3598153591156006,0.3439250588417053,1.0,0.0,15.0
exp1_empty_1,5262,686.78369140625,3.863475799560547,0.12340205162763596,1.0,0.0,12.0
exp1_empty_1,5263,479.0508117675781,1.7185052633285522,0.4597919285297394,1.0,0.0,9.0
exp1_empty_1,5264,719.529541015625,1.9619078636169434,0.5919963717460632,1.0,0.0,32.0
exp1_empty_1,5265,520.1904907226562,1.5637686252593994,0.7165972590446472,1.0,0.0,16.0
exp1_empty_1,5266,441.36181640625,2.0491087436676025,0.7802413702011108,1.0,0.0,5.0
exp1_empty_1,5267,467.141845703125,2.129673480987549,0.6167201399803162,1.0,0.0,8.0
exp1_empty_1,5268,464.23748779296875,1.3957973718643188,0.7535690069198608,1.0,0.0,11.0
exp1_empty_1,5269,680.929931640625,2.9916112422943115,0.4489021897315979,1.0,0.0,17.0
exp1_empty_1,5270,681.662841796875,2.7139923572540283,0.4913117289543152,1.0,0.0,19.0
exp1_empty_1,5271,668.8917236328125,3.733123779296875,0.3029312789440155,1.0,0.0,12.0
exp1_empty_1,5272,615.56591796875,3.2516708374023438,0.3769184947013855,1.0,0.0,11.0
exp1_empty_1,5273,458.01361083984375,1.0690146684646606,0.8355814218521118,1.0,0.0,17.0
exp1_empty_1,5274,488.3246154785156,2.2944278717041016,0.5054178833961487,1.0,0.0,7.0
exp1_empty_1,5275,520.5739135742188,2.6314258575439453,0.48040464520454407,1.0,0.0,8.0
exp1_empty_1,5276,629.9178466796875,2.4976816177368164,0.5975196957588196,1.0,0.0,17.0
exp1_empty_1,5277,642.5281372070312,2.106855869293213,0.6696233749389648,1.0,0.0,23.0
exp1_empty_1,5278,494.39959716796875,2.953080177307129,0.6226876974105835,1.0,0.0,6.0
exp1_empty_1,5279,480.4562683105469,1.8276599645614624,0.7241183519363403,1.0,0.0,10.0
exp1_empty_1,5281,627.7435302734375,1.1878076791763306,0.8170766234397888,1.0,0.0,46.0
exp1_empty_1,5282,468.948486328125,2.0917840003967285,0.6332970857620239,1.0,0.0,6.0
exp1_empty_1,5283,536.95947265625,1.9311676025390625,0.5935198068618774,1.0,0.0,18.0
exp1_empty_1,5284,434.45343017578125,2.067915439605713,0.6104314923286438,1.0,0.0,3.0
exp1_empty_1,5285,513.78125,3.1539313793182373,0.42544102668762207,1.0,0.0,6.0
exp1_empty_1,5286,530.2864379882812,2.3366219997406006,0.487121045589447,1.0,0.0,10.0
exp1_empty_1,5287,570.8521728515625,1.9213892221450806,0.6315326690673828,1.0,0.0,17.0
exp1_empty_1,5288,740.4833984375,3.7707884311676025,0.34258005023002625,1.0,0.0,15.0
exp1_empty_1,5289,598.0706787109375,2.7133753299713135,0.4743752181529999,1.0,0.0,13.0
exp1_empty_1,5290,632.2808837890625,2.6427805423736572,0.6194639205932617,1.0,0.0,16.0
exp1_empty_1,5291,567.0054931640625,1.9288228750228882,0.6897600293159485,1.0,0.0,18.0
exp1_empty_1,5292,580.5233154296875,2.541900873184204,0.4821127653121948,1.0,0.0,13.0
exp1_empty_1,5293,508.24566650390625,1.4243247509002686,0.533888041973114,1.0,0.0,15.0
exp1_empty_1,5294,405.5379333496094,0.778884768486023,0.8858505487442017,1.0,0.0,5.0
exp1_empty_1,5295,422.4927978515625,1.3274612426757812,0.8372130393981934,1.0,0.0,6.0
exp1_empty_1,5296,404.9881591796875,0.8343093991279602,0.9613251686096191,1.0,0.0,2.0
exp1_empty_1,5297,458.8022766113281,2.1401798725128174,0.7149774432182312,1.0,0.0,6.0
exp1_empty_1,5298,470.693603515625,1.179230809211731,0.7463910579681396,1.0,0.0,17.0
exp1_empty_1,5299,499.1849365234375,1.2192479372024536,0.8253387808799744,1.0,0.0,19.0
exp1_empty_1,5301,702.603515625,3.4023637771606445,0.26820510625839233,1.0,0.0,15.0
exp1_empty_1,5302,557.4028930664062,3.4826972484588623,0.49094682931900024,1.0,0.0,8.0
exp1_empty_1,5303,462.09381103515625,1.3151988983154297,0.7967207431793213,1.0,0.0,11.0
exp1_empty_1,5304,558.1129760742188,3.131157875061035,0.4975597560405731,1.0,0.0,9.0
exp1_empty_1,5305,487.9605712890625,1.123869776725769,0.6928385496139526,1.0,0.0,18.0
exp1_empty_1,5306,680.3718872070312,2.507462739944458,0.438398540019989,1.0,0.0,20.0
exp1_empty_1,5307,550.5497436523438,2.114802837371826,0.67669278383255,1.0,0.0,14.0
exp1_empty_1,5308,500.6678466796875,1.6922589540481567,0.6281703114509583,1.0,0.0,13.0
exp1_empty_1,5309,535.6009521484375,2.2109267711639404,0.609290599822998,1.0,0.0,12.0
exp1_empty_1,5310,427.23748779296875,1.116250991821289,0.9517695903778076,1.0,0.0,19.0
exp1_empty_1,5311,528.814697265625,2.9189486503601074,0.5672359466552734,1.0,0.0,8.0
exp1_empty_1,5312,561.7392578125,1.4279043674468994,0.7692819237709045,1.0,0.0,27.0
exp1_empty_1,5313,599.0044555664062,3.486072540283203,0.3866092562675476,1.0,0.0,10.0
exp1_empty_1,5314,525.9786376953125,3.1968910694122314,0.4007427394390106,1.0,0.0,7.0
exp1_empty_1,5315,406.1002197265625,1.1468623876571655,0.8541517853736877,1.0,0.0,11.0
exp1_empty_1,5316,501.7501220703125,3.47088885307312,0.500360369682312,1.0,0.0,5.0
exp1_empty_1,5317,512.1898803710938,2.3377108573913574,0.6358940601348877,1.0,0.0,11.0
exp1_empty_1,5318,516.6700439453125,2.0687527656555176,0.7906865477561951,1.0,0.0,11.0
exp1_empty_1,5319,424.1747131347656,1.32343590259552,0.7671496272087097,1.0,0.0,7.0
exp1_empty_1,5321,529.6138916015625,2.4408724308013916,0.7011004090309143,1.0,0.0,11.0
exp1_empty_1,5322,483.1280212402344,1.7643616199493408,0.6957499384880066,1.0,0.0,10.0
exp1_empty_1,5323,440.7563781738281,1.3803309202194214,0.7916961312294006,1.0,0.0,12.0
exp1_empty_1,5324,528.98486328125,2.0614545345306396,0.5858952403068542,1.0,0.0,12.0
exp1_empty_1,5325,533.3215942382812,3.661104440689087,0.2728950083255768,1.0,0.0,6.0
exp1_empty_1,5326,464.17633056640625,2.03383731842041,0.6498260498046875,1.0,0.0,6.0
exp1_empty_1,5327,547.7962036132812,1.653504490852356,0.7129986882209778,1.0,0.0,18.0
exp1_empty_1,5328,696.2786254882812,2.4950387477874756,0.42504024505615234,1.0,0.0,21.0
exp1_empty_1,5329,675.7943115234375,2.888540267944336,0.3225572407245636,1.0,0.0,17.0
exp1_empty_1,5330,485.0125427246094,2.5673723220825195,0.46783319115638733,1.0,0.0,6.0
exp1_empty_1,5331,582.070556640625,1.1718473434448242,0.8209090828895569,1.0,0.0,38.0
exp1_empty_1,5332,421.5178527832031,1.0763115882873535,0.7010383605957031,1.0,0.0,9.0
exp1_empty_1,5333,508.6329650878906,2.0739035606384277,0.7076924443244934,1.0,0.0,10.0
exp1_empty_1,5334,646.5972900390625,2.124861717224121,0.5585269331932068,1.0,0.0,21.0
exp1_empty_1,5335,571.2900390625,1.960923194885254,0.6454232335090637,1.0,0.0,19.0
exp1_empty_1,5336,477.8580322265625,1.6974471807479858,0.6608572006225586,1.0,0.0,10.0
exp1_empty_1,5337,421.4242858886719,0.8911415338516235,0.9568448662757874,1.0,0.0,60.0
exp1_empty_1,5338,579.9796142578125,2.0060811042785645,0.5508427619934082,1.0,0.0,17.0
exp1_empty_1,5339,462.8457336425781,1.8535897731781006,0.7141684889793396,1.0,0.0,8.0
exp1_empty_1,5341,448.3999938964844,1.6252416372299194,0.6723559498786926,1.0,0.0,6.0
exp1_empty_1,5342,691.7420654296875,2.0467875003814697,0.6277197599411011,1.0,0.0,26.0
exp1_empty_1,5343,452.42138671875,1.731750726699829,0.5899244546890259,1.0,0.0,7.0
exp1_empty_1,5344,604.6692504882812,2.7634902000427246,0.48794692754745483,1.0,0.0,13.0
exp1_empty_1,5345,451.74847412109375,0.932352602481842,0.7193852663040161,1.0,0.0,17.0
exp1_empty_1,5346,511.8690185546875,1.775739312171936,0.6303936243057251,1.0,0.0,12.0
exp1_empty_1,5347,619.1866455078125,4.083240509033203,0.3001236319541931,1.0,0.0,9.0
exp1_empty_1,5348,690.8455200195312,3.2537503242492676,0.43178418278694153,1.0,0.0,15.0
exp1_empty_1,5349,459.46875,1.653505563735962,0.6562472581863403,1.0,0.0,8.0
exp1_empty_1,5350,488.26251220703125,1.733704686164856,0.5881539583206177,1.0,0.0,11.0
exp1_empty_1,5351,460.7557373046875,0.8596027493476868,0.8448320031166077,1.0,0.0,22.0
exp1_empty_1,5352,466.0679626464844,1.2462800741195679,0.6996235847473145,1.0,0.0,12.0
exp1_empty_1,5353,498.7098083496094,2.548189163208008,0.5864279866218567,1.0,0.0,7.0
exp1_empty_1,5354,554.4676513671875,1.9275588989257812,0.5795953869819641,1.0,0.0,19.0
exp1_empty_1,5355,431.2893371582031,0.874226987361908,0.8286092877388,1.0,0.0,17.0
exp1_empty_1,5356,739.0278930664062,2.531177282333374,0.47054770588874817,1.0,0.0,24.0
exp1_empty_1,5357,610.4697265625,2.3255975246429443,0.5064132809638977,1.0,0.0,17.0
exp1_empty_1,5358,593.2223510742188,2.176429510116577,0.47131258249282837,1.0,0.0,16.0
exp1_empty_1,5359,470.9637756347656,1.8182293176651,0.6561219692230225,1.0,0.0,8.0
exp1_empty_1,5361,522.053466796875,2.0889768600463867,0.7165440917015076,1.0,0.0,13.0
exp1_empty_1,5362,450.16107177734375,1.7587693929672241,0.709356427192688,1.0,0.0,9.0
exp1_empty_1,5363,441.41156005859375,1.3956384658813477,0.7637264728546143,1.0,0.0,9.0
exp1_empty_1,5364,545.4825439453125,3.0404140949249268,0.30884820222854614,1.0,0.0,8.0
exp1_empty_1,5365,469.4026184082031,2.0412933826446533,0.396099716424942,1.0,0.0,6.0
exp1_empty_1,5366,660.1219482421875,3.350172281265259,0.3459567427635193,1.0,0.0,14.0
exp1_empty_1,5367,418.78594970703125,0.9895570874214172,0.9109552502632141,1.0,0.0,6.0
exp1_empty_1,5368,515.6943969726562,3.721202850341797,0.42691922187805176,1.0,0.0,5.0
exp1_empty_1,5369,516.4514770507812,2.161342144012451,0.6246905326843262,1.0,0.0,10.0
exp1_empty_1,5370,403.7863464355469,0.9852505922317505,0.9496771097183228,1.0,0.0,1.0
exp1_empty_1,5371,569.0242919921875,1.8707616329193115,0.5387964248657227,1.0,0.0,18.0
exp1_empty_1,5372,687.255126953125,3.098696231842041,0.42479535937309265,1.0,0.0,16.0
exp1_empty_1,5373,559.1784057617188,1.9983062744140625,0.7046492099761963,1.0,0.0,17.0
exp1_empty_1,5374,512.9054565429688,1.8764978647232056,0.7528443932533264,1.0,0.0,12.0
exp1_empty_1,5375,664.35791015625,3.6940348148345947,0.3142277002334595,1.0,0.0,12.0
exp1_empty_1,5376,572.529541015625,3.3323822021484375,0.3838537633419037,1.0,0.0,9.0
exp1_empty_1,5377,589.1204223632812,2.0544629096984863,0.6133205890655518,1.0,0.0,17.0
exp1_empty_1,5378,461.70074462890625,1.406975507736206,0.6299128532409668,1.0,0.0,10.0
exp1_empty_1,5379,461.538330078125,1.3364944458007812,0.8059859871864319,1.0,0.0,11.0
exp1_empty_1,5381,408.6551513671875,0.9101859331130981,0.9622249603271484,1.0,0.0,9.0
exp1_empty_1,5382,503.01953125,1.7187589406967163,0.5694314241409302,1.0,0.0,14.0
exp1_empty_1,5383,455.1181945800781,1.8272367715835571,0.5880258679389954,1.0,0.0,6.0
exp1_empty_1,5384,606.135009765625,2.3047993183135986,0.5890453457832336,1.0,0.0,17.0
exp1_empty_1,5385,693.622314453125,4.251409530639648,0.15908892452716827,1.0,0.0,11.0
exp1_empty_1,5386,490.7925109863281,2.725578546524048,0.47481194138526917,1.0,0.0,6.0
exp1_empty_1,5387,537.0648803710938,2.309779405593872,0.5138114094734192,1.0,0.0,11.0
exp1_empty_1,5388,521.01513671875,2.69378662109375,0.46345090866088867,1.0,0.0,8.0
exp1_empty_1,5389,626.3854370117188,4.027034759521484,0.16342242062091827,1.0,0.0,9.0
exp1_empty_1,5390,497.66290283203125,2.2262227535247803,0.6201856136322021,1.0,0.0,8.0
exp1_empty_1,5391,509.4572448730469,1.3135032653808594,0.762772262096405,1.0,0.0,19.0
exp1_empty_1,5392,437.4030456542969,1.7799797058105469,0.5564559102058411,1.0,0.0,4.0
exp1_empty_1,5393,440.18743896484375,1.3771270513534546,0.589123010635376,1.0,0.0,6.0
exp1_empty_1,5394,558.298583984375,2.8542351722717285,0.5150792002677917,1.0,0.0,10.0
exp1_empty_1,5395,438.5447692871094,1.3980369567871094,0.6678330898284912,1.0,0.0,9.0
exp1_empty_1,5396,503.3875732421875,1.7414113283157349,0.5432411432266235,1.0,0.0,13.0
exp1_empty_1,5397,443.4999084472656,1.1293432712554932,0.8144280314445496,1.0,0.0,10.0
exp1_empty_1,5398,465.45245361328125,1.4090604782104492,0.6957943439483643,1.0,0.0,12.0
exp1_empty_1,5399,415.3973083496094,0.9604969024658203,0.6196152567863464,1.0,0.0,4.0
exp1_empty_1,5401,400.1097717285156,0.5536402463912964,0.7796357274055481,1.0,0.0,21.0
exp1_empty_1,5402,507.5177917480469,2.9391186237335205,0.444497674703598,1.0,0.0,6.0
exp1_empty_1,5403,611.5888061523438,2.930889844894409,0.45515480637550354,1.0,0.0,12.0
exp1_empty_1,5404,486.6658935546875,1.9993356466293335,0.430561363697052,1.0,0.0,8.0
exp1_empty_1,5405,479.3936767578125,1.8223214149475098,0.4731924533843994,1.0,0.0,8.0
exp1_empty_1,5406,543.6417236328125,1.674343228340149,0.5138241052627563,1.0,0.0,16.0
exp1_empty_1,5407,474.3023376464844,1.5004535913467407,0.6558349132537842,1.0,0.0,12.0
exp1_empty_1,5408,504.6866455078125,1.3542146682739258,0.6319732666015625,1.0,0.0,20.0
exp1_empty_1,5409,447.4478759765625,0.924985945224762,0.7914096117019653,1.0,0.0,14.0
exp1_empty_1,5410,429.491455078125,1.4410016536712646,0.5921773314476013,1.0,0.0,4.0
exp1_empty_1,5411,482.77178955078125,1.9578970670700073,0.5914087891578674,1.0,0.0,8.0
exp1_empty_1,5412,452.8236083984375,1.15380859375,0.9296796321868896,1.0,0.0,24.0
exp1_empty_1,5413,441.4715881347656,1.1230288743972778,0.592724084854126,1.0,0.0,8.0
exp1_empty_1,5414,472.519775390625,1.249157428741455,0.8888098001480103,1.0,0.0,16.0
exp1_empty_1,5415,413.3119812011719,0.9880019426345825,0.9453447461128235,1.0,0.0,16.0
exp1_empty_1,5416,512.2479248046875,2.1243865489959717,0.6935462355613708,1.0,0.0,11.0
exp1_empty_1,5417,627.891845703125,2.9378716945648193,0.5282513499259949,1.0,0.0,14.0
exp1_empty_1,5418,577.1532592773438,2.009533643722534,0.4564231038093567,1.0,0.0,17.0
exp1_empty_1,5419,557.4073486328125,2.1780896186828613,0.46109816431999207,1.0,0.0,13.0
exp1_empty_1,5421,476.48577880859375,3.213773250579834,0.40731081366539,1.0,0.0,4.0
exp1_empty_1,5422,480.6834716796875,1.7574753761291504,0.6865757703781128,1.0,0.0,9.0
exp1_empty_1,5423,581.25927734375,4.07411003112793,0.2209726870059967,1.0,0.0,7.0
exp1_empty_1,5424,537.5895385742188,2.665351629257202,0.43677818775177,1.0,0.0,9.0
exp1_empty_1,5425,459.9086608886719,1.6993391513824463,0.7091034054756165,1.0,0.0,7.0
exp1_empty_1,5426,496.82373046875,2.2729458808898926,0.5728064179420471,1.0,0.0,8.0
exp1_empty_1,5427,567.22265625,2.182237386703491,0.6254336833953857,1.0,0.0,19.0
exp1_empty_1,5428,561.894287109375,2.482550859451294,0.4878513813018799,1.0,0.0,12.0
exp1_empty_1,5429,588.2946166992188,2.7468745708465576,0.5002439022064209,1.0,0.0,13.0
exp1_empty_1,5430,437.8436279296875,1.4685463905334473,0.6891433596611023,1.0,0.0,6.0
exp1_empty_1,5431,555.1608276367188,1.7525901794433594,0.6526767015457153,1.0,0.0,17.0
exp1_empty_1,5432,448.4629211425781,1.8345527648925781,0.7124495506286621,1.0,0.0,5.0
exp1_empty_1,5433,432.49639892578125,1.1167407035827637,0.8669317364692688,1.0,0.0,11.0
exp1_empty_1,5434,582.8123779296875,2.3437321186065674,0.5458927154541016,1.0,0.0,14.0
exp1_empty_1,5435,611.1569213867188,2.1964449882507324,0.6403575539588928,1.0,0.0,19.0
exp1_empty_1,5436,471.83245849609375,1.8543018102645874,0.6521705389022827,1.0,0.0,11.0
exp1_empty_1,5437,476.9422607421875,1.8937970399856567,0.733278214931488,1.0,0.0,8.0
exp1_empty_1,5438,493.96795654296875,1.3442010879516602,0.6539531946182251,1.0,0.0,17.0
exp1_empty_1,5439,452.6555480957031,1.1752854585647583,0.8678223490715027,1.0,0.0,13.0
exp1_empty_1,5441,720.6734619140625,3.0156688690185547,0.4760080873966217,1.0,0.0,18.0
exp1_empty_1,5442,668.270751953125,3.288682460784912,0.3765975832939148,1.0,0.0,14.0
exp1_empty_1,5443,613.8010864257812,2.794752597808838,0.5859007835388184,1.0,0.0,14.0
exp1_empty_1,5444,441.5882568359375,1.730238676071167,0.860058605670929,1.0,0.0,5.0
exp1_empty_1,5445,472.0224609375,1.4472769498825073,0.7105236053466797,1.0,0.0,11.0
exp1_empty_1,5446,525.6752319335938,2.886307954788208,0.5228300094604492,1.0,0.0,8.0
exp1_empty_1,5447,470.1663513183594,3.9180774688720703,0.2630297839641571,1.0,0.0,3.0
exp1_empty_1,5448,498.4433898925781,1.6116529703140259,0.6670703887939453,1.0,0.0,14.0
exp1_empty_1,5449,418.796142578125,0.9904754757881165,0.9288355112075806,1.0,0.0,19.0
exp1_empty_1,5450,445.9368591308594,1.0719842910766602,0.5658012628555298,1.0,0.0,10.0
exp1_empty_1,5451,522.6409301757812,1.6420583724975586,0.6464842557907104,1.0,0.0,16.0
exp1_empty_1,5452,663.3309326171875,2.9872634410858154,0.5520294308662415,1.0,0.0,16.0
exp1_empty_1,5453,477.7012634277344,1.8033026456832886,0.5047966837882996,1.0,0.0,8.0
exp1_empty_1,5454,538.8176879882812,2.6512956619262695,0.4591587781906128,1.0,0.0,9.0
exp1_empty_1,5455,622.3079833984375,3.1407785415649414,0.5241208672523499,1.0,0.0,12.0
exp1_empty_1,5456,553.653076171875,2.3448257446289062,0.5968010425567627,1.0,0.0,13.0
exp1_empty_1,5457,483.8309020996094,1.6719480752944946,0.4875340461730957,1.0,0.0,10.0
exp1_empty_1,5458,535.8653564453125,1.1865590810775757,0.7566429376602173,1.0,0.0,27.0
exp1_empty_1,5459,449.8918762207031,2.460052490234375,0.66059410572052,1.0,0.0,5.0
exp1_empty_1,5461,487.52618408203125,1.329923391342163,0.6989465355873108,1.0,0.0,17.0
exp1_empty_1,5462,556.3941650390625,3.7870335578918457,0.3118705153465271,1.0,0.0,7.0
exp1_empty_1,5463,507.1280517578125,1.8112773895263672,0.5490549206733704,1.0,0.0,12.0
exp1_empty_1,5464,487.9490051269531,2.4730453491210938,0.5391319990158081,1.0,0.0,7.0
exp1_empty_1,5465,533.2711791992188,2.3275952339172363,0.5677222013473511,1.0,0.0,11.0
exp1_empty_1,5466,613.8975830078125,2.2110726833343506,0.657509982585907,1.0,0.0,19.0
exp1_empty_1,5467,467.3228759765625,1.3190832138061523,0.7579753398895264,1.0,0.0,16.0
exp1_empty_1,5468,674.0147705078125,1.6217355728149414,0.6496456265449524,1.0,0.0,34.0
exp1_empty_1,5469,601.89208984375,3.189971923828125,0.40764319896698,1.0,0.0,11.0
exp1_empty_1,5470,690.8082275390625,1.832605242729187,0.640817403793335,1.0,0.0,30.0
exp1_empty_1,5471,519.1862182617188,2.050043821334839,0.64923495054245,1.0,0.0,12.0
exp1_empty_1,5472,646.6957397460938,3.1093215942382812,0.4009825885295868,1.0,0.0,14.0
exp1_empty_1,5473,686.4039306640625,3.3685224056243896,0.33292847871780396,1.0,0.0,14.0
exp1_empty_1,5474,506.640625,2.9228546619415283,0.5137816071510315,1.0,0.0,7.0
exp1_empty_1,5475,641.008544921875,2.455275297164917,0.5762068629264832,1.0,0.0,17.0
exp1_empty_1,5476,487.9472351074219,1.5865060091018677,0.6468662619590759,1.0,0.0,11.0
exp1_empty_1,5477,597.2807006835938,2.306857109069824,0.664282500743866,1.0,0.0,16.0
exp1_empty_1,5478,450.80047607421875,2.552117109298706,0.5802680253982544,1.0,0.0,4.0
exp1_empty_1,5479,700.3909912109375,2.837458610534668,0.4909878671169281,1.0,0.0,19.0
exp1_empty_1,5481,599.4742431640625,2.8112244606018066,0.5279843807220459,1.0,0.0,13.0
exp1_empty_1,5482,699.20556640625,2.8465285301208496,0.5229558348655701,1.0,0.0,18.0
exp1_empty_1,5483,668.0011596679688,3.350816488265991,0.33707520365715027,1.0,0.0,14.0
exp1_empty_1,5484,526.18798828125,2.1014692783355713,0.5869821906089783,1.0,0.0,12.0
exp1_empty_1,5485,468.91259765625,1.5483120679855347,0.8455805778503418,1.0,0.0,12.0
exp1_empty_1,5486,639.7249755859375,3.593273162841797,0.33920344710350037,1.0,0.0,11.0
exp1_empty_1,5487,505.13958740234375,1.722279667854309,0.722257673740387,1.0,0.0,14.0
exp1_empty_1,5488,641.6353759765625,2.4116435050964355,0.5843150019645691,1.0,0.0,19.0
exp1_empty_1,5489,608.0777587890625,2.201626777648926,0.5688377022743225,1.0,0.0,17.0
exp1_empty_1,5490,516.4490966796875,2.3803648948669434,0.6014221906661987,1.0,0.0,9.0
exp1_empty_1,5491,426.2234191894531,1.3550467491149902,0.8200928568840027,1.0,0.0,6.0
exp1_empty_1,5492,577.7088623046875,3.1279492378234863,0.42880287766456604,1.0,0.0,10.0
exp1_empty_1,5493,536.4886474609375,2.0350396633148193,0.6937800049781799,1.0,0.0,15.0
exp1_empty_1,5494,586.98974609375,1.2434797286987305,0.7551420331001282,1.0,0.0,34.0
exp1_empty_1,5495,645.8110961914062,1.4386574029922485,0.7961841225624084,1.0,0.0,37.0
exp1_empty_1,5496,693.4662475585938,2.7078797817230225,0.5521875619888306,1.0,0.0,22.0
exp1_empty_1,5497,588.8075561523438,2.377429485321045,0.5461216568946838,1.0,0.0,15.0
exp1_empty_1,5498,668.8310546875,2.546482563018799,0.4348890781402588,1.0,0.0,19.0
exp1_empty_1,5499,467.9499816894531,1.3863716125488281,0.8381646275520325,1.0,0.0,13.0
exp1_empty_1,5501,529.9857177734375,2.426002025604248,0.6652787923812866,1.0,0.0,10.0
exp1_empty_1,5502,586.8419189453125,2.613252878189087,0.5237149000167847,1.0,0.0,15.0
exp1_empty_1,5503,519.4744873046875,2.884112596511841,0.5326400399208069,1.0,0.0,8.0
exp1_empty_1,5504,463.6624755859375,1.9092860221862793,0.3307621479034424,1.0,0.0,6.0
exp1_empty_1,5505,586.3970336914062,3.222707509994507,0.46956270933151245,1.0,0.0,11.0
exp1_empty_1,5506,463.30462646484375,2.2472171783447266,0.5822869539260864,1.0,0.0,5.0
exp1_empty_1,5507,460.63983154296875,0.71770179271698,0.8507096171379089,1.0,0.0,33.0
exp1_empty_1,5508,645.1603393554688,2.8255488872528076,0.47570478916168213,1.0,0.0,15.0
exp1_empty_1,5509,498.2884521484375,1.5905497074127197,0.7469906806945801,1.0,0.0,14.0
exp1_empty_1,5510,559.4462890625,2.101933002471924,0.5744888186454773,1.0,0.0,15.0
exp1_empty_1,5511,454.41680908203125,1.3342983722686768,0.6945692896842957,1.0,0.0,10.0
exp1_empty_1,5512,536.1072998046875,2.3125803470611572,0.6061747074127197,1.0,0.0,11.0
exp1_empty_1,5513,506.10784912109375,2.224630117416382,0.6932746171951294,1.0,0.0,10.0
exp1_empty_1,5514,602.32275390625,2.5675013065338135,0.30402296781539917,1.0,0.0,14.0
exp1_empty_1,5515,438.3268737792969,1.6690804958343506,0.7894887924194336,1.0,0.0,7.0
exp1_empty_1,5516,484.8970947265625,2.5092456340789795,0.4346412420272827,1.0,0.0,6.0
exp1_empty_1,5517,619.1141357421875,2.814671754837036,0.3441024124622345,1.0,0.0,13.0
exp1_empty_1,5518,558.4414672851562,2.479179620742798,0.4539123773574829,1.0,0.0,12.0
exp1_empty_1,5519,663.2508544921875,1.6374008655548096,0.7031552195549011,1.0,0.0,33.0
exp1_empty_1,5521,512.4281005859375,1.6539201736450195,0.5648346543312073,1.0,0.0,14.0
exp1_empty_1,5522,407.1480712890625,1.252902626991272,0.7777354121208191,1.0,0.0,5.0
exp1_empty_1,5523,599.9315795898438,2.2794189453125,0.4239860773086548,1.0,0.0,16.0
exp1_empty_1,5524,596.86865234375,2.6112163066864014,0.5112200975418091,1.0,0.0,14.0
exp1_empty_1,5525,555.943115234375,2.3930840492248535,0.5533915162086487,1.0,0.0,13.0
exp1_empty_1,5526,547.3766479492188,1.7847909927368164,0.5185030698776245,1.0,0.0,16.0
exp1_empty_1,5527,629.6787109375,2.7283270359039307,0.4877295196056366,1.0,0.0,15.0
exp1_empty_1,5528,469.9371337890625,1.5725804567337036,0.753531277179718,1.0,0.0,12.0
exp1_empty_1,5529,648.6753540039062,3.3374922275543213,0.444875568151474,1.0,0.0,13.0
exp1_empty_1,5530,506.7293701171875,1.68796968460083,0.7538512349128723,1.0,0.0,13.0
exp1_empty_1,5531,505.8406982421875,1.8450289964675903,0.6953659057617188,1.0,0.0,11.0
exp1_empty_1,5532,580.5453491210938,3.5049283504486084,0.3726762533187866,1.0,0.0,9.0
exp1_empty_1,5533,506.88153076171875,1.4573125839233398,0.7592825293540955,1.0,0.0,20.0
exp1_empty_1,5534,474.26312255859375,1.5072306394577026,0.7356456518173218,1.0,0.0,13.0
exp1_empty_1,5535,438.72906494140625,1.4773201942443848,0.8643928170204163,1.0,0.0,8.0
exp1_empty_1,5536,558.9683837890625,1.2647706270217896,0.7176075577735901,1.0,0.0,39.0
exp1_empty_1,5537,479.29754638671875,2.0050981044769287,0.6519608497619629,1.0,0.0,8.0
exp1_empty_1,5538,555.1429443359375,2.959153175354004,0.42417728900909424,1.0,0.0,9.0
exp1_empty_1,5539,536.3553466796875,1.9230462312698364,0.6065263152122498,1.0,0.0,14.0
exp1_empty_1,5541,701.9086303710938,2.9710371494293213,0.40164971351623535,1.0,0.0,17.0
exp1_empty_1,5542,427.0417785644531,1.408270001411438,0.7130056023597717,1.0,0.0,7.0
exp1_empty_1,5543,485.1108703613281,1.8225644826889038,0.7726812958717346,1.0,0.0,12.0
exp1_empty_1,5544,507.9163818359375,1.6460782289505005,0.7265163660049438,1.0,0.0,14.0
exp1_empty_1,5545,602.83642578125,2.2729687690734863,0.5548336505889893,1.0,0.0,16.0
exp1_empty_1,5546,530.9637451171875,2.0069825649261475,0.7103017568588257,1.0,0.0,14.0
exp1_empty_1,5547,513.5433349609375,2.458888530731201,0.6000738739967346,1.0,0.0,10.0
exp1_empty_1,5548,622.5443725585938,4.089236736297607,0.2651991844177246,1.0,0.0,9.0
exp1_empty_1,5549,704.4681396484375,2.6943435668945312,0.5404601097106934,1.0,0.0,21.0
exp1_empty_1,5550,463.05474853515625,2.9048516750335693,0.46799930930137634,1.0,0.0,4.0
exp1_empty_1,5551,414.0052490234375,1.2208975553512573,0.8605098128318787,1.0,0.0,12.0
exp1_empty_1,5552,689.2402954101562,3.6485109329223633,0.30882570147514343,1.0,0.0,13.0
exp1_empty_1,5553,468.04510498046875,2.5795390605926514,0.6553594470024109,1.0,0.0,5.0
exp1_empty_1,5554,575.477294921875,2.572330951690674,0.6036760807037354,1.0,0.0,13.0
exp1_empty_1,5555,502.3361511230469,2.519092559814453,0.6907697916030884,1.0,0.0,8.0
exp1_empty_1,5556,492.0915832519531,2.406355857849121,0.4197503924369812,1.0,0.0,8.0
exp1_empty_1,5557,422.6302185058594,1.2843430042266846,0.6503299474716187,1.0,0.0,5.0
exp1_empty_1,5558,559.7098388671875,2.0616703033447266,0.6709321737289429,1.0,0.0,17.0
exp1_empty_1,5559,526.0541381835938,1.6046431064605713,0.6726520657539368,1.0,0.0,19.0
exp1_empty_1,5561,428.45526123046875,1.0840126276016235,0.8887923359870911,1.0,0.0,12.0
exp1_empty_1,5562,434.0951843261719,1.5362656116485596,0.7225619554519653,1.0,0.0,14.0
exp1_empty_1,5563,479.98834228515625,1.690247893333435,0.7464679479598999,1.0,0.0,10.0
exp1_empty_1,5564,558.84423828125,1.9982820749282837,0.6928649544715881,1.0,0.0,18.0
exp1_empty_1,5565,461.3411865234375,1.6575008630752563,0.7573379278182983,1.0,0.0,8.0
exp1_empty_1,5566,516.302978515625,2.3800666332244873,0.5552147030830383,1.0,0.0,10.0
exp1_empty_1,5567,631.43212890625,2.3349831104278564,0.5247472524642944,1.0,0.0,20.0
exp1_empty_1,5568,651.2909545898438,3.0208535194396973,0.5387254953384399,1.0,0.0,15.0
exp1_empty_1,5569,467.06732177734375,1.603969693183899,0.666667103767395,1.0,0.0,13.0
exp1_empty_1,5570,537.1585083007812,2.613757371902466,0.47990018129348755,1.0,0.0,10.0
exp1_empty_1,5571,705.549072265625,2.7116899490356445,0.5726674795150757,1.0,0.0,21.0
exp1_empty_1,5572,402.22955322265625,0.9167176485061646,0.9435577392578125,1.0,0.0,5.0
exp1_empty_1,5573,497.0509338378906,2.145808219909668,0.4614594280719757,1.0,0.0,9.0
exp1_empty_1,5574,543.5662231445312,1.7472848892211914,0.5995831489562988,1.0,0.0,19.0
exp1_empty_1,5575,504.7675476074219,1.9448601007461548,0.6542953252792358,1.0,0.0,12.0
exp1_empty_1,5576,609.716064453125,3.045062780380249,0.5145277380943298,1.0,0.0,13.0
exp1_empty_1,5577,481.9997253417969,1.5715906620025635,0.7571761012077332,1.0,0.0,13.0
exp1_empty_1,5578,504.2362365722656,1.6090441942214966,0.8094871044158936,1.0,0.0,16.0
exp1_empty_1,5579,495.07781982421875,2.4549007415771484,0.5278365612030029,1.0,0.0,8.0
exp1_empty_1,5581,616.2176513671875,3.4304566383361816,0.3749180734157562,1.0,0.0,11.0
exp1_empty_1,5582,411.0420837402344,0.9721930623054504,0.8186889290809631,1.0,0.0,4.0
exp1_empty_1,5583,552.560302734375,1.680660605430603,0.7962760925292969,1.0,0.0,25.0
exp1_empty_1,5584,701.775146484375,3.0377492904663086,0.36474424600601196,1.0,0.0,17.0
exp1_empty_1,5585,446.05706787109375,1.5698612928390503,0.699988842010498,1.0,0.0,8.0
exp1_empty_1,5586,579.3789672851562,3.2397239208221436,0.3855843245983124,1.0,0.0,10.0
exp1_empty_1,5587,437.47711181640625,1.9773428440093994,0.6911907196044922,1.0,0.0,7.0
exp1_empty_1,5588,472.4056091308594,1.8949203491210938,0.6653305888175964,1.0,0.0,8.0
exp1_empty_1,5589,421.5902099609375,0.8820850253105164,0.7822040915489197,1.0,0.0,12.0
exp1_empty_1,5590,404.36431884765625,0.6495367288589478,0.8992617726325989,1.0,0.0,9.0
exp1_empty_1,5591,466.276611328125,1.8278272151947021,0.7572150826454163,1.0,0.0,8.0
exp1_empty_1,5592,453.1844787597656,1.8638707399368286,0.6765360832214355,1.0,0.0,7.0
exp1_empty_1,5593,517.3180541992188,2.09920597076416,0.7275447249412537,1.0,0.0,11.0
exp1_empty_1,5594,454.7363586425781,1.5735481977462769,0.6309000849723816,1.0,0.0,7.0
exp1_empty_1,5595,434.04730224609375,1.3964532613754272,0.5697504878044128,1.0,0.0,6.0
exp1_empty_1,5596,481.67352294921875,2.101271629333496,0.6930418014526367,1.0,0.0,8.0
exp1_empty_1,5597,498.0431213378906,1.6688857078552246,0.8159685134887695,1.0,0.0,16.0
exp1_empty_1,5598,533.6898193359375,1.90341055393219,0.7248486280441284,1.0,0.0,16.0
exp1_empty_1,5599,536.6137084960938,1.2760484218597412,0.8462402820587158,1.0,0.0,25.0
exp1_empty_1,5601,507.61383056640625,1.915868878364563,0.5800080895423889,1.0,0.0,11.0
exp1_empty_1,5602,624.7362060546875,1.848096251487732,0.5463768839836121,1.0,0.0,24.0
exp1_empty_1,5603,449.993408203125,1.1981526613235474,0.8523138165473938,1.0,0.0,12.0
exp1_empty_1,5604,676.3994140625,2.507148265838623,0.5649023652076721,1.0,0.0,22.0
exp1_empty_1,5605,680.7235107421875,2.3350281715393066,0.5891609787940979,1.0,0.0,25.0
exp1_empty_1,5606,432.25054931640625,1.2172772884368896,0.8790696263313293,1.0,0.0,9.0
exp1_empty_1,5607,466.0166931152344,1.467742681503296,0.7435097694396973,1.0,0.0,10.0
exp1_empty_1,5608,525.5003051757812,1.9024537801742554,0.6972811222076416,1.0,0.0,13.0
exp1_empty_1,5609,583.313720703125,2.255401611328125,0.6218975782394409,1.0,0.0,16.0
exp1_empty_1,5610,664.2789306640625,2.5919971466064453,0.5574762225151062,1.0,0.0,19.0
exp1_empty_1,5611,442.38775634765625,1.433351755142212,0.66673344373703,1.0,0.0,7.0
exp1_empty_1,5612,518.5012817382812,2.309129238128662,0.6028990149497986,1.0,0.0,10.0
exp1_empty_1,5613,462.42816162109375,1.806049108505249,0.5457138419151306,1.0,0.0,7.0
exp1_empty_1,5614,520.4281616210938,2.9555256366729736,0.5339890718460083,1.0,0.0,7.0
exp1_empty_1,5615,418.6163330078125,1.1417630910873413,0.8589224219322205,1.0,0.0,9.0
exp1_empty_1,5616,591.0619506835938,1.5604263544082642,0.6795329451560974,1.0,0.0,27.0
exp1_empty_1,5617,454.51275634765625,1.392503261566162,0.733692467212677,1.0,0.0,9.0
exp1_empty_1,5618,538.2734985351562,2.115508794784546,0.6480221152305603,1.0,0.0,13.0
exp1_empty_1,5619,534.498291015625,2.661102294921875,0.4593988060951233,1.0,0.0,9.0
exp1_empty_1,5621,502.8884582519531,1.3519821166992188,0.6904941201210022,1.0,0.0,18.0
exp1_empty_1,5622,443.05731201171875,1.0915584564208984,0.6295682191848755,1.0,0.0,9.0
exp1_empty_1,5623,539.4852294921875,2.487545967102051,0.5482667088508606,1.0,0.0,10.0
exp1_empty_1,5624,566.2760009765625,2.254852294921875,0.5393776297569275,1.0,0.0,13.0
exp1_empty_1,5625,609.3043212890625,1.3939636945724487,0.6765745878219604,1.0,0.0,33.0
exp1_empty_1,5626,563.4706420898438,1.671937108039856,0.6899818181991577,1.0,0.0,21.0
exp1_empty_1,5627,624.8810424804688,2.8699862957000732,0.4148453176021576,1.0,0.0,14.0
exp1_empty_1,5628,749.7890625,2.8450543880462646,0.49518463015556335,1.0,0.0,22.0
exp1_empty_1,5629,518.242919921875,1.9493356943130493,0.6242843270301819,1.0,0.0,12.0
exp1_empty_1,5630,604.4620361328125,2.253793478012085,0.5855797529220581,1.0,0.0,17.0
exp1_empty_1,5631,511.8990478515625,1.7298328876495361,0.7513118982315063,1.0,0.0,14.0
exp1_empty_1,5632,733.5658569335938,3.326535940170288,0.2936326563358307,1.0,0.0,17.0
exp1_empty_1,5633,468.963623046875,1.1835898160934448,0.7750019431114197,1.0,0.0,19.0
exp1_empty_1,5634,477.2169494628906,2.3362607955932617,0.5304344892501831,1.0,0.0,6.0
exp1_empty_1,5635,608.7427368164062,1.5462855100631714,0.7489877343177795,1.0,0.0,32.0
exp1_empty_1,5636,477.16082763671875,1.7850004434585571,0.6888378262519836,1.0,0.0,10.0
exp1_empty_1,5637,468.07537841796875,2.6094441413879395,0.6128107309341431,1.0,0.0,5.0
exp1_empty_1,5638,443.1043701171875,1.4632337093353271,0.6273118257522583,1.0,0.0,7.0
exp1_empty_1,5639,590.82568359375,2.654437780380249,0.4246484637260437,1.0,0.0,13.0
exp1_empty_1,5641,480.9573974609375,1.8877499103546143,0.6653324365615845,1.0,0.0,10.0
exp1_empty_1,5642,617.5275268554688,1.521077036857605,0.7273051738739014,1.0,0.0,29.0
exp1_empty_1,5643,465.79833984375,0.8535667657852173,0.7034711241722107,1.0,0.0,22.0
exp1_empty_1,5644,488.40179443359375,1.1597274541854858,0.7729613184928894,1.0,0.0,19.0
exp1_empty_1,5645,559.3695068359375,2.9975945949554443,0.3700352907180786,1.0,0.0,9.0
exp1_empty_1,5646,462.6375427246094,1.3094161748886108,0.7615534067153931,1.0,0.0,11.0
exp1_empty_1,5647,656.78466796875,2.76578950881958,0.48268407583236694,1.0,0.0,17.0
exp1_empty_1,5648,507.15203857421875,1.7112367153167725,0.5976005792617798,1.0,0.0,13.0
exp1_empty_1,5649,438.4999694824219,0.8681504726409912,0.7606117725372314,1.0,0.0,18.0
exp1_empty_1,5650,604.0502319335938,2.7893483638763428,0.4560301899909973,1.0,0.0,13.0
exp1_empty_1,5651,559.121826171875,2.408947229385376,0.4619694650173187,1.0,0.0,12.0
exp1_empty_1,5652,506.0914611816406,1.9554882049560547,0.7128939628601074,1.0,0.0,12.0
exp1_empty_1,5653,554.8096313476562,2.705033302307129,0.5490211844444275,1.0,0.0,11.0
exp1_empty_1,5654,426.65130615234375,1.4065614938735962,0.8467450141906738,1.0,0.0,6.0
exp1_empty_1,5655,451.20697021484375,1.1595410108566284,0.6695778965950012,1.0,0.0,11.0
exp1_empty_1,5656,638.3466186523438,2.706220865249634,0.5044401288032532,1.0,0.0,16.0
exp1_empty_1,5657,478.7357482910156,1.6206449270248413,0.7832830548286438,1.0,0.0,12.0
exp1_empty_1,5658,653.7333374023438,2.7300236225128174,0.4996506869792938,1.0,0.0,17.0
exp1_empty_1,5659,400.3797302246094,0.6049834489822388,0.6208255887031555,1.0,0.0,43.0
exp1_empty_1,5661,553.3583984375,1.977081060409546,0.5599814057350159,1.0,0.0,15.0
exp1_empty_1,5662,539.4971923828125,2.456597089767456,0.6033436059951782,1.0,0.0,11.0
exp1_empty_1,5663,480.1935119628906,1.6867473125457764,0.653447687625885,1.0,0.0,10.0
exp1_empty_1,5664,609.7930297851562,4.212066650390625,0.20458367466926575,1.0,0.0,8.0
exp1_empty_1,5665,493.01409912109375,1.907296061515808,0.4096040725708008,1.0,0.0,9.0
exp1_empty_1,5666,491.5598449707031,1.6227723360061646,0.5925403833389282,1.0,0.0,11.0
exp1_empty_1,5667,712.0911865234375,2.5614678859710693,0.5964174866676331,1.0,0.0,23.0
exp1_empty_1,5668,475.6246032714844,1.2190701961517334,0.6795313358306885,1.0,0.0,18.0
exp1_empty_1,5669,497.638671875,2.001615047454834,0.693658173084259,1.0,0.0,10.0
exp1_empty_1,5670,485.86846923828125,1.4794442653656006,0.8407686948776245,1.0,0.0,16.0
exp1_empty_1,5671,595.7989501953125,2.793185234069824,0.5086859464645386,1.0,0.0,13.0
exp1_empty_1,5672,519.0944213867188,2.3034684658050537,0.6069637537002563,1.0,0.0,10.0
exp1_empty_1,5673,529.2596435546875,1.672802209854126,0.5706464052200317,1.0,0.0,17.0
exp1_empty_1,5674,698.23388671875,2.113062858581543,0.5540202260017395,1.0,0.0,27.0
exp1_empty_1,5675,463.6203308105469,1.710179328918457,0.6018586158752441,1.0,0.0,8.0
exp1_empty_1,5676,452.8137512207031,1.2673306465148926,0.8238502144813538,1.0,0.0,11.0
exp1_empty_1,5677,446.0735168457031,1.2613162994384766,0.8233729600906372,1.0,0.0,10.0
exp1_empty_1,5678,514.8013305664062,1.525438904762268,0.8044025897979736,1.0,0.0,18.0
exp1_empty_1,5679,541.6312866210938,1.728304147720337,0.6878657341003418,1.0,0.0,18.0
exp1_empty_1,5681,23.222341537475586,2.3360981941223145,0.8852368593215942,0.0,0.0,2.0
