experiment,episode,return_total,reward_progress,reward_collision,reward_safety,reward_rotation
exp3_fixed_2,1,637.22327,640.6277,0.0,-1.2271759510040283,-2.1772692
exp3_fixed_2,2,589.67035,594.5185,0.0,-0.70606929063797,-4.1420784
exp3_fixed_2,3,581.11487,583.1616,0.0,-0.6165844798088074,-1.4301863
exp3_fixed_2,4,529.5155,546.824,0.0,-7.629613399505615,-9.678915
exp3_fixed_2,5,615.8607,619.19604,0.0,-1.1126611232757568,-2.2226727
exp3_fixed_2,6,590.4447,594.45825,0.0,-1.1404047012329102,-2.8731055
exp3_fixed_2,7,544.51276,549.55164,0.0,-1.185266375541687,-3.8536067
exp3_fixed_2,8,559.41125,565.6305,0.0,-3.1581335067749023,-3.0611475
exp3_fixed_2,9,611.4269,623.07697,0.0,-2.4186034202575684,-9.231435
exp3_fixed_2,10,632.37476,636.5175,0.0,-1.9723409414291382,-2.1703641
exp3_fixed_2,11,507.99356,515.3105,0.0,-1.305825114250183,-6.0110784
exp3_fixed_2,12,513.57025,529.5998,0.0,-5.4419965744018555,-10.587542
exp3_fixed_2,13,564.0991,591.30225,0.0,-13.169665336608887,-14.033472
exp3_fixed_2,14,568.5045,578.20654,0.0,-4.0847625732421875,-5.6172714
exp3_fixed_2,15,543.058,550.7717,0.0,-2.0000133514404297,-5.713721
exp3_fixed_2,16,593.074,596.097,0.0,-0.5182306170463562,-2.5047753
exp3_fixed_2,17,565.6825,569.78186,0.0,-2.1404080390930176,-1.958916
exp3_fixed_2,18,576.57086,581.1953,0.0,-3.2794811725616455,-1.3449781
exp3_fixed_2,19,151.91629,211.46501,0.0,-7.853460788726807,-51.69526
exp3_fixed_2,21,571.00507,578.66907,0.0,-1.3951071500778198,-6.268871
exp3_fixed_2,22,596.02014,609.756,0.0,-4.105214595794678,-9.630631
exp3_fixed_2,23,592.756,618.33344,0.0,-1.368857502937317,-24.208658
exp3_fixed_2,24,582.1462,588.0296,0.0,-1.549540638923645,-4.3339024
exp3_fixed_2,25,586.1482,590.67816,0.0,-1.2473281621932983,-3.2826254
exp3_fixed_2,26,602.5771,613.9371,0.0,-8.88991928100586,-2.4700477
exp3_fixed_2,27,588.1414,590.0161,0.0,-0.29718732833862305,-1.5775068
exp3_fixed_2,28,533.9831,554.50964,0.0,-2.127153158187866,-18.399342
exp3_fixed_2,29,540.8956,560.6991,0.0,-1.813486099243164,-17.989964
exp3_fixed_2,30,541.31396,560.07776,0.0,-2.7235419750213623,-16.04025
exp3_fixed_2,31,527.87244,538.98083,0.0,-0.4096628427505493,-10.698796
exp3_fixed_2,32,597.1858,600.6857,0.0,-0.7462574243545532,-2.753726
exp3_fixed_2,33,546.2392,555.5195,0.0,-1.4325172901153564,-7.847771
exp3_fixed_2,34,512.5672,540.8346,0.0,-2.062542676925659,-26.20487
exp3_fixed_2,35,600.51666,609.2348,0.0,-0.7624154686927795,-7.955798
exp3_fixed_2,36,-83.14197,136.59615,-200.0,-15.09247875213623,-4.6456313
exp3_fixed_2,37,-162.24278,72.90014,-200.0,-20.662275314331055,-14.4806
exp3_fixed_2,38,577.7267,590.5737,0.0,-1.4464237689971924,-11.40058
exp3_fixed_2,39,614.1356,648.58624,0.0,-2.4334843158721924,-32.017105
exp3_fixed_2,41,616.978,618.8966,0.0,-0.5773405432701111,-1.3412174
exp3_fixed_2,42,513.6427,520.6611,0.0,-1.9056793451309204,-5.1127114
exp3_fixed_2,43,532.70654,535.00476,0.0,-1.4641473293304443,-0.8341354
exp3_fixed_2,44,643.23004,646.7854,0.0,-1.3447401523590088,-2.2105968
exp3_fixed_2,45,580.4091,585.95374,0.0,-0.8783496618270874,-4.666291
exp3_fixed_2,46,594.08875,595.65985,0.0,-0.6281716823577881,-0.942977
exp3_fixed_2,47,537.9773,545.0548,0.0,-1.2993718385696411,-5.778081
exp3_fixed_2,48,594.33984,601.1412,0.0,-0.9715636968612671,-5.829803
exp3_fixed_2,49,590.7412,600.47925,0.0,-1.6162209510803223,-8.12182
exp3_fixed_2,50,519.45886,533.2584,0.0,-2.7011525630950928,-11.098415
exp3_fixed_2,51,552.18616,564.93176,0.0,-2.4757883548736572,-10.269832
exp3_fixed_2,52,563.2008,577.40625,0.0,-7.468660354614258,-6.73679
exp3_fixed_2,53,622.481,623.95935,0.0,-0.8471442461013794,-0.6311575
exp3_fixed_2,54,576.48773,581.44214,0.0,-0.5476409196853638,-4.4068418
exp3_fixed_2,55,596.367,599.8723,0.0,-1.027811050415039,-2.4775612
exp3_fixed_2,56,567.6952,585.1787,0.0,-5.142502784729004,-12.341004
exp3_fixed_2,57,559.4293,565.10675,0.0,-0.46467480063438416,-5.2127843
exp3_fixed_2,58,513.19226,524.9515,0.0,-2.3281893730163574,-9.431056
exp3_fixed_2,59,557.52167,562.4325,0.0,-1.502108097076416,-3.4086866
exp3_fixed_2,61,629.961,645.7313,0.0,-13.622426986694336,-2.1479626
exp3_fixed_2,62,-256.27505,105.81299,-200.0,-156.6461944580078,-5.4418397
exp3_fixed_2,63,633.82513,636.2886,0.0,-0.8794724941253662,-1.5839803
exp3_fixed_2,64,551.2575,563.8249,0.0,-1.7400484085083008,-10.827284
exp3_fixed_2,65,519.77075,528.3944,0.0,-1.53732430934906,-7.0863223
exp3_fixed_2,66,-247.37064,104.69771,-200.0,-150.55870056152344,-1.5096407
exp3_fixed_2,67,634.9185,642.17505,0.0,-3.8636527061462402,-3.3929017
exp3_fixed_2,68,570.0125,572.90466,0.0,-1.916874885559082,-0.9752551
exp3_fixed_2,69,555.8786,566.7426,0.0,-8.749363899230957,-2.1146047
exp3_fixed_2,70,602.01733,605.4899,0.0,-1.7158210277557373,-1.7567672
exp3_fixed_2,71,555.6026,575.79156,0.0,-5.146142959594727,-15.042754
exp3_fixed_2,72,-211.0283,0.339257,-200.0,-10.987074851989746,-0.38047174
exp3_fixed_2,73,494.33127,495.16476,0.0,-0.257295161485672,-0.5762001
exp3_fixed_2,74,571.04224,574.4014,0.0,-1.6735894680023193,-1.6855944
exp3_fixed_2,75,605.2358,613.33966,0.0,-0.9076144099235535,-7.19633
exp3_fixed_2,76,608.0767,629.6482,0.0,-5.834463596343994,-15.736998
exp3_fixed_2,77,583.23956,586.97205,0.0,-1.3913053274154663,-2.3411388
exp3_fixed_2,78,516.0513,522.13947,0.0,-2.9900858402252197,-3.0981185
exp3_fixed_2,79,607.5204,612.54565,0.0,-3.4906911849975586,-1.5345045
exp3_fixed_2,81,566.41943,572.91583,0.0,-1.3603187799453735,-5.1361356
exp3_fixed_2,82,569.8408,581.91583,0.0,-0.8186805248260498,-11.256322
exp3_fixed_2,83,510.2768,520.09283,0.0,-4.40436315536499,-5.4116383
exp3_fixed_2,84,570.49066,574.1615,0.0,-1.3977996110916138,-2.2730258
exp3_fixed_2,85,520.79755,537.25037,0.0,-6.661468505859375,-9.791379
exp3_fixed_2,86,-211.09755,3.4410357,-200.0,-14.194814682006836,-0.34378538
exp3_fixed_2,87,567.5845,569.4005,0.0,-0.6099666953086853,-1.2061018
exp3_fixed_2,88,629.6885,636.4246,0.0,-1.268838882446289,-5.4672976
exp3_fixed_2,89,588.3391,594.3503,0.0,-1.3867722749710083,-4.624318
exp3_fixed_2,90,569.47705,585.87775,0.0,-1.438232660293579,-14.962435
exp3_fixed_2,91,632.9476,635.8489,0.0,-1.3452112674713135,-1.556107
exp3_fixed_2,92,618.12134,622.1983,0.0,-1.240492582321167,-2.8365388
exp3_fixed_2,93,558.68365,567.12787,0.0,-1.7264404296875,-6.717783
exp3_fixed_2,94,628.59283,630.35095,0.0,-0.6381033658981323,-1.1200039
exp3_fixed_2,95,535.54346,551.85645,0.0,-0.9237104058265686,-15.389277
exp3_fixed_2,96,592.85284,595.5677,0.0,-1.0220725536346436,-1.6927798
exp3_fixed_2,97,496.52753,522.78796,0.0,-6.2412567138671875,-20.019184
exp3_fixed_2,98,600.96295,613.7319,0.0,-0.9044201970100403,-11.864497
exp3_fixed_2,99,617.14734,619.659,0.0,-0.8314926028251648,-1.680125
exp3_fixed_2,101,578.93695,585.2511,0.0,-1.0519685745239258,-5.2621794
exp3_fixed_2,102,509.20776,514.2163,0.0,-1.2884981632232666,-3.7200148
exp3_fixed_2,103,581.3784,585.3181,0.0,-1.7278633117675781,-2.2118056
exp3_fixed_2,104,587.9885,594.66583,0.0,-1.8830957412719727,-4.79416
exp3_fixed_2,105,584.12195,596.812,0.0,-1.5088926553726196,-11.181211
exp3_fixed_2,106,601.20496,612.6363,0.0,-6.374455451965332,-5.0568886
exp3_fixed_2,107,560.1294,573.4049,0.0,-1.447352647781372,-11.82814
exp3_fixed_2,108,577.5989,582.81665,0.0,-1.6625218391418457,-3.555253
exp3_fixed_2,109,607.06323,609.2309,0.0,-0.4689229428768158,-1.6988058
exp3_fixed_2,110,595.78955,601.2129,0.0,-0.6068562269210815,-4.8164806
exp3_fixed_2,111,561.5996,567.71515,0.0,-0.7040853500366211,-5.4114165
exp3_fixed_2,112,445.2965,480.09827,0.0,-8.336163520812988,-26.46557
exp3_fixed_2,113,546.4455,552.3453,0.0,-0.33936282992362976,-5.560427
exp3_fixed_2,114,523.5886,547.3291,0.0,-3.3883767127990723,-20.352024
exp3_fixed_2,115,511.8022,544.4363,0.0,-1.5058619976043701,-31.128187
exp3_fixed_2,116,567.6606,570.9704,0.0,-0.9892908334732056,-2.32051
exp3_fixed_2,117,588.33984,589.594,0.0,-0.46841126680374146,-0.7857345
exp3_fixed_2,118,591.2571,594.5244,0.0,-1.1600286960601807,-2.107298
exp3_fixed_2,119,593.0786,606.9534,0.0,-0.7810412049293518,-13.093772
exp3_fixed_2,121,488.08316,501.4779,0.0,-1.32351553440094,-12.071208
exp3_fixed_2,122,-80.1098,137.66037,-200.0,-11.241189956665039,-6.529052
exp3_fixed_2,123,541.69446,545.04285,0.0,-1.0719236135482788,-2.276476
exp3_fixed_2,124,509.55554,531.7271,0.0,-0.9215182662010193,-21.25004
exp3_fixed_2,125,563.87463,603.9209,0.0,-1.2017310857772827,-38.844585
exp3_fixed_2,126,616.6339,620.02313,0.0,-1.801370620727539,-1.5878639
exp3_fixed_2,127,606.5322,611.0338,0.0,-0.8898799419403076,-3.611713
exp3_fixed_2,128,643.7731,648.1498,0.0,-1.5774728059768677,-2.7992399
exp3_fixed_2,129,640.505,644.3731,0.0,-1.495282769203186,-2.3728054
exp3_fixed_2,130,614.42615,625.7593,0.0,-0.7144229412078857,-10.61872
exp3_fixed_2,131,492.4632,503.9904,0.0,-1.66419517993927,-9.862979
exp3_fixed_2,132,561.8598,600.78394,0.0,-6.521388530731201,-32.40271
exp3_fixed_2,133,561.8227,565.2158,0.0,-1.803732991218567,-1.5893857
exp3_fixed_2,134,567.6842,571.8158,0.0,-0.5168206691741943,-3.6147447
exp3_fixed_2,135,581.28564,582.9467,0.0,-0.8190074563026428,-0.84210426
exp3_fixed_2,136,538.6715,542.6556,0.0,-0.4015806317329407,-3.582569
exp3_fixed_2,137,608.8521,611.4079,0.0,-0.8705841898918152,-1.685201
exp3_fixed_2,138,542.7905,546.6559,0.0,-0.4565088450908661,-3.4088535
exp3_fixed_2,139,-147.93518,69.31373,-200.0,-15.754037857055664,-1.494874
exp3_fixed_2,141,605.81116,607.8816,0.0,-0.6738935708999634,-1.3965279
exp3_fixed_2,142,510.1884,527.81055,0.0,-0.618828535079956,-17.003317
exp3_fixed_2,143,602.5047,605.3561,0.0,-1.1006600856781006,-1.7507994
exp3_fixed_2,144,539.5755,546.8638,0.0,-4.08641242980957,-3.2019055
exp3_fixed_2,145,617.3924,620.7697,0.0,-1.2316977977752686,-2.145627
exp3_fixed_2,146,-135.77477,72.572914,-200.0,-6.617257118225098,-1.7303951
exp3_fixed_2,147,621.0322,626.2568,0.0,-1.9497461318969727,-3.2748127
exp3_fixed_2,148,612.3183,618.47614,0.0,-0.9061644077301025,-5.2516623
exp3_fixed_2,149,579.60376,609.63684,0.0,-2.59645414352417,-27.43667
exp3_fixed_2,150,550.3659,562.3812,0.0,-0.6077151298522949,-11.407588
exp3_fixed_2,151,365.46057,393.24918,0.0,-7.606014251708984,-20.182636
exp3_fixed_2,152,532.1264,537.28265,0.0,-2.137751579284668,-3.0185483
exp3_fixed_2,153,489.76373,554.4332,0.0,-1.4431827068328857,-63.226315
exp3_fixed_2,154,583.6561,589.3783,0.0,-1.5496844053268433,-4.172553
exp3_fixed_2,155,583.5585,588.2677,0.0,-0.37498271465301514,-4.3342056
exp3_fixed_2,156,492.85608,536.764,0.0,-0.9379885196685791,-42.96985
exp3_fixed_2,157,488.99576,492.57532,0.0,-0.8941460251808167,-2.685411
exp3_fixed_2,158,587.8741,596.67456,0.0,-2.048245429992676,-6.7522173
exp3_fixed_2,159,528.8979,533.0179,0.0,-1.3854155540466309,-2.734563
exp3_fixed_2,161,475.32092,492.54736,0.0,-7.439548492431641,-9.786858
exp3_fixed_2,162,598.6349,603.1379,0.0,-0.6300911903381348,-3.8729067
exp3_fixed_2,163,559.6042,564.16504,0.0,-0.7674366235733032,-3.7933738
exp3_fixed_2,164,421.9854,444.01013,0.0,-1.6792700290679932,-20.345463
exp3_fixed_2,165,607.8884,614.23413,0.0,-0.6058816909790039,-5.739866
exp3_fixed_2,166,482.9759,534.6046,0.0,-3.440369129180908,-48.188313
exp3_fixed_2,167,601.4337,609.6382,0.0,-1.8972077369689941,-6.3072557
exp3_fixed_2,168,523.7855,530.7976,0.0,-1.9581520557403564,-5.0539308
exp3_fixed_2,169,532.52734,544.4286,0.0,-1.3925477266311646,-10.508656
exp3_fixed_2,170,465.32312,468.7843,0.0,-1.7669330835342407,-1.6942514
exp3_fixed_2,171,514.4711,544.65295,0.0,-1.0238007307052612,-29.157997
exp3_fixed_2,172,545.7007,549.84094,0.0,-1.1870136260986328,-2.9532063
exp3_fixed_2,173,593.13904,603.1378,0.0,-0.5674653053283691,-9.431326
exp3_fixed_2,174,539.0073,561.2941,0.0,-0.3870770037174225,-21.899652
exp3_fixed_2,175,473.76392,512.1731,0.0,-2.8893752098083496,-35.519844
exp3_fixed_2,176,535.66675,573.7169,0.0,-7.140378475189209,-30.909859
exp3_fixed_2,177,563.6466,567.0753,0.0,-1.1489346027374268,-2.279718
exp3_fixed_2,178,476.45926,479.6576,0.0,-1.1892166137695312,-2.0090964
exp3_fixed_2,179,597.20966,601.5735,0.0,-0.9610034227371216,-3.4027915
exp3_fixed_2,181,483.2315,520.3622,0.0,-3.440462589263916,-33.690228
exp3_fixed_2,182,461.88156,499.93036,0.0,-2.9302890300750732,-35.118492
exp3_fixed_2,183,-210.1885,38.875328,-200.0,-31.34699058532715,-17.71684
exp3_fixed_2,184,-171.75659,87.43791,-200.0,-16.279964447021484,-42.914494
exp3_fixed_2,185,510.2095,540.97534,0.0,-0.6568683981895447,-30.109005
exp3_fixed_2,186,499.20447,501.122,0.0,-0.30578526854515076,-1.6117585
exp3_fixed_2,187,587.369,589.2141,0.0,-0.6791728734970093,-1.1659273
exp3_fixed_2,188,566.07007,568.75867,0.0,-1.0662224292755127,-1.6223487
exp3_fixed_2,189,559.959,572.4324,0.0,-3.2250328063964844,-9.248343
exp3_fixed_2,190,571.2733,573.75885,0.0,-1.4649840593338013,-1.0205088
exp3_fixed_2,191,559.2804,563.0413,0.0,-1.0046429634094238,-2.7562613
exp3_fixed_2,192,620.3827,625.13293,0.0,-0.5576030015945435,-4.1926675
exp3_fixed_2,193,532.7151,575.19763,0.0,-2.033179521560669,-40.44931
exp3_fixed_2,194,536.6021,542.3196,0.0,-1.2649540901184082,-4.452488
exp3_fixed_2,195,576.74426,578.8906,0.0,-0.4938828945159912,-1.65252
exp3_fixed_2,196,602.27594,605.10223,0.0,-0.6182461977005005,-2.2080657
exp3_fixed_2,197,492.6967,495.299,0.0,-0.7052828073501587,-1.8970151
exp3_fixed_2,198,620.95984,625.72015,0.0,-1.227691650390625,-3.5326486
exp3_fixed_2,199,536.1428,541.8662,0.0,-0.6718740463256836,-5.0515065
exp3_fixed_2,201,568.68225,573.3632,0.0,-1.6910722255706787,-2.9899137
exp3_fixed_2,202,530.33716,538.38495,0.0,-3.7260985374450684,-4.32164
exp3_fixed_2,203,528.195,533.55835,0.0,-1.4802000522613525,-3.8831124
exp3_fixed_2,204,658.8612,661.6632,0.0,-0.7099964022636414,-2.0920296
exp3_fixed_2,205,545.3713,549.6875,0.0,-0.8960179686546326,-3.420223
exp3_fixed_2,206,550.4773,591.6608,0.0,-1.4656751155853271,-39.717873
exp3_fixed_2,207,497.41367,524.42035,0.0,-0.9537084102630615,-26.052975
exp3_fixed_2,208,559.58044,564.23975,0.0,-0.35274890065193176,-4.3064733
exp3_fixed_2,209,541.9019,585.7165,0.0,-3.330225944519043,-40.484432
exp3_fixed_2,210,-228.2665,155.72571,-200.0,-155.7532958984375,-28.238897
exp3_fixed_2,211,530.41406,535.76404,0.0,-0.9045025706291199,-4.445466
exp3_fixed_2,212,61.61281,110.73488,0.0,-2.9752182960510254,-46.146893
exp3_fixed_2,213,646.60876,649.8728,0.0,-0.8679461479187012,-2.3960197
exp3_fixed_2,214,425.82556,430.41324,0.0,-1.63438081741333,-2.9533005
exp3_fixed_2,215,575.1702,581.0988,0.0,-1.317373514175415,-4.6111884
exp3_fixed_2,216,504.19174,506.9155,0.0,-1.1348518133163452,-1.5889156
exp3_fixed_2,217,20.381859,81.41707,0.0,-1.670575499534607,-59.364605
exp3_fixed_2,218,589.8706,595.9362,0.0,-3.7065625190734863,-2.3590584
exp3_fixed_2,219,567.39087,594.9,0.0,-0.8073538541793823,-26.701729
exp3_fixed_2,221,529.8877,545.0612,0.0,-7.901367664337158,-7.27214
exp3_fixed_2,222,417.04028,430.6268,0.0,-1.7513964176177979,-11.835102
exp3_fixed_2,223,514.96954,521.9246,0.0,-1.984944462776184,-4.970134
exp3_fixed_2,224,538.3544,549.4027,0.0,-1.2409521341323853,-9.807433
exp3_fixed_2,225,611.53906,618.23724,0.0,-3.2091941833496094,-3.489021
exp3_fixed_2,226,562.0717,566.2748,0.0,-0.9511378407478333,-3.2519217
exp3_fixed_2,227,575.34595,579.6612,0.0,-0.8578853607177734,-3.457304
exp3_fixed_2,228,414.73395,444.94864,0.0,-0.6551257371902466,-29.55953
exp3_fixed_2,229,554.5833,556.89545,0.0,-0.9039037227630615,-1.4082958
exp3_fixed_2,230,-197.63702,27.426085,-200.0,-24.691360473632812,-0.37174538
exp3_fixed_2,231,580.53265,586.05786,0.0,-0.7478154897689819,-4.777393
exp3_fixed_2,232,505.4595,543.4977,0.0,-1.1555557250976562,-36.88266
exp3_fixed_2,233,549.9639,552.0621,0.0,-0.7291007041931152,-1.3690387
exp3_fixed_2,234,-200.73006,35.760498,-200.0,-31.012521743774414,-5.4779553
exp3_fixed_2,235,45.92327,84.09229,0.0,-1.2850037813186646,-36.884098
exp3_fixed_2,236,512.071,516.05383,0.0,-0.7115312814712524,-3.2713106
exp3_fixed_2,237,585.40125,591.62317,0.0,-2.067770004272461,-4.154197
exp3_fixed_2,238,560.0805,579.66046,0.0,-2.747836112976074,-16.832205
exp3_fixed_2,239,601.1064,607.78845,0.0,-1.0517243146896362,-5.630339
exp3_fixed_2,241,522.1258,523.5178,0.0,-0.4227842688560486,-0.9692506
exp3_fixed_2,242,-352.35132,-1.1148492,-200.0,-151.09886169433594,-0.13763203
exp3_fixed_2,243,-184.88167,88.49111,-200.0,-62.04409408569336,-11.328695
exp3_fixed_2,244,516.0685,533.3879,0.0,-0.4513329267501831,-16.868063
exp3_fixed_2,245,550.56085,554.0479,0.0,-2.303861618041992,-1.1832005
exp3_fixed_2,246,424.7921,466.729,0.0,-0.699347734451294,-41.237537
exp3_fixed_2,247,-39.166542,5.5934525,0.0,-2.68607497215271,-42.07395
exp3_fixed_2,248,544.6832,553.71344,0.0,-0.5998069047927856,-8.430389
exp3_fixed_2,249,542.0992,573.374,0.0,-1.3305808305740356,-29.944263
exp3_fixed_2,250,567.11597,570.82306,0.0,-1.4201632738113403,-2.2868748
exp3_fixed_2,251,586.1043,611.209,0.0,-1.4230901002883911,-23.681631
exp3_fixed_2,252,14.017961,16.42704,0.0,-0.2637178897857666,-2.1453326
exp3_fixed_2,253,526.0461,529.92175,0.0,-1.101836085319519,-2.7738953
exp3_fixed_2,254,-211.8241,58.736214,-200.0,-69.9095687866211,-0.6507515
exp3_fixed_2,255,401.00357,432.5233,0.0,-1.9107530117034912,-29.609005
exp3_fixed_2,256,557.8448,561.8099,0.0,-0.7643331289291382,-3.2007387
exp3_fixed_2,257,53.66737,56.014256,0.0,-0.8435502052307129,-1.5033668
exp3_fixed_2,258,-28.948586,14.726801,0.0,-2.4164772033691406,-41.25891
exp3_fixed_2,259,-153.46922,62.839516,-200.0,-15.494711875915527,-0.81402147
exp3_fixed_2,261,509.74387,521.31226,0.0,-1.0780059099197388,-10.490314
exp3_fixed_2,262,464.98145,468.49457,0.0,-0.4286365509033203,-3.0846045
exp3_fixed_2,263,511.35504,518.329,0.0,-2.8213565349578857,-4.1526
exp3_fixed_2,264,546.9218,555.3032,0.0,-1.0237343311309814,-7.357643
exp3_fixed_2,265,575.79425,593.8967,0.0,-1.597029447555542,-16.505407
exp3_fixed_2,266,-25.022415,26.141983,0.0,-1.2580549716949463,-49.906395
exp3_fixed_2,267,496.1401,531.34344,0.0,-3.0338735580444336,-32.16941
exp3_fixed_2,268,537.84717,543.95593,0.0,-1.1171042919158936,-4.9916625
exp3_fixed_2,269,646.9323,652.9969,0.0,-1.6359796524047852,-4.428565
exp3_fixed_2,270,570.8137,573.567,0.0,-1.0788829326629639,-1.6744405
exp3_fixed_2,271,398.79877,466.61346,0.0,-0.9825553894042969,-66.832054
exp3_fixed_2,272,618.2822,624.72644,0.0,-4.177942276000977,-2.2662816
exp3_fixed_2,273,504.6128,507.42145,0.0,-0.9474745988845825,-1.8611231
exp3_fixed_2,274,519.98517,525.912,0.0,-1.3160979747772217,-4.6107564
exp3_fixed_2,275,630.0283,631.54974,0.0,-0.6773799657821655,-0.8440778
exp3_fixed_2,276,558.35657,563.4717,0.0,-3.0614125728607178,-2.0537286
exp3_fixed_2,277,596.6245,603.14954,0.0,-0.3458341658115387,-6.1791153
exp3_fixed_2,278,572.698,578.8686,0.0,-3.4055635929107666,-2.7651107
exp3_fixed_2,279,-25.40451,-2.9012923,0.0,-2.544642210006714,-19.958565
exp3_fixed_2,281,462.32794,465.94067,0.0,-1.0214091539382935,-2.5913131
exp3_fixed_2,282,568.86615,574.4929,0.0,-1.9280611276626587,-3.6987166
exp3_fixed_2,283,676.5874,678.11536,0.0,-0.29266417026519775,-1.2352859
exp3_fixed_2,284,543.1151,546.2267,0.0,-0.41767174005508423,-2.6938725
exp3_fixed_2,285,-142.17683,102.39673,-200.0,-40.630680084228516,-3.9428794
exp3_fixed_2,286,547.54767,551.4216,0.0,-0.7063188552856445,-3.1675186
exp3_fixed_2,287,606.52905,608.95215,0.0,-0.39327287673950195,-2.0296671
exp3_fixed_2,288,578.7022,581.0112,0.0,-0.6931208372116089,-1.6159146
exp3_fixed_2,289,553.4776,583.01056,0.0,-1.6152039766311646,-27.917725
exp3_fixed_2,290,56.508904,60.28289,0.0,-1.3017075061798096,-2.4723058
exp3_fixed_2,291,-113.633865,113.3864,-200.0,-26.36783218383789,-0.6524199
exp3_fixed_2,292,624.07513,627.42413,0.0,-1.4896897077560425,-1.8592775
exp3_fixed_2,293,569.66254,572.4187,0.0,-0.48611271381378174,-2.2700338
exp3_fixed_2,294,542.60315,560.63696,0.0,-1.2128946781158447,-16.820927
exp3_fixed_2,295,591.4001,594.17926,0.0,-1.0883232355117798,-1.6908174
exp3_fixed_2,296,578.93243,591.4539,0.0,-1.5926742553710938,-10.928797
exp3_fixed_2,297,-315.3946,36.916473,-200.0,-152.07582092285156,-0.2352694
exp3_fixed_2,298,584.1794,590.381,0.0,-0.7967864274978638,-5.4048176
exp3_fixed_2,299,574.0668,577.19464,0.0,-0.37977978587150574,-2.7481112
exp3_fixed_2,301,515.6958,519.636,0.0,-0.6132798194885254,-3.32692
exp3_fixed_2,302,492.79633,497.28162,0.0,-0.5608549118041992,-3.9244246
exp3_fixed_2,303,578.9854,580.2696,0.0,-0.20755848288536072,-1.0766207
exp3_fixed_2,304,612.15125,616.01434,0.0,-1.0100862979888916,-2.8531022
exp3_fixed_2,305,-139.81314,-99.56529,0.0,-34.66530990600586,-5.5825553
exp3_fixed_2,306,548.48956,556.6254,0.0,-0.3111909031867981,-7.824673
exp3_fixed_2,307,538.71936,568.09625,0.0,-2.7517073154449463,-26.625164
exp3_fixed_2,308,638.349,643.3428,0.0,-3.068711280822754,-1.9250177
exp3_fixed_2,309,578.5973,584.42694,0.0,-0.21888962388038635,-5.610779
exp3_fixed_2,310,-108.301895,-59.326656,0.0,-42.994876861572266,-5.9803247
exp3_fixed_2,311,506.6352,509.59015,0.0,-0.9796067476272583,-1.9752368
exp3_fixed_2,312,565.6752,571.6894,0.0,-0.42515838146209717,-5.5890574
exp3_fixed_2,313,504.06793,546.8334,0.0,-1.6184605360031128,-41.14697
exp3_fixed_2,314,573.5244,577.0876,0.0,-0.8417255282402039,-2.7213917
exp3_fixed_2,315,613.9799,616.9441,0.0,-0.5284513831138611,-2.4356823
exp3_fixed_2,316,563.80066,565.2086,0.0,-0.33501386642456055,-1.0729191
exp3_fixed_2,317,609.84326,612.5621,0.0,-0.5987443923950195,-2.1200912
exp3_fixed_2,318,619.83374,621.13074,0.0,-0.5430477261543274,-0.7539295
exp3_fixed_2,319,598.71924,605.10626,0.0,-2.957165479660034,-3.4298608
exp3_fixed_2,321,537.88416,544.9712,0.0,-4.392909049987793,-2.6940308
exp3_fixed_2,322,-294.03305,60.453823,-200.0,-153.93545532226562,-0.55139244
exp3_fixed_2,323,628.66785,630.5894,0.0,-0.6104702949523926,-1.3111328
exp3_fixed_2,324,510.17664,512.9633,0.0,-0.39114028215408325,-2.3955803
exp3_fixed_2,325,582.5924,615.87836,0.0,-1.293931245803833,-31.992064
exp3_fixed_2,326,649.0067,654.2599,0.0,-1.925744891166687,-3.3274279
exp3_fixed_2,327,595.4639,599.9637,0.0,-1.9290978908538818,-2.570736
exp3_fixed_2,328,558.1893,568.4931,0.0,-1.436070203781128,-8.867778
exp3_fixed_2,329,619.9435,625.7,0.0,-0.9395745396614075,-4.8170104
exp3_fixed_2,330,553.07465,558.03265,0.0,-1.6630457639694214,-3.2949772
exp3_fixed_2,331,509.42624,520.1698,0.0,-1.1317181587219238,-9.611814
exp3_fixed_2,332,515.9702,558.9055,0.0,-1.1556745767593384,-41.779503
exp3_fixed_2,333,-209.2313,-0.437806,-200.0,-8.562559127807617,-0.23092835
exp3_fixed_2,334,536.60364,541.8501,0.0,-0.7229266166687012,-4.5235543
exp3_fixed_2,335,559.0778,560.3871,0.0,-0.27170509099960327,-1.0375509
exp3_fixed_2,336,567.6947,570.35864,0.0,-0.809424877166748,-1.8545359
exp3_fixed_2,337,567.31586,578.2213,0.0,-6.3203654289245605,-4.5850525
exp3_fixed_2,338,556.53906,563.6569,0.0,-0.621100902557373,-6.4967937
exp3_fixed_2,339,571.31757,576.43604,0.0,-1.6370694637298584,-3.4814336
exp3_fixed_2,341,566.66675,570.6294,0.0,-1.4297486543655396,-2.5328088
exp3_fixed_2,342,516.0182,521.7691,0.0,-0.5227074027061462,-5.228244
exp3_fixed_2,343,557.4399,559.1645,0.0,-0.9660431146621704,-0.7585715
exp3_fixed_2,344,534.8927,536.9681,0.0,-0.6266146302223206,-1.4488149
exp3_fixed_2,345,608.7096,614.50916,0.0,-1.9135780334472656,-3.8859828
exp3_fixed_2,346,671.1559,674.8019,0.0,-1.8597115278244019,-1.7862976
exp3_fixed_2,347,538.2042,545.9053,0.0,-2.7403080463409424,-4.9607453
exp3_fixed_2,348,527.1052,552.7843,0.0,-2.490377902984619,-23.18862
exp3_fixed_2,349,510.70914,539.4978,0.0,-0.8500394225120544,-27.938553
exp3_fixed_2,350,586.2134,588.2532,0.0,-0.6821170449256897,-1.3577844
exp3_fixed_2,351,490.58444,501.33356,0.0,-0.9744110107421875,-9.774725
exp3_fixed_2,352,-146.34799,63.837353,-200.0,-9.858073234558105,-0.32726836
exp3_fixed_2,353,512.27893,537.1333,0.0,-1.1515430212020874,-23.702822
exp3_fixed_2,354,583.84717,589.6161,0.0,-1.8473272323608398,-3.9216006
exp3_fixed_2,355,601.5645,605.4798,0.0,-2.537554979324341,-1.3777721
exp3_fixed_2,356,653.49225,659.7903,0.0,-3.4464423656463623,-2.8515906
exp3_fixed_2,357,592.62354,594.2534,0.0,-0.2863174080848694,-1.3435718
exp3_fixed_2,358,545.12213,548.41583,0.0,-1.750698447227478,-1.5430467
exp3_fixed_2,359,506.7502,512.2653,0.0,-0.9657914638519287,-4.549291
exp3_fixed_2,361,576.74524,579.8438,0.0,-0.6253871917724609,-2.4731526
exp3_fixed_2,362,518.0842,521.80817,0.0,-1.1376879215240479,-2.586195
exp3_fixed_2,363,622.8877,627.3058,0.0,-0.8605751991271973,-3.55745
exp3_fixed_2,364,545.1878,549.41046,0.0,-1.117323637008667,-3.1053247
exp3_fixed_2,365,412.46054,429.11865,0.0,-4.0942864418029785,-12.56383
exp3_fixed_2,366,621.0958,623.8831,0.0,-0.9942654371261597,-1.7930181
exp3_fixed_2,367,622.63043,625.36926,0.0,-0.7445245385169983,-1.9943436
exp3_fixed_2,368,538.9279,544.9753,0.0,-1.2189233303070068,-4.828439
exp3_fixed_2,369,-134.86703,98.22843,-200.0,-31.692659378051758,-1.4028016
exp3_fixed_2,370,613.83594,623.9051,0.0,-6.070013046264648,-3.999119
exp3_fixed_2,371,570.931,576.4946,0.0,-3.0738022327423096,-2.4897628
exp3_fixed_2,372,551.9511,558.1786,0.0,-0.7756094336509705,-5.4518576
exp3_fixed_2,373,552.35406,556.6129,0.0,-1.080354928970337,-3.1785147
exp3_fixed_2,374,582.7754,585.0625,0.0,-0.9048309326171875,-1.3823382
exp3_fixed_2,375,578.30096,581.5328,0.0,-0.727863073348999,-2.5039117
exp3_fixed_2,376,522.7678,553.4053,0.0,-0.24954867362976074,-30.38783
exp3_fixed_2,377,619.48315,622.2943,0.0,-0.9105662703514099,-1.9005892
exp3_fixed_2,378,525.3685,533.9239,0.0,-0.9209091067314148,-7.634443
exp3_fixed_2,379,575.61926,581.7654,0.0,-2.1905746459960938,-3.9555879
exp3_fixed_2,381,574.14813,580.0486,0.0,-1.4153319597244263,-4.4850793
exp3_fixed_2,382,528.29004,545.75397,0.0,-0.7659252285957336,-16.697989
exp3_fixed_2,383,553.1213,557.5182,0.0,-1.6012053489685059,-2.7957258
exp3_fixed_2,384,-211.32904,3.1657372,-200.0,-14.166743278503418,-0.32803178
exp3_fixed_2,385,544.1803,548.0145,0.0,-1.1127796173095703,-2.7214024
exp3_fixed_2,386,554.80426,559.0469,0.0,-2.3916702270507812,-1.8510052
exp3_fixed_2,387,587.4744,590.639,0.0,-1.0498486757278442,-2.1147227
exp3_fixed_2,388,569.1079,571.975,0.0,-0.8964312076568604,-1.970697
exp3_fixed_2,389,416.55054,428.995,0.0,-0.7005307078361511,-11.743924
exp3_fixed_2,390,607.13495,616.34143,0.0,-3.108135938644409,-6.098361
exp3_fixed_2,391,590.1583,603.566,0.0,-2.095856189727783,-11.311773
exp3_fixed_2,392,589.38196,594.55725,0.0,-0.8872318863868713,-4.2880764
exp3_fixed_2,393,-6.369729,11.554616,0.0,-10.185349464416504,-7.7388825
exp3_fixed_2,394,617.9867,621.6641,0.0,-0.6816549897193909,-2.995801
exp3_fixed_2,395,527.9098,571.75867,0.0,-2.4253358840942383,-41.42352
exp3_fixed_2,396,545.6496,560.9017,0.0,-3.7814273834228516,-11.470652
exp3_fixed_2,397,520.4435,522.93097,0.0,-0.44256117939949036,-2.0449102
exp3_fixed_2,398,560.3078,562.88855,0.0,-1.2400434017181396,-1.3407204
exp3_fixed_2,399,617.5156,649.05133,0.0,-3.28822660446167,-28.247501
exp3_fixed_2,401,519.85474,558.3307,0.0,-0.6124297380447388,-37.86349
exp3_fixed_2,402,547.91113,599.6448,0.0,-1.0780761241912842,-50.65553
exp3_fixed_2,403,522.02606,525.34015,0.0,-0.7288222312927246,-2.5852969
exp3_fixed_2,404,593.5283,595.90045,0.0,-1.4704192876815796,-0.90172154
exp3_fixed_2,405,580.79224,583.016,0.0,-0.3808850347995758,-1.8428404
exp3_fixed_2,406,622.7178,629.188,0.0,-3.9578616619110107,-2.5123713
exp3_fixed_2,407,604.1908,616.0835,0.0,-1.6125431060791016,-10.28018
exp3_fixed_2,408,529.0461,549.9518,0.0,-1.7403404712677002,-19.165323
exp3_fixed_2,409,614.66675,620.4685,0.0,-3.9775116443634033,-1.8241941
exp3_fixed_2,410,617.23706,623.2726,0.0,-4.104781627655029,-1.9306521
exp3_fixed_2,411,469.3649,478.55643,0.0,-3.179280996322632,-6.012237
exp3_fixed_2,412,641.6601,645.3357,0.0,-1.7020294666290283,-1.9735775
exp3_fixed_2,413,526.8906,530.1627,0.0,-0.8588292002677917,-2.4132314
exp3_fixed_2,414,512.1884,515.3685,0.0,-1.2252473831176758,-1.954871
exp3_fixed_2,415,536.9308,540.4856,0.0,-0.49023428559303284,-3.0645127
exp3_fixed_2,416,491.03525,495.82306,0.0,-2.0967445373535156,-2.6910472
exp3_fixed_2,417,495.08206,503.12238,0.0,-1.8542304039001465,-6.1860695
exp3_fixed_2,418,566.7588,592.9558,0.0,-2.8287415504455566,-23.368254
exp3_fixed_2,419,492.58203,553.031,0.0,-5.164570331573486,-55.284386
exp3_fixed_2,421,622.66077,625.00073,0.0,-0.9429692029953003,-1.3969501
exp3_fixed_2,422,558.5515,563.4961,0.0,-2.2466771602630615,-2.6979334
exp3_fixed_2,423,597.16003,604.71265,0.0,-1.6351711750030518,-5.9174857
exp3_fixed_2,424,-103.88542,116.413445,-200.0,-18.26040267944336,-2.0384371
exp3_fixed_2,425,560.5211,563.02,0.0,-0.5038328170776367,-1.9951041
exp3_fixed_2,426,621.99146,625.85,0.0,-1.3148350715637207,-2.5437376
exp3_fixed_2,427,494.41345,496.60858,0.0,-0.7482866644859314,-1.4467963
exp3_fixed_2,428,603.12256,606.4793,0.0,-0.9690587520599365,-2.387663
exp3_fixed_2,429,575.50543,581.90985,0.0,-1.303849220275879,-5.1005206
exp3_fixed_2,430,590.9784,594.9192,0.0,-0.8081461787223816,-3.1326392
exp3_fixed_2,431,581.24695,610.8091,0.0,-2.0516862869262695,-27.51044
exp3_fixed_2,432,671.84436,676.2175,0.0,-1.2419848442077637,-3.1311722
exp3_fixed_2,433,629.63153,633.97626,0.0,-0.9692939519882202,-3.3754354
exp3_fixed_2,434,569.72107,576.7633,0.0,-3.4443609714508057,-3.5978546
exp3_fixed_2,435,582.60583,586.52185,0.0,-1.394787073135376,-2.5212996
exp3_fixed_2,436,505.36566,524.2561,0.0,-0.7765369415283203,-18.113918
exp3_fixed_2,437,612.3668,637.6814,0.0,-3.7226383686065674,-21.592049
exp3_fixed_2,438,562.2271,577.1229,0.0,-1.776216745376587,-13.11961
exp3_fixed_2,439,536.8991,554.4967,0.0,-1.20894193649292,-16.388636
exp3_fixed_2,441,564.0018,567.6507,0.0,-1.6338614225387573,-2.015014
exp3_fixed_2,442,525.2086,529.77655,0.0,-0.7074385285377502,-3.860472
exp3_fixed_2,443,567.8821,573.4387,0.0,-0.5713052153587341,-4.985319
exp3_fixed_2,444,612.25977,615.6375,0.0,-1.1684492826461792,-2.2093234
exp3_fixed_2,445,544.0504,550.2228,0.0,-1.3439356088638306,-4.8284793
exp3_fixed_2,446,553.3823,563.48083,0.0,-6.29105281829834,-3.8074198
exp3_fixed_2,447,533.36017,543.63293,0.0,-3.5875048637390137,-6.685291
exp3_fixed_2,448,624.70685,633.9876,0.0,-3.6773900985717773,-5.6033473
exp3_fixed_2,449,545.3673,549.3996,0.0,-1.2855868339538574,-2.7467704
exp3_fixed_2,450,576.8003,579.965,0.0,-0.7311813235282898,-2.4336045
exp3_fixed_2,451,560.833,564.26886,0.0,-0.5019825100898743,-2.9338083
exp3_fixed_2,452,561.99774,567.3839,0.0,-0.8187130093574524,-4.567524
exp3_fixed_2,453,-301.8436,48.663506,-200.0,-150.0605010986328,-0.4466045
exp3_fixed_2,454,600.9181,602.745,0.0,-0.3692493140697479,-1.4576339
exp3_fixed_2,455,531.8891,550.7013,0.0,-1.8084242343902588,-17.003794
exp3_fixed_2,456,578.7033,581.41174,0.0,-0.7091397643089294,-1.9992894
exp3_fixed_2,457,610.47845,613.44073,0.0,-0.47136181592941284,-2.4909053
exp3_fixed_2,458,-301.26224,-18.92828,-200.0,-76.30059814453125,-6.0333543
exp3_fixed_2,459,574.6405,580.17694,0.0,-1.462264895439148,-4.0742126
exp3_fixed_2,461,-48.807957,-9.948807,0.0,-29.73549461364746,-9.123671
exp3_fixed_2,462,538.23566,542.5699,0.0,-0.8691978454589844,-3.465044
exp3_fixed_2,463,652.34827,654.5041,0.0,-0.7123028039932251,-1.4434868
exp3_fixed_2,464,576.7528,583.23706,0.0,-0.9255812168121338,-5.5586452
exp3_fixed_2,465,560.86633,565.3486,0.0,-0.8666092157363892,-3.6156025
exp3_fixed_2,466,519.6576,528.77277,0.0,-0.6908159255981445,-8.424343
exp3_fixed_2,467,591.3332,592.91595,0.0,-0.540229082107544,-1.0425587
exp3_fixed_2,468,589.8015,597.3635,0.0,-1.5701758861541748,-5.99178
exp3_fixed_2,469,-133.38837,-82.00047,0.0,-46.12664031982422,-5.2612524
exp3_fixed_2,470,628.2658,634.0766,0.0,-3.1308937072753906,-2.679878
exp3_fixed_2,471,539.7716,549.9547,0.0,-4.832901954650879,-5.3502502
exp3_fixed_2,472,581.646,602.7851,0.0,-0.4427001178264618,-20.696438
exp3_fixed_2,473,566.7748,568.42334,0.0,-0.4392247796058655,-1.2093884
exp3_fixed_2,474,570.8023,581.7456,0.0,-5.522796154022217,-5.4205275
exp3_fixed_2,475,559.6503,564.7569,0.0,-0.47524532675743103,-4.6313148
exp3_fixed_2,476,580.075,583.0371,0.0,-1.2600572109222412,-1.7020789
exp3_fixed_2,477,461.0464,476.39017,0.0,-11.898064613342285,-3.4457
exp3_fixed_2,478,531.8224,534.6733,0.0,-0.8177425265312195,-2.0331738
exp3_fixed_2,479,522.6697,548.12976,0.0,-1.0267189741134644,-24.433382
exp3_fixed_2,481,600.31506,603.14966,0.0,-0.9425421357154846,-1.8920923
exp3_fixed_2,482,637.1582,643.73376,0.0,-1.4217536449432373,-5.1538005
exp3_fixed_2,483,572.9685,590.3819,0.0,-0.5761032104492188,-16.837267
exp3_fixed_2,484,573.98364,582.7704,0.0,-2.187816619873047,-6.598947
exp3_fixed_2,485,622.3815,628.39575,0.0,-0.9633446931838989,-5.0509777
exp3_fixed_2,486,597.75476,602.77167,0.0,-2.0030252933502197,-3.0138614
exp3_fixed_2,487,582.23413,586.09283,0.0,-0.6286673545837402,-3.2300897
exp3_fixed_2,488,544.02386,575.98193,0.0,-2.4740188121795654,-29.483965
exp3_fixed_2,489,612.0449,614.8109,0.0,-1.1249773502349854,-1.6409783
exp3_fixed_2,490,571.44714,572.556,0.0,-0.20442970097064972,-0.9044713
exp3_fixed_2,491,-64.29516,-20.575655,0.0,-32.53522872924805,-11.18426
exp3_fixed_2,492,562.88904,565.8992,0.0,-0.8567790985107422,-2.1532981
exp3_fixed_2,493,569.86426,577.25116,0.0,-1.6828782558441162,-5.7039986
exp3_fixed_2,494,511.0434,520.7283,0.0,-0.2234390527009964,-9.461412
exp3_fixed_2,495,498.61322,505.6892,0.0,-2.8822455406188965,-4.1937227
exp3_fixed_2,496,541.7819,561.36365,0.0,-0.41382548213005066,-19.16794
exp3_fixed_2,497,668.66943,671.8314,0.0,-1.4051072597503662,-1.7568798
exp3_fixed_2,498,615.3353,617.31067,0.0,-0.5716321468353271,-1.4037133
exp3_fixed_2,499,590.16534,594.7711,0.0,-0.5853872299194336,-4.020367
exp3_fixed_2,501,564.90015,567.42004,0.0,-0.6835275292396545,-1.8363376
exp3_fixed_2,502,598.0672,600.9971,0.0,-1.1927227973937988,-1.7371775
exp3_fixed_2,503,530.1222,537.0238,0.0,-1.3053553104400635,-5.596213
exp3_fixed_2,504,592.34753,601.54767,0.0,-4.7422685623168945,-4.4578834
exp3_fixed_2,505,668.5217,675.9861,0.0,-4.499814033508301,-2.964503
exp3_fixed_2,506,644.1862,648.80054,0.0,-0.5836104154586792,-4.0307126
exp3_fixed_2,507,190.42891,266.09598,0.0,-2.4114410877227783,-73.2556
exp3_fixed_2,508,505.05,508.27966,0.0,-0.6367385983467102,-2.592943
exp3_fixed_2,509,522.9197,527.1505,0.0,-2.8243277072906494,-1.4065481
exp3_fixed_2,510,569.46265,572.6873,0.0,-0.9309802055358887,-2.293668
exp3_fixed_2,511,554.81036,623.6725,0.0,-1.1885069608688354,-67.6736
exp3_fixed_2,512,617.1234,623.65375,0.0,-0.858903169631958,-5.671458
exp3_fixed_2,513,587.7387,593.207,0.0,-0.21590565145015717,-5.2522936
exp3_fixed_2,514,559.08167,564.7335,0.0,-2.2213103771209717,-3.4305837
exp3_fixed_2,515,593.0935,607.7181,0.0,-1.6795706748962402,-12.945008
exp3_fixed_2,516,546.8546,554.0723,0.0,-1.9030625820159912,-5.3146815
exp3_fixed_2,517,653.5528,657.26044,0.0,-1.2151644229888916,-2.4925036
exp3_fixed_2,518,537.8264,544.49426,0.0,-4.986474514007568,-1.6814165
exp3_fixed_2,519,609.6563,623.77203,0.0,-1.937292456626892,-12.178464
exp3_fixed_2,521,548.36475,554.2611,0.0,-0.7944167852401733,-5.101911
exp3_fixed_2,522,554.6676,558.9127,0.0,-1.2168011665344238,-3.028332
exp3_fixed_2,523,542.3413,554.06836,0.0,-4.703804969787598,-7.023273
exp3_fixed_2,524,-267.419,1.7935077,-200.0,-62.75634765625,-6.456168
exp3_fixed_2,525,660.8972,666.97864,0.0,-0.6082372069358826,-5.4732194
exp3_fixed_2,526,556.45715,561.2952,0.0,-1.6383486986160278,-3.1997018
exp3_fixed_2,527,583.7413,587.681,0.0,-1.0523427724838257,-2.887385
exp3_fixed_2,528,554.50305,579.9066,0.0,-1.472730040550232,-23.930798
exp3_fixed_2,529,610.2894,612.79034,0.0,-1.0766569375991821,-1.4243236
exp3_fixed_2,530,551.665,555.62213,0.0,-0.8901333212852478,-3.0669997
exp3_fixed_2,531,-110.905075,-94.8537,0.0,-8.733125686645508,-7.3182755
exp3_fixed_2,532,698.70465,703.1885,0.0,-1.0066463947296143,-3.4771857
exp3_fixed_2,533,519.6721,555.637,0.0,-1.3252594470977783,-34.639515
exp3_fixed_2,534,599.56647,604.69196,0.0,-1.8131041526794434,-3.3124228
exp3_fixed_2,535,575.4011,582.5355,0.0,-1.469573974609375,-5.6647644
exp3_fixed_2,536,521.0926,538.9937,0.0,-0.366768479347229,-17.534367
exp3_fixed_2,537,500.6069,509.01544,0.0,-0.9941195249557495,-7.4144015
exp3_fixed_2,538,561.4032,613.5012,0.0,-2.9580464363098145,-49.140064
exp3_fixed_2,539,598.4005,607.1031,0.0,-5.753689765930176,-2.9488568
exp3_fixed_2,541,572.0591,578.438,0.0,-0.910474956035614,-5.4684443
exp3_fixed_2,542,484.93768,500.7663,0.0,-0.5655360221862793,-15.263047
exp3_fixed_2,543,-100.77109,-78.19385,0.0,-17.10921859741211,-5.468008
exp3_fixed_2,544,542.0648,560.94196,0.0,-1.319360375404358,-17.5578
exp3_fixed_2,545,619.241,624.7082,0.0,-0.6086894869804382,-4.8585114
exp3_fixed_2,546,597.17017,601.13354,0.0,-0.8549947738647461,-3.1083632
exp3_fixed_2,547,604.45215,608.1402,0.0,-0.9793661832809448,-2.7087164
exp3_fixed_2,548,545.95856,584.9092,0.0,-1.8161349296569824,-37.134445
exp3_fixed_2,549,575.7951,580.03906,0.0,-2.0094025135040283,-2.23455
exp3_fixed_2,550,625.2014,627.78796,0.0,-0.7201924324035645,-1.8663341
exp3_fixed_2,551,646.064,652.05597,0.0,-0.9809528589248657,-5.0110116
exp3_fixed_2,552,599.00073,607.27496,0.0,-0.708297610282898,-7.565941
exp3_fixed_2,553,513.04425,520.9061,0.0,-0.5837250351905823,-7.2782025
exp3_fixed_2,554,584.9668,588.6001,0.0,-1.301198124885559,-2.3321583
exp3_fixed_2,555,624.81793,630.957,0.0,-1.3953570127487183,-4.743673
exp3_fixed_2,556,611.86456,615.53906,0.0,-1.6897153854370117,-1.984765
exp3_fixed_2,557,589.6379,627.0441,0.0,-8.927250862121582,-28.478918
exp3_fixed_2,558,521.1044,537.9159,0.0,-3.4699923992156982,-13.341512
exp3_fixed_2,559,604.38196,609.0917,0.0,-1.3499236106872559,-3.3598125
exp3_fixed_2,561,576.4284,582.697,0.0,-2.703716993331909,-3.564934
exp3_fixed_2,562,512.2996,525.4097,0.0,-5.426275253295898,-7.683858
exp3_fixed_2,563,540.2554,546.78723,0.0,-3.308441400527954,-3.223389
exp3_fixed_2,564,619.28827,625.9171,0.0,-0.9310897588729858,-5.697733
exp3_fixed_2,565,658.2858,661.70514,0.0,-0.7430786490440369,-2.6762092
exp3_fixed_2,566,665.7795,667.84705,0.0,-0.7402958869934082,-1.3272246
exp3_fixed_2,567,492.5679,537.3123,0.0,-3.5224764347076416,-41.222
exp3_fixed_2,568,545.6503,569.80493,0.0,-0.7191430330276489,-23.435532
exp3_fixed_2,569,608.3663,626.6,0.0,-2.1226861476898193,-16.110983
exp3_fixed_2,570,596.1918,607.57635,0.0,-0.5395026206970215,-10.845128
exp3_fixed_2,571,650.3661,653.52026,0.0,-1.0526806116104126,-2.1014218
exp3_fixed_2,572,587.7249,604.9789,0.0,-1.045536994934082,-16.208391
exp3_fixed_2,573,661.8627,665.9448,0.0,-1.2802186012268066,-2.8019187
exp3_fixed_2,574,638.1722,649.48145,0.0,-2.1993987560272217,-9.1097765
exp3_fixed_2,575,587.78326,601.2473,0.0,-0.9954083561897278,-12.468577
exp3_fixed_2,576,628.635,637.54486,0.0,-2.1927833557128906,-6.7171307
exp3_fixed_2,577,553.7757,569.49536,0.0,-3.3183906078338623,-12.401249
exp3_fixed_2,578,574.343,579.0308,0.0,-1.2677512168884277,-3.420055
exp3_fixed_2,579,600.8655,610.2434,0.0,-2.0592617988586426,-7.3186827
exp3_fixed_2,581,615.30945,618.5401,0.0,-1.1629029512405396,-2.067736
exp3_fixed_2,582,566.1387,572.5154,0.0,-3.291168451309204,-3.085515
exp3_fixed_2,583,663.3717,668.89734,0.0,-2.6479086875915527,-2.8777552
exp3_fixed_2,584,686.2611,690.9752,0.0,-1.6952954530715942,-3.0188525
exp3_fixed_2,585,59.825977,115.47475,0.0,-6.855627059936523,-48.793198
exp3_fixed_2,586,596.8734,602.82166,0.0,-0.6512950658798218,-5.2970176
exp3_fixed_2,587,580.8568,583.7182,0.0,-0.7897106409072876,-2.0716817
exp3_fixed_2,588,584.3159,589.32825,0.0,-0.42301592230796814,-4.5892854
exp3_fixed_2,589,580.5815,582.82556,0.0,-0.3307952284812927,-1.9132279
exp3_fixed_2,590,435.96594,462.04315,0.0,-13.678596496582031,-12.398604
exp3_fixed_2,591,-56.753693,-39.51901,0.0,-13.982494354248047,-3.2521944
exp3_fixed_2,592,497.86774,500.32916,0.0,-0.6788508892059326,-1.7825462
exp3_fixed_2,593,629.5454,633.3306,0.0,-1.8559277057647705,-1.9293292
exp3_fixed_2,594,-127.66251,99.32676,-200.0,-25.991159439086914,-0.9981087
exp3_fixed_2,595,528.32336,553.85657,0.0,-1.7641955614089966,-23.769009
exp3_fixed_2,596,568.19055,573.4116,0.0,-1.036533236503601,-4.1844983
exp3_fixed_2,597,573.1953,585.9639,0.0,-1.1032477617263794,-11.665385
exp3_fixed_2,598,594.1262,596.7374,0.0,-0.6442302465438843,-1.9669574
exp3_fixed_2,599,583.05865,591.8497,0.0,-0.7054147124290466,-8.085653
exp3_fixed_2,601,598.74963,612.72394,0.0,-2.004349708557129,-11.969977
exp3_fixed_2,602,487.4926,543.37933,0.0,-1.4828253984451294,-54.40398
exp3_fixed_2,603,630.48456,637.9984,0.0,-0.9221574068069458,-6.5917306
exp3_fixed_2,604,471.5936,526.56006,0.0,-0.35220420360565186,-54.61414
exp3_fixed_2,605,541.2492,561.88293,0.0,-1.8854159116744995,-18.748257
exp3_fixed_2,606,539.53674,543.44727,0.0,-0.7230848073959351,-3.1874406
exp3_fixed_2,607,549.28406,557.1415,0.0,-3.82578182220459,-4.031718
exp3_fixed_2,608,608.94464,615.3102,0.0,-2.018590211868286,-4.346949
exp3_fixed_2,609,594.3983,659.1446,0.0,-1.3890589475631714,-63.35727
exp3_fixed_2,610,586.386,594.91113,0.0,-1.818719506263733,-6.706422
exp3_fixed_2,611,-100.704445,-83.45604,0.0,-6.447777271270752,-10.800648
exp3_fixed_2,612,623.4119,630.0984,0.0,-1.445174217224121,-5.2412825
exp3_fixed_2,613,579.8274,588.66473,0.0,-1.8976969718933105,-6.939696
exp3_fixed_2,614,579.4984,586.43744,0.0,-2.3861441612243652,-4.552889
exp3_fixed_2,615,565.2034,618.6802,0.0,-1.106544852256775,-52.37029
exp3_fixed_2,616,617.34424,622.1016,0.0,-1.3741092681884766,-3.38327
exp3_fixed_2,617,407.18527,418.45847,0.0,-6.337849140167236,-4.935351
exp3_fixed_2,618,629.9063,633.3571,0.0,-0.5059528350830078,-2.9448836
exp3_fixed_2,619,520.7073,527.52167,0.0,-0.6759780645370483,-6.138424
exp3_fixed_2,621,659.45435,676.02954,0.0,-1.4480723142623901,-15.127118
exp3_fixed_2,622,575.6055,578.74506,0.0,-0.5200693607330322,-2.6194808
exp3_fixed_2,623,581.2966,589.08234,0.0,-3.326425313949585,-4.459347
exp3_fixed_2,624,589.03345,608.98914,0.0,-1.5520720481872559,-18.403654
exp3_fixed_2,625,633.04095,637.1672,0.0,-1.1420060396194458,-2.9842684
exp3_fixed_2,626,609.7408,614.3309,0.0,-1.8074711561203003,-2.7825851
exp3_fixed_2,627,543.56854,545.8872,0.0,-0.21533085405826569,-2.1033208
exp3_fixed_2,628,597.5597,602.63794,0.0,-1.084725022315979,-3.9935403
exp3_fixed_2,629,581.72656,583.54407,0.0,-0.5870952010154724,-1.2303987
exp3_fixed_2,630,617.95154,620.85034,0.0,-0.7200063467025757,-2.178865
exp3_fixed_2,631,623.67444,626.66,0.0,-0.9223215579986572,-2.0632055
exp3_fixed_2,632,637.5107,643.1079,0.0,-0.5654908418655396,-5.0317483
exp3_fixed_2,633,484.91086,492.946,0.0,-0.5805855989456177,-7.4545784
exp3_fixed_2,634,591.64777,595.71533,0.0,-0.8763458728790283,-3.1912584
exp3_fixed_2,635,615.04675,627.0245,0.0,-0.43660950660705566,-11.541154
exp3_fixed_2,636,580.75836,584.29004,0.0,-1.2443504333496094,-2.2873306
exp3_fixed_2,637,567.9977,574.523,0.0,-2.021711587905884,-4.5036187
exp3_fixed_2,638,523.60175,534.1118,0.0,-1.1310837268829346,-9.378961
exp3_fixed_2,639,548.03204,562.7765,0.0,-1.1139605045318604,-13.630606
exp3_fixed_2,641,578.8855,587.2024,0.0,-1.304093837738037,-7.0128455
exp3_fixed_2,642,566.1815,572.2456,0.0,-1.6864079236984253,-4.3776903
exp3_fixed_2,643,-125.578545,-93.7348,0.0,-24.088680267333984,-7.755075
exp3_fixed_2,644,625.468,628.25525,0.0,-0.8999614715576172,-1.8872606
exp3_fixed_2,645,-351.00992,0.73543,-200.0,-150.5855255126953,-1.1597762
exp3_fixed_2,646,-118.49752,-92.53999,0.0,-21.431594848632812,-4.5259333
exp3_fixed_2,647,562.4976,569.31415,0.0,-0.8328925371170044,-5.9836764
exp3_fixed_2,648,597.9812,602.6368,0.0,-1.1960935592651367,-3.4595237
exp3_fixed_2,649,-88.954865,-66.88479,0.0,-12.808204650878906,-9.261878
exp3_fixed_2,650,659.0458,663.3335,0.0,-1.7927354574203491,-2.4950118
exp3_fixed_2,651,602.5615,609.5827,0.0,-0.3645707070827484,-6.656596
exp3_fixed_2,652,585.6548,590.12787,0.0,-1.2511659860610962,-3.221916
exp3_fixed_2,653,543.77515,548.70197,0.0,-0.5800282955169678,-4.3467526
exp3_fixed_2,654,533.20026,552.97095,0.0,-0.905805766582489,-18.864935
exp3_fixed_2,655,594.5653,599.28577,0.0,-0.9140341281890869,-3.806436
exp3_fixed_2,656,557.6061,573.0756,0.0,-1.4418630599975586,-14.027664
exp3_fixed_2,657,564.5147,570.9392,0.0,-4.0128021240234375,-2.4116757
exp3_fixed_2,658,598.2949,605.1989,0.0,-0.6035943627357483,-6.3003306
exp3_fixed_2,659,574.1902,584.833,0.0,-0.8238736391067505,-9.818885
exp3_fixed_2,661,136.688,228.29842,0.0,-0.7323113679885864,-90.87806
exp3_fixed_2,662,549.5508,568.85583,0.0,-0.997750997543335,-18.307203
exp3_fixed_2,663,608.55273,610.5607,0.0,-0.5579621195793152,-1.4500384
exp3_fixed_2,664,538.95593,544.47546,0.0,-1.5004668235778809,-4.019
exp3_fixed_2,665,-25.187414,-15.486514,0.0,-5.802491664886475,-3.8983448
exp3_fixed_2,666,635.29004,638.80615,0.0,-0.852231502532959,-2.6638818
exp3_fixed_2,667,587.7241,593.44745,0.0,-1.8757442235946655,-3.8475773
exp3_fixed_2,668,388.0701,395.06442,0.0,-2.3961448669433594,-4.598152
exp3_fixed_2,669,606.5408,610.0413,0.0,-2.001603603363037,-1.4990169
exp3_fixed_2,670,566.5946,575.0056,0.0,-1.4010337591171265,-7.0100636
exp3_fixed_2,671,564.7382,602.999,0.0,-1.9812891483306885,-36.279526
exp3_fixed_2,672,600.8462,607.7508,0.0,-1.3655940294265747,-5.5390234
exp3_fixed_2,673,611.62897,623.8845,0.0,-1.201093077659607,-11.054404
exp3_fixed_2,674,520.9091,526.1825,0.0,-1.23626708984375,-4.037134
exp3_fixed_2,675,587.1376,589.88525,0.0,-1.5331158638000488,-1.2145542
exp3_fixed_2,676,578.0762,584.9148,0.0,-1.2253141403198242,-5.6133137
exp3_fixed_2,677,556.0041,575.19324,0.0,-3.49041485786438,-15.698707
exp3_fixed_2,678,614.0375,628.4602,0.0,-1.0100748538970947,-13.412646
exp3_fixed_2,679,-69.9562,-41.19469,0.0,-11.912215232849121,-16.849297
exp3_fixed_2,681,567.7927,586.23755,0.0,-0.6203581094741821,-17.824415
exp3_fixed_2,682,11.259636,93.16879,0.0,-56.58330535888672,-25.325779
exp3_fixed_2,683,597.2064,604.0652,0.0,-4.643289566040039,-2.2154138
exp3_fixed_2,684,689.21936,692.794,0.0,-0.4504173994064331,-3.1242316
exp3_fixed_2,685,629.29785,636.08936,0.0,-1.186698317527771,-5.6048074
exp3_fixed_2,686,665.9691,672.05695,0.0,-2.5080208778381348,-3.579721
exp3_fixed_2,687,538.3364,543.942,0.0,-1.53404700756073,-4.071555
exp3_fixed_2,688,-129.77661,101.252144,-200.0,-26.964603424072266,-4.0641875
exp3_fixed_2,689,575.04517,577.4053,0.0,-0.5184183716773987,-1.8417431
exp3_fixed_2,690,654.4657,659.11005,0.0,-0.3683754801750183,-4.275974
exp3_fixed_2,691,591.95776,595.68555,0.0,-1.0268474817276,-2.70086
exp3_fixed_2,692,587.9872,595.5044,0.0,-1.1649912595748901,-6.3522124
exp3_fixed_2,693,636.7426,641.306,0.0,-2.3248941898345947,-2.238563
exp3_fixed_2,694,562.4691,568.4679,0.0,-0.8869813084602356,-5.111765
exp3_fixed_2,695,627.49817,643.9601,0.0,-1.8720437288284302,-14.589919
exp3_fixed_2,696,-138.39352,73.7877,-200.0,-11.177694320678711,-1.0035305
exp3_fixed_2,697,14.200788,39.50314,0.0,-9.046867370605469,-16.255503
exp3_fixed_2,698,537.7816,542.4823,0.0,-2.491119861602783,-2.2094994
exp3_fixed_2,699,592.80164,601.347,0.0,-1.3779048919677734,-7.1673613
exp3_fixed_2,701,560.7183,589.2557,0.0,-1.1211035251617432,-27.416323
exp3_fixed_2,702,610.68494,612.6123,0.0,-0.8774727582931519,-1.0498528
exp3_fixed_2,703,597.64935,605.2607,0.0,-5.315402984619141,-2.2959619
exp3_fixed_2,704,560.0442,567.59186,0.0,-4.652966022491455,-2.8946726
exp3_fixed_2,705,605.8186,615.4348,0.0,-1.737654447555542,-7.878514
exp3_fixed_2,706,612.6595,635.2996,0.0,-1.9382835626602173,-20.701841
exp3_fixed_2,707,-142.69473,66.38012,-200.0,-8.652984619140625,-0.42184383
exp3_fixed_2,708,40.54862,50.374912,0.0,-2.559720516204834,-7.2665205
exp3_fixed_2,709,574.27344,578.45435,0.0,-0.7343145608901978,-3.446689
exp3_fixed_2,710,620.2429,624.9463,0.0,-0.9077221155166626,-3.7956362
exp3_fixed_2,711,570.08734,580.11743,0.0,-3.1249983310699463,-6.9051385
exp3_fixed_2,712,547.75073,557.601,0.0,-2.493107557296753,-7.3572264
exp3_fixed_2,713,607.29047,610.6505,0.0,-0.9571015238761902,-2.4029272
exp3_fixed_2,714,590.48,604.7429,0.0,-1.075479507446289,-13.187526
exp3_fixed_2,715,560.31946,567.0583,0.0,-1.3885542154312134,-5.3502617
exp3_fixed_2,716,525.7697,532.52527,0.0,-1.5310264825820923,-5.2245216
exp3_fixed_2,717,575.7419,580.7549,0.0,-2.445009469985962,-2.5680432
exp3_fixed_2,718,-230.7697,3.5535529,-200.0,-34.02967071533203,-0.29358503
exp3_fixed_2,719,624.7612,637.825,0.0,-9.988729476928711,-3.0750432
exp3_fixed_2,721,520.82056,534.4946,0.0,-1.049257516860962,-12.62473
exp3_fixed_2,722,564.63214,571.87506,0.0,-0.8440451622009277,-6.3989015
exp3_fixed_2,723,609.0825,618.1504,0.0,-0.7891685962677002,-8.278674
exp3_fixed_2,724,559.0453,562.1876,0.0,-1.1377296447753906,-2.004552
exp3_fixed_2,725,461.88568,478.29413,0.0,-1.9798575639724731,-14.428575
exp3_fixed_2,726,552.5165,558.9081,0.0,-1.9158546924591064,-4.475799
exp3_fixed_2,727,567.57153,571.3355,0.0,-1.2843152284622192,-2.4796288
exp3_fixed_2,728,517.30365,523.8043,0.0,-2.848006248474121,-3.6525917
exp3_fixed_2,729,-65.36964,-41.702988,0.0,-14.505823135375977,-9.1608515
exp3_fixed_2,730,603.1199,605.9651,0.0,-0.9368518590927124,-1.9083205
exp3_fixed_2,731,576.943,582.8182,0.0,-1.7557340860366821,-4.1194487
exp3_fixed_2,732,509.60648,514.8939,0.0,-0.6260262131690979,-4.661405
exp3_fixed_2,733,-2.9370327,16.303268,0.0,-4.682164669036865,-14.558135
exp3_fixed_2,734,592.78186,599.39526,0.0,-0.7469085454940796,-5.866468
exp3_fixed_2,735,517.28296,531.1664,0.0,-0.9327474236488342,-12.950672
exp3_fixed_2,736,588.0508,597.0967,0.0,-2.191511631011963,-6.8543663
exp3_fixed_2,737,559.3591,567.18225,0.0,-1.5891870260238647,-6.2339725
exp3_fixed_2,738,578.60443,590.41345,0.0,-0.460054874420166,-11.349027
exp3_fixed_2,739,613.9641,621.90485,0.0,-3.946601629257202,-3.9941568
exp3_fixed_2,741,563.3437,567.70416,0.0,-0.6804428696632385,-3.6800396
exp3_fixed_2,742,589.8033,593.553,0.0,-0.7790488600730896,-2.9706666
exp3_fixed_2,743,608.9646,618.6295,0.0,-1.714939832687378,-7.950035
exp3_fixed_2,744,555.7284,557.92163,0.0,-0.4896991550922394,-1.7035086
exp3_fixed_2,745,591.6301,599.1697,0.0,-4.450189113616943,-3.089358
exp3_fixed_2,746,392.72385,397.23898,0.0,-0.8859869837760925,-3.6291282
exp3_fixed_2,747,590.1805,596.1146,0.0,-2.371907949447632,-3.5622492
exp3_fixed_2,748,628.3987,633.1881,0.0,-0.9428877234458923,-3.846524
exp3_fixed_2,749,570.65625,580.10034,0.0,-1.0988949537277222,-8.345196
exp3_fixed_2,750,576.94055,580.2583,0.0,-0.9944413900375366,-2.3233771
exp3_fixed_2,751,604.4783,617.6061,0.0,-0.8115072846412659,-12.316276
exp3_fixed_2,752,594.70026,603.10095,0.0,-1.141536831855774,-7.2591143
exp3_fixed_2,753,594.54333,609.6997,0.0,-1.592481017112732,-13.563896
exp3_fixed_2,754,573.99304,577.3324,0.0,-0.8060405254364014,-2.5333447
exp3_fixed_2,755,579.5316,581.9699,0.0,-0.49218031764030457,-1.9460977
exp3_fixed_2,756,557.5112,562.65125,0.0,-1.0481221675872803,-4.0919123
exp3_fixed_2,757,616.2186,621.1418,0.0,-0.8375839591026306,-4.085603
exp3_fixed_2,758,593.917,601.6822,0.0,-4.276093482971191,-3.489074
exp3_fixed_2,759,607.49866,610.34106,0.0,-0.6280701160430908,-2.2143788
exp3_fixed_2,761,489.80154,498.5511,0.0,-0.5882024765014648,-8.161361
exp3_fixed_2,762,553.36273,565.9339,0.0,-1.7479848861694336,-10.823198
exp3_fixed_2,763,499.84775,502.0852,0.0,-0.9478392601013184,-1.2896459
exp3_fixed_2,764,595.2971,599.02014,0.0,-0.6410074234008789,-3.081952
exp3_fixed_2,765,555.74133,558.4822,0.0,-0.3379710912704468,-2.4029133
exp3_fixed_2,766,587.4937,592.0914,0.0,-0.6930819749832153,-3.9045403
exp3_fixed_2,767,588.1161,597.76746,0.0,-1.0828359127044678,-8.568579
exp3_fixed_2,768,622.4878,626.47687,0.0,-1.3706986904144287,-2.6183283
exp3_fixed_2,769,560.08984,566.4144,0.0,-0.6701560020446777,-5.6543894
exp3_fixed_2,770,544.5577,559.60004,0.0,-1.1173069477081299,-13.925035
exp3_fixed_2,771,530.42834,537.18774,0.0,-0.7760118842124939,-5.9833775
exp3_fixed_2,772,597.44275,602.8683,0.0,-1.3293700218200684,-4.0961742
exp3_fixed_2,773,621.3227,637.1073,0.0,-1.8744828701019287,-13.910085
exp3_fixed_2,774,532.84436,567.1763,0.0,-0.7368919849395752,-33.59503
exp3_fixed_2,775,543.9856,549.2197,0.0,-0.8536765575408936,-4.3804674
exp3_fixed_2,776,564.4138,582.5216,0.0,-1.3532038927078247,-16.754574
exp3_fixed_2,777,564.6527,570.85815,0.0,-0.5634880661964417,-5.641903
exp3_fixed_2,778,589.5111,606.7955,0.0,-2.7727468013763428,-14.5116205
exp3_fixed_2,779,605.2153,608.22644,0.0,-0.9638552665710449,-2.047339
exp3_fixed_2,781,572.61755,579.5546,0.0,-0.6440175771713257,-6.2930775
exp3_fixed_2,782,553.5328,563.534,0.0,-1.1205413341522217,-8.880656
exp3_fixed_2,783,479.2328,497.5954,0.0,-9.172072410583496,-9.190494
exp3_fixed_2,784,555.2856,560.883,0.0,-2.2274715900421143,-3.3699424
exp3_fixed_2,785,-31.638601,1.1721663,0.0,-15.511312484741211,-17.299397
exp3_fixed_2,786,623.08563,629.88605,0.0,-1.7169544696807861,-5.083423
exp3_fixed_2,787,594.7513,602.89453,0.0,-0.6920080780982971,-7.451236
exp3_fixed_2,788,643.02716,647.9215,0.0,-1.36549711227417,-3.5289295
exp3_fixed_2,789,572.34875,576.54,0.0,-1.4750723838806152,-2.7161682
exp3_fixed_2,790,632.4091,636.1106,0.0,-0.9267690777778625,-2.7747085
exp3_fixed_2,791,634.36456,639.46735,0.0,-1.593582272529602,-3.509234
exp3_fixed_2,792,611.7283,616.5533,0.0,-1.909210205078125,-2.9158149
exp3_fixed_2,793,578.2812,590.4777,0.0,-0.7403578758239746,-11.456185
exp3_fixed_2,794,592.7761,598.95074,0.0,-0.616773247718811,-5.5578823
exp3_fixed_2,795,539.4363,555.3152,0.0,-1.3889540433883667,-14.489957
exp3_fixed_2,796,473.12918,486.5691,0.0,-0.5352016091346741,-12.904737
exp3_fixed_2,797,619.59753,626.60333,0.0,-3.1683120727539062,-3.8374424
exp3_fixed_2,798,554.85834,579.55914,0.0,-2.191307544708252,-22.509502
exp3_fixed_2,799,604.3823,614.1574,0.0,-0.7919718027114868,-8.9831
exp3_fixed_2,801,620.416,624.3474,0.0,-0.9593201875686646,-2.9720192
exp3_fixed_2,802,558.4861,563.3794,0.0,-1.1449788808822632,-3.7483714
exp3_fixed_2,803,575.2381,578.36426,0.0,-0.9328681230545044,-2.1932995
exp3_fixed_2,804,576.1499,580.37646,0.0,-1.050382137298584,-3.176159
exp3_fixed_2,805,549.1253,552.6966,0.0,-0.4486601948738098,-3.1226711
exp3_fixed_2,806,557.17487,567.1993,0.0,-0.5624380707740784,-9.461936
exp3_fixed_2,807,580.87286,586.57,0.0,-2.2432594299316406,-3.4539223
exp3_fixed_2,808,640.0162,643.2733,0.0,-1.5484007596969604,-1.7087135
exp3_fixed_2,809,567.9325,582.27844,0.0,-0.8559719920158386,-13.489976
exp3_fixed_2,810,514.91455,518.9624,0.0,-1.5956387519836426,-2.4520814
exp3_fixed_2,811,610.7387,615.2838,0.0,-1.3383010625839233,-3.206812
exp3_fixed_2,812,572.383,579.15845,0.0,-0.5930180549621582,-6.1824713
exp3_fixed_2,813,623.06036,626.1537,0.0,-0.93723464012146,-2.156051
exp3_fixed_2,814,548.1161,556.57715,0.0,-0.9603856801986694,-7.500637
exp3_fixed_2,815,554.2302,557.8666,0.0,-0.7897776365280151,-2.8465643
exp3_fixed_2,816,-167.98923,48.554142,-200.0,-16.224529266357422,-0.31883946
exp3_fixed_2,817,575.40985,578.0403,0.0,-0.8319534659385681,-1.7984949
exp3_fixed_2,818,567.90247,573.43335,0.0,-0.7906566858291626,-4.7401853
exp3_fixed_2,819,656.269,659.4132,0.0,-0.7859638929367065,-2.3582659
exp3_fixed_2,821,625.7893,630.38293,0.0,-1.5775614976882935,-3.0160804
exp3_fixed_2,822,638.6245,641.53796,0.0,-0.4311442971229553,-2.4823656
exp3_fixed_2,823,-25.88543,-7.933277,0.0,-10.427094459533691,-7.5251427
exp3_fixed_2,824,595.59644,601.12244,0.0,-0.34838664531707764,-5.1775603
exp3_fixed_2,825,584.2374,587.2109,0.0,-0.5410282015800476,-2.432428
exp3_fixed_2,826,629.8742,645.31213,0.0,-1.5022375583648682,-13.935666
exp3_fixed_2,827,619.5132,623.3342,0.0,-1.1958889961242676,-2.625115
exp3_fixed_2,828,509.09225,513.3702,0.0,-0.8638300895690918,-3.4140818
exp3_fixed_2,829,589.57214,595.923,0.0,-0.7148729562759399,-5.6359677
exp3_fixed_2,830,555.1338,571.75287,0.0,-2.6573190689086914,-13.961827
exp3_fixed_2,831,616.19073,624.22284,0.0,-1.3361566066741943,-6.6959133
exp3_fixed_2,832,581.2939,593.80347,0.0,-0.45162665843963623,-12.057962
exp3_fixed_2,833,623.1277,636.9193,0.0,-0.49574849009513855,-13.295805
exp3_fixed_2,834,585.978,591.0066,0.0,-2.136338472366333,-2.8922727
exp3_fixed_2,835,630.1932,637.1522,0.0,-0.7143307328224182,-6.244755
exp3_fixed_2,836,550.1456,570.1127,0.0,-1.9079382419586182,-18.059023
exp3_fixed_2,837,566.1186,568.5101,0.0,-0.6309150457382202,-1.760535
exp3_fixed_2,838,615.09753,619.7606,0.0,-0.959378719329834,-3.7037697
exp3_fixed_2,839,669.0309,673.44495,0.0,-1.757143497467041,-2.6569138
exp3_fixed_2,841,591.2671,596.29395,0.0,-1.1411703824996948,-3.885651
exp3_fixed_2,842,539.99756,551.04956,0.0,-1.2491729259490967,-9.802892
exp3_fixed_2,843,163.53151,236.93071,0.0,-0.49340811371803284,-72.905785
exp3_fixed_2,844,508.36603,534.9089,0.0,-4.036635398864746,-22.506258
exp3_fixed_2,845,655.3585,658.9418,0.0,-0.6706601977348328,-2.9125822
exp3_fixed_2,846,628.9808,641.89575,0.0,-0.9053425192832947,-12.009654
exp3_fixed_2,847,611.34985,622.8094,0.0,-1.4889878034591675,-9.970552
exp3_fixed_2,848,552.9489,562.5121,0.0,-0.5615808963775635,-9.0016165
exp3_fixed_2,849,580.1665,586.1181,0.0,-0.5965691804885864,-5.3549757
exp3_fixed_2,850,646.50793,649.65717,0.0,-0.45179468393325806,-2.697425
exp3_fixed_2,851,561.34094,565.71155,0.0,-1.9234380722045898,-2.4471502
exp3_fixed_2,852,599.9158,601.9057,0.0,-0.382675439119339,-1.6072623
exp3_fixed_2,853,597.38043,603.2977,0.0,-0.5087562203407288,-5.408563
exp3_fixed_2,854,-232.2821,120.84264,-200.0,-150.24942016601562,-2.875326
exp3_fixed_2,855,512.8938,535.2558,0.0,-0.23271790146827698,-22.129305
exp3_fixed_2,856,533.48883,537.9583,0.0,-0.9819169640541077,-3.4875886
exp3_fixed_2,857,554.41064,560.6548,0.0,-0.6371847987174988,-5.606972
exp3_fixed_2,858,546.8981,588.23285,0.0,-1.5360151529312134,-39.798756
exp3_fixed_2,859,565.3496,591.06885,0.0,-0.6123044490814209,-25.106852
exp3_fixed_2,861,546.5339,566.546,0.0,-0.4057644307613373,-19.606405
exp3_fixed_2,862,636.6908,640.0764,0.0,-0.896856427192688,-2.4888067
exp3_fixed_2,863,-112.13446,-88.11774,0.0,-11.425704956054688,-12.591006
exp3_fixed_2,864,596.874,601.58826,0.0,-1.4243382215499878,-3.2898993
exp3_fixed_2,865,-60.368614,-37.054882,0.0,-6.632310390472412,-16.681454
exp3_fixed_2,866,598.9739,605.2073,0.0,-0.6015210151672363,-5.6319084
exp3_fixed_2,867,607.95764,611.95984,0.0,-1.0940132141113281,-2.9081187
exp3_fixed_2,868,622.0371,635.1478,0.0,-0.5826390981674194,-12.528098
exp3_fixed_2,869,556.72437,562.7789,0.0,-0.608669102191925,-5.445864
exp3_fixed_2,870,532.20856,537.02295,0.0,-0.3972398638725281,-4.4171352
exp3_fixed_2,871,551.0228,634.5313,0.0,-0.38977763056755066,-83.11865
exp3_fixed_2,872,575.39795,578.3579,0.0,-0.6649560928344727,-2.2949805
exp3_fixed_2,873,585.41754,589.3346,0.0,-1.4061853885650635,-2.5108423
exp3_fixed_2,874,610.4278,621.14777,0.0,-0.2587164044380188,-10.46123
exp3_fixed_2,875,630.14954,636.8379,0.0,-0.5883097052574158,-6.100049
exp3_fixed_2,876,601.1599,605.6532,0.0,-1.8701677322387695,-2.6231277
exp3_fixed_2,877,535.8307,540.83923,0.0,-1.0909719467163086,-3.9176366
exp3_fixed_2,878,601.8128,608.99457,0.0,-1.1222294569015503,-6.059487
exp3_fixed_2,879,670.46265,675.6977,0.0,-1.2177120447158813,-4.0174136
exp3_fixed_2,881,557.551,572.9784,0.0,-0.6080077290534973,-14.819383
exp3_fixed_2,882,586.72,598.01154,0.0,-0.615519106388092,-10.675974
exp3_fixed_2,883,-114.088,95.94278,-200.0,-8.940031051635742,-1.0907462
exp3_fixed_2,884,639.16516,650.43933,0.0,-2.267538547515869,-9.006664
exp3_fixed_2,885,100.80526,179.41704,0.0,-0.4136319160461426,-78.19815
exp3_fixed_2,886,-70.77377,-1.5993714,0.0,-57.53010177612305,-11.644331
exp3_fixed_2,887,641.468,645.21674,0.0,-1.2908225059509277,-2.4578326
exp3_fixed_2,888,640.1851,646.56354,0.0,-2.673490524291992,-3.7049599
exp3_fixed_2,889,592.84973,602.7517,0.0,-0.8271471261978149,-9.074857
exp3_fixed_2,890,585.34503,621.1689,0.0,-1.7260079383850098,-34.097813
exp3_fixed_2,891,577.2764,609.0884,0.0,-1.6348292827606201,-30.177109
exp3_fixed_2,892,140.20877,209.56918,0.0,-1.4617743492126465,-67.89861
exp3_fixed_2,893,643.5892,648.1744,0.0,-1.8040053844451904,-2.7811835
exp3_fixed_2,894,654.2803,663.5022,0.0,-1.1682987213134766,-8.053575
exp3_fixed_2,895,570.93524,574.03,0.0,-1.186328649520874,-1.9084756
exp3_fixed_2,896,585.4316,591.9833,0.0,-2.6080970764160156,-3.9435923
exp3_fixed_2,897,603.92365,638.5027,0.0,-0.18348649144172668,-34.395527
exp3_fixed_2,898,580.3254,582.50116,0.0,-0.37288999557495117,-1.8029225
exp3_fixed_2,899,252.22661,322.20447,0.0,-0.702167272567749,-69.27574
exp3_fixed_2,901,502.8391,528.728,0.0,-24.34830665588379,-1.5405959
exp3_fixed_2,902,603.622,607.29126,0.0,-1.0182714462280273,-2.6509578
exp3_fixed_2,903,666.55115,669.11176,0.0,-0.7659502029418945,-1.7946942
exp3_fixed_2,904,569.2196,576.67865,0.0,-0.5260511040687561,-6.932956
exp3_fixed_2,905,564.69855,570.0974,0.0,-0.6920833587646484,-4.7067404
exp3_fixed_2,906,667.8978,670.64294,0.0,-0.715096116065979,-2.0299687
exp3_fixed_2,907,540.95544,547.19214,0.0,-0.8465203046798706,-5.39019
exp3_fixed_2,908,557.6429,567.5385,0.0,-0.8273868560791016,-9.068264
exp3_fixed_2,909,549.9131,554.0983,0.0,-0.6795171499252319,-3.5057049
exp3_fixed_2,910,569.7982,579.1395,0.0,-0.6713919043540955,-8.669886
exp3_fixed_2,911,567.50824,582.5392,0.0,-0.9434515237808228,-14.087472
exp3_fixed_2,912,543.3196,550.73724,0.0,-0.8813781142234802,-6.5363164
exp3_fixed_2,913,564.7302,578.471,0.0,-0.3464040160179138,-13.394404
exp3_fixed_2,914,558.1889,563.19366,0.0,-1.368478536605835,-3.636313
exp3_fixed_2,915,550.55396,569.9523,0.0,-0.9372919201850891,-18.460976
exp3_fixed_2,916,631.9033,639.15936,0.0,-0.5483357310295105,-6.707745
exp3_fixed_2,917,583.5038,595.2628,0.0,-0.7667533159255981,-10.99229
exp3_fixed_2,918,593.3237,601.8124,0.0,-0.6592082977294922,-7.8294
exp3_fixed_2,919,637.79596,640.9003,0.0,-1.0238169431686401,-2.0805147
exp3_fixed_2,921,565.2732,596.1891,0.0,-1.0436910390853882,-29.8722
exp3_fixed_2,922,578.7175,583.09576,0.0,-0.5122936964035034,-3.8659234
exp3_fixed_2,923,583.5886,603.26624,0.0,-0.4420052468776703,-19.235659
exp3_fixed_2,924,585.5659,612.74927,0.0,-1.2563731670379639,-25.926935
exp3_fixed_2,925,617.90234,621.5525,0.0,-0.4530247449874878,-3.1971169
exp3_fixed_2,926,584.64294,588.80676,0.0,-0.4260066747665405,-3.737842
exp3_fixed_2,927,583.1971,587.76746,0.0,-1.3535362482070923,-3.216808
exp3_fixed_2,928,562.0993,565.2399,0.0,-0.4117511510848999,-2.7289288
exp3_fixed_2,929,546.0356,550.05316,0.0,-0.11939993500709534,-3.8981893
exp3_fixed_2,930,578.3002,594.5709,0.0,-1.2156745195388794,-15.055088
exp3_fixed_2,931,28.73568,88.84146,0.0,-0.3305191397666931,-59.775227
exp3_fixed_2,932,595.7132,600.5259,0.0,-0.7699148654937744,-4.042781
exp3_fixed_2,933,574.0956,581.52527,0.0,-0.5434775352478027,-6.88631
exp3_fixed_2,934,622.64886,634.67847,0.0,-0.7709712386131287,-11.258653
exp3_fixed_2,935,609.1778,616.9036,0.0,-1.1125568151474,-6.6132455
exp3_fixed_2,936,651.6206,657.3791,0.0,-1.2193529605865479,-4.5391207
exp3_fixed_2,937,558.36176,565.9649,0.0,-3.80275559425354,-3.8003669
exp3_fixed_2,938,560.5459,565.6999,0.0,-0.4982796311378479,-4.655754
exp3_fixed_2,939,635.2059,638.55945,0.0,-0.36759859323501587,-2.9859707
exp3_fixed_2,941,548.0219,556.0156,0.0,-0.7557263374328613,-7.2380285
exp3_fixed_2,942,576.9148,582.6555,0.0,-2.745469570159912,-2.995226
exp3_fixed_2,943,587.3152,591.7439,0.0,-1.6482723951339722,-2.780454
exp3_fixed_2,944,564.1584,575.0857,0.0,-0.5094815492630005,-10.4178095
exp3_fixed_2,945,539.8085,551.5752,0.0,-1.5692391395568848,-10.197492
exp3_fixed_2,946,599.66943,603.8441,0.0,-0.6365225315093994,-3.5381372
exp3_fixed_2,947,527.57947,539.027,0.0,-0.5743775367736816,-10.873147
exp3_fixed_2,948,622.2831,625.1041,0.0,-0.36363646388053894,-2.457448
exp3_fixed_2,949,-327.2051,-50.67709,-200.0,-63.273441314697266,-13.254574
exp3_fixed_2,950,546.20496,550.28735,0.0,-0.40034955739974976,-3.6819923
exp3_fixed_2,951,656.7616,659.7107,0.0,-0.5668624639511108,-2.3822837
exp3_fixed_2,952,-93.71677,-68.288216,0.0,-9.832839965820312,-15.59571
exp3_fixed_2,953,574.68933,615.85736,0.0,-1.4334194660186768,-39.73465
exp3_fixed_2,954,627.9204,632.98975,0.0,-2.175692558288574,-2.893644
exp3_fixed_2,955,543.60156,558.0242,0.0,-0.6709381341934204,-13.751706
exp3_fixed_2,956,-80.46099,-51.757,0.0,-7.675827980041504,-21.028149
exp3_fixed_2,957,586.98914,593.77106,0.0,-1.6534655094146729,-5.1284175
exp3_fixed_2,958,625.2796,630.5539,0.0,-1.4017001390457153,-3.8725479
exp3_fixed_2,959,587.42224,590.8766,0.0,-1.0084596872329712,-2.4458673
exp3_fixed_2,961,598.4717,608.3584,0.0,-1.0100466012954712,-8.876727
exp3_fixed_2,962,585.062,589.3241,0.0,-1.4432371854782104,-2.8188958
exp3_fixed_2,963,576.9771,590.8525,0.0,-0.8211668729782104,-13.054233
exp3_fixed_2,964,548.8705,555.0102,0.0,-0.6312000751495361,-5.508499
exp3_fixed_2,965,587.611,603.8187,0.0,-1.116205096244812,-15.0915575
exp3_fixed_2,966,679.1832,682.5775,0.0,-0.5526485443115234,-2.8416097
exp3_fixed_2,967,557.2529,565.4378,0.0,-1.5722293853759766,-6.6126814
exp3_fixed_2,968,609.9812,616.4281,0.0,-0.3803313076496124,-6.066514
exp3_fixed_2,969,198.38576,266.2289,0.0,-1.387904405593872,-66.45528
exp3_fixed_2,970,567.24567,570.9939,0.0,-0.5261827707290649,-3.2220273
exp3_fixed_2,971,625.34045,629.00507,0.0,-0.6839473843574524,-2.9806833
exp3_fixed_2,972,24.804436,57.02292,0.0,-13.764267921447754,-18.4542
exp3_fixed_2,973,600.2839,615.25073,0.0,-6.484690189361572,-8.482207
exp3_fixed_2,974,581.7098,586.39307,0.0,-0.6485225558280945,-4.034748
exp3_fixed_2,975,658.61224,661.97797,0.0,-0.6429694890975952,-2.7227395
exp3_fixed_2,976,626.2604,633.6243,0.0,-0.9297624230384827,-6.434173
exp3_fixed_2,977,566.87585,586.14453,0.0,-0.5867436528205872,-18.681973
exp3_fixed_2,978,567.7542,573.13916,0.0,-1.0375211238861084,-4.3474
exp3_fixed_2,979,661.3769,664.1304,0.0,-0.6838037967681885,-2.069716
exp3_fixed_2,981,535.9972,554.81824,0.0,-0.5767233371734619,-18.244316
exp3_fixed_2,982,616.8203,623.06744,0.0,-0.6168608665466309,-5.6303196
exp3_fixed_2,983,579.8815,590.6284,0.0,-1.1131197214126587,-9.633829
exp3_fixed_2,984,557.09863,578.21796,0.0,-1.505873680114746,-19.613459
exp3_fixed_2,985,556.23364,559.8041,0.0,-1.2568546533584595,-2.313615
exp3_fixed_2,986,641.35406,644.4086,0.0,-0.28068339824676514,-2.7738533
exp3_fixed_2,987,543.364,555.4287,0.0,-2.4528517723083496,-9.611811
exp3_fixed_2,988,579.39825,595.08325,0.0,-0.791490912437439,-14.893488
exp3_fixed_2,989,509.5818,519.4469,0.0,-1.588566541671753,-8.276547
exp3_fixed_2,990,643.4316,645.8026,0.0,-0.6163650155067444,-1.7547045
exp3_fixed_2,991,615.8166,619.62744,0.0,-1.442987322807312,-2.3678918
exp3_fixed_2,992,529.9253,535.3592,0.0,-0.5459297895431519,-4.887946
exp3_fixed_2,993,538.8828,543.37396,0.0,-0.5937128663063049,-3.8974774
exp3_fixed_2,994,540.48926,566.66223,0.0,-0.8734950423240662,-25.299456
exp3_fixed_2,995,36.621014,89.741554,0.0,-7.407996654510498,-45.712536
exp3_fixed_2,996,634.6437,641.9606,0.0,-1.4439070224761963,-5.8730316
exp3_fixed_2,997,539.9374,553.9807,0.0,-1.1548649072647095,-12.888401
exp3_fixed_2,998,538.0543,550.3994,0.0,-0.8685704469680786,-11.476494
exp3_fixed_2,999,623.1218,649.2454,0.0,-1.6034919023513794,-24.52009
exp3_fixed_2,1001,-113.060074,122.144745,-200.0,-33.69284439086914,-1.5119636
exp3_fixed_2,1002,611.2736,620.92615,0.0,-0.9755794405937195,-8.676905
exp3_fixed_2,1003,640.5399,646.2757,0.0,-0.9045585989952087,-4.8312535
exp3_fixed_2,1004,549.74896,571.9731,0.0,-1.347558856010437,-20.87657
exp3_fixed_2,1005,591.2469,631.6013,0.0,-1.751439094543457,-38.60303
exp3_fixed_2,1006,173.93896,243.25061,0.0,-2.0754733085632324,-67.23621
exp3_fixed_2,1007,516.25806,529.58704,0.0,-0.2357771247625351,-13.093224
exp3_fixed_2,1008,478.43945,487.53558,0.0,-0.35332226753234863,-8.742789
exp3_fixed_2,1009,594.9648,606.8949,0.0,-0.5526953935623169,-11.377462
exp3_fixed_2,1010,661.2975,666.8806,0.0,-1.2321586608886719,-4.351002
exp3_fixed_2,1011,545.0547,550.3645,0.0,-0.7850392460823059,-4.524727
exp3_fixed_2,1012,9.149385,51.898975,0.0,-25.229686737060547,-17.519918
exp3_fixed_2,1013,533.29663,537.9293,0.0,-1.1147819757461548,-3.5178668
exp3_fixed_2,1014,566.40173,577.57935,0.0,-0.5632758736610413,-10.614305
exp3_fixed_2,1015,624.81445,644.92737,0.0,-3.0640857219696045,-17.048798
exp3_fixed_2,1016,202.14668,279.3303,0.0,-2.423285722732544,-74.76037
exp3_fixed_2,1017,627.0399,632.79944,0.0,-0.558672308921814,-5.2008367
exp3_fixed_2,1018,554.3782,559.2715,0.0,-0.2672731876373291,-4.625978
exp3_fixed_2,1019,563.0074,584.52655,0.0,-1.2146960496902466,-20.304445
exp3_fixed_2,1021,568.6958,573.3547,0.0,-0.6619540452957153,-3.9968925
exp3_fixed_2,1022,582.1542,590.50354,0.0,-0.6272213459014893,-7.7221475
exp3_fixed_2,1023,592.6439,602.102,0.0,-5.891388416290283,-3.5666723
exp3_fixed_2,1024,548.2261,566.82245,0.0,-2.926443338394165,-15.669868
exp3_fixed_2,1025,548.1782,552.5692,0.0,-0.4881317615509033,-3.9028258
exp3_fixed_2,1026,216.75307,293.47003,0.0,-4.946461200714111,-71.77058
exp3_fixed_2,1027,478.47552,484.93793,0.0,-1.9450875520706177,-4.5173664
exp3_fixed_2,1028,151.57614,226.00716,0.0,-0.29125887155532837,-74.13981
exp3_fixed_2,1029,612.9279,619.27466,0.0,-2.0573062896728516,-4.2894306
exp3_fixed_2,1030,632.2197,645.32794,0.0,-0.7614225149154663,-12.346838
exp3_fixed_2,1031,623.5172,628.06964,0.0,-1.224558711051941,-3.3278897
exp3_fixed_2,1032,525.1293,541.84814,0.0,-0.28106826543807983,-16.43777
exp3_fixed_2,1033,617.13086,622.79504,0.0,-1.0174082517623901,-4.646738
exp3_fixed_2,1034,-70.85811,-4.7728195,0.0,-24.74205780029297,-41.3433
exp3_fixed_2,1035,515.8902,528.67444,0.0,-0.15472833812236786,-12.629525
exp3_fixed_2,1036,196.16953,263.66226,0.0,-2.0194640159606934,-65.473335
exp3_fixed_2,1037,523.6875,562.8342,0.0,-1.049973487854004,-38.096794
exp3_fixed_2,1038,582.98346,587.01514,0.0,-0.9498630166053772,-3.081765
exp3_fixed_2,1039,651.7511,655.8877,0.0,-1.1041052341461182,-3.0324998
exp3_fixed_2,1041,576.24854,591.1507,0.0,-0.6906783580780029,-14.211553
exp3_fixed_2,1042,616.1876,622.7023,0.0,-1.1971125602722168,-5.317462
exp3_fixed_2,1043,470.4956,478.04422,0.0,-2.812628746032715,-4.735978
exp3_fixed_2,1044,590.5568,610.71027,0.0,-0.6956079006195068,-19.457853
exp3_fixed_2,1045,541.36194,547.7024,0.0,-2.569746971130371,-3.770685
exp3_fixed_2,1046,578.482,582.75183,0.0,-1.1021839380264282,-3.1675994
exp3_fixed_2,1047,554.941,560.6754,0.0,-0.7135670185089111,-5.0208445
exp3_fixed_2,1048,545.5797,568.0301,0.0,-0.6601808071136475,-21.790272
exp3_fixed_2,1049,597.3843,614.8085,0.0,-0.9970766305923462,-16.4271
exp3_fixed_2,1050,621.61993,633.5497,0.0,-0.33523717522621155,-11.594526
exp3_fixed_2,1051,650.08923,652.13074,0.0,-0.24925507605075836,-1.7922817
exp3_fixed_2,1052,119.824234,185.98671,0.0,-0.6642950177192688,-65.49824
exp3_fixed_2,1053,167.26935,232.02391,0.0,-2.0290169715881348,-62.725574
exp3_fixed_2,1054,579.5863,584.3846,0.0,-0.7655539512634277,-4.0327325
exp3_fixed_2,1055,618.27313,626.2149,0.0,-1.8289119005203247,-6.112849
exp3_fixed_2,1056,586.71655,610.3546,0.0,-1.00017511844635,-22.637877
exp3_fixed_2,1057,456.0971,475.93283,0.0,-1.749438762664795,-18.086302
exp3_fixed_2,1058,-45.43278,-22.97051,0.0,-9.794951438903809,-12.667276
exp3_fixed_2,1059,603.4075,605.5674,0.0,-0.3157343566417694,-1.8441527
exp3_fixed_2,1061,106.605194,201.59578,0.0,-0.3335898518562317,-94.656944
exp3_fixed_2,1062,604.22034,607.521,0.0,-0.7024957537651062,-2.5981956
exp3_fixed_2,1063,631.9512,639.8994,0.0,-1.1067301034927368,-6.841448
exp3_fixed_2,1064,515.0014,520.0634,0.0,-0.9700349569320679,-4.0919847
exp3_fixed_2,1065,604.98773,611.2716,0.0,-1.9322364330291748,-4.3516383
exp3_fixed_2,1066,553.0112,556.8766,0.0,-0.5270519256591797,-3.3383205
exp3_fixed_2,1067,637.8159,645.3937,0.0,-1.0118036270141602,-6.5659924
exp3_fixed_2,1068,545.3403,550.0855,0.0,-0.8860228657722473,-3.8592253
exp3_fixed_2,1069,594.7195,602.74493,0.0,-1.0814257860183716,-6.944048
exp3_fixed_2,1070,603.9386,607.52655,0.0,-0.428178995847702,-3.1597762
exp3_fixed_2,1071,604.81744,607.7053,0.0,-0.5581740140914917,-2.329722
exp3_fixed_2,1072,603.08435,607.9922,0.0,-1.8924293518066406,-3.015455
exp3_fixed_2,1073,636.47046,638.9955,0.0,-0.4853447675704956,-2.0396554
exp3_fixed_2,1074,539.24207,543.90594,0.0,-1.314481258392334,-3.349434
exp3_fixed_2,1075,637.26886,653.9205,0.0,-1.8763684034347534,-14.7752
exp3_fixed_2,1076,561.73126,567.69745,0.0,-0.19892166554927826,-5.767267
exp3_fixed_2,1077,658.7211,662.04114,0.0,-0.6142585873603821,-2.705753
exp3_fixed_2,1078,590.804,594.47815,0.0,-0.7746075391769409,-2.8995345
exp3_fixed_2,1079,637.7965,641.0305,0.0,-0.7981627583503723,-2.4358854
exp3_fixed_2,1081,512.3922,517.17786,0.0,-1.5614467859268188,-3.224282
exp3_fixed_2,1082,566.59607,570.2628,0.0,-0.5132845640182495,-3.1534402
exp3_fixed_2,1083,553.56146,555.87177,0.0,-0.526462197303772,-1.7838367
exp3_fixed_2,1084,125.08894,186.90147,0.0,-0.306211918592453,-61.506435
exp3_fixed_2,1085,592.0399,595.0451,0.0,-0.7150219678878784,-2.2901297
exp3_fixed_2,1086,590.60425,594.56476,0.0,-1.7195161581039429,-2.2410011
exp3_fixed_2,1087,606.2223,622.1592,0.0,-1.45499849319458,-14.481934
exp3_fixed_2,1088,518.0166,529.0504,0.0,-0.6377350091934204,-10.396102
exp3_fixed_2,1089,571.583,579.4841,0.0,-1.1207395792007446,-6.7804084
exp3_fixed_2,1090,610.00653,613.6009,0.0,-1.0123825073242188,-2.5819433
exp3_fixed_2,1091,476.4009,491.09875,0.0,-1.20356285572052,-13.494262
exp3_fixed_2,1092,-0.47039127,41.05653,0.0,-8.14770221710205,-33.379208
exp3_fixed_2,1093,558.777,563.21216,0.0,-0.2435438632965088,-4.1916275
exp3_fixed_2,1094,584.0881,586.1166,0.0,-0.7316142916679382,-1.2969055
exp3_fixed_2,1095,589.50323,593.88684,0.0,-0.48074737191200256,-3.9028625
exp3_fixed_2,1096,660.1956,662.23566,0.0,-0.5027411580085754,-1.5373439
exp3_fixed_2,1097,615.50134,621.8529,0.0,-0.8514354825019836,-5.5001316
exp3_fixed_2,1098,590.03564,593.7582,0.0,-0.7973381280899048,-2.9251745
exp3_fixed_2,1099,181.64957,238.6784,0.0,-0.1573915034532547,-56.871437
exp3_fixed_2,1101,264.88367,321.94406,0.0,-2.4467825889587402,-54.613567
exp3_fixed_2,1102,584.9043,625.4055,0.0,-0.6310074925422668,-39.8701
exp3_fixed_2,1103,575.2667,577.27893,0.0,-0.37205368280410767,-1.6401626
exp3_fixed_2,1104,614.3003,621.41693,0.0,-0.8081132769584656,-6.308529
exp3_fixed_2,1105,22.39798,67.59523,0.0,-7.326121807098389,-37.87108
exp3_fixed_2,1106,573.016,584.27966,0.0,-0.5232982635498047,-10.740531
exp3_fixed_2,1107,145.49548,223.34427,0.0,-4.96538782119751,-72.88337
exp3_fixed_2,1108,574.7731,587.9659,0.0,-0.8393136262893677,-12.353528
exp3_fixed_2,1109,451.82632,461.502,0.0,-4.6745429039001465,-5.0011077
exp3_fixed_2,1110,612.8057,621.1145,0.0,-1.7953364849090576,-6.513488
exp3_fixed_2,1111,557.8843,568.2693,0.0,-0.5683177709579468,-9.816664
exp3_fixed_2,1112,632.76227,636.76636,0.0,-0.40481868386268616,-3.5992837
exp3_fixed_2,1113,672.07965,676.5387,0.0,-1.3739051818847656,-3.0851722
exp3_fixed_2,1114,617.4667,626.5158,0.0,-1.077202558517456,-7.9719343
exp3_fixed_2,1115,640.80585,643.041,0.0,-0.6903948783874512,-1.5447993
exp3_fixed_2,1116,573.8429,576.33954,0.0,-0.8780103325843811,-1.6186234
exp3_fixed_2,1117,94.26954,162.03963,0.0,-6.143247127532959,-61.62686
exp3_fixed_2,1118,598.9018,603.0141,0.0,-2.000128984451294,-2.11218
exp3_fixed_2,1119,563.4633,570.9935,0.0,-1.2234227657318115,-6.306797
exp3_fixed_2,1121,598.7287,601.5292,0.0,-0.7674974203109741,-2.032986
exp3_fixed_2,1122,630.53094,638.5405,0.0,-0.5445814728736877,-7.4650087
exp3_fixed_2,1123,581.8647,585.44446,0.0,-1.233697533607483,-2.346091
exp3_fixed_2,1124,589.71985,596.6872,0.0,-1.3768390417099,-5.5905433
exp3_fixed_2,1125,674.32446,677.9241,0.0,-1.055112361907959,-2.544564
exp3_fixed_2,1126,588.5045,593.0608,0.0,-0.8683623671531677,-3.6878636
exp3_fixed_2,1127,506.43906,517.5343,0.0,-0.6074245572090149,-10.487792
exp3_fixed_2,1128,646.04456,652.7955,0.0,-0.7910393476486206,-5.9598813
exp3_fixed_2,1129,616.6717,619.9142,0.0,-0.997153639793396,-2.2453659
exp3_fixed_2,1130,560.1202,573.10474,0.0,-1.5491935014724731,-11.435325
exp3_fixed_2,1131,691.8514,696.7357,0.0,-1.4774580001831055,-3.4068558
exp3_fixed_2,1132,594.14813,602.17426,0.0,-0.9536377787590027,-7.072488
exp3_fixed_2,1133,438.14142,478.1013,0.0,-1.4555026292800903,-38.50441
exp3_fixed_2,1134,567.895,583.6604,0.0,-0.9110528230667114,-14.854327
exp3_fixed_2,1135,511.03082,517.70844,0.0,-3.2164440155029297,-3.4611046
exp3_fixed_2,1136,624.5811,627.5205,0.0,-0.729019045829773,-2.2104006
exp3_fixed_2,1137,664.24854,667.31616,0.0,-0.48814278841018677,-2.5794432
exp3_fixed_2,1138,640.71246,644.13153,0.0,-1.5716166496276855,-1.8474897
exp3_fixed_2,1139,46.69938,117.27316,0.0,-0.9696601629257202,-69.60414
exp3_fixed_2,1141,641.0198,643.9723,0.0,-0.6219984889030457,-2.3305566
exp3_fixed_2,1142,611.18134,618.9236,0.0,-1.2219661474227905,-6.520187
exp3_fixed_2,1143,65.37306,126.40244,0.0,-0.4914364516735077,-60.53798
exp3_fixed_2,1144,596.73785,604.0374,0.0,-0.9747747182846069,-6.324749
exp3_fixed_2,1145,576.0447,584.28357,0.0,-1.7355178594589233,-6.503405
exp3_fixed_2,1146,582.4137,592.4737,0.0,-0.32164838910102844,-9.738304
exp3_fixed_2,1147,514.8073,528.4531,0.0,-0.7754762172698975,-12.870347
exp3_fixed_2,1148,603.0283,608.11584,0.0,-1.0320361852645874,-4.0554953
exp3_fixed_2,1149,150.03638,212.8531,0.0,-0.9128810167312622,-61.903793
exp3_fixed_2,1150,548.93414,555.3721,0.0,-1.1386064291000366,-5.2993226
exp3_fixed_2,1151,589.1283,595.8906,0.0,-0.799143373966217,-5.9631853
exp3_fixed_2,1152,529.622,535.8004,0.0,-0.9623045325279236,-5.21613
exp3_fixed_2,1153,599.76404,609.4651,0.0,-0.7040280103683472,-8.997032
exp3_fixed_2,1154,214.74771,275.82065,0.0,-1.2889636754989624,-59.783974
exp3_fixed_2,1155,551.52765,567.0511,0.0,-0.9885300993919373,-14.534894
exp3_fixed_2,1156,578.1459,584.0965,0.0,-0.5537777543067932,-5.3968396
exp3_fixed_2,1157,116.91423,186.8558,0.0,-0.8107165098190308,-69.13096
exp3_fixed_2,1158,547.9799,556.97595,0.0,-1.4494202136993408,-7.546597
exp3_fixed_2,1159,613.7308,630.55096,0.0,-2.242910861968994,-14.577315
exp3_fixed_2,1161,660.2639,664.88745,0.0,-0.5968943238258362,-4.026666
exp3_fixed_2,1162,618.17474,622.7361,0.0,-0.8879660964012146,-3.6734035
exp3_fixed_2,1163,616.66565,619.133,0.0,-0.6713491678237915,-1.7960305
exp3_fixed_2,1164,566.477,574.9144,0.0,-2.462458848953247,-5.974972
exp3_fixed_2,1165,657.2599,661.26575,0.0,-0.698277473449707,-3.307498
exp3_fixed_2,1166,643.91327,648.3377,0.0,-0.5145364999771118,-3.9099152
exp3_fixed_2,1167,636.02057,640.2444,0.0,-1.098745346069336,-3.12503
exp3_fixed_2,1168,639.157,644.5637,0.0,-1.1425743103027344,-4.2641325
exp3_fixed_2,1169,623.781,627.0344,0.0,-1.199996829032898,-2.0534747
exp3_fixed_2,1170,601.96027,604.7828,0.0,-0.5018293857574463,-2.320629
exp3_fixed_2,1171,142.64989,208.27278,0.0,-1.1128380298614502,-64.509895
exp3_fixed_2,1172,593.0891,599.3453,0.0,-1.698785662651062,-4.557397
exp3_fixed_2,1173,612.3333,623.18207,0.0,-1.7740718126296997,-9.074645
exp3_fixed_2,1174,602.32196,619.01416,0.0,-1.8118646144866943,-14.880352
exp3_fixed_2,1175,496.162,513.49304,0.0,-1.8524514436721802,-15.478657
exp3_fixed_2,1176,561.9453,580.5248,0.0,-1.5459593534469604,-17.033451
exp3_fixed_2,1177,650.84204,654.60693,0.0,-1.2240805625915527,-2.5407932
exp3_fixed_2,1178,476.2424,484.10254,0.0,-4.139153957366943,-3.7209702
exp3_fixed_2,1179,566.9825,583.4737,0.0,-1.37553870677948,-15.115699
exp3_fixed_2,1181,407.65704,434.67584,0.0,-19.979488372802734,-7.0393205
exp3_fixed_2,1182,622.98834,624.93567,0.0,-0.12058019638061523,-1.8267745
exp3_fixed_2,1183,604.875,611.0932,0.0,-2.0879907608032227,-4.130221
exp3_fixed_2,1184,630.37537,635.4147,0.0,-0.515169084072113,-4.524118
exp3_fixed_2,1185,593.1818,608.4016,0.0,-2.226545810699463,-12.993262
exp3_fixed_2,1186,660.33673,671.59937,0.0,-2.5432050228118896,-8.719472
exp3_fixed_2,1187,603.42596,609.62787,0.0,-0.9348752498626709,-5.2670236
exp3_fixed_2,1188,579.28235,583.9706,0.0,-0.48666155338287354,-4.201571
exp3_fixed_2,1189,657.5553,661.05634,0.0,-0.8177729249000549,-2.6833568
exp3_fixed_2,1190,568.69775,584.81525,0.0,-1.1272015571594238,-14.990354
exp3_fixed_2,1191,519.7386,530.93835,0.0,-0.4920749068260193,-10.707736
exp3_fixed_2,1192,550.2156,555.4022,0.0,-0.6746293902397156,-4.512004
exp3_fixed_2,1193,529.6689,549.80615,0.0,-0.24869267642498016,-19.88867
exp3_fixed_2,1194,99.17613,146.82774,0.0,-0.8544389009475708,-46.797157
exp3_fixed_2,1195,592.0058,596.7026,0.0,-1.7467520236968994,-2.950001
exp3_fixed_2,1196,124.617226,176.76051,0.0,-0.22361606359481812,-51.919563
exp3_fixed_2,1197,152.43938,199.50806,0.0,-0.7033079266548157,-46.36532
exp3_fixed_2,1198,557.2225,568.0528,0.0,-2.321568012237549,-8.508719
exp3_fixed_2,1199,614.8424,617.0271,0.0,-0.4028269350528717,-1.7818426
exp3_fixed_2,1201,560.15106,567.87537,0.0,-2.3600430488586426,-5.364269
exp3_fixed_2,1202,113.986305,160.42561,0.0,-0.3755321204662323,-46.06379
exp3_fixed_2,1203,601.0799,609.99,0.0,-1.3034229278564453,-7.6066775
exp3_fixed_2,1204,608.555,611.7561,0.0,-0.7672281265258789,-2.4339013
exp3_fixed_2,1205,619.3426,623.10956,0.0,-1.1763813495635986,-2.5905647
exp3_fixed_2,1206,524.21893,528.4843,0.0,-0.9339770078659058,-3.3314183
exp3_fixed_2,1207,635.63257,638.81415,0.0,-0.7701101899147034,-2.4115045
exp3_fixed_2,1208,540.2375,547.8112,0.0,-1.862990379333496,-5.710744
exp3_fixed_2,1209,160.12828,225.09332,0.0,-0.9302976131439209,-64.03476
exp3_fixed_2,1210,573.38995,577.8704,0.0,-0.9539971351623535,-3.5264635
exp3_fixed_2,1211,597.24036,602.90027,0.0,-0.598905622959137,-5.0610347
exp3_fixed_2,1212,602.5179,605.9865,0.0,-0.5510040521621704,-2.917616
exp3_fixed_2,1213,596.8472,607.18036,0.0,-2.415637493133545,-7.917529
exp3_fixed_2,1214,587.3789,593.685,0.0,-1.6103410720825195,-4.6957235
exp3_fixed_2,1215,592.708,597.13904,0.0,-0.586635947227478,-3.8443193
exp3_fixed_2,1216,540.0409,546.6324,0.0,-2.624810218811035,-3.9666245
exp3_fixed_2,1217,612.8082,617.7895,0.0,-2.0037903785705566,-2.9775097
exp3_fixed_2,1218,581.8871,584.5022,0.0,-0.31854188442230225,-2.2965503
exp3_fixed_2,1219,649.8756,654.5338,0.0,-1.8721387386322021,-2.7859948
exp3_fixed_2,1221,563.1628,568.35205,0.0,-1.4644445180892944,-3.7247915
exp3_fixed_2,1222,538.2499,554.7062,0.0,-2.0013577938079834,-14.454926
exp3_fixed_2,1223,617.0618,627.03467,0.0,-1.4622225761413574,-8.510616
exp3_fixed_2,1224,568.91394,573.9403,0.0,-0.5446601510047913,-4.4817324
exp3_fixed_2,1225,619.6504,623.2409,0.0,-0.9126781225204468,-2.6777897
exp3_fixed_2,1226,597.2627,602.00354,0.0,-0.3454516530036926,-4.39538
exp3_fixed_2,1227,600.4068,603.2521,0.0,-0.5632514953613281,-2.282063
exp3_fixed_2,1228,607.19977,657.99304,0.0,-0.7577142715454102,-50.035564
exp3_fixed_2,1229,151.9266,226.30743,0.0,-0.4236415922641754,-73.957146
exp3_fixed_2,1230,234.83533,287.23996,0.0,-2.5594213008880615,-49.84528
exp3_fixed_2,1231,-58.570633,-10.930905,0.0,-0.4082328677177429,-47.231503
exp3_fixed_2,1232,499.5357,503.461,0.0,-0.38706105947494507,-3.5382438
exp3_fixed_2,1233,619.06067,644.75256,0.0,-13.745475769042969,-11.946379
exp3_fixed_2,1234,652.0795,655.9522,0.0,-1.4073939323425293,-2.4652734
exp3_fixed_2,1235,58.2111,96.43524,0.0,-1.819473147392273,-36.404648
exp3_fixed_2,1236,572.2446,573.8899,0.0,-0.3084753155708313,-1.3367662
exp3_fixed_2,1237,581.4166,585.1992,0.0,-1.5827692747116089,-2.1998553
exp3_fixed_2,1238,83.11789,118.5682,0.0,-3.7893621921539307,-31.660889
exp3_fixed_2,1239,65.261154,116.924965,0.0,-1.3831088542938232,-50.280643
exp3_fixed_2,1241,649.3698,653.70087,0.0,-1.7134552001953125,-2.6175804
exp3_fixed_2,1242,529.0779,536.3413,0.0,-0.32972046732902527,-6.93363
exp3_fixed_2,1243,649.9137,653.5519,0.0,-0.4301700294017792,-3.2079592
exp3_fixed_2,1244,527.729,531.5593,0.0,-0.4897034168243408,-3.3405523
exp3_fixed_2,1245,531.06525,538.31323,0.0,-1.2800610065460205,-5.96793
exp3_fixed_2,1246,568.6287,578.17346,0.0,-5.319038391113281,-4.225703
exp3_fixed_2,1247,565.0902,570.0055,0.0,-1.1773252487182617,-3.7379453
exp3_fixed_2,1248,627.4994,631.8933,0.0,-0.6079162955284119,-3.7859843
exp3_fixed_2,1249,512.8221,518.5719,0.0,-0.460625022649765,-5.289157
exp3_fixed_2,1250,610.8228,614.11926,0.0,-0.7719337344169617,-2.5244856
exp3_fixed_2,1251,160.8373,221.63173,0.0,-2.789386034011841,-58.005
exp3_fixed_2,1252,597.2738,614.8568,0.0,-2.0662155151367188,-15.516802
exp3_fixed_2,1253,570.5725,575.8247,0.0,-2.0441527366638184,-3.2080114
exp3_fixed_2,1254,562.79175,570.78094,0.0,-0.6358286142349243,-7.353339
exp3_fixed_2,1255,659.3489,662.35144,0.0,-0.6575000882148743,-2.34507
exp3_fixed_2,1256,635.03253,653.6362,0.0,-0.7094162702560425,-17.89434
exp3_fixed_2,1257,550.0742,560.62103,0.0,-0.7150014638900757,-9.831839
exp3_fixed_2,1258,570.78735,574.4081,0.0,-1.0242618322372437,-2.5965035
exp3_fixed_2,1259,601.1583,608.32513,0.0,-3.137143135070801,-4.0296474
exp3_fixed_2,1261,511.42056,522.4169,0.0,-3.0432167053222656,-7.9530993
exp3_fixed_2,1262,586.1426,609.9236,0.0,-1.1469674110412598,-22.634079
exp3_fixed_2,1263,134.61739,183.84253,0.0,-0.6561263799667358,-48.568985
exp3_fixed_2,1264,623.14905,628.94543,0.0,-1.4954997301101685,-4.300907
exp3_fixed_2,1265,538.1957,545.7585,0.0,-1.4268016815185547,-6.136005
exp3_fixed_2,1266,114.610535,157.4264,0.0,-0.8428137302398682,-41.973057
exp3_fixed_2,1267,585.80115,590.44116,0.0,-1.234700322151184,-3.4052804
exp3_fixed_2,1268,612.0321,617.5801,0.0,-1.0998494625091553,-4.4480777
exp3_fixed_2,1269,616.7571,625.8624,0.0,-1.4023939371109009,-7.7029257
exp3_fixed_2,1270,570.88995,576.44885,0.0,-3.0313472747802734,-2.527589
exp3_fixed_2,1271,581.38257,584.50256,0.0,-0.564119279384613,-2.555858
exp3_fixed_2,1272,644.81177,649.12555,0.0,-1.1803481578826904,-3.1334286
exp3_fixed_2,1273,682.3753,685.97144,0.0,-0.349065363407135,-3.247127
exp3_fixed_2,1274,555.42175,566.8672,0.0,-2.8176538944244385,-8.627772
exp3_fixed_2,1275,667.2854,671.0499,0.0,-0.28450989723205566,-3.4800127
exp3_fixed_2,1276,616.881,620.75073,0.0,-0.6281581521034241,-3.241627
exp3_fixed_2,1277,614.7855,623.6151,0.0,-1.670460820198059,-7.159098
exp3_fixed_2,1278,664.90625,668.741,0.0,-0.40219879150390625,-3.4325373
exp3_fixed_2,1279,585.2721,596.15326,0.0,-2.8510379791259766,-8.030121
exp3_fixed_2,1281,-13.690168,22.566923,0.0,-2.5176305770874023,-33.739506
exp3_fixed_2,1282,589.75323,615.87195,0.0,-1.7030534744262695,-24.415617
exp3_fixed_2,1283,-0.7727598,31.19837,0.0,-0.47357121109962463,-31.49755
exp3_fixed_2,1284,540.8764,550.4741,0.0,-1.5682766437530518,-8.029383
exp3_fixed_2,1285,164.88411,240.1592,0.0,-1.3856350183486938,-73.88937
exp3_fixed_2,1286,575.487,582.0901,0.0,-0.6001580953598022,-6.002942
exp3_fixed_2,1287,617.57684,629.246,0.0,-0.4242370128631592,-11.24483
exp3_fixed_2,1288,568.63873,573.83093,0.0,-1.6990182399749756,-3.4931726
exp3_fixed_2,1289,564.95593,579.59705,0.0,-1.0293488502502441,-13.611813
exp3_fixed_2,1290,595.5111,600.26685,0.0,-1.7993866205215454,-2.9563136
exp3_fixed_2,1291,16.600588,21.817648,0.0,-2.012874126434326,-3.204224
exp3_fixed_2,1292,-32.0129,-10.069801,0.0,-2.6743855476379395,-19.268717
exp3_fixed_2,1293,578.1549,587.8109,0.0,-2.3035728931427,-7.352414
exp3_fixed_2,1294,606.952,613.0382,0.0,-1.4737217426300049,-4.612458
exp3_fixed_2,1295,546.8779,550.7757,0.0,-0.9222110509872437,-2.975594
exp3_fixed_2,1296,614.1666,617.86206,0.0,-0.8185349702835083,-2.876849
exp3_fixed_2,1297,549.3246,558.2103,0.0,-1.5459469556808472,-7.339738
exp3_fixed_2,1298,640.6947,647.4934,0.0,-0.7886854410171509,-6.009972
exp3_fixed_2,1299,100.99803,132.73276,0.0,-0.7172266840934753,-31.01752
exp3_fixed_2,1301,592.6406,595.818,0.0,-0.8172675371170044,-2.360096
exp3_fixed_2,1302,499.53027,512.126,0.0,-2.1738274097442627,-10.421926
exp3_fixed_2,1303,573.9333,577.4061,0.0,-0.4287354052066803,-3.0440717
exp3_fixed_2,1304,148.56013,220.05418,0.0,-1.0383174419403076,-70.455734
exp3_fixed_2,1305,616.4566,621.64886,0.0,-2.215618371963501,-2.9766486
exp3_fixed_2,1306,615.8061,618.60425,0.0,-1.5293811559677124,-1.2687743
exp3_fixed_2,1307,-72.999756,-52.726234,0.0,-11.059141159057617,-9.214401
exp3_fixed_2,1308,64.690994,108.46464,0.0,-0.3603678345680237,-43.41324
exp3_fixed_2,1309,77.728745,98.2814,0.0,-17.678714752197266,-2.8740542
exp3_fixed_2,1310,146.52715,178.74532,0.0,-0.4591696858406067,-31.759005
exp3_fixed_2,1311,-18.129818,-2.951305,0.0,-3.4921469688415527,-11.686392
exp3_fixed_2,1312,591.71515,601.57574,0.0,-1.8155224323272705,-8.045095
exp3_fixed_2,1313,579.06537,585.98254,0.0,-0.756839394569397,-6.1603265
exp3_fixed_2,1314,607.2375,612.1716,0.0,-1.437515139579773,-3.4965749
exp3_fixed_2,1315,48.512505,80.839386,0.0,-1.1264134645462036,-31.200474
exp3_fixed_2,1316,590.13367,596.3387,0.0,-1.828405499458313,-4.376632
exp3_fixed_2,1317,565.59393,574.81464,0.0,-1.5361995697021484,-7.684473
exp3_fixed_2,1318,625.365,630.95404,0.0,-0.21751894056797028,-5.3715158
exp3_fixed_2,1319,110.07126,140.50226,0.0,-0.8870964050292969,-29.543917
exp3_fixed_2,1321,574.62115,577.7333,0.0,-1.4177327156066895,-1.6944249
exp3_fixed_2,1322,575.6638,585.46826,0.0,-1.7905449867248535,-8.013863
exp3_fixed_2,1323,644.0027,649.34766,0.0,-0.89676833152771,-4.448223
exp3_fixed_2,1324,432.58,452.2902,0.0,-3.017889976501465,-16.692318
exp3_fixed_2,1325,560.26086,564.0249,0.0,-1.3875036239624023,-2.3765228
exp3_fixed_2,1326,454.35406,458.06888,0.0,-0.7421648502349854,-2.9726892
exp3_fixed_2,1327,546.9552,556.513,0.0,-2.262082099914551,-7.2957177
exp3_fixed_2,1328,642.74176,646.7944,0.0,-1.0446040630340576,-3.008073
exp3_fixed_2,1329,-46.768475,-18.825294,0.0,-7.043323516845703,-20.89987
exp3_fixed_2,1330,654.5016,662.16956,0.0,-2.2895758152008057,-5.3783917
exp3_fixed_2,1331,-67.62309,-48.651173,0.0,-1.1526014804840088,-17.81934
exp3_fixed_2,1332,-112.55404,98.51663,-200.0,-9.884007453918457,-1.1866535
exp3_fixed_2,1333,570.13617,577.7982,0.0,-3.0938315391540527,-4.5682063
exp3_fixed_2,1334,560.1372,573.88043,0.0,-0.6620147824287415,-13.081192
exp3_fixed_2,1335,543.8788,552.85767,0.0,-1.7186739444732666,-7.2602434
exp3_fixed_2,1336,676.531,681.4464,0.0,-0.7290678024291992,-4.186319
exp3_fixed_2,1337,453.26828,469.2179,0.0,-2.083167552947998,-13.86643
exp3_fixed_2,1338,625.35754,630.32983,0.0,-1.8128982782363892,-3.1594071
exp3_fixed_2,1339,576.6926,587.5488,0.0,-0.3557687997817993,-10.50044
exp3_fixed_2,1341,582.582,592.42346,0.0,-1.7980765104293823,-8.043367
exp3_fixed_2,1342,514.4336,539.94214,0.0,-6.398486614227295,-19.110018
exp3_fixed_2,1343,647.80133,654.0102,0.0,-0.6624853610992432,-5.546373
exp3_fixed_2,1344,602.45715,605.58276,0.0,-0.8234420418739319,-2.302189
exp3_fixed_2,1345,535.28955,543.1746,0.0,-1.3938742876052856,-6.491153
exp3_fixed_2,1346,610.847,617.31964,0.0,-0.6782163381576538,-5.794451
exp3_fixed_2,1347,526.8105,541.3654,0.0,-0.665232241153717,-13.889741
exp3_fixed_2,1348,567.1787,572.6422,0.0,-1.942624807357788,-3.5208557
exp3_fixed_2,1349,389.34354,395.21014,0.0,-2.1892802715301514,-3.6773257
exp3_fixed_2,1350,601.6238,606.3181,0.0,-1.0989562273025513,-3.5953968
exp3_fixed_2,1351,645.4749,650.5783,0.0,-1.351632833480835,-3.7517173
exp3_fixed_2,1352,78.95839,102.96475,0.0,-2.1341121196746826,-21.87227
exp3_fixed_2,1353,597.40375,633.3617,0.0,-0.9421164989471436,-35.01587
exp3_fixed_2,1354,650.64734,655.0663,0.0,-1.7027968168258667,-2.7161498
exp3_fixed_2,1355,598.17053,610.16345,0.0,-1.1152831315994263,-10.877598
exp3_fixed_2,1356,614.2912,619.5757,0.0,-0.5683989524841309,-4.7160974
exp3_fixed_2,1357,631.10504,637.56665,0.0,-0.9616883993148804,-5.499991
exp3_fixed_2,1358,586.415,593.73413,0.0,-0.49343061447143555,-6.825686
exp3_fixed_2,1359,585.44904,589.96606,0.0,-1.1018202304840088,-3.415279
exp3_fixed_2,1361,531.02045,536.74695,0.0,-1.2946116924285889,-4.431882
exp3_fixed_2,1362,635.7497,641.40784,0.0,-1.813877820968628,-3.8442898
exp3_fixed_2,1363,636.7377,642.3204,0.0,-0.464178204536438,-5.1185117
exp3_fixed_2,1364,109.31371,150.65831,0.0,-2.667588233947754,-38.677002
exp3_fixed_2,1365,14.063439,38.67931,0.0,-1.232952356338501,-23.382906
exp3_fixed_2,1366,565.8886,572.7358,0.0,-1.6072914600372314,-5.2398534
exp3_fixed_2,1367,598.62524,603.0884,0.0,-2.126351833343506,-2.336797
exp3_fixed_2,1368,609.16614,629.22675,0.0,-1.6567095518112183,-18.403872
exp3_fixed_2,1369,628.0756,631.18317,0.0,-1.5538699626922607,-1.5536767
exp3_fixed_2,1370,135.33113,168.01111,0.0,-0.9590006470680237,-31.720873
exp3_fixed_2,1371,57.515373,87.71182,0.0,-0.9014201164245605,-29.295017
exp3_fixed_2,1372,566.26495,576.42285,0.0,-2.3204498291015625,-7.8374434
exp3_fixed_2,1373,488.3474,517.09674,0.0,-3.5694594383239746,-25.179888
exp3_fixed_2,1374,576.209,579.70294,0.0,-0.9408823251724243,-2.5531337
exp3_fixed_2,1375,564.0571,573.1654,0.0,-1.1903637647628784,-7.917905
exp3_fixed_2,1376,-20.868416,-4.2466974,0.0,-0.7647369503974915,-15.857011
exp3_fixed_2,1377,616.6383,620.41266,0.0,-0.8142649531364441,-2.9601102
exp3_fixed_2,1378,22.483236,27.552671,0.0,-1.8091168403625488,-3.2603085
exp3_fixed_2,1379,136.48096,172.91028,0.0,-2.139782428741455,-34.28958
exp3_fixed_2,1381,570.14844,576.9623,0.0,-1.021436333656311,-5.792383
exp3_fixed_2,1382,605.05255,636.91437,0.0,-2.1650350093841553,-29.69675
exp3_fixed_2,1383,612.7285,616.242,0.0,-0.780933141708374,-2.7325714
exp3_fixed_2,1384,46.69686,75.30526,0.0,-0.5701478123664856,-28.038269
exp3_fixed_2,1385,413.02386,426.94165,0.0,-0.8652977347373962,-13.052478
exp3_fixed_2,1386,-49.210407,-30.159273,0.0,-8.09286880493164,-10.958263
exp3_fixed_2,1387,-14.606521,6.224044,0.0,-0.5466346740722656,-20.283897
exp3_fixed_2,1388,-21.433928,5.811439,0.0,-1.3221784830093384,-25.923206
exp3_fixed_2,1389,-23.410841,-18.433413,0.0,-1.2825573682785034,-3.6948543
exp3_fixed_2,1390,547.536,552.53595,0.0,-1.324313759803772,-3.6755612
exp3_fixed_2,1391,141.81987,176.48672,0.0,-1.5669786930084229,-33.0998
exp3_fixed_2,1392,571.1827,588.3744,0.0,-0.5802129507064819,-16.611612
exp3_fixed_2,1393,598.13965,600.2162,0.0,-0.6726052165031433,-1.4039208
exp3_fixed_2,1394,578.66296,587.3638,0.0,-1.8585822582244873,-6.842223
exp3_fixed_2,1395,568.0885,571.41565,0.0,-0.18925173580646515,-3.1379461
exp3_fixed_2,1396,476.0485,484.63202,0.0,-0.506900429725647,-8.076662
exp3_fixed_2,1397,616.5147,622.7336,0.0,-2.5752577781677246,-3.643616
exp3_fixed_2,1398,50.80029,80.0612,0.0,-1.0321815013885498,-28.228693
exp3_fixed_2,1399,588.24255,591.00195,0.0,-0.6625145673751831,-2.0969088
exp3_fixed_2,1401,625.0726,631.24414,0.0,-2.639225482940674,-3.532368
exp3_fixed_2,1402,640.13684,646.7319,0.0,-2.427675724029541,-4.167329
exp3_fixed_2,1403,482.13794,487.01788,0.0,-0.8712108731269836,-4.0087447
exp3_fixed_2,1404,603.25977,612.4102,0.0,-5.422064304351807,-3.7284076
exp3_fixed_2,1405,84.55276,140.17505,0.0,-1.9534294605255127,-53.668774
exp3_fixed_2,1406,126.12265,164.86487,0.0,-0.5162705183029175,-38.22599
exp3_fixed_2,1407,532.534,538.42395,0.0,-1.3533083200454712,-4.5366397
exp3_fixed_2,1408,597.73206,605.22424,0.0,-3.5961854457855225,-3.8959172
exp3_fixed_2,1409,582.25244,584.0414,0.0,-0.9471334218978882,-0.841781
exp3_fixed_2,1410,11.576092,17.796728,0.0,-2.662715435028076,-3.5578804
exp3_fixed_2,1411,501.79288,506.21368,0.0,-1.1245280504226685,-3.2962675
exp3_fixed_2,1412,32.020554,41.90576,0.0,-0.5972896218299866,-9.2878895
exp3_fixed_2,1413,165.15292,200.6066,0.0,-1.60924232006073,-33.844326
exp3_fixed_2,1414,547.6209,552.9213,0.0,-1.044765830039978,-4.2557178
exp3_fixed_2,1415,550.34607,555.35846,0.0,-0.6611197590827942,-4.3512974
exp3_fixed_2,1416,619.9657,625.97217,0.0,-1.9020955562591553,-4.104399
exp3_fixed_2,1417,601.60114,605.14325,0.0,-1.314263939857483,-2.227839
exp3_fixed_2,1418,586.00226,596.44604,0.0,-1.5935368537902832,-8.850262
exp3_fixed_2,1419,427.7658,451.70422,0.0,-16.600866317749023,-7.337539
exp3_fixed_2,1421,568.55396,577.24786,0.0,-2.579314947128296,-6.11466
exp3_fixed_2,1422,-127.62004,85.609566,-200.0,-11.851019859313965,-1.3786049
exp3_fixed_2,1423,535.05896,541.9074,0.0,-1.5716317892074585,-5.2768054
exp3_fixed_2,1424,599.7319,603.61334,0.0,-0.7763956189155579,-3.105094
exp3_fixed_2,1425,129.64513,156.52681,0.0,-1.6394455432891846,-25.242205
exp3_fixed_2,1426,694.2822,697.9177,0.0,-0.7208178043365479,-2.914677
exp3_fixed_2,1427,630.7689,634.51526,0.0,-1.5801509618759155,-2.166224
exp3_fixed_2,1428,613.4213,618.1665,0.0,-2.233090400695801,-2.5120506
exp3_fixed_2,1429,592.8236,598.6777,0.0,-1.8065561056137085,-4.0474877
exp3_fixed_2,1430,560.8292,568.5161,0.0,-1.6551916599273682,-6.0317035
exp3_fixed_2,1431,-72.278946,-53.48538,0.0,-0.6599909067153931,-18.133587
exp3_fixed_2,1432,580.2255,584.69464,0.0,-1.1673156023025513,-3.3018425
exp3_fixed_2,1433,620.3874,623.93616,0.0,-0.7806009650230408,-2.7681055
exp3_fixed_2,1434,594.5047,600.7153,0.0,-0.6596595048904419,-5.550959
exp3_fixed_2,1435,530.869,535.67365,0.0,-2.8456428050994873,-1.9590216
exp3_fixed_2,1436,598.9452,609.7447,0.0,-3.4758267402648926,-7.3236823
exp3_fixed_2,1437,569.8319,573.62616,0.0,-1.4371662139892578,-2.3570733
exp3_fixed_2,1438,599.4331,604.65393,0.0,-1.908154010772705,-3.3127055
exp3_fixed_2,1439,636.47546,645.264,0.0,-2.060525417327881,-6.7279997
exp3_fixed_2,1441,449.80548,461.43707,0.0,-2.9487435817718506,-8.682872
exp3_fixed_2,1442,-17.613184,-12.089074,0.0,-1.3723719120025635,-4.1517615
exp3_fixed_2,1443,599.94165,605.0446,0.0,-1.6174955368041992,-3.485495
exp3_fixed_2,1444,613.02277,614.9193,0.0,-0.14410287141799927,-1.7524865
exp3_fixed_2,1445,638.0339,643.2656,0.0,-1.5911126136779785,-3.6407244
exp3_fixed_2,1446,-73.42779,-51.186813,0.0,-7.887599945068359,-14.353377
exp3_fixed_2,1447,649.8414,660.7667,0.0,-4.047415256500244,-6.8779917
exp3_fixed_2,1448,74.69452,95.24373,0.0,-0.9410926103591919,-19.608086
exp3_fixed_2,1449,633.90704,637.51025,0.0,-0.8805907964706421,-2.7226384
exp3_fixed_2,1450,609.7117,616.1481,0.0,-0.972518801689148,-5.4638767
exp3_fixed_2,1451,627.157,630.96405,0.0,-1.0228396654129028,-2.784211
exp3_fixed_2,1452,556.36847,569.5641,0.0,-1.221606731414795,-11.974013
exp3_fixed_2,1453,560.4199,564.15186,0.0,-1.8189610242843628,-1.9130268
exp3_fixed_2,1454,-49.7367,-4.6661177,0.0,-4.974421501159668,-40.096092
exp3_fixed_2,1455,549.815,557.33923,0.0,-0.6473771333694458,-6.876843
exp3_fixed_2,1456,616.81744,624.4609,0.0,-1.1803771257400513,-6.4630957
exp3_fixed_2,1457,529.2849,536.967,0.0,-2.6971921920776367,-4.984891
exp3_fixed_2,1458,648.2389,651.7902,0.0,-0.7287729978561401,-2.8225873
exp3_fixed_2,1459,564.21765,573.8903,0.0,-1.9464576244354248,-7.7262197
exp3_fixed_2,1461,507.6371,513.6266,0.0,-0.7677963972091675,-5.221737
exp3_fixed_2,1462,637.36774,642.0704,0.0,-1.7605233192443848,-2.9420886
exp3_fixed_2,1463,558.90753,573.53406,0.0,-2.933647394180298,-11.692892
exp3_fixed_2,1464,-16.481415,200.66875,-200.0,-14.003963470458984,-3.1462169
exp3_fixed_2,1465,523.6576,531.38245,0.0,-1.4017268419265747,-6.3231864
exp3_fixed_2,1466,570.19855,576.44904,0.0,-0.6716089248657227,-5.578866
exp3_fixed_2,1467,562.88855,567.86865,0.0,-2.1523032188415527,-2.8278384
exp3_fixed_2,1468,-127.4349,-86.068344,0.0,-25.334016799926758,-16.032557
exp3_fixed_2,1469,631.24786,634.6735,0.0,-1.042254090309143,-2.3834167
exp3_fixed_2,1470,600.35077,603.3412,0.0,-1.0498543977737427,-1.940556
exp3_fixed_2,1471,-65.796936,-59.006165,0.0,-1.3656017780303955,-5.4252024
exp3_fixed_2,1472,79.31997,104.05327,0.0,-3.9943037033081055,-20.739061
exp3_fixed_2,1473,-5.3493524,13.023926,0.0,-9.318056106567383,-9.055208
exp3_fixed_2,1474,-2.819338,5.9352283,0.0,-1.360137701034546,-7.394418
exp3_fixed_2,1475,569.29443,578.77106,0.0,-2.7303640842437744,-6.746217
exp3_fixed_2,1476,602.52924,606.2057,0.0,-0.7391858696937561,-2.9372375
exp3_fixed_2,1477,102.95989,139.93849,0.0,-1.071373462677002,-35.907234
exp3_fixed_2,1478,615.60913,618.7374,0.0,-0.8069002628326416,-2.3214064
exp3_fixed_2,1479,507.25006,525.5613,0.0,-2.6904187202453613,-15.62084
exp3_fixed_2,1481,433.66403,436.97208,0.0,-0.525302529335022,-2.7826993
exp3_fixed_2,1482,455.8522,463.3372,0.0,-0.4239562749862671,-7.0610642
exp3_fixed_2,1483,144.62978,175.13573,0.0,-3.8093481063842773,-26.696585
exp3_fixed_2,1484,614.7543,618.9065,0.0,-1.400432825088501,-2.7517695
exp3_fixed_2,1485,164.11989,200.99892,0.0,-1.2151813507080078,-35.663822
exp3_fixed_2,1486,-24.44338,-17.000538,0.0,-3.260993480682373,-4.1818213
exp3_fixed_2,1487,-91.98082,-83.88837,0.0,-1.9454312324523926,-6.147041
exp3_fixed_2,1488,581.82806,587.05505,0.0,-0.939410388469696,-4.2875614
exp3_fixed_2,1489,584.2053,595.6881,0.0,-0.9147883653640747,-10.568015
exp3_fixed_2,1490,610.6533,626.473,0.0,-3.436864137649536,-12.382798
exp3_fixed_2,1491,554.2431,562.7976,0.0,-1.3075361251831055,-7.246998
exp3_fixed_2,1492,553.3428,558.4853,0.0,-1.0643620491027832,-4.078119
exp3_fixed_2,1493,534.69934,543.2637,0.0,-1.1022469997406006,-7.4621625
exp3_fixed_2,1494,626.6444,628.7905,0.0,-0.797120988368988,-1.3490285
exp3_fixed_2,1495,587.3868,591.28784,0.0,-1.1336908340454102,-2.7673802
exp3_fixed_2,1496,599.3752,609.1991,0.0,-1.8569334745407104,-7.966958
exp3_fixed_2,1497,595.2693,603.3131,0.0,-1.552876353263855,-6.490951
exp3_fixed_2,1498,502.33893,506.80505,0.0,-1.945131778717041,-2.5209723
exp3_fixed_2,1499,507.91452,518.95886,0.0,-0.8441742062568665,-10.200205
exp3_fixed_2,1501,9.655928,21.795837,0.0,-2.193148136138916,-9.9467745
exp3_fixed_2,1502,543.02234,552.48737,0.0,-1.7561373710632324,-7.7088585
exp3_fixed_2,1503,172.42683,217.12488,0.0,-1.1559638977050781,-43.54209
exp3_fixed_2,1504,558.3081,572.4499,0.0,-1.7277135848999023,-12.414043
exp3_fixed_2,1505,588.01215,592.2077,0.0,-1.8852308988571167,-2.3103366
exp3_fixed_2,1506,610.2596,615.5467,0.0,-2.108182668685913,-3.1789026
exp3_fixed_2,1507,-32.120914,-17.257015,0.0,-4.386347770690918,-10.477564
exp3_fixed_2,1508,78.738556,106.37049,0.0,-0.8754647970199585,-26.756443
exp3_fixed_2,1509,572.539,577.69666,0.0,-2.478367567062378,-2.679312
exp3_fixed_2,1510,567.55,572.5637,0.0,-1.521852731704712,-3.4918392
exp3_fixed_2,1511,29.084854,49.113342,0.0,-4.4028401374816895,-15.625664
exp3_fixed_2,1512,612.327,615.84375,0.0,-0.8923302888870239,-2.6243255
exp3_fixed_2,1513,599.2668,607.21014,0.0,-1.0410010814666748,-6.9023557
exp3_fixed_2,1514,560.6912,565.90485,0.0,-1.735628366470337,-3.4779959
exp3_fixed_2,1515,540.425,548.66144,0.0,-2.053791046142578,-6.1826706
exp3_fixed_2,1516,565.5674,574.8236,0.0,-2.089247465133667,-7.166956
exp3_fixed_2,1517,620.0837,625.2151,0.0,-1.4011995792388916,-3.7301836
exp3_fixed_2,1518,586.734,591.0257,0.0,-0.9041278958320618,-3.3875246
exp3_fixed_2,1519,596.8072,600.81287,0.0,-1.402343988418579,-2.603345
exp3_fixed_2,1521,544.93536,549.8939,0.0,-0.7816537022590637,-4.176854
exp3_fixed_2,1522,419.28467,425.49182,0.0,-2.174687385559082,-4.03248
exp3_fixed_2,1523,618.845,623.7597,0.0,-1.889615774154663,-3.025086
exp3_fixed_2,1524,608.943,615.23474,0.0,-0.7755039930343628,-5.5162783
exp3_fixed_2,1525,594.67584,604.5569,0.0,-2.6734185218811035,-7.207597
exp3_fixed_2,1526,174.72212,234.26532,0.0,-1.5995293855667114,-57.943737
exp3_fixed_2,1527,-51.950314,-31.24746,0.0,-2.328988552093506,-18.373863
exp3_fixed_2,1528,546.3148,551.09607,0.0,-0.811761200428009,-3.9694376
exp3_fixed_2,1529,362.2731,368.5816,0.0,-0.6345321536064148,-5.6739907
exp3_fixed_2,1530,579.3816,589.7219,0.0,-2.6137521266937256,-7.726579
exp3_fixed_2,1531,533.245,548.8935,0.0,-0.808361291885376,-14.84015
exp3_fixed_2,1532,603.6785,608.22205,0.0,-0.9047514200210571,-3.6387856
exp3_fixed_2,1533,12.139675,38.112686,0.0,-2.357945203781128,-23.615128
exp3_fixed_2,1534,181.9612,229.7019,0.0,-2.0892043113708496,-45.651474
exp3_fixed_2,1535,666.001,669.54834,0.0,-0.51766437292099,-3.029748
exp3_fixed_2,1536,606.42114,608.99414,0.0,-0.5353769659996033,-2.0376797
exp3_fixed_2,1537,645.9583,649.98254,0.0,-0.9397711157798767,-3.084422
exp3_fixed_2,1538,643.876,647.0384,0.0,-0.6296069025993347,-2.5327742
exp3_fixed_2,1539,601.69147,611.2972,0.0,-1.813683271408081,-7.7919874
exp3_fixed_2,1541,599.3662,602.6697,0.0,-0.45345646142959595,-2.8500538
exp3_fixed_2,1542,593.47797,596.3763,0.0,-0.5073427557945251,-2.390952
exp3_fixed_2,1543,212.35664,258.04672,0.0,-4.725610256195068,-40.964382
exp3_fixed_2,1544,653.1515,660.3089,0.0,-3.371800422668457,-3.7856052
exp3_fixed_2,1545,376.23853,388.52087,0.0,-6.329668045043945,-5.952697
exp3_fixed_2,1546,668.12573,671.28894,0.0,-0.8528969883918762,-2.3102994
exp3_fixed_2,1547,492.19467,536.65674,0.0,-2.283214807510376,-42.17891
exp3_fixed_2,1548,608.6519,611.8467,0.0,-0.9528110027313232,-2.2420542
exp3_fixed_2,1549,654.0645,656.92377,0.0,-1.0480238199234009,-1.81123
exp3_fixed_2,1550,616.9153,620.4711,0.0,-0.8877950310707092,-2.6680686
exp3_fixed_2,1551,575.0776,588.5508,0.0,-1.7206720113754272,-11.752501
exp3_fixed_2,1552,638.27216,643.5398,0.0,-2.9755940437316895,-2.2920458
exp3_fixed_2,1553,522.5756,531.0039,0.0,-0.8287844061851501,-7.5994854
exp3_fixed_2,1554,663.84094,667.95544,0.0,-1.5541422367095947,-2.5603354
exp3_fixed_2,1555,591.2755,593.92163,0.0,-0.6799795627593994,-1.966121
exp3_fixed_2,1556,552.4485,562.0361,0.0,-1.6195226907730103,-7.968055
exp3_fixed_2,1557,637.9296,642.4456,0.0,-1.3852672576904297,-3.1307175
exp3_fixed_2,1558,3.114839,41.467457,0.0,-6.212294578552246,-32.14035
exp3_fixed_2,1559,149.65196,177.64043,0.0,-2.2832980155944824,-25.705263
exp3_fixed_2,1561,564.9088,574.97095,0.0,-1.7668869495391846,-8.295252
exp3_fixed_2,1562,-53.762978,-36.62002,0.0,-1.5856648683547974,-15.557298
exp3_fixed_2,1563,584.69183,593.38293,0.0,-1.2320802211761475,-7.4590526
exp3_fixed_2,1564,590.2934,593.93115,0.0,-0.5462773442268372,-3.091464
exp3_fixed_2,1565,587.87384,591.93933,0.0,-0.8188842535018921,-3.2465317
exp3_fixed_2,1566,582.6917,585.1151,0.0,-0.5398753881454468,-1.8835452
exp3_fixed_2,1567,646.14264,648.2935,0.0,-0.4815825819969177,-1.6693108
exp3_fixed_2,1568,570.37964,583.4414,0.0,-3.196916341781616,-9.864798
exp3_fixed_2,1569,619.97034,628.5614,0.0,-1.891588568687439,-6.699521
exp3_fixed_2,1570,552.5227,567.93195,0.0,-2.061356782913208,-13.347862
exp3_fixed_2,1571,654.46454,658.67535,0.0,-1.367110252380371,-2.84368
exp3_fixed_2,1572,171.85048,227.17215,0.0,-3.0411674976348877,-52.280506
exp3_fixed_2,1573,595.9729,601.63434,0.0,-2.896920919418335,-2.764535
exp3_fixed_2,1574,566.3991,574.7021,0.0,-0.7931803464889526,-7.5098395
exp3_fixed_2,1575,529.3752,539.8657,0.0,-1.4720165729522705,-9.018525
exp3_fixed_2,1576,630.6948,635.1654,0.0,-1.653240442276001,-2.8173146
exp3_fixed_2,1577,79.578476,118.91297,0.0,-2.418264865875244,-36.916203
exp3_fixed_2,1578,607.35156,616.8507,0.0,-1.5170341730117798,-7.982147
exp3_fixed_2,1579,589.9996,593.3518,0.0,-0.6405422687530518,-2.711712
exp3_fixed_2,1581,513.3965,519.2831,0.0,-1.0162293910980225,-4.8703747
exp3_fixed_2,1582,569.2733,580.21027,0.0,-0.6166762709617615,-10.320301
exp3_fixed_2,1583,556.6653,560.0456,0.0,-0.9999189972877502,-2.3803508
exp3_fixed_2,1584,563.187,578.53174,0.0,-1.149948000907898,-14.194761
exp3_fixed_2,1585,107.076,170.40392,0.0,-1.1737245321273804,-62.15418
exp3_fixed_2,1586,647.7339,658.7692,0.0,-1.4042818546295166,-9.631049
exp3_fixed_2,1587,173.03337,214.6328,0.0,-2.966005802154541,-38.63339
exp3_fixed_2,1588,438.29376,447.69742,0.0,-3.0802202224731445,-6.3234496
exp3_fixed_2,1589,511.16495,523.22894,0.0,-1.2757164239883423,-10.788284
exp3_fixed_2,1590,565.9399,589.2704,0.0,-0.47453510761260986,-22.855967
exp3_fixed_2,1591,515.3119,526.02966,0.0,-1.6304707527160645,-9.087276
exp3_fixed_2,1592,645.88995,648.57623,0.0,-1.0339103937149048,-1.6523491
exp3_fixed_2,1593,575.61365,588.51086,0.0,-1.2619363069534302,-11.635278
exp3_fixed_2,1594,577.322,587.31866,0.0,-1.4016673564910889,-8.594961
exp3_fixed_2,1595,150.27701,197.55527,0.0,-1.5090864896774292,-45.769196
exp3_fixed_2,1596,-52.11432,-28.764046,0.0,-8.241450309753418,-15.108799
exp3_fixed_2,1597,-79.61156,-51.732285,0.0,-2.9008700847625732,-24.978382
exp3_fixed_2,1598,-13.87076,16.580776,0.0,-3.4701883792877197,-26.98134
exp3_fixed_2,1599,572.747,576.2197,0.0,-1.6034507751464844,-1.8692737
exp3_fixed_2,1601,512.4965,523.4107,0.0,-0.9127960205078125,-10.001382
exp3_fixed_2,1602,578.1253,582.6738,0.0,-1.5431029796600342,-3.005426
exp3_fixed_2,1603,-94.72121,-74.67185,0.0,-7.929234504699707,-12.120133
exp3_fixed_2,1604,628.4158,640.5088,0.0,-1.5603867769241333,-10.532523
exp3_fixed_2,1605,614.13916,621.31995,0.0,-3.417144536972046,-3.763577
exp3_fixed_2,1606,-168.40634,47.681644,-200.0,-12.7506103515625,-3.3373768
exp3_fixed_2,1607,571.5077,576.5803,0.0,-0.9288013577461243,-4.1437926
exp3_fixed_2,1608,620.5731,623.78784,0.0,-0.8923272490501404,-2.3224146
exp3_fixed_2,1609,526.0388,542.5457,0.0,-1.80793297290802,-14.698857
exp3_fixed_2,1610,607.56775,610.31726,0.0,-0.7515708208084106,-1.9979306
exp3_fixed_2,1611,586.2153,589.4254,0.0,-1.1247795820236206,-2.0853865
exp3_fixed_2,1612,644.59045,646.49915,0.0,-0.6714893579483032,-1.2372086
exp3_fixed_2,1613,634.0165,636.6218,0.0,-0.7590480446815491,-1.8462671
exp3_fixed_2,1614,662.6547,665.9794,0.0,-0.700507640838623,-2.6241078
exp3_fixed_2,1615,96.17269,148.37311,0.0,-1.9004627466201782,-50.299896
exp3_fixed_2,1616,586.33246,595.91003,0.0,-0.5400134921073914,-9.037556
exp3_fixed_2,1617,-59.083733,-11.396997,0.0,-0.8295876979827881,-46.85714
exp3_fixed_2,1618,567.3957,571.83716,0.0,-0.8370857238769531,-3.6043253
exp3_fixed_2,1619,431.11707,458.84512,0.0,-1.565126895904541,-26.162964
exp3_fixed_2,1621,606.45483,610.06226,0.0,-0.7287439107894897,-2.8785827
exp3_fixed_2,1622,604.2322,608.6505,0.0,-1.8204363584518433,-2.5978932
exp3_fixed_2,1623,585.04236,587.961,0.0,-0.598261833190918,-2.3204112
exp3_fixed_2,1624,510.4675,527.64215,0.0,-0.896055281162262,-16.278547
exp3_fixed_2,1625,577.30316,585.5106,0.0,-0.8441067934036255,-7.3633475
exp3_fixed_2,1626,551.7582,573.6549,0.0,-2.090955972671509,-19.805805
exp3_fixed_2,1627,70.82745,112.8558,0.0,-1.5133100748062134,-40.515038
exp3_fixed_2,1628,650.8603,653.98645,0.0,-0.7479850649833679,-2.3781354
exp3_fixed_2,1629,664.6244,679.02295,0.0,-7.11151647567749,-7.287113
exp3_fixed_2,1630,669.2107,671.75244,0.0,-0.9061975479125977,-1.6355392
exp3_fixed_2,1631,581.62146,599.641,0.0,-0.9345123171806335,-17.085007
exp3_fixed_2,1632,505.28723,518.3446,0.0,-1.5271964073181152,-11.530189
exp3_fixed_2,1633,619.8386,623.83826,0.0,-0.7317977547645569,-3.2678983
exp3_fixed_2,1634,585.9908,591.0029,0.0,-0.7092782855033875,-4.302888
exp3_fixed_2,1635,576.0991,584.6283,0.0,-0.9848259091377258,-7.544439
exp3_fixed_2,1636,600.2268,603.5548,0.0,-1.346561312675476,-1.9814208
exp3_fixed_2,1637,563.85474,584.0057,0.0,-1.1696239709854126,-18.981386
exp3_fixed_2,1638,578.70544,585.30304,0.0,-1.8885712623596191,-4.7090616
exp3_fixed_2,1639,514.5056,519.98,0.0,-1.2178337574005127,-4.256559
exp3_fixed_2,1641,559.37573,564.32587,0.0,-1.7602612972259521,-3.189863
exp3_fixed_2,1642,442.74484,469.06006,0.0,-1.512363076210022,-24.802853
exp3_fixed_2,1643,550.7766,553.59985,0.0,-0.24480554461479187,-2.5784209
exp3_fixed_2,1644,20.186691,60.013374,0.0,-9.562726974487305,-30.263908
exp3_fixed_2,1645,623.0197,629.84515,0.0,-4.363183975219727,-2.4622667
exp3_fixed_2,1646,-142.33466,100.986496,-200.0,-41.434391021728516,-1.8867638
exp3_fixed_2,1647,614.43616,617.88086,0.0,-0.6845546960830688,-2.7601376
exp3_fixed_2,1648,629.9899,634.6081,0.0,-2.2814531326293945,-2.3367581
exp3_fixed_2,1649,-63.342445,-41.700245,0.0,-11.717111587524414,-9.925054
exp3_fixed_2,1650,520.66583,527.75525,0.0,-1.1405870914459229,-5.9488835
exp3_fixed_2,1651,514.06964,542.1473,0.0,-3.105975389480591,-24.971682
exp3_fixed_2,1652,-280.50723,70.14785,-200.0,-150.25418090820312,-0.40089774
exp3_fixed_2,1653,541.51904,567.1591,0.0,-1.2023165225982666,-24.437746
exp3_fixed_2,1654,621.61414,635.9934,0.0,-1.3921339511871338,-12.987154
exp3_fixed_2,1655,21.942303,57.200954,0.0,-1.2313637733459473,-34.027363
exp3_fixed_2,1656,538.0744,581.60425,0.0,-0.9647527933120728,-42.5651
exp3_fixed_2,1657,576.1787,580.286,0.0,-0.8585553765296936,-3.2487705
exp3_fixed_2,1658,629.18427,641.25543,0.0,-0.8420031666755676,-11.229205
exp3_fixed_2,1659,580.23206,586.5178,0.0,-1.6759188175201416,-4.6098585
exp3_fixed_2,1661,634.7472,638.49316,0.0,-0.7007075548171997,-3.045264
exp3_fixed_2,1662,440.45438,447.87433,0.0,-4.962190628051758,-2.4578075
exp3_fixed_2,1663,588.35254,612.0979,0.0,-1.4533307552337646,-22.292017
exp3_fixed_2,1664,577.45465,580.96045,0.0,-1.3756093978881836,-2.1302075
exp3_fixed_2,1665,587.13367,595.0482,0.0,-0.4529040455818176,-7.461665
exp3_fixed_2,1666,590.5277,594.0393,0.0,-1.2679829597473145,-2.243632
exp3_fixed_2,1667,636.612,639.8054,0.0,-0.5125120878219604,-2.6808426
exp3_fixed_2,1668,466.33334,503.07153,0.0,-1.9215879440307617,-34.816597
exp3_fixed_2,1669,605.75946,620.1787,0.0,-2.3446285724639893,-12.074615
exp3_fixed_2,1670,-247.70581,-1.3724341,-200.0,-28.363983154296875,-17.9694
exp3_fixed_2,1671,661.5672,664.6778,0.0,-0.6551904082298279,-2.4553733
exp3_fixed_2,1672,592.6333,596.3536,0.0,-0.6590218544006348,-3.0612195
exp3_fixed_2,1673,545.3575,554.09,0.0,-0.7224773168563843,-8.010044
exp3_fixed_2,1674,588.73553,593.931,0.0,-1.1059046983718872,-4.0895777
exp3_fixed_2,1675,576.9712,582.6774,0.0,-1.5395946502685547,-4.166697
exp3_fixed_2,1676,594.9905,607.65295,0.0,-0.5193051695823669,-12.143288
exp3_fixed_2,1677,622.4427,634.7926,0.0,-1.2043077945709229,-11.145499
exp3_fixed_2,1678,-141.2892,-89.9368,0.0,-4.007694721221924,-47.34472
exp3_fixed_2,1679,554.2344,559.07153,0.0,-1.941464900970459,-2.8956685
exp3_fixed_2,1681,671.23584,675.27734,0.0,-1.7897443771362305,-2.2518308
exp3_fixed_2,1682,543.23114,545.51917,0.0,-0.8986046314239502,-1.3893375
exp3_fixed_2,1683,643.8858,654.64246,0.0,-3.548426628112793,-7.2082906
exp3_fixed_2,1684,546.8541,559.58954,0.0,-1.7749931812286377,-10.960421
exp3_fixed_2,1685,601.1393,606.2521,0.0,-1.2349920272827148,-3.8778512
exp3_fixed_2,1686,530.9014,538.9832,0.0,-0.9854876399040222,-7.0962834
exp3_fixed_2,1687,567.50183,575.08044,0.0,-1.2242324352264404,-6.3544245
exp3_fixed_2,1688,-195.3573,40.345566,-200.0,-29.771926879882812,-5.930969
exp3_fixed_2,1689,618.66504,643.24384,0.0,-1.7579944133758545,-22.82078
exp3_fixed_2,1690,584.4695,592.77484,0.0,-1.5724201202392578,-6.7329307
exp3_fixed_2,1691,529.4483,560.93134,0.0,-0.746260941028595,-30.73678
exp3_fixed_2,1692,66.8881,123.92723,0.0,-1.1976675987243652,-55.841427
exp3_fixed_2,1693,406.76727,450.35193,0.0,-0.5009547472000122,-43.083675
exp3_fixed_2,1694,-85.95215,-68.05834,0.0,-7.200345039367676,-10.6934595
exp3_fixed_2,1695,500.41815,527.5765,0.0,-0.9956305623054504,-26.162745
exp3_fixed_2,1696,616.841,620.72577,0.0,-0.9622007608413696,-2.9225674
exp3_fixed_2,1697,520.2288,526.54004,0.0,-0.8628010749816895,-5.4484186
exp3_fixed_2,1698,606.6854,610.0633,0.0,-0.6302815675735474,-2.7475657
exp3_fixed_2,1699,525.771,537.5979,0.0,-1.0743993520736694,-10.752489
exp3_fixed_2,1701,519.00555,528.9061,0.0,-0.6209404468536377,-9.279592
exp3_fixed_2,1702,485.065,487.0072,0.0,-0.5698440670967102,-1.3723114
exp3_fixed_2,1703,645.8083,650.69904,0.0,-1.1565589904785156,-3.7341638
exp3_fixed_2,1704,601.12024,604.42206,0.0,-0.9446401596069336,-2.357138
exp3_fixed_2,1705,478.59155,519.3165,0.0,-1.8777472972869873,-38.847187
exp3_fixed_2,1706,547.19257,555.25415,0.0,-0.9232966899871826,-7.1383424
exp3_fixed_2,1707,611.5102,617.5128,0.0,-2.6023952960968018,-3.4002688
exp3_fixed_2,1708,531.7322,538.51196,0.0,-1.3580970764160156,-5.4217057
exp3_fixed_2,1709,601.80225,604.98505,0.0,-0.9455548524856567,-2.2372673
exp3_fixed_2,1710,518.9562,528.80347,0.0,-4.750239372253418,-5.097017
exp3_fixed_2,1711,516.64777,519.6275,0.0,-0.8531396985054016,-2.1265843
exp3_fixed_2,1712,613.54034,617.5235,0.0,-0.8594338297843933,-3.1237087
exp3_fixed_2,1713,553.91064,575.67413,0.0,-1.523254632949829,-20.240192
exp3_fixed_2,1714,647.8785,652.7649,0.0,-1.4939543008804321,-3.3924696
exp3_fixed_2,1715,563.8838,571.32666,0.0,-1.3233903646469116,-6.119455
exp3_fixed_2,1716,608.0654,611.4885,0.0,-0.7231832146644592,-2.6998584
exp3_fixed_2,1717,-2.2974615,27.341518,0.0,-1.4803571701049805,-28.158636
exp3_fixed_2,1718,577.0774,597.0871,0.0,-1.2154029607772827,-18.794262
exp3_fixed_2,1719,604.208,606.7477,0.0,-0.8830205202102661,-1.6566314
exp3_fixed_2,1721,570.7986,578.90875,0.0,-1.07835853099823,-7.0318017
exp3_fixed_2,1722,522.6242,538.79614,0.0,-2.0948758125305176,-14.077033
exp3_fixed_2,1723,548.1189,555.7724,0.0,-1.5474600791931152,-6.1060452
exp3_fixed_2,1724,630.3086,637.3127,0.0,-1.105066180229187,-5.899032
exp3_fixed_2,1725,570.57983,606.4694,0.0,-1.3309959173202515,-34.55856
exp3_fixed_2,1726,603.2991,607.5884,0.0,-1.1632405519485474,-3.1260595
exp3_fixed_2,1727,565.29517,573.22644,0.0,-0.8911019563674927,-7.0402336
exp3_fixed_2,1728,643.3163,646.4217,0.0,-0.8829237818717957,-2.2225251
exp3_fixed_2,1729,543.8507,550.2269,0.0,-1.579039216041565,-4.797192
exp3_fixed_2,1730,602.5847,607.4494,0.0,-0.8457698822021484,-4.018954
exp3_fixed_2,1731,569.3841,571.99554,0.0,-0.39293748140335083,-2.2185152
exp3_fixed_2,1732,-22.420359,1.9034436,0.0,-18.342103958129883,-5.98169
exp3_fixed_2,1733,521.54944,524.06537,0.0,-0.6742453575134277,-1.8415997
exp3_fixed_2,1734,618.4617,622.2987,0.0,-0.7926081418991089,-3.0443606
exp3_fixed_2,1735,587.5694,606.61664,0.0,-1.40785813331604,-17.639318
exp3_fixed_2,1736,514.5614,519.8063,0.0,-1.1743890047073364,-4.0704923
exp3_fixed_2,1737,558.99854,565.2919,0.0,-0.43903887271881104,-5.854286
exp3_fixed_2,1738,590.99817,597.5417,0.0,-0.8180834650993347,-5.725394
exp3_fixed_2,1739,666.3707,670.28796,0.0,-1.0726053714752197,-2.8446596
exp3_fixed_2,1741,-95.19363,-47.002697,0.0,-0.8684808611869812,-47.322464
exp3_fixed_2,1742,-45.67456,-18.030924,0.0,-10.592018127441406,-17.051628
exp3_fixed_2,1743,568.01227,573.18195,0.0,-1.290863275527954,-3.8787706
exp3_fixed_2,1744,644.71893,648.0087,0.0,-1.0383542776107788,-2.2514293
exp3_fixed_2,1745,507.3235,530.87463,0.0,-2.0513405799865723,-21.499739
exp3_fixed_2,1746,563.8064,568.46265,0.0,-0.9129753708839417,-3.743333
exp3_fixed_2,1747,453.12442,474.89,0.0,-2.7672390937805176,-18.99838
exp3_fixed_2,1748,555.97284,567.3781,0.0,-4.443812370300293,-6.9614625
exp3_fixed_2,1749,33.820026,65.53475,0.0,-6.120091438293457,-25.594639
exp3_fixed_2,1750,595.0618,598.3444,0.0,-1.0078434944152832,-2.274718
exp3_fixed_2,1751,619.4042,626.1556,0.0,-1.1904040575027466,-5.5609784
exp3_fixed_2,1752,554.02594,564.6546,0.0,-0.49128809571266174,-10.137389
exp3_fixed_2,1753,535.8296,542.545,0.0,-0.46894481778144836,-6.2464886
exp3_fixed_2,1754,621.2479,634.6323,0.0,-1.670060396194458,-11.7142515
exp3_fixed_2,1755,546.3207,582.23816,0.0,-1.7802923917770386,-34.137207
exp3_fixed_2,1756,548.42053,568.7239,0.0,-0.9613910913467407,-19.341986
exp3_fixed_2,1757,592.22034,596.0812,0.0,-0.8404040932655334,-3.0204597
exp3_fixed_2,1758,494.87546,515.8866,0.0,-0.8192839026451111,-20.191853
exp3_fixed_2,1759,534.30975,556.0539,0.0,-0.7395245432853699,-21.00466
exp3_fixed_2,1761,546.88513,593.3966,0.0,-3.9627015590667725,-42.54888
exp3_fixed_2,1762,500.93835,511.2766,0.0,-1.6812021732330322,-8.657074
exp3_fixed_2,1763,615.91254,620.6244,0.0,-0.8143102526664734,-3.8975217
exp3_fixed_2,1764,592.35693,594.6573,0.0,-0.2663874626159668,-2.0339632
exp3_fixed_2,1765,568.31323,576.0734,0.0,-1.4573819637298584,-6.302845
exp3_fixed_2,1766,583.05334,590.50684,0.0,-2.0268571376800537,-5.426637
exp3_fixed_2,1767,589.9479,595.1323,0.0,-1.279611587524414,-3.904842
exp3_fixed_2,1768,636.20984,645.40643,0.0,-2.2658121585845947,-6.9307833
exp3_fixed_2,1769,589.73895,604.1968,0.0,-1.7788132429122925,-12.679002
exp3_fixed_2,1770,513.9914,520.6778,0.0,-1.2206448316574097,-5.4657917
exp3_fixed_2,1771,571.98364,587.2019,0.0,-1.376144289970398,-13.842096
exp3_fixed_2,1772,640.96027,645.2323,0.0,-1.1489115953445435,-3.123123
exp3_fixed_2,1773,633.7776,637.50073,0.0,-0.6795966029167175,-3.0434506
exp3_fixed_2,1774,632.5288,635.04504,0.0,-1.0341510772705078,-1.482113
exp3_fixed_2,1775,590.1416,594.95416,0.0,-1.1411547660827637,-3.6713872
exp3_fixed_2,1776,592.91766,601.4717,0.0,-2.4483847618103027,-6.1056805
exp3_fixed_2,1777,587.1001,589.9503,0.0,-0.8629525303840637,-1.9872807
exp3_fixed_2,1778,539.2001,545.5242,0.0,-0.8990334272384644,-5.4251366
exp3_fixed_2,1779,571.39496,576.5121,0.0,-1.4289509057998657,-3.6882083
exp3_fixed_2,1781,645.9451,649.3805,0.0,-1.0215171575546265,-2.4138007
exp3_fixed_2,1782,591.7578,596.0451,0.0,-0.8530033230781555,-3.4342368
exp3_fixed_2,1783,521.3141,540.9712,0.0,-0.4381534457206726,-19.218964
exp3_fixed_2,1784,41.43219,94.48857,0.0,-3.6773369312286377,-49.37903
exp3_fixed_2,1785,608.2252,611.13696,0.0,-1.1659154891967773,-1.745765
exp3_fixed_2,1786,622.3406,624.5317,0.0,-0.6193068623542786,-1.5718147
exp3_fixed_2,1787,525.43835,533.9566,0.0,-3.073051929473877,-5.445183
exp3_fixed_2,1788,672.2532,679.8032,0.0,-4.897152900695801,-2.652923
exp3_fixed_2,1789,636.35016,641.0493,0.0,-2.3703246116638184,-2.3288195
exp3_fixed_2,1790,521.3174,540.37976,0.0,-0.8576339483261108,-18.204731
exp3_fixed_2,1791,508.24796,532.6283,0.0,-1.452681541442871,-22.92763
exp3_fixed_2,1792,584.1999,589.92804,0.0,-0.47934430837631226,-5.2488003
exp3_fixed_2,1793,583.5465,586.661,0.0,-0.39163026213645935,-2.722869
exp3_fixed_2,1794,565.2042,576.7787,0.0,-1.0997388362884521,-10.474731
exp3_fixed_2,1795,527.9442,542.08276,0.0,-1.4119545221328735,-12.726608
exp3_fixed_2,1796,574.32306,580.37463,0.0,-2.964505910873413,-3.0870035
exp3_fixed_2,1797,566.47406,569.28046,0.0,-0.5048311352729797,-2.3015907
exp3_fixed_2,1798,621.7846,625.8964,0.0,-0.8473724126815796,-3.2644234
exp3_fixed_2,1799,-95.2008,116.35173,-200.0,-10.481551170349121,-1.070977
exp3_fixed_2,1801,659.2893,661.6338,0.0,-0.7484457492828369,-1.5960741
exp3_fixed_2,1802,573.98615,578.4871,0.0,-1.0558077096939087,-3.4451623
exp3_fixed_2,1803,493.78638,515.00104,0.0,-1.4598956108093262,-19.754774
exp3_fixed_2,1804,638.1708,649.3872,0.0,-1.7862521409988403,-9.430224
exp3_fixed_2,1805,512.90015,521.2625,0.0,-1.6769412755966187,-6.685386
exp3_fixed_2,1806,633.9037,638.07495,0.0,-1.9280160665512085,-2.2432573
exp3_fixed_2,1807,524.20026,542.2158,0.0,-1.0167951583862305,-16.998753
exp3_fixed_2,1808,138.2547,200.88252,0.0,-1.4490891695022583,-61.178726
exp3_fixed_2,1809,666.96875,670.66516,0.0,-0.5972607135772705,-3.0991437
exp3_fixed_2,1810,639.69763,644.56714,0.0,-1.4711010456085205,-3.3983994
exp3_fixed_2,1811,545.1984,558.3779,0.0,-0.5893882513046265,-12.590144
exp3_fixed_2,1812,578.32715,586.0819,0.0,-0.9055126905441284,-6.8492303
exp3_fixed_2,1813,503.08743,519.46173,0.0,-1.8354864120483398,-14.538824
exp3_fixed_2,1814,578.78265,585.0419,0.0,-3.1020700931549072,-3.1571498
exp3_fixed_2,1815,504.49844,522.7659,0.0,-2.2154030799865723,-16.0521
exp3_fixed_2,1816,649.9431,654.396,0.0,-2.2320728302001953,-2.220833
exp3_fixed_2,1817,627.105,631.77655,0.0,-1.299999475479126,-3.371579
exp3_fixed_2,1818,632.1323,636.8324,0.0,-1.6240431070327759,-3.075968
exp3_fixed_2,1819,571.47974,574.2272,0.0,-0.529172420501709,-2.2182956
exp3_fixed_2,1821,574.8364,582.36304,0.0,-1.1329294443130493,-6.393665
exp3_fixed_2,1822,521.2747,532.0012,0.0,-4.218355655670166,-6.508149
exp3_fixed_2,1823,588.2096,589.7597,0.0,-0.48217910528182983,-1.0679661
exp3_fixed_2,1824,616.0957,620.32153,0.0,-0.9568195343017578,-3.2690036
exp3_fixed_2,1825,581.51794,589.2766,0.0,-4.356324195861816,-3.4023178
exp3_fixed_2,1826,623.62213,626.4033,0.0,-0.6088422536849976,-2.1723857
exp3_fixed_2,1827,606.9197,613.7285,0.0,-0.9326298236846924,-5.876198
exp3_fixed_2,1828,613.6948,620.42267,0.0,-1.5178946256637573,-5.210034
exp3_fixed_2,1829,678.81903,682.45044,0.0,-0.7709977626800537,-2.860501
exp3_fixed_2,1830,604.3822,611.84576,0.0,-1.4123215675354004,-6.051274
exp3_fixed_2,1831,580.5492,598.7216,0.0,-11.578460693359375,-6.5939975
exp3_fixed_2,1832,589.78296,597.92834,0.0,-2.6277527809143066,-5.5176024
exp3_fixed_2,1833,575.4042,591.406,0.0,-1.3860044479370117,-14.615881
exp3_fixed_2,1834,536.1766,543.795,0.0,-0.4088258743286133,-7.20958
exp3_fixed_2,1835,503.03613,508.27686,0.0,-1.0910786390304565,-4.1496572
exp3_fixed_2,1836,592.4541,596.53973,0.0,-1.0003376007080078,-3.0852854
exp3_fixed_2,1837,563.2046,589.4092,0.0,-1.0266616344451904,-25.177986
exp3_fixed_2,1838,590.36816,602.26056,0.0,-0.9069921970367432,-10.985414
exp3_fixed_2,1839,601.9069,605.42554,0.0,-0.7263668179512024,-2.7922478
exp3_fixed_2,1841,530.101,537.5857,0.0,-1.3569625616073608,-6.1277094
exp3_fixed_2,1842,596.2943,602.0113,0.0,-1.4435665607452393,-4.273405
exp3_fixed_2,1843,588.29517,591.6287,0.0,-0.8229669332504272,-2.5106003
exp3_fixed_2,1844,591.46265,616.44836,0.0,-1.096047282218933,-23.889801
exp3_fixed_2,1845,589.40186,610.8183,0.0,-4.563332557678223,-16.8531
exp3_fixed_2,1846,580.6189,591.753,0.0,-1.6193158626556396,-9.514735
exp3_fixed_2,1847,604.3557,615.4777,0.0,-0.389506071805954,-10.73257
exp3_fixed_2,1848,589.0268,598.00195,0.0,-1.5167555809020996,-7.458421
exp3_fixed_2,1849,567.2505,572.83594,0.0,-0.8449161648750305,-4.740558
exp3_fixed_2,1850,619.6067,628.5598,0.0,-1.2517725229263306,-7.701334
exp3_fixed_2,1851,623.025,631.344,0.0,-0.7087823152542114,-7.610136
exp3_fixed_2,1852,564.46265,573.65656,0.0,-1.6057597398757935,-7.588229
exp3_fixed_2,1853,659.7552,667.8894,0.0,-2.057110071182251,-6.077064
exp3_fixed_2,1854,490.39197,505.24106,0.0,-5.568270683288574,-9.280821
exp3_fixed_2,1855,573.9184,576.83167,0.0,-0.7995268702507019,-2.1137512
exp3_fixed_2,1856,-5.6947002,55.448742,0.0,-2.471766471862793,-58.671703
exp3_fixed_2,1857,512.25903,549.5321,0.0,-0.9457967877388,-36.327263
exp3_fixed_2,1858,20.382252,83.62744,0.0,-3.9798099994659424,-59.265404
exp3_fixed_2,1859,566.9203,569.52576,0.0,-0.907503068447113,-1.6980034
exp3_fixed_2,1861,665.8478,669.0849,0.0,-0.6982243061065674,-2.5388927
exp3_fixed_2,1862,572.1606,576.13696,0.0,-1.8124816417694092,-2.1639123
exp3_fixed_2,1863,517.34564,540.3933,0.0,-4.763155937194824,-18.28454
exp3_fixed_2,1864,588.8879,597.23706,0.0,-1.887209177017212,-6.4619923
exp3_fixed_2,1865,531.2592,538.3207,0.0,-0.6150513291358948,-6.4464064
exp3_fixed_2,1866,547.39746,552.6053,0.0,-1.1730104684829712,-4.034783
exp3_fixed_2,1867,597.5292,605.00885,0.0,-0.5615043640136719,-6.9182363
exp3_fixed_2,1868,648.00836,650.74365,0.0,-0.844329297542572,-1.8910191
exp3_fixed_2,1869,667.3861,671.6985,0.0,-0.8242888450622559,-3.4880722
exp3_fixed_2,1870,544.92883,552.04205,0.0,-1.1028392314910889,-6.010373
exp3_fixed_2,1871,620.9323,623.5689,0.0,-0.9446102976799011,-1.6920048
exp3_fixed_2,1872,629.9784,634.67365,0.0,-0.7950670123100281,-3.900239
exp3_fixed_2,1873,626.25037,630.0858,0.0,-1.3987793922424316,-2.436621
exp3_fixed_2,1874,649.75867,654.938,0.0,-1.658827781677246,-3.5205371
exp3_fixed_2,1875,568.897,577.6898,0.0,-2.6212053298950195,-6.1715984
exp3_fixed_2,1876,593.08716,596.15894,0.0,-1.1353836059570312,-1.936385
exp3_fixed_2,1877,608.73694,611.5714,0.0,-0.8528017401695251,-1.9816822
exp3_fixed_2,1878,619.9608,622.4882,0.0,-0.9233479499816895,-1.6040622
exp3_fixed_2,1879,516.53705,525.23413,0.0,-1.7021807432174683,-6.99493
exp3_fixed_2,1881,593.9535,602.6253,0.0,-5.2089338302612305,-3.4628928
exp3_fixed_2,1882,594.4487,603.1126,0.0,-0.6565980911254883,-8.007274
exp3_fixed_2,1883,566.2038,570.2467,0.0,-0.9926186800003052,-3.0502975
exp3_fixed_2,1884,-107.2202,108.6671,-200.0,-14.848260879516602,-1.0390301
exp3_fixed_2,1885,608.734,610.9929,0.0,-0.46963584423065186,-1.7893147
exp3_fixed_2,1886,624.96466,629.58014,0.0,-1.6715240478515625,-2.9439166
exp3_fixed_2,1887,567.26056,573.0658,0.0,-0.32844939827919006,-5.476823
exp3_fixed_2,1888,610.218,614.11835,0.0,-1.0424448251724243,-2.8578453
exp3_fixed_2,1889,426.46362,472.062,0.0,-1.1715421676635742,-44.426777
exp3_fixed_2,1890,576.57275,581.21643,0.0,-1.3106019496917725,-3.333052
exp3_fixed_2,1891,542.73364,549.26306,0.0,-0.2780612111091614,-6.2513466
exp3_fixed_2,1892,-1.384296,45.673977,0.0,-16.03219223022461,-31.026087
exp3_fixed_2,1893,525.95856,534.0316,0.0,-1.3088515996932983,-6.7641783
exp3_fixed_2,1894,582.2738,586.7278,0.0,-2.1083595752716064,-2.3456178
exp3_fixed_2,1895,652.0584,656.0372,0.0,-1.2659794092178345,-2.7128053
exp3_fixed_2,1896,575.5725,580.9076,0.0,-1.5502184629440308,-3.7848685
exp3_fixed_2,1897,584.59924,588.0405,0.0,-0.6684330105781555,-2.7728608
exp3_fixed_2,1898,31.129772,72.76665,0.0,-4.956794261932373,-36.68013
exp3_fixed_2,1899,581.0039,584.6754,0.0,-0.647848904132843,-3.0236692
exp3_fixed_2,1901,592.20404,598.8489,0.0,-0.4995300769805908,-6.1453075
exp3_fixed_2,1902,621.8432,627.9773,0.0,-0.5265899300575256,-5.607476
exp3_fixed_2,1903,583.37164,586.41516,0.0,-1.4091792106628418,-1.634354
exp3_fixed_2,1904,612.63086,615.9141,0.0,-0.8948216438293457,-2.3884366
exp3_fixed_2,1905,615.41113,618.6394,0.0,-1.210952639579773,-2.0173483
exp3_fixed_2,1906,518.8142,530.48773,0.0,-4.602721691131592,-7.0707626
exp3_fixed_2,1907,527.14703,548.6378,0.0,-1.4310035705566406,-20.059772
exp3_fixed_2,1908,631.24445,636.23083,0.0,-0.8894978761672974,-4.0968847
exp3_fixed_2,1909,614.54205,617.9353,0.0,-1.0364265441894531,-2.3568802
exp3_fixed_2,1910,632.4021,637.3139,0.0,-1.159395456314087,-3.7524269
exp3_fixed_2,1911,642.55927,644.6912,0.0,-0.8512275218963623,-1.2807835
exp3_fixed_2,1912,540.55206,546.3833,0.0,-2.074129104614258,-3.7571323
exp3_fixed_2,1913,560.4942,572.0358,0.0,-5.164339542388916,-6.3772554
exp3_fixed_2,1914,627.93787,630.3739,0.0,-0.7573230862617493,-1.6787021
exp3_fixed_2,1915,504.37784,539.3611,0.0,-2.718843698501587,-32.26438
exp3_fixed_2,1916,622.4272,628.8753,0.0,-0.9052796959877014,-5.542844
exp3_fixed_2,1917,582.42065,597.8684,0.0,-2.3511295318603516,-13.096629
exp3_fixed_2,1918,575.31476,584.88605,0.0,-1.5505499839782715,-8.020772
exp3_fixed_2,1919,477.33698,491.83148,0.0,-1.275736927986145,-13.218779
exp3_fixed_2,1921,557.7526,566.4469,0.0,-1.9278101921081543,-6.7664413
exp3_fixed_2,1922,586.3109,600.7433,0.0,-1.2195806503295898,-13.212761
exp3_fixed_2,1923,-42.110348,-16.008547,0.0,-16.546646118164062,-9.555149
exp3_fixed_2,1924,27.629187,112.05805,0.0,-1.236175298690796,-83.19265
exp3_fixed_2,1925,601.0428,603.60297,0.0,-2.0614800453186035,-0.49872276
exp3_fixed_2,1926,-46.61386,8.939635,0.0,-10.454460144042969,-45.099052
exp3_fixed_2,1927,578.0479,581.3413,0.0,-0.8758737444877625,-2.417557
exp3_fixed_2,1928,554.3645,580.8708,0.0,-1.6732220649719238,-24.833117
exp3_fixed_2,1929,584.9104,593.9763,0.0,-0.6682164669036865,-8.3976555
exp3_fixed_2,1930,638.6437,659.08044,0.0,-1.6729404926300049,-18.763786
exp3_fixed_2,1931,554.2025,558.256,0.0,-1.1376991271972656,-2.9157882
exp3_fixed_2,1932,508.20914,561.4102,0.0,-2.0485920906066895,-51.152435
exp3_fixed_2,1933,615.8467,619.7418,0.0,-0.594883918762207,-3.3002644
exp3_fixed_2,1934,563.4599,570.18555,0.0,-0.6036205291748047,-6.1220303
exp3_fixed_2,1935,475.17645,480.40784,0.0,-2.295283317565918,-2.9360936
exp3_fixed_2,1936,575.3739,580.88385,0.0,-2.6835427284240723,-2.8264318
exp3_fixed_2,1937,532.87805,543.9219,0.0,-2.8676488399505615,-8.176215
exp3_fixed_2,1938,586.07697,589.01904,0.0,-0.81973797082901,-2.1223524
exp3_fixed_2,1939,555.26526,579.3617,0.0,-4.715630531311035,-19.380732
exp3_fixed_2,1941,598.1156,619.0404,0.0,-6.8522138595581055,-14.072601
exp3_fixed_2,1942,644.8551,648.25085,0.0,-0.8632278442382812,-2.5325382
exp3_fixed_2,1943,573.69006,580.9021,0.0,-1.933973789215088,-5.278059
exp3_fixed_2,1944,544.80634,559.6352,0.0,-1.863585114479065,-12.965238
exp3_fixed_2,1945,658.6061,661.531,0.0,-1.256563663482666,-1.6683104
exp3_fixed_2,1946,634.8773,638.4581,0.0,-0.6810420155525208,-2.8997176
exp3_fixed_2,1947,-202.95937,59.6529,-200.0,-52.005035400390625,-10.6072645
exp3_fixed_2,1948,476.61115,500.0794,0.0,-1.8715581893920898,-21.5967
exp3_fixed_2,1949,590.44653,602.58875,0.0,-1.2162350416183472,-10.925921
exp3_fixed_2,1950,646.53894,655.8627,0.0,-0.8749672770500183,-8.448666
exp3_fixed_2,1951,636.7759,639.9236,0.0,-1.0859675407409668,-2.061772
exp3_fixed_2,1952,-114.6004,-97.59554,0.0,-12.455205917358398,-4.549676
exp3_fixed_2,1953,587.7859,596.7717,0.0,-1.7058824300765991,-7.279926
exp3_fixed_2,1954,560.0607,569.5484,0.0,-1.2922334671020508,-8.195412
exp3_fixed_2,1955,624.98865,628.50244,0.0,-1.326723575592041,-2.187075
exp3_fixed_2,1956,615.727,621.21106,0.0,-1.3406115770339966,-4.143484
exp3_fixed_2,1957,592.8735,597.5852,0.0,-1.1410167217254639,-3.570683
exp3_fixed_2,1958,519.6682,531.7581,0.0,-0.5538951754570007,-11.536001
exp3_fixed_2,1959,591.5577,595.8318,0.0,-1.6776337623596191,-2.5964754
exp3_fixed_2,1961,621.2031,625.1782,0.0,-0.8060644865036011,-3.16905
exp3_fixed_2,1962,593.4927,597.3579,0.0,-0.4655330777168274,-3.3997123
exp3_fixed_2,1963,577.0112,586.95996,0.0,-1.2955641746520996,-8.653182
exp3_fixed_2,1964,476.09518,526.81146,0.0,-1.0039280652999878,-49.712337
exp3_fixed_2,1965,596.1028,607.42926,0.0,-4.582366943359375,-6.744092
exp3_fixed_2,1966,543.042,550.10925,0.0,-1.959628939628601,-5.1075835
exp3_fixed_2,1967,656.215,658.78394,0.0,-1.3182731866836548,-1.2506155
exp3_fixed_2,1968,587.6496,590.98047,0.0,-0.7333510518074036,-2.5975626
exp3_fixed_2,1969,605.8385,620.8638,0.0,-0.8961305618286133,-14.129192
exp3_fixed_2,1970,589.0456,596.17847,0.0,-1.4427649974822998,-5.6901097
exp3_fixed_2,1971,546.0986,552.4629,0.0,-0.670554518699646,-5.6937075
exp3_fixed_2,1972,585.25555,595.4708,0.0,-0.7895184755325317,-9.425716
exp3_fixed_2,1973,601.47327,603.57324,0.0,-0.6605416536331177,-1.4394823
exp3_fixed_2,1974,548.6817,555.13025,0.0,-1.4813635349273682,-4.9671793
exp3_fixed_2,1975,553.7175,557.6166,0.0,-1.4313486814498901,-2.4677172
exp3_fixed_2,1976,560.1285,566.7302,0.0,-0.861258327960968,-5.7404594
exp3_fixed_2,1977,564.7133,573.20496,0.0,-1.0698374509811401,-7.4217787
exp3_fixed_2,1978,555.3002,564.26685,0.0,-1.148444652557373,-7.818187
exp3_fixed_2,1979,50.440525,107.104355,0.0,-4.636752605438232,-52.027046
exp3_fixed_2,1981,614.3546,629.8615,0.0,-1.5509930849075317,-13.955891
exp3_fixed_2,1982,573.21545,576.93225,0.0,-1.5125235319137573,-2.2042096
exp3_fixed_2,1983,632.473,636.87726,0.0,-1.568589448928833,-2.835604
exp3_fixed_2,1984,595.03107,599.9284,0.0,-1.7039417028427124,-3.1934175
exp3_fixed_2,1985,101.40444,182.29741,0.0,-1.0805108547210693,-79.81256
exp3_fixed_2,1986,591.58,595.4895,0.0,-2.00899600982666,-1.9005053
exp3_fixed_2,1987,686.5419,689.01074,0.0,-0.7454832792282104,-1.7233995
exp3_fixed_2,1988,646.23193,650.2426,0.0,-1.0191818475723267,-2.991483
exp3_fixed_2,1989,638.2864,643.4791,0.0,-1.783281922340393,-3.4094641
exp3_fixed_2,1990,-147.89642,92.15265,-200.0,-30.262392044067383,-9.78668
exp3_fixed_2,1991,-77.01428,-64.31867,0.0,-9.531462669372559,-3.164162
exp3_fixed_2,1992,595.1328,603.91486,0.0,-0.8987082242965698,-7.8833575
exp3_fixed_2,1993,503.68228,522.7672,0.0,-1.129837989807129,-17.955107
exp3_fixed_2,1994,536.6615,546.5591,0.0,-1.4193629026412964,-8.4782295
exp3_fixed_2,1995,553.64307,587.4308,0.0,-2.119961977005005,-31.66785
exp3_fixed_2,1996,629.00305,633.72687,0.0,-0.8848227262496948,-3.8389063
exp3_fixed_2,1997,-67.972664,-25.64218,0.0,-16.569250106811523,-25.761229
exp3_fixed_2,1998,-65.73544,-24.27775,0.0,-11.539886474609375,-29.917828
exp3_fixed_2,1999,588.0876,591.7788,0.0,-0.4611804187297821,-3.23006
exp3_fixed_2,2001,660.2932,665.1792,0.0,-0.9479055404663086,-3.9381173
exp3_fixed_2,2002,463.86917,520.2461,0.0,-0.5818000435829163,-55.79516
exp3_fixed_2,2003,610.694,613.76953,0.0,-0.7545315027236938,-2.3210123
exp3_fixed_2,2004,541.22955,550.7807,0.0,-1.1165260076522827,-8.434625
exp3_fixed_2,2005,616.314,622.6771,0.0,-1.2948360443115234,-5.0682464
exp3_fixed_2,2006,616.5001,620.48895,0.0,-0.8027220368385315,-3.1860929
exp3_fixed_2,2007,564.97217,570.69617,0.0,-1.5965991020202637,-4.1274314
exp3_fixed_2,2008,601.9419,604.7213,0.0,-0.6571040153503418,-2.1223671
exp3_fixed_2,2009,605.6669,610.5537,0.0,-1.3617181777954102,-3.5251122
exp3_fixed_2,2010,472.40073,489.65668,0.0,-12.298846244812012,-4.9571357
exp3_fixed_2,2011,582.4667,585.5647,0.0,-0.3977186977863312,-2.7003648
exp3_fixed_2,2012,633.60956,636.88385,0.0,-0.7584840655326843,-2.5157619
exp3_fixed_2,2013,550.48926,558.06384,0.0,-0.8444378972053528,-6.7300954
exp3_fixed_2,2014,495.8882,529.11334,0.0,-1.3162580728530884,-31.90892
exp3_fixed_2,2015,590.8646,594.1813,0.0,-1.0414384603500366,-2.2751868
exp3_fixed_2,2016,596.8948,600.0294,0.0,-1.0177221298217773,-2.1168413
exp3_fixed_2,2017,641.2296,644.5895,0.0,-1.1864620447158813,-2.1733682
exp3_fixed_2,2018,570.2527,576.4382,0.0,-1.836069107055664,-4.349505
exp3_fixed_2,2019,579.8371,587.7432,0.0,-0.8744397163391113,-7.031704
exp3_fixed_2,2021,609.26965,612.54865,0.0,-1.3113160133361816,-1.9676473
exp3_fixed_2,2022,644.00146,647.8053,0.0,-1.1915342807769775,-2.612278
exp3_fixed_2,2023,632.66864,649.67365,0.0,-0.5325599312782288,-16.47241
exp3_fixed_2,2024,479.18457,507.19437,0.0,-0.9048900008201599,-27.1049
exp3_fixed_2,2025,641.1665,644.81,0.0,-0.9028716087341309,-2.7405944
exp3_fixed_2,2026,517.355,524.0411,0.0,-1.3815261125564575,-5.3045745
exp3_fixed_2,2027,594.9371,602.5631,0.0,-3.6230204105377197,-4.0029974
exp3_fixed_2,2028,536.08264,546.7445,0.0,-0.7804794907569885,-9.881425
exp3_fixed_2,2029,593.66956,604.2538,0.0,-1.111128807067871,-9.473111
exp3_fixed_2,2030,555.3634,568.77856,0.0,-1.807887315750122,-11.6072445
exp3_fixed_2,2031,574.91077,577.7306,0.0,-1.3163812160491943,-1.5034455
exp3_fixed_2,2032,562.15765,566.8023,0.0,-0.4721618592739105,-4.1725373
exp3_fixed_2,2033,544.4439,552.2982,0.0,-2.1810460090637207,-5.6732574
exp3_fixed_2,2034,577.2801,580.8794,0.0,-0.6230969429016113,-2.9762292
exp3_fixed_2,2035,663.67163,668.94995,0.0,-2.0867486000061035,-3.1916032
exp3_fixed_2,2036,568.7529,581.3849,0.0,-1.5132358074188232,-11.118686
exp3_fixed_2,2037,-149.88501,59.06181,-200.0,-8.014225006103516,-0.9325871
exp3_fixed_2,2038,572.54974,581.2893,0.0,-1.7148652076721191,-7.024701
exp3_fixed_2,2039,608.176,611.3562,0.0,-0.8159753084182739,-2.3641727
exp3_fixed_2,2041,602.9744,610.1908,0.0,-0.5460617542266846,-6.670369
exp3_fixed_2,2042,593.26636,600.1614,0.0,-0.5219020247459412,-6.373134
exp3_fixed_2,2043,528.59216,532.4696,0.0,-0.8494225740432739,-3.0280097
exp3_fixed_2,2044,578.90936,587.38806,0.0,-0.7984299659729004,-7.6803
exp3_fixed_2,2045,546.0747,599.5276,0.0,-1.073435664176941,-52.37955
exp3_fixed_2,2046,630.6513,636.71826,0.0,-1.5331530570983887,-4.5337934
exp3_fixed_2,2047,500.95255,507.42673,0.0,-1.323864221572876,-5.1503367
exp3_fixed_2,2048,-52.17907,-26.134266,0.0,-17.903100967407227,-8.141682
exp3_fixed_2,2049,551.25745,557.13696,0.0,-0.756888210773468,-5.1226015
exp3_fixed_2,2050,563.5001,576.48315,0.0,-0.3586585223674774,-12.624449
exp3_fixed_2,2051,395.71707,435.68652,0.0,-1.8784832954406738,-38.09092
exp3_fixed_2,2052,-10.67126,39.538586,0.0,-24.991718292236328,-25.218115
exp3_fixed_2,2053,620.2972,628.2856,0.0,-1.1538861989974976,-6.834527
exp3_fixed_2,2054,586.8584,591.1709,0.0,-1.4891688823699951,-2.823331
exp3_fixed_2,2055,687.1477,696.1343,0.0,-1.4615250825881958,-7.5250125
exp3_fixed_2,2056,583.95337,592.838,0.0,-2.673022508621216,-6.21163
exp3_fixed_2,2057,564.8223,566.87146,0.0,-0.8521212935447693,-1.1970556
exp3_fixed_2,2058,199.72859,275.06308,0.0,-1.0660226345062256,-74.268456
exp3_fixed_2,2059,519.51135,542.2516,0.0,-0.3754975199699402,-22.364773
exp3_fixed_2,2061,643.53375,647.6376,0.0,-0.614366352558136,-3.489409
exp3_fixed_2,2062,545.73627,565.1714,0.0,-5.006035327911377,-14.429065
exp3_fixed_2,2063,460.05154,526.7978,0.0,-0.6952816247940063,-66.050964
exp3_fixed_2,2064,600.67957,609.22876,0.0,-1.5136568546295166,-7.0355616
exp3_fixed_2,2065,636.77795,640.8509,0.0,-1.121049404144287,-2.9518483
exp3_fixed_2,2066,559.2913,563.3719,0.0,-1.3682372570037842,-2.7123249
exp3_fixed_2,2067,617.0848,619.6864,0.0,-0.22863078117370605,-2.373045
exp3_fixed_2,2068,528.9647,534.28894,0.0,-1.199497938156128,-4.1247077
exp3_fixed_2,2069,601.0457,611.35864,0.0,-2.026064395904541,-8.286829
exp3_fixed_2,2070,583.4742,587.7423,0.0,-1.4740229845046997,-2.7940867
exp3_fixed_2,2071,571.2433,576.2513,0.0,-1.6299177408218384,-3.378048
exp3_fixed_2,2072,634.94226,643.32935,0.0,-1.7443115711212158,-6.6427813
exp3_fixed_2,2073,-54.04354,-40.331882,0.0,-11.030694007873535,-2.6809878
exp3_fixed_2,2074,570.5816,574.20355,0.0,-0.5326278209686279,-3.089344
exp3_fixed_2,2075,418.5449,438.18335,0.0,-2.6989896297454834,-16.939463
exp3_fixed_2,2076,616.11505,620.1345,0.0,-0.8328641653060913,-3.1866047
exp3_fixed_2,2077,571.4166,574.3547,0.0,-0.7526252269744873,-2.1854193
exp3_fixed_2,2078,655.7693,666.5023,0.0,-3.8355860710144043,-6.8974295
exp3_fixed_2,2079,574.61005,579.2743,0.0,-0.7122698426246643,-3.9520335
exp3_fixed_2,2081,547.3666,551.58813,0.0,-1.132360816001892,-3.089182
exp3_fixed_2,2082,462.42822,470.5457,0.0,-0.7341177463531494,-7.383339
exp3_fixed_2,2083,511.97806,514.0504,0.0,-0.6179925203323364,-1.4543725
exp3_fixed_2,2084,604.019,607.37805,0.0,-0.6140369772911072,-2.7450094
exp3_fixed_2,2085,552.6936,557.40314,0.0,-0.5633749961853027,-4.1461368
exp3_fixed_2,2086,579.7095,584.34155,0.0,-0.9856517910957336,-3.646424
exp3_fixed_2,2087,543.6468,550.1275,0.0,-0.9499635100364685,-5.530795
exp3_fixed_2,2088,537.62604,564.74817,0.0,-0.38386890292167664,-26.738262
exp3_fixed_2,2089,592.71533,597.1112,0.0,-1.012037754058838,-3.3838365
exp3_fixed_2,2090,596.4332,599.72314,0.0,-0.6948058605194092,-2.5951405
exp3_fixed_2,2091,582.21045,593.209,0.0,-0.08097090572118759,-10.917615
exp3_fixed_2,2092,585.1177,593.54144,0.0,-1.0259116888046265,-7.3978615
exp3_fixed_2,2093,630.65393,634.3878,0.0,-0.775023877620697,-2.9588478
exp3_fixed_2,2094,560.2255,572.10406,0.0,-0.5004181265830994,-11.378075
exp3_fixed_2,2095,540.1162,550.74756,0.0,-1.2040754556655884,-9.427292
exp3_fixed_2,2096,572.25085,578.06335,0.0,-1.8849806785583496,-3.927551
exp3_fixed_2,2097,649.5461,653.1167,0.0,-0.7846517562866211,-2.785987
exp3_fixed_2,2098,591.0548,595.1482,0.0,-0.9126914143562317,-3.1806943
exp3_fixed_2,2099,640.3114,646.03076,0.0,-1.9329527616500854,-3.7864335
exp3_fixed_2,2101,630.7215,633.911,0.0,-0.8307070732116699,-2.3588583
exp3_fixed_2,2102,314.00375,366.77737,0.0,-1.010256052017212,-51.763348
exp3_fixed_2,2103,582.338,586.542,0.0,-1.1232335567474365,-3.0807524
exp3_fixed_2,2104,599.5443,607.3993,0.0,-0.621920645236969,-7.2330775
exp3_fixed_2,2105,636.647,640.87054,0.0,-0.9997009038925171,-3.223947
exp3_fixed_2,2106,-4.87156,32.510506,0.0,-8.585017204284668,-28.79707
exp3_fixed_2,2107,641.9323,643.6538,0.0,-0.4112437069416046,-1.3102347
exp3_fixed_2,2108,565.5426,574.5163,0.0,-0.567003071308136,-8.406739
exp3_fixed_2,2109,370.88403,397.01172,0.0,-15.961891174316406,-10.165759
exp3_fixed_2,2110,568.78955,576.83124,0.0,-0.609323263168335,-7.432354
exp3_fixed_2,2111,510.8069,525.9069,0.0,-2.443265438079834,-12.656777
exp3_fixed_2,2112,587.9633,605.0607,0.0,-3.5326967239379883,-13.564761
exp3_fixed_2,2113,588.3363,593.70886,0.0,-0.6038000583648682,-4.768773
exp3_fixed_2,2114,584.77954,587.9042,0.0,-1.2987101078033447,-1.8258522
exp3_fixed_2,2115,661.6854,666.571,0.0,-1.8939793109893799,-2.9915862
exp3_fixed_2,2116,590.4735,597.9236,0.0,-0.5786452293395996,-6.8713636
exp3_fixed_2,2117,603.66046,617.1709,0.0,-4.910801887512207,-8.599689
exp3_fixed_2,2118,639.9641,646.70386,0.0,-2.84488844871521,-3.894777
exp3_fixed_2,2119,569.7318,579.4945,0.0,-4.695273399353027,-5.067423
exp3_fixed_2,2121,618.1209,620.71265,0.0,-0.4622878432273865,-2.1294105
exp3_fixed_2,2122,568.85144,577.7737,0.0,-0.8881686925888062,-8.034017
exp3_fixed_2,2123,496.23743,501.45654,0.0,-0.6079413890838623,-4.6111593
exp3_fixed_2,2124,610.5218,614.1582,0.0,-0.9306468963623047,-2.705758
exp3_fixed_2,2125,574.5875,577.8728,0.0,-1.1883158683776855,-2.0969956
exp3_fixed_2,2126,563.31055,568.816,0.0,-0.5365316271781921,-4.968925
exp3_fixed_2,2127,596.65094,601.8079,0.0,-0.8853198289871216,-4.2716064
exp3_fixed_2,2128,582.93365,588.0503,0.0,-1.3327714204788208,-3.7839167
exp3_fixed_2,2129,588.4689,594.2014,0.0,-0.8104504346847534,-4.9221244
exp3_fixed_2,2130,577.7748,582.52673,0.0,-1.5024082660675049,-3.249563
exp3_fixed_2,2131,-101.15873,-60.238728,0.0,-24.55200958251953,-16.368
exp3_fixed_2,2132,401.77066,453.63934,0.0,-2.183659791946411,-49.68507
exp3_fixed_2,2133,609.5595,615.18243,0.0,-0.23331329226493835,-5.389617
exp3_fixed_2,2134,638.54504,641.323,0.0,-0.6897231936454773,-2.0882227
exp3_fixed_2,2135,629.08325,645.7048,0.0,-2.001375198364258,-14.620155
exp3_fixed_2,2136,84.66443,138.83885,0.0,-2.4428844451904297,-51.731583
exp3_fixed_2,2137,566.3529,570.98303,0.0,-2.10036301612854,-2.529802
exp3_fixed_2,2138,573.7634,580.77185,0.0,-0.8915230631828308,-6.1168666
exp3_fixed_2,2139,602.7209,610.83856,0.0,-1.614857792854309,-6.5028424
exp3_fixed_2,2141,598.2469,603.3197,0.0,-0.44513246417045593,-4.6276975
exp3_fixed_2,2142,482.17407,499.6411,0.0,-0.1686180680990219,-17.298384
exp3_fixed_2,2143,527.8388,559.0503,0.0,-1.4449812173843384,-29.766413
exp3_fixed_2,2144,609.15753,612.3716,0.0,-1.1495627164840698,-2.06446
exp3_fixed_2,2145,576.00366,591.5463,0.0,-1.0640788078308105,-14.478596
exp3_fixed_2,2146,582.67444,593.24915,0.0,-0.9650596380233765,-9.609635
exp3_fixed_2,2147,530.2279,537.77795,0.0,-0.6544269323348999,-6.895677
exp3_fixed_2,2148,561.1712,567.3175,0.0,-1.1493337154388428,-4.9970164
exp3_fixed_2,2149,538.48694,554.12946,0.0,-0.7836703062057495,-14.858826
exp3_fixed_2,2150,616.1538,625.53033,0.0,-1.350804090499878,-8.025781
exp3_fixed_2,2151,487.99655,500.42157,0.0,-1.6096941232681274,-10.815297
exp3_fixed_2,2152,576.86383,584.2921,0.0,-2.4899070262908936,-4.9384103
exp3_fixed_2,2153,627.54816,632.10583,0.0,-1.9176079034805298,-2.6400461
exp3_fixed_2,2154,561.2828,571.0586,0.0,-6.78655481338501,-2.989259
exp3_fixed_2,2155,542.74146,549.7326,0.0,-1.1845461130142212,-5.8066053
exp3_fixed_2,2156,553.04785,556.23175,0.0,-0.6274773478507996,-2.5564058
exp3_fixed_2,2157,504.46667,551.8185,0.0,-1.0235892534255981,-46.328205
exp3_fixed_2,2158,618.10144,620.1201,0.0,-0.507468581199646,-1.5112131
exp3_fixed_2,2159,569.646,573.94556,0.0,-1.693317174911499,-2.6062522
exp3_fixed_2,2161,609.6092,611.986,0.0,-0.5245040655136108,-1.8523881
exp3_fixed_2,2162,571.0978,576.18494,0.0,-2.135939121246338,-2.9512453
exp3_fixed_2,2163,649.4458,652.7886,0.0,-1.027254581451416,-2.315517
exp3_fixed_2,2164,521.94696,527.26483,0.0,-1.0246108770370483,-4.2932224
exp3_fixed_2,2165,543.54987,548.6552,0.0,-0.9434378147125244,-4.161931
exp3_fixed_2,2166,619.52716,623.52344,0.0,-1.012815237045288,-2.98347
exp3_fixed_2,2167,605.60706,612.73785,0.0,-2.8746328353881836,-4.256177
exp3_fixed_2,2168,619.2267,622.22217,0.0,-0.4491733908653259,-2.546359
exp3_fixed_2,2169,687.30225,690.99414,0.0,-0.9073536396026611,-2.7845285
exp3_fixed_2,2170,623.91187,632.6369,0.0,-1.4330731630325317,-7.2919517
exp3_fixed_2,2171,612.3115,621.4629,0.0,-1.1329185962677002,-8.018462
exp3_fixed_2,2172,634.79834,640.6199,0.0,-2.0914387702941895,-3.7301645
exp3_fixed_2,2173,526.3662,536.0824,0.0,-1.2422139644622803,-8.473985
exp3_fixed_2,2174,624.898,630.3728,0.0,-1.8526595830917358,-3.622125
exp3_fixed_2,2175,530.7274,557.3801,0.0,-1.3197529315948486,-25.333002
exp3_fixed_2,2176,556.9535,560.85693,0.0,-1.0095160007476807,-2.8939338
exp3_fixed_2,2177,593.8281,604.45245,0.0,-4.76826286315918,-5.8560753
exp3_fixed_2,2178,587.31805,595.0434,0.0,-3.1686301231384277,-4.5566955
exp3_fixed_2,2179,633.52124,638.1011,0.0,-1.9007128477096558,-2.6790762
exp3_fixed_2,2181,642.9626,646.3445,0.0,-0.9369155764579773,-2.4449914
exp3_fixed_2,2182,562.2156,566.4824,0.0,-1.457139253616333,-2.809634
exp3_fixed_2,2183,633.96454,636.09314,0.0,-0.33072012662887573,-1.7978926
exp3_fixed_2,2184,554.2458,561.7004,0.0,-0.5909573435783386,-6.863635
exp3_fixed_2,2185,614.9357,618.652,0.0,-0.9861245155334473,-2.7301497
exp3_fixed_2,2186,464.81308,508.88312,0.0,-3.3571391105651855,-40.712914
exp3_fixed_2,2187,572.3419,582.9083,0.0,-1.8490898609161377,-8.717369
exp3_fixed_2,2188,572.246,586.0608,0.0,-0.8564134836196899,-12.958382
exp3_fixed_2,2189,559.2059,564.3548,0.0,-1.8115472793579102,-3.3373914
exp3_fixed_2,2190,619.5587,623.5792,0.0,-0.8364525437355042,-3.184035
exp3_fixed_2,2191,554.9713,565.317,0.0,-0.3981916308403015,-9.947471
exp3_fixed_2,2192,608.27344,620.6299,0.0,-1.9806386232376099,-10.375854
exp3_fixed_2,2193,583.42114,585.7123,0.0,-0.4582046866416931,-1.8329936
exp3_fixed_2,2194,571.86993,577.4076,0.0,-1.1818194389343262,-4.355804
exp3_fixed_2,2195,533.677,550.68866,0.0,-1.3296549320220947,-15.681981
exp3_fixed_2,2196,553.30316,561.4104,0.0,-0.692040741443634,-7.4151793
exp3_fixed_2,2197,490.51288,510.45068,0.0,-1.7545297145843506,-18.183273
exp3_fixed_2,2198,588.49786,593.1975,0.0,-1.4256155490875244,-3.2739856
exp3_fixed_2,2199,603.0559,606.4811,0.0,-0.24193456768989563,-3.1832724
exp3_fixed_2,2201,507.46204,515.21234,0.0,-0.31161314249038696,-7.438706
exp3_fixed_2,2202,554.52783,561.796,0.0,-0.34533655643463135,-6.922845
exp3_fixed_2,2203,517.93335,523.5149,0.0,-1.0165842771530151,-4.5649214
exp3_fixed_2,2204,636.5796,641.0058,0.0,-0.7360290288925171,-3.69015
exp3_fixed_2,2205,655.9374,658.0241,0.0,-0.6112735867500305,-1.4754771
exp3_fixed_2,2206,-38.547043,-11.164952,0.0,-4.165384769439697,-23.216732
exp3_fixed_2,2207,565.34576,570.90576,0.0,-0.5505282282829285,-5.0094547
exp3_fixed_2,2208,676.2051,682.3364,0.0,-2.5799028873443604,-3.5514288
exp3_fixed_2,2209,646.1986,659.46576,0.0,-2.3826041221618652,-10.88455
exp3_fixed_2,2210,581.5962,590.903,0.0,-0.42030638456344604,-8.886492
exp3_fixed_2,2211,594.30835,600.5736,0.0,-0.9980424046516418,-5.267206
exp3_fixed_2,2212,575.5411,584.90485,0.0,-0.7652549743652344,-8.598486
exp3_fixed_2,2213,585.59155,588.6708,0.0,-0.833299458026886,-2.2459424
exp3_fixed_2,2214,570.5699,585.73926,0.0,-2.0357840061187744,-13.133609
exp3_fixed_2,2215,591.5521,600.32227,0.0,-2.966193675994873,-5.8039284
exp3_fixed_2,2216,-66.0664,21.03852,0.0,-64.24412536621094,-22.860832
exp3_fixed_2,2217,614.95544,617.8995,0.0,-0.9456636309623718,-1.9983834
exp3_fixed_2,2218,575.241,577.67096,0.0,-0.4972477853298187,-1.9326451
exp3_fixed_2,2219,512.8463,544.27905,0.0,-2.835768461227417,-28.59697
exp3_fixed_2,2221,432.52045,464.58438,0.0,-16.133115768432617,-15.930807
exp3_fixed_2,2222,610.60254,617.1719,0.0,-0.557944655418396,-6.011361
exp3_fixed_2,2223,503.94226,528.22363,0.0,-17.50735092163086,-6.7740245
exp3_fixed_2,2224,592.38257,599.95483,0.0,-4.0989766120910645,-3.4732623
exp3_fixed_2,2225,564.1478,580.48694,0.0,-1.4549736976623535,-14.884105
exp3_fixed_2,2226,638.0839,641.8613,0.0,-0.5146807432174683,-3.262711
exp3_fixed_2,2227,527.9896,532.9221,0.0,-0.6619912385940552,-4.2704873
exp3_fixed_2,2228,497.67676,503.00253,0.0,-0.3394482433795929,-4.986337
exp3_fixed_2,2229,617.969,625.9636,0.0,-0.9159628748893738,-7.078653
exp3_fixed_2,2230,-113.274445,18.409727,0.0,-98.13019561767578,-33.55397
exp3_fixed_2,2231,572.53705,583.0906,0.0,-1.1422314643859863,-9.411298
exp3_fixed_2,2232,570.1522,577.26404,0.0,-1.5714575052261353,-5.5403295
exp3_fixed_2,2233,647.094,649.89185,0.0,-1.1902326345443726,-1.6075597
exp3_fixed_2,2234,577.18835,583.4179,0.0,-0.3755117654800415,-5.8540444
exp3_fixed_2,2235,524.4261,536.11017,0.0,-0.9078900218009949,-10.776249
exp3_fixed_2,2236,618.53656,622.3229,0.0,-1.1634293794631958,-2.6229177
exp3_fixed_2,2237,587.83105,591.9317,0.0,-0.7314399480819702,-3.3691676
exp3_fixed_2,2238,621.26184,624.48175,0.0,-0.4979082942008972,-2.7219632
exp3_fixed_2,2239,544.48676,554.281,0.0,-1.0960907936096191,-8.698155
exp3_fixed_2,2241,15.152307,61.46249,0.0,-4.391058444976807,-41.91918
exp3_fixed_2,2242,501.95758,511.83893,0.0,-0.42468690872192383,-9.456659
exp3_fixed_2,2243,-413.74652,-65.30129,-200.0,-125.1867904663086,-23.258423
exp3_fixed_2,2244,505.56354,520.69666,0.0,-1.4137507677078247,-13.7193165
exp3_fixed_2,2245,549.483,567.6915,0.0,-1.6100986003875732,-16.598444
exp3_fixed_2,2246,652.281,655.69965,0.0,-1.2133022546768188,-2.205444
exp3_fixed_2,2247,657.12384,660.41614,0.0,-0.46593475341796875,-2.8263872
exp3_fixed_2,2248,637.8362,646.20026,0.0,-1.440173625946045,-6.9239025
exp3_fixed_2,2249,599.80066,609.9592,0.0,-1.4541386365890503,-8.70447
exp3_fixed_2,2250,551.70337,554.60913,0.0,-0.642838716506958,-2.2629156
exp3_fixed_2,2251,-23.371418,-12.958205,0.0,-9.000457763671875,-1.4127295
exp3_fixed_2,2252,613.01587,622.6713,0.0,-0.828704833984375,-8.826761
exp3_fixed_2,2253,541.10455,555.29614,0.0,-1.3713780641555786,-12.820196
exp3_fixed_2,2254,591.6256,595.14795,0.0,-0.9380797743797302,-2.584276
exp3_fixed_2,2255,574.6891,578.754,0.0,-0.9245848655700684,-3.1402757
exp3_fixed_2,2256,510.65414,517.5421,0.0,-0.8142821192741394,-6.0737114
exp3_fixed_2,2257,661.6035,664.7972,0.0,-1.069629192352295,-2.123967
exp3_fixed_2,2258,569.3981,571.3018,0.0,-0.1961183100938797,-1.7076045
exp3_fixed_2,2259,567.4743,572.322,0.0,-0.518779456615448,-4.3289514
exp3_fixed_2,2261,580.99445,583.9597,0.0,-0.5899324417114258,-2.3753176
exp3_fixed_2,2262,519.98145,532.67145,0.0,-1.2507719993591309,-11.439228
exp3_fixed_2,2263,584.31024,597.8105,0.0,-2.2156994342803955,-11.2845125
exp3_fixed_2,2264,556.6037,563.48364,0.0,-1.2552030086517334,-5.6246843
exp3_fixed_2,2265,4.282343,39.67595,0.0,-6.824460029602051,-28.5692
exp3_fixed_2,2266,533.9302,545.68256,0.0,-0.7092644572257996,-11.043125
exp3_fixed_2,2267,592.59143,608.68933,0.0,-2.167743444442749,-13.930073
exp3_fixed_2,2268,590.60187,599.16644,0.0,-0.8974303603172302,-7.667155
exp3_fixed_2,2269,607.7113,614.02026,0.0,-0.6600339412689209,-5.6489935
exp3_fixed_2,2270,603.14856,614.00397,0.0,-2.1245484352111816,-8.730862
exp3_fixed_2,2271,672.3971,676.8694,0.0,-0.9279916286468506,-3.544252
exp3_fixed_2,2272,630.1782,634.67847,0.0,-1.0379016399383545,-3.4623675
exp3_fixed_2,2273,509.58228,593.8816,0.0,-0.38330188393592834,-83.91597
exp3_fixed_2,2274,578.37964,588.04395,0.0,-1.5083423852920532,-8.155938
exp3_fixed_2,2275,568.6031,581.9273,0.0,-2.19038724899292,-11.133875
exp3_fixed_2,2276,590.6396,608.6548,0.0,-0.5258106589317322,-17.489443
exp3_fixed_2,2277,637.9786,643.05066,0.0,-0.7526427507400513,-4.319458
exp3_fixed_2,2278,576.7497,578.6201,0.0,-0.29284173250198364,-1.5776304
exp3_fixed_2,2279,552.0286,561.86884,0.0,-3.305922746658325,-6.534259
exp3_fixed_2,2281,611.2416,618.994,0.0,-1.5959962606430054,-6.156463
exp3_fixed_2,2282,-81.45403,-38.086243,0.0,-11.83409309387207,-31.533712
exp3_fixed_2,2283,616.63293,622.0886,0.0,-1.5253533124923706,-3.9303875
exp3_fixed_2,2284,586.8173,601.40314,0.0,-0.833401620388031,-13.752474
exp3_fixed_2,2285,645.8523,650.60376,0.0,-1.008944034576416,-3.7425125
exp3_fixed_2,2286,545.8839,558.474,0.0,-1.2870455980300903,-11.30303
exp3_fixed_2,2287,636.1128,638.76605,0.0,-0.38237208127975464,-2.27082
exp3_fixed_2,2288,616.9026,619.7355,0.0,-0.6004592180252075,-2.2324386
exp3_fixed_2,2289,581.2243,585.79694,0.0,-1.0715689659118652,-3.5010362
exp3_fixed_2,2290,555.95526,562.9138,0.0,-0.5693626999855042,-6.3891497
exp3_fixed_2,2291,594.812,604.05945,0.0,-2.3481838703155518,-6.8992586
exp3_fixed_2,2292,592.59784,603.83453,0.0,-3.695634126663208,-7.541042
exp3_fixed_2,2293,597.6323,600.7229,0.0,-0.43985292315483093,-2.6507509
exp3_fixed_2,2294,605.5165,613.41565,0.0,-0.7064045667648315,-7.1928015
exp3_fixed_2,2295,549.9249,552.83167,0.0,-0.5525963306427002,-2.354123
exp3_fixed_2,2296,640.9234,645.3717,0.0,-1.2797352075576782,-3.16851
exp3_fixed_2,2297,519.36816,528.26636,0.0,-6.375359058380127,-2.522842
exp3_fixed_2,2298,581.00055,582.54065,0.0,-0.40752965211868286,-1.1325358
exp3_fixed_2,2299,572.76154,576.1792,0.0,-0.8376821279525757,-2.579975
exp3_fixed_2,2301,611.59625,634.8694,0.0,-1.0898112058639526,-22.183329
exp3_fixed_2,2302,553.95557,561.23944,0.0,-0.8397366404533386,-6.44411
exp3_fixed_2,2303,599.7612,604.9966,0.0,-0.653615415096283,-4.581805
exp3_fixed_2,2304,564.6915,583.5817,0.0,-2.4355216026306152,-16.454681
exp3_fixed_2,2305,589.25226,596.67053,0.0,-1.0516878366470337,-6.366588
exp3_fixed_2,2306,584.48785,587.39136,0.0,-0.6440806984901428,-2.259403
exp3_fixed_2,2307,552.55865,555.9645,0.0,-0.6095176935195923,-2.796275
exp3_fixed_2,2308,572.7948,576.4865,0.0,-0.5259592533111572,-3.1657124
exp3_fixed_2,2309,614.4091,630.09924,0.0,-1.296156406402588,-14.393974
exp3_fixed_2,2310,602.4419,604.85565,0.0,-1.0637325048446655,-1.3499709
exp3_fixed_2,2311,-47.82184,-3.1900754,0.0,-38.80945587158203,-5.8223357
exp3_fixed_2,2312,579.1882,582.6242,0.0,-0.49344706535339355,-2.9425633
exp3_fixed_2,2313,615.0439,618.9071,0.0,-0.8772273063659668,-2.9859505
exp3_fixed_2,2314,675.1345,678.93823,0.0,-0.6773287057876587,-3.1264458
exp3_fixed_2,2315,532.307,533.97644,0.0,-0.36321187019348145,-1.3062445
exp3_fixed_2,2316,583.5336,587.97754,0.0,-0.9270522594451904,-3.5168662
exp3_fixed_2,2317,563.31934,579.99915,0.0,-1.263642430305481,-15.416198
exp3_fixed_2,2318,573.6242,581.32355,0.0,-1.6096912622451782,-6.08961
exp3_fixed_2,2319,574.3629,582.4844,0.0,-1.408475399017334,-6.7129297
exp3_fixed_2,2321,587.457,599.41864,0.0,-1.8068040609359741,-10.154872
exp3_fixed_2,2322,609.7118,617.6911,0.0,-1.0931169986724854,-6.8861666
exp3_fixed_2,2323,-72.977585,-58.74415,0.0,-11.979714393615723,-2.253695
exp3_fixed_2,2324,611.97833,614.52893,0.0,-0.42437252402305603,-2.1261606
exp3_fixed_2,2325,589.98846,593.10767,0.0,-0.45630234479904175,-2.662946
exp3_fixed_2,2326,656.5826,659.94293,0.0,-1.5348209142684937,-1.8255266
exp3_fixed_2,2327,652.2392,655.3511,0.0,-1.0600429773330688,-2.0518434
exp3_fixed_2,2328,554.698,558.4981,0.0,-0.7036646008491516,-3.096491
exp3_fixed_2,2329,543.0764,550.0753,0.0,-0.804888904094696,-6.194025
exp3_fixed_2,2330,595.81006,598.3461,0.0,-0.3850046992301941,-2.1510584
exp3_fixed_2,2331,631.5563,637.622,0.0,-3.2914187908172607,-2.7743042
exp3_fixed_2,2332,517.72034,526.35425,0.0,-4.51417350769043,-4.1197677
exp3_fixed_2,2333,631.1999,635.60486,0.0,-1.5284188985824585,-2.876576
exp3_fixed_2,2334,593.9823,600.7692,0.0,-0.4831802248954773,-6.303801
exp3_fixed_2,2335,622.7917,626.69965,0.0,-0.838227391242981,-3.0697327
exp3_fixed_2,2336,532.9054,541.30334,0.0,-2.042008399963379,-6.3559265
exp3_fixed_2,2337,-116.08238,107.29578,-200.0,-21.669235229492188,-1.70891
exp3_fixed_2,2338,552.93414,556.8813,0.0,-0.9896748065948486,-2.9574802
exp3_fixed_2,2339,571.03827,579.00134,0.0,-1.0477367639541626,-6.915305
exp3_fixed_2,2341,541.12006,545.8412,0.0,-0.7536739110946655,-3.9674902
exp3_fixed_2,2342,606.21423,609.349,0.0,-0.5716986060142517,-2.5630515
exp3_fixed_2,2343,568.9601,580.07324,0.0,-1.832592487335205,-9.280534
exp3_fixed_2,2344,601.6624,604.38196,0.0,-0.6123005151748657,-2.1072593
exp3_fixed_2,2345,552.16705,561.493,0.0,-0.4689213037490845,-8.857046
exp3_fixed_2,2346,602.4673,621.1552,0.0,-6.156054973602295,-12.5319
exp3_fixed_2,2347,512.876,528.9274,0.0,-3.5365283489227295,-12.514963
exp3_fixed_2,2348,562.6539,571.3297,0.0,-1.2085442543029785,-7.467264
exp3_fixed_2,2349,626.01483,628.34485,0.0,-0.18175405263900757,-2.1483107
exp3_fixed_2,2350,622.37085,631.9415,0.0,-0.8161056041717529,-8.754551
exp3_fixed_2,2351,639.58887,648.0674,0.0,-1.1095621585845947,-7.3689365
exp3_fixed_2,2352,629.89294,632.63074,0.0,-0.7344641089439392,-2.003332
exp3_fixed_2,2353,621.209,624.93964,0.0,-0.6787572503089905,-3.0518935
exp3_fixed_2,2354,646.9503,651.06213,0.0,-0.3737155795097351,-3.7380548
exp3_fixed_2,2355,601.0987,606.1962,0.0,-0.4184756875038147,-4.67909
exp3_fixed_2,2356,497.3739,526.6021,0.0,-2.1346240043640137,-27.093576
exp3_fixed_2,2357,623.50696,627.11957,0.0,-0.8516867160797119,-2.7609422
exp3_fixed_2,2358,559.0977,569.99835,0.0,-1.2837498188018799,-9.616882
exp3_fixed_2,2359,607.72406,615.79285,0.0,-1.600719690322876,-6.468139
exp3_fixed_2,2361,581.74493,586.76776,0.0,-1.3570733070373535,-3.6658008
exp3_fixed_2,2362,596.2551,604.67285,0.0,-2.916386127471924,-5.501363
exp3_fixed_2,2363,525.52264,532.92865,0.0,-2.31406307220459,-5.0919337
exp3_fixed_2,2364,551.5477,555.19385,0.0,-0.9222293496131897,-2.7238762
exp3_fixed_2,2365,565.35077,568.8787,0.0,-0.6664659380912781,-2.8614054
exp3_fixed_2,2366,579.28906,581.992,0.0,-0.39775609970092773,-2.305105
exp3_fixed_2,2367,584.9287,588.58984,0.0,-1.0120505094528198,-2.6491187
exp3_fixed_2,2368,547.5626,559.2782,0.0,-1.6247035264968872,-10.090834
exp3_fixed_2,2369,614.57654,621.62524,0.0,-0.41603168845176697,-6.632724
exp3_fixed_2,2370,671.6469,675.2951,0.0,-1.369110107421875,-2.2791696
exp3_fixed_2,2371,586.646,591.4053,0.0,-1.3514513969421387,-3.4079082
exp3_fixed_2,2372,601.95685,607.2099,0.0,-0.759376049041748,-4.4937053
exp3_fixed_2,2373,528.01086,537.8557,0.0,-0.6936646699905396,-9.151166
exp3_fixed_2,2374,640.15656,643.1437,0.0,-0.6008704900741577,-2.3862772
exp3_fixed_2,2375,640.32965,643.4409,0.0,-0.7844595313072205,-2.3268259
exp3_fixed_2,2376,550.7715,558.6908,0.0,-1.418705940246582,-6.500594
exp3_fixed_2,2377,599.07043,602.2901,0.0,-0.7382385730743408,-2.4814026
exp3_fixed_2,2378,601.7851,604.66235,0.0,-0.32495707273483276,-2.5522518
exp3_fixed_2,2379,590.6031,593.8143,0.0,-0.9539810419082642,-2.2571697
exp3_fixed_2,2381,578.13916,581.7257,0.0,-1.335992455482483,-2.2505589
exp3_fixed_2,2382,607.69214,611.19763,0.0,-0.8705241680145264,-2.6349516
exp3_fixed_2,2383,651.53815,653.7562,0.0,-0.39453795552253723,-1.8235762
exp3_fixed_2,2384,573.65656,582.368,0.0,-0.5492100715637207,-8.162218
exp3_fixed_2,2385,609.28973,612.2235,0.0,-0.938004732131958,-1.995797
exp3_fixed_2,2386,606.7883,612.098,0.0,-1.5581622123718262,-3.7515142
exp3_fixed_2,2387,618.78625,622.5784,0.0,-0.31862643361091614,-3.473538
exp3_fixed_2,2388,582.44183,585.4882,0.0,-0.8826541304588318,-2.1637273
exp3_fixed_2,2389,578.3946,590.6756,0.0,-1.1101322174072266,-11.170839
exp3_fixed_2,2390,557.3221,561.2956,0.0,-0.9532337188720703,-3.0202577
exp3_fixed_2,2391,611.5544,618.91565,0.0,-1.0444661378860474,-6.316788
exp3_fixed_2,2392,583.723,594.4108,0.0,-2.681663751602173,-8.006144
exp3_fixed_2,2393,533.0261,545.8348,0.0,-1.8030929565429688,-11.0055065
exp3_fixed_2,2394,575.4937,584.9994,0.0,-1.7034634351730347,-7.802164
exp3_fixed_2,2395,609.9117,613.94495,0.0,-0.6990513205528259,-3.3342369
exp3_fixed_2,2396,625.68475,633.27325,0.0,-1.1100130081176758,-6.478544
exp3_fixed_2,2397,607.9291,611.436,0.0,-0.4110777974128723,-3.0958235
exp3_fixed_2,2398,520.4834,527.7222,0.0,-1.7117937803268433,-5.5270348
exp3_fixed_2,2399,640.8838,647.3286,0.0,-0.685490071773529,-5.759262
exp3_fixed_2,2401,571.43994,580.11487,0.0,-0.6454246640205383,-8.0294485
exp3_fixed_2,2402,517.02905,528.15393,0.0,-0.5113563537597656,-10.6135235
exp3_fixed_2,2403,592.5296,600.95483,0.0,-0.8519157767295837,-7.573294
exp3_fixed_2,2404,576.7059,582.65497,0.0,-0.9377344846725464,-5.011337
exp3_fixed_2,2405,604.2416,612.5282,0.0,-0.9055231809616089,-7.3811436
exp3_fixed_2,2406,638.98627,642.1025,0.0,-0.6701655387878418,-2.4460347
exp3_fixed_2,2407,668.09717,672.32117,0.0,-0.9350936412811279,-3.2889676
exp3_fixed_2,2408,551.05444,561.198,0.0,-1.4164081811904907,-8.727146
exp3_fixed_2,2409,642.7411,646.0627,0.0,-1.1925256252288818,-2.1291146
exp3_fixed_2,2410,591.65216,593.4509,0.0,-0.16398507356643677,-1.6347569
exp3_fixed_2,2411,516.239,524.5854,0.0,-0.8116191029548645,-7.5347333
exp3_fixed_2,2412,583.73425,602.00635,0.0,-2.1207666397094727,-16.151253
exp3_fixed_2,2413,542.1792,551.64166,0.0,-2.0381860733032227,-7.4243174
exp3_fixed_2,2414,590.7167,593.7481,0.0,-0.3521875739097595,-2.679232
exp3_fixed_2,2415,585.58563,591.3382,0.0,-2.0804619789123535,-3.672123
exp3_fixed_2,2416,565.2466,576.33057,0.0,-0.9389423727989197,-10.144997
exp3_fixed_2,2417,574.0297,577.3706,0.0,-0.6328076124191284,-2.7080848
exp3_fixed_2,2418,542.4489,558.5127,0.0,-2.00520658493042,-14.058517
exp3_fixed_2,2419,560.2864,562.4152,0.0,-0.6641788482666016,-1.464649
exp3_fixed_2,2421,580.43616,604.6669,0.0,-1.9785959720611572,-22.252144
exp3_fixed_2,2422,628.86884,639.72833,0.0,-1.196692705154419,-9.662832
exp3_fixed_2,2423,556.4568,564.16187,0.0,-1.5045963525772095,-6.2005224
exp3_fixed_2,2424,627.22186,629.6085,0.0,-0.8437367677688599,-1.542892
exp3_fixed_2,2425,648.23737,654.3431,0.0,-2.296325922012329,-3.8093958
exp3_fixed_2,2426,605.448,608.6836,0.0,-0.5139376521110535,-2.7216063
exp3_fixed_2,2427,548.34357,555.04724,0.0,-0.6624553203582764,-6.0411634
exp3_fixed_2,2428,630.39606,649.31494,0.0,-1.464800477027893,-17.454073
exp3_fixed_2,2429,584.4312,593.1164,0.0,-0.9660914540290833,-7.7191076
exp3_fixed_2,2430,654.96216,658.2123,0.0,-0.6408267021179199,-2.6093254
exp3_fixed_2,2431,583.09515,585.9724,0.0,-0.5305319428443909,-2.3467157
exp3_fixed_2,2432,608.324,614.15076,0.0,-0.4611378014087677,-5.3656006
exp3_fixed_2,2433,601.2977,605.094,0.0,-0.8620366454124451,-2.9343133
exp3_fixed_2,2434,588.7923,592.54315,0.0,-1.1567084789276123,-2.5941095
exp3_fixed_2,2435,629.37,634.3911,0.0,-1.5581016540527344,-3.4630725
exp3_fixed_2,2436,568.1782,577.209,0.0,-4.99884033203125,-4.0319266
exp3_fixed_2,2437,568.0615,574.462,0.0,-1.288741111755371,-5.1116924
exp3_fixed_2,2438,560.02264,565.0648,0.0,-1.1706089973449707,-3.871616
exp3_fixed_2,2439,620.8207,623.4817,0.0,-0.409445196390152,-2.2515173
exp3_fixed_2,2441,600.70483,602.96875,0.0,-0.29904404282569885,-1.9648886
exp3_fixed_2,2442,661.79156,668.0602,0.0,-3.2124836444854736,-3.0561595
exp3_fixed_2,2443,588.60913,592.93225,0.0,-1.2845063209533691,-3.0385704
exp3_fixed_2,2444,521.5283,530.08765,0.0,-1.2946354150772095,-7.264632
exp3_fixed_2,2445,564.5094,574.7993,0.0,-0.6078883409500122,-9.682122
exp3_fixed_2,2446,-124.37854,102.47461,-200.0,-24.50543212890625,-2.347708
exp3_fixed_2,2447,550.1678,570.4112,0.0,-0.6198431253433228,-19.623549
exp3_fixed_2,2448,649.1138,651.13434,0.0,-0.41530704498291016,-1.6052548
exp3_fixed_2,2449,624.93726,630.0831,0.0,-0.9218412041664124,-4.223988
exp3_fixed_2,2450,660.71155,663.8181,0.0,-0.40427225828170776,-2.7022622
exp3_fixed_2,2451,520.91455,527.49274,0.0,-0.8094524145126343,-5.768755
exp3_fixed_2,2452,558.7775,567.46387,0.0,-5.721569538116455,-2.964767
exp3_fixed_2,2453,583.4835,590.95715,0.0,-0.6204636096954346,-6.8531723
exp3_fixed_2,2454,564.8107,587.1738,0.0,-1.7060372829437256,-20.656975
exp3_fixed_2,2455,647.23584,649.5453,0.0,-0.47001850605010986,-1.8394806
exp3_fixed_2,2456,-234.04854,117.75344,-200.0,-150.32321166992188,-1.4787358
exp3_fixed_2,2457,521.8432,529.2749,0.0,-0.36321747303009033,-7.0685234
exp3_fixed_2,2458,601.79987,605.31116,0.0,-0.7380586266517639,-2.7732685
exp3_fixed_2,2459,599.4813,606.923,0.0,-0.6299607157707214,-6.8116636
exp3_fixed_2,2461,603.6581,606.69635,0.0,-0.9379662275314331,-2.1002939
exp3_fixed_2,2462,391.46158,415.7034,0.0,-10.737780570983887,-13.504046
exp3_fixed_2,2463,648.0333,651.9218,0.0,-0.3597809672355652,-3.5286882
exp3_fixed_2,2464,487.6405,493.83524,0.0,-0.23928295075893402,-5.955447
exp3_fixed_2,2465,559.029,574.5116,0.0,-0.17780524492263794,-15.304736
exp3_fixed_2,2466,548.4313,560.3126,0.0,-1.234960913658142,-10.646351
exp3_fixed_2,2467,575.0092,584.4655,0.0,-2.700648307800293,-6.755663
exp3_fixed_2,2468,639.11725,642.1968,0.0,-0.7258478403091431,-2.3537688
exp3_fixed_2,2469,595.8908,597.60944,0.0,-0.6484571695327759,-1.0701982
exp3_fixed_2,2470,551.7379,558.52985,0.0,-2.3505685329437256,-4.441296
exp3_fixed_2,2471,573.0164,576.5349,0.0,-0.8488196134567261,-2.669692
exp3_fixed_2,2472,593.2022,602.346,0.0,-1.7934496402740479,-7.350352
exp3_fixed_2,2473,625.4271,641.1458,0.0,-0.7343118190765381,-14.984366
exp3_fixed_2,2474,563.96075,568.7989,0.0,-0.49324479699134827,-4.344841
exp3_fixed_2,2475,590.3325,595.3447,0.0,-1.9221175909042358,-3.0901268
exp3_fixed_2,2476,571.9665,580.76965,0.0,-1.5168622732162476,-7.2862916
exp3_fixed_2,2477,580.7935,589.39795,0.0,-1.2039650678634644,-7.400479
exp3_fixed_2,2478,588.94135,609.8032,0.0,-1.4086894989013672,-19.453232
exp3_fixed_2,2479,603.9783,608.3609,0.0,-1.4727988243103027,-2.9098916
exp3_fixed_2,2481,610.75903,613.11523,0.0,-0.4670223593711853,-1.889151
exp3_fixed_2,2482,597.6211,604.2379,0.0,-1.6843891143798828,-4.932381
exp3_fixed_2,2483,553.5746,559.424,0.0,-0.81838059425354,-5.031031
exp3_fixed_2,2484,567.2746,575.22504,0.0,-4.384933948516846,-3.5655499
exp3_fixed_2,2485,556.1395,568.2787,0.0,-2.517212152481079,-9.621959
exp3_fixed_2,2486,649.319,653.9065,0.0,-1.7679535150527954,-2.8195662
exp3_fixed_2,2487,621.6749,626.29736,0.0,-1.7641291618347168,-2.8583035
exp3_fixed_2,2488,594.36755,599.29144,0.0,-1.6242570877075195,-3.2996063
exp3_fixed_2,2489,680.6387,685.3427,0.0,-1.1119670867919922,-3.5920286
exp3_fixed_2,2490,573.8173,576.0045,0.0,-0.3210124373435974,-1.8661743
exp3_fixed_2,2491,553.8234,556.6904,0.0,-0.41555774211883545,-2.451453
exp3_fixed_2,2492,661.278,672.6289,0.0,-2.700099229812622,-8.650828
exp3_fixed_2,2493,555.5879,584.40436,0.0,-0.9862769842147827,-27.830164
exp3_fixed_2,2494,550.7947,556.03094,0.0,-0.9392476081848145,-4.2970247
exp3_fixed_2,2495,608.369,621.3869,0.0,-0.909074604511261,-12.108826
exp3_fixed_2,2496,582.43066,585.65485,0.0,-1.6657261848449707,-1.5584098
exp3_fixed_2,2497,578.0259,587.8958,0.0,-2.118317127227783,-7.7516026
exp3_fixed_2,2498,554.9473,559.21875,0.0,-1.9116483926773071,-2.3597622
exp3_fixed_2,2499,642.7517,645.82336,0.0,-0.5761979222297668,-2.4954538
exp3_fixed_2,2501,598.0645,600.61035,0.0,-0.6855101585388184,-1.8603027
exp3_fixed_2,2502,634.84644,638.52527,0.0,-1.5050361156463623,-2.1738112
exp3_fixed_2,2503,513.5983,526.9371,0.0,-1.3541654348373413,-11.984552
exp3_fixed_2,2504,549.8783,553.63696,0.0,-0.7796173691749573,-2.9790518
exp3_fixed_2,2505,576.0769,578.88544,0.0,-0.7135525941848755,-2.0949965
exp3_fixed_2,2506,-0.6846546,37.55273,0.0,-7.747495174407959,-30.48993
exp3_fixed_2,2507,-54.86971,-11.733505,0.0,-20.48499870300293,-22.651197
exp3_fixed_2,2508,561.9445,569.0066,0.0,-1.001246690750122,-6.0608983
exp3_fixed_2,2509,602.1782,610.6962,0.0,-1.0662121772766113,-7.4518113
exp3_fixed_2,2510,606.9368,610.9004,0.0,-0.44222813844680786,-3.5212517
exp3_fixed_2,2511,650.6671,654.08777,0.0,-0.7181922197341919,-2.7025046
exp3_fixed_2,2512,524.87897,534.8031,0.0,-0.7201001644134521,-9.203973
exp3_fixed_2,2513,533.1894,538.427,0.0,-0.8325880169868469,-4.405044
exp3_fixed_2,2514,532.475,542.0034,0.0,-3.399946689605713,-6.128556
exp3_fixed_2,2515,406.7573,441.1681,0.0,-2.6361565589904785,-31.774582
exp3_fixed_2,2516,548.64355,557.028,0.0,-0.8366175293922424,-7.5478764
exp3_fixed_2,2517,-80.174545,140.76755,-200.0,-18.16277313232422,-2.7793295
exp3_fixed_2,2518,508.95718,523.95,0.0,-3.4018659591674805,-11.590955
exp3_fixed_2,2519,617.2233,630.75256,0.0,-0.49417248368263245,-13.0350685
exp3_fixed_2,2521,583.8324,589.2657,0.0,-1.1069533824920654,-4.3263803
exp3_fixed_2,2522,596.1977,603.34296,0.0,-1.1141080856323242,-6.031157
exp3_fixed_2,2523,541.8552,548.56323,0.0,-0.5151715874671936,-6.1928825
exp3_fixed_2,2524,572.06195,580.4114,0.0,-1.3441157341003418,-7.005326
exp3_fixed_2,2525,521.58813,528.5921,0.0,-0.6786276698112488,-6.3253064
exp3_fixed_2,2526,638.21185,641.6102,0.0,-1.030367136001587,-2.3680153
exp3_fixed_2,2527,554.0559,558.6547,0.0,-1.564089298248291,-3.0347526
exp3_fixed_2,2528,585.72125,589.8933,0.0,-1.1758953332901,-2.9962008
exp3_fixed_2,2529,550.5818,560.13403,0.0,-0.8564863801002502,-8.695667
exp3_fixed_2,2530,600.462,602.87366,0.0,-0.8651278614997864,-1.5465829
exp3_fixed_2,2531,495.64337,507.7759,0.0,-1.3997981548309326,-10.732715
exp3_fixed_2,2532,536.0029,539.33484,0.0,-0.533595860004425,-2.7983093
exp3_fixed_2,2533,570.21106,575.76587,0.0,-1.1720420122146606,-4.3827143
exp3_fixed_2,2534,596.95215,608.4751,0.0,-2.256439447402954,-9.266489
exp3_fixed_2,2535,651.1803,654.59827,0.0,-0.9796760678291321,-2.4383142
exp3_fixed_2,2536,552.1994,556.869,0.0,-1.0484895706176758,-3.6211214
exp3_fixed_2,2537,588.1193,596.4686,0.0,-1.1053293943405151,-7.2440214
exp3_fixed_2,2538,576.18176,580.36316,0.0,-0.7198283672332764,-3.4615498
exp3_fixed_2,2539,556.35864,562.98206,0.0,-1.0484018325805664,-5.5750713
exp3_fixed_2,2541,598.7462,602.473,0.0,-0.6530953645706177,-3.0736933
exp3_fixed_2,2542,581.3521,587.6551,0.0,-1.5318324565887451,-4.7711496
exp3_fixed_2,2543,613.94977,617.2001,0.0,-0.8369196057319641,-2.4133482
exp3_fixed_2,2544,639.6418,644.4662,0.0,-1.3679370880126953,-3.4564862
exp3_fixed_2,2545,554.4037,581.28784,0.0,-0.8090974688529968,-26.07502
exp3_fixed_2,2546,545.2951,553.13104,0.0,-0.7231127023696899,-7.1127973
exp3_fixed_2,2547,627.7388,629.89465,0.0,-0.19898878037929535,-1.9568901
exp3_fixed_2,2548,596.21326,600.636,0.0,-0.9780799150466919,-3.4446242
exp3_fixed_2,2549,670.85925,682.5989,0.0,-5.173280239105225,-6.566301
exp3_fixed_2,2550,615.2002,619.37915,0.0,-1.1322898864746094,-3.0466244
exp3_fixed_2,2551,-48.169502,-21.60018,0.0,-14.481731414794922,-12.087557
exp3_fixed_2,2552,706.2383,711.43835,0.0,-0.5054762363433838,-4.694621
exp3_fixed_2,2553,577.2597,580.30164,0.0,-0.8258073925971985,-2.2161677
exp3_fixed_2,2554,579.8574,615.0827,0.0,-1.3330543041229248,-33.892223
exp3_fixed_2,2555,607.192,610.37573,0.0,-1.6380702257156372,-1.5456568
exp3_fixed_2,2556,579.80206,586.58264,0.0,-1.124682903289795,-5.655874
exp3_fixed_2,2557,625.12964,630.2151,0.0,-1.579641580581665,-3.5058773
exp3_fixed_2,2558,540.5023,548.0902,0.0,-0.9503539204597473,-6.6375484
exp3_fixed_2,2559,600.7616,604.5644,0.0,-1.598602294921875,-2.2042184
exp3_fixed_2,2561,662.41125,667.26355,0.0,-0.6543264389038086,-4.1979804
exp3_fixed_2,2562,644.3799,650.5828,0.0,-1.2733482122421265,-4.9295864
exp3_fixed_2,2563,462.5547,503.72998,0.0,-13.707841873168945,-27.467472
exp3_fixed_2,2564,552.78644,565.2422,0.0,-0.6341966390609741,-11.821526
exp3_fixed_2,2565,616.6013,621.49634,0.0,-1.5266485214233398,-3.3683164
exp3_fixed_2,2566,577.33685,585.6547,0.0,-0.7837103009223938,-7.53419
exp3_fixed_2,2567,589.9804,599.16736,0.0,-2.589688777923584,-6.597234
exp3_fixed_2,2568,600.9208,603.3926,0.0,-0.7427850961685181,-1.7290044
exp3_fixed_2,2569,634.2427,638.2648,0.0,-1.739222526550293,-2.2828524
exp3_fixed_2,2570,656.6096,661.2593,0.0,-1.8551188707351685,-2.794468
exp3_fixed_2,2571,646.53516,650.3784,0.0,-0.7834337949752808,-3.0598636
exp3_fixed_2,2572,-119.76044,-88.612274,0.0,-6.979371070861816,-24.168821
exp3_fixed_2,2573,567.79193,576.29443,0.0,-1.3790706396102905,-7.123365
exp3_fixed_2,2574,634.86206,637.50085,0.0,-0.5087442994117737,-2.13005
exp3_fixed_2,2575,569.0407,572.58527,0.0,-1.0467283725738525,-2.4978094
exp3_fixed_2,2576,628.09796,631.2751,0.0,-1.3518086671829224,-1.825326
exp3_fixed_2,2577,608.7345,611.04565,0.0,-0.6315667033195496,-1.6796235
exp3_fixed_2,2578,-14.896751,30.522903,0.0,-34.263938903808594,-11.155695
exp3_fixed_2,2579,566.8067,595.32776,0.0,-0.7512274384498596,-27.769848
exp3_fixed_2,2581,560.9891,572.6834,0.0,-0.36374616622924805,-11.330637
exp3_fixed_2,2582,612.9267,618.10675,0.0,-1.3451862335205078,-3.8348985
exp3_fixed_2,2583,599.57947,614.41095,0.0,-2.3193655014038086,-12.512065
exp3_fixed_2,2584,507.53403,515.7758,0.0,-2.096360445022583,-6.145485
exp3_fixed_2,2585,595.12854,602.17303,0.0,-1.5082595348358154,-5.5362864
exp3_fixed_2,2586,648.27124,649.7962,0.0,-0.4159746468067169,-1.1089939
exp3_fixed_2,2587,596.0616,599.9269,0.0,-1.1017210483551025,-2.7635803
exp3_fixed_2,2588,603.3355,618.0439,0.0,-0.5280389785766602,-14.180359
exp3_fixed_2,2589,569.9458,576.739,0.0,-1.0852774381637573,-5.70791
exp3_fixed_2,2590,547.09906,556.32495,0.0,-1.2628757953643799,-7.96303
exp3_fixed_2,2591,602.7283,606.38025,0.0,-0.9559653401374817,-2.6959522
exp3_fixed_2,2592,604.8367,608.82104,0.0,-0.4380393624305725,-3.5463984
exp3_fixed_2,2593,512.84375,515.53406,0.0,-0.8266680240631104,-1.8636293
exp3_fixed_2,2594,568.8017,577.6378,0.0,-0.8440819978713989,-7.992069
exp3_fixed_2,2595,602.78845,611.301,0.0,-1.5254813432693481,-6.987097
exp3_fixed_2,2596,621.94196,643.72424,0.0,-9.807708740234375,-11.974579
exp3_fixed_2,2597,-90.063774,-56.826633,0.0,-14.71862506866455,-18.51851
exp3_fixed_2,2598,572.6666,575.6987,0.0,-1.0210405588150024,-2.0110888
exp3_fixed_2,2599,598.8594,600.6924,0.0,-0.26044073700904846,-1.5726379
exp3_fixed_2,2601,550.0633,559.894,0.0,-1.3620293140411377,-8.468666
exp3_fixed_2,2602,647.49817,651.978,0.0,-0.8523516654968262,-3.6274815
exp3_fixed_2,2603,-95.39707,-65.66727,0.0,-7.2286505699157715,-22.501139
exp3_fixed_2,2604,594.90796,597.7693,0.0,-0.5799278020858765,-2.2814078
exp3_fixed_2,2605,577.51245,583.50464,0.0,-2.841367483139038,-3.1509097
exp3_fixed_2,2606,683.23834,690.7876,0.0,-0.5756938457489014,-6.973612
exp3_fixed_2,2607,616.25256,625.5491,0.0,-1.2992939949035645,-7.9971876
exp3_fixed_2,2608,612.5874,622.27844,0.0,-1.167353868484497,-8.523666
exp3_fixed_2,2609,613.4375,615.813,0.0,-0.7330197691917419,-1.642436
exp3_fixed_2,2610,576.7998,585.554,0.0,-1.0894780158996582,-7.664762
exp3_fixed_2,2611,675.918,684.8471,0.0,-2.127253532409668,-6.8018227
exp3_fixed_2,2612,592.46796,597.5063,0.0,-0.44597408175468445,-4.592294
exp3_fixed_2,2613,633.213,638.6071,0.0,-1.6895612478256226,-3.7045176
exp3_fixed_2,2614,594.7032,597.71265,0.0,-0.2867054045200348,-2.7226963
exp3_fixed_2,2615,638.0538,643.5218,0.0,-2.5033411979675293,-2.9647121
exp3_fixed_2,2616,544.20496,549.2695,0.0,-0.484364777803421,-4.5801153
exp3_fixed_2,2617,600.3345,602.26904,0.0,-0.3245202302932739,-1.6099795
exp3_fixed_2,2618,461.4994,477.4301,0.0,-3.570749521255493,-12.359984
exp3_fixed_2,2619,596.8986,604.87177,0.0,-1.3380045890808105,-6.6351614
exp3_fixed_2,2621,551.9397,558.4868,0.0,-2.930321216583252,-3.6168132
exp3_fixed_2,2622,559.0813,563.0523,0.0,-1.27042555809021,-2.7005744
exp3_fixed_2,2623,651.52563,653.4878,0.0,-0.4772845506668091,-1.4849702
exp3_fixed_2,2624,542.22736,548.4133,0.0,-0.690521240234375,-5.4954104
exp3_fixed_2,2625,538.1009,547.3698,0.0,-2.4615800380706787,-6.8073363
exp3_fixed_2,2626,584.97406,587.6179,0.0,-0.5286763906478882,-2.1151235
exp3_fixed_2,2627,611.72095,621.75793,0.0,-1.9212369918823242,-8.115775
exp3_fixed_2,2628,523.17236,540.80334,0.0,-1.4150410890579224,-16.215967
exp3_fixed_2,2629,606.42194,608.89233,0.0,-0.6011167764663696,-1.8692611
exp3_fixed_2,2630,630.17773,635.85315,0.0,-1.697546362876892,-3.9778595
exp3_fixed_2,2631,597.013,607.27966,0.0,-1.1158196926116943,-9.15088
exp3_fixed_2,2632,569.595,576.5289,0.0,-0.4547266364097595,-6.479196
exp3_fixed_2,2633,588.8347,592.12067,0.0,-0.897379994392395,-2.388531
exp3_fixed_2,2634,561.3165,564.22253,0.0,-0.466910183429718,-2.4391506
exp3_fixed_2,2635,625.8655,629.10864,0.0,-0.5539299249649048,-2.6892383
exp3_fixed_2,2636,619.0029,622.04504,0.0,-0.45441722869873047,-2.5876646
exp3_fixed_2,2637,549.392,560.4595,0.0,-1.4676177501678467,-9.599771
exp3_fixed_2,2638,520.2135,531.17255,0.0,-0.6366009712219238,-10.322464
exp3_fixed_2,2639,555.2222,563.6475,0.0,-1.5896413326263428,-6.8356752
exp3_fixed_2,2641,586.42126,588.89343,0.0,-0.48127588629722595,-1.9908279
exp3_fixed_2,2642,-115.26299,-40.606415,0.0,-47.39957809448242,-27.257025
exp3_fixed_2,2643,656.6529,659.0029,0.0,-0.31541532278060913,-2.0346212
exp3_fixed_2,2644,559.24585,564.3745,0.0,-0.4544448256492615,-4.67423
exp3_fixed_2,2645,-48.233013,-23.392282,0.0,-14.263321876525879,-10.577374
exp3_fixed_2,2646,-76.56578,-37.241764,0.0,-25.76671600341797,-13.557304
exp3_fixed_2,2647,674.1014,678.8675,0.0,-1.2302782535552979,-3.5358143
exp3_fixed_2,2648,592.49805,600.5283,0.0,-0.8524998426437378,-7.1777873
exp3_fixed_2,2649,518.49524,529.3578,0.0,-3.3588979244232178,-7.503579
exp3_fixed_2,2650,553.9206,557.6797,0.0,-0.9151793718338013,-2.8439534
exp3_fixed_2,2651,604.9244,607.60986,0.0,-0.3788072466850281,-2.3066885
exp3_fixed_2,2652,563.78107,566.87714,0.0,-0.7446140050888062,-2.35143
exp3_fixed_2,2653,635.11755,637.99414,0.0,-0.6555619239807129,-2.2210004
exp3_fixed_2,2654,632.07367,637.9635,0.0,-2.381894826889038,-3.5080016
exp3_fixed_2,2655,610.72534,615.04144,0.0,-1.1839808225631714,-3.132089
exp3_fixed_2,2656,548.8016,560.9914,0.0,-0.9906120300292969,-11.199235
exp3_fixed_2,2657,520.0763,527.36755,0.0,-0.43300801515579224,-6.858204
exp3_fixed_2,2658,629.0727,632.29083,0.0,-1.1256121397018433,-2.0924911
exp3_fixed_2,2659,588.78973,591.2175,0.0,-0.30294227600097656,-2.1248248
exp3_fixed_2,2661,576.88544,583.6888,0.0,-2.1573922634124756,-4.6459265
exp3_fixed_2,2662,536.8966,542.84143,0.0,-0.4309840202331543,-5.513806
exp3_fixed_2,2663,695.8159,700.5526,0.0,-0.8214455842971802,-3.9152935
exp3_fixed_2,2664,550.49445,560.4669,0.0,-2.452502965927124,-7.5200286
exp3_fixed_2,2665,-158.22441,102.01538,-200.0,-32.40798568725586,-27.831873
exp3_fixed_2,2666,582.38196,584.6079,0.0,-0.4615243673324585,-1.7644975
exp3_fixed_2,2667,584.14307,588.81665,0.0,-1.1927170753479004,-3.4808779
exp3_fixed_2,2668,605.5311,607.9128,0.0,-0.5626745223999023,-1.8189217
exp3_fixed_2,2669,555.8304,563.9962,0.0,-1.0458787679672241,-7.1199284
exp3_fixed_2,2670,573.91016,575.68994,0.0,-0.5906387567520142,-1.1890988
exp3_fixed_2,2671,527.4561,530.7742,0.0,-0.5638000965118408,-2.7542515
exp3_fixed_2,2672,-202.69983,29.358624,0.0,-213.97042846679688,-18.088055
exp3_fixed_2,2673,559.69916,564.69165,0.0,-2.019763946533203,-2.9726853
exp3_fixed_2,2674,581.25977,595.58057,0.0,-1.9272804260253906,-12.393512
exp3_fixed_2,2675,631.09973,633.5022,0.0,-0.6783376932144165,-1.7240818
exp3_fixed_2,2676,697.06177,703.1167,0.0,-2.2612504959106445,-3.7936473
exp3_fixed_2,2677,623.64417,628.1003,0.0,-1.8409931659698486,-2.6150894
exp3_fixed_2,2678,599.1343,610.16644,0.0,-1.2842541933059692,-9.747782
exp3_fixed_2,2679,500.10495,572.7193,0.0,-0.41853800415992737,-72.195786
exp3_fixed_2,2681,625.85254,628.44727,0.0,-0.508346438407898,-2.086427
exp3_fixed_2,2682,577.58527,582.816,0.0,-0.6388101577758789,-4.5918827
exp3_fixed_2,2683,579.3821,584.4429,0.0,-0.7466214895248413,-4.31418
exp3_fixed_2,2684,560.441,569.33856,0.0,-2.424084186553955,-6.4735103
exp3_fixed_2,2685,592.9955,596.9753,0.0,-0.4515984058380127,-3.5282125
exp3_fixed_2,2686,526.4229,534.0001,0.0,-0.6539329290390015,-6.923254
exp3_fixed_2,2687,552.9846,565.73755,0.0,-0.7459282279014587,-12.007016
exp3_fixed_2,2688,657.6469,659.86414,0.0,-0.28683796525001526,-1.9303881
exp3_fixed_2,2689,603.37134,606.4087,0.0,-0.4299647808074951,-2.6074157
exp3_fixed_2,2690,621.5969,624.4916,0.0,-1.0129987001419067,-1.8816358
exp3_fixed_2,2691,460.63467,478.2693,0.0,-10.02483081817627,-7.609772
exp3_fixed_2,2692,571.6923,576.823,0.0,-2.1541547775268555,-2.976544
exp3_fixed_2,2693,596.05164,601.78735,0.0,-0.9516220688819885,-4.7840514
exp3_fixed_2,2694,603.099,607.4713,0.0,-1.518705129623413,-2.8536277
exp3_fixed_2,2695,527.125,534.326,0.0,-2.2519690990448,-4.9489822
exp3_fixed_2,2696,595.3947,600.4374,0.0,-1.5920718908309937,-3.4506047
exp3_fixed_2,2697,647.44714,652.47534,0.0,-0.9806110262870789,-4.0475783
exp3_fixed_2,2698,557.8368,561.0138,0.0,-0.4450594484806061,-2.7319639
exp3_fixed_2,2699,590.10315,593.3535,0.0,-1.0883467197418213,-2.162015
exp3_fixed_2,2701,591.41565,641.61664,0.0,-1.3898473978042603,-48.81117
exp3_fixed_2,2702,654.91034,657.4745,0.0,-0.9216781854629517,-1.6424822
exp3_fixed_2,2703,586.76135,595.443,0.0,-0.49731600284576416,-8.184323
exp3_fixed_2,2704,571.51654,580.64514,0.0,-1.9062561988830566,-7.22233
exp3_fixed_2,2705,580.0973,583.6902,0.0,-0.5164124965667725,-3.0765302
exp3_fixed_2,2706,596.8722,601.0676,0.0,-0.8540015816688538,-3.3414338
exp3_fixed_2,2707,607.2539,612.06946,0.0,-0.8612527847290039,-3.9543262
exp3_fixed_2,2708,591.9034,596.34546,0.0,-1.2630763053894043,-3.1789868
exp3_fixed_2,2709,554.21533,562.943,0.0,-0.4178975224494934,-8.309822
exp3_fixed_2,2710,503.59625,530.7268,0.0,-9.552303314208984,-17.578293
exp3_fixed_2,2711,535.5982,540.7114,0.0,-0.4941409230232239,-4.619094
exp3_fixed_2,2712,542.5252,549.552,0.0,-0.9919288158416748,-6.034859
exp3_fixed_2,2713,633.08954,635.089,0.0,-0.25032585859298706,-1.7491745
exp3_fixed_2,2714,601.7935,605.01953,0.0,-0.6538846492767334,-2.572141
exp3_fixed_2,2715,596.7654,604.26056,0.0,-0.33725428581237793,-7.1578803
exp3_fixed_2,2716,622.3185,624.9609,0.0,-1.089830994606018,-1.5525287
exp3_fixed_2,2717,551.82654,558.8567,0.0,-1.117474913597107,-5.91274
exp3_fixed_2,2718,527.9633,581.33356,0.0,-1.7462799549102783,-51.623848
exp3_fixed_2,2719,610.71234,614.91016,0.0,-0.7063175439834595,-3.4915311
exp3_fixed_2,2721,557.3829,572.3263,0.0,-0.8233875632286072,-14.120023
exp3_fixed_2,2722,597.9125,600.1843,0.0,-0.3980010747909546,-1.8738176
exp3_fixed_2,2723,509.56543,514.33014,0.0,-0.9618725776672363,-3.8028207
exp3_fixed_2,2724,688.16345,695.70276,0.0,-3.148465156555176,-4.390871
exp3_fixed_2,2725,562.35364,567.56244,0.0,-0.22100169956684113,-4.9878063
exp3_fixed_2,2726,592.33246,608.96924,0.0,-4.989904880523682,-11.646923
exp3_fixed_2,2727,584.7998,589.76086,0.0,-1.6896706819534302,-3.2713618
exp3_fixed_2,2728,605.4611,608.88464,0.0,-0.32791128754615784,-3.0956397
exp3_fixed_2,2729,551.8448,555.13135,0.0,-0.8016633987426758,-2.484904
exp3_fixed_2,2730,560.1044,572.5836,0.0,-0.41220375895500183,-12.067077
exp3_fixed_2,2731,573.8582,578.799,0.0,-1.1445941925048828,-3.796175
exp3_fixed_2,2732,522.0287,531.52625,0.0,-0.8019847869873047,-8.695591
exp3_fixed_2,2733,568.30664,574.85693,0.0,-0.9351783394813538,-5.6151
exp3_fixed_2,2734,572.8965,577.4646,0.0,-1.2676568031311035,-3.300417
exp3_fixed_2,2735,599.13135,602.47955,0.0,-0.46464085578918457,-2.8835576
exp3_fixed_2,2736,605.8082,611.1362,0.0,-1.0839455127716064,-4.244056
exp3_fixed_2,2737,-93.25037,-61.08866,0.0,-16.0172176361084,-16.14447
exp3_fixed_2,2738,600.67163,602.5452,0.0,-0.23113657534122467,-1.6424447
exp3_fixed_2,2739,594.98193,604.5912,0.0,-1.2132432460784912,-8.3960285
exp3_fixed_2,2741,568.4083,570.72656,0.0,-0.6700770854949951,-1.6481104
exp3_fixed_2,2742,-50.954075,-27.29667,0.0,-10.797021865844727,-12.860386
exp3_fixed_2,2743,585.09326,589.02783,0.0,-1.7085775136947632,-2.2260053
exp3_fixed_2,2744,544.64966,563.5377,0.0,-3.215693473815918,-15.672409
exp3_fixed_2,2745,538.0293,541.4956,0.0,-0.5340393781661987,-2.9322913
exp3_fixed_2,2746,571.7996,576.2325,0.0,-1.2487523555755615,-3.1840684
exp3_fixed_2,2747,633.9969,638.4484,0.0,-0.6760768890380859,-3.7754002
exp3_fixed_2,2748,599.09106,602.50775,0.0,-1.3987983465194702,-2.0179138
exp3_fixed_2,2749,566.19855,570.9852,0.0,-0.8730965256690979,-3.9134896
exp3_fixed_2,2750,615.78296,618.59674,0.0,-0.6549326777458191,-2.158863
exp3_fixed_2,2751,586.0183,589.23834,0.0,-0.4655038118362427,-2.7545378
exp3_fixed_2,2752,643.7163,647.25183,0.0,-0.6083213090896606,-2.9271345
exp3_fixed_2,2753,631.2354,633.42413,0.0,-0.2983573079109192,-1.8903644
exp3_fixed_2,2754,578.13275,583.5251,0.0,-1.305574655532837,-4.0867224
exp3_fixed_2,2755,626.5571,630.5536,0.0,-0.499610960483551,-3.4968243
exp3_fixed_2,2756,532.1903,576.98865,0.0,-18.14000701904297,-26.658237
exp3_fixed_2,2757,606.09314,609.6682,0.0,-0.9387282133102417,-2.6362827
exp3_fixed_2,2758,635.87054,640.0753,0.0,-0.9115683436393738,-3.2932286
exp3_fixed_2,2759,590.077,592.5088,0.0,-0.8652461767196655,-1.566497
exp3_fixed_2,2761,570.82623,574.5499,0.0,-0.5985006093978882,-3.1251698
exp3_fixed_2,2762,569.88135,576.537,0.0,-0.45072656869888306,-6.204947
exp3_fixed_2,2763,620.5117,623.75006,0.0,-0.40644553303718567,-2.8319268
exp3_fixed_2,2764,613.98376,616.4717,0.0,-0.4924187958240509,-1.9954537
exp3_fixed_2,2765,639.39996,649.0938,0.0,-1.453573226928711,-8.240295
exp3_fixed_2,2766,559.7795,564.64014,0.0,-0.38193821907043457,-4.478751
exp3_fixed_2,2767,595.86017,597.63947,0.0,-0.6058502793312073,-1.1734527
exp3_fixed_2,2768,649.0143,652.74194,0.0,-0.8500766754150391,-2.8776443
exp3_fixed_2,2769,526.09985,544.68964,0.0,-2.7598729133605957,-15.829885
exp3_fixed_2,2770,567.2466,569.8557,0.0,-0.34314197301864624,-2.2660358
exp3_fixed_2,2771,547.56604,555.5438,0.0,-1.0746629238128662,-6.903099
exp3_fixed_2,2772,601.34,604.17676,0.0,-0.6953392028808594,-2.1413815
exp3_fixed_2,2773,515.04175,519.6866,0.0,-0.448452889919281,-4.1963534
exp3_fixed_2,2774,522.4751,533.33044,0.0,-8.011370658874512,-2.8439288
exp3_fixed_2,2775,569.94006,572.6819,0.0,-0.3670741617679596,-2.3747208
exp3_fixed_2,2776,644.12885,646.4193,0.0,-0.6644503474235535,-1.6259568
exp3_fixed_2,2777,608.44714,612.5804,0.0,-1.1047435998916626,-3.028533
exp3_fixed_2,2778,601.29645,646.25256,0.0,-0.9611005783081055,-43.995068
exp3_fixed_2,2779,509.33398,514.88684,0.0,-1.077502965927124,-4.4752984
exp3_fixed_2,2781,592.6359,594.74207,0.0,-0.4837813675403595,-1.6223686
exp3_fixed_2,2782,380.0361,414.25153,0.0,-23.817581176757812,-10.397827
exp3_fixed_2,2783,591.43646,595.39044,0.0,-1.4211673736572266,-2.532799
exp3_fixed_2,2784,667.4149,670.1212,0.0,-0.56421959400177,-2.1420639
exp3_fixed_2,2785,566.4547,573.39636,0.0,-1.0847512483596802,-5.8568745
exp3_fixed_2,2786,623.4493,627.086,0.0,-0.9041014313697815,-2.7325585
exp3_fixed_2,2787,505.165,515.5187,0.0,-1.5749611854553223,-8.778721
exp3_fixed_2,2788,584.81067,590.16003,0.0,-1.341074824333191,-4.0083385
exp3_fixed_2,2789,606.8836,610.4214,0.0,-0.7966784238815308,-2.7411509
exp3_fixed_2,2790,622.72473,626.2239,0.0,-1.2404038906097412,-2.2587519
exp3_fixed_2,2791,577.245,580.5422,0.0,-0.1584722250699997,-3.1387482
exp3_fixed_2,2792,610.0456,612.86804,0.0,-0.26148295402526855,-2.5608885
exp3_fixed_2,2793,644.63794,646.9203,0.0,-0.5417520999908447,-1.7406178
exp3_fixed_2,2794,535.6719,545.4585,0.0,-0.7824063301086426,-9.004161
exp3_fixed_2,2795,524.494,528.71375,0.0,-0.6989787817001343,-3.5208235
exp3_fixed_2,2796,-46.958076,-13.9437275,0.0,-19.553163528442383,-13.461126
exp3_fixed_2,2797,586.0967,592.4175,0.0,-0.7650018930435181,-5.5557575
exp3_fixed_2,2798,632.12335,635.2563,0.0,-0.34163686633110046,-2.7912664
exp3_fixed_2,2799,545.066,548.606,0.0,-0.559446394443512,-2.9805899
exp3_fixed_2,2801,560.0515,564.4181,0.0,-0.9917733073234558,-3.374806
exp3_fixed_2,2802,672.8494,675.87646,0.0,-0.5316415429115295,-2.4953744
exp3_fixed_2,2803,524.1385,532.65356,0.0,-1.1452391147613525,-7.369879
exp3_fixed_2,2804,602.52594,611.5908,0.0,-0.6294939517974854,-8.435314
exp3_fixed_2,2805,637.0449,639.10815,0.0,-0.35136669874191284,-1.7118132
exp3_fixed_2,2806,653.2044,655.0095,0.0,-0.5884255170822144,-1.2166812
exp3_fixed_2,2807,605.7755,609.46216,0.0,-2.0588607788085938,-1.6278251
exp3_fixed_2,2808,667.72943,671.4113,0.0,-0.41853564977645874,-3.2633579
exp3_fixed_2,2809,541.8971,548.31604,0.0,-1.7078211307525635,-4.7110777
exp3_fixed_2,2810,513.8842,519.68536,0.0,-0.3629646897315979,-5.438215
exp3_fixed_2,2811,644.222,648.6906,0.0,-0.771079957485199,-3.6975396
exp3_fixed_2,2812,567.39417,582.01807,0.0,-1.5637216567993164,-13.060264
exp3_fixed_2,2813,612.8177,616.1957,0.0,-0.41180846095085144,-2.9661503
exp3_fixed_2,2814,608.5897,615.5614,0.0,-1.375781536102295,-5.5959244
exp3_fixed_2,2815,538.0819,547.7531,0.0,-0.5881476998329163,-9.083005
exp3_fixed_2,2816,606.11536,613.4817,0.0,-0.9059467315673828,-6.460433
exp3_fixed_2,2817,570.4226,601.50476,0.0,-0.7361065149307251,-30.346088
exp3_fixed_2,2818,577.39905,597.4021,0.0,-1.0733404159545898,-18.9297
exp3_fixed_2,2819,-103.86378,-38.865135,0.0,-45.177616119384766,-19.821054
exp3_fixed_2,2821,599.3257,602.354,0.0,-0.4892212152481079,-2.5391178
exp3_fixed_2,2822,649.9188,654.0931,0.0,-1.9971535205841064,-2.1771119
exp3_fixed_2,2823,637.7915,644.7244,0.0,-0.5764150619506836,-6.3565145
exp3_fixed_2,2824,585.2021,590.2224,0.0,-2.042187213897705,-2.9782135
exp3_fixed_2,2825,575.8239,583.40027,0.0,-0.548661470413208,-7.027651
exp3_fixed_2,2826,543.8893,549.9758,0.0,-2.087677478790283,-3.9988205
exp3_fixed_2,2827,631.2584,634.0155,0.0,-0.6945401430130005,-2.0624936
exp3_fixed_2,2828,646.03314,660.2844,0.0,-1.8849785327911377,-12.366324
exp3_fixed_2,2829,-79.36041,148.27353,-200.0,-15.912879943847656,-11.721062
exp3_fixed_2,2830,624.2811,627.88696,0.0,-0.8028823733329773,-2.8028746
exp3_fixed_2,2831,594.4108,604.5109,0.0,-1.8579450845718384,-8.242165
exp3_fixed_2,2832,627.00867,630.35547,0.0,-0.9960739612579346,-2.350774
exp3_fixed_2,2833,639.54834,643.04114,0.0,-0.9250866174697876,-2.5677812
exp3_fixed_2,2834,529.20844,531.1534,0.0,-0.3586997985839844,-1.5862253
exp3_fixed_2,2835,597.9014,607.3513,0.0,-1.3053048849105835,-8.144547
exp3_fixed_2,2836,529.45953,536.571,0.0,-0.47573304176330566,-6.6356754
exp3_fixed_2,2837,649.2338,657.3683,0.0,-0.5914556980133057,-7.5430193
exp3_fixed_2,2838,646.0065,650.181,0.0,-1.5855870246887207,-2.5889509
exp3_fixed_2,2839,535.6343,540.32556,0.0,-0.6725722551345825,-4.0187917
exp3_fixed_2,2841,650.6001,653.146,0.0,-0.4457516074180603,-2.100158
exp3_fixed_2,2842,555.2697,562.7984,0.0,-0.8318487405776978,-6.696894
exp3_fixed_2,2843,584.5397,589.51685,0.0,-1.2997968196868896,-3.677412
exp3_fixed_2,2844,604.91425,608.5018,0.0,-1.1657954454421997,-2.4217186
exp3_fixed_2,2845,604.0629,609.493,0.0,-0.5857227444648743,-4.8443174
exp3_fixed_2,2846,504.81226,510.47528,0.0,-0.7085109949111938,-4.954506
exp3_fixed_2,2847,546.4645,550.8225,0.0,-1.1364474296569824,-3.2216012
exp3_fixed_2,2848,495.9845,502.61914,0.0,-0.9567058682441711,-5.677926
exp3_fixed_2,2849,640.1456,648.13684,0.0,-0.8614632487297058,-7.1297264
exp3_fixed_2,2850,609.03503,613.72205,0.0,-1.7055211067199707,-2.981465
exp3_fixed_2,2851,515.71643,521.26794,0.0,-0.27998828887939453,-5.271528
exp3_fixed_2,2852,592.5863,596.98303,0.0,-0.5526888370513916,-3.844049
exp3_fixed_2,2853,544.6587,546.97845,0.0,-0.4115768074989319,-1.908168
exp3_fixed_2,2854,638.88556,642.45276,0.0,-0.8010752201080322,-2.766089
exp3_fixed_2,2855,589.9671,592.1067,0.0,-0.5890857577323914,-1.5505338
exp3_fixed_2,2856,553.1496,559.0956,0.0,-0.410678505897522,-5.535312
exp3_fixed_2,2857,640.8135,645.5612,0.0,-2.412100315093994,-2.3356166
exp3_fixed_2,2858,626.7207,630.1156,0.0,-0.5823816061019897,-2.8125193
exp3_fixed_2,2859,631.5753,635.4684,0.0,-1.083648443222046,-2.8094976
exp3_fixed_2,2861,642.50476,647.1728,0.0,-0.7968938946723938,-3.8711355
exp3_fixed_2,2862,-143.50653,65.80144,-200.0,-8.208192825317383,-1.0997921
exp3_fixed_2,2863,602.1312,605.8008,0.0,-0.6460757255554199,-3.0234635
exp3_fixed_2,2864,645.9925,648.8017,0.0,-0.6376861333847046,-2.1714973
exp3_fixed_2,2865,595.0485,597.0709,0.0,-0.6980922818183899,-1.3242719
exp3_fixed_2,2866,574.01465,577.3075,0.0,-0.8488823175430298,-2.443979
exp3_fixed_2,2867,596.4436,603.68933,0.0,-3.57698917388916,-3.668725
exp3_fixed_2,2868,631.4463,635.911,0.0,-1.108870267868042,-3.3558717
exp3_fixed_2,2869,655.76465,660.08923,0.0,-1.1141581535339355,-3.2104318
exp3_fixed_2,2870,538.694,547.4985,0.0,-0.9441659450531006,-7.8603163
exp3_fixed_2,2871,638.0743,641.8584,0.0,-0.6185920834541321,-3.1655319
exp3_fixed_2,2872,681.7754,691.2787,0.0,-1.4933586120605469,-8.009909
exp3_fixed_2,2873,596.1234,605.91144,0.0,-0.693946361541748,-9.094121
exp3_fixed_2,2874,545.4851,568.45953,0.0,-1.2741926908493042,-21.700272
exp3_fixed_2,2875,591.01154,597.00037,0.0,-0.3827248513698578,-5.6061
exp3_fixed_2,2876,585.2913,588.78485,0.0,-1.2899476289749146,-2.20361
exp3_fixed_2,2877,662.99347,665.7112,0.0,-0.7671574950218201,-1.9505752
exp3_fixed_2,2878,576.6813,579.3522,0.0,-0.5503782033920288,-2.1205454
exp3_fixed_2,2879,579.61957,582.8338,0.0,-0.5842992663383484,-2.6299217
exp3_fixed_2,2881,582.9667,591.47327,0.0,-0.4463565945625305,-8.060163
exp3_fixed_2,2882,626.4495,629.87274,0.0,-0.8097894191741943,-2.6134393
exp3_fixed_2,2883,535.4618,546.05566,0.0,-2.076489210128784,-8.517362
exp3_fixed_2,2884,622.52234,625.1012,0.0,-0.2824175953865051,-2.29639
exp3_fixed_2,2885,541.52655,545.9319,0.0,-0.890781581401825,-3.5145254
exp3_fixed_2,2886,544.1941,551.0364,0.0,-0.5340278148651123,-6.3082743
exp3_fixed_2,2887,517.7704,524.0105,0.0,-0.4645935297012329,-5.775467
exp3_fixed_2,2888,658.4713,667.41595,0.0,-1.0072060823440552,-7.937471
exp3_fixed_2,2889,611.6053,615.40497,0.0,-0.46103549003601074,-3.338633
exp3_fixed_2,2890,634.3974,638.0897,0.0,-0.5481675863265991,-3.1440856
exp3_fixed_2,2891,647.412,652.77606,0.0,-0.7985357642173767,-4.565467
exp3_fixed_2,2892,519.6195,533.4232,0.0,-2.0164244174957275,-11.787211
exp3_fixed_2,2893,613.33594,617.3492,0.0,-1.3458259105682373,-2.6674323
exp3_fixed_2,2894,474.1629,486.99734,0.0,-5.896744728088379,-6.9376626
exp3_fixed_2,2895,590.2947,598.4287,0.0,-4.150558948516846,-3.9834845
exp3_fixed_2,2896,562.9343,571.66864,0.0,-0.7571863532066345,-7.9771223
exp3_fixed_2,2897,574.9758,580.4276,0.0,-1.1105625629425049,-4.341239
exp3_fixed_2,2898,671.15125,675.8563,0.0,-1.3882609605789185,-3.3167675
exp3_fixed_2,2899,515.8807,522.19464,0.0,-0.2440127283334732,-6.069971
exp3_fixed_2,2901,589.037,593.0031,0.0,-0.4142734408378601,-3.5518951
exp3_fixed_2,2902,606.2075,609.26996,0.0,-0.7378970980644226,-2.3244665
exp3_fixed_2,2903,566.52814,571.2184,0.0,-0.8101064562797546,-3.8801196
exp3_fixed_2,2904,536.11316,541.87286,0.0,-2.7760326862335205,-2.9836853
exp3_fixed_2,2905,589.5205,593.2918,0.0,-0.6593877077102661,-3.111922
exp3_fixed_2,2906,598.007,601.5292,0.0,-0.500140905380249,-3.021973
exp3_fixed_2,2907,580.78156,582.79486,0.0,-0.44318562746047974,-1.5701027
exp3_fixed_2,2908,-122.757416,-99.57125,0.0,-16.6717529296875,-6.5144305
exp3_fixed_2,2909,625.9039,630.35077,0.0,-1.5851482152938843,-2.8617456
exp3_fixed_2,2910,619.04846,621.74744,0.0,-0.23684605956077576,-2.4621546
exp3_fixed_2,2911,590.2523,593.4407,0.0,-0.9291195869445801,-2.2591963
exp3_fixed_2,2912,548.6844,553.76056,0.0,-0.5942898988723755,-4.4818974
exp3_fixed_2,2913,600.9497,613.8954,0.0,-0.6553087830543518,-12.290419
exp3_fixed_2,2914,567.8331,581.88,0.0,-0.8188893795013428,-13.227952
exp3_fixed_2,2915,574.65247,577.0217,0.0,-0.5115602612495422,-1.8576881
exp3_fixed_2,2916,597.2269,607.16614,0.0,-2.753551959991455,-7.185629
exp3_fixed_2,2917,522.05365,536.2294,0.0,-2.4044151306152344,-11.771314
exp3_fixed_2,2918,591.97406,599.7828,0.0,-1.0788153409957886,-6.7299023
exp3_fixed_2,2919,639.8673,644.1187,0.0,-1.251477837562561,-2.999933
exp3_fixed_2,2921,583.39,588.89087,0.0,-1.2508289813995361,-4.2500715
exp3_fixed_2,2922,561.1637,565.3201,0.0,-0.7747029662132263,-3.381694
exp3_fixed_2,2923,670.1565,673.5371,0.0,-1.0036722421646118,-2.3768961
exp3_fixed_2,2924,532.08875,536.6243,0.0,-1.0213724374771118,-3.5142002
exp3_fixed_2,2925,583.45105,589.12164,0.0,-0.47611069679260254,-5.1945405
exp3_fixed_2,2926,610.006,613.2062,0.0,-0.6603519320487976,-2.539795
exp3_fixed_2,2927,545.79474,553.48474,0.0,-1.00176203250885,-6.6883106
exp3_fixed_2,2928,622.8723,625.94,0.0,-0.3850645422935486,-2.6826293
exp3_fixed_2,2929,631.37195,640.14484,0.0,-0.8595385551452637,-7.9133162
exp3_fixed_2,2930,637.69104,647.06213,0.0,-0.8323721289634705,-8.538766
exp3_fixed_2,2931,603.69965,616.2108,0.0,-2.5279102325439453,-9.983254
exp3_fixed_2,2932,638.37866,643.7892,0.0,-1.6955204010009766,-3.7150102
exp3_fixed_2,2933,653.02356,655.8644,0.0,-0.3678874373435974,-2.4729793
exp3_fixed_2,2934,549.4444,552.75165,0.0,-0.7571665048599243,-2.5500867
exp3_fixed_2,2935,500.8839,503.44818,0.0,-0.7805859446525574,-1.7837298
exp3_fixed_2,2936,589.4211,598.1081,0.0,-0.8789162635803223,-7.808091
exp3_fixed_2,2937,-243.18506,93.79638,-200.0,-133.48239135742188,-3.499034
exp3_fixed_2,2938,619.9111,623.40924,0.0,-0.8345479965209961,-2.6635652
exp3_fixed_2,2939,566.43146,570.1832,0.0,-0.5207396149635315,-3.2310038
exp3_fixed_2,2941,611.1331,618.9798,0.0,-1.3823513984680176,-6.464408
exp3_fixed_2,2942,564.7701,569.9314,0.0,-0.4675670862197876,-4.6937623
exp3_fixed_2,2943,585.6633,590.6556,0.0,-1.1316770315170288,-3.8605895
exp3_fixed_2,2944,-267.21542,48.95319,-200.0,-113.56636047363281,-2.602265
exp3_fixed_2,2945,506.0999,517.29553,0.0,-0.5785853266716003,-10.617065
exp3_fixed_2,2946,594.2677,604.34595,0.0,-0.5963819622993469,-9.481911
exp3_fixed_2,2947,575.56195,584.65356,0.0,-0.7791879177093506,-8.312372
exp3_fixed_2,2948,551.48047,554.8188,0.0,-0.3194710910320282,-3.0188313
exp3_fixed_2,2949,598.6233,601.52155,0.0,-1.0344743728637695,-1.8637366
exp3_fixed_2,2950,639.5157,642.2237,0.0,-0.375826358795166,-2.3321586
exp3_fixed_2,2951,613.72687,621.2334,0.0,-0.7645087242126465,-6.74201
exp3_fixed_2,2952,555.8574,570.02716,0.0,-0.8428403735160828,-13.326951
exp3_fixed_2,2953,627.9627,631.9939,0.0,-0.8244885206222534,-3.2067091
exp3_fixed_2,2954,605.1787,610.2417,0.0,-1.6343169212341309,-3.4287214
exp3_fixed_2,2955,637.8214,641.17377,0.0,-0.4618065655231476,-2.8905497
exp3_fixed_2,2956,656.2001,665.75244,0.0,-1.7587333917617798,-7.7936544
exp3_fixed_2,2957,562.1483,567.2084,0.0,-1.5048291683197021,-3.555276
exp3_fixed_2,2958,607.3927,610.73694,0.0,-0.9301021099090576,-2.4141629
exp3_fixed_2,2959,583.8759,586.92456,0.0,-0.8893929719924927,-2.159196
exp3_fixed_2,2961,549.10504,558.2908,0.0,-4.07312536239624,-5.1126127
exp3_fixed_2,2962,553.60754,569.0964,0.0,-1.0384443998336792,-14.450324
exp3_fixed_2,2963,603.08514,606.9102,0.0,-0.7185055017471313,-3.1065843
exp3_fixed_2,2964,655.1823,669.15906,0.0,-2.2817704677581787,-11.694914
exp3_fixed_2,2965,651.3011,656.1699,0.0,-1.77103853225708,-3.0977993
exp3_fixed_2,2966,514.3014,538.3085,0.0,-3.0171725749969482,-20.989922
exp3_fixed_2,2967,586.28815,588.5818,0.0,-0.8022058010101318,-1.4914519
exp3_fixed_2,2968,572.242,577.39813,0.0,-1.1430611610412598,-4.013066
exp3_fixed_2,2969,599.42773,615.655,0.0,-2.370274305343628,-13.857108
exp3_fixed_2,2970,654.87415,657.1364,0.0,-0.24482987821102142,-2.0174391
exp3_fixed_2,2971,540.9612,546.7512,0.0,-0.3504820168018341,-5.4395895
exp3_fixed_2,2972,534.1161,541.19995,0.0,-1.666188359260559,-5.417642
exp3_fixed_2,2973,-111.231514,-96.993225,0.0,-9.206666946411133,-5.0316043
exp3_fixed_2,2974,564.3922,579.46796,0.0,-0.807284951210022,-14.268448
exp3_fixed_2,2975,581.7339,583.9213,0.0,-0.24043598771095276,-1.9469873
exp3_fixed_2,2976,545.51807,547.72345,0.0,-0.43279018998146057,-1.7726009
exp3_fixed_2,2977,568.1841,578.0235,0.0,-3.1276845932006836,-6.7117577
exp3_fixed_2,2978,565.2218,568.6365,0.0,-0.657343327999115,-2.7573285
exp3_fixed_2,2979,571.3556,580.0682,0.0,-0.6447567939758301,-8.067822
exp3_fixed_2,2981,589.49603,592.3043,0.0,-0.4603961706161499,-2.3479443
exp3_fixed_2,2982,602.8479,609.7136,0.0,-1.2495309114456177,-5.6162214
exp3_fixed_2,2983,615.26074,618.77167,0.0,-1.1478233337402344,-2.3630424
exp3_fixed_2,2984,533.05676,537.8241,0.0,-0.18727001547813416,-4.580078
exp3_fixed_2,2985,624.34436,627.66547,0.0,-0.2644863724708557,-3.0566266
exp3_fixed_2,2986,636.378,639.58716,0.0,-0.9041959047317505,-2.304933
exp3_fixed_2,2987,581.19653,583.6111,0.0,-0.4218519926071167,-1.9926865
exp3_fixed_2,2988,619.249,635.477,0.0,-1.4512629508972168,-14.77674
exp3_fixed_2,2989,579.27155,588.4413,0.0,-0.5056443810462952,-8.664123
exp3_fixed_2,2990,553.0111,560.99963,0.0,-0.6300202012062073,-7.3584895
exp3_fixed_2,2991,538.6622,542.79645,0.0,-0.6287069916725159,-3.505576
exp3_fixed_2,2992,617.85425,621.44836,0.0,-0.9507036805152893,-2.6434324
exp3_fixed_2,2993,590.22864,595.4616,0.0,-3.342454671859741,-1.8904722
exp3_fixed_2,2994,-180.84349,60.06754,-200.0,-36.01533889770508,-4.895696
exp3_fixed_2,2995,561.0085,564.44275,0.0,-0.6422597765922546,-2.792025
exp3_fixed_2,2996,539.5289,543.318,0.0,-0.6417542695999146,-3.1473277
exp3_fixed_2,2997,529.27,538.3683,0.0,-1.0429359674453735,-8.055315
exp3_fixed_2,2998,571.98706,580.34973,0.0,-0.7940484285354614,-7.568613
exp3_fixed_2,2999,538.3239,542.09265,0.0,-0.5218483209609985,-3.2468977
exp3_fixed_2,3001,613.1754,617.2788,0.0,-0.9448549151420593,-3.1585116
exp3_fixed_2,3002,532.74255,537.417,0.0,-0.7299219369888306,-3.944529
exp3_fixed_2,3003,588.9176,592.50214,0.0,-1.154210090637207,-2.4303281
exp3_fixed_2,3004,602.36395,608.14813,0.0,-1.5950920581817627,-4.189125
exp3_fixed_2,3005,-45.32547,-13.2753105,0.0,-20.8590030670166,-11.191129
exp3_fixed_2,3006,586.99866,590.18414,0.0,-0.669273316860199,-2.5162523
exp3_fixed_2,3007,572.71484,577.1003,0.0,-1.0649958848953247,-3.3204362
exp3_fixed_2,3008,569.4813,572.98676,0.0,-0.31198906898498535,-3.1934555
exp3_fixed_2,3009,567.0161,579.08453,0.0,-1.300382375717163,-10.768044
exp3_fixed_2,3010,561.801,564.3172,0.0,-0.5154438614845276,-2.000737
exp3_fixed_2,3011,601.5177,609.53033,0.0,-2.202589511871338,-5.810064
exp3_fixed_2,3012,566.3181,570.8851,0.0,-0.5884831547737122,-3.9784849
exp3_fixed_2,3013,557.4586,572.3319,0.0,-0.16266541182994843,-14.710639
exp3_fixed_2,3014,586.4184,599.7473,0.0,-1.1755226850509644,-12.153439
exp3_fixed_2,3015,579.1068,588.042,0.0,-1.9704163074493408,-6.9648476
exp3_fixed_2,3016,632.03253,635.2514,0.0,-0.7930551171302795,-2.4258587
exp3_fixed_2,3017,633.50116,641.6315,0.0,-2.9453980922698975,-5.18489
exp3_fixed_2,3018,615.56445,629.4334,0.0,-1.050589680671692,-12.818337
exp3_fixed_2,3019,615.3695,619.5135,0.0,-0.741713285446167,-3.4022233
exp3_fixed_2,3021,513.99414,520.8633,0.0,-1.2372380495071411,-5.6319
exp3_fixed_2,3022,611.7514,614.91064,0.0,-0.5552328824996948,-2.6040409
exp3_fixed_2,3023,511.26572,541.08704,0.0,-0.4909960627555847,-29.330326
exp3_fixed_2,3024,510.0716,518.81537,0.0,-0.6443564891815186,-8.0993595
exp3_fixed_2,3025,619.3136,621.5305,0.0,-0.4770057797431946,-1.739934
exp3_fixed_2,3026,587.6142,591.386,0.0,-0.40574806928634644,-3.3659945
exp3_fixed_2,3027,567.1293,573.9733,0.0,-0.3375428318977356,-6.506495
exp3_fixed_2,3028,585.79144,592.5222,0.0,-0.8949962854385376,-5.83578
exp3_fixed_2,3029,614.45856,617.9169,0.0,-0.8617130517959595,-2.5966089
exp3_fixed_2,3030,527.4437,561.0685,0.0,-0.8808685541152954,-32.743896
exp3_fixed_2,3031,561.31793,572.7318,0.0,-6.095571041107178,-5.3182793
exp3_fixed_2,3032,587.0362,591.9761,0.0,-0.8141027092933655,-4.125717
exp3_fixed_2,3033,577.62225,584.6008,0.0,-0.5618381500244141,-6.4167275
exp3_fixed_2,3034,-86.93788,140.92442,-200.0,-26.14044952392578,-1.7218451
exp3_fixed_2,3035,582.0418,593.38025,0.0,-2.1703760623931885,-9.168085
exp3_fixed_2,3036,571.094,590.3832,0.0,-5.4234747886657715,-13.865697
exp3_fixed_2,3037,601.81226,610.7715,0.0,-0.8888351917266846,-8.070394
exp3_fixed_2,3038,551.57513,557.22174,0.0,-1.5662065744400024,-4.0803742
exp3_fixed_2,3039,-45.089066,-5.2423024,0.0,-28.706165313720703,-11.140559
exp3_fixed_2,3041,677.4807,681.5982,0.0,-1.6816000938415527,-2.4359214
exp3_fixed_2,3042,516.4257,541.69385,0.0,-4.483736991882324,-20.784466
exp3_fixed_2,3043,546.1115,547.7929,0.0,-0.31802046298980713,-1.3633702
exp3_fixed_2,3044,507.68472,512.22095,0.0,-0.5428824424743652,-3.9933362
exp3_fixed_2,3045,583.2755,587.5871,0.0,-1.0549529790878296,-3.2566562
exp3_fixed_2,3046,574.2436,578.8285,0.0,-1.8469066619873047,-2.7379606
exp3_fixed_2,3047,543.35895,554.35583,0.0,-3.361447811126709,-7.6354856
exp3_fixed_2,3048,644.5586,656.7963,0.0,-3.7325496673583984,-8.505193
exp3_fixed_2,3049,606.25653,611.85846,0.0,-0.5167262554168701,-5.085232
exp3_fixed_2,3050,557.64667,564.7953,0.0,-1.0917047262191772,-6.0568686
exp3_fixed_2,3051,566.3718,569.43115,0.0,-0.409488320350647,-2.6497765
exp3_fixed_2,3052,579.61505,583.83325,0.0,-0.7015357613563538,-3.5167203
exp3_fixed_2,3053,528.5617,536.23047,0.0,-0.31119245290756226,-7.3575964
exp3_fixed_2,3054,608.0994,611.15674,0.0,-0.7631776332855225,-2.2941787
exp3_fixed_2,3055,517.1548,525.33514,0.0,-2.7563071250915527,-5.42405
exp3_fixed_2,3056,589.06775,592.33777,0.0,-0.338039368391037,-2.9319735
exp3_fixed_2,3057,-121.39125,-40.657185,0.0,-63.32857131958008,-17.405506
exp3_fixed_2,3058,623.4875,631.9817,0.0,-0.5926625728607178,-7.901539
exp3_fixed_2,3059,636.40784,640.4867,0.0,-0.829731822013855,-3.2490835
exp3_fixed_2,3061,559.5209,563.10535,0.0,-1.0673693418502808,-2.5170949
exp3_fixed_2,3062,563.96295,568.1303,0.0,-0.6046640872955322,-3.562713
exp3_fixed_2,3063,562.5399,567.7555,0.0,-1.624720811843872,-3.5908775
exp3_fixed_2,3064,691.2153,693.8578,0.0,-0.5847474336624146,-2.0577517
exp3_fixed_2,3065,611.9607,615.60205,0.0,-0.859774112701416,-2.781553
exp3_fixed_2,3066,602.1722,606.6575,0.0,-0.594017744064331,-3.8912847
exp3_fixed_2,3067,593.80725,596.24255,0.0,-0.945758581161499,-1.4895487
exp3_fixed_2,3068,600.07623,602.11096,0.0,-0.2171618789434433,-1.817524
exp3_fixed_2,3069,672.07056,677.43445,0.0,-1.1690614223480225,-4.1948795
exp3_fixed_2,3070,593.6498,598.84045,0.0,-0.9370436668395996,-4.2535944
exp3_fixed_2,3071,582.41156,590.02405,0.0,-0.927498459815979,-6.6849294
exp3_fixed_2,3072,588.5767,605.44946,0.0,-1.4458998441696167,-15.426847
exp3_fixed_2,3073,612.984,615.4896,0.0,-0.5666103363037109,-1.9389584
exp3_fixed_2,3074,600.13696,606.1908,0.0,-1.5953750610351562,-4.4584465
exp3_fixed_2,3075,593.8032,598.7893,0.0,-0.8730413913726807,-4.1130314
exp3_fixed_2,3076,102.27922,167.22379,0.0,-0.6740303635597229,-64.27048
exp3_fixed_2,3077,621.0448,624.4072,0.0,-0.9745568037033081,-2.3877811
exp3_fixed_2,3078,614.8101,630.0299,0.0,-0.49755987524986267,-14.722249
exp3_fixed_2,3079,533.96265,542.7885,0.0,-0.4563802480697632,-8.369476
exp3_fixed_2,3081,598.26306,607.4519,0.0,-1.9726803302764893,-7.2162247
exp3_fixed_2,3082,616.74316,620.69196,0.0,-1.0405993461608887,-2.9081478
exp3_fixed_2,3083,679.158,685.02246,0.0,-0.2337731271982193,-5.6306276
exp3_fixed_2,3084,578.0581,583.35693,0.0,-1.4660499095916748,-3.8327858
exp3_fixed_2,3085,616.5424,623.0523,0.0,-1.072912573814392,-5.437023
exp3_fixed_2,3086,667.48267,673.60754,0.0,-0.7905603051185608,-5.3343987
exp3_fixed_2,3087,577.57794,581.0913,0.0,-0.4606507420539856,-3.0526848
exp3_fixed_2,3088,491.9673,497.88882,0.0,-0.8596402406692505,-5.0618844
exp3_fixed_2,3089,559.5168,569.00665,0.0,-0.8647284507751465,-8.625125
exp3_fixed_2,3090,602.93884,612.43256,0.0,-1.5945923328399658,-7.8991747
exp3_fixed_2,3091,605.3243,608.63367,0.0,-0.41708144545555115,-2.8922794
exp3_fixed_2,3092,350.2259,429.55463,0.0,-71.3822021484375,-7.9465303
exp3_fixed_2,3093,569.6839,575.1797,0.0,-0.2984180450439453,-5.1973796
exp3_fixed_2,3094,594.71814,598.4499,0.0,-1.0911399126052856,-2.6405942
exp3_fixed_2,3095,594.2481,597.4441,0.0,-0.6334293484687805,-2.5625837
exp3_fixed_2,3096,533.8281,538.9785,0.0,-0.6956233978271484,-4.454738
exp3_fixed_2,3097,547.655,551.2426,0.0,-0.687751054763794,-2.899839
exp3_fixed_2,3098,547.42694,550.7096,0.0,-0.948256254196167,-2.334403
exp3_fixed_2,3099,613.3696,616.7323,0.0,-0.7670773267745972,-2.595586
exp3_fixed_2,3101,553.8195,563.9247,0.0,-0.6451486945152283,-9.460056
exp3_fixed_2,3102,581.15656,588.5202,0.0,-1.1773689985275269,-6.186285
exp3_fixed_2,3103,554.9951,557.4381,0.0,-0.24614936113357544,-2.196866
exp3_fixed_2,3104,620.872,637.68097,0.0,-5.713449954986572,-11.095569
exp3_fixed_2,3105,490.60727,500.23798,0.0,-2.6443161964416504,-6.9863806
exp3_fixed_2,3106,605.0341,616.3727,0.0,-3.9239747524261475,-7.4145603
exp3_fixed_2,3107,626.4814,630.25543,0.0,-0.5766979455947876,-3.1973116
exp3_fixed_2,3108,516.79584,523.59503,0.0,-0.4639623165130615,-6.33522
exp3_fixed_2,3109,658.3279,662.8063,0.0,-2.1060080528259277,-2.372414
exp3_fixed_2,3110,632.73926,638.52515,0.0,-1.183220386505127,-4.6027184
exp3_fixed_2,3111,608.23193,624.17316,0.0,-0.9840352535247803,-14.957139
exp3_fixed_2,3112,129.33556,221.4349,0.0,-1.3636730909347534,-90.735664
exp3_fixed_2,3113,559.0889,567.14526,0.0,-1.6395971775054932,-6.4166694
exp3_fixed_2,3114,607.5856,616.07385,0.0,-1.090796709060669,-7.39756
exp3_fixed_2,3115,558.95233,563.64,0.0,-2.9116408824920654,-1.7760905
exp3_fixed_2,3116,646.42694,650.7626,0.0,-1.8976943492889404,-2.4379015
exp3_fixed_2,3117,508.43872,514.4396,0.0,-1.3115334510803223,-4.689296
exp3_fixed_2,3118,633.25934,642.3025,0.0,-0.5954540967941284,-8.447714
exp3_fixed_2,3119,609.1966,619.98267,0.0,-0.5200713872909546,-10.266037
exp3_fixed_2,3121,633.97266,637.62714,0.0,-1.196399450302124,-2.4580104
exp3_fixed_2,3122,615.16626,618.0989,0.0,-0.5773110389709473,-2.3552618
exp3_fixed_2,3123,546.19635,553.65594,0.0,-1.756207823753357,-5.703406
exp3_fixed_2,3124,584.49194,592.5697,0.0,-4.354524612426758,-3.7231483
exp3_fixed_2,3125,539.1632,541.4734,0.0,-0.19052433967590332,-2.119625
exp3_fixed_2,3126,613.9844,623.1112,0.0,-0.6145055890083313,-8.512323
exp3_fixed_2,3127,600.6894,602.58276,0.0,-0.5954179763793945,-1.2979524
exp3_fixed_2,3128,579.6355,585.7043,0.0,-2.007270336151123,-4.0614834
exp3_fixed_2,3129,554.18207,563.5215,0.0,-0.28331002593040466,-9.056106
exp3_fixed_2,3130,579.6063,583.7091,0.0,-0.6820613741874695,-3.4207106
exp3_fixed_2,3131,618.5407,620.7228,0.0,-0.45101380348205566,-1.7310307
exp3_fixed_2,3132,612.64124,614.5426,0.0,-0.25234177708625793,-1.6490301
exp3_fixed_2,3133,594.8044,600.1432,0.0,-0.7028504610061646,-4.635961
exp3_fixed_2,3134,570.96045,573.28516,0.0,-0.6977083086967468,-1.6269848
exp3_fixed_2,3135,585.69995,589.89703,0.0,-0.8529263734817505,-3.3442018
exp3_fixed_2,3136,532.6429,536.73254,0.0,-0.44534754753112793,-3.6443634
exp3_fixed_2,3137,648.3639,652.36084,0.0,-0.6469230651855469,-3.350034
exp3_fixed_2,3138,602.16266,604.17126,0.0,-0.5173937678337097,-1.491233
exp3_fixed_2,3139,554.76154,561.832,0.0,-0.43185746669769287,-6.6385493
exp3_fixed_2,3141,571.6289,594.0436,0.0,-2.6410927772521973,-19.773521
exp3_fixed_2,3142,624.7361,628.42053,0.0,-1.1000349521636963,-2.5844107
exp3_fixed_2,3143,595.36646,600.07874,0.0,-0.4897862672805786,-4.2224827
exp3_fixed_2,3144,665.6049,669.5138,0.0,-0.7704063057899475,-3.1384137
exp3_fixed_2,3145,588.3625,593.8436,0.0,-0.49012914299964905,-4.9910464
exp3_fixed_2,3146,534.8081,543.78265,0.0,-1.052301049232483,-7.9222436
exp3_fixed_2,3147,556.2251,564.9841,0.0,-1.5853679180145264,-7.173601
exp3_fixed_2,3148,558.17896,560.58325,0.0,-0.17950889468193054,-2.2248504
exp3_fixed_2,3149,651.06213,662.1042,0.0,-1.3034875392913818,-9.738579
exp3_fixed_2,3150,532.933,537.7001,0.0,-0.7643195390701294,-4.002739
exp3_fixed_2,3151,579.69604,583.54663,0.0,-0.7628892660140991,-3.0876837
exp3_fixed_2,3152,563.8288,573.5592,0.0,-0.9534432888031006,-8.776961
exp3_fixed_2,3153,-130.85237,-29.874083,0.0,-92.24954223632812,-8.72878
exp3_fixed_2,3154,604.90796,607.84125,0.0,-0.7384450435638428,-2.1948469
exp3_fixed_2,3155,558.7908,564.5541,0.0,-0.8657693862915039,-4.897505
exp3_fixed_2,3156,625.91235,629.67883,0.0,-0.6367269158363342,-3.1297667
exp3_fixed_2,3157,538.51953,545.17487,0.0,-0.3706306219100952,-6.28473
exp3_fixed_2,3158,609.8253,615.8805,0.0,-1.8151061534881592,-4.240034
exp3_fixed_2,3159,559.9378,568.4675,0.0,-1.3012970685958862,-7.2284145
exp3_fixed_2,3161,532.7218,538.6851,0.0,-0.7292416095733643,-5.234048
exp3_fixed_2,3162,514.29706,518.1738,0.0,-1.1567416191101074,-2.7199872
exp3_fixed_2,3163,533.141,544.4088,0.0,-1.17933189868927,-10.088523
exp3_fixed_2,3164,593.10297,596.377,0.0,-0.9545632600784302,-2.319493
exp3_fixed_2,3165,570.1549,576.2289,0.0,-1.1224722862243652,-4.9514294
exp3_fixed_2,3166,586.88416,593.2976,0.0,-0.7879562377929688,-5.6255198
exp3_fixed_2,3167,579.0049,582.4256,0.0,-1.191247582435608,-2.2295563
exp3_fixed_2,3168,563.36304,566.55176,0.0,-0.5483577847480774,-2.64032
exp3_fixed_2,3169,559.9903,570.80396,0.0,-2.015634059906006,-8.798033
exp3_fixed_2,3170,646.6834,659.38086,0.0,-4.820575714111328,-7.8768725
exp3_fixed_2,3171,627.41315,633.2573,0.0,-0.6823180913925171,-5.1618986
exp3_fixed_2,3172,551.6835,564.711,0.0,-0.4529062807559967,-12.574657
exp3_fixed_2,3173,612.9949,618.5697,0.0,-0.39604777097702026,-5.1787753
exp3_fixed_2,3174,616.1374,619.3911,0.0,-1.197299599647522,-2.0564566
exp3_fixed_2,3175,600.1545,606.7935,0.0,-0.501983642578125,-6.136999
exp3_fixed_2,3176,562.20026,568.5764,0.0,-2.4166626930236816,-3.95948
exp3_fixed_2,3177,572.6978,579.40186,0.0,-2.930189371109009,-3.7737842
exp3_fixed_2,3178,560.03156,562.4292,0.0,-0.43658867478370667,-1.9610329
exp3_fixed_2,3179,560.7774,568.47766,0.0,-1.4553347826004028,-6.2449484
exp3_fixed_2,3181,584.5453,587.33734,0.0,-0.9537026286125183,-1.838375
exp3_fixed_2,3182,569.4633,576.72876,0.0,-0.35472702980041504,-6.910696
exp3_fixed_2,3183,579.9489,585.7838,0.0,-0.5561608672142029,-5.278756
exp3_fixed_2,3184,615.4015,618.1882,0.0,-0.5967935919761658,-2.1899128
exp3_fixed_2,3185,635.49023,638.9418,0.0,-0.9425902366638184,-2.5089197
exp3_fixed_2,3186,408.93524,439.8353,0.0,-22.327116012573242,-8.572973
exp3_fixed_2,3187,592.06757,596.28186,0.0,-0.9551511406898499,-3.2591443
exp3_fixed_2,3188,587.95154,589.8038,0.0,-0.5247296094894409,-1.3275084
exp3_fixed_2,3189,525.30286,529.14746,0.0,-0.7411845326423645,-3.1034276
exp3_fixed_2,3190,612.87036,615.4654,0.0,-0.6061107516288757,-1.9888859
exp3_fixed_2,3191,579.70386,582.7361,0.0,-0.5443321466445923,-2.4878507
exp3_fixed_2,3192,580.0834,582.5168,0.0,-0.372834712266922,-2.0605848
exp3_fixed_2,3193,577.29395,586.7213,0.0,-5.696418285369873,-3.7309837
exp3_fixed_2,3194,608.76764,612.32556,0.0,-0.467740535736084,-3.0902443
exp3_fixed_2,3195,624.50085,664.5963,0.0,-0.7574281096458435,-39.338036
exp3_fixed_2,3196,402.4956,443.15442,0.0,-32.83124923706055,-7.827565
exp3_fixed_2,3197,546.9835,553.26843,0.0,-0.966447114944458,-5.3184114
exp3_fixed_2,3198,532.2024,537.63525,0.0,-0.18189454078674316,-5.250925
exp3_fixed_2,3199,587.9384,592.9346,0.0,-0.4897001385688782,-4.506445
exp3_fixed_2,3201,-96.48974,-5.2084656,0.0,-78.59477996826172,-12.686447
exp3_fixed_2,3202,541.2354,545.7185,0.0,-0.5512749552726746,-3.931863
exp3_fixed_2,3203,612.6054,617.31775,0.0,-0.5587868690490723,-4.1535993
exp3_fixed_2,3204,-136.87416,-99.86291,0.0,-24.056808471679688,-12.954449
exp3_fixed_2,3205,475.69452,490.87213,0.0,-6.842188835144043,-8.335474
exp3_fixed_2,3206,534.5232,548.3485,0.0,-0.5294598937034607,-13.295866
exp3_fixed_2,3207,545.49475,556.63043,0.0,-4.3902435302734375,-6.74539
exp3_fixed_2,3208,571.6518,575.83154,0.0,-0.3578346371650696,-3.8219645
exp3_fixed_2,3209,535.78815,540.04816,0.0,-1.0777331590652466,-3.182305
exp3_fixed_2,3210,594.05396,601.28064,0.0,-1.8585290908813477,-5.368189
exp3_fixed_2,3211,661.5763,663.93616,0.0,-0.43965578079223633,-1.9201775
exp3_fixed_2,3212,530.22003,539.1041,0.0,-1.7264000177383423,-7.157667
exp3_fixed_2,3213,604.7728,607.1039,0.0,-0.6007302403450012,-1.7303338
exp3_fixed_2,3214,522.0254,526.03796,0.0,-0.4237695336341858,-3.5887508
exp3_fixed_2,3215,566.057,573.4852,0.0,-3.7250821590423584,-3.7032044
exp3_fixed_2,3216,613.152,619.0849,0.0,-1.208017110824585,-4.7249265
exp3_fixed_2,3217,570.23016,576.3074,0.0,-1.2903496026992798,-4.786881
exp3_fixed_2,3218,630.26,636.4375,0.0,-1.2051299810409546,-4.9723206
exp3_fixed_2,3219,601.075,604.7791,0.0,-1.2709224224090576,-2.4331913
exp3_fixed_2,3221,614.0569,617.2816,0.0,-0.6157904863357544,-2.6089714
exp3_fixed_2,3222,619.9518,622.4484,0.0,-0.7054857611656189,-1.7911688
exp3_fixed_2,3223,577.5729,580.9194,0.0,-0.8670828342437744,-2.4794078
exp3_fixed_2,3224,627.91345,634.67737,0.0,-0.5541537404060364,-6.209764
exp3_fixed_2,3225,555.9282,563.33435,0.0,-0.4331965446472168,-6.972991
exp3_fixed_2,3226,582.53357,601.672,0.0,-1.5010836124420166,-17.63742
exp3_fixed_2,3227,650.61255,652.8916,0.0,-0.9590885639190674,-1.3200022
exp3_fixed_2,3228,597.1025,603.4925,0.0,-0.2705591917037964,-6.119463
exp3_fixed_2,3229,584.5827,588.35815,0.0,-1.0672297477722168,-2.708226
exp3_fixed_2,3230,561.2968,574.95544,0.0,-0.5868128538131714,-13.071822
exp3_fixed_2,3231,639.58545,642.0438,0.0,-0.5585548281669617,-1.8998264
exp3_fixed_2,3232,496.36053,507.72083,0.0,-3.2596683502197266,-8.100622
exp3_fixed_2,3233,603.3281,611.299,0.0,-1.5260961055755615,-6.444825
exp3_fixed_2,3234,585.6795,594.74677,0.0,-1.4334771633148193,-7.6337676
exp3_fixed_2,3235,601.10583,604.76105,0.0,-1.6347458362579346,-2.0205104
exp3_fixed_2,3236,621.9742,623.7189,0.0,-0.5233001708984375,-1.2213451
exp3_fixed_2,3237,540.6953,553.0091,0.0,-1.2649073600769043,-11.048884
exp3_fixed_2,3238,514.111,518.379,0.0,-0.9783142805099487,-3.289702
exp3_fixed_2,3239,576.06683,579.5254,0.0,-0.3301596939563751,-3.1284044
exp3_fixed_2,3241,568.9043,573.56683,0.0,-0.8464499115943909,-3.8160517
exp3_fixed_2,3242,481.56665,497.5853,0.0,-7.450446605682373,-8.568187
exp3_fixed_2,3243,619.1094,622.0038,0.0,-0.27257680892944336,-2.6218324
exp3_fixed_2,3244,602.44653,607.0324,0.0,-0.7264361381530762,-3.8594198
exp3_fixed_2,3245,513.09406,518.4167,0.0,-1.6577513217926025,-3.664896
exp3_fixed_2,3246,-64.26202,3.0546663,0.0,-49.834686279296875,-17.482006
exp3_fixed_2,3247,605.284,609.6301,0.0,-0.9930775761604309,-3.3530183
exp3_fixed_2,3248,617.86426,620.9791,0.0,-1.2991515398025513,-1.8156985
exp3_fixed_2,3249,610.7082,617.7005,0.0,-0.35248667001724243,-6.6398253
exp3_fixed_2,3250,623.8136,628.6087,0.0,-1.8528556823730469,-2.942211
exp3_fixed_2,3251,644.79614,647.32654,0.0,-0.3339499235153198,-2.19644
exp3_fixed_2,3252,431.35742,496.17862,0.0,-27.476919174194336,-37.344383
exp3_fixed_2,3253,503.18246,510.9478,0.0,-1.3748376369476318,-6.390495
exp3_fixed_2,3254,570.6533,582.51874,0.0,-0.545420229434967,-11.320084
exp3_fixed_2,3255,616.0851,623.3694,0.0,-0.5468046069145203,-6.737474
exp3_fixed_2,3256,601.7885,605.3695,0.0,-0.6705514788627625,-2.9104383
exp3_fixed_2,3257,634.5253,637.4362,0.0,-0.6349906921386719,-2.27591
exp3_fixed_2,3258,627.3794,629.1205,0.0,-0.47059208154678345,-1.2704754
exp3_fixed_2,3259,570.60944,575.84485,0.0,-0.4690741300582886,-4.766347
exp3_fixed_2,3261,611.6876,613.95233,0.0,-0.5054603815078735,-1.7592791
exp3_fixed_2,3262,541.7177,549.6579,0.0,-1.2016183137893677,-6.7386007
exp3_fixed_2,3263,645.0879,647.67456,0.0,-0.3212127089500427,-2.265499
exp3_fixed_2,3264,605.0352,608.1554,0.0,-1.1483805179595947,-1.971799
exp3_fixed_2,3265,646.96765,650.22284,0.0,-0.738441526889801,-2.5166917
exp3_fixed_2,3266,600.2842,604.11475,0.0,-0.8482936024665833,-2.9822602
exp3_fixed_2,3267,599.61005,602.57446,0.0,-0.8320393562316895,-2.1323915
exp3_fixed_2,3268,530.7565,536.3489,0.0,-1.680190086364746,-3.9122543
exp3_fixed_2,3269,579.53296,582.9907,0.0,-0.6389718055725098,-2.8188226
exp3_fixed_2,3270,600.80255,605.0986,0.0,-0.36234715580940247,-3.9337327
exp3_fixed_2,3271,620.33704,622.8856,0.0,-0.7976527214050293,-1.7509001
exp3_fixed_2,3272,566.96423,570.0985,0.0,-0.8586174845695496,-2.2756293
exp3_fixed_2,3273,418.9679,431.6512,0.0,-5.592706680297852,-7.090665
exp3_fixed_2,3274,630.11615,636.20074,0.0,-3.059363603591919,-3.025248
exp3_fixed_2,3275,543.1503,545.94336,0.0,-0.2847261428833008,-2.5082774
exp3_fixed_2,3276,575.13965,580.2329,0.0,-1.3442031145095825,-3.7490854
exp3_fixed_2,3277,567.0533,571.1325,0.0,-0.578589677810669,-3.5006273
exp3_fixed_2,3278,543.2289,548.48785,0.0,-1.0940682888031006,-4.164878
exp3_fixed_2,3279,589.5985,593.1264,0.0,-0.6840626001358032,-2.8438523
exp3_fixed_2,3281,553.5554,556.6792,0.0,-0.8274295926094055,-2.2963257
exp3_fixed_2,3282,668.3491,673.7175,0.0,-0.8098955154418945,-4.5585055
exp3_fixed_2,3283,616.7771,622.75116,0.0,-0.7046523094177246,-5.2693424
exp3_fixed_2,3284,616.60516,624.90674,0.0,-0.7480542659759521,-7.553476
exp3_fixed_2,3285,659.9332,663.4481,0.0,-0.7113791108131409,-2.8035467
exp3_fixed_2,3286,571.35834,576.1476,0.0,-0.8127623796463013,-3.9764972
exp3_fixed_2,3287,626.5125,629.8552,0.0,-0.45911455154418945,-2.883594
exp3_fixed_2,3288,668.25555,671.2014,0.0,-0.6905146837234497,-2.255402
exp3_fixed_2,3289,616.954,627.5688,0.0,-0.47704172134399414,-10.137753
exp3_fixed_2,3290,-347.6724,3.7260523,-200.0,-150.18417358398438,-1.2142973
exp3_fixed_2,3291,595.2859,600.5956,0.0,-0.8135038018226624,-4.4961686
exp3_fixed_2,3292,602.5837,608.9459,0.0,-1.6216306686401367,-4.7406106
exp3_fixed_2,3293,597.3147,618.6313,0.0,-0.646518349647522,-20.670052
exp3_fixed_2,3294,569.19403,578.42285,0.0,-0.4498268961906433,-8.77899
exp3_fixed_2,3295,579.8235,585.7118,0.0,-0.7961117029190063,-5.0921464
exp3_fixed_2,3296,648.2613,651.4705,0.0,-0.7608991861343384,-2.4483116
exp3_fixed_2,3297,639.2504,657.4731,0.0,-2.6323370933532715,-15.590323
exp3_fixed_2,3298,598.18005,604.8159,0.0,-0.5459009408950806,-6.0900044
exp3_fixed_2,3299,614.19244,616.8149,0.0,-0.6728844046592712,-1.9495059
exp3_fixed_2,3301,599.7054,602.95776,0.0,-0.5870328545570374,-2.6652985
exp3_fixed_2,3302,606.8776,614.3817,0.0,-0.2988496720790863,-7.205252
exp3_fixed_2,3303,566.1195,570.68146,0.0,-2.4177756309509277,-2.1441853
exp3_fixed_2,3304,557.57733,565.9352,0.0,-0.7542935609817505,-7.603552
exp3_fixed_2,3305,606.8674,612.13947,0.0,-1.046329379081726,-4.2257886
exp3_fixed_2,3306,542.0425,549.2998,0.0,-1.2525789737701416,-6.0047426
exp3_fixed_2,3307,640.19867,642.0738,0.0,-0.6427645683288574,-1.2323719
exp3_fixed_2,3308,-102.35054,-32.449387,0.0,-62.57902908325195,-7.3221307
exp3_fixed_2,3309,578.1894,587.80115,0.0,-1.5581530332565308,-8.053597
exp3_fixed_2,3310,613.936,618.24194,0.0,-0.6421631574630737,-3.66381
exp3_fixed_2,3311,604.59,606.82227,0.0,-0.38088056445121765,-1.8513696
exp3_fixed_2,3312,561.1177,573.7595,0.0,-0.666567862033844,-11.975287
exp3_fixed_2,3313,620.6123,624.3938,0.0,-0.5649951696395874,-3.216481
exp3_fixed_2,3314,-174.87071,35.22998,-200.0,-8.89126968383789,-1.209435
exp3_fixed_2,3315,29.068018,82.53219,0.0,-16.205427169799805,-37.258778
exp3_fixed_2,3316,594.7426,617.3965,0.0,-0.9381086230278015,-21.715757
exp3_fixed_2,3317,602.23724,617.79016,0.0,-0.9707659482955933,-14.582114
exp3_fixed_2,3318,570.75684,593.63434,0.0,-6.553069114685059,-16.324417
exp3_fixed_2,3319,634.91986,636.816,0.0,-0.2514280080795288,-1.6447167
exp3_fixed_2,3321,600.88837,604.44116,0.0,-0.49616533517837524,-3.0566227
exp3_fixed_2,3322,591.8198,597.4169,0.0,-1.1627588272094727,-4.4342856
exp3_fixed_2,3323,599.25415,602.11475,0.0,-0.6521334648132324,-2.2084541
exp3_fixed_2,3324,606.8269,615.7593,0.0,-2.008021354675293,-6.9243326
exp3_fixed_2,3325,656.60754,663.44995,0.0,-0.8645262122154236,-5.977839
exp3_fixed_2,3326,618.0783,621.0137,0.0,-0.8426960110664368,-2.092706
exp3_fixed_2,3327,564.4544,571.5355,0.0,-1.034188985824585,-6.046908
exp3_fixed_2,3328,576.17114,583.06995,0.0,-1.0082108974456787,-5.890652
exp3_fixed_2,3329,575.9409,591.6686,0.0,-0.567952573299408,-15.159651
exp3_fixed_2,3330,553.9593,558.84985,0.0,-0.38101422786712646,-4.5095024
exp3_fixed_2,3331,570.9255,586.2484,0.0,-2.109112501144409,-13.213829
exp3_fixed_2,3332,633.0405,635.9731,0.0,-1.1193960905075073,-1.8131757
exp3_fixed_2,3333,617.35846,619.5895,0.0,-0.9535330533981323,-1.2775409
exp3_fixed_2,3334,578.39825,582.6215,0.0,-1.7461028099060059,-2.4771903
exp3_fixed_2,3335,621.53436,626.8131,0.0,-2.09132719039917,-3.1874723
exp3_fixed_2,3336,654.7701,658.16455,0.0,-0.5427640676498413,-2.8517396
exp3_fixed_2,3337,633.5737,635.6554,0.0,-0.6401807069778442,-1.4414803
exp3_fixed_2,3338,579.32825,583.70483,0.0,-0.4386824369430542,-3.9379394
exp3_fixed_2,3339,587.10876,594.0748,0.0,-0.48893606662750244,-6.477084
exp3_fixed_2,3341,631.2337,633.40295,0.0,-0.5121654868125916,-1.6570936
exp3_fixed_2,3342,577.9648,580.8128,0.0,-0.43372488021850586,-2.4142766
exp3_fixed_2,3343,584.3766,587.7407,0.0,-0.9798464775085449,-2.3842058
exp3_fixed_2,3344,-197.237,42.62861,-200.0,-38.58306884765625,-1.2825499
exp3_fixed_2,3345,615.7645,619.8925,0.0,-1.0743571519851685,-3.053573
exp3_fixed_2,3346,587.89307,589.1642,0.0,-0.4611179232597351,-0.8100048
exp3_fixed_2,3347,559.304,566.9304,0.0,-0.8645078539848328,-6.7618647
exp3_fixed_2,3348,537.5538,542.46124,0.0,-0.49256324768066406,-4.4149675
exp3_fixed_2,3349,573.60535,576.93274,0.0,-0.4801655411720276,-2.8472002
exp3_fixed_2,3350,-31.561008,8.632427,0.0,-27.09034538269043,-13.103163
exp3_fixed_2,3351,645.87714,649.03156,0.0,-0.24506688117980957,-2.9092968
exp3_fixed_2,3352,615.637,619.0823,0.0,-0.631322979927063,-2.8139496
exp3_fixed_2,3353,595.454,599.67633,0.0,-0.5023100972175598,-3.7200747
exp3_fixed_2,3354,600.8843,605.3847,0.0,-1.5988038778305054,-2.9015987
exp3_fixed_2,3355,631.34717,634.859,0.0,-0.6808574795722961,-2.831036
exp3_fixed_2,3356,627.79443,630.8015,0.0,-0.4598323106765747,-2.547246
exp3_fixed_2,3357,591.4323,600.34357,0.0,-0.3546922206878662,-8.556531
exp3_fixed_2,3358,594.42584,607.3585,0.0,-0.9927704334259033,-11.939909
exp3_fixed_2,3359,646.3215,650.2498,0.0,-0.8923689126968384,-3.0359805
exp3_fixed_2,3361,609.548,613.7827,0.0,-0.9274351000785828,-3.3072548
exp3_fixed_2,3362,615.2324,620.1598,0.0,-1.436885118484497,-3.4904726
exp3_fixed_2,3363,622.32166,633.51996,0.0,-1.031202793121338,-10.167097
exp3_fixed_2,3364,-88.854645,-27.78579,0.0,-48.4846305847168,-12.584257
exp3_fixed_2,3365,576.45966,590.28186,0.0,-0.42058777809143066,-13.401711
exp3_fixed_2,3366,621.9376,625.8019,0.0,-0.17755365371704102,-3.686701
exp3_fixed_2,3367,612.6626,622.6956,0.0,-2.103525161743164,-7.92937
exp3_fixed_2,3368,575.54395,586.1545,0.0,-1.0286540985107422,-9.581935
exp3_fixed_2,3369,569.32416,579.11035,0.0,-0.45355647802352905,-9.332636
exp3_fixed_2,3370,554.67755,557.44336,0.0,-0.7576383352279663,-2.00819
exp3_fixed_2,3371,528.82166,535.9898,0.0,-1.4200468063354492,-5.748062
exp3_fixed_2,3372,593.59784,598.4971,0.0,-0.8214927911758423,-4.0777364
exp3_fixed_2,3373,571.3596,579.16565,0.0,-1.239791750907898,-6.5663004
exp3_fixed_2,3374,619.0398,625.6193,0.0,-0.672120213508606,-5.90738
exp3_fixed_2,3375,574.8585,590.5447,0.0,-0.8090575337409973,-14.877158
exp3_fixed_2,3376,573.3093,577.727,0.0,-0.5687154531478882,-3.8489509
exp3_fixed_2,3377,576.90643,581.7245,0.0,-1.2823890447616577,-3.5356264
exp3_fixed_2,3378,574.17694,578.1993,0.0,-1.2995359897613525,-2.7228134
exp3_fixed_2,3379,579.33795,586.3855,0.0,-0.9152235984802246,-6.1323442
exp3_fixed_2,3381,574.07733,582.9173,0.0,-0.28676077723503113,-8.5532
exp3_fixed_2,3382,614.85315,616.5431,0.0,-0.23681937158107758,-1.4531027
exp3_fixed_2,3383,587.5128,594.7573,0.0,-1.4596487283706665,-5.784873
exp3_fixed_2,3384,556.68225,563.56274,0.0,-0.4515683948993683,-6.4289303
exp3_fixed_2,3385,605.5299,609.636,0.0,-1.2703678607940674,-2.8357253
exp3_fixed_2,3386,633.65497,639.9578,0.0,-1.254942774772644,-5.0479054
exp3_fixed_2,3387,648.5265,651.16956,0.0,-1.1720751523971558,-1.4710482
exp3_fixed_2,3388,588.48914,590.3812,0.0,-0.28671297430992126,-1.60536
exp3_fixed_2,3389,583.4129,589.41364,0.0,-0.21728599071502686,-5.7834616
exp3_fixed_2,3390,589.1399,592.67596,0.0,-1.0759307146072388,-2.4601252
exp3_fixed_2,3391,555.6185,560.0572,0.0,-0.553629994392395,-3.8850303
exp3_fixed_2,3392,544.95465,548.02374,0.0,-0.5845744609832764,-2.4845314
exp3_fixed_2,3393,588.7715,593.4884,0.0,-1.3834055662155151,-3.333549
exp3_fixed_2,3394,578.98083,582.9601,0.0,-0.26372116804122925,-3.7154942
exp3_fixed_2,3395,568.2436,580.77527,0.0,-0.7844031453132629,-11.747323
exp3_fixed_2,3396,504.87292,509.28177,0.0,-0.4930473566055298,-3.9158094
exp3_fixed_2,3397,584.11475,591.5974,0.0,-0.7185894250869751,-6.7640924
exp3_fixed_2,3398,563.3679,571.31714,0.0,-2.5273985862731934,-5.421773
exp3_fixed_2,3399,523.4291,525.00555,0.0,-0.4811190962791443,-1.095315
exp3_fixed_2,3401,615.064,619.0018,0.0,-0.7951511144638062,-3.1425683
exp3_fixed_2,3402,601.9596,605.6209,0.0,-2.0889477729797363,-1.572395
exp3_fixed_2,3403,587.4416,590.39,0.0,-1.294396162033081,-1.65401
exp3_fixed_2,3404,591.70996,596.1144,0.0,-1.257827639579773,-3.1466162
exp3_fixed_2,3405,604.76135,611.01794,0.0,-1.2562711238861084,-5.0003796
exp3_fixed_2,3406,615.759,619.21344,0.0,-0.3730666935443878,-3.081405
exp3_fixed_2,3407,549.9474,565.7164,0.0,-0.9623793959617615,-14.806584
exp3_fixed_2,3408,593.72705,597.20496,0.0,-0.5141429305076599,-2.9637501
exp3_fixed_2,3409,649.2997,653.168,0.0,-0.9969157576560974,-2.8714697
exp3_fixed_2,3410,602.3955,615.0435,0.0,-4.356786251068115,-8.291216
exp3_fixed_2,3411,612.1641,614.9858,0.0,-0.47719651460647583,-2.344496
exp3_fixed_2,3412,561.3783,574.5881,0.0,-0.2695620059967041,-12.940224
exp3_fixed_2,3413,478.04242,516.17017,0.0,-31.335634231567383,-6.792068
exp3_fixed_2,3414,583.9999,587.3501,0.0,-1.354496717453003,-1.9956998
exp3_fixed_2,3415,580.85254,585.77014,0.0,-0.8943458199501038,-4.0232882
exp3_fixed_2,3416,591.9671,602.421,0.0,-1.085685133934021,-9.368241
exp3_fixed_2,3417,553.04193,557.8769,0.0,-0.34650593996047974,-4.48842
exp3_fixed_2,3418,670.9803,675.60425,0.0,-1.7311317920684814,-2.8927364
exp3_fixed_2,3419,-194.61322,33.495853,-200.0,-26.72411346435547,-1.3849562
exp3_fixed_2,3421,649.1772,657.6815,0.0,-1.1509270668029785,-7.35339
exp3_fixed_2,3422,506.3446,526.8544,0.0,-1.0141102075576782,-19.495672
exp3_fixed_2,3423,661.22327,664.7663,0.0,-0.4767839014530182,-3.0662436
exp3_fixed_2,3424,531.81445,539.27625,0.0,-0.18525148928165436,-7.276533
exp3_fixed_2,3425,452.5188,475.62512,0.0,-16.883686065673828,-6.2226014
exp3_fixed_2,3426,627.1125,630.80896,0.0,-0.6660034656524658,-3.0304015
exp3_fixed_2,3427,646.01636,653.71643,0.0,-1.3391321897506714,-6.3609304
exp3_fixed_2,3428,690.32886,692.84314,0.0,-0.39442697167396545,-2.1198637
exp3_fixed_2,3429,572.33435,582.79114,0.0,-1.5425461530685425,-8.914256
exp3_fixed_2,3430,594.937,603.2917,0.0,-1.793473482131958,-6.5612
exp3_fixed_2,3431,594.63416,601.579,0.0,-0.39578524231910706,-6.5491066
exp3_fixed_2,3432,562.673,567.3704,0.0,-0.5870180726051331,-4.1103945
exp3_fixed_2,3433,564.919,567.1162,0.0,-0.38958239555358887,-1.807609
exp3_fixed_2,3434,611.929,614.818,0.0,-0.7590495944023132,-2.1299326
exp3_fixed_2,3435,591.60156,595.38916,0.0,-0.5668423771858215,-3.22082
exp3_fixed_2,3436,605.64526,617.7516,0.0,-5.530520915985107,-6.57582
exp3_fixed_2,3437,575.8008,581.02234,0.0,-0.8738510012626648,-4.3477297
exp3_fixed_2,3438,568.3903,572.8445,0.0,-0.3045911192893982,-4.1496353
exp3_fixed_2,3439,638.0737,639.8029,0.0,-0.6019570827484131,-1.1272413
exp3_fixed_2,3441,625.3817,629.1194,0.0,-0.9799788594245911,-2.7577055
exp3_fixed_2,3442,516.5983,536.98486,0.0,-0.7592824697494507,-19.627243
exp3_fixed_2,3443,553.96783,561.9831,0.0,-0.64254230260849,-7.3727026
exp3_fixed_2,3444,533.52405,539.4763,0.0,-0.4109477996826172,-5.5413074
exp3_fixed_2,3445,487.3592,517.3968,0.0,-9.289350509643555,-20.748236
exp3_fixed_2,3446,596.5487,602.1755,0.0,-0.39030781388282776,-5.236436
exp3_fixed_2,3447,636.88324,639.8405,0.0,-0.9198821187019348,-2.0373473
exp3_fixed_2,3448,550.3896,555.59283,0.0,-0.5195937752723694,-4.683672
exp3_fixed_2,3449,678.7202,682.07776,0.0,-0.8798398375511169,-2.4776998
exp3_fixed_2,3450,621.75494,624.41296,0.0,-0.7132117748260498,-1.9448434
exp3_fixed_2,3451,501.03632,557.61035,0.0,-0.5521190166473389,-56.02184
exp3_fixed_2,3452,-263.01544,97.95366,-200.0,-156.20608520507812,-4.7630115
exp3_fixed_2,3453,607.8661,612.9979,0.0,-0.4024994373321533,-4.729326
exp3_fixed_2,3454,604.1381,612.31146,0.0,-0.9368205070495605,-7.236525
exp3_fixed_2,3455,636.7358,643.04065,0.0,-2.1778056621551514,-4.1270776
exp3_fixed_2,3456,636.9329,639.2852,0.0,-0.41152557730674744,-1.9407575
exp3_fixed_2,3457,609.36523,611.66797,0.0,-0.8157364130020142,-1.4870195
exp3_fixed_2,3458,621.36365,627.9397,0.0,-2.5463714599609375,-4.029691
exp3_fixed_2,3459,562.1359,570.4255,0.0,-1.6085178852081299,-6.680984
exp3_fixed_2,3461,617.0082,625.5304,0.0,-0.5781654715538025,-7.9441185
exp3_fixed_2,3462,527.21265,529.36145,0.0,-0.4261196553707123,-1.7226865
exp3_fixed_2,3463,604.6806,609.68286,0.0,-0.9727605581283569,-4.029495
exp3_fixed_2,3464,550.8409,556.8209,0.0,-0.5800988078117371,-5.3999085
exp3_fixed_2,3465,609.53894,613.2236,0.0,-0.34553149342536926,-3.3390722
exp3_fixed_2,3466,550.1714,551.91736,0.0,-0.3357348144054413,-1.4102669
exp3_fixed_2,3467,593.6966,595.824,0.0,-0.40335190296173096,-1.7240516
exp3_fixed_2,3468,654.5298,656.7689,0.0,-0.7578991651535034,-1.4811325
exp3_fixed_2,3469,588.59937,597.1421,0.0,-0.49469560384750366,-8.048124
exp3_fixed_2,3470,615.89453,623.0882,0.0,-0.8601258397102356,-6.333545
exp3_fixed_2,3471,582.3942,586.04156,0.0,-1.4640518426895142,-2.1833253
exp3_fixed_2,3472,595.7643,605.568,0.0,-2.596508741378784,-7.207121
exp3_fixed_2,3473,591.72534,595.2369,0.0,-0.7018475532531738,-2.8096564
exp3_fixed_2,3474,590.6022,593.9044,0.0,-1.0062698125839233,-2.2959497
exp3_fixed_2,3475,605.9491,621.51843,0.0,-0.6010749340057373,-14.968254
exp3_fixed_2,3476,493.3482,503.2209,0.0,-0.40901023149490356,-9.463692
exp3_fixed_2,3477,599.97894,609.00323,0.0,-0.9615784883499146,-8.062732
exp3_fixed_2,3478,566.55347,570.20294,0.0,-0.40855780243873596,-3.240978
exp3_fixed_2,3479,617.13257,625.57404,0.0,-0.7368373870849609,-7.7046833
exp3_fixed_2,3481,591.3105,602.61035,0.0,-1.1937986612319946,-10.106017
exp3_fixed_2,3482,582.79333,584.4545,0.0,-0.4251885712146759,-1.2360294
exp3_fixed_2,3483,661.8255,667.3425,0.0,-0.4890907406806946,-5.027948
exp3_fixed_2,3484,574.6113,586.23486,0.0,-1.5129228830337524,-10.110688
exp3_fixed_2,3485,558.7891,562.78265,0.0,-1.2828834056854248,-2.7106566
exp3_fixed_2,3486,555.55347,564.1523,0.0,-0.6394269466400146,-7.959398
exp3_fixed_2,3487,615.89465,619.02673,0.0,-0.8597923517227173,-2.2722626
exp3_fixed_2,3488,575.67957,581.7682,0.0,-0.5514510273933411,-5.5371604
exp3_fixed_2,3489,596.3587,599.46,0.0,-0.9105771780014038,-2.1907904
exp3_fixed_2,3490,547.17847,553.6101,0.0,-1.272813081741333,-5.15884
exp3_fixed_2,3491,589.4031,592.1908,0.0,-0.7014620900154114,-2.0862272
exp3_fixed_2,3492,601.41406,608.18335,0.0,-1.0885603427886963,-5.6807537
exp3_fixed_2,3493,549.39825,558.3479,0.0,-0.6347128748893738,-8.314926
exp3_fixed_2,3494,648.61053,652.2332,0.0,-0.5327712297439575,-3.089934
exp3_fixed_2,3495,577.7191,583.1943,0.0,-0.5696212649345398,-4.9054875
exp3_fixed_2,3496,575.94604,578.90704,0.0,-0.8689212799072266,-2.0920317
exp3_fixed_2,3497,547.94476,570.4552,0.0,-1.2221999168395996,-21.288206
exp3_fixed_2,3498,624.963,628.1237,0.0,-1.1652708053588867,-1.9954635
exp3_fixed_2,3499,535.8893,541.7141,0.0,-0.4864024817943573,-5.338436
exp3_fixed_2,3501,582.29895,585.66876,0.0,-1.2860291004180908,-2.0837648
exp3_fixed_2,3502,585.40094,587.8833,0.0,-0.403325617313385,-2.0789833
exp3_fixed_2,3503,600.32983,604.17664,0.0,-0.8147756457328796,-3.032014
exp3_fixed_2,3504,563.4001,572.3671,0.0,-0.5626449584960938,-8.404376
exp3_fixed_2,3505,603.0956,611.23254,0.0,-0.29080677032470703,-7.846136
exp3_fixed_2,3506,577.2338,580.8099,0.0,-0.947170078754425,-2.6288497
exp3_fixed_2,3507,638.0755,645.6968,0.0,-0.2715660333633423,-7.3497195
exp3_fixed_2,3508,657.93896,664.10205,0.0,-0.5540370345115662,-5.6090612
exp3_fixed_2,3509,637.55524,647.8063,0.0,-1.124075174331665,-9.12691
exp3_fixed_2,3510,631.4385,634.36304,0.0,-0.706035852432251,-2.218547
exp3_fixed_2,3511,601.6943,608.03046,0.0,-0.8691152334213257,-5.4670553
exp3_fixed_2,3512,648.40063,650.4385,0.0,-0.6716020107269287,-1.3662816
exp3_fixed_2,3513,649.3113,658.2279,0.0,-1.732447624206543,-7.184175
exp3_fixed_2,3514,597.8361,614.68976,0.0,-3.1549551486968994,-13.698708
exp3_fixed_2,3515,562.1186,578.56775,0.0,-0.8193935751914978,-15.629744
exp3_fixed_2,3516,570.0123,580.22797,0.0,-0.7082456946372986,-9.507385
exp3_fixed_2,3517,633.4442,636.38806,0.0,-0.7198328375816345,-2.22402
exp3_fixed_2,3518,520.0753,526.2007,0.0,-1.7576649188995361,-4.367673
exp3_fixed_2,3519,607.95044,616.9374,0.0,-1.7120392322540283,-7.274824
exp3_fixed_2,3521,586.0785,601.3003,0.0,-0.6273854970932007,-14.594392
exp3_fixed_2,3522,593.5789,600.25696,0.0,-0.831741452217102,-5.846302
exp3_fixed_2,3523,514.6994,523.82404,0.0,-6.732836723327637,-2.3918116
exp3_fixed_2,3524,576.2599,587.7624,0.0,-0.5548233389854431,-10.947651
exp3_fixed_2,3525,661.9789,676.12524,0.0,-0.4930118918418884,-13.653402
exp3_fixed_2,3526,554.86707,557.95514,0.0,-0.713415265083313,-2.3746538
exp3_fixed_2,3527,593.3323,597.13025,0.0,-0.6129481196403503,-3.184972
exp3_fixed_2,3528,540.38086,545.7001,0.0,-1.937298059463501,-3.381917
exp3_fixed_2,3529,567.55615,569.3997,0.0,-0.5076538920402527,-1.3358554
exp3_fixed_2,3530,-97.54334,-38.141647,0.0,-48.734127044677734,-10.667564
exp3_fixed_2,3531,591.5045,599.6995,0.0,-0.6905701160430908,-7.5044346
exp3_fixed_2,3532,651.00183,653.6298,0.0,-0.6105988025665283,-2.017359
exp3_fixed_2,3533,649.98895,654.9059,0.0,-0.7009177803993225,-4.2160134
exp3_fixed_2,3534,620.68274,625.6171,0.0,-0.5917203426361084,-4.3426576
exp3_fixed_2,3535,576.27344,582.31335,0.0,-0.20542454719543457,-5.8344703
exp3_fixed_2,3536,575.6282,578.37256,0.0,-0.47222182154655457,-2.2721488
exp3_fixed_2,3537,535.5255,550.1897,0.0,-0.9084958434104919,-13.7557125
exp3_fixed_2,3538,592.1211,600.7033,0.0,-0.47017356753349304,-8.112077
exp3_fixed_2,3539,-231.15862,3.6512804,-200.0,-22.76604652404785,-12.0438795
exp3_fixed_2,3541,539.41693,540.5732,0.0,-0.39465975761413574,-0.76155245
exp3_fixed_2,3542,631.2197,633.06085,0.0,-0.276096373796463,-1.5650393
exp3_fixed_2,3543,575.3106,581.4179,0.0,-1.8011547327041626,-4.3061213
exp3_fixed_2,3544,613.4862,621.27,0.0,-1.3644766807556152,-6.419332
exp3_fixed_2,3545,643.2418,645.6577,0.0,-0.45586568117141724,-1.9599931
exp3_fixed_2,3546,565.4165,573.54987,0.0,-1.078558087348938,-7.0548115
exp3_fixed_2,3547,595.0909,598.24445,0.0,-1.535231590270996,-1.6183808
exp3_fixed_2,3548,628.44617,635.73254,0.0,-0.7956714630126953,-6.490692
exp3_fixed_2,3549,592.91473,597.49805,0.0,-1.2197059392929077,-3.3636575
exp3_fixed_2,3550,559.47766,562.2906,0.0,-0.7053375244140625,-2.1075296
exp3_fixed_2,3551,591.4577,595.0913,0.0,-0.9180517792701721,-2.7155435
exp3_fixed_2,3552,616.2104,621.1979,0.0,-1.2122619152069092,-3.7751873
exp3_fixed_2,3553,604.579,607.05676,0.0,-0.5447338819503784,-1.9330767
exp3_fixed_2,3554,568.3826,573.91016,0.0,-2.9449570178985596,-2.5826204
exp3_fixed_2,3555,536.98364,541.2084,0.0,-0.8037833571434021,-3.4209256
exp3_fixed_2,3556,562.1123,565.4478,0.0,-0.4947701692581177,-2.8407493
exp3_fixed_2,3557,585.93835,594.0122,0.0,-0.7435519099235535,-7.3302526
exp3_fixed_2,3558,591.72186,596.5055,0.0,-1.161913275718689,-3.62169
exp3_fixed_2,3559,606.3517,613.0039,0.0,-0.660455048084259,-5.9917183
exp3_fixed_2,3561,582.67926,584.7534,0.0,-0.5092378854751587,-1.5649093
exp3_fixed_2,3562,-196.14096,31.24523,-200.0,-23.473764419555664,-3.9124544
exp3_fixed_2,3563,539.4931,546.6754,0.0,-1.0088495016098022,-6.17346
exp3_fixed_2,3564,609.5442,617.7589,0.0,-0.9375680685043335,-7.2771616
exp3_fixed_2,3565,587.5377,590.7405,0.0,-0.5698221325874329,-2.632948
exp3_fixed_2,3566,577.5399,586.4111,0.0,-1.0209240913391113,-7.850218
exp3_fixed_2,3567,596.81824,600.27014,0.0,-0.45397549867630005,-2.9979396
exp3_fixed_2,3568,604.0042,626.7219,0.0,-1.947917103767395,-20.7698
exp3_fixed_2,3569,649.08856,663.23596,0.0,-1.138288140296936,-13.0089855
exp3_fixed_2,3570,621.1924,623.6173,0.0,-0.7229185104370117,-1.7020652
exp3_fixed_2,3571,633.3917,641.2898,0.0,-0.7181205153465271,-7.1799545
exp3_fixed_2,3572,624.3796,630.956,0.0,-1.1789190769195557,-5.3974876
exp3_fixed_2,3573,588.0906,590.2748,0.0,-0.7072461843490601,-1.4769605
exp3_fixed_2,3574,562.07086,576.6294,0.0,-2.019538640975952,-12.538951
exp3_fixed_2,3575,599.50507,606.5864,0.0,-0.7199920415878296,-6.3613377
exp3_fixed_2,3576,563.3403,565.12726,0.0,-0.28802791237831116,-1.498919
exp3_fixed_2,3577,582.5779,584.9459,0.0,-0.36203843355178833,-2.00597
exp3_fixed_2,3578,538.76587,542.14136,0.0,-0.7498197555541992,-2.6256542
exp3_fixed_2,3579,517.81665,526.2037,0.0,-0.39807575941085815,-7.9889493
exp3_fixed_2,3581,532.77594,535.24176,0.0,-0.6107662320137024,-1.8550506
exp3_fixed_2,3582,676.45593,680.0803,0.0,-0.6750573515892029,-2.94934
exp3_fixed_2,3583,602.0602,604.27454,0.0,-0.43018290400505066,-1.7841762
exp3_fixed_2,3584,445.98608,463.98163,0.0,-0.6986874938011169,-17.296825
exp3_fixed_2,3585,648.8002,651.44696,0.0,-0.866325855255127,-1.7804567
exp3_fixed_2,3586,560.2841,570.31476,0.0,-0.6066967844963074,-9.423941
exp3_fixed_2,3587,643.69775,646.0909,0.0,-0.7745348811149597,-1.6185845
exp3_fixed_2,3588,-7.6746798,54.129345,0.0,-24.57021141052246,-37.233795
exp3_fixed_2,3589,644.0658,645.8811,0.0,-0.5326094627380371,-1.2827156
exp3_fixed_2,3590,599.6328,602.92633,0.0,-0.4495554566383362,-2.8439116
exp3_fixed_2,3591,538.7494,559.2004,0.0,-0.6253728866577148,-19.82559
exp3_fixed_2,3592,447.2114,474.49274,0.0,-19.15207862854004,-8.129284
exp3_fixed_2,3593,541.45294,544.76855,0.0,-1.0891343355178833,-2.2264228
exp3_fixed_2,3594,486.3514,503.50302,0.0,-1.4181153774261475,-15.733529
exp3_fixed_2,3595,574.75507,581.62,0.0,-0.6882146596908569,-6.1767263
exp3_fixed_2,3596,602.9933,613.18805,0.0,-0.625335156917572,-9.569413
exp3_fixed_2,3597,578.85406,583.7803,0.0,-0.8111640214920044,-4.1150517
exp3_fixed_2,3598,565.8016,567.4859,0.0,-0.36003631353378296,-1.3242829
exp3_fixed_2,3599,624.9057,634.80725,0.0,-0.8081328868865967,-9.093421
exp3_fixed_2,3601,605.2546,609.56696,0.0,-0.27740415930747986,-4.0350046
exp3_fixed_2,3602,419.3993,445.68085,0.0,-18.6976318359375,-7.5839267
exp3_fixed_2,3603,627.3289,631.3551,0.0,-0.9856005311012268,-3.0405555
exp3_fixed_2,3604,615.4342,630.4995,0.0,-1.1672250032424927,-13.898045
exp3_fixed_2,3605,533.5869,540.0491,0.0,-0.7198034524917603,-5.7423162
exp3_fixed_2,3606,598.6815,604.5356,0.0,-0.29396188259124756,-5.5600934
exp3_fixed_2,3607,572.8996,581.40784,0.0,-1.4389078617095947,-7.0692797
exp3_fixed_2,3608,586.9785,589.39844,0.0,-0.6306167840957642,-1.7893233
exp3_fixed_2,3609,569.73206,574.1707,0.0,-1.2339752912521362,-3.2046413
exp3_fixed_2,3610,636.2724,644.6377,0.0,-0.9788273572921753,-7.386534
exp3_fixed_2,3611,630.5647,633.20154,0.0,-1.0310919284820557,-1.6056752
exp3_fixed_2,3612,581.60376,585.1659,0.0,-1.077608346939087,-2.4844916
exp3_fixed_2,3613,538.37616,550.2107,0.0,-3.159397840499878,-8.675141
exp3_fixed_2,3614,551.1073,555.0824,0.0,-0.9499408006668091,-3.0251846
exp3_fixed_2,3615,-348.55905,38.937878,-200.0,-169.52439880371094,-17.972569
exp3_fixed_2,3616,592.74225,603.1489,0.0,-1.5483137369155884,-8.858396
exp3_fixed_2,3617,579.3683,600.8515,0.0,-1.0073766708374023,-20.475792
exp3_fixed_2,3618,638.03394,640.5537,0.0,-1.0158727169036865,-1.5039221
exp3_fixed_2,3619,545.2458,549.55334,0.0,-0.8594551682472229,-3.4480968
exp3_fixed_2,3621,606.1237,607.8391,0.0,-0.1466200351715088,-1.5687821
exp3_fixed_2,3622,521.28485,548.64935,0.0,-1.1698559522628784,-26.194609
exp3_fixed_2,3623,535.6441,538.53143,0.0,-0.20961719751358032,-2.67769
exp3_fixed_2,3624,596.9808,600.78516,0.0,-0.6872034072875977,-3.1171687
exp3_fixed_2,3625,620.3558,622.33057,0.0,-0.43259096145629883,-1.5422184
exp3_fixed_2,3626,553.13544,562.2107,0.0,-0.47591033577919006,-8.599355
exp3_fixed_2,3627,488.89117,499.05005,0.0,-0.8876476287841797,-9.271214
exp3_fixed_2,3628,605.6273,613.66235,0.0,-4.471022605895996,-3.5640569
exp3_fixed_2,3629,547.9554,551.42755,0.0,-0.6983404159545898,-2.7738125
exp3_fixed_2,3630,577.86694,587.07916,0.0,-0.6109885573387146,-8.601245
exp3_fixed_2,3631,-48.51421,15.970618,0.0,-42.0512809753418,-22.43357
exp3_fixed_2,3632,636.8915,643.48846,0.0,-0.5534563660621643,-6.0434833
exp3_fixed_2,3633,551.89355,571.9205,0.0,-2.9796061515808105,-17.047354
exp3_fixed_2,3634,666.4518,670.954,0.0,-2.113912343978882,-2.3883197
exp3_fixed_2,3635,648.8795,651.71106,0.0,-0.6204166412353516,-2.2110732
exp3_fixed_2,3636,584.691,593.257,0.0,-1.0655704736709595,-7.500451
exp3_fixed_2,3637,659.33044,663.19336,0.0,-0.9992635250091553,-2.8636806
exp3_fixed_2,3638,516.4859,524.7292,0.0,-0.7178114056587219,-7.5254683
exp3_fixed_2,3639,599.85,610.0667,0.0,-1.9460101127624512,-8.270669
exp3_fixed_2,3641,664.8041,667.2531,0.0,-0.33545058965682983,-2.1135933
exp3_fixed_2,3642,567.6515,586.57874,0.0,-0.47329840064048767,-18.45391
exp3_fixed_2,3643,574.9751,580.1345,0.0,-0.8082687854766846,-4.3511696
exp3_fixed_2,3644,635.8419,649.8701,0.0,-0.8333135843276978,-13.194893
exp3_fixed_2,3645,35.16829,86.446495,0.0,-0.992209792137146,-50.285965
exp3_fixed_2,3646,601.2267,607.3988,0.0,-0.4913961887359619,-5.680642
exp3_fixed_2,3647,594.6315,597.17004,0.0,-0.8708892464637756,-1.6677536
exp3_fixed_2,3648,597.207,599.7847,0.0,-0.5043594837188721,-2.0733666
exp3_fixed_2,3649,501.10156,513.1586,0.0,-7.2541890144348145,-4.802884
exp3_fixed_2,3650,632.8126,639.90454,0.0,-0.6582959890365601,-6.433654
exp3_fixed_2,3651,564.3285,570.01526,0.0,-0.9285092353820801,-4.7581773
exp3_fixed_2,3652,580.8711,583.8345,0.0,-0.7966605424880981,-2.166695
exp3_fixed_2,3653,566.2774,572.48395,0.0,-0.2860536575317383,-5.9204803
exp3_fixed_2,3654,576.81036,583.6372,0.0,-0.9185560345649719,-5.908297
exp3_fixed_2,3655,616.3278,626.14435,0.0,-0.802019476890564,-9.014491
exp3_fixed_2,3656,-95.81314,-59.198235,0.0,-22.07575798034668,-14.53916
exp3_fixed_2,3657,620.17377,623.96106,0.0,-1.1524769067764282,-2.6348171
exp3_fixed_2,3658,563.6306,572.7077,0.0,-1.5828142166137695,-7.494238
exp3_fixed_2,3659,626.65094,629.0802,0.0,-0.7100396156311035,-1.7192023
exp3_fixed_2,3661,564.9653,573.1482,0.0,-0.29149559140205383,-7.89145
exp3_fixed_2,3662,635.6687,639.9391,0.0,-0.7230311632156372,-3.5472968
exp3_fixed_2,3663,633.7682,635.9908,0.0,-0.39210245013237,-1.8304498
exp3_fixed_2,3664,601.7633,603.8709,0.0,-0.4920805096626282,-1.6154835
exp3_fixed_2,3665,582.21783,589.9563,0.0,-0.5047820210456848,-7.2337146
exp3_fixed_2,3666,626.71204,629.16327,0.0,-0.40466660261154175,-2.0465517
exp3_fixed_2,3667,602.35254,606.1559,0.0,-1.1332052946090698,-2.670111
exp3_fixed_2,3668,503.16528,513.2635,0.0,-1.5077747106552124,-8.590432
exp3_fixed_2,3669,618.9501,622.5049,0.0,-0.7381545305252075,-2.8166475
exp3_fixed_2,3670,574.36395,593.0622,0.0,-0.9513231515884399,-17.747013
exp3_fixed_2,3671,541.65936,553.7092,0.0,-3.6370091438293457,-8.412828
exp3_fixed_2,3672,629.44464,632.04645,0.0,-0.5868768692016602,-2.0149164
exp3_fixed_2,3673,617.48303,621.55383,0.0,-1.6166608333587646,-2.4540846
exp3_fixed_2,3674,-130.23276,81.456955,-200.0,-10.348737716674805,-1.3409864
exp3_fixed_2,3675,561.80505,569.9347,0.0,-0.5985855460166931,-7.531086
exp3_fixed_2,3676,594.48846,596.486,0.0,-0.7250399589538574,-1.2725317
exp3_fixed_2,3677,-215.07971,6.356757,-200.0,-19.921451568603516,-1.5150144
exp3_fixed_2,3678,555.6121,568.03687,0.0,-0.26944735646247864,-12.155306
exp3_fixed_2,3679,631.64764,638.9839,0.0,-0.9726240038871765,-6.3636146
exp3_fixed_2,3681,-75.29673,-22.534391,0.0,-40.6864013671875,-12.075936
exp3_fixed_2,3682,636.7459,640.16327,0.0,-0.8603599667549133,-2.557023
exp3_fixed_2,3683,647.4717,649.4884,0.0,-0.38160276412963867,-1.6351061
exp3_fixed_2,3684,627.05396,631.1429,0.0,-1.8995740413665771,-2.1894352
exp3_fixed_2,3685,576.59546,579.3801,0.0,-0.9960829019546509,-1.7886012
exp3_fixed_2,3686,552.3552,563.4398,0.0,-1.2256814241409302,-9.858847
exp3_fixed_2,3687,532.76,544.28204,0.0,-3.686594009399414,-7.8354483
exp3_fixed_2,3688,537.6148,543.003,0.0,-1.0669968128204346,-4.321226
exp3_fixed_2,3689,580.8489,587.81464,0.0,-0.14571034908294678,-6.8200297
exp3_fixed_2,3690,588.8622,595.74316,0.0,-0.23361538350582123,-6.647326
exp3_fixed_2,3691,583.32184,600.3827,0.0,-3.4324328899383545,-13.628438
exp3_fixed_2,3692,600.96643,604.0482,0.0,-1.0990769863128662,-1.982667
exp3_fixed_2,3693,546.09753,555.77277,0.0,-0.6307656764984131,-9.044448
exp3_fixed_2,3694,666.73816,669.6171,0.0,-0.4750162363052368,-2.403881
exp3_fixed_2,3695,565.3037,576.8253,0.0,-2.5350425243377686,-8.986583
exp3_fixed_2,3696,549.0336,552.7969,0.0,-0.4489881694316864,-3.3142176
exp3_fixed_2,3697,595.99115,600.2289,0.0,-1.792189598083496,-2.4455526
exp3_fixed_2,3698,515.5188,521.2317,0.0,-1.555898666381836,-4.1569886
exp3_fixed_2,3699,611.4573,613.3584,0.0,-0.3815082907676697,-1.5195321
exp3_fixed_2,3701,620.5008,637.6858,0.0,-1.1587367057800293,-16.02626
exp3_fixed_2,3702,635.44257,638.65894,0.0,-0.7814765572547913,-2.4348967
exp3_fixed_2,3703,613.0227,616.85095,0.0,-0.8035934567451477,-3.0246594
exp3_fixed_2,3704,593.20166,595.74817,0.0,-0.721745491027832,-1.8248028
exp3_fixed_2,3705,569.9022,577.559,0.0,-0.37853747606277466,-7.2781744
exp3_fixed_2,3706,633.63257,640.5217,0.0,-0.7372503280639648,-6.151804
exp3_fixed_2,3707,571.2685,575.42004,0.0,-1.2458417415618896,-2.905706
exp3_fixed_2,3708,561.46423,564.2386,0.0,-0.4098595678806305,-2.36453
exp3_fixed_2,3709,631.1758,632.9879,0.0,-0.5102285146713257,-1.3019282
exp3_fixed_2,3710,658.8131,660.76965,0.0,-0.36231160163879395,-1.5943162
exp3_fixed_2,3711,639.82324,646.3817,0.0,-0.3349926173686981,-6.2234464
exp3_fixed_2,3712,424.3061,448.8799,0.0,-13.213794708251953,-11.360007
exp3_fixed_2,3713,593.98676,602.83655,0.0,-0.600955605506897,-8.248827
exp3_fixed_2,3714,585.84827,593.0325,0.0,-0.9163898825645447,-6.2678943
exp3_fixed_2,3715,543.05725,545.2522,0.0,-0.40361595153808594,-1.7913495
exp3_fixed_2,3716,612.4264,627.5449,0.0,-0.8463306427001953,-14.272211
exp3_fixed_2,3717,609.3138,625.2429,0.0,-1.2236627340316772,-14.705434
exp3_fixed_2,3718,647.99194,649.83997,0.0,-0.25706005096435547,-1.5909344
exp3_fixed_2,3719,611.5626,613.05945,0.0,-0.4675619602203369,-1.0292552
exp3_fixed_2,3721,-215.26988,13.487232,-200.0,-19.525081634521484,-9.232032
exp3_fixed_2,3722,599.598,606.7683,0.0,-0.8857258558273315,-6.284562
exp3_fixed_2,3723,575.6137,578.0464,0.0,-0.36025160551071167,-2.0724452
exp3_fixed_2,3724,587.3849,601.8302,0.0,-0.6371988654136658,-13.808137
exp3_fixed_2,3725,605.68555,610.3005,0.0,-2.055103302001953,-2.559831
exp3_fixed_2,3726,561.3228,569.606,0.0,-0.6772379279136658,-7.6059427
exp3_fixed_2,3727,558.30524,561.91364,0.0,-1.7151364088058472,-1.8932037
exp3_fixed_2,3728,627.0702,629.3484,0.0,-0.49839863181114197,-1.7798592
exp3_fixed_2,3729,548.54016,555.2494,0.0,-1.1326677799224854,-5.5765586
exp3_fixed_2,3730,553.798,578.2106,0.0,-0.4697670340538025,-23.942808
exp3_fixed_2,3731,538.5729,546.3474,0.0,-0.29597803950309753,-7.478586
exp3_fixed_2,3732,604.92316,607.6373,0.0,-0.8672547936439514,-1.8469323
exp3_fixed_2,3733,560.3589,566.6387,0.0,-0.6495476961135864,-5.630261
exp3_fixed_2,3734,532.59344,540.7195,0.0,-0.7250831127166748,-7.400969
exp3_fixed_2,3735,-227.00014,-60.86512,0.0,-153.05934143066406,-13.075622
exp3_fixed_2,3736,575.7475,588.55585,0.0,-0.8195230960845947,-11.988809
exp3_fixed_2,3737,578.3606,584.51434,0.0,-0.7314140200614929,-5.4223394
exp3_fixed_2,3738,182.04259,248.97408,0.0,-1.2176235914230347,-65.71381
exp3_fixed_2,3739,640.2598,642.74695,0.0,-0.7807754874229431,-1.7063403
exp3_fixed_2,3741,565.45496,567.9876,0.0,-0.47660529613494873,-2.0560546
exp3_fixed_2,3742,534.45996,545.21606,0.0,-1.6836812496185303,-9.072407
exp3_fixed_2,3743,632.5182,646.20386,0.0,-0.34427380561828613,-13.341381
exp3_fixed_2,3744,541.3458,554.6932,0.0,-1.0059504508972168,-12.341393
exp3_fixed_2,3745,561.2654,575.8796,0.0,-0.8680866956710815,-13.746136
exp3_fixed_2,3746,559.46277,561.83484,0.0,-0.5105111598968506,-1.8614935
exp3_fixed_2,3747,608.88135,612.4493,0.0,-1.0850439071655273,-2.4828732
exp3_fixed_2,3748,632.3441,636.57355,0.0,-0.872276782989502,-3.3571618
exp3_fixed_2,3749,569.3863,576.1285,0.0,-0.9296948909759521,-5.812484
exp3_fixed_2,3750,620.73303,624.31537,0.0,-0.7481784224510193,-2.834158
exp3_fixed_2,3751,549.09174,551.7629,0.0,-0.47556397318840027,-2.1955924
exp3_fixed_2,3752,627.78186,631.2495,0.0,-0.8071263432502747,-2.6605365
exp3_fixed_2,3753,557.2179,565.32587,0.0,-1.0112475156784058,-7.096694
exp3_fixed_2,3754,652.41925,654.555,0.0,-0.468542218208313,-1.6671841
exp3_fixed_2,3755,544.8647,557.1334,0.0,-0.7421330213546753,-11.526579
exp3_fixed_2,3756,585.0962,587.66754,0.0,-0.899546205997467,-1.6717958
exp3_fixed_2,3757,591.309,597.74744,0.0,-0.6208791732788086,-5.8175745
exp3_fixed_2,3758,601.4674,604.75745,0.0,-0.9087842702865601,-2.3812091
exp3_fixed_2,3759,576.0871,579.07513,0.0,-1.0916812419891357,-1.896381
exp3_fixed_2,3761,568.5798,573.65265,0.0,-0.6209347248077393,-4.4519196
exp3_fixed_2,3762,567.6649,572.909,0.0,-0.585613489151001,-4.658467
exp3_fixed_2,3763,571.9415,575.48895,0.0,-0.8953902721405029,-2.6521041
exp3_fixed_2,3764,662.3836,664.82935,0.0,-0.6163959503173828,-1.8293871
exp3_fixed_2,3765,565.7398,571.5092,0.0,-1.1025691032409668,-4.666831
exp3_fixed_2,3766,523.29456,539.2021,0.0,-0.43266594409942627,-15.474887
exp3_fixed_2,3767,532.9558,541.0498,0.0,-0.9292892217636108,-7.1646595
exp3_fixed_2,3768,-110.49808,-65.62945,0.0,-6.005124568939209,-38.863487
exp3_fixed_2,3769,590.62036,594.60187,0.0,-1.664034366607666,-2.3174706
exp3_fixed_2,3770,618.8453,622.6335,0.0,-1.4817523956298828,-2.306481
exp3_fixed_2,3771,525.8644,531.5354,0.0,-0.8763246536254883,-4.7946477
exp3_fixed_2,3772,545.5592,554.3634,0.0,-1.0130622386932373,-7.7911997
exp3_fixed_2,3773,511.3628,516.4145,0.0,-1.0708693265914917,-3.9808578
exp3_fixed_2,3774,588.3794,591.5986,0.0,-0.9806631803512573,-2.238496
exp3_fixed_2,3775,608.2318,611.0767,0.0,-0.43596309423446655,-2.4089172
exp3_fixed_2,3776,653.81213,656.32935,0.0,-0.9818159341812134,-1.5353956
exp3_fixed_2,3777,546.0544,557.9383,0.0,-1.0276148319244385,-10.8563175
exp3_fixed_2,3778,628.03925,639.8641,0.0,-1.2702653408050537,-10.554553
exp3_fixed_2,3779,509.6905,521.65375,0.0,-1.6590193510055542,-10.304254
exp3_fixed_2,3781,631.039,636.84314,0.0,-2.702707052230835,-3.1014342
exp3_fixed_2,3782,553.68646,556.76465,0.0,-0.46765831112861633,-2.610487
exp3_fixed_2,3783,547.33813,551.1511,0.0,-1.3299373388290405,-2.483087
exp3_fixed_2,3784,601.0329,611.53015,0.0,-0.9558523297309875,-9.541368
exp3_fixed_2,3785,557.20355,564.853,0.0,-1.040563941001892,-6.6089563
exp3_fixed_2,3786,568.51807,570.7411,0.0,-0.40062257647514343,-1.8224388
exp3_fixed_2,3787,602.0736,604.8331,0.0,-1.01811945438385,-1.7413734
exp3_fixed_2,3788,665.283,666.7395,0.0,-0.4043300151824951,-1.052184
exp3_fixed_2,3789,585.7212,588.1984,0.0,-0.979328989982605,-1.4978794
exp3_fixed_2,3790,641.8402,644.7545,0.0,-0.7523592710494995,-2.1619372
exp3_fixed_2,3791,514.3144,518.76483,0.0,-1.0612049102783203,-3.3892398
exp3_fixed_2,3792,563.7968,572.41003,0.0,-0.8875161409378052,-7.725716
exp3_fixed_2,3793,630.0731,636.4655,0.0,-0.6039003133773804,-5.788471
exp3_fixed_2,3794,666.8751,669.4591,0.0,-0.773046612739563,-1.8109941
exp3_fixed_2,3795,481.4439,485.78757,0.0,-0.7812759876251221,-3.5623708
exp3_fixed_2,3796,571.1306,575.568,0.0,-0.9051419496536255,-3.532282
exp3_fixed_2,3797,-101.30366,-40.577408,0.0,-42.36566162109375,-18.360592
exp3_fixed_2,3798,582.54974,586.5087,0.0,-1.4304931163787842,-2.5284958
exp3_fixed_2,3799,448.99673,462.80002,0.0,-6.997930526733398,-6.8053336
exp3_fixed_2,3801,673.97107,681.9808,0.0,-1.7570940256118774,-6.252631
exp3_fixed_2,3802,619.7396,627.96594,0.0,-1.7298039197921753,-6.4965463
exp3_fixed_2,3803,598.04724,599.93713,0.0,-0.32464367151260376,-1.565207
exp3_fixed_2,3804,653.929,661.9366,0.0,-0.9482008814811707,-7.059367
exp3_fixed_2,3805,556.9193,560.80096,0.0,-0.7214826941490173,-3.160167
exp3_fixed_2,3806,590.01855,592.6294,0.0,-0.37281477451324463,-2.238037
exp3_fixed_2,3807,576.43787,583.4201,0.0,-0.9437810182571411,-6.0384445
exp3_fixed_2,3808,538.10144,541.5736,0.0,-0.1684219241142273,-3.303806
exp3_fixed_2,3809,547.7393,556.7788,0.0,-0.4130404591560364,-8.626414
exp3_fixed_2,3810,545.46686,552.99664,0.0,-0.5089062452316284,-7.0208716
exp3_fixed_2,3811,624.08514,625.98193,0.0,-0.5734855532646179,-1.3233526
exp3_fixed_2,3812,486.24728,512.232,0.0,-2.03109073638916,-23.95364
exp3_fixed_2,3813,594.698,601.0309,0.0,-0.8618403077125549,-5.4710436
exp3_fixed_2,3814,529.65656,541.3529,0.0,-0.4452139437198639,-11.251076
exp3_fixed_2,3815,548.09973,551.1857,0.0,-0.33870577812194824,-2.7472947
exp3_fixed_2,3816,-133.69308,93.38622,-200.0,-22.21474266052246,-4.864564
exp3_fixed_2,3817,83.573135,134.5161,0.0,-2.1403961181640625,-48.80264
exp3_fixed_2,3818,603.04816,605.31647,0.0,-0.7786656022071838,-1.4896946
exp3_fixed_2,3819,536.52374,539.70636,0.0,-0.6892996430397034,-2.493343
exp3_fixed_2,3821,552.6596,561.2179,0.0,-0.8275578618049622,-7.730784
exp3_fixed_2,3822,619.3315,622.61414,0.0,-0.6258647441864014,-2.656751
exp3_fixed_2,3823,569.36053,571.5529,0.0,-0.5051617622375488,-1.6872644
exp3_fixed_2,3824,509.50797,514.25494,0.0,-0.25086474418640137,-4.496132
exp3_fixed_2,3825,592.85596,598.7461,0.0,-2.770784378051758,-3.1193018
exp3_fixed_2,3826,596.21625,606.06665,0.0,-1.0727921724319458,-8.777549
exp3_fixed_2,3827,637.6269,645.9855,0.0,-0.7369740009307861,-7.6216383
exp3_fixed_2,3828,581.1682,583.259,0.0,-0.6689097285270691,-1.4218819
exp3_fixed_2,3829,588.1283,591.9144,0.0,-0.7208221554756165,-3.0652683
exp3_fixed_2,3830,601.8331,604.5879,0.0,-0.3618573546409607,-2.3929136
exp3_fixed_2,3831,641.27106,644.32745,0.0,-0.6525894403457642,-2.403803
exp3_fixed_2,3832,605.11,607.75037,0.0,-0.899867057800293,-1.7405577
exp3_fixed_2,3833,572.969,576.69244,0.0,-0.8904675841331482,-2.8330147
exp3_fixed_2,3834,537.7633,545.79803,0.0,-0.7118347883224487,-7.3229175
exp3_fixed_2,3835,600.7652,605.374,0.0,-1.556398868560791,-3.0524545
exp3_fixed_2,3836,556.1073,565.2291,0.0,-2.0445661544799805,-7.077313
exp3_fixed_2,3837,632.5197,635.8637,0.0,-0.8786238431930542,-2.4654016
exp3_fixed_2,3838,603.8055,620.2046,0.0,-2.790140151977539,-13.609021
exp3_fixed_2,3839,576.76935,598.9135,0.0,-1.2451317310333252,-20.89905
exp3_fixed_2,3841,567.62103,575.7483,0.0,-5.3336405754089355,-2.7935784
exp3_fixed_2,3842,626.83435,631.01025,0.0,-1.3026208877563477,-2.8732326
exp3_fixed_2,3843,539.8058,541.0692,0.0,-0.354885458946228,-0.9086092
exp3_fixed_2,3844,573.96716,581.49817,0.0,-1.0116896629333496,-6.519303
exp3_fixed_2,3845,637.61456,641.2442,0.0,-1.01541006565094,-2.6142178
exp3_fixed_2,3846,567.5776,576.0261,0.0,-0.5887405872344971,-7.8598366
exp3_fixed_2,3847,614.7794,617.664,0.0,-1.3210116624832153,-1.5635779
exp3_fixed_2,3848,640.0683,642.80945,0.0,-0.4548063278198242,-2.286325
exp3_fixed_2,3849,543.36993,554.8669,0.0,-1.3997092247009277,-10.097288
exp3_fixed_2,3850,515.2905,524.9157,0.0,-1.3587123155593872,-8.26651
exp3_fixed_2,3851,626.73535,635.98785,0.0,-0.921223521232605,-8.33131
exp3_fixed_2,3852,521.192,527.08594,0.0,-0.7022348046302795,-5.1917276
exp3_fixed_2,3853,588.1423,597.2616,0.0,-1.5032167434692383,-7.6161056
exp3_fixed_2,3854,530.6431,532.06024,0.0,-0.696821928024292,-0.72028184
exp3_fixed_2,3855,649.4993,653.85583,0.0,-1.0112988948822021,-3.3452294
exp3_fixed_2,3856,587.7489,598.32764,0.0,-1.210871696472168,-9.367911
exp3_fixed_2,3857,559.2148,571.0615,0.0,-0.9733561277389526,-10.873385
exp3_fixed_2,3858,546.29474,556.6685,0.0,-0.6046457290649414,-9.769163
exp3_fixed_2,3859,607.7132,613.923,0.0,-0.5065048933029175,-5.7032475
exp3_fixed_2,3861,627.1791,632.7362,0.0,-2.4342551231384277,-3.1228642
exp3_fixed_2,3862,579.5629,583.5052,0.0,-0.7356628775596619,-3.2065613
exp3_fixed_2,3863,577.13776,579.3176,0.0,-0.593510091304779,-1.5863626
exp3_fixed_2,3864,706.0098,709.7043,0.0,-1.5847468376159668,-2.1097386
exp3_fixed_2,3865,623.0563,625.6183,0.0,-0.5366007089614868,-2.0253894
exp3_fixed_2,3866,582.5543,589.32623,0.0,-0.7241496443748474,-6.047762
exp3_fixed_2,3867,587.0104,589.2943,0.0,-0.578504204750061,-1.7053692
exp3_fixed_2,3868,550.872,561.3954,0.0,-3.1899852752685547,-7.333352
exp3_fixed_2,3869,575.5291,582.62683,0.0,-1.5370311737060547,-5.5606756
exp3_fixed_2,3870,540.9119,547.78577,0.0,-0.6433220505714417,-6.2305613
exp3_fixed_2,3871,608.59784,629.6629,0.0,-0.6886426210403442,-20.376465
exp3_fixed_2,3872,596.5909,598.81696,0.0,-0.5131761431694031,-1.7128783
exp3_fixed_2,3873,600.6996,603.2568,0.0,-0.5045130252838135,-2.0526786
exp3_fixed_2,3874,645.85345,647.7611,0.0,-0.38687655329704285,-1.5207548
exp3_fixed_2,3875,646.1257,649.164,0.0,-0.6713371872901917,-2.3669794
exp3_fixed_2,3876,-66.517456,157.81741,-200.0,-22.171689987182617,-2.163177
exp3_fixed_2,3877,556.7091,563.59216,0.0,-1.2549376487731934,-5.628035
exp3_fixed_2,3878,578.0791,622.8592,0.0,-3.1374564170837402,-41.642612
exp3_fixed_2,3879,535.2506,539.4856,0.0,-0.24838043749332428,-3.9866045
exp3_fixed_2,3881,566.83734,582.6905,0.0,-6.0510077476501465,-9.802108
exp3_fixed_2,3882,567.58997,570.844,0.0,-0.4712105989456177,-2.7828486
exp3_fixed_2,3883,616.2822,619.19727,0.0,-0.8489906787872314,-2.0660543
exp3_fixed_2,3884,542.31635,548.18774,0.0,-0.32780423760414124,-5.543565
exp3_fixed_2,3885,590.94183,613.07306,0.0,-0.7739769816398621,-21.357244
exp3_fixed_2,3886,535.6293,544.9652,0.0,-1.0280569791793823,-8.307898
exp3_fixed_2,3887,617.58923,621.9545,0.0,-2.2397572994232178,-2.1255672
exp3_fixed_2,3888,565.79034,569.76636,0.0,-0.9783709645271301,-2.9975977
exp3_fixed_2,3889,556.4845,566.94824,0.0,-1.5119435787200928,-8.951755
exp3_fixed_2,3890,635.3718,638.8041,0.0,-0.24894015491008759,-3.1832805
exp3_fixed_2,3891,575.35876,582.8008,0.0,-0.9121482968330383,-6.529871
exp3_fixed_2,3892,611.39954,619.62787,0.0,-1.3847918510437012,-6.843569
exp3_fixed_2,3893,625.2426,627.41376,0.0,-0.3947252631187439,-1.7764277
exp3_fixed_2,3894,582.3711,596.23645,0.0,-0.7272564172744751,-13.13801
exp3_fixed_2,3895,608.9149,615.52637,0.0,-0.5287808179855347,-6.082609
exp3_fixed_2,3896,599.46484,608.4644,0.0,-1.036184549331665,-7.9634104
exp3_fixed_2,3897,124.13314,188.67094,0.0,-0.63847416639328,-63.89943
exp3_fixed_2,3898,610.18396,613.1211,0.0,-0.48697787523269653,-2.450197
exp3_fixed_2,3899,615.27686,621.4468,0.0,-0.7917309999465942,-5.3782473
exp3_fixed_2,3901,680.5443,685.0454,0.0,-0.5684294104576111,-3.9327416
exp3_fixed_2,3902,-182.29306,42.400936,-200.0,-19.516605377197266,-5.1774063
exp3_fixed_2,3903,529.1229,538.64386,0.0,-4.195319652557373,-5.3256226
exp3_fixed_2,3904,608.7655,616.0173,0.0,-0.2875846028327942,-6.9642196
exp3_fixed_2,3905,617.5432,619.22253,0.0,-0.41090327501296997,-1.2684833
exp3_fixed_2,3906,550.217,565.447,0.0,-0.6676015853881836,-14.562401
exp3_fixed_2,3907,640.71576,647.578,0.0,-0.8584340810775757,-6.0038047
exp3_fixed_2,3908,579.4995,593.04395,0.0,-0.6059462428092957,-12.938479
exp3_fixed_2,3909,508.50458,517.20703,0.0,-1.982465147972107,-6.719971
exp3_fixed_2,3910,572.9087,580.41516,0.0,-0.6838322877883911,-6.8225913
exp3_fixed_2,3911,654.18427,656.52405,0.0,-0.6401874423027039,-1.6995833
exp3_fixed_2,3912,634.8701,640.07166,0.0,-0.2331182062625885,-4.968409
exp3_fixed_2,3913,572.4223,577.72,0.0,-1.6969715356826782,-3.600689
exp3_fixed_2,3914,528.51697,538.94995,0.0,-1.1215754747390747,-9.311411
exp3_fixed_2,3915,585.7954,591.8288,0.0,-0.39460182189941406,-5.638831
exp3_fixed_2,3916,664.12805,667.0519,0.0,-0.5947210788726807,-2.329142
exp3_fixed_2,3917,664.9825,667.1267,0.0,-0.46270662546157837,-1.6814905
exp3_fixed_2,3918,557.76605,561.4443,0.0,-0.5708184242248535,-3.1073716
exp3_fixed_2,3919,606.47644,613.15186,0.0,-0.6431529521942139,-6.0322237
exp3_fixed_2,3921,570.2929,583.8529,0.0,-6.095550060272217,-7.464451
exp3_fixed_2,3922,547.24664,561.2608,0.0,-0.9570438861846924,-13.057119
exp3_fixed_2,3923,518.9515,525.76044,0.0,-0.29794543981552124,-6.5109987
exp3_fixed_2,3924,580.3616,584.10236,0.0,-0.6665804982185364,-3.0741675
exp3_fixed_2,3925,511.92062,516.3263,0.0,-0.9561105370521545,-3.449602
exp3_fixed_2,3926,543.827,549.21643,0.0,-1.3779315948486328,-4.0114565
exp3_fixed_2,3927,530.35785,563.10675,0.0,-1.448492169380188,-31.300413
exp3_fixed_2,3928,640.6317,642.80975,0.0,-0.44786742329597473,-1.7300878
exp3_fixed_2,3929,566.5565,569.43555,0.0,-0.8637527823448181,-2.0153246
exp3_fixed_2,3930,563.8571,572.32117,0.0,-0.8224388360977173,-7.6416097
exp3_fixed_2,3931,619.2396,625.5664,0.0,-0.7318331599235535,-5.594946
exp3_fixed_2,3932,533.4041,545.97546,0.0,-0.9509103298187256,-11.620462
exp3_fixed_2,3933,578.5622,580.73456,0.0,-0.6592563986778259,-1.5130862
exp3_fixed_2,3934,615.206,616.1363,0.0,-0.2893601655960083,-0.6409051
exp3_fixed_2,3935,588.8773,590.5085,0.0,-0.35055506229400635,-1.2806408
exp3_fixed_2,3936,558.1938,563.5364,0.0,-0.899975061416626,-4.4426317
exp3_fixed_2,3937,644.10315,646.23315,0.0,-0.5922467708587646,-1.5377696
exp3_fixed_2,3938,544.037,547.44507,0.0,-0.6524190306663513,-2.755729
exp3_fixed_2,3939,542.938,552.4714,0.0,-1.064083456993103,-8.469283
exp3_fixed_2,3941,645.66547,653.22614,0.0,-1.7232587337493896,-5.8373914
exp3_fixed_2,3942,-133.8628,-67.200165,0.0,-44.740638732910156,-21.921978
exp3_fixed_2,3943,553.81274,568.0548,0.0,-0.8934409022331238,-13.34863
exp3_fixed_2,3944,573.43494,582.1796,0.0,-0.7963078022003174,-7.948366
exp3_fixed_2,3945,587.4929,604.9088,0.0,-12.36295223236084,-5.052957
exp3_fixed_2,3946,-38.579273,16.017368,0.0,-22.031532287597656,-32.565094
exp3_fixed_2,3947,504.96082,580.0503,0.0,-0.6838598847389221,-74.40557
exp3_fixed_2,3948,592.3329,593.1067,0.0,-0.1814751774072647,-0.59227127
exp3_fixed_2,3949,508.07666,525.58704,0.0,-0.19056570529937744,-17.319857
exp3_fixed_2,3950,588.2904,604.01935,0.0,-0.7085553407669067,-15.020388
exp3_fixed_2,3951,564.92444,582.7312,0.0,-0.4386169910430908,-17.368078
exp3_fixed_2,3952,604.0438,613.9524,0.0,-0.7673300504684448,-9.141254
exp3_fixed_2,3953,604.9264,610.6847,0.0,-0.6440107822418213,-5.1142573
exp3_fixed_2,3954,497.10577,498.6179,0.0,-0.38287055492401123,-1.1292576
exp3_fixed_2,3955,591.646,594.77313,0.0,-0.3136290907859802,-2.8134892
exp3_fixed_2,3956,534.6643,541.655,0.0,-0.5674176812171936,-6.4233522
exp3_fixed_2,3957,651.8125,655.5833,0.0,-1.8309392929077148,-1.9398643
exp3_fixed_2,3958,567.05237,592.56946,0.0,-0.6104238629341125,-24.906664
exp3_fixed_2,3959,556.9065,571.729,0.0,-1.1310147047042847,-13.691443
exp3_fixed_2,3961,558.2218,561.1437,0.0,-0.7599759101867676,-2.1618521
exp3_fixed_2,3962,-213.00623,4.9416285,-200.0,-17.71268081665039,-0.23519084
exp3_fixed_2,3963,626.5204,631.4237,0.0,-1.5468899011611938,-3.3564186
exp3_fixed_2,3964,645.94574,654.9501,0.0,-0.9588094353675842,-8.045524
exp3_fixed_2,3965,497.54102,505.88757,0.0,-0.8786758780479431,-7.4678974
exp3_fixed_2,3966,618.5887,621.2593,0.0,-0.4022149443626404,-2.2683299
exp3_fixed_2,3967,590.5149,603.35114,0.0,-0.2773708701133728,-12.558902
exp3_fixed_2,3968,603.53735,606.0198,0.0,-0.4987863004207611,-1.9836183
exp3_fixed_2,3969,590.9433,604.8341,0.0,-0.39948394894599915,-13.491309
exp3_fixed_2,3970,508.74417,510.20282,0.0,-0.16827718913555145,-1.2903695
exp3_fixed_2,3971,639.496,646.0283,0.0,-0.7068544626235962,-5.8254423
exp3_fixed_2,3972,537.0556,546.06976,0.0,-1.761441707611084,-7.252676
exp3_fixed_2,3973,585.39404,593.79236,0.0,-1.2516295909881592,-7.146666
exp3_fixed_2,3974,608.4585,631.64557,0.0,-1.725953221321106,-21.461048
exp3_fixed_2,3975,625.8823,629.55615,0.0,-0.8567502498626709,-2.8171167
exp3_fixed_2,3976,553.3317,558.1244,0.0,-2.9328980445861816,-1.8597962
exp3_fixed_2,3977,599.403,601.26996,0.0,-0.45875370502471924,-1.4081988
exp3_fixed_2,3978,611.99945,616.2955,0.0,-0.8395358324050903,-3.45646
exp3_fixed_2,3979,648.28064,654.5749,0.0,-0.5544416904449463,-5.73984
exp3_fixed_2,3981,-203.39291,4.4402575,-200.0,-6.471380233764648,-1.361783
exp3_fixed_2,3982,639.72174,641.4051,0.0,-0.3835861086845398,-1.29976
exp3_fixed_2,3983,582.69836,586.9077,0.0,-1.0721721649169922,-3.1371558
exp3_fixed_2,3984,629.0266,635.63226,0.0,-0.3448302745819092,-6.260794
exp3_fixed_2,3985,497.13654,509.23398,0.0,-4.930721759796143,-7.1667423
exp3_fixed_2,3986,559.98236,562.04034,0.0,-0.7653982639312744,-1.2925929
exp3_fixed_2,3987,554.12524,563.3556,0.0,-1.3500089645385742,-7.8802886
exp3_fixed_2,3988,624.9452,627.08765,0.0,-0.4097496271133423,-1.7327225
exp3_fixed_2,3989,622.91626,631.79285,0.0,-0.6340826153755188,-8.242447
exp3_fixed_2,3990,515.7384,528.2006,0.0,-3.0839507579803467,-9.378237
exp3_fixed_2,3991,563.60974,572.0394,0.0,-0.6529451012611389,-7.7767005
exp3_fixed_2,3992,666.8009,669.7417,0.0,-0.4568248689174652,-2.483968
exp3_fixed_2,3993,560.944,563.7706,0.0,-0.8403250575065613,-1.9863945
exp3_fixed_2,3994,523.00745,533.26355,0.0,-2.060908079147339,-8.195276
exp3_fixed_2,3995,635.30835,637.5533,0.0,-0.5582394599914551,-1.6867125
exp3_fixed_2,3996,594.8772,596.6026,0.0,-0.49207818508148193,-1.2333034
exp3_fixed_2,3997,663.81934,667.6836,0.0,-1.148897647857666,-2.7153625
exp3_fixed_2,3998,534.13025,538.6845,0.0,-0.6957141160964966,-3.858507
exp3_fixed_2,3999,565.4582,573.84973,0.0,-0.6829527616500854,-7.708564
exp3_fixed_2,4001,629.0305,632.15283,0.0,-0.762800395488739,-2.359532
exp3_fixed_2,4002,621.1248,628.1325,0.0,-1.2829787731170654,-5.724677
exp3_fixed_2,4003,470.05328,523.4961,0.0,-4.913022518157959,-48.529736
exp3_fixed_2,4004,628.34656,631.2018,0.0,-0.8222181797027588,-2.032995
exp3_fixed_2,4005,553.5155,566.7638,0.0,-0.1125389039516449,-13.135769
exp3_fixed_2,4006,628.69867,631.358,0.0,-0.5415886044502258,-2.1177168
exp3_fixed_2,4007,689.60645,691.81934,0.0,-0.6844522356987,-1.5284532
exp3_fixed_2,4008,558.55676,560.09155,0.0,-0.703198254108429,-0.8316027
exp3_fixed_2,4009,559.3506,567.3185,0.0,-0.6957281231880188,-7.2722287
exp3_fixed_2,4010,622.4453,624.593,0.0,-0.5518775582313538,-1.5958569
exp3_fixed_2,4011,502.3725,511.13327,0.0,-5.77126407623291,-2.9895048
exp3_fixed_2,4012,559.55084,570.6833,0.0,-3.6758229732513428,-7.4566064
exp3_fixed_2,4013,586.0414,593.75183,0.0,-0.35212424397468567,-7.3582916
exp3_fixed_2,4014,635.23694,642.6455,0.0,-0.765998125076294,-6.6425467
exp3_fixed_2,4015,642.5277,648.7394,0.0,-0.2903648316860199,-5.921254
exp3_fixed_2,4016,617.65076,619.5226,0.0,-0.3663260340690613,-1.5054986
exp3_fixed_2,4017,-301.8656,4.6135287,-200.0,-106.2000732421875,-0.27904868
exp3_fixed_2,4018,541.03064,554.85223,0.0,-0.7226957082748413,-13.098928
exp3_fixed_2,4019,645.3178,647.7838,0.0,-0.7026101350784302,-1.7634209
exp3_fixed_2,4021,567.60754,577.4227,0.0,-1.1992933750152588,-8.61584
exp3_fixed_2,4022,546.56976,558.0214,0.0,-0.21823205053806305,-11.233417
exp3_fixed_2,4023,568.3175,571.5936,0.0,-0.572516679763794,-2.703633
exp3_fixed_2,4024,568.90186,571.37836,0.0,-0.6993664503097534,-1.7771034
exp3_fixed_2,4025,589.05566,593.56116,0.0,-0.5886427164077759,-3.9168367
exp3_fixed_2,4026,612.4059,614.8836,0.0,-0.4788821339607239,-1.9988554
exp3_fixed_2,4027,607.8523,611.14825,0.0,-0.7241887450218201,-2.5717666
exp3_fixed_2,4028,606.4023,609.38,0.0,-0.45450931787490845,-2.5232081
exp3_fixed_2,4029,505.15625,524.99,0.0,-12.612998008728027,-7.220726
exp3_fixed_2,4030,549.7919,559.2073,0.0,-0.8571736812591553,-8.558194
exp3_fixed_2,4031,-345.19864,4.950464,-200.0,-149.83333333333331,-0.31576037
exp3_fixed_2,4032,536.7528,542.9585,0.0,-0.8608946800231934,-5.3447685
exp3_fixed_2,4033,535.98706,541.0903,0.0,-1.234029769897461,-3.8692083
exp3_fixed_2,4034,576.7677,580.08844,0.0,-0.9816951751708984,-2.339062
exp3_fixed_2,4035,630.40356,632.456,0.0,-0.6187387108802795,-1.4337045
exp3_fixed_2,4036,654.8065,656.7616,0.0,-0.6331076622009277,-1.321952
exp3_fixed_2,4037,523.6597,561.67114,0.0,-0.736160933971405,-37.27517
exp3_fixed_2,4038,581.1714,598.37646,0.0,-0.40510982275009155,-16.799957
exp3_fixed_2,4039,542.83704,547.06604,0.0,-0.41288796067237854,-3.8161774
exp3_fixed_2,4041,544.11584,546.1845,0.0,-0.39666518568992615,-1.6720302
exp3_fixed_2,4042,133.66068,195.2021,0.0,-0.7110092043876648,-60.830387
exp3_fixed_2,4043,623.11945,632.36206,0.0,-0.7656034231185913,-8.476998
exp3_fixed_2,4044,632.59454,639.12463,0.0,-1.1816004514694214,-5.3484125
exp3_fixed_2,4045,641.0369,644.9582,0.0,-1.586395263671875,-2.3348396
exp3_fixed_2,4046,599.342,605.271,0.0,-0.6283078193664551,-5.300689
exp3_fixed_2,4047,548.0389,558.67786,0.0,-0.36508065462112427,-10.27395
exp3_fixed_2,4048,620.48376,622.78345,0.0,-0.547336220741272,-1.7523649
exp3_fixed_2,4049,643.62646,646.30725,0.0,-0.5738329887390137,-2.106965
exp3_fixed_2,4050,603.202,626.4611,0.0,-1.1686341762542725,-22.090456
exp3_fixed_2,4051,590.67365,593.3422,0.0,-0.44383805990219116,-2.2247803
exp3_fixed_2,4052,555.8841,562.5622,0.0,-0.4808724820613861,-6.197228
exp3_fixed_2,4053,648.0951,650.80396,0.0,-0.4916384816169739,-2.217213
exp3_fixed_2,4054,606.1697,608.7433,0.0,-0.8502898812294006,-1.7233075
exp3_fixed_2,4055,628.0404,634.9096,0.0,-0.4182519316673279,-6.45094
exp3_fixed_2,4056,614.2165,629.4107,0.0,-1.7223193645477295,-13.471883
exp3_fixed_2,4057,521.26263,527.9638,0.0,-1.4185783863067627,-5.282612
exp3_fixed_2,4058,602.4331,606.35693,0.0,-1.125657558441162,-2.7981331
exp3_fixed_2,4059,617.734,627.40704,0.0,-1.0484524965286255,-8.624622
exp3_fixed_2,4061,624.55756,627.5206,0.0,-1.0508697032928467,-1.9121699
exp3_fixed_2,4062,553.9269,615.8848,0.0,-1.0652344226837158,-60.892746
exp3_fixed_2,4063,530.36035,538.7117,0.0,-1.30202317237854,-7.049282
exp3_fixed_2,4064,604.4655,608.2709,0.0,-0.9239197969436646,-2.881422
exp3_fixed_2,4065,526.0605,534.12695,0.0,-0.5163053274154663,-7.550139
exp3_fixed_2,4066,673.3954,675.6108,0.0,-0.8281809091567993,-1.3872653
exp3_fixed_2,4067,434.56415,443.32098,0.0,-2.0902438163757324,-6.666615
exp3_fixed_2,4068,585.3203,587.62115,0.0,-0.44385647773742676,-1.856993
exp3_fixed_2,4069,581.0934,583.17914,0.0,-0.7069151401519775,-1.378833
exp3_fixed_2,4070,633.5134,635.83276,0.0,-0.690578818321228,-1.6288004
exp3_fixed_2,4071,564.8672,573.17834,0.0,-0.8499779105186462,-7.461164
exp3_fixed_2,4072,578.0314,583.1187,0.0,-1.2876241207122803,-3.799739
exp3_fixed_2,4073,609.61456,615.40125,0.0,-1.1533716917037964,-4.6332974
exp3_fixed_2,4074,582.4912,589.0691,0.0,-0.2593640089035034,-6.3185163
exp3_fixed_2,4075,591.79944,599.50073,0.0,-1.2287466526031494,-6.4726224
exp3_fixed_2,4076,529.50073,575.12665,0.0,-0.49757689237594604,-45.128376
exp3_fixed_2,4077,583.08997,591.5975,0.0,-0.7038751840591431,-7.803703
exp3_fixed_2,4078,473.4417,486.80054,0.0,-1.6200587749481201,-11.738782
exp3_fixed_2,4079,595.167,598.04816,0.0,-0.49320703744888306,-2.3880348
exp3_fixed_2,4081,611.05884,616.56885,0.0,-2.0300090312957764,-3.4800274
exp3_fixed_2,4082,645.67566,657.891,0.0,-0.9608150124549866,-11.25447
exp3_fixed_2,4083,529.08386,544.83386,0.0,-0.5445703268051147,-15.20544
exp3_fixed_2,4084,514.3789,526.4776,0.0,-0.784542977809906,-11.314174
exp3_fixed_2,4085,661.96735,665.7811,0.0,-1.1624149084091187,-2.6513014
exp3_fixed_2,4086,650.09467,652.48016,0.0,-0.7168543934822083,-1.668608
exp3_fixed_2,4087,523.5752,531.6094,0.0,-0.6599987745285034,-7.3741655
exp3_fixed_2,4088,625.8537,634.0134,0.0,-0.7439976334571838,-7.4157796
exp3_fixed_2,4089,547.06006,555.9087,0.0,-2.5905838012695312,-6.2580247
exp3_fixed_2,4090,620.4173,622.5853,0.0,-0.3892143964767456,-1.7788125
exp3_fixed_2,4091,647.5248,650.41077,0.0,-1.0090891122817993,-1.8769006
exp3_fixed_2,4092,58.136063,143.69043,0.0,-0.9596335291862488,-84.59476
exp3_fixed_2,4093,25.974974,111.0972,0.0,-0.2312399297952652,-84.89103
exp3_fixed_2,4094,665.82117,676.2217,0.0,-0.7164438962936401,-9.683968
exp3_fixed_2,4095,592.8241,598.35626,0.0,-0.8699364066123962,-4.6622987
exp3_fixed_2,4096,611.03015,626.83826,0.0,-0.938723087310791,-14.869393
exp3_fixed_2,4097,546.75793,555.21606,0.0,-0.31220579147338867,-8.1459255
exp3_fixed_2,4098,553.82794,559.8598,0.0,-0.36672869324684143,-5.6651177
exp3_fixed_2,4099,564.67896,573.09784,0.0,-0.7739806771278381,-7.6449394
exp3_fixed_2,4101,374.00964,427.26407,0.0,-6.616229057312012,-46.63821
exp3_fixed_2,4102,579.3449,589.10095,0.0,-1.237300992012024,-8.51871
exp3_fixed_2,4103,619.49506,621.7592,0.0,-0.4958075284957886,-1.7683612
exp3_fixed_2,4104,538.2246,545.7665,0.0,-0.937284529209137,-6.6045303
exp3_fixed_2,4105,654.0717,655.9442,0.0,-0.740044116973877,-1.1324866
exp3_fixed_2,4106,641.5657,648.236,0.0,-0.5453293919563293,-6.1250772
exp3_fixed_2,4107,601.55115,604.65784,0.0,-0.7847087979316711,-2.3219903
exp3_fixed_2,4108,526.0241,536.1917,0.0,-2.727308511734009,-7.4402704
exp3_fixed_2,4109,617.2145,638.69775,0.0,-0.5133883953094482,-20.96984
exp3_fixed_2,4110,611.04956,614.4314,0.0,-0.7523251175880432,-2.6294973
exp3_fixed_2,4111,565.86743,574.8493,0.0,-0.9246983528137207,-8.057184
exp3_fixed_2,4112,573.01337,591.02716,0.0,-0.45410919189453125,-17.559732
exp3_fixed_2,4113,593.47925,597.619,0.0,-0.7249634861946106,-3.4147913
exp3_fixed_2,4114,605.1642,608.3378,0.0,-1.304233431816101,-1.8694694
exp3_fixed_2,4115,572.29047,580.5465,0.0,-0.7036556005477905,-7.552336
exp3_fixed_2,4116,535.1724,542.29114,0.0,-0.3762269616127014,-6.7425385
exp3_fixed_2,4117,565.6723,587.2909,0.0,-0.7072234749794006,-20.91145
exp3_fixed_2,4118,508.7897,518.6815,0.0,-1.4116486310958862,-8.480137
exp3_fixed_2,4119,576.24756,579.64795,0.0,-0.4107682704925537,-2.9895997
exp3_fixed_2,4121,554.0081,579.0222,0.0,-0.5571706295013428,-24.45687
exp3_fixed_2,4122,584.9509,595.3197,0.0,-2.76735258102417,-7.6014147
exp3_fixed_2,4123,175.94595,242.73828,0.0,-5.288120269775391,-61.504227
exp3_fixed_2,4124,655.1835,657.64264,0.0,-0.7379602789878845,-1.7211969
exp3_fixed_2,4125,607.3234,616.37134,0.0,-1.0031287670135498,-8.044796
exp3_fixed_2,4126,590.26196,601.3258,0.0,-1.565053105354309,-9.498832
exp3_fixed_2,4127,605.49286,614.7257,0.0,-0.8260506391525269,-8.406842
exp3_fixed_2,4128,501.4279,507.198,0.0,-1.0473442077636719,-4.722774
exp3_fixed_2,4129,555.3964,565.2335,0.0,-1.2351888418197632,-8.601866
exp3_fixed_2,4130,628.54004,630.5502,0.0,-0.4858556091785431,-1.5242393
exp3_fixed_2,4131,587.9979,591.0071,0.0,-0.15978434681892395,-2.8493335
exp3_fixed_2,4132,623.32587,626.1481,0.0,-0.8126671314239502,-2.0095558
exp3_fixed_2,4133,620.58453,629.9006,0.0,-0.6282885074615479,-8.687767
exp3_fixed_2,4134,613.36945,616.3873,0.0,-0.5567490458488464,-2.4611254
exp3_fixed_2,4135,534.1885,539.72125,0.0,-0.9929310083389282,-4.5398026
exp3_fixed_2,4136,620.6622,626.3198,0.0,-0.3240893483161926,-5.3336105
exp3_fixed_2,4137,617.0084,619.77313,0.0,-0.6867239475250244,-2.078008
exp3_fixed_2,4138,590.8463,592.9527,0.0,-0.45519453287124634,-1.6511408
exp3_fixed_2,4139,569.8439,575.4998,0.0,-1.9101179838180542,-3.7458038
exp3_fixed_2,4141,650.9857,652.2701,0.0,-0.33248674869537354,-0.95190364
exp3_fixed_2,4142,693.10583,696.0005,0.0,-0.5367431640625,-2.357932
exp3_fixed_2,4143,666.3726,672.4801,0.0,-0.3830986022949219,-5.7244067
exp3_fixed_2,4144,553.3067,558.3861,0.0,-1.0934782028198242,-3.9859064
exp3_fixed_2,4145,557.423,560.01013,0.0,-0.527636706829071,-2.0594776
exp3_fixed_2,4146,562.1864,564.75366,0.0,-0.3596370816230774,-2.2076168
exp3_fixed_2,4147,603.9265,609.49634,0.0,-1.8363661766052246,-3.733493
exp3_fixed_2,4148,637.4746,640.2955,0.0,-0.847692608833313,-1.9731523
exp3_fixed_2,4149,642.73596,656.93427,0.0,-0.7459601163864136,-13.452361
exp3_fixed_2,4150,597.27155,606.67456,0.0,-0.9373750686645508,-8.465651
exp3_fixed_2,4151,489.52518,506.44733,0.0,-8.904377937316895,-8.017779
exp3_fixed_2,4152,582.8658,594.4426,0.0,-0.331813246011734,-11.245013
exp3_fixed_2,4153,125.52207,177.54279,0.0,-0.8358790874481201,-51.184834
exp3_fixed_2,4154,650.4002,659.0948,0.0,-1.6651251316070557,-7.0294733
exp3_fixed_2,4155,518.3771,535.22217,0.0,-0.993928074836731,-15.851183
exp3_fixed_2,4156,64.86545,131.17043,0.0,-0.5956763029098511,-65.709335
exp3_fixed_2,4157,525.6274,528.97394,0.0,-0.6856988668441772,-2.6608732
exp3_fixed_2,4158,-53.18199,1.0780184,0.0,-33.087181091308594,-21.17278
exp3_fixed_2,4159,535.02057,538.4925,0.0,-0.7299267053604126,-2.7419798
exp3_fixed_2,4161,599.1136,602.3557,0.0,-0.7567318677902222,-2.4853702
exp3_fixed_2,4162,609.7372,612.5534,0.0,-1.4317975044250488,-1.3844467
exp3_fixed_2,4163,526.6442,537.2764,0.0,-1.8347522020339966,-8.797427
exp3_fixed_2,4164,577.4349,580.9598,0.0,-0.5017275810241699,-3.0232067
exp3_fixed_2,4165,536.19116,556.03125,0.0,-1.0365288257598877,-18.803574
exp3_fixed_2,4166,684.1693,689.6207,0.0,-0.6749137043952942,-4.776445
exp3_fixed_2,4167,684.2294,686.85803,0.0,-0.38103702664375305,-2.2476108
exp3_fixed_2,4168,565.0274,572.55994,0.0,-0.6449702978134155,-6.8875704
exp3_fixed_2,4169,602.08636,618.6554,0.0,-0.897491455078125,-15.671472
exp3_fixed_2,4170,583.8506,585.8897,0.0,-0.15472112596035004,-1.8844086
exp3_fixed_2,4171,604.56793,608.5243,0.0,-1.522606372833252,-2.433807
exp3_fixed_2,4172,143.4986,201.19846,0.0,-0.8964420557022095,-56.80355
exp3_fixed_2,4173,581.3063,588.3634,0.0,-0.585391104221344,-6.4717226
exp3_fixed_2,4174,548.1501,580.0295,0.0,-0.662624716758728,-31.216787
exp3_fixed_2,4175,584.14197,591.0723,0.0,-0.5218271017074585,-6.408531
exp3_fixed_2,4176,578.0917,584.08704,0.0,-0.43782833218574524,-5.557481
exp3_fixed_2,4177,642.9292,644.75586,0.0,-0.2052982896566391,-1.6212702
exp3_fixed_2,4178,549.1035,558.3851,0.0,-1.0584791898727417,-8.223073
exp3_fixed_2,4179,588.093,603.0793,0.0,-1.3781814575195312,-13.608083
exp3_fixed_2,4181,572.6778,579.52673,0.0,-0.8628048300743103,-5.9861135
exp3_fixed_2,4182,508.9829,557.85706,0.0,-0.4967287480831146,-48.37743
exp3_fixed_2,4183,550.962,570.28906,0.0,-0.2978092133998871,-19.029322
exp3_fixed_2,4184,558.5099,561.2093,0.0,-0.8922390341758728,-1.8071351
exp3_fixed_2,4185,603.799,610.8813,0.0,-0.6516197323799133,-6.4306707
exp3_fixed_2,4186,625.75073,626.8318,0.0,-0.314829021692276,-0.7662257
exp3_fixed_2,4187,526.8196,544.8776,0.0,-0.38648706674575806,-17.6716
exp3_fixed_2,4188,541.7092,550.09424,0.0,-1.1287825107574463,-7.2562313
exp3_fixed_2,4189,647.82513,657.52765,0.0,-1.7040854692459106,-7.9983926
exp3_fixed_2,4190,591.8718,598.7949,0.0,-0.6575430035591125,-6.2655053
exp3_fixed_2,4191,566.1393,569.1841,0.0,-0.8413702249526978,-2.2034018
exp3_fixed_2,4192,592.6548,594.9913,0.0,-0.5458990931510925,-1.7906331
exp3_fixed_2,4193,652.81116,670.6009,0.0,-11.767192840576172,-6.022645
exp3_fixed_2,4194,634.71796,637.8033,0.0,-0.6213843822479248,-2.4639313
exp3_fixed_2,4195,599.70605,600.7071,0.0,-0.08405987918376923,-0.91701686
exp3_fixed_2,4196,547.8784,597.0298,0.0,-0.4985182285308838,-48.65275
exp3_fixed_2,4197,609.25867,615.3446,0.0,-1.260847806930542,-4.825097
exp3_fixed_2,4198,-104.30865,103.99439,-200.0,-6.723828315734863,-1.5791855
exp3_fixed_2,4199,614.0647,616.5086,0.0,-0.5995911359786987,-1.8442998
exp3_fixed_2,4201,604.11743,612.6596,0.0,-1.030519962310791,-7.5116153
exp3_fixed_2,4202,553.44714,557.7197,0.0,-0.8851812481880188,-3.387372
exp3_fixed_2,4203,650.4917,652.5599,0.0,-0.4488133490085602,-1.6193452
exp3_fixed_2,4204,569.4458,575.5075,0.0,-1.4526727199554443,-4.6090117
exp3_fixed_2,4205,605.65063,614.6868,0.0,-1.0706841945648193,-7.9655166
exp3_fixed_2,4206,531.8293,550.13007,0.0,-0.33038240671157837,-17.97043
exp3_fixed_2,4207,553.1616,560.6207,0.0,-0.9354338645935059,-6.5237365
exp3_fixed_2,4208,524.50214,530.7418,0.0,-1.1851582527160645,-5.054574
exp3_fixed_2,4209,542.85095,559.6644,0.0,-2.874993085861206,-13.938509
exp3_fixed_2,4210,546.3715,549.6463,0.0,-0.42141273617744446,-2.8533938
exp3_fixed_2,4211,673.0221,676.03845,0.0,-0.9911837577819824,-2.025136
exp3_fixed_2,4212,-115.51727,95.21153,-200.0,-8.212475776672363,-2.5163429
exp3_fixed_2,4213,501.66364,504.28568,0.0,-1.5867490768432617,-1.0352547
exp3_fixed_2,4214,550.8705,553.65,0.0,-0.31143873929977417,-2.468102
exp3_fixed_2,4215,593.6434,604.3701,0.0,-2.4990463256835938,-8.227737
exp3_fixed_2,4216,611.53094,614.1356,0.0,-0.500434935092926,-2.1042259
exp3_fixed_2,4217,607.74506,610.02826,0.0,-0.42100611329078674,-1.8621778
exp3_fixed_2,4218,605.97797,609.15515,0.0,-1.459498405456543,-1.7176414
exp3_fixed_2,4219,638.3434,641.35675,0.0,-1.0850651264190674,-1.9282883
exp3_fixed_2,4221,636.5144,638.5144,0.0,-0.37308692932128906,-1.6268958
exp3_fixed_2,4222,459.88718,467.55896,0.0,-2.492706537246704,-5.1791105
exp3_fixed_2,4223,554.5765,557.95215,0.0,-0.502824604511261,-2.87285
exp3_fixed_2,4224,527.1701,537.38934,0.0,-3.1565470695495605,-7.062668
exp3_fixed_2,4225,598.44086,601.8074,0.0,-0.7705124020576477,-2.5959659
exp3_fixed_2,4226,692.8391,698.30176,0.0,-0.3636820316314697,-5.098896
exp3_fixed_2,4227,585.5198,590.5714,0.0,-0.8830592036247253,-4.1685963
exp3_fixed_2,4228,584.1948,591.2292,0.0,-1.8378443717956543,-5.1964893
exp3_fixed_2,4229,595.6588,603.819,0.0,-0.7707836031913757,-7.3893385
exp3_fixed_2,4230,588.3575,594.86017,0.0,-2.5564396381378174,-3.9462605
exp3_fixed_2,4231,455.87543,483.52173,0.0,-8.00754165649414,-19.638721
exp3_fixed_2,4232,632.6904,640.7958,0.0,-2.7638185024261475,-5.341547
exp3_fixed_2,4233,575.8955,583.5778,0.0,-0.3128737211227417,-7.369422
exp3_fixed_2,4234,627.776,634.0884,0.0,-0.505108654499054,-5.807294
exp3_fixed_2,4235,621.1512,630.3651,0.0,-2.6696746349334717,-6.544249
exp3_fixed_2,4236,596.52966,602.49915,0.0,-0.113478884100914,-5.8560033
exp3_fixed_2,4237,559.3395,570.85974,0.0,-0.38683944940567017,-11.133413
exp3_fixed_2,4238,602.81573,606.0487,0.0,-0.6445503234863281,-2.588399
exp3_fixed_2,4239,576.8869,587.31396,0.0,-0.9111749529838562,-9.515891
exp3_fixed_2,4241,541.0237,548.98895,0.0,-0.7857124209403992,-7.179586
exp3_fixed_2,4242,623.5248,632.7976,0.0,-1.0536152124404907,-8.219236
exp3_fixed_2,4243,629.80927,633.85126,0.0,-1.2048676013946533,-2.8371391
exp3_fixed_2,4244,575.36707,585.3207,0.0,-0.885489284992218,-9.068175
exp3_fixed_2,4245,584.8712,591.9686,0.0,-0.5567452311515808,-6.540609
exp3_fixed_2,4246,557.11743,560.2381,0.0,-0.5362680554389954,-2.5843408
exp3_fixed_2,4247,574.4336,582.30634,0.0,-0.824527382850647,-7.0482225
exp3_fixed_2,4248,596.3766,602.189,0.0,-0.39880073070526123,-5.4136105
exp3_fixed_2,4249,559.90405,586.3523,0.0,-0.8087201118469238,-25.639511
exp3_fixed_2,4250,525.81067,534.4282,0.0,-0.5350632071495056,-8.082478
exp3_fixed_2,4251,387.88553,426.27505,0.0,-2.941261053085327,-35.44833
exp3_fixed_2,4252,644.6199,647.21234,0.0,-0.6418311595916748,-1.9506513
exp3_fixed_2,4253,550.6457,569.69086,0.0,-0.5227683782577515,-18.522419
exp3_fixed_2,4254,630.1898,632.119,0.0,-0.6850075721740723,-1.244165
exp3_fixed_2,4255,558.46027,575.8277,0.0,-0.44325491786003113,-16.924212
exp3_fixed_2,4256,498.56616,568.5787,0.0,-1.399614691734314,-68.61288
exp3_fixed_2,4257,630.95544,637.72363,0.0,-0.9506840109825134,-5.817519
exp3_fixed_2,4258,591.1438,593.09094,0.0,-0.47975361347198486,-1.4673911
exp3_fixed_2,4259,565.4045,572.53357,0.0,-0.5502369999885559,-6.578903
exp3_fixed_2,4261,680.48157,682.2627,0.0,-0.3374102711677551,-1.4437574
exp3_fixed_2,4262,548.1736,556.63934,0.0,-0.507277250289917,-7.958465
exp3_fixed_2,4263,574.4167,646.21533,0.0,-0.6934788227081299,-71.105156
exp3_fixed_2,4264,538.04315,545.9422,0.0,-0.47003862261772156,-7.4289947
exp3_fixed_2,4265,559.1619,562.6001,0.0,-0.9663737416267395,-2.471751
exp3_fixed_2,4266,616.7321,623.3607,0.0,-0.31546351313591003,-6.313143
exp3_fixed_2,4267,616.8817,620.152,0.0,-0.46435463428497314,-2.8059795
exp3_fixed_2,4268,618.86536,620.6643,0.0,-0.42976656556129456,-1.369195
exp3_fixed_2,4269,572.3844,576.43353,0.0,-1.2183986902236938,-2.8307016
exp3_fixed_2,4270,582.134,594.8032,0.0,-1.9730556011199951,-10.696223
exp3_fixed_2,4271,536.54266,546.83374,0.0,-1.9665623903274536,-8.32452
exp3_fixed_2,4272,541.02026,553.3151,0.0,-0.7555990815162659,-11.539224
exp3_fixed_2,4273,548.3967,566.4433,0.0,-12.192670822143555,-5.8539305
exp3_fixed_2,4274,607.5824,611.2284,0.0,-0.3422754406929016,-3.3036842
exp3_fixed_2,4275,595.24164,604.73047,0.0,-0.9752782583236694,-8.513528
exp3_fixed_2,4276,546.39435,549.95404,0.0,-1.6291252374649048,-1.9305878
exp3_fixed_2,4277,-243.68063,130.60574,-200.0,-165.4132843017578,-8.873056
exp3_fixed_2,4278,643.4574,645.272,0.0,-0.4241926074028015,-1.3903773
exp3_fixed_2,4279,511.25296,541.31604,0.0,-1.444502592086792,-28.61853
exp3_fixed_2,4281,621.42566,628.93054,0.0,-0.6466602087020874,-6.85817
exp3_fixed_2,4282,570.4745,571.3613,0.0,-0.26053208112716675,-0.626373
exp3_fixed_2,4283,630.2902,636.23975,0.0,-4.510684967041016,-1.4388242
exp3_fixed_2,4284,662.4517,672.33936,0.0,-1.4481391906738281,-8.439489
exp3_fixed_2,4285,506.561,511.79263,0.0,-1.190875768661499,-4.040763
exp3_fixed_2,4286,-121.85551,87.29706,-200.0,-8.529400825500488,-0.62317395
exp3_fixed_2,4287,-212.55406,56.39984,-200.0,-44.475494384765625,-24.478418
exp3_fixed_2,4288,186.52779,242.7886,0.0,-2.581502676010132,-53.679386
exp3_fixed_2,4289,-51.08396,7.068568,0.0,-31.400440216064453,-26.75208
exp3_fixed_2,4290,543.37213,550.06525,0.0,-0.4815939664840698,-6.2115765
exp3_fixed_2,4291,593.25305,599.94727,0.0,-0.7238368988037109,-5.970349
exp3_fixed_2,4292,639.4145,653.98676,0.0,-0.8521391153335571,-13.7201
exp3_fixed_2,4293,594.38257,599.1245,0.0,-0.8514705300331116,-3.8904452
exp3_fixed_2,4294,596.0767,598.0486,0.0,-0.26274827122688293,-1.7090609
exp3_fixed_2,4295,455.48376,515.85,0.0,-0.5857154130935669,-59.78052
exp3_fixed_2,4296,547.26324,556.73474,0.0,-0.8225063681602478,-8.649017
exp3_fixed_2,4297,563.25385,583.0043,0.0,-0.4866592586040497,-19.263779
exp3_fixed_2,4298,569.10834,589.0953,0.0,-1.2545522451400757,-18.732365
exp3_fixed_2,4299,614.39685,627.0011,0.0,-0.3698180019855499,-12.234426
exp3_fixed_2,4301,599.50696,605.74274,0.0,-0.25923246145248413,-5.976527
exp3_fixed_2,4302,553.95013,562.269,0.0,-3.324420928955078,-4.9944563
exp3_fixed_2,4303,617.9292,620.64825,0.0,-0.5510872602462769,-2.1679287
exp3_fixed_2,4304,581.03394,584.0297,0.0,-0.5437159538269043,-2.4520748
exp3_fixed_2,4305,513.3877,539.5353,0.0,-0.9826327562332153,-25.164919
exp3_fixed_2,4306,639.0948,642.56104,0.0,-0.8740038871765137,-2.5922487
exp3_fixed_2,4307,538.6997,563.1078,0.0,-6.109250068664551,-18.298864
exp3_fixed_2,4308,530.74414,539.1305,0.0,-1.5274004936218262,-6.8589487
exp3_fixed_2,4309,-41.429417,12.169057,0.0,-35.82170104980469,-17.776768
exp3_fixed_2,4310,557.6749,563.29626,0.0,-0.545515775680542,-5.0758133
exp3_fixed_2,4311,566.86316,574.30475,0.0,-0.6837422847747803,-6.7578306
exp3_fixed_2,4312,646.54565,649.60596,0.0,-0.9932985901832581,-2.0670433
exp3_fixed_2,4313,593.6151,595.8611,0.0,-0.3753063678741455,-1.8706647
exp3_fixed_2,4314,487.18176,517.85486,0.0,-4.336619853973389,-26.336437
exp3_fixed_2,4315,557.17145,570.3904,0.0,-0.7615681886672974,-12.457391
exp3_fixed_2,4316,549.5465,559.7998,0.0,-1.1207417249679565,-9.132586
exp3_fixed_2,4317,551.40356,559.6608,0.0,-0.43016141653060913,-7.8271384
exp3_fixed_2,4318,572.97766,580.2641,0.0,-1.4593136310577393,-5.827082
exp3_fixed_2,4319,567.8849,570.22485,0.0,-0.8124563694000244,-1.5274394
exp3_fixed_2,4321,577.0654,579.58514,0.0,-0.26468801498413086,-2.2550452
exp3_fixed_2,4322,520.013,541.237,0.0,-1.0785781145095825,-20.145418
exp3_fixed_2,4323,60.636833,121.65202,0.0,-0.7870309352874756,-60.22815
exp3_fixed_2,4324,639.1183,641.376,0.0,-0.27969586849212646,-1.977944
exp3_fixed_2,4325,609.0428,615.7788,0.0,-1.2039167881011963,-5.5321283
exp3_fixed_2,4326,627.7589,630.545,0.0,-0.514849066734314,-2.2712145
exp3_fixed_2,4327,646.37427,654.29816,0.0,-0.9495877623558044,-6.974272
exp3_fixed_2,4328,-67.10313,33.6465,0.0,-81.51819610595703,-19.231499
exp3_fixed_2,4329,-345.34372,4.7774825,-200.0,-149.83333333333331,-0.28786087
exp3_fixed_2,4330,549.28064,557.04486,0.0,-1.9739747047424316,-5.790259
exp3_fixed_2,4331,573.3928,581.9123,0.0,-1.7607693672180176,-6.758651
exp3_fixed_2,4332,629.5409,631.7261,0.0,-0.7833917140960693,-1.4018011
exp3_fixed_2,4333,660.73584,663.02795,0.0,-0.6430178284645081,-1.6490896
exp3_fixed_2,4334,-97.17808,142.36943,-200.0,-30.431854248046875,-9.115633
exp3_fixed_2,4335,584.2317,587.9688,0.0,-1.4742721319198608,-2.2628853
exp3_fixed_2,4336,551.65906,559.0158,0.0,-0.63420569896698,-6.722535
exp3_fixed_2,4337,596.6528,598.30444,0.0,-0.4864974319934845,-1.1651776
exp3_fixed_2,4338,585.92834,593.41125,0.0,-0.438237726688385,-7.0447073
exp3_fixed_2,4339,641.50226,644.3776,0.0,-0.8516037464141846,-2.0237434
exp3_fixed_2,4341,606.8375,609.82227,0.0,-0.7848528027534485,-2.1998699
exp3_fixed_2,4342,503.8468,509.9379,0.0,-0.6657073497772217,-5.425333
exp3_fixed_2,4343,558.99207,567.9066,0.0,-2.0381057262420654,-6.8764405
exp3_fixed_2,4344,629.23706,635.35547,0.0,-0.4176847040653229,-5.700719
exp3_fixed_2,4345,534.36304,540.5624,0.0,-3.099154472351074,-3.1002278
exp3_fixed_2,4346,514.2737,526.1777,0.0,-0.3938971757888794,-11.510054
exp3_fixed_2,4347,648.513,656.48956,0.0,-1.1005967855453491,-6.8760037
exp3_fixed_2,4348,581.38226,583.5351,0.0,-0.42281070351600647,-1.7300062
exp3_fixed_2,4349,624.5487,626.4486,0.0,-0.48675239086151123,-1.4131168
exp3_fixed_2,4350,635.45703,637.7975,0.0,-0.8899350166320801,-1.4505442
exp3_fixed_2,4351,557.408,566.3104,0.0,-3.482694625854492,-5.419713
exp3_fixed_2,4352,554.7351,569.2771,0.0,-1.2140493392944336,-13.327867
exp3_fixed_2,4353,536.4374,582.5356,0.0,-0.3611452579498291,-45.737087
exp3_fixed_2,4354,528.0248,536.8572,0.0,-0.9216048121452332,-7.910802
exp3_fixed_2,4355,564.12244,567.3732,0.0,-0.689320981502533,-2.561453
exp3_fixed_2,4356,548.42706,578.13983,0.0,-1.352311134338379,-28.360434
exp3_fixed_2,4357,614.16986,616.00885,0.0,-0.583335280418396,-1.2556583
exp3_fixed_2,4358,109.686714,168.71252,0.0,-0.6172688603401184,-58.40852
exp3_fixed_2,4359,560.3615,569.3875,0.0,-0.593144953250885,-8.432834
exp3_fixed_2,4361,616.5989,620.7506,0.0,-0.22146907448768616,-3.9302223
exp3_fixed_2,4362,579.1503,587.7664,0.0,-1.7871460914611816,-6.8289576
exp3_fixed_2,4363,-252.65454,116.68233,-200.0,-159.4896240234375,-9.847244
exp3_fixed_2,4364,542.7986,550.668,0.0,-0.3463003635406494,-7.5231695
exp3_fixed_2,4365,617.12885,620.39594,0.0,-1.1345405578613281,-2.1325617
exp3_fixed_2,4366,579.2052,582.4717,0.0,-0.9592470526695251,-2.3072002
exp3_fixed_2,4367,609.8336,616.47003,0.0,-3.575688600540161,-3.0606787
exp3_fixed_2,4368,533.12067,563.8707,0.0,-0.6918109059333801,-30.058172
exp3_fixed_2,4369,526.03876,532.2256,0.0,-0.6540133953094482,-5.5328474
exp3_fixed_2,4370,547.99817,551.60297,0.0,-0.5063604712486267,-3.098377
exp3_fixed_2,4371,527.1011,538.63776,0.0,-8.077609062194824,-3.4590197
exp3_fixed_2,4372,575.33545,581.8176,0.0,-3.8731157779693604,-2.6090636
exp3_fixed_2,4373,611.19727,629.90894,0.0,-0.8829719424247742,-17.82874
exp3_fixed_2,4374,535.2788,538.12366,0.0,-0.3642358183860779,-2.4805954
exp3_fixed_2,4375,601.5869,604.3841,0.0,-0.5405362844467163,-2.2566504
exp3_fixed_2,4376,593.2558,601.47034,0.0,-0.5853410363197327,-7.6291485
exp3_fixed_2,4377,625.1518,626.5965,0.0,-0.27634748816490173,-1.1683573
exp3_fixed_2,4378,609.6018,612.8401,0.0,-0.7670396566390991,-2.471206
exp3_fixed_2,4379,581.562,584.03394,0.0,-0.3952407240867615,-2.0767074
exp3_fixed_2,4381,645.19183,652.89124,0.0,-0.711926281452179,-6.987506
exp3_fixed_2,4382,518.2748,525.17993,0.0,-0.3119785189628601,-6.593189
exp3_fixed_2,4383,695.4378,701.0065,0.0,-0.33893102407455444,-5.229705
exp3_fixed_2,4384,566.9341,576.2454,0.0,-0.5869197249412537,-8.724418
exp3_fixed_2,4385,684.5742,687.5641,0.0,-1.3048547506332397,-1.6849808
exp3_fixed_2,4386,565.55975,566.2459,0.0,-0.40102753043174744,-0.28512743
exp3_fixed_2,4387,529.141,560.36536,0.0,-0.21034933626651764,-31.013956
exp3_fixed_2,4388,588.74976,591.8395,0.0,-0.6589168310165405,-2.43081
exp3_fixed_2,4389,705.2157,710.4015,0.0,-0.36388885974884033,-4.8218813
exp3_fixed_2,4390,581.8281,590.80444,0.0,-0.8978571891784668,-8.07846
exp3_fixed_2,4391,581.64026,589.14404,0.0,-5.858831405639648,-1.6449876
exp3_fixed_2,4392,640.3141,645.0854,0.0,-1.5173189640045166,-3.253884
exp3_fixed_2,4393,512.4904,545.47614,0.0,-0.40056154131889343,-32.585144
exp3_fixed_2,4394,528.144,541.52576,0.0,-1.4047439098358154,-11.977041
exp3_fixed_2,4395,559.7169,568.7153,0.0,-0.5554391741752625,-8.44291
exp3_fixed_2,4396,530.6251,540.2681,0.0,-0.6916659474372864,-8.951304
exp3_fixed_2,4397,561.08307,575.13965,0.0,-0.3479384183883667,-13.7086935
exp3_fixed_2,4398,512.964,522.9949,0.0,-1.1472992897033691,-8.883548
exp3_fixed_2,4399,466.75156,496.0461,0.0,-2.262505054473877,-27.03203
exp3_fixed_2,4401,577.12213,587.1419,0.0,-3.516253709793091,-6.5035334
exp3_fixed_2,4402,562.30444,564.4274,0.0,-0.32615116238594055,-1.7968088
exp3_fixed_2,4403,570.6199,585.3188,0.0,-0.5982564687728882,-14.100644
exp3_fixed_2,4404,587.6809,590.75323,0.0,-0.6141331195831299,-2.4581494
exp3_fixed_2,4405,569.46704,578.2787,0.0,-1.065765619277954,-7.745872
exp3_fixed_2,4406,601.93774,604.1758,0.0,-0.398184210062027,-1.8398896
exp3_fixed_2,4407,595.7123,609.46655,0.0,-0.849107027053833,-12.9051485
exp3_fixed_2,4408,559.84015,562.97644,0.0,-0.9443565011024475,-2.1919923
exp3_fixed_2,4409,566.57214,572.8578,0.0,-0.4289410710334778,-5.8568006
exp3_fixed_2,4410,655.98193,658.1192,0.0,-0.3180707097053528,-1.8192438
exp3_fixed_2,4411,569.87946,617.0655,0.0,-2.8621785640716553,-44.32383
exp3_fixed_2,4412,643.85095,645.6392,0.0,-0.527113676071167,-1.2611593
exp3_fixed_2,4413,587.2997,589.5683,0.0,-0.5198429822921753,-1.74882
exp3_fixed_2,4414,605.9608,609.96136,0.0,-1.0665843486785889,-2.9340084
exp3_fixed_2,4415,573.52905,580.70874,0.0,-1.886030673980713,-5.293686
exp3_fixed_2,4416,548.21265,554.79376,0.0,-0.5382522344589233,-6.0428486
exp3_fixed_2,4417,610.22815,616.01385,0.0,-0.7494251132011414,-5.0362887
exp3_fixed_2,4418,640.31134,643.4735,0.0,-1.0789201259613037,-2.0833054
exp3_fixed_2,4419,645.85535,660.40186,0.0,-1.449734091758728,-13.096764
exp3_fixed_2,4421,590.5363,593.5477,0.0,-0.4017578363418579,-2.6096425
exp3_fixed_2,4422,586.16833,588.4004,0.0,-0.3882043957710266,-1.8438534
exp3_fixed_2,4423,562.27277,566.9993,0.0,-2.4173061847686768,-2.3092465
exp3_fixed_2,4424,544.26843,553.32544,0.0,-0.944463849067688,-8.112522
exp3_fixed_2,4425,522.0921,535.80975,0.0,-0.6939240097999573,-13.023743
exp3_fixed_2,4426,558.5878,562.77246,0.0,-1.2074534893035889,-2.9771762
exp3_fixed_2,4427,551.67566,560.57294,0.0,-0.7984373569488525,-8.098865
exp3_fixed_2,4428,567.73004,586.53467,0.0,-0.2407592087984085,-18.56385
exp3_fixed_2,4429,494.59747,511.83234,0.0,-8.697103500366211,-8.537774
exp3_fixed_2,4430,640.02515,643.51385,0.0,-0.8296979069709778,-2.658999
exp3_fixed_2,4431,110.525734,169.20773,0.0,-0.518775463104248,-58.16325
exp3_fixed_2,4432,61.27572,135.95132,0.0,-1.4477757215499878,-73.227844
exp3_fixed_2,4433,571.7038,591.05707,0.0,-0.6448801755905151,-18.708385
exp3_fixed_2,4434,610.58105,612.5738,0.0,-0.6263434290885925,-1.3663893
exp3_fixed_2,4435,536.088,542.2328,0.0,-1.420403242111206,-4.724323
exp3_fixed_2,4436,647.81995,652.99365,0.0,-0.5893607139587402,-4.58441
exp3_fixed_2,4437,592.78296,601.0132,0.0,-1.4697295427322388,-6.7604923
exp3_fixed_2,4438,559.82275,569.09424,0.0,-0.7387660145759583,-8.532715
exp3_fixed_2,4439,541.86035,545.79395,0.0,-2.252775192260742,-1.680809
exp3_fixed_2,4441,546.0736,558.70807,0.0,-0.21848799288272858,-12.415993
exp3_fixed_2,4442,631.3985,635.6151,0.0,-1.792980670928955,-2.423687
exp3_fixed_2,4443,609.08795,643.1864,0.0,-0.30502164363861084,-33.793472
exp3_fixed_2,4444,555.768,562.10693,0.0,-1.0698292255401611,-5.269106
exp3_fixed_2,4445,605.46545,612.34174,0.0,-0.4327412545681,-6.4435563
exp3_fixed_2,4446,574.55994,577.1887,0.0,-0.7718785405158997,-1.8569086
exp3_fixed_2,4447,531.84796,539.23883,0.0,-0.5738869309425354,-6.816962
exp3_fixed_2,4448,631.4172,633.57,0.0,-0.4190731346607208,-1.7338198
exp3_fixed_2,4449,675.5569,677.1407,0.0,-0.376670241355896,-1.2071309
exp3_fixed_2,4450,544.14636,558.3857,0.0,-1.0366308689117432,-13.202652
exp3_fixed_2,4451,484.3828,489.0818,0.0,-1.5635101795196533,-3.1354635
exp3_fixed_2,4452,478.33722,497.18225,0.0,-2.25185489654541,-16.593151
exp3_fixed_2,4453,527.5653,532.1635,0.0,-0.9322307109832764,-3.6659112
exp3_fixed_2,4454,569.0513,574.6806,0.0,-0.3262985050678253,-5.302994
exp3_fixed_2,4455,123.30401,180.83862,0.0,-0.3325040638446808,-57.202133
exp3_fixed_2,4456,571.6138,578.1804,0.0,-1.3929548263549805,-5.1737037
exp3_fixed_2,4457,621.18506,628.0207,0.0,-0.5222724080085754,-6.31337
exp3_fixed_2,4458,582.4644,586.8481,0.0,-1.0993542671203613,-3.2843215
exp3_fixed_2,4459,562.5685,571.3307,0.0,-0.8134258985519409,-7.948791
exp3_fixed_2,4461,528.66187,536.61017,0.0,-2.0625810623168945,-5.8857684
exp3_fixed_2,4462,569.3384,609.54553,0.0,-2.3248939514160156,-37.88223
exp3_fixed_2,4463,577.27747,580.3858,0.0,-0.7301540374755859,-2.3781214
exp3_fixed_2,4464,520.56573,555.54266,0.0,-0.5665053129196167,-34.410385
exp3_fixed_2,4465,605.1974,608.06067,0.0,-0.881532609462738,-1.9817518
exp3_fixed_2,4466,601.5608,605.44055,0.0,-0.9318175911903381,-2.9479654
exp3_fixed_2,4467,577.80865,579.7128,0.0,-0.32686764001846313,-1.5772921
exp3_fixed_2,4468,-82.58212,-10.984597,0.0,-56.357460021972656,-15.240065
exp3_fixed_2,4469,617.3861,618.79395,0.0,-0.47793322801589966,-0.9299087
exp3_fixed_2,4470,506.481,544.10736,0.0,-1.3690876960754395,-36.257263
exp3_fixed_2,4471,590.416,594.7064,0.0,-1.1551611423492432,-3.1352818
exp3_fixed_2,4472,580.8475,599.3833,0.0,-0.4686661958694458,-18.067097
exp3_fixed_2,4473,512.9405,517.15393,0.0,-0.6600952744483948,-3.553337
exp3_fixed_2,4474,557.31836,573.1091,0.0,-1.2133702039718628,-14.577343
exp3_fixed_2,4475,571.41583,605.8634,0.0,-2.4341487884521484,-32.013363
exp3_fixed_2,4476,584.83984,605.04474,0.0,-0.7778683304786682,-19.427076
exp3_fixed_2,4477,524.1639,538.679,0.0,-0.8112592697143555,-13.703819
exp3_fixed_2,4478,629.8563,632.5062,0.0,-0.4872741103172302,-2.1626406
exp3_fixed_2,4479,446.83215,461.69095,0.0,-6.051013469696045,-8.807777
exp3_fixed_2,4481,605.2772,608.30444,0.0,-1.6982502937316895,-1.3289694
exp3_fixed_2,4482,605.4544,609.4578,0.0,-1.337377905845642,-2.6660671
exp3_fixed_2,4483,553.2187,565.66766,0.0,-0.9117676615715027,-11.53723
exp3_fixed_2,4484,544.8133,551.56726,0.0,-0.5115955471992493,-6.242388
exp3_fixed_2,4485,492.14978,559.619,0.0,-1.27183198928833,-66.197426
exp3_fixed_2,4486,669.50256,675.2805,0.0,-0.4835221469402313,-5.2944765
exp3_fixed_2,4487,580.0349,613.22845,0.0,-1.314211368560791,-31.879337
exp3_fixed_2,4488,565.6341,568.9575,0.0,-0.9656320214271545,-2.3578362
exp3_fixed_2,4489,630.60944,632.76996,0.0,-0.20483176410198212,-1.9557164
exp3_fixed_2,4490,613.3732,616.83075,0.0,-1.0044084787368774,-2.4531004
exp3_fixed_2,4491,557.9504,566.0895,0.0,-0.7388588190078735,-7.400224
exp3_fixed_2,4492,590.1791,598.5617,0.0,-0.6714147329330444,-7.7112417
exp3_fixed_2,4493,564.72253,572.4955,0.0,-1.4297372102737427,-6.343222
exp3_fixed_2,4494,569.5199,580.2618,0.0,-1.5137135982513428,-9.228219
exp3_fixed_2,4495,-32.896957,29.858362,0.0,-8.775975227355957,-53.979343
exp3_fixed_2,4496,194.00198,246.85184,0.0,-1.7654801607131958,-51.084377
exp3_fixed_2,4497,557.95795,564.4825,0.0,-1.9510762691497803,-4.5734305
exp3_fixed_2,4498,-53.075775,159.21935,-200.0,-10.104928016662598,-2.1901712
exp3_fixed_2,4499,594.92896,602.7875,0.0,-1.010761022567749,-6.847744
exp3_fixed_2,4501,619.01184,634.55237,0.0,-0.754771888256073,-14.785738
exp3_fixed_2,4502,572.98926,575.1946,0.0,-0.7971376776695251,-1.4082742
exp3_fixed_2,4503,561.54926,568.4147,0.0,-0.4692237973213196,-6.396153
exp3_fixed_2,4504,536.59344,544.83185,0.0,-0.9205625057220459,-7.3177843
exp3_fixed_2,4505,523.4679,544.03925,0.0,-1.6869580745697021,-18.884357
exp3_fixed_2,4506,587.0686,602.6454,0.0,-1.9993343353271484,-13.577413
exp3_fixed_2,4507,672.3001,675.18787,0.0,-0.3672321140766144,-2.520485
exp3_fixed_2,4508,600.473,608.88434,0.0,-1.311202049255371,-7.100087
exp3_fixed_2,4509,582.4139,586.1533,0.0,-1.7446696758270264,-1.9947739
exp3_fixed_2,4510,557.74255,563.1018,0.0,-1.9982635974884033,-3.3609767
exp3_fixed_2,4511,634.8382,643.01917,0.0,-0.6163978576660156,-7.564503
exp3_fixed_2,4512,541.958,548.6627,0.0,-1.021872639656067,-5.682831
exp3_fixed_2,4513,547.5783,563.7945,0.0,-2.4412760734558105,-13.774897
exp3_fixed_2,4514,567.6938,571.64417,0.0,-0.5075153708457947,-3.4428506
exp3_fixed_2,4515,548.9002,558.83325,0.0,-2.5369956493377686,-7.3960414
exp3_fixed_2,4516,569.70435,576.45105,0.0,-0.5574132204055786,-6.1893144
exp3_fixed_2,4517,622.0348,625.7449,0.0,-1.2297475337982178,-2.4802911
exp3_fixed_2,4518,568.0017,586.6781,0.0,-0.6348046660423279,-18.041601
exp3_fixed_2,4519,605.4667,608.3494,0.0,-0.8206489086151123,-2.062128
exp3_fixed_2,4521,618.24286,623.21716,0.0,-1.0748456716537476,-3.8994756
exp3_fixed_2,4522,550.57184,556.1566,0.0,-2.430215835571289,-3.1545646
exp3_fixed_2,4523,-171.13808,-6.8604975,0.0,-152.13987731933594,-12.137649
exp3_fixed_2,4524,573.9581,583.04956,0.0,-1.413710594177246,-7.677703
exp3_fixed_2,4525,549.48553,557.2203,0.0,-0.6934460997581482,-7.0412827
exp3_fixed_2,4526,128.91702,188.1347,0.0,-1.6756879091262817,-57.542015
exp3_fixed_2,4527,537.6768,540.8446,0.0,-0.5259659290313721,-2.6417923
exp3_fixed_2,4528,526.6631,545.91644,0.0,-1.1012909412384033,-18.15204
exp3_fixed_2,4529,596.89734,604.67944,0.0,-1.1879806518554688,-6.5940776
exp3_fixed_2,4530,607.77185,610.5293,0.0,-0.4757993817329407,-2.2815728
exp3_fixed_2,4531,555.76434,561.1903,0.0,-0.4945697784423828,-4.9313483
exp3_fixed_2,4532,607.79663,611.3557,0.0,-1.5050817728042603,-2.0539565
exp3_fixed_2,4533,561.3132,566.05396,0.0,-0.951464831829071,-3.78936
exp3_fixed_2,4534,558.2457,560.96405,0.0,-0.7396973371505737,-1.9786546
exp3_fixed_2,4535,618.7196,624.6544,0.0,-0.6128339171409607,-5.3219867
exp3_fixed_2,4536,589.9592,591.57996,0.0,-0.3929806053638458,-1.2277764
exp3_fixed_2,4537,648.31085,652.0244,0.0,-1.0971095561981201,-2.616431
exp3_fixed_2,4538,560.0597,568.0066,0.0,-1.3149269819259644,-6.6318955
exp3_fixed_2,4539,550.19885,556.58813,0.0,-0.4173060655593872,-5.971908
exp3_fixed_2,4541,566.4912,569.927,0.0,-1.2048053741455078,-2.231024
exp3_fixed_2,4542,555.10956,569.2171,0.0,-0.3044951558113098,-13.803049
exp3_fixed_2,4543,576.02893,583.61536,0.0,-0.2775301933288574,-7.308979
exp3_fixed_2,4544,570.0934,575.72095,0.0,-1.1208298206329346,-4.5067215
exp3_fixed_2,4545,619.35284,621.29926,0.0,-0.517998456954956,-1.4284338
exp3_fixed_2,4546,548.0306,565.9147,0.0,-0.3898524343967438,-17.494211
exp3_fixed_2,4547,505.42545,520.38135,0.0,-3.798872709274292,-11.157035
exp3_fixed_2,4548,633.0853,648.38654,0.0,-0.6434878706932068,-14.657713
exp3_fixed_2,4549,559.78107,574.4895,0.0,-0.7917616367340088,-13.916736
exp3_fixed_2,4550,541.23956,550.619,0.0,-2.824577808380127,-6.554857
exp3_fixed_2,4551,620.1627,630.21893,0.0,-7.338583946228027,-2.7175858
exp3_fixed_2,4552,637.5909,644.0837,0.0,-0.6849257349967957,-5.8079653
exp3_fixed_2,4553,507.4175,516.109,0.0,-0.5717398524284363,-8.1197405
exp3_fixed_2,4554,596.8241,604.24396,0.0,-0.723250150680542,-6.696687
exp3_fixed_2,4555,643.701,649.8051,0.0,-0.4960469901561737,-5.608097
exp3_fixed_2,4556,605.9197,612.1731,0.0,-0.3544730544090271,-5.898999
exp3_fixed_2,4557,549.2062,552.50824,0.0,-0.5612390041351318,-2.7408023
exp3_fixed_2,4558,580.9056,583.56006,0.0,-0.6072207689285278,-2.0473287
exp3_fixed_2,4559,560.641,568.4876,0.0,-0.4927118718624115,-7.3539305
exp3_fixed_2,4561,554.7964,557.8012,0.0,-0.598533570766449,-2.4062696
exp3_fixed_2,4562,605.78394,608.08826,0.0,-0.5432191491127014,-1.7611852
exp3_fixed_2,4563,584.6843,590.9268,0.0,-0.955191969871521,-5.287344
exp3_fixed_2,4564,540.78174,554.7069,0.0,-1.4349819421768188,-12.490178
exp3_fixed_2,4565,610.6272,623.89996,0.0,-0.6224861741065979,-12.650249
exp3_fixed_2,4566,568.5265,576.90894,0.0,-0.4203609228134155,-7.962034
exp3_fixed_2,4567,561.02466,562.0212,0.0,-0.4531371593475342,-0.5433749
exp3_fixed_2,4568,529.79236,546.0168,0.0,-1.310703992843628,-14.913717
exp3_fixed_2,4569,545.6996,565.6898,0.0,-2.008880376815796,-17.981335
exp3_fixed_2,4570,551.2387,559.91846,0.0,-0.7408194541931152,-7.938948
exp3_fixed_2,4571,618.8947,623.0006,0.0,-0.9852316975593567,-3.120708
exp3_fixed_2,4572,589.94666,602.90344,0.0,-0.48988354206085205,-12.466919
exp3_fixed_2,4573,531.7549,543.9814,0.0,-0.3681440055370331,-11.858365
exp3_fixed_2,4574,594.61786,597.23425,0.0,-0.44776660203933716,-2.1686192
exp3_fixed_2,4575,555.5566,569.74426,0.0,-0.5362603664398193,-13.651401
exp3_fixed_2,4576,582.91626,605.1194,0.0,-0.7647560834884644,-21.438347
exp3_fixed_2,4577,589.0625,593.3336,0.0,-1.1881351470947266,-3.0829906
exp3_fixed_2,4578,697.27106,699.99756,0.0,-0.9446026086807251,-1.7819177
exp3_fixed_2,4579,595.5928,602.0719,0.0,-1.5703917741775513,-4.908728
exp3_fixed_2,4581,567.4806,586.0809,0.0,-0.28655359148979187,-18.313625
exp3_fixed_2,4582,598.7912,611.441,0.0,-0.6645655632019043,-11.985214
exp3_fixed_2,4583,536.96155,539.351,0.0,-0.3493821918964386,-2.0401442
exp3_fixed_2,4584,567.4754,581.9791,0.0,-1.0662561655044556,-13.437406
exp3_fixed_2,4585,-145.97437,70.342834,-200.0,-11.272457122802734,-5.0447288
exp3_fixed_2,4586,554.75696,556.7383,0.0,-0.3663381040096283,-1.614961
exp3_fixed_2,4587,461.6463,471.13495,0.0,-1.4187390804290771,-8.069932
exp3_fixed_2,4588,576.442,585.7982,0.0,-1.8229292631149292,-7.5332155
exp3_fixed_2,4589,637.7165,649.38715,0.0,-0.30285876989364624,-11.367764
exp3_fixed_2,4590,-69.55061,-6.668681,0.0,-43.18600082397461,-19.695929
exp3_fixed_2,4591,621.1113,623.8407,0.0,-0.693071722984314,-2.0363169
exp3_fixed_2,4592,552.928,561.56134,0.0,-0.7824680209159851,-7.8508596
exp3_fixed_2,4593,101.72679,160.41547,0.0,-1.089626431465149,-57.599075
exp3_fixed_2,4594,562.95276,571.96515,0.0,-0.6541779041290283,-8.358251
exp3_fixed_2,4595,552.2284,565.2925,0.0,-0.47307753562927246,-12.590974
exp3_fixed_2,4596,397.19962,442.2293,0.0,-10.189301490783691,-34.84037
exp3_fixed_2,4597,474.05026,484.84583,0.0,-2.5859832763671875,-8.209577
exp3_fixed_2,4598,593.5674,596.7826,0.0,-0.9846193790435791,-2.2305827
exp3_fixed_2,4599,627.556,633.83044,0.0,-0.48559141159057617,-5.7887645
exp3_fixed_2,4601,547.0775,550.6158,0.0,-1.014106035232544,-2.5241358
exp3_fixed_2,4602,590.3028,593.69275,0.0,-1.0007643699645996,-2.3892193
exp3_fixed_2,4603,595.4894,601.703,0.0,-2.833911180496216,-3.3797371
exp3_fixed_2,4604,589.9782,594.172,0.0,-1.1357252597808838,-3.058046
exp3_fixed_2,4605,564.85443,578.85095,0.0,-0.7701032757759094,-13.2263975
exp3_fixed_2,4606,617.9737,624.9429,0.0,-0.3661324083805084,-6.6030154
exp3_fixed_2,4607,-188.94391,166.20802,-200.0,-151.11160278320312,-4.040373
exp3_fixed_2,4608,544.29486,576.77637,0.0,-0.997223436832428,-31.484306
exp3_fixed_2,4609,579.29193,583.327,0.0,-1.34330415725708,-2.691827
exp3_fixed_2,4610,577.1189,584.9698,0.0,-1.6037663221359253,-6.2471237
exp3_fixed_2,4611,601.16504,604.2876,0.0,-0.5347862243652344,-2.5877714
exp3_fixed_2,4612,-123.99141,90.875725,-200.0,-13.208219528198242,-1.6589007
exp3_fixed_2,4613,560.5113,591.77295,0.0,-0.37494003772735596,-30.886698
exp3_fixed_2,4614,-56.88777,-0.42855978,0.0,-18.441410064697266,-38.017838
exp3_fixed_2,4615,575.5328,581.5998,0.0,-0.8858964443206787,-5.18112
exp3_fixed_2,4616,601.2057,604.428,0.0,-0.9430779814720154,-2.279214
exp3_fixed_2,4617,518.6011,548.9542,0.0,-0.8511747121810913,-29.501919
exp3_fixed_2,4618,560.9086,568.68286,0.0,-1.4440628290176392,-6.330156
exp3_fixed_2,4619,436.57156,458.05276,0.0,-3.3464019298553467,-18.134779
exp3_fixed_2,4621,529.56476,542.5073,0.0,-0.529906153678894,-12.412707
exp3_fixed_2,4622,546.1565,550.54877,0.0,-0.8702459335327148,-3.5219917
exp3_fixed_2,4623,659.7848,669.90625,0.0,-0.642935574054718,-9.4784155
exp3_fixed_2,4624,617.211,621.854,0.0,-0.3841138482093811,-4.2588954
exp3_fixed_2,4625,581.7189,587.59467,0.0,-0.6079177856445312,-5.267857
exp3_fixed_2,4626,593.91327,598.93304,0.0,-2.7302863597869873,-2.2895143
exp3_fixed_2,4627,-66.53792,-22.067596,0.0,-25.79463768005371,-18.67564
exp3_fixed_2,4628,573.7668,575.8423,0.0,-0.7092798352241516,-1.366269
exp3_fixed_2,4629,572.49695,575.48206,0.0,-0.2460084855556488,-2.7390766
exp3_fixed_2,4630,558.5488,560.51996,0.0,-0.42382365465164185,-1.54736
exp3_fixed_2,4631,566.8949,569.4107,0.0,-0.5489684343338013,-1.9668812
exp3_fixed_2,4632,568.99133,582.693,0.0,-1.0243029594421387,-12.677311
exp3_fixed_2,4633,640.4995,644.1514,0.0,-1.236177921295166,-2.4157383
exp3_fixed_2,4634,595.57245,598.815,0.0,-0.8597909212112427,-2.3827415
exp3_fixed_2,4635,609.33044,612.6273,0.0,-1.1890438795089722,-2.1078858
exp3_fixed_2,4636,567.31506,575.10706,0.0,-0.6767290830612183,-7.115273
exp3_fixed_2,4637,394.73376,429.49213,0.0,-4.797830581665039,-29.960522
exp3_fixed_2,4638,-210.27425,8.115547,-200.0,-18.375457763671875,-0.014350415
exp3_fixed_2,4639,71.26497,131.52217,0.0,-3.2819416522979736,-56.97537
exp3_fixed_2,4641,528.1977,537.8835,0.0,-1.0205702781677246,-8.665182
exp3_fixed_2,4642,617.9758,621.22375,0.0,-1.2555193901062012,-1.9924251
exp3_fixed_2,4643,665.7151,668.58167,0.0,-0.6967514157295227,-2.1697123
exp3_fixed_2,4644,546.24316,551.5057,0.0,-0.9956651926040649,-4.2668886
exp3_fixed_2,4645,510.10895,523.1636,0.0,-0.8277099132537842,-12.226955
exp3_fixed_2,4646,94.56974,168.90936,0.0,-0.6601100564002991,-73.67955
exp3_fixed_2,4647,516.44934,524.05084,0.0,-1.2640618085861206,-6.337433
exp3_fixed_2,4648,654.83044,656.86163,0.0,-0.28002774715423584,-1.7511768
exp3_fixed_2,4649,434.5932,448.20575,0.0,-7.243350982666016,-6.3691845
exp3_fixed_2,4650,603.2935,606.3319,0.0,-0.632504940032959,-2.4058495
exp3_fixed_2,4651,606.5725,610.1272,0.0,-1.2592273950576782,-2.295449
exp3_fixed_2,4652,546.2922,553.4487,0.0,-1.643186092376709,-5.5133295
exp3_fixed_2,4653,621.7043,623.92505,0.0,-0.5183582305908203,-1.7024634
exp3_fixed_2,4654,599.7025,607.469,0.0,-0.3599480986595154,-7.4065447
exp3_fixed_2,4655,585.6685,588.40906,0.0,-0.3218535780906677,-2.418643
exp3_fixed_2,4656,556.9254,569.39874,0.0,-0.9137869477272034,-11.559532
exp3_fixed_2,4657,511.20227,523.4409,0.0,-0.6152234673500061,-11.623363
exp3_fixed_2,4658,617.8655,619.91296,0.0,-0.43038398027420044,-1.617143
exp3_fixed_2,4659,491.34387,494.9584,0.0,-2.8684661388397217,-0.7460705
exp3_fixed_2,4661,682.3681,684.09937,0.0,-0.3842298686504364,-1.3469831
exp3_fixed_2,4662,544.9683,553.48987,0.0,-1.0514869689941406,-7.4701033
exp3_fixed_2,4663,614.97284,625.3049,0.0,-1.3354774713516235,-8.996558
exp3_fixed_2,4664,582.9232,585.38885,0.0,-0.4283413290977478,-2.0372183
exp3_fixed_2,4665,612.9042,628.7573,0.0,-1.1313246488571167,-14.721798
exp3_fixed_2,4666,564.56433,571.25696,0.0,-0.6819533705711365,-6.0106516
exp3_fixed_2,4667,573.0735,579.7776,0.0,-4.058376312255859,-2.6457188
exp3_fixed_2,4668,574.5259,583.1113,0.0,-1.0653467178344727,-7.520122
exp3_fixed_2,4669,556.81573,584.025,0.0,-0.6825764179229736,-26.52667
exp3_fixed_2,4670,576.6998,579.34924,0.0,-0.6347730159759521,-2.014698
exp3_fixed_2,4671,565.54474,580.9331,0.0,-0.8044110536575317,-14.583917
exp3_fixed_2,4672,547.9934,562.1498,0.0,-1.1739411354064941,-12.982437
exp3_fixed_2,4673,598.14954,606.06665,0.0,-1.420035719871521,-6.4970903
exp3_fixed_2,4674,587.57715,597.61926,0.0,-0.9511990547180176,-9.090869
exp3_fixed_2,4675,629.25336,631.21875,0.0,-0.3079919219017029,-1.6574401
exp3_fixed_2,4676,545.5259,548.28033,0.0,-0.9004119634628296,-1.854013
exp3_fixed_2,4677,552.8164,560.2963,0.0,-1.0084795951843262,-6.4715457
exp3_fixed_2,4678,547.7803,558.8298,0.0,-3.791994571685791,-7.2575355
exp3_fixed_2,4679,552.76086,564.6653,0.0,-1.9425228834152222,-9.961886
exp3_fixed_2,4681,520.37946,545.69586,0.0,-0.7495094537734985,-24.56692
exp3_fixed_2,4682,676.42004,678.7698,0.0,-0.3087409734725952,-2.040974
exp3_fixed_2,4683,584.71533,587.86523,0.0,-0.41451147198677063,-2.7354345
exp3_fixed_2,4684,551.05,570.88043,0.0,-2.8695216178894043,-16.96094
exp3_fixed_2,4685,563.26416,566.63434,0.0,-1.2422949075698853,-2.1278775
exp3_fixed_2,4686,571.504,581.10126,0.0,-0.8345654606819153,-8.762672
exp3_fixed_2,4687,621.36835,622.6977,0.0,-0.37248605489730835,-0.9568568
exp3_fixed_2,4688,567.75354,573.8227,0.0,-3.216630697250366,-2.8525116
exp3_fixed_2,4689,550.57117,563.7047,0.0,-0.5093086361885071,-12.624236
exp3_fixed_2,4690,555.2032,556.8257,0.0,-0.9803692698478699,-0.6421447
exp3_fixed_2,4691,158.75832,223.40572,0.0,-1.2628870010375977,-63.384605
exp3_fixed_2,4692,619.99536,634.036,0.0,-0.5385182499885559,-13.502122
exp3_fixed_2,4693,489.89597,492.45306,0.0,-0.6654387712478638,-1.8916636
exp3_fixed_2,4694,404.32422,420.12695,0.0,-7.805606365203857,-7.9971333
exp3_fixed_2,4695,590.4624,593.577,0.0,-0.9678405523300171,-2.1467762
exp3_fixed_2,4696,608.7451,617.9492,0.0,-1.5492527484893799,-7.6548467
exp3_fixed_2,4697,544.8651,551.6797,0.0,-0.4175095558166504,-6.3969703
exp3_fixed_2,4698,646.09515,658.4192,0.0,-0.49886640906333923,-11.825114
exp3_fixed_2,4699,519.1383,530.9858,0.0,-2.6776256561279297,-9.169855
exp3_fixed_2,4701,646.72577,653.74713,0.0,-0.4941236972808838,-6.527246
exp3_fixed_2,4702,587.66095,590.5464,0.0,-0.7927233576774597,-2.092718
exp3_fixed_2,4703,595.2488,596.48224,0.0,-0.3181442618370056,-0.9152902
exp3_fixed_2,4704,552.2507,560.3115,0.0,-0.7232750654220581,-7.3375697
exp3_fixed_2,4705,525.916,536.7042,0.0,-3.86187744140625,-6.92635
exp3_fixed_2,4706,612.0617,619.82935,0.0,-1.9329966306686401,-5.8346176
exp3_fixed_2,4707,655.22064,657.4291,0.0,-0.6767892241477966,-1.5316552
exp3_fixed_2,4708,-147.71872,-103.978645,0.0,-31.261198043823242,-12.478903
exp3_fixed_2,4709,555.01636,564.2001,0.0,-1.6672894954681396,-7.51637
exp3_fixed_2,4710,562.04614,580.36896,0.0,-0.8404834270477295,-17.482277
exp3_fixed_2,4711,554.83813,559.39954,0.0,-0.9961504340171814,-3.565256
exp3_fixed_2,4712,636.93866,639.2115,0.0,-0.7602229118347168,-1.5125929
exp3_fixed_2,4713,711.05505,716.8262,0.0,-0.48294544219970703,-5.2881036
exp3_fixed_2,4714,501.71973,510.11685,0.0,-0.7510966062545776,-7.6460056
exp3_fixed_2,4715,663.86523,665.9768,0.0,-0.3996254503726959,-1.7119315
exp3_fixed_2,4716,632.54205,634.45667,0.0,-0.5843667387962341,-1.3302238
exp3_fixed_2,4717,672.6698,674.58435,0.0,-0.3987867832183838,-1.5157667
exp3_fixed_2,4718,626.00934,628.0383,0.0,-0.4981374740600586,-1.5308098
exp3_fixed_2,4719,532.77295,574.41486,0.0,-0.5348601341247559,-41.107067
exp3_fixed_2,4721,610.71234,621.124,0.0,-1.8995742797851562,-8.512165
exp3_fixed_2,4722,-88.12579,-19.749393,0.0,-47.6640510559082,-20.712341
exp3_fixed_2,4723,580.9214,589.8425,0.0,-0.7988473773002625,-8.12231
exp3_fixed_2,4724,564.5112,569.4415,0.0,-0.5124250054359436,-4.417921
exp3_fixed_2,4725,-205.75642,4.436933,-200.0,-9.967023849487305,-0.22633372
exp3_fixed_2,4726,544.646,557.3071,0.0,-0.5437041521072388,-12.117353
exp3_fixed_2,4727,608.2536,615.4743,0.0,-0.46666836738586426,-6.75399
exp3_fixed_2,4728,565.93,571.32214,0.0,-1.4545090198516846,-3.937649
exp3_fixed_2,4729,567.6053,582.2523,0.0,-1.506749153137207,-13.14026
exp3_fixed_2,4730,551.39307,559.2216,0.0,-0.8599824905395508,-6.968536
exp3_fixed_2,4731,617.15674,619.49304,0.0,-0.41202831268310547,-1.9242259
exp3_fixed_2,4732,566.9344,570.65393,0.0,-0.9628620743751526,-2.7566433
exp3_fixed_2,4733,580.66394,584.5688,0.0,-1.1146972179412842,-2.7901342
exp3_fixed_2,4734,585.3377,596.20197,0.0,-1.9704030752182007,-8.893876
exp3_fixed_2,4735,542.68567,555.5613,0.0,-0.49871528148651123,-12.3769655
exp3_fixed_2,4736,565.65265,569.1814,0.0,-0.9228649735450745,-2.6058688
exp3_fixed_2,4737,590.47955,599.36273,0.0,-0.7502257227897644,-8.13291
exp3_fixed_2,4738,361.29486,406.08035,0.0,-6.944802284240723,-37.84069
exp3_fixed_2,4739,571.54974,573.7865,0.0,-0.6576724052429199,-1.5790842
exp3_fixed_2,4741,586.7173,590.4433,0.0,-1.265425443649292,-2.4606586
exp3_fixed_2,4742,-282.73453,74.5646,-200.0,-155.2825469970703,-2.0165577
exp3_fixed_2,4743,625.8693,631.04333,0.0,-0.43791839480400085,-4.736117
exp3_fixed_2,4744,571.8156,577.66595,0.0,-0.5890680551528931,-5.261221
exp3_fixed_2,4745,618.112,620.3718,0.0,-0.6106492280960083,-1.6492039
exp3_fixed_2,4746,549.2323,551.1306,0.0,-0.4157431125640869,-1.4825622
exp3_fixed_2,4747,715.6216,718.0697,0.0,-0.49517637491226196,-1.9528661
exp3_fixed_2,4748,575.45215,585.99524,0.0,-0.755963146686554,-9.787103
exp3_fixed_2,4749,587.8528,590.7692,0.0,-1.4783117771148682,-1.4380823
exp3_fixed_2,4750,597.4903,600.21326,0.0,-0.718719482421875,-2.0042932
exp3_fixed_2,4751,580.88,594.49023,0.0,-3.327537775039673,-10.282596
exp3_fixed_2,4752,637.71313,647.76807,0.0,-0.9908945560455322,-9.064036
exp3_fixed_2,4753,656.44653,659.0797,0.0,-0.7790592908859253,-1.8540831
exp3_fixed_2,4754,654.95636,657.28516,0.0,-0.7834962606430054,-1.5452988
exp3_fixed_2,4755,580.7662,601.6708,0.0,-1.7673158645629883,-19.137287
exp3_fixed_2,4756,632.4127,634.93427,0.0,-0.7318373322486877,-1.789696
exp3_fixed_2,4757,608.8238,610.16895,0.0,-0.33778661489486694,-1.007351
exp3_fixed_2,4758,530.3348,537.6629,0.0,-0.5168262720108032,-6.8112993
exp3_fixed_2,4759,548.02997,562.48975,0.0,-1.0918923616409302,-13.367876
exp3_fixed_2,4761,560.79016,568.9355,0.0,-2.159390687942505,-5.985996
exp3_fixed_2,4762,605.0031,610.00354,0.0,-0.29154515266418457,-4.708841
exp3_fixed_2,4763,589.68335,594.3638,0.0,-1.1775473356246948,-3.5028808
exp3_fixed_2,4764,618.7589,633.48267,0.0,-1.1569311618804932,-13.566884
exp3_fixed_2,4765,687.5456,693.38806,0.0,-0.538326621055603,-5.304142
exp3_fixed_2,4766,629.3082,635.35364,0.0,-0.3791210353374481,-5.666337
exp3_fixed_2,4767,607.1781,609.53406,0.0,-0.761541485786438,-1.5944613
exp3_fixed_2,4768,667.02844,675.347,0.0,-1.2192749977111816,-7.0991464
exp3_fixed_2,4769,591.9672,593.4757,0.0,-0.3053338825702667,-1.2031564
exp3_fixed_2,4770,34.741085,112.1369,0.0,-0.660292387008667,-76.73555
exp3_fixed_2,4771,-47.83509,-6.1090355,0.0,-20.206741333007812,-21.519314
exp3_fixed_2,4772,629.2645,632.30945,0.0,-0.712835431098938,-2.3320076
exp3_fixed_2,4773,504.91373,517.5962,0.0,-0.46797654032707214,-12.214499
exp3_fixed_2,4774,633.355,641.58984,0.0,-0.7179937362670898,-7.5168695
exp3_fixed_2,4775,598.3188,628.683,0.0,-0.5227251052856445,-29.841545
exp3_fixed_2,4776,653.3881,670.66345,0.0,-0.5607162714004517,-16.71461
exp3_fixed_2,4777,586.33624,588.3677,0.0,-0.31162557005882263,-1.7198486
exp3_fixed_2,4778,629.24915,631.94824,0.0,-0.8881204128265381,-1.8109876
exp3_fixed_2,4779,588.9495,596.2393,0.0,-0.858072817325592,-6.431691
exp3_fixed_2,4781,496.3658,517.03076,0.0,-1.5959725379943848,-19.068935
exp3_fixed_2,4782,598.26917,604.36084,0.0,-0.4877459406852722,-5.60397
exp3_fixed_2,4783,623.1701,629.15173,0.0,-0.3592071831226349,-5.622477
exp3_fixed_2,4784,564.4526,602.2718,0.0,-0.4644075632095337,-37.354866
exp3_fixed_2,4785,553.5009,560.7301,0.0,-0.9023319482803345,-6.32687
exp3_fixed_2,4786,641.00195,642.7477,0.0,-0.42069345712661743,-1.3250471
exp3_fixed_2,4787,575.3879,595.286,0.0,-12.508745193481445,-7.389432
exp3_fixed_2,4788,587.766,596.8357,0.0,-1.023863673210144,-8.045879
exp3_fixed_2,4789,579.33386,587.7636,0.0,-0.8922821283340454,-7.5374722
exp3_fixed_2,4790,609.703,611.7643,0.0,-0.6270724534988403,-1.4341992
exp3_fixed_2,4791,559.3208,563.1661,0.0,-2.1088168621063232,-1.7364783
exp3_fixed_2,4792,695.33856,698.2357,0.0,-0.24878555536270142,-2.6483285
exp3_fixed_2,4793,643.68536,646.211,0.0,-1.0042675733566284,-1.5213535
exp3_fixed_2,4794,563.1519,574.9148,0.0,-0.6158705949783325,-11.146925
exp3_fixed_2,4795,615.8521,622.2062,0.0,-0.8520150184631348,-5.5020614
exp3_fixed_2,4796,584.89166,620.43964,0.0,-1.3780713081359863,-34.169884
exp3_fixed_2,4797,539.53406,550.17505,0.0,-4.177001953125,-6.464038
exp3_fixed_2,4798,677.4923,683.9888,0.0,-0.8493283987045288,-5.647202
exp3_fixed_2,4799,601.2814,605.04126,0.0,-0.5492235422134399,-3.2106514
exp3_fixed_2,4801,-345.46002,4.652758,-200.0,-149.83333333333331,-0.27944112
exp3_fixed_2,4802,-227.655,4.79684,-200.0,-32.201210021972656,-0.2506454
exp3_fixed_2,4803,581.47,582.8594,0.0,-0.4040851593017578,-0.9852907
exp3_fixed_2,4804,620.3253,623.89026,0.0,-1.4572471380233765,-2.107721
exp3_fixed_2,4805,565.25244,572.9237,0.0,-1.4595106840133667,-6.2117596
exp3_fixed_2,4806,559.0604,566.11896,0.0,-4.894861698150635,-2.1636186
exp3_fixed_2,4807,582.55365,595.87726,0.0,-0.8163182139396667,-12.507325
exp3_fixed_2,4808,544.6698,562.8132,0.0,-0.4921764135360718,-17.651218
exp3_fixed_2,4809,619.4192,631.0433,0.0,-3.751843214035034,-7.872268
exp3_fixed_2,4810,-122.73092,-53.834915,0.0,-53.339046478271484,-15.557002
exp3_fixed_2,4811,640.0034,643.327,0.0,-1.0508298873901367,-2.2727814
exp3_fixed_2,4812,-32.02311,18.367788,0.0,-23.83541488647461,-26.555515
exp3_fixed_2,4813,647.76135,650.4601,0.0,-0.8080359101295471,-1.8907444
exp3_fixed_2,4814,570.53204,581.5884,0.0,-2.2247836589813232,-8.831466
exp3_fixed_2,4815,-202.0543,4.638205,-200.0,-6.498425483703613,-0.19408412
exp3_fixed_2,4816,611.45605,616.2892,0.0,-1.4108428955078125,-3.4222853
exp3_fixed_2,4817,507.917,523.6295,0.0,-0.958848237991333,-14.753656
exp3_fixed_2,4818,595.296,597.9388,0.0,-0.644669234752655,-1.9980989
exp3_fixed_2,4819,551.6393,561.1418,0.0,-1.6305001974105835,-7.87199
exp3_fixed_2,4821,581.8366,593.822,0.0,-0.4888661801815033,-11.496504
exp3_fixed_2,4822,633.9464,644.7501,0.0,-0.7052080631256104,-10.098385
exp3_fixed_2,4823,649.3961,651.21643,0.0,-0.5149590373039246,-1.3053722
exp3_fixed_2,4824,553.576,563.967,0.0,-0.7718053460121155,-9.619214
exp3_fixed_2,4825,514.3232,544.2258,0.0,-0.3729252219200134,-29.529718
exp3_fixed_2,4826,660.49976,667.7213,0.0,-0.5851348638534546,-6.6364346
exp3_fixed_2,4827,563.6484,566.8019,0.0,-1.0467581748962402,-2.1067305
exp3_fixed_2,4828,526.7319,535.76654,0.0,-0.972821831703186,-8.061881
exp3_fixed_2,4829,577.11084,580.9334,0.0,-0.6178876757621765,-3.2046385
exp3_fixed_2,4830,538.272,545.2634,0.0,-0.7430988550186157,-6.248416
exp3_fixed_2,4831,557.2024,559.3191,0.0,-0.7300108075141907,-1.3866225
exp3_fixed_2,4832,7.179062,230.00943,-200.0,-21.03044891357422,-1.799944
exp3_fixed_2,4833,589.3364,616.87317,0.0,-0.6026968359947205,-26.93411
exp3_fixed_2,4834,572.71094,582.2846,0.0,-0.6205924153327942,-8.953017
exp3_fixed_2,4835,603.7667,606.39545,0.0,-0.8821200728416443,-1.7465873
exp3_fixed_2,4836,567.75116,581.3936,0.0,-1.5517971515655518,-12.090617
exp3_fixed_2,4837,608.86566,622.50726,0.0,-4.263236045837402,-9.378388
exp3_fixed_2,4838,636.32056,643.44586,0.0,-0.23789085447788239,-6.8875113
exp3_fixed_2,4839,618.43054,627.28296,0.0,-0.6487075090408325,-8.203762
exp3_fixed_2,4841,618.1374,625.43555,0.0,-1.1299810409545898,-6.1681714
exp3_fixed_2,4842,567.53564,570.5093,0.0,-0.36073198914527893,-2.6129014
exp3_fixed_2,4843,593.3587,601.1762,0.0,-0.8566842079162598,-6.96083
exp3_fixed_2,4844,624.89276,628.28625,0.0,-1.1436214447021484,-2.249914
exp3_fixed_2,4845,584.69464,594.7318,0.0,-1.246436357498169,-8.790756
exp3_fixed_2,4846,638.32733,639.91565,0.0,-0.3055799603462219,-1.2827668
exp3_fixed_2,4847,618.3971,630.48065,0.0,-0.5411052107810974,-11.542413
exp3_fixed_2,4848,627.4518,631.1345,0.0,-1.21795654296875,-2.4648085
exp3_fixed_2,4849,576.90576,583.95215,0.0,-0.7150217294692993,-6.331352
exp3_fixed_2,4850,603.77826,609.3688,0.0,-0.36596041917800903,-5.2244973
exp3_fixed_2,4851,566.53937,580.2101,0.0,-0.5820441246032715,-13.088684
exp3_fixed_2,4852,582.23535,589.4197,0.0,-0.339052677154541,-6.845215
exp3_fixed_2,4853,632.7136,639.80676,0.0,-0.25110572576522827,-6.8419614
exp3_fixed_2,4854,545.17694,558.4479,0.0,-0.5871632695198059,-12.683753
exp3_fixed_2,4855,554.3424,573.4026,0.0,-0.7042670249938965,-18.355825
exp3_fixed_2,4856,593.176,596.52795,0.0,-0.7807327508926392,-2.5711818
exp3_fixed_2,4857,650.3422,651.80414,0.0,-0.457527756690979,-1.0044127
exp3_fixed_2,4858,578.85455,586.7414,0.0,-0.8462632894515991,-7.040513
exp3_fixed_2,4859,549.115,558.0381,0.0,-3.376237154006958,-5.5468435
exp3_fixed_2,4861,633.1275,635.9039,0.0,-0.7954041361808777,-1.9809996
exp3_fixed_2,4862,650.1576,655.7438,0.0,-0.6739111542701721,-4.912243
exp3_fixed_2,4863,537.01483,540.7291,0.0,-0.7144944071769714,-2.999757
exp3_fixed_2,4864,523.68286,531.95044,0.0,-1.3404276371002197,-6.927175
exp3_fixed_2,4865,626.6789,633.62024,0.0,-0.1938651204109192,-6.7474723
exp3_fixed_2,4866,602.0121,604.75806,0.0,-0.8293758630752563,-1.916628
exp3_fixed_2,4867,554.24884,586.38385,0.0,-3.7030868530273438,-28.43189
exp3_fixed_2,4868,596.95557,604.2583,0.0,-0.5608220100402832,-6.7418904
exp3_fixed_2,4869,578.64606,584.9983,0.0,-1.0511362552642822,-5.301081
exp3_fixed_2,4870,561.28516,572.15894,0.0,-1.2811952829360962,-9.592557
exp3_fixed_2,4871,673.1814,677.917,0.0,-0.16471871733665466,-4.5708356
exp3_fixed_2,4872,632.14435,638.4166,0.0,-2.9426510334014893,-3.3296063
exp3_fixed_2,4873,467.74683,492.28302,0.0,-0.9398364424705505,-23.596392
exp3_fixed_2,4874,644.5441,647.5397,0.0,-0.8199377655982971,-2.1756785
exp3_fixed_2,4875,602.4211,611.7979,0.0,-0.48442256450653076,-8.892335
exp3_fixed_2,4876,620.65546,626.3972,0.0,-0.7785086631774902,-4.96328
exp3_fixed_2,4877,642.2806,647.89886,0.0,-0.3299921751022339,-5.288276
exp3_fixed_2,4878,622.69867,625.56714,0.0,-0.7091418504714966,-2.1593251
exp3_fixed_2,4879,623.36365,631.42847,0.0,-0.9106292724609375,-7.1541142
exp3_fixed_2,4881,507.40894,513.56024,0.0,-0.2475462257862091,-5.903754
exp3_fixed_2,4882,621.9389,624.81555,0.0,-0.4667833745479584,-2.4099004
exp3_fixed_2,4883,608.0298,609.6082,0.0,-0.5905598402023315,-0.9878454
exp3_fixed_2,4884,521.01605,527.0682,0.0,-0.5942776203155518,-5.4578037
exp3_fixed_2,4885,-0.84568787,212.31062,-200.0,-11.727127075195312,-1.4292328
exp3_fixed_2,4886,597.62317,605.77295,0.0,-0.7240352630615234,-7.425703
exp3_fixed_2,4887,602.61914,611.9357,0.0,-1.1384847164154053,-8.1780615
exp3_fixed_2,4888,584.41705,586.67145,0.0,-0.39937901496887207,-1.854965
exp3_fixed_2,4889,613.16345,629.17847,0.0,-1.3113985061645508,-14.703671
exp3_fixed_2,4890,524.11847,530.0986,0.0,-0.6082837581634521,-5.371854
exp3_fixed_2,4891,595.9267,598.3889,0.0,-0.6881999373435974,-1.7739704
exp3_fixed_2,4892,564.10486,569.5781,0.0,-1.8853477239608765,-3.5879858
exp3_fixed_2,4893,518.97266,526.11914,0.0,-1.008587121963501,-6.1378446
exp3_fixed_2,4894,552.8021,565.4408,0.0,-0.4218006134033203,-12.216865
exp3_fixed_2,4895,597.5211,604.3971,0.0,-0.5194935202598572,-6.3564487
exp3_fixed_2,4896,601.11584,608.92944,0.0,-0.8940944671630859,-6.9195085
exp3_fixed_2,4897,554.9301,574.0063,0.0,-0.6086653470993042,-18.467545
exp3_fixed_2,4898,608.2867,612.2747,0.0,-1.5507618188858032,-2.4372349
exp3_fixed_2,4899,602.1855,604.81506,0.0,-0.8219923973083496,-1.8076093
exp3_fixed_2,4901,636.76025,639.3501,0.0,-0.6892009973526001,-1.9006141
exp3_fixed_2,4902,631.1887,634.11816,0.0,-1.2255762815475464,-1.7038815
exp3_fixed_2,4903,554.60547,568.0093,0.0,-1.016042709350586,-12.3877535
exp3_fixed_2,4904,587.7178,599.6718,0.0,-1.9141242504119873,-10.039947
exp3_fixed_2,4905,580.75726,582.5036,0.0,-0.44194257259368896,-1.3043919
exp3_fixed_2,4906,584.34393,587.82043,0.0,-0.7295166850090027,-2.746998
exp3_fixed_2,4907,574.5169,576.7022,0.0,-0.5506219863891602,-1.634681
exp3_fixed_2,4908,521.3159,525.98346,0.0,-1.1436173915863037,-3.5239723
exp3_fixed_2,4909,625.1511,634.0129,0.0,-1.7105433940887451,-7.1511683
exp3_fixed_2,4910,601.24927,603.18115,0.0,-0.4514192044734955,-1.4803913
exp3_fixed_2,4911,606.4621,613.79736,0.0,-0.7134699821472168,-6.6218433
exp3_fixed_2,4912,580.1167,594.39496,0.0,-3.7392184734344482,-10.539058
exp3_fixed_2,4913,590.4253,593.9103,0.0,-1.4839750528335571,-2.000996
exp3_fixed_2,4914,648.7125,651.3297,0.0,-0.6381875276565552,-1.9790114
exp3_fixed_2,4915,585.4453,586.6519,0.0,-0.21821089088916779,-0.98838747
exp3_fixed_2,4916,616.8427,620.23395,0.0,-0.692714273929596,-2.698545
exp3_fixed_2,4917,491.25247,504.48633,0.0,-0.34198662638664246,-12.891871
exp3_fixed_2,4918,544.243,547.7139,0.0,-0.8002109527587891,-2.670755
exp3_fixed_2,4919,582.33826,586.0747,0.0,-0.8528639078140259,-2.8835378
exp3_fixed_2,4921,592.04614,599.0975,0.0,-2.3896052837371826,-4.6617074
exp3_fixed_2,4922,554.9147,565.92035,0.0,-1.8826760053634644,-9.123066
exp3_fixed_2,4923,588.4168,590.2993,0.0,-0.48089635372161865,-1.4016095
exp3_fixed_2,4924,545.06824,554.22754,0.0,-0.9438339471817017,-8.215505
exp3_fixed_2,4925,19.628023,64.60525,0.0,-5.462342262268066,-39.51491
exp3_fixed_2,4926,-203.30623,4.6014876,-200.0,-7.702866554260254,-0.20484474
exp3_fixed_2,4927,555.78467,559.58606,0.0,-0.7871475219726562,-3.0142121
exp3_fixed_2,4928,636.2071,648.15216,0.0,-1.1709904670715332,-10.774097
exp3_fixed_2,4929,605.8023,608.5853,0.0,-0.42830440402030945,-2.3546383
exp3_fixed_2,4930,584.1071,585.7883,0.0,-0.17858214676380157,-1.5026141
exp3_fixed_2,4931,575.1514,596.1531,0.0,-1.3435087203979492,-19.658161
exp3_fixed_2,4932,643.0274,645.8717,0.0,-0.8298474550247192,-2.0143814
exp3_fixed_2,4933,611.2929,613.77844,0.0,-1.0449310541152954,-1.4406172
exp3_fixed_2,4934,567.57434,575.68115,0.0,-0.7889364361763,-7.317836
exp3_fixed_2,4935,535.965,540.06067,0.0,-1.3504575490951538,-2.7451282
exp3_fixed_2,4936,550.3373,552.9291,0.0,-0.42761337757110596,-2.1641595
exp3_fixed_2,4937,573.08673,576.13135,0.0,-0.5458170771598816,-2.4988468
exp3_fixed_2,4938,574.1045,584.71155,0.0,-1.4952956438064575,-9.111805
exp3_fixed_2,4939,552.82745,558.44836,0.0,-1.012612223625183,-4.608313
exp3_fixed_2,4941,490.53537,494.9412,0.0,-1.6041743755340576,-2.8016534
exp3_fixed_2,4942,580.3255,588.5924,0.0,-0.8371517658233643,-7.4297504
exp3_fixed_2,4943,-175.21867,31.820868,-200.0,-6.578896999359131,-0.46064982
exp3_fixed_2,4944,562.2488,565.3176,0.0,-0.6301969289779663,-2.4386334
exp3_fixed_2,4945,610.8185,612.5153,0.0,-0.5396575927734375,-1.1571697
exp3_fixed_2,4946,607.5634,611.3059,0.0,-1.012047529220581,-2.7304084
exp3_fixed_2,4947,614.2081,617.51166,0.0,-0.6268958449363708,-2.6765816
exp3_fixed_2,4948,571.2829,574.24677,0.0,-0.7514305114746094,-2.2124784
exp3_fixed_2,4949,614.6481,617.0918,0.0,-0.7473135590553284,-1.6964203
exp3_fixed_2,4950,529.62463,540.54395,0.0,-1.6585288047790527,-9.260862
exp3_fixed_2,4951,571.65857,586.2738,0.0,-1.1536973714828491,-13.461454
exp3_fixed_2,4952,582.53,584.4907,0.0,-0.48541390895843506,-1.4752973
exp3_fixed_2,4953,563.86505,571.3369,0.0,-2.09016489982605,-5.3817563
exp3_fixed_2,4954,-51.59054,11.7084675,0.0,-40.36931610107422,-22.929708
exp3_fixed_2,4955,-1.5041249,45.37919,0.0,-26.388330459594727,-20.494993
exp3_fixed_2,4956,481.90314,485.80652,0.0,-1.1930450201034546,-2.7103343
exp3_fixed_2,4957,577.06915,579.6709,0.0,-0.44643640518188477,-2.1553595
exp3_fixed_2,4958,528.2938,537.5088,0.0,-1.5905036926269531,-7.624476
exp3_fixed_2,4959,543.2951,547.3956,0.0,-0.7811737060546875,-3.3193371
exp3_fixed_2,4961,590.71875,594.1531,0.0,-0.848878026008606,-2.5854836
exp3_fixed_2,4962,540.7728,571.90753,0.0,-0.5273790955543518,-30.607347
exp3_fixed_2,4963,583.97,586.0514,0.0,-0.53375244140625,-1.5476774
exp3_fixed_2,4964,593.14886,614.36597,0.0,-0.8331305384635925,-20.383972
exp3_fixed_2,4965,-30.262178,9.75446,0.0,-3.466718912124634,-36.54996
exp3_fixed_2,4966,630.03284,632.8866,0.0,-0.5616924166679382,-2.2920916
exp3_fixed_2,4967,-222.81032,27.937548,-200.0,-40.81243896484375,-9.935397
exp3_fixed_2,4968,577.3695,583.99365,0.0,-0.5008217692375183,-6.123312
exp3_fixed_2,4969,589.2627,591.34155,0.0,-1.105744481086731,-0.97313666
exp3_fixed_2,4970,569.59235,583.78784,0.0,-0.9331582188606262,-13.262346
exp3_fixed_2,4971,568.7111,572.72754,0.0,-0.4570574164390564,-3.5593643
exp3_fixed_2,4972,628.4702,630.7382,0.0,-0.37731653451919556,-1.8906366
exp3_fixed_2,4973,550.7356,560.84784,0.0,-1.4658535718917847,-8.646412
exp3_fixed_2,4974,542.86755,556.2998,0.0,-0.8972339034080505,-12.534985
exp3_fixed_2,4975,660.4677,662.84314,0.0,-0.7955743670463562,-1.5798179
exp3_fixed_2,4976,549.64594,581.1603,0.0,-0.9261317849159241,-30.588314
exp3_fixed_2,4977,587.4214,596.0519,0.0,-0.5589473843574524,-8.071584
exp3_fixed_2,4978,629.27924,636.02686,0.0,-0.9703558087348938,-5.7772617
exp3_fixed_2,4979,535.28357,550.67175,0.0,-0.6823802590370178,-14.705844
exp3_fixed_2,4981,615.51984,617.96954,0.0,-0.5846204161643982,-1.8651104
exp3_fixed_2,4982,534.4106,546.3131,0.0,-0.2924113869667053,-11.61009
exp3_fixed_2,4983,574.2529,576.7584,0.0,-0.9942522644996643,-1.5112158
exp3_fixed_2,4984,622.7432,625.87445,0.0,-1.1430935859680176,-1.9881353
exp3_fixed_2,4985,545.2564,550.12805,0.0,-1.853553056716919,-3.018027
exp3_fixed_2,4986,609.5168,617.28394,0.0,-1.3912644386291504,-6.375834
exp3_fixed_2,4987,590.2107,602.71313,0.0,-2.3607213497161865,-10.1417055
exp3_fixed_2,4988,496.43076,502.3182,0.0,-0.2748469412326813,-5.6126003
exp3_fixed_2,4989,545.4662,558.8819,0.0,-0.8585269451141357,-12.55716
exp3_fixed_2,4990,597.9007,601.48395,0.0,-1.371882438659668,-2.2113504
exp3_fixed_2,4991,612.55707,620.9076,0.0,-0.5685006380081177,-7.7820854
exp3_fixed_2,4992,597.28436,603.31744,0.0,-0.980218231678009,-5.052908
exp3_fixed_2,4993,-103.20822,-58.762978,0.0,-28.177906036376953,-16.267332
exp3_fixed_2,4994,554.1236,557.3364,0.0,-0.9813585877418518,-2.2315197
exp3_fixed_2,4995,505.5055,509.9408,0.0,-1.2209038734436035,-3.2144275
exp3_fixed_2,4996,576.92163,578.08203,0.0,-0.19826698303222656,-0.96212006
exp3_fixed_2,4997,560.8117,563.22125,0.0,-0.5349787473678589,-1.8745928
exp3_fixed_2,4998,527.50806,532.7806,0.0,-0.9934725761413574,-4.279124
exp3_fixed_2,4999,533.3263,533.9991,0.0,-0.09203487634658813,-0.5807185
exp3_fixed_2,5001,589.82635,591.56555,0.0,-0.12328994274139404,-1.6159126
exp3_fixed_2,5002,632.63025,634.68494,0.0,-0.4776065945625305,-1.5770303
exp3_fixed_2,5003,575.53687,577.38586,0.0,-0.62212073802948,-1.2268431
exp3_fixed_2,5004,614.88367,629.81445,0.0,-0.31557339429855347,-14.615225
exp3_fixed_2,5005,588.6665,591.82043,0.0,-0.9968293905258179,-2.1571598
exp3_fixed_2,5006,586.4758,596.0959,0.0,-1.4531419277191162,-8.166878
exp3_fixed_2,5007,610.8586,620.57043,0.0,-1.1810526847839355,-8.530842
exp3_fixed_2,5008,609.40955,618.45715,0.0,-0.9994109272956848,-8.048169
exp3_fixed_2,5009,607.1248,610.241,0.0,-1.7314420938491821,-1.3847691
exp3_fixed_2,5010,585.079,589.20233,0.0,-1.0937986373901367,-3.0295796
exp3_fixed_2,5011,515.49615,535.623,0.0,-0.6751530766487122,-19.451725
exp3_fixed_2,5012,579.5041,583.5198,0.0,-0.519989550113678,-3.4956846
exp3_fixed_2,5013,552.40765,619.914,0.0,-2.3219666481018066,-65.18429
exp3_fixed_2,5014,682.6632,690.0571,0.0,-0.3737862706184387,-7.0201435
exp3_fixed_2,5015,587.279,590.58295,0.0,-0.9473249912261963,-2.35663
exp3_fixed_2,5016,596.2881,601.27124,0.0,-1.1317756175994873,-3.851359
exp3_fixed_2,5017,539.0023,541.4501,0.0,-1.0156276226043701,-1.4321434
exp3_fixed_2,5018,591.8953,595.4785,0.0,-0.449939489364624,-3.1332364
exp3_fixed_2,5019,544.4346,555.4159,0.0,-0.441044420003891,-10.540263
exp3_fixed_2,5021,629.6416,632.9023,0.0,-0.6199378967285156,-2.640692
exp3_fixed_2,5022,436.9664,452.64795,0.0,-8.957134246826172,-6.7243905
exp3_fixed_2,5023,638.0897,641.4342,0.0,-0.7322985529899597,-2.6121662
exp3_fixed_2,5024,571.4629,573.081,0.0,-0.693951427936554,-0.92412454
exp3_fixed_2,5025,535.76544,545.18994,0.0,-0.22538140416145325,-9.199098
exp3_fixed_2,5026,534.678,549.54486,0.0,-1.8499696254730225,-13.0169525
exp3_fixed_2,5027,515.3701,530.16724,0.0,-2.0593624114990234,-12.737738
exp3_fixed_2,5028,558.9103,562.8926,0.0,-0.525353729724884,-3.4569273
exp3_fixed_2,5029,584.2174,586.4193,0.0,-0.5929609537124634,-1.6088903
exp3_fixed_2,5030,622.06366,625.16284,0.0,-0.4098520874977112,-2.6892948
exp3_fixed_2,5031,566.49744,571.0324,0.0,-2.2385685443878174,-2.2964287
exp3_fixed_2,5032,-224.51476,4.673645,-200.0,-28.941997528076172,-0.24639739
exp3_fixed_2,5033,583.2681,591.2435,0.0,-0.5623326301574707,-7.4131026
exp3_fixed_2,5034,411.11975,427.20044,0.0,-8.531136512756348,-7.5495687
exp3_fixed_2,5035,515.1445,522.0132,0.0,-5.538163661956787,-1.3306167
exp3_fixed_2,5036,618.5138,620.8926,0.0,-0.4130546450614929,-1.9657218
exp3_fixed_2,5037,646.96094,650.2803,0.0,-0.7867337465286255,-2.5325127
exp3_fixed_2,5038,555.0769,575.3265,0.0,-0.9372273087501526,-19.312382
exp3_fixed_2,5039,593.5912,599.6728,0.0,-0.3945608139038086,-5.6870914
exp3_fixed_2,5041,665.21716,674.5021,0.0,-0.6636801362037659,-8.621142
exp3_fixed_2,5042,468.5159,480.07852,0.0,-7.165712356567383,-4.3969436
exp3_fixed_2,5043,549.1554,557.42725,0.0,-1.1655577421188354,-7.1063166
exp3_fixed_2,5044,-171.2847,122.474,-200.0,-91.3439712524414,-2.414742
exp3_fixed_2,5045,582.09357,595.12006,0.0,-2.4514548778533936,-10.57511
exp3_fixed_2,5046,605.82587,608.81995,0.0,-0.486110657453537,-2.5079398
exp3_fixed_2,5047,618.0719,620.5189,0.0,-1.1704212427139282,-1.2765919
exp3_fixed_2,5048,546.97797,549.42896,0.0,-1.2669135332107544,-1.1840602
exp3_fixed_2,5049,629.39233,635.3766,0.0,-0.9330774545669556,-5.0512056
exp3_fixed_2,5050,594.6919,597.7207,0.0,-1.6679494380950928,-1.3608414
exp3_fixed_2,5051,626.32245,630.4696,0.0,-1.3202190399169922,-2.8269072
exp3_fixed_2,5052,679.3983,681.7724,0.0,-0.42856279015541077,-1.9455882
exp3_fixed_2,5053,645.0157,650.1125,0.0,-0.5876874923706055,-4.5090675
exp3_fixed_2,5054,555.4963,577.16235,0.0,-1.0968308448791504,-20.56922
exp3_fixed_2,5055,588.9158,592.93335,0.0,-2.0778701305389404,-1.9396732
exp3_fixed_2,5056,578.4565,584.8866,0.0,-0.9067586660385132,-5.523384
exp3_fixed_2,5057,581.7959,583.8116,0.0,-1.3900220394134521,-0.6257117
exp3_fixed_2,5058,616.7448,619.32,0.0,-0.5061733722686768,-2.0690553
exp3_fixed_2,5059,555.73114,562.0711,0.0,-0.43532007932662964,-5.9046
exp3_fixed_2,5061,496.35687,502.95428,0.0,-1.2774100303649902,-5.319974
exp3_fixed_2,5062,553.1568,557.4851,0.0,-0.8996028900146484,-3.4287174
exp3_fixed_2,5063,632.1501,638.3598,0.0,-0.6947630643844604,-5.5150146
exp3_fixed_2,5064,532.12683,544.1511,0.0,-6.491067409515381,-5.5332203
exp3_fixed_2,5065,-125.07143,91.91123,-200.0,-15.099496841430664,-1.8831818
exp3_fixed_2,5066,628.1558,634.73254,0.0,-0.4191969633102417,-6.1575727
exp3_fixed_2,5067,500.04755,516.40314,0.0,-2.619910717010498,-13.735681
exp3_fixed_2,5068,549.6648,555.62134,0.0,-0.6275233626365662,-5.329013
exp3_fixed_2,5069,518.00494,544.162,0.0,-0.8156728148460388,-25.341396
exp3_fixed_2,5070,518.9392,522.27246,0.0,-1.045812726020813,-2.287465
exp3_fixed_2,5071,620.89417,624.2103,0.0,-0.9045773148536682,-2.4116056
exp3_fixed_2,5072,604.2594,607.804,0.0,-0.8186391592025757,-2.7259643
exp3_fixed_2,5073,657.8235,659.8992,0.0,-0.2743515372276306,-1.8012937
exp3_fixed_2,5074,634.4,641.4946,0.0,-1.1759535074234009,-5.918673
exp3_fixed_2,5075,-56.463844,-5.718723,0.0,-10.623035430908203,-40.122066
exp3_fixed_2,5076,554.32605,561.99866,0.0,-0.7431083917617798,-6.929472
exp3_fixed_2,5077,609.6631,615.9956,0.0,-0.2827640771865845,-6.049765
exp3_fixed_2,5078,584.2805,586.9221,0.0,-0.491445928812027,-2.1501563
exp3_fixed_2,5079,543.4573,545.6227,0.0,-0.6947692036628723,-1.4706669
exp3_fixed_2,5081,637.96564,644.7781,0.0,-0.47338947653770447,-6.339039
exp3_fixed_2,5082,641.1111,643.9241,0.0,-0.762268602848053,-2.0506685
exp3_fixed_2,5083,575.2958,576.9145,0.0,-0.8041581511497498,-0.8145398
exp3_fixed_2,5084,589.1348,592.86694,0.0,-1.8113481998443604,-1.9208255
exp3_fixed_2,5085,566.32556,572.64465,0.0,-0.38436686992645264,-5.934803
exp3_fixed_2,5086,643.7375,646.51587,0.0,-0.4964253008365631,-2.2819684
exp3_fixed_2,5087,541.0353,546.1724,0.0,-1.4219571352005005,-3.7151873
exp3_fixed_2,5088,604.25574,611.7359,0.0,-0.5066225528717041,-6.9734945
exp3_fixed_2,5089,632.1762,635.0222,0.0,-0.28948840498924255,-2.5565314
exp3_fixed_2,5090,555.4164,559.1658,0.0,-0.755713939666748,-2.9936848
exp3_fixed_2,5091,504.15826,510.324,0.0,-0.6272634863853455,-5.538447
exp3_fixed_2,5092,514.252,526.2808,0.0,-4.642087459564209,-7.386728
exp3_fixed_2,5093,577.8065,585.39594,0.0,-1.0193679332733154,-6.569996
exp3_fixed_2,5094,552.2564,560.062,0.0,-1.7668215036392212,-6.038813
exp3_fixed_2,5095,630.3903,643.9467,0.0,-7.855968475341797,-5.7004175
exp3_fixed_2,5096,541.0785,551.02563,0.0,-0.6812742948532104,-9.265889
exp3_fixed_2,5097,561.6249,568.03174,0.0,-0.7259656190872192,-5.680862
exp3_fixed_2,5098,628.1112,634.1686,0.0,-0.6826784014701843,-5.374795
exp3_fixed_2,5099,635.0006,643.99554,0.0,-0.49393463134765625,-8.50102
exp3_fixed_2,5101,565.08093,572.75287,0.0,-2.073887586593628,-5.597986
exp3_fixed_2,5102,508.03503,512.49915,0.0,-1.0338847637176514,-3.430165
exp3_fixed_2,5103,596.51825,599.32965,0.0,-0.636932373046875,-2.1744525
exp3_fixed_2,5104,586.861,593.2526,0.0,-3.928704023361206,-2.4629018
exp3_fixed_2,5105,460.03217,470.3493,0.0,-1.9153329133987427,-8.401796
exp3_fixed_2,5106,626.82275,628.16,0.0,-0.3753122389316559,-0.9619469
exp3_fixed_2,5107,407.45618,428.5444,0.0,-0.7211025357246399,-20.367052
exp3_fixed_2,5108,531.1526,540.6162,0.0,-1.1991405487060547,-8.264499
exp3_fixed_2,5109,595.09424,601.0667,0.0,-0.4306737780570984,-5.541823
exp3_fixed_2,5110,548.4121,553.0051,0.0,-1.1384727954864502,-3.4545422
exp3_fixed_2,5111,582.4287,596.6662,0.0,-0.4727926552295685,-13.76473
exp3_fixed_2,5112,592.3711,595.46497,0.0,-0.8184865117073059,-2.2753344
exp3_fixed_2,5113,563.7458,573.19476,0.0,-0.9421365261077881,-8.506881
exp3_fixed_2,5114,559.52423,563.3319,0.0,-0.6862770915031433,-3.1214116
exp3_fixed_2,5115,614.6017,617.63965,0.0,-1.3687039613723755,-1.669269
exp3_fixed_2,5116,625.4034,633.4784,0.0,-0.42685744166374207,-7.64818
exp3_fixed_2,5117,570.5356,576.4275,0.0,-0.8244233727455139,-5.0675097
exp3_fixed_2,5118,579.0204,588.57544,0.0,-0.4627646803855896,-9.09234
exp3_fixed_2,5119,530.3717,542.8987,0.0,-0.5813570618629456,-11.945666
exp3_fixed_2,5121,564.8273,581.80475,0.0,-0.6330882906913757,-16.344448
exp3_fixed_2,5122,624.4071,628.9992,0.0,-1.9908030033111572,-2.60129
exp3_fixed_2,5123,643.80237,646.1138,0.0,-0.3766326904296875,-1.9347126
exp3_fixed_2,5124,613.8015,616.83813,0.0,-0.8597666621208191,-2.176856
exp3_fixed_2,5125,593.9177,600.30945,0.0,-0.44447651505470276,-5.9472523
exp3_fixed_2,5126,616.72986,619.7588,0.0,-1.3912371397018433,-1.6377076
exp3_fixed_2,5127,603.3712,605.69995,0.0,-0.5308744311332703,-1.7978606
exp3_fixed_2,5128,589.43726,592.147,0.0,-0.5838062763214111,-2.1258905
exp3_fixed_2,5129,572.30945,577.3917,0.0,-1.102084994316101,-3.9802694
exp3_fixed_2,5130,606.9933,611.33673,0.0,-2.218362808227539,-2.1250699
exp3_fixed_2,5131,548.6052,575.0688,0.0,-2.3487401008605957,-24.114851
exp3_fixed_2,5132,-30.053585,14.4239435,0.0,-2.303812265396118,-42.173695
exp3_fixed_2,5133,580.8229,583.03925,0.0,-0.561057448387146,-1.6553273
exp3_fixed_2,5134,516.6621,539.7591,0.0,-0.29456478357315063,-22.80238
exp3_fixed_2,5135,569.78467,572.56506,0.0,-0.22008255124092102,-2.5603223
exp3_fixed_2,5136,523.9364,535.14764,0.0,-1.509473204612732,-9.7018
exp3_fixed_2,5137,539.46387,549.4971,0.0,-1.4503575563430786,-8.582831
exp3_fixed_2,5138,499.71912,513.1916,0.0,-1.4166481494903564,-12.055804
exp3_fixed_2,5139,557.1874,572.1837,0.0,-1.2813183069229126,-13.714994
exp3_fixed_2,5141,575.15515,582.0159,0.0,-0.5608383417129517,-6.299968
exp3_fixed_2,5142,523.43756,536.81006,0.0,-1.0587215423583984,-12.31378
exp3_fixed_2,5143,533.385,545.8239,0.0,-0.5934957265853882,-11.845401
exp3_fixed_2,5144,632.54553,636.59436,0.0,-1.1227004528045654,-2.9261084
exp3_fixed_2,5145,513.9103,529.6477,0.0,-5.603338241577148,-10.134089
exp3_fixed_2,5146,-158.53412,50.052937,-200.0,-8.009110450744629,-0.57793427
exp3_fixed_2,5147,555.45605,564.39575,0.0,-1.542556643486023,-7.3971257
exp3_fixed_2,5148,609.76855,617.3609,0.0,-0.5858782529830933,-7.0064545
exp3_fixed_2,5149,644.32153,647.07983,0.0,-0.5656609535217285,-2.1926594
exp3_fixed_2,5150,608.97815,611.78265,0.0,-0.5599738359451294,-2.2445338
exp3_fixed_2,5151,578.6435,582.5499,0.0,-1.2658607959747314,-2.640572
exp3_fixed_2,5152,643.44366,648.7949,0.0,-0.6650842428207397,-4.686207
exp3_fixed_2,5153,543.8455,552.9983,0.0,-0.9036465883255005,-8.249108
exp3_fixed_2,5154,588.5503,591.6205,0.0,-0.5476697087287903,-2.5225036
exp3_fixed_2,5155,645.3317,647.76245,0.0,-0.6558371782302856,-1.7748555
exp3_fixed_2,5156,419.79355,430.84454,0.0,-3.9682974815368652,-7.0826817
exp3_fixed_2,5157,589.71985,594.4241,0.0,-1.6435829401016235,-3.0606165
exp3_fixed_2,5158,577.04614,585.0633,0.0,-1.106551170349121,-6.910653
exp3_fixed_2,5159,634.348,637.4793,0.0,-0.5574852824211121,-2.573815
exp3_fixed_2,5161,598.90027,604.0592,0.0,-2.3545379638671875,-2.8044524
exp3_fixed_2,5162,573.47656,586.876,0.0,-0.5239132642745972,-12.8754425
exp3_fixed_2,5163,609.0365,611.44824,0.0,-0.5202036499977112,-1.891493
exp3_fixed_2,5164,605.2317,611.3918,0.0,-0.4071609377861023,-5.7528725
exp3_fixed_2,5165,522.96533,530.15656,0.0,-0.48805421590805054,-6.7031426
exp3_fixed_2,5166,615.1364,621.9378,0.0,-0.3351851999759674,-6.466143
exp3_fixed_2,5167,632.56525,642.5996,0.0,-0.9566230177879333,-9.077744
exp3_fixed_2,5168,578.0378,582.64764,0.0,-1.0770295858383179,-3.532881
exp3_fixed_2,5169,598.0042,604.656,0.0,-0.33753082156181335,-6.3142333
exp3_fixed_2,5170,550.1607,554.0589,0.0,-0.8083990216255188,-3.089796
exp3_fixed_2,5171,609.0029,612.7704,0.0,-0.6959871053695679,-3.0714655
exp3_fixed_2,5172,610.0477,621.689,0.0,-1.9723767042160034,-9.668965
exp3_fixed_2,5173,-331.05167,-0.47425127,-200.0,-109.78880310058594,-20.78861
exp3_fixed_2,5174,576.74854,592.4429,0.0,-2.6910853385925293,-13.00322
exp3_fixed_2,5175,603.47253,606.7342,0.0,-0.6606010794639587,-2.6010537
exp3_fixed_2,5176,642.089,643.98505,0.0,-0.3952840268611908,-1.5007776
exp3_fixed_2,5177,505.98767,513.1709,0.0,-4.515482425689697,-2.6677582
exp3_fixed_2,5178,564.98694,567.98413,0.0,-0.44092899560928345,-2.5563154
exp3_fixed_2,5179,596.28296,605.32245,0.0,-1.111825704574585,-7.927712
exp3_fixed_2,5181,560.29285,563.9905,0.0,-1.6106784343719482,-2.0869539
exp3_fixed_2,5182,607.2782,610.46594,0.0,-1.0890926122665405,-2.0986001
exp3_fixed_2,5183,-105.25025,-73.28258,0.0,-4.541807651519775,-27.42588
exp3_fixed_2,5184,620.61206,624.6631,0.0,-1.8578087091445923,-2.1932645
exp3_fixed_2,5185,-71.613075,-14.100647,0.0,-45.46440887451172,-12.04804
exp3_fixed_2,5186,651.9021,654.47595,0.0,-1.5056051015853882,-1.0682187
exp3_fixed_2,5187,477.586,483.1579,0.0,-4.06728458404541,-1.5045968
exp3_fixed_2,5188,611.24335,616.46967,0.0,-1.605518102645874,-3.620828
exp3_fixed_2,5189,635.3374,642.77527,0.0,-1.3710393905639648,-6.0668526
exp3_fixed_2,5190,574.0985,595.48413,0.0,-1.592371940612793,-19.793184
exp3_fixed_2,5191,638.3852,645.072,0.0,-0.40117147564888,-6.2857285
exp3_fixed_2,5192,643.9623,646.81177,0.0,-0.6174126267433167,-2.2320557
exp3_fixed_2,5193,624.7161,632.4075,0.0,-0.6108629703521729,-7.0804186
exp3_fixed_2,5194,612.75836,616.40137,0.0,-0.9448033571243286,-2.6982663
exp3_fixed_2,5195,479.20102,500.078,0.0,-0.43903252482414246,-20.437954
exp3_fixed_2,5196,-142.8378,66.2829,-200.0,-8.896724700927734,-0.22397661
exp3_fixed_2,5197,641.37787,645.51624,0.0,-1.1065077781677246,-3.031853
exp3_fixed_2,5198,492.73416,518.5128,0.0,-0.5049307346343994,-25.273716
exp3_fixed_2,5199,592.04956,607.11,0.0,-0.7157884836196899,-14.344666
exp3_fixed_2,5201,585.09644,592.8688,0.0,-0.6236409544944763,-7.148672
exp3_fixed_2,5202,564.5007,568.512,0.0,-1.8704208135604858,-2.1408966
exp3_fixed_2,5203,594.23914,596.02905,0.0,-0.5255990624427795,-1.2642663
exp3_fixed_2,5204,633.45166,637.4159,0.0,-0.8363890051841736,-3.1278484
exp3_fixed_2,5205,643.77527,651.55115,0.0,-2.005831003189087,-5.7699795
exp3_fixed_2,5206,627.9814,630.68256,0.0,-0.7003065943717957,-2.0008368
exp3_fixed_2,5207,662.6493,667.03314,0.0,-1.0666377544403076,-3.317206
exp3_fixed_2,5208,508.4724,514.3645,0.0,-0.6500741243362427,-5.241979
exp3_fixed_2,5209,551.0442,558.2716,0.0,-0.7275902032852173,-6.4998546
exp3_fixed_2,5210,542.80334,562.7141,0.0,-0.545809268951416,-19.364985
exp3_fixed_2,5211,560.1255,568.823,0.0,-0.8061217069625854,-7.891429
exp3_fixed_2,5212,584.30396,587.2464,0.0,-0.48248448967933655,-2.4599478
exp3_fixed_2,5213,-316.6129,33.895817,-200.0,-149.90811157226562,-0.6006136
exp3_fixed_2,5214,623.6113,635.9625,0.0,-0.5844739079475403,-11.766708
exp3_fixed_2,5215,604.2377,606.68,0.0,-1.0299978256225586,-1.4123443
exp3_fixed_2,5216,574.8578,582.2434,0.0,-0.38916686177253723,-6.9964414
exp3_fixed_2,5217,495.90552,532.8024,0.0,-0.3204140067100525,-36.576435
exp3_fixed_2,5218,673.97424,676.8601,0.0,-0.3660840392112732,-2.5198202
exp3_fixed_2,5219,564.9308,573.6204,0.0,-1.1521433591842651,-7.5374703
exp3_fixed_2,5221,597.12054,599.7144,0.0,-1.4755487442016602,-1.1182926
exp3_fixed_2,5222,545.7174,551.69574,0.0,-0.6886608004570007,-5.2896824
exp3_fixed_2,5223,-120.72154,97.476006,-200.0,-15.109416961669922,-3.0881305
exp3_fixed_2,5224,579.5374,600.2656,0.0,-0.8742852210998535,-19.853928
exp3_fixed_2,5225,626.8949,638.2036,0.0,-1.126537799835205,-10.182137
exp3_fixed_2,5226,584.2714,587.54767,0.0,-0.9069193601608276,-2.369344
exp3_fixed_2,5227,-36.53223,-3.0044465,0.0,-1.4225468635559082,-32.105225
exp3_fixed_2,5228,-204.79204,4.7460694,-200.0,-9.136455535888672,-0.40163878
exp3_fixed_2,5229,624.5786,626.38464,0.0,-0.48718199133872986,-1.3188488
exp3_fixed_2,5230,602.5306,605.71106,0.0,-0.5731936693191528,-2.6072392
exp3_fixed_2,5231,511.62408,521.92914,0.0,-1.5142772197723389,-8.790791
exp3_fixed_2,5232,568.9561,572.8591,0.0,-1.229842185974121,-2.6731014
exp3_fixed_2,5233,561.3081,566.2322,0.0,-0.650703489780426,-4.2733526
exp3_fixed_2,5234,584.3873,598.17505,0.0,-0.5507453083992004,-13.236934
exp3_fixed_2,5235,631.2206,638.7462,0.0,-0.4576340317726135,-7.0680337
exp3_fixed_2,5236,573.20245,584.9021,0.0,-0.6043747663497925,-11.095253
exp3_fixed_2,5237,588.74915,595.7222,0.0,-0.49931150674819946,-6.473771
exp3_fixed_2,5238,679.7578,686.0913,0.0,-0.3279261589050293,-6.005567
exp3_fixed_2,5239,593.0394,595.78613,0.0,-0.9559098482131958,-1.7907413
exp3_fixed_2,5241,548.1,561.5162,0.0,-5.252859115600586,-8.163297
exp3_fixed_2,5242,514.94415,520.7053,0.0,-2.1024811267852783,-3.658734
exp3_fixed_2,5243,560.1209,567.1247,0.0,-0.378680944442749,-6.625094
exp3_fixed_2,5244,577.5541,581.1735,0.0,-1.0695101022720337,-2.5499127
exp3_fixed_2,5245,625.0371,631.4645,0.0,-1.2116005420684814,-5.2157545
exp3_fixed_2,5246,602.29425,606.1674,0.0,-0.7794023156166077,-3.0937567
exp3_fixed_2,5247,608.4578,615.38824,0.0,-0.37856385111808777,-6.5518575
exp3_fixed_2,5248,562.67365,575.6128,0.0,-1.0289132595062256,-11.910238
exp3_fixed_2,5249,584.72424,586.92035,0.0,-0.5539830327033997,-1.642091
exp3_fixed_2,5250,549.10077,551.2501,0.0,-0.13538222014904022,-2.0140119
exp3_fixed_2,5251,586.3913,592.94763,0.0,-0.6329609155654907,-5.923401
exp3_fixed_2,5252,118.017845,173.54425,0.0,-1.7844384908676147,-53.741955
exp3_fixed_2,5253,528.0651,536.5692,0.0,-1.1319808959960938,-7.3721156
exp3_fixed_2,5254,569.3793,572.1012,0.0,-0.5980218648910522,-2.123856
exp3_fixed_2,5255,616.7407,624.385,0.0,-0.4018658399581909,-7.2424226
exp3_fixed_2,5256,-127.26063,90.764854,-200.0,-15.817838668823242,-2.2076159
exp3_fixed_2,5257,580.49854,585.65326,0.0,-1.0046221017837524,-4.1500964
exp3_fixed_2,5258,583.43243,607.61584,0.0,-0.37471988797187805,-23.808775
exp3_fixed_2,5259,559.3331,571.38007,0.0,-3.575615882873535,-8.471299
exp3_fixed_2,5261,640.7875,643.9199,0.0,-1.0285743474960327,-2.1038427
exp3_fixed_2,5262,625.8336,628.99554,0.0,-0.6231057643890381,-2.5388498
exp3_fixed_2,5263,563.2146,565.5402,0.0,-0.6418898105621338,-1.6837204
exp3_fixed_2,5264,528.31134,540.06274,0.0,-1.2929840087890625,-10.458404
exp3_fixed_2,5265,613.3526,614.8013,0.0,-0.6437293291091919,-0.8049483
exp3_fixed_2,5266,582.2191,586.47473,0.0,-2.315155267715454,-1.9404442
exp3_fixed_2,5267,625.77954,639.23224,0.0,-1.0634735822677612,-12.389239
exp3_fixed_2,5268,570.03394,574.0881,0.0,-0.3779604732990265,-3.676139
exp3_fixed_2,5269,596.4814,598.17065,0.0,-0.35455623269081116,-1.334712
exp3_fixed_2,5270,536.62775,545.1494,0.0,-0.7499225735664368,-7.771785
exp3_fixed_2,5271,604.4932,617.9631,0.0,-0.636206328868866,-12.833617
exp3_fixed_2,5272,529.00244,536.4667,0.0,-0.544464111328125,-6.9197674
exp3_fixed_2,5273,554.22327,558.43115,0.0,-0.9827029705047607,-3.2251477
exp3_fixed_2,5274,647.3352,655.5145,0.0,-0.5210550427436829,-7.6582804
exp3_fixed_2,5275,558.43555,566.8651,0.0,-0.6108635067939758,-7.818658
exp3_fixed_2,5276,588.98254,609.92017,0.0,-1.0475375652313232,-19.890095
exp3_fixed_2,5277,568.81036,570.77594,0.0,-0.6368964314460754,-1.3287035
exp3_fixed_2,5278,530.7555,534.91815,0.0,-0.6572633981704712,-3.5053878
exp3_fixed_2,5279,602.70764,604.6971,0.0,-0.7015405893325806,-1.2879263
exp3_fixed_2,5281,573.6903,580.49274,0.0,-0.56247878074646,-6.2399793
exp3_fixed_2,5282,563.6915,568.8153,0.0,-0.7191111445426941,-4.4046903
exp3_fixed_2,5283,619.56805,626.0516,0.0,-0.6197336912155151,-5.8638167
exp3_fixed_2,5284,513.273,526.0138,0.0,-0.5384789705276489,-12.20226
exp3_fixed_2,5285,620.7253,624.04785,0.0,-1.478774905204773,-1.8438119
exp3_fixed_2,5286,660.77795,663.5879,0.0,-0.4902082085609436,-2.31967
exp3_fixed_2,5287,573.77277,580.7971,0.0,-2.2685201168060303,-4.7557597
exp3_fixed_2,5288,552.76624,555.08276,0.0,-0.9262067079544067,-1.3902878
exp3_fixed_2,5289,624.7976,626.1016,0.0,-0.08217190951108932,-1.2219132
exp3_fixed_2,5290,628.1676,637.9423,0.0,-1.3467494249343872,-8.428019
exp3_fixed_2,5291,536.5204,550.0682,0.0,-0.34395796060562134,-13.20379
exp3_fixed_2,5292,529.5094,541.981,0.0,-2.15655517578125,-10.315114
exp3_fixed_2,5293,669.15967,671.5137,0.0,-0.8107859492301941,-1.543261
exp3_fixed_2,5294,622.1042,628.3843,0.0,-0.456240177154541,-5.8238173
exp3_fixed_2,5295,655.40466,661.96216,0.0,-0.8638196587562561,-5.6936316
exp3_fixed_2,5296,660.7929,664.48065,0.0,-0.6859526038169861,-3.0017474
exp3_fixed_2,5297,580.63104,583.2323,0.0,-0.4918755292892456,-2.1093793
exp3_fixed_2,5298,648.1934,650.52686,0.0,-0.8324835896492004,-1.5009634
exp3_fixed_2,5299,542.91473,564.61755,0.0,-1.4571577310562134,-20.245651
exp3_fixed_2,5301,600.008,607.2062,0.0,-0.6449254155158997,-6.5532894
exp3_fixed_2,5302,611.17444,613.8709,0.0,-0.8445655107498169,-1.851879
exp3_fixed_2,5303,547.68304,550.5836,0.0,-0.7713437676429749,-2.1292431
exp3_fixed_2,5304,530.8639,539.3383,0.0,-0.6328192949295044,-7.841572
exp3_fixed_2,5305,617.53876,622.0325,0.0,-0.927643895149231,-3.5660484
exp3_fixed_2,5306,602.1437,605.22876,0.0,-0.5003526210784912,-2.584684
exp3_fixed_2,5307,647.4171,650.85864,0.0,-1.04339599609375,-2.39812
exp3_fixed_2,5308,608.6253,617.5377,0.0,-1.3260366916656494,-7.586324
exp3_fixed_2,5309,536.1813,541.58185,0.0,-2.5208981037139893,-2.879646
exp3_fixed_2,5310,-38.63771,-5.9609327,0.0,-21.59763526916504,-11.079124
exp3_fixed_2,5311,397.9248,436.2017,0.0,-27.02695655822754,-11.249947
exp3_fixed_2,5312,622.1951,628.50287,0.0,-0.36343926191329956,-5.9442735
exp3_fixed_2,5313,7.0462418,46.279114,0.0,-3.109712600708008,-36.123108
exp3_fixed_2,5314,-120.23749,109.92443,-200.0,-27.265464782714844,-2.8964386
exp3_fixed_2,5315,576.61896,579.8551,0.0,-0.4311898946762085,-2.8049307
exp3_fixed_2,5316,636.44617,641.6532,0.0,-3.0996108055114746,-2.1074488
exp3_fixed_2,5317,527.74023,542.83356,0.0,-0.5969427824020386,-14.496387
exp3_fixed_2,5318,605.5928,616.5764,0.0,-1.2501364946365356,-9.733532
exp3_fixed_2,5319,599.44183,602.8469,0.0,-1.4674192667007446,-1.9376457
exp3_fixed_2,5321,527.9879,533.09406,0.0,-0.5633119344711304,-4.5428295
exp3_fixed_2,5322,597.3174,601.3466,0.0,-1.5764557123184204,-2.4528277
exp3_fixed_2,5323,611.7002,613.8755,0.0,-0.7464604377746582,-1.4288167
exp3_fixed_2,5324,508.6949,516.2549,0.0,-0.24485549330711365,-7.315127
exp3_fixed_2,5325,578.3002,596.18567,0.0,-1.7072724103927612,-16.178226
exp3_fixed_2,5326,620.6171,629.1424,0.0,-0.6356838345527649,-7.889557
exp3_fixed_2,5327,616.60736,619.1753,0.0,-1.0742665529251099,-1.4936602
exp3_fixed_2,5328,636.66907,640.4014,0.0,-1.4701635837554932,-2.2622273
exp3_fixed_2,5329,583.50854,592.4523,0.0,-0.8582386374473572,-8.085515
exp3_fixed_2,5330,632.7075,635.68536,0.0,-0.4676704704761505,-2.5101974
exp3_fixed_2,5331,603.51666,605.5949,0.0,-0.3490331470966339,-1.7292376
exp3_fixed_2,5332,532.4227,540.2888,0.0,-5.107257843017578,-2.7588527
exp3_fixed_2,5333,544.9095,565.2444,0.0,-1.2556140422821045,-19.079184
exp3_fixed_2,5334,540.9312,548.9988,0.0,-0.7585794925689697,-7.3089542
exp3_fixed_2,5335,640.8353,643.2009,0.0,-0.5357605814933777,-1.8298532
exp3_fixed_2,5336,515.5259,528.1571,0.0,-0.8440133333206177,-11.787214
exp3_fixed_2,5337,574.4207,587.46405,0.0,-0.6456924676895142,-12.397588
exp3_fixed_2,5338,601.3689,608.4015,0.0,-0.5065887570381165,-6.5260086
exp3_fixed_2,5339,505.41522,530.57007,0.0,-0.6116017699241638,-24.543205
exp3_fixed_2,5341,545.8284,554.4481,0.0,-0.6605002880096436,-7.9591913
exp3_fixed_2,5342,546.00696,577.89813,0.0,-0.6858831644058228,-31.205286
exp3_fixed_2,5343,414.5304,436.7,0.0,-0.9243414998054504,-21.245275
exp3_fixed_2,5344,537.8519,565.33514,0.0,-1.5207388401031494,-25.962446
exp3_fixed_2,5345,526.0283,532.70514,0.0,-1.3364319801330566,-5.340356
exp3_fixed_2,5346,538.5756,552.23865,0.0,-1.977600336074829,-11.685504
exp3_fixed_2,5347,639.12,640.9531,0.0,-0.5593911409378052,-1.2737373
exp3_fixed_2,5348,624.1702,627.4656,0.0,-0.31167250871658325,-2.9836926
exp3_fixed_2,5349,582.59015,590.4636,0.0,-0.8645194172859192,-7.008927
exp3_fixed_2,5350,561.17285,570.8985,0.0,-1.216407060623169,-8.509231
exp3_fixed_2,5351,507.52167,517.49524,0.0,-1.0028424263000488,-8.970758
exp3_fixed_2,5352,519.8276,521.8159,0.0,-0.6955639719963074,-1.2928133
exp3_fixed_2,5353,597.1861,607.9715,0.0,-1.4764692783355713,-9.308982
exp3_fixed_2,5354,640.4534,644.14624,0.0,-0.9615383148193359,-2.7312536
exp3_fixed_2,5355,558.2855,566.16046,0.0,-0.9107686281204224,-6.964213
exp3_fixed_2,5356,602.62244,605.5723,0.0,-0.7968447208404541,-2.1531234
exp3_fixed_2,5357,578.74695,582.234,0.0,-1.2900441884994507,-2.1969807
exp3_fixed_2,5358,546.547,551.9349,0.0,-0.5991412997245789,-4.788746
exp3_fixed_2,5359,617.9045,621.459,0.0,-1.188773512840271,-2.3656986
exp3_fixed_2,5361,551.08655,559.04205,0.0,-0.8653018474578857,-7.0902014
exp3_fixed_2,5362,-339.3061,12.0630245,-200.0,-150.8997344970703,-0.4693785
exp3_fixed_2,5363,639.886,646.823,0.0,-0.619960367679596,-6.317092
exp3_fixed_2,5364,598.14526,604.2735,0.0,-0.6903789639472961,-5.4378343
exp3_fixed_2,5365,599.8776,603.01697,0.0,-1.0721265077590942,-2.0672688
exp3_fixed_2,5366,550.2329,565.4722,0.0,-1.179587960243225,-14.059752
exp3_fixed_2,5367,586.7013,590.3297,0.0,-0.5443392395973206,-3.0840614
exp3_fixed_2,5368,583.16016,585.89575,0.0,-0.5594119429588318,-2.1761167
exp3_fixed_2,5369,572.67566,581.1467,0.0,-0.36647069454193115,-8.104552
exp3_fixed_2,5370,551.75604,561.6183,0.0,-1.191633701324463,-8.670547
exp3_fixed_2,5371,553.6498,564.2299,0.0,-0.6694895029067993,-9.910693
exp3_fixed_2,5372,577.82947,579.5133,0.0,-0.4327854514122009,-1.2510068
exp3_fixed_2,5373,566.06537,568.8012,0.0,-0.5894570350646973,-2.1464
exp3_fixed_2,5374,575.38275,587.9103,0.0,-3.7165870666503906,-8.810923
exp3_fixed_2,5375,540.79504,559.9958,0.0,-0.3768225908279419,-18.823925
exp3_fixed_2,5376,562.8122,566.7463,0.0,-1.4925671815872192,-2.4415057
exp3_fixed_2,5377,524.636,526.82745,0.0,-0.6169415712356567,-1.5744907
exp3_fixed_2,5378,573.2587,578.13605,0.0,-0.39616772532463074,-4.481156
exp3_fixed_2,5379,472.6272,473.84457,0.0,-0.3745211958885193,-0.8428555
exp3_fixed_2,5381,563.012,567.1239,0.0,-1.0661050081253052,-3.045786
exp3_fixed_2,5382,575.46326,578.9061,0.0,-0.4862174391746521,-2.9566865
exp3_fixed_2,5383,548.1983,561.1715,0.0,-0.7941039800643921,-12.179126
exp3_fixed_2,5384,590.9027,593.0247,0.0,-0.38546907901763916,-1.7365408
exp3_fixed_2,5385,558.40344,568.64874,0.0,-0.8336082696914673,-9.411661
exp3_fixed_2,5386,566.4811,573.0666,0.0,-0.36769431829452515,-6.2177806
exp3_fixed_2,5387,568.63965,577.24585,0.0,-0.9644109010696411,-7.6417837
exp3_fixed_2,5388,608.2381,611.102,0.0,-0.9120690822601318,-1.9518381
exp3_fixed_2,5389,574.553,576.86414,0.0,-0.7342662811279297,-1.5768534
exp3_fixed_2,5390,632.96375,647.98047,0.0,-0.7616293430328369,-14.255053
exp3_fixed_2,5391,537.4496,539.9425,0.0,-0.12576070427894592,-2.367168
exp3_fixed_2,5392,574.9638,576.17004,0.0,-0.2085399031639099,-0.9977294
exp3_fixed_2,5393,-85.18017,-33.148453,0.0,-4.942946434020996,-47.0888
exp3_fixed_2,5394,591.438,597.5446,0.0,-0.5887659192085266,-5.51791
exp3_fixed_2,5395,585.85046,594.50684,0.0,-0.39962470531463623,-8.256736
exp3_fixed_2,5396,572.1039,574.5966,0.0,-0.42151546478271484,-2.071146
exp3_fixed_2,5397,566.12634,569.33435,0.0,-0.3115331828594208,-2.8964539
exp3_fixed_2,5398,624.0989,625.77716,0.0,-0.25025254487991333,-1.4280176
exp3_fixed_2,5399,639.8035,648.408,0.0,-1.6790488958358765,-6.925429
exp3_fixed_2,5401,437.35272,472.7577,0.0,-0.8044534921646118,-34.60056
exp3_fixed_2,5402,604.3711,607.1482,0.0,-0.3443756699562073,-2.4326785
exp3_fixed_2,5403,607.978,616.31055,0.0,-0.528740644454956,-7.8037415
exp3_fixed_2,5404,-93.36595,-45.044727,0.0,-32.539608001708984,-15.781601
exp3_fixed_2,5405,516.0747,541.7298,0.0,-0.8023263812065125,-24.85275
exp3_fixed_2,5406,533.532,546.91516,0.0,-0.37881922721862793,-13.004336
exp3_fixed_2,5407,506.0088,515.7846,0.0,-0.8000540137290955,-8.975776
exp3_fixed_2,5408,610.3988,613.83936,0.0,-0.5820426940917969,-2.858521
exp3_fixed_2,5409,548.59045,554.9698,0.0,-0.31380563974380493,-6.0655355
exp3_fixed_2,5410,558.567,560.6962,0.0,-0.3777478039264679,-1.7514836
exp3_fixed_2,5411,24.771591,234.62778,-200.0,-8.079265594482422,-1.7769316
exp3_fixed_2,5412,590.2984,603.49994,0.0,-0.6900217533111572,-12.511536
exp3_fixed_2,5413,490.38855,495.47244,0.0,-0.8216221332550049,-4.262249
exp3_fixed_2,5414,625.0847,630.7041,0.0,-2.9304041862487793,-2.6889842
exp3_fixed_2,5415,-60.93222,-14.339408,0.0,-33.315460205078125,-13.277401
exp3_fixed_2,5416,-173.87837,55.745956,-200.0,-28.720022201538086,-0.9043181
exp3_fixed_2,5417,635.21954,647.58545,0.0,-0.7802382111549377,-11.585675
exp3_fixed_2,5418,496.5119,528.608,0.0,-0.5181968808174133,-31.57788
exp3_fixed_2,5419,600.7582,609.17365,0.0,-0.5270048975944519,-7.888432
exp3_fixed_2,5421,591.89075,593.5763,0.0,-0.6706410050392151,-1.0148702
exp3_fixed_2,5422,627.80023,629.99713,0.0,-0.5877048969268799,-1.609225
exp3_fixed_2,5423,549.92786,559.2132,0.0,-1.0371778011322021,-8.248154
exp3_fixed_2,5424,-13.432558,22.427084,0.0,-4.019289970397949,-31.840366
exp3_fixed_2,5425,-37.973415,-2.3414228,0.0,-1.777807593345642,-33.8542
exp3_fixed_2,5426,582.7661,585.67957,0.0,-0.5171260237693787,-2.3963094
exp3_fixed_2,5427,548.2083,555.44336,0.0,-1.8393359184265137,-5.395709
exp3_fixed_2,5428,601.4761,603.07513,0.0,-0.5654920935630798,-1.0335464
exp3_fixed_2,5429,550.365,557.2262,0.0,-4.883278846740723,-1.977936
exp3_fixed_2,5430,567.6861,575.5418,0.0,-0.7732048630714417,-7.0825253
exp3_fixed_2,5431,-85.452354,-28.542374,0.0,-44.49021530151367,-12.419796
exp3_fixed_2,5432,586.9163,594.71686,0.0,-0.7218197584152222,-7.078701
exp3_fixed_2,5433,641.7315,645.1705,0.0,-0.5217828750610352,-2.9172068
exp3_fixed_2,5434,537.79614,540.85565,0.0,-0.56385737657547,-2.4956698
exp3_fixed_2,5435,583.50586,586.3148,0.0,-0.6936026811599731,-2.1153772
exp3_fixed_2,5436,565.37537,570.9607,0.0,-4.1264424324035645,-1.4589446
exp3_fixed_2,5437,637.36664,640.52454,0.0,-0.9912979006767273,-2.1666257
exp3_fixed_2,5438,518.5651,537.91034,0.0,-1.0213346481323242,-18.32385
exp3_fixed_2,5439,613.58167,624.5801,0.0,-0.610127866268158,-10.38832
exp3_fixed_2,5441,465.3125,475.36426,0.0,-0.9859318733215332,-9.065837
exp3_fixed_2,5442,606.7514,616.72437,0.0,-1.0182772874832153,-8.954631
exp3_fixed_2,5443,599.8308,602.97766,0.0,-0.7279459238052368,-2.418936
exp3_fixed_2,5444,478.88605,484.48663,0.0,-3.334533929824829,-2.2660232
exp3_fixed_2,5445,641.65607,647.4219,0.0,-0.29865962266921997,-5.467168
exp3_fixed_2,5446,522.56464,535.789,0.0,-0.5550776720046997,-12.669271
exp3_fixed_2,5447,550.0144,564.6536,0.0,-1.5027191638946533,-13.136479
exp3_fixed_2,5448,596.2628,605.9781,0.0,-1.904031753540039,-7.811225
exp3_fixed_2,5449,560.6052,571.6988,0.0,-1.0820066928863525,-10.011524
exp3_fixed_2,5450,556.982,563.5076,0.0,-0.1805577278137207,-6.3451037
exp3_fixed_2,5451,621.84753,627.05035,0.0,-0.07275089621543884,-5.130074
exp3_fixed_2,5452,534.348,539.0527,0.0,-3.159716844558716,-1.5449166
exp3_fixed_2,5453,544.4967,553.265,0.0,-2.1083221435546875,-6.6600485
exp3_fixed_2,5454,-82.325066,-33.199844,0.0,-31.4906005859375,-17.634626
exp3_fixed_2,5455,607.5766,611.14386,0.0,-1.0565165281295776,-2.510806
exp3_fixed_2,5456,518.8896,550.50867,0.0,-0.7128651738166809,-30.9062
exp3_fixed_2,5457,590.8572,599.1666,0.0,-0.5475085973739624,-7.7619715
exp3_fixed_2,5458,601.0022,604.4092,0.0,-1.3227109909057617,-2.08425
exp3_fixed_2,5459,561.3412,569.14215,0.0,-0.4579341411590576,-7.3431168
exp3_fixed_2,5461,612.33905,618.221,0.0,-0.5379271507263184,-5.344053
exp3_fixed_2,5462,569.4247,584.9179,0.0,-1.3869333267211914,-14.106281
exp3_fixed_2,5463,551.4031,566.2662,0.0,-1.15464448928833,-13.708456
exp3_fixed_2,5464,622.46,632.2201,0.0,-6.946041107177734,-2.8140411
exp3_fixed_2,5465,6.8742113,36.59596,0.0,-2.635798215866089,-27.085972
exp3_fixed_2,5466,601.19055,603.41876,0.0,-0.3678235411643982,-1.8603404
exp3_fixed_2,5467,596.92993,608.60876,0.0,-1.1318728923797607,-10.546998
exp3_fixed_2,5468,531.91064,535.48157,0.0,-0.3624352514743805,-3.2084906
exp3_fixed_2,5469,588.3888,592.5077,0.0,-1.404978632926941,-2.7138517
exp3_fixed_2,5470,594.2649,606.77527,0.0,-0.3344225585460663,-12.175978
exp3_fixed_2,5471,615.4999,619.1269,0.0,-0.7706286907196045,-2.8564193
exp3_fixed_2,5472,564.32007,568.12885,0.0,-1.1120858192443848,-2.6966896
exp3_fixed_2,5473,592.1499,594.62445,0.0,-1.1197236776351929,-1.3547764
exp3_fixed_2,5474,536.08435,539.96674,0.0,-2.172926187515259,-1.7093984
exp3_fixed_2,5475,562.8629,570.57855,0.0,-0.4797879457473755,-7.235868
exp3_fixed_2,5476,585.9877,587.8689,0.0,-0.31765201687812805,-1.5635505
exp3_fixed_2,5477,616.87866,619.16595,0.0,-0.46825647354125977,-1.8190609
exp3_fixed_2,5478,634.60236,642.0747,0.0,-0.8698244094848633,-6.6025076
exp3_fixed_2,5479,625.43884,631.9644,0.0,-0.5240870118141174,-6.001553
exp3_fixed_2,5481,577.32227,580.0315,0.0,-0.7461456656455994,-1.9630928
exp3_fixed_2,5482,-38.32714,-5.9133654,0.0,-20.3751220703125,-12.038654
exp3_fixed_2,5483,629.0092,636.21545,0.0,-1.5039238929748535,-5.702343
exp3_fixed_2,5484,564.80304,571.0249,0.0,-0.5242511630058289,-5.6976237
exp3_fixed_2,5485,645.1023,649.0532,0.0,-1.1422945261001587,-2.8086486
exp3_fixed_2,5486,584.7324,597.01306,0.0,-3.4863202571868896,-8.794347
exp3_fixed_2,5487,532.3457,541.3003,0.0,-3.0313878059387207,-5.9232554
exp3_fixed_2,5488,638.2458,641.2435,0.0,-0.8411949276924133,-2.156549
exp3_fixed_2,5489,642.9268,649.5779,0.0,-0.630040168762207,-6.021081
exp3_fixed_2,5490,-128.64648,-70.97168,0.0,-44.51652908325195,-13.158284
exp3_fixed_2,5491,632.027,634.58514,0.0,-0.43727272748947144,-2.120886
exp3_fixed_2,5492,566.07025,571.7679,0.0,-1.355506181716919,-4.342127
exp3_fixed_2,5493,574.49457,582.3453,0.0,-0.8478772044181824,-7.002827
exp3_fixed_2,5494,621.0409,623.5613,0.0,-0.5784568786621094,-1.9418832
exp3_fixed_2,5495,592.7434,595.417,0.0,-0.899986982345581,-1.7735976
exp3_fixed_2,5496,564.8387,568.40857,0.0,-0.36231452226638794,-3.2074971
exp3_fixed_2,5497,602.10046,617.0274,0.0,-1.6001100540161133,-13.326862
exp3_fixed_2,5498,576.7954,585.2488,0.0,-0.45151838660240173,-8.001849
exp3_fixed_2,5499,611.6797,615.07434,0.0,-1.0716661214828491,-2.322959
exp3_fixed_2,5501,656.9118,664.9108,0.0,-0.579222559928894,-7.419818
exp3_fixed_2,5502,634.92676,636.3712,0.0,-0.3309031128883362,-1.113511
exp3_fixed_2,5503,547.82465,555.3385,0.0,-0.7627149820327759,-6.7511683
exp3_fixed_2,5504,489.98505,495.43613,0.0,-1.032334327697754,-4.41878
exp3_fixed_2,5505,569.8972,573.62305,0.0,-0.7434669733047485,-2.982404
exp3_fixed_2,5506,585.59076,588.2904,0.0,-0.5672994256019592,-2.1323805
exp3_fixed_2,5507,559.9518,561.62695,0.0,-0.1594795286655426,-1.5157143
exp3_fixed_2,5508,642.79376,645.4696,0.0,-0.32460129261016846,-2.351278
exp3_fixed_2,5509,571.93567,575.15564,0.0,-1.0227144956588745,-2.1972125
exp3_fixed_2,5510,593.5387,595.94666,0.0,-0.9600343704223633,-1.4478984
exp3_fixed_2,5511,557.75854,559.9498,0.0,-0.5132724642753601,-1.6779764
exp3_fixed_2,5512,632.3445,635.4979,0.0,-0.8966294527053833,-2.2567778
exp3_fixed_2,5513,585.95197,589.16125,0.0,-0.6710295677185059,-2.5382266
exp3_fixed_2,5514,656.305,664.0133,0.0,-0.8464715480804443,-6.8617597
exp3_fixed_2,5515,591.81165,593.66626,0.0,-0.30924081802368164,-1.5453403
exp3_fixed_2,5516,632.9152,643.6115,0.0,-1.1314654350280762,-9.564804
exp3_fixed_2,5517,578.2602,580.975,0.0,-0.6265798211097717,-2.0882561
exp3_fixed_2,5518,602.45557,604.28516,0.0,-0.7960470914840698,-1.0335244
exp3_fixed_2,5519,564.59875,570.45667,0.0,-0.14908194541931152,-5.70886
exp3_fixed_2,5521,594.99744,599.07074,0.0,-1.1782259941101074,-2.895112
exp3_fixed_2,5522,652.81665,654.8745,0.0,-0.49676916003227234,-1.5611066
exp3_fixed_2,5523,638.9308,647.4313,0.0,-0.3767598271369934,-8.123669
exp3_fixed_2,5524,524.54803,533.0315,0.0,-1.7672889232635498,-6.7161508
exp3_fixed_2,5525,597.4629,606.44916,0.0,-0.3860234022140503,-8.600266
exp3_fixed_2,5526,586.3838,594.18933,0.0,-0.5990614891052246,-7.2065053
exp3_fixed_2,5527,542.93964,552.19995,0.0,-1.1046627759933472,-8.1556225
exp3_fixed_2,5528,-125.73991,117.68478,-200.0,-39.353782653808594,-4.0709
exp3_fixed_2,5529,630.1997,632.1995,0.0,-0.7010881304740906,-1.2987703
exp3_fixed_2,5530,548.61835,557.85284,0.0,-2.192478656768799,-7.042009
exp3_fixed_2,5531,574.0637,576.69934,0.0,-1.1219550371170044,-1.5135888
exp3_fixed_2,5532,585.2579,586.72687,0.0,-0.30948054790496826,-1.1595141
exp3_fixed_2,5533,611.0604,621.4642,0.0,-1.1755789518356323,-9.22818
exp3_fixed_2,5534,567.18634,576.7396,0.0,-0.5223723649978638,-9.030888
exp3_fixed_2,5535,638.6107,641.7985,0.0,-0.737086296081543,-2.4506645
exp3_fixed_2,5536,637.83234,648.29816,0.0,-1.6005266904830933,-8.865343
exp3_fixed_2,5537,632.9225,646.5299,0.0,-0.4843878149986267,-13.123077
exp3_fixed_2,5538,546.5138,551.7738,0.0,-1.915449857711792,-3.344548
exp3_fixed_2,5539,620.36914,622.3823,0.0,-0.38681578636169434,-1.6263199
exp3_fixed_2,5541,601.2372,608.03613,0.0,-0.45836612582206726,-6.340597
exp3_fixed_2,5542,585.1149,587.66254,0.0,-0.8621112704277039,-1.6855291
exp3_fixed_2,5543,591.1272,594.8058,0.0,-0.750959038734436,-2.9276593
exp3_fixed_2,5544,-150.40486,-48.523094,0.0,-89.8121566772461,-12.069574
exp3_fixed_2,5545,625.0729,627.5454,0.0,-0.5800323486328125,-1.8924855
exp3_fixed_2,5546,553.13336,562.483,0.0,-0.2724475860595703,-9.077183
exp3_fixed_2,5547,564.8839,567.6842,0.0,-0.5381041765213013,-2.262234
exp3_fixed_2,5548,430.67178,451.0459,0.0,-0.9007312059402466,-19.473372
exp3_fixed_2,5549,575.0842,580.6888,0.0,-1.0551269054412842,-4.5494466
exp3_fixed_2,5550,593.8859,600.71246,0.0,-0.4291350841522217,-6.3973665
exp3_fixed_2,5551,583.24365,585.6115,0.0,-0.8119242191314697,-1.5559266
exp3_fixed_2,5552,-20.520657,18.790388,0.0,-2.0812456607818604,-37.229782
exp3_fixed_2,5553,541.828,550.85,0.0,-0.23520894348621368,-8.786767
exp3_fixed_2,5554,-16.37352,46.897984,0.0,-50.23350524902344,-13.038057
exp3_fixed_2,5555,603.55963,618.19794,0.0,-0.4784853756427765,-14.159795
exp3_fixed_2,5556,591.3544,596.03674,0.0,-0.7401294708251953,-3.9422343
exp3_fixed_2,5557,592.7221,594.9164,0.0,-0.41485464572906494,-1.779378
exp3_fixed_2,5558,593.0654,605.6452,0.0,-1.4245126247406006,-11.155322
exp3_fixed_2,5559,558.3662,567.5332,0.0,-1.9479138851165771,-7.2190504
exp3_fixed_2,5561,612.5673,620.2407,0.0,-1.5310648679733276,-6.142335
exp3_fixed_2,5562,523.2893,527.66455,0.0,-0.6553863883018494,-3.719865
exp3_fixed_2,5563,616.2756,619.07117,0.0,-0.4550674557685852,-2.3404953
exp3_fixed_2,5564,577.4192,583.1198,0.0,-1.2064461708068848,-4.494172
exp3_fixed_2,5565,563.9859,566.5742,0.0,-0.9846803545951843,-1.6036651
exp3_fixed_2,5566,664.72314,668.70294,0.0,-0.5820057392120361,-3.3978283
exp3_fixed_2,5567,529.67755,538.59094,0.0,-0.341495543718338,-8.571819
exp3_fixed_2,5568,530.2845,533.12024,0.0,-0.5084317922592163,-2.3272753
exp3_fixed_2,5569,500.40417,507.6147,0.0,-0.8545805215835571,-6.3559237
exp3_fixed_2,5570,598.45044,601.0473,0.0,-0.8122662901878357,-1.7844958
exp3_fixed_2,5571,541.57837,550.5737,0.0,-0.8731721639633179,-8.122204
exp3_fixed_2,5572,621.39014,625.5689,0.0,-0.44783729314804077,-3.730915
exp3_fixed_2,5573,600.6106,602.93256,0.0,-1.0005764961242676,-1.3213587
exp3_fixed_2,5574,521.6828,543.6561,0.0,-0.8987934589385986,-21.074436
exp3_fixed_2,5575,498.74823,506.12225,0.0,-0.5772488117218018,-6.7967515
exp3_fixed_2,5576,580.14655,587.21045,0.0,-0.90284264087677,-6.1610737
exp3_fixed_2,5577,577.8225,583.34863,0.0,-0.7142488360404968,-4.811819
exp3_fixed_2,5578,583.23724,588.27783,0.0,-1.8986458778381348,-3.1419654
exp3_fixed_2,5579,564.37915,569.0521,0.0,-0.7368014454841614,-3.9361608
exp3_fixed_2,5581,684.2353,686.96277,0.0,-0.3708178997039795,-2.356614
exp3_fixed_2,5582,650.0365,653.86743,0.0,-1.6480648517608643,-2.1828825
exp3_fixed_2,5583,601.8103,603.2307,0.0,-0.16757051646709442,-1.252846
exp3_fixed_2,5584,580.23413,591.4312,0.0,-1.0674775838851929,-10.12962
exp3_fixed_2,5585,553.3541,562.3846,0.0,-1.0979747772216797,-7.932516
exp3_fixed_2,5586,603.61584,605.8773,0.0,-0.8455191850662231,-1.4159442
exp3_fixed_2,5587,600.03406,602.37634,0.0,-0.8266963958740234,-1.5155861
exp3_fixed_2,5588,602.9586,611.21216,0.0,-0.4701145589351654,-7.7833853
exp3_fixed_2,5589,510.30865,516.32477,0.0,-0.49615731835365295,-5.5199337
exp3_fixed_2,5590,583.97626,592.625,0.0,-6.260420799255371,-2.3883336
exp3_fixed_2,5591,606.84344,609.3201,0.0,-0.4263061285018921,-2.0503812
exp3_fixed_2,5592,615.94196,619.0593,0.0,-0.8696991205215454,-2.247666
exp3_fixed_2,5593,561.5203,570.1858,0.0,-0.6271541714668274,-8.038314
exp3_fixed_2,5594,595.0342,598.13385,0.0,-0.4343295991420746,-2.665336
exp3_fixed_2,5595,631.4038,633.2527,0.0,-0.43355029821395874,-1.4153358
exp3_fixed_2,5596,622.53064,625.2357,0.0,-0.7400712370872498,-1.9649936
exp3_fixed_2,5597,519.5658,530.0689,0.0,-4.459082126617432,-6.043985
exp3_fixed_2,5598,607.4541,619.6412,0.0,-0.7451612949371338,-11.441861
exp3_fixed_2,5599,493.47278,526.4785,0.0,-0.8623707294464111,-32.14342
exp3_fixed_2,5601,538.82135,562.7306,0.0,-1.113438367843628,-22.795803
exp3_fixed_2,5602,621.3338,622.68976,0.0,-0.25196710228919983,-1.103961
exp3_fixed_2,5603,600.52637,603.47784,0.0,-0.38884758949279785,-2.562695
exp3_fixed_2,5604,546.527,562.29156,0.0,-0.8170091509819031,-14.947553
exp3_fixed_2,5605,577.1534,585.14246,0.0,-0.6486029624938965,-7.340512
exp3_fixed_2,5606,499.143,504.43594,0.0,-1.1291260719299316,-4.163826
exp3_fixed_2,5607,632.478,641.1369,0.0,-0.5063073635101318,-8.152554
exp3_fixed_2,5608,574.88586,583.25946,0.0,-1.0709724426269531,-7.302606
exp3_fixed_2,5609,640.1319,642.55066,0.0,-0.9205411672592163,-1.4981797
exp3_fixed_2,5610,626.6125,630.2388,0.0,-0.6513445377349854,-2.9748924
exp3_fixed_2,5611,619.4878,623.54987,0.0,-0.7712863683700562,-3.2907422
exp3_fixed_2,5612,535.0295,537.8207,0.0,-1.744576334953308,-1.0466279
exp3_fixed_2,5613,557.3775,559.8026,0.0,-0.5805105566978455,-1.8445992
exp3_fixed_2,5614,598.77045,602.8831,0.0,-1.1734665632247925,-2.9392302
exp3_fixed_2,5615,592.50415,594.72375,0.0,-0.47313711047172546,-1.7464823
exp3_fixed_2,5616,598.80493,605.4579,0.0,-0.8099401593208313,-5.8430414
exp3_fixed_2,5617,581.97473,588.7494,0.0,-0.8998055458068848,-5.8749094
exp3_fixed_2,5618,615.4591,620.58215,0.0,-0.8019071817398071,-4.3211946
exp3_fixed_2,5619,574.59045,581.0355,0.0,-0.5676490068435669,-5.877392
exp3_fixed_2,5621,532.18945,539.8535,0.0,-0.9018238186836243,-6.7621818
exp3_fixed_2,5622,605.3596,607.36084,0.0,-0.4529343247413635,-1.5482461
exp3_fixed_2,5623,534.6489,538.8793,0.0,-0.45219093561172485,-3.7781744
exp3_fixed_2,5624,547.30194,552.6671,0.0,-2.0993967056274414,-3.2657459
exp3_fixed_2,5625,613.31256,623.0995,0.0,-1.0886681079864502,-8.698228
exp3_fixed_2,5626,604.89905,608.82916,0.0,-0.5066530108451843,-3.4234486
exp3_fixed_2,5627,481.9063,483.2296,0.0,-0.18142388761043549,-1.1418581
exp3_fixed_2,5628,519.3811,527.73035,0.0,-0.6160175800323486,-7.733201
exp3_fixed_2,5629,543.4245,546.74066,0.0,-0.6989887356758118,-2.6171596
exp3_fixed_2,5630,-24.693192,12.159956,0.0,-1.60542631149292,-35.247772
exp3_fixed_2,5631,563.6099,573.62775,0.0,-0.7095624804496765,-9.30828
exp3_fixed_2,5632,659.6963,665.1808,0.0,-1.1227694749832153,-4.361705
exp3_fixed_2,5633,610.5383,615.4729,0.0,-0.9206554889678955,-4.013901
exp3_fixed_2,5634,46.58684,82.4107,0.0,-2.4656882286071777,-33.358112
exp3_fixed_2,5635,552.93884,557.52466,0.0,-0.8979092836380005,-3.687903
exp3_fixed_2,5636,-256.04297,101.00036,-200.0,-154.34744262695312,-2.6959229
exp3_fixed_2,5637,538.3899,550.5276,0.0,-5.300375461578369,-6.8372517
exp3_fixed_2,5638,637.43445,640.4127,0.0,-0.5483251810073853,-2.4299326
exp3_fixed_2,5639,538.98376,544.5724,0.0,-0.9539593458175659,-4.634628
exp3_fixed_2,5641,573.12067,575.242,0.0,-0.8386639356613159,-1.2826656
exp3_fixed_2,5642,489.45554,515.8274,0.0,-3.4009411334991455,-22.970886
exp3_fixed_2,5643,604.29205,608.0492,0.0,-0.88993239402771,-2.8672001
exp3_fixed_2,5644,579.6427,583.0171,0.0,-0.9380393624305725,-2.4363425
exp3_fixed_2,5645,614.10486,617.2695,0.0,-0.6635258793830872,-2.501025
exp3_fixed_2,5646,623.6588,626.7096,0.0,-0.7224027514457703,-2.3283603
exp3_fixed_2,5647,646.3495,651.872,0.0,-0.20283697545528412,-5.319638
exp3_fixed_2,5648,615.2113,617.4043,0.0,-0.500775933265686,-1.6922442
exp3_fixed_2,5649,519.5888,527.999,0.0,-0.8840331435203552,-7.5261574
exp3_fixed_2,5650,597.1787,601.2147,0.0,-2.048964500427246,-1.987076
exp3_fixed_2,5651,562.1036,569.95215,0.0,-1.1743515729904175,-6.674247
exp3_fixed_2,5652,514.30945,521.86884,0.0,-0.3244095742702484,-7.2350154
exp3_fixed_2,5653,577.79443,584.6937,0.0,-0.6947886347770691,-6.204555
exp3_fixed_2,5654,593.53955,595.7184,0.0,-0.23504482209682465,-1.9437572
exp3_fixed_2,5655,542.7612,553.6878,0.0,-0.6316136717796326,-10.294954
exp3_fixed_2,5656,-188.41599,86.27785,-200.0,-72.15089416503906,-2.5429554
exp3_fixed_2,5657,595.79987,597.4222,0.0,-0.17288905382156372,-1.4494519
exp3_fixed_2,5658,561.5495,570.1942,0.0,-0.4464726448059082,-8.198255
exp3_fixed_2,5659,-62.722805,-29.929886,0.0,-1.8246831893920898,-30.96827
exp3_fixed_2,5661,578.4587,588.6238,0.0,-1.0463879108428955,-9.118738
exp3_fixed_2,5662,604.1746,606.26227,0.0,-0.8311318159103394,-1.2565181
exp3_fixed_2,5663,616.92413,618.943,0.0,-0.5070511102676392,-1.5118241
exp3_fixed_2,5664,606.0495,608.13336,0.0,-0.7154629230499268,-1.3683848
exp3_fixed_2,5665,575.2624,584.2092,0.0,-5.575392723083496,-3.3715405
exp3_fixed_2,5666,26.614408,62.499138,0.0,-4.916365623474121,-30.968435
exp3_fixed_2,5667,515.7902,524.8407,0.0,-0.597125232219696,-8.453323
exp3_fixed_2,5668,642.8384,644.8854,0.0,-0.7438669800758362,-1.3031459
exp3_fixed_2,5669,649.22205,652.1985,0.0,-1.9686659574508667,-1.0077745
exp3_fixed_2,5670,493.9351,503.44135,0.0,-1.2410870790481567,-8.265193
exp3_fixed_2,5671,484.25488,493.7816,0.0,-1.2983030080795288,-8.228391
exp3_fixed_2,5672,633.63806,642.1657,0.0,-2.4501264095306396,-6.077579
exp3_fixed_2,5673,533.0375,541.3986,0.0,-0.6099923253059387,-7.7511616
exp3_fixed_2,5674,533.9143,541.1682,0.0,-5.616530418395996,-1.6374358
exp3_fixed_2,5675,522.6738,528.2194,0.0,-0.5428789854049683,-5.0027413
exp3_fixed_2,5676,590.0229,595.90247,0.0,-1.5465185642242432,-4.3330827
exp3_fixed_2,5677,513.60126,520.33514,0.0,-0.5377494096755981,-6.196064
exp3_fixed_2,5678,543.22845,545.47675,0.0,-1.2629384994506836,-0.98534775
exp3_fixed_2,5679,626.9618,632.9052,0.0,-0.2506834864616394,-5.6927524
exp3_fixed_2,5681,628.57623,631.14594,0.0,-1.0935089588165283,-1.4761806
exp3_fixed_2,5682,591.0319,592.3281,0.0,-0.2907913625240326,-1.0053586
exp3_fixed_2,5683,603.7833,608.1704,0.0,-1.6456036567687988,-2.7414296
exp3_fixed_2,5684,620.0476,625.04285,0.0,-3.7969107627868652,-1.1983418
exp3_fixed_2,5685,611.41614,614.05115,0.0,-0.6572268009185791,-1.9777303
exp3_fixed_2,5686,593.14856,598.80896,0.0,-0.9587133526802063,-4.70173
exp3_fixed_2,5687,574.8024,589.55566,0.0,-2.2120447158813477,-12.541169
exp3_fixed_2,5688,570.7623,573.48694,0.0,-0.2120838165283203,-2.5125089
exp3_fixed_2,5689,583.6248,587.9923,0.0,-0.6894546747207642,-3.6780627
exp3_fixed_2,5690,511.53186,517.80786,0.0,-0.31243860721588135,-5.963548
exp3_fixed_2,5691,620.58026,623.7919,0.0,-0.8925431966781616,-2.319045
exp3_fixed_2,5692,565.922,572.0685,0.0,-4.635668754577637,-1.510791
exp3_fixed_2,5693,619.7932,631.7287,0.0,-8.827881813049316,-3.1076155
exp3_fixed_2,5694,565.6887,569.3398,0.0,-1.5442194938659668,-2.1068501
exp3_fixed_2,5695,541.568,545.2387,0.0,-0.8441523313522339,-2.826557
exp3_fixed_2,5696,618.70795,620.3378,0.0,-0.39692777395248413,-1.2329441
exp3_fixed_2,5697,584.9615,592.988,0.0,-0.5751597881317139,-7.4513597
exp3_fixed_2,5698,594.0147,596.6479,0.0,-0.521640419960022,-2.1115239
exp3_fixed_2,5699,517.36346,524.67706,0.0,-0.6520193815231323,-6.661533
exp3_fixed_2,5701,650.46954,652.93665,0.0,-0.5040512084960938,-1.9629823
exp3_fixed_2,5702,545.00507,553.9255,0.0,-1.5744857788085938,-7.345934
exp3_fixed_2,5703,610.1342,612.00024,0.0,-0.6007992029190063,-1.2652138
exp3_fixed_2,5704,582.22424,590.7068,0.0,-1.0756266117095947,-7.406966
exp3_fixed_2,5705,594.24884,603.3191,0.0,-0.8919667601585388,-8.178236
exp3_fixed_2,5706,-161.54709,63.525143,-200.0,-22.160242080688477,-2.9120271
exp3_fixed_2,5707,615.01715,617.92084,0.0,-0.862662672996521,-2.041066
exp3_fixed_2,5708,585.00806,587.40186,0.0,-0.6887174844741821,-1.7051191
exp3_fixed_2,5709,559.9429,563.7514,0.0,-0.630010724067688,-3.1785028
exp3_fixed_2,5710,580.4331,583.08325,0.0,-0.9791578650474548,-1.6709659
exp3_fixed_2,5711,567.5205,580.0227,0.0,-3.7794060707092285,-8.722809
exp3_fixed_2,5712,577.26556,579.9726,0.0,-0.37570250034332275,-2.3313038
exp3_fixed_2,5713,537.69,551.8971,0.0,-0.8978027701377869,-13.309316
exp3_fixed_2,5714,565.89923,580.60364,0.0,-0.738903284072876,-13.965541
exp3_fixed_2,5715,575.1214,579.48425,0.0,-0.5826328992843628,-3.780215
exp3_fixed_2,5716,628.95544,638.6515,0.0,-1.2872687578201294,-8.408822
exp3_fixed_2,5717,590.544,593.01294,0.0,-0.3817089796066284,-2.087253
exp3_fixed_2,5718,514.836,520.3074,0.0,-0.47644421458244324,-4.994956
exp3_fixed_2,5719,577.6344,582.1365,0.0,-1.6695210933685303,-2.8325522
exp3_fixed_2,5721,539.69006,544.6771,0.0,-1.5921640396118164,-3.3949203
exp3_fixed_2,5722,614.5124,617.6319,0.0,-0.5338658690452576,-2.5856528
exp3_fixed_2,5723,590.81854,596.9094,0.0,-0.2676508128643036,-5.8232555
exp3_fixed_2,5724,601.13727,609.45184,0.0,-0.40981972217559814,-7.904799
exp3_fixed_2,5725,540.9376,548.62494,0.0,-0.2284100353717804,-7.458919
exp3_fixed_2,5726,-194.85623,34.604137,-200.0,-22.64501953125,-6.81536
exp3_fixed_2,5727,564.7379,568.7632,0.0,-1.3511762619018555,-2.674096
exp3_fixed_2,5728,664.9663,667.1577,0.0,-0.6966966986656189,-1.4947411
exp3_fixed_2,5729,591.08636,597.79297,0.0,-0.4907243251800537,-6.2158628
exp3_fixed_2,5730,549.4894,564.9035,0.0,-0.5255247354507446,-14.888627
exp3_fixed_2,5731,533.7929,542.30554,0.0,-0.5652047395706177,-7.9474144
exp3_fixed_2,5732,538.6998,541.7348,0.0,-0.37291431427001953,-2.6620889
exp3_fixed_2,5733,634.2095,638.45154,0.0,-1.1781185865402222,-3.063926
exp3_fixed_2,5734,548.2338,550.99414,0.0,-0.4144706428050995,-2.3458598
exp3_fixed_2,5735,579.70856,580.9402,0.0,-0.33113205432891846,-0.90047276
exp3_fixed_2,5736,632.61005,634.02747,0.0,-0.26599717140197754,-1.1513963
exp3_fixed_2,5737,538.01514,545.9056,0.0,-0.6828491687774658,-7.2076173
exp3_fixed_2,5738,645.038,655.3518,0.0,-1.01962149143219,-9.2942095
exp3_fixed_2,5739,609.7359,611.4324,0.0,-0.5256766080856323,-1.1708667
exp3_fixed_2,5741,-110.34872,-70.55782,0.0,-26.804641723632812,-12.986278
exp3_fixed_2,5742,569.0701,574.78125,0.0,-3.4654462337493896,-2.2456381
exp3_fixed_2,5743,506.73438,513.4734,0.0,-0.8114889860153198,-5.927513
exp3_fixed_2,5744,595.4236,598.0542,0.0,-0.859671413898468,-1.7709154
exp3_fixed_2,5745,589.7473,597.798,0.0,-2.2747833728790283,-5.77594
exp3_fixed_2,5746,548.81696,555.09216,0.0,-0.37371209263801575,-5.9014544
exp3_fixed_2,5747,623.00775,629.38434,0.0,-0.5900477766990662,-5.786496
exp3_fixed_2,5748,614.0603,617.2485,0.0,-0.5997040271759033,-2.5884469
exp3_fixed_2,5749,583.282,585.21484,0.0,-0.42925283312797546,-1.503651
exp3_fixed_2,5750,643.07983,649.55896,0.0,-2.4865670204162598,-3.992592
exp3_fixed_2,5751,571.11884,572.2051,0.0,-0.10452970862388611,-0.9817213
exp3_fixed_2,5752,548.5617,555.2029,0.0,-1.78351891040802,-4.857685
exp3_fixed_2,5753,621.5895,638.0766,0.0,-0.7106403112411499,-15.776505
exp3_fixed_2,5754,565.7117,567.8452,0.0,-0.6109718084335327,-1.5226256
exp3_fixed_2,5755,560.3858,568.5414,0.0,-0.8514318466186523,-7.304117
exp3_fixed_2,5756,592.66095,594.9875,0.0,-0.9046576619148254,-1.421938
exp3_fixed_2,5757,632.4598,634.54736,0.0,-0.3582496643066406,-1.7293049
exp3_fixed_2,5758,666.3401,673.4146,0.0,-0.38476935029029846,-6.6897597
exp3_fixed_2,5759,632.97064,635.4198,0.0,-0.4936681389808655,-1.955481
exp3_fixed_2,5761,494.5937,509.39563,0.0,-4.28933572769165,-10.512603
exp3_fixed_2,5762,578.94696,583.45013,0.0,-0.826041042804718,-3.677135
exp3_fixed_2,5763,540.744,545.30164,0.0,-1.2420601844787598,-3.3155255
exp3_fixed_2,5764,587.691,589.7111,0.0,-0.557680070400238,-1.46247
exp3_fixed_2,5765,544.60803,552.686,0.0,-2.0282740592956543,-6.049706
exp3_fixed_2,5766,659.0609,665.91003,0.0,-1.171553134918213,-5.677517
exp3_fixed_2,5767,643.38763,644.82245,0.0,-0.22002795338630676,-1.2147985
exp3_fixed_2,5768,579.03326,591.2822,0.0,-1.8288421630859375,-10.420098
exp3_fixed_2,5769,582.7489,586.7851,0.0,-0.5519877672195435,-3.484173
exp3_fixed_2,5770,591.1489,593.34924,0.0,-0.31533923745155334,-1.885037
exp3_fixed_2,5771,595.2842,597.2972,0.0,-0.6874604225158691,-1.3254852
exp3_fixed_2,5772,602.42285,612.64545,0.0,-0.5475878715515137,-9.674999
exp3_fixed_2,5773,544.88885,551.85394,0.0,-0.36000484228134155,-6.605062
exp3_fixed_2,5774,560.0536,569.10034,0.0,-0.5969270467758179,-8.449798
exp3_fixed_2,5775,598.7083,600.9071,0.0,-0.43206074833869934,-1.7667364
exp3_fixed_2,5776,541.6617,570.3495,0.0,-0.607275664806366,-28.080545
exp3_fixed_2,5777,581.93756,591.697,0.0,-0.625805139541626,-9.133658
exp3_fixed_2,5778,511.44946,532.0831,0.0,-0.7924655675888062,-19.841198
exp3_fixed_2,5779,592.04584,606.4521,0.0,-11.518251419067383,-2.8880262
exp3_fixed_2,5781,487.46582,496.90207,0.0,-3.600400924682617,-5.835836
exp3_fixed_2,5782,588.0917,589.91113,0.0,-0.29423555731773376,-1.5251929
exp3_fixed_2,5783,543.4837,548.9889,0.0,-0.8037055730819702,-4.7015133
exp3_fixed_2,5784,615.3524,624.91064,0.0,-0.6484777331352234,-8.909813
exp3_fixed_2,5785,652.65283,655.0133,0.0,-0.4141613245010376,-1.9462926
exp3_fixed_2,5786,599.50964,607.0038,0.0,-0.46726906299591064,-7.0268803
exp3_fixed_2,5787,557.6149,561.2512,0.0,-0.9625867009162903,-2.6736732
exp3_fixed_2,5788,611.3672,613.8931,0.0,-0.24985209107398987,-2.2761033
exp3_fixed_2,5789,558.47046,560.25024,0.0,-0.2326217144727707,-1.547154
exp3_fixed_2,5790,594.85803,597.625,0.0,-0.3137713670730591,-2.4531627
exp3_fixed_2,5791,610.9895,619.7262,0.0,-1.9684803485870361,-6.7682385
exp3_fixed_2,5792,601.936,604.6306,0.0,-0.60850989818573,-2.0860953
exp3_fixed_2,5793,581.2888,597.49994,0.0,-10.200108528137207,-6.011004
exp3_fixed_2,5794,592.1846,595.4278,0.0,-1.055128574371338,-2.1880846
exp3_fixed_2,5795,484.74475,493.09445,0.0,-1.0551289319992065,-7.294536
exp3_fixed_2,5796,602.94446,606.0634,0.0,-0.9046281576156616,-2.214342
exp3_fixed_2,5797,634.9366,638.97424,0.0,-1.0141159296035767,-3.0235372
exp3_fixed_2,5798,531.5463,538.8573,0.0,-0.4764547646045685,-6.8344884
exp3_fixed_2,5799,611.1764,620.6967,0.0,-0.669364869594574,-8.85101
exp3_fixed_2,5801,602.1399,605.0757,0.0,-0.5477092266082764,-2.3880951
exp3_fixed_2,5802,601.1346,604.201,0.0,-0.9176014065742493,-2.148778
exp3_fixed_2,5803,530.39526,534.5123,0.0,-0.4567466676235199,-3.6602633
exp3_fixed_2,5804,584.2306,592.0402,0.0,-1.0151612758636475,-6.7944336
exp3_fixed_2,5805,582.7731,587.7556,0.0,-0.7532034516334534,-4.2293577
exp3_fixed_2,5806,569.0721,572.0492,0.0,-0.553890585899353,-2.4232247
exp3_fixed_2,5807,585.4769,587.83075,0.0,-0.38807350397109985,-1.9657502
exp3_fixed_2,5808,575.3238,586.7175,0.0,-0.9112856388092041,-10.482447
exp3_fixed_2,5809,575.1794,584.0795,0.0,-1.0013201236724854,-7.8988276
exp3_fixed_2,5810,565.11707,568.4404,0.0,-0.5113257169723511,-2.8120282
exp3_fixed_2,5811,563.9881,566.9248,0.0,-0.6239496469497681,-2.3127732
exp3_fixed_2,5812,623.9442,627.6815,0.0,-0.4550478756427765,-3.2823002
exp3_fixed_2,5813,595.3398,597.6137,0.0,-0.19157740473747253,-2.0823383
exp3_fixed_2,5814,555.2987,563.6301,0.0,-0.5382854342460632,-7.79315
exp3_fixed_2,5815,560.6819,562.8901,0.0,-0.6870636343955994,-1.5211301
exp3_fixed_2,5816,562.2363,570.2225,0.0,-0.9877740144729614,-6.9984274
exp3_fixed_2,5817,621.05316,623.3804,0.0,-0.6533048152923584,-1.6739445
exp3_fixed_2,5818,622.27606,624.8687,0.0,-0.8892551064491272,-1.7033492
exp3_fixed_2,5819,621.2761,635.3357,0.0,-0.5928175449371338,-13.466787
exp3_fixed_2,5821,557.5906,559.2482,0.0,-0.4895726442337036,-1.1680548
exp3_fixed_2,5822,10.761843,50.076324,0.0,-1.3529994487762451,-37.96146
exp3_fixed_2,5823,566.56775,570.01807,0.0,-0.5621275305747986,-2.888197
exp3_fixed_2,5824,518.5424,525.67926,0.0,-0.40899133682250977,-6.727886
exp3_fixed_2,5825,587.8566,595.2352,0.0,-0.5385055541992188,-6.8400774
exp3_fixed_2,5826,542.3529,547.3941,0.0,-0.8832222819328308,-4.157964
exp3_fixed_2,5827,558.0929,562.86566,0.0,-0.3994482159614563,-4.373326
exp3_fixed_2,5828,552.8196,554.95984,0.0,-0.653915524482727,-1.4863106
exp3_fixed_2,5829,526.12524,532.36633,0.0,-0.5673775672912598,-5.6737223
exp3_fixed_2,5830,600.4587,605.3085,0.0,-1.7699047327041626,-3.0798397
exp3_fixed_2,5831,601.353,616.569,0.0,-0.6148757934570312,-14.601046
exp3_fixed_2,5832,601.2447,604.11255,0.0,-0.536500096321106,-2.3313515
exp3_fixed_2,5833,563.4482,570.08887,0.0,-0.44412025809288025,-6.196587
exp3_fixed_2,5834,532.6046,541.8866,0.0,-1.0996570587158203,-8.182257
exp3_fixed_2,5835,659.53015,662.4955,0.0,-0.9099154472351074,-2.0554702
exp3_fixed_2,5836,526.5456,529.5146,0.0,-0.7333327531814575,-2.2356765
exp3_fixed_2,5837,581.0197,589.3927,0.0,-0.8133851885795593,-7.5596395
exp3_fixed_2,5838,521.63904,530.9359,0.0,-1.0548080205917358,-8.24207
exp3_fixed_2,5839,527.21106,536.4301,0.0,-0.9095364212989807,-8.309493
exp3_fixed_2,5841,574.006,582.71265,0.0,-1.0189476013183594,-7.687712
exp3_fixed_2,5842,415.98923,435.08054,0.0,-11.602585792541504,-7.4886966
exp3_fixed_2,5843,574.4553,578.07654,0.0,-1.0340944528579712,-2.5871558
exp3_fixed_2,5844,605.9169,613.7104,0.0,-0.7891567349433899,-7.004383
exp3_fixed_2,5845,573.4332,575.1135,0.0,-0.22607915103435516,-1.4541632
exp3_fixed_2,5846,653.0367,659.724,0.0,-0.5906050801277161,-6.096722
exp3_fixed_2,5847,594.58075,598.1072,0.0,-0.7618486881256104,-2.7646074
exp3_fixed_2,5848,516.62384,519.30615,0.0,-0.9434519410133362,-1.7388604
exp3_fixed_2,5849,645.791,649.0846,0.0,-0.38451123237609863,-2.9090173
exp3_fixed_2,5850,438.7202,467.1277,0.0,-15.660977363586426,-12.746487
exp3_fixed_2,5851,579.1774,587.32684,0.0,-0.830883800983429,-7.318547
exp3_fixed_2,5852,561.771,563.77014,0.0,-0.7311563491821289,-1.2679672
exp3_fixed_2,5853,661.2307,664.6803,0.0,-0.5392687916755676,-2.9103258
exp3_fixed_2,5854,610.7278,613.5045,0.0,-0.539216935634613,-2.2374995
exp3_fixed_2,5855,517.801,583.47034,0.0,-0.5371243357658386,-65.13215
exp3_fixed_2,5856,565.1219,571.7316,0.0,-0.7070260643959045,-5.902665
exp3_fixed_2,5857,554.4283,566.0794,0.0,-1.0091612339019775,-10.641969
exp3_fixed_2,5858,564.81354,581.2698,0.0,-0.5486890077590942,-15.907561
exp3_fixed_2,5859,477.03287,491.52057,0.0,-1.763758659362793,-12.723945
exp3_fixed_2,5861,609.35864,618.7491,0.0,-0.6926835775375366,-8.697749
exp3_fixed_2,5862,574.1102,583.56793,0.0,-0.5060966610908508,-8.95155
exp3_fixed_2,5863,611.77515,618.1373,0.0,-0.6130414605140686,-5.749087
exp3_fixed_2,5864,470.79272,483.95163,0.0,-5.859315872192383,-7.299545
exp3_fixed_2,5865,611.0711,612.7811,0.0,-0.3867958188056946,-1.3232265
exp3_fixed_2,5866,563.05096,564.55524,0.0,-0.13880164921283722,-1.3654815
exp3_fixed_2,5867,632.95996,636.48016,0.0,-0.8130539059638977,-2.7071707
exp3_fixed_2,5868,566.24115,569.90875,0.0,-0.8285701274871826,-2.8390083
exp3_fixed_2,5869,617.9696,621.86163,0.0,-1.296807050704956,-2.5952163
exp3_fixed_2,5870,582.1383,587.5512,0.0,-1.562813401222229,-3.8501415
exp3_fixed_2,5871,546.53625,550.2119,0.0,-0.3494620621204376,-3.3262358
exp3_fixed_2,5872,562.6057,564.6621,0.0,-0.8730204105377197,-1.1833845
exp3_fixed_2,5873,499.77264,503.9819,0.0,-0.6359942555427551,-3.5732832
exp3_fixed_2,5874,566.4155,572.56165,0.0,-0.7030451893806458,-5.4430413
exp3_fixed_2,5875,577.59314,580.08875,0.0,-0.49620580673217773,-1.9993684
exp3_fixed_2,5876,574.19006,581.6222,0.0,-0.5397831201553345,-6.8924446
exp3_fixed_2,5877,634.764,637.0763,0.0,-0.3903619647026062,-1.9219786
exp3_fixed_2,5878,598.1081,600.40234,0.0,-0.39564967155456543,-1.8985893
exp3_fixed_2,5879,583.8064,586.5506,0.0,-1.3883848190307617,-1.3558
exp3_fixed_2,5881,-225.91145,35.517517,-200.0,-51.804771423339844,-9.62418
exp3_fixed_2,5882,624.1613,627.6364,0.0,-0.6488917469978333,-2.8262064
exp3_fixed_2,5883,660.61816,661.5113,0.0,-0.3554626405239105,-0.5377212
exp3_fixed_2,5884,568.14307,570.57166,0.0,-0.8430434465408325,-1.5855597
exp3_fixed_2,5885,592.5184,602.58575,0.0,-1.0970113277435303,-8.970345
exp3_fixed_2,5886,-54.500572,-12.4985075,0.0,-19.54669189453125,-22.45536
exp3_fixed_2,5887,633.45905,636.32385,0.0,-0.6839553117752075,-2.180874
exp3_fixed_2,5888,657.6465,666.7799,0.0,-0.9171097278594971,-8.216271
exp3_fixed_2,5889,589.6253,592.4373,0.0,-0.6479907035827637,-2.1640472
exp3_fixed_2,5890,489.96643,496.7813,0.0,-2.0953564643859863,-4.719536
exp3_fixed_2,5891,-43.549458,-0.2250588,0.0,-1.3395174741744995,-41.984863
exp3_fixed_2,5892,593.04755,600.26685,0.0,-0.7363216876983643,-6.4830365
exp3_fixed_2,5893,522.65027,536.1123,0.0,-0.37550702691078186,-13.086521
exp3_fixed_2,5894,578.6338,581.8553,0.0,-0.9653065800666809,-2.2561622
exp3_fixed_2,5895,603.9684,622.56445,0.0,-2.8741164207458496,-15.722031
exp3_fixed_2,5896,557.46936,561.1041,0.0,-0.7748462557792664,-2.8598933
exp3_fixed_2,5897,581.79626,588.1198,0.0,-0.47699734568595886,-5.846592
exp3_fixed_2,5898,673.213,675.301,0.0,-0.6737276911735535,-1.4143089
exp3_fixed_2,5899,652.239,656.58875,0.0,-0.4841598868370056,-3.865594
exp3_fixed_2,5901,-24.494234,9.0982275,0.0,-8.652688026428223,-24.939762
exp3_fixed_2,5902,643.5449,647.121,0.0,-0.38555288314819336,-3.1904595
exp3_fixed_2,5903,561.61194,565.2971,0.0,-1.7683336734771729,-1.9169064
exp3_fixed_2,5904,591.8812,595.46204,0.0,-0.4148455858230591,-3.1659565
exp3_fixed_2,5905,612.4446,614.34924,0.0,-0.3236076235771179,-1.5810606
exp3_fixed_2,5906,-130.69064,93.2752,-200.0,-15.50767993927002,-8.458172
exp3_fixed_2,5907,520.1301,523.7772,0.0,-0.41856107115745544,-3.2285085
exp3_fixed_2,5908,569.41125,579.90717,0.0,-0.9641991853713989,-9.531746
exp3_fixed_2,5909,497.98517,524.20825,0.0,-0.5309017896652222,-25.692163
exp3_fixed_2,5910,613.1055,616.19025,0.0,-0.6154159903526306,-2.4692945
exp3_fixed_2,5911,553.7469,559.19653,0.0,-0.6770669221878052,-4.772589
exp3_fixed_2,5912,566.15137,568.36,0.0,-0.7468254566192627,-1.4617925
exp3_fixed_2,5913,562.7764,571.81067,0.0,-1.0765489339828491,-7.957713
exp3_fixed_2,5914,570.5471,579.54364,0.0,-0.9362545609474182,-8.060263
exp3_fixed_2,5915,576.75995,578.9512,0.0,-0.7462894320487976,-1.4449643
exp3_fixed_2,5916,621.056,622.63257,0.0,-0.4930418133735657,-1.0835174
exp3_fixed_2,5917,620.2485,622.1743,0.0,-0.2354605346918106,-1.6903708
exp3_fixed_2,5918,569.8799,576.05615,0.0,-0.6220532655715942,-5.554269
exp3_fixed_2,5919,601.36633,609.3706,0.0,-0.5756980776786804,-7.428619
exp3_fixed_2,5921,561.5896,568.8976,0.0,-0.43119651079177856,-6.8767824
exp3_fixed_2,5922,613.104,616.14465,0.0,-1.847082257270813,-1.1935487
exp3_fixed_2,5923,578.4353,580.88293,0.0,-0.8624284863471985,-1.5851471
exp3_fixed_2,5924,594.81665,607.7387,0.0,-0.47510966658592224,-12.446931
exp3_fixed_2,5925,644.1027,649.5603,0.0,-0.6401916742324829,-4.8173656
exp3_fixed_2,5926,602.1801,612.8597,0.0,-2.250272512435913,-8.429259
exp3_fixed_2,5927,637.4642,642.9098,0.0,-1.1961071491241455,-4.249557
exp3_fixed_2,5928,549.9507,556.0054,0.0,-0.42211171984672546,-5.63262
exp3_fixed_2,5929,596.78076,598.72327,0.0,-0.41627734899520874,-1.5261924
exp3_fixed_2,5930,530.875,537.9828,0.0,-1.2587885856628418,-5.84896
exp3_fixed_2,5931,625.57465,632.22144,0.0,-4.3746771812438965,-2.2721224
exp3_fixed_2,5932,590.7908,600.6231,0.0,-0.7234716415405273,-9.108844
exp3_fixed_2,5933,575.0032,583.0071,0.0,-1.1225429773330688,-6.8813915
exp3_fixed_2,5934,570.52924,580.37524,0.0,-0.6820168495178223,-9.164009
exp3_fixed_2,5935,543.08826,554.44214,0.0,-0.6830993294715881,-10.670782
exp3_fixed_2,5936,584.5543,588.5397,0.0,-0.41120046377182007,-3.5741324
exp3_fixed_2,5937,546.11005,555.5714,0.0,-0.503575325012207,-8.957819
exp3_fixed_2,5938,585.9542,587.8603,0.0,-0.4061258137226105,-1.4999665
exp3_fixed_2,5939,542.8647,550.6334,0.0,-0.634689450263977,-7.134016
exp3_fixed_2,5941,530.414,537.7774,0.0,-0.5139085650444031,-6.849504
exp3_fixed_2,5942,582.3801,585.5568,0.0,-0.65818852186203,-2.5185215
exp3_fixed_2,5943,647.9674,651.2242,0.0,-0.5462357997894287,-2.7105649
exp3_fixed_2,5944,528.8622,531.3301,0.0,-1.3383485078811646,-1.1295621
exp3_fixed_2,5945,537.1714,546.4404,0.0,-0.7504589557647705,-8.518545
exp3_fixed_2,5946,579.30646,587.7961,0.0,-3.429302930831909,-5.060357
exp3_fixed_2,5947,623.8052,628.75024,0.0,-0.348665714263916,-4.5963755
exp3_fixed_2,5948,-75.151726,-23.698534,0.0,-35.239044189453125,-16.21414
exp3_fixed_2,5949,587.9941,597.9219,0.0,-0.39282405376434326,-9.535042
exp3_fixed_2,5950,641.28186,645.00305,0.0,-0.8120043277740479,-2.9091995
exp3_fixed_2,5951,572.3833,575.0424,0.0,-0.5550528168678284,-2.1040685
exp3_fixed_2,5952,526.2141,530.4249,0.0,-1.413698673248291,-2.7970726
exp3_fixed_2,5953,58.267807,150.78374,0.0,-0.9553439617156982,-91.56055
exp3_fixed_2,5954,564.1118,568.60315,0.0,-0.37348806858062744,-4.1178427
exp3_fixed_2,5955,659.31165,661.4755,0.0,-0.7589080333709717,-1.4049623
exp3_fixed_2,5956,605.43585,613.6493,0.0,-0.6547340750694275,-7.558673
exp3_fixed_2,5957,585.7893,592.7615,0.0,-1.0564051866531372,-5.9158034
exp3_fixed_2,5958,603.1278,605.98914,0.0,-0.31414487957954407,-2.5471778
exp3_fixed_2,5959,600.95325,603.7358,0.0,-0.7915228605270386,-1.9910382
exp3_fixed_2,5961,567.28503,571.1067,0.0,-1.8990716934204102,-1.9225925
exp3_fixed_2,5962,542.30835,550.7097,0.0,-0.4967193603515625,-7.9046865
exp3_fixed_2,5963,573.2864,575.6768,0.0,-0.6000767350196838,-1.7903637
exp3_fixed_2,5964,586.6245,589.03625,0.0,-0.6431299448013306,-1.7686234
exp3_fixed_2,5965,507.56628,521.3336,0.0,-1.0473039150238037,-12.720067
exp3_fixed_2,5966,579.7445,583.7054,0.0,-0.8547057509422302,-3.106173
exp3_fixed_2,5967,606.6406,607.8676,0.0,-0.3219509422779083,-0.90500337
exp3_fixed_2,5968,607.3372,610.22437,0.0,-0.9473826289176941,-1.9397929
exp3_fixed_2,5969,626.31165,627.62537,0.0,-0.6177335977554321,-0.6959578
exp3_fixed_2,5970,562.2635,564.8157,0.0,-0.5229387879371643,-2.029285
exp3_fixed_2,5971,584.7677,598.6987,0.0,-0.9452952146530151,-12.985685
exp3_fixed_2,5972,536.7969,545.44366,0.0,-0.4993201196193695,-8.147413
exp3_fixed_2,5973,641.4344,648.57574,0.0,-0.4370114803314209,-6.7044244
exp3_fixed_2,5974,590.5386,592.49976,0.0,-0.5099614858627319,-1.451213
exp3_fixed_2,5975,495.14487,517.1751,0.0,-1.9274847507476807,-20.102743
exp3_fixed_2,5976,559.8263,564.29614,0.0,-1.0117886066436768,-3.4580219
exp3_fixed_2,5977,596.3502,604.8152,0.0,-0.9506959915161133,-7.514208
exp3_fixed_2,5978,556.52924,558.58,0.0,-0.5142211318016052,-1.5365658
exp3_fixed_2,5979,579.9241,586.5648,0.0,-1.0642993450164795,-5.5764155
exp3_fixed_2,5981,575.87573,578.83813,0.0,-0.8281391263008118,-2.1342523
exp3_fixed_2,5982,657.43445,660.17914,0.0,-0.8859174251556396,-1.8587389
exp3_fixed_2,5983,646.23724,649.27637,0.0,-0.8933866024017334,-2.145784
exp3_fixed_2,5984,572.6885,575.3108,0.0,-0.9236418604850769,-1.6986504
exp3_fixed_2,5985,576.6513,579.8368,0.0,-0.9277262091636658,-2.257793
exp3_fixed_2,5986,547.3613,558.04205,0.0,-0.6331334710121155,-10.047627
exp3_fixed_2,5987,589.10706,591.3213,0.0,-0.7493444681167603,-1.4648268
exp3_fixed_2,5988,533.54425,540.1468,0.0,-0.36847805976867676,-6.234061
exp3_fixed_2,5989,522.01355,526.32526,0.0,-0.8378140926361084,-3.4739013
exp3_fixed_2,5990,584.5579,587.1941,0.0,-0.9590041637420654,-1.6772022
exp3_fixed_2,5991,606.26556,612.812,0.0,-1.2905306816101074,-5.255939
exp3_fixed_2,5992,662.5934,664.5444,0.0,-0.8276098966598511,-1.1233152
exp3_fixed_2,5993,380.01678,424.98767,0.0,-41.02034378051758,-3.9505289
exp3_fixed_2,5994,610.19543,615.9552,0.0,-0.5272011160850525,-5.232593
exp3_fixed_2,5995,534.0098,544.2445,0.0,-0.7573302388191223,-9.4773245
exp3_fixed_2,5996,584.5713,592.15576,0.0,-0.5069138407707214,-7.07762
exp3_fixed_2,5997,549.53644,555.9075,0.0,-2.722019910812378,-3.6489928
exp3_fixed_2,5998,515.4529,518.11176,0.0,-0.33816710114479065,-2.3207283
exp3_fixed_2,5999,555.6561,558.6809,0.0,-0.44178903102874756,-2.5829978
exp3_fixed_2,6001,561.2421,570.0597,0.0,-1.0886001586914062,-7.728965
exp3_fixed_2,6002,568.59454,570.0906,0.0,-0.5297210216522217,-0.9662911
exp3_fixed_2,6003,599.10297,604.6423,0.0,-0.9778307676315308,-4.561495
exp3_fixed_2,6004,586.4743,595.0992,0.0,-0.4008200764656067,-8.224079
exp3_fixed_2,6005,561.3419,569.59235,0.0,-2.3163604736328125,-5.9341373
exp3_fixed_2,6006,556.4623,565.9219,0.0,-2.9559452533721924,-6.5036283
exp3_fixed_2,6007,509.09003,518.2329,0.0,-2.516806125640869,-6.626115
exp3_fixed_2,6008,580.1263,583.6587,0.0,-0.5930019021034241,-2.9394078
exp3_fixed_2,6009,584.3166,589.8606,0.0,-1.6750397682189941,-3.869012
exp3_fixed_2,6010,588.86945,609.2581,0.0,-0.46598660945892334,-19.922695
exp3_fixed_2,6011,608.7314,610.39844,0.0,-0.5659316778182983,-1.1011285
exp3_fixed_2,6012,586.2997,588.7422,0.0,-0.4686513841152191,-1.9738051
exp3_fixed_2,6013,689.16125,691.3845,0.0,-0.33815085887908936,-1.8850424
exp3_fixed_2,6014,559.1157,561.05396,0.0,-0.21931800246238708,-1.7189469
exp3_fixed_2,6015,-20.099464,29.262392,0.0,-33.34103775024414,-16.020754
exp3_fixed_2,6016,603.98047,606.1969,0.0,-0.33390113711357117,-1.8824595
exp3_fixed_2,6017,616.5919,618.93054,0.0,-0.7192845940589905,-1.6193376
exp3_fixed_2,6018,655.90063,662.54553,0.0,-0.7343014478683472,-5.910613
exp3_fixed_2,6019,584.3197,587.01733,0.0,-0.37975433468818665,-2.317882
exp3_fixed_2,6021,626.4319,629.45624,0.0,-0.5222635269165039,-2.5020661
exp3_fixed_2,6022,621.20667,627.2813,0.0,-0.44336023926734924,-5.6312203
exp3_fixed_2,6023,623.12537,625.3427,0.0,-0.2931195795536041,-1.9242364
exp3_fixed_2,6024,621.0997,625.41425,0.0,-0.9087934494018555,-3.4057734
exp3_fixed_2,6025,666.56384,668.5338,0.0,-0.46243855357170105,-1.5075846
exp3_fixed_2,6026,554.4799,561.99805,0.0,-0.48848387598991394,-7.0296736
exp3_fixed_2,6027,-39.88533,-8.158097,0.0,-5.28364896774292,-26.443579
exp3_fixed_2,6028,550.4129,554.7305,0.0,-2.484039306640625,-1.8335497
exp3_fixed_2,6029,589.9105,598.6132,0.0,-0.4967189431190491,-8.2059765
exp3_fixed_2,6030,595.2498,603.0604,0.0,-0.5517024397850037,-7.258862
exp3_fixed_2,6031,576.39294,582.59814,0.0,-0.408872127532959,-5.7962747
exp3_fixed_2,6032,649.98346,651.96545,0.0,-0.7600711584091187,-1.221904
exp3_fixed_2,6033,565.55817,573.1701,0.0,-0.3893253207206726,-7.2225676
exp3_fixed_2,6034,584.90204,594.1179,0.0,-0.5893262028694153,-8.626553
exp3_fixed_2,6035,600.19696,603.1686,0.0,-0.8978252410888672,-2.0737913
exp3_fixed_2,6036,593.6388,595.53534,0.0,-0.26322948932647705,-1.6333293
exp3_fixed_2,6037,657.64343,660.6003,0.0,-0.5774601101875305,-2.3794103
exp3_fixed_2,6038,525.1754,536.8934,0.0,-2.7463529109954834,-8.971644
exp3_fixed_2,6039,600.3026,603.38416,0.0,-0.8930437564849854,-2.1885357
exp3_fixed_2,6041,604.00745,606.8937,0.0,-0.7685680389404297,-2.1176293
exp3_fixed_2,6042,512.4893,523.3589,0.0,-0.8701806664466858,-9.999461
exp3_fixed_2,6043,581.41943,584.8068,0.0,-1.0929733514785767,-2.2944415
exp3_fixed_2,6044,629.39453,633.4755,0.0,-1.086922287940979,-2.9940882
exp3_fixed_2,6045,543.58093,553.38245,0.0,-0.46559980511665344,-9.335909
exp3_fixed_2,6046,615.56647,617.27246,0.0,-0.3455599546432495,-1.3604566
exp3_fixed_2,6047,577.4479,581.3419,0.0,-0.6657999753952026,-3.2281923
exp3_fixed_2,6048,629.0552,631.2335,0.0,-0.6578882336616516,-1.5204487
exp3_fixed_2,6049,599.34607,603.39886,0.0,-1.3354487419128418,-2.7173352
exp3_fixed_2,6050,547.2135,563.17676,0.0,-2.662290334701538,-13.301008
exp3_fixed_2,6051,518.5229,525.94116,0.0,-0.34911760687828064,-7.069159
exp3_fixed_2,6052,592.8725,595.5841,0.0,-0.411308228969574,-2.3002872
exp3_fixed_2,6053,589.0315,590.949,0.0,-0.2445695847272873,-1.6729429
exp3_fixed_2,6054,570.80994,572.7411,0.0,-0.468804270029068,-1.4623798
exp3_fixed_2,6055,542.9054,551.06287,0.0,-0.6886534690856934,-7.4688034
exp3_fixed_2,6056,594.5274,597.0392,0.0,-0.6428336501121521,-1.8689325
exp3_fixed_2,6057,-67.55513,-32.74585,0.0,-9.493369102478027,-25.315908
exp3_fixed_2,6058,565.99866,574.6118,0.0,-3.769754648208618,-4.843454
exp3_fixed_2,6059,557.9728,568.43866,0.0,-0.7880247831344604,-9.677888
exp3_fixed_2,6061,536.8045,539.69946,0.0,-0.8333367109298706,-2.061551
exp3_fixed_2,6062,593.8717,601.26,0.0,-0.6021015644073486,-6.786275
exp3_fixed_2,6063,598.0166,606.18884,0.0,-0.4248332679271698,-7.7473354
exp3_fixed_2,6064,576.4899,587.6912,0.0,-0.9848183989524841,-10.216518
exp3_fixed_2,6065,520.2307,524.73553,0.0,-0.7922228574752808,-3.712641
exp3_fixed_2,6066,568.2413,570.96826,0.0,-0.417694628238678,-2.3093202
exp3_fixed_2,6067,616.86847,622.4613,0.0,-0.7160038352012634,-4.876839
exp3_fixed_2,6068,591.4964,600.26355,0.0,-0.6202633380889893,-8.146937
exp3_fixed_2,6069,515.7637,523.9881,0.0,-1.4600181579589844,-6.7644377
exp3_fixed_2,6070,-38.859257,-7.949717,0.0,-1.6848597526550293,-29.224667
exp3_fixed_2,6071,626.5368,627.994,0.0,-0.379001647233963,-1.0782228
exp3_fixed_2,6072,599.46423,605.06604,0.0,-0.6857971549034119,-4.9159703
exp3_fixed_2,6073,557.8856,564.04504,0.0,-0.3530657887458801,-5.806395
exp3_fixed_2,6074,592.6903,616.26025,0.0,-0.9512376189231873,-22.618769
exp3_fixed_2,6075,550.3981,552.34106,0.0,-0.7275224328041077,-1.2155206
exp3_fixed_2,6076,589.3894,593.1069,0.0,-1.0808223485946655,-2.6365964
exp3_fixed_2,6077,626.218,632.6699,0.0,-0.7065608501434326,-5.7453847
exp3_fixed_2,6078,579.6161,583.6558,0.0,-1.2133841514587402,-2.8263097
exp3_fixed_2,6079,609.8223,613.9466,0.0,-0.624312698841095,-3.4999456
exp3_fixed_2,6081,601.4848,604.4852,0.0,-0.69216388463974,-2.3083355
exp3_fixed_2,6082,556.5341,559.8021,0.0,-0.3370049297809601,-2.9309316
exp3_fixed_2,6083,603.9031,606.65625,0.0,-0.880126953125,-1.8730943
exp3_fixed_2,6084,576.8324,579.88574,0.0,-0.9739832878112793,-2.0793898
exp3_fixed_2,6085,483.82953,489.45862,0.0,-1.8289819955825806,-3.8000941
exp3_fixed_2,6086,495.58005,501.19177,0.0,-0.9911739230155945,-4.620586
exp3_fixed_2,6087,567.9623,570.86975,0.0,-0.41375288367271423,-2.4937499
exp3_fixed_2,6088,607.2562,611.28674,0.0,-0.8061798214912415,-3.2243853
exp3_fixed_2,6089,595.38904,597.70905,0.0,-0.3078306317329407,-2.0121863
exp3_fixed_2,6090,654.582,657.2468,0.0,-0.922417402267456,-1.7424148
exp3_fixed_2,6091,549.20953,553.978,0.0,-0.28785985708236694,-4.4806547
exp3_fixed_2,6092,589.5543,599.1486,0.0,-1.5836058855056763,-8.010668
exp3_fixed_2,6093,550.9934,554.79803,0.0,-1.4851871728897095,-2.3194716
exp3_fixed_2,6094,538.2399,543.1749,0.0,-0.7250401973724365,-4.209969
exp3_fixed_2,6095,560.88293,563.8488,0.0,-0.7519509792327881,-2.2138987
exp3_fixed_2,6096,602.85156,609.35547,0.0,-1.1027110815048218,-5.4011493
exp3_fixed_2,6097,621.0952,623.97815,0.0,-0.8636066913604736,-2.019342
exp3_fixed_2,6098,577.2418,579.98224,0.0,-0.5359840989112854,-2.2044528
exp3_fixed_2,6099,587.8316,591.14636,0.0,-0.43223291635513306,-2.8825002
exp3_fixed_2,6101,672.7268,675.0698,0.0,-0.3628101348876953,-1.9801979
exp3_fixed_2,6102,618.0175,624.151,0.0,-0.39902231097221375,-5.7345185
exp3_fixed_2,6103,-224.54678,131.19774,-200.0,-153.1713104248047,-2.5732224
exp3_fixed_2,6104,595.11255,597.8579,0.0,-1.6289745569229126,-1.1163496
exp3_fixed_2,6105,631.18115,633.90045,0.0,-1.0620143413543701,-1.6573277
exp3_fixed_2,6106,560.01624,562.0334,0.0,-0.23813305795192719,-1.7789974
exp3_fixed_2,6107,520.1477,525.90796,0.0,-0.674046516418457,-5.0861692
exp3_fixed_2,6108,532.7687,541.7293,0.0,-0.547379195690155,-8.413292
exp3_fixed_2,6109,599.4232,603.3557,0.0,-1.2002336978912354,-2.732229
exp3_fixed_2,6110,523.3677,536.46185,0.0,-0.6606732606887817,-12.433462
exp3_fixed_2,6111,667.7087,673.3877,0.0,-0.7498392462730408,-4.929127
exp3_fixed_2,6112,537.2911,550.8336,0.0,-0.22960366308689117,-13.312884
exp3_fixed_2,6113,557.05505,559.57874,0.0,-0.5080759525299072,-2.015611
exp3_fixed_2,6114,574.12335,579.28156,0.0,-0.423768013715744,-4.734386
exp3_fixed_2,6115,585.98895,589.7804,0.0,-0.9690561294555664,-2.822394
exp3_fixed_2,6116,645.7661,658.61633,0.0,-1.0186516046524048,-11.831617
exp3_fixed_2,6117,588.42114,596.5886,0.0,-5.564977645874023,-2.6025476
exp3_fixed_2,6118,570.669,575.1152,0.0,-1.3811064958572388,-3.0650315
exp3_fixed_2,6119,639.34503,641.7444,0.0,-0.9640289545059204,-1.4353216
exp3_fixed_2,6121,692.051,693.83575,0.0,-0.3482897877693176,-1.4364392
exp3_fixed_2,6122,658.1553,667.3085,0.0,-0.5480339527130127,-8.605219
exp3_fixed_2,6123,547.3614,550.97314,0.0,-1.152273178100586,-2.4594803
exp3_fixed_2,6124,600.5432,602.80676,0.0,-0.7069218754768372,-1.5565454
exp3_fixed_2,6125,594.4779,597.16895,0.0,-0.5342725515365601,-2.1567273
exp3_fixed_2,6126,536.82886,541.80273,0.0,-0.7867646813392639,-4.18709
exp3_fixed_2,6127,546.6974,553.32947,0.0,-1.299221396446228,-5.332829
exp3_fixed_2,6128,591.6287,593.327,0.0,-0.1973290741443634,-1.5009774
exp3_fixed_2,6129,540.48645,549.68195,0.0,-1.2697679996490479,-7.925703
exp3_fixed_2,6130,551.7679,557.73706,0.0,-0.5668542385101318,-5.4023685
exp3_fixed_2,6131,565.022,568.80634,0.0,-0.8132463693618774,-2.971093
exp3_fixed_2,6132,539.36755,546.97485,0.0,-1.291264295578003,-6.316032
exp3_fixed_2,6133,536.4273,573.5525,0.0,-0.4405747056007385,-36.684566
exp3_fixed_2,6134,580.16736,586.3192,0.0,-0.30876845121383667,-5.8430996
exp3_fixed_2,6135,581.2265,583.5937,0.0,-0.6026729941368103,-1.7645323
exp3_fixed_2,6136,545.85724,551.2936,0.0,-0.5943122506141663,-4.8420277
exp3_fixed_2,6137,664.65283,672.1721,0.0,-0.5889515280723572,-6.9303136
exp3_fixed_2,6138,547.69025,556.5399,0.0,-3.237086296081543,-5.6125813
exp3_fixed_2,6139,635.83545,639.04803,0.0,-0.9513190388679504,-2.2612975
exp3_fixed_2,6141,613.6651,616.6741,0.0,-0.42028871178627014,-2.588677
exp3_fixed_2,6142,594.4659,597.83185,0.0,-1.7908257246017456,-1.575147
exp3_fixed_2,6143,621.872,625.07306,0.0,-0.39378994703292847,-2.80731
exp3_fixed_2,6144,633.89777,636.17126,0.0,-0.40360093116760254,-1.8698826
exp3_fixed_2,6145,590.5488,595.8661,0.0,-0.7093825340270996,-4.607881
exp3_fixed_2,6146,566.99896,570.4762,0.0,-0.8390312194824219,-2.6382291
exp3_fixed_2,6147,542.8646,551.86084,0.0,-1.8466992378234863,-7.1495237
exp3_fixed_2,6148,593.95483,596.66406,0.0,-1.499983549118042,-1.2092068
exp3_fixed_2,6149,596.5862,604.07074,0.0,-0.7624610066413879,-6.722147
exp3_fixed_2,6150,650.2157,651.4724,0.0,-0.5492795705795288,-0.70733297
exp3_fixed_2,6151,577.3791,586.3198,0.0,-0.5141961574554443,-8.42659
exp3_fixed_2,6152,609.58325,614.34515,0.0,-2.482177257537842,-2.2796538
exp3_fixed_2,6153,571.4557,576.4054,0.0,-1.3901313543319702,-3.55958
exp3_fixed_2,6154,597.31006,599.6386,0.0,-0.6979354619979858,-1.6306305
exp3_fixed_2,6155,570.3284,572.6367,0.0,-0.63541179895401,-1.6728249
exp3_fixed_2,6156,559.6003,568.34717,0.0,-0.3787152171134949,-8.3682
exp3_fixed_2,6157,516.8274,520.8774,0.0,-1.2600187063217163,-2.7899747
exp3_fixed_2,6158,577.1945,583.3448,0.0,-0.6947921514511108,-5.455439
exp3_fixed_2,6159,640.0945,642.84015,0.0,-0.35007649660110474,-2.3955872
exp3_fixed_2,6161,517.7313,523.30676,0.0,-0.8301346302032471,-4.7453065
exp3_fixed_2,6162,622.84467,624.62054,0.0,-0.40455079078674316,-1.3713145
exp3_fixed_2,6163,567.61694,577.31104,0.0,-1.243591070175171,-8.450489
exp3_fixed_2,6164,568.39124,571.3912,0.0,-0.30127233266830444,-2.6986673
exp3_fixed_2,6165,564.78204,568.4439,0.0,-1.0722657442092896,-2.5895863
exp3_fixed_2,6166,609.60486,614.4664,0.0,-0.4440805912017822,-4.417422
exp3_fixed_2,6167,601.42834,603.98804,0.0,-0.7640312314033508,-1.795634
exp3_fixed_2,6168,638.8818,643.314,0.0,-1.1577855348587036,-3.2745135
exp3_fixed_2,6169,571.4481,574.96326,0.0,-0.681039571762085,-2.834172
exp3_fixed_2,6170,633.8775,635.9282,0.0,-0.4117801785469055,-1.638902
exp3_fixed_2,6171,577.073,579.1833,0.0,-0.6415426731109619,-1.468782
exp3_fixed_2,6172,572.79034,578.02765,0.0,-1.693776249885559,-3.5435345
exp3_fixed_2,6173,545.42236,557.7186,0.0,-10.037271499633789,-2.2590332
exp3_fixed_2,6174,613.0239,614.3261,0.0,-0.3377612233161926,-0.9644608
exp3_fixed_2,6175,582.5937,594.35443,0.0,-2.143326759338379,-9.617407
exp3_fixed_2,6176,597.66156,599.97076,0.0,-0.7073565125465393,-1.6018407
exp3_fixed_2,6177,573.9298,590.059,0.0,-2.5837454795837402,-13.54547
exp3_fixed_2,6178,574.3154,590.0947,0.0,-3.201897621154785,-12.577362
exp3_fixed_2,6179,603.7283,609.42004,0.0,-1.2992563247680664,-4.3924847
exp3_fixed_2,6181,608.68115,612.532,0.0,-0.37760740518569946,-3.4731624
exp3_fixed_2,6182,550.7079,561.76404,0.0,-1.537717580795288,-9.518434
exp3_fixed_2,6183,641.5089,644.8741,0.0,-1.056549072265625,-2.3086288
exp3_fixed_2,6184,622.78503,625.48926,0.0,-0.6735528111457825,-2.0306609
exp3_fixed_2,6185,627.6283,630.3452,0.0,-0.701876163482666,-2.0150824
exp3_fixed_2,6186,639.3585,641.8154,0.0,-0.5253704786300659,-1.9315083
exp3_fixed_2,6187,512.6595,518.21814,0.0,-0.44863107800483704,-5.1100254
exp3_fixed_2,6188,632.17346,635.1715,0.0,-0.4364037811756134,-2.56158
exp3_fixed_2,6189,519.75793,529.55457,0.0,-1.053515076637268,-8.743094
exp3_fixed_2,6190,621.9931,625.9669,0.0,-1.5699084997177124,-2.4039512
exp3_fixed_2,6191,528.01245,532.1928,0.0,-0.5741813778877258,-3.6061847
exp3_fixed_2,6192,553.16516,556.4248,0.0,-0.503358781337738,-2.7562232
exp3_fixed_2,6193,595.0206,598.13055,0.0,-1.068103551864624,-2.0417721
exp3_fixed_2,6194,541.6422,549.56195,0.0,-1.3771363496780396,-6.542605
exp3_fixed_2,6195,543.50305,547.27673,0.0,-0.5626247525215149,-3.2110853
exp3_fixed_2,6196,591.66547,600.1025,0.0,-1.091619849205017,-7.3453693
exp3_fixed_2,6197,584.0004,587.18823,0.0,-0.9461249709129333,-2.2416987
exp3_fixed_2,6198,569.5493,578.32513,0.0,-1.7144651412963867,-7.0613623
exp3_fixed_2,6199,515.2118,520.09924,0.0,-0.6256394386291504,-4.261856
exp3_fixed_2,6201,654.01605,656.91235,0.0,-0.9229276180267334,-1.9733912
exp3_fixed_2,6202,631.357,634.327,0.0,-0.6256943941116333,-2.3443577
exp3_fixed_2,6203,479.32187,497.0087,0.0,-2.763922929763794,-14.922918
exp3_fixed_2,6204,508.1601,515.6685,0.0,-0.7244377732276917,-6.783964
exp3_fixed_2,6205,564.88745,567.81433,0.0,-0.5820350050926208,-2.344771
exp3_fixed_2,6206,601.33826,613.4265,0.0,-0.8262813091278076,-11.261999
exp3_fixed_2,6207,-100.91216,109.293884,-200.0,-8.826552391052246,-1.3795228
exp3_fixed_2,6208,592.09546,595.29266,0.0,-0.6397502422332764,-2.5574827
exp3_fixed_2,6209,543.1504,547.19934,0.0,-0.9759536981582642,-3.0730376
exp3_fixed_2,6210,573.1426,576.9403,0.0,-0.8762502074241638,-2.9214802
exp3_fixed_2,6211,549.3143,558.0536,0.0,-0.6053720712661743,-8.133975
exp3_fixed_2,6212,556.33154,564.08105,0.0,-0.4843522906303406,-7.265153
exp3_fixed_2,6213,572.46277,579.25653,0.0,-0.8549824357032776,-5.938788
exp3_fixed_2,6214,620.2178,622.93835,0.0,-0.8956517577171326,-1.8249148
exp3_fixed_2,6215,630.2627,633.1064,0.0,-0.506062388420105,-2.3376327
exp3_fixed_2,6216,574.546,576.6258,0.0,-0.7100633382797241,-1.369742
exp3_fixed_2,6217,547.88666,555.7045,0.0,-0.5547701120376587,-7.26304
exp3_fixed_2,6218,639.5509,640.68134,0.0,-0.2825104594230652,-0.8479171
exp3_fixed_2,6219,588.38574,590.0371,0.0,-0.48695117235183716,-1.1644202
exp3_fixed_2,6221,525.26434,533.8252,0.0,-0.5125957727432251,-8.048202
exp3_fixed_2,6222,554.5777,557.349,0.0,-0.671897828578949,-2.099368
exp3_fixed_2,6223,532.7387,553.7996,0.0,-0.7604727149009705,-20.300497
exp3_fixed_2,6224,574.17285,579.39923,0.0,-0.8638385534286499,-4.362566
exp3_fixed_2,6225,521.67566,532.3693,0.0,-3.0303287506103516,-7.663336
exp3_fixed_2,6226,528.8043,547.99365,0.0,-0.4176555871963501,-18.771698
exp3_fixed_2,6227,555.1941,562.09784,0.0,-0.5928175449371338,-6.310975
exp3_fixed_2,6228,613.3279,615.64624,0.0,-0.9298993349075317,-1.3884394
exp3_fixed_2,6229,580.9513,590.62744,0.0,-1.2683370113372803,-8.407813
exp3_fixed_2,6230,518.48505,520.0157,0.0,-0.4551936388015747,-1.0754683
exp3_fixed_2,6231,662.83777,664.367,0.0,-0.4955311119556427,-1.0337652
exp3_fixed_2,6232,-84.01152,-50.030334,0.0,-25.5051326751709,-8.47606
exp3_fixed_2,6233,561.6298,564.1927,0.0,-0.524645984172821,-2.0382278
exp3_fixed_2,6234,587.9812,590.3793,0.0,-0.7145628929138184,-1.683437
exp3_fixed_2,6235,603.4902,606.0754,0.0,-0.7382993698120117,-1.8469518
exp3_fixed_2,6236,564.96893,568.3222,0.0,-0.6485351920127869,-2.704735
exp3_fixed_2,6237,624.5683,627.9399,0.0,-0.8099836111068726,-2.5615833
exp3_fixed_2,6238,500.70184,559.4569,0.0,-0.8446826338768005,-57.91032
exp3_fixed_2,6239,593.5937,604.99786,0.0,-3.620760917663574,-7.783412
exp3_fixed_2,6241,517.2196,518.231,0.0,-0.2802991569042206,-0.7311125
exp3_fixed_2,6242,558.0143,560.05554,0.0,-0.2751506567001343,-1.7661172
exp3_fixed_2,6243,576.89514,579.63116,0.0,-1.2439275979995728,-1.4921575
exp3_fixed_2,6244,523.7224,533.2585,0.0,-1.0959806442260742,-8.440054
exp3_fixed_2,6245,553.9669,556.0875,0.0,-0.5592332482337952,-1.5613624
exp3_fixed_2,6246,559.43634,573.3042,0.0,-3.338438034057617,-10.529433
exp3_fixed_2,6247,567.6452,568.8587,0.0,-0.22332477569580078,-0.99016756
exp3_fixed_2,6248,657.6675,662.3568,0.0,-0.6884312629699707,-4.0008755
exp3_fixed_2,6249,588.8601,589.9918,0.0,-0.386422336101532,-0.7453435
exp3_fixed_2,6250,516.4698,531.26917,0.0,-0.8045738339424133,-13.994823
exp3_fixed_2,6251,518.7207,530.02234,0.0,-0.7315483093261719,-10.570101
exp3_fixed_2,6252,628.3812,634.84814,0.0,-0.5109158158302307,-5.9560313
exp3_fixed_2,6253,633.45917,641.3727,0.0,-1.1048896312713623,-6.8086333
exp3_fixed_2,6254,514.8825,519.11365,0.0,-0.7152907848358154,-3.5158563
exp3_fixed_2,6255,635.4116,641.60754,0.0,-0.3022100031375885,-5.8936563
exp3_fixed_2,6256,588.5796,591.96094,0.0,-1.710258960723877,-1.6711152
exp3_fixed_2,6257,605.96155,610.1703,0.0,-0.7099726796150208,-3.4987764
exp3_fixed_2,6258,629.6412,631.99634,0.0,-0.912010669708252,-1.4431567
exp3_fixed_2,6259,633.1384,635.01196,0.0,-0.7954097986221313,-1.0780993
exp3_fixed_2,6261,-142.85997,-78.65366,0.0,-52.52431869506836,-11.682022
exp3_fixed_2,6262,513.1023,521.8685,0.0,-1.4098010063171387,-7.3564534
exp3_fixed_2,6263,560.95966,564.86926,0.0,-1.866024374961853,-2.0435596
exp3_fixed_2,6264,640.5489,645.5324,0.0,-0.4590837061405182,-4.524506
exp3_fixed_2,6265,516.59454,522.8373,0.0,-0.9604285955429077,-5.28229
exp3_fixed_2,6266,619.6504,621.67566,0.0,-0.5599660277366638,-1.465332
exp3_fixed_2,6267,548.44666,550.57996,0.0,-0.42177486419677734,-1.71152
exp3_fixed_2,6268,589.9237,593.26276,0.0,-1.2955447435379028,-2.0434716
exp3_fixed_2,6269,635.42523,637.8511,0.0,-0.9152405261993408,-1.5105977
exp3_fixed_2,6270,573.40814,577.2117,0.0,-0.863659143447876,-2.939799
exp3_fixed_2,6271,485.27594,490.32773,0.0,-0.5746424794197083,-4.477156
exp3_fixed_2,6272,606.2095,613.4425,0.0,-0.7318921685218811,-6.5011253
exp3_fixed_2,6273,529.90027,543.59344,0.0,-0.5872079133987427,-13.105985
exp3_fixed_2,6274,602.2798,604.5011,0.0,-0.5312038660049438,-1.6901162
exp3_fixed_2,6275,592.1288,594.6757,0.0,-0.6122866272926331,-1.9346261
exp3_fixed_2,6276,663.8762,667.97424,0.0,-1.3448883295059204,-2.7531247
exp3_fixed_2,6277,619.9885,623.0095,0.0,-0.9392614364624023,-2.0817115
exp3_fixed_2,6278,553.229,555.95935,0.0,-1.186387062072754,-1.5439858
exp3_fixed_2,6279,636.37585,642.3293,0.0,-0.5972800850868225,-5.3561335
exp3_fixed_2,6281,562.1256,565.4673,0.0,-0.5290787220001221,-2.812601
exp3_fixed_2,6282,623.73364,625.86096,0.0,-0.7200640439987183,-1.4072715
exp3_fixed_2,6283,516.4791,524.3992,0.0,-0.4046590030193329,-7.5153637
exp3_fixed_2,6284,558.5797,562.6121,0.0,-1.150559902191162,-2.881854
exp3_fixed_2,6285,572.8274,580.9101,0.0,-0.7199337482452393,-7.3627286
exp3_fixed_2,6286,559.09045,562.8237,0.0,-0.45032936334609985,-3.2829967
exp3_fixed_2,6287,579.74445,581.7519,0.0,-0.3580446243286133,-1.6493983
exp3_fixed_2,6288,636.0568,644.0411,0.0,-0.6524259448051453,-7.331801
exp3_fixed_2,6289,510.71585,516.4956,0.0,-0.9761833548545837,-4.8035684
exp3_fixed_2,6290,535.6775,542.92456,0.0,-1.122720718383789,-6.12436
exp3_fixed_2,6291,560.54254,570.8297,0.0,-0.7217855453491211,-9.56538
exp3_fixed_2,6292,631.2374,634.22705,0.0,-0.6555358171463013,-2.3340611
exp3_fixed_2,6293,-92.103,-58.076756,0.0,-24.216156005859375,-9.8100605
exp3_fixed_2,6294,608.8972,611.69836,0.0,-0.46136602759361267,-2.3397994
exp3_fixed_2,6295,560.694,563.808,0.0,-1.2401020526885986,-1.8738515
exp3_fixed_2,6296,561.18567,564.15906,0.0,-0.38833820819854736,-2.5850203
exp3_fixed_2,6297,655.90967,658.3222,0.0,-0.7822209596633911,-1.6303382
exp3_fixed_2,6298,561.8115,564.3136,0.0,-0.5878044366836548,-1.9142289
exp3_fixed_2,6299,570.31006,575.94324,0.0,-1.1397337913513184,-4.493467
exp3_fixed_2,6301,588.902,600.47974,0.0,-1.3103892803192139,-10.267386
exp3_fixed_2,6302,589.17303,592.15814,0.0,-0.7880079746246338,-2.1970565
exp3_fixed_2,6303,582.0675,583.90955,0.0,-0.9523736238479614,-0.88965577
exp3_fixed_2,6304,559.53784,561.4726,0.0,-0.13109485805034637,-1.8036149
exp3_fixed_2,6305,549.91895,554.8817,0.0,-1.3414138555526733,-3.6214025
exp3_fixed_2,6306,588.5322,602.818,0.0,-0.6021049618721008,-13.68371
exp3_fixed_2,6307,561.577,567.7699,0.0,-0.8009862899780273,-5.3918705
exp3_fixed_2,6308,520.395,523.80817,0.0,-0.4669395089149475,-2.9462366
exp3_fixed_2,6309,545.2031,553.2681,0.0,-0.8082090616226196,-7.2567396
exp3_fixed_2,6310,693.005,698.084,0.0,-0.6771334409713745,-4.401799
exp3_fixed_2,6311,591.9016,596.36255,0.0,-1.9692676067352295,-2.491665
exp3_fixed_2,6312,579.3727,581.944,0.0,-0.4503977596759796,-2.1208994
exp3_fixed_2,6313,643.7683,647.7145,0.0,-1.0326900482177734,-2.9135692
exp3_fixed_2,6314,579.4984,582.0175,0.0,-0.9264075756072998,-1.5926552
exp3_fixed_2,6315,574.35675,578.71576,0.0,-1.3042954206466675,-3.0546947
exp3_fixed_2,6316,-85.331505,-39.42233,0.0,-31.709922790527344,-14.199233
exp3_fixed_2,6317,485.34418,496.50394,0.0,-0.4509577751159668,-10.708807
exp3_fixed_2,6318,583.9708,592.4049,0.0,-1.473591923713684,-6.9605036
exp3_fixed_2,6319,619.4363,629.76575,0.0,-0.6441729664802551,-9.685348
exp3_fixed_2,6321,561.1301,569.84827,0.0,-0.7413731217384338,-7.9767175
exp3_fixed_2,6322,500.55646,507.82428,0.0,-0.649429976940155,-6.6183996
exp3_fixed_2,6323,631.6307,633.8811,0.0,-0.48145923018455505,-1.7689904
exp3_fixed_2,6324,629.4377,634.5694,0.0,-0.2838583290576935,-4.847832
exp3_fixed_2,6325,547.33624,558.6124,0.0,-1.2146406173706055,-10.061576
exp3_fixed_2,6326,518.1747,526.6729,0.0,-0.5287560820579529,-7.96944
exp3_fixed_2,6327,642.8189,650.3998,0.0,-1.8131020069122314,-5.767775
exp3_fixed_2,6328,617.2981,620.1108,0.0,-0.7881538271903992,-2.0245779
exp3_fixed_2,6329,503.6851,508.6801,0.0,-1.4292515516281128,-3.565754
exp3_fixed_2,6330,552.3855,558.64136,0.0,-1.8109863996505737,-4.444874
exp3_fixed_2,6331,-14.782699,17.830986,0.0,-28.89132308959961,-3.722301
exp3_fixed_2,6332,609.085,612.4562,0.0,-0.6293985843658447,-2.741746
exp3_fixed_2,6333,629.12585,633.03015,0.0,-0.8758150935173035,-3.0284815
exp3_fixed_2,6334,602.19055,606.2953,0.0,-0.7696338891983032,-3.335069
exp3_fixed_2,6335,551.2859,557.81525,0.0,-0.5135495066642761,-6.0158157
exp3_fixed_2,6336,576.4691,578.89954,0.0,-0.3689362108707428,-2.0614963
exp3_fixed_2,6337,-92.96098,128.9715,-200.0,-19.52610206604004,-2.406361
exp3_fixed_2,6338,610.28394,612.4248,0.0,-0.6549292802810669,-1.4859995
exp3_fixed_2,6339,569.7925,575.861,0.0,-0.5821740627288818,-5.4863377
exp3_fixed_2,6341,575.16125,577.2048,0.0,-0.19424305856227875,-1.8492861
exp3_fixed_2,6342,597.9229,605.7574,0.0,-0.4890902638435364,-7.345372
exp3_fixed_2,6343,593.14825,599.7752,0.0,-1.8914886713027954,-4.7354465
exp3_fixed_2,6344,595.03845,598.0633,0.0,-0.41786932945251465,-2.6069849
exp3_fixed_2,6345,557.68097,559.79736,0.0,-0.3217198848724365,-1.7947354
exp3_fixed_2,6346,595.1291,607.31854,0.0,-0.8059828281402588,-11.38348
exp3_fixed_2,6347,564.82263,567.04236,0.0,-0.33727771043777466,-1.8825147
exp3_fixed_2,6348,578.2402,580.72015,0.0,-0.5906319618225098,-1.8893577
exp3_fixed_2,6349,50.114426,139.67609,0.0,-0.49471595883369446,-89.066956
exp3_fixed_2,6350,543.96075,546.4398,0.0,-0.6551851630210876,-1.8238586
exp3_fixed_2,6351,579.27234,582.70154,0.0,-0.8271300196647644,-2.6020298
exp3_fixed_2,6352,472.21738,478.12164,0.0,-2.1966259479522705,-3.7076595
exp3_fixed_2,6353,536.27985,538.9432,0.0,-0.14855079352855682,-2.514782
exp3_fixed_2,6354,582.41113,584.92,0.0,-0.34771984815597534,-2.1611173
exp3_fixed_2,6355,590.96606,599.1402,0.0,-0.7548605799674988,-7.4192924
exp3_fixed_2,6356,-89.336174,-57.952366,0.0,-8.716148376464844,-22.667648
exp3_fixed_2,6357,617.39154,619.6981,0.0,-0.8286975622177124,-1.4778364
exp3_fixed_2,6358,586.17584,589.48254,0.0,-0.938578724861145,-2.368133
exp3_fixed_2,6359,552.4098,559.4269,0.0,-0.39624103903770447,-6.620883
exp3_fixed_2,6361,-57.3929,161.56534,-200.0,-16.663612365722656,-2.2946475
exp3_fixed_2,6362,606.42426,608.95966,0.0,-0.8928117752075195,-1.642544
exp3_fixed_2,6363,547.22034,556.1948,0.0,-0.5658134818077087,-8.408694
exp3_fixed_2,6364,495.0986,498.45932,0.0,-0.8721141219139099,-2.4886024
exp3_fixed_2,6365,559.47406,563.4951,0.0,-1.3938758373260498,-2.627155
exp3_fixed_2,6366,584.34106,588.80725,0.0,-1.6899994611740112,-2.7761307
exp3_fixed_2,6367,615.679,626.6439,0.0,-1.0380655527114868,-9.926812
exp3_fixed_2,6368,584.81104,587.64966,0.0,-0.4077415466308594,-2.4309278
exp3_fixed_2,6369,629.4339,632.0797,0.0,-0.7212729454040527,-1.9245788
exp3_fixed_2,6370,569.56366,576.20105,0.0,-0.3876068890094757,-6.249712
exp3_fixed_2,6371,-141.38496,-94.5336,0.0,-27.47113800048828,-19.380238
exp3_fixed_2,6372,535.9919,543.6323,0.0,-2.0061137676239014,-5.634357
exp3_fixed_2,6373,546.92914,556.11145,0.0,-0.5734412670135498,-8.608913
exp3_fixed_2,6374,626.5073,631.2753,0.0,-2.4492335319519043,-2.3187973
exp3_fixed_2,6375,557.62476,561.97595,0.0,-0.8421677947044373,-3.5089679
exp3_fixed_2,6376,613.3941,621.2705,0.0,-2.395644426345825,-5.4807243
exp3_fixed_2,6377,641.19604,647.79706,0.0,-1.2181508541107178,-5.382851
exp3_fixed_2,6378,650.6656,652.5469,0.0,-0.4592479169368744,-1.4220192
exp3_fixed_2,6379,587.74536,597.5799,0.0,-0.6704240441322327,-9.164139
exp3_fixed_2,6381,552.2468,554.75244,0.0,-0.581624448299408,-1.9239694
exp3_fixed_2,6382,611.89777,615.3639,0.0,-0.631652295589447,-2.8345094
exp3_fixed_2,6383,584.0188,589.08167,0.0,-1.5621743202209473,-3.500741
exp3_fixed_2,6384,589.0474,594.7028,0.0,-1.5489044189453125,-4.1064816
exp3_fixed_2,6385,502.61588,507.51843,0.0,-1.7913058996200562,-3.111221
exp3_fixed_2,6386,583.1098,588.3979,0.0,-0.205766960978508,-5.0823402
exp3_fixed_2,6387,624.9665,627.02014,0.0,-0.277321457862854,-1.7763214
exp3_fixed_2,6388,446.6408,461.34607,0.0,-0.6990597248077393,-14.006177
exp3_fixed_2,6389,626.5513,627.9723,0.0,-0.621324896812439,-0.7997775
exp3_fixed_2,6390,652.6,654.85986,0.0,-0.6391174793243408,-1.6208172
exp3_fixed_2,6391,584.6231,597.0194,0.0,-0.8875507712364197,-11.508779
exp3_fixed_2,6392,508.59476,519.92957,0.0,-1.284517526626587,-10.050297
exp3_fixed_2,6393,628.9163,630.7248,0.0,-0.37010520696640015,-1.4383334
exp3_fixed_2,6394,547.9525,555.2694,0.0,-0.7474460601806641,-6.5694327
exp3_fixed_2,6395,619.062,621.4045,0.0,-0.7721118330955505,-1.5703537
exp3_fixed_2,6396,584.334,586.04767,0.0,-0.5578277111053467,-1.1558552
exp3_fixed_2,6397,660.2877,662.71674,0.0,-0.5931727290153503,-1.8357701
exp3_fixed_2,6398,557.1637,564.02905,0.0,-1.1687639951705933,-5.6966186
exp3_fixed_2,6399,586.44165,596.87134,0.0,-0.6510722637176514,-9.778601
exp3_fixed_2,6401,563.8726,566.53864,0.0,-0.7984822392463684,-1.8675377
exp3_fixed_2,6402,566.32184,572.596,0.0,-2.093294620513916,-4.1808777
exp3_fixed_2,6403,609.32416,611.1815,0.0,-0.468545526266098,-1.3887596
exp3_fixed_2,6404,537.8552,541.09686,0.0,-0.3685224950313568,-2.8731012
exp3_fixed_2,6405,616.91394,620.42834,0.0,-2.153627395629883,-1.3608118
exp3_fixed_2,6406,626.57416,630.9692,0.0,-0.8036382794380188,-3.5913436
exp3_fixed_2,6407,580.6677,586.75183,0.0,-0.6724945902824402,-5.4115868
exp3_fixed_2,6408,608.53296,610.364,0.0,-0.39096567034721375,-1.4401301
exp3_fixed_2,6409,572.30316,575.1498,0.0,-1.1478086709976196,-1.6987913
exp3_fixed_2,6410,642.14374,644.26404,0.0,-0.40586477518081665,-1.714468
exp3_fixed_2,6411,600.11804,604.10864,0.0,-1.0620555877685547,-2.9285572
exp3_fixed_2,6412,649.17615,651.27747,0.0,-0.6876834034919739,-1.4136674
exp3_fixed_2,6413,588.0661,607.01514,0.0,-1.7702662944793701,-17.178738
exp3_fixed_2,6414,630.22253,634.70435,0.0,-1.1661039590835571,-3.3157105
exp3_fixed_2,6415,530.1558,544.8157,0.0,-1.5854641199111938,-13.074376
exp3_fixed_2,6416,587.978,589.19275,0.0,-0.09106946736574173,-1.1236422
exp3_fixed_2,6417,581.94543,590.09863,0.0,-0.3707793653011322,-7.782452
exp3_fixed_2,6418,-88.00403,-50.21389,0.0,-24.774993896484375,-13.015136
exp3_fixed_2,6419,508.47784,516.0725,0.0,-3.3139398097991943,-4.2806807
exp3_fixed_2,6421,558.1001,590.463,0.0,-0.5104376673698425,-31.852356
exp3_fixed_2,6422,570.62994,574.18787,0.0,-1.4703394174575806,-2.0875638
exp3_fixed_2,6423,610.27734,619.9112,0.0,-0.5994865894317627,-9.034358
exp3_fixed_2,6424,583.33704,588.25806,0.0,-0.5736008882522583,-4.3474255
exp3_fixed_2,6425,514.40857,523.26263,0.0,-0.5179416537284851,-8.336113
exp3_fixed_2,6426,-89.60826,128.59239,-200.0,-17.105194091796875,-1.0954635
exp3_fixed_2,6427,650.8499,655.6327,0.0,-0.5448400378227234,-4.2379932
exp3_fixed_2,6428,533.3129,550.8302,0.0,-2.687607765197754,-14.829635
exp3_fixed_2,6429,524.792,585.0598,0.0,-0.4274395704269409,-59.8404
exp3_fixed_2,6430,615.975,624.21545,0.0,-0.9135342240333557,-7.3269506
exp3_fixed_2,6431,591.2361,594.7653,0.0,-0.5754208564758301,-2.9538286
exp3_fixed_2,6432,576.9732,584.76587,0.0,-0.657206654548645,-7.135498
exp3_fixed_2,6433,544.5617,549.12366,0.0,-1.6699151992797852,-2.8920608
exp3_fixed_2,6434,618.23694,621.82324,0.0,-1.2803831100463867,-2.3059306
exp3_fixed_2,6435,582.53674,586.2564,0.0,-0.5327883362770081,-3.1868782
exp3_fixed_2,6436,577.8927,583.65643,0.0,-0.25306886434555054,-5.51062
exp3_fixed_2,6437,611.3944,621.0641,0.0,-5.468604564666748,-4.2011085
exp3_fixed_2,6438,608.5662,610.67017,0.0,-0.4264752268791199,-1.6775055
exp3_fixed_2,6439,640.22906,643.5108,0.0,-1.1437699794769287,-2.137988
exp3_fixed_2,6441,553.0424,561.8607,0.0,-0.3803540766239166,-8.437931
exp3_fixed_2,6442,537.02997,544.9852,0.0,-5.928704738616943,-2.0265448
exp3_fixed_2,6443,587.1439,598.6336,0.0,-6.015366554260254,-5.4743137
exp3_fixed_2,6444,588.65295,597.83044,0.0,-1.1987583637237549,-7.9787
exp3_fixed_2,6445,594.58826,596.657,0.0,-0.20547418296337128,-1.8632336
exp3_fixed_2,6446,559.24884,575.647,0.0,-0.9427701234817505,-15.455338
exp3_fixed_2,6447,662.5827,665.3884,0.0,-0.8415834307670593,-1.964139
exp3_fixed_2,6448,539.5626,547.79193,0.0,-0.4318700432777405,-7.79744
exp3_fixed_2,6449,608.4067,614.5436,0.0,-0.7327955365180969,-5.404144
exp3_fixed_2,6450,614.93396,618.4667,0.0,-1.2081630229949951,-2.3245513
exp3_fixed_2,6451,559.4198,567.1366,0.0,-0.37491750717163086,-7.341902
exp3_fixed_2,6452,581.0931,598.3326,0.0,-0.5037078261375427,-16.735826
exp3_fixed_2,6453,613.0561,621.8222,0.0,-0.4168094992637634,-8.34925
exp3_fixed_2,6454,608.4312,610.28784,0.0,-0.5011601448059082,-1.3554933
exp3_fixed_2,6455,608.407,610.5978,0.0,-0.46807312965393066,-1.7227451
exp3_fixed_2,6456,582.4973,585.25165,0.0,-0.7879709005355835,-1.9663658
exp3_fixed_2,6457,606.94165,609.7647,0.0,-0.4648522734642029,-2.3582084
exp3_fixed_2,6458,609.39465,611.5459,0.0,-0.3190227746963501,-1.8322338
exp3_fixed_2,6459,523.2617,527.5033,0.0,-1.2420258522033691,-2.9995
exp3_fixed_2,6461,596.97876,600.20905,0.0,-0.46094387769699097,-2.769338
exp3_fixed_2,6462,588.2698,592.4746,0.0,-0.7264702916145325,-3.4783804
exp3_fixed_2,6463,552.99475,560.16846,0.0,-0.6744033098220825,-6.499265
exp3_fixed_2,6464,568.0261,571.202,0.0,-0.3827565312385559,-2.793152
exp3_fixed_2,6465,616.58374,626.41907,0.0,-0.75491863489151,-9.080499
exp3_fixed_2,6466,582.29645,584.3814,0.0,-0.9207455515861511,-1.1642797
exp3_fixed_2,6467,609.343,612.02496,0.0,-0.734652042388916,-1.9473337
exp3_fixed_2,6468,621.2149,623.114,0.0,-0.6626032590866089,-1.2365096
exp3_fixed_2,6469,-372.26572,30.10461,-200.0,-192.69383239746094,-9.6764555
exp3_fixed_2,6470,649.35913,651.75525,0.0,-0.4454190731048584,-1.9506587
exp3_fixed_2,6471,489.766,500.74777,0.0,-6.590760707855225,-4.391097
exp3_fixed_2,6472,666.35187,668.8913,0.0,-0.8853533864021301,-1.6540846
exp3_fixed_2,6473,545.4668,547.4831,0.0,-0.7299863696098328,-1.2863352
exp3_fixed_2,6474,580.40234,583.0996,0.0,-0.6821985244750977,-2.015088
exp3_fixed_2,6475,572.7444,576.7169,0.0,-1.2034717798233032,-2.7691064
exp3_fixed_2,6476,548.90125,558.34424,0.0,-0.2514471411705017,-9.191491
exp3_fixed_2,6477,556.25977,570.5025,0.0,-0.5411278605461121,-13.701652
exp3_fixed_2,6478,480.3867,492.90375,0.0,-3.8872039318084717,-8.629879
exp3_fixed_2,6479,581.46466,585.64636,0.0,-1.3718900680541992,-2.8098295
exp3_fixed_2,6481,592.8839,599.79553,0.0,-0.9261879920959473,-5.9854417
exp3_fixed_2,6482,614.36145,617.40814,0.0,-0.8822326064109802,-2.1644568
exp3_fixed_2,6483,580.10046,582.0929,0.0,-0.18925708532333374,-1.8031728
exp3_fixed_2,6484,497.12045,501.85403,0.0,-0.3319398760795593,-4.4016776
exp3_fixed_2,6485,650.1469,654.77606,0.0,-0.81227707862854,-3.8168864
exp3_fixed_2,6486,588.0458,591.11145,0.0,-0.7305272817611694,-2.335113
exp3_fixed_2,6487,582.58484,586.3437,0.0,-0.8046272993087769,-2.9542496
exp3_fixed_2,6488,651.61707,653.9895,0.0,-0.846737265586853,-1.5257624
exp3_fixed_2,6489,666.7778,678.8122,0.0,-1.4163727760314941,-10.6180935
exp3_fixed_2,6490,567.2341,575.3939,0.0,-0.673339307308197,-7.486528
exp3_fixed_2,6491,580.09924,582.3208,0.0,-0.28379422426223755,-1.9377805
exp3_fixed_2,6492,636.6076,641.59357,0.0,-0.4943908452987671,-4.491592
exp3_fixed_2,6493,649.73334,651.7391,0.0,-0.35451239347457886,-1.6511928
exp3_fixed_2,6494,607.71313,610.06287,0.0,-0.516785204410553,-1.8329709
exp3_fixed_2,6495,558.1877,561.6668,0.0,-0.8133938312530518,-2.665727
exp3_fixed_2,6496,568.1334,569.68085,0.0,-0.27503061294555664,-1.2724068
exp3_fixed_2,6497,592.38135,597.6901,0.0,-0.23476772010326385,-5.0740767
exp3_fixed_2,6498,597.6516,602.52185,0.0,-1.4355950355529785,-3.4346416
exp3_fixed_2,6499,579.2216,583.49963,0.0,-0.5644055008888245,-3.7135704
exp3_fixed_2,6501,631.224,633.3096,0.0,-0.31528180837631226,-1.7702277
exp3_fixed_2,6502,542.9227,547.01025,0.0,-0.679810643196106,-3.4077396
exp3_fixed_2,6503,594.8764,604.0559,0.0,-0.4497123956680298,-8.7297535
exp3_fixed_2,6504,585.6309,597.2095,0.0,-1.165025234222412,-10.413553
exp3_fixed_2,6505,-131.3936,-92.54215,0.0,-28.3978214263916,-10.453625
exp3_fixed_2,6506,564.26294,567.04517,0.0,-0.38145825266838074,-2.400745
exp3_fixed_2,6507,611.16327,614.27325,0.0,-0.45478981733322144,-2.6552029
exp3_fixed_2,6508,522.857,528.1527,0.0,-1.2000995874404907,-4.0956182
exp3_fixed_2,6509,638.2919,639.92676,0.0,-0.4300142526626587,-1.2048956
exp3_fixed_2,6510,617.11414,620.37054,0.0,-1.272305965423584,-1.984077
exp3_fixed_2,6511,537.8594,542.7549,0.0,-1.7786588668823242,-3.116906
exp3_fixed_2,6512,562.2726,564.17566,0.0,-0.6303080320358276,-1.2727693
exp3_fixed_2,6513,530.306,535.8937,0.0,-0.8279352188110352,-4.7596703
exp3_fixed_2,6514,543.38,551.3294,0.0,-0.7011516094207764,-7.2482543
exp3_fixed_2,6515,590.3851,595.8413,0.0,-0.3417428731918335,-5.1145244
exp3_fixed_2,6516,498.1505,503.29843,0.0,-0.8462610244750977,-4.3016543
exp3_fixed_2,6517,607.22473,615.3447,0.0,-0.7074203491210938,-7.412582
exp3_fixed_2,6518,535.3422,550.01086,0.0,-0.400077223777771,-14.2685995
exp3_fixed_2,6519,608.0953,613.19006,0.0,-1.3103110790252686,-3.78444
exp3_fixed_2,6521,579.0078,584.41174,0.0,-0.5196787714958191,-4.8841934
exp3_fixed_2,6522,602.8776,605.20667,0.0,-0.8295801877975464,-1.4994726
exp3_fixed_2,6523,565.53345,568.54065,0.0,-0.6149877309799194,-2.3922062
exp3_fixed_2,6524,580.31366,589.2225,0.0,-0.5273010730743408,-8.381555
exp3_fixed_2,6525,550.4753,557.2998,0.0,-0.4854969084262848,-6.339091
exp3_fixed_2,6526,-70.07098,-39.382027,0.0,-9.988607406616211,-20.700357
exp3_fixed_2,6527,-75.2484,-37.805542,0.0,-22.52777862548828,-14.915094
exp3_fixed_2,6528,582.3456,589.5505,0.0,-2.8140382766723633,-4.390897
exp3_fixed_2,6529,550.10175,557.27136,0.0,-1.1955227851867676,-5.9740973
exp3_fixed_2,6530,587.38995,589.3175,0.0,-0.5470584630966187,-1.3804927
exp3_fixed_2,6531,484.04193,492.7431,0.0,-5.548915863037109,-3.1523292
exp3_fixed_2,6532,538.23834,542.9051,0.0,-2.941885471343994,-1.7248735
exp3_fixed_2,6533,548.2111,550.8498,0.0,-0.6121882796287537,-2.0264795
exp3_fixed_2,6534,601.73676,603.9832,0.0,-0.7976737022399902,-1.448827
exp3_fixed_2,6535,662.7956,671.8324,0.0,-1.7786974906921387,-7.2580733
exp3_fixed_2,6536,607.067,611.0675,0.0,-1.0029484033584595,-2.997519
exp3_fixed_2,6537,615.1563,621.4201,0.0,-0.6367031335830688,-5.627085
exp3_fixed_2,6538,561.10254,564.8227,0.0,-0.6947233080863953,-3.0254729
exp3_fixed_2,6539,598.6444,609.53046,0.0,-0.6349412202835083,-10.251123
exp3_fixed_2,6541,638.3318,641.9304,0.0,-0.8839511871337891,-2.7147026
exp3_fixed_2,6542,517.8945,532.96185,0.0,-0.6851946115493774,-14.382198
exp3_fixed_2,6543,585.97406,587.96124,0.0,-0.4644642770290375,-1.5227461
exp3_fixed_2,6544,613.1799,617.0586,0.0,-0.5461043119430542,-3.3326082
exp3_fixed_2,6545,598.21216,603.25037,0.0,-0.4751952886581421,-4.562974
exp3_fixed_2,6546,686.17,690.8742,0.0,-0.4763200283050537,-4.227928
exp3_fixed_2,6547,587.98474,589.28485,0.0,-0.3839033842086792,-0.9161781
exp3_fixed_2,6548,417.42963,432.76807,0.0,-1.7895103693008423,-13.548924
exp3_fixed_2,6549,519.03217,526.7089,0.0,-0.49105551838874817,-7.185712
exp3_fixed_2,6550,647.63574,653.4717,0.0,-1.402061939239502,-4.43395
exp3_fixed_2,6551,639.187,641.2101,0.0,-1.0379760265350342,-0.9850869
exp3_fixed_2,6552,626.5471,631.0629,0.0,-0.45530784130096436,-4.0604687
exp3_fixed_2,6553,604.7074,607.494,0.0,-0.8255118727684021,-1.9611306
exp3_fixed_2,6554,583.0802,586.4922,0.0,-0.7062494158744812,-2.7057796
exp3_fixed_2,6555,559.3013,563.2385,0.0,-0.5477401614189148,-3.3895812
exp3_fixed_2,6556,610.2096,614.0501,0.0,-0.3952198624610901,-3.4453235
exp3_fixed_2,6557,554.86554,560.72095,0.0,-0.26377084851264954,-5.5915847
exp3_fixed_2,6558,569.4786,572.374,0.0,-0.29915231466293335,-2.596274
exp3_fixed_2,6559,-195.27678,11.963377,-200.0,-6.748708248138428,-0.49145308
exp3_fixed_2,6561,533.3996,546.4937,0.0,-3.551710605621338,-9.54242
exp3_fixed_2,6562,592.92847,595.86145,0.0,-0.5660625100135803,-2.3669164
exp3_fixed_2,6563,611.07886,617.519,0.0,-0.267703115940094,-6.172415
exp3_fixed_2,6564,537.2712,540.776,0.0,-0.9591442346572876,-2.5457318
exp3_fixed_2,6565,572.85034,578.3847,0.0,-0.9307753443717957,-4.60359
exp3_fixed_2,6566,562.126,571.3904,0.0,-0.6926836371421814,-8.571687
exp3_fixed_2,6567,594.69104,596.32214,0.0,-0.4928301274776459,-1.1382766
exp3_fixed_2,6568,646.3579,648.8307,0.0,-0.7268584370613098,-1.7459071
exp3_fixed_2,6569,617.73425,619.5543,0.0,-0.32436859607696533,-1.4957045
exp3_fixed_2,6570,525.4806,530.75745,0.0,-1.8253599405288696,-3.4515088
exp3_fixed_2,6571,572.51886,575.1985,0.0,-0.6185811161994934,-2.0610435
exp3_fixed_2,6572,514.93445,521.14264,0.0,-1.5200879573822021,-4.6880856
exp3_fixed_2,6573,683.89716,689.70416,0.0,-0.5105543732643127,-5.296448
exp3_fixed_2,6574,421.6242,439.7583,0.0,-1.3323112726211548,-16.801817
exp3_fixed_2,6575,587.3325,592.7225,0.0,-1.0520484447479248,-4.337926
exp3_fixed_2,6576,518.58014,523.26996,0.0,-0.26815950870513916,-4.4216456
exp3_fixed_2,6577,623.8216,626.636,0.0,-0.6280748844146729,-2.1863768
exp3_fixed_2,6578,471.29233,487.3671,0.0,-6.7106099128723145,-9.364158
exp3_fixed_2,6579,561.47906,563.5807,0.0,-0.8825637698173523,-1.2189804
exp3_fixed_2,6581,503.5103,517.7966,0.0,-8.379526138305664,-5.9066796
exp3_fixed_2,6582,605.14044,611.3187,0.0,-2.0847997665405273,-4.0935297
exp3_fixed_2,6583,655.7224,657.4876,0.0,-0.40683579444885254,-1.3583853
exp3_fixed_2,6584,562.1332,578.3904,0.0,-1.0021858215332031,-15.255031
exp3_fixed_2,6585,571.98065,599.2217,0.0,-0.7243752479553223,-26.516592
exp3_fixed_2,6586,558.66425,561.28784,0.0,-0.45006564259529114,-2.1735432
exp3_fixed_2,6587,500.99527,512.18756,0.0,-0.6577375531196594,-10.534542
exp3_fixed_2,6588,587.23724,595.3845,0.0,-0.4826110601425171,-7.664597
exp3_fixed_2,6589,556.184,560.119,0.0,-0.6586781144142151,-3.2763386
exp3_fixed_2,6590,589.5785,592.75,0.0,-1.2308440208435059,-1.9406822
exp3_fixed_2,6591,508.03412,516.35925,0.0,-0.4845625162124634,-7.8405433
exp3_fixed_2,6592,595.11285,602.251,0.0,-1.41241455078125,-5.7256637
exp3_fixed_2,6593,596.10016,599.0691,0.0,-0.5107506513595581,-2.4581835
exp3_fixed_2,6594,519.2104,527.6791,0.0,-0.4550095498561859,-8.013689
exp3_fixed_2,6595,608.10547,611.95807,0.0,-0.7401845455169678,-3.112415
exp3_fixed_2,6596,598.04083,601.83417,0.0,-1.2361489534378052,-2.5571933
exp3_fixed_2,6597,675.91394,678.40204,0.0,-0.3711560368537903,-2.1169276
exp3_fixed_2,6598,563.60126,565.90045,0.0,-0.5958129167556763,-1.7033919
exp3_fixed_2,6599,601.1365,608.67053,0.0,-0.9669478535652161,-6.5671535
exp3_fixed_2,6601,589.0366,591.7283,0.0,-0.604434072971344,-2.0872517
exp3_fixed_2,6602,654.6417,660.4906,0.0,-0.308289110660553,-5.540654
exp3_fixed_2,6603,565.46094,568.9923,0.0,-0.9590743780136108,-2.5722635
exp3_fixed_2,6604,537.4155,539.4103,0.0,-0.8418172597885132,-1.1529533
exp3_fixed_2,6605,605.45886,608.5828,0.0,-1.1262104511260986,-1.9977943
exp3_fixed_2,6606,634.2333,637.0455,0.0,-0.6848558187484741,-2.1272836
exp3_fixed_2,6607,588.43976,590.65436,0.0,-0.5770057439804077,-1.6375382
exp3_fixed_2,6608,554.6649,561.9808,0.0,-0.22238023579120636,-7.0934725
exp3_fixed_2,6609,560.9344,563.5169,0.0,-0.3757020831108093,-2.2068307
exp3_fixed_2,6610,554.6687,557.4381,0.0,-0.4531499743461609,-2.316291
exp3_fixed_2,6611,635.54346,640.5198,0.0,-1.704753041267395,-3.2715883
exp3_fixed_2,6612,473.75485,480.38214,0.0,-0.8145138621330261,-5.81278
exp3_fixed_2,6613,569.55084,591.8757,0.0,-0.5154919624328613,-21.809332
exp3_fixed_2,6614,625.6647,628.46924,0.0,-0.5256548523902893,-2.2789755
exp3_fixed_2,6615,634.7121,641.9286,0.0,-0.8999411463737488,-6.3165336
exp3_fixed_2,6616,615.1472,619.3398,0.0,-0.42831674218177795,-3.764263
exp3_fixed_2,6617,561.48,575.79736,0.0,-0.6155903935432434,-13.701782
exp3_fixed_2,6618,536.9673,547.4021,0.0,-0.6494999527931213,-9.785341
exp3_fixed_2,6619,-44.828526,-4.672495,0.0,-14.24008846282959,-25.915907
exp3_fixed_2,6621,554.4892,557.6719,0.0,-1.547452688217163,-1.6352326
exp3_fixed_2,6622,590.0628,593.9302,0.0,-1.0463939905166626,-2.8210173
exp3_fixed_2,6623,648.2572,649.95337,0.0,-0.5413787364959717,-1.1548005
exp3_fixed_2,6624,618.4981,621.95264,0.0,-1.1204160451889038,-2.3340874
exp3_fixed_2,6625,546.0718,552.5429,0.0,-0.6683085560798645,-5.8027797
exp3_fixed_2,6626,644.2487,647.3474,0.0,-0.5978322625160217,-2.5008826
exp3_fixed_2,6627,596.4759,598.0963,0.0,-0.6022312641143799,-1.0182488
exp3_fixed_2,6628,606.306,612.00415,0.0,-0.8703030943870544,-4.8278656
exp3_fixed_2,6629,-75.4377,-30.707012,0.0,-34.194129943847656,-10.536533
exp3_fixed_2,6630,603.7077,605.47314,0.0,-0.37165945768356323,-1.3937333
exp3_fixed_2,6631,643.08057,647.4466,0.0,-1.0048731565475464,-3.3611853
exp3_fixed_2,6632,664.15967,680.68823,0.0,-0.6579073667526245,-15.87068
exp3_fixed_2,6633,520.4528,529.157,0.0,-0.44086068868637085,-8.263301
exp3_fixed_2,6634,558.69336,562.65436,0.0,-0.5474215149879456,-3.4136152
exp3_fixed_2,6635,538.05414,543.00134,0.0,-0.19369515776634216,-4.753495
exp3_fixed_2,6636,560.0492,573.79517,0.0,-0.7054407596588135,-13.040514
exp3_fixed_2,6637,585.5365,590.38257,0.0,-0.06863249838352203,-4.7774286
exp3_fixed_2,6638,563.8838,573.1095,0.0,-0.8978971838951111,-8.327819
exp3_fixed_2,6639,617.58966,620.76434,0.0,-0.8022820949554443,-2.3724298
exp3_fixed_2,6641,690.8898,692.2998,0.0,-0.24546028673648834,-1.1645495
exp3_fixed_2,6642,550.51807,579.4819,0.0,-0.5270473957061768,-28.436752
exp3_fixed_2,6643,535.08997,540.0912,0.0,-1.619586706161499,-3.381654
exp3_fixed_2,6644,525.5275,530.79266,0.0,-0.37907907366752625,-4.886104
exp3_fixed_2,6645,568.5427,570.71497,0.0,-1.058011531829834,-1.1142428
exp3_fixed_2,6646,630.2737,632.8887,0.0,-0.8254002332687378,-1.7895703
exp3_fixed_2,6647,588.53064,590.8916,0.0,-0.8272258043289185,-1.5336952
exp3_fixed_2,6648,573.27356,578.96497,0.0,-0.5438235998153687,-5.147566
exp3_fixed_2,6649,666.7921,668.9918,0.0,-0.3476402759552002,-1.85214
exp3_fixed_2,6650,591.00024,593.89453,0.0,-1.2829002141952515,-1.6113813
exp3_fixed_2,6651,524.1905,532.46387,0.0,-0.6803362965583801,-7.593055
exp3_fixed_2,6652,518.59625,524.51025,0.0,-1.9505151510238647,-3.9635077
exp3_fixed_2,6653,506.13385,513.0693,0.0,-0.21470969915390015,-6.7207084
exp3_fixed_2,6654,583.8329,591.8091,0.0,-1.039141058921814,-6.9370728
exp3_fixed_2,6655,611.2708,613.89453,0.0,-0.8342427015304565,-1.7895038
exp3_fixed_2,6656,594.9821,598.44635,0.0,-0.7314080595970154,-2.7328265
exp3_fixed_2,6657,578.1444,588.09454,0.0,-0.5634676218032837,-9.386662
exp3_fixed_2,6658,565.6775,567.85315,0.0,-0.41610461473464966,-1.759531
exp3_fixed_2,6659,646.20544,649.03265,0.0,-0.6603878736495972,-2.1668587
exp3_fixed_2,6661,569.08417,578.6452,0.0,-0.8458597660064697,-8.71517
exp3_fixed_2,6662,597.65356,601.34485,0.0,-1.2292544841766357,-2.4620638
exp3_fixed_2,6663,614.24786,622.5912,0.0,-0.7191462516784668,-7.624139
exp3_fixed_2,6664,545.474,547.6043,0.0,-0.09413544833660126,-2.0361602
exp3_fixed_2,6665,604.04596,606.2123,0.0,-0.5459309816360474,-1.6204224
exp3_fixed_2,6666,638.4718,644.31177,0.0,-0.9741041660308838,-4.865823
exp3_fixed_2,6667,533.31055,535.56976,0.0,-0.5630958676338196,-1.696118
exp3_fixed_2,6668,572.16595,574.7786,0.0,-0.3512364625930786,-2.261474
exp3_fixed_2,6669,577.71326,581.37036,0.0,-0.5579631328582764,-3.0991237
exp3_fixed_2,6670,530.1585,539.49036,0.0,-1.078300952911377,-8.253592
exp3_fixed_2,6671,571.0912,577.2815,0.0,-0.5299409031867981,-5.6603756
exp3_fixed_2,6672,541.4954,545.19867,0.0,-1.5309951305389404,-2.1722693
exp3_fixed_2,6673,536.0383,539.9906,0.0,-0.577101469039917,-3.3750954
exp3_fixed_2,6674,589.6654,593.35016,0.0,-0.4682772755622864,-3.216501
exp3_fixed_2,6675,554.27405,558.51965,0.0,-0.9720616936683655,-3.2735264
exp3_fixed_2,6676,525.51636,533.9675,0.0,-0.7583672404289246,-7.692799
exp3_fixed_2,6677,559.4635,561.41113,0.0,-0.4336329996585846,-1.5140561
exp3_fixed_2,6678,573.0878,595.77,0.0,-0.4174019992351532,-22.264778
exp3_fixed_2,6679,549.9588,557.81915,0.0,-0.5427718758583069,-7.3175673
exp3_fixed_2,6681,506.76697,512.15845,0.0,-0.9820008277893066,-4.4094486
exp3_fixed_2,6682,511.68536,521.6344,0.0,-1.445657730102539,-8.503362
exp3_fixed_2,6683,567.2158,575.0323,0.0,-0.43235546350479126,-7.384135
exp3_fixed_2,6684,587.4013,591.05115,0.0,-1.1109625101089478,-2.538861
exp3_fixed_2,6685,617.1018,623.2417,0.0,-0.37755048274993896,-5.7623715
exp3_fixed_2,6686,643.00085,647.6363,0.0,-1.148644208908081,-3.4867737
exp3_fixed_2,6687,568.6864,577.44055,0.0,-0.8808718919754028,-7.8732214
exp3_fixed_2,6688,652.81335,655.7036,0.0,-1.9985508918762207,-0.8917158
exp3_fixed_2,6689,623.6541,627.475,0.0,-0.9313485622406006,-2.8895073
exp3_fixed_2,6690,515.03674,518.7774,0.0,-0.5323151350021362,-3.2083352
exp3_fixed_2,6691,594.4882,597.4301,0.0,-0.8229870200157166,-2.118905
exp3_fixed_2,6692,541.09424,547.27606,0.0,-0.7898731231689453,-5.3919797
exp3_fixed_2,6693,620.46765,623.14636,0.0,-0.8785329461097717,-1.8001335
exp3_fixed_2,6694,547.74695,557.033,0.0,-1.0222649574279785,-8.263789
exp3_fixed_2,6695,585.78156,599.78394,0.0,-3.270109176635742,-10.732304
exp3_fixed_2,6696,610.16736,613.92267,0.0,-0.8304023146629333,-2.9249346
exp3_fixed_2,6697,587.86847,596.0327,0.0,-0.27145692706108093,-7.892782
exp3_fixed_2,6698,567.6154,570.3627,0.0,-0.4995742440223694,-2.24772
exp3_fixed_2,6699,631.2566,636.96216,0.0,-0.8621897101402283,-4.843379
exp3_fixed_2,6701,582.81915,586.27124,0.0,-0.7314760088920593,-2.7206824
exp3_fixed_2,6702,635.5402,637.72473,0.0,-0.7410364747047424,-1.4435205
exp3_fixed_2,6703,619.0607,622.4031,0.0,-0.6091041564941406,-2.7332246
exp3_fixed_2,6704,572.3274,573.60455,0.0,-0.43842291831970215,-0.8387536
exp3_fixed_2,6705,547.41504,555.3313,0.0,-1.3967572450637817,-6.5195427
exp3_fixed_2,6706,565.47327,573.81213,0.0,-0.5937098860740662,-7.7451663
exp3_fixed_2,6707,507.3492,520.94556,0.0,-1.1331825256347656,-12.4632015
exp3_fixed_2,6708,582.6815,584.1308,0.0,-0.09245149791240692,-1.3568267
exp3_fixed_2,6709,543.7205,546.3734,0.0,-0.5919233560562134,-2.060987
exp3_fixed_2,6710,600.1763,608.619,0.0,-0.8056173920631409,-7.6371236
exp3_fixed_2,6711,591.6249,599.1671,0.0,-0.787481427192688,-6.7547326
exp3_fixed_2,6712,600.4945,616.585,0.0,-1.2292988300323486,-14.861219
exp3_fixed_2,6713,584.294,600.30005,0.0,-0.6140718460083008,-15.391973
exp3_fixed_2,6714,598.9026,600.89075,0.0,-0.5062128305435181,-1.4819362
exp3_fixed_2,6715,627.40216,629.8687,0.0,-0.39584416151046753,-2.070712
exp3_fixed_2,6716,575.59625,578.85474,0.0,-0.6230725646018982,-2.6353753
exp3_fixed_2,6717,624.93445,628.8218,0.0,-1.0192400217056274,-2.8681142
exp3_fixed_2,6718,557.2058,562.0938,0.0,-0.972632646560669,-3.9153512
exp3_fixed_2,6719,585.3341,588.88385,0.0,-0.9790744781494141,-2.5706758
exp3_fixed_2,6721,563.1054,567.51117,0.0,-0.6086694002151489,-3.7971034
exp3_fixed_2,6722,498.35782,501.8285,0.0,-0.3950640857219696,-3.075616
exp3_fixed_2,6723,652.57355,655.1738,0.0,-0.5225454568862915,-2.077743
exp3_fixed_2,6724,595.07916,597.1605,0.0,-0.8489382266998291,-1.2324256
exp3_fixed_2,6725,595.1781,601.7503,0.0,-0.5487189292907715,-6.0234675
exp3_fixed_2,6726,578.29205,581.5435,0.0,-0.4561746120452881,-2.7952974
exp3_fixed_2,6727,605.8858,607.2483,0.0,-0.26397332549095154,-1.0985686
exp3_fixed_2,6728,629.19867,638.3342,0.0,-5.6277995109558105,-3.5077195
exp3_fixed_2,6729,553.2109,563.9581,0.0,-0.9169304966926575,-9.83027
exp3_fixed_2,6730,530.8981,540.6906,0.0,-1.48890221118927,-8.3036585
exp3_fixed_2,6731,620.84204,625.60187,0.0,-0.6625341176986694,-4.097307
exp3_fixed_2,6732,522.8743,528.9434,0.0,-0.3079892694950104,-5.761055
exp3_fixed_2,6733,-25.510578,28.653296,0.0,-33.37877655029297,-20.785107
exp3_fixed_2,6734,576.4,578.68353,0.0,-0.5465422868728638,-1.736969
exp3_fixed_2,6735,465.2396,481.09415,0.0,-2.250849723815918,-13.6037
exp3_fixed_2,6736,576.8287,590.70105,0.0,-0.3917608857154846,-13.480614
exp3_fixed_2,6737,565.98517,577.76056,0.0,-2.024641990661621,-9.750732
exp3_fixed_2,6738,552.92725,554.7002,0.0,-0.42472389340400696,-1.3481514
exp3_fixed_2,6739,-303.22906,77.488556,-200.0,-175.59188842773438,-5.125767
exp3_fixed_2,6741,609.2257,623.64276,0.0,-0.26429879665374756,-14.152728
exp3_fixed_2,6742,558.32074,568.61096,0.0,-0.6864484548568726,-9.603781
exp3_fixed_2,6743,583.2045,585.2271,0.0,-0.37114349007606506,-1.6514444
exp3_fixed_2,6744,579.40424,585.5114,0.0,-0.48998451232910156,-5.617152
exp3_fixed_2,6745,493.85034,496.97906,0.0,-0.503872275352478,-2.6248465
exp3_fixed_2,6746,529.04974,540.19653,0.0,-3.0989792346954346,-8.04777
exp3_fixed_2,6747,560.77264,569.9077,0.0,-0.3123599886894226,-8.822723
exp3_fixed_2,6748,645.09546,647.58044,0.0,-0.781831681728363,-1.7031822
exp3_fixed_2,6749,494.6692,495.9725,0.0,-0.2816486954689026,-1.0216349
exp3_fixed_2,6750,642.06775,653.5329,0.0,-0.6837661266326904,-10.781384
exp3_fixed_2,6751,607.505,610.20703,0.0,-0.4762701988220215,-2.2257292
exp3_fixed_2,6752,568.275,571.2898,0.0,-1.4328259229660034,-1.5819637
exp3_fixed_2,6753,553.6137,563.05054,0.0,-0.6309220790863037,-8.805941
exp3_fixed_2,6754,595.6807,600.19385,0.0,-1.0359501838684082,-3.4771745
exp3_fixed_2,6755,560.6983,568.0915,0.0,-1.1399452686309814,-6.253285
exp3_fixed_2,6756,635.5513,639.4554,0.0,-1.025587558746338,-2.8785539
exp3_fixed_2,6757,532.41815,537.07495,0.0,-0.7673805952072144,-3.8894627
exp3_fixed_2,6758,603.26184,605.63135,0.0,-0.6560588479042053,-1.7134373
exp3_fixed_2,6759,567.48047,574.7263,0.0,-0.829484760761261,-6.4163914
exp3_fixed_2,6761,597.95087,600.80347,0.0,-0.8414332866668701,-2.0112033
exp3_fixed_2,6762,588.71924,591.7549,0.0,-0.8845019936561584,-2.1511052
exp3_fixed_2,6763,612.554,621.9752,0.0,-0.536369800567627,-8.884777
exp3_fixed_2,6764,557.1872,560.5213,0.0,-1.4807368516921997,-1.8533962
exp3_fixed_2,6765,587.29047,590.69934,0.0,-0.8224069476127625,-2.5865047
exp3_fixed_2,6766,535.5738,539.6621,0.0,-1.843273639678955,-2.2450163
exp3_fixed_2,6767,595.3419,598.39404,0.0,-1.0854403972625732,-1.9666998
exp3_fixed_2,6768,581.545,587.99884,0.0,-0.3417471647262573,-6.112161
exp3_fixed_2,6769,633.6056,636.30444,0.0,-0.6517646312713623,-2.0470953
exp3_fixed_2,6770,623.35114,627.19385,0.0,-1.2009861469268799,-2.6417649
exp3_fixed_2,6771,592.34845,597.02905,0.0,-1.0107377767562866,-3.6698499
exp3_fixed_2,6772,608.11914,610.77295,0.0,-0.5302290916442871,-2.1235623
exp3_fixed_2,6773,569.2604,572.46643,0.0,-0.8886168599128723,-2.3174953
exp3_fixed_2,6774,510.2543,514.5471,0.0,-0.8448559641838074,-3.44797
exp3_fixed_2,6775,462.17584,472.2609,0.0,-1.3263683319091797,-8.7586975
exp3_fixed_2,6776,582.9209,587.37366,0.0,-1.1257202625274658,-3.327007
exp3_fixed_2,6777,632.1124,636.9373,0.0,-0.5554084777832031,-4.2694416
exp3_fixed_2,6778,657.70123,661.5309,0.0,-0.9678907990455627,-2.8617587
exp3_fixed_2,6779,567.07764,575.3882,0.0,-0.5352144241333008,-7.7753134
exp3_fixed_2,6781,547.96155,550.75726,0.0,-0.5356864333152771,-2.2600458
exp3_fixed_2,6782,630.62335,633.8839,0.0,-0.8037886619567871,-2.4568148
exp3_fixed_2,6783,548.1191,550.54926,0.0,-0.6833721399307251,-1.7467843
exp3_fixed_2,6784,640.5563,646.6315,0.0,-0.33569395542144775,-5.739466
exp3_fixed_2,6785,511.02448,525.57007,0.0,-0.4400636851787567,-14.105548
exp3_fixed_2,6786,616.8052,626.19507,0.0,-0.41304242610931396,-8.976861
exp3_fixed_2,6787,534.5736,536.4203,0.0,-0.45442450046539307,-1.3922179
exp3_fixed_2,6788,578.91614,581.2195,0.0,-0.29054591059684753,-2.012856
exp3_fixed_2,6789,623.78674,627.0468,0.0,-0.4550637900829315,-2.8050253
exp3_fixed_2,6790,638.29877,640.17163,0.0,-0.6740556955337524,-1.19876
exp3_fixed_2,6791,-58.12248,-22.425545,0.0,-15.908035278320312,-19.788897
exp3_fixed_2,6792,559.12396,562.059,0.0,-0.9777696132659912,-1.9573032
exp3_fixed_2,6793,594.5661,598.43304,0.0,-1.2663732767105103,-2.6005087
exp3_fixed_2,6794,604.8279,608.0751,0.0,-1.431147813796997,-1.8160734
exp3_fixed_2,6795,585.6631,590.17896,0.0,-0.6530495285987854,-3.8628511
exp3_fixed_2,6796,549.289,560.21405,0.0,-2.090254306793213,-8.834769
exp3_fixed_2,6797,634.55396,636.57715,0.0,-0.8685453534126282,-1.1546217
exp3_fixed_2,6798,570.67206,574.9069,0.0,-1.4730700254440308,-2.761804
exp3_fixed_2,6799,547.68713,561.8738,0.0,-0.7009212374687195,-13.485804
exp3_fixed_2,6801,575.30505,576.79614,0.0,-0.1399930864572525,-1.3510952
exp3_fixed_2,6802,540.1052,544.1623,0.0,-0.7924366593360901,-3.2646368
exp3_fixed_2,6803,525.18195,534.55707,0.0,-1.3043057918548584,-8.070805
exp3_fixed_2,6804,573.9167,580.2877,0.0,-0.640622615814209,-5.730399
exp3_fixed_2,6805,565.96387,570.02734,0.0,-0.6109581589698792,-3.4525476
exp3_fixed_2,6806,591.7312,597.4174,0.0,-2.654390811920166,-3.0318167
exp3_fixed_2,6807,562.9501,566.34106,0.0,-0.8558743596076965,-2.5351326
exp3_fixed_2,6808,512.7968,525.2812,0.0,-2.7975316047668457,-9.686834
exp3_fixed_2,6809,591.1347,595.84174,0.0,-1.5771815776824951,-3.1298635
exp3_fixed_2,6810,637.4658,639.5122,0.0,-0.18876104056835175,-1.8576605
exp3_fixed_2,6811,588.72296,591.3074,0.0,-0.5341940522193909,-2.0502105
exp3_fixed_2,6812,554.4901,559.3853,0.0,-0.2602982819080353,-4.6348677
exp3_fixed_2,6813,627.1458,633.6682,0.0,-0.7297999262809753,-5.792566
exp3_fixed_2,6814,626.926,631.5302,0.0,-0.33282947540283203,-4.27133
exp3_fixed_2,6815,565.516,581.1628,0.0,-0.5282983779907227,-15.118478
exp3_fixed_2,6816,581.8588,585.62604,0.0,-0.7599124908447266,-3.0073154
exp3_fixed_2,6817,585.2764,589.9881,0.0,-0.7493764162063599,-3.9623075
exp3_fixed_2,6818,597.036,600.4601,0.0,-0.5899416208267212,-2.834199
exp3_fixed_2,6819,562.3094,565.0406,0.0,-0.426634818315506,-2.3045754
exp3_fixed_2,6821,582.8009,584.9939,0.0,-0.49994197487831116,-1.6931261
exp3_fixed_2,6822,626.70874,629.0873,0.0,-0.6064894199371338,-1.772064
exp3_fixed_2,6823,626.5157,629.2682,0.0,-0.7450677752494812,-2.0074973
exp3_fixed_2,6824,508.22717,511.45752,0.0,-0.6489809155464172,-2.5813591
exp3_fixed_2,6825,460.54074,467.62543,0.0,-0.4626099765300751,-6.6221056
exp3_fixed_2,6826,571.8458,575.7391,0.0,-1.1982923746109009,-2.6949122
exp3_fixed_2,6827,574.7582,577.76196,0.0,-0.5891937017440796,-2.4146435
exp3_fixed_2,6828,647.4855,649.5492,0.0,-0.3988516926765442,-1.6648802
exp3_fixed_2,6829,569.8359,574.133,0.0,-1.6893434524536133,-2.6077948
exp3_fixed_2,6830,518.1847,527.9231,0.0,-1.7335914373397827,-8.004777
exp3_fixed_2,6831,574.4911,575.56287,0.0,-0.5699381828308105,-0.5018756
exp3_fixed_2,6832,597.1438,601.07056,0.0,-1.2729822397232056,-2.6537685
exp3_fixed_2,6833,656.44446,662.33203,0.0,-0.9641085267066956,-4.9235015
exp3_fixed_2,6834,560.74133,564.3635,0.0,-0.7291059494018555,-2.89311
exp3_fixed_2,6835,542.4293,550.6014,0.0,-0.2593228816986084,-7.912701
exp3_fixed_2,6836,626.3428,630.75635,0.0,-2.524052858352661,-1.8896067
exp3_fixed_2,6837,565.68713,578.83954,0.0,-0.4083124101161957,-12.744093
exp3_fixed_2,6838,615.68774,619.56805,0.0,-0.7315659523010254,-3.1487186
exp3_fixed_2,6839,519.4254,522.53076,0.0,-0.9923913478851318,-2.1129417
exp3_fixed_2,6841,525.45557,535.8125,0.0,-6.041127681732178,-4.3158054
exp3_fixed_2,6842,579.03455,583.64655,0.0,-1.5261560678482056,-3.0858803
exp3_fixed_2,6843,526.00244,530.13824,0.0,-1.531564712524414,-2.6042502
exp3_fixed_2,6844,601.2927,608.59546,0.0,-0.559913158416748,-6.7427907
exp3_fixed_2,6845,492.32965,502.7789,0.0,-0.8491607904434204,-9.600077
exp3_fixed_2,6846,590.7508,594.2759,0.0,-0.748774528503418,-2.77632
exp3_fixed_2,6847,618.49817,624.5342,0.0,-0.7087434530258179,-5.3272676
exp3_fixed_2,6848,601.3651,603.7024,0.0,-1.1602113246917725,-1.1770422
exp3_fixed_2,6849,520.2614,527.5842,0.0,-0.910041093826294,-6.4127274
exp3_fixed_2,6850,575.2004,579.3026,0.0,-0.21013113856315613,-3.8920827
exp3_fixed_2,6851,577.23267,580.5077,0.0,-0.598330020904541,-2.6766734
exp3_fixed_2,6852,593.11255,610.14923,0.0,-0.7051531076431274,-16.331612
exp3_fixed_2,6853,558.26935,560.0945,0.0,-0.3736926317214966,-1.4514278
exp3_fixed_2,6854,557.22015,565.4885,0.0,-0.317147821187973,-7.951303
exp3_fixed_2,6855,544.90234,553.91455,0.0,-0.6667051315307617,-8.345542
exp3_fixed_2,6856,555.964,558.6172,0.0,-0.2636270225048065,-2.389628
exp3_fixed_2,6857,567.8703,570.5302,0.0,-0.39720475673675537,-2.2627368
exp3_fixed_2,6858,537.0761,542.34186,0.0,-0.4317784309387207,-4.8339496
exp3_fixed_2,6859,628.49744,631.78,0.0,-0.4358101487159729,-2.846803
exp3_fixed_2,6861,627.7058,629.4834,0.0,-0.31987541913986206,-1.4576484
exp3_fixed_2,6862,605.6094,609.26654,0.0,-0.7214464545249939,-2.9357467
exp3_fixed_2,6863,551.0218,560.67224,0.0,-0.7957776188850403,-8.854661
exp3_fixed_2,6864,-1.4605627,30.083447,0.0,-14.315214157104492,-17.228626
exp3_fixed_2,6865,568.549,574.39795,0.0,-0.4474042057991028,-5.40147
exp3_fixed_2,6866,527.3056,536.8475,0.0,-0.9272817373275757,-8.614618
exp3_fixed_2,6867,507.04602,521.9142,0.0,-0.5517832040786743,-14.316385
exp3_fixed_2,6868,621.3614,629.1748,0.0,-0.6768558025360107,-7.1365714
exp3_fixed_2,6869,581.83594,584.2301,0.0,-0.918709933757782,-1.4754024
exp3_fixed_2,6870,588.458,591.8677,0.0,-0.6317269802093506,-2.7779534
exp3_fixed_2,6871,620.2046,622.0729,0.0,-0.35305550694465637,-1.5152204
exp3_fixed_2,6872,590.88403,595.18365,0.0,-1.018673300743103,-3.2809205
exp3_fixed_2,6873,538.62885,541.7214,0.0,-0.33878278732299805,-2.7537184
exp3_fixed_2,6874,575.33075,584.67676,0.0,-1.5554274320602417,-7.790539
exp3_fixed_2,6875,612.081,615.30945,0.0,-0.6107308864593506,-2.6177144
exp3_fixed_2,6876,594.0602,598.00586,0.0,-0.7792298793792725,-3.1664646
exp3_fixed_2,6877,589.3009,591.8625,0.0,-1.4460062980651855,-1.1155403
exp3_fixed_2,6878,630.08435,632.57605,0.0,-0.34863731265068054,-2.1431248
exp3_fixed_2,6879,630.9865,633.5709,0.0,-0.26417312026023865,-2.3202069
exp3_fixed_2,6881,613.24854,620.29584,0.0,-0.8873763680458069,-6.1598845
exp3_fixed_2,6882,519.6485,534.0431,0.0,-1.2020920515060425,-13.192461
exp3_fixed_2,6883,562.6295,571.5466,0.0,-1.8989341259002686,-7.018064
exp3_fixed_2,6884,617.6299,621.11475,0.0,-0.9782764911651611,-2.5066488
exp3_fixed_2,6885,565.92957,576.0311,0.0,-0.4002838134765625,-9.701211
exp3_fixed_2,6886,337.84964,362.58633,0.0,-15.67248249053955,-9.064206
exp3_fixed_2,6887,506.29306,514.4209,0.0,-0.5887894630432129,-7.5390673
exp3_fixed_2,6888,578.905,581.79614,0.0,-0.5740421414375305,-2.3170033
exp3_fixed_2,6889,581.78357,585.73193,0.0,-1.282534122467041,-2.6658492
exp3_fixed_2,6890,602.69354,605.2976,0.0,-0.8650813102722168,-1.738969
exp3_fixed_2,6891,594.0315,596.05914,0.0,-0.5550827383995056,-1.4725637
exp3_fixed_2,6892,588.30817,595.6842,0.0,-0.8541174530982971,-6.521903
exp3_fixed_2,6893,577.9939,583.5848,0.0,-0.8389179706573486,-4.7519736
exp3_fixed_2,6894,549.5486,551.6891,0.0,-1.006857991218567,-1.1336007
exp3_fixed_2,6895,538.17004,542.0595,0.0,-0.3148256838321686,-3.5746055
exp3_fixed_2,6896,574.24475,576.3345,0.0,-0.8408173322677612,-1.2490157
exp3_fixed_2,6897,601.42096,612.5856,0.0,-0.811163604259491,-10.353433
exp3_fixed_2,6898,573.885,578.03815,0.0,-0.48525410890579224,-3.667891
exp3_fixed_2,6899,569.90094,574.42175,0.0,-1.0410699844360352,-3.4797268
exp3_fixed_2,6901,573.39703,577.9914,0.0,-0.6703261137008667,-3.9240065
exp3_fixed_2,6902,501.44617,506.88068,0.0,-1.273162603378296,-4.1613274
exp3_fixed_2,6903,532.9307,538.2868,0.0,-0.8520468473434448,-4.5040565
exp3_fixed_2,6904,625.9741,628.7604,0.0,-0.48828110098838806,-2.2979422
exp3_fixed_2,6905,508.91956,519.27,0.0,-0.7160756587982178,-9.634433
exp3_fixed_2,6906,529.3874,533.9283,0.0,-0.8207792043685913,-3.720127
exp3_fixed_2,6907,601.4981,605.78174,0.0,-0.8853829503059387,-3.3982341
exp3_fixed_2,6908,590.7919,601.10815,0.0,-0.6517930030822754,-9.664445
exp3_fixed_2,6909,553.4823,555.6217,0.0,-0.3297679126262665,-1.8096386
exp3_fixed_2,6910,569.6371,571.9099,0.0,-0.4343700110912323,-1.8384438
exp3_fixed_2,6911,455.82553,464.84778,0.0,-0.6289791464805603,-8.393255
exp3_fixed_2,6912,641.18097,643.729,0.0,-0.48521849513053894,-2.0627968
exp3_fixed_2,6913,576.4205,579.8646,0.0,-0.9260051250457764,-2.518145
exp3_fixed_2,6914,601.1424,603.5148,0.0,-0.7275591492652893,-1.6447493
exp3_fixed_2,6915,562.7564,568.9116,0.0,-0.9000664353370667,-5.255204
exp3_fixed_2,6916,590.8663,596.0587,0.0,-0.6453865170478821,-4.547054
exp3_fixed_2,6917,543.9966,548.3384,0.0,-1.0067108869552612,-3.3350952
exp3_fixed_2,6918,-108.13765,-59.35105,0.0,-31.95411491394043,-16.8325
exp3_fixed_2,6919,590.3953,592.09314,0.0,-0.3669608235359192,-1.3308429
exp3_fixed_2,6921,536.2843,542.4592,0.0,-0.4610211253166199,-5.7138944
exp3_fixed_2,6922,588.49304,591.9663,0.0,-0.802556037902832,-2.67071
exp3_fixed_2,6923,598.78107,602.36017,0.0,-0.5714218020439148,-3.0076852
exp3_fixed_2,6924,560.71704,563.3109,0.0,-0.9804019927978516,-1.6135001
exp3_fixed_2,6925,369.6187,389.8114,0.0,-3.102332592010498,-17.090336
exp3_fixed_2,6926,492.90414,499.02896,0.0,-1.9482721090316772,-4.176536
exp3_fixed_2,6927,610.1172,613.5048,0.0,-0.32906121015548706,-3.0585427
exp3_fixed_2,6928,597.7633,601.41656,0.0,-1.0257880687713623,-2.6275337
exp3_fixed_2,6929,595.29596,597.22064,0.0,-0.24576029181480408,-1.6789223
exp3_fixed_2,6930,590.89,598.72766,0.0,-1.0374560356140137,-6.8002057
exp3_fixed_2,6931,593.9688,596.4059,0.0,-0.4390886425971985,-1.9979632
exp3_fixed_2,6932,620.5769,625.47437,0.0,-1.1194734573364258,-3.7779517
exp3_fixed_2,6933,610.7083,615.0242,0.0,-0.7488272190093994,-3.5670855
exp3_fixed_2,6934,577.2107,587.0408,0.0,-0.5801109075546265,-9.249916
exp3_fixed_2,6935,508.08112,519.792,0.0,-3.8512275218963623,-7.859606
exp3_fixed_2,6936,538.6081,541.965,0.0,-0.6356067657470703,-2.721346
exp3_fixed_2,6937,590.8811,594.0883,0.0,-0.7744953632354736,-2.4326844
exp3_fixed_2,6938,613.40656,617.5402,0.0,-0.954820990562439,-3.1788707
exp3_fixed_2,6939,562.19305,575.2439,0.0,-2.79407000541687,-10.256761
exp3_fixed_2,6941,646.9373,648.9293,0.0,-0.586475133895874,-1.4055163
exp3_fixed_2,6942,620.2072,623.1344,0.0,-0.6456984877586365,-2.2814698
exp3_fixed_2,6943,524.0115,532.4461,0.0,-0.7564321160316467,-7.6781826
exp3_fixed_2,6944,608.4856,633.3809,0.0,-1.0390305519104004,-23.856236
exp3_fixed_2,6945,510.66226,518.12573,0.0,-0.5710127949714661,-6.8924913
exp3_fixed_2,6946,496.0369,504.16016,0.0,-3.1244142055511475,-4.9988465
exp3_fixed_2,6947,594.5204,597.0273,0.0,-0.43337196111679077,-2.0734763
exp3_fixed_2,6948,518.17303,526.6297,0.0,-2.365363597869873,-6.0913053
exp3_fixed_2,6949,-103.33084,140.31161,-200.0,-40.77396774291992,-2.8684826
exp3_fixed_2,6950,552.0117,557.4978,0.0,-1.0287144184112549,-4.45739
exp3_fixed_2,6951,523.7385,539.24585,0.0,-0.7000842690467834,-14.807214
exp3_fixed_2,6952,545.1533,549.74084,0.0,-0.9166577458381653,-3.6708372
exp3_fixed_2,6953,593.7124,596.7315,0.0,-0.33704978227615356,-2.682007
exp3_fixed_2,6954,619.58655,621.7889,0.0,-0.38612329959869385,-1.8162284
exp3_fixed_2,6955,653.4879,656.4548,0.0,-0.6376492977142334,-2.3292227
exp3_fixed_2,6956,643.8898,645.64435,0.0,-0.4873984456062317,-1.2671548
exp3_fixed_2,6957,542.2214,576.2957,0.0,-0.8764263391494751,-33.197895
exp3_fixed_2,6958,535.79297,541.97205,0.0,-2.6102771759033203,-3.5688064
exp3_fixed_2,6959,602.65076,604.92395,0.0,-0.4566155672073364,-1.8166589
exp3_fixed_2,6961,414.38428,441.3162,0.0,-17.09520721435547,-9.836728
exp3_fixed_2,6962,-68.30493,-20.479149,0.0,-38.29576873779297,-9.530054
exp3_fixed_2,6963,577.1432,582.01074,0.0,-1.9822885990142822,-2.8852441
exp3_fixed_2,6964,631.0692,634.6478,0.0,-0.7016093730926514,-2.877027
exp3_fixed_2,6965,588.7741,596.44385,0.0,-1.419977068901062,-6.2497873
exp3_fixed_2,6966,664.5097,666.7236,0.0,-0.30178302526474,-1.9120655
exp3_fixed_2,6967,564.2284,567.3171,0.0,-0.7666047215461731,-2.3220763
exp3_fixed_2,6968,636.088,638.15515,0.0,-0.41623085737228394,-1.6509206
exp3_fixed_2,6969,614.83356,626.4457,0.0,-0.893257200717926,-10.718798
exp3_fixed_2,6970,612.71216,614.8356,0.0,-0.4981401264667511,-1.625207
exp3_fixed_2,6971,712.69324,715.8989,0.0,-0.5378930568695068,-2.6678202
exp3_fixed_2,6972,567.04407,568.4336,0.0,-0.3248679041862488,-1.0646595
exp3_fixed_2,6973,617.4801,620.6422,0.0,-1.0060653686523438,-2.1561313
exp3_fixed_2,6974,526.9719,532.1783,0.0,-0.419464111328125,-4.7868733
exp3_fixed_2,6975,571.64856,574.2465,0.0,-0.6343358755111694,-1.9636136
exp3_fixed_2,6976,574.7671,578.7622,0.0,-1.0704315900802612,-2.9246905
exp3_fixed_2,6977,585.9022,590.8353,0.0,-0.766891598701477,-4.166189
exp3_fixed_2,6978,542.31824,549.36786,0.0,-0.9050087928771973,-6.144629
exp3_fixed_2,6979,605.7941,608.294,0.0,-0.5491249561309814,-1.9507335
exp3_fixed_2,6981,599.9081,601.8457,0.0,-0.511158287525177,-1.4264747
exp3_fixed_2,6982,606.77026,609.2948,0.0,-0.619862973690033,-1.9046856
exp3_fixed_2,6983,569.4078,572.7191,0.0,-0.355985552072525,-2.9553738
exp3_fixed_2,6984,569.3669,572.0516,0.0,-0.6008020639419556,-2.0838993
exp3_fixed_2,6985,593.51886,596.37866,0.0,-0.5372478365898132,-2.3225799
exp3_fixed_2,6986,666.0686,668.6488,0.0,-0.4027779698371887,-2.177475
exp3_fixed_2,6987,603.56885,616.26587,0.0,-0.7240034341812134,-11.972953
exp3_fixed_2,6988,564.9299,571.48755,0.0,-0.40269437432289124,-6.1549845
exp3_fixed_2,6989,602.97174,605.2233,0.0,-0.7327486276626587,-1.5188667
exp3_fixed_2,6990,527.6918,539.21497,0.0,-1.2683781385421753,-10.254771
exp3_fixed_2,6991,606.7278,610.4434,0.0,-0.7556028962135315,-2.960017
exp3_fixed_2,6992,632.4082,642.5773,0.0,-0.7171640396118164,-9.451934
exp3_fixed_2,6993,643.19507,645.43005,0.0,-0.787309467792511,-1.4476923
exp3_fixed_2,6994,-146.47575,-81.65755,0.0,-52.375282287597656,-12.442924
exp3_fixed_2,6995,618.3034,621.2594,0.0,-0.8815717101097107,-2.0744236
exp3_fixed_2,6996,534.0668,547.67554,0.0,-1.5396400690078735,-12.0691185
exp3_fixed_2,6997,606.7478,608.95013,0.0,-0.45640528202056885,-1.7458713
exp3_fixed_2,6998,514.86554,523.6996,0.0,-1.123962163925171,-7.7101316
exp3_fixed_2,6999,520.22925,522.61926,0.0,-0.5968167185783386,-1.7931873
exp3_fixed_2,7001,557.5918,561.12463,0.0,-0.5021185874938965,-3.0307217
exp3_fixed_2,7002,637.2207,640.1588,0.0,-0.5395978093147278,-2.3985136
exp3_fixed_2,7003,594.6085,597.7798,0.0,-0.6889399290084839,-2.4823177
exp3_fixed_2,7004,532.12683,555.5088,0.0,-0.45133477449417114,-22.930622
exp3_fixed_2,7005,417.2676,441.02628,0.0,-14.85099983215332,-8.90768
exp3_fixed_2,7006,628.02734,630.39844,0.0,-0.5066245198249817,-1.8644308
exp3_fixed_2,7007,567.5554,571.27936,0.0,-0.822197675704956,-2.901779
exp3_fixed_2,7008,601.06854,604.2501,0.0,-0.4524348974227905,-2.7291555
exp3_fixed_2,7009,572.6183,574.24536,0.0,-0.19010227918624878,-1.4369543
exp3_fixed_2,7010,680.4232,682.49866,0.0,-0.3864644765853882,-1.6889561
exp3_fixed_2,7011,613.81006,616.77185,0.0,-0.7846096158027649,-2.177231
exp3_fixed_2,7012,636.98035,647.2518,0.0,-1.8987449407577515,-8.372604
exp3_fixed_2,7013,-81.80556,-56.253532,0.0,-5.257777690887451,-20.294224
exp3_fixed_2,7014,594.2348,601.12244,0.0,-1.0894322395324707,-5.798235
exp3_fixed_2,7015,544.68945,553.7095,0.0,-1.142019510269165,-7.8779855
exp3_fixed_2,7016,660.953,663.44324,0.0,-0.5308113694190979,-1.9594041
exp3_fixed_2,7017,655.2418,658.12024,0.0,-0.2792038321495056,-2.599209
exp3_fixed_2,7018,582.33435,584.7058,0.0,-0.10080776363611221,-2.2706335
exp3_fixed_2,7019,574.8722,581.1469,0.0,-0.28150027990341187,-5.993227
exp3_fixed_2,7021,629.6071,632.3244,0.0,-0.780364990234375,-1.9369153
exp3_fixed_2,7022,548.0348,557.1796,0.0,-1.3292462825775146,-7.815565
exp3_fixed_2,7023,541.64606,550.4194,0.0,-2.7083499431610107,-6.0649548
exp3_fixed_2,7024,554.5552,557.1533,0.0,-0.45813944935798645,-2.1400485
exp3_fixed_2,7025,607.90186,610.8934,0.0,-0.6704286336898804,-2.3211093
exp3_fixed_2,7026,637.5277,642.2612,0.0,-0.8090757727622986,-3.924483
exp3_fixed_2,7027,598.99524,601.83044,0.0,-0.49843698740005493,-2.3367636
exp3_fixed_2,7028,534.0416,541.6781,0.0,-0.5536032915115356,-7.0828576
exp3_fixed_2,7029,625.95105,629.95807,0.0,-1.651856780052185,-2.3551745
exp3_fixed_2,7030,612.4657,617.38385,0.0,-0.4092491865158081,-4.508852
exp3_fixed_2,7031,555.4635,559.95514,0.0,-2.6034250259399414,-1.8882256
exp3_fixed_2,7032,618.43567,621.2644,0.0,-0.7400859594345093,-2.088646
exp3_fixed_2,7033,591.1954,595.96765,0.0,-2.066164970397949,-2.70607
exp3_fixed_2,7034,605.0763,608.07874,0.0,-0.3535853326320648,-2.6489115
exp3_fixed_2,7035,567.94714,573.67126,0.0,-2.02055025100708,-3.703622
exp3_fixed_2,7036,-58.27916,-17.286926,0.0,-22.581384658813477,-18.410814
exp3_fixed_2,7037,556.17523,573.761,0.0,-0.6387802362442017,-16.946993
exp3_fixed_2,7038,576.2285,579.0457,0.0,-1.3485082387924194,-1.4686971
exp3_fixed_2,7039,550.67096,565.8741,0.0,-0.538513720035553,-14.664582
exp3_fixed_2,7041,590.6094,593.0939,0.0,-0.7701367139816284,-1.7143551
exp3_fixed_2,7042,649.6793,651.3016,0.0,-0.24566338956356049,-1.3765515
exp3_fixed_2,7043,689.1737,691.5192,0.0,-0.44276171922683716,-1.9027753
exp3_fixed_2,7044,521.0074,530.6128,0.0,-0.4861258566379547,-9.119264
exp3_fixed_2,7045,633.98254,636.9828,0.0,-0.8260001540184021,-2.174225
exp3_fixed_2,7046,550.2186,553.4176,0.0,-0.45712757110595703,-2.741815
exp3_fixed_2,7047,548.4586,555.7264,0.0,-3.395432710647583,-3.8723414
exp3_fixed_2,7048,593.8144,596.90234,0.0,-0.8715637922286987,-2.2164135
exp3_fixed_2,7049,592.7318,596.1626,0.0,-0.6620365381240845,-2.768809
exp3_fixed_2,7050,591.3816,599.2695,0.0,-0.86571204662323,-7.022138
exp3_fixed_2,7051,571.7697,575.3546,0.0,-1.4691638946533203,-2.115755
exp3_fixed_2,7052,640.3828,644.7041,0.0,-1.429984211921692,-2.891294
exp3_fixed_2,7053,587.7012,590.0857,0.0,-1.0504435300827026,-1.3341358
exp3_fixed_2,7054,559.17145,562.6717,0.0,-0.6353467702865601,-2.864872
exp3_fixed_2,7055,522.10974,529.45526,0.0,-0.30823883414268494,-7.037354
exp3_fixed_2,7056,505.6854,508.5312,0.0,-0.54007488489151,-2.3056908
exp3_fixed_2,7057,595.21216,603.3667,0.0,-0.5161223411560059,-7.638434
exp3_fixed_2,7058,541.73267,549.2707,0.0,-0.3859502971172333,-7.1520953
exp3_fixed_2,7059,550.95386,560.8331,0.0,-0.9927220940589905,-8.886568
exp3_fixed_2,7061,665.99146,669.32916,0.0,-0.9870256781578064,-2.350638
exp3_fixed_2,7062,526.47546,531.12244,0.0,-0.5463088154792786,-4.1006327
exp3_fixed_2,7063,579.03125,582.0656,0.0,-0.6591917276382446,-2.375099
exp3_fixed_2,7064,507.79752,516.2063,0.0,-0.9046227335929871,-7.5041304
exp3_fixed_2,7065,557.93024,564.17163,0.0,-0.8743070363998413,-5.3671436
exp3_fixed_2,7066,586.4037,592.1625,0.0,-3.6620521545410156,-2.0967019
exp3_fixed_2,7067,539.9789,578.0411,0.0,-1.2016483545303345,-36.860546
exp3_fixed_2,7068,577.0626,579.7562,0.0,-0.445431113243103,-2.2482321
exp3_fixed_2,7069,570.1454,575.2703,0.0,-1.4519166946411133,-3.6730464
exp3_fixed_2,7070,323.07034,368.61865,0.0,-32.75690460205078,-12.791371
exp3_fixed_2,7071,600.49927,604.43054,0.0,-0.9747269749641418,-2.9565687
exp3_fixed_2,7072,555.42004,559.6298,0.0,-0.7045122981071472,-3.505181
exp3_fixed_2,7073,536.6499,541.5375,0.0,-0.3983951807022095,-4.489251
exp3_fixed_2,7074,597.0934,599.1839,0.0,-0.4854948818683624,-1.6050915
exp3_fixed_2,7075,622.1798,626.84827,0.0,-1.0091149806976318,-3.6593227
exp3_fixed_2,7076,637.0984,641.17456,0.0,-2.161588191986084,-1.9145958
exp3_fixed_2,7077,657.7068,660.62866,0.0,-1.1749464273452759,-1.7469538
exp3_fixed_2,7078,660.4558,663.112,0.0,-0.4126192331314087,-2.24361
exp3_fixed_2,7079,534.51025,539.20825,0.0,-1.1366676092147827,-3.5613222
exp3_fixed_2,7081,616.30426,628.25037,0.0,-1.7145195007324219,-10.23161
exp3_fixed_2,7082,-39.144283,0.9794694,0.0,-29.60870933532715,-10.515056
exp3_fixed_2,7083,600.82947,604.0041,0.0,-0.5851585865020752,-2.5894134
exp3_fixed_2,7084,579.3644,582.50195,0.0,-0.6951379776000977,-2.442424
exp3_fixed_2,7085,569.6373,573.4176,0.0,-1.0304973125457764,-2.7497427
exp3_fixed_2,7086,561.7006,564.42786,0.0,-0.5909207463264465,-2.1363661
exp3_fixed_2,7087,611.0131,616.6255,0.0,-0.7788009643554688,-4.833612
exp3_fixed_2,7088,600.0469,604.09753,0.0,-1.391313076019287,-2.6593614
exp3_fixed_2,7089,523.1272,529.1878,0.0,-1.0238451957702637,-5.0368004
exp3_fixed_2,7090,549.13586,558.5608,0.0,-3.417945384979248,-6.0069494
exp3_fixed_2,7091,619.37463,621.0589,0.0,-0.6508852243423462,-1.0333476
exp3_fixed_2,7092,519.21875,529.7752,0.0,-1.4698965549468994,-9.086538
exp3_fixed_2,7093,581.27185,622.1392,0.0,-1.2037560939788818,-39.66356
exp3_fixed_2,7094,574.0003,583.3389,0.0,-0.5202925801277161,-8.818303
exp3_fixed_2,7095,631.8754,634.7516,0.0,-0.4086657166481018,-2.4675398
exp3_fixed_2,7096,481.11978,490.39426,0.0,-1.7867158651351929,-7.487763
exp3_fixed_2,7097,621.51465,622.969,0.0,-0.24064263701438904,-1.2136884
exp3_fixed_2,7098,489.6544,499.7926,0.0,-2.2117810249328613,-7.92644
exp3_fixed_2,7099,591.89056,594.101,0.0,-0.5328940153121948,-1.6775312
exp3_fixed_2,7101,629.0844,633.03687,0.0,-1.2528538703918457,-2.699561
exp3_fixed_2,7102,-121.480095,-80.42163,0.0,-25.290054321289062,-15.768429
exp3_fixed_2,7103,620.8167,624.97144,0.0,-1.080634355545044,-3.0741138
exp3_fixed_2,7104,585.4478,587.6156,0.0,-0.3004617989063263,-1.8672519
exp3_fixed_2,7105,524.9639,533.6092,0.0,-1.4609103202819824,-7.18434
exp3_fixed_2,7106,525.5527,534.5184,0.0,-3.4713120460510254,-5.494326
exp3_fixed_2,7107,537.27325,543.51,0.0,-3.1588501930236816,-3.077921
exp3_fixed_2,7108,598.2495,602.7543,0.0,-0.5198501348495483,-3.984863
exp3_fixed_2,7109,-95.693954,125.69525,-200.0,-16.68242835998535,-4.7067823
exp3_fixed_2,7110,641.81256,649.2857,0.0,-0.348066508769989,-7.125138
exp3_fixed_2,7111,515.4475,525.01495,0.0,-0.892019510269165,-8.675402
exp3_fixed_2,7112,650.1105,659.0923,0.0,-0.39315730333328247,-8.588714
exp3_fixed_2,7113,525.35895,532.35736,0.0,-0.9180550575256348,-6.0803394
exp3_fixed_2,7114,499.4616,505.4278,0.0,-0.41793304681777954,-5.5482774
exp3_fixed_2,7115,589.16327,591.29095,0.0,-0.537083625793457,-1.5905256
exp3_fixed_2,7116,618.13574,622.5928,0.0,-1.4963805675506592,-2.9606802
exp3_fixed_2,7117,541.41437,553.17816,0.0,-2.073715925216675,-9.690072
exp3_fixed_2,7118,601.77966,607.87976,0.0,-3.896832227706909,-2.2033148
exp3_fixed_2,7119,585.619,591.49744,0.0,-0.5208122730255127,-5.357629
exp3_fixed_2,7121,558.01807,564.36053,0.0,-0.8758441805839539,-5.466617
exp3_fixed_2,7122,531.0941,533.8242,0.0,-0.3216225504875183,-2.4085236
exp3_fixed_2,7123,565.54675,575.15063,0.0,-0.3015527129173279,-9.30235
exp3_fixed_2,7124,577.3464,579.8055,0.0,-0.3801875412464142,-2.0789227
exp3_fixed_2,7125,556.86365,563.83844,0.0,-0.5307518839836121,-6.4440813
exp3_fixed_2,7126,486.13205,493.7371,0.0,-2.7959024906158447,-4.809161
exp3_fixed_2,7127,571.8791,575.04297,0.0,-0.9216233491897583,-2.2422366
exp3_fixed_2,7128,550.43097,559.1859,0.0,-1.2374086380004883,-7.5175514
exp3_fixed_2,7129,614.35706,617.7664,0.0,-1.2418116331100464,-2.1675746
exp3_fixed_2,7130,544.5846,551.6463,0.0,-0.993554949760437,-6.068128
exp3_fixed_2,7131,579.9624,583.20593,0.0,-0.6761581301689148,-2.567353
exp3_fixed_2,7132,584.5445,588.4697,0.0,-0.9511867165565491,-2.97408
exp3_fixed_2,7133,571.25397,575.1393,0.0,-0.3407506048679352,-3.5445712
exp3_fixed_2,7134,577.5859,578.8708,0.0,-0.08765067160129547,-1.1972456
exp3_fixed_2,7135,551.4352,555.0562,0.0,-1.4525898694992065,-2.168468
exp3_fixed_2,7136,603.6902,607.74774,0.0,-0.6824020147323608,-3.375101
exp3_fixed_2,7137,583.8021,589.92645,0.0,-2.0657308101654053,-4.058549
exp3_fixed_2,7138,533.3784,550.09875,0.0,-1.2930632829666138,-15.427268
exp3_fixed_2,7139,303.89008,334.01123,0.0,-10.059081077575684,-20.062094
exp3_fixed_2,7141,639.5506,643.0383,0.0,-0.5378739237785339,-2.949885
exp3_fixed_2,7142,660.51166,663.7784,0.0,-0.861524224281311,-2.4052315
exp3_fixed_2,7143,628.1395,640.14825,0.0,-0.7816434502601624,-11.227083
exp3_fixed_2,7144,613.77576,619.8497,0.0,-0.447159081697464,-5.6267405
exp3_fixed_2,7145,633.0437,635.90436,0.0,-0.5540357828140259,-2.3066123
exp3_fixed_2,7146,542.84,550.06464,0.0,-0.5001819729804993,-6.724428
exp3_fixed_2,7147,571.926,577.06525,0.0,-0.5537086129188538,-4.5855303
exp3_fixed_2,7148,621.8034,625.60364,0.0,-0.5906473994255066,-3.2095926
exp3_fixed_2,7149,624.0043,628.194,0.0,-0.7936229705810547,-3.396123
exp3_fixed_2,7150,643.41345,647.5048,0.0,-0.6568453907966614,-3.4345496
exp3_fixed_2,7151,617.81146,628.2143,0.0,-0.2768741548061371,-10.125902
exp3_fixed_2,7152,519.87714,528.3527,0.0,-1.4086977243423462,-7.066895
exp3_fixed_2,7153,593.2174,596.2671,0.0,-0.9931479692459106,-2.056575
exp3_fixed_2,7154,625.2008,630.25244,0.0,-1.2500674724578857,-3.801573
exp3_fixed_2,7155,565.5937,568.8113,0.0,-0.47857198119163513,-2.7390087
exp3_fixed_2,7156,593.86694,596.7416,0.0,-0.8227710723876953,-2.0518484
exp3_fixed_2,7157,703.01495,705.19086,0.0,-0.3852054476737976,-1.7907555
exp3_fixed_2,7158,554.6698,562.71,0.0,-0.7831069231033325,-7.2571087
exp3_fixed_2,7159,434.19543,454.88898,0.0,-2.2231032848358154,-18.470469
exp3_fixed_2,7161,547.46564,551.4084,0.0,-0.4593242406845093,-3.4834244
exp3_fixed_2,7162,656.1789,658.64026,0.0,-0.29369881749153137,-2.1677146
exp3_fixed_2,7163,503.36945,505.11578,0.0,-0.5176622867584229,-1.2286997
exp3_fixed_2,7164,561.49335,572.98914,0.0,-1.344450831413269,-10.151295
exp3_fixed_2,7165,546.2724,551.0259,0.0,-1.0848547220230103,-3.6686099
exp3_fixed_2,7166,573.56775,577.84515,0.0,-0.9639853239059448,-3.313435
exp3_fixed_2,7167,570.6853,574.3334,0.0,-0.5750535130500793,-3.0730276
exp3_fixed_2,7168,641.9871,647.68365,0.0,-0.4016573429107666,-5.294914
exp3_fixed_2,7169,583.9529,586.85815,0.0,-0.5961673259735107,-2.3090973
exp3_fixed_2,7170,545.6393,552.9069,0.0,-0.5858683586120605,-6.6818056
exp3_fixed_2,7171,654.9501,658.12756,0.0,-0.46096646785736084,-2.7164237
exp3_fixed_2,7172,621.7323,627.199,0.0,-1.6245008707046509,-3.8422403
exp3_fixed_2,7173,649.62024,652.891,0.0,-0.6546196937561035,-2.6160922
exp3_fixed_2,7174,527.35236,536.7647,0.0,-0.48080772161483765,-8.931564
exp3_fixed_2,7175,624.8477,627.1995,0.0,-0.6175306439399719,-1.7342685
exp3_fixed_2,7176,615.6869,618.22003,0.0,-1.0769891738891602,-1.4560903
exp3_fixed_2,7177,587.2132,591.0017,0.0,-0.9518041014671326,-2.8367379
exp3_fixed_2,7178,595.0051,598.7207,0.0,-0.6748583316802979,-3.040759
exp3_fixed_2,7179,-87.30873,139.07812,-200.0,-24.07716941833496,-2.3096924
exp3_fixed_2,7181,514.76166,523.4228,0.0,-1.239437460899353,-7.421691
exp3_fixed_2,7182,589.7507,597.14044,0.0,-0.3936079740524292,-6.996234
exp3_fixed_2,7183,544.7691,552.2528,0.0,-0.4327854812145233,-7.0508585
exp3_fixed_2,7184,575.83813,579.47394,0.0,-0.6683409810066223,-2.9675052
exp3_fixed_2,7185,636.9149,638.99695,0.0,-0.9642095565795898,-1.1178025
exp3_fixed_2,7186,637.1438,639.5183,0.0,-0.37422633171081543,-2.0003393
exp3_fixed_2,7187,573.55334,577.41205,0.0,-0.9479904770851135,-2.9107494
exp3_fixed_2,7188,-113.94339,-86.5588,0.0,-11.531288146972656,-15.8532505
exp3_fixed_2,7189,595.0386,597.6498,0.0,-0.43165862560272217,-2.179587
exp3_fixed_2,7190,546.41797,550.2446,0.0,-1.3480141162872314,-2.4786417
exp3_fixed_2,7191,528.8045,538.1699,0.0,-0.8304982781410217,-8.534958
exp3_fixed_2,7192,617.9725,620.5335,0.0,-0.5035510063171387,-2.0575256
exp3_fixed_2,7193,632.21106,633.9319,0.0,-0.6880624294281006,-1.0327661
exp3_fixed_2,7194,596.09174,598.8359,0.0,-0.7444599866867065,-1.9997094
exp3_fixed_2,7195,629.48615,632.7504,0.0,-0.6441075801849365,-2.6202438
exp3_fixed_2,7196,562.2938,564.7604,0.0,-0.48643115162849426,-1.9801764
exp3_fixed_2,7197,553.69806,556.72986,0.0,-0.6752000451087952,-2.356586
exp3_fixed_2,7198,630.65295,634.424,0.0,-0.6867928504943848,-3.0842752
exp3_fixed_2,7199,572.97485,575.63245,0.0,-0.3282238245010376,-2.3294299
exp3_fixed_2,7201,595.8678,602.189,0.0,-0.6113481521606445,-5.7099085
exp3_fixed_2,7202,558.0903,568.45703,0.0,-0.4658301770687103,-9.900927
exp3_fixed_2,7203,530.85297,534.5132,0.0,-1.4791278839111328,-2.1810603
exp3_fixed_2,7204,521.2897,532.08734,0.0,-0.5073065161705017,-10.290411
exp3_fixed_2,7205,616.50006,620.49756,0.0,-1.6292402744293213,-2.3682587
exp3_fixed_2,7206,529.98444,537.7529,0.0,-0.7484066486358643,-7.020066
exp3_fixed_2,7207,605.6129,614.887,0.0,-1.452139973640442,-7.821948
exp3_fixed_2,7208,562.3822,568.7226,0.0,-0.4869379997253418,-5.8534265
exp3_fixed_2,7209,578.8562,585.02844,0.0,-0.8056684136390686,-5.3665476
exp3_fixed_2,7210,601.0912,604.279,0.0,-1.2501142024993896,-1.9376948
exp3_fixed_2,7211,538.52966,546.14636,0.0,-1.194625973701477,-6.4221153
exp3_fixed_2,7212,608.7422,611.6685,0.0,-0.43280816078186035,-2.4935126
exp3_fixed_2,7213,646.1413,648.2451,0.0,-0.47860705852508545,-1.6252788
exp3_fixed_2,7214,537.28284,540.1859,0.0,-0.9542014598846436,-1.9487846
exp3_fixed_2,7215,590.42224,594.3757,0.0,-0.811231791973114,-3.142165
exp3_fixed_2,7216,577.52386,579.8334,0.0,-0.7043507099151611,-1.6051435
exp3_fixed_2,7217,586.5814,591.1011,0.0,-1.373547077178955,-3.146097
exp3_fixed_2,7218,579.457,584.3087,0.0,-0.9014911651611328,-3.9502153
exp3_fixed_2,7219,561.72986,565.13025,0.0,-0.8439000844955444,-2.5564592
exp3_fixed_2,7221,539.60187,543.2105,0.0,-0.49121421575546265,-3.117425
exp3_fixed_2,7222,602.5458,605.93585,0.0,-0.3978520631790161,-2.9922066
exp3_fixed_2,7223,632.4429,636.6245,0.0,-1.398288607597351,-2.7833533
exp3_fixed_2,7224,518.2845,525.3151,0.0,-2.7307214736938477,-4.299919
exp3_fixed_2,7225,592.1141,593.7939,0.0,-0.7207186818122864,-0.95909
exp3_fixed_2,7226,592.3629,595.4859,0.0,-0.5537683367729187,-2.569172
exp3_fixed_2,7227,587.6733,598.7538,0.0,-0.8861746191978455,-10.19428
exp3_fixed_2,7228,538.3787,540.3413,0.0,-0.34633123874664307,-1.6162392
exp3_fixed_2,7229,-109.05701,105.88013,-200.0,-12.513909339904785,-2.4232368
exp3_fixed_2,7230,556.5089,559.239,0.0,-1.1778564453125,-1.5522667
exp3_fixed_2,7231,557.24426,561.1728,0.0,-0.8485494256019592,-3.079951
exp3_fixed_2,7232,578.14264,581.0099,0.0,-0.5897915959358215,-2.2774537
exp3_fixed_2,7233,643.9208,649.42285,0.0,-0.5766249895095825,-4.9254766
exp3_fixed_2,7234,548.78687,553.87286,0.0,-1.964155912399292,-3.1218178
exp3_fixed_2,7235,440.96463,457.13922,0.0,-1.3313229084014893,-14.843266
exp3_fixed_2,7236,627.6753,631.1629,0.0,-0.7012547850608826,-2.7863405
exp3_fixed_2,7237,572.20496,577.969,0.0,-1.3686078786849976,-4.395424
exp3_fixed_2,7238,575.3693,579.9197,0.0,-0.7232816815376282,-3.8271034
exp3_fixed_2,7239,497.66968,504.4564,0.0,-1.164202094078064,-5.622517
exp3_fixed_2,7241,535.2224,538.48944,0.0,-1.062172293663025,-2.2048817
exp3_fixed_2,7242,606.89685,611.9154,0.0,-0.3272351622581482,-4.6913233
exp3_fixed_2,7243,599.06134,600.4477,0.0,-0.44533753395080566,-0.9409871
exp3_fixed_2,7244,589.9839,594.0279,0.0,-1.80661940574646,-2.2374737
exp3_fixed_2,7245,611.0854,614.7204,0.0,-0.4535001814365387,-3.181493
exp3_fixed_2,7246,658.48755,660.6365,0.0,-0.5169141292572021,-1.6320581
exp3_fixed_2,7247,665.62256,668.8988,0.0,-0.6081432104110718,-2.668092
exp3_fixed_2,7248,586.8534,591.21173,0.0,-0.8427983522415161,-3.5155911
exp3_fixed_2,7249,544.9979,547.10406,0.0,-0.7800725102424622,-1.3260748
exp3_fixed_2,7250,606.82697,609.1087,0.0,-0.6051028966903687,-1.6766058
exp3_fixed_2,7251,592.6189,596.5231,0.0,-0.9153450727462769,-2.9888654
exp3_fixed_2,7252,618.8375,624.8371,0.0,-1.9506680965423584,-4.0489
exp3_fixed_2,7253,606.3226,608.11285,0.0,-0.2972068786621094,-1.4930763
exp3_fixed_2,7254,621.42474,627.75055,0.0,-0.6845628023147583,-5.641244
exp3_fixed_2,7255,564.7968,569.8398,0.0,-1.7044556140899658,-3.338543
exp3_fixed_2,7256,622.17584,623.94293,0.0,-0.38143685460090637,-1.3856744
exp3_fixed_2,7257,553.3996,559.54156,0.0,-2.7211968898773193,-3.4207358
exp3_fixed_2,7258,589.16394,593.2517,0.0,-0.9462933540344238,-3.1414933
exp3_fixed_2,7259,567.97974,570.25085,0.0,-0.8711547255516052,-1.3999462
exp3_fixed_2,7261,546.7407,556.13666,0.0,-1.0209264755249023,-8.3749895
exp3_fixed_2,7262,566.1088,569.7886,0.0,-0.7786391377449036,-2.9011686
exp3_fixed_2,7263,537.6145,540.4642,0.0,-0.7320897579193115,-2.1175475
exp3_fixed_2,7264,570.7823,575.71466,0.0,-0.6379937529563904,-4.294434
exp3_fixed_2,7265,590.4138,594.1908,0.0,-0.3040739595890045,-3.472919
exp3_fixed_2,7266,594.5168,603.41455,0.0,-0.6015240550041199,-8.296199
exp3_fixed_2,7267,586.3854,595.36035,0.0,-0.5181225538253784,-8.456826
exp3_fixed_2,7268,644.91907,649.7398,0.0,-1.168799877166748,-3.6519716
exp3_fixed_2,7269,528.67596,539.09326,0.0,-1.516701102256775,-8.900601
exp3_fixed_2,7270,539.9604,541.5287,0.0,-0.32674166560173035,-1.2415866
exp3_fixed_2,7271,499.55286,506.11206,0.0,-1.5521697998046875,-5.0070176
exp3_fixed_2,7272,544.30005,557.3403,0.0,-1.0820835828781128,-11.958167
exp3_fixed_2,7273,597.96436,608.82544,0.0,-0.5565721392631531,-10.304546
exp3_fixed_2,7274,597.1055,602.05896,0.0,-2.388235569000244,-2.5651743
exp3_fixed_2,7275,529.117,537.0683,0.0,-1.5812650918960571,-6.3700686
exp3_fixed_2,7276,559.6051,564.0061,0.0,-0.7264150977134705,-3.6745515
exp3_fixed_2,7277,627.4116,631.7306,0.0,-0.6300356388092041,-3.6889489
exp3_fixed_2,7278,661.089,667.073,0.0,-0.8741472959518433,-5.1098223
exp3_fixed_2,7279,514.2202,519.1153,0.0,-0.8787869215011597,-4.0162706
exp3_fixed_2,7281,650.6674,656.44104,0.0,-0.6673634052276611,-5.106305
exp3_fixed_2,7282,612.17975,614.49756,0.0,-0.4925701916217804,-1.8252486
exp3_fixed_2,7283,663.457,666.6961,0.0,-0.7275381088256836,-2.5115929
exp3_fixed_2,7284,545.1533,550.82275,0.0,-1.2917983531951904,-4.3776245
exp3_fixed_2,7285,554.79895,557.16327,0.0,-0.8098220229148865,-1.5544635
exp3_fixed_2,7286,569.0073,570.86615,0.0,-0.5968468189239502,-1.2619797
exp3_fixed_2,7287,585.2726,590.93506,0.0,-1.7900288105010986,-3.8724508
exp3_fixed_2,7288,607.79724,610.834,0.0,-1.079874038696289,-1.9568614
exp3_fixed_2,7289,555.79944,560.9452,0.0,-0.5616995096206665,-4.584046
exp3_fixed_2,7290,599.61584,602.70844,0.0,-1.2279629707336426,-1.8646218
exp3_fixed_2,7291,404.11703,438.15256,0.0,-1.922380805015564,-32.113132
exp3_fixed_2,7292,619.6481,621.57275,0.0,-0.27127185463905334,-1.6534106
exp3_fixed_2,7293,579.41016,582.6811,0.0,-0.9294260740280151,-2.341529
exp3_fixed_2,7294,556.02454,558.146,0.0,-0.4174937307834625,-1.7039223
exp3_fixed_2,7295,634.9863,639.02673,0.0,-1.3473089933395386,-2.693045
exp3_fixed_2,7296,560.099,563.14667,0.0,-0.39979061484336853,-2.6478398
exp3_fixed_2,7297,609.55005,611.9744,0.0,-0.7217869758605957,-1.7025583
exp3_fixed_2,7298,556.32513,561.2283,0.0,-1.4779152870178223,-3.425231
exp3_fixed_2,7299,565.7604,587.3297,0.0,-0.5035927295684814,-21.065708
exp3_fixed_2,7301,605.26807,609.68964,0.0,-1.3046557903289795,-3.1168916
exp3_fixed_2,7302,572.0752,577.12476,0.0,-0.9405530095100403,-4.109016
exp3_fixed_2,7303,635.007,637.53,0.0,-0.3305615186691284,-2.1924694
exp3_fixed_2,7304,569.73126,576.55066,0.0,-0.40393421053886414,-6.415491
exp3_fixed_2,7305,656.48035,658.8541,0.0,-0.398509681224823,-1.9752269
exp3_fixed_2,7306,571.9569,574.21936,0.0,-0.8104223012924194,-1.4520658
exp3_fixed_2,7307,656.04193,658.73596,0.0,-0.7159342765808105,-1.9781235
exp3_fixed_2,7308,528.5262,537.6874,0.0,-0.4624703824520111,-8.698792
exp3_fixed_2,7309,580.02124,587.6495,0.0,-0.8642004132270813,-6.7640505
exp3_fixed_2,7310,670.4319,679.42334,0.0,-5.407466888427734,-3.5840085
exp3_fixed_2,7311,642.99207,645.24457,0.0,-1.0090936422348022,-1.2434603
exp3_fixed_2,7312,595.1148,601.11884,0.0,-1.0556365251541138,-4.948397
exp3_fixed_2,7313,628.4829,633.6537,0.0,-2.8886091709136963,-2.2821946
exp3_fixed_2,7314,656.11786,658.78015,0.0,-0.7558826208114624,-1.9064353
exp3_fixed_2,7315,623.14685,628.8723,0.0,-1.7477436065673828,-3.9777153
exp3_fixed_2,7316,616.6038,619.5882,0.0,-0.7265822887420654,-2.2577739
exp3_fixed_2,7317,620.5828,625.5874,0.0,-0.4239630699157715,-4.580625
exp3_fixed_2,7318,535.82666,543.451,0.0,-0.30164751410484314,-7.3226643
exp3_fixed_2,7319,615.29156,625.79083,0.0,-0.47187843918800354,-10.027403
exp3_fixed_2,7321,590.1213,594.23926,0.0,-1.0079230070114136,-3.1100862
exp3_fixed_2,7322,439.49582,444.27145,0.0,-1.6098566055297852,-3.1657407
exp3_fixed_2,7323,636.8983,641.19366,0.0,-0.7259553670883179,-3.5693877
exp3_fixed_2,7324,642.2353,647.3637,0.0,-1.7424920797348022,-3.3859353
exp3_fixed_2,7325,593.2427,603.027,0.0,-0.5146080255508423,-9.269733
exp3_fixed_2,7326,585.74646,589.643,0.0,-1.1710336208343506,-2.725534
exp3_fixed_2,7327,611.5177,614.2407,0.0,-0.43507593870162964,-2.287913
exp3_fixed_2,7328,615.1027,617.5978,0.0,-0.6605045199394226,-1.8345714
exp3_fixed_2,7329,646.84436,648.8242,0.0,-0.5482006669044495,-1.4316291
exp3_fixed_2,7330,607.66986,610.142,0.0,-0.6886180639266968,-1.7836075
exp3_fixed_2,7331,655.22046,660.13696,0.0,-0.4289998710155487,-4.487477
exp3_fixed_2,7332,629.4312,633.5295,0.0,-1.4872369766235352,-2.61105
exp3_fixed_2,7333,668.27136,670.4905,0.0,-0.541357696056366,-1.6777718
exp3_fixed_2,7334,553.7306,557.89777,0.0,-0.5506754517555237,-3.6164742
exp3_fixed_2,7335,624.9761,629.7291,0.0,-0.6465308666229248,-4.106511
exp3_fixed_2,7336,641.71185,643.8119,0.0,-0.3554094731807709,-1.7445927
exp3_fixed_2,7337,547.61743,552.1238,0.0,-1.817008137702942,-2.6893456
exp3_fixed_2,7338,586.95233,590.7643,0.0,-0.8967577815055847,-2.9151664
exp3_fixed_2,7339,576.9066,578.7784,0.0,-0.17444384098052979,-1.6973325
exp3_fixed_2,7341,559.86914,562.3833,0.0,-0.31793537735939026,-2.196241
exp3_fixed_2,7342,629.5654,631.1673,0.0,-0.5121331214904785,-1.0896957
exp3_fixed_2,7343,627.13354,628.46606,0.0,-0.28702986240386963,-1.0454965
exp3_fixed_2,7344,580.3166,584.5796,0.0,-0.6762857437133789,-3.586726
exp3_fixed_2,7345,545.65857,549.0624,0.0,-0.8543453216552734,-2.5494604
exp3_fixed_2,7346,633.4477,637.3949,0.0,-1.4050352573394775,-2.5421674
exp3_fixed_2,7347,609.8103,615.88556,0.0,-2.9904963970184326,-3.0847626
exp3_fixed_2,7348,609.37134,625.28894,0.0,-0.7625832557678223,-15.155006
exp3_fixed_2,7349,593.03864,597.16235,0.0,-0.611121654510498,-3.5125554
exp3_fixed_2,7350,577.6991,581.37115,0.0,-0.7913203239440918,-2.8807173
exp3_fixed_2,7351,627.4143,631.23413,0.0,-0.5168290734291077,-3.3029692
exp3_fixed_2,7352,592.06104,599.62823,0.0,-0.5327248573303223,-7.0344872
exp3_fixed_2,7353,588.10913,594.0582,0.0,-0.5005271434783936,-5.4485097
exp3_fixed_2,7354,557.12683,560.15906,0.0,-0.962349534034729,-2.0698805
exp3_fixed_2,7355,577.461,581.06384,0.0,-0.9582520723342896,-2.6446228
exp3_fixed_2,7356,457.1695,471.9919,0.0,-6.082073211669922,-8.740329
exp3_fixed_2,7357,511.33554,518.9503,0.0,-3.3731157779693604,-4.2416773
exp3_fixed_2,7358,587.76215,595.6439,0.0,-0.713420033454895,-7.16838
exp3_fixed_2,7359,570.677,576.07697,0.0,-1.2115387916564941,-4.1884017
exp3_fixed_2,7361,599.1643,611.1232,0.0,-0.958295464515686,-11.000639
exp3_fixed_2,7362,662.1089,663.80835,0.0,-0.3180539608001709,-1.3813375
exp3_fixed_2,7363,579.68256,583.4348,0.0,-1.1006971597671509,-2.6515522
exp3_fixed_2,7364,548.7092,555.0348,0.0,-1.0055663585662842,-5.3200264
exp3_fixed_2,7365,565.9916,573.85254,0.0,-0.6654658913612366,-7.1954765
exp3_fixed_2,7366,541.72656,550.5376,0.0,-1.066415786743164,-7.744595
exp3_fixed_2,7367,-158.81409,68.19126,-200.0,-21.804147720336914,-5.2012076
exp3_fixed_2,7368,548.9946,553.5552,0.0,-0.6764445900917053,-3.8840976
exp3_fixed_2,7369,529.2743,535.4596,0.0,-0.4525698721408844,-5.732731
exp3_fixed_2,7370,564.4284,566.8021,0.0,-0.2655201554298401,-2.1081438
exp3_fixed_2,7371,592.604,595.24274,0.0,-0.7210513949394226,-1.9176543
exp3_fixed_2,7372,582.1565,590.8167,0.0,-0.9974634051322937,-7.6627502
exp3_fixed_2,7373,578.1827,582.63904,0.0,-0.8839101195335388,-3.5724504
exp3_fixed_2,7374,629.7916,631.96906,0.0,-0.5690207481384277,-1.608415
exp3_fixed_2,7375,632.9444,634.5406,0.0,-0.43809789419174194,-1.1580948
exp3_fixed_2,7376,580.5442,587.1116,0.0,-0.6470719575881958,-5.9203706
exp3_fixed_2,7377,-192.0849,59.09045,-200.0,-35.96034240722656,-15.21499
exp3_fixed_2,7378,631.23914,633.2811,0.0,-0.3226034343242645,-1.71943
exp3_fixed_2,7379,479.24872,503.5445,0.0,-19.582788467407227,-4.7129664
exp3_fixed_2,7381,643.8799,647.75104,0.0,-0.9554566144943237,-2.9156961
exp3_fixed_2,7382,496.45352,499.1065,0.0,-0.23420748114585876,-2.418764
exp3_fixed_2,7383,581.6751,598.70374,0.0,-1.1278347969055176,-15.900742
exp3_fixed_2,7384,529.4089,536.3827,0.0,-0.3002637028694153,-6.6735506
exp3_fixed_2,7385,603.0166,607.21606,0.0,-1.3704099655151367,-2.8290484
exp3_fixed_2,7386,608.708,613.7213,0.0,-2.034158945083618,-2.979114
exp3_fixed_2,7387,514.8049,520.1244,0.0,-0.5731260180473328,-4.7463837
exp3_fixed_2,7388,554.9667,564.16235,0.0,-0.9369134902954102,-8.25875
exp3_fixed_2,7389,607.70734,609.36255,0.0,-0.3589235544204712,-1.2963196
exp3_fixed_2,7390,626.9802,634.4597,0.0,-0.6491627097129822,-6.830353
exp3_fixed_2,7391,544.07214,548.92883,0.0,-1.9119343757629395,-2.944786
exp3_fixed_2,7392,551.8527,554.7433,0.0,-0.38733386993408203,-2.5032454
exp3_fixed_2,7393,605.8505,607.6994,0.0,-0.2714149057865143,-1.5774455
exp3_fixed_2,7394,581.71924,583.78577,0.0,-0.33447808027267456,-1.7320604
exp3_fixed_2,7395,613.8037,617.14526,0.0,-1.2936208248138428,-2.0479298
exp3_fixed_2,7396,607.7724,611.17706,0.0,-0.6536537408828735,-2.7510228
exp3_fixed_2,7397,578.8373,580.43365,0.0,-0.24085798859596252,-1.3555305
exp3_fixed_2,7398,639.6227,642.3668,0.0,-0.7599638104438782,-1.9841243
exp3_fixed_2,7399,611.5724,618.9179,0.0,-0.23557019233703613,-7.1099825
exp3_fixed_2,7401,571.47363,578.0343,0.0,-0.4340524673461914,-6.1265535
exp3_fixed_2,7402,594.9514,602.12976,0.0,-2.0448453426361084,-5.1335554
exp3_fixed_2,7403,540.8464,545.00934,0.0,-0.5460103154182434,-3.6169527
exp3_fixed_2,7404,539.64545,549.7903,0.0,-0.9605979919433594,-9.1842575
exp3_fixed_2,7405,691.64905,694.1633,0.0,-0.31319016218185425,-2.2011456
exp3_fixed_2,7406,608.49915,610.0518,0.0,-0.36340999603271484,-1.1892012
exp3_fixed_2,7407,586.9129,589.4204,0.0,-0.9190441370010376,-1.5884391
exp3_fixed_2,7408,634.47565,636.51196,0.0,-0.4164920449256897,-1.6197928
exp3_fixed_2,7409,499.16058,510.6355,0.0,-1.2538565397262573,-10.221022
exp3_fixed_2,7410,683.1898,689.15686,0.0,-0.8430574536323547,-5.124042
exp3_fixed_2,7411,579.7665,582.6401,0.0,-0.33806395530700684,-2.5355117
exp3_fixed_2,7412,571.704,580.36646,0.0,-1.0649482011795044,-7.597545
exp3_fixed_2,7413,539.09045,541.42377,0.0,-0.34264475107192993,-1.9906533
exp3_fixed_2,7414,632.59045,636.639,0.0,-1.761646032333374,-2.2868679
exp3_fixed_2,7415,600.62396,602.4584,0.0,-0.30263590812683105,-1.5318364
exp3_fixed_2,7416,641.11096,646.0757,0.0,-2.1060891151428223,-2.8585966
exp3_fixed_2,7417,564.1877,567.19403,0.0,-1.1676955223083496,-1.8386418
exp3_fixed_2,7418,633.8439,637.3334,0.0,-1.9029829502105713,-1.5864761
exp3_fixed_2,7419,576.97424,579.04565,0.0,-0.8863364458084106,-1.1850616
exp3_fixed_2,7421,649.1623,650.8578,0.0,-0.5909370183944702,-1.1045433
exp3_fixed_2,7422,612.2799,613.63354,0.0,-0.49460911750793457,-0.85896224
exp3_fixed_2,7423,561.14,572.75745,0.0,-1.3590508699417114,-10.258313
exp3_fixed_2,7424,610.149,616.15393,0.0,-1.350609302520752,-4.6543584
exp3_fixed_2,7425,526.9585,532.4143,0.0,-0.5503249168395996,-4.9054623
exp3_fixed_2,7426,550.0241,559.21893,0.0,-0.6726001501083374,-8.522253
exp3_fixed_2,7427,643.2554,646.2994,0.0,-0.8727610111236572,-2.171276
exp3_fixed_2,7428,609.3432,613.655,0.0,-0.819621741771698,-3.4922233
exp3_fixed_2,7429,556.72644,559.495,0.0,-0.8029194474220276,-1.9655962
exp3_fixed_2,7430,640.90826,642.68335,0.0,-0.4205281138420105,-1.3545313
exp3_fixed_2,7431,609.7278,613.08795,0.0,-1.390112280845642,-1.9700302
exp3_fixed_2,7432,513.3383,519.7794,0.0,-0.36801838874816895,-6.0731125
exp3_fixed_2,7433,561.0544,563.8675,0.0,-0.5447888374328613,-2.2683382
exp3_fixed_2,7434,548.5208,554.0849,0.0,-0.9339135885238647,-4.630153
exp3_fixed_2,7435,587.9513,590.1536,0.0,-0.3424202501773834,-1.8599054
exp3_fixed_2,7436,592.836,599.5773,0.0,-4.035073280334473,-2.7061799
exp3_fixed_2,7437,631.3885,635.0856,0.0,-1.8538713455200195,-1.8432633
exp3_fixed_2,7438,548.0161,557.6896,0.0,-0.3434671461582184,-9.32998
exp3_fixed_2,7439,578.3692,581.89813,0.0,-1.9126603603363037,-1.6162846
exp3_fixed_2,7441,519.2736,521.9914,0.0,-0.6943039894104004,-2.0234916
exp3_fixed_2,7442,647.6909,650.23065,0.0,-0.6209222078323364,-1.9188299
exp3_fixed_2,7443,599.20264,606.6543,0.0,-0.5438307523727417,-6.9077764
exp3_fixed_2,7444,586.1715,589.4872,0.0,-0.989710807800293,-2.3259237
exp3_fixed_2,7445,587.1801,589.56006,0.0,-0.37247854471206665,-2.007459
exp3_fixed_2,7446,643.133,646.1598,0.0,-0.9904980063438416,-2.0362988
exp3_fixed_2,7447,512.5453,519.2756,0.0,-1.2669472694396973,-5.463294
exp3_fixed_2,7448,574.0154,577.03925,0.0,-1.2008919715881348,-1.8229935
exp3_fixed_2,7449,623.051,625.7439,0.0,-0.6682438254356384,-2.024667
exp3_fixed_2,7450,605.34143,609.454,0.0,-1.0468451976776123,-3.0657084
exp3_fixed_2,7451,581.2595,583.67725,0.0,-0.3873286247253418,-2.0303543
exp3_fixed_2,7452,561.81537,565.288,0.0,-0.5138272047042847,-2.9588535
exp3_fixed_2,7453,459.33514,470.90292,0.0,-1.276292085647583,-10.291517
exp3_fixed_2,7454,659.31726,662.734,0.0,-0.7366471290588379,-2.6800416
exp3_fixed_2,7455,549.142,554.2737,0.0,-1.6510306596755981,-3.4806552
exp3_fixed_2,7456,596.6664,605.1457,0.0,-0.6349694728851318,-7.8443317
exp3_fixed_2,7457,626.4712,629.1336,0.0,-0.4924953579902649,-2.1698813
exp3_fixed_2,7458,613.5845,615.6785,0.0,-0.35461723804473877,-1.7394247
exp3_fixed_2,7459,589.88586,594.22003,0.0,-1.1174087524414062,-3.216755
exp3_fixed_2,7461,580.5362,584.20325,0.0,-0.7461702823638916,-2.9208922
exp3_fixed_2,7462,555.29877,560.90906,0.0,-1.2034510374069214,-4.406888
exp3_fixed_2,7463,555.20013,562.1443,0.0,-0.7813977599143982,-6.162816
exp3_fixed_2,7464,553.9504,556.6625,0.0,-1.0949490070343018,-1.6171753
exp3_fixed_2,7465,581.09753,583.09375,0.0,-0.2527461051940918,-1.743496
exp3_fixed_2,7466,597.42084,601.01447,0.0,-1.168345332145691,-2.4253006
exp3_fixed_2,7467,579.583,583.5943,0.0,-1.294854998588562,-2.716464
exp3_fixed_2,7468,625.62225,627.9572,0.0,-0.37603268027305603,-1.9589062
exp3_fixed_2,7469,566.7991,569.2145,0.0,-0.5113654136657715,-1.9040432
exp3_fixed_2,7470,555.10345,560.56696,0.0,-0.7879621386528015,-4.6755104
exp3_fixed_2,7471,462.93585,478.39935,0.0,-0.6957663297653198,-14.7677145
exp3_fixed_2,7472,527.16003,531.6553,0.0,-1.0151047706604004,-3.4801652
exp3_fixed_2,7473,463.93832,479.8707,0.0,-3.9439010620117188,-11.988486
exp3_fixed_2,7474,581.9031,584.6293,0.0,-0.36021292209625244,-2.3659813
exp3_fixed_2,7475,539.4089,541.3889,0.0,-0.20104466378688812,-1.7790086
exp3_fixed_2,7476,572.3961,577.6706,0.0,-2.4392168521881104,-2.8353002
exp3_fixed_2,7477,613.51324,616.7471,0.0,-0.6653612852096558,-2.5684798
exp3_fixed_2,7478,521.3515,524.5937,0.0,-1.416576862335205,-1.8256199
exp3_fixed_2,7479,520.1294,530.2536,0.0,-2.0563743114471436,-8.067861
exp3_fixed_2,7481,560.3119,573.1898,0.0,-2.3366403579711914,-10.541292
exp3_fixed_2,7482,619.2014,620.5803,0.0,-0.2705467641353607,-1.1083362
exp3_fixed_2,7483,556.6452,560.3284,0.0,-0.5487687587738037,-3.134483
exp3_fixed_2,7484,618.82275,620.81256,0.0,-0.2072744518518448,-1.7825719
exp3_fixed_2,7485,583.5965,585.29803,0.0,-0.273750901222229,-1.4277824
exp3_fixed_2,7486,609.21216,611.29706,0.0,-0.45021894574165344,-1.6346498
exp3_fixed_2,7487,597.38,599.7272,0.0,-0.5739550590515137,-1.773191
exp3_fixed_2,7488,540.29395,541.9535,0.0,-0.6443947553634644,-1.0151919
exp3_fixed_2,7489,539.5186,555.4087,0.0,-0.4238601624965668,-15.466193
exp3_fixed_2,7490,493.284,507.58087,0.0,-1.785395622253418,-12.511469
exp3_fixed_2,7491,618.61584,622.0135,0.0,-0.2725910246372223,-3.1250765
exp3_fixed_2,7492,599.2395,601.6862,0.0,-0.6507008671760559,-1.7960732
exp3_fixed_2,7493,571.85187,573.4099,0.0,-0.2186686396598816,-1.3394165
exp3_fixed_2,7494,656.9814,659.7273,0.0,-0.47244659066200256,-2.2734654
exp3_fixed_2,7495,588.4005,591.7902,0.0,-1.0821529626846313,-2.3075123
exp3_fixed_2,7496,588.6249,591.83185,0.0,-1.5800752639770508,-1.6269087
exp3_fixed_2,7497,644.7527,648.0146,0.0,-1.3189997673034668,-1.9428884
exp3_fixed_2,7498,569.8685,573.489,0.0,-0.7707095146179199,-2.849761
exp3_fixed_2,7499,610.04694,616.9263,0.0,-1.3186267614364624,-5.5607047
exp3_fixed_2,7501,620.2058,627.1008,0.0,-0.813389778137207,-6.081635
exp3_fixed_2,7502,532.302,537.447,0.0,-1.2099698781967163,-3.9350076
exp3_fixed_2,7503,555.8758,559.9228,0.0,-0.545885443687439,-3.5011084
exp3_fixed_2,7504,639.545,642.31104,0.0,-0.7876359224319458,-1.978453
exp3_fixed_2,7505,539.38837,546.8717,0.0,-0.5195706486701965,-6.963731
exp3_fixed_2,7506,-80.46369,-48.389126,0.0,-13.722615242004395,-18.351881
exp3_fixed_2,7507,597.9839,602.5353,0.0,-1.087929368019104,-3.4634502
exp3_fixed_2,7508,514.85266,522.26105,0.0,-0.45254942774772644,-6.9558225
exp3_fixed_2,7509,-190.25204,84.0067,-200.0,-68.95327758789062,-5.305464
exp3_fixed_2,7510,560.6567,564.3386,0.0,-1.4166182279586792,-2.2653027
exp3_fixed_2,7511,561.8142,569.295,0.0,-1.1397160291671753,-6.3410606
exp3_fixed_2,7512,626.77893,628.9983,0.0,-0.34739524126052856,-1.8719734
exp3_fixed_2,7513,568.3552,570.5032,0.0,-0.533851683139801,-1.6141012
exp3_fixed_2,7514,605.06104,609.38513,0.0,-1.2302002906799316,-3.09394
exp3_fixed_2,7515,464.68008,476.23788,0.0,-4.8091020584106445,-6.748705
exp3_fixed_2,7516,631.6129,636.91437,0.0,-0.38567984104156494,-4.915841
exp3_fixed_2,7517,513.6989,531.7946,0.0,-1.0931216478347778,-17.002617
exp3_fixed_2,7518,613.8211,620.0492,0.0,-0.43675756454467773,-5.791345
exp3_fixed_2,7519,569.5426,574.2184,0.0,-1.2392406463623047,-3.4366188
exp3_fixed_2,7521,612.60004,616.24725,0.0,-0.6547650098800659,-2.9924245
exp3_fixed_2,7522,545.6776,556.56885,0.0,-1.3717745542526245,-9.519418
exp3_fixed_2,7523,472.23904,478.6027,0.0,-4.69625186920166,-1.667408
exp3_fixed_2,7524,575.4611,579.974,0.0,-1.0078057050704956,-3.5050783
exp3_fixed_2,7525,596.12274,599.08765,0.0,-0.6309064030647278,-2.334023
exp3_fixed_2,7526,611.9958,618.5111,0.0,-0.3624951243400574,-6.1528387
exp3_fixed_2,7527,627.37146,630.0679,0.0,-0.3890955150127411,-2.307343
exp3_fixed_2,7528,612.01013,620.0198,0.0,-0.5345356464385986,-7.475168
exp3_fixed_2,7529,577.7101,581.8698,0.0,-1.2909214496612549,-2.8688107
exp3_fixed_2,7530,644.67444,647.5488,0.0,-0.6310533881187439,-2.2433355
exp3_fixed_2,7531,569.0093,571.8726,0.0,-1.3714258670806885,-1.4919318
exp3_fixed_2,7532,620.32245,624.8137,0.0,-0.6880049109458923,-3.8032036
exp3_fixed_2,7533,599.36993,603.1913,0.0,-0.8659062385559082,-2.955412
exp3_fixed_2,7534,650.0391,655.3293,0.0,-0.4687614440917969,-4.821466
exp3_fixed_2,7535,609.38257,611.6447,0.0,-0.2336859405040741,-2.0285
exp3_fixed_2,7536,595.7113,598.6771,0.0,-1.13058340549469,-1.8352244
exp3_fixed_2,7537,642.1506,644.9919,0.0,-0.7634360790252686,-2.0778706
exp3_fixed_2,7538,530.4453,534.1118,0.0,-0.9091728925704956,-2.757348
exp3_fixed_2,7539,524.5324,532.1212,0.0,-0.8446225523948669,-6.744241
exp3_fixed_2,7541,615.0672,616.7385,0.0,-0.45326119661331177,-1.218005
exp3_fixed_2,7542,571.3799,574.4951,0.0,-0.589769721031189,-2.5254388
exp3_fixed_2,7543,517.4154,521.4121,0.0,-0.8527167439460754,-3.1439772
exp3_fixed_2,7544,561.7064,566.6343,0.0,-0.6405301094055176,-4.2873306
exp3_fixed_2,7545,624.82697,626.64056,0.0,-0.25089049339294434,-1.5626954
exp3_fixed_2,7546,576.1866,587.96765,0.0,-1.259568214416504,-10.52149
exp3_fixed_2,7547,623.4942,626.37103,0.0,-0.6049069762229919,-2.2718701
exp3_fixed_2,7548,516.6533,528.70496,0.0,-1.258339285850525,-10.793295
exp3_fixed_2,7549,533.6315,540.0255,0.0,-0.4221042990684509,-5.971982
exp3_fixed_2,7550,540.9277,544.47,0.0,-1.3158314228057861,-2.2264426
exp3_fixed_2,7551,594.733,600.48804,0.0,-2.0994677543640137,-3.6556172
exp3_fixed_2,7552,652.5377,654.1778,0.0,-0.2470674216747284,-1.3929368
exp3_fixed_2,7553,657.042,659.8209,0.0,-1.2814052104949951,-1.4975302
exp3_fixed_2,7554,524.1699,527.919,0.0,-0.7196824550628662,-3.0293512
exp3_fixed_2,7555,588.04144,591.77814,0.0,-1.0155476331710815,-2.721139
exp3_fixed_2,7556,581.09564,585.9282,0.0,-0.6322685480117798,-4.200271
exp3_fixed_2,7557,638.73737,640.31085,0.0,-0.2821812927722931,-1.2913097
exp3_fixed_2,7558,617.29,621.66766,0.0,-1.1715441942214966,-3.2061472
exp3_fixed_2,7559,596.9763,606.6753,0.0,-0.9226883053779602,-8.776348
exp3_fixed_2,7561,569.4705,579.22327,0.0,-1.3877719640731812,-8.365053
exp3_fixed_2,7562,655.1013,660.03345,0.0,-0.4864965081214905,-4.4455967
exp3_fixed_2,7563,478.1859,480.9097,0.0,-0.6048136949539185,-2.1190155
exp3_fixed_2,7564,630.4054,631.8403,0.0,-0.5677652359008789,-0.86712325
exp3_fixed_2,7565,597.0593,600.01,0.0,-0.5856857299804688,-2.3650267
exp3_fixed_2,7566,580.00366,584.4562,0.0,-2.3158082962036133,-2.136672
exp3_fixed_2,7567,512.2353,516.62946,0.0,-0.6300196647644043,-3.7641659
exp3_fixed_2,7568,627.662,629.8288,0.0,-1.0590534210205078,-1.107795
exp3_fixed_2,7569,504.93442,525.48236,0.0,-3.624453067779541,-16.923431
exp3_fixed_2,7570,521.8445,525.9498,0.0,-1.220935583114624,-2.884442
exp3_fixed_2,7571,583.7374,586.3797,0.0,-0.4037892818450928,-2.2385137
exp3_fixed_2,7572,567.0304,571.29443,0.0,-0.2730866074562073,-3.9909768
exp3_fixed_2,7573,564.7976,570.09607,0.0,-0.15934641659259796,-5.1391745
exp3_fixed_2,7574,586.51355,590.0516,0.0,-0.684191107749939,-2.8538246
exp3_fixed_2,7575,634.486,640.1743,0.0,-2.943725347518921,-2.744586
exp3_fixed_2,7576,593.8393,596.38367,0.0,-0.3483797609806061,-2.1960597
exp3_fixed_2,7577,472.7262,477.01248,0.0,-1.1348206996917725,-3.151463
exp3_fixed_2,7578,612.61914,613.68665,0.0,-0.27731016278266907,-0.7901684
exp3_fixed_2,7579,577.0012,579.44415,0.0,-0.20869602262973785,-2.2341864
exp3_fixed_2,7581,596.50385,599.80133,0.0,-0.5901628136634827,-2.7072768
exp3_fixed_2,7582,538.7954,548.3945,0.0,-0.6494253873825073,-8.949648
exp3_fixed_2,7583,594.81433,600.22906,0.0,-0.5433975458145142,-4.8713465
exp3_fixed_2,7584,549.3279,553.5844,0.0,-0.6451604962348938,-3.611358
exp3_fixed_2,7585,574.54395,582.8126,0.0,-0.5812150835990906,-7.6874475
exp3_fixed_2,7586,597.66223,606.04034,0.0,-0.5662433505058289,-7.811864
exp3_fixed_2,7587,595.56824,608.573,0.0,-1.551283359527588,-11.453424
exp3_fixed_2,7588,584.83386,587.7463,0.0,-1.246846079826355,-1.6655853
exp3_fixed_2,7589,575.71655,587.0539,0.0,-0.8525229096412659,-10.484772
exp3_fixed_2,7590,587.50415,589.89246,0.0,-1.0935778617858887,-1.2946978
exp3_fixed_2,7591,519.2472,527.0373,0.0,-1.3719786405563354,-6.418048
exp3_fixed_2,7592,597.43317,599.2571,0.0,-0.30133411288261414,-1.52252
exp3_fixed_2,7593,536.788,543.46027,0.0,-0.45605069398880005,-6.216239
exp3_fixed_2,7594,671.9286,675.58234,0.0,-1.0326979160308838,-2.621014
exp3_fixed_2,7595,543.8857,548.9579,0.0,-1.0197010040283203,-4.0524693
exp3_fixed_2,7596,-121.57511,-78.390495,0.0,-24.019123077392578,-19.165487
exp3_fixed_2,7597,610.96106,620.79974,0.0,-0.5530685186386108,-9.285548
exp3_fixed_2,7598,530.9035,532.9663,0.0,-0.379761278629303,-1.6830902
exp3_fixed_2,7599,557.3281,560.66345,0.0,-0.5213042497634888,-2.8140202
exp3_fixed_2,7601,592.51715,607.21857,0.0,-0.32509303092956543,-14.376311
exp3_fixed_2,7602,639.0697,640.89545,0.0,-0.23689039051532745,-1.5888821
exp3_fixed_2,7603,652.6674,654.6427,0.0,-0.8880206346511841,-1.0872078
exp3_fixed_2,7604,601.152,604.374,0.0,-0.8459585905075073,-2.3760862
exp3_fixed_2,7605,537.4995,555.0718,0.0,-1.0982617139816284,-16.47399
exp3_fixed_2,7606,619.15906,624.6037,0.0,-0.276655375957489,-5.168048
exp3_fixed_2,7607,647.8664,655.3254,0.0,-4.350450038909912,-3.1085792
exp3_fixed_2,7608,554.9497,563.56335,0.0,-1.1930304765701294,-7.420575
exp3_fixed_2,7609,597.34125,598.4592,0.0,-0.6210188269615173,-0.49694318
exp3_fixed_2,7610,618.50543,621.3591,0.0,-0.8855209350585938,-1.9681051
exp3_fixed_2,7611,607.9536,611.0172,0.0,-0.7163176536560059,-2.3473034
exp3_fixed_2,7612,667.58014,668.8928,0.0,-0.4690532386302948,-0.84360445
exp3_fixed_2,7613,594.04083,596.0141,0.0,-0.8689541816711426,-1.1043445
exp3_fixed_2,7614,539.872,549.6739,0.0,-0.6714971661567688,-9.130417
exp3_fixed_2,7615,659.6482,661.82666,0.0,-0.7085817456245422,-1.4699516
exp3_fixed_2,7616,571.4343,576.7495,0.0,-0.7991411685943604,-4.5159807
exp3_fixed_2,7617,565.22925,567.3949,0.0,-0.6619446873664856,-1.5036651
exp3_fixed_2,7618,681.3135,683.15015,0.0,-0.4151167869567871,-1.4215431
exp3_fixed_2,7619,545.47156,552.87646,0.0,-1.0383896827697754,-6.366543
exp3_fixed_2,7621,633.4802,638.6813,0.0,-1.4310531616210938,-3.7699635
exp3_fixed_2,7622,592.5822,595.56464,0.0,-1.207269310951233,-1.7751393
exp3_fixed_2,7623,517.6945,527.80347,0.0,-2.6816718578338623,-7.427252
exp3_fixed_2,7624,558.29083,560.94745,0.0,-0.9503278732299805,-1.706276
exp3_fixed_2,7625,575.72253,576.89325,0.0,-0.23708835244178772,-0.9336326
exp3_fixed_2,7626,674.5445,680.718,0.0,-0.845784068107605,-5.327772
exp3_fixed_2,7627,556.8624,561.18445,0.0,-0.9361210465431213,-3.3858778
exp3_fixed_2,7628,589.1599,619.4697,0.0,-0.40278172492980957,-29.907104
exp3_fixed_2,7629,549.4811,554.79205,0.0,-0.7518738508224487,-4.559075
exp3_fixed_2,7630,574.3495,587.02423,0.0,-1.143867015838623,-11.5308895
exp3_fixed_2,7631,497.19113,507.70462,0.0,-0.993922770023346,-9.519563
exp3_fixed_2,7632,502.72437,508.87415,0.0,-0.9541570544242859,-5.1956596
exp3_fixed_2,7633,581.8395,584.69855,0.0,-0.3973907232284546,-2.4616172
exp3_fixed_2,7634,525.15906,527.85925,0.0,-0.7406269907951355,-1.9596142
exp3_fixed_2,7635,626.6059,631.99493,0.0,-0.307637482881546,-5.0814238
exp3_fixed_2,7636,591.76276,593.1341,0.0,-0.4170270264148712,-0.9543301
exp3_fixed_2,7637,635.799,640.58527,0.0,-2.4855079650878906,-2.300737
exp3_fixed_2,7638,548.9912,553.3149,0.0,-0.9965122938156128,-3.3271754
exp3_fixed_2,7639,514.4279,530.3174,0.0,-0.9708397388458252,-14.918593
exp3_fixed_2,7641,545.75586,549.3553,0.0,-0.5433151125907898,-3.0561113
exp3_fixed_2,7642,603.9435,607.3932,0.0,-0.8687401413917542,-2.5809639
exp3_fixed_2,7643,574.67224,584.39386,0.0,-1.1600172519683838,-8.561543
exp3_fixed_2,7644,648.04254,652.4667,0.0,-1.8688806295394897,-2.555255
exp3_fixed_2,7645,526.1845,534.9346,0.0,-0.4768120050430298,-8.273229
exp3_fixed_2,7646,603.7322,606.41675,0.0,-0.23800814151763916,-2.446551
exp3_fixed_2,7647,506.254,516.3783,0.0,-0.7992585897445679,-9.325009
exp3_fixed_2,7648,469.0053,480.92096,0.0,-1.3250770568847656,-10.590554
exp3_fixed_2,7649,580.8646,583.8077,0.0,-1.1457997560501099,-1.7973155
exp3_fixed_2,7650,541.79297,547.4315,0.0,-2.5065693855285645,-3.1320162
exp3_fixed_2,7651,590.6676,593.2849,0.0,-0.6415036916732788,-1.9757835
exp3_fixed_2,7652,558.5294,565.77997,0.0,-0.3709448277950287,-6.879571
exp3_fixed_2,7653,596.19965,598.8588,0.0,-0.3306814730167389,-2.3284736
exp3_fixed_2,7654,597.2936,598.5591,0.0,-0.31158775091171265,-0.9539118
exp3_fixed_2,7655,584.362,591.3609,0.0,-1.2151614427566528,-5.7837715
exp3_fixed_2,7656,621.3162,624.30383,0.0,-0.5670137405395508,-2.4205663
exp3_fixed_2,7657,548.5388,555.0973,0.0,-2.3384366035461426,-4.219994
exp3_fixed_2,7658,649.21484,651.6313,0.0,-1.0109281539916992,-1.4054809
exp3_fixed_2,7659,527.629,535.853,0.0,-0.751979410648346,-7.472017
exp3_fixed_2,7661,-82.4107,-25.046396,0.0,-45.658634185791016,-11.705609
exp3_fixed_2,7662,647.8016,651.4734,0.0,-0.7369449734687805,-2.934916
exp3_fixed_2,7663,517.1006,528.3578,0.0,-1.2879843711853027,-9.969192
exp3_fixed_2,7664,537.5831,548.64886,0.0,-1.4212377071380615,-9.64446
exp3_fixed_2,7665,578.6736,581.69324,0.0,-0.42710480093955994,-2.5925689
exp3_fixed_2,7666,533.67224,542.58575,0.0,-2.2231388092041016,-6.69036
exp3_fixed_2,7667,641.8005,643.6505,0.0,-0.4919024705886841,-1.3581555
exp3_fixed_2,7668,648.8873,651.6301,0.0,-0.7350678443908691,-2.0077693
exp3_fixed_2,7669,561.751,566.30383,0.0,-1.0144355297088623,-3.5384767
exp3_fixed_2,7670,558.92096,562.05365,0.0,-0.7035928964614868,-2.4291167
exp3_fixed_2,7671,589.6211,591.1856,0.0,-0.43556302785873413,-1.1289737
exp3_fixed_2,7672,540.36993,545.24805,0.0,-0.9941791296005249,-3.8839202
exp3_fixed_2,7673,627.5473,630.6938,0.0,-0.3787289261817932,-2.767837
exp3_fixed_2,7674,557.42487,561.3059,0.0,-1.0358703136444092,-2.8451853
exp3_fixed_2,7675,606.0549,608.5504,0.0,-0.23417878150939941,-2.2614377
exp3_fixed_2,7676,639.77466,642.4134,0.0,-1.062737226486206,-1.5759937
exp3_fixed_2,7677,628.4001,630.6056,0.0,-0.4722718596458435,-1.7332394
exp3_fixed_2,7678,505.11243,515.26746,0.0,-0.6833323836326599,-9.471699
exp3_fixed_2,7679,668.54956,672.6423,0.0,-1.0587931871414185,-3.0339627
exp3_fixed_2,7681,625.4043,629.37744,0.0,-0.7299692630767822,-3.2431724
exp3_fixed_2,7682,536.3391,540.0036,0.0,-0.4667165279388428,-3.197754
exp3_fixed_2,7683,575.2205,592.5326,0.0,-0.7298972606658936,-16.582172
exp3_fixed_2,7684,581.8935,585.0585,0.0,-0.7883967161178589,-2.3765645
exp3_fixed_2,7685,644.37976,648.01135,0.0,-1.1856921911239624,-2.4459012
exp3_fixed_2,7686,674.9278,677.1687,0.0,-0.32272782921791077,-1.9181813
exp3_fixed_2,7687,609.0712,613.59094,0.0,-0.7508128881454468,-3.768885
exp3_fixed_2,7688,638.48975,640.4535,0.0,-0.6826125979423523,-1.2812085
exp3_fixed_2,7689,529.71533,539.1741,0.0,-0.7359776496887207,-8.7227
exp3_fixed_2,7690,554.50684,563.01636,0.0,-0.7457842826843262,-7.763732
exp3_fixed_2,7691,558.16205,561.0489,0.0,-0.6854256391525269,-2.201414
exp3_fixed_2,7692,608.9367,611.0065,0.0,-0.8881651759147644,-1.1815785
exp3_fixed_2,7693,572.6566,581.8387,0.0,-1.5345370769500732,-7.6475544
exp3_fixed_2,7694,559.94586,561.40204,0.0,-0.10278753936290741,-1.3533868
exp3_fixed_2,7695,470.80316,477.00726,0.0,-2.261337995529175,-3.9427485
exp3_fixed_2,7696,553.1074,557.6054,0.0,-0.21229973435401917,-4.285713
exp3_fixed_2,7697,609.236,619.3528,0.0,-0.4748988151550293,-9.641805
exp3_fixed_2,7698,609.5062,611.2829,0.0,-0.5475897192955017,-1.2291049
exp3_fixed_2,7699,589.3491,591.6953,0.0,-0.8051154613494873,-1.5410526
exp3_fixed_2,7701,540.03723,548.24365,0.0,-0.5897743701934814,-7.616722
exp3_fixed_2,7702,577.03455,579.3152,0.0,-0.46668994426727295,-1.8139454
exp3_fixed_2,7703,659.8401,662.80383,0.0,-0.5910717248916626,-2.3726387
exp3_fixed_2,7704,537.69763,552.0037,0.0,-1.7268216609954834,-12.579261
exp3_fixed_2,7705,648.9712,651.4959,0.0,-0.3281751275062561,-2.1965594
exp3_fixed_2,7706,-83.5397,135.77605,-200.0,-17.140270233154297,-2.1754377
exp3_fixed_2,7707,647.1682,652.403,0.0,-1.1755752563476562,-4.0592427
exp3_fixed_2,7708,623.0551,625.8219,0.0,-0.7712031006813049,-1.9955792
exp3_fixed_2,7709,618.3013,620.06165,0.0,-0.1568121761083603,-1.6035138
exp3_fixed_2,7710,371.39896,400.37564,0.0,-4.0294413566589355,-24.947184
exp3_fixed_2,7711,540.51306,547.5283,0.0,-0.712926983833313,-6.302266
exp3_fixed_2,7712,650.9288,653.6276,0.0,-0.9121690392494202,-1.7867079
exp3_fixed_2,7713,615.7078,617.98535,0.0,-0.26801833510398865,-2.0094488
exp3_fixed_2,7714,637.0951,639.31305,0.0,-0.7559966444969177,-1.4619662
exp3_fixed_2,7715,634.82007,638.44275,0.0,-0.4456474184989929,-3.177029
exp3_fixed_2,7716,584.7632,587.7828,0.0,-0.5861126184463501,-2.433512
exp3_fixed_2,7717,601.6078,610.4814,0.0,-0.6758884787559509,-8.197742
exp3_fixed_2,7718,-136.3363,91.815155,-200.0,-25.4160213470459,-2.7354286
exp3_fixed_2,7719,630.48364,633.8003,0.0,-0.7241535186767578,-2.592461
exp3_fixed_2,7721,559.1705,562.8933,0.0,-0.417918860912323,-3.3049228
exp3_fixed_2,7722,586.353,591.1029,0.0,-2.5185375213623047,-2.2313006
exp3_fixed_2,7723,604.9867,609.4409,0.0,-1.450437068939209,-3.0037706
exp3_fixed_2,7724,471.92932,482.54047,0.0,-1.1654326915740967,-9.44572
exp3_fixed_2,7725,500.66803,504.55188,0.0,-2.818894624710083,-1.0649238
exp3_fixed_2,7726,620.967,627.415,0.0,-0.7214463353157043,-5.7265615
exp3_fixed_2,7727,550.71326,554.78955,0.0,-0.8494964838027954,-3.226833
exp3_fixed_2,7728,615.68164,620.2472,0.0,-0.6145535707473755,-3.9509985
exp3_fixed_2,7729,643.34503,649.02924,0.0,-0.3422682285308838,-5.341938
exp3_fixed_2,7730,561.796,569.39374,0.0,-1.0626728534698486,-6.535084
exp3_fixed_2,7731,549.2596,550.8437,0.0,-0.6932035088539124,-0.890898
exp3_fixed_2,7732,561.1497,573.15643,0.0,-1.4198217391967773,-10.586884
exp3_fixed_2,7733,330.72467,369.55078,0.0,-24.936738967895508,-13.889366
exp3_fixed_2,7734,670.8325,673.7267,0.0,-1.7057886123657227,-1.1883739
exp3_fixed_2,7735,538.40894,541.14417,0.0,-0.8269042372703552,-1.908298
exp3_fixed_2,7736,596.97217,604.51227,0.0,-0.5855665802955627,-6.9545107
exp3_fixed_2,7737,570.1705,578.73267,0.0,-0.4705235958099365,-8.091637
exp3_fixed_2,7738,605.3368,616.0664,0.0,-0.49592089653015137,-10.233706
exp3_fixed_2,7739,580.4544,584.14136,0.0,-1.5377171039581299,-2.149223
exp3_fixed_2,7741,604.12994,608.9485,0.0,-1.077926516532898,-3.7406287
exp3_fixed_2,7742,649.959,651.6184,0.0,-0.31854262948036194,-1.3409069
exp3_fixed_2,7743,605.4348,608.0132,0.0,-0.9887146353721619,-1.5897168
exp3_fixed_2,7744,581.28156,584.1513,0.0,-1.0548628568649292,-1.814902
exp3_fixed_2,7745,557.99304,562.04614,0.0,-1.5307165384292603,-2.5223742
exp3_fixed_2,7746,575.667,578.91064,0.0,-0.41113531589508057,-2.8325078
exp3_fixed_2,7747,519.70154,528.87103,0.0,-0.6294636130332947,-8.5400305
exp3_fixed_2,7748,621.88525,626.3385,0.0,-0.9699185490608215,-3.4832737
exp3_fixed_2,7749,571.112,574.8871,0.0,-0.5250848531723022,-3.2500222
exp3_fixed_2,7750,496.6359,504.66556,0.0,-0.3332902789115906,-7.6963778
exp3_fixed_2,7751,539.3295,542.27673,0.0,-0.6786581873893738,-2.268588
exp3_fixed_2,7752,549.9779,556.69226,0.0,-3.113147020339966,-3.601205
exp3_fixed_2,7753,513.32135,521.769,0.0,-0.7454846501350403,-7.70212
exp3_fixed_2,7754,599.41815,604.7874,0.0,-1.2861708402633667,-4.083115
exp3_fixed_2,7755,637.02136,642.64636,0.0,-0.5178231596946716,-5.107166
exp3_fixed_2,7756,594.6055,601.2746,0.0,-1.4510360956192017,-5.2181005
exp3_fixed_2,7757,620.242,626.53107,0.0,-0.6709172129631042,-5.618109
exp3_fixed_2,7758,577.68463,580.9663,0.0,-0.8033246994018555,-2.4783142
exp3_fixed_2,7759,542.578,553.00757,0.0,-1.3799350261688232,-9.0496
exp3_fixed_2,7761,607.67377,610.37726,0.0,-0.19277700781822205,-2.5107174
exp3_fixed_2,7762,508.67175,515.9345,0.0,-1.2412281036376953,-6.0215473
exp3_fixed_2,7763,595.06854,596.2632,0.0,-0.6690384745597839,-0.52559644
exp3_fixed_2,7764,612.6851,617.94434,0.0,-1.3158552646636963,-3.9433663
exp3_fixed_2,7765,620.4559,625.42834,0.0,-0.3206447660923004,-4.6517797
exp3_fixed_2,7766,541.3207,546.4267,0.0,-0.5863813757896423,-4.5196066
exp3_fixed_2,7767,558.5414,562.34045,0.0,-0.8194053769111633,-2.9796968
exp3_fixed_2,7768,519.7592,525.75433,0.0,-0.5377354621887207,-5.457406
exp3_fixed_2,7769,575.3661,581.71326,0.0,-0.6410292387008667,-5.7061152
exp3_fixed_2,7770,621.1423,624.06,0.0,-0.7493853569030762,-2.1683002
exp3_fixed_2,7771,535.16394,541.037,0.0,-2.0452404022216797,-3.8278742
exp3_fixed_2,7772,587.8078,589.4334,0.0,-0.4128243625164032,-1.2128122
exp3_fixed_2,7773,515.4484,522.8473,0.0,-1.9525725841522217,-5.446266
exp3_fixed_2,7774,594.7175,596.2411,0.0,-0.5948057770729065,-0.92876303
exp3_fixed_2,7775,523.2905,528.1689,0.0,-0.4682879149913788,-4.410024
exp3_fixed_2,7776,502.1199,505.96808,0.0,-1.130028486251831,-2.7181523
exp3_fixed_2,7777,588.92413,594.9764,0.0,-0.6137712001800537,-5.4384394
exp3_fixed_2,7778,619.12256,622.71,0.0,-0.6030531525611877,-2.9844522
exp3_fixed_2,7779,575.01587,581.7488,0.0,-0.5891872644424438,-6.143759
exp3_fixed_2,7781,516.0593,523.96967,0.0,-0.5457038283348083,-7.3646355
exp3_fixed_2,7782,527.1204,534.79956,0.0,-0.4865649938583374,-7.1925497
exp3_fixed_2,7783,546.99207,557.24915,0.0,-1.0393861532211304,-9.217699
exp3_fixed_2,7784,514.7944,525.677,0.0,-1.3937455415725708,-9.488859
exp3_fixed_2,7785,585.9121,589.6889,0.0,-1.3736109733581543,-2.4031787
exp3_fixed_2,7786,540.28723,543.65063,0.0,-1.1226928234100342,-2.240706
exp3_fixed_2,7787,589.60126,592.96594,0.0,-0.37132516503334045,-2.9933312
exp3_fixed_2,7788,647.8178,659.33527,0.0,-0.640398383140564,-10.877033
exp3_fixed_2,7789,627.15186,631.287,0.0,-0.7051315307617188,-3.4300468
exp3_fixed_2,7790,601.45123,605.0477,0.0,-0.8108212351799011,-2.785625
exp3_fixed_2,7791,581.0669,584.5114,0.0,-1.2512179613113403,-2.1933281
exp3_fixed_2,7792,577.47504,581.8632,0.0,-1.5663806200027466,-2.8217957
exp3_fixed_2,7793,510.38263,532.95685,0.0,-0.8149288892745972,-21.759277
exp3_fixed_2,7794,599.69763,606.69824,0.0,-0.5105432271957397,-6.4900694
exp3_fixed_2,7795,543.8627,551.2239,0.0,-1.1661475896835327,-6.1949897
exp3_fixed_2,7796,642.7667,645.97314,0.0,-0.5480286478996277,-2.6584263
exp3_fixed_2,7797,616.4102,619.98773,0.0,-2.0019965171813965,-1.5755075
exp3_fixed_2,7798,656.8629,663.71216,0.0,-0.9114184379577637,-5.937792
exp3_fixed_2,7799,-339.79916,33.18596,-200.0,-167.44737243652344,-5.5377917
exp3_fixed_2,7801,639.54333,641.65845,0.0,-0.5407829284667969,-1.5743175
exp3_fixed_2,7802,602.593,606.3313,0.0,-1.0625178813934326,-2.6757646
exp3_fixed_2,7803,623.8972,626.1404,0.0,-0.42182835936546326,-1.8213031
exp3_fixed_2,7804,537.5003,541.82306,0.0,-0.6944459080696106,-3.6282706
exp3_fixed_2,7805,582.46954,585.3934,0.0,-1.4044331312179565,-1.5193955
exp3_fixed_2,7806,637.33844,640.96796,0.0,-1.2695229053497314,-2.360015
exp3_fixed_2,7807,633.1846,636.63275,0.0,-0.6434148550033569,-2.804779
exp3_fixed_2,7808,599.3548,604.011,0.0,-0.2942756712436676,-4.3619366
exp3_fixed_2,7809,535.17395,545.532,0.0,-1.0459542274475098,-9.312106
exp3_fixed_2,7810,595.37933,597.0383,0.0,-0.33309441804885864,-1.3258998
exp3_fixed_2,7811,597.70013,605.54474,0.0,-1.35433030128479,-6.4902215
exp3_fixed_2,7812,460.42593,463.29343,0.0,-0.3187902569770813,-2.5487077
exp3_fixed_2,7813,573.98267,579.28796,0.0,-1.5539418458938599,-3.7513163
exp3_fixed_2,7814,425.93375,446.18677,0.0,-5.962527751922607,-14.290491
exp3_fixed_2,7815,526.35614,542.7334,0.0,-0.5318983197212219,-15.845422
exp3_fixed_2,7816,640.6662,644.47205,0.0,-1.0381863117218018,-2.76767
exp3_fixed_2,7817,635.0834,638.3198,0.0,-0.46995437145233154,-2.7664828
exp3_fixed_2,7818,547.10205,555.6573,0.0,-1.1991827487945557,-7.3560567
exp3_fixed_2,7819,532.68066,536.9045,0.0,-0.5193549990653992,-3.7044952
exp3_fixed_2,7821,598.02466,602.47974,0.0,-0.43690964579582214,-4.018162
exp3_fixed_2,7822,522.3424,526.1617,0.0,-0.6953393220901489,-3.1239011
exp3_fixed_2,7823,563.34186,575.00854,0.0,-1.623390793800354,-10.043327
exp3_fixed_2,7824,635.84924,639.0563,0.0,-0.9752323031425476,-2.231845
exp3_fixed_2,7825,524.3665,533.7977,0.0,-0.6182134747505188,-8.812952
exp3_fixed_2,7826,597.5016,605.043,0.0,-1.1219130754470825,-6.41952
exp3_fixed_2,7827,585.4012,598.42896,0.0,-1.529763102531433,-11.498015
exp3_fixed_2,7828,577.23865,589.65936,0.0,-1.116021752357483,-11.304747
exp3_fixed_2,7829,546.7843,550.79675,0.0,-0.81821209192276,-3.194209
exp3_fixed_2,7830,567.68097,574.2305,0.0,-1.0019067525863647,-5.5476637
exp3_fixed_2,7831,597.9691,601.06006,0.0,-0.6540631651878357,-2.436859
exp3_fixed_2,7832,577.07715,578.1788,0.0,-0.31492114067077637,-0.7867433
exp3_fixed_2,7833,602.3251,606.4187,0.0,-2.941210985183716,-1.1523535
exp3_fixed_2,7834,569.06,572.1419,0.0,-2.090388059616089,-0.9915442
exp3_fixed_2,7835,520.13745,529.8698,0.0,-0.8975158929824829,-8.834843
exp3_fixed_2,7836,627.68164,630.6106,0.0,-0.6598894596099854,-2.2690923
exp3_fixed_2,7837,469.8374,475.85016,0.0,-1.3879988193511963,-4.6247525
exp3_fixed_2,7838,609.86426,614.2345,0.0,-2.4191982746124268,-1.9509554
exp3_fixed_2,7839,629.46985,631.9862,0.0,-0.4905145466327667,-2.0259104
exp3_fixed_2,7841,593.5646,598.11017,0.0,-1.3658299446105957,-3.1797397
exp3_fixed_2,7842,620.8461,622.69507,0.0,-0.49570322036743164,-1.3532063
exp3_fixed_2,7843,589.33984,595.7064,0.0,-0.3453577160835266,-6.0212264
exp3_fixed_2,7844,572.9186,577.18616,0.0,-1.0980116128921509,-3.1695676
exp3_fixed_2,7845,617.3921,621.0266,0.0,-1.375871181488037,-2.2586348
exp3_fixed_2,7846,597.138,601.89734,0.0,-1.8569035530090332,-2.9024503
exp3_fixed_2,7847,574.99805,582.14795,0.0,-0.7759355306625366,-6.373967
exp3_fixed_2,7848,564.4939,568.4221,0.0,-1.0164756774902344,-2.9117656
exp3_fixed_2,7849,564.64,577.54675,0.0,-2.4405159950256348,-10.466205
exp3_fixed_2,7850,669.9531,673.7274,0.0,-1.2913901805877686,-2.4829094
exp3_fixed_2,7851,593.9844,601.4059,0.0,-0.9858059287071228,-6.435709
exp3_fixed_2,7852,540.67444,547.1679,0.0,-3.589573621749878,-2.9039347
exp3_fixed_2,7853,630.97687,635.1562,0.0,-0.8886643648147583,-3.2906642
exp3_fixed_2,7854,605.8774,612.20435,0.0,-1.3748441934585571,-4.9520564
exp3_fixed_2,7855,618.6912,620.36206,0.0,-0.9357153177261353,-0.73516285
exp3_fixed_2,7856,631.9077,635.4271,0.0,-0.9457337260246277,-2.5736618
exp3_fixed_2,7857,545.69543,554.21844,0.0,-1.4833542108535767,-7.0396705
exp3_fixed_2,7858,554.1356,559.91394,0.0,-2.278280735015869,-3.5000436
exp3_fixed_2,7859,614.98,617.9341,0.0,-0.25468969345092773,-2.6993468
exp3_fixed_2,7861,635.68646,638.36816,0.0,-0.8343620896339417,-1.8473068
exp3_fixed_2,7862,608.2229,611.50336,0.0,-0.6822223663330078,-2.598246
exp3_fixed_2,7863,591.00903,596.2931,0.0,-1.9582760334014893,-3.3257756
exp3_fixed_2,7864,577.90454,582.4282,0.0,-2.5977163314819336,-1.9259641
exp3_fixed_2,7865,526.68286,530.0181,0.0,-0.8627903461456299,-2.472478
exp3_fixed_2,7866,596.28186,608.2618,0.0,-1.1557797193527222,-10.824182
exp3_fixed_2,7867,597.98413,602.1603,0.0,-2.9136857986450195,-1.2624446
exp3_fixed_2,7868,602.5808,605.3203,0.0,-0.7026252746582031,-2.0369306
exp3_fixed_2,7869,538.17126,541.254,0.0,-0.4745683968067169,-2.608236
exp3_fixed_2,7870,582.4315,588.4733,0.0,-0.39662426710128784,-5.6452107
exp3_fixed_2,7871,552.3697,553.4425,0.0,-0.30951690673828125,-0.7632846
exp3_fixed_2,7872,621.5221,625.1158,0.0,-0.894210934638977,-2.6994863
exp3_fixed_2,7873,602.85095,605.79224,0.0,-1.0461057424545288,-1.8952733
exp3_fixed_2,7874,1.5235596,212.7734,-200.0,-9.963159561157227,-1.2867184
exp3_fixed_2,7875,-113.26013,-76.93957,0.0,-23.917217254638672,-12.403323
exp3_fixed_2,7876,595.1532,600.6742,0.0,-0.6027687191963196,-4.918219
exp3_fixed_2,7877,621.05383,622.7938,0.0,-0.6362835764884949,-1.1036879
exp3_fixed_2,7878,567.9375,571.7455,0.0,-0.9746407270431519,-2.833329
exp3_fixed_2,7879,602.291,606.71265,0.0,-0.8698153495788574,-3.5517657
exp3_fixed_2,7881,589.40735,590.99896,0.0,-0.5423093438148499,-1.0492227
exp3_fixed_2,7882,604.7245,617.3272,0.0,-1.3518638610839844,-11.250868
exp3_fixed_2,7883,515.7399,520.15247,0.0,-0.6968521475791931,-3.7156916
exp3_fixed_2,7884,617.6269,620.22656,0.0,-0.6409755349159241,-1.9587252
exp3_fixed_2,7885,622.56464,625.30316,0.0,-0.6740221381187439,-2.064526
exp3_fixed_2,7886,643.10376,647.1035,0.0,-0.8483739495277405,-3.1514063
exp3_fixed_2,7887,610.7086,616.2329,0.0,-1.7729368209838867,-3.7514179
exp3_fixed_2,7888,551.7004,559.93286,0.0,-3.182188034057617,-5.0502796
exp3_fixed_2,7889,567.8499,570.3346,0.0,-0.5696172118186951,-1.915122
exp3_fixed_2,7890,633.7851,636.0521,0.0,-0.5150470733642578,-1.7519433
exp3_fixed_2,7891,543.86975,545.8052,0.0,-0.620063304901123,-1.3153614
exp3_fixed_2,7892,576.8556,579.14594,0.0,-1.1466516256332397,-1.1436802
exp3_fixed_2,7893,553.30927,562.151,0.0,-1.753952980041504,-7.0877533
exp3_fixed_2,7894,507.3827,517.91516,0.0,-2.5227696895599365,-8.00966
exp3_fixed_2,7895,537.082,541.6657,0.0,-1.4655557870864868,-3.118195
exp3_fixed_2,7896,581.8868,600.46295,0.0,-1.7544726133346558,-16.821632
exp3_fixed_2,7897,558.6259,565.9561,0.0,-0.5338260531425476,-6.7963343
exp3_fixed_2,7898,613.78186,618.5061,0.0,-1.6215711832046509,-3.1026733
exp3_fixed_2,7899,566.04456,570.1047,0.0,-1.234384298324585,-2.825785
exp3_fixed_2,7901,583.5886,584.8307,0.0,-0.19385026395320892,-1.0481858
exp3_fixed_2,7902,569.853,576.34955,0.0,-3.0964879989624023,-3.4000437
exp3_fixed_2,7903,433.38666,449.46097,0.0,-1.9914668798446655,-14.082823
exp3_fixed_2,7904,573.42737,582.2208,0.0,-2.486150026321411,-6.3073993
exp3_fixed_2,7905,532.65454,544.2953,0.0,-2.7986299991607666,-8.8420725
exp3_fixed_2,7906,531.0066,548.8585,0.0,-1.1472439765930176,-16.704681
exp3_fixed_2,7907,568.6152,572.6918,0.0,-1.1700940132141113,-2.9064515
exp3_fixed_2,7908,610.9303,617.7129,0.0,-0.5256692171096802,-6.256854
exp3_fixed_2,7909,544.9414,553.5691,0.0,-0.26364654302597046,-8.364024
exp3_fixed_2,7910,615.1084,617.5205,0.0,-0.3019322156906128,-2.110233
exp3_fixed_2,7911,622.0529,625.80176,0.0,-1.176659345626831,-2.572148
exp3_fixed_2,7912,583.55054,593.42365,0.0,-0.5625773072242737,-9.3104925
exp3_fixed_2,7913,523.5848,530.7466,0.0,-0.5542919039726257,-6.607527
exp3_fixed_2,7914,575.11536,578.9386,0.0,-0.8701397180557251,-2.9530587
exp3_fixed_2,7915,580.52277,586.2469,0.0,-1.584674596786499,-4.139417
exp3_fixed_2,7916,592.10205,595.4108,0.0,-0.6317339539527893,-2.6770124
exp3_fixed_2,7917,525.2999,533.8726,0.0,-0.7823803424835205,-7.7903595
exp3_fixed_2,7918,618.15576,621.67096,0.0,-0.8738194704055786,-2.6414132
exp3_fixed_2,7919,537.5154,544.6385,0.0,-1.1309659481048584,-5.9921365
exp3_fixed_2,7921,531.135,535.92114,0.0,-1.023470401763916,-3.7626736
exp3_fixed_2,7922,645.3084,651.6574,0.0,-1.0545371770858765,-5.2944136
exp3_fixed_2,7923,635.80884,638.6566,0.0,-0.5225992202758789,-2.3251667
exp3_fixed_2,7924,487.21252,496.30847,0.0,-0.9879149198532104,-8.108057
exp3_fixed_2,7925,561.63983,566.6443,0.0,-0.5766811370849609,-4.4277067
exp3_fixed_2,7926,628.30444,630.6711,0.0,-0.6976944208145142,-1.6689345
exp3_fixed_2,7927,533.211,543.4064,0.0,-1.7569453716278076,-8.4384365
exp3_fixed_2,7928,553.0582,564.2313,0.0,-1.1702326536178589,-10.002931
exp3_fixed_2,7929,625.2584,627.3265,0.0,-0.5211537480354309,-1.5469147
exp3_fixed_2,7930,641.4496,645.25806,0.0,-1.2687158584594727,-2.5397477
exp3_fixed_2,7931,549.35205,551.68304,0.0,-0.6547204256057739,-1.6762803
exp3_fixed_2,7932,598.75775,601.5356,0.0,-0.4553070068359375,-2.3225453
exp3_fixed_2,7933,584.2802,587.64874,0.0,-0.7768987417221069,-2.591647
exp3_fixed_2,7934,591.4767,603.59827,0.0,-1.3248237371444702,-10.79678
exp3_fixed_2,7935,578.86914,582.1809,0.0,-1.1199871301651,-2.1917663
exp3_fixed_2,7936,558.39636,576.21423,0.0,-0.7114355564117432,-17.106432
exp3_fixed_2,7937,539.5232,547.62317,0.0,-0.678519070148468,-7.4215107
exp3_fixed_2,7938,613.11646,618.5209,0.0,-1.2360100746154785,-4.168441
exp3_fixed_2,7939,559.7873,569.9932,0.0,-1.004597544670105,-9.20131
exp3_fixed_2,7941,640.7518,643.5045,0.0,-0.6091979742050171,-2.1435585
exp3_fixed_2,7942,558.63635,562.0382,0.0,-1.268122911453247,-2.1336493
exp3_fixed_2,7943,376.46188,409.6731,0.0,-15.790432929992676,-17.420757
exp3_fixed_2,7944,496.27264,504.24445,0.0,-0.5175875425338745,-7.4541802
exp3_fixed_2,7945,578.9263,593.1481,0.0,-3.501723051071167,-10.720019
exp3_fixed_2,7946,565.8651,567.9302,0.0,-0.46865928173065186,-1.596405
exp3_fixed_2,7947,560.11304,572.2792,0.0,-0.9285284280776978,-11.2376
exp3_fixed_2,7948,532.1151,534.16785,0.0,-0.18261338770389557,-1.8701596
exp3_fixed_2,7949,590.1529,594.0008,0.0,-1.5485049486160278,-2.2993524
exp3_fixed_2,7950,623.61584,631.39526,0.0,-1.4884448051452637,-6.2910285
exp3_fixed_2,7951,579.7068,582.05493,0.0,-1.0006431341171265,-1.3475845
exp3_fixed_2,7952,603.36365,614.1612,0.0,-1.6068476438522339,-9.190679
exp3_fixed_2,7953,533.97925,537.32983,0.0,-0.9664896130561829,-2.384061
exp3_fixed_2,7954,542.5107,548.9917,0.0,-1.109734058380127,-5.3713393
exp3_fixed_2,7955,646.92535,649.3154,0.0,-0.8949101567268372,-1.4951736
exp3_fixed_2,7956,527.33813,531.19586,0.0,-0.5227169990539551,-3.334969
exp3_fixed_2,7957,575.79565,579.8013,0.0,-0.5781732201576233,-3.427487
exp3_fixed_2,7958,598.26746,600.02246,0.0,-0.6283831596374512,-1.1265788
exp3_fixed_2,7959,571.20245,581.2369,0.0,-0.924466609954834,-9.10993
exp3_fixed_2,7961,582.2132,586.5079,0.0,-1.0113664865493774,-3.2832558
exp3_fixed_2,7962,536.3687,551.30334,0.0,-2.498718738555908,-12.435867
exp3_fixed_2,7963,594.6178,596.75604,0.0,-0.3499685525894165,-1.7882549
exp3_fixed_2,7964,572.4139,576.5337,0.0,-1.426806926727295,-2.6929765
exp3_fixed_2,7965,561.7776,571.1692,0.0,-0.7223845720291138,-8.669162
exp3_fixed_2,7966,587.71204,589.6408,0.0,-0.570186197757721,-1.3585773
exp3_fixed_2,7967,605.23816,608.5833,0.0,-0.47937068343162537,-2.8657537
exp3_fixed_2,7968,614.0714,622.83264,0.0,-0.6435047388076782,-8.117689
exp3_fixed_2,7969,612.26416,615.4181,0.0,-1.7362620830535889,-1.4176428
exp3_fixed_2,7970,487.11343,498.8841,0.0,-1.7556989192962646,-10.014965
exp3_fixed_2,7971,633.67395,639.3674,0.0,-0.44490182399749756,-5.2484593
exp3_fixed_2,7972,529.3109,534.6556,0.0,-0.7682510018348694,-4.5763636
exp3_fixed_2,7973,586.7435,589.1061,0.0,-0.44454050064086914,-1.9180248
exp3_fixed_2,7974,579.6798,582.5083,0.0,-1.5502818822860718,-1.2782067
exp3_fixed_2,7975,550.90894,557.05554,0.0,-0.3761126697063446,-5.770548
exp3_fixed_2,7976,610.78485,615.51044,0.0,-1.4776071310043335,-3.2479372
exp3_fixed_2,7977,672.84094,675.90564,0.0,-0.6233453154563904,-2.4413664
exp3_fixed_2,7978,549.18536,552.5477,0.0,-0.8693721294403076,-2.492998
exp3_fixed_2,7979,570.2262,571.9324,0.0,-0.4473532438278198,-1.2588633
exp3_fixed_2,7981,562.6864,572.5499,0.0,-2.847330331802368,-7.0163116
exp3_fixed_2,7982,480.50378,490.83398,0.0,-3.290822744369507,-7.039331
exp3_fixed_2,7983,567.47705,572.47046,0.0,-1.9858723878860474,-3.0075502
exp3_fixed_2,7984,584.2484,590.72095,0.0,-1.0228407382965088,-5.449641
exp3_fixed_2,7985,589.6125,591.865,0.0,-0.2815057039260864,-1.97097
exp3_fixed_2,7986,451.7653,466.7132,0.0,-2.1487491130828857,-12.799208
exp3_fixed_2,7987,581.93665,585.54663,0.0,-0.6983758211135864,-2.9116719
exp3_fixed_2,7988,594.8237,600.497,0.0,-0.9643088579177856,-4.708933
exp3_fixed_2,7989,412.7266,435.2263,0.0,-7.28070068359375,-15.218994
exp3_fixed_2,7990,608.7362,610.5462,0.0,-0.7818862199783325,-1.0281409
exp3_fixed_2,7991,542.5973,550.01636,0.0,-0.4315193295478821,-6.987544
exp3_fixed_2,7992,578.83405,586.96936,0.0,-1.5940992832183838,-6.54123
exp3_fixed_2,7993,492.9588,497.2738,0.0,-0.7437405586242676,-3.5712643
exp3_fixed_2,7994,449.52466,467.7371,0.0,-7.573695659637451,-10.638761
exp3_fixed_2,7995,-95.70812,-53.039448,0.0,-16.024755477905273,-26.643898
exp3_fixed_2,7996,521.7497,532.0138,0.0,-1.479733943939209,-8.784369
exp3_fixed_2,7997,566.856,586.41925,0.0,-1.9026378393173218,-17.660662
exp3_fixed_2,7998,611.41846,613.44556,0.0,-0.37571799755096436,-1.6514261
exp3_fixed_2,7999,580.1429,587.02576,0.0,-0.4826790690422058,-6.400239
exp3_fixed_2,8001,626.8286,628.70447,0.0,-0.5547853112220764,-1.3209962
exp3_fixed_2,8002,565.2428,576.1383,0.0,-0.518058180809021,-10.377377
exp3_fixed_2,8003,520.9117,529.17224,0.0,-1.598044753074646,-6.6624722
exp3_fixed_2,8004,608.8324,616.82745,0.0,-0.5140954852104187,-7.480914
exp3_fixed_2,8005,568.6734,575.62146,0.0,-0.3777046501636505,-6.5703726
exp3_fixed_2,8006,-83.98608,128.28246,-200.0,-11.422871589660645,-0.84568214
exp3_fixed_2,8007,604.88293,608.1759,0.0,-0.6842462420463562,-2.6087136
exp3_fixed_2,8008,-191.03398,31.949677,-200.0,-22.59956932067871,-0.3840807
exp3_fixed_2,8009,614.5728,616.6443,0.0,-0.31291571259498596,-1.7585473
exp3_fixed_2,8010,617.94946,620.21277,0.0,-0.5387315154075623,-1.7245632
exp3_fixed_2,8011,536.7557,545.85046,0.0,-1.437529444694519,-7.657262
exp3_fixed_2,8012,623.0302,625.5288,0.0,-0.8555567264556885,-1.643089
exp3_fixed_2,8013,570.455,572.05634,0.0,-0.26799753308296204,-1.3333358
exp3_fixed_2,8014,608.1697,611.0899,0.0,-0.25507572293281555,-2.6651354
exp3_fixed_2,8015,633.86316,636.011,0.0,-0.4460827112197876,-1.7017928
exp3_fixed_2,8016,598.4878,605.2656,0.0,-0.4889962375164032,-6.2888446
exp3_fixed_2,8017,587.0224,597.48804,0.0,-0.7399184703826904,-9.725733
exp3_fixed_2,8018,458.90814,467.17303,0.0,-0.9121626019477844,-7.352735
exp3_fixed_2,8019,661.9143,664.6139,0.0,-0.48966336250305176,-2.2099266
exp3_fixed_2,8021,563.406,565.6865,0.0,-0.6913925409317017,-1.5891382
exp3_fixed_2,8022,591.4072,596.2803,0.0,-2.0256688594818115,-2.8473892
exp3_fixed_2,8023,514.2522,526.6179,0.0,-3.4889910221099854,-8.876728
exp3_fixed_2,8024,540.84143,544.9182,0.0,-1.0235322713851929,-3.053209
exp3_fixed_2,8025,608.4034,612.0718,0.0,-0.9299728274345398,-2.7383823
exp3_fixed_2,8026,595.7494,598.44836,0.0,-0.3725508749485016,-2.3263721
exp3_fixed_2,8027,515.1802,523.79565,0.0,-1.7915494441986084,-6.8239565
exp3_fixed_2,8028,623.27026,625.8156,0.0,-0.35375046730041504,-2.191534
exp3_fixed_2,8029,586.8964,590.50323,0.0,-0.7060644030570984,-2.9007242
exp3_fixed_2,8030,586.22504,590.07446,0.0,-1.278153419494629,-2.5712876
exp3_fixed_2,8031,588.7845,592.5354,0.0,-1.5010313987731934,-2.249918
exp3_fixed_2,8032,500.16864,506.31763,0.0,-0.6367000341415405,-5.512281
exp3_fixed_2,8033,584.8793,589.41284,0.0,-2.179218053817749,-2.354401
exp3_fixed_2,8034,573.4022,579.67145,0.0,-3.155607223510742,-3.113634
exp3_fixed_2,8035,633.5892,637.402,0.0,-0.9251547455787659,-2.887613
exp3_fixed_2,8036,455.19104,465.69247,0.0,-2.042307138442993,-8.459163
exp3_fixed_2,8037,586.2652,588.7953,0.0,-0.5246900320053101,-2.005407
exp3_fixed_2,8038,566.2435,570.3204,0.0,-1.35805082321167,-2.7187965
exp3_fixed_2,8039,575.3184,578.8823,0.0,-0.8634757399559021,-2.7004147
exp3_fixed_2,8041,535.78253,539.8986,0.0,-1.3532689809799194,-2.7628453
exp3_fixed_2,8042,543.6117,569.66675,0.0,-9.73168659210205,-16.323391
exp3_fixed_2,8043,-374.67844,2.0110445,-200.0,-172.08624267578125,-4.60319
exp3_fixed_2,8044,615.93896,625.1061,0.0,-1.4241454601287842,-7.74292
exp3_fixed_2,8045,584.78674,587.90234,0.0,-0.4492913484573364,-2.6663604
exp3_fixed_2,8046,597.2273,601.5543,0.0,-0.9337839484214783,-3.3932545
exp3_fixed_2,8047,510.17322,515.2544,0.0,-1.1655237674713135,-3.9156637
exp3_fixed_2,8048,649.32556,653.05676,0.0,-0.6900714635848999,-3.0411084
exp3_fixed_2,8049,579.1238,587.26697,0.0,-0.8275966048240662,-7.315557
exp3_fixed_2,8050,654.24506,657.0828,0.0,-0.6593971252441406,-2.1783576
exp3_fixed_2,8051,516.64386,519.6204,0.0,-0.5452293753623962,-2.431339
exp3_fixed_2,8052,588.6491,593.82446,0.0,-0.7965021133422852,-4.3787856
exp3_fixed_2,8053,586.8876,589.5316,0.0,-0.3498835563659668,-2.2941797
exp3_fixed_2,8054,606.2743,611.2838,0.0,-1.521702527999878,-3.487816
exp3_fixed_2,8055,594.7755,597.4501,0.0,-0.6415683031082153,-2.0330353
exp3_fixed_2,8056,635.8963,640.25964,0.0,-0.8270346522331238,-3.5362523
exp3_fixed_2,8057,606.3558,613.953,0.0,-0.6542629599571228,-6.9430065
exp3_fixed_2,8058,516.2229,525.42224,0.0,-0.36160287261009216,-8.837701
exp3_fixed_2,8059,524.485,534.99835,0.0,-1.068290114402771,-9.44504
exp3_fixed_2,8061,630.17096,633.7814,0.0,-0.7177671790122986,-2.8926754
exp3_fixed_2,8062,566.5123,570.7174,0.0,-0.8015506267547607,-3.4035885
exp3_fixed_2,8063,533.50037,546.93317,0.0,-2.551048994064331,-10.881744
exp3_fixed_2,8064,559.29736,562.2386,0.0,-1.2216295003890991,-1.7195858
exp3_fixed_2,8065,530.21606,540.276,0.0,-1.336466670036316,-8.72345
exp3_fixed_2,8066,633.4584,637.2918,0.0,-0.9011811017990112,-2.9323108
exp3_fixed_2,8067,580.68,582.98425,0.0,-0.4325708746910095,-1.871682
exp3_fixed_2,8068,549.74567,553.9458,0.0,-0.46497035026550293,-3.7351716
exp3_fixed_2,8069,550.3031,559.54126,0.0,-0.34217482805252075,-8.89605
exp3_fixed_2,8070,536.96515,542.11786,0.0,-1.4570503234863281,-3.6956625
exp3_fixed_2,8071,530.2819,531.8828,0.0,-0.2727562189102173,-1.3281785
exp3_fixed_2,8072,619.41724,626.35785,0.0,-1.0226117372512817,-5.9180374
exp3_fixed_2,8073,588.3245,593.1463,0.0,-1.8537445068359375,-2.9680135
exp3_fixed_2,8074,592.31384,602.50305,0.0,-0.7150726318359375,-9.474148
exp3_fixed_2,8075,545.52625,548.4651,0.0,-0.5956230163574219,-2.3432348
exp3_fixed_2,8076,577.5792,581.8504,0.0,-0.7594646215438843,-3.5116963
exp3_fixed_2,8077,531.6826,539.9395,0.0,-1.1333202123641968,-7.123519
exp3_fixed_2,8078,586.7954,589.6032,0.0,-0.12395462393760681,-2.6838377
exp3_fixed_2,8079,636.60583,640.1892,0.0,-1.3356173038482666,-2.2478406
exp3_fixed_2,8081,622.1605,623.8248,0.0,-0.6275596618652344,-1.0367975
exp3_fixed_2,8082,606.55493,608.3076,0.0,-0.7374053597450256,-1.015289
exp3_fixed_2,8083,459.312,465.2792,0.0,-1.150964379310608,-4.8161974
exp3_fixed_2,8084,598.80347,600.75574,0.0,-0.44109800457954407,-1.5111785
exp3_fixed_2,8085,585.0843,592.2134,0.0,-1.0554556846618652,-6.073634
exp3_fixed_2,8086,592.3383,597.1624,0.0,-1.5830352306365967,-3.241064
exp3_fixed_2,8087,561.91016,564.4437,0.0,-0.6614422798156738,-1.8721958
exp3_fixed_2,8088,587.56,590.6219,0.0,-0.5889331102371216,-2.4729834
exp3_fixed_2,8089,528.19366,530.61285,0.0,-0.7226850986480713,-1.6965424
exp3_fixed_2,8090,656.8545,659.7678,0.0,-0.7202665209770203,-2.193024
exp3_fixed_2,8091,497.18802,504.86362,0.0,-2.730316400527954,-4.9452944
exp3_fixed_2,8092,582.7694,586.1365,0.0,-1.5862747430801392,-1.7808048
exp3_fixed_2,8093,487.42462,504.55472,0.0,-1.8994771242141724,-15.2306385
exp3_fixed_2,8094,500.49536,513.23474,0.0,-3.8181514739990234,-8.921247
exp3_fixed_2,8095,517.489,520.9615,0.0,-0.2800059914588928,-3.192436
exp3_fixed_2,8096,576.2096,578.52234,0.0,-0.791594386100769,-1.5211098
exp3_fixed_2,8097,603.1764,606.6501,0.0,-0.8300818800926208,-2.6436164
exp3_fixed_2,8098,601.2589,605.4446,0.0,-1.1552995443344116,-3.0303626
exp3_fixed_2,8099,549.7052,558.08575,0.0,-1.536799669265747,-6.843784
exp3_fixed_2,8101,546.8156,561.5065,0.0,-3.49584698677063,-11.194981
exp3_fixed_2,8102,687.0995,691.9224,0.0,-3.735668897628784,-1.087292
exp3_fixed_2,8103,576.6376,579.14954,0.0,-0.7546469569206238,-1.7572752
exp3_fixed_2,8104,516.97546,532.5755,0.0,-0.4964520335197449,-15.103542
exp3_fixed_2,8105,518.06287,527.74084,0.0,-2.692577838897705,-6.985397
exp3_fixed_2,8106,628.3578,639.28107,0.0,-6.655030727386475,-4.2682467
exp3_fixed_2,8107,514.32733,530.9832,0.0,-0.5123440027236938,-16.143486
exp3_fixed_2,8108,538.1309,547.35333,0.0,-1.2031360864639282,-8.019308
exp3_fixed_2,8109,543.6615,549.12555,0.0,-0.9636304974555969,-4.5004063
exp3_fixed_2,8110,637.8926,641.0227,0.0,-0.5481953620910645,-2.5819056
exp3_fixed_2,8111,634.20996,639.50244,0.0,-2.5614867210388184,-2.7310233
exp3_fixed_2,8112,599.5409,601.508,0.0,-0.19132186472415924,-1.775807
exp3_fixed_2,8113,606.21747,608.848,0.0,-0.5822592377662659,-2.0483074
exp3_fixed_2,8114,665.0227,667.7112,0.0,-0.7137066721916199,-1.9747213
exp3_fixed_2,8115,523.45764,532.9497,0.0,-1.426979899406433,-8.065104
exp3_fixed_2,8116,647.49646,650.224,0.0,-1.1364222764968872,-1.5910934
exp3_fixed_2,8117,509.33386,511.92285,0.0,-0.6866801381111145,-1.9022841
exp3_fixed_2,8118,556.5569,563.09174,0.0,-0.8375076055526733,-5.697294
exp3_fixed_2,8119,608.49396,611.68896,0.0,-0.6155910491943359,-2.579396
exp3_fixed_2,8121,629.9249,634.003,0.0,-1.5231926441192627,-2.5548816
exp3_fixed_2,8122,-310.91705,39.09301,-200.0,-149.88389587402344,-0.12617445
exp3_fixed_2,8123,579.0918,587.7942,0.0,-0.6814873814582825,-8.020904
exp3_fixed_2,8124,587.0298,589.38904,0.0,-0.6834422945976257,-1.6758347
exp3_fixed_2,8125,554.7441,565.77704,0.0,-0.7613858580589294,-10.271585
exp3_fixed_2,8126,532.5518,536.8755,0.0,-0.45502251386642456,-3.8686385
exp3_fixed_2,8127,577.84424,579.68115,0.0,-0.3426614999771118,-1.4942381
exp3_fixed_2,8128,645.4131,652.13794,0.0,-0.8361333608627319,-5.8888025
exp3_fixed_2,8129,574.31274,583.5837,0.0,-2.9910764694213867,-6.279905
exp3_fixed_2,8130,535.59924,546.7538,0.0,-2.2713606357574463,-8.883205
exp3_fixed_2,8131,541.30005,548.67487,0.0,-4.257031440734863,-3.1177404
exp3_fixed_2,8132,547.48694,550.87,0.0,-0.7456742525100708,-2.6373932
exp3_fixed_2,8133,619.9485,622.95013,0.0,-0.8238396048545837,-2.1777885
exp3_fixed_2,8134,552.229,557.12964,0.0,-0.7363537549972534,-4.1643157
exp3_fixed_2,8135,606.2504,609.0846,0.0,-0.7540003061294556,-2.0801632
exp3_fixed_2,8136,575.01465,583.8931,0.0,-1.742725133895874,-7.1357627
exp3_fixed_2,8137,554.147,556.95825,0.0,-1.0145325660705566,-1.7967062
exp3_fixed_2,8138,607.4844,609.6719,0.0,-0.2785032093524933,-1.9090599
exp3_fixed_2,8139,606.7842,613.89874,0.0,-1.0934020280838013,-6.0211477
exp3_fixed_2,8141,555.5016,559.1777,0.0,-1.2583829164505005,-2.4177377
exp3_fixed_2,8142,572.3683,575.52594,0.0,-0.963093638420105,-2.1945863
exp3_fixed_2,8143,625.7517,628.4206,0.0,-0.5800195932388306,-2.0888474
exp3_fixed_2,8144,628.65015,631.6478,0.0,-0.793512761592865,-2.2041717
exp3_fixed_2,8145,479.0126,495.3198,0.0,-4.229966163635254,-12.077159
exp3_fixed_2,8146,468.96024,490.29907,0.0,-6.938406467437744,-14.400381
exp3_fixed_2,8147,596.2639,598.12897,0.0,-0.43092793226242065,-1.4341382
exp3_fixed_2,8148,560.1662,562.06287,0.0,-0.27803999185562134,-1.6185834
exp3_fixed_2,8149,613.88916,624.0525,0.0,-0.5728012919425964,-9.590477
exp3_fixed_2,8150,592.37,597.12415,0.0,-0.7134759426116943,-4.0406184
exp3_fixed_2,8151,513.8142,517.47406,0.0,-0.9296119213104248,-2.7302449
exp3_fixed_2,8152,630.4917,633.4606,0.0,-1.0216670036315918,-1.9472497
exp3_fixed_2,8153,592.7761,594.2823,0.0,-0.6601978540420532,-0.845958
exp3_fixed_2,8154,568.6475,577.6217,0.0,-1.158753514289856,-7.8153815
exp3_fixed_2,8155,621.0392,625.7189,0.0,-1.2679078578948975,-3.411816
exp3_fixed_2,8156,569.0434,571.1536,0.0,-0.3649628162384033,-1.7452856
exp3_fixed_2,8157,603.9114,606.9405,0.0,-0.5303945541381836,-2.4986985
exp3_fixed_2,8158,669.26086,672.7461,0.0,-0.6283231377601624,-2.8568745
exp3_fixed_2,8159,561.6997,572.28204,0.0,-0.6761664152145386,-9.906128
exp3_fixed_2,8161,543.25635,552.11615,0.0,-0.5958640575408936,-8.263965
exp3_fixed_2,8162,655.60095,659.1344,0.0,-0.9456493258476257,-2.5877426
exp3_fixed_2,8163,597.6653,600.70764,0.0,-0.5097628235816956,-2.5325894
exp3_fixed_2,8164,-147.90121,66.00225,-200.0,-13.302492141723633,-0.6009821
exp3_fixed_2,8165,636.92993,641.18634,0.0,-1.9276561737060547,-2.3287494
exp3_fixed_2,8166,540.73376,550.2507,0.0,-1.7517499923706055,-7.7651544
exp3_fixed_2,8167,564.9683,577.57983,0.0,-1.514569878578186,-11.096952
exp3_fixed_2,8168,569.461,572.0813,0.0,-1.5393785238265991,-1.080968
exp3_fixed_2,8169,592.2152,604.45306,0.0,-1.2365716695785522,-11.001312
exp3_fixed_2,8170,602.90845,610.37415,0.0,-0.7774277329444885,-6.6883245
exp3_fixed_2,8171,608.29956,610.65125,0.0,-0.5896279215812683,-1.7621095
exp3_fixed_2,8172,611.65955,614.6028,0.0,-0.6262207627296448,-2.3169446
exp3_fixed_2,8173,547.0491,550.5281,0.0,-0.9134898781776428,-2.5654628
exp3_fixed_2,8174,587.3999,590.829,0.0,-1.5001583099365234,-1.9289098
exp3_fixed_2,8175,588.0764,591.39966,0.0,-0.7686249017715454,-2.554629
exp3_fixed_2,8176,605.02167,607.7566,0.0,-0.28403541445732117,-2.4509509
exp3_fixed_2,8177,569.489,575.3076,0.0,-0.5151305198669434,-5.303469
exp3_fixed_2,8178,619.56,622.7784,0.0,-0.9214174747467041,-2.297006
exp3_fixed_2,8179,604.16614,605.8696,0.0,-0.2684858739376068,-1.4349657
exp3_fixed_2,8181,562.67865,568.3699,0.0,-2.608377695083618,-3.0828207
exp3_fixed_2,8182,556.22974,560.4723,0.0,-1.4492381811141968,-2.7933607
exp3_fixed_2,8183,525.671,532.65485,0.0,-2.7421770095825195,-4.241673
exp3_fixed_2,8184,426.09174,455.90915,0.0,-15.046685218811035,-14.770725
exp3_fixed_2,8185,532.5601,543.05237,0.0,-0.8921103477478027,-9.600183
exp3_fixed_2,8186,586.1323,588.2305,0.0,-0.9441900253295898,-1.154047
exp3_fixed_2,8187,558.2954,564.38556,0.0,-0.7945586442947388,-5.295595
exp3_fixed_2,8188,551.4124,553.63416,0.0,-0.5295436978340149,-1.6922203
exp3_fixed_2,8189,532.9348,544.9503,0.0,-1.2158395051956177,-10.799644
exp3_fixed_2,8190,628.42175,632.43787,0.0,-0.9850286841392517,-3.031021
exp3_fixed_2,8191,630.22253,642.34827,0.0,-0.6739790439605713,-11.451737
exp3_fixed_2,8192,508.5065,524.663,0.0,-1.8813525438308716,-14.275207
exp3_fixed_2,8193,509.0649,511.46335,0.0,-0.5092998743057251,-1.8891562
exp3_fixed_2,8194,611.0877,612.2296,0.0,-0.4028833508491516,-0.7390402
exp3_fixed_2,8195,621.4935,624.6974,0.0,-1.026716947555542,-2.1771414
exp3_fixed_2,8196,568.423,576.8502,0.0,-0.6891518831253052,-7.7380633
exp3_fixed_2,8197,565.6647,572.33594,0.0,-0.8556982278823853,-5.815589
exp3_fixed_2,8198,545.17456,546.8142,0.0,-0.48289579153060913,-1.156788
exp3_fixed_2,8199,618.8776,621.6428,0.0,-0.6462526917457581,-2.1189845
exp3_fixed_2,8201,645.0021,647.3874,0.0,-0.8163461089134216,-1.5690188
exp3_fixed_2,8202,613.59204,615.86365,0.0,-0.6122406721115112,-1.6593333
exp3_fixed_2,8203,469.33313,480.06232,0.0,-1.8090741634368896,-8.920105
exp3_fixed_2,8204,641.5514,644.4166,0.0,-0.8310079574584961,-2.0341907
exp3_fixed_2,8205,595.48065,602.8351,0.0,-0.5745848417282104,-6.7798862
exp3_fixed_2,8206,591.714,595.9208,0.0,-0.7196584343910217,-3.4871345
exp3_fixed_2,8207,564.7208,570.085,0.0,-2.471848487854004,-2.8923392
exp3_fixed_2,8208,568.10815,572.5452,0.0,-0.6167404651641846,-3.8203602
exp3_fixed_2,8209,592.03485,594.22986,0.0,-0.9438334703445435,-1.251229
exp3_fixed_2,8210,573.6178,580.4956,0.0,-0.2349572628736496,-6.6428394
exp3_fixed_2,8211,578.2434,582.08545,0.0,-0.6670508980751038,-3.1750352
exp3_fixed_2,8212,663.62854,668.04504,0.0,-0.9000077843666077,-3.5164185
exp3_fixed_2,8213,589.7682,592.1355,0.0,-0.596573531627655,-1.7707571
exp3_fixed_2,8214,586.1353,589.202,0.0,-0.7469261884689331,-2.3197918
exp3_fixed_2,8215,553.49646,557.0102,0.0,-0.5857855677604675,-2.9279468
exp3_fixed_2,8216,543.72754,548.3802,0.0,-0.9850248098373413,-3.6676643
exp3_fixed_2,8217,649.27026,651.4749,0.0,-0.4304399788379669,-1.7742028
exp3_fixed_2,8218,581.36804,583.4031,0.0,-0.5332785248756409,-1.501764
exp3_fixed_2,8219,553.22815,556.7289,0.0,-1.3586950302124023,-2.1420584
exp3_fixed_2,8221,575.2533,580.3424,0.0,-1.31849205493927,-3.7705905
exp3_fixed_2,8222,653.1736,656.77136,0.0,-0.7707191705703735,-2.8270001
exp3_fixed_2,8223,515.2372,521.9519,0.0,-0.5907673835754395,-6.1239004
exp3_fixed_2,8224,616.22034,620.2601,0.0,-1.3040993213653564,-2.7356284
exp3_fixed_2,8225,593.3349,596.74915,0.0,-0.4040316343307495,-3.010145
exp3_fixed_2,8226,558.5863,561.76355,0.0,-0.4956458508968353,-2.6816232
exp3_fixed_2,8227,-174.07184,77.684845,-200.0,-45.68467712402344,-6.072002
exp3_fixed_2,8228,584.5592,589.7929,0.0,-0.4850218892097473,-4.748679
exp3_fixed_2,8229,655.43915,657.9834,0.0,-0.41348859667778015,-2.1307487
exp3_fixed_2,8230,671.46484,674.82324,0.0,-0.8548998236656189,-2.5034397
exp3_fixed_2,8231,544.5231,551.70544,0.0,-1.6903799772262573,-5.49195
exp3_fixed_2,8232,596.46625,608.44495,0.0,-8.282645225524902,-3.696075
exp3_fixed_2,8233,553.99634,557.9797,0.0,-1.7593460083007812,-2.2239661
exp3_fixed_2,8234,547.17224,556.21277,0.0,-0.9677488803863525,-8.072754
exp3_fixed_2,8235,607.8389,611.7169,0.0,-0.8919708728790283,-2.9860198
exp3_fixed_2,8236,570.0571,574.52136,0.0,-1.0208988189697266,-3.4432726
exp3_fixed_2,8237,544.96387,552.89624,0.0,-0.8184679746627808,-7.1138935
exp3_fixed_2,8238,553.14874,554.80115,0.0,-0.477751761674881,-1.1746604
exp3_fixed_2,8239,541.85095,553.71564,0.0,-6.215977668762207,-5.6487513
exp3_fixed_2,8241,546.5465,549.7394,0.0,-0.5629717111587524,-2.6298842
exp3_fixed_2,8242,608.93994,612.7221,0.0,-0.9146809577941895,-2.8674707
exp3_fixed_2,8243,633.1106,635.1743,0.0,-0.347901314496994,-1.7158474
exp3_fixed_2,8244,620.7623,624.87256,0.0,-0.6366091370582581,-3.473586
exp3_fixed_2,8245,575.6773,578.94183,0.0,-0.6943871378898621,-2.5701103
exp3_fixed_2,8246,532.7948,552.4121,0.0,-1.2905089855194092,-18.326792
exp3_fixed_2,8247,536.8095,554.20435,0.0,-6.826476097106934,-10.568378
exp3_fixed_2,8248,552.2161,557.0592,0.0,-2.777208089828491,-2.065871
exp3_fixed_2,8249,612.0527,615.9133,0.0,-0.7488743662834167,-3.1116936
exp3_fixed_2,8250,646.33,650.33435,0.0,-1.2643866539001465,-2.7399106
exp3_fixed_2,8251,541.60016,544.3196,0.0,-0.4526561200618744,-2.2667603
exp3_fixed_2,8252,612.65906,619.72034,0.0,-0.7385397553443909,-6.3227563
exp3_fixed_2,8253,556.20593,564.05615,0.0,-0.477716326713562,-7.3725286
exp3_fixed_2,8254,600.25586,603.87024,0.0,-0.6959474682807922,-2.9184961
exp3_fixed_2,8255,621.0052,632.6221,0.0,-0.5632227659225464,-11.053693
exp3_fixed_2,8256,555.56757,564.47125,0.0,-1.2054479122161865,-7.6982317
exp3_fixed_2,8257,620.29285,622.6636,0.0,-0.5191000699996948,-1.8516551
exp3_fixed_2,8258,584.603,589.6507,0.0,-0.5401966571807861,-4.5074253
exp3_fixed_2,8259,589.86395,593.2859,0.0,-0.5021576881408691,-2.9197807
exp3_fixed_2,8261,557.4843,572.841,0.0,-1.9455326795578003,-13.411154
exp3_fixed_2,8262,665.28174,667.2909,0.0,-0.5035450458526611,-1.5056438
exp3_fixed_2,8263,593.66016,596.6293,0.0,-0.41824769973754883,-2.5508735
exp3_fixed_2,8264,619.5286,625.1947,0.0,-2.064094066619873,-3.6019893
exp3_fixed_2,8265,539.25146,548.05896,0.0,-0.7544534206390381,-8.052989
exp3_fixed_2,8266,597.1396,602.4573,0.0,-2.4367377758026123,-2.880978
exp3_fixed_2,8267,563.38873,566.0803,0.0,-0.5220452547073364,-2.1694999
exp3_fixed_2,8268,590.7015,596.04584,0.0,-1.7672587633132935,-3.5771253
exp3_fixed_2,8269,607.2537,610.6959,0.0,-1.853694200515747,-1.5884864
exp3_fixed_2,8270,574.4185,576.5886,0.0,-0.1166514903306961,-2.0535004
exp3_fixed_2,8271,511.97015,517.50305,0.0,-1.1173053979873657,-4.415596
exp3_fixed_2,8272,549.80334,552.372,0.0,-0.6447630524635315,-1.9238639
exp3_fixed_2,8273,591.907,596.1024,0.0,-0.7461317777633667,-3.4493058
exp3_fixed_2,8274,589.584,594.5769,0.0,-0.9402118921279907,-4.052724
exp3_fixed_2,8275,-96.9983,118.96315,-200.0,-9.885231018066406,-6.076227
exp3_fixed_2,8276,521.84705,526.47394,0.0,-0.6333350539207458,-3.9935517
exp3_fixed_2,8277,595.16583,596.5359,0.0,-0.2800191342830658,-1.0900275
exp3_fixed_2,8278,594.1104,604.1672,0.0,-0.8521559834480286,-9.204564
exp3_fixed_2,8279,600.2078,607.7239,0.0,-1.2580945491790771,-6.257952
exp3_fixed_2,8281,-113.31365,105.03731,-200.0,-12.071200370788574,-6.2797437
exp3_fixed_2,8282,516.04016,524.5346,0.0,-0.8591228127479553,-7.63534
exp3_fixed_2,8283,622.967,626.07605,0.0,-0.5896120667457581,-2.5194898
exp3_fixed_2,8284,-221.77151,6.2613063,-200.0,-27.700374603271484,-0.33244494
exp3_fixed_2,8285,574.4333,577.7507,0.0,-0.9750640392303467,-2.342337
exp3_fixed_2,8286,562.36505,565.726,0.0,-0.3801039457321167,-2.9808013
exp3_fixed_2,8287,579.8955,584.5414,0.0,-1.0396838188171387,-3.6062322
exp3_fixed_2,8288,563.1237,567.27014,0.0,-1.2352107763290405,-2.9112232
exp3_fixed_2,8289,595.5883,598.8307,0.0,-1.14288330078125,-2.0994637
exp3_fixed_2,8290,598.1896,607.6643,0.0,-0.7654504179954529,-8.709249
exp3_fixed_2,8291,574.36743,579.02527,0.0,-1.3960479497909546,-3.2617795
exp3_fixed_2,8292,681.08044,683.11774,0.0,-0.6241787672042847,-1.4131318
exp3_fixed_2,8293,630.02954,632.86505,0.0,-0.5169402360916138,-2.3186667
exp3_fixed_2,8294,598.169,603.8414,0.0,-0.8003225922584534,-4.872052
exp3_fixed_2,8295,543.17804,549.5707,0.0,-0.496922105550766,-5.8957343
exp3_fixed_2,8296,628.03754,631.9181,0.0,-2.8290584087371826,-1.0515683
exp3_fixed_2,8297,626.8925,629.1207,0.0,-0.6660885810852051,-1.5621226
exp3_fixed_2,8298,606.298,608.818,0.0,-0.8762214183807373,-1.6438017
exp3_fixed_2,8299,557.1427,560.182,0.0,-0.7986932992935181,-2.2406044
exp3_fixed_2,8301,602.07947,609.68884,0.0,-0.619490921497345,-6.9898806
exp3_fixed_2,8302,565.94336,567.7089,0.0,-0.29849424958229065,-1.4670491
exp3_fixed_2,8303,606.1172,612.6597,0.0,-4.51540994644165,-2.0271173
exp3_fixed_2,8304,609.75024,611.8847,0.0,-0.540926456451416,-1.5935688
exp3_fixed_2,8305,531.1021,540.8071,0.0,-0.6441516876220703,-9.060853
exp3_fixed_2,8306,639.7932,641.27057,0.0,-0.2763725221157074,-1.2009896
exp3_fixed_2,8307,589.4671,590.63257,0.0,-0.14649292826652527,-1.0189519
exp3_fixed_2,8308,538.57214,547.0094,0.0,-1.4054125547409058,-7.031888
exp3_fixed_2,8309,644.1788,646.3146,0.0,-0.6326536536216736,-1.5031121
exp3_fixed_2,8310,606.3273,609.86975,0.0,-0.7325475215911865,-2.809883
exp3_fixed_2,8311,536.16003,543.7329,0.0,-0.7028920650482178,-6.8700113
exp3_fixed_2,8312,564.2508,576.1041,0.0,-0.8139533996582031,-11.039391
exp3_fixed_2,8313,628.7493,630.9348,0.0,-0.43742677569389343,-1.7480583
exp3_fixed_2,8314,597.4879,599.644,0.0,-0.6393256187438965,-1.516734
exp3_fixed_2,8315,619.9351,625.4911,0.0,-0.32119113206863403,-5.234776
exp3_fixed_2,8316,562.494,574.2046,0.0,-1.667452096939087,-10.043041
exp3_fixed_2,8317,541.30774,543.81165,0.0,-0.39869868755340576,-2.1051865
exp3_fixed_2,8318,-173.93842,56.80197,-200.0,-24.011816024780273,-6.7285647
exp3_fixed_2,8319,617.6095,622.3696,0.0,-1.5818512439727783,-3.1782758
exp3_fixed_2,8321,522.5825,525.5705,0.0,-0.975123941898346,-2.0128396
exp3_fixed_2,8322,588.8896,592.7488,0.0,-0.5462604761123657,-3.312933
exp3_fixed_2,8323,516.8199,523.48596,0.0,-0.7165431380271912,-5.9495296
exp3_fixed_2,8324,626.7073,629.52673,0.0,-1.2446393966674805,-1.5749098
exp3_fixed_2,8325,500.7207,513.0175,0.0,-0.9733366966247559,-11.323516
exp3_fixed_2,8326,547.66895,550.8038,0.0,-0.7920604348182678,-2.3427043
exp3_fixed_2,8327,515.4526,522.47797,0.0,-1.3720039129257202,-5.6533427
exp3_fixed_2,8328,544.9979,548.83453,0.0,-0.6048668622970581,-3.2317364
exp3_fixed_2,8329,610.05804,614.5304,0.0,-1.8452967405319214,-2.6270857
exp3_fixed_2,8330,542.52954,545.99005,0.0,-0.9922903180122375,-2.4682822
exp3_fixed_2,8331,544.5768,547.3343,0.0,-0.5900284647941589,-2.1674755
exp3_fixed_2,8332,561.0602,571.3804,0.0,-3.79164457321167,-6.5285935
exp3_fixed_2,8333,581.4131,584.987,0.0,-0.7784795165061951,-2.7953837
exp3_fixed_2,8334,584.9614,597.17126,0.0,-0.5875619649887085,-11.622257
exp3_fixed_2,8335,596.0854,598.1521,0.0,-0.6330122351646423,-1.4337114
exp3_fixed_2,8336,609.28784,616.14856,0.0,-0.8816115856170654,-5.9791293
exp3_fixed_2,8337,479.18643,481.62457,0.0,-0.756916880607605,-1.6812034
exp3_fixed_2,8338,555.6985,559.57684,0.0,-1.1927019357681274,-2.6856582
exp3_fixed_2,8339,570.35376,573.73773,0.0,-0.5703490972518921,-2.8136466
exp3_fixed_2,8341,608.5543,610.8518,0.0,-0.3978758454322815,-1.8996199
exp3_fixed_2,8342,471.82843,481.84708,0.0,-2.049940586090088,-7.9687023
exp3_fixed_2,8343,617.586,621.0868,0.0,-0.820552408695221,-2.680243
exp3_fixed_2,8344,510.11865,518.76666,0.0,-0.7760616540908813,-7.8719754
exp3_fixed_2,8345,623.5657,628.6979,0.0,-0.8080998659133911,-4.324101
exp3_fixed_2,8346,617.8812,621.0263,0.0,-0.996701180934906,-2.1483796
exp3_fixed_2,8347,598.1517,601.8798,0.0,-0.6346044540405273,-3.0935478
exp3_fixed_2,8348,547.42554,556.5261,0.0,-1.2192569971084595,-7.8812785
exp3_fixed_2,8349,579.2993,582.6858,0.0,-0.5282827615737915,-2.8581784
exp3_fixed_2,8350,650.7826,655.5774,0.0,-0.45276960730552673,-4.3419456
exp3_fixed_2,8351,521.7405,528.88556,0.0,-0.2986316680908203,-6.846484
exp3_fixed_2,8352,618.4529,621.5282,0.0,-0.5753545761108398,-2.4999573
exp3_fixed_2,8353,598.8778,601.4116,0.0,-0.5669913291931152,-1.9668043
exp3_fixed_2,8354,643.2998,645.11743,0.0,-0.3775438666343689,-1.4400364
exp3_fixed_2,8355,522.97174,530.7607,0.0,-0.5579102635383606,-7.2309713
exp3_fixed_2,8356,542.57935,548.1139,0.0,-0.992423415184021,-4.542053
exp3_fixed_2,8357,533.85767,546.72754,0.0,-1.8190206289291382,-11.0508175
exp3_fixed_2,8358,582.0059,585.5548,0.0,-0.6335071325302124,-2.9154289
exp3_fixed_2,8359,613.7825,617.05054,0.0,-0.9253113269805908,-2.342778
exp3_fixed_2,8361,613.0827,616.1621,0.0,-0.3941594958305359,-2.6852407
exp3_fixed_2,8362,637.71216,640.5069,0.0,-0.8117502927780151,-1.9830297
exp3_fixed_2,8363,596.0033,600.78845,0.0,-2.092247724533081,-2.6928642
exp3_fixed_2,8364,614.85034,619.1347,0.0,-0.8559841513633728,-3.428378
exp3_fixed_2,8365,516.5982,525.2527,0.0,-1.3257248401641846,-7.328733
exp3_fixed_2,8366,595.1699,603.63477,0.0,-0.828253984451294,-7.6366305
exp3_fixed_2,8367,574.54663,578.59076,0.0,-2.2902543544769287,-1.7538648
exp3_fixed_2,8368,541.6879,544.7683,0.0,-1.2040773630142212,-1.8762935
exp3_fixed_2,8369,663.2943,666.16187,0.0,-0.2870779037475586,-2.5804203
exp3_fixed_2,8370,537.7584,541.4553,0.0,-0.6138651371002197,-3.0830624
exp3_fixed_2,8371,646.1582,648.8148,0.0,-0.5050525069236755,-2.151615
exp3_fixed_2,8372,552.06744,559.2748,0.0,-0.9152318835258484,-6.292149
exp3_fixed_2,8373,520.4457,543.7948,0.0,-0.4460791051387787,-22.903053
exp3_fixed_2,8374,586.2137,590.7404,0.0,-0.886529803276062,-3.6402314
exp3_fixed_2,8375,652.9238,656.5598,0.0,-2.2618560791015625,-1.3741132
exp3_fixed_2,8376,607.1984,608.5658,0.0,-0.4677925705909729,-0.89958185
exp3_fixed_2,8377,590.83453,592.7562,0.0,-0.6895009875297546,-1.2321935
exp3_fixed_2,8378,603.13196,605.6684,0.0,-0.37714534997940063,-2.1592686
exp3_fixed_2,8379,629.8355,631.9356,0.0,-0.6606167554855347,-1.4394727
exp3_fixed_2,8381,505.8417,516.1983,0.0,-0.8439205884933472,-9.512673
exp3_fixed_2,8382,551.34875,555.1852,0.0,-0.2933071255683899,-3.5431113
exp3_fixed_2,8383,597.33746,599.424,0.0,-0.39306044578552246,-1.6934552
exp3_fixed_2,8384,648.016,651.09393,0.0,-1.808300495147705,-1.269645
exp3_fixed_2,8385,582.12067,585.6217,0.0,-1.020500659942627,-2.4805722
exp3_fixed_2,8386,591.4329,594.0686,0.0,-0.3067969083786011,-2.3289309
exp3_fixed_2,8387,592.3317,595.4875,0.0,-0.8158140182495117,-2.339976
exp3_fixed_2,8388,560.4123,565.28345,0.0,-0.3351214826107025,-4.536028
exp3_fixed_2,8389,599.79645,607.79755,0.0,-0.5581351518630981,-7.4429684
exp3_fixed_2,8390,569.45087,575.98584,0.0,-1.481386423110962,-5.053499
exp3_fixed_2,8391,549.92285,555.8123,0.0,-1.090260624885559,-4.799245
exp3_fixed_2,8392,652.34863,662.9061,0.0,-0.6700515151023865,-9.887411
exp3_fixed_2,8393,621.7711,630.30396,0.0,-4.504657745361328,-4.0281014
exp3_fixed_2,8394,591.1807,593.7692,0.0,-0.620036244392395,-1.9684376
exp3_fixed_2,8395,567.68445,571.3862,0.0,-0.2969076335430145,-3.404855
exp3_fixed_2,8396,539.69385,545.5756,0.0,-0.5539291501045227,-5.327853
exp3_fixed_2,8397,600.0775,604.3157,0.0,-0.5280528664588928,-3.7100806
exp3_fixed_2,8398,549.5522,553.8114,0.0,-1.570703148841858,-2.688518
exp3_fixed_2,8399,668.1926,670.2947,0.0,-0.43338730931282043,-1.6686591
exp3_fixed_2,8401,597.71356,605.23413,0.0,-0.9588086605072021,-6.5617642
exp3_fixed_2,8402,567.20483,570.6891,0.0,-0.4918731153011322,-2.9923594
exp3_fixed_2,8403,587.34546,590.7319,0.0,-0.8537973165512085,-2.532573
exp3_fixed_2,8404,548.84973,554.6014,0.0,-0.3117036819458008,-5.4399037
exp3_fixed_2,8405,589.2661,593.4965,0.0,-0.8055498600006104,-3.424819
exp3_fixed_2,8406,557.93713,571.9083,0.0,-3.3582520484924316,-10.612923
exp3_fixed_2,8407,487.53607,509.29703,0.0,-0.5624879598617554,-21.198437
exp3_fixed_2,8408,522.8793,538.8639,0.0,-4.859360218048096,-11.125236
exp3_fixed_2,8409,634.5431,639.681,0.0,-1.980555534362793,-3.1574194
exp3_fixed_2,8410,527.72314,536.37115,0.0,-0.38885000348091125,-8.259127
exp3_fixed_2,8411,524.4688,536.0536,0.0,-0.7253299355506897,-10.859409
exp3_fixed_2,8412,575.3756,578.37384,0.0,-1.529183030128479,-1.4690653
exp3_fixed_2,8413,531.6003,535.0775,0.0,-0.8918190598487854,-2.5854306
exp3_fixed_2,8414,620.0006,622.08044,0.0,-0.3682859539985657,-1.711548
exp3_fixed_2,8415,486.64294,489.5233,0.0,-0.5859849452972412,-2.2943623
exp3_fixed_2,8416,624.29834,627.51404,0.0,-0.46634161472320557,-2.749278
exp3_fixed_2,8417,593.8716,597.09094,0.0,-0.925795316696167,-2.2935522
exp3_fixed_2,8418,578.956,582.7357,0.0,-0.9900972843170166,-2.7896528
exp3_fixed_2,8419,635.2409,636.8898,0.0,-0.3648034930229187,-1.2840987
exp3_fixed_2,8421,615.7017,618.6073,0.0,-0.7441466450691223,-2.1614838
exp3_fixed_2,8422,596.06665,599.8683,0.0,-0.25768929719924927,-3.544009
exp3_fixed_2,8423,564.7353,566.7812,0.0,-0.7618981003761292,-1.2839731
exp3_fixed_2,8424,629.7738,632.6146,0.0,-0.6519649624824524,-2.1889045
exp3_fixed_2,8425,564.3154,566.80817,0.0,-0.4759095311164856,-2.01685
exp3_fixed_2,8426,535.42834,542.4155,0.0,-0.5569327473640442,-6.4302707
exp3_fixed_2,8427,525.4404,535.92535,0.0,-0.8613581657409668,-9.623577
exp3_fixed_2,8428,642.3794,655.6067,0.0,-1.3332889080047607,-11.894031
exp3_fixed_2,8429,557.8789,568.47546,0.0,-0.9788235425949097,-9.617735
exp3_fixed_2,8430,561.37195,564.2179,0.0,-0.6312627792358398,-2.2146523
exp3_fixed_2,8431,614.8806,618.32007,0.0,-0.7099875211715698,-2.7294295
exp3_fixed_2,8432,550.2825,555.5767,0.0,-0.4734004735946655,-4.820852
exp3_fixed_2,8433,606.2031,609.41034,0.0,-0.5994617938995361,-2.6077278
exp3_fixed_2,8434,544.689,547.83435,0.0,-0.8418893814086914,-2.3034587
exp3_fixed_2,8435,537.15247,545.82367,0.0,-1.4835513830184937,-7.187644
exp3_fixed_2,8436,562.8953,568.0415,0.0,-1.2359355688095093,-3.9102254
exp3_fixed_2,8437,560.80554,563.7052,0.0,-0.7485579252243042,-2.1510668
exp3_fixed_2,8438,534.4066,554.7064,0.0,-1.545471429824829,-18.754274
exp3_fixed_2,8439,527.0232,540.0389,0.0,-0.4224558174610138,-12.593216
exp3_fixed_2,8441,681.61926,685.7817,0.0,-0.846293568611145,-3.3161108
exp3_fixed_2,8442,609.97906,613.64514,0.0,-0.6745812296867371,-2.9914775
exp3_fixed_2,8443,536.0708,542.18567,0.0,-1.4072118997573853,-4.707613
exp3_fixed_2,8444,630.355,633.0203,0.0,-0.9100973010063171,-1.7552756
exp3_fixed_2,8445,610.256,612.3372,0.0,-0.4004242420196533,-1.6808611
exp3_fixed_2,8446,480.49542,487.45544,0.0,-1.4970885515213013,-5.462957
exp3_fixed_2,8447,-357.15167,22.673702,-200.0,-175.37489318847656,-4.4504604
exp3_fixed_2,8448,628.6025,632.52765,0.0,-0.5897864103317261,-3.3353977
exp3_fixed_2,8449,593.3041,597.6101,0.0,-0.7476512789726257,-3.5584497
exp3_fixed_2,8450,544.52576,555.03186,0.0,-1.1923339366912842,-9.313724
exp3_fixed_2,8451,632.4579,635.7141,0.0,-0.6102766394615173,-2.645954
exp3_fixed_2,8452,513.20184,519.7168,0.0,-1.0268561840057373,-5.4881067
exp3_fixed_2,8453,586.3324,587.89404,0.0,-0.263357937335968,-1.298231
exp3_fixed_2,8454,580.5003,583.1856,0.0,-0.7535602450370789,-1.9317138
exp3_fixed_2,8455,692.263,695.3591,0.0,-0.5468966364860535,-2.5491557
exp3_fixed_2,8456,580.83044,585.14624,0.0,-0.9265984296798706,-3.3891711
exp3_fixed_2,8457,602.5299,606.8426,0.0,-0.6743147969245911,-3.6383314
exp3_fixed_2,8458,547.44183,557.6118,0.0,-1.020613670349121,-9.149375
exp3_fixed_2,8459,487.8932,493.6326,0.0,-1.6430599689483643,-4.0963454
exp3_fixed_2,8461,583.74146,591.59674,0.0,-1.0396732091903687,-6.815638
exp3_fixed_2,8462,603.52655,608.0958,0.0,-1.3397371768951416,-3.2295635
exp3_fixed_2,8463,587.0991,591.832,0.0,-2.351396083831787,-2.3814833
exp3_fixed_2,8464,649.2303,651.2396,0.0,-0.4240260124206543,-1.5852494
exp3_fixed_2,8465,644.1398,655.11646,0.0,-0.9161560535430908,-10.060545
exp3_fixed_2,8466,634.7219,648.2418,0.0,-1.4267988204956055,-12.093119
exp3_fixed_2,8467,576.8322,580.20764,0.0,-1.3336111307144165,-2.0418363
exp3_fixed_2,8468,573.02997,583.88794,0.0,-0.8841714859008789,-9.973821
exp3_fixed_2,8469,575.9173,579.62164,0.0,-0.549690306186676,-3.1546767
exp3_fixed_2,8470,594.5696,597.67004,0.0,-0.6072431802749634,-2.4932656
exp3_fixed_2,8471,623.6488,625.68005,0.0,-0.25454017519950867,-1.7767394
exp3_fixed_2,8472,613.35425,618.92163,0.0,-0.5615622997283936,-5.0058756
exp3_fixed_2,8473,566.09094,569.3844,0.0,-0.5305237770080566,-2.7629688
exp3_fixed_2,8474,601.65247,603.2141,0.0,-0.6499629020690918,-0.91172624
exp3_fixed_2,8475,587.1512,590.4636,0.0,-0.7737625241279602,-2.5387053
exp3_fixed_2,8476,551.51245,555.0085,0.0,-0.9958677887916565,-2.500116
exp3_fixed_2,8477,522.49023,530.99677,0.0,-2.3766396045684814,-6.129841
exp3_fixed_2,8478,619.23474,620.93854,0.0,-0.6386942267417908,-1.0651097
exp3_fixed_2,8479,640.5128,642.9312,0.0,-0.2902666926383972,-2.128083
exp3_fixed_2,8481,626.0791,633.1982,0.0,-0.8671123385429382,-6.251951
exp3_fixed_2,8482,615.1315,619.546,0.0,-1.401206612586975,-3.0133116
exp3_fixed_2,8483,589.22504,591.37366,0.0,-0.4934319257736206,-1.6551985
exp3_fixed_2,8484,650.9066,653.89014,0.0,-1.0257004499435425,-1.9577934
exp3_fixed_2,8485,558.609,567.8373,0.0,-0.5240883231163025,-8.704135
exp3_fixed_2,8486,607.11707,608.8254,0.0,-0.4468369483947754,-1.261504
exp3_fixed_2,8487,577.9741,583.27576,0.0,-0.6577647924423218,-4.643884
exp3_fixed_2,8488,598.5343,602.84564,0.0,-0.9587221145629883,-3.3526025
exp3_fixed_2,8489,513.8162,527.4412,0.0,-1.8217363357543945,-11.803306
exp3_fixed_2,8490,577.1531,581.0834,0.0,-1.9181387424468994,-2.0121214
exp3_fixed_2,8491,673.2309,675.8259,0.0,-0.6623033285140991,-1.9327079
exp3_fixed_2,8492,523.068,527.5825,0.0,-1.5878465175628662,-2.9267068
exp3_fixed_2,8493,581.8085,584.2352,0.0,-0.6258696913719177,-1.8008534
exp3_fixed_2,8494,584.2557,585.4866,0.0,-0.24749977886676788,-0.9833598
exp3_fixed_2,8495,605.8712,609.9488,0.0,-0.5557109117507935,-3.52189
exp3_fixed_2,8496,628.7645,632.24774,0.0,-0.7766688466072083,-2.7065346
exp3_fixed_2,8497,618.01697,620.3909,0.0,-0.45617127418518066,-1.9178243
exp3_fixed_2,8498,574.1509,583.0664,0.0,-1.147019386291504,-7.7684636
exp3_fixed_2,8499,608.4832,617.38745,0.0,-1.3182092905044556,-7.586044
exp3_fixed_2,8501,622.6104,629.1977,0.0,-1.5771998167037964,-5.010049
exp3_fixed_2,8502,553.7573,559.76776,0.0,-0.7810088992118835,-5.229439
exp3_fixed_2,8503,617.87244,620.58167,0.0,-0.7025235295295715,-2.00674
exp3_fixed_2,8504,599.0,602.63806,0.0,-0.8322733640670776,-2.805804
exp3_fixed_2,8505,532.9235,542.5563,0.0,-0.8810357451438904,-8.751672
exp3_fixed_2,8506,581.4824,586.1127,0.0,-0.6593753099441528,-3.97086
exp3_fixed_2,8507,602.2757,609.31146,0.0,-0.6136245727539062,-6.422155
exp3_fixed_2,8508,589.2523,602.8972,0.0,-1.5072853565216064,-12.137612
exp3_fixed_2,8509,575.36554,580.3146,0.0,-2.2567687034606934,-2.6922534
exp3_fixed_2,8510,584.585,587.5648,0.0,-0.7012172937393188,-2.2785804
exp3_fixed_2,8511,585.9443,587.27795,0.0,-0.4114803075790405,-0.92215747
exp3_fixed_2,8512,657.15247,660.31287,0.0,-1.0506136417388916,-2.1097882
exp3_fixed_2,8513,673.5865,676.4053,0.0,-0.4946064352989197,-2.3241472
exp3_fixed_2,8514,579.4479,581.92126,0.0,-0.7234288454055786,-1.7499651
exp3_fixed_2,8515,559.30664,569.74695,0.0,-0.5451107025146484,-9.89525
exp3_fixed_2,8516,521.6364,546.62805,0.0,-11.051460266113281,-13.940258
exp3_fixed_2,8517,552.84454,557.145,0.0,-1.1256097555160522,-3.1748745
exp3_fixed_2,8518,652.994,657.7186,0.0,-1.2263131141662598,-3.4983144
exp3_fixed_2,8519,479.43048,484.4635,0.0,-1.639559030532837,-3.3934512
exp3_fixed_2,8521,536.1397,546.6019,0.0,-1.1940088272094727,-9.268219
exp3_fixed_2,8522,550.12195,566.2851,0.0,-0.5967600345611572,-15.566409
exp3_fixed_2,8523,610.2996,612.99426,0.0,-0.7260099649429321,-1.9686104
exp3_fixed_2,8524,552.93744,555.6581,0.0,-0.8166849613189697,-1.903989
exp3_fixed_2,8525,485.823,490.3839,0.0,-0.8803284764289856,-3.6805842
exp3_fixed_2,8526,627.62286,631.03467,0.0,-1.515345573425293,-1.896426
exp3_fixed_2,8527,561.71814,564.1911,0.0,-1.157416820526123,-1.3155563
exp3_fixed_2,8528,578.9859,581.44885,0.0,-0.7854798436164856,-1.6775175
exp3_fixed_2,8529,576.1663,579.7507,0.0,-0.4189435541629791,-3.1654387
exp3_fixed_2,8530,580.9827,583.7644,0.0,-0.7728135585784912,-2.008897
exp3_fixed_2,8531,505.08307,512.11163,0.0,-1.6638110876083374,-5.364743
exp3_fixed_2,8532,-207.86891,2.0957136,-200.0,-9.879669189453125,-0.08496082
exp3_fixed_2,8533,579.5574,597.2054,0.0,-1.0345218181610107,-16.613495
exp3_fixed_2,8534,537.73944,542.43896,0.0,-1.5371575355529785,-3.162298
exp3_fixed_2,8535,606.11163,609.33167,0.0,-0.600145161151886,-2.6198475
exp3_fixed_2,8536,558.5431,561.4088,0.0,-0.752505898475647,-2.1132095
exp3_fixed_2,8537,622.19324,624.7894,0.0,-0.3949615955352783,-2.2012112
exp3_fixed_2,8538,589.2499,595.7598,0.0,-2.0086824893951416,-4.5011954
exp3_fixed_2,8539,639.5488,642.2672,0.0,-1.074238896369934,-1.6440701
exp3_fixed_2,8541,528.5526,536.72876,0.0,-0.8500663042068481,-7.32607
exp3_fixed_2,8542,541.9971,546.5706,0.0,-1.0747231245040894,-3.4987931
exp3_fixed_2,8543,477.0244,490.48975,0.0,-4.783993721008301,-8.681341
exp3_fixed_2,8544,609.57275,621.377,0.0,-0.7999420166015625,-11.004292
exp3_fixed_2,8545,461.63647,478.98685,0.0,-6.141697406768799,-11.208683
exp3_fixed_2,8546,505.56577,507.65558,0.0,-0.5424703359603882,-1.5473381
exp3_fixed_2,8547,538.28827,540.86096,0.0,-0.34832459688186646,-2.2243285
exp3_fixed_2,8548,557.7301,569.78375,0.0,-2.3834645748138428,-9.670268
exp3_fixed_2,8549,596.4115,599.45435,0.0,-0.777574360370636,-2.265232
exp3_fixed_2,8550,599.3037,625.34393,0.0,-2.0493783950805664,-23.990917
exp3_fixed_2,8551,607.3818,610.8956,0.0,-1.2709623575210571,-2.2429054
exp3_fixed_2,8552,-57.079956,158.16353,-200.0,-13.445562362670898,-1.7979106
exp3_fixed_2,8553,603.83417,607.18445,0.0,-1.0346206426620483,-2.3156922
exp3_fixed_2,8554,588.6891,591.254,0.0,-0.8988851308822632,-1.6660063
exp3_fixed_2,8555,-205.54413,70.772224,-200.0,-56.25921630859375,-20.057137
exp3_fixed_2,8556,635.2002,636.8863,0.0,-0.23663541674613953,-1.4494401
exp3_fixed_2,8557,567.9811,571.3998,0.0,-0.731429934501648,-2.6873195
exp3_fixed_2,8558,557.7318,573.49207,0.0,-1.1292624473571777,-14.630922
exp3_fixed_2,8559,521.8975,530.4251,0.0,-1.2464573383331299,-7.2811494
exp3_fixed_2,8561,582.34393,586.62964,0.0,-0.5998760461807251,-3.6857898
exp3_fixed_2,8562,585.7983,595.1273,0.0,-1.4431850910186768,-7.8859053
exp3_fixed_2,8563,630.0812,633.1111,0.0,-0.6227537393569946,-2.4071434
exp3_fixed_2,8564,587.8134,590.98315,0.0,-1.004884958267212,-2.1648965
exp3_fixed_2,8565,588.133,593.1655,0.0,-2.0907342433929443,-2.9418137
exp3_fixed_2,8566,504.31262,507.07678,0.0,-0.6333667039871216,-2.1308117
exp3_fixed_2,8567,575.22455,580.94794,0.0,-0.41588738560676575,-5.3075166
exp3_fixed_2,8568,564.9525,570.3644,0.0,-2.501615285873413,-2.910269
exp3_fixed_2,8569,531.4776,539.7652,0.0,-0.3787398040294647,-7.9088345
exp3_fixed_2,8570,609.6847,613.55493,0.0,-0.9267832636833191,-2.943478
exp3_fixed_2,8571,590.1109,610.1162,0.0,-6.8384175300598145,-13.166915
exp3_fixed_2,8572,577.8282,581.48413,0.0,-1.352627158164978,-2.3032975
exp3_fixed_2,8573,552.15393,563.059,0.0,-1.7068179845809937,-9.198233
exp3_fixed_2,8574,624.49133,626.50964,0.0,-0.4258755147457123,-1.5924007
exp3_fixed_2,8575,599.40454,602.99084,0.0,-0.35352978110313416,-3.232847
exp3_fixed_2,8576,573.864,580.80176,0.0,-3.049017906188965,-3.8887255
exp3_fixed_2,8577,588.6675,593.2008,0.0,-1.2872716188430786,-3.2460394
exp3_fixed_2,8578,600.5794,603.85156,0.0,-0.6451227068901062,-2.627049
exp3_fixed_2,8579,622.9155,626.2522,0.0,-2.4871273040771484,-0.8495399
exp3_fixed_2,8581,620.202,625.4166,0.0,-2.304746627807617,-2.909796
exp3_fixed_2,8582,602.50446,606.1423,0.0,-1.2480937242507935,-2.3897843
exp3_fixed_2,8583,592.3992,597.6542,0.0,-1.333954095840454,-3.921021
exp3_fixed_2,8584,558.208,561.65405,0.0,-1.0426756143569946,-2.4033308
exp3_fixed_2,8585,538.8375,544.74054,0.0,-0.4774821400642395,-5.425563
exp3_fixed_2,8586,572.42786,583.50037,0.0,-4.473945617675781,-6.598488
exp3_fixed_2,8587,655.696,659.54895,0.0,-1.0841209888458252,-2.768786
exp3_fixed_2,8588,588.1183,590.05286,0.0,-1.0298517942428589,-0.90470386
exp3_fixed_2,8589,587.2767,590.3962,0.0,-0.7066210508346558,-2.4128957
exp3_fixed_2,8590,650.46594,653.0256,0.0,-0.27672067284584045,-2.2828817
exp3_fixed_2,8591,576.0808,583.4672,0.0,-4.9779181480407715,-2.4085135
exp3_fixed_2,8592,605.4956,611.24866,0.0,-2.3530688285827637,-3.4000318
exp3_fixed_2,8593,665.48474,667.37634,0.0,-0.5098759531974792,-1.3817086
exp3_fixed_2,8594,610.3179,612.6822,0.0,-0.9666233658790588,-1.3976806
exp3_fixed_2,8595,528.24677,538.8856,0.0,-1.097181797027588,-9.541666
exp3_fixed_2,8596,527.4331,530.9442,0.0,-1.4781479835510254,-2.0329747
exp3_fixed_2,8597,546.83875,555.49115,0.0,-0.4068436026573181,-8.245592
exp3_fixed_2,8598,557.783,567.6091,0.0,-0.9736078977584839,-8.852434
exp3_fixed_2,8599,522.0858,526.4948,0.0,-0.656245231628418,-3.7527835
exp3_fixed_2,8601,505.11673,523.8386,0.0,-2.2081923484802246,-16.51371
exp3_fixed_2,8602,572.466,578.6799,0.0,-0.7266663312911987,-5.4872274
exp3_fixed_2,8603,611.45715,615.1052,0.0,-1.5544003248214722,-2.0936935
exp3_fixed_2,8604,562.24646,569.5536,0.0,-4.133521556854248,-3.1736119
exp3_fixed_2,8605,570.7914,578.6647,0.0,-1.5996689796447754,-6.2736015
exp3_fixed_2,8606,580.84326,584.8305,0.0,-0.4847666025161743,-3.5024507
exp3_fixed_2,8607,640.47925,645.4651,0.0,-1.5208559036254883,-3.4650562
exp3_fixed_2,8608,625.0845,628.33704,0.0,-0.5005493760108948,-2.7520573
exp3_fixed_2,8609,514.67456,523.8882,0.0,-0.7637746334075928,-8.449818
exp3_fixed_2,8610,547.59595,561.0537,0.0,-1.9736814498901367,-11.484141
exp3_fixed_2,8611,535.2223,542.0795,0.0,-0.432726114988327,-6.424549
exp3_fixed_2,8612,579.7,587.2243,0.0,-0.6637082099914551,-6.860556
exp3_fixed_2,8613,589.7825,592.1869,0.0,-0.46332961320877075,-1.9411471
exp3_fixed_2,8614,579.3445,581.5751,0.0,-0.5023338794708252,-1.7282789
exp3_fixed_2,8615,551.1062,560.28076,0.0,-0.7892399430274963,-8.38537
exp3_fixed_2,8616,570.03296,572.8926,0.0,-0.37798380851745605,-2.481589
exp3_fixed_2,8617,610.901,615.341,0.0,-0.42561864852905273,-4.0143313
exp3_fixed_2,8618,569.0255,570.566,0.0,-0.27348628640174866,-1.2670382
exp3_fixed_2,8619,530.9064,535.84045,0.0,-1.10603928565979,-3.8280807
exp3_fixed_2,8621,531.5012,535.8303,0.0,-0.9697433114051819,-3.3593357
exp3_fixed_2,8622,584.2018,587.9071,0.0,-0.5548887252807617,-3.1504452
exp3_fixed_2,8623,496.8335,504.15637,0.0,-1.4832100868225098,-5.839687
exp3_fixed_2,8624,-347.09763,3.3618622,-200.0,-149.88380432128906,-0.5756801
exp3_fixed_2,8625,580.9979,583.3882,0.0,-0.32807809114456177,-2.0621662
exp3_fixed_2,8626,602.026,605.88586,0.0,-1.1666011810302734,-2.6932225
exp3_fixed_2,8627,565.0918,574.859,0.0,-2.3850467205047607,-7.382152
exp3_fixed_2,8628,509.11816,518.0682,0.0,-2.1409080028533936,-6.809111
exp3_fixed_2,8629,-315.1649,34.979828,-200.0,-149.89559936523438,-0.24912742
exp3_fixed_2,8630,607.0609,608.9866,0.0,-1.00449800491333,-0.9211541
exp3_fixed_2,8631,589.59906,595.79224,0.0,-2.567917823791504,-3.625253
exp3_fixed_2,8632,532.23267,540.4447,0.0,-1.1267189979553223,-7.085365
exp3_fixed_2,8633,535.59125,552.88525,0.0,-5.363659858703613,-11.930345
exp3_fixed_2,8634,646.3749,649.86597,0.0,-1.1814041137695312,-2.309749
exp3_fixed_2,8635,611.9158,614.4933,0.0,-1.052929401397705,-1.5246041
exp3_fixed_2,8636,544.7406,549.1547,0.0,-0.11274373531341553,-4.3013525
exp3_fixed_2,8637,552.2791,557.91284,0.0,-1.031255841255188,-4.6024337
exp3_fixed_2,8638,570.8314,574.4551,0.0,-1.833487868309021,-1.7901496
exp3_fixed_2,8639,538.61316,545.09546,0.0,-0.9151773452758789,-5.567117
exp3_fixed_2,8641,609.03186,610.9097,0.0,-0.756942093372345,-1.1209387
exp3_fixed_2,8642,533.0786,538.40405,0.0,-0.48805350065231323,-4.8374
exp3_fixed_2,8643,597.7287,601.0947,0.0,-0.959700882434845,-2.4063554
exp3_fixed_2,8644,469.29584,477.23328,0.0,-2.784956455230713,-5.1524935
exp3_fixed_2,8645,-160.26942,57.600403,-200.0,-17.739398956298828,-0.1304372
exp3_fixed_2,8646,497.14352,505.77954,0.0,-0.9135953187942505,-7.7224183
exp3_fixed_2,8647,588.3702,593.53503,0.0,-0.8867617845535278,-4.278138
exp3_fixed_2,8648,553.167,561.99536,0.0,-2.311447858810425,-6.516924
exp3_fixed_2,8649,510.4778,514.2746,0.0,-1.0369824171066284,-2.7598197
exp3_fixed_2,8650,616.5512,619.2573,0.0,-0.6572579741477966,-2.0488431
exp3_fixed_2,8651,498.9049,501.58072,0.0,-0.8556187152862549,-1.8201932
exp3_fixed_2,8652,651.1918,658.9589,0.0,-0.7765386700630188,-6.990575
exp3_fixed_2,8653,602.539,607.12854,0.0,-0.3280227780342102,-4.2615056
exp3_fixed_2,8654,526.9671,533.33215,0.0,-2.6373043060302734,-3.727741
exp3_fixed_2,8655,564.5403,566.8959,0.0,-0.5005710124969482,-1.8550617
exp3_fixed_2,8656,524.77594,542.24023,0.0,-0.41228151321411133,-17.052061
exp3_fixed_2,8657,-214.10037,3.0842924,-200.0,-16.827329635620117,-0.35733706
exp3_fixed_2,8658,570.72595,583.75116,0.0,-2.328723430633545,-10.6964655
exp3_fixed_2,8659,529.42505,532.4093,0.0,-1.0132168531417847,-1.9710191
exp3_fixed_2,8661,549.73944,554.7954,0.0,-0.7954292297363281,-4.26052
exp3_fixed_2,8662,550.74304,559.48865,0.0,-1.0878312587738037,-7.657799
exp3_fixed_2,8663,618.63513,624.443,0.0,-3.7899696826934814,-2.017926
exp3_fixed_2,8664,605.1298,608.3058,0.0,-1.1244922876358032,-2.0514822
exp3_fixed_2,8665,-209.1651,3.3647563,-200.0,-11.835718154907227,-0.6941523
exp3_fixed_2,8666,500.7124,509.29166,0.0,-0.4129011631011963,-8.166393
exp3_fixed_2,8667,-347.51868,2.9487176,-200.0,-149.90402221679688,-0.5633676
exp3_fixed_2,8668,581.231,584.25916,0.0,-0.6089454889297485,-2.4191556
exp3_fixed_2,8669,624.52576,627.0222,0.0,-0.6886950731277466,-1.8077706
exp3_fixed_2,8670,608.75964,610.73016,0.0,-0.6801286935806274,-1.2903641
exp3_fixed_2,8671,532.0592,538.4693,0.0,-0.45245790481567383,-5.9576406
exp3_fixed_2,8672,636.63947,640.7556,0.0,-0.6861335039138794,-3.4300842
exp3_fixed_2,8673,640.58624,643.29065,0.0,-0.7980533838272095,-1.9063429
exp3_fixed_2,8674,579.88,583.13605,0.0,-0.6604150533676147,-2.5956495
exp3_fixed_2,8675,605.4114,612.4327,0.0,-0.3961131274700165,-6.625189
exp3_fixed_2,8676,619.4711,624.0803,0.0,-2.3917369842529297,-2.217492
exp3_fixed_2,8677,634.8604,641.18646,0.0,-0.5710188746452332,-5.755014
exp3_fixed_2,8678,622.00244,625.5625,0.0,-1.257312297821045,-2.302726
exp3_fixed_2,8679,557.63403,562.9896,0.0,-1.7564761638641357,-3.599134
exp3_fixed_2,8681,583.50183,589.71826,0.0,-2.139646291732788,-4.0767765
exp3_fixed_2,8682,613.14825,615.437,0.0,-0.5515475869178772,-1.7372026
exp3_fixed_2,8683,513.1322,523.9627,0.0,-2.0134198665618896,-8.817106
exp3_fixed_2,8684,614.505,621.12854,0.0,-0.7191179990768433,-5.9044642
exp3_fixed_2,8685,620.33606,624.53906,0.0,-2.10025691986084,-2.1027265
exp3_fixed_2,8686,558.62823,565.30725,0.0,-0.8121727705001831,-5.8667984
exp3_fixed_2,8687,555.6759,559.61426,0.0,-1.0588423013687134,-2.8795485
exp3_fixed_2,8688,592.192,596.6082,0.0,-1.3451176881790161,-3.071067
exp3_fixed_2,8689,527.95386,532.86273,0.0,-1.2946407794952393,-3.6142979
exp3_fixed_2,8690,639.1477,645.0991,0.0,-2.7022740840911865,-3.2491844
exp3_fixed_2,8691,541.2009,569.3553,0.0,-3.6330435276031494,-24.521263
exp3_fixed_2,8692,614.2785,618.8388,0.0,-0.8665134310722351,-3.6937907
exp3_fixed_2,8693,524.86554,529.98376,0.0,-0.7290765643119812,-4.3891106
exp3_fixed_2,8694,683.8797,685.56506,0.0,-0.2928919494152069,-1.3925062
exp3_fixed_2,8695,539.8115,552.229,0.0,-0.9916090369224548,-11.425889
exp3_fixed_2,8696,539.82416,545.79156,0.0,-1.020019769668579,-4.94738
exp3_fixed_2,8697,627.28564,630.4907,0.0,-0.6367650032043457,-2.5683067
exp3_fixed_2,8698,606.27203,611.8424,0.0,-0.784629225730896,-4.7857323
exp3_fixed_2,8699,613.024,618.53326,0.0,-3.7774362564086914,-1.731765
exp3_fixed_2,8701,-226.82921,2.2052553,-200.0,-28.41155433654785,-0.622916
exp3_fixed_2,8702,610.42285,618.8381,0.0,-1.919759750366211,-6.4954104
exp3_fixed_2,8703,611.71857,617.8733,0.0,-3.509427309036255,-2.6453094
exp3_fixed_2,8704,598.3746,600.3922,0.0,-0.5459766983985901,-1.4716134
exp3_fixed_2,8705,504.30658,511.5774,0.0,-1.2161425352096558,-6.054639
exp3_fixed_2,8706,605.93396,608.78156,0.0,-0.4668445587158203,-2.380712
exp3_fixed_2,8707,570.6192,575.191,0.0,-2.1230008602142334,-2.4487824
exp3_fixed_2,8708,524.71106,532.00854,0.0,-0.7752691507339478,-6.522172
exp3_fixed_2,8709,639.2389,641.19214,0.0,-0.7420803308486938,-1.2111799
exp3_fixed_2,8710,579.839,581.69507,0.0,-0.5246453881263733,-1.331451
exp3_fixed_2,8711,619.5589,630.1974,0.0,-2.171025276184082,-8.467448
exp3_fixed_2,8712,563.22705,566.66315,0.0,-0.8234317302703857,-2.6126845
exp3_fixed_2,8713,615.5553,624.39325,0.0,-0.4489839971065521,-8.388934
exp3_fixed_2,8714,647.7141,649.6838,0.0,-0.7028077244758606,-1.2668178
exp3_fixed_2,8715,612.6981,616.1992,0.0,-0.9716310501098633,-2.529427
exp3_fixed_2,8716,598.8644,603.70087,0.0,-0.5052462220191956,-4.3312354
exp3_fixed_2,8717,557.0349,561.2296,0.0,-1.1893651485443115,-3.005373
exp3_fixed_2,8718,609.43604,613.0835,0.0,-0.6862346529960632,-2.9612675
exp3_fixed_2,8719,530.86475,539.66675,0.0,-0.5025913119316101,-8.29945
exp3_fixed_2,8721,537.0598,556.05585,0.0,-6.821658134460449,-12.174378
exp3_fixed_2,8722,629.04175,632.2732,0.0,-0.35773590207099915,-2.8737297
exp3_fixed_2,8723,623.1177,629.4262,0.0,-3.1554081439971924,-3.1530423
exp3_fixed_2,8724,636.4772,640.717,0.0,-1.2930560111999512,-2.9467664
exp3_fixed_2,8725,502.96762,508.83093,0.0,-2.446737289428711,-3.4165545
exp3_fixed_2,8726,540.50256,544.5359,0.0,-1.2587865591049194,-2.7745023
exp3_fixed_2,8727,554.70795,558.81116,0.0,-1.1461963653564453,-2.9569893
exp3_fixed_2,8728,651.0625,653.44135,0.0,-0.5087624192237854,-1.8700861
exp3_fixed_2,8729,607.6297,610.3126,0.0,-0.5783039927482605,-2.1045837
exp3_fixed_2,8730,515.45844,519.6777,0.0,-0.5680015683174133,-3.651228
exp3_fixed_2,8731,553.59,556.81726,0.0,-0.6001824140548706,-2.627078
exp3_fixed_2,8732,638.1122,640.57855,0.0,-1.003473162651062,-1.4629414
exp3_fixed_2,8733,602.58496,606.96173,0.0,-1.0007139444351196,-3.3760757
exp3_fixed_2,8734,595.5059,607.093,0.0,-0.9187967777252197,-10.668318
exp3_fixed_2,8735,600.78015,612.0826,0.0,-0.541987419128418,-10.760409
exp3_fixed_2,8736,553.3452,557.65454,0.0,-1.0331281423568726,-3.2761958
exp3_fixed_2,8737,636.6673,639.7197,0.0,-0.7669357061386108,-2.2854953
exp3_fixed_2,8738,591.29846,597.3397,0.0,-0.7485871315002441,-5.2926683
exp3_fixed_2,8739,555.9775,558.57416,0.0,-0.7793745994567871,-1.8173095
exp3_fixed_2,8741,587.30505,592.6629,0.0,-2.1658198833465576,-3.1920424
exp3_fixed_2,8742,646.7586,651.6184,0.0,-3.3572757244110107,-1.5024772
exp3_fixed_2,8743,594.0626,596.90125,0.0,-0.8129943609237671,-2.025613
exp3_fixed_2,8744,576.6821,581.292,0.0,-0.8931227922439575,-3.7167544
exp3_fixed_2,8745,440.79324,456.29187,0.0,-1.0063002109527588,-14.49229
exp3_fixed_2,8746,581.8496,588.14655,0.0,-0.7512075901031494,-5.545787
exp3_fixed_2,8747,543.3169,549.046,0.0,-0.5411524772644043,-5.187958
exp3_fixed_2,8748,616.89166,619.53125,0.0,-0.49596214294433594,-2.1437056
exp3_fixed_2,8749,578.6211,584.999,0.0,-3.385603666305542,-2.992373
exp3_fixed_2,8750,560.16113,562.08466,0.0,-0.2701493203639984,-1.6534088
exp3_fixed_2,8751,637.9537,640.5146,0.0,-0.6292402148246765,-1.9316182
exp3_fixed_2,8752,567.543,569.4563,0.0,-0.6957226395606995,-1.2175994
exp3_fixed_2,8753,547.9752,554.55145,0.0,-2.066531181335449,-4.5096645
exp3_fixed_2,8754,633.2099,643.754,0.0,-0.5144022703170776,-10.029802
exp3_fixed_2,8755,588.94916,591.9536,0.0,-0.9622887969017029,-2.0421796
exp3_fixed_2,8756,635.23016,636.91394,0.0,-0.5036342740058899,-1.1801921
exp3_fixed_2,8757,599.2865,602.44025,0.0,-0.838336706161499,-2.3154843
exp3_fixed_2,8758,630.3377,632.92285,0.0,-0.8409939408302307,-1.7441225
exp3_fixed_2,8759,595.20074,599.8666,0.0,-1.3052659034729004,-3.3605707
exp3_fixed_2,8761,522.39166,526.87476,0.0,-0.845495879650116,-3.6375546
exp3_fixed_2,8762,556.9451,561.90027,0.0,-1.9117438793182373,-3.04338
exp3_fixed_2,8763,560.9413,564.0123,0.0,-0.5792115926742554,-2.4918025
exp3_fixed_2,8764,565.2632,568.26794,0.0,-0.7779961228370667,-2.2267222
exp3_fixed_2,8765,504.8055,507.28622,0.0,-0.7379305958747864,-1.7427704
exp3_fixed_2,8766,524.7711,528.3282,0.0,-0.9280730485916138,-2.6289673
exp3_fixed_2,8767,555.55536,567.1331,0.0,-1.163406491279602,-10.414375
exp3_fixed_2,8768,605.8421,609.1113,0.0,-0.6582330465316772,-2.6110187
exp3_fixed_2,8769,570.1536,573.91425,0.0,-0.721853494644165,-3.0387597
exp3_fixed_2,8770,584.0425,587.19464,0.0,-1.0091429948806763,-2.1430025
exp3_fixed_2,8771,628.5148,630.2403,0.0,-0.25175055861473083,-1.4737594
exp3_fixed_2,8772,540.1456,547.0805,0.0,-0.5808926820755005,-6.3539853
exp3_fixed_2,8773,460.2569,478.2819,0.0,-15.281936645507812,-2.7430346
exp3_fixed_2,8774,519.49554,530.27563,0.0,-0.9273874759674072,-9.852702
exp3_fixed_2,8775,569.3534,572.60535,0.0,-0.44395479559898376,-2.80797
exp3_fixed_2,8776,607.024,617.8054,0.0,-0.8961410522460938,-9.885292
exp3_fixed_2,8777,611.2702,617.1703,0.0,-0.6540608406066895,-5.246055
exp3_fixed_2,8778,562.7344,566.74316,0.0,-1.4726972579956055,-2.5361125
exp3_fixed_2,8779,632.7208,636.2279,0.0,-2.166499376296997,-1.3406384
exp3_fixed_2,8781,560.9081,564.6685,0.0,-0.4166017770767212,-3.3438177
exp3_fixed_2,8782,579.56116,584.143,0.0,-0.49921584129333496,-4.0826573
exp3_fixed_2,8783,596.0071,608.565,0.0,-0.9744741320610046,-11.583409
exp3_fixed_2,8784,603.67725,607.67346,0.0,-1.1879734992980957,-2.8081872
exp3_fixed_2,8785,616.5344,620.4948,0.0,-0.9597328305244446,-3.0006561
exp3_fixed_2,8786,533.21265,538.8878,0.0,-0.6335024237632751,-5.041729
exp3_fixed_2,8787,575.9585,583.4401,0.0,-5.375485897064209,-2.106098
exp3_fixed_2,8788,630.67676,634.0198,0.0,-1.083604335784912,-2.2594445
exp3_fixed_2,8789,628.92255,631.7307,0.0,-0.8632917404174805,-1.9448354
exp3_fixed_2,8790,576.10547,584.91174,0.0,-1.7345608472824097,-7.071753
exp3_fixed_2,8791,-166.62689,39.94308,-200.0,-6.178410530090332,-0.39154965
exp3_fixed_2,8792,582.3342,590.09326,0.0,-0.6847768425941467,-7.074237
exp3_fixed_2,8793,475.07938,488.76672,0.0,-3.3449220657348633,-10.3424
exp3_fixed_2,8794,614.43695,616.61786,0.0,-0.34750479459762573,-1.8334308
exp3_fixed_2,8795,574.95087,577.9513,0.0,-0.7008002996444702,-2.2995734
exp3_fixed_2,8796,616.41736,620.29846,0.0,-1.2216284275054932,-2.6594362
exp3_fixed_2,8797,594.38635,597.406,0.0,-0.4170992970466614,-2.6025515
exp3_fixed_2,8798,486.2179,495.25647,0.0,-2.0301828384399414,-7.0084133
exp3_fixed_2,8799,523.67523,527.59283,0.0,-0.6836685538291931,-3.2339067
exp3_fixed_2,8801,534.65967,542.9942,0.0,-1.6680221557617188,-6.666496
exp3_fixed_2,8802,619.3932,621.8534,0.0,-0.7592170238494873,-1.7010126
exp3_fixed_2,8803,609.791,614.81305,0.0,-0.8816256523132324,-4.1404147
exp3_fixed_2,8804,600.2209,605.29663,0.0,-1.5861989259719849,-3.4895346
exp3_fixed_2,8805,568.76404,579.83875,0.0,-0.52044677734375,-10.554245
exp3_fixed_2,8806,628.77,630.6251,0.0,-0.8219547867774963,-1.0331854
exp3_fixed_2,8807,604.2429,607.69934,0.0,-1.409003496170044,-2.0474198
exp3_fixed_2,8808,548.2177,556.9514,0.0,-1.8940942287445068,-6.8395834
exp3_fixed_2,8809,657.33203,660.9769,0.0,-0.43486732244491577,-3.209961
exp3_fixed_2,8810,542.06256,547.6519,0.0,-1.267256498336792,-4.3220468
exp3_fixed_2,8811,538.69324,544.7838,0.0,-1.1949200630187988,-4.895646
exp3_fixed_2,8812,556.38434,567.8279,0.0,-0.9814236164093018,-10.462145
exp3_fixed_2,8813,484.45148,495.55786,0.0,-3.134050130844116,-7.972319
exp3_fixed_2,8814,533.0642,537.09595,0.0,-0.6978365778923035,-3.3339543
exp3_fixed_2,8815,563.0034,569.0542,0.0,-3.3793461322784424,-2.6714385
exp3_fixed_2,8816,496.23248,501.8791,0.0,-0.9837914705276489,-4.6627994
exp3_fixed_2,8817,592.37836,594.6276,0.0,-0.7015978097915649,-1.5476476
exp3_fixed_2,8818,694.48145,697.2306,0.0,-0.4086620807647705,-2.3403733
exp3_fixed_2,8819,591.62134,594.64984,0.0,-0.43332773447036743,-2.5951397
exp3_fixed_2,8821,489.3719,503.1808,0.0,-4.163017272949219,-9.645866
exp3_fixed_2,8822,605.04364,607.96423,0.0,-0.4518601894378662,-2.4687152
exp3_fixed_2,8823,666.7715,670.1367,0.0,-0.5029042363166809,-2.8623543
exp3_fixed_2,8824,478.62,482.58557,0.0,-2.488342761993408,-1.47724
exp3_fixed_2,8825,618.7262,631.8702,0.0,-2.7056918144226074,-10.438295
exp3_fixed_2,8826,610.1111,612.6013,0.0,-0.5426185727119446,-1.947611
exp3_fixed_2,8827,560.893,564.5441,0.0,-0.8636836409568787,-2.7874024
exp3_fixed_2,8828,540.5839,545.51904,0.0,-0.9163331985473633,-4.0188317
exp3_fixed_2,8829,510.85492,512.23694,0.0,-0.27474236488342285,-1.1072918
exp3_fixed_2,8830,601.70166,604.2122,0.0,-0.9118835926055908,-1.5987283
exp3_fixed_2,8831,595.5895,597.73474,0.0,-0.9149397015571594,-1.2303619
exp3_fixed_2,8832,588.1387,590.8849,0.0,-1.057297706604004,-1.6889539
exp3_fixed_2,8833,543.16376,546.4968,0.0,-0.8796259164810181,-2.4534678
exp3_fixed_2,8834,613.3992,618.20044,0.0,-1.3956432342529297,-3.4055905
exp3_fixed_2,8835,598.9057,601.0255,0.0,-0.3896893858909607,-1.7301432
exp3_fixed_2,8836,607.75964,610.1046,0.0,-0.2496359944343567,-2.0953665
exp3_fixed_2,8837,612.31433,615.1373,0.0,-0.5637130737304688,-2.2592916
exp3_fixed_2,8838,583.1753,589.44965,0.0,-3.304140567779541,-2.9701705
exp3_fixed_2,8839,616.88983,622.6554,0.0,-3.6677451133728027,-2.0978785
exp3_fixed_2,8841,613.8125,618.4949,0.0,-1.6216979026794434,-3.0606391
exp3_fixed_2,8842,564.29614,567.5064,0.0,-0.9657372832298279,-2.2445233
exp3_fixed_2,8843,574.4541,576.8361,0.0,-0.42222464084625244,-1.9598196
exp3_fixed_2,8844,609.8955,613.70447,0.0,-1.1042485237121582,-2.7047105
exp3_fixed_2,8845,530.8906,536.44653,0.0,-0.8718615174293518,-4.6840296
exp3_fixed_2,8846,555.78394,561.70465,0.0,-0.6613243222236633,-5.2593913
exp3_fixed_2,8847,636.7992,639.0911,0.0,-0.42117440700531006,-1.8707532
exp3_fixed_2,8848,551.17334,556.0145,0.0,-0.21338610351085663,-4.627743
exp3_fixed_2,8849,649.2416,652.3331,0.0,-0.9342449307441711,-2.157352
exp3_fixed_2,8850,568.1953,571.4585,0.0,-0.6257986426353455,-2.637336
exp3_fixed_2,8851,595.29755,600.2462,0.0,-0.40321528911590576,-4.545459
exp3_fixed_2,8852,511.05237,516.8949,0.0,-1.5167021751403809,-4.3257885
exp3_fixed_2,8853,564.06604,571.9602,0.0,-5.740808963775635,-2.1533706
exp3_fixed_2,8854,-227.49812,132.12692,-200.0,-154.38262939453125,-5.242427
exp3_fixed_2,8855,577.69965,579.4806,0.0,-0.6787087917327881,-1.1022028
exp3_fixed_2,8856,491.235,496.4218,0.0,-0.31913137435913086,-4.86768
exp3_fixed_2,8857,480.15125,490.53235,0.0,-2.362736940383911,-8.018363
exp3_fixed_2,8858,-314.66724,35.491047,-200.0,-149.88235473632812,-0.27590188
exp3_fixed_2,8859,645.64874,648.4892,0.0,-0.7011770009994507,-2.13931
exp3_fixed_2,8861,650.0445,652.98145,0.0,-0.735422670841217,-2.201494
exp3_fixed_2,8862,550.67206,554.8137,0.0,-1.0912615060806274,-3.0503876
exp3_fixed_2,8863,633.239,634.54565,0.0,-0.2544171214103699,-1.0522146
exp3_fixed_2,8864,603.3573,615.42114,0.0,-0.6882685422897339,-11.375608
exp3_fixed_2,8865,571.3962,575.0387,0.0,-1.3249874114990234,-2.317476
exp3_fixed_2,8866,483.95804,488.45966,0.0,-0.5345737934112549,-3.9670498
exp3_fixed_2,8867,486.1679,488.37866,0.0,-0.557612419128418,-1.653143
exp3_fixed_2,8868,582.30585,584.61127,0.0,-0.5200669765472412,-1.7853901
exp3_fixed_2,8869,-289.92007,7.379778,-200.0,-96.8300552368164,-0.46979186
exp3_fixed_2,8870,685.582,687.41876,0.0,-0.1719125360250473,-1.6648242
exp3_fixed_2,8871,546.66205,552.8438,0.0,-1.4954893589019775,-4.686236
exp3_fixed_2,8872,493.2252,502.03864,0.0,-2.0993270874023438,-6.714108
exp3_fixed_2,8873,530.95154,541.7236,0.0,-1.0499392747879028,-9.722099
exp3_fixed_2,8874,674.7599,676.74243,0.0,-0.4394441246986389,-1.5431216
exp3_fixed_2,8875,-212.61333,24.739824,-200.0,-37.0722770690918,-0.2808642
exp3_fixed_2,8876,621.2849,623.5118,0.0,-0.4952220320701599,-1.7316695
exp3_fixed_2,8877,572.24316,582.3514,0.0,-1.1194136142730713,-8.988834
exp3_fixed_2,8878,561.70154,571.8869,0.0,-0.4807595908641815,-9.704596
exp3_fixed_2,8879,647.57825,649.2555,0.0,-0.4309169054031372,-1.2462727
exp3_fixed_2,8881,555.6831,569.79944,0.0,-2.38908314704895,-11.7273245
exp3_fixed_2,8882,539.54865,548.07874,0.0,-0.9999622702598572,-7.530123
exp3_fixed_2,8883,601.8753,605.953,0.0,-0.9151251316070557,-3.1625304
exp3_fixed_2,8884,597.23846,601.9454,0.0,-0.6079280376434326,-4.0989804
exp3_fixed_2,8885,597.4719,601.9054,0.0,-1.6236040592193604,-2.8098366
exp3_fixed_2,8886,569.3264,577.28357,0.0,-0.9010942578315735,-7.056076
exp3_fixed_2,8887,471.81464,476.4093,0.0,-0.6222354173660278,-3.972441
exp3_fixed_2,8888,519.71783,529.50446,0.0,-0.4762387275695801,-9.310436
exp3_fixed_2,8889,524.4289,531.40955,0.0,-0.5486504435539246,-6.4320264
exp3_fixed_2,8890,581.3756,584.7709,0.0,-0.9880720973014832,-2.4071887
exp3_fixed_2,8891,634.0383,642.551,0.0,-0.669003427028656,-7.843652
exp3_fixed_2,8892,548.4042,552.76025,0.0,-0.6448085904121399,-3.711274
exp3_fixed_2,8893,569.28406,570.9375,0.0,-0.5234793424606323,-1.130002
exp3_fixed_2,8894,598.3063,605.7569,0.0,-0.5432435274124146,-6.907402
exp3_fixed_2,8895,543.71747,556.9704,0.0,-0.8378653526306152,-12.415061
exp3_fixed_2,8896,572.0221,578.0965,0.0,-0.7173641920089722,-5.357075
exp3_fixed_2,8897,592.0553,594.1134,0.0,-0.41074907779693604,-1.6473843
exp3_fixed_2,8898,550.1876,554.1456,0.0,-0.708935022354126,-3.2490966
exp3_fixed_2,8899,576.46,580.3658,0.0,-0.9171426296234131,-2.988643
exp3_fixed_2,8901,602.8076,606.22394,0.0,-1.359545111656189,-2.056718
exp3_fixed_2,8902,591.29065,594.3574,0.0,-0.6739106178283691,-2.392846
exp3_fixed_2,8903,579.3478,582.1583,0.0,-0.48873674869537354,-2.321815
exp3_fixed_2,8904,606.4057,610.8447,0.0,-1.3965721130371094,-3.042485
exp3_fixed_2,8905,571.7245,572.6656,0.0,-0.27529066801071167,-0.665806
exp3_fixed_2,8906,662.4546,665.9176,0.0,-0.759468674659729,-2.7035878
exp3_fixed_2,8907,639.1332,646.1019,0.0,-0.5527011156082153,-6.416005
exp3_fixed_2,8908,613.93085,636.83954,0.0,-0.4832756817340851,-22.425425
exp3_fixed_2,8909,601.5456,604.12524,0.0,-0.4590747058391571,-2.120537
exp3_fixed_2,8910,569.6758,574.0418,0.0,-0.4422038793563843,-3.923851
exp3_fixed_2,8911,569.0377,576.48566,0.0,-0.6814036965370178,-6.766559
exp3_fixed_2,8912,609.3466,612.15814,0.0,-0.5989727973937988,-2.2125387
exp3_fixed_2,8913,498.42078,506.6345,0.0,-1.1476202011108398,-7.0661073
exp3_fixed_2,8914,522.79987,530.1195,0.0,-2.805997133255005,-4.513622
exp3_fixed_2,8915,588.08673,589.34064,0.0,-0.2884927988052368,-0.9653848
exp3_fixed_2,8916,655.6636,657.08167,0.0,-0.43337011337280273,-0.9847554
exp3_fixed_2,8917,638.9194,642.1183,0.0,-1.6554042100906372,-1.5434376
exp3_fixed_2,8918,578.822,584.1529,0.0,-0.910538375377655,-4.420283
exp3_fixed_2,8919,587.27655,594.93176,0.0,-1.4614293575286865,-6.1937747
exp3_fixed_2,8921,584.9873,594.09143,0.0,-0.7187694311141968,-8.385335
exp3_fixed_2,8922,514.93146,521.1432,0.0,-1.5392773151397705,-4.6724696
exp3_fixed_2,8923,652.0033,654.8288,0.0,-0.47773659229278564,-2.347735
exp3_fixed_2,8924,549.88586,553.82544,0.0,-0.51297527551651,-3.426606
exp3_fixed_2,8925,-211.63585,2.0923185,-200.0,-13.330309867858887,-0.39785188
exp3_fixed_2,8926,600.6106,602.7761,0.0,-0.556617259979248,-1.6088966
exp3_fixed_2,8927,636.52637,639.92725,0.0,-0.9056745171546936,-2.4952016
exp3_fixed_2,8928,529.1943,538.02246,0.0,-0.5954055786132812,-8.232824
exp3_fixed_2,8929,604.0447,607.32526,0.0,-0.7155579924583435,-2.565048
exp3_fixed_2,8930,587.8752,590.1198,0.0,-0.5753625631332397,-1.6692593
exp3_fixed_2,8931,561.9772,565.5683,0.0,-0.6123253703117371,-2.9787922
exp3_fixed_2,8932,583.61084,588.86365,0.0,-1.7592096328735352,-3.4935784
exp3_fixed_2,8933,587.6143,596.46936,0.0,-0.9401195049285889,-7.9149203
exp3_fixed_2,8934,642.38025,645.35455,0.0,-0.7388948202133179,-2.2353961
exp3_fixed_2,8935,497.02014,520.4585,0.0,-9.455955505371094,-13.982366
exp3_fixed_2,8936,615.4458,617.81866,0.0,-0.47343626618385315,-1.8994224
exp3_fixed_2,8937,-311.44614,38.555664,-200.0,-149.89816284179688,-0.10366
exp3_fixed_2,8938,629.4809,631.78986,0.0,-0.6271154880523682,-1.681812
exp3_fixed_2,8939,506.66028,516.01013,0.0,-0.8992164134979248,-8.450655
exp3_fixed_2,8941,621.7694,624.91077,0.0,-0.6595458984375,-2.4817648
exp3_fixed_2,8942,576.6567,584.3797,0.0,-1.4511005878448486,-6.271933
exp3_fixed_2,8943,604.33234,623.4977,0.0,-0.8797838687896729,-18.285595
exp3_fixed_2,8944,516.0708,541.17993,0.0,-9.936270713806152,-15.1728115
exp3_fixed_2,8945,604.09766,610.3028,0.0,-2.5814435482025146,-3.623676
exp3_fixed_2,8946,493.79898,504.55383,0.0,-1.1453570127487183,-9.6094885
exp3_fixed_2,8947,547.06384,552.2198,0.0,-0.6814953684806824,-4.4744115
exp3_fixed_2,8948,587.5501,590.8447,0.0,-0.7189235091209412,-2.5757182
exp3_fixed_2,8949,521.3643,530.56885,0.0,-2.2068917751312256,-6.9976873
exp3_fixed_2,8950,576.9899,589.81165,0.0,-2.35395884513855,-10.467801
exp3_fixed_2,8951,572.0238,576.181,0.0,-0.40626972913742065,-3.750934
exp3_fixed_2,8952,600.64185,603.8836,0.0,-1.3317102193832397,-1.9101031
exp3_fixed_2,8953,593.76917,595.5292,0.0,-0.17640629410743713,-1.5836321
exp3_fixed_2,8954,646.23413,648.617,0.0,-0.6825069785118103,-1.7003243
exp3_fixed_2,8955,580.56915,584.5572,0.0,-0.8047707676887512,-3.1832469
exp3_fixed_2,8956,436.4768,447.76562,0.0,-1.6453248262405396,-9.64348
exp3_fixed_2,8957,581.29285,583.2298,0.0,-0.42074277997016907,-1.5162289
exp3_fixed_2,8958,541.0939,549.1018,0.0,-1.6417933702468872,-6.366164
exp3_fixed_2,8959,594.81976,600.24347,0.0,-0.5446729063987732,-4.8790193
exp3_fixed_2,8961,537.30566,549.99664,0.0,-5.392954349517822,-7.298076
exp3_fixed_2,8962,607.1839,610.52386,0.0,-0.9583615660667419,-2.38164
exp3_fixed_2,8963,632.5863,637.2766,0.0,-1.8169819116592407,-2.8733606
exp3_fixed_2,8964,-165.47658,76.91515,-200.0,-34.8650016784668,-7.526705
exp3_fixed_2,8965,527.8166,534.0421,0.0,-0.5577148199081421,-5.6678495
exp3_fixed_2,8966,600.3651,603.81824,0.0,-1.013168454170227,-2.439995
exp3_fixed_2,8967,557.8978,569.1574,0.0,-1.186426043510437,-10.073164
exp3_fixed_2,8968,534.0707,538.38983,0.0,-0.8932684659957886,-3.4258425
exp3_fixed_2,8969,605.26086,607.4442,0.0,-0.2984035909175873,-1.8849466
exp3_fixed_2,8970,614.6725,618.41077,0.0,-1.1722184419631958,-2.5660741
exp3_fixed_2,8971,574.17114,575.8296,0.0,-0.4240707755088806,-1.2343752
exp3_fixed_2,8972,658.4065,660.8797,0.0,-0.6300460696220398,-1.8431942
exp3_fixed_2,8973,576.7318,581.2351,0.0,-0.6682013869285583,-3.835139
exp3_fixed_2,8974,590.38965,592.792,0.0,-0.7606183290481567,-1.6417755
exp3_fixed_2,8975,616.4632,618.25195,0.0,-0.3701692521572113,-1.4185661
exp3_fixed_2,8976,578.6692,582.6873,0.0,-0.7302936315536499,-3.2878022
exp3_fixed_2,8977,631.4341,635.30817,0.0,-0.5365992188453674,-3.3375208
exp3_fixed_2,8978,571.474,574.369,0.0,-0.5987849831581116,-2.2962248
exp3_fixed_2,8979,551.6389,554.2859,0.0,-0.628394365310669,-2.0186424
exp3_fixed_2,8981,609.33386,611.0213,0.0,-0.3297373652458191,-1.3577119
exp3_fixed_2,8982,533.04987,535.7411,0.0,-0.5036821365356445,-2.1875153
exp3_fixed_2,8983,544.6294,551.13477,0.0,-1.3688102960586548,-5.1365857
exp3_fixed_2,8984,587.66406,591.4851,0.0,-0.9128713011741638,-2.908245
exp3_fixed_2,8985,626.2255,627.9848,0.0,-0.21779289841651917,-1.5414841
exp3_fixed_2,8986,617.54425,621.5921,0.0,-0.824204683303833,-3.2236505
exp3_fixed_2,8987,528.7885,533.7999,0.0,-0.5907340049743652,-4.4206853
exp3_fixed_2,8988,606.52844,610.1482,0.0,-0.90928715467453,-2.71051
exp3_fixed_2,8989,509.844,521.83234,0.0,-7.151744842529297,-4.8365955
exp3_fixed_2,8990,531.2173,543.1964,0.0,-4.920097351074219,-7.0590353
exp3_fixed_2,8991,528.12115,539.2435,0.0,-1.0632413625717163,-10.059153
exp3_fixed_2,8992,631.59766,634.19006,0.0,-0.5631001591682434,-2.02927
exp3_fixed_2,8993,596.58856,599.864,0.0,-1.460025668144226,-1.815363
exp3_fixed_2,8994,601.7012,603.4276,0.0,-1.0318593978881836,-0.6946573
exp3_fixed_2,8995,555.0322,564.4325,0.0,-0.6791988015174866,-8.721077
exp3_fixed_2,8996,521.5335,538.623,0.0,-1.9346963167190552,-15.15484
exp3_fixed_2,8997,526.2364,530.2972,0.0,-0.9485158920288086,-3.1122794
exp3_fixed_2,8998,578.6975,581.0349,0.0,-0.5575841665267944,-1.7798114
exp3_fixed_2,8999,580.5426,583.212,0.0,-1.4552173614501953,-1.2141643
exp3_fixed_2,9001,573.5805,576.6343,0.0,-0.738348662853241,-2.3154173
exp3_fixed_2,9002,615.08374,618.245,0.0,-0.6192227005958557,-2.542042
exp3_fixed_2,9003,569.0003,576.11255,0.0,-1.3558517694473267,-5.7563605
exp3_fixed_2,9004,616.35645,619.8861,0.0,-1.1953643560409546,-2.334293
exp3_fixed_2,9005,546.1436,556.82007,0.0,-0.5261014103889465,-10.150326
exp3_fixed_2,9006,-97.521286,112.87621,-200.0,-8.833948135375977,-1.5635606
exp3_fixed_2,9007,567.3403,575.6615,0.0,-0.5617671608924866,-7.759472
exp3_fixed_2,9008,608.33466,613.0477,0.0,-0.5327887535095215,-4.18032
exp3_fixed_2,9009,565.1927,570.9432,0.0,-2.0267603397369385,-3.7237523
exp3_fixed_2,9010,540.5938,546.9444,0.0,-1.5844441652297974,-4.7661695
exp3_fixed_2,9011,577.92175,581.18353,0.0,-0.849048376083374,-2.4127018
exp3_fixed_2,9012,575.5196,580.38684,0.0,-0.8350039720535278,-4.032197
exp3_fixed_2,9013,524.9005,537.648,0.0,-1.571394443511963,-11.176073
exp3_fixed_2,9014,496.6837,501.4927,0.0,-0.5599676966667175,-4.249073
exp3_fixed_2,9015,522.414,534.59534,0.0,-1.1573890447616577,-11.023908
exp3_fixed_2,9016,633.82214,636.3058,0.0,-0.7386573553085327,-1.7449713
exp3_fixed_2,9017,547.4958,550.05536,0.0,-0.6043750047683716,-1.955169
exp3_fixed_2,9018,591.5019,594.7251,0.0,-0.6568949222564697,-2.566276
exp3_fixed_2,9019,631.3934,635.3577,0.0,-0.6064881682395935,-3.3578892
exp3_fixed_2,9021,578.40936,581.29834,0.0,-0.7050760984420776,-2.1838741
exp3_fixed_2,9022,535.2556,539.5115,0.0,-0.18108370900154114,-4.074742
exp3_fixed_2,9023,589.0778,592.5343,0.0,-1.0474908351898193,-2.4089768
exp3_fixed_2,9024,598.61584,603.557,0.0,-1.6046454906463623,-3.3365357
exp3_fixed_2,9025,550.5719,557.44104,0.0,-0.7462547421455383,-6.1228285
exp3_fixed_2,9026,550.0071,557.5532,0.0,-5.204495429992676,-2.3416402
exp3_fixed_2,9027,546.1343,559.3419,0.0,-0.5654007196426392,-12.64229
exp3_fixed_2,9028,517.1462,520.18085,0.0,-0.9248331189155579,-2.1098437
exp3_fixed_2,9029,625.1857,627.3123,0.0,-0.42959535121917725,-1.696979
exp3_fixed_2,9030,601.8992,613.2427,0.0,-3.0139572620391846,-8.329515
exp3_fixed_2,9031,607.4409,614.5832,0.0,-0.9199705719947815,-6.22232
exp3_fixed_2,9032,564.49023,568.67456,0.0,-1.241205096244812,-2.9431345
exp3_fixed_2,9033,530.49524,538.12415,0.0,-3.8406448364257812,-3.7882216
exp3_fixed_2,9034,581.7593,588.16943,0.0,-0.46136876940727234,-5.948781
exp3_fixed_2,9035,571.56464,576.0643,0.0,-1.673233985900879,-2.8264065
exp3_fixed_2,9036,575.27496,584.81946,0.0,-0.5952852964401245,-8.949199
exp3_fixed_2,9037,644.61676,657.266,0.0,-0.9104677438735962,-11.7387295
exp3_fixed_2,9038,548.5458,557.02905,0.0,-1.8671008348464966,-6.616172
exp3_fixed_2,9039,564.02246,566.91833,0.0,-0.6632672548294067,-2.2326033
exp3_fixed_2,9041,-265.25455,86.68574,-200.0,-151.04769897460938,-0.8926031
exp3_fixed_2,9042,613.661,617.67236,0.0,-0.6624677181243896,-3.3488343
exp3_fixed_2,9043,635.958,638.53174,0.0,-0.9187039136886597,-1.655025
exp3_fixed_2,9044,616.81866,619.33594,0.0,-0.5044455528259277,-2.0128627
exp3_fixed_2,9045,685.99725,689.85547,0.0,-0.7223788499832153,-3.1358771
exp3_fixed_2,9046,530.16626,537.7409,0.0,-0.5714921951293945,-7.003117
exp3_fixed_2,9047,551.4226,554.42847,0.0,-0.6580908298492432,-2.3477592
exp3_fixed_2,9048,530.4758,539.1742,0.0,-1.778518557548523,-6.9198766
exp3_fixed_2,9049,571.0559,573.9307,0.0,-0.41771453619003296,-2.4571164
exp3_fixed_2,9050,606.036,610.15295,0.0,-0.9558488130569458,-3.161024
exp3_fixed_2,9051,584.5029,597.336,0.0,-1.0186030864715576,-11.814443
exp3_fixed_2,9052,611.76904,620.0656,0.0,-0.7244083881378174,-7.572128
exp3_fixed_2,9053,545.9782,548.68274,0.0,-0.6737744808197021,-2.0308065
exp3_fixed_2,9054,662.71533,675.5981,0.0,-1.5159826278686523,-11.366733
exp3_fixed_2,9055,575.0006,587.5916,0.0,-1.0914535522460938,-11.499475
exp3_fixed_2,9056,510.9293,516.76154,0.0,-0.5955432653427124,-5.236706
exp3_fixed_2,9057,573.19946,577.1419,0.0,-0.961313009262085,-2.9810972
exp3_fixed_2,9058,629.5071,631.498,0.0,-0.4556273818016052,-1.5352398
exp3_fixed_2,9059,581.9986,586.66516,0.0,-1.4802613258361816,-3.186272
exp3_fixed_2,9061,542.4121,552.7879,0.0,-0.42350244522094727,-9.952329
exp3_fixed_2,9062,614.77594,617.05945,0.0,-0.5027445554733276,-1.7808057
exp3_fixed_2,9063,554.90826,558.95325,0.0,-0.909365177154541,-3.1356282
exp3_fixed_2,9064,648.8695,652.06,0.0,-1.155712604522705,-2.0347407
exp3_fixed_2,9065,620.36316,625.4852,0.0,-1.3477139472961426,-3.7743504
exp3_fixed_2,9066,569.48816,578.0436,0.0,-1.1718764305114746,-7.383544
exp3_fixed_2,9067,617.8173,620.6303,0.0,-0.9899466037750244,-1.8230507
exp3_fixed_2,9068,562.5592,566.4799,0.0,-1.775734305381775,-2.1449556
exp3_fixed_2,9069,632.60626,636.0608,0.0,-0.7606223225593567,-2.6939898
exp3_fixed_2,9070,561.7615,564.66113,0.0,-0.6692916750907898,-2.230393
exp3_fixed_2,9071,597.706,599.6132,0.0,-0.8222984075546265,-1.0849636
exp3_fixed_2,9072,579.45593,581.53955,0.0,-0.6191970109939575,-1.4644549
exp3_fixed_2,9073,591.4387,594.53357,0.0,-0.89235520362854,-2.2025328
exp3_fixed_2,9074,554.3508,557.7656,0.0,-1.0233736038208008,-2.3914528
exp3_fixed_2,9075,-136.14499,151.71852,-200.0,-85.59210968017578,-2.271415
exp3_fixed_2,9076,539.8802,546.5397,0.0,-1.3279973268508911,-5.3315277
exp3_fixed_2,9077,544.0855,556.1069,0.0,-3.1028246879577637,-8.918568
exp3_fixed_2,9078,573.2184,575.28015,0.0,-0.4086015224456787,-1.653151
exp3_fixed_2,9079,582.1225,583.84406,0.0,-0.31186023354530334,-1.4096986
exp3_fixed_2,9081,517.79285,524.6869,0.0,-1.5554879903793335,-5.3385515
exp3_fixed_2,9082,559.26697,574.9708,0.0,-4.1702494621276855,-11.533645
exp3_fixed_2,9083,506.24075,509.71234,0.0,-0.6916259527206421,-2.7799664
exp3_fixed_2,9084,534.3309,537.9929,0.0,-0.4430745542049408,-3.218991
exp3_fixed_2,9085,632.44653,634.969,0.0,-0.6638791561126709,-1.8585758
exp3_fixed_2,9086,587.17456,589.65894,0.0,-0.5636343955993652,-1.920715
exp3_fixed_2,9087,562.2582,566.1928,0.0,-1.01691734790802,-2.9177809
exp3_fixed_2,9088,594.7434,604.4214,0.0,-1.7634581327438354,-7.914435
exp3_fixed_2,9089,560.4362,566.8613,0.0,-1.2109694480895996,-5.214122
exp3_fixed_2,9090,576.9929,587.07007,0.0,-0.3135546147823334,-9.763544
exp3_fixed_2,9091,510.7223,521.4849,0.0,-1.453943133354187,-9.308702
exp3_fixed_2,9092,-206.88306,15.014259,-200.0,-21.307395935058594,-0.5899174
exp3_fixed_2,9093,542.4627,545.2771,0.0,-0.9273641705513,-1.8870155
exp3_fixed_2,9094,582.34033,589.83386,0.0,-2.3518970012664795,-5.141597
exp3_fixed_2,9095,519.6612,523.0511,0.0,-0.7323988676071167,-2.6574624
exp3_fixed_2,9096,578.4883,581.45996,0.0,-0.849359393119812,-2.1223543
exp3_fixed_2,9097,623.21783,632.1043,0.0,-4.330528736114502,-4.555976
exp3_fixed_2,9098,633.88025,638.4515,0.0,-0.3829030990600586,-4.188347
exp3_fixed_2,9099,655.0904,657.2561,0.0,-1.0937318801879883,-1.0719506
exp3_fixed_2,9101,633.87616,635.6349,0.0,-0.5407422184944153,-1.2179674
exp3_fixed_2,9102,588.1628,589.69714,0.0,-0.4997130334377289,-1.0346754
exp3_fixed_2,9103,587.6865,593.3561,0.0,-0.6628661751747131,-5.006669
exp3_fixed_2,9104,518.6543,524.52155,0.0,-1.6440778970718384,-4.223147
exp3_fixed_2,9105,603.9092,605.79706,0.0,-0.3127322793006897,-1.5751455
exp3_fixed_2,9106,528.8105,538.23755,0.0,-1.3585399389266968,-8.068541
exp3_fixed_2,9107,570.57983,573.8903,0.0,-0.7621347904205322,-2.5483618
exp3_fixed_2,9108,571.6045,577.8915,0.0,-3.3089406490325928,-2.9780343
exp3_fixed_2,9109,586.0715,589.7629,0.0,-1.4662137031555176,-2.2251763
exp3_fixed_2,9110,614.3574,617.13544,0.0,-0.8481423854827881,-1.9298455
exp3_fixed_2,9111,559.58997,575.5658,0.0,-2.9828455448150635,-12.992954
exp3_fixed_2,9112,543.9417,548.7727,0.0,-0.42527905106544495,-4.405741
exp3_fixed_2,9113,628.8113,634.87195,0.0,-0.5202020406723022,-5.5404763
exp3_fixed_2,9114,630.6044,633.848,0.0,-1.8273718357086182,-1.4162772
exp3_fixed_2,9115,512.2744,521.6321,0.0,-1.7784079313278198,-7.579225
exp3_fixed_2,9116,568.5102,569.4723,0.0,-0.33724868297576904,-0.6248139
exp3_fixed_2,9117,538.292,539.90015,0.0,-0.17858630418777466,-1.4295835
exp3_fixed_2,9118,604.94,607.9076,0.0,-0.7813088893890381,-2.1862347
exp3_fixed_2,9119,535.6881,538.9326,0.0,-0.691662073135376,-2.5528386
exp3_fixed_2,9121,499.94275,513.79333,0.0,-3.2347464561462402,-10.615834
exp3_fixed_2,9122,521.1238,532.35284,0.0,-1.1061010360717773,-10.122916
exp3_fixed_2,9123,538.7903,542.7144,0.0,-0.81218421459198,-3.1119413
exp3_fixed_2,9124,454.76822,460.69135,0.0,-0.7776558995246887,-5.1454735
exp3_fixed_2,9125,613.43915,617.0724,0.0,-0.7494145631790161,-2.8838477
exp3_fixed_2,9126,595.87836,599.27295,0.0,-0.8173564672470093,-2.577215
exp3_fixed_2,9127,570.95465,573.5823,0.0,-0.4918164014816284,-2.135877
exp3_fixed_2,9128,600.5703,603.0139,0.0,-0.6896905303001404,-1.7539347
exp3_fixed_2,9129,574.7076,576.681,0.0,-0.31744712591171265,-1.6560558
exp3_fixed_2,9130,585.378,589.3044,0.0,-1.0918797254562378,-2.8345053
exp3_fixed_2,9131,519.99866,525.1836,0.0,-0.7273492813110352,-4.457597
exp3_fixed_2,9132,633.481,635.6852,0.0,-0.5968114137649536,-1.6073469
exp3_fixed_2,9133,535.0919,542.2916,0.0,-0.3635749816894531,-6.836113
exp3_fixed_2,9134,650.9342,653.5955,0.0,-0.6540042757987976,-2.0073261
exp3_fixed_2,9135,684.19275,686.02686,0.0,-0.305685818195343,-1.5285009
exp3_fixed_2,9136,637.6122,640.4074,0.0,-1.2756121158599854,-1.5196686
exp3_fixed_2,9137,570.2975,576.7466,0.0,-0.4993988871574402,-5.9496593
exp3_fixed_2,9138,509.0719,526.02765,0.0,-0.8837579488754272,-16.071978
exp3_fixed_2,9139,592.0936,601.19403,0.0,-1.2418828010559082,-7.8585515
exp3_fixed_2,9141,568.0267,578.7457,0.0,-0.3679218888282776,-10.351092
exp3_fixed_2,9142,623.58545,629.3935,0.0,-2.2284188270568848,-3.5796375
exp3_fixed_2,9143,564.5544,566.8022,0.0,-0.9562942981719971,-1.2914723
exp3_fixed_2,9144,649.40704,651.70636,0.0,-0.5885148048400879,-1.710822
exp3_fixed_2,9145,585.9798,588.1222,0.0,-0.6654466390609741,-1.4770242
exp3_fixed_2,9146,665.05414,669.9909,0.0,-0.9956436157226562,-3.9411135
exp3_fixed_2,9147,543.7587,550.98505,0.0,-0.8703925609588623,-6.3559146
exp3_fixed_2,9148,597.14984,601.90704,0.0,-2.0285089015960693,-2.7286923
exp3_fixed_2,9149,578.81177,582.60205,0.0,-0.6592992544174194,-3.1309562
exp3_fixed_2,9150,566.99457,572.57117,0.0,-2.148650646209717,-3.4279633
exp3_fixed_2,9151,500.04153,512.43665,0.0,-2.730837345123291,-9.664265
exp3_fixed_2,9152,513.1068,518.0447,0.0,-2.9346446990966797,-2.003273
exp3_fixed_2,9153,568.4113,573.87787,0.0,-2.2195546627044678,-3.246976
exp3_fixed_2,9154,625.96216,629.3894,0.0,-0.595061182975769,-2.8321629
exp3_fixed_2,9155,679.4599,683.6637,0.0,-0.9132119417190552,-3.290588
exp3_fixed_2,9156,632.8303,635.5647,0.0,-0.40464839339256287,-2.3296905
exp3_fixed_2,9157,628.69104,630.829,0.0,-0.4627203345298767,-1.675184
exp3_fixed_2,9158,588.3903,592.6158,0.0,-0.9063103199005127,-3.3191621
exp3_fixed_2,9159,524.1373,530.32477,0.0,-0.6910715699195862,-5.4964037
exp3_fixed_2,9161,598.51483,601.9135,0.0,-0.5998748540878296,-2.798782
exp3_fixed_2,9162,594.9459,602.00024,0.0,-1.0434101819992065,-6.0108633
exp3_fixed_2,9163,589.0007,592.063,0.0,-0.7815396785736084,-2.2808416
exp3_fixed_2,9164,590.05963,592.805,0.0,-0.5062601566314697,-2.2390745
exp3_fixed_2,9165,605.0777,616.6894,0.0,-0.39347004890441895,-11.218223
exp3_fixed_2,9166,657.71674,662.3681,0.0,-2.1436705589294434,-2.507704
exp3_fixed_2,9167,654.0265,658.54236,0.0,-0.615097165107727,-3.9007356
exp3_fixed_2,9168,559.8585,566.0543,0.0,-0.4224182069301605,-5.77335
exp3_fixed_2,9169,567.55676,574.0977,0.0,-1.2582916021347046,-5.282715
exp3_fixed_2,9170,-160.1968,79.70164,-200.0,-36.38785171508789,-3.5105731
exp3_fixed_2,9171,600.92,603.4203,0.0,-0.6495271921157837,-1.8507254
exp3_fixed_2,9172,550.59357,559.5172,0.0,-2.1867780685424805,-6.7368464
exp3_fixed_2,9173,529.96515,536.0917,0.0,-0.7631497979164124,-5.3633785
exp3_fixed_2,9174,551.48193,561.5432,0.0,-0.8298241496086121,-9.231446
exp3_fixed_2,9175,609.6113,612.3976,0.0,-0.7089449167251587,-2.077314
exp3_fixed_2,9176,603.07837,608.9658,0.0,-1.8037277460098267,-4.083715
exp3_fixed_2,9177,587.0504,594.0166,0.0,-0.9186536073684692,-6.0475945
exp3_fixed_2,9178,563.86145,565.7449,0.0,-0.39924564957618713,-1.4841876
exp3_fixed_2,9179,624.42426,627.6153,0.0,-0.888731062412262,-2.3023
exp3_fixed_2,9181,641.2592,643.17334,0.0,-0.49051278829574585,-1.4235808
exp3_fixed_2,9182,536.5375,542.02344,0.0,-1.1011929512023926,-4.384833
exp3_fixed_2,9183,588.88544,590.9785,0.0,-0.47027429938316345,-1.6227995
exp3_fixed_2,9184,559.4499,568.86975,0.0,-1.6556236743927002,-7.7642145
exp3_fixed_2,9185,614.72046,616.8,0.0,-0.2542375922203064,-1.825272
exp3_fixed_2,9186,588.19324,590.9258,0.0,-1.3510921001434326,-1.3814625
exp3_fixed_2,9187,571.3935,573.82556,0.0,-0.6958916783332825,-1.7362003
exp3_fixed_2,9188,569.2885,578.46313,0.0,-0.9057072997093201,-8.268951
exp3_fixed_2,9189,592.2448,596.5841,0.0,-0.5587098002433777,-3.780612
exp3_fixed_2,9190,623.19635,624.5302,0.0,-0.24355843663215637,-1.0903331
exp3_fixed_2,9191,499.94724,508.45337,0.0,-2.2655746936798096,-6.240546
exp3_fixed_2,9192,587.9159,591.8961,0.0,-1.203326940536499,-2.7768946
exp3_fixed_2,9193,561.25275,572.5549,0.0,-2.3035829067230225,-8.9985
exp3_fixed_2,9194,542.7398,547.37415,0.0,-0.9801283478736877,-3.654217
exp3_fixed_2,9195,579.89404,581.85065,0.0,-0.37767523527145386,-1.5789325
exp3_fixed_2,9196,595.97,599.48584,0.0,-0.7453842163085938,-2.7704618
exp3_fixed_2,9197,656.3524,659.7141,0.0,-0.42925482988357544,-2.9323883
exp3_fixed_2,9198,579.9096,584.59595,0.0,-0.8912690281867981,-3.7950757
exp3_fixed_2,9199,571.9664,575.2117,0.0,-1.5947964191436768,-1.65053
exp3_fixed_2,9201,576.2562,579.06036,0.0,-0.803447425365448,-2.000707
exp3_fixed_2,9202,581.3005,585.1102,0.0,-1.5706303119659424,-2.2391481
exp3_fixed_2,9203,600.01575,604.7884,0.0,-1.4268507957458496,-3.3458614
exp3_fixed_2,9204,610.8438,614.0189,0.0,-0.30936795473098755,-2.865731
exp3_fixed_2,9205,596.4785,599.7271,0.0,-0.7247318625450134,-2.523815
exp3_fixed_2,9206,603.9895,605.4978,0.0,-0.4289766550064087,-1.0793278
exp3_fixed_2,9207,606.8136,609.83386,0.0,-0.6686019897460938,-2.35163
exp3_fixed_2,9208,591.2535,594.528,0.0,-1.0028828382492065,-2.271642
exp3_fixed_2,9209,584.19336,590.13916,0.0,-0.7063801288604736,-5.239365
exp3_fixed_2,9210,603.6038,607.0875,0.0,-0.9051358103752136,-2.5785651
exp3_fixed_2,9211,561.27936,566.725,0.0,-1.0082374811172485,-4.4374557
exp3_fixed_2,9212,545.5298,547.89484,0.0,-0.7117449641227722,-1.6532888
exp3_fixed_2,9213,583.8182,586.6715,0.0,-1.1550402641296387,-1.6983056
exp3_fixed_2,9214,586.15704,588.411,0.0,-0.7592898011207581,-1.4946436
exp3_fixed_2,9215,544.4176,556.5754,0.0,-0.7393237352371216,-11.418414
exp3_fixed_2,9216,610.34033,620.09247,0.0,-1.0975732803344727,-8.65452
exp3_fixed_2,9217,652.9475,656.73035,0.0,-3.034832239151001,-0.74795026
exp3_fixed_2,9218,597.7448,599.0699,0.0,-0.3196549415588379,-1.005422
exp3_fixed_2,9219,643.7203,646.715,0.0,-0.48122650384902954,-2.5135198
exp3_fixed_2,9221,567.0027,570.0206,0.0,-0.7149402499198914,-2.3030019
exp3_fixed_2,9222,563.11914,569.4713,0.0,-0.9792249798774719,-5.3729367
exp3_fixed_2,9223,563.18164,573.69,0.0,-0.9765899777412415,-9.531761
exp3_fixed_2,9224,542.01514,549.0244,0.0,-0.6296423077583313,-6.3796244
exp3_fixed_2,9225,-240.59549,117.55359,-200.0,-155.88438415527344,-2.2646697
exp3_fixed_2,9226,583.75696,586.6925,0.0,-0.6728181838989258,-2.2627254
exp3_fixed_2,9227,521.2839,527.8114,0.0,-0.7897636890411377,-5.7378006
exp3_fixed_2,9228,638.5405,641.2284,0.0,-0.6505118608474731,-2.0373907
exp3_fixed_2,9229,486.56625,510.03152,0.0,-1.41456937789917,-22.050722
exp3_fixed_2,9230,628.818,632.9889,0.0,-1.947928547859192,-2.2229712
exp3_fixed_2,9231,601.9987,606.4035,0.0,-0.4936031997203827,-3.9111357
exp3_fixed_2,9232,593.79144,600.621,0.0,-1.552762508392334,-5.27677
exp3_fixed_2,9233,494.94183,526.5324,0.0,-20.1193904876709,-11.471198
exp3_fixed_2,9234,575.7894,580.1718,0.0,-0.7413867712020874,-3.6409743
exp3_fixed_2,9235,632.2418,636.92456,0.0,-1.1536104679107666,-3.5291188
exp3_fixed_2,9236,618.84216,622.7111,0.0,-0.7758439183235168,-3.093115
exp3_fixed_2,9237,621.392,623.3211,0.0,-0.6272075772285461,-1.3018587
exp3_fixed_2,9238,579.75885,591.6086,0.0,-0.756899356842041,-11.092847
exp3_fixed_2,9239,537.1389,545.9691,0.0,-4.104503631591797,-4.725693
exp3_fixed_2,9241,637.9587,640.3814,0.0,-0.4675091803073883,-1.9552891
exp3_fixed_2,9242,573.8032,575.7331,0.0,-0.7577556371688843,-1.172079
exp3_fixed_2,9243,582.9735,586.59143,0.0,-0.43523138761520386,-3.1826804
exp3_fixed_2,9244,589.5833,596.33075,0.0,-0.6473116278648376,-6.1001096
exp3_fixed_2,9245,540.3888,550.2053,0.0,-1.7373251914978027,-8.079213
exp3_fixed_2,9246,608.0937,611.97296,0.0,-0.6323789954185486,-3.2468812
exp3_fixed_2,9247,560.9711,572.3675,0.0,-3.976613759994507,-7.4197617
exp3_fixed_2,9248,568.85535,580.26697,0.0,-1.5973544120788574,-9.814223
exp3_fixed_2,9249,557.20233,562.76044,0.0,-1.5844348669052124,-3.9736905
exp3_fixed_2,9250,560.1959,566.366,0.0,-2.2142012119293213,-3.9559422
exp3_fixed_2,9251,589.51,591.5281,0.0,-0.6374409198760986,-1.380664
exp3_fixed_2,9252,508.141,517.4632,0.0,-1.955319881439209,-7.3669024
exp3_fixed_2,9253,525.844,535.0753,0.0,-0.578050971031189,-8.653326
exp3_fixed_2,9254,513.4216,515.69574,0.0,-0.7260174751281738,-1.5481721
exp3_fixed_2,9255,587.94836,593.71606,0.0,-1.3491113185882568,-4.4185853
exp3_fixed_2,9256,652.02954,654.33374,0.0,-0.26319941878318787,-2.0410604
exp3_fixed_2,9257,658.8987,662.8136,0.0,-0.5281257629394531,-3.3867831
exp3_fixed_2,9258,587.479,592.59875,0.0,-1.7312219142913818,-3.3885522
exp3_fixed_2,9259,572.1286,575.29956,0.0,-0.5407959222793579,-2.6301901
exp3_fixed_2,9261,612.94403,616.10114,0.0,-0.310413658618927,-2.8466635
exp3_fixed_2,9262,582.02856,590.36334,0.0,-1.0840274095535278,-7.2507153
exp3_fixed_2,9263,591.82574,599.2318,0.0,-0.4317251443862915,-6.974307
exp3_fixed_2,9264,599.88495,606.30566,0.0,-0.6723302602767944,-5.7484093
exp3_fixed_2,9265,605.7265,608.22144,0.0,-0.37103644013404846,-2.12396
exp3_fixed_2,9266,589.93195,593.7689,0.0,-0.8881990909576416,-2.9487078
exp3_fixed_2,9267,505.22906,509.9209,0.0,-0.6797439455986023,-4.012123
exp3_fixed_2,9268,478.75723,502.53345,0.0,-4.056883335113525,-19.719357
exp3_fixed_2,9269,-86.992905,140.55475,-200.0,-24.55278778076172,-2.9948864
exp3_fixed_2,9270,616.83905,620.0223,0.0,-0.3526979982852936,-2.83054
exp3_fixed_2,9271,592.817,593.63635,0.0,-0.2139771431684494,-0.6053627
exp3_fixed_2,9272,556.9447,562.0399,0.0,-2.231245279312134,-2.863959
exp3_fixed_2,9273,607.6172,609.56165,0.0,-0.6655486226081848,-1.2789323
exp3_fixed_2,9274,505.63397,513.61646,0.0,-1.3038586378097534,-6.678623
exp3_fixed_2,9275,542.1413,544.6864,0.0,-0.6328813433647156,-1.9122285
exp3_fixed_2,9276,551.88513,556.2352,0.0,-1.0577914714813232,-3.2922695
exp3_fixed_2,9277,438.13086,460.22678,0.0,-13.794713973999023,-8.301272
exp3_fixed_2,9278,472.16418,492.02216,0.0,-5.663956165313721,-14.194026
exp3_fixed_2,9279,573.5232,577.49805,0.0,-0.6577188372612,-3.3171525
exp3_fixed_2,9281,459.3418,476.68103,0.0,-2.3529422283172607,-14.986329
exp3_fixed_2,9282,522.7752,529.1436,0.0,-1.269307017326355,-5.0991096
exp3_fixed_2,9283,610.36066,615.6866,0.0,-3.0936408042907715,-2.2322664
exp3_fixed_2,9284,568.6566,572.3745,0.0,-0.8679585456848145,-2.849895
exp3_fixed_2,9285,616.33813,617.59534,0.0,-0.40391862392425537,-0.8533133
exp3_fixed_2,9286,543.4049,554.9336,0.0,-2.3925764560699463,-9.1361265
exp3_fixed_2,9287,599.9756,606.5719,0.0,-0.6914880275726318,-5.9048114
exp3_fixed_2,9288,524.3949,530.2577,0.0,-1.166529655456543,-4.696292
exp3_fixed_2,9289,575.1137,579.751,0.0,-0.9387014508247375,-3.6985188
exp3_fixed_2,9290,596.23914,603.40027,0.0,-0.5606580376625061,-6.6004705
exp3_fixed_2,9291,524.50995,538.2076,0.0,-4.272258281707764,-9.425336
exp3_fixed_2,9292,562.989,566.10156,0.0,-0.7587891817092896,-2.3537729
exp3_fixed_2,9293,478.63782,488.51685,0.0,-0.9289581775665283,-8.950052
exp3_fixed_2,9294,-183.30682,23.252861,-200.0,-6.268562316894531,-0.29111996
exp3_fixed_2,9295,590.63196,592.85913,0.0,-0.4024342894554138,-1.8247392
exp3_fixed_2,9296,545.03674,550.8313,0.0,-0.7363972663879395,-5.0581913
exp3_fixed_2,9297,576.10803,583.6697,0.0,-1.7219038009643555,-5.83974
exp3_fixed_2,9298,634.98315,637.30096,0.0,-0.5695806741714478,-1.7482
exp3_fixed_2,9299,614.0948,616.3928,0.0,-0.5592899918556213,-1.738786
exp3_fixed_2,9301,516.8291,530.2506,0.0,-5.869577884674072,-7.5518494
exp3_fixed_2,9302,583.6286,586.98804,0.0,-0.6765945553779602,-2.6828904
exp3_fixed_2,9303,586.66174,588.4026,0.0,-0.2152390033006668,-1.5255394
exp3_fixed_2,9304,581.0073,583.11035,0.0,-0.29242151975631714,-1.8105993
exp3_fixed_2,9305,554.6551,561.83154,0.0,-1.6398797035217285,-5.5365696
exp3_fixed_2,9306,589.7267,594.05334,0.0,-1.450864553451538,-2.8757477
exp3_fixed_2,9307,570.29584,577.76483,0.0,-2.348313331604004,-5.12068
exp3_fixed_2,9308,513.7705,519.2543,0.0,-0.9710937142372131,-4.512702
exp3_fixed_2,9309,619.4947,623.48254,0.0,-1.6592791080474854,-2.3285644
exp3_fixed_2,9310,510.13046,514.5988,0.0,-1.5018788576126099,-2.9664607
exp3_fixed_2,9311,550.50806,562.3846,0.0,-1.3908276557922363,-10.485687
exp3_fixed_2,9312,568.53253,571.89124,0.0,-0.9490557909011841,-2.4096725
exp3_fixed_2,9313,541.94116,553.69824,0.0,-1.7399682998657227,-10.01709
exp3_fixed_2,9314,569.4677,573.9171,0.0,-1.6640868186950684,-2.7852774
exp3_fixed_2,9315,584.97205,589.3235,0.0,-0.7124175429344177,-3.6390986
exp3_fixed_2,9316,507.77335,515.0523,0.0,-1.1019028425216675,-6.1770773
exp3_fixed_2,9317,527.38,535.67236,0.0,-0.7152417898178101,-7.577159
exp3_fixed_2,9318,568.30084,569.91815,0.0,-0.5500558018684387,-1.0672733
exp3_fixed_2,9319,596.62756,600.65845,0.0,-1.6411523818969727,-2.3897042
exp3_fixed_2,9321,604.2919,606.799,0.0,-0.6531941890716553,-1.8539555
exp3_fixed_2,9322,592.9581,594.6668,0.0,-0.5567643046379089,-1.1518726
exp3_fixed_2,9323,453.5081,458.82968,0.0,-0.7229897379875183,-4.5986195
exp3_fixed_2,9324,501.9307,517.4079,0.0,-6.935657978057861,-8.541552
exp3_fixed_2,9325,570.5058,575.12036,0.0,-1.00214684009552,-3.6124263
exp3_fixed_2,9326,598.61017,602.74084,0.0,-1.4378790855407715,-2.6928298
exp3_fixed_2,9327,595.9737,599.11304,0.0,-0.3970009982585907,-2.7423823
exp3_fixed_2,9328,627.6926,631.2588,0.0,-1.455663800239563,-2.110528
exp3_fixed_2,9329,592.4581,605.5331,0.0,-0.8281859159469604,-12.246811
exp3_fixed_2,9330,597.3054,603.27686,0.0,-2.8124310970306396,-3.1590192
exp3_fixed_2,9331,585.4716,590.26404,0.0,-1.4713170528411865,-3.3211205
exp3_fixed_2,9332,656.5151,658.4031,0.0,-0.5581239461898804,-1.3298767
exp3_fixed_2,9333,664.01575,666.68207,0.0,-0.37403571605682373,-2.2922993
exp3_fixed_2,9334,575.36096,580.8627,0.0,-2.0572290420532227,-3.4445238
exp3_fixed_2,9335,571.7975,577.2984,0.0,-0.956277072429657,-4.5446544
exp3_fixed_2,9336,489.99222,503.6387,0.0,-4.156793594360352,-9.489699
exp3_fixed_2,9337,613.23303,618.1341,0.0,-2.241124391555786,-2.6599073
exp3_fixed_2,9338,517.72687,522.98846,0.0,-1.1560654640197754,-4.105502
exp3_fixed_2,9339,649.0582,651.86633,0.0,-0.7617006301879883,-2.0464716
exp3_fixed_2,9341,617.2757,620.023,0.0,-0.5088915228843689,-2.238339
exp3_fixed_2,9342,580.15765,587.0176,0.0,-0.6402707099914551,-6.2196245
exp3_fixed_2,9343,572.833,578.7377,0.0,-0.5688440799713135,-5.3358126
exp3_fixed_2,9344,609.55273,613.8291,0.0,-1.2688398361206055,-3.0074685
exp3_fixed_2,9345,573.639,578.1317,0.0,-1.8897780179977417,-2.6029706
exp3_fixed_2,9346,496.18338,513.09644,0.0,-2.172499179840088,-14.7405405
exp3_fixed_2,9347,553.7544,557.2313,0.0,-0.5959565043449402,-2.8809984
exp3_fixed_2,9348,556.4595,562.2383,0.0,-1.3257139921188354,-4.4531474
exp3_fixed_2,9349,576.76953,579.16614,0.0,-0.8783469796180725,-1.5182858
exp3_fixed_2,9350,534.11676,543.0946,0.0,-1.330954909324646,-7.646919
exp3_fixed_2,9351,575.09076,579.0275,0.0,-0.7530607581138611,-3.1837044
exp3_fixed_2,9352,561.3267,568.0748,0.0,-0.8354265093803406,-5.912643
exp3_fixed_2,9353,578.8993,582.22546,0.0,-0.6121128797531128,-2.7140813
exp3_fixed_2,9354,599.1656,605.4207,0.0,-3.446819305419922,-2.8083596
exp3_fixed_2,9355,603.98303,607.3957,0.0,-1.7860783338546753,-1.6265992
exp3_fixed_2,9356,572.4275,578.9828,0.0,-2.3347842693328857,-4.2204447
exp3_fixed_2,9357,522.88184,528.62524,0.0,-0.3403977155685425,-5.4029684
exp3_fixed_2,9358,570.1415,572.54767,0.0,-0.39533597230911255,-2.010864
exp3_fixed_2,9359,673.3926,675.55554,0.0,-0.6716545820236206,-1.4913294
exp3_fixed_2,9361,581.9144,586.66064,0.0,-2.3065361976623535,-2.439664
exp3_fixed_2,9362,640.0312,642.87634,0.0,-0.8972263336181641,-1.9479749
exp3_fixed_2,9363,520.01263,526.5639,0.0,-1.8781602382659912,-4.6730843
exp3_fixed_2,9364,568.7115,572.93317,0.0,-0.47458189725875854,-3.7470822
exp3_fixed_2,9365,639.4492,642.40265,0.0,-0.7976621389389038,-2.155752
exp3_fixed_2,9366,615.93585,620.3706,0.0,-1.3004796504974365,-3.13422
exp3_fixed_2,9367,569.77423,578.41266,0.0,-0.5401270389556885,-8.098312
exp3_fixed_2,9368,527.0883,535.4468,0.0,-1.2942852973937988,-7.0641847
exp3_fixed_2,9369,493.58942,495.81754,0.0,-0.7623081803321838,-1.4658455
exp3_fixed_2,9370,-151.29753,60.498,-200.0,-11.385327339172363,-0.4102084
exp3_fixed_2,9371,576.423,582.39355,0.0,-0.46436622738838196,-5.506197
exp3_fixed_2,9372,621.13086,623.9723,0.0,-0.6568293571472168,-2.1846516
exp3_fixed_2,9373,575.8629,578.1,0.0,-0.23565559089183807,-2.0014467
exp3_fixed_2,9374,559.6214,561.71655,0.0,-0.34515276551246643,-1.7499564
exp3_fixed_2,9375,598.3983,602.06934,0.0,-0.5501936674118042,-3.1208448
exp3_fixed_2,9376,567.39417,571.8196,0.0,-1.1326637268066406,-3.2927618
exp3_fixed_2,9377,557.07605,559.8153,0.0,-1.009562373161316,-1.7296364
exp3_fixed_2,9378,535.27844,538.56616,0.0,-0.3324713110923767,-2.955274
exp3_fixed_2,9379,599.18665,602.31683,0.0,-1.1458803415298462,-1.9843051
exp3_fixed_2,9381,608.4584,611.2494,0.0,-0.4978983402252197,-2.2930942
exp3_fixed_2,9382,-171.18358,72.16407,-200.0,-42.543243408203125,-0.8044038
exp3_fixed_2,9383,547.7483,551.772,0.0,-0.31291061639785767,-3.7107503
exp3_fixed_2,9384,576.57886,579.15283,0.0,-0.582987368106842,-1.9909556
exp3_fixed_2,9385,672.1642,675.5989,0.0,-0.5025597810745239,-2.932042
exp3_fixed_2,9386,618.1078,621.3794,0.0,-1.1065680980682373,-2.165028
exp3_fixed_2,9387,607.5231,612.2524,0.0,-0.6392139196395874,-4.090052
exp3_fixed_2,9388,525.729,529.2429,0.0,-0.650166928768158,-2.8638031
exp3_fixed_2,9389,545.205,548.52625,0.0,-0.8290627002716064,-2.4922004
exp3_fixed_2,9390,636.16345,637.9956,0.0,-0.6957954168319702,-1.1362872
exp3_fixed_2,9391,571.8656,574.46216,0.0,-0.8659189939498901,-1.7306466
exp3_fixed_2,9392,634.9515,637.74744,0.0,-0.984656572341919,-1.8112972
exp3_fixed_2,9393,549.7853,554.6532,0.0,-0.4800553321838379,-4.3878746
exp3_fixed_2,9394,621.81836,626.59064,0.0,-1.2046966552734375,-3.5675893
exp3_fixed_2,9395,592.99164,596.8634,0.0,-0.9341274499893188,-2.937653
exp3_fixed_2,9396,598.593,603.15576,0.0,-1.7183982133865356,-2.8443577
exp3_fixed_2,9397,582.0688,586.11334,0.0,-0.9508401155471802,-3.0937207
exp3_fixed_2,9398,487.64246,496.633,0.0,-2.3276965618133545,-6.6628666
exp3_fixed_2,9399,589.3973,592.1997,0.0,-0.5428165793418884,-2.2596264
exp3_fixed_2,9401,535.852,541.1405,0.0,-2.6176037788391113,-2.6709251
exp3_fixed_2,9402,614.0735,616.011,0.0,-0.23547762632369995,-1.7020054
exp3_fixed_2,9403,595.0629,598.3388,0.0,-1.209641695022583,-2.066254
exp3_fixed_2,9404,565.73914,570.488,0.0,-0.8200949430465698,-3.9287188
exp3_fixed_2,9405,568.08386,570.9617,0.0,-0.738478422164917,-2.1393228
exp3_fixed_2,9406,585.4386,589.13696,0.0,-0.5710282325744629,-3.1273375
exp3_fixed_2,9407,623.69836,626.9313,0.0,-0.7319031357765198,-2.5010312
exp3_fixed_2,9408,568.4424,573.2805,0.0,-0.8410855531692505,-3.997015
exp3_fixed_2,9409,638.55054,641.1965,0.0,-0.8316317200660706,-1.814313
exp3_fixed_2,9410,600.1994,603.15576,0.0,-1.483866810798645,-1.4724886
exp3_fixed_2,9411,593.9227,604.8116,0.0,-0.5033292770385742,-10.385481
exp3_fixed_2,9412,559.60486,564.6131,0.0,-1.8756352663040161,-3.132562
exp3_fixed_2,9413,516.3418,530.7517,0.0,-4.78598165512085,-9.623978
exp3_fixed_2,9414,589.8203,593.2953,0.0,-0.6211676001548767,-2.8537614
exp3_fixed_2,9415,562.75165,564.9226,0.0,-0.5942533016204834,-1.57671
exp3_fixed_2,9416,642.26166,645.3718,0.0,-1.4152110815048218,-1.695008
exp3_fixed_2,9417,581.3784,587.0774,0.0,-0.9680536985397339,-4.730924
exp3_fixed_2,9418,583.3742,593.6628,0.0,-3.565126657485962,-6.72348
exp3_fixed_2,9419,541.89954,555.74365,0.0,-2.275317668914795,-11.568851
exp3_fixed_2,9421,589.41846,596.8843,0.0,-1.0030966997146606,-6.4626985
exp3_fixed_2,9422,-145.65552,62.104435,-200.0,-7.095563888549805,-0.66438216
exp3_fixed_2,9423,568.9324,571.99243,0.0,-0.703484058380127,-2.3566213
exp3_fixed_2,9424,604.47174,608.3539,0.0,-0.9162414073944092,-2.9658961
exp3_fixed_2,9425,559.9883,563.6483,0.0,-0.6727964282035828,-2.9872212
exp3_fixed_2,9426,589.8576,593.2529,0.0,-0.7742170095443726,-2.621115
exp3_fixed_2,9427,625.8871,629.87805,0.0,-1.009633183479309,-2.981303
exp3_fixed_2,9428,622.198,626.7769,0.0,-1.2051807641983032,-3.3737395
exp3_fixed_2,9429,-152.13042,61.708508,-200.0,-13.03788948059082,-0.80102545
exp3_fixed_2,9430,612.85803,620.8749,0.0,-4.322926998138428,-3.6938884
exp3_fixed_2,9431,594.2317,599.057,0.0,-1.8185772895812988,-3.0067446
exp3_fixed_2,9432,521.7499,526.5552,0.0,-0.7281343340873718,-4.0771995
exp3_fixed_2,9433,652.1178,654.1926,0.0,-0.7343016266822815,-1.3406044
exp3_fixed_2,9434,618.8859,626.71277,0.0,-0.6253957152366638,-7.201456
exp3_fixed_2,9435,585.7616,590.7915,0.0,-1.1277589797973633,-3.9021459
exp3_fixed_2,9436,-274.14783,88.13073,-200.0,-157.31228637695312,-4.966285
exp3_fixed_2,9437,-221.92564,19.857447,-200.0,-41.41019821166992,-0.3729032
exp3_fixed_2,9438,582.2912,589.53534,0.0,-1.536002278327942,-5.70811
exp3_fixed_2,9439,583.3301,587.04315,0.0,-0.6620423197746277,-3.051048
exp3_fixed_2,9441,611.7255,616.6311,0.0,-1.2678256034851074,-3.637729
exp3_fixed_2,9442,606.59314,609.9496,0.0,-0.6342174410820007,-2.7221653
exp3_fixed_2,9443,519.57654,525.7525,0.0,-0.6868903636932373,-5.489076
exp3_fixed_2,9444,554.64185,559.06256,0.0,-1.0948147773742676,-3.3259037
exp3_fixed_2,9445,451.91284,462.41846,0.0,-4.28535795211792,-6.2202854
exp3_fixed_2,9446,534.3437,537.9592,0.0,-0.9008508920669556,-2.7147028
exp3_fixed_2,9447,593.168,596.6765,0.0,-0.9051695466041565,-2.60329
exp3_fixed_2,9448,552.7705,561.6691,0.0,-1.349161982536316,-7.549382
exp3_fixed_2,9449,511.66934,519.8629,0.0,-2.6168015003204346,-5.576749
exp3_fixed_2,9450,614.453,617.62476,0.0,-0.7477133870124817,-2.4240322
exp3_fixed_2,9451,579.48987,582.1306,0.0,-0.6247333288192749,-2.0160422
exp3_fixed_2,9452,573.8031,576.5136,0.0,-0.4293241798877716,-2.2812014
exp3_fixed_2,9453,532.7636,540.0703,0.0,-1.7052509784698486,-5.60142
exp3_fixed_2,9454,593.2007,599.55054,0.0,-1.4574326276779175,-4.892466
exp3_fixed_2,9455,533.21204,536.9146,0.0,-1.086395025253296,-2.6162088
exp3_fixed_2,9456,598.62976,601.408,0.0,-1.1605844497680664,-1.6176172
exp3_fixed_2,9457,574.63525,577.25824,0.0,-0.5170227885246277,-2.1059086
exp3_fixed_2,9458,536.4553,540.0955,0.0,-0.44356030225753784,-3.1966553
exp3_fixed_2,9459,565.41455,569.20276,0.0,-0.601172924041748,-3.186993
exp3_fixed_2,9461,612.1458,615.4901,0.0,-1.2114338874816895,-2.1328475
exp3_fixed_2,9462,531.31805,542.8669,0.0,-7.068357944488525,-4.480479
exp3_fixed_2,9463,574.17316,577.08264,0.0,-0.5941667556762695,-2.3152907
exp3_fixed_2,9464,527.27814,534.0574,0.0,-2.1316769123077393,-4.6476197
exp3_fixed_2,9465,481.43796,488.0352,0.0,-1.627225399017334,-4.970013
exp3_fixed_2,9466,471.36185,484.69055,0.0,-2.705685615539551,-10.623042
exp3_fixed_2,9467,546.0235,548.91284,0.0,-0.8795345425605774,-2.0098104
exp3_fixed_2,9468,521.1533,536.4658,0.0,-3.754732608795166,-11.557883
exp3_fixed_2,9469,491.02893,494.12958,0.0,-0.7024823427200317,-2.3981442
exp3_fixed_2,9470,556.57935,558.9717,0.0,-0.47380921244621277,-1.9184818
exp3_fixed_2,9471,589.7224,593.01935,0.0,-0.7939921617507935,-2.5029607
exp3_fixed_2,9472,527.27155,533.4622,0.0,-2.0374815464019775,-4.153161
exp3_fixed_2,9473,463.47546,485.71786,0.0,-6.638490200042725,-15.60392
exp3_fixed_2,9474,505.75125,514.5848,0.0,-3.153820753097534,-5.67972
exp3_fixed_2,9475,571.84296,575.8136,0.0,-0.8909132480621338,-3.0797608
exp3_fixed_2,9476,523.4506,529.22974,0.0,-0.7075709700584412,-5.0715256
exp3_fixed_2,9477,627.76337,634.54724,0.0,-0.36854878067970276,-6.415357
exp3_fixed_2,9478,-98.86294,116.8188,-200.0,-13.27237319946289,-2.4093843
exp3_fixed_2,9479,509.15543,512.7738,0.0,-0.9088643789291382,-2.7094967
exp3_fixed_2,9481,622.89294,627.01733,0.0,-1.1621062755584717,-2.9622593
exp3_fixed_2,9482,508.75253,527.1495,0.0,-1.8644983768463135,-16.532408
exp3_fixed_2,9483,555.5175,558.255,0.0,-0.7838789224624634,-1.9535615
exp3_fixed_2,9484,643.6775,646.10657,0.0,-0.44351252913475037,-1.9855934
exp3_fixed_2,9485,608.9993,612.52185,0.0,-0.6374544501304626,-2.8851426
exp3_fixed_2,9486,-234.46072,128.41048,-200.0,-160.38853454589844,-2.4826846
exp3_fixed_2,9487,682.3674,687.1255,0.0,-0.9806900024414062,-3.7774925
exp3_fixed_2,9488,522.7761,527.4227,0.0,-0.8413431644439697,-3.8052788
exp3_fixed_2,9489,571.43195,590.22217,0.0,-0.8975943922996521,-17.892645
exp3_fixed_2,9490,564.41296,567.2272,0.0,-0.622668981552124,-2.1915965
exp3_fixed_2,9491,583.49286,586.1739,0.0,-0.5746949315071106,-2.1063263
exp3_fixed_2,9492,633.52386,637.1409,0.0,-1.054541826248169,-2.5625203
exp3_fixed_2,9493,527.84143,531.41095,0.0,-0.3326649069786072,-3.2368689
exp3_fixed_2,9494,572.04456,574.1831,0.0,-0.6637551784515381,-1.4747589
exp3_fixed_2,9495,638.5322,640.5819,0.0,-0.23170894384384155,-1.8179414
exp3_fixed_2,9496,628.5279,631.57935,0.0,-0.8608008027076721,-2.1906743
exp3_fixed_2,9497,576.75494,581.9498,0.0,-3.1550464630126953,-2.0398095
exp3_fixed_2,9498,540.12177,543.4525,0.0,-0.3699890971183777,-2.9607685
exp3_fixed_2,9499,544.276,548.0021,0.0,-0.5780620574951172,-3.147977
exp3_fixed_2,9501,588.4066,593.2726,0.0,-0.5965176820755005,-4.269487
exp3_fixed_2,9502,598.1874,606.3097,0.0,-3.752473831176758,-4.369781
exp3_fixed_2,9503,618.8693,621.6599,0.0,-0.9724720120429993,-1.8180729
exp3_fixed_2,9504,590.1541,593.4225,0.0,-0.7449660301208496,-2.5233996
exp3_fixed_2,9505,612.17676,614.0816,0.0,-0.5324313044548035,-1.3724529
exp3_fixed_2,9506,524.0773,527.1794,0.0,-0.7451194524765015,-2.3569503
exp3_fixed_2,9507,549.34607,555.6403,0.0,-0.7930682897567749,-5.501223
exp3_fixed_2,9508,619.2776,620.95026,0.0,-0.5837249755859375,-1.0889881
exp3_fixed_2,9509,610.8727,614.0768,0.0,-0.6784646511077881,-2.5256355
exp3_fixed_2,9510,548.34924,553.1448,0.0,-1.916430115699768,-2.8791037
exp3_fixed_2,9511,594.8118,600.2728,0.0,-2.2544069290161133,-3.2065704
exp3_fixed_2,9512,551.49695,559.15137,0.0,-0.7768707871437073,-6.877469
exp3_fixed_2,9513,583.81573,591.9359,0.0,-3.679373025894165,-4.440798
exp3_fixed_2,9514,590.33594,593.853,0.0,-0.7018337845802307,-2.8153143
exp3_fixed_2,9515,550.6562,553.11194,0.0,-0.35878831148147583,-2.0969384
exp3_fixed_2,9516,514.0376,522.21387,0.0,-2.648759603500366,-5.527465
exp3_fixed_2,9517,590.3764,595.7681,0.0,-2.3171768188476562,-3.074524
exp3_fixed_2,9518,573.6336,585.2902,0.0,-1.4208221435546875,-10.235778
exp3_fixed_2,9519,542.5024,550.24774,0.0,-2.83271861076355,-4.9126477
exp3_fixed_2,9521,640.7086,644.1911,0.0,-1.3192356824874878,-2.1632223
exp3_fixed_2,9522,526.7787,530.5813,0.0,-0.9437340497970581,-2.8589115
exp3_fixed_2,9523,477.92267,484.11227,0.0,-1.2632598876953125,-4.9263654
exp3_fixed_2,9524,585.6864,589.3185,0.0,-0.8344987034797668,-2.7975664
exp3_fixed_2,9525,617.87585,622.3674,0.0,-1.1414488554000854,-3.3499997
exp3_fixed_2,9526,598.5885,600.1273,0.0,-0.3726033866405487,-1.1661949
exp3_fixed_2,9527,572.4164,577.8583,0.0,-0.5478922724723816,-4.89398
exp3_fixed_2,9528,554.2811,563.9173,0.0,-6.235132694244385,-3.4010315
exp3_fixed_2,9529,616.4924,618.7141,0.0,-0.6084402799606323,-1.6132361
exp3_fixed_2,9530,606.12744,609.2776,0.0,-0.8240000009536743,-2.326091
exp3_fixed_2,9531,559.2141,563.7669,0.0,-0.46990007162094116,-4.0828485
exp3_fixed_2,9532,576.8428,580.9594,0.0,-2.295255184173584,-1.8214072
exp3_fixed_2,9533,-204.31491,2.5010986,-200.0,-6.733138084411621,-0.08287311
exp3_fixed_2,9534,611.9479,620.015,0.0,-2.1222379207611084,-5.944871
exp3_fixed_2,9535,638.5842,643.5652,0.0,-1.6118444204330444,-3.3690755
exp3_fixed_2,9536,579.589,585.72046,0.0,-5.115387439727783,-1.016134
exp3_fixed_2,9537,625.7353,628.22,0.0,-0.39795583486557007,-2.0866663
exp3_fixed_2,9538,560.61127,563.157,0.0,-0.5186586976051331,-2.0270495
exp3_fixed_2,9539,630.80865,634.00476,0.0,-0.6278761625289917,-2.5681977
exp3_fixed_2,9541,441.7708,470.20273,0.0,-11.1114501953125,-17.320475
exp3_fixed_2,9542,579.64905,583.9105,0.0,-1.5915247201919556,-2.6699078
exp3_fixed_2,9543,620.041,624.31445,0.0,-1.3284755945205688,-2.9449291
exp3_fixed_2,9544,496.8291,513.6315,0.0,-0.7921175956726074,-16.010223
exp3_fixed_2,9545,566.02344,568.6198,0.0,-0.6991458535194397,-1.89723
exp3_fixed_2,9546,600.5642,607.9809,0.0,-1.6898980140686035,-5.7268324
exp3_fixed_2,9547,584.365,589.2753,0.0,-2.3616738319396973,-2.54868
exp3_fixed_2,9548,591.3516,596.5557,0.0,-1.5467697381973267,-3.6573858
exp3_fixed_2,9549,618.4346,621.7107,0.0,-0.8383362293243408,-2.43786
exp3_fixed_2,9550,582.6285,586.2959,0.0,-0.9734066724777222,-2.6940274
exp3_fixed_2,9551,503.9336,511.38226,0.0,-1.6699109077453613,-5.7787294
exp3_fixed_2,9552,609.8203,613.8916,0.0,-0.9283586740493774,-3.1429296
exp3_fixed_2,9553,606.44446,609.7908,0.0,-0.5425641536712646,-2.8037913
exp3_fixed_2,9554,557.1064,559.2292,0.0,-0.6817941665649414,-1.4410479
exp3_fixed_2,9555,604.2893,606.5437,0.0,-0.872901201248169,-1.3815006
exp3_fixed_2,9556,552.14734,554.2709,0.0,-0.7888283729553223,-1.3347541
exp3_fixed_2,9557,578.07684,580.9096,0.0,-0.7065673470497131,-2.126162
exp3_fixed_2,9558,648.65955,650.74536,0.0,-0.4083147644996643,-1.6774817
exp3_fixed_2,9559,624.93646,627.21533,0.0,-0.307910680770874,-1.9709404
exp3_fixed_2,9561,608.61865,616.2602,0.0,-0.7537557482719421,-6.887845
exp3_fixed_2,9562,600.1122,603.16516,0.0,-1.0178678035736084,-2.035063
exp3_fixed_2,9563,553.9956,557.06177,0.0,-0.6461845636367798,-2.4199634
exp3_fixed_2,9564,586.5572,589.594,0.0,-1.1743029356002808,-1.8625427
exp3_fixed_2,9565,548.33374,553.17737,0.0,-1.4274084568023682,-3.416178
exp3_fixed_2,9566,549.33386,553.08276,0.0,-0.8480857610702515,-2.9008121
exp3_fixed_2,9567,578.98615,583.53613,0.0,-0.8935017585754395,-3.6564965
exp3_fixed_2,9568,533.2088,538.4759,0.0,-2.1501359939575195,-3.1169066
exp3_fixed_2,9569,557.3202,566.73236,0.0,-2.9348530769348145,-6.47729
exp3_fixed_2,9570,583.0676,588.4835,0.0,-0.5627056956291199,-4.8531904
exp3_fixed_2,9571,517.99207,524.0322,0.0,-2.4521279335021973,-3.5880685
exp3_fixed_2,9572,625.0012,628.5755,0.0,-1.1332650184631348,-2.4409645
exp3_fixed_2,9573,600.074,605.04346,0.0,-2.0057318210601807,-2.9637663
exp3_fixed_2,9574,604.3985,609.7107,0.0,-2.785687208175659,-2.5264518
exp3_fixed_2,9575,612.3052,621.91626,0.0,-0.653428852558136,-8.957619
exp3_fixed_2,9576,530.90375,543.78406,0.0,-3.0814998149871826,-9.7988405
exp3_fixed_2,9577,-108.66188,118.6565,-200.0,-24.265621185302734,-3.0527716
exp3_fixed_2,9578,679.2285,681.85986,0.0,-0.6533923149108887,-1.9779658
exp3_fixed_2,9579,597.9009,600.73566,0.0,-0.4763222336769104,-2.3584485
exp3_fixed_2,9581,564.55133,571.2179,0.0,-1.7355732917785645,-4.930983
exp3_fixed_2,9582,582.93146,593.9117,0.0,-0.5358360409736633,-10.4444
exp3_fixed_2,9583,635.5652,639.8027,0.0,-2.555320978164673,-1.6821458
exp3_fixed_2,9584,630.16815,632.81885,0.0,-0.9446071982383728,-1.7060784
exp3_fixed_2,9585,563.98315,566.0028,0.0,-0.6604516506195068,-1.3592561
exp3_fixed_2,9586,543.76013,547.4426,0.0,-0.7671624422073364,-2.9152994
exp3_fixed_2,9587,598.556,611.2571,0.0,-2.254696846008301,-10.446345
exp3_fixed_2,9588,578.07886,582.8676,0.0,-1.321669101715088,-3.4670517
exp3_fixed_2,9589,612.00635,615.07886,0.0,-0.5623859167098999,-2.510055
exp3_fixed_2,9590,519.91766,529.58984,0.0,-4.007373809814453,-5.6647944
exp3_fixed_2,9591,522.1343,527.0331,0.0,-0.889562726020813,-4.0092354
exp3_fixed_2,9592,606.0637,611.1575,0.0,-2.019131660461426,-3.0745618
exp3_fixed_2,9593,581.83154,584.62067,0.0,-0.5726144909858704,-2.216485
exp3_fixed_2,9594,548.75183,556.4857,0.0,-1.234835147857666,-6.4990335
exp3_fixed_2,9595,602.2263,607.63837,0.0,-2.7702407836914062,-2.6418707
exp3_fixed_2,9596,635.6775,640.4402,0.0,-0.7910805344581604,-3.9715502
exp3_fixed_2,9597,586.09534,591.67126,0.0,-2.6290576457977295,-2.9468532
exp3_fixed_2,9598,625.66376,631.24713,0.0,-0.5194475650787354,-5.063969
exp3_fixed_2,9599,555.8624,567.7416,0.0,-1.6558561325073242,-10.223332
exp3_fixed_2,9601,601.79663,606.7065,0.0,-1.991385579109192,-2.918446
exp3_fixed_2,9602,560.6254,565.0625,0.0,-0.7301537990570068,-3.7068853
exp3_fixed_2,9603,562.8301,566.3246,0.0,-1.0163298845291138,-2.4781306
exp3_fixed_2,9604,614.4786,619.56934,0.0,-0.3739438056945801,-4.7168336
exp3_fixed_2,9605,582.7828,588.42676,0.0,-2.6534111499786377,-2.990617
exp3_fixed_2,9606,-121.06795,99.0457,-200.0,-17.716175079345703,-2.3974845
exp3_fixed_2,9607,560.23474,575.07806,0.0,-7.434443950653076,-7.408807
exp3_fixed_2,9608,602.2119,611.9255,0.0,-1.9525331258773804,-7.7609854
exp3_fixed_2,9609,607.30316,621.3933,0.0,-1.569606900215149,-12.520603
exp3_fixed_2,9610,481.87482,497.85568,0.0,-1.2880523204803467,-14.692831
exp3_fixed_2,9611,582.64014,586.0496,0.0,-1.0238615274429321,-2.3856218
exp3_fixed_2,9612,601.2688,603.8602,0.0,-0.7073144912719727,-1.884152
exp3_fixed_2,9613,589.6418,598.918,0.0,-1.514674425125122,-7.7615523
exp3_fixed_2,9614,564.1904,567.9097,0.0,-0.5329092741012573,-3.1863904
exp3_fixed_2,9615,479.83353,490.97726,0.0,-3.589860200881958,-7.553899
exp3_fixed_2,9616,695.7539,698.37964,0.0,-0.6590021252632141,-1.9667497
exp3_fixed_2,9617,594.948,598.0834,0.0,-0.8973381519317627,-2.2380648
exp3_fixed_2,9618,584.18774,586.82935,0.0,-0.16461589932441711,-2.4769485
exp3_fixed_2,9619,609.7714,614.746,0.0,-2.976431131362915,-1.9980997
exp3_fixed_2,9621,624.1715,628.12054,0.0,-0.763346791267395,-3.1856756
exp3_fixed_2,9622,531.802,538.34875,0.0,-1.3916670083999634,-5.1550817
exp3_fixed_2,9623,541.9425,559.8264,0.0,-0.6135371923446655,-17.270346
exp3_fixed_2,9624,524.29004,535.51196,0.0,-0.7092362642288208,-10.51268
exp3_fixed_2,9625,564.51117,568.354,0.0,-1.0726120471954346,-2.7702103
exp3_fixed_2,9626,568.7593,573.1807,0.0,-0.39115265011787415,-4.030306
exp3_fixed_2,9627,563.5592,567.0276,0.0,-0.7951096892356873,-2.6733022
exp3_fixed_2,9628,571.5877,579.1679,0.0,-1.9477460384368896,-5.632435
exp3_fixed_2,9629,581.8587,588.4358,0.0,-4.006316184997559,-2.5707393
exp3_fixed_2,9630,552.15955,557.70264,0.0,-1.6540753841400146,-3.889005
exp3_fixed_2,9631,530.4646,535.0654,0.0,-1.7476377487182617,-2.8532388
exp3_fixed_2,9632,577.63586,585.3672,0.0,-1.1100410223007202,-6.6212797
exp3_fixed_2,9633,485.86295,497.34695,0.0,-0.8002405762672424,-10.683786
exp3_fixed_2,9634,580.4569,583.115,0.0,-0.46312451362609863,-2.1948712
exp3_fixed_2,9635,610.28485,612.75757,0.0,-0.26019197702407837,-2.2125294
exp3_fixed_2,9636,529.2299,539.2317,0.0,-2.1902713775634766,-7.811456
exp3_fixed_2,9637,506.01404,517.5177,0.0,-1.9438683986663818,-9.559777
exp3_fixed_2,9638,582.3157,586.48474,0.0,-0.4379444718360901,-3.7311049
exp3_fixed_2,9639,600.2864,602.4382,0.0,-0.3420521020889282,-1.8097069
exp3_fixed_2,9641,591.1606,598.7775,0.0,-1.197845220565796,-6.419077
exp3_fixed_2,9642,490.54874,497.5926,0.0,-2.2409186363220215,-4.8029466
exp3_fixed_2,9643,590.74347,593.5778,0.0,-0.5439319610595703,-2.290394
exp3_fixed_2,9644,483.8772,490.127,0.0,-2.3591067790985107,-3.890704
exp3_fixed_2,9645,497.7557,506.82828,0.0,-1.4093890190124512,-7.6631784
exp3_fixed_2,9646,639.8216,645.6042,0.0,-1.3756632804870605,-4.4069676
exp3_fixed_2,9647,625.70184,627.9953,0.0,-0.41258561611175537,-1.8809291
exp3_fixed_2,9648,476.6941,484.54285,0.0,-1.5798993110656738,-6.2688246
exp3_fixed_2,9649,543.3363,549.19385,0.0,-1.0858805179595947,-4.771724
exp3_fixed_2,9650,524.9866,533.3915,0.0,-1.506628394126892,-6.8983154
exp3_fixed_2,9651,552.028,556.8571,0.0,-1.0503942966461182,-3.7787051
exp3_fixed_2,9652,573.32556,598.6297,0.0,-1.127159833908081,-24.176939
exp3_fixed_2,9653,505.20364,521.80945,0.0,-0.9583011865615845,-15.647515
exp3_fixed_2,9654,545.721,550.21826,0.0,-1.8598549365997314,-2.6373627
exp3_fixed_2,9655,573.17456,575.5673,0.0,-0.703256368637085,-1.6895156
exp3_fixed_2,9656,538.4403,541.058,0.0,-0.3682841658592224,-2.2493947
exp3_fixed_2,9657,615.3474,617.74097,0.0,-0.53602135181427,-1.8575618
exp3_fixed_2,9658,615.29926,620.69147,0.0,-1.4965808391571045,-3.8956518
exp3_fixed_2,9659,541.9114,548.6743,0.0,-0.29978305101394653,-6.463093
exp3_fixed_2,9661,606.58124,618.3209,0.0,-0.9279256463050842,-10.811728
exp3_fixed_2,9662,548.41876,553.3733,0.0,-1.221435308456421,-3.733113
exp3_fixed_2,9663,607.92053,610.5261,0.0,-0.45052266120910645,-2.1550581
exp3_fixed_2,9664,389.8947,428.25876,0.0,-19.07569122314453,-19.288364
exp3_fixed_2,9665,557.5685,560.0428,0.0,-0.8301970958709717,-1.6441149
exp3_fixed_2,9666,565.9374,568.2961,0.0,-0.5993990898132324,-1.7592793
exp3_fixed_2,9667,574.5177,587.18225,0.0,-0.9865177273750305,-11.678068
exp3_fixed_2,9668,626.1111,628.1505,0.0,-0.39637428522109985,-1.6431118
exp3_fixed_2,9669,505.83868,514.25116,0.0,-1.9087175130844116,-6.503724
exp3_fixed_2,9670,503.55453,511.53223,0.0,-1.6592073440551758,-6.3185
exp3_fixed_2,9671,525.4017,529.3085,0.0,-0.393775999546051,-3.512994
exp3_fixed_2,9672,583.3558,587.8978,0.0,-1.902364730834961,-2.6397188
exp3_fixed_2,9673,618.6593,622.6789,0.0,-0.420039564371109,-3.5995834
exp3_fixed_2,9674,534.1655,535.9138,0.0,-0.233401358127594,-1.5149277
exp3_fixed_2,9675,437.27887,443.84106,0.0,-1.0288945436477661,-5.5333047
exp3_fixed_2,9676,478.32703,489.0792,0.0,-3.4665558338165283,-7.285612
exp3_fixed_2,9677,583.50616,588.57947,0.0,-1.6068792343139648,-3.4664345
exp3_fixed_2,9678,549.34656,552.8379,0.0,-0.5732303857803345,-2.9181328
exp3_fixed_2,9679,617.9718,621.17773,0.0,-0.27420103549957275,-2.931757
exp3_fixed_2,9681,612.76685,614.96875,0.0,-0.5628886818885803,-1.6390296
exp3_fixed_2,9682,611.9198,616.4286,0.0,-0.6639564633369446,-3.844831
exp3_fixed_2,9683,527.18567,542.4456,0.0,-2.609215497970581,-12.650762
exp3_fixed_2,9684,656.5591,660.17786,0.0,-1.0672627687454224,-2.551485
exp3_fixed_2,9685,587.553,591.69617,0.0,-0.7590169906616211,-3.3841786
exp3_fixed_2,9686,595.90686,599.2802,0.0,-0.6908066272735596,-2.6825514
exp3_fixed_2,9687,612.4392,618.45544,0.0,-0.6584742069244385,-5.357778
exp3_fixed_2,9688,662.8416,667.00635,0.0,-0.6943979263305664,-3.4703622
exp3_fixed_2,9689,444.9478,479.6755,0.0,-16.655975341796875,-18.07166
exp3_fixed_2,9690,585.64246,591.16406,0.0,-0.5029012560844421,-5.018724
exp3_fixed_2,9691,590.997,595.2825,0.0,-1.3162893056869507,-2.9691882
exp3_fixed_2,9692,558.0895,562.2755,0.0,-1.1969074010849,-2.9890602
exp3_fixed_2,9693,579.76953,583.36194,0.0,-0.9592186212539673,-2.6332128
exp3_fixed_2,9694,600.37634,602.586,0.0,-0.6794970035552979,-1.530204
exp3_fixed_2,9695,581.4761,587.4746,0.0,-0.3732796609401703,-5.6252093
exp3_fixed_2,9696,436.66827,449.85294,0.0,-3.517144203186035,-9.667518
exp3_fixed_2,9697,591.4744,596.41785,0.0,-1.2424945831298828,-3.70092
exp3_fixed_2,9698,624.58997,627.4647,0.0,-0.5458448529243469,-2.328941
exp3_fixed_2,9699,516.23267,520.2055,0.0,-0.5302884578704834,-3.4425101
exp3_fixed_2,9701,424.9803,445.20755,0.0,-2.3488059043884277,-17.878492
exp3_fixed_2,9702,614.2567,618.0813,0.0,-1.1278131008148193,-2.6967998
exp3_fixed_2,9703,547.8462,552.8564,0.0,-0.8713060021400452,-4.138857
exp3_fixed_2,9704,-156.64874,100.713615,-200.0,-54.784236907958984,-2.5781386
exp3_fixed_2,9705,580.752,583.7479,0.0,-0.8358188271522522,-2.1600566
exp3_fixed_2,9706,432.5759,442.7562,0.0,-1.0986528396606445,-9.08165
exp3_fixed_2,9707,677.63025,681.005,0.0,-1.1955267190933228,-2.1792219
exp3_fixed_2,9708,566.345,567.96423,0.0,-0.4112725853919983,-1.2079663
exp3_fixed_2,9709,531.6891,537.21045,0.0,-0.9184862971305847,-4.602882
exp3_fixed_2,9710,524.02136,537.7069,0.0,-3.3678183555603027,-10.31775
exp3_fixed_2,9711,564.7019,566.7129,0.0,-0.22172726690769196,-1.7892452
exp3_fixed_2,9712,568.92255,573.64624,0.0,-0.947655439376831,-3.7760072
exp3_fixed_2,9713,522.58734,525.4159,0.0,-1.421152949333191,-1.4074081
exp3_fixed_2,9714,507.1461,514.0182,0.0,-1.7395679950714111,-5.1325254
exp3_fixed_2,9715,610.31256,614.8938,0.0,-0.9060269594192505,-3.675211
exp3_fixed_2,9716,611.0524,613.92676,0.0,-1.3121912479400635,-1.5620985
exp3_fixed_2,9717,555.875,559.1279,0.0,-0.9146738052368164,-2.338258
exp3_fixed_2,9718,595.5377,598.57117,0.0,-0.7351288795471191,-2.2983174
exp3_fixed_2,9719,593.662,597.52673,0.0,-1.6891363859176636,-2.1756077
exp3_fixed_2,9721,621.78815,630.0219,0.0,-5.446268558502197,-2.7874813
exp3_fixed_2,9722,572.77454,574.2228,0.0,-0.6900588274002075,-0.7581948
exp3_fixed_2,9723,577.2022,583.1509,0.0,-1.5973378419876099,-4.3513412
exp3_fixed_2,9724,549.5471,556.6479,0.0,-1.2356462478637695,-5.8650727
exp3_fixed_2,9725,542.0324,544.82074,0.0,-0.6551107168197632,-2.1332197
exp3_fixed_2,9726,497.7297,515.901,0.0,-1.6973310708999634,-16.474026
exp3_fixed_2,9727,642.5988,644.4683,0.0,-0.29373207688331604,-1.5757569
exp3_fixed_2,9728,637.58136,640.6569,0.0,-0.6295872926712036,-2.4459767
exp3_fixed_2,9729,-324.585,25.599745,-200.0,-149.83333333333331,-0.35139114
exp3_fixed_2,9730,639.70276,643.4792,0.0,-0.9680123925209045,-2.808357
exp3_fixed_2,9731,555.7002,558.8461,0.0,-1.3447355031967163,-1.8012333
exp3_fixed_2,9732,606.90875,611.61884,0.0,-1.594210147857666,-3.1159143
exp3_fixed_2,9733,548.7016,553.48883,0.0,-1.7386744022369385,-3.0485487
exp3_fixed_2,9734,584.265,589.7222,0.0,-1.1901689767837524,-4.2670293
exp3_fixed_2,9735,592.98004,596.8417,0.0,-1.0271494388580322,-2.8345025
exp3_fixed_2,9736,607.9302,615.03723,0.0,-1.4420912265777588,-5.6649523
exp3_fixed_2,9737,635.2635,639.4375,0.0,-0.7255587577819824,-3.4484687
exp3_fixed_2,9738,499.3897,503.38922,0.0,-1.0548152923583984,-2.9446926
exp3_fixed_2,9739,568.9291,574.8704,0.0,-1.733262062072754,-4.208011
exp3_fixed_2,9741,593.13684,601.892,0.0,-0.48179006576538086,-8.273426
exp3_fixed_2,9742,597.67883,600.31476,0.0,-0.7917298674583435,-1.8442355
exp3_fixed_2,9743,569.5647,575.4543,0.0,-4.24487829208374,-1.6446977
exp3_fixed_2,9744,609.2693,612.2949,0.0,-1.0452669858932495,-1.9803615
exp3_fixed_2,9745,554.4109,563.03534,0.0,-1.4114540815353394,-7.2130356
exp3_fixed_2,9746,606.4075,610.3418,0.0,-0.6639469861984253,-3.270436
exp3_fixed_2,9747,563.7151,567.0603,0.0,-0.8177585601806641,-2.527481
exp3_fixed_2,9748,512.0193,523.1774,0.0,-1.5745068788528442,-9.583678
exp3_fixed_2,9749,637.1936,640.26117,0.0,-0.7193732261657715,-2.3481784
exp3_fixed_2,9750,568.12415,572.4683,0.0,-0.6728970408439636,-3.6712198
exp3_fixed_2,9751,510.95853,518.0554,0.0,-1.1956943273544312,-5.9011803
exp3_fixed_2,9752,618.8623,630.0536,0.0,-0.2782887816429138,-10.913056
exp3_fixed_2,9753,-125.030235,97.4862,-200.0,-20.16611099243164,-2.3503332
exp3_fixed_2,9754,535.36066,541.5112,0.0,-1.155454397201538,-4.9950943
exp3_fixed_2,9755,456.0648,465.70782,0.0,-3.335002899169922,-6.3080482
exp3_fixed_2,9756,588.8715,591.63855,0.0,-0.8810799717903137,-1.8859465
exp3_fixed_2,9757,537.6493,551.11536,0.0,-4.285301208496094,-9.180713
exp3_fixed_2,9758,561.9877,573.5064,0.0,-7.756871223449707,-3.761916
exp3_fixed_2,9759,617.40845,622.27435,0.0,-1.1289606094360352,-3.736951
exp3_fixed_2,9761,548.73206,554.4466,0.0,-1.0710017681121826,-4.6435313
exp3_fixed_2,9762,641.81213,644.10205,0.0,-0.8441020250320435,-1.4458295
exp3_fixed_2,9763,600.7974,604.5172,0.0,-1.0302749872207642,-2.689474
exp3_fixed_2,9764,642.5256,644.52124,0.0,-0.46871694922447205,-1.5269349
exp3_fixed_2,9765,610.8684,616.1339,0.0,-0.8836353421211243,-4.381815
exp3_fixed_2,9766,553.68176,565.3185,0.0,-1.3791706562042236,-10.257573
exp3_fixed_2,9767,587.90674,592.2415,0.0,-0.555471658706665,-3.7792716
exp3_fixed_2,9768,513.82996,520.45593,0.0,-2.242804765701294,-4.3832216
exp3_fixed_2,9769,584.7229,590.08405,0.0,-1.9428235292434692,-3.418373
exp3_fixed_2,9770,579.16235,584.07385,0.0,-1.960106611251831,-2.951443
exp3_fixed_2,9771,582.136,585.42944,0.0,-0.7179563045501709,-2.5755374
exp3_fixed_2,9772,576.24506,579.2896,0.0,-0.8582977056503296,-2.186275
exp3_fixed_2,9773,499.04968,511.48553,0.0,-6.080548286437988,-6.3553066
exp3_fixed_2,9774,594.6076,599.78906,0.0,-1.4641543626785278,-3.7172523
exp3_fixed_2,9775,592.8801,597.5123,0.0,-1.5942916870117188,-3.0378609
exp3_fixed_2,9776,592.25635,596.3938,0.0,-2.2334232330322266,-1.9040394
exp3_fixed_2,9777,623.0121,627.19135,0.0,-1.5508087873458862,-2.6284428
exp3_fixed_2,9778,536.2815,547.15155,0.0,-0.89313805103302,-9.976946
exp3_fixed_2,9779,522.2082,532.60895,0.0,-4.232992649078369,-6.1677456
exp3_fixed_2,9781,570.0622,573.27527,0.0,-0.8853514790534973,-2.3277056
exp3_fixed_2,9782,657.8529,660.4055,0.0,-0.30569252371788025,-2.2469938
exp3_fixed_2,9783,554.8508,564.08875,0.0,-5.1302876472473145,-4.1076565
exp3_fixed_2,9784,580.2709,589.6973,0.0,-1.0046610832214355,-8.4217615
exp3_fixed_2,9785,499.81912,507.1916,0.0,-0.9462923407554626,-6.426136
exp3_fixed_2,9786,582.8574,599.29736,0.0,-1.174858570098877,-15.265069
exp3_fixed_2,9787,511.66183,518.62854,0.0,-0.8661627769470215,-6.1005526
exp3_fixed_2,9788,605.5885,607.78503,0.0,-0.6204437017440796,-1.5760773
exp3_fixed_2,9789,595.15344,602.1857,0.0,-0.6628661751747131,-6.3694277
exp3_fixed_2,9790,505.7427,511.32367,0.0,-1.6116390228271484,-3.96933
exp3_fixed_2,9791,501.50696,505.91113,0.0,-0.6835410594940186,-3.7206452
exp3_fixed_2,9792,578.52704,583.0802,0.0,-1.3412442207336426,-3.2119548
exp3_fixed_2,9793,510.59885,516.92065,0.0,-1.5889852046966553,-4.732808
exp3_fixed_2,9794,511.2448,516.22833,0.0,-2.087636709213257,-2.895866
exp3_fixed_2,9795,605.43506,609.36475,0.0,-1.0935242176055908,-2.836174
exp3_fixed_2,9796,628.8214,630.6135,0.0,-0.6911329030990601,-1.1009632
exp3_fixed_2,9797,632.4416,636.3652,0.0,-1.5280851125717163,-2.395495
exp3_fixed_2,9798,576.15784,586.5161,0.0,-0.6039028167724609,-9.754377
exp3_fixed_2,9799,527.62695,532.2909,0.0,-0.848151683807373,-3.8157668
exp3_fixed_2,9801,573.28674,576.0142,0.0,-0.9287564754486084,-1.7986981
exp3_fixed_2,9802,594.7964,597.16046,0.0,-1.0058114528656006,-1.3582627
exp3_fixed_2,9803,477.32513,481.1219,0.0,-0.641351580619812,-3.1554263
exp3_fixed_2,9804,616.34717,620.1659,0.0,-0.5478113889694214,-3.270932
exp3_fixed_2,9805,554.29474,556.3685,0.0,-0.39770668745040894,-1.6761258
exp3_fixed_2,9806,606.17084,610.912,0.0,-0.9187586307525635,-3.8223934
exp3_fixed_2,9807,603.36304,606.9812,0.0,-0.9522649049758911,-2.6659458
exp3_fixed_2,9808,565.5447,569.7003,0.0,-1.4076309204101562,-2.7479537
exp3_fixed_2,9809,557.8254,562.2882,0.0,-0.5497102737426758,-3.913128
exp3_fixed_2,9810,543.18884,552.39124,0.0,-0.9239163398742676,-8.278433
exp3_fixed_2,9811,551.29663,552.4616,0.0,-0.19083407521247864,-0.97411865
exp3_fixed_2,9812,579.59045,584.2302,0.0,-1.9685475826263428,-2.671253
exp3_fixed_2,9813,489.59464,501.52017,0.0,-4.6076483726501465,-7.317892
exp3_fixed_2,9814,508.54553,514.1489,0.0,-2.166717767715454,-3.4366906
exp3_fixed_2,9815,652.126,655.8798,0.0,-0.8849525451660156,-2.8689222
exp3_fixed_2,9816,613.22437,614.80664,0.0,-0.35424280166625977,-1.2280252
exp3_fixed_2,9817,480.13123,488.01184,0.0,-1.940730094909668,-5.9398923
exp3_fixed_2,9818,517.6558,525.4148,0.0,-0.8303788900375366,-6.928565
exp3_fixed_2,9819,608.8092,613.57947,0.0,-2.126991033554077,-2.643252
exp3_fixed_2,9821,539.8742,545.63446,0.0,-0.9450470805168152,-4.8152494
exp3_fixed_2,9822,541.55176,553.37054,0.0,-4.73267126083374,-7.0861616
exp3_fixed_2,9823,516.6363,522.2795,0.0,-1.9540364742279053,-3.68913
exp3_fixed_2,9824,635.5646,641.0752,0.0,-1.4042279720306396,-4.1063733
exp3_fixed_2,9825,567.5383,569.4396,0.0,-0.5009629726409912,-1.4003406
exp3_fixed_2,9826,595.84937,600.0122,0.0,-0.5990015268325806,-3.5638866
exp3_fixed_2,9827,520.45435,526.3791,0.0,-0.9659696817398071,-4.9587164
exp3_fixed_2,9828,628.53955,634.6045,0.0,-1.0828545093536377,-4.982083
exp3_fixed_2,9829,652.85205,657.5856,0.0,-0.6124588847160339,-4.1210203
exp3_fixed_2,9830,550.49725,553.2378,0.0,-0.9508395195007324,-1.7897666
exp3_fixed_2,9831,593.8557,596.7158,0.0,-0.8919727206230164,-1.9680781
exp3_fixed_2,9832,598.3631,603.7581,0.0,-2.817955732345581,-2.5770268
exp3_fixed_2,9833,501.69083,509.53787,0.0,-1.5219807624816895,-6.3250384
exp3_fixed_2,9834,612.12134,618.88464,0.0,-2.5379621982574463,-4.2253423
exp3_fixed_2,9835,567.89484,569.63403,0.0,-0.5510073900222778,-1.1882372
exp3_fixed_2,9836,578.4775,581.34314,0.0,-0.8492542505264282,-2.016401
exp3_fixed_2,9837,587.3548,589.61176,0.0,-1.1787047386169434,-1.0783226
exp3_fixed_2,9838,561.2724,573.2162,0.0,-0.9606324434280396,-10.98319
exp3_fixed_2,9839,548.26984,550.9902,0.0,-0.5509107708930969,-2.169446
exp3_fixed_2,9841,632.8879,635.59186,0.0,-0.6630516052246094,-2.0409243
exp3_fixed_2,9842,504.14026,514.43353,0.0,-0.797454833984375,-9.495865
exp3_fixed_2,9843,590.5114,595.91943,0.0,-0.2261529117822647,-5.18185
exp3_fixed_2,9844,490.6712,497.10855,0.0,-0.9262633323669434,-5.511066
exp3_fixed_2,9845,595.94244,598.63477,0.0,-0.5963422656059265,-2.0959842
exp3_fixed_2,9846,540.55255,546.8506,0.0,-1.6631942987442017,-4.634877
exp3_fixed_2,9847,638.2367,642.4151,0.0,-1.420501470565796,-2.7579265
exp3_fixed_2,9848,636.54956,639.06946,0.0,-0.5748760104179382,-1.9450566
exp3_fixed_2,9849,500.4613,503.94897,0.0,-1.1070711612701416,-2.3805857
exp3_fixed_2,9850,557.90247,563.38403,0.0,-2.1631622314453125,-3.318435
exp3_fixed_2,9851,634.5408,637.25116,0.0,-0.6255233883857727,-2.0848856
exp3_fixed_2,9852,598.3052,605.01904,0.0,-0.4246322214603424,-6.2892995
exp3_fixed_2,9853,482.86322,490.40442,0.0,-1.2056697607040405,-6.335519
exp3_fixed_2,9854,608.16516,609.5707,0.0,-0.38718798756599426,-1.0183004
exp3_fixed_2,9855,622.6955,626.636,0.0,-0.9849008917808533,-2.9555807
exp3_fixed_2,9856,520.19696,525.8644,0.0,-2.1620876789093018,-3.5053055
exp3_fixed_2,9857,573.69006,578.63074,0.0,-1.9589828252792358,-2.9816966
exp3_fixed_2,9858,583.1819,585.93427,0.0,-0.8662072420120239,-1.886153
exp3_fixed_2,9859,503.24634,511.14014,0.0,-0.5355294942855835,-7.358252
exp3_fixed_2,9861,610.4369,613.46216,0.0,-0.608394980430603,-2.416801
exp3_fixed_2,9862,575.7235,583.75037,0.0,-3.4244205951690674,-4.602448
exp3_fixed_2,9863,577.71625,583.9127,0.0,-1.185313105583191,-5.011208
exp3_fixed_2,9864,604.29486,608.9512,0.0,-1.1557650566101074,-3.500486
exp3_fixed_2,9865,607.69525,610.5635,0.0,-0.7080453634262085,-2.1601343
exp3_fixed_2,9866,613.54663,615.9584,0.0,-0.8983649015426636,-1.5134028
exp3_fixed_2,9867,650.72046,654.46765,0.0,-0.5522027611732483,-3.1949892
exp3_fixed_2,9868,656.5015,660.7411,0.0,-0.6290632486343384,-3.6105332
exp3_fixed_2,9869,580.0228,584.3836,0.0,-0.5216532349586487,-3.8391423
exp3_fixed_2,9870,647.75653,650.8849,0.0,-0.4847094416618347,-2.6436646
exp3_fixed_2,9871,560.7757,563.44006,0.0,-0.30277562141418457,-2.361582
exp3_fixed_2,9872,549.2491,552.2749,0.0,-0.507990300655365,-2.5178332
exp3_fixed_2,9873,629.6951,632.60596,0.0,-0.44232767820358276,-2.4685173
exp3_fixed_2,9874,512.68176,520.4014,0.0,-1.258515477180481,-6.4611654
exp3_fixed_2,9875,553.7051,562.09204,0.0,-0.9575284719467163,-7.429388
exp3_fixed_2,9876,623.1506,627.7736,0.0,-1.5056228637695312,-3.1174507
exp3_fixed_2,9877,590.1813,598.5733,0.0,-1.5062576532363892,-6.8857512
exp3_fixed_2,9878,513.42017,520.4408,0.0,-1.6573415994644165,-5.3633223
exp3_fixed_2,9879,616.6651,622.8401,0.0,-2.660515069961548,-3.5144317
exp3_fixed_2,9881,554.6913,563.20435,0.0,-5.408974647521973,-3.1041417
exp3_fixed_2,9882,538.4877,541.07135,0.0,-0.46717095375061035,-2.1165102
exp3_fixed_2,9883,581.0219,584.92395,0.0,-0.9710612893104553,-2.9310076
exp3_fixed_2,9884,499.44653,503.29013,0.0,-0.5806999206542969,-3.2629166
exp3_fixed_2,9885,541.8367,550.4874,0.0,-1.219965934753418,-7.430769
exp3_fixed_2,9886,608.6708,615.61676,0.0,-3.533611536026001,-3.4123664
exp3_fixed_2,9887,583.3913,587.8341,0.0,-0.5809695720672607,-3.8618336
exp3_fixed_2,9888,479.8098,489.7843,0.0,-1.8484419584274292,-8.126054
exp3_fixed_2,9889,422.41086,442.58405,0.0,-10.50110149383545,-9.672105
exp3_fixed_2,9890,583.1916,587.8755,0.0,-0.7045822143554688,-3.9793093
exp3_fixed_2,9891,579.88806,583.6936,0.0,-1.6050708293914795,-2.2004633
exp3_fixed_2,9892,509.78442,513.8318,0.0,-1.206854224205017,-2.8405166
exp3_fixed_2,9893,536.6136,542.4274,0.0,-0.6255282163619995,-5.188318
exp3_fixed_2,9894,598.3802,603.11475,0.0,-0.9675846099853516,-3.7670164
exp3_fixed_2,9895,590.73505,594.3198,0.0,-0.7571682929992676,-2.8276064
exp3_fixed_2,9896,572.3017,578.0983,0.0,-0.7776325941085815,-5.0190043
exp3_fixed_2,9897,517.57306,522.749,0.0,-0.9082074165344238,-4.26774
exp3_fixed_2,9898,565.9415,569.25903,0.0,-1.1821691989898682,-2.1353328
exp3_fixed_2,9899,517.23535,521.965,0.0,-0.9617689847946167,-3.7679214
exp3_fixed_2,9901,603.42883,605.5786,0.0,-0.5352266430854797,-1.6145289
exp3_fixed_2,9902,568.0422,572.1564,0.0,-1.6675235033035278,-2.4466596
exp3_fixed_2,9903,568.1326,572.64014,0.0,-1.203776478767395,-3.3037302
exp3_fixed_2,9904,524.84515,536.7085,0.0,-1.685471773147583,-10.177903
exp3_fixed_2,9905,556.8741,562.20953,0.0,-2.3896148204803467,-2.9458044
exp3_fixed_2,9906,596.2527,601.25507,0.0,-0.9869977235794067,-4.0153456
exp3_fixed_2,9907,685.4012,687.29834,0.0,-0.30371958017349243,-1.5934341
exp3_fixed_2,9908,629.964,632.1139,0.0,-0.6728363633155823,-1.4769993
exp3_fixed_2,9909,601.3221,603.6124,0.0,-0.46798813343048096,-1.8222736
exp3_fixed_2,9910,595.22675,599.8105,0.0,-1.7535364627838135,-2.8302157
exp3_fixed_2,9911,541.1524,551.77026,0.0,-2.024209976196289,-8.59364
exp3_fixed_2,9912,519.95044,524.7157,0.0,-1.4168496131896973,-3.3483903
exp3_fixed_2,9913,543.47626,546.83765,0.0,-0.44444626569747925,-2.9169912
exp3_fixed_2,9914,632.3042,634.0646,0.0,-0.5133509635925293,-1.247028
exp3_fixed_2,9915,580.0326,584.5916,0.0,-0.5012148022651672,-4.0577726
exp3_fixed_2,9916,582.52264,591.0629,0.0,-3.942281484603882,-4.598039
exp3_fixed_2,9917,648.87366,653.34265,0.0,-1.1073437929153442,-3.3616614
exp3_fixed_2,9918,553.80115,563.11786,0.0,-0.4210192561149597,-8.895768
exp3_fixed_2,9919,578.47125,580.7185,0.0,-1.0863622426986694,-1.1608987
exp3_fixed_2,9921,530.12354,534.5745,0.0,-0.37457847595214844,-4.0764127
exp3_fixed_2,9922,588.5812,595.3975,0.0,-1.0468387603759766,-5.7694964
exp3_fixed_2,9923,583.92017,588.8213,0.0,-2.7946088314056396,-2.1065536
exp3_fixed_2,9924,558.4206,568.2718,0.0,-0.7613803148269653,-9.089793
exp3_fixed_2,9925,518.0668,524.33044,0.0,-0.8686911463737488,-5.394986
exp3_fixed_2,9926,587.87695,589.6049,0.0,-0.6863046288490295,-1.0416344
exp3_fixed_2,9927,562.51685,567.4135,0.0,-1.1147979497909546,-3.7818747
exp3_fixed_2,9928,496.1499,500.18088,0.0,-1.6520841121673584,-2.3788896
exp3_fixed_2,9929,568.7366,572.08936,0.0,-0.9052533507347107,-2.4474938
exp3_fixed_2,9930,586.254,588.58014,0.0,-0.48722660541534424,-1.8389002
exp3_fixed_2,9931,617.62427,620.35876,0.0,-0.9042608737945557,-1.8302802
exp3_fixed_2,9932,612.548,615.39886,0.0,-0.6907854080200195,-2.1600735
exp3_fixed_2,9933,560.6267,566.79047,0.0,-1.5140340328216553,-4.649699
exp3_fixed_2,9934,600.1201,603.5814,0.0,-0.8292213678359985,-2.6321225
exp3_fixed_2,9935,554.44446,558.2617,0.0,-0.7432242035865784,-3.0741127
exp3_fixed_2,9936,616.32336,620.384,0.0,-0.8011997938156128,-3.2594178
exp3_fixed_2,9937,575.36316,577.7671,0.0,-0.5556706190109253,-1.8482933
exp3_fixed_2,9938,541.3967,546.7361,0.0,-0.9555777311325073,-4.383794
exp3_fixed_2,9939,587.30743,590.5722,0.0,-0.9552775621414185,-2.3094783
exp3_fixed_2,9941,658.8353,662.6315,0.0,-0.6667060852050781,-3.1294136
exp3_fixed_2,9942,536.1316,544.76733,0.0,-5.867774963378906,-2.7680123
exp3_fixed_2,9943,593.29736,597.6378,0.0,-1.1764835119247437,-3.1639736
exp3_fixed_2,9944,567.0575,570.544,0.0,-0.45054155588150024,-3.0359735
exp3_fixed_2,9945,529.14844,532.35535,0.0,-0.6485810279846191,-2.5583515
exp3_fixed_2,9946,564.3186,567.4619,0.0,-0.8144761919975281,-2.3288703
exp3_fixed_2,9947,571.6555,576.8224,0.0,-0.6581525206565857,-4.508726
exp3_fixed_2,9948,610.0922,614.1057,0.0,-0.8706825971603394,-3.1428058
exp3_fixed_2,9949,443.77783,457.80627,0.0,-3.365687131881714,-10.662709
exp3_fixed_2,9950,623.7381,629.9065,0.0,-1.7942395210266113,-4.3741717
exp3_fixed_2,9951,582.0691,584.38947,0.0,-0.6025992035865784,-1.7177705
exp3_fixed_2,9952,549.19696,555.75964,0.0,-0.8886620998382568,-5.674054
exp3_fixed_2,9953,583.56946,588.9661,0.0,-1.7999471426010132,-3.5967574
exp3_fixed_2,9954,542.82526,545.5386,0.0,-0.49860137701034546,-2.2147102
exp3_fixed_2,9955,608.9398,613.4071,0.0,-0.8925643563270569,-3.5747426
exp3_fixed_2,9956,600.593,603.6136,0.0,-0.8481956720352173,-2.1723814
exp3_fixed_2,9957,625.7502,630.5631,0.0,-1.782886028289795,-3.029944
exp3_fixed_2,9958,656.38995,658.88153,0.0,-0.9260984659194946,-1.5654387
exp3_fixed_2,9959,568.56134,571.95557,0.0,-0.9238103032112122,-2.4704065
exp3_fixed_2,9961,579.91156,584.41174,0.0,-0.7276666164398193,-3.7725556
exp3_fixed_2,9962,574.76514,576.30774,0.0,-0.48449671268463135,-1.0581447
exp3_fixed_2,9963,619.68353,623.04,0.0,-0.5627220273017883,-2.793717
exp3_fixed_2,9964,550.75476,556.1189,0.0,-0.9005538821220398,-4.4636116
exp3_fixed_2,9965,538.8913,544.10266,0.0,-2.0080204010009766,-3.2033272
exp3_fixed_2,9966,577.7037,583.43445,0.0,-1.9880982637405396,-3.7426598
exp3_fixed_2,9967,560.0598,567.30115,0.0,-3.2126739025115967,-4.028666
exp3_fixed_2,9968,620.6866,624.8073,0.0,-0.7854436039924622,-3.3353286
exp3_fixed_2,9969,559.2516,562.485,0.0,-1.686208963394165,-1.5471724
exp3_fixed_2,9970,587.46594,591.1346,0.0,-0.6287798881530762,-3.0398586
exp3_fixed_2,9971,618.6666,622.1557,0.0,-0.990816593170166,-2.4982178
exp3_fixed_2,9972,624.0204,628.1845,0.0,-1.1961408853530884,-2.9679863
exp3_fixed_2,9973,605.2871,611.5774,0.0,-2.3008241653442383,-3.9894595
exp3_fixed_2,9974,578.26086,581.4234,0.0,-0.5469955801963806,-2.6155581
exp3_fixed_2,9975,634.0154,638.66785,0.0,-0.9110536575317383,-3.7414443
exp3_fixed_2,9976,631.2855,634.9747,0.0,-0.9337362051010132,-2.755463
exp3_fixed_2,9977,651.3893,654.9529,0.0,-0.6908152103424072,-2.8727827
exp3_fixed_2,9978,602.1221,605.49115,0.0,-0.7096959352493286,-2.6593778
exp3_fixed_2,9979,566.85895,579.4574,0.0,-1.7446091175079346,-10.853814
exp3_fixed_2,9981,557.5118,563.1536,0.0,-2.332360029220581,-3.309475
exp3_fixed_2,9982,616.79626,620.6622,0.0,-1.631317138671875,-2.2345645
exp3_fixed_2,9983,573.3098,580.40405,0.0,-2.591411590576172,-4.5028343
exp3_fixed_2,9984,595.0667,598.87335,0.0,-1.625442385673523,-2.1811724
exp3_fixed_2,9985,565.14075,572.4709,0.0,-1.526533603668213,-5.803572
exp3_fixed_2,9986,514.2477,519.25543,0.0,-0.6466519832611084,-4.3610697
exp3_fixed_2,9987,538.55945,544.98224,0.0,-0.5926595330238342,-5.8301363
exp3_fixed_2,9988,547.84247,554.6523,0.0,-1.6089222431182861,-5.200915
exp3_fixed_2,9989,521.691,524.6649,0.0,-1.1814985275268555,-1.7924389
exp3_fixed_2,9990,595.5145,598.2982,0.0,-0.8459036946296692,-1.9377747
exp3_fixed_2,9991,581.0644,585.23694,0.0,-1.3387638330459595,-2.8337512
exp3_fixed_2,9992,615.2006,619.07697,0.0,-0.7785642743110657,-3.0978131
exp3_fixed_2,9993,627.35956,631.5993,0.0,-1.3586052656173706,-2.8811607
exp3_fixed_2,9994,526.7903,530.1011,0.0,-0.6627114415168762,-2.6479907
exp3_fixed_2,9995,601.31067,608.045,0.0,-0.706271231174469,-6.027983
exp3_fixed_2,9996,593.18744,600.6583,0.0,-2.2434723377227783,-5.2274156
exp3_fixed_2,9997,593.7983,600.9851,0.0,-1.1873403787612915,-5.999529
exp3_fixed_2,9998,566.2269,569.2879,0.0,-0.6283682584762573,-2.432663
exp3_fixed_2,9999,542.8137,547.75696,0.0,-1.624472737312317,-3.3187685
exp3_fixed_2,10001,606.5631,609.14526,0.0,-0.594312310218811,-1.9878387
exp3_fixed_2,10002,557.4147,561.087,0.0,-1.5215003490447998,-2.150828
exp3_fixed_2,10003,628.47375,631.41974,0.0,-0.587094783782959,-2.3588448
exp3_fixed_2,10004,569.6309,572.39404,0.0,-0.6751912832260132,-2.0879302
exp3_fixed_2,10005,553.1199,557.7168,0.0,-0.9234583377838135,-3.673485
exp3_fixed_2,10006,616.8831,621.2066,0.0,-1.5589025020599365,-2.764559
exp3_fixed_2,10007,557.2527,561.65894,0.0,-1.5580556392669678,-2.848202
exp3_fixed_2,10008,621.6153,625.62854,0.0,-0.9823592305183411,-3.030914
exp3_fixed_2,10009,566.2069,571.31384,0.0,-2.3233909606933594,-2.7835875
exp3_fixed_2,10010,441.02695,460.18973,0.0,-3.459963083267212,-15.7028265
exp3_fixed_2,10011,570.29535,572.4223,0.0,-0.7287275791168213,-1.398225
exp3_fixed_2,10012,538.84973,544.91437,0.0,-1.8528530597686768,-4.211785
exp3_fixed_2,10013,508.36572,509.53592,0.0,-0.1542886197566986,-1.0159048
exp3_fixed_2,10014,648.728,652.40564,0.0,-0.5795884728431702,-3.0981288
exp3_fixed_2,10015,624.9701,629.0263,0.0,-0.3544423282146454,-3.7017632
exp3_fixed_2,10016,598.4095,601.5663,0.0,-0.8799533843994141,-2.2768278
exp3_fixed_2,10017,551.7219,554.56506,0.0,-0.4066772758960724,-2.4364333
exp3_fixed_2,10018,564.03876,566.51166,0.0,-0.4445934295654297,-2.028302
exp3_fixed_2,10019,622.35095,626.6441,0.0,-0.5103656053543091,-3.7827437
exp3_fixed_2,10021,606.51825,609.9209,0.0,-0.6459136009216309,-2.7567492
exp3_fixed_2,10022,490.00256,494.67728,0.0,-0.8550183176994324,-3.8196762
exp3_fixed_2,10023,576.6368,580.2312,0.0,-0.8237752914428711,-2.770658
exp3_fixed_2,10024,564.68335,567.773,0.0,-1.0988798141479492,-1.9907568
exp3_fixed_2,10025,639.19885,645.986,0.0,-4.0217061042785645,-2.7654424
exp3_fixed_2,10026,546.4917,548.3927,0.0,-0.332648903131485,-1.5684054
exp3_fixed_2,10027,582.42377,584.7567,0.0,-0.4608806371688843,-1.8721241
exp3_fixed_2,10028,625.48474,630.5884,0.0,-1.5062538385391235,-3.5974607
exp3_fixed_2,10029,672.6333,676.3983,0.0,-0.47402989864349365,-3.291026
exp3_fixed_2,10030,548.30536,554.4944,0.0,-4.015357971191406,-2.1736283
exp3_fixed_2,10031,623.9896,629.0054,0.0,-1.5742473602294922,-3.4415412
exp3_fixed_2,10032,585.5429,591.9746,0.0,-1.447088360786438,-4.9846063
exp3_fixed_2,10033,535.1951,545.3639,0.0,-1.0883612632751465,-9.080456
exp3_fixed_2,10034,552.02844,558.4699,0.0,-1.1473768949508667,-5.294086
exp3_fixed_2,10035,519.12964,525.22156,0.0,-1.077041506767273,-5.0148816
exp3_fixed_2,10036,609.57806,614.94995,0.0,-1.4294339418411255,-3.942435
exp3_fixed_2,10037,597.4709,603.1562,0.0,-2.1896541118621826,-3.4956279
exp3_fixed_2,10038,514.4169,519.34827,0.0,-1.5631517171859741,-3.3682752
exp3_fixed_2,10039,546.16565,551.20886,0.0,-2.010190010070801,-3.033042
exp3_fixed_2,10041,557.80414,568.71454,0.0,-2.3561809062957764,-8.554289
exp3_fixed_2,10042,586.07935,589.4841,0.0,-0.7392994165420532,-2.6654084
exp3_fixed_2,10043,609.4166,612.219,0.0,-0.4133109450340271,-2.389107
exp3_fixed_2,10044,559.404,562.47125,0.0,-0.7483433485031128,-2.3189516
exp3_fixed_2,10045,586.7622,601.1509,0.0,-1.6913973093032837,-12.697305
exp3_fixed_2,10046,565.2661,578.49365,0.0,-1.3291085958480835,-11.898433
exp3_fixed_2,10047,657.6466,662.42786,0.0,-2.1176955699920654,-2.6635127
exp3_fixed_2,10048,569.4274,573.6965,0.0,-0.9088058471679688,-3.3602211
exp3_fixed_2,10049,614.2357,617.3253,0.0,-0.9438259601593018,-2.1457012
exp3_fixed_2,10050,555.7706,561.4697,0.0,-2.775520086288452,-2.9236093
exp3_fixed_2,10051,590.583,592.25085,0.0,-1.0973637104034424,-0.57045364
exp3_fixed_2,10052,575.7604,578.7296,0.0,-0.6517989635467529,-2.317463
exp3_fixed_2,10053,528.4275,531.9186,0.0,-0.833087682723999,-2.6579907
exp3_fixed_2,10054,502.85126,506.53622,0.0,-0.8276181817054749,-2.8573418
exp3_fixed_2,10055,630.6856,634.6115,0.0,-0.967022180557251,-2.9588661
exp3_fixed_2,10056,606.90295,611.5158,0.0,-0.8184454441070557,-3.7944567
exp3_fixed_2,10057,562.4198,566.10767,0.0,-0.7463763952255249,-2.9415205
exp3_fixed_2,10058,591.75,596.1089,0.0,-1.6389400959014893,-2.719925
exp3_fixed_2,10059,605.0979,612.0248,0.0,-3.7308573722839355,-3.1960175
exp3_fixed_2,10061,573.6572,578.0872,0.0,-0.8720426559448242,-3.5579429
exp3_fixed_2,10062,547.0466,554.3213,0.0,-2.3736777305603027,-4.9010367
exp3_fixed_2,10063,598.5241,603.1264,0.0,-0.6565749645233154,-3.9457202
exp3_fixed_2,10064,579.6239,589.27844,0.0,-0.622401237487793,-9.032129
exp3_fixed_2,10065,496.56598,504.19504,0.0,-1.5044645071029663,-6.124572
exp3_fixed_2,10066,599.26904,604.2601,0.0,-1.9594100713729858,-3.0316014
exp3_fixed_2,10067,-134.43002,88.55886,-200.0,-20.04191017150879,-2.9469564
exp3_fixed_2,10068,533.1879,545.3817,0.0,-1.384538173675537,-10.80925
exp3_fixed_2,10069,585.4601,594.13684,0.0,-0.5847222805023193,-8.091987
exp3_fixed_2,10070,534.7251,568.0942,0.0,-2.1292004585266113,-31.239922
exp3_fixed_2,10071,605.054,611.9554,0.0,-2.1888136863708496,-4.712591
exp3_fixed_2,10072,519.5636,536.1181,0.0,-0.8849366903305054,-15.669575
exp3_fixed_2,10073,574.05334,577.5191,0.0,-1.0107941627502441,-2.4550536
exp3_fixed_2,10074,606.92633,615.6188,0.0,-0.22025622427463531,-8.47213
exp3_fixed_2,10075,549.4282,552.70667,0.0,-0.9892521500587463,-2.2891884
exp3_fixed_2,10076,573.6258,583.2453,0.0,-2.1847829818725586,-7.434755
exp3_fixed_2,10077,597.4507,601.8679,0.0,-1.2532567977905273,-3.163936
exp3_fixed_2,10078,600.70135,603.70087,0.0,-0.8354921936988831,-2.1639714
exp3_fixed_2,10079,573.15405,587.5372,0.0,-2.9561548233032227,-11.426939
exp3_fixed_2,10081,560.42633,564.2649,0.0,-0.6928661465644836,-3.14572
exp3_fixed_2,10082,612.9376,616.15265,0.0,-0.8721076250076294,-2.3429158
exp3_fixed_2,10083,557.5802,561.33624,0.0,-0.5847635269165039,-3.1713176
exp3_fixed_2,10084,551.4054,563.2523,0.0,-0.9709994792938232,-10.876003
exp3_fixed_2,10085,570.2748,573.90094,0.0,-1.4583163261413574,-2.1678257
exp3_fixed_2,10086,609.05005,612.2473,0.0,-0.8825966715812683,-2.3146024
exp3_fixed_2,10087,537.98035,541.6004,0.0,-0.919493556022644,-2.70055
exp3_fixed_2,10088,670.36536,673.78656,0.0,-1.2236812114715576,-2.1975515
exp3_fixed_2,10089,619.0053,622.75696,0.0,-0.8511812686920166,-2.900395
exp3_fixed_2,10090,518.6708,523.1985,0.0,-0.9261044859886169,-3.601664
exp3_fixed_2,10091,611.2964,613.9061,0.0,-0.5709847211837769,-2.0387504
exp3_fixed_2,10092,579.08514,583.3131,0.0,-0.8323653340339661,-3.395562
exp3_fixed_2,10093,553.37177,555.98505,0.0,-0.7785696387290955,-1.8347383
exp3_fixed_2,10094,637.781,641.67725,0.0,-2.057401180267334,-1.8388015
exp3_fixed_2,10095,607.718,610.2141,0.0,-0.5097692608833313,-1.9863427
exp3_fixed_2,10096,551.26984,560.4147,0.0,-3.198866605758667,-5.9459963
exp3_fixed_2,10097,504.98056,510.5302,0.0,-2.411640167236328,-3.1380386
exp3_fixed_2,10098,596.59644,603.6437,0.0,-0.8728328347206116,-6.1744485
exp3_fixed_2,10099,542.0878,556.5303,0.0,-6.1019110679626465,-8.340574
exp3_fixed_2,10101,601.7712,605.577,0.0,-0.9367385506629944,-2.8690927
exp3_fixed_2,10102,578.31415,581.36475,0.0,-0.4083923399448395,-2.642222
exp3_fixed_2,10103,611.03217,615.3324,0.0,-1.197756290435791,-3.1024635
exp3_fixed_2,10104,625.78827,628.19196,0.0,-0.5317705869674683,-1.8719087
exp3_fixed_2,10105,547.87897,553.71735,0.0,-0.2671172618865967,-5.57125
exp3_fixed_2,10106,635.7429,639.8086,0.0,-1.6921041011810303,-2.3735108
exp3_fixed_2,10107,631.1109,634.54956,0.0,-0.8474628329277039,-2.591194
exp3_fixed_2,10108,599.37915,603.9191,0.0,-1.083340048789978,-3.4565916
exp3_fixed_2,10109,631.14343,634.66077,0.0,-1.0091381072998047,-2.508221
exp3_fixed_2,10110,411.82962,435.1127,0.0,-5.651037216186523,-17.63203
exp3_fixed_2,10111,590.3265,593.2611,0.0,-1.113852858543396,-1.8208447
exp3_fixed_2,10112,612.2439,620.7739,0.0,-1.0245928764343262,-7.505427
exp3_fixed_2,10113,603.33777,606.11725,0.0,-0.5837647914886475,-2.1958072
exp3_fixed_2,10114,557.9425,562.6048,0.0,-0.6183807849884033,-4.043861
exp3_fixed_2,10115,567.48376,570.1637,0.0,-1.0610132217407227,-1.6188785
exp3_fixed_2,10116,488.86618,496.60638,0.0,-1.2728536128997803,-6.4673543
exp3_fixed_2,10117,572.65,576.1239,0.0,-1.402286410331726,-2.0715978
exp3_fixed_2,10118,601.2866,604.8774,0.0,-1.5247793197631836,-2.0659516
exp3_fixed_2,10119,633.6362,636.2987,0.0,-0.6792244911193848,-1.9832118
exp3_fixed_2,10121,630.8418,635.0826,0.0,-0.9680241942405701,-3.272694
exp3_fixed_2,10122,512.0213,519.8204,0.0,-1.118434190750122,-6.6806583
exp3_fixed_2,10123,587.6719,593.4161,0.0,-1.5373563766479492,-4.206864
exp3_fixed_2,10124,619.1769,621.5987,0.0,-0.7558611631393433,-1.665971
exp3_fixed_2,10125,484.62048,497.0007,0.0,-2.222921371459961,-10.157308
exp3_fixed_2,10126,-197.2602,62.844303,-200.0,-57.75309371948242,-2.3514173
exp3_fixed_2,10127,524.2473,536.6897,0.0,-1.233201265335083,-11.209161
exp3_fixed_2,10128,553.2157,557.9006,0.0,-1.5421921014785767,-3.142695
exp3_fixed_2,10129,577.89246,581.5353,0.0,-0.7853607535362244,-2.8574228
exp3_fixed_2,10130,546.62256,549.54224,0.0,-0.35245412588119507,-2.5672522
exp3_fixed_2,10131,586.90436,588.99133,0.0,-0.4641723930835724,-1.622853
exp3_fixed_2,10132,604.6156,609.32245,0.0,-2.201153516769409,-2.5057344
exp3_fixed_2,10133,622.2562,625.2202,0.0,-0.8555898666381836,-2.1083744
exp3_fixed_2,10134,608.56177,611.0935,0.0,-0.47290873527526855,-2.058864
exp3_fixed_2,10135,572.8872,577.39526,0.0,-0.6018867492675781,-3.9061804
exp3_fixed_2,10136,591.3931,595.1109,0.0,-0.3906362056732178,-3.3270876
exp3_fixed_2,10137,507.85068,513.6276,0.0,-3.2384464740753174,-2.5384824
exp3_fixed_2,10138,592.5303,596.0096,0.0,-0.5605641603469849,-2.91876
exp3_fixed_2,10139,522.90845,528.8986,0.0,-0.4370974004268646,-5.5531178
exp3_fixed_2,10141,528.03674,533.30927,0.0,-1.555307388305664,-3.7171898
exp3_fixed_2,10142,422.05157,434.25772,0.0,-5.304664134979248,-6.901496
exp3_fixed_2,10143,611.2906,617.72754,0.0,-0.5188757181167603,-5.91805
exp3_fixed_2,10144,576.0889,579.3555,0.0,-0.7930284738540649,-2.4735723
exp3_fixed_2,10145,558.56946,562.0191,0.0,-0.7261663675308228,-2.7234867
exp3_fixed_2,10146,624.5416,628.24133,0.0,-0.8857285976409912,-2.8139336
exp3_fixed_2,10147,462.15115,470.93896,0.0,-2.3965535163879395,-6.3912497
exp3_fixed_2,10148,657.8743,658.8882,0.0,-0.30721065402030945,-0.7066432
exp3_fixed_2,10149,605.3568,609.53125,0.0,-0.7345070838928223,-3.43996
exp3_fixed_2,10150,547.6336,554.5971,0.0,-1.5610554218292236,-5.402465
exp3_fixed_2,10151,624.36536,628.8937,0.0,-1.1772836446762085,-3.3510468
exp3_fixed_2,10152,573.2886,576.5139,0.0,-0.4565344750881195,-2.768784
exp3_fixed_2,10153,622.6884,625.21265,0.0,-0.7207604646682739,-1.8034737
exp3_fixed_2,10154,561.73773,565.0699,0.0,-0.6090878248214722,-2.7230544
exp3_fixed_2,10155,652.3645,655.04425,0.0,-0.9530812501907349,-1.7266574
exp3_fixed_2,10156,645.8606,648.3986,0.0,-0.48610854148864746,-2.0518973
exp3_fixed_2,10157,509.7712,515.92395,0.0,-0.758156955242157,-5.394593
exp3_fixed_2,10158,579.6135,588.03687,0.0,-1.690064787864685,-6.733288
exp3_fixed_2,10159,665.0531,670.7444,0.0,-1.124338984489441,-4.566967
exp3_fixed_2,10161,605.505,606.78296,0.0,-0.4559904932975769,-0.82202774
exp3_fixed_2,10162,622.1634,624.1536,0.0,-0.27876436710357666,-1.7114891
exp3_fixed_2,10163,586.3049,592.33105,0.0,-0.5004958510398865,-5.525733
exp3_fixed_2,10164,592.39954,595.4273,0.0,-1.071340799331665,-1.9564784
exp3_fixed_2,10165,614.4822,619.39624,0.0,-2.0409929752349854,-2.8730047
exp3_fixed_2,10166,615.65,621.18945,0.0,-1.3072330951690674,-4.2322335
exp3_fixed_2,10167,573.8345,575.69196,0.0,-0.43862438201904297,-1.4188678
exp3_fixed_2,10168,569.0783,573.97314,0.0,-1.7137444019317627,-3.1811414
exp3_fixed_2,10169,628.958,632.3325,0.0,-0.7015934586524963,-2.6729212
exp3_fixed_2,10170,533.03503,540.63214,0.0,-1.8708248138427734,-5.726259
exp3_fixed_2,10171,684.21265,690.1608,0.0,-1.6507962942123413,-4.2974205
exp3_fixed_2,10172,485.8494,504.9789,0.0,-11.458160400390625,-7.6714025
exp3_fixed_2,10173,682.1676,685.91235,0.0,-0.6420888900756836,-3.102669
exp3_fixed_2,10174,535.84174,540.4107,0.0,-0.18500445783138275,-4.3839307
exp3_fixed_2,10175,651.4443,654.3784,0.0,-0.8111080527305603,-2.1230597
exp3_fixed_2,10176,521.31635,523.5986,0.0,-0.4967780113220215,-1.7854289
exp3_fixed_2,10177,-249.76715,104.94314,-200.0,-151.3594512939453,-3.3508236
exp3_fixed_2,10178,589.59204,594.6872,0.0,-2.3968002796173096,-2.6983027
exp3_fixed_2,10179,575.70667,579.8107,0.0,-0.4848467707633972,-3.619172
exp3_fixed_2,10181,462.16736,471.35736,0.0,-2.507723808288574,-6.682263
exp3_fixed_2,10182,590.2693,595.5956,0.0,-0.8176888823509216,-4.5086246
exp3_fixed_2,10183,473.05173,484.70718,0.0,-3.457805871963501,-8.197667
exp3_fixed_2,10184,564.4877,568.07416,0.0,-0.9457777142524719,-2.640665
exp3_fixed_2,10185,586.1176,589.52386,0.0,-0.5050629377365112,-2.9011884
exp3_fixed_2,10186,515.91205,519.48926,0.0,-0.4268130958080292,-3.1503441
exp3_fixed_2,10187,600.0065,602.4689,0.0,-0.5910297632217407,-1.8713703
exp3_fixed_2,10188,587.5513,589.942,0.0,-0.4542173743247986,-1.9364946
exp3_fixed_2,10189,543.81433,546.0855,0.0,-0.1705818474292755,-2.1005874
exp3_fixed_2,10190,600.2013,604.6499,0.0,-0.6268566250801086,-3.821717
exp3_fixed_2,10191,558.9524,577.67004,0.0,-1.26216459274292,-17.455482
exp3_fixed_2,10192,510.1137,520.3332,0.0,-0.9176757335662842,-9.301824
exp3_fixed_2,10193,585.1862,586.6562,0.0,-0.47530847787857056,-0.99463075
exp3_fixed_2,10194,563.1532,566.36273,0.0,-0.42136627435684204,-2.7881546
exp3_fixed_2,10195,606.153,608.38184,0.0,-0.3066415786743164,-1.9221693
exp3_fixed_2,10196,597.93365,601.0509,0.0,-0.8706164360046387,-2.246633
exp3_fixed_2,10197,614.1732,617.56195,0.0,-1.2777150869369507,-2.1110249
exp3_fixed_2,10198,586.7328,588.8678,0.0,-0.4459904730319977,-1.6889421
exp3_fixed_2,10199,640.87256,642.9122,0.0,-0.5677723288536072,-1.471794
exp3_fixed_2,10201,624.87537,632.9212,0.0,-1.7010598182678223,-6.3447833
exp3_fixed_2,10202,607.0041,608.80237,0.0,-0.8116094470024109,-0.9866948
exp3_fixed_2,10203,575.0409,578.64246,0.0,-1.76046884059906,-1.8411374
exp3_fixed_2,10204,493.92896,503.57385,0.0,-3.694906234741211,-5.9499893
exp3_fixed_2,10205,574.51404,578.82983,0.0,-0.976764440536499,-3.3390205
exp3_fixed_2,10206,545.2072,557.01605,0.0,-1.226141095161438,-10.582679
exp3_fixed_2,10207,555.2622,559.8325,0.0,-0.4131472110748291,-4.1572204
exp3_fixed_2,10208,531.64886,538.0882,0.0,-0.909889280796051,-5.529458
exp3_fixed_2,10209,615.8251,618.4693,0.0,-0.7382208108901978,-1.9059967
exp3_fixed_2,10210,665.8894,669.9684,0.0,-0.45286595821380615,-3.626144
exp3_fixed_2,10211,641.79144,645.4168,0.0,-1.509886384010315,-2.1155024
exp3_fixed_2,10212,506.41077,516.6414,0.0,-2.217954158782959,-8.012684
exp3_fixed_2,10213,598.5675,604.10974,0.0,-0.8147884607315063,-4.727442
exp3_fixed_2,10214,574.28894,581.0816,0.0,-1.7606812715530396,-5.0319786
exp3_fixed_2,10215,617.2972,622.45435,0.0,-1.30817711353302,-3.8490567
exp3_fixed_2,10216,569.34705,580.0518,0.0,-0.8622790575027466,-9.842463
exp3_fixed_2,10217,590.4475,594.09863,0.0,-0.6283591389656067,-3.0227382
exp3_fixed_2,10218,570.52783,572.83105,0.0,-0.8196778893470764,-1.4835273
exp3_fixed_2,10219,581.41626,584.556,0.0,-1.2266746759414673,-1.9131385
exp3_fixed_2,10221,556.55383,560.9964,0.0,-2.5452816486358643,-1.8972888
exp3_fixed_2,10222,675.8363,680.53357,0.0,-1.6750580072402954,-3.0221946
exp3_fixed_2,10223,469.1675,476.6376,0.0,-2.6380696296691895,-4.832008
exp3_fixed_2,10224,626.7626,632.4098,0.0,-0.6614874601364136,-4.9857645
exp3_fixed_2,10225,607.4866,609.5303,0.0,-0.2626582086086273,-1.7810249
exp3_fixed_2,10226,545.0107,550.03906,0.0,-0.8498014211654663,-4.1785407
exp3_fixed_2,10227,528.7605,541.5652,0.0,-4.521122455596924,-8.283562
exp3_fixed_2,10228,549.63745,551.8949,0.0,-1.0324457883834839,-1.2250134
exp3_fixed_2,10229,577.3967,585.3629,0.0,-0.8568969964981079,-7.109279
exp3_fixed_2,10230,605.6541,608.63654,0.0,-0.4951704740524292,-2.487284
exp3_fixed_2,10231,599.491,602.85236,0.0,-0.3803950548171997,-2.9809515
exp3_fixed_2,10232,605.7837,608.1666,0.0,-0.5124212503433228,-1.8705335
exp3_fixed_2,10233,571.8222,573.9037,0.0,-0.48271167278289795,-1.5987953
exp3_fixed_2,10234,444.5038,451.6898,0.0,-1.2119927406311035,-5.9739566
exp3_fixed_2,10235,520.8005,525.8367,0.0,-1.1283246278762817,-3.907894
exp3_fixed_2,10236,609.03345,616.9859,0.0,-1.800469994544983,-6.151991
exp3_fixed_2,10237,583.60004,585.8738,0.0,-0.3391675651073456,-1.9345843
exp3_fixed_2,10238,370.48703,395.54495,0.0,-12.375956535339355,-12.681959
exp3_fixed_2,10239,550.82007,552.1953,0.0,-0.2984393835067749,-1.076791
exp3_fixed_2,10241,570.70966,575.64404,0.0,-1.6284877061843872,-3.3059454
exp3_fixed_2,10242,546.97144,550.93604,0.0,-0.6889657378196716,-3.2755647
exp3_fixed_2,10243,573.0823,578.5768,0.0,-0.5686225295066833,-4.9258995
exp3_fixed_2,10244,654.82855,657.7522,0.0,-0.40275833010673523,-2.5209038
exp3_fixed_2,10245,582.6532,595.4709,0.0,-2.498737096786499,-10.318906
exp3_fixed_2,10246,457.97507,477.35254,0.0,-2.649599313735962,-16.727875
exp3_fixed_2,10247,557.9066,561.7715,0.0,-0.649300217628479,-3.215572
exp3_fixed_2,10248,551.5647,560.4979,0.0,-5.908539772033691,-3.024747
exp3_fixed_2,10249,520.4882,528.72675,0.0,-1.0092023611068726,-7.2293553
exp3_fixed_2,10250,564.42804,567.82935,0.0,-0.832416296005249,-2.568877
exp3_fixed_2,10251,652.083,656.80927,0.0,-0.6957772374153137,-4.0304775
exp3_fixed_2,10252,550.0211,554.3671,0.0,-0.9720783233642578,-3.373923
exp3_fixed_2,10253,551.2573,555.9264,0.0,-1.0432403087615967,-3.625776
exp3_fixed_2,10254,573.1007,577.9704,0.0,-1.8419556617736816,-3.0277648
exp3_fixed_2,10255,520.2508,524.20026,0.0,-1.0312262773513794,-2.9182198
exp3_fixed_2,10256,540.47046,544.7404,0.0,-1.4707509279251099,-2.7991989
exp3_fixed_2,10257,538.30554,540.1436,0.0,-0.47034621238708496,-1.367735
exp3_fixed_2,10258,-81.43039,138.39221,-200.0,-17.63421058654785,-2.1884196
exp3_fixed_2,10259,577.82324,584.19336,0.0,-2.264754295349121,-4.105325
exp3_fixed_2,10261,612.6288,615.69037,0.0,-0.41537922620773315,-2.646208
exp3_fixed_2,10262,651.28296,654.95386,0.0,-0.5613278150558472,-3.1095448
exp3_fixed_2,10263,630.4818,633.6954,0.0,-0.9552271366119385,-2.2583477
exp3_fixed_2,10264,525.6566,529.3255,0.0,-0.7072118520736694,-2.9616294
exp3_fixed_2,10265,552.65735,557.3099,0.0,-0.7830213308334351,-3.869486
exp3_fixed_2,10266,556.6415,560.86053,0.0,-1.1864259243011475,-3.0326304
exp3_fixed_2,10267,576.6494,579.52496,0.0,-0.6935020685195923,-2.1820476
exp3_fixed_2,10268,628.61145,630.5276,0.0,-0.8161587715148926,-1.1000011
exp3_fixed_2,10269,556.4855,561.34906,0.0,-1.8814095258712769,-2.982122
exp3_fixed_2,10270,583.32544,597.6578,0.0,-0.6323903799057007,-13.699986
exp3_fixed_2,10271,615.8627,619.23584,0.0,-0.8643070459365845,-2.5087984
exp3_fixed_2,10272,524.0265,534.475,0.0,-1.5908256769180298,-8.857604
exp3_fixed_2,10273,597.1046,599.2717,0.0,-0.23724143207073212,-1.9299026
exp3_fixed_2,10274,644.8328,649.4501,0.0,-0.9755460023880005,-3.6416545
exp3_fixed_2,10275,559.30145,560.9242,0.0,-0.5282407999038696,-1.0944905
exp3_fixed_2,10276,543.57385,546.04047,0.0,-0.6289697885513306,-1.8376151
exp3_fixed_2,10277,560.589,566.6324,0.0,-0.611023485660553,-5.4323153
exp3_fixed_2,10278,595.81903,598.97253,0.0,-1.265183448791504,-1.8882929
exp3_fixed_2,10279,596.2693,603.04486,0.0,-1.5765644311904907,-5.198986
exp3_fixed_2,10281,601.4718,609.29224,0.0,-4.50093936920166,-3.3194728
exp3_fixed_2,10282,589.1819,595.2296,0.0,-0.4686688780784607,-5.5790997
exp3_fixed_2,10283,649.57495,652.27856,0.0,-0.5312502980232239,-2.1724322
exp3_fixed_2,10284,556.1636,560.1306,0.0,-0.18505337834358215,-3.7819622
exp3_fixed_2,10285,574.5752,578.578,0.0,-0.9031856656074524,-3.0996447
exp3_fixed_2,10286,546.9553,553.08826,0.0,-0.6000980734825134,-5.532861
exp3_fixed_2,10287,619.15985,623.4171,0.0,-0.4722728431224823,-3.7849922
exp3_fixed_2,10288,587.03674,592.059,0.0,-1.571879506111145,-3.4503894
exp3_fixed_2,10289,568.79755,570.5501,0.0,-0.823702871799469,-0.9288708
exp3_fixed_2,10290,586.57666,593.11145,0.0,-1.5222783088684082,-5.0125346
exp3_fixed_2,10291,669.0437,672.535,0.0,-0.5707200765609741,-2.9205887
exp3_fixed_2,10292,481.31442,502.20773,0.0,-6.458086967468262,-14.435208
exp3_fixed_2,10293,545.865,551.05005,0.0,-0.6724233031272888,-4.5126762
exp3_fixed_2,10294,518.2474,523.23914,0.0,-0.9113726615905762,-4.0803885
exp3_fixed_2,10295,-237.55948,119.139694,-200.0,-151.80686950683594,-4.892299
exp3_fixed_2,10296,550.46643,552.5568,0.0,-0.6110385060310364,-1.4793134
exp3_fixed_2,10297,533.01733,536.7581,0.0,-0.5370635986328125,-3.2036994
exp3_fixed_2,10298,580.9402,585.30334,0.0,-1.137312412261963,-3.2258508
exp3_fixed_2,10299,524.79535,533.4475,0.0,-1.4855684041976929,-7.166609
exp3_fixed_2,10301,560.9392,564.969,0.0,-0.38304030895233154,-3.6467774
exp3_fixed_2,10302,620.1924,622.7885,0.0,-0.6552102565765381,-1.9408772
exp3_fixed_2,10303,610.63763,613.97144,0.0,-0.8683929443359375,-2.4654014
exp3_fixed_2,10304,558.93787,564.19836,0.0,-1.2724440097808838,-3.9881103
exp3_fixed_2,10305,558.94727,562.7162,0.0,-1.3647514581680298,-2.4042115
exp3_fixed_2,10306,539.1937,543.4831,0.0,-1.2208819389343262,-3.0685077
exp3_fixed_2,10307,573.51654,575.67474,0.0,-0.6855216026306152,-1.4726882
exp3_fixed_2,10308,593.6834,597.7567,0.0,-1.1825435161590576,-2.8907688
exp3_fixed_2,10309,591.2897,604.15533,0.0,-1.1265814304351807,-11.73914
exp3_fixed_2,10310,613.7858,622.4759,0.0,-2.162775993347168,-6.527284
exp3_fixed_2,10311,568.48236,572.97345,0.0,-0.9634585380554199,-3.5276082
exp3_fixed_2,10312,609.0333,615.8113,0.0,-1.2106294631958008,-5.5673203
exp3_fixed_2,10313,475.21274,482.48502,0.0,-1.0672556161880493,-6.2050076
exp3_fixed_2,10314,587.78204,594.49097,0.0,-0.8247377872467041,-5.88417
exp3_fixed_2,10315,573.7217,578.32745,0.0,-2.9807310104370117,-1.6250403
exp3_fixed_2,10316,503.9997,508.86014,0.0,-1.3289015293121338,-3.5315297
exp3_fixed_2,10317,582.0154,584.076,0.0,-0.5655263066291809,-1.495045
exp3_fixed_2,10318,592.1002,596.72656,0.0,-1.0118062496185303,-3.6146038
exp3_fixed_2,10319,622.2854,626.95685,0.0,-1.1727339029312134,-3.498715
exp3_fixed_2,10321,-79.059494,133.18959,-200.0,-9.476529121398926,-2.7725382
exp3_fixed_2,10322,579.5952,585.5127,0.0,-2.3258562088012695,-3.5916197
exp3_fixed_2,10323,598.95935,602.3053,0.0,-0.3536840081214905,-2.992257
exp3_fixed_2,10324,615.44403,619.286,0.0,-0.8281205296516418,-3.0138595
exp3_fixed_2,10325,506.4444,524.01056,0.0,-1.7876793146133423,-15.778454
exp3_fixed_2,10326,599.3502,603.45886,0.0,-1.2020885944366455,-2.9065912
exp3_fixed_2,10327,555.53406,558.9555,0.0,-0.9903668165206909,-2.4310784
exp3_fixed_2,10328,569.86725,573.2288,0.0,-0.4584115743637085,-2.903149
exp3_fixed_2,10329,568.0667,573.26965,0.0,-2.097223997116089,-3.1056488
exp3_fixed_2,10330,645.29205,650.52295,0.0,-1.4430443048477173,-3.7878747
exp3_fixed_2,10331,626.46136,629.74554,0.0,-0.8803445100784302,-2.4038298
exp3_fixed_2,10332,461.22107,473.51968,0.0,-1.8855080604553223,-10.413095
exp3_fixed_2,10333,568.1898,573.3198,0.0,-0.8970036506652832,-4.2330065
exp3_fixed_2,10334,624.88605,628.16296,0.0,-0.5894527435302734,-2.6873946
exp3_fixed_2,10335,621.5465,627.0468,0.0,-1.9032341241836548,-3.597135
exp3_fixed_2,10336,582.60126,587.3339,0.0,-1.0311826467514038,-3.701488
exp3_fixed_2,10337,609.8329,614.62054,0.0,-1.2725621461868286,-3.5151198
exp3_fixed_2,10338,613.44525,616.9287,0.0,-0.5488668084144592,-2.934623
exp3_fixed_2,10339,528.71655,541.0785,0.0,-0.5099360346794128,-11.852034
exp3_fixed_2,10341,528.2911,533.447,0.0,-0.8446536064147949,-4.3112807
exp3_fixed_2,10342,562.37415,565.4648,0.0,-0.8204526901245117,-2.2702622
exp3_fixed_2,10343,574.38165,580.1857,0.0,-0.48791778087615967,-5.3161345
exp3_fixed_2,10344,565.17346,569.50964,0.0,-0.7914026379585266,-3.54476
exp3_fixed_2,10345,593.83215,599.916,0.0,-2.9075655937194824,-3.1762474
exp3_fixed_2,10346,607.3793,609.6964,0.0,-0.653538167476654,-1.6636267
exp3_fixed_2,10347,531.8499,536.6837,0.0,-0.5183748006820679,-4.31544
exp3_fixed_2,10348,568.01874,574.4292,0.0,-4.9357123374938965,-1.4747391
exp3_fixed_2,10349,653.63007,657.6953,0.0,-2.1290504932403564,-1.9361469
exp3_fixed_2,10350,560.7204,564.5927,0.0,-0.7531015872955322,-3.1192143
exp3_fixed_2,10351,601.84625,609.58795,0.0,-0.9135867357254028,-6.82813
exp3_fixed_2,10352,584.7584,587.5676,0.0,-0.32778996229171753,-2.4813964
exp3_fixed_2,10353,555.9685,561.2017,0.0,-1.4961837530136108,-3.7370498
exp3_fixed_2,10354,556.7149,561.5175,0.0,-0.9048263430595398,-3.8977761
exp3_fixed_2,10355,542.5309,548.2922,0.0,-0.9251840114593506,-4.8360724
exp3_fixed_2,10356,488.95987,499.6849,0.0,-1.243530035018921,-9.4815
exp3_fixed_2,10357,544.44366,555.7862,0.0,-1.6244157552719116,-9.718187
exp3_fixed_2,10358,612.25757,617.7862,0.0,-0.9126947522163391,-4.615882
exp3_fixed_2,10359,619.3226,624.2158,0.0,-0.8656648397445679,-4.027568
exp3_fixed_2,10361,521.0366,526.63873,0.0,-0.6242865324020386,-4.9777985
exp3_fixed_2,10362,549.2336,551.61414,0.0,-0.34684908390045166,-2.0337124
exp3_fixed_2,10363,633.8614,635.7532,0.0,-0.6428410410881042,-1.2488977
exp3_fixed_2,10364,597.5327,600.0803,0.0,-0.5636518001556396,-1.9839182
exp3_fixed_2,10365,596.9966,600.0299,0.0,-0.4839540123939514,-2.5493655
exp3_fixed_2,10366,526.4203,530.7039,0.0,-0.5341365933418274,-3.7494826
exp3_fixed_2,10367,572.3626,575.62714,0.0,-1.3199762105941772,-1.9445299
exp3_fixed_2,10368,656.11743,659.82886,0.0,-0.8663561940193176,-2.845093
exp3_fixed_2,10369,646.3367,649.53723,0.0,-0.941236138343811,-2.2593355
exp3_fixed_2,10370,540.73596,546.1911,0.0,-2.6125712394714355,-2.8425357
exp3_fixed_2,10371,563.6904,565.50037,0.0,-0.3901424705982208,-1.4197999
exp3_fixed_2,10372,620.2556,623.3727,0.0,-0.8628759384155273,-2.2541974
exp3_fixed_2,10373,452.4119,458.04044,0.0,-2.072457790374756,-3.5561
exp3_fixed_2,10374,638.31067,639.64685,0.0,-0.2690378427505493,-1.0671641
exp3_fixed_2,10375,576.81775,584.00745,0.0,-2.10664701461792,-5.08303
exp3_fixed_2,10376,571.8034,575.02704,0.0,-0.8803088665008545,-2.343321
exp3_fixed_2,10377,510.85077,514.76263,0.0,-0.9980876445770264,-2.9137928
exp3_fixed_2,10378,641.73883,646.23694,0.0,-1.3812099695205688,-3.1169567
exp3_fixed_2,10379,-106.296074,109.13865,-200.0,-12.452189445495605,-2.9825294
exp3_fixed_2,10381,561.2582,565.0292,0.0,-0.43130767345428467,-3.3397434
exp3_fixed_2,10382,539.70264,545.7965,0.0,-1.1928364038467407,-4.901041
exp3_fixed_2,10383,643.4062,646.2104,0.0,-0.5648680329322815,-2.2392929
exp3_fixed_2,10384,580.0409,585.5831,0.0,-0.9787636399269104,-4.5635004
exp3_fixed_2,10385,484.61426,492.99683,0.0,-2.0865204334259033,-6.2960186
exp3_fixed_2,10386,549.70105,553.33435,0.0,-2.080219268798828,-1.5531194
exp3_fixed_2,10387,545.4251,546.77386,0.0,-0.17205046117305756,-1.1767426
exp3_fixed_2,10388,641.23914,643.3744,0.0,-0.7782226800918579,-1.3570416
exp3_fixed_2,10389,617.60065,621.2377,0.0,-1.0401794910430908,-2.5968387
exp3_fixed_2,10390,550.39,554.7101,0.0,-0.5613439679145813,-3.7587574
exp3_fixed_2,10391,580.30225,582.942,0.0,-0.6326929330825806,-2.0071404
exp3_fixed_2,10392,597.2179,602.20056,0.0,-1.0469657182693481,-3.9356556
exp3_fixed_2,10393,553.1967,556.05634,0.0,-0.5499285459518433,-2.3096552
exp3_fixed_2,10394,555.44464,559.0523,0.0,-1.5088235139846802,-2.0988617
exp3_fixed_2,10395,575.8294,579.9469,0.0,-1.2450551986694336,-2.8725035
exp3_fixed_2,10396,555.2882,558.5076,0.0,-0.8296416401863098,-2.3897836
exp3_fixed_2,10397,533.2221,548.24347,0.0,-2.692488431930542,-12.3289
exp3_fixed_2,10398,573.0719,576.2167,0.0,-0.9115316271781921,-2.2331917
exp3_fixed_2,10399,625.4012,629.5303,0.0,-1.8665072917938232,-2.2626173
exp3_fixed_2,10401,607.17053,611.42114,0.0,-1.7034422159194946,-2.547144
exp3_fixed_2,10402,585.3535,588.725,0.0,-0.6842676401138306,-2.6872172
exp3_fixed_2,10403,530.8339,534.8872,0.0,-0.4564919173717499,-3.596798
exp3_fixed_2,10404,578.2178,582.54944,0.0,-1.0373618602752686,-3.2943628
exp3_fixed_2,10405,622.38293,625.1005,0.0,-0.9248185753822327,-1.792824
exp3_fixed_2,10406,585.5678,592.1953,0.0,-4.0291008949279785,-2.5984237
exp3_fixed_2,10407,525.9182,534.50543,0.0,-2.4927380084991455,-6.094475
exp3_fixed_2,10408,647.1224,649.784,0.0,-0.8186498284339905,-1.8429903
exp3_fixed_2,10409,586.51886,588.9758,0.0,-0.33418509364128113,-2.1228106
exp3_fixed_2,10410,553.569,559.99164,0.0,-0.7040596008300781,-5.7185845
exp3_fixed_2,10411,593.05054,597.1502,0.0,-0.6095336675643921,-3.4901068
exp3_fixed_2,10412,615.0658,618.70465,0.0,-1.5658334493637085,-2.07304
exp3_fixed_2,10413,-137.47977,82.18965,-200.0,-18.928142547607422,-0.74125606
exp3_fixed_2,10414,654.0531,657.18555,0.0,-0.6088247299194336,-2.5235543
exp3_fixed_2,10415,579.9469,582.605,0.0,-0.9731496572494507,-1.6849291
exp3_fixed_2,10416,492.56018,505.45175,0.0,-3.1197383403778076,-9.77183
exp3_fixed_2,10417,634.4844,636.40704,0.0,-0.3646005690097809,-1.5580959
exp3_fixed_2,10418,558.2613,564.4532,0.0,-2.4446897506713867,-3.7471852
exp3_fixed_2,10419,560.4112,564.67267,0.0,-1.1690821647644043,-3.092369
exp3_fixed_2,10421,479.0952,484.01456,0.0,-0.7991332411766052,-4.120193
exp3_fixed_2,10422,538.9118,544.6821,0.0,-1.2108852863311768,-4.5594482
exp3_fixed_2,10423,532.58844,537.6641,0.0,-0.8633032441139221,-4.212376
exp3_fixed_2,10424,510.2556,514.72406,0.0,-1.0655449628829956,-3.40287
exp3_fixed_2,10425,541.5415,545.1601,0.0,-0.872636079788208,-2.7459528
exp3_fixed_2,10426,554.70166,557.2828,0.0,-0.6708298325538635,-1.9103442
exp3_fixed_2,10427,617.5566,623.10974,0.0,-1.0354313850402832,-4.517711
exp3_fixed_2,10428,537.44653,541.9205,0.0,-1.0187923908233643,-3.455132
exp3_fixed_2,10429,485.14865,489.4657,0.0,-0.8266869783401489,-3.4903696
exp3_fixed_2,10430,569.759,574.9916,0.0,-1.6239008903503418,-3.6087525
exp3_fixed_2,10431,503.47217,509.78494,0.0,-1.0463998317718506,-5.2663784
exp3_fixed_2,10432,603.5725,609.35956,0.0,-0.720284104347229,-5.066789
exp3_fixed_2,10433,591.71655,594.75635,0.0,-0.4634384512901306,-2.5763943
exp3_fixed_2,10434,569.9512,576.1162,0.0,-1.1555176973342896,-5.0094786
exp3_fixed_2,10435,496.83353,516.7594,0.0,-10.82615852355957,-9.099704
exp3_fixed_2,10436,587.7063,592.61536,0.0,-0.49550187587738037,-4.4135933
exp3_fixed_2,10437,487.11642,492.28265,0.0,-1.1831728219985962,-3.9830484
exp3_fixed_2,10438,570.5595,573.13586,0.0,-0.4785648286342621,-2.0977862
exp3_fixed_2,10439,607.55206,610.6515,0.0,-0.6468372344970703,-2.4526112
exp3_fixed_2,10441,598.35767,605.7751,0.0,-1.3646339178085327,-6.0527554
exp3_fixed_2,10442,640.6369,644.0619,0.0,-0.7462155818939209,-2.6787992
exp3_fixed_2,10443,654.61444,659.9487,0.0,-1.4156075716018677,-3.918642
exp3_fixed_2,10444,638.7471,642.1331,0.0,-0.6815827488899231,-2.7045083
exp3_fixed_2,10445,602.46014,606.44446,0.0,-0.8884240984916687,-3.0958648
exp3_fixed_2,10446,543.247,547.0201,0.0,-0.4943329691886902,-3.2787516
exp3_fixed_2,10447,562.1419,571.9967,0.0,-0.3386388123035431,-9.516098
exp3_fixed_2,10448,618.1541,636.8723,0.0,-0.9988184571266174,-17.719425
exp3_fixed_2,10449,567.5139,576.5686,0.0,-1.922226905822754,-7.1324267
exp3_fixed_2,10450,596.3682,599.2791,0.0,-0.7116902470588684,-2.199229
exp3_fixed_2,10451,582.9121,584.67145,0.0,-0.35725879669189453,-1.4021215
exp3_fixed_2,10452,579.0992,584.38934,0.0,-1.1547164916992188,-4.1354465
exp3_fixed_2,10453,534.25824,539.21606,0.0,-0.7115486860275269,-4.2462683
exp3_fixed_2,10454,594.17395,599.98236,0.0,-0.7819331884384155,-5.026491
exp3_fixed_2,10455,597.7156,601.5759,0.0,-0.5614078640937805,-3.2990236
exp3_fixed_2,10456,654.3777,658.31177,0.0,-0.6305808424949646,-3.3034706
exp3_fixed_2,10457,516.94507,533.415,0.0,-3.128279685974121,-13.341618
exp3_fixed_2,10458,555.2685,558.83496,0.0,-0.5134496688842773,-3.053041
exp3_fixed_2,10459,495.4466,500.68268,0.0,-2.8357465267181396,-2.4003112
exp3_fixed_2,10461,596.5115,599.25323,0.0,-0.7794259190559387,-1.9622806
exp3_fixed_2,10462,574.79803,577.932,0.0,-0.8943585157394409,-2.239665
exp3_fixed_2,10463,609.31146,611.41724,0.0,-0.46942517161369324,-1.6364396
exp3_fixed_2,10464,534.2565,537.1086,0.0,-0.4705411493778229,-2.381607
exp3_fixed_2,10465,599.6318,603.62006,0.0,-1.2963156700134277,-2.6919866
exp3_fixed_2,10466,-45.597443,163.3533,-200.0,-7.000375270843506,-1.9503715
exp3_fixed_2,10467,555.7654,560.05066,0.0,-1.3703768253326416,-2.914913
exp3_fixed_2,10468,591.2031,595.5704,0.0,-1.4776890277862549,-2.8895407
exp3_fixed_2,10469,563.0111,566.889,0.0,-0.7951197624206543,-3.0827525
exp3_fixed_2,10470,543.3193,548.2752,0.0,-0.5647608041763306,-4.3911843
exp3_fixed_2,10471,606.4433,611.6437,0.0,-0.9131539463996887,-4.2872047
exp3_fixed_2,10472,602.004,605.2771,0.0,-0.6729049682617188,-2.6002226
exp3_fixed_2,10473,544.0061,554.2862,0.0,-3.9377810955047607,-6.3423114
exp3_fixed_2,10474,546.9713,552.614,0.0,-1.5729379653930664,-4.069784
exp3_fixed_2,10475,499.40463,520.21484,0.0,-2.4079389572143555,-18.402246
exp3_fixed_2,10476,555.8677,570.27216,0.0,-3.9089865684509277,-10.495477
exp3_fixed_2,10477,587.50934,590.48517,0.0,-0.7928955554962158,-2.1829019
exp3_fixed_2,10478,527.6638,535.75287,0.0,-4.939136028289795,-3.1499171
exp3_fixed_2,10479,476.02856,488.22235,0.0,-6.341042995452881,-5.8527584
exp3_fixed_2,10481,566.38824,571.30396,0.0,-1.700147032737732,-3.215558
exp3_fixed_2,10482,619.54315,623.82666,0.0,-0.251798152923584,-4.031737
exp3_fixed_2,10483,659.6961,663.67737,0.0,-1.1007882356643677,-2.8805356
exp3_fixed_2,10484,643.4237,647.4024,0.0,-0.755330502986908,-3.2233126
exp3_fixed_2,10485,540.38904,546.25824,0.0,-0.7100986838340759,-5.1590967
exp3_fixed_2,10486,621.3717,622.901,0.0,-0.15685489773750305,-1.3724624
exp3_fixed_2,10487,585.3306,591.0671,0.0,-1.5766992568969727,-4.1597395
exp3_fixed_2,10488,582.43036,585.2977,0.0,-0.9357545375823975,-1.9315896
exp3_fixed_2,10489,457.8375,464.3708,0.0,-0.9766916036605835,-5.5565934
exp3_fixed_2,10490,532.48926,543.63416,0.0,-1.1657990217208862,-9.979097
exp3_fixed_2,10491,457.98148,468.87415,0.0,-1.6783602237701416,-9.214301
exp3_fixed_2,10492,-131.06058,98.54973,-200.0,-27.28894805908203,-2.3213618
exp3_fixed_2,10493,578.4136,583.1591,0.0,-0.6851091384887695,-4.060447
exp3_fixed_2,10494,581.5615,594.2024,0.0,-2.386077642440796,-10.254801
exp3_fixed_2,10495,446.39587,460.97775,0.0,-1.9769279956817627,-12.604939
exp3_fixed_2,10496,532.2196,542.733,0.0,-0.6192575097084045,-9.894155
exp3_fixed_2,10497,587.84625,590.0106,0.0,-0.7346404790878296,-1.4296583
exp3_fixed_2,10498,573.319,579.824,0.0,-4.4947004318237305,-2.0102608
exp3_fixed_2,10499,594.3493,598.1482,0.0,-0.8812364935874939,-2.9176316
exp3_fixed_2,10501,565.5232,570.9414,0.0,-1.3403663635253906,-4.077844
exp3_fixed_2,10502,549.9816,557.6942,0.0,-3.385810136795044,-4.32676
exp3_fixed_2,10503,600.37085,603.3286,0.0,-0.6369308829307556,-2.3208945
exp3_fixed_2,10504,528.50885,537.4558,0.0,-1.0287219285964966,-7.9182653
exp3_fixed_2,10505,579.5314,583.6847,0.0,-0.6561704277992249,-3.4971855
exp3_fixed_2,10506,530.7269,534.60925,0.0,-1.4663740396499634,-2.4159245
exp3_fixed_2,10507,552.2479,556.9159,0.0,-0.5254098773002625,-4.1425695
exp3_fixed_2,10508,600.88904,604.0421,0.0,-0.7769464254379272,-2.3761408
exp3_fixed_2,10509,632.6484,636.152,0.0,-1.6267688274383545,-1.8768978
exp3_fixed_2,10510,630.2385,632.9309,0.0,-0.5084480047225952,-2.1839106
exp3_fixed_2,10511,568.81616,571.1073,0.0,-0.4988557994365692,-1.7922628
exp3_fixed_2,10512,543.52075,549.30444,0.0,-2.4131064414978027,-3.3705688
exp3_fixed_2,10513,565.1538,572.54047,0.0,-0.9553594589233398,-6.4313335
exp3_fixed_2,10514,600.72504,603.48584,0.0,-0.36777254939079285,-2.393051
exp3_fixed_2,10515,597.37946,601.9183,0.0,-0.962142288684845,-3.5766835
exp3_fixed_2,10516,588.616,592.82214,0.0,-1.352908968925476,-2.853157
exp3_fixed_2,10517,622.33594,626.0818,0.0,-0.947953999042511,-2.797935
exp3_fixed_2,10518,577.5381,582.34784,0.0,-1.2712249755859375,-3.5385306
exp3_fixed_2,10519,600.9181,605.2857,0.0,-0.9879828691482544,-3.3796413
exp3_fixed_2,10521,642.36633,644.121,0.0,-0.27821120619773865,-1.476509
exp3_fixed_2,10522,597.00165,601.4006,0.0,-2.3717174530029297,-2.0272338
exp3_fixed_2,10523,614.9459,620.04236,0.0,-1.9224332571029663,-3.1739726
exp3_fixed_2,10524,460.15067,474.32462,0.0,-3.9031271934509277,-10.270802
exp3_fixed_2,10525,615.97986,619.74097,0.0,-0.7001326680183411,-3.061016
exp3_fixed_2,10526,639.9037,643.0506,0.0,-1.3238499164581299,-1.8230648
exp3_fixed_2,10527,565.3928,569.0596,0.0,-0.8211202025413513,-2.845596
exp3_fixed_2,10528,589.11163,595.0002,0.0,-2.95175838470459,-2.9367995
exp3_fixed_2,10529,569.56274,573.49445,0.0,-1.798911213874817,-2.1327825
exp3_fixed_2,10530,600.19727,603.24316,0.0,-0.709945559501648,-2.33597
exp3_fixed_2,10531,616.1251,619.7505,0.0,-1.5458792448043823,-2.0795398
exp3_fixed_2,10532,-66.30568,143.58937,-200.0,-7.379063129425049,-2.5159795
exp3_fixed_2,10533,541.8329,548.78076,0.0,-0.7230765223503113,-6.2247696
exp3_fixed_2,10534,489.47852,497.93555,0.0,-2.0791263580322266,-6.377891
exp3_fixed_2,10535,581.03455,582.98114,0.0,-0.1402575671672821,-1.8062946
exp3_fixed_2,10536,621.85645,629.8442,0.0,-5.467748641967773,-2.520079
exp3_fixed_2,10537,510.2874,513.8136,0.0,-1.9382960796356201,-1.5879121
exp3_fixed_2,10538,474.1253,480.98535,0.0,-2.1038641929626465,-4.7561812
exp3_fixed_2,10539,580.60803,585.4755,0.0,-1.196178674697876,-3.6713352
exp3_fixed_2,10541,567.36194,569.2536,0.0,-0.7322105169296265,-1.1594511
exp3_fixed_2,10542,518.10834,527.72156,0.0,-0.8603509664535522,-8.752848
exp3_fixed_2,10543,628.8053,635.3831,0.0,-2.9980556964874268,-3.5797749
exp3_fixed_2,10544,-207.23752,1.2914131,-200.0,-8.432613372802734,-0.096318714
exp3_fixed_2,10545,565.1172,569.0808,0.0,-0.6046441197395325,-3.358953
exp3_fixed_2,10546,438.1777,458.53757,0.0,-10.976611137390137,-9.383267
exp3_fixed_2,10547,544.9776,550.3443,0.0,-0.6816658973693848,-4.685052
exp3_fixed_2,10548,640.5697,641.67145,0.0,-0.4366568922996521,-0.66503245
exp3_fixed_2,10549,504.82843,516.19,0.0,-0.5141977071762085,-10.847393
exp3_fixed_2,10550,582.7513,586.5768,0.0,-1.5525144338607788,-2.2729723
exp3_fixed_2,10551,571.9198,574.621,0.0,-0.21939419209957123,-2.4818165
exp3_fixed_2,10552,536.41223,541.5752,0.0,-0.7686939239501953,-4.3943243
exp3_fixed_2,10553,559.96924,562.31213,0.0,-0.8623148202896118,-1.480556
exp3_fixed_2,10554,567.5502,573.8756,0.0,-1.3654260635375977,-4.9599924
exp3_fixed_2,10555,655.9839,660.34644,0.0,-0.8077604174613953,-3.5546935
exp3_fixed_2,10556,605.4117,608.0326,0.0,-0.5701207518577576,-2.0507746
exp3_fixed_2,10557,630.81494,633.5592,0.0,-0.4551886022090912,-2.289072
exp3_fixed_2,10558,588.80066,605.0974,0.0,-4.015577793121338,-12.281242
exp3_fixed_2,10559,681.7854,686.34937,0.0,-1.6768395900726318,-2.8871567
exp3_fixed_2,10561,500.339,518.38745,0.0,-7.651947021484375,-10.396476
exp3_fixed_2,10562,582.3363,587.88477,0.0,-1.0490779876708984,-4.49945
exp3_fixed_2,10563,553.5875,561.0652,0.0,-1.4312821626663208,-6.0463614
exp3_fixed_2,10564,522.09674,526.7502,0.0,-0.7246872186660767,-3.9287488
exp3_fixed_2,10565,559.0176,564.75885,0.0,-1.396286129951477,-4.3449574
exp3_fixed_2,10566,608.1496,611.8254,0.0,-1.452232003211975,-2.2235441
exp3_fixed_2,10567,544.79895,550.6593,0.0,-1.3529309034347534,-4.5074244
exp3_fixed_2,10568,550.9532,557.43646,0.0,-0.7809374928474426,-5.7023244
exp3_fixed_2,10569,575.41943,580.3157,0.0,-1.8999769687652588,-2.9962316
exp3_fixed_2,10570,593.0155,595.65015,0.0,-0.7324813604354858,-1.9021418
exp3_fixed_2,10571,598.39014,601.2666,0.0,-1.067267894744873,-1.8091973
exp3_fixed_2,10572,628.6793,632.15106,0.0,-0.7631598711013794,-2.7085452
exp3_fixed_2,10573,649.0397,651.49945,0.0,-0.4788324236869812,-1.9809356
exp3_fixed_2,10574,637.16394,642.59753,0.0,-1.1061065196990967,-4.327504
exp3_fixed_2,10575,549.4087,558.449,0.0,-2.448140859603882,-6.5921774
exp3_fixed_2,10576,596.23376,598.97876,0.0,-0.3164026737213135,-2.428664
exp3_fixed_2,10577,582.55505,593.5514,0.0,-1.1975041627883911,-9.798904
exp3_fixed_2,10578,592.3015,595.9981,0.0,-0.774643063545227,-2.9219563
exp3_fixed_2,10579,513.1133,518.77124,0.0,-0.9809988737106323,-4.676987
exp3_fixed_2,10581,564.10986,572.3372,0.0,-1.5708922147750854,-6.6564474
exp3_fixed_2,10582,517.5993,525.36053,0.0,-2.2065014839172363,-5.5547466
exp3_fixed_2,10583,574.3998,580.5925,0.0,-0.42423906922340393,-5.768464
exp3_fixed_2,10584,586.2125,591.36975,0.0,-1.3114124536514282,-3.8458052
exp3_fixed_2,10585,567.10236,579.9346,0.0,-1.1897022724151611,-11.642599
exp3_fixed_2,10586,615.6223,620.94836,0.0,-1.4767696857452393,-3.8493612
exp3_fixed_2,10587,640.44006,645.28723,0.0,-1.1462467908859253,-3.7008808
exp3_fixed_2,10588,600.65344,607.53534,0.0,-0.8104802370071411,-6.071395
exp3_fixed_2,10589,609.5336,615.08185,0.0,-2.786222219467163,-2.761989
exp3_fixed_2,10590,516.52094,524.06165,0.0,-4.4269304275512695,-3.1137311
exp3_fixed_2,10591,546.6878,553.5847,0.0,-1.8133482933044434,-5.0835123
exp3_fixed_2,10592,576.61694,580.7745,0.0,-1.7906432151794434,-2.3669038
exp3_fixed_2,10593,586.9269,589.77325,0.0,-0.5668296217918396,-2.2795012
exp3_fixed_2,10594,591.0382,594.3901,0.0,-0.9795061349868774,-2.3723536
exp3_fixed_2,10595,592.6389,599.307,0.0,-1.5700833797454834,-5.097968
exp3_fixed_2,10596,567.51874,581.80774,0.0,-2.65725040435791,-11.631662
exp3_fixed_2,10597,576.3097,580.4758,0.0,-0.8431955575942993,-3.3229547
exp3_fixed_2,10598,507.6697,509.50735,0.0,-0.18268755078315735,-1.6549594
exp3_fixed_2,10599,516.3331,521.9838,0.0,-0.8468661904335022,-4.8038235
exp3_fixed_2,10601,480.31335,486.4287,0.0,-1.6094807386398315,-4.5058846
exp3_fixed_2,10602,591.36005,595.2167,0.0,-0.6990646123886108,-3.1575646
exp3_fixed_2,10603,553.5391,557.7114,0.0,-1.0859830379486084,-3.086313
exp3_fixed_2,10604,500.70587,514.80255,0.0,-2.0154595375061035,-12.081156
exp3_fixed_2,10605,561.4958,567.6798,0.0,-0.634311854839325,-5.549712
exp3_fixed_2,10606,496.69122,504.07446,0.0,-3.765315294265747,-3.617917
exp3_fixed_2,10607,539.9807,545.12634,0.0,-0.48922789096832275,-4.6564703
exp3_fixed_2,10608,578.0729,584.3831,0.0,-0.7116580009460449,-5.5986533
exp3_fixed_2,10609,591.3834,594.4602,0.0,-0.5531970262527466,-2.52357
exp3_fixed_2,10610,605.0602,615.5565,0.0,-1.2276616096496582,-9.268712
exp3_fixed_2,10611,609.62964,611.4172,0.0,-0.17291873693466187,-1.6146394
exp3_fixed_2,10612,586.1138,588.2942,0.0,-1.0574074983596802,-1.1230489
exp3_fixed_2,10613,588.8533,592.82776,0.0,-1.2875162363052368,-2.6869688
exp3_fixed_2,10614,552.54584,558.8225,0.0,-1.268998622894287,-5.007714
exp3_fixed_2,10615,595.0217,597.3154,0.0,-0.773154079914093,-1.5205317
exp3_fixed_2,10616,539.55634,543.7727,0.0,-0.8223206996917725,-3.3940158
exp3_fixed_2,10617,601.3133,603.5471,0.0,-0.9567564725875854,-1.2770306
exp3_fixed_2,10618,581.2946,586.1482,0.0,-1.9674030542373657,-2.8861916
exp3_fixed_2,10619,551.13074,556.96643,0.0,-0.7391123175621033,-5.0966105
exp3_fixed_2,10621,603.74274,616.04456,0.0,-0.9976048469543457,-11.3042145
exp3_fixed_2,10622,533.0527,539.4917,0.0,-2.3708605766296387,-4.068194
exp3_fixed_2,10623,603.1104,609.1841,0.0,-1.4581257104873657,-4.615531
exp3_fixed_2,10624,591.37244,596.032,0.0,-1.0364576578140259,-3.6231198
exp3_fixed_2,10625,565.04834,569.24084,0.0,-1.0172730684280396,-3.1752462
exp3_fixed_2,10626,564.4603,569.4662,0.0,-0.7114719748497009,-4.294352
exp3_fixed_2,10627,562.94324,567.2993,0.0,-1.1994973421096802,-3.1565452
exp3_fixed_2,10628,531.93756,537.07324,0.0,-0.46098601818084717,-4.6747155
exp3_fixed_2,10629,562.3472,570.5478,0.0,-1.368485689163208,-6.8320436
exp3_fixed_2,10630,556.79724,568.224,0.0,-1.3240575790405273,-10.10274
exp3_fixed_2,10631,566.67004,571.99536,0.0,-0.41728630661964417,-4.90806
exp3_fixed_2,10632,536.29,547.2332,0.0,-8.5023193359375,-2.4409115
exp3_fixed_2,10633,577.9418,579.5776,0.0,-0.8119938969612122,-0.8238379
exp3_fixed_2,10634,592.5769,597.14716,0.0,-0.4797390103340149,-4.0905037
exp3_fixed_2,10635,601.0538,606.4562,0.0,-0.6703148484230042,-4.732078
exp3_fixed_2,10636,626.4365,629.6953,0.0,-0.628140389919281,-2.630586
exp3_fixed_2,10637,542.8072,552.4385,0.0,-3.58148455619812,-6.0498304
exp3_fixed_2,10638,620.95825,623.9597,0.0,-0.6178008317947388,-2.383724
exp3_fixed_2,10639,484.45078,491.78253,0.0,-1.5059850215911865,-5.8258114
exp3_fixed_2,10641,555.05426,572.4606,0.0,-1.1001460552215576,-16.30616
exp3_fixed_2,10642,625.5729,629.5305,0.0,-0.8984862565994263,-3.0591426
exp3_fixed_2,10643,528.6189,536.20337,0.0,-1.0328500270843506,-6.5515885
exp3_fixed_2,10644,574.98065,578.7867,0.0,-0.534614622592926,-3.2713919
exp3_fixed_2,10645,597.36804,603.3157,0.0,-1.0994117259979248,-4.848231
exp3_fixed_2,10646,595.166,606.30945,0.0,-1.7237869501113892,-9.419686
exp3_fixed_2,10647,523.8156,528.7356,0.0,-0.7780336141586304,-4.14195
exp3_fixed_2,10648,579.3652,581.59985,0.0,-0.6577509045600891,-1.5769038
exp3_fixed_2,10649,591.021,594.3856,0.0,-0.6957823634147644,-2.6689036
exp3_fixed_2,10650,588.3255,592.2875,0.0,-0.8004341125488281,-3.1615298
exp3_fixed_2,10651,575.3984,579.2892,0.0,-0.8669060468673706,-3.023962
exp3_fixed_2,10652,624.66675,627.9795,0.0,-0.689845085144043,-2.622884
exp3_fixed_2,10653,621.6854,625.6853,0.0,-1.5121281147003174,-2.487704
exp3_fixed_2,10654,490.1869,495.75037,0.0,-1.0545942783355713,-4.508859
exp3_fixed_2,10655,642.33044,644.81946,0.0,-1.3473539352416992,-1.1416154
exp3_fixed_2,10656,583.02734,592.27295,0.0,-1.2065694332122803,-8.039022
exp3_fixed_2,10657,621.8616,625.09534,0.0,-0.7874360084533691,-2.446291
exp3_fixed_2,10658,568.2478,573.34906,0.0,-0.9437547922134399,-4.1574693
exp3_fixed_2,10659,520.362,534.0387,0.0,-1.387041449546814,-12.289642
exp3_fixed_2,10661,603.6173,608.21155,0.0,-1.5273690223693848,-3.066865
exp3_fixed_2,10662,552.8933,560.4237,0.0,-2.29811429977417,-5.232302
exp3_fixed_2,10663,638.7881,641.70294,0.0,-0.8976880311965942,-2.0171046
exp3_fixed_2,10664,577.95966,585.16815,0.0,-0.6808709502220154,-6.5276175
exp3_fixed_2,10665,616.7474,619.89343,0.0,-0.5255265831947327,-2.62054
exp3_fixed_2,10666,596.8257,599.56793,0.0,-1.4984794855117798,-1.2437966
exp3_fixed_2,10667,570.83185,574.85944,0.0,-0.683167576789856,-3.3444211
exp3_fixed_2,10668,587.1111,588.9133,0.0,-1.0620217323303223,-0.7402004
exp3_fixed_2,10669,633.4518,639.2123,0.0,-1.4125347137451172,-4.347978
exp3_fixed_2,10670,596.336,604.7577,0.0,-0.82905113697052,-7.592624
exp3_fixed_2,10671,538.59265,543.8436,0.0,-0.48227912187576294,-4.768693
exp3_fixed_2,10672,594.4208,599.3297,0.0,-1.3328242301940918,-3.576098
exp3_fixed_2,10673,578.1587,580.2905,0.0,-0.635500967502594,-1.4963142
exp3_fixed_2,10674,555.1406,558.3037,0.0,-0.6060235500335693,-2.557057
exp3_fixed_2,10675,546.9439,552.2108,0.0,-0.5528050065040588,-4.7140856
exp3_fixed_2,10676,635.1813,639.5851,0.0,-0.8575316667556763,-3.5463061
exp3_fixed_2,10677,556.05115,568.0094,0.0,-0.6110550761222839,-11.347188
exp3_fixed_2,10678,588.56525,591.28986,0.0,-0.457141637802124,-2.2674286
exp3_fixed_2,10679,-102.09713,106.49879,-200.0,-6.409824371337891,-2.1860967
exp3_fixed_2,10681,-136.95026,73.415855,-200.0,-8.548088073730469,-1.8180279
exp3_fixed_2,10682,538.9336,545.7715,0.0,-2.4867935180664062,-4.3511615
exp3_fixed_2,10683,551.1228,556.07367,0.0,-0.9679723978042603,-3.982923
exp3_fixed_2,10684,627.54956,630.5932,0.0,-0.39798280596733093,-2.6456673
exp3_fixed_2,10685,643.67615,656.5724,0.0,-0.8539620041847229,-12.042304
exp3_fixed_2,10686,599.2414,604.8152,0.0,-1.1369549036026,-4.4368267
exp3_fixed_2,10687,576.8307,582.6073,0.0,-1.466896891593933,-4.3097215
exp3_fixed_2,10688,604.5912,608.3032,0.0,-0.868209719657898,-2.8438256
exp3_fixed_2,10689,534.67914,553.1585,0.0,-1.1731035709381104,-17.306248
exp3_fixed_2,10690,524.16016,529.932,0.0,-0.541196346282959,-5.230635
exp3_fixed_2,10691,561.93994,568.6614,0.0,-2.890918016433716,-3.830585
exp3_fixed_2,10692,637.9206,640.2263,0.0,-0.44242042303085327,-1.8633347
exp3_fixed_2,10693,-145.83748,86.45336,-200.0,-24.660480499267578,-7.6303725
exp3_fixed_2,10694,544.60297,547.28735,0.0,-0.7466367483139038,-1.9377571
exp3_fixed_2,10695,544.60394,551.4629,0.0,-0.9543187022209167,-5.904688
exp3_fixed_2,10696,622.7796,625.6292,0.0,-1.060838222503662,-1.7887348
exp3_fixed_2,10697,548.18555,557.46924,0.0,-4.150258541107178,-5.1334605
exp3_fixed_2,10698,547.2744,557.66943,0.0,-0.4789857268333435,-9.916037
exp3_fixed_2,10699,639.4052,644.2255,0.0,-0.7777167558670044,-4.0425973
exp3_fixed_2,10701,600.7273,605.02,0.0,-1.0435004234313965,-3.24924
exp3_fixed_2,10702,595.1754,603.84375,0.0,-1.3309966325759888,-7.3374186
exp3_fixed_2,10703,583.17395,588.89075,0.0,-0.9756395220756531,-4.741137
exp3_fixed_2,10704,611.03735,615.4866,0.0,-1.182445764541626,-3.2667437
exp3_fixed_2,10705,567.41327,571.30615,0.0,-0.8118797540664673,-3.081044
exp3_fixed_2,10706,604.4111,607.162,0.0,-0.3369010090827942,-2.4139788
exp3_fixed_2,10707,592.4647,612.1705,0.0,-1.522887945175171,-18.182926
exp3_fixed_2,10708,538.70874,549.0502,0.0,-0.7593721747398376,-9.582097
exp3_fixed_2,10709,574.1652,578.38574,0.0,-1.012060523033142,-3.2084622
exp3_fixed_2,10710,625.96436,628.89435,0.0,-0.32414543628692627,-2.6058345
exp3_fixed_2,10711,587.9562,589.54846,0.0,-0.5598083734512329,-1.0325087
exp3_fixed_2,10712,615.34393,619.47437,0.0,-1.4318625926971436,-2.698589
exp3_fixed_2,10713,563.8011,565.35547,0.0,-0.31576693058013916,-1.23864
exp3_fixed_2,10714,570.92725,573.2129,0.0,-0.470098078250885,-1.8155674
exp3_fixed_2,10715,533.01843,539.69464,0.0,-1.6402676105499268,-5.0359573
exp3_fixed_2,10716,579.1252,583.12506,0.0,-1.119084358215332,-2.8808227
exp3_fixed_2,10717,506.60312,513.1028,0.0,-1.1816743612289429,-5.3180428
exp3_fixed_2,10718,584.8104,592.41797,0.0,-2.427259922027588,-5.180325
exp3_fixed_2,10719,628.38574,635.27185,0.0,-3.624030590057373,-3.262093
exp3_fixed_2,10721,624.7096,636.2142,0.0,-0.7241122126579285,-10.780432
exp3_fixed_2,10722,475.45737,487.82666,0.0,-1.7215789556503296,-10.647715
exp3_fixed_2,10723,559.693,562.60034,0.0,-0.7251853346824646,-2.1821163
exp3_fixed_2,10724,554.82935,557.2378,0.0,-0.41365790367126465,-1.9947386
exp3_fixed_2,10725,569.2002,575.1422,0.0,-0.7617629766464233,-5.180277
exp3_fixed_2,10726,525.1053,534.1478,0.0,-4.85167932510376,-4.190826
exp3_fixed_2,10727,606.6682,618.76886,0.0,-0.7629669904708862,-11.337716
exp3_fixed_2,10728,560.37537,563.726,0.0,-0.1912708282470703,-3.159364
exp3_fixed_2,10729,580.9322,584.33484,0.0,-0.7133569717407227,-2.689227
exp3_fixed_2,10730,473.76935,479.47238,0.0,-1.5049278736114502,-4.1981277
exp3_fixed_2,10731,587.34894,596.69366,0.0,-2.5584282875061035,-6.786291
exp3_fixed_2,10732,649.6421,653.4104,0.0,-0.7792783975601196,-2.9890363
exp3_fixed_2,10733,554.9769,558.6157,0.0,-0.40023964643478394,-3.238591
exp3_fixed_2,10734,596.4953,601.4886,0.0,-0.9552265405654907,-4.038074
exp3_fixed_2,10735,556.3026,559.00165,0.0,-0.5128628611564636,-2.186148
exp3_fixed_2,10736,583.55084,588.44214,0.0,-1.231420636177063,-3.6598659
exp3_fixed_2,10737,581.153,586.6205,0.0,-0.8203648328781128,-4.647042
exp3_fixed_2,10738,621.974,625.51746,0.0,-0.8786841630935669,-2.6647437
exp3_fixed_2,10739,563.49835,567.8362,0.0,-1.0049937963485718,-3.3327827
exp3_fixed_2,10741,583.7113,590.1051,0.0,-3.3752925395965576,-3.0184195
exp3_fixed_2,10742,541.3823,554.8403,0.0,-1.538375735282898,-11.919563
exp3_fixed_2,10743,561.505,569.34094,0.0,-1.7884933948516846,-6.0474367
exp3_fixed_2,10744,651.146,654.876,0.0,-0.5994883179664612,-3.1305056
exp3_fixed_2,10745,515.6444,522.9543,0.0,-1.7378369569778442,-5.572068
exp3_fixed_2,10746,546.83167,565.36774,0.0,-0.8974961638450623,-17.638592
exp3_fixed_2,10747,658.4536,662.28326,0.0,-0.826519250869751,-3.003108
exp3_fixed_2,10748,501.18832,521.99677,0.0,-1.4959383010864258,-19.312529
exp3_fixed_2,10749,553.8637,557.3237,0.0,-0.8150847554206848,-2.644948
exp3_fixed_2,10750,608.65326,612.6753,0.0,-0.8231959342956543,-3.1988354
exp3_fixed_2,10751,558.62,567.56885,0.0,-2.1025054454803467,-6.8463316
exp3_fixed_2,10752,613.26245,617.0677,0.0,-1.2165488004684448,-2.5886242
exp3_fixed_2,10753,546.40625,552.3386,0.0,-0.511449933052063,-5.4208517
exp3_fixed_2,10754,505.70197,515.0414,0.0,-1.4071075916290283,-7.9323153
exp3_fixed_2,10755,516.17993,521.57214,0.0,-2.033489942550659,-3.3587115
exp3_fixed_2,10756,456.61453,468.57443,0.0,-5.13267183303833,-6.827239
exp3_fixed_2,10757,602.82056,609.2545,0.0,-0.9052509069442749,-5.5286584
exp3_fixed_2,10758,616.74786,619.11865,0.0,-0.6712821125984192,-1.6994886
exp3_fixed_2,10759,572.8596,578.5731,0.0,-1.6245710849761963,-4.0889206
exp3_fixed_2,10761,636.0247,638.9024,0.0,-0.7961021661758423,-2.0816135
exp3_fixed_2,10762,594.98737,597.7583,0.0,-0.5198589563369751,-2.2511103
exp3_fixed_2,10763,492.64566,503.48047,0.0,-3.040876865386963,-7.7939534
exp3_fixed_2,10764,-210.35533,33.920425,-200.0,-43.98013687133789,-0.2956235
exp3_fixed_2,10765,535.7422,556.3049,0.0,-7.944581508636475,-12.618168
exp3_fixed_2,10766,560.73285,565.19293,0.0,-1.0104323625564575,-3.4496586
exp3_fixed_2,10767,536.5729,547.8196,0.0,-2.0973007678985596,-9.149453
exp3_fixed_2,10768,514.1987,519.80054,0.0,-0.3417101502418518,-5.260105
exp3_fixed_2,10769,594.3186,597.0905,0.0,-0.3603810966014862,-2.4115524
exp3_fixed_2,10770,648.0118,651.9032,0.0,-0.7523646354675293,-3.1390438
exp3_fixed_2,10771,584.71985,592.8042,0.0,-1.4785962104797363,-6.6057568
exp3_fixed_2,10772,522.65784,540.9607,0.0,-0.37129080295562744,-17.931519
exp3_fixed_2,10773,636.2621,641.2711,0.0,-1.5819458961486816,-3.427093
exp3_fixed_2,10774,510.0307,521.07654,0.0,-3.5226402282714844,-7.5232296
exp3_fixed_2,10775,569.1039,571.3243,0.0,-0.719306468963623,-1.5010998
exp3_fixed_2,10776,629.65674,633.984,0.0,-1.0845544338226318,-3.2426682
exp3_fixed_2,10777,600.1069,606.10144,0.0,-0.3910360634326935,-5.603653
exp3_fixed_2,10778,562.86847,567.7123,0.0,-1.100149154663086,-3.7436783
exp3_fixed_2,10779,558.9375,563.4891,0.0,-0.38077521324157715,-4.170804
exp3_fixed_2,10781,569.3264,571.9061,0.0,-0.57834392786026,-2.0013695
exp3_fixed_2,10782,572.36414,579.57904,0.0,-3.2890689373016357,-3.9258323
exp3_fixed_2,10783,488.60025,492.7918,0.0,-0.7133099436759949,-3.4782672
exp3_fixed_2,10784,487.12073,503.76068,0.0,-0.5516840219497681,-16.088276
exp3_fixed_2,10785,570.4259,576.0405,0.0,-1.3677351474761963,-4.2468452
exp3_fixed_2,10786,556.20764,561.3834,0.0,-1.4546250104904175,-3.7211394
exp3_fixed_2,10787,630.6671,633.6387,0.0,-0.3249204754829407,-2.6466453
exp3_fixed_2,10788,-96.69395,115.40233,-200.0,-9.966573715209961,-2.1297073
exp3_fixed_2,10789,650.39777,654.12994,0.0,-0.27861690521240234,-3.4535387
exp3_fixed_2,10790,540.0289,551.22284,0.0,-0.7025488615036011,-10.491415
exp3_fixed_2,10791,507.8086,512.24133,0.0,-0.5933847427368164,-3.8393672
exp3_fixed_2,10792,584.6315,588.2806,0.0,-0.9267141222953796,-2.7224293
exp3_fixed_2,10793,530.88385,536.7741,0.0,-1.9992659091949463,-3.8909779
exp3_fixed_2,10794,609.4158,612.1845,0.0,-0.49540048837661743,-2.2733805
exp3_fixed_2,10795,587.8758,590.6228,0.0,-0.9494080543518066,-1.7975669
exp3_fixed_2,10796,522.49207,533.05414,0.0,-0.5370683670043945,-10.025032
exp3_fixed_2,10797,636.6484,639.6609,0.0,-0.6003641486167908,-2.4121416
exp3_fixed_2,10798,637.5344,641.1007,0.0,-0.8114998936653137,-2.7548194
exp3_fixed_2,10799,524.6507,532.64636,0.0,-1.4854649305343628,-6.510168
exp3_fixed_2,10801,613.1158,616.6304,0.0,-0.6262407302856445,-2.8883543
exp3_fixed_2,10802,634.0802,638.3489,0.0,-1.783368706703186,-2.48528
exp3_fixed_2,10803,614.61066,620.5453,0.0,-1.5713653564453125,-4.3632402
exp3_fixed_2,10804,568.07623,573.3435,0.0,-1.408339023590088,-3.8588514
exp3_fixed_2,10805,576.80396,588.7013,0.0,-0.8783391714096069,-11.019016
exp3_fixed_2,10806,531.69006,536.93823,0.0,-1.8344361782073975,-3.4137225
exp3_fixed_2,10807,558.54486,559.8093,0.0,-0.21062538027763367,-1.0538621
exp3_fixed_2,10808,514.574,525.4366,0.0,-1.6930369138717651,-9.1696
exp3_fixed_2,10809,606.0611,611.07825,0.0,-0.45915061235427856,-4.5580163
exp3_fixed_2,10810,578.77875,583.3421,0.0,-1.1308101415634155,-3.4325602
exp3_fixed_2,10811,506.11288,521.4254,0.0,-2.713728666305542,-12.598775
exp3_fixed_2,10812,466.80963,475.23856,0.0,-2.529034376144409,-5.8998637
exp3_fixed_2,10813,593.6007,598.87885,0.0,-1.082828402519226,-4.195301
exp3_fixed_2,10814,603.72754,609.4158,0.0,-0.7881742119789124,-4.900095
exp3_fixed_2,10815,696.41595,700.81354,0.0,-1.0186728239059448,-3.3789485
exp3_fixed_2,10816,502.7593,511.91934,0.0,-0.7577423453330994,-8.4023
exp3_fixed_2,10817,556.29315,560.5357,0.0,-0.7535215616226196,-3.4890182
exp3_fixed_2,10818,628.12494,632.6901,0.0,-1.498572587966919,-3.0666523
exp3_fixed_2,10819,516.091,522.1625,0.0,-0.8556621670722961,-5.2158117
exp3_fixed_2,10821,470.38797,481.55035,0.0,-0.8353172540664673,-10.327057
exp3_fixed_2,10822,635.3155,639.2218,0.0,-0.8999066948890686,-3.006489
exp3_fixed_2,10823,516.6738,521.344,0.0,-0.3271104097366333,-4.3430758
exp3_fixed_2,10824,572.939,581.09326,0.0,-1.5112391710281372,-6.643014
exp3_fixed_2,10825,619.572,623.6598,0.0,-0.8248174786567688,-3.2629797
exp3_fixed_2,10826,600.2003,602.3432,0.0,-0.24727429449558258,-1.8956062
exp3_fixed_2,10827,555.0139,559.1846,0.0,-0.7355055212974548,-3.4351249
exp3_fixed_2,10828,546.4552,549.619,0.0,-0.36744385957717896,-2.7964187
exp3_fixed_2,10829,588.6982,602.44507,0.0,-1.7493723630905151,-11.997575
exp3_fixed_2,10830,518.47565,535.45685,0.0,-4.929702281951904,-12.051487
exp3_fixed_2,10831,563.5392,568.2937,0.0,-1.6493629217147827,-3.1051638
exp3_fixed_2,10832,550.74286,555.80963,0.0,-1.627995252609253,-3.4387567
exp3_fixed_2,10833,567.55273,570.4144,0.0,-0.6815868616104126,-2.1801302
exp3_fixed_2,10834,541.82227,546.8102,0.0,-1.0542173385620117,-3.933704
exp3_fixed_2,10835,571.87634,574.07245,0.0,-0.47010183334350586,-1.7259717
exp3_fixed_2,10836,534.3095,536.5999,0.0,-0.39061635732650757,-1.8997966
exp3_fixed_2,10837,595.6222,598.349,0.0,-1.0301856994628906,-1.6966261
exp3_fixed_2,10838,586.38403,595.2718,0.0,-2.5604376792907715,-6.3273253
exp3_fixed_2,10839,647.418,650.866,0.0,-1.1470744609832764,-2.3008988
exp3_fixed_2,10841,570.20776,579.3183,0.0,-0.6680384874343872,-8.442469
exp3_fixed_2,10842,533.8037,537.53046,0.0,-0.5187294483184814,-3.2080545
exp3_fixed_2,10843,614.6349,617.5713,0.0,-0.5813044309616089,-2.3550785
exp3_fixed_2,10844,615.50464,619.6489,0.0,-0.9703673124313354,-3.1738508
exp3_fixed_2,10845,563.37744,565.9972,0.0,-0.20103460550308228,-2.4187074
exp3_fixed_2,10846,598.2167,600.9968,0.0,-0.2944607138633728,-2.4856935
exp3_fixed_2,10847,593.5835,600.1704,0.0,-1.0548932552337646,-5.53204
exp3_fixed_2,10848,589.10376,591.47986,0.0,-0.7247496247291565,-1.6513205
exp3_fixed_2,10849,611.4623,615.9684,0.0,-2.377138376235962,-2.1290178
exp3_fixed_2,10850,527.02844,532.4138,0.0,-1.2770230770111084,-4.1083503
exp3_fixed_2,10851,543.35547,548.23254,0.0,-1.1634243726730347,-3.713654
exp3_fixed_2,10852,554.24835,560.04205,0.0,-0.5046755075454712,-5.2890387
exp3_fixed_2,10853,585.1022,589.63794,0.0,-0.947861909866333,-3.5879145
exp3_fixed_2,10854,582.7307,587.2463,0.0,-1.325887680053711,-3.1896813
exp3_fixed_2,10855,593.274,597.68555,0.0,-0.8991362452507019,-3.5124483
exp3_fixed_2,10856,567.4889,576.0815,0.0,-1.4399656057357788,-7.1525927
exp3_fixed_2,10857,585.20276,587.57434,0.0,-0.1847401261329651,-2.1868541
exp3_fixed_2,10858,590.0279,595.739,0.0,-0.6724444627761841,-5.0387044
exp3_fixed_2,10859,472.07587,478.5859,0.0,-2.0554580688476562,-4.4545903
exp3_fixed_2,10861,530.3221,540.3888,0.0,-2.0472357273101807,-8.019493
exp3_fixed_2,10862,644.8898,650.1904,0.0,-1.583438515663147,-3.7172709
exp3_fixed_2,10863,632.28735,634.59863,0.0,-0.40376389026641846,-1.9075327
exp3_fixed_2,10864,563.6458,568.04095,0.0,-0.9223188161849976,-3.4728532
exp3_fixed_2,10865,573.2499,577.72327,0.0,-1.4309099912643433,-3.0424812
exp3_fixed_2,10866,614.5699,623.2311,0.0,-2.1696927547454834,-6.49151
exp3_fixed_2,10867,582.73376,586.12286,0.0,-0.8370530009269714,-2.5520551
exp3_fixed_2,10868,631.4335,636.1923,0.0,-0.7522777318954468,-4.006609
exp3_fixed_2,10869,611.63104,614.1563,0.0,-0.3948953449726105,-2.130377
exp3_fixed_2,10870,646.4335,648.48804,0.0,-0.8250301480293274,-1.2295657
exp3_fixed_2,10871,601.3482,603.5033,0.0,-0.19006098806858063,-1.9650278
exp3_fixed_2,10872,579.5003,583.768,0.0,-0.6560637354850769,-3.6116717
exp3_fixed_2,10873,554.8574,559.4734,0.0,-1.1879876852035522,-3.4280083
exp3_fixed_2,10874,579.5202,584.77435,0.0,-2.1932828426361084,-3.060822
exp3_fixed_2,10875,573.0609,576.38574,0.0,-0.9914947152137756,-2.3333335
exp3_fixed_2,10876,574.89105,581.0797,0.0,-0.7738181352615356,-5.4148026
exp3_fixed_2,10877,554.5279,559.87537,0.0,-0.3957744836807251,-4.9517074
exp3_fixed_2,10878,542.12415,548.0482,0.0,-2.1754586696624756,-3.7486174
exp3_fixed_2,10879,608.4594,611.3856,0.0,-0.47176259756088257,-2.4544942
exp3_fixed_2,10881,680.6262,684.3821,0.0,-1.090208649635315,-2.6656668
exp3_fixed_2,10882,569.70496,573.87726,0.0,-1.416142463684082,-2.7561374
exp3_fixed_2,10883,598.0047,601.764,0.0,-0.7472254037857056,-3.0120933
exp3_fixed_2,10884,580.3516,584.497,0.0,-0.7548661828041077,-3.3905075
exp3_fixed_2,10885,601.7495,606.2032,0.0,-0.9622957706451416,-3.4913504
exp3_fixed_2,10886,614.1482,618.9313,0.0,-1.098405122756958,-3.6846778
exp3_fixed_2,10887,555.2051,560.3278,0.0,-1.8788347244262695,-3.2438862
exp3_fixed_2,10888,599.7261,603.11115,0.0,-0.9233737587928772,-2.461705
exp3_fixed_2,10889,522.6237,528.5817,0.0,-0.9241761565208435,-5.033835
exp3_fixed_2,10890,634.3141,637.7627,0.0,-0.5315228700637817,-2.9170175
exp3_fixed_2,10891,481.45532,492.8474,0.0,-2.2333240509033203,-9.158808
exp3_fixed_2,10892,615.27966,618.531,0.0,-0.7386462688446045,-2.5126526
exp3_fixed_2,10893,544.9698,551.63513,0.0,-0.6699000597000122,-5.995453
exp3_fixed_2,10894,480.53726,493.30878,0.0,-2.4726808071136475,-10.29883
exp3_fixed_2,10895,602.0585,606.6658,0.0,-1.1320966482162476,-3.4752023
exp3_fixed_2,10896,557.78564,566.3178,0.0,-1.8117008209228516,-6.720485
exp3_fixed_2,10897,521.429,528.1634,0.0,-0.9332443475723267,-5.801139
exp3_fixed_2,10898,577.35803,580.6104,0.0,-0.7617546319961548,-2.4906175
exp3_fixed_2,10899,665.57007,670.1374,0.0,-2.290046453475952,-2.2773015
exp3_fixed_2,10901,645.82947,647.3719,0.0,-0.34631067514419556,-1.1961063
exp3_fixed_2,10902,496.5477,501.64142,0.0,-1.9544410705566406,-3.1393027
exp3_fixed_2,10903,600.4377,603.2324,0.0,-0.9151507616043091,-1.8795884
exp3_fixed_2,10904,629.3897,632.3939,0.0,-0.8139612674713135,-2.1902401
exp3_fixed_2,10905,522.4569,525.5415,0.0,-0.6305485367774963,-2.4540577
exp3_fixed_2,10906,534.40515,539.09845,0.0,-0.5075678825378418,-4.185731
exp3_fixed_2,10907,572.1056,578.8294,0.0,-3.932722330093384,-2.7910767
exp3_fixed_2,10908,604.95886,609.537,0.0,-0.7529106140136719,-3.825184
exp3_fixed_2,10909,652.7407,655.39813,0.0,-0.48546653985977173,-2.1719882
exp3_fixed_2,10910,553.92236,564.9384,0.0,-0.6106821298599243,-10.405389
exp3_fixed_2,10911,681.21704,682.9832,0.0,-0.36370849609375,-1.4024918
exp3_fixed_2,10912,551.2494,562.20483,0.0,-0.9405463337898254,-10.014877
exp3_fixed_2,10913,522.9513,529.91113,0.0,-0.6885198950767517,-6.271325
exp3_fixed_2,10914,610.66003,615.25024,0.0,-0.7344365119934082,-3.855742
exp3_fixed_2,10915,557.48846,564.84607,0.0,-0.3450127840042114,-7.012591
exp3_fixed_2,10916,559.7007,562.48285,0.0,-0.8228537440299988,-1.9593364
exp3_fixed_2,10917,621.3942,623.9603,0.0,-0.7725908160209656,-1.7935584
exp3_fixed_2,10918,455.8504,466.59653,0.0,-1.8409913778305054,-8.905141
exp3_fixed_2,10919,639.9867,643.2746,0.0,-0.4950428009033203,-2.7928534
exp3_fixed_2,10921,570.8492,576.67957,0.0,-1.6376066207885742,-4.192814
exp3_fixed_2,10922,635.1959,638.8032,0.0,-0.5818248987197876,-3.0254505
exp3_fixed_2,10923,591.7933,595.4167,0.0,-0.8991121053695679,-2.724304
exp3_fixed_2,10924,565.4963,567.7728,0.0,-0.6396012902259827,-1.6369529
exp3_fixed_2,10925,604.2731,607.4924,0.0,-0.7184625864028931,-2.5008297
exp3_fixed_2,10926,547.9846,553.3985,0.0,-0.7606095671653748,-4.653206
exp3_fixed_2,10927,563.4184,565.6003,0.0,-0.25678008794784546,-1.925104
exp3_fixed_2,10928,572.70935,583.1988,0.0,-0.8630968928337097,-9.62638
exp3_fixed_2,10929,652.9999,657.353,0.0,-1.1903419494628906,-3.1628587
exp3_fixed_2,10930,574.0915,576.39026,0.0,-0.4432032108306885,-1.8555547
exp3_fixed_2,10931,635.25507,641.12744,0.0,-0.49928992986679077,-5.37306
exp3_fixed_2,10932,-114.448204,115.29553,-200.0,-23.59743309020996,-6.146286
exp3_fixed_2,10933,496.37936,502.1765,0.0,-1.3866468667984009,-4.410506
exp3_fixed_2,10934,623.08765,629.7625,0.0,-0.6087868809700012,-6.0660725
exp3_fixed_2,10935,607.47876,612.3667,0.0,-0.9990051984786987,-3.888914
exp3_fixed_2,10936,619.69336,623.42444,0.0,-0.8257342576980591,-2.9053068
exp3_fixed_2,10937,537.22473,545.7938,0.0,-0.49814069271087646,-8.070957
exp3_fixed_2,10938,576.2181,584.4298,0.0,-2.944960832595825,-5.2667694
exp3_fixed_2,10939,554.32404,559.9031,0.0,-0.5869464874267578,-4.9921
exp3_fixed_2,10941,628.7947,631.3625,0.0,-0.5186715126037598,-2.0491154
exp3_fixed_2,10942,595.6545,600.49066,0.0,-1.1675382852554321,-3.668691
exp3_fixed_2,10943,568.81964,576.4879,0.0,-1.773139476776123,-5.8951616
exp3_fixed_2,10944,528.4799,534.0891,0.0,-1.0703282356262207,-4.5388947
exp3_fixed_2,10945,425.37732,429.2597,0.0,-1.8754454851150513,-2.0069408
exp3_fixed_2,10946,623.37384,628.41223,0.0,-3.5331857204437256,-1.5052416
exp3_fixed_2,10947,543.5624,547.1898,0.0,-0.7642438411712646,-2.8632073
exp3_fixed_2,10948,599.40424,610.7051,0.0,-6.01481819152832,-5.28598
exp3_fixed_2,10949,573.2458,599.91943,0.0,-2.8243227005004883,-23.849346
exp3_fixed_2,10950,622.58215,624.9719,0.0,-0.44115322828292847,-1.9485872
exp3_fixed_2,10951,629.06396,631.7566,0.0,-1.0931068658828735,-1.5994868
exp3_fixed_2,10952,602.5664,608.13184,0.0,-0.9900903701782227,-4.575359
exp3_fixed_2,10953,533.3174,538.1626,0.0,-0.4929297864437103,-4.352328
exp3_fixed_2,10954,619.59607,622.3929,0.0,-0.4447295069694519,-2.352095
exp3_fixed_2,10955,568.57086,573.4809,0.0,-0.6495600342750549,-4.2604294
exp3_fixed_2,10956,569.6913,572.63074,0.0,-0.6209076046943665,-2.3185408
exp3_fixed_2,10957,602.8905,607.4851,0.0,-1.169226050376892,-3.4252732
exp3_fixed_2,10958,592.40607,595.4209,0.0,-0.9176855683326721,-2.0971696
exp3_fixed_2,10959,572.0956,573.8047,0.0,-0.7468274235725403,-0.96229696
exp3_fixed_2,10961,594.6549,597.6925,0.0,-0.5585510730743408,-2.4790833
exp3_fixed_2,10962,609.3757,613.20844,0.0,-0.6237595677375793,-3.209018
exp3_fixed_2,10963,545.0583,548.86694,0.0,-1.1509629487991333,-2.6577249
exp3_fixed_2,10964,571.7495,579.71094,0.0,-0.26839518547058105,-7.6930346
exp3_fixed_2,10965,589.2525,592.87756,0.0,-0.7014275789260864,-2.923592
exp3_fixed_2,10966,622.2017,624.128,0.0,-0.31333017349243164,-1.6129467
exp3_fixed_2,10967,595.58966,600.1257,0.0,-0.9786734580993652,-3.5573554
exp3_fixed_2,10968,534.24945,540.1576,0.0,-1.1992565393447876,-4.708911
exp3_fixed_2,10969,528.0437,538.6881,0.0,-1.2514171600341797,-9.393079
exp3_fixed_2,10970,530.00977,535.7152,0.0,-1.4996428489685059,-4.2058215
exp3_fixed_2,10971,472.29843,485.7596,0.0,-2.5498287677764893,-10.911391
exp3_fixed_2,10972,630.3329,636.0918,0.0,-1.6633970737457275,-4.095541
exp3_fixed_2,10973,622.1084,628.62115,0.0,-0.7824915051460266,-5.7303047
exp3_fixed_2,10974,658.57153,662.6821,0.0,-1.0673072338104248,-3.0433104
exp3_fixed_2,10975,535.7107,543.2294,0.0,-1.0021368265151978,-6.516572
exp3_fixed_2,10976,587.58746,590.5782,0.0,-1.2106592655181885,-1.7800375
exp3_fixed_2,10977,581.7,584.3644,0.0,-0.520284116268158,-2.1441197
exp3_fixed_2,10978,683.7071,686.5261,0.0,-0.8060674071311951,-2.0130162
exp3_fixed_2,10979,624.35486,628.52795,0.0,-0.6989147663116455,-3.4741528
exp3_fixed_2,10981,573.7207,577.66376,0.0,-1.161697506904602,-2.7813296
exp3_fixed_2,10982,578.59985,583.37585,0.0,-0.9554732441902161,-3.820528
exp3_fixed_2,10983,592.02563,595.56274,0.0,-1.0534027814865112,-2.483609
exp3_fixed_2,10984,516.54865,520.78815,0.0,-0.5678601264953613,-3.6716564
exp3_fixed_2,10985,600.6282,607.79724,0.0,-4.78116512298584,-2.387902
exp3_fixed_2,10986,-203.36304,7.360556,-200.0,-10.523139953613281,-0.20044532
exp3_fixed_2,10987,523.7689,529.7641,0.0,-1.9688012599945068,-4.0263934
exp3_fixed_2,10988,552.7992,561.5336,0.0,-0.5315408110618591,-8.202818
exp3_fixed_2,10989,640.8804,645.14166,0.0,-1.4827558994293213,-2.7786014
exp3_fixed_2,10990,516.9988,525.6041,0.0,-1.875065565109253,-6.7302556
exp3_fixed_2,10991,533.3387,536.66534,0.0,-0.35135480761528015,-2.9753273
exp3_fixed_2,10992,592.82684,597.0195,0.0,-0.7827125191688538,-3.4098644
exp3_fixed_2,10993,599.5337,606.6063,0.0,-0.6797527074813843,-6.39284
exp3_fixed_2,10994,612.87085,613.9148,0.0,-0.40593141317367554,-0.6380184
exp3_fixed_2,10995,614.1548,617.5331,0.0,-0.7326823472976685,-2.6456127
exp3_fixed_2,10996,649.0755,651.4129,0.0,-0.5958904027938843,-1.7414985
exp3_fixed_2,10997,565.4033,569.89374,0.0,-0.8406087160110474,-3.649815
exp3_fixed_2,10998,573.8458,578.45966,0.0,-1.0304309129714966,-3.5833406
exp3_fixed_2,10999,557.094,566.7113,0.0,-1.0400831699371338,-8.577182
exp3_fixed_2,11001,661.2977,666.2954,0.0,-0.8498994708061218,-4.147819
exp3_fixed_2,11002,572.19214,577.7676,0.0,-1.41732656955719,-4.1581116
exp3_fixed_2,11003,544.53,547.9399,0.0,-0.6914896368980408,-2.7183404
exp3_fixed_2,11004,571.4592,576.3235,0.0,-1.2188820838928223,-3.645376
exp3_fixed_2,11005,588.25037,593.8136,0.0,-1.3460564613342285,-4.2171907
exp3_fixed_2,11006,645.54926,650.53424,0.0,-0.8100417852401733,-4.1749034
exp3_fixed_2,11007,546.7254,550.4094,0.0,-0.6653292179107666,-3.0187097
exp3_fixed_2,11008,628.6466,631.80176,0.0,-0.9092391729354858,-2.245849
exp3_fixed_2,11009,537.08813,542.96124,0.0,-0.7157225608825684,-5.1574135
exp3_fixed_2,11010,584.50745,591.9856,0.0,-1.0807052850723267,-6.397437
exp3_fixed_2,11011,510.78183,526.7088,0.0,-2.807758331298828,-13.119244
exp3_fixed_2,11012,640.4367,643.43774,0.0,-0.5487523078918457,-2.4522676
exp3_fixed_2,11013,567.9006,572.54663,0.0,-1.0595353841781616,-3.5864897
exp3_fixed_2,11014,545.0792,555.82745,0.0,-0.9656943678855896,-9.78255
exp3_fixed_2,11015,585.71643,589.52026,0.0,-1.1356791257858276,-2.6681712
exp3_fixed_2,11016,640.2831,643.33386,0.0,-0.6160009503364563,-2.4348032
exp3_fixed_2,11017,567.01996,570.9011,0.0,-0.7328214049339294,-3.1483011
exp3_fixed_2,11018,646.1994,652.75604,0.0,-2.217412233352661,-4.3391714
exp3_fixed_2,11019,581.31555,585.1123,0.0,-1.2008229494094849,-2.5958774
exp3_fixed_2,11021,609.41437,621.9581,0.0,-0.8608895540237427,-11.682849
exp3_fixed_2,11022,594.287,595.25336,0.0,-0.23163354396820068,-0.73474103
exp3_fixed_2,11023,669.4641,674.27466,0.0,-0.6933588981628418,-4.1172357
exp3_fixed_2,11024,537.60944,541.75256,0.0,-0.8497825860977173,-3.2933164
exp3_fixed_2,11025,519.0964,528.59595,0.0,-4.498114585876465,-5.0014234
exp3_fixed_2,11026,568.89575,570.8373,0.0,-0.6555154323577881,-1.2860149
exp3_fixed_2,11027,608.9348,612.7114,0.0,-1.888880968093872,-1.8876758
exp3_fixed_2,11028,478.53003,485.3731,0.0,-1.3615974187850952,-5.48149
exp3_fixed_2,11029,582.3218,586.39954,0.0,-0.9896901845932007,-3.0881002
exp3_fixed_2,11030,621.60156,626.3294,0.0,-0.9316772818565369,-3.7961502
exp3_fixed_2,11031,655.93787,657.86536,0.0,-0.9159550070762634,-1.0116017
exp3_fixed_2,11032,572.6754,576.22064,0.0,-0.9536601305007935,-2.5915518
exp3_fixed_2,11033,492.62836,502.69247,0.0,-2.6252799034118652,-7.43881
exp3_fixed_2,11034,642.66125,646.22314,0.0,-0.866392970085144,-2.6955366
exp3_fixed_2,11035,588.3057,595.4877,0.0,-0.41257190704345703,-6.769379
exp3_fixed_2,11036,564.44446,567.87286,0.0,-0.7391007542610168,-2.68929
exp3_fixed_2,11037,525.6448,530.7529,0.0,-1.5721688270568848,-3.5360515
exp3_fixed_2,11038,645.84705,648.8617,0.0,-1.305635690689087,-1.7089912
exp3_fixed_2,11039,619.444,623.777,0.0,-0.93399977684021,-3.3989882
exp3_fixed_2,11041,576.4824,581.8791,0.0,-0.9566388130187988,-4.4400234
exp3_fixed_2,11042,560.0194,565.1345,0.0,-1.3282160758972168,-3.786851
exp3_fixed_2,11043,566.724,579.74695,0.0,-1.3044962882995605,-11.718481
exp3_fixed_2,11044,458.8044,469.29303,0.0,-0.6879069805145264,-9.800714
exp3_fixed_2,11045,568.2347,577.82776,0.0,-1.6807268857955933,-7.9123526
exp3_fixed_2,11046,529.8556,540.5548,0.0,-5.728288173675537,-4.9709496
exp3_fixed_2,11047,569.45386,583.86523,0.0,-1.3146276473999023,-13.096814
exp3_fixed_2,11048,462.25867,472.7264,0.0,-2.1122124195098877,-8.355523
exp3_fixed_2,11049,555.0868,563.00055,0.0,-1.150813102722168,-6.7629404
exp3_fixed_2,11050,618.23486,622.13464,0.0,-0.45192331075668335,-3.447884
exp3_fixed_2,11051,591.8511,595.263,0.0,-0.6933255195617676,-2.7186399
exp3_fixed_2,11052,505.4347,512.27045,0.0,-0.4857982397079468,-6.349927
exp3_fixed_2,11053,600.91455,604.10864,0.0,-0.7118285298347473,-2.4822345
exp3_fixed_2,11054,687.3295,691.21893,0.0,-1.2074439525604248,-2.6818993
exp3_fixed_2,11055,564.3761,569.452,0.0,-1.1143789291381836,-3.9616022
exp3_fixed_2,11056,602.9591,607.1665,0.0,-1.2335832118988037,-2.9737763
exp3_fixed_2,11057,640.05237,649.71814,0.0,-0.7141380906105042,-8.951678
exp3_fixed_2,11058,540.3175,554.2028,0.0,-1.5233957767486572,-12.361992
exp3_fixed_2,11059,642.1578,645.3131,0.0,-1.742018699645996,-1.413277
exp3_fixed_2,11061,551.80005,554.4022,0.0,-0.26042672991752625,-2.3417506
exp3_fixed_2,11062,527.3301,532.3606,0.0,-0.6786403656005859,-4.3519044
exp3_fixed_2,11063,507.40167,515.62256,0.0,-2.3163299560546875,-5.904544
exp3_fixed_2,11064,575.00104,577.4822,0.0,-0.9362819194793701,-1.5448811
exp3_fixed_2,11065,552.6367,558.78265,0.0,-0.7018266320228577,-5.4441166
exp3_fixed_2,11066,567.1949,572.07776,0.0,-0.5369695425033569,-4.3459415
exp3_fixed_2,11067,660.40405,664.7312,0.0,-0.4994424879550934,-3.8276389
exp3_fixed_2,11068,646.28595,649.83984,0.0,-0.47521838545799255,-3.0786457
exp3_fixed_2,11069,571.2309,573.97894,0.0,-0.5234079957008362,-2.2246513
exp3_fixed_2,11070,646.7128,652.4294,0.0,-0.9271387457847595,-4.7894473
exp3_fixed_2,11071,-245.85333,107.1971,-200.0,-150.3912353515625,-2.6592088
exp3_fixed_2,11072,622.1272,625.1634,0.0,-0.7985552549362183,-2.2375762
exp3_fixed_2,11073,616.4505,625.3489,0.0,-1.7480559349060059,-7.1502895
exp3_fixed_2,11074,611.33093,615.4045,0.0,-1.3363029956817627,-2.7372572
exp3_fixed_2,11075,537.7267,542.8546,0.0,-0.6405713558197021,-4.487311
exp3_fixed_2,11076,575.2389,581.50574,0.0,-2.0217607021331787,-4.245067
exp3_fixed_2,11077,573.70386,579.0525,0.0,-1.0494885444641113,-4.2992144
exp3_fixed_2,11078,641.4824,645.3717,0.0,-0.7799065709114075,-3.1094062
exp3_fixed_2,11079,553.9866,558.88245,0.0,-1.5757741928100586,-3.320127
exp3_fixed_2,11081,607.90234,610.108,0.0,-0.48184219002723694,-1.7237986
exp3_fixed_2,11082,557.51587,560.23224,0.0,-0.6189051270484924,-2.0974636
exp3_fixed_2,11083,545.25964,552.3966,0.0,-1.8921771049499512,-5.2447586
exp3_fixed_2,11084,577.00055,583.2241,0.0,-1.302581787109375,-4.9209933
exp3_fixed_2,11085,583.1615,585.41156,0.0,-0.4403684735298157,-1.8096646
exp3_fixed_2,11086,596.4734,598.9862,0.0,-0.35766664147377014,-2.1552057
exp3_fixed_2,11087,538.2268,548.0299,0.0,-2.448211669921875,-7.3548713
exp3_fixed_2,11088,617.3705,621.95197,0.0,-0.4379536509513855,-4.1436095
exp3_fixed_2,11089,533.72,544.51587,0.0,-1.0865352153778076,-9.709349
exp3_fixed_2,11090,523.6686,531.8685,0.0,-2.1332290172576904,-6.0667686
exp3_fixed_2,11091,559.3483,563.37646,0.0,-0.35931122303009033,-3.6688085
exp3_fixed_2,11092,552.7293,559.2717,0.0,-0.9603808522224426,-5.58207
exp3_fixed_2,11093,558.39087,564.16345,0.0,-2.0982964038848877,-3.6743262
exp3_fixed_2,11094,531.31366,535.59204,0.0,-0.4971495270729065,-3.781246
exp3_fixed_2,11095,578.16614,581.2441,0.0,-1.16181218624115,-1.916124
exp3_fixed_2,11096,636.09204,639.93353,0.0,-1.5064716339111328,-2.3349936
exp3_fixed_2,11097,561.01746,567.1052,0.0,-2.4366276264190674,-3.6510885
exp3_fixed_2,11098,564.1552,570.3648,0.0,-0.36585497856140137,-5.8437138
exp3_fixed_2,11099,536.0676,543.2136,0.0,-1.6952375173568726,-5.4507904
exp3_fixed_2,11101,548.5376,552.68774,0.0,-0.8151444792747498,-3.335002
exp3_fixed_2,11102,615.46735,621.05536,0.0,-0.8052339553833008,-4.782779
exp3_fixed_2,11103,547.9515,564.9914,0.0,-6.921555995941162,-10.11833
exp3_fixed_2,11104,523.74896,537.09607,0.0,-2.111409902572632,-11.235692
exp3_fixed_2,11105,594.57227,598.0802,0.0,-0.8106134533882141,-2.6973326
exp3_fixed_2,11106,612.21814,616.3366,0.0,-1.0269368886947632,-3.0916014
exp3_fixed_2,11107,615.87976,624.84845,0.0,-0.674629807472229,-8.29399
exp3_fixed_2,11108,501.56204,507.6378,0.0,-0.6640385389328003,-5.4116864
exp3_fixed_2,11109,640.02234,644.77527,0.0,-1.0672069787979126,-3.6857588
exp3_fixed_2,11110,592.2866,597.38354,0.0,-1.621110200881958,-3.4758348
exp3_fixed_2,11111,516.3108,523.13,0.0,-0.96796715259552,-5.851173
exp3_fixed_2,11112,564.90955,567.9622,0.0,-0.48787808418273926,-2.564794
exp3_fixed_2,11113,566.29395,574.108,0.0,-0.7858004570007324,-7.028219
exp3_fixed_2,11114,525.1474,529.84766,0.0,-0.3675427734851837,-4.3327217
exp3_fixed_2,11115,521.49164,527.68024,0.0,-0.8130262494087219,-5.37555
exp3_fixed_2,11116,494.41068,518.2324,0.0,-6.261037349700928,-17.560762
exp3_fixed_2,11117,594.1436,603.62573,0.0,-0.5616068840026855,-8.920552
exp3_fixed_2,11118,534.4756,540.0775,0.0,-0.4519447088241577,-5.1499925
exp3_fixed_2,11119,517.8979,526.2261,0.0,-0.1523624062538147,-8.175807
exp3_fixed_2,11121,462.80682,472.09015,0.0,-3.4680874347686768,-5.815218
exp3_fixed_2,11122,662.7843,666.1974,0.0,-0.42705675959587097,-2.9860044
exp3_fixed_2,11123,630.13617,635.8389,0.0,-2.4856534004211426,-3.2171204
exp3_fixed_2,11124,543.807,552.2042,0.0,-2.826141119003296,-5.5711026
exp3_fixed_2,11125,621.85864,625.6206,0.0,-0.35009753704071045,-3.4118178
exp3_fixed_2,11126,599.9638,602.8855,0.0,-1.1052091121673584,-1.8164812
exp3_fixed_2,11127,612.1079,617.19385,0.0,-1.464011788368225,-3.6219428
exp3_fixed_2,11128,624.1285,626.85706,0.0,-0.8386260271072388,-1.8899355
exp3_fixed_2,11129,558.3502,565.23486,0.0,-1.3630633354187012,-5.52152
exp3_fixed_2,11130,551.28345,556.86566,0.0,-1.8464977741241455,-3.735708
exp3_fixed_2,11131,607.2241,612.7957,0.0,-1.2370710372924805,-4.3344913
exp3_fixed_2,11132,628.655,633.28546,0.0,-0.27920955419540405,-4.3512335
exp3_fixed_2,11133,557.0486,563.41327,0.0,-0.6883370876312256,-5.6763535
exp3_fixed_2,11134,582.01324,583.9324,0.0,-0.6118778586387634,-1.3072939
exp3_fixed_2,11135,576.8638,584.7887,0.0,-2.5658655166625977,-5.3590775
exp3_fixed_2,11136,617.30743,621.5006,0.0,-0.9102458953857422,-3.282917
exp3_fixed_2,11137,534.7614,539.01776,0.0,-0.786743700504303,-3.469638
exp3_fixed_2,11138,515.9764,524.864,0.0,-3.4360930919647217,-5.4515467
exp3_fixed_2,11139,599.67816,604.0669,0.0,-0.4257928133010864,-3.962961
exp3_fixed_2,11141,603.0309,606.8516,0.0,-0.3783096671104431,-3.4424505
exp3_fixed_2,11142,563.3847,571.0127,0.0,-3.708467960357666,-3.91956
exp3_fixed_2,11143,589.29706,592.6823,0.0,-0.6696193218231201,-2.715617
exp3_fixed_2,11144,469.43088,475.72775,0.0,-2.1659436225891113,-4.130919
exp3_fixed_2,11145,-248.42201,1.6348007,-200.0,-50.00581359863281,-0.050999425
exp3_fixed_2,11146,603.93604,605.21594,0.0,-0.47258102893829346,-0.80736375
exp3_fixed_2,11147,512.047,517.2063,0.0,-1.4044677019119263,-3.7548783
exp3_fixed_2,11148,583.9292,587.7714,0.0,-0.9344199299812317,-2.9077594
exp3_fixed_2,11149,532.7406,538.8671,0.0,-1.4094970226287842,-4.717085
exp3_fixed_2,11150,637.17755,641.0629,0.0,-0.41460710763931274,-3.4708283
exp3_fixed_2,11151,620.7151,622.4428,0.0,-0.41219380497932434,-1.3155346
exp3_fixed_2,11152,607.16626,610.8048,0.0,-0.9954910278320312,-2.6430826
exp3_fixed_2,11153,595.88043,598.29114,0.0,-0.5964811444282532,-1.8142377
exp3_fixed_2,11154,561.4082,568.4865,0.0,-0.8799343109130859,-6.198389
exp3_fixed_2,11155,614.9048,618.7508,0.0,-1.7576663494110107,-2.088397
exp3_fixed_2,11156,534.65515,544.8568,0.0,-2.659167766571045,-7.5425167
exp3_fixed_2,11157,528.4333,543.81146,0.0,-3.965881586074829,-11.412328
exp3_fixed_2,11158,623.43726,627.34973,0.0,-0.8558423519134521,-3.056658
exp3_fixed_2,11159,638.78937,640.3993,0.0,-0.14528992772102356,-1.4645865
exp3_fixed_2,11161,580.61475,582.8966,0.0,-0.2948182225227356,-1.9870812
exp3_fixed_2,11162,594.27704,597.7883,0.0,-0.6738513708114624,-2.8373895
exp3_fixed_2,11163,642.4153,643.7693,0.0,-0.3934270441532135,-0.96051615
exp3_fixed_2,11164,623.9392,627.25244,0.0,-0.7983019948005676,-2.5149055
exp3_fixed_2,11165,576.91266,578.5447,0.0,-0.1801559031009674,-1.4517934
exp3_fixed_2,11166,598.2182,604.52155,0.0,-1.358725905418396,-4.9446564
exp3_fixed_2,11167,497.79468,508.37497,0.0,-0.9092471599578857,-9.671038
exp3_fixed_2,11168,591.0183,594.8296,0.0,-0.6894517540931702,-3.1218855
exp3_fixed_2,11169,555.4683,558.8111,0.0,-1.1941356658935547,-2.1485965
exp3_fixed_2,11170,574.0575,576.5245,0.0,-0.5897135138511658,-1.8772959
exp3_fixed_2,11171,611.3953,615.00323,0.0,-0.8211130499839783,-2.7867618
exp3_fixed_2,11172,555.5193,559.7303,0.0,-1.2874585390090942,-2.923566
exp3_fixed_2,11173,512.5666,519.642,0.0,-0.8324003219604492,-6.2430487
exp3_fixed_2,11174,541.5803,544.56366,0.0,-0.6476494073867798,-2.3356688
exp3_fixed_2,11175,577.87744,582.0505,0.0,-0.7829099893569946,-3.3901153
exp3_fixed_2,11176,636.6334,639.6583,0.0,-0.6928053498268127,-2.332079
exp3_fixed_2,11177,581.392,585.46295,0.0,-1.5610501766204834,-2.5098882
exp3_fixed_2,11178,549.6402,556.19324,0.0,-3.3608481884002686,-3.192173
exp3_fixed_2,11179,568.81433,573.2002,0.0,-0.7181609272956848,-3.6676397
exp3_fixed_2,11181,583.77637,588.57935,0.0,-0.36986374855041504,-4.433116
exp3_fixed_2,11182,661.947,665.5383,0.0,-0.5857208967208862,-3.0055985
exp3_fixed_2,11183,524.65857,530.18085,0.0,-0.8274849653244019,-4.6947775
exp3_fixed_2,11184,472.6867,481.8475,0.0,-1.4688785076141357,-7.691909
exp3_fixed_2,11185,598.3501,602.47894,0.0,-1.0184552669525146,-3.1104255
exp3_fixed_2,11186,622.11053,627.9894,0.0,-1.313838243484497,-4.5650406
exp3_fixed_2,11187,556.3014,561.9896,0.0,-1.1764378547668457,-4.5118656
exp3_fixed_2,11188,626.9256,632.0204,0.0,-0.9634778499603271,-4.131353
exp3_fixed_2,11189,594.8738,598.74445,0.0,-0.8194220066070557,-3.0512824
exp3_fixed_2,11190,576.9777,584.97034,0.0,-3.723375082015991,-4.269281
exp3_fixed_2,11191,537.3086,546.7833,0.0,-2.562089443206787,-6.912605
exp3_fixed_2,11192,609.02844,613.68134,0.0,-1.1925172805786133,-3.46041
exp3_fixed_2,11193,553.2006,559.3373,0.0,-0.5482392311096191,-5.5884023
exp3_fixed_2,11194,609.5398,613.4406,0.0,-1.46192467212677,-2.4389007
exp3_fixed_2,11195,538.9334,547.0296,0.0,-1.232619047164917,-6.86357
exp3_fixed_2,11196,625.40814,627.1632,0.0,-0.5777463912963867,-1.1772794
exp3_fixed_2,11197,594.97,598.76715,0.0,-1.06479811668396,-2.7323422
exp3_fixed_2,11198,553.4009,556.7063,0.0,-0.5933793187141418,-2.712082
exp3_fixed_2,11199,563.08905,569.8898,0.0,-1.416182041168213,-5.3845396
exp3_fixed_2,11201,639.6493,648.1566,0.0,-2.1366801261901855,-6.370594
exp3_fixed_2,11202,556.2646,562.2913,0.0,-0.5232769846916199,-5.5034504
exp3_fixed_2,11203,584.18396,592.80444,0.0,-4.15878963470459,-4.461666
exp3_fixed_2,11204,660.8043,662.3093,0.0,-0.3647328019142151,-1.1402049
exp3_fixed_2,11205,613.8296,618.1919,0.0,-1.1597827672958374,-3.2026222
exp3_fixed_2,11206,610.8094,615.15796,0.0,-0.6087835431098938,-3.739744
exp3_fixed_2,11207,554.2376,561.32825,0.0,-1.2100064754486084,-5.880668
exp3_fixed_2,11208,607.2546,609.67975,0.0,-0.6440087556838989,-1.7811772
exp3_fixed_2,11209,601.68335,604.8563,0.0,-0.8703562617301941,-2.3025498
exp3_fixed_2,11210,581.80365,584.0404,0.0,-0.16377824544906616,-2.0729823
exp3_fixed_2,11211,533.3677,539.3944,0.0,-2.075819492340088,-3.9509287
exp3_fixed_2,11212,560.4419,569.1625,0.0,-2.15810227394104,-6.5624638
exp3_fixed_2,11213,515.68164,525.3173,0.0,-1.1862483024597168,-8.449429
exp3_fixed_2,11214,571.53687,574.7716,0.0,-0.333927184343338,-2.9007947
exp3_fixed_2,11215,538.0379,543.1799,0.0,-0.6313599944114685,-4.5106363
exp3_fixed_2,11216,542.1342,545.8229,0.0,-1.307692050933838,-2.3810215
exp3_fixed_2,11217,607.2109,614.0257,0.0,-0.9330745935440063,-5.881721
exp3_fixed_2,11218,528.44977,536.0508,0.0,-3.253903865814209,-4.347104
exp3_fixed_2,11219,555.5835,558.73083,0.0,-1.235174536705017,-1.9121315
exp3_fixed_2,11221,566.432,571.8032,0.0,-1.263732671737671,-4.1075015
exp3_fixed_2,11222,581.1821,585.2431,0.0,-0.5891209840774536,-3.471841
exp3_fixed_2,11223,608.74493,611.32446,0.0,-0.49031880497932434,-2.0892544
exp3_fixed_2,11224,591.7211,594.62964,0.0,-0.45599350333213806,-2.452549
exp3_fixed_2,11225,647.879,649.8391,0.0,-0.7660598158836365,-1.1940787
exp3_fixed_2,11226,575.6344,581.08813,0.0,-0.9431102275848389,-4.51059
exp3_fixed_2,11227,566.5897,570.76715,0.0,-1.2428568601608276,-2.934564
exp3_fixed_2,11228,583.5755,594.14844,0.0,-0.9523730278015137,-9.620514
exp3_fixed_2,11229,623.70715,626.80457,0.0,-0.356778621673584,-2.7407112
exp3_fixed_2,11230,612.24207,617.18164,0.0,-1.7996020317077637,-3.1398976
exp3_fixed_2,11231,608.73706,613.4352,0.0,-0.8069733381271362,-3.8911738
exp3_fixed_2,11232,525.65094,530.7062,0.0,-1.4620221853256226,-3.5932167
exp3_fixed_2,11233,558.6174,561.6375,0.0,-0.3722948431968689,-2.6478703
exp3_fixed_2,11234,638.4005,642.9931,0.0,-1.3547004461288452,-3.237846
exp3_fixed_2,11235,559.4744,563.4081,0.0,-0.9130182266235352,-3.0206513
exp3_fixed_2,11236,595.36804,599.07446,0.0,-0.7583893537521362,-2.9480062
exp3_fixed_2,11237,547.4598,550.8061,0.0,-0.9027916789054871,-2.4434795
exp3_fixed_2,11238,552.874,562.176,0.0,-0.8981961011886597,-8.403788
exp3_fixed_2,11239,520.21454,527.2142,0.0,-1.5345693826675415,-5.4650702
exp3_fixed_2,11241,-256.34857,98.39922,-200.0,-150.61708068847656,-4.1306934
exp3_fixed_2,11242,606.75793,610.6446,0.0,-1.1289165019989014,-2.757784
exp3_fixed_2,11243,463.7998,488.8469,0.0,-9.136548042297363,-15.910533
exp3_fixed_2,11244,553.6586,559.22095,0.0,-1.84842848777771,-3.7138782
exp3_fixed_2,11245,609.09436,613.16785,0.0,-1.0555152893066406,-3.0180204
exp3_fixed_2,11246,636.4832,642.8353,0.0,-0.9993014931678772,-5.352805
exp3_fixed_2,11247,592.07385,594.29694,0.0,-0.4490587115287781,-1.7740308
exp3_fixed_2,11248,562.5331,574.63354,0.0,-1.1714414358139038,-10.928987
exp3_fixed_2,11249,519.47473,540.4165,0.0,-5.667408466339111,-15.274293
exp3_fixed_2,11250,544.04456,550.1544,0.0,-3.4278650283813477,-2.6820045
exp3_fixed_2,11251,575.0207,578.2088,0.0,-1.169744849205017,-2.0183477
exp3_fixed_2,11252,600.4683,604.247,0.0,-0.5545956492424011,-3.2240596
exp3_fixed_2,11253,593.04364,597.2558,0.0,-1.5944722890853882,-2.6176395
exp3_fixed_2,11254,584.9608,589.369,0.0,-2.316793918609619,-2.0913568
exp3_fixed_2,11255,532.54504,540.7656,0.0,-1.3464865684509277,-6.8740606
exp3_fixed_2,11256,657.1271,660.68945,0.0,-1.083884835243225,-2.4785602
exp3_fixed_2,11257,654.97974,657.919,0.0,-0.691081166267395,-2.2482285
exp3_fixed_2,11258,574.5407,580.79236,0.0,-1.6298484802246094,-4.6218586
exp3_fixed_2,11259,578.1118,583.7633,0.0,-1.7951627969741821,-3.8563836
exp3_fixed_2,11261,601.82227,604.7571,0.0,-0.9434122443199158,-1.9914378
exp3_fixed_2,11262,588.02344,593.0752,0.0,-1.0087084770202637,-4.0430083
exp3_fixed_2,11263,584.8638,588.2645,0.0,-1.037709355354309,-2.363071
exp3_fixed_2,11264,560.75684,562.9409,0.0,-1.052573323249817,-1.1314793
exp3_fixed_2,11265,543.7816,548.49475,0.0,-1.3331265449523926,-3.3800259
exp3_fixed_2,11266,575.4287,580.8462,0.0,-2.089130163192749,-3.328288
exp3_fixed_2,11267,621.7468,625.6457,0.0,-0.8278726935386658,-3.0710325
exp3_fixed_2,11268,569.7611,573.9016,0.0,-0.6353510618209839,-3.5051155
exp3_fixed_2,11269,655.371,657.93726,0.0,-0.5301715135574341,-2.0360742
exp3_fixed_2,11270,610.92096,615.30896,0.0,-1.2781341075897217,-3.1098537
exp3_fixed_2,11271,533.34485,539.8978,0.0,-0.632763683795929,-5.920231
exp3_fixed_2,11272,514.6563,523.20496,0.0,-0.9848898649215698,-7.5637565
exp3_fixed_2,11273,519.59735,529.41504,0.0,-1.6532609462738037,-8.164443
exp3_fixed_2,11274,568.19183,570.1884,0.0,-0.2427317202091217,-1.7538564
exp3_fixed_2,11275,558.74365,578.59216,0.0,-1.8335051536560059,-18.015003
exp3_fixed_2,11276,603.1587,607.10095,0.0,-0.36813122034072876,-3.5742
exp3_fixed_2,11277,567.40814,579.76575,0.0,-0.7717621326446533,-11.585836
exp3_fixed_2,11278,606.7305,617.35596,0.0,-0.5666503310203552,-10.058805
exp3_fixed_2,11279,564.8463,568.0974,0.0,-0.45477116107940674,-2.7962956
exp3_fixed_2,11281,532.9708,537.162,0.0,-1.0664719343185425,-3.1247478
exp3_fixed_2,11282,540.05566,543.87225,0.0,-1.1994491815567017,-2.6171844
exp3_fixed_2,11283,547.5219,553.99774,0.0,-1.5615317821502686,-4.914304
exp3_fixed_2,11284,507.5666,520.78656,0.0,-2.5432140827178955,-10.676736
exp3_fixed_2,11285,584.2792,586.82996,0.0,-0.21180272102355957,-2.3389828
exp3_fixed_2,11286,612.7708,623.58057,0.0,-0.7194957733154297,-10.090251
exp3_fixed_2,11287,606.1682,610.75696,0.0,-0.9785240888595581,-3.610213
exp3_fixed_2,11288,571.66473,573.81366,0.0,-0.7159122228622437,-1.4330035
exp3_fixed_2,11289,596.1303,619.682,0.0,-1.0166550874710083,-22.535114
exp3_fixed_2,11290,559.231,563.24445,0.0,-1.0155843496322632,-2.997858
exp3_fixed_2,11291,494.15237,500.55777,0.0,-0.9477063417434692,-5.4577107
exp3_fixed_2,11292,572.07214,575.7149,0.0,-0.5547693967819214,-3.087997
exp3_fixed_2,11293,648.3479,653.4261,0.0,-1.2661027908325195,-3.8120646
exp3_fixed_2,11294,614.20764,616.9188,0.0,-0.5187525153160095,-2.192448
exp3_fixed_2,11295,576.40326,582.06323,0.0,-1.7463173866271973,-3.9136543
exp3_fixed_2,11296,623.0857,627.4236,0.0,-1.1486659049987793,-3.189204
exp3_fixed_2,11297,583.12897,586.93024,0.0,-0.6835947036743164,-3.117676
exp3_fixed_2,11298,563.77734,566.4387,0.0,-0.5277604460716248,-2.1336195
exp3_fixed_2,11299,592.96387,599.2134,0.0,-2.0467379093170166,-4.202788
exp3_fixed_2,11301,537.2748,541.4748,0.0,-0.7143126726150513,-3.4857
exp3_fixed_2,11302,580.73193,584.7228,0.0,-0.547606885433197,-3.4432614
exp3_fixed_2,11303,541.9745,559.94745,0.0,-0.547232449054718,-17.425686
exp3_fixed_2,11304,617.12445,620.7456,0.0,-0.6064815521240234,-3.0146935
exp3_fixed_2,11305,510.74518,525.67236,0.0,-5.195415019989014,-9.731779
exp3_fixed_2,11306,572.88086,579.4149,0.0,-1.4849833250045776,-5.049125
exp3_fixed_2,11307,661.9535,666.622,0.0,-0.731804370880127,-3.9366953
exp3_fixed_2,11308,651.0775,658.995,0.0,-0.2625669538974762,-7.6548343
exp3_fixed_2,11309,578.51636,582.2006,0.0,-0.8712783455848694,-2.8129752
exp3_fixed_2,11310,614.35803,617.24365,0.0,-0.41193699836730957,-2.4736314
exp3_fixed_2,11311,555.9539,561.41864,0.0,-1.5936592817306519,-3.8710504
exp3_fixed_2,11312,590.22327,594.7891,0.0,-0.8797769546508789,-3.6860635
exp3_fixed_2,11313,607.32385,613.2234,0.0,-1.6861077547073364,-4.2134485
exp3_fixed_2,11314,652.1187,663.31506,0.0,-2.588338851928711,-8.60803
exp3_fixed_2,11315,-85.72708,134.1362,-200.0,-19.17582893371582,-0.6874608
exp3_fixed_2,11316,638.7269,644.20074,0.0,-2.027878761291504,-3.4458623
exp3_fixed_2,11317,593.82074,598.079,0.0,-1.3077926635742188,-2.95046
exp3_fixed_2,11318,553.45496,561.1035,0.0,-0.9306016564369202,-6.717921
exp3_fixed_2,11319,635.3946,641.25085,0.0,-1.886753797531128,-3.9695222
exp3_fixed_2,11321,527.8666,535.0696,0.0,-1.30719792842865,-5.8958335
exp3_fixed_2,11322,543.16284,546.8909,0.0,-0.6293031573295593,-3.0987408
exp3_fixed_2,11323,525.618,535.95056,0.0,-0.4797278046607971,-9.852841
exp3_fixed_2,11324,605.25037,609.08136,0.0,-0.35062047839164734,-3.4803717
exp3_fixed_2,11325,653.152,654.83685,0.0,-0.6905655860900879,-0.9942685
exp3_fixed_2,11326,571.25433,574.14905,0.0,-0.4132368564605713,-2.481434
exp3_fixed_2,11327,628.94666,631.81744,0.0,-0.4794004559516907,-2.391352
exp3_fixed_2,11328,569.2744,575.9372,0.0,-2.75886869430542,-3.903882
exp3_fixed_2,11329,567.6934,571.67413,0.0,-0.7157627940177917,-3.2649608
exp3_fixed_2,11330,628.1878,636.3967,0.0,-3.178053140640259,-5.0309067
exp3_fixed_2,11331,577.84174,584.99036,0.0,-0.9216168522834778,-6.227023
exp3_fixed_2,11332,488.15823,500.1729,0.0,-1.7738773822784424,-10.240809
exp3_fixed_2,11333,641.59436,646.57385,0.0,-1.1199688911437988,-3.8595033
exp3_fixed_2,11334,583.1788,595.4614,0.0,-0.7913591861724854,-11.491337
exp3_fixed_2,11335,556.2956,561.8707,0.0,-1.3942623138427734,-4.1809077
exp3_fixed_2,11336,515.1985,520.7393,0.0,-1.6103298664093018,-3.9305282
exp3_fixed_2,11337,-198.76219,8.990728,-200.0,-7.271830081939697,-0.48110262
exp3_fixed_2,11338,605.89514,610.25635,0.0,-0.7059984803199768,-3.6552567
exp3_fixed_2,11339,573.43097,578.3069,0.0,-0.8253788352012634,-4.050513
exp3_fixed_2,11341,646.4556,648.8108,0.0,-1.2434792518615723,-1.1117402
exp3_fixed_2,11342,612.69556,617.4077,0.0,-0.6809214353561401,-4.031252
exp3_fixed_2,11343,486.72833,505.01004,0.0,-9.612738609313965,-8.668957
exp3_fixed_2,11344,570.8582,574.75244,0.0,-0.7980841994285583,-3.0961246
exp3_fixed_2,11345,603.9255,607.9766,0.0,-0.9033504724502563,-3.1478148
exp3_fixed_2,11346,652.46326,656.377,0.0,-0.7022877931594849,-3.211473
exp3_fixed_2,11347,599.37067,606.0975,0.0,-0.5250521302223206,-6.201754
exp3_fixed_2,11348,629.7344,636.9419,0.0,-0.7659426331520081,-6.4416294
exp3_fixed_2,11349,664.7948,672.4459,0.0,-0.3425409495830536,-7.3085027
exp3_fixed_2,11350,-211.45047,2.563229,-200.0,-13.949325561523438,-0.06437498
exp3_fixed_2,11351,-190.72276,86.33746,-200.0,-70.70470428466797,-6.3555503
exp3_fixed_2,11352,656.4619,662.315,0.0,-1.5673136711120605,-4.285848
exp3_fixed_2,11353,568.3989,575.9392,0.0,-0.8207688331604004,-6.719526
exp3_fixed_2,11354,585.44836,590.2857,0.0,-0.9466983079910278,-3.8906155
exp3_fixed_2,11355,648.75323,650.3122,0.0,-0.6990755200386047,-0.859853
exp3_fixed_2,11356,513.909,521.29987,0.0,-1.8175662755966187,-5.5733128
exp3_fixed_2,11357,625.47906,631.40247,0.0,-0.6974421739578247,-5.2259846
exp3_fixed_2,11358,633.7822,646.273,0.0,-0.8707289695739746,-11.620054
exp3_fixed_2,11359,560.0855,571.1963,0.0,-0.7527444958686829,-10.357995
exp3_fixed_2,11361,578.3935,583.33185,0.0,-1.453177809715271,-3.485218
exp3_fixed_2,11362,593.27856,608.6386,0.0,-0.8666231036186218,-14.493466
exp3_fixed_2,11363,538.0146,542.4889,0.0,-1.394887089729309,-3.079393
exp3_fixed_2,11364,616.7904,624.9243,0.0,-0.8894792795181274,-7.2444506
exp3_fixed_2,11365,568.43195,573.93134,0.0,-0.5120320916175842,-4.9873743
exp3_fixed_2,11366,516.5817,524.4125,0.0,-1.221650242805481,-6.609128
exp3_fixed_2,11367,506.005,515.0065,0.0,-1.0383354425430298,-7.96315
exp3_fixed_2,11368,604.74164,617.402,0.0,-1.0228097438812256,-11.637527
exp3_fixed_2,11369,657.16565,662.9595,0.0,-1.4880139827728271,-4.305769
exp3_fixed_2,11370,583.5007,588.6994,0.0,-0.8702805638313293,-4.328436
exp3_fixed_2,11371,542.31177,547.6572,0.0,-0.715660572052002,-4.6298466
exp3_fixed_2,11372,613.02844,618.3253,0.0,-1.7028782367706299,-3.593977
exp3_fixed_2,11373,680.61804,687.4263,0.0,-1.1586648225784302,-5.64962
exp3_fixed_2,11374,533.5501,539.47833,0.0,-1.802001714706421,-4.126214
exp3_fixed_2,11375,576.193,580.5696,0.0,-0.6822274327278137,-3.6943433
exp3_fixed_2,11376,628.91693,631.2816,0.0,-0.5946342349052429,-1.7700654
exp3_fixed_2,11377,624.45874,631.32336,0.0,-0.3530902564525604,-6.51155
exp3_fixed_2,11378,496.59796,503.0818,0.0,-0.48338133096694946,-6.0004234
exp3_fixed_2,11379,593.27856,598.11475,0.0,-0.9606943726539612,-3.875453
exp3_fixed_2,11381,-221.99689,131.23055,-200.0,-150.2340850830078,-2.9933407
exp3_fixed_2,11382,575.0867,580.57043,0.0,-1.6294095516204834,-3.8543506
exp3_fixed_2,11383,582.3205,587.59357,0.0,-1.9947729110717773,-3.2783022
exp3_fixed_2,11384,648.35046,652.4565,0.0,-1.270100474357605,-2.8358698
exp3_fixed_2,11385,640.81244,643.97003,0.0,-0.6215627789497375,-2.535997
exp3_fixed_2,11386,635.9227,638.85474,0.0,-0.7387186288833618,-2.1932755
exp3_fixed_2,11387,553.97253,558.8522,0.0,-1.0858821868896484,-3.7937882
exp3_fixed_2,11388,589.32306,595.26855,0.0,-1.143137812614441,-4.8023314
exp3_fixed_2,11389,570.62805,581.476,0.0,-0.7809926867485046,-10.066972
exp3_fixed_2,11390,629.14246,632.6338,0.0,-0.5134692192077637,-2.9778724
exp3_fixed_2,11391,588.53253,593.93964,0.0,-1.285704493522644,-4.1213794
exp3_fixed_2,11392,587.8693,595.9762,0.0,-0.44320082664489746,-7.663699
exp3_fixed_2,11393,610.0924,614.67755,0.0,-0.8098732233047485,-3.7752626
exp3_fixed_2,11394,571.4493,576.59204,0.0,-1.2190818786621094,-3.9236302
exp3_fixed_2,11395,622.36285,624.8796,0.0,-0.5252386927604675,-1.9914457
exp3_fixed_2,11396,596.0231,599.66345,0.0,-0.553918719291687,-3.0864844
exp3_fixed_2,11397,533.90234,544.6555,0.0,-3.446340799331665,-7.306819
exp3_fixed_2,11398,619.1449,623.22797,0.0,-1.272788405418396,-2.8102498
exp3_fixed_2,11399,617.71545,620.8159,0.0,-0.4773983955383301,-2.6230602
exp3_fixed_2,11401,-158.83928,97.8381,-200.0,-54.69062423706055,-1.9867566
exp3_fixed_2,11402,-200.33443,8.7557125,-200.0,-8.520627975463867,-0.56951404
exp3_fixed_2,11403,602.36975,607.86383,0.0,-0.7177254557609558,-4.7763257
exp3_fixed_2,11404,572.57446,582.32275,0.0,-0.43636757135391235,-9.311943
exp3_fixed_2,11405,547.6553,554.6762,0.0,-1.1347732543945312,-5.886183
exp3_fixed_2,11406,526.8651,547.2187,0.0,-5.627770900726318,-14.72581
exp3_fixed_2,11407,596.3392,604.06726,0.0,-0.5959140658378601,-7.1322155
exp3_fixed_2,11408,545.70337,550.85876,0.0,-1.0431021451950073,-4.112276
exp3_fixed_2,11409,521.694,528.3054,0.0,-2.39988374710083,-4.211547
exp3_fixed_2,11410,529.4288,538.4522,0.0,-4.3952178955078125,-4.628228
exp3_fixed_2,11411,594.7279,599.20483,0.0,-1.9910497665405273,-2.4858785
exp3_fixed_2,11412,619.57513,623.78754,0.0,-1.0463340282440186,-3.1661155
exp3_fixed_2,11413,622.69775,628.444,0.0,-2.473562002182007,-3.2726386
exp3_fixed_2,11414,558.5665,563.8544,0.0,-0.6337610483169556,-4.654031
exp3_fixed_2,11415,606.8622,610.4896,0.0,-1.482429027557373,-2.1449752
exp3_fixed_2,11416,553.56854,558.1359,0.0,-0.7533945441246033,-3.813984
exp3_fixed_2,11417,578.0317,581.9907,0.0,-0.46006089448928833,-3.4989734
exp3_fixed_2,11418,557.7528,562.9328,0.0,-1.2612566947937012,-3.918756
exp3_fixed_2,11419,553.48956,558.9741,0.0,-1.3043805360794067,-4.1802015
exp3_fixed_2,11421,491.64685,501.49982,0.0,-4.057144641876221,-5.7958384
exp3_fixed_2,11422,638.3981,647.3963,0.0,-1.0858407020568848,-7.9123917
exp3_fixed_2,11423,493.58014,503.81293,0.0,-3.3025283813476562,-6.9302635
exp3_fixed_2,11424,441.51465,457.64273,0.0,-0.7906346917152405,-15.337435
exp3_fixed_2,11425,609.8173,613.4455,0.0,-1.3994429111480713,-2.2287633
exp3_fixed_2,11426,465.95087,478.00168,0.0,-3.2767229080200195,-8.774094
exp3_fixed_2,11427,585.8102,591.9226,0.0,-1.1212979555130005,-4.991143
exp3_fixed_2,11428,-207.41234,9.9773,-200.0,-15.985834121704102,-1.4038112
exp3_fixed_2,11429,613.5923,616.0761,0.0,-0.30181583762168884,-2.1819868
exp3_fixed_2,11430,594.0975,599.1457,0.0,-0.97984379529953,-4.0683975
exp3_fixed_2,11431,540.6157,544.6687,0.0,-1.041027307510376,-3.0119734
exp3_fixed_2,11432,538.3048,542.38574,0.0,-0.924755334854126,-3.1562047
exp3_fixed_2,11433,590.5434,592.97845,0.0,-1.6008374691009521,-0.83419204
exp3_fixed_2,11434,611.0641,616.35626,0.0,-1.1231473684310913,-4.168987
exp3_fixed_2,11435,580.9176,584.72266,0.0,-1.3472967147827148,-2.457748
exp3_fixed_2,11436,611.1986,614.96826,0.0,-0.7927530407905579,-2.976874
exp3_fixed_2,11437,601.4782,605.3731,0.0,-0.6451708078384399,-3.2497134
exp3_fixed_2,11438,536.67126,541.34454,0.0,-0.8523882627487183,-3.8209286
exp3_fixed_2,11439,639.1112,642.6007,0.0,-0.7303939461708069,-2.7590957
exp3_fixed_2,11441,534.9704,540.6849,0.0,-2.310225486755371,-3.4042547
exp3_fixed_2,11442,539.9481,546.5796,0.0,-1.0860731601715088,-5.5454087
exp3_fixed_2,11443,560.31903,563.84424,0.0,-0.6741083860397339,-2.8510723
exp3_fixed_2,11444,618.0089,623.2845,0.0,-2.736002206802368,-2.5395343
exp3_fixed_2,11445,637.5604,641.8538,0.0,-1.0993987321853638,-3.193958
exp3_fixed_2,11446,528.21405,534.8774,0.0,-0.5847394466400146,-6.0786085
exp3_fixed_2,11447,675.8752,680.402,0.0,-0.38450130820274353,-4.142286
exp3_fixed_2,11448,554.8631,563.1215,0.0,-0.6582449078559875,-7.6001353
exp3_fixed_2,11449,608.05133,611.69116,0.0,-0.39476531744003296,-3.245072
exp3_fixed_2,11450,527.78,535.5808,0.0,-1.6773337125778198,-6.1234736
exp3_fixed_2,11451,485.22394,489.33655,0.0,-0.9968714118003845,-3.1157146
exp3_fixed_2,11452,604.2544,610.04285,0.0,-1.863547682762146,-3.9248712
exp3_fixed_2,11453,535.187,545.55963,0.0,-0.4444415271282196,-9.928197
exp3_fixed_2,11454,-341.5264,8.964783,-200.0,-149.91522216796875,-0.5759234
exp3_fixed_2,11455,643.16473,647.86395,0.0,-0.7950067520141602,-3.9042
exp3_fixed_2,11456,585.4994,593.052,0.0,-0.8890137672424316,-6.663595
exp3_fixed_2,11457,590.98315,595.1006,0.0,-0.7887828350067139,-3.3286293
exp3_fixed_2,11458,660.55237,664.5807,0.0,-0.6316471695899963,-3.3966818
exp3_fixed_2,11459,542.3211,546.56165,0.0,-1.2477792501449585,-2.9927425
exp3_fixed_2,11461,594.1003,597.5614,0.0,-1.6862725019454956,-1.7748146
exp3_fixed_2,11462,585.66425,588.7695,0.0,-0.12634842097759247,-2.9788432
exp3_fixed_2,11463,601.84924,605.4116,0.0,-1.0309925079345703,-2.5314276
exp3_fixed_2,11464,524.24146,527.3682,0.0,-0.32868701219558716,-2.7981012
exp3_fixed_2,11465,631.9121,635.7323,0.0,-0.8090384006500244,-3.0111864
exp3_fixed_2,11466,553.5021,557.1865,0.0,-0.52138751745224,-3.1630583
exp3_fixed_2,11467,534.2976,539.44214,0.0,-1.1578116416931152,-3.9867256
exp3_fixed_2,11468,552.46484,557.4996,0.0,-0.601771354675293,-4.432994
exp3_fixed_2,11469,393.11105,406.4785,0.0,-7.140436172485352,-6.2269917
exp3_fixed_2,11470,491.26852,505.8639,0.0,-0.43345528841018677,-14.161911
exp3_fixed_2,11471,478.4609,486.8419,0.0,-1.668318510055542,-6.71266
exp3_fixed_2,11472,645.2467,648.5008,0.0,-1.0599207878112793,-2.1941779
exp3_fixed_2,11473,574.11865,577.9052,0.0,-1.4428024291992188,-2.3437655
exp3_fixed_2,11474,566.43774,579.40857,0.0,-9.502744674682617,-3.4681249
exp3_fixed_2,11475,608.3412,610.4004,0.0,-0.6383931040763855,-1.420833
exp3_fixed_2,11476,574.07764,579.46606,0.0,-1.5716800689697266,-3.8167863
exp3_fixed_2,11477,598.7915,602.17773,0.0,-0.6502308249473572,-2.7360144
exp3_fixed_2,11478,549.01276,552.843,0.0,-1.539659023284912,-2.2906392
exp3_fixed_2,11479,627.50525,632.1075,0.0,-1.4213460683822632,-3.18083
exp3_fixed_2,11481,559.4883,565.42267,0.0,-0.5857876539230347,-5.348623
exp3_fixed_2,11482,595.9943,608.555,0.0,-6.286668300628662,-6.273979
exp3_fixed_2,11483,640.8184,644.7331,0.0,-0.33444949984550476,-3.580211
exp3_fixed_2,11484,546.24115,551.91693,0.0,-1.7571877241134644,-3.9185972
exp3_fixed_2,11485,615.58,620.6321,0.0,-1.3353537321090698,-3.716725
exp3_fixed_2,11486,549.6139,554.84436,0.0,-0.6249756217002869,-4.6054897
exp3_fixed_2,11487,580.0846,587.9795,0.0,-2.1325719356536865,-5.762314
exp3_fixed_2,11488,592.2161,594.8173,0.0,-0.3108213543891907,-2.290397
exp3_fixed_2,11489,567.4666,570.13165,0.0,-0.6009545922279358,-2.064084
exp3_fixed_2,11490,586.55225,589.9326,0.0,-1.0144264698028564,-2.3659794
exp3_fixed_2,11491,587.5006,592.9853,0.0,-0.6492128372192383,-4.83545
exp3_fixed_2,11492,429.26132,443.87524,0.0,-1.9697237014770508,-12.644206
exp3_fixed_2,11493,597.2791,606.2397,0.0,-1.5232594013214111,-7.437354
exp3_fixed_2,11494,532.0836,544.9412,0.0,-1.2441908121109009,-11.613374
exp3_fixed_2,11495,599.03094,603.9651,0.0,-2.157640218734741,-2.7765431
exp3_fixed_2,11496,565.8234,569.00934,0.0,-0.45577797293663025,-2.730135
exp3_fixed_2,11497,597.55334,606.00037,0.0,-1.951521873474121,-6.495466
exp3_fixed_2,11498,537.2499,541.3273,0.0,-1.0410553216934204,-3.0363066
exp3_fixed_2,11499,650.3994,655.21173,0.0,-0.551321268081665,-4.2609735
exp3_fixed_2,11501,539.9836,545.22766,0.0,-2.1388676166534424,-3.105176
exp3_fixed_2,11502,544.2579,550.27185,0.0,-3.300231695175171,-2.7137537
exp3_fixed_2,11503,555.97485,565.0819,0.0,-0.7458314895629883,-8.361183
exp3_fixed_2,11504,493.58633,500.15436,0.0,-1.3993427753448486,-5.168672
exp3_fixed_2,11505,625.99445,633.6156,0.0,-0.6455941200256348,-6.97557
exp3_fixed_2,11506,653.1452,656.3727,0.0,-1.685450553894043,-1.5420564
exp3_fixed_2,11507,598.16205,600.6903,0.0,-0.32445645332336426,-2.2037644
exp3_fixed_2,11508,585.742,588.1266,0.0,-0.805588960647583,-1.5789698
exp3_fixed_2,11509,602.1278,607.0408,0.0,-0.7699228525161743,-4.1430397
exp3_fixed_2,11510,486.6735,492.0351,0.0,-1.1206036806106567,-4.2410026
exp3_fixed_2,11511,564.8402,574.1227,0.0,-3.831909418106079,-5.450563
exp3_fixed_2,11512,576.0288,582.0427,0.0,-1.044311761856079,-4.969625
exp3_fixed_2,11513,587.70135,596.43854,0.0,-6.0523786544799805,-2.6848352
exp3_fixed_2,11514,549.5132,553.0707,0.0,-0.7359113693237305,-2.8215735
exp3_fixed_2,11515,614.0163,618.9102,0.0,-0.6169246435165405,-4.277011
exp3_fixed_2,11516,458.20203,481.0603,0.0,-8.517472267150879,-14.340804
exp3_fixed_2,11517,616.0521,626.6618,0.0,-5.245906829833984,-5.3638053
exp3_fixed_2,11518,570.8442,576.5766,0.0,-1.929514765739441,-3.802926
exp3_fixed_2,11519,593.14124,600.2838,0.0,-0.5315548777580261,-6.6109653
exp3_fixed_2,11521,609.2949,615.0468,0.0,-1.1729099750518799,-4.578943
exp3_fixed_2,11522,607.14716,610.67865,0.0,-0.1855444759130478,-3.3459706
exp3_fixed_2,11523,539.8978,546.23834,0.0,-0.4112657904624939,-5.929213
exp3_fixed_2,11524,548.5513,554.39966,0.0,-0.6419530510902405,-5.206396
exp3_fixed_2,11525,616.9768,619.8214,0.0,-0.5731223821640015,-2.2715604
exp3_fixed_2,11526,601.5373,604.9674,0.0,-0.7927893400192261,-2.6373856
exp3_fixed_2,11527,592.45496,596.1481,0.0,-0.9119266271591187,-2.7811728
exp3_fixed_2,11528,587.20886,592.18506,0.0,-1.2846399545669556,-3.6916034
exp3_fixed_2,11529,544.152,547.1004,0.0,-0.6124318242073059,-2.3359718
exp3_fixed_2,11530,509.71902,536.71985,0.0,-9.980751037597656,-17.020105
exp3_fixed_2,11531,578.84784,585.5056,0.0,-1.002150058746338,-5.6556387
exp3_fixed_2,11532,547.11865,549.19574,0.0,-0.4597276747226715,-1.6173812
exp3_fixed_2,11533,615.07153,620.0016,0.0,-1.0744737386703491,-3.8555913
exp3_fixed_2,11534,594.7438,599.0843,0.0,-0.29073312878608704,-4.0497165
exp3_fixed_2,11535,537.99927,541.5363,0.0,-1.10917067527771,-2.4278762
exp3_fixed_2,11536,585.8383,590.9804,0.0,-0.6744953393936157,-4.4676466
exp3_fixed_2,11537,624.99036,628.183,0.0,-1.0949883460998535,-2.097671
exp3_fixed_2,11538,611.3166,615.5744,0.0,-0.8991791605949402,-3.3586383
exp3_fixed_2,11539,579.4726,583.1296,0.0,-0.8089409470558167,-2.8480237
exp3_fixed_2,11541,671.76556,676.53033,0.0,-0.4622969925403595,-4.3024855
exp3_fixed_2,11542,583.4186,590.1824,0.0,-1.7250560522079468,-5.0387077
exp3_fixed_2,11543,604.5078,608.1858,0.0,-0.6042379140853882,-3.0737767
exp3_fixed_2,11544,615.77966,617.5732,0.0,-0.40188807249069214,-1.3916181
exp3_fixed_2,11545,519.7555,526.02454,0.0,-1.779855728149414,-4.489169
exp3_fixed_2,11546,539.46814,552.2021,0.0,-1.8363218307495117,-10.897567
exp3_fixed_2,11547,588.93933,593.69403,0.0,-0.8087203502655029,-3.9459364
exp3_fixed_2,11548,592.82336,599.6731,0.0,-0.26242291927337646,-6.587268
exp3_fixed_2,11549,587.63306,599.30743,0.0,-1.4096500873565674,-10.264711
exp3_fixed_2,11550,551.2899,559.4456,0.0,-0.6860031485557556,-7.4696817
exp3_fixed_2,11551,580.15106,583.0099,0.0,-1.1228339672088623,-1.7360324
exp3_fixed_2,11552,532.9989,547.3241,0.0,-1.5516746044158936,-12.773562
exp3_fixed_2,11553,559.2285,566.29175,0.0,-0.9953198432922363,-6.0679607
exp3_fixed_2,11554,518.9256,523.60425,0.0,-0.6404224634170532,-4.0382576
exp3_fixed_2,11555,611.47925,616.61304,0.0,-1.7456344366073608,-3.3881495
exp3_fixed_2,11556,621.1648,625.39606,0.0,-0.9237920641899109,-3.3075185
exp3_fixed_2,11557,537.7849,540.5847,0.0,-0.5550963878631592,-2.244652
exp3_fixed_2,11558,569.9359,574.1728,0.0,-1.130681037902832,-3.1061418
exp3_fixed_2,11559,561.9898,565.8609,0.0,-1.1195762157440186,-2.7515528
exp3_fixed_2,11561,511.69995,522.7443,0.0,-0.6380040049552917,-10.406415
exp3_fixed_2,11562,594.00867,597.73254,0.0,-1.0837123394012451,-2.6402025
exp3_fixed_2,11563,561.45154,567.6343,0.0,-1.3614463806152344,-4.8212957
exp3_fixed_2,11564,546.78735,555.7555,0.0,-5.352318286895752,-3.615783
exp3_fixed_2,11565,576.5243,583.2372,0.0,-0.2854001522064209,-6.4275327
exp3_fixed_2,11566,578.11646,581.1022,0.0,-0.6358004212379456,-2.349894
exp3_fixed_2,11567,606.6215,610.0305,0.0,-1.0380768775939941,-2.370956
exp3_fixed_2,11568,606.16956,609.97296,0.0,-0.3873288035392761,-3.4160352
exp3_fixed_2,11569,603.1915,607.5046,0.0,-1.002402663230896,-3.310609
exp3_fixed_2,11570,541.1255,549.226,0.0,-2.5086722373962402,-5.5918803
exp3_fixed_2,11571,526.3363,531.05865,0.0,-1.0196356773376465,-3.7026713
exp3_fixed_2,11572,585.14514,590.2763,0.0,-0.7619508504867554,-4.369166
exp3_fixed_2,11573,623.03406,627.6655,0.0,-0.894313633441925,-3.7371566
exp3_fixed_2,11574,524.7369,530.7897,0.0,-0.9667729139328003,-5.086031
exp3_fixed_2,11575,608.2664,614.8982,0.0,-2.134016275405884,-4.4977903
exp3_fixed_2,11576,547.09937,552.7309,0.0,-0.45007210969924927,-5.1814504
exp3_fixed_2,11577,576.7214,587.9623,0.0,-6.913276195526123,-4.3277
exp3_fixed_2,11578,545.28625,552.5962,0.0,-0.32172417640686035,-6.988261
exp3_fixed_2,11579,492.60593,498.9148,0.0,-0.8597341179847717,-5.4491396
exp3_fixed_2,11581,568.99194,574.5008,0.0,-3.129373073577881,-2.3795233
exp3_fixed_2,11582,628.4139,631.5967,0.0,-0.6353994607925415,-2.5474448
exp3_fixed_2,11583,548.7223,556.36835,0.0,-1.3373154401779175,-6.30879
exp3_fixed_2,11584,603.4892,609.84796,0.0,-0.8289489150047302,-5.5298142
exp3_fixed_2,11585,547.1248,551.96497,0.0,-1.5687271356582642,-3.271451
exp3_fixed_2,11586,643.9359,647.39557,0.0,-1.1515023708343506,-2.3081548
exp3_fixed_2,11587,550.938,558.3154,0.0,-2.7900500297546387,-4.5874243
exp3_fixed_2,11588,573.043,576.9847,0.0,-0.5794337391853333,-3.3622556
exp3_fixed_2,11589,568.3377,572.8412,0.0,-0.5584909915924072,-3.9449806
exp3_fixed_2,11590,542.32404,545.5398,0.0,-0.6085309386253357,-2.6072986
exp3_fixed_2,11591,660.34875,666.99347,0.0,-0.9131184220314026,-5.731574
exp3_fixed_2,11592,581.5612,585.5597,0.0,-0.5589903593063354,-3.439521
exp3_fixed_2,11593,614.89215,619.646,0.0,-1.7847405672073364,-2.969105
exp3_fixed_2,11594,562.4452,567.7683,0.0,-2.6883533000946045,-2.634716
exp3_fixed_2,11595,561.1795,567.8246,0.0,-1.5379542112350464,-5.107154
exp3_fixed_2,11596,652.5697,655.79016,0.0,-0.707652747631073,-2.512865
exp3_fixed_2,11597,561.99646,564.71313,0.0,-0.9218260049819946,-1.7948725
exp3_fixed_2,11598,631.6512,634.8706,0.0,-0.4505165219306946,-2.768914
exp3_fixed_2,11599,609.38544,612.8183,0.0,-0.423272967338562,-3.0095382
exp3_fixed_2,11601,638.1559,643.43726,0.0,-1.028352975845337,-4.2529736
exp3_fixed_2,11602,647.3556,651.50214,0.0,-0.8449187874794006,-3.3016598
exp3_fixed_2,11603,589.4987,595.8407,0.0,-0.1763991266489029,-6.165583
exp3_fixed_2,11604,607.4187,613.6678,0.0,-0.7163655161857605,-5.532748
exp3_fixed_2,11605,575.9944,591.4678,0.0,-2.6264336109161377,-12.846997
exp3_fixed_2,11606,625.76733,629.3143,0.0,-0.7521567344665527,-2.7947989
exp3_fixed_2,11607,550.75854,553.5619,0.0,-0.5773827433586121,-2.2259686
exp3_fixed_2,11608,608.3462,611.71136,0.0,-0.6182107925415039,-2.746931
exp3_fixed_2,11609,640.8813,643.72064,0.0,-0.4777442216873169,-2.3615954
exp3_fixed_2,11610,605.71375,611.853,0.0,-0.48494666814804077,-5.654365
exp3_fixed_2,11611,477.9817,490.62408,0.0,-3.0532174110412598,-9.589195
exp3_fixed_2,11612,588.50903,594.5935,0.0,-3.2080764770507812,-2.8764372
exp3_fixed_2,11613,577.9805,580.6708,0.0,-0.5764351487159729,-2.113822
exp3_fixed_2,11614,652.20044,656.0343,0.0,-0.9438966512680054,-2.8899436
exp3_fixed_2,11615,667.776,672.68866,0.0,-0.6319646835327148,-4.2806745
exp3_fixed_2,11616,618.0634,629.8664,0.0,-0.2399233877658844,-11.563025
exp3_fixed_2,11617,528.9304,536.5371,0.0,-1.3628443479537964,-6.2437577
exp3_fixed_2,11618,538.7644,550.3716,0.0,-0.510162889957428,-11.0969925
exp3_fixed_2,11619,572.2274,580.87024,0.0,-4.449629306793213,-4.193185
exp3_fixed_2,11621,561.3354,564.36304,0.0,-0.37928491830825806,-2.648339
exp3_fixed_2,11622,665.97516,674.2959,0.0,-2.7119858264923096,-5.608769
exp3_fixed_2,11623,513.22156,524.4774,0.0,-1.512369990348816,-9.743461
exp3_fixed_2,11624,583.9938,588.6992,0.0,-1.1477516889572144,-3.5577142
exp3_fixed_2,11625,473.76724,477.46066,0.0,-0.5842405557632446,-3.1091814
exp3_fixed_2,11626,647.5414,652.4374,0.0,-1.1137458086013794,-3.7823055
exp3_fixed_2,11627,-272.06363,2.4125285,-200.0,-74.43742370605469,-0.038737968
exp3_fixed_2,11628,590.50946,592.1311,0.0,-0.5831385850906372,-1.0385365
exp3_fixed_2,11629,642.6365,645.77344,0.0,-0.8540219068527222,-2.2829268
exp3_fixed_2,11630,565.4199,569.8585,0.0,-0.8114575743675232,-3.6271503
exp3_fixed_2,11631,586.1015,589.275,0.0,-0.7723557353019714,-2.4011872
exp3_fixed_2,11632,621.88916,629.83167,0.0,-0.6910398006439209,-7.251464
exp3_fixed_2,11633,477.4061,493.68732,0.0,-5.224310874938965,-11.056883
exp3_fixed_2,11634,605.2341,608.32733,0.0,-0.6721622347831726,-2.4211135
exp3_fixed_2,11635,562.625,566.65063,0.0,-0.9854832887649536,-3.0402193
exp3_fixed_2,11636,581.24176,587.3131,0.0,-2.0980329513549805,-3.9732964
exp3_fixed_2,11637,580.7571,592.9735,0.0,-1.1890602111816406,-11.027372
exp3_fixed_2,11638,598.19006,601.9221,0.0,-1.9876493215560913,-1.7443755
exp3_fixed_2,11639,478.94086,507.44528,0.0,-14.860084533691406,-13.644347
exp3_fixed_2,11641,618.26385,624.2887,0.0,-0.9847570657730103,-5.0400925
exp3_fixed_2,11642,557.2173,573.4146,0.0,-0.6534364819526672,-15.543954
exp3_fixed_2,11643,615.0181,618.78894,0.0,-0.9001559019088745,-2.8706865
exp3_fixed_2,11644,637.3199,646.68567,0.0,-1.7641072273254395,-7.6017065
exp3_fixed_2,11645,641.2984,647.0195,0.0,-3.860264301300049,-1.8608034
exp3_fixed_2,11646,564.7441,568.8691,0.0,-0.6634473204612732,-3.4616044
exp3_fixed_2,11647,509.1286,515.7909,0.0,-1.0230352878570557,-5.6393147
exp3_fixed_2,11648,629.3835,634.12244,0.0,-2.3284189701080322,-2.4105904
exp3_fixed_2,11649,511.84512,518.62274,0.0,-0.9218401908874512,-5.855784
exp3_fixed_2,11650,534.2283,539.1609,0.0,-1.0920182466506958,-3.8406105
exp3_fixed_2,11651,517.9103,523.4916,0.0,-0.7888480424880981,-4.7924194
exp3_fixed_2,11652,605.878,612.1117,0.0,-0.8115568161010742,-5.4221616
exp3_fixed_2,11653,600.2992,607.6465,0.0,-1.3939769268035889,-5.9532557
exp3_fixed_2,11654,519.6847,525.80035,0.0,-0.8405511379241943,-5.275138
exp3_fixed_2,11655,579.8605,584.51404,0.0,-0.72837233543396,-3.9251227
exp3_fixed_2,11656,600.9042,605.0233,0.0,-1.176268458366394,-2.9428325
exp3_fixed_2,11657,583.20074,588.2805,0.0,-0.6506829261779785,-4.429098
exp3_fixed_2,11658,556.53284,561.31647,0.0,-0.8177061676979065,-3.965946
exp3_fixed_2,11659,623.667,627.37366,0.0,-0.5659812688827515,-3.140664
exp3_fixed_2,11661,541.43604,551.9447,0.0,-0.3229343295097351,-10.185722
exp3_fixed_2,11662,575.26764,578.3008,0.0,-0.47139185667037964,-2.5617383
exp3_fixed_2,11663,584.2972,587.311,0.0,-0.8693461418151855,-2.1444528
exp3_fixed_2,11664,640.25085,642.9978,0.0,-0.4534226953983307,-2.2935824
exp3_fixed_2,11665,547.3611,551.20667,0.0,-0.6072003841400146,-3.2383907
exp3_fixed_2,11666,610.0098,615.29834,0.0,-2.8437018394470215,-2.444854
exp3_fixed_2,11667,554.2877,556.0675,0.0,-0.1913595348596573,-1.5884075
exp3_fixed_2,11668,589.69055,593.4789,0.0,-1.0592584609985352,-2.7290788
exp3_fixed_2,11669,-235.69514,8.432522,-200.0,-43.39947509765625,-0.7281904
exp3_fixed_2,11670,609.9336,619.2594,0.0,-1.3555946350097656,-7.9702754
exp3_fixed_2,11671,596.3785,599.4272,0.0,-1.265005350112915,-1.7837106
exp3_fixed_2,11672,529.3723,539.73096,0.0,-0.8332597017288208,-9.525392
exp3_fixed_2,11673,565.17444,568.5878,0.0,-0.47165966033935547,-2.9417868
exp3_fixed_2,11674,590.11456,596.73926,0.0,-1.537449598312378,-5.0872674
exp3_fixed_2,11675,553.9787,559.687,0.0,-0.6715184450149536,-5.0367994
exp3_fixed_2,11676,429.8276,440.33057,0.0,-1.4551869630813599,-9.047773
exp3_fixed_2,11677,534.2372,539.72833,0.0,-1.7533211708068848,-3.7378032
exp3_fixed_2,11678,630.77075,632.8559,0.0,-0.19926781952381134,-1.8858541
exp3_fixed_2,11679,568.40985,573.2988,0.0,-1.3341258764266968,-3.5548666
exp3_fixed_2,11681,517.6711,524.388,0.0,-1.2596580982208252,-5.4572544
exp3_fixed_2,11682,515.209,522.38995,0.0,-1.9848501682281494,-5.196138
exp3_fixed_2,11683,657.89307,662.1599,0.0,-0.4470185935497284,-3.8197908
exp3_fixed_2,11684,589.0992,592.7844,0.0,-0.500891923904419,-3.1843655
exp3_fixed_2,11685,612.57184,616.6655,0.0,-0.5132408142089844,-3.5804007
exp3_fixed_2,11686,622.08777,629.2641,0.0,-0.9741115570068359,-6.202233
exp3_fixed_2,11687,571.4148,577.2908,0.0,-2.7588701248168945,-3.117062
exp3_fixed_2,11688,543.5832,551.3998,0.0,-1.3504180908203125,-6.466173
exp3_fixed_2,11689,586.4421,591.00336,0.0,-1.0470410585403442,-3.514221
exp3_fixed_2,11690,526.7927,530.58246,0.0,-1.012145757675171,-2.7775834
exp3_fixed_2,11691,588.5216,591.5973,0.0,-0.8838404417037964,-2.1917934
exp3_fixed_2,11692,603.913,611.9993,0.0,-0.9722250699996948,-7.1141105
exp3_fixed_2,11693,675.1256,679.1179,0.0,-0.8322095274925232,-3.160078
exp3_fixed_2,11694,618.942,624.7587,0.0,-0.9687649011611938,-4.847986
exp3_fixed_2,11695,577.5286,583.06836,0.0,-0.34155839681625366,-5.19815
exp3_fixed_2,11696,602.73914,606.23694,0.0,-0.48037654161453247,-3.0173733
exp3_fixed_2,11697,577.7444,586.7899,0.0,-1.8382372856140137,-7.207307
exp3_fixed_2,11698,544.6862,549.3935,0.0,-1.078536868095398,-3.6287239
exp3_fixed_2,11699,583.0941,586.04333,0.0,-0.5844036936759949,-2.364845
exp3_fixed_2,11701,614.1106,618.0156,0.0,-0.580034613609314,-3.3250167
exp3_fixed_2,11702,539.56555,545.40656,0.0,-0.8530181050300598,-4.9880304
exp3_fixed_2,11703,538.43097,547.70215,0.0,-0.8269293308258057,-8.444177
exp3_fixed_2,11704,588.4698,593.08606,0.0,-1.0659880638122559,-3.5502498
exp3_fixed_2,11705,563.60736,569.1934,0.0,-1.5800070762634277,-4.006071
exp3_fixed_2,11706,605.62634,608.5603,0.0,-0.6015403270721436,-2.3323696
exp3_fixed_2,11707,616.9594,620.3855,0.0,-0.5008750557899475,-2.9251747
exp3_fixed_2,11708,641.04315,645.31586,0.0,-0.9330873489379883,-3.3396456
exp3_fixed_2,11709,591.4985,595.999,0.0,-1.0983176231384277,-3.402249
exp3_fixed_2,11710,498.82233,505.47055,0.0,-1.1031559705734253,-5.5450993
exp3_fixed_2,11711,540.3216,549.9149,0.0,-3.7490005493164062,-5.844367
exp3_fixed_2,11712,632.8743,636.8839,0.0,-0.8208232522010803,-3.188778
exp3_fixed_2,11713,547.6069,554.20844,0.0,-3.00382661819458,-3.5977886
exp3_fixed_2,11714,540.60626,544.2785,0.0,-0.9994010925292969,-2.672818
exp3_fixed_2,11715,555.5076,561.4867,0.0,-1.5311247110366821,-4.447969
exp3_fixed_2,11716,611.0051,620.60815,0.0,-0.8483021259307861,-8.754756
exp3_fixed_2,11717,495.38202,505.95032,0.0,-1.1555676460266113,-9.412697
exp3_fixed_2,11718,610.72986,613.0333,0.0,-0.24553871154785156,-2.0579157
exp3_fixed_2,11719,593.0583,595.78125,0.0,-0.259772390127182,-2.463215
exp3_fixed_2,11721,504.63303,513.20856,0.0,-2.5529367923736572,-6.0225863
exp3_fixed_2,11722,540.1667,565.4224,0.0,-1.5096484422683716,-23.746063
exp3_fixed_2,11723,525.45953,536.7238,0.0,-0.7589870095252991,-10.505283
exp3_fixed_2,11724,-110.10973,109.28191,-200.0,-13.796876907348633,-5.5947785
exp3_fixed_2,11725,550.975,556.7912,0.0,-0.510626494884491,-5.3055825
exp3_fixed_2,11726,537.7048,549.688,0.0,-1.0250725746154785,-10.958178
exp3_fixed_2,11727,629.60474,632.56647,0.0,-0.42034655809402466,-2.5414174
exp3_fixed_2,11728,511.8559,520.168,0.0,-1.0813757181167603,-7.230735
exp3_fixed_2,11729,614.2905,617.96265,0.0,-0.6724314093589783,-2.999629
exp3_fixed_2,11730,615.33954,620.02734,0.0,-1.495049238204956,-3.192796
exp3_fixed_2,11731,519.87646,538.2799,0.0,-1.049890398979187,-17.35358
exp3_fixed_2,11732,453.37766,473.95575,0.0,-10.30410099029541,-10.27399
exp3_fixed_2,11733,576.6495,584.2098,0.0,-2.265456199645996,-5.2948375
exp3_fixed_2,11734,599.5844,603.68756,0.0,-0.8137308955192566,-3.2893744
exp3_fixed_2,11735,579.7463,590.0737,0.0,-0.4985821545124054,-9.828881
exp3_fixed_2,11736,514.7588,521.5727,0.0,-1.4218103885650635,-5.392057
exp3_fixed_2,11737,572.523,576.68616,0.0,-1.1087369918823242,-3.0544477
exp3_fixed_2,11738,570.5732,573.1373,0.0,-0.6174535155296326,-1.9466853
exp3_fixed_2,11739,579.21606,582.498,0.0,-0.985244631767273,-2.2967234
exp3_fixed_2,11741,605.3555,612.7677,0.0,-1.4484559297561646,-5.963709
exp3_fixed_2,11742,583.656,588.44104,0.0,-0.965380847454071,-3.8196104
exp3_fixed_2,11743,593.4256,599.19904,0.0,-0.642035722732544,-5.131392
exp3_fixed_2,11744,634.9518,639.7284,0.0,-0.7562482357025146,-4.0203834
exp3_fixed_2,11745,653.1214,656.7947,0.0,-0.5027148723602295,-3.1705642
exp3_fixed_2,11746,649.83295,651.88196,0.0,-0.44808605313301086,-1.6008718
exp3_fixed_2,11747,546.88904,550.42316,0.0,-0.6244292259216309,-2.909719
exp3_fixed_2,11748,568.2234,571.2333,0.0,-0.5026127099990845,-2.5072942
exp3_fixed_2,11749,542.9639,549.5648,0.0,-0.5527982711791992,-6.048121
exp3_fixed_2,11750,579.15106,583.43915,0.0,-2.2465782165527344,-2.0415409
exp3_fixed_2,11751,638.1864,644.04553,0.0,-2.5600426197052,-3.299125
exp3_fixed_2,11752,581.6629,585.74524,0.0,-0.7328835725784302,-3.349435
exp3_fixed_2,11753,637.4453,641.74475,0.0,-0.9633113145828247,-3.3361878
exp3_fixed_2,11754,-188.6938,27.677362,-200.0,-15.122018814086914,-1.2491261
exp3_fixed_2,11755,554.0244,557.17444,0.0,-0.5252615213394165,-2.6248155
exp3_fixed_2,11756,604.78424,608.9057,0.0,-0.4281284809112549,-3.693331
exp3_fixed_2,11757,510.44937,515.94543,0.0,-0.6586248278617859,-4.8374825
exp3_fixed_2,11758,-265.01263,2.3761334,-200.0,-67.34584045410156,-0.042895485
exp3_fixed_2,11759,653.4872,656.33527,0.0,-0.4520738124847412,-2.3960032
exp3_fixed_2,11761,644.06903,646.2833,0.0,-0.8029555082321167,-1.4113742
exp3_fixed_2,11762,593.6953,598.3795,0.0,-1.2910126447677612,-3.393202
exp3_fixed_2,11763,499.39777,518.91406,0.0,-7.052781105041504,-12.463531
exp3_fixed_2,11764,529.4474,536.2726,0.0,-0.8903469443321228,-5.934869
exp3_fixed_2,11765,466.52527,487.91498,0.0,-4.686541557312012,-16.703167
exp3_fixed_2,11766,576.348,578.0112,0.0,-0.7626240253448486,-0.9005499
exp3_fixed_2,11767,536.57074,538.9937,0.0,-0.41761982440948486,-2.005311
exp3_fixed_2,11768,541.8862,546.85815,0.0,-0.8523767590522766,-4.1195655
exp3_fixed_2,11769,605.4712,614.30725,0.0,-1.2824676036834717,-7.553636
exp3_fixed_2,11770,585.4323,587.16174,0.0,-0.627907931804657,-1.1015235
exp3_fixed_2,11771,588.41437,595.4299,0.0,-3.8208649158477783,-3.194634
exp3_fixed_2,11772,487.53293,508.0843,0.0,-0.5931487083435059,-19.95825
exp3_fixed_2,11773,-168.66298,37.923447,-200.0,-6.014829635620117,-0.57160044
exp3_fixed_2,11774,603.03235,606.4663,0.0,-0.46372532844543457,-2.9701583
exp3_fixed_2,11775,674.3428,680.9302,0.0,-0.8868669271469116,-5.7005143
exp3_fixed_2,11776,557.15845,562.65784,0.0,-1.2591034173965454,-4.240204
exp3_fixed_2,11777,526.0766,531.91943,0.0,-2.857384204864502,-2.9854205
exp3_fixed_2,11778,579.8157,584.24866,0.0,-0.9866552352905273,-3.4463556
exp3_fixed_2,11779,554.465,559.313,0.0,-0.6971049904823303,-4.15086
exp3_fixed_2,11781,591.0742,594.0769,0.0,-0.5869587659835815,-2.41575
exp3_fixed_2,11782,603.4258,607.8845,0.0,-1.5853056907653809,-2.8734236
exp3_fixed_2,11783,620.49347,624.2678,0.0,-0.9073338508605957,-2.8670235
exp3_fixed_2,11784,548.9624,554.27356,0.0,-0.6111142635345459,-4.7000666
exp3_fixed_2,11785,471.68784,477.79083,0.0,-3.353641986846924,-2.749376
exp3_fixed_2,11786,617.65576,621.2547,0.0,-0.7421050071716309,-2.85686
exp3_fixed_2,11787,584.48956,588.00275,0.0,-1.0642492771148682,-2.4489088
exp3_fixed_2,11788,515.9762,521.3156,0.0,-0.7842585444450378,-4.5551167
exp3_fixed_2,11789,625.8009,627.99243,0.0,-0.3909732699394226,-1.8005571
exp3_fixed_2,11790,511.83316,514.92474,0.0,-0.41894471645355225,-2.6726604
exp3_fixed_2,11791,587.62585,591.2781,0.0,-1.0480530261993408,-2.6041262
exp3_fixed_2,11792,575.3093,578.28467,0.0,-0.7217021584510803,-2.253609
exp3_fixed_2,11793,530.7039,533.9398,0.0,-1.6038354635238647,-1.6320541
exp3_fixed_2,11794,548.4253,551.9838,0.0,-0.7464488744735718,-2.8120713
exp3_fixed_2,11795,627.1259,636.64685,0.0,-1.8911011219024658,-7.6297903
exp3_fixed_2,11796,559.7063,562.9463,0.0,-0.7673678398132324,-2.4726427
exp3_fixed_2,11797,467.75876,479.73242,0.0,-4.232623100280762,-7.741051
exp3_fixed_2,11798,533.3709,545.7342,0.0,-1.0797933340072632,-11.283507
exp3_fixed_2,11799,623.0293,637.9091,0.0,-1.4626309871673584,-13.417145
exp3_fixed_2,11801,583.1392,589.076,0.0,-0.9679886102676392,-4.9687724
exp3_fixed_2,11802,584.4873,590.75037,0.0,-1.4986863136291504,-4.7643704
exp3_fixed_2,11803,601.12933,606.11005,0.0,-1.2678271532058716,-3.7129302
exp3_fixed_2,11804,589.8706,595.39685,0.0,-1.3942644596099854,-4.1320233
exp3_fixed_2,11805,493.26636,500.93573,0.0,-0.4305219054222107,-7.238873
exp3_fixed_2,11806,585.23224,587.6392,0.0,-0.5602751970291138,-1.8467109
exp3_fixed_2,11807,602.7731,608.4063,0.0,-2.022958755493164,-3.6102424
exp3_fixed_2,11808,556.09607,562.9968,0.0,-1.0587345361709595,-5.841993
exp3_fixed_2,11809,488.70663,495.61127,0.0,-1.158761978149414,-5.7458763
exp3_fixed_2,11810,585.41736,589.2464,0.0,-1.9349757432937622,-1.8940325
exp3_fixed_2,11811,579.7862,585.02875,0.0,-1.5846658945083618,-3.657887
exp3_fixed_2,11812,597.6103,599.68945,0.0,-0.5681413412094116,-1.5110161
exp3_fixed_2,11813,595.3677,597.51483,0.0,-0.5211706161499023,-1.6259724
exp3_fixed_2,11814,507.29028,515.7074,0.0,-4.569666862487793,-3.8474612
exp3_fixed_2,11815,583.8514,586.9526,0.0,-0.4087812900543213,-2.6924334
exp3_fixed_2,11816,691.8917,695.34424,0.0,-0.42908787727355957,-3.023418
exp3_fixed_2,11817,541.0467,543.9787,0.0,-0.5415133237838745,-2.3905096
exp3_fixed_2,11818,618.00806,623.49036,0.0,-0.9338024854660034,-4.548519
exp3_fixed_2,11819,597.9923,599.7079,0.0,-0.4384656548500061,-1.2771208
exp3_fixed_2,11821,556.2534,561.3767,0.0,-0.8723922371864319,-4.2508407
exp3_fixed_2,11822,559.9441,565.5132,0.0,-1.6906452178955078,-3.8784008
exp3_fixed_2,11823,612.0858,614.64374,0.0,-0.5053529143333435,-2.052568
exp3_fixed_2,11824,585.8944,590.08624,0.0,-0.8697881698608398,-3.3220665
exp3_fixed_2,11825,585.9525,594.46716,0.0,-5.608484745025635,-2.9061549
exp3_fixed_2,11826,519.9175,527.35754,0.0,-4.8050923347473145,-2.6349733
exp3_fixed_2,11827,507.45297,513.0874,0.0,-0.9038856625556946,-4.7305946
exp3_fixed_2,11828,673.87036,677.7528,0.0,-0.502047061920166,-3.3804398
exp3_fixed_2,11829,539.01544,544.5365,0.0,-1.121159315109253,-4.3999505
exp3_fixed_2,11830,600.5727,604.31476,0.0,-1.3786126375198364,-2.363455
exp3_fixed_2,11831,-74.75217,139.71127,-200.0,-12.957722663879395,-1.5057349
exp3_fixed_2,11832,571.82495,574.40704,0.0,-0.4771188199520111,-2.104986
exp3_fixed_2,11833,598.4153,605.7661,0.0,-1.1440881490707397,-6.206767
exp3_fixed_2,11834,589.9784,593.4923,0.0,-0.9225600957870483,-2.5913835
exp3_fixed_2,11835,488.6485,490.84637,0.0,-0.3654590845108032,-1.8324229
exp3_fixed_2,11836,580.3784,583.4893,0.0,-0.7859247922897339,-2.3249676
exp3_fixed_2,11837,627.2115,630.52155,0.0,-0.7049833536148071,-2.605064
exp3_fixed_2,11838,577.74036,581.6026,0.0,-1.1611595153808594,-2.7010527
exp3_fixed_2,11839,546.6116,561.25793,0.0,-1.7705501317977905,-12.875812
exp3_fixed_2,11841,-206.478,2.521502,-200.0,-8.91901969909668,-0.08048027
exp3_fixed_2,11842,460.0067,474.72705,0.0,-2.453219413757324,-12.267099
exp3_fixed_2,11843,590.7446,594.1311,0.0,-0.6984841227531433,-2.6878939
exp3_fixed_2,11844,686.5929,690.8056,0.0,-0.8187680840492249,-3.3938842
exp3_fixed_2,11845,613.0316,617.177,0.0,-1.0772614479064941,-3.0681589
exp3_fixed_2,11846,566.5195,570.01886,0.0,-1.303598403930664,-2.1958113
exp3_fixed_2,11847,654.1041,661.09705,0.0,-3.9145383834838867,-3.0784445
exp3_fixed_2,11848,585.32544,588.95935,0.0,-0.5305197834968567,-3.103382
exp3_fixed_2,11849,645.86774,650.8845,0.0,-0.4932624101638794,-4.523561
exp3_fixed_2,11850,579.8171,587.4943,0.0,-1.8153784275054932,-5.8618207
exp3_fixed_2,11851,555.63715,561.19995,0.0,-0.7668384313583374,-4.7959666
exp3_fixed_2,11852,558.7929,563.5261,0.0,-0.475836843252182,-4.2573614
exp3_fixed_2,11853,643.32513,645.61725,0.0,-0.5192580819129944,-1.7728935
exp3_fixed_2,11854,574.605,577.95703,0.0,-0.41528481245040894,-2.9367125
exp3_fixed_2,11855,577.4701,582.19006,0.0,-1.5110918283462524,-3.2088869
exp3_fixed_2,11856,547.0914,571.94714,0.0,-0.700262188911438,-24.155478
exp3_fixed_2,11857,551.1832,554.79266,0.0,-0.7109534740447998,-2.8984752
exp3_fixed_2,11858,-166.91093,39.85633,-200.0,-6.708347797393799,-0.058921613
exp3_fixed_2,11859,551.6692,554.33386,0.0,-0.4716055691242218,-2.193015
exp3_fixed_2,11861,-122.9196,101.93849,-200.0,-22.511459350585938,-2.3466241
exp3_fixed_2,11862,519.3487,534.9892,0.0,-2.0504064559936523,-13.590131
exp3_fixed_2,11863,607.60443,609.8369,0.0,-0.5751115679740906,-1.6573321
exp3_fixed_2,11864,602.7552,607.43494,0.0,-0.6510539650917053,-4.0286927
exp3_fixed_2,11865,-223.70097,12.915367,-200.0,-36.12389373779297,-0.49245724
exp3_fixed_2,11866,602.23944,606.1409,0.0,-2.000997304916382,-1.9004631
exp3_fixed_2,11867,563.19104,565.0717,0.0,-0.1971191167831421,-1.6835396
exp3_fixed_2,11868,592.9591,596.48267,0.0,-0.6745935678482056,-2.8490005
exp3_fixed_2,11869,527.635,531.22864,0.0,-0.6242831945419312,-2.9693742
exp3_fixed_2,11870,475.90152,486.6654,0.0,-1.2579864263534546,-9.505916
exp3_fixed_2,11871,632.39716,635.8301,0.0,-1.2555224895477295,-2.17742
exp3_fixed_2,11872,650.29126,653.2633,0.0,-0.6397320628166199,-2.3322988
exp3_fixed_2,11873,657.3956,659.2826,0.0,-0.2626393139362335,-1.6243294
exp3_fixed_2,11874,586.4156,591.9103,0.0,-0.9765241146087646,-4.5181255
exp3_fixed_2,11875,616.6694,626.35895,0.0,-1.6672677993774414,-8.02228
exp3_fixed_2,11876,646.2892,650.7155,0.0,-1.108382225036621,-3.3179388
exp3_fixed_2,11877,603.97986,609.7711,0.0,-0.29556187987327576,-5.4956713
exp3_fixed_2,11878,-213.66597,1.6088688,-200.0,-15.199991226196289,-0.074847706
exp3_fixed_2,11879,502.04202,510.0128,0.0,-0.5134404301643372,-7.457321
exp3_fixed_2,11881,559.88605,567.1488,0.0,-1.6612869501113892,-5.601434
exp3_fixed_2,11882,609.5178,613.90625,0.0,-1.274221658706665,-3.11417
exp3_fixed_2,11883,573.27374,580.28,0.0,-2.2466750144958496,-4.7596407
exp3_fixed_2,11884,604.4217,616.6068,0.0,-0.609624981880188,-11.575498
exp3_fixed_2,11885,521.01117,529.10004,0.0,-1.8530786037445068,-6.2357855
exp3_fixed_2,11886,635.01324,638.89026,0.0,-1.5253113508224487,-2.3516898
exp3_fixed_2,11887,587.2579,593.56146,0.0,-0.6447309851646423,-5.658883
exp3_fixed_2,11888,560.3749,563.8873,0.0,-0.8440669775009155,-2.6683767
exp3_fixed_2,11889,581.9973,587.54004,0.0,-1.757627248764038,-3.7851057
exp3_fixed_2,11890,566.408,570.74225,0.0,-2.5668671131134033,-1.7673985
exp3_fixed_2,11891,-206.04665,2.7543693,-200.0,-8.731330871582031,-0.06969375
exp3_fixed_2,11892,565.2302,574.19727,0.0,-3.3177437782287598,-5.64932
exp3_fixed_2,11893,630.4668,633.66223,0.0,-0.5239693522453308,-2.6714053
exp3_fixed_2,11894,604.4581,608.0152,0.0,-0.7761808633804321,-2.780855
exp3_fixed_2,11895,649.30133,654.2841,0.0,-0.8075631856918335,-4.1752596
exp3_fixed_2,11896,597.144,603.30566,0.0,-0.5701091885566711,-5.591564
exp3_fixed_2,11897,610.9769,619.8967,0.0,-1.953255534172058,-6.9665813
exp3_fixed_2,11898,538.97046,548.83887,0.0,-0.6836621761322021,-9.184769
exp3_fixed_2,11899,-163.18152,62.562733,-200.0,-21.90081787109375,-3.843422
exp3_fixed_2,11901,585.21173,587.5326,0.0,-0.29746657609939575,-2.023415
exp3_fixed_2,11902,679.359,685.21716,0.0,-1.012673020362854,-4.8454876
exp3_fixed_2,11903,528.35516,532.1184,0.0,-0.8657467365264893,-2.8975482
exp3_fixed_2,11904,549.5287,552.26636,0.0,-0.19317984580993652,-2.5445535
exp3_fixed_2,11905,564.1338,568.3764,0.0,-1.2782902717590332,-2.9643443
exp3_fixed_2,11906,-274.29617,80.51606,-200.0,-152.2310333251953,-2.5812187
exp3_fixed_2,11907,612.04285,615.76074,0.0,-0.9668075442314148,-2.7511194
exp3_fixed_2,11908,608.7774,614.51404,0.0,-1.4683003425598145,-4.2683406
exp3_fixed_2,11909,565.3921,577.4869,0.0,-1.2777608633041382,-10.816977
exp3_fixed_2,11910,605.1599,608.1357,0.0,-0.6490684151649475,-2.3266983
exp3_fixed_2,11911,531.86884,536.7388,0.0,-1.0407845973968506,-3.82912
exp3_fixed_2,11912,602.94507,605.0777,0.0,-0.9105560779571533,-1.2220371
exp3_fixed_2,11913,560.0355,567.26953,0.0,-1.7196484804153442,-5.5143986
exp3_fixed_2,11914,615.9413,617.49054,0.0,-0.03743135556578636,-1.5118005
exp3_fixed_2,11915,592.94867,596.0305,0.0,-0.5778671503067017,-2.503986
exp3_fixed_2,11916,480.22855,482.99725,0.0,-0.437042772769928,-2.3316317
exp3_fixed_2,11917,514.0552,527.3885,0.0,-4.821478366851807,-8.511771
exp3_fixed_2,11918,612.5171,616.25055,0.0,-0.5396212339401245,-3.1938393
exp3_fixed_2,11919,524.4946,527.59595,0.0,-0.3218626081943512,-2.7794874
exp3_fixed_2,11921,601.0166,605.6412,0.0,-1.1301093101501465,-3.4944696
exp3_fixed_2,11922,585.2703,588.2672,0.0,-0.6341894865036011,-2.3626733
exp3_fixed_2,11923,610.349,613.0193,0.0,-0.4451749920845032,-2.225176
exp3_fixed_2,11924,627.6953,632.58276,0.0,-0.7564767599105835,-4.130933
exp3_fixed_2,11925,611.5871,614.74005,0.0,-0.7971826195716858,-2.355783
exp3_fixed_2,11926,-141.56012,69.86258,-200.0,-9.309976577758789,-2.112733
exp3_fixed_2,11927,599.40894,609.7439,0.0,-5.97805118560791,-4.3570023
exp3_fixed_2,11928,588.03674,596.9699,0.0,-0.9624158143997192,-7.970784
exp3_fixed_2,11929,519.122,530.9082,0.0,-2.974731206893921,-8.811444
exp3_fixed_2,11930,607.0728,611.1187,0.0,-0.621565580368042,-3.4243314
exp3_fixed_2,11931,559.8647,568.52484,0.0,-1.257275938987732,-7.402919
exp3_fixed_2,11932,618.92303,623.8003,0.0,-1.604653239250183,-3.2726262
exp3_fixed_2,11933,592.53796,596.29315,0.0,-0.9314756989479065,-2.8236978
exp3_fixed_2,11934,687.26526,693.2683,0.0,-2.1536333560943604,-3.8493896
exp3_fixed_2,11935,516.99884,529.4312,0.0,-1.9745862483978271,-10.457809
exp3_fixed_2,11936,603.1007,607.63116,0.0,-0.4523415267467499,-4.078095
exp3_fixed_2,11937,618.87634,621.26135,0.0,-0.4303479790687561,-1.9546959
exp3_fixed_2,11938,608.8549,611.57025,0.0,-0.42933905124664307,-2.2859812
exp3_fixed_2,11939,536.6253,545.81805,0.0,-0.861575722694397,-8.331214
exp3_fixed_2,11941,562.1727,565.8559,0.0,-0.956663966178894,-2.7264893
exp3_fixed_2,11942,560.9065,567.1826,0.0,-0.9541085958480835,-5.32201
exp3_fixed_2,11943,-339.2727,6.862973,-200.0,-145.98036193847656,-0.15532108
exp3_fixed_2,11944,595.9179,602.2177,0.0,-2.565202236175537,-3.7346456
exp3_fixed_2,11945,657.4158,661.8791,0.0,-0.5564731359481812,-3.9069047
exp3_fixed_2,11946,592.3087,595.7181,0.0,-1.4888956546783447,-1.9204757
exp3_fixed_2,11947,582.2497,583.4681,0.0,-0.3402138948440552,-0.8781803
exp3_fixed_2,11948,609.6604,616.6754,0.0,-1.1218782663345337,-5.8931284
exp3_fixed_2,11949,571.68945,578.1928,0.0,-0.41819652915000916,-6.085174
exp3_fixed_2,11950,584.1157,587.2467,0.0,-1.083616018295288,-2.047416
exp3_fixed_2,11951,577.01385,580.3221,0.0,-0.4576285183429718,-2.8505845
exp3_fixed_2,11952,588.44666,591.5167,0.0,-0.4347575902938843,-2.6352942
exp3_fixed_2,11953,601.6379,614.5442,0.0,-0.9002190828323364,-12.006101
exp3_fixed_2,11954,654.3751,659.24695,0.0,-1.011624813079834,-3.8601685
exp3_fixed_2,11955,638.50665,642.4718,0.0,-1.4756040573120117,-2.4895525
exp3_fixed_2,11956,606.30206,609.82874,0.0,-0.48706573247909546,-3.039558
exp3_fixed_2,11957,597.72424,601.6329,0.0,-0.943865954875946,-2.9648051
exp3_fixed_2,11958,558.8092,561.32715,0.0,-0.2765198051929474,-2.2414155
exp3_fixed_2,11959,631.74927,634.93616,0.0,-0.656825065612793,-2.5300474
exp3_fixed_2,11961,511.10178,517.79486,0.0,-0.9154807329177856,-5.7776127
exp3_fixed_2,11962,479.78644,499.27655,0.0,-3.952395439147949,-15.537721
exp3_fixed_2,11963,522.27216,538.8768,0.0,-2.055563449859619,-14.549062
exp3_fixed_2,11964,595.66455,600.49475,0.0,-0.36520957946777344,-4.4650064
exp3_fixed_2,11965,587.09045,593.95544,0.0,-0.4628053903579712,-6.402103
exp3_fixed_2,11966,636.9016,642.5402,0.0,-0.81472247838974,-4.823943
exp3_fixed_2,11967,525.8958,531.0887,0.0,-2.0339832305908203,-3.1588688
exp3_fixed_2,11968,554.38257,558.069,0.0,-1.6684784889221191,-2.017872
exp3_fixed_2,11969,622.10046,626.1096,0.0,-1.4016178846359253,-2.607502
exp3_fixed_2,11970,678.61084,684.2285,0.0,-0.5089293718338013,-5.1087265
exp3_fixed_2,11971,553.24884,561.7782,0.0,-1.4028526544570923,-7.1265254
exp3_fixed_2,11972,575.4295,578.3288,0.0,-0.5828949809074402,-2.3164017
exp3_fixed_2,11973,566.50964,572.7657,0.0,-1.6003047227859497,-4.655758
exp3_fixed_2,11974,585.959,592.30396,0.0,-0.8575533032417297,-5.4874086
exp3_fixed_2,11975,561.8736,565.4968,0.0,-0.8745087385177612,-2.7486916
exp3_fixed_2,11976,600.93604,603.6031,0.0,-0.41690051555633545,-2.2501364
exp3_fixed_2,11977,572.40533,575.8637,0.0,-0.9826066493988037,-2.4757562
exp3_fixed_2,11978,566.7176,570.2881,0.0,-0.8613665699958801,-2.7091513
exp3_fixed_2,11979,622.7446,629.22064,0.0,-3.737076997756958,-2.7389863
exp3_fixed_2,11981,523.5073,524.3026,0.0,-0.17474986612796783,-0.62059087
exp3_fixed_2,11982,579.0613,581.35486,0.0,-0.7343121767044067,-1.5592022
exp3_fixed_2,11983,601.5269,604.0232,0.0,-0.6179249286651611,-1.8783969
exp3_fixed_2,11984,589.7792,595.76483,0.0,-1.1310985088348389,-4.8545604
exp3_fixed_2,11985,592.3689,597.9447,0.0,-0.806150496006012,-4.7696333
exp3_fixed_2,11986,546.7611,549.91815,0.0,-0.8247569799423218,-2.3322792
exp3_fixed_2,11987,572.5509,575.8667,0.0,-0.35629838705062866,-2.9594862
exp3_fixed_2,11988,-115.612144,97.96165,-200.0,-10.617729187011719,-2.9560552
exp3_fixed_2,11989,660.9279,670.17834,0.0,-1.0651074647903442,-8.185282
exp3_fixed_2,11990,548.66473,553.8503,0.0,-0.7233269214630127,-4.462189
exp3_fixed_2,11991,547.64343,550.2029,0.0,-0.6993548274040222,-1.8600707
exp3_fixed_2,11992,541.66296,543.79767,0.0,-0.6183391213417053,-1.5163369
exp3_fixed_2,11993,584.7664,588.22125,0.0,-0.6092150211334229,-2.8456001
exp3_fixed_2,11994,609.8081,615.0618,0.0,-2.0645968914031982,-3.189079
exp3_fixed_2,11995,583.6953,590.7988,0.0,-0.9744042158126831,-6.1290545
exp3_fixed_2,11996,597.78937,602.7566,0.0,-2.2686421871185303,-2.698566
exp3_fixed_2,11997,627.9868,631.34827,0.0,-1.3394914865493774,-2.022005
exp3_fixed_2,11998,614.5723,620.9968,0.0,-0.7467167973518372,-5.677786
exp3_fixed_2,11999,648.21857,650.4866,0.0,-0.4328136444091797,-1.8351756
exp3_fixed_2,12001,620.414,622.5819,0.0,-0.6244882345199585,-1.543424
exp3_fixed_2,12002,571.80756,583.21655,0.0,-1.313644289970398,-10.095313
exp3_fixed_2,12003,546.9279,548.3167,0.0,-0.3411882221698761,-1.0476118
exp3_fixed_2,12004,560.65015,563.5857,0.0,-0.4447075128555298,-2.490831
exp3_fixed_2,12005,526.8127,532.7908,0.0,-1.2318716049194336,-4.7462716
exp3_fixed_2,12006,567.9772,570.25934,0.0,-0.5245667099952698,-1.7576072
exp3_fixed_2,12007,586.5443,590.7075,0.0,-0.4448288679122925,-3.7184346
exp3_fixed_2,12008,593.6498,597.07715,0.0,-0.9650827050209045,-2.4622493
exp3_fixed_2,12009,536.1978,548.4785,0.0,-1.721337914466858,-10.559334
exp3_fixed_2,12010,521.2804,526.49945,0.0,-0.6142377257347107,-4.604851
exp3_fixed_2,12011,625.82666,628.0692,0.0,-0.5960992574691772,-1.6464418
exp3_fixed_2,12012,591.45715,599.4789,0.0,-1.4633809328079224,-6.558324
exp3_fixed_2,12013,553.74133,560.32324,0.0,-0.8312498927116394,-5.750669
exp3_fixed_2,12014,567.22986,572.7324,0.0,-1.197524070739746,-4.3050475
exp3_fixed_2,12015,466.58444,474.86017,0.0,-5.269682884216309,-3.0060284
exp3_fixed_2,12016,564.048,570.519,0.0,-1.3318818807601929,-5.139074
exp3_fixed_2,12017,-178.85849,30.979008,-200.0,-9.599834442138672,-0.2376547
exp3_fixed_2,12018,660.7273,666.0454,0.0,-0.7046260237693787,-4.613528
exp3_fixed_2,12019,570.94354,575.7495,0.0,-1.2194290161132812,-3.586569
exp3_fixed_2,12021,577.71783,581.8629,0.0,-1.117713451385498,-3.0273504
exp3_fixed_2,12022,665.15094,666.66693,0.0,-0.07103478908538818,-1.4449763
exp3_fixed_2,12023,585.79425,591.6184,0.0,-3.186318874359131,-2.6378467
exp3_fixed_2,12024,568.4036,576.35974,0.0,-0.6951701641082764,-7.260961
exp3_fixed_2,12025,648.93225,650.63464,0.0,-0.7538082599639893,-0.94863605
exp3_fixed_2,12026,509.3547,524.2222,0.0,-3.0303595066070557,-11.83714
exp3_fixed_2,12027,-204.78044,2.1763086,-200.0,-6.930710792541504,-0.026050346
exp3_fixed_2,12028,600.1075,602.42847,0.0,-0.5954409837722778,-1.7255358
exp3_fixed_2,12029,542.5144,547.258,0.0,-1.094779133796692,-3.6487875
exp3_fixed_2,12030,605.4431,613.33484,0.0,-3.2606558799743652,-4.631086
exp3_fixed_2,12031,532.61957,536.6046,0.0,-0.7774196267127991,-3.2076325
exp3_fixed_2,12032,570.54663,575.7876,0.0,-1.2059074640274048,-4.035038
exp3_fixed_2,12033,486.95825,490.09082,0.0,-1.062561273574829,-2.070016
exp3_fixed_2,12034,532.7382,538.67206,0.0,-0.8676668405532837,-5.0661383
exp3_fixed_2,12035,632.9685,637.07007,0.0,-0.951263964176178,-3.150294
exp3_fixed_2,12036,559.58105,561.607,0.0,-0.3945489525794983,-1.6313852
exp3_fixed_2,12037,572.95514,576.95984,0.0,-0.9925480484962463,-3.0121362
exp3_fixed_2,12038,629.9198,634.51843,0.0,-1.1397628784179688,-3.4588792
exp3_fixed_2,12039,504.768,524.30066,0.0,-4.502438068389893,-15.030261
exp3_fixed_2,12041,612.664,616.1917,0.0,-0.7188345193862915,-2.808823
exp3_fixed_2,12042,525.2266,536.8532,0.0,-1.0844392776489258,-10.542136
exp3_fixed_2,12043,615.35876,619.03296,0.0,-1.1411573886871338,-2.53309
exp3_fixed_2,12044,536.85266,544.6514,0.0,-1.461897850036621,-6.3368464
exp3_fixed_2,12045,571.9049,576.3884,0.0,-0.42984896898269653,-4.053653
exp3_fixed_2,12046,529.9107,534.269,0.0,-1.534366250038147,-2.8238988
exp3_fixed_2,12047,591.776,594.867,0.0,-0.4553488790988922,-2.6356835
exp3_fixed_2,12048,-199.2183,8.537987,-200.0,-7.124260425567627,-0.6320347
exp3_fixed_2,12049,536.3668,546.4851,0.0,-2.5566623210906982,-7.5615997
exp3_fixed_2,12050,648.7838,650.6331,0.0,-0.44342607259750366,-1.4058533
exp3_fixed_2,12051,549.38226,557.5811,0.0,-1.4774000644683838,-6.721489
exp3_fixed_2,12052,660.3792,665.34216,0.0,-1.0135931968688965,-3.9493268
exp3_fixed_2,12053,563.96545,573.59106,0.0,-4.910672664642334,-4.7148995
exp3_fixed_2,12054,656.41425,660.9324,0.0,-0.6721702814102173,-3.8459158
exp3_fixed_2,12055,691.0283,700.91113,0.0,-1.0611011981964111,-8.821675
exp3_fixed_2,12056,419.05804,443.62772,0.0,-8.226759910583496,-16.342928
exp3_fixed_2,12057,590.85614,595.74146,0.0,-0.9926161766052246,-3.8926651
exp3_fixed_2,12058,591.0578,593.92084,0.0,-0.8576241135597229,-2.005404
exp3_fixed_2,12059,616.57166,619.9612,0.0,-0.8651068210601807,-2.5243735
exp3_fixed_2,12061,610.1899,615.26447,0.0,-1.9628016948699951,-3.1117716
exp3_fixed_2,12062,652.07697,655.5768,0.0,-0.6452138423919678,-2.854619
exp3_fixed_2,12063,514.17053,525.49286,0.0,-1.5843478441238403,-9.737978
exp3_fixed_2,12064,574.36615,579.5715,0.0,-1.2432483434677124,-3.9620812
exp3_fixed_2,12065,600.4432,608.3385,0.0,-1.0313935279846191,-6.8639956
exp3_fixed_2,12066,665.697,669.94617,0.0,-1.4095394611358643,-2.839563
exp3_fixed_2,12067,621.80817,623.66766,0.0,-0.7579081654548645,-1.1016645
exp3_fixed_2,12068,583.0202,586.054,0.0,-0.7928597927093506,-2.2409124
exp3_fixed_2,12069,646.4217,650.6248,0.0,-1.062376618385315,-3.1407285
exp3_fixed_2,12070,565.8191,574.99524,0.0,-0.5530557632446289,-8.623148
exp3_fixed_2,12071,603.35754,606.2952,0.0,-0.5660573244094849,-2.371654
exp3_fixed_2,12072,603.15955,608.1347,0.0,-0.34306418895721436,-4.6320815
exp3_fixed_2,12073,496.6962,502.10022,0.0,-0.903724730014801,-4.500354
exp3_fixed_2,12074,625.43506,630.0846,0.0,-1.2464871406555176,-3.4030466
exp3_fixed_2,12075,655.0451,658.6332,0.0,-1.3538869619369507,-2.2341244
exp3_fixed_2,12076,612.1141,614.8987,0.0,-0.6392351388931274,-2.145384
exp3_fixed_2,12077,610.72095,613.5624,0.0,-0.7980523109436035,-2.043389
exp3_fixed_2,12078,634.2662,639.11395,0.0,-0.283936083316803,-4.5638413
exp3_fixed_2,12079,500.91412,506.65576,0.0,-1.7459006309509277,-3.9957652
exp3_fixed_2,12081,542.9996,547.67944,0.0,-1.8437033891677856,-2.8361387
exp3_fixed_2,12082,614.75653,619.0126,0.0,-0.858629584312439,-3.3973932
exp3_fixed_2,12083,589.2446,594.01776,0.0,-2.1787185668945312,-2.5944264
exp3_fixed_2,12084,601.68195,608.28436,0.0,-0.24866294860839844,-6.3537827
exp3_fixed_2,12085,500.94446,516.1296,0.0,-4.58847188949585,-10.596632
exp3_fixed_2,12086,542.5233,548.9865,0.0,-0.49557065963745117,-5.96765
exp3_fixed_2,12087,573.6952,582.1188,0.0,-0.9421195983886719,-7.481515
exp3_fixed_2,12088,606.49634,612.2582,0.0,-1.7570855617523193,-4.0046906
exp3_fixed_2,12089,585.03656,589.05566,0.0,-0.40851131081581116,-3.6105788
exp3_fixed_2,12090,476.35208,485.7745,0.0,-2.3888211250305176,-7.0335784
exp3_fixed_2,12091,535.80994,540.25433,0.0,-1.2922451496124268,-3.1521904
exp3_fixed_2,12092,593.75854,596.79865,0.0,-0.43430572748184204,-2.605808
exp3_fixed_2,12093,596.6204,600.48975,0.0,-1.237432599067688,-2.6318622
exp3_fixed_2,12094,657.0487,661.35913,0.0,-0.46403712034225464,-3.846439
exp3_fixed_2,12095,598.5716,601.25006,0.0,-0.7302727103233337,-1.9481828
exp3_fixed_2,12096,581.0313,587.79047,0.0,-0.4406735599040985,-6.3184443
exp3_fixed_2,12097,659.6941,663.81305,0.0,-0.9652281403541565,-3.1537576
exp3_fixed_2,12098,561.7236,565.3473,0.0,-1.410794973373413,-2.2129273
exp3_fixed_2,12099,698.7473,704.73883,0.0,-0.4605930745601654,-5.5308404
exp3_fixed_2,12101,632.1885,637.7201,0.0,-2.4369232654571533,-3.0947278
exp3_fixed_2,12102,607.599,610.0629,0.0,-0.5010420083999634,-1.9628453
exp3_fixed_2,12103,551.6244,560.42926,0.0,-1.6249380111694336,-7.1799426
exp3_fixed_2,12104,557.91626,563.88586,0.0,-1.7320350408554077,-4.2375913
exp3_fixed_2,12105,607.6531,610.9316,0.0,-0.5046345591545105,-2.7738552
exp3_fixed_2,12106,495.3565,502.23785,0.0,-1.8453408479690552,-5.036063
exp3_fixed_2,12107,633.3851,636.0524,0.0,-1.1643285751342773,-1.5030366
exp3_fixed_2,12108,541.7108,549.3125,0.0,-1.5665323734283447,-6.035208
exp3_fixed_2,12109,646.2517,653.90436,0.0,-0.6233737468719482,-7.0292645
exp3_fixed_2,12110,559.11755,566.26654,0.0,-0.7192121744155884,-6.429754
exp3_fixed_2,12111,569.6626,577.7445,0.0,-3.1891367435455322,-4.8927374
exp3_fixed_2,12112,575.4929,582.6747,0.0,-0.7387486100196838,-6.4430265
exp3_fixed_2,12113,636.8497,644.10565,0.0,-1.1307811737060547,-6.1251965
exp3_fixed_2,12114,566.2014,571.2431,0.0,-1.6372979879379272,-3.4043548
exp3_fixed_2,12115,534.0009,542.6266,0.0,-0.9774117469787598,-7.648274
exp3_fixed_2,12116,607.4966,614.9275,0.0,-3.4921975135803223,-3.938726
exp3_fixed_2,12117,580.1148,586.058,0.0,-1.9525948762893677,-3.9905343
exp3_fixed_2,12118,579.9557,588.20844,0.0,-2.0203444957733154,-6.232383
exp3_fixed_2,12119,597.49646,602.30383,0.0,-0.6003879308700562,-4.207003
exp3_fixed_2,12121,556.9928,559.4071,0.0,-0.3347042202949524,-2.0795624
exp3_fixed_2,12122,586.40405,596.2958,0.0,-0.613923192024231,-9.277689
exp3_fixed_2,12123,615.6255,624.9011,0.0,-4.159553050994873,-5.1161356
exp3_fixed_2,12124,631.5177,634.80194,0.0,-0.5629945993423462,-2.721254
exp3_fixed_2,12125,615.47894,618.3048,0.0,-0.5907137989997864,-2.23515
exp3_fixed_2,12126,566.3522,572.75903,0.0,-3.5091683864593506,-2.8977268
exp3_fixed_2,12127,731.4546,735.7754,0.0,-0.6385908722877502,-3.6821964
exp3_fixed_2,12128,566.57635,570.1712,0.0,-0.5563701391220093,-3.038498
exp3_fixed_2,12129,595.438,599.8392,0.0,-0.2807255685329437,-4.1205297
exp3_fixed_2,12130,638.0234,641.71216,0.0,-0.847844660282135,-2.8409166
exp3_fixed_2,12131,591.23236,595.20544,0.0,-1.2683358192443848,-2.7047246
exp3_fixed_2,12132,508.15094,515.2308,0.0,-2.7607157230377197,-4.31913
exp3_fixed_2,12133,528.84235,535.6293,0.0,-0.5104464888572693,-6.276515
exp3_fixed_2,12134,621.6649,624.34143,0.0,-0.4823105037212372,-2.194221
exp3_fixed_2,12135,593.0414,599.3607,0.0,-1.0897939205169678,-5.2294497
exp3_fixed_2,12136,611.68274,615.298,0.0,-0.5454270243644714,-3.0697868
exp3_fixed_2,12137,600.2255,604.6678,0.0,-0.5584666728973389,-3.8837523
exp3_fixed_2,12138,613.1897,620.46497,0.0,-1.876453161239624,-5.3988223
exp3_fixed_2,12139,570.92523,573.89856,0.0,-0.8948659896850586,-2.0784776
exp3_fixed_2,12141,632.83923,639.66833,0.0,-2.963322877883911,-3.8657572
exp3_fixed_2,12142,548.50366,553.61896,0.0,-0.6810819506645203,-4.4342594
exp3_fixed_2,12143,550.7645,562.17847,0.0,-2.413970947265625,-9.000002
exp3_fixed_2,12144,507.96753,516.37445,0.0,-1.4968940019607544,-6.9099903
exp3_fixed_2,12145,613.97534,616.97095,0.0,-1.2397841215133667,-1.7557832
exp3_fixed_2,12146,545.7705,549.9338,0.0,-0.8212685585021973,-3.342017
exp3_fixed_2,12147,616.40405,620.7169,0.0,-0.9777830243110657,-3.3351157
exp3_fixed_2,12148,543.42755,553.62366,0.0,-2.3593690395355225,-7.8367767
exp3_fixed_2,12149,517.0563,525.21173,0.0,-0.7400641441345215,-7.415394
exp3_fixed_2,12150,563.27167,570.1006,0.0,-0.9735045433044434,-5.8554063
exp3_fixed_2,12151,546.8836,552.62964,0.0,-0.7256748676300049,-5.0203514
exp3_fixed_2,12152,605.84717,609.23206,0.0,-0.817884624004364,-2.5670002
exp3_fixed_2,12153,554.8392,559.26196,0.0,-0.8462322354316711,-3.5765593
exp3_fixed_2,12154,507.9881,513.97614,0.0,-1.5106596946716309,-4.4773517
exp3_fixed_2,12155,639.6114,644.6329,0.0,-0.9511118531227112,-4.070395
exp3_fixed_2,12156,622.9038,626.88855,0.0,-0.6053935885429382,-3.379336
exp3_fixed_2,12157,599.65216,602.7604,0.0,-0.5276890993118286,-2.5805447
exp3_fixed_2,12158,650.4873,656.1422,0.0,-1.5311176776885986,-4.1237435
exp3_fixed_2,12159,569.9205,576.113,0.0,-2.4498379230499268,-3.7426996
exp3_fixed_2,12161,528.9424,535.6888,0.0,-3.513317823410034,-3.2331052
exp3_fixed_2,12162,555.07794,559.546,0.0,-0.8209478855133057,-3.6471343
exp3_fixed_2,12163,559.01184,564.98486,0.0,-0.5520904064178467,-5.4209023
exp3_fixed_2,12164,606.47015,614.37805,0.0,-1.7758370637893677,-6.132051
exp3_fixed_2,12165,586.62274,589.6843,0.0,-0.32568395137786865,-2.7359278
exp3_fixed_2,12166,606.9953,609.744,0.0,-0.6759962439537048,-2.0726905
exp3_fixed_2,12167,586.0924,590.47675,0.0,-0.8315623998641968,-3.5528061
exp3_fixed_2,12168,595.32874,601.6746,0.0,-1.9350895881652832,-4.410823
exp3_fixed_2,12169,505.35052,510.29645,0.0,-0.8308637142181396,-4.115032
exp3_fixed_2,12170,540.703,547.01263,0.0,-1.0754098892211914,-5.2342415
exp3_fixed_2,12171,515.8327,531.09796,0.0,-0.45752084255218506,-14.807699
exp3_fixed_2,12172,593.84607,595.24414,0.0,-0.23524051904678345,-1.162811
exp3_fixed_2,12173,560.8718,563.60284,0.0,-1.0186470746994019,-1.7123797
exp3_fixed_2,12174,-150.67021,82.26718,-200.0,-31.69620132446289,-1.2411904
exp3_fixed_2,12175,585.7432,589.8683,0.0,-0.7493810057640076,-3.375661
exp3_fixed_2,12176,538.7797,545.72906,0.0,-0.39256903529167175,-6.556781
exp3_fixed_2,12177,658.8098,662.59186,0.0,-1.4016954898834229,-2.3804054
exp3_fixed_2,12178,616.2713,622.03564,0.0,-1.2307173013687134,-4.533587
exp3_fixed_2,12179,518.2783,523.0723,0.0,-1.4614877700805664,-3.3325045
exp3_fixed_2,12181,-240.14389,115.24084,-200.0,-151.01181030273438,-4.372939
exp3_fixed_2,12182,544.47266,547.58093,0.0,-1.40324866771698,-1.7050356
exp3_fixed_2,12183,543.3902,548.03345,0.0,-0.7017388343811035,-3.9415035
exp3_fixed_2,12184,518.1576,521.73175,0.0,-0.22170531749725342,-3.3524027
exp3_fixed_2,12185,534.3473,547.44055,0.0,-1.9261504411697388,-11.167106
exp3_fixed_2,12186,588.07166,590.1558,0.0,-0.5498059988021851,-1.5343554
exp3_fixed_2,12187,574.1152,577.2722,0.0,-0.8423128128051758,-2.3146586
exp3_fixed_2,12188,528.27765,534.9351,0.0,-1.2875959873199463,-5.3698506
exp3_fixed_2,12189,516.2908,531.7488,0.0,-6.772702217102051,-8.685276
exp3_fixed_2,12190,573.95154,575.4641,0.0,-0.1886812448501587,-1.3238864
exp3_fixed_2,12191,610.22754,612.14905,0.0,-0.7229894995689392,-1.1985427
exp3_fixed_2,12192,521.2282,528.739,0.0,-0.8035245537757874,-6.7073007
exp3_fixed_2,12193,531.35876,541.60785,0.0,-4.436822414398193,-5.812208
exp3_fixed_2,12194,646.81476,655.57153,0.0,-0.9788825511932373,-7.777965
exp3_fixed_2,12195,604.97675,614.24207,0.0,-0.7885889410972595,-8.476747
exp3_fixed_2,12196,541.6362,551.30646,0.0,-1.382116675376892,-8.288122
exp3_fixed_2,12197,637.0182,642.78845,0.0,-1.0575242042541504,-4.712766
exp3_fixed_2,12198,569.5209,571.97876,0.0,-0.43123921751976013,-2.0266266
exp3_fixed_2,12199,609.0089,613.3075,0.0,-0.810207188129425,-3.4884374
exp3_fixed_2,12201,576.6146,584.74445,0.0,-0.588681697845459,-7.541149
exp3_fixed_2,12202,501.76703,514.81116,0.0,-2.6445553302764893,-10.399537
exp3_fixed_2,12203,519.56335,524.39185,0.0,-1.7143691778182983,-3.114118
exp3_fixed_2,12204,461.10162,475.3688,0.0,-4.390778541564941,-9.876383
exp3_fixed_2,12205,558.4662,563.0905,0.0,-1.2518310546875,-3.3725424
exp3_fixed_2,12206,-243.40442,109.26634,-200.0,-150.9335479736328,-1.7372171
exp3_fixed_2,12207,629.2076,631.52563,0.0,-0.2494761347770691,-2.0685768
exp3_fixed_2,12208,558.5313,561.5338,0.0,-0.5257328748703003,-2.4767807
exp3_fixed_2,12209,612.9736,617.105,0.0,-0.9248254299163818,-3.2065392
exp3_fixed_2,12210,627.48773,632.7177,0.0,-1.650866150856018,-3.5791488
exp3_fixed_2,12211,651.2449,654.7503,0.0,-0.7382561564445496,-2.7671883
exp3_fixed_2,12212,600.1693,603.48773,0.0,-0.7479771375656128,-2.5704086
exp3_fixed_2,12213,532.9909,540.5257,0.0,-0.6004776954650879,-6.934351
exp3_fixed_2,12214,603.1232,608.63403,0.0,-0.8104357719421387,-4.700371
exp3_fixed_2,12215,567.4774,573.5405,0.0,-1.4102144241333008,-4.652901
exp3_fixed_2,12216,626.05963,628.1887,0.0,-0.29988548159599304,-1.8292531
exp3_fixed_2,12217,528.6928,535.68414,0.0,-1.0859694480895996,-5.9054017
exp3_fixed_2,12218,579.4404,582.1295,0.0,-0.6830844283103943,-2.0059884
exp3_fixed_2,12219,652.77454,655.9308,0.0,-0.5106897354125977,-2.6455123
exp3_fixed_2,12221,574.86865,579.7295,0.0,-0.945675253868103,-3.9152389
exp3_fixed_2,12222,566.3297,570.2498,0.0,-1.7633858919143677,-2.156689
exp3_fixed_2,12223,616.7818,622.2615,0.0,-0.1826627552509308,-5.297037
exp3_fixed_2,12224,620.54443,623.79333,0.0,-0.7009919881820679,-2.5479422
exp3_fixed_2,12225,548.8669,555.2079,0.0,-1.4738675355911255,-4.8671584
exp3_fixed_2,12226,583.45984,587.79156,0.0,-1.1678175926208496,-3.1639066
exp3_fixed_2,12227,545.17145,551.6218,0.0,-2.117946147918701,-4.3324137
exp3_fixed_2,12228,674.6516,681.9479,0.0,-2.6636950969696045,-4.6325483
exp3_fixed_2,12229,595.9459,598.01434,0.0,-0.4239582419395447,-1.6444741
exp3_fixed_2,12230,549.969,553.8778,0.0,-0.4127887487411499,-3.4960232
exp3_fixed_2,12231,625.7008,631.07166,0.0,-0.8702845573425293,-4.5005584
exp3_fixed_2,12232,563.73804,568.2682,0.0,-1.1232393980026245,-3.4069667
exp3_fixed_2,12233,528.0608,538.3044,0.0,-6.371809482574463,-3.871831
exp3_fixed_2,12234,589.7248,593.975,0.0,-0.9024568200111389,-3.347736
exp3_fixed_2,12235,504.15372,511.29504,0.0,-0.8730117678642273,-6.2683144
exp3_fixed_2,12236,540.0209,544.8257,0.0,-0.3585721552371979,-4.4462557
exp3_fixed_2,12237,587.30804,590.457,0.0,-1.0519601106643677,-2.0969849
exp3_fixed_2,12238,559.3657,564.3131,0.0,-1.4048620462417603,-3.5425432
exp3_fixed_2,12239,557.36365,559.55743,0.0,-0.2244175523519516,-1.9693599
exp3_fixed_2,12241,579.561,584.89624,0.0,-0.6615749597549438,-4.673709
exp3_fixed_2,12242,466.78183,476.37402,0.0,-1.099282145500183,-8.492916
exp3_fixed_2,12243,584.81036,591.74493,0.0,-2.6971755027770996,-4.2373996
exp3_fixed_2,12244,572.0596,577.9258,0.0,-2.3249452114105225,-3.5412362
exp3_fixed_2,12245,618.6686,623.6118,0.0,-0.5817286968231201,-4.3615026
exp3_fixed_2,12246,542.1947,558.2928,0.0,-3.2675507068634033,-12.830478
exp3_fixed_2,12247,522.94214,528.5334,0.0,-0.6479374766349792,-4.9433484
exp3_fixed_2,12248,545.0079,549.8761,0.0,-1.143554449081421,-3.7247212
exp3_fixed_2,12249,639.9843,644.1398,0.0,-0.4211805462837219,-3.7343295
exp3_fixed_2,12250,528.76227,534.2914,0.0,-1.1528005599975586,-4.3763814
exp3_fixed_2,12251,607.21533,611.40094,0.0,-0.25264501571655273,-3.9329457
exp3_fixed_2,12252,590.45026,596.34796,0.0,-1.6203100681304932,-4.277394
exp3_fixed_2,12253,625.0698,630.398,0.0,-1.0265225172042847,-4.3016615
exp3_fixed_2,12254,543.4243,551.36786,0.0,-0.7761926651000977,-7.167425
exp3_fixed_2,12255,575.15125,578.5559,0.0,-1.1249473094940186,-2.2797153
exp3_fixed_2,12256,649.06964,654.5463,0.0,-2.0826568603515625,-3.3940055
exp3_fixed_2,12257,533.7584,542.009,0.0,-1.1094999313354492,-7.141072
exp3_fixed_2,12258,671.9662,678.2001,0.0,-1.641814947128296,-4.5921254
exp3_fixed_2,12259,564.52795,579.54144,0.0,-2.5608973503112793,-12.452587
exp3_fixed_2,12261,637.2457,642.5533,0.0,-1.4733773469924927,-3.834164
exp3_fixed_2,12262,579.5989,582.9966,0.0,-1.8202906847000122,-1.5774603
exp3_fixed_2,12263,597.74365,602.9329,0.0,-0.6022153496742249,-4.58705
exp3_fixed_2,12264,619.73376,624.6569,0.0,-1.0967814922332764,-3.8263707
exp3_fixed_2,12265,606.4866,610.6775,0.0,-0.33215364813804626,-3.8588054
exp3_fixed_2,12266,-346.4952,3.7872162,-200.0,-149.83333333333331,-0.4491006
exp3_fixed_2,12267,602.5622,615.14624,0.0,-0.41594478487968445,-12.168162
exp3_fixed_2,12268,614.2267,617.71027,0.0,-0.8224537968635559,-2.661123
exp3_fixed_2,12269,583.68286,587.5033,0.0,-0.9512394666671753,-2.8692026
exp3_fixed_2,12270,583.3409,588.559,0.0,-1.777714490890503,-3.440408
exp3_fixed_2,12271,651.60144,655.8493,0.0,-0.46264371275901794,-3.7852576
exp3_fixed_2,12272,603.53613,608.1903,0.0,-0.7459226846694946,-3.9082513
exp3_fixed_2,12273,562.20605,569.40857,0.0,-1.5478670597076416,-5.6546884
exp3_fixed_2,12274,639.34283,645.7027,0.0,-1.8983876705169678,-4.4614606
exp3_fixed_2,12275,619.4298,624.01807,0.0,-1.5524934530258179,-3.03574
exp3_fixed_2,12276,549.11395,552.3101,0.0,-0.8584640026092529,-2.3376782
exp3_fixed_2,12277,570.7858,581.847,0.0,-0.4770435392856598,-10.584141
exp3_fixed_2,12278,646.4764,652.80756,0.0,-2.528656482696533,-3.8025274
exp3_fixed_2,12279,616.15686,619.2949,0.0,-0.6057049036026001,-2.5323505
exp3_fixed_2,12281,575.4956,578.9862,0.0,-0.6813281774520874,-2.8092217
exp3_fixed_2,12282,-72.20996,147.69804,-200.0,-15.68893814086914,-4.2190933
exp3_fixed_2,12283,623.3894,629.92084,0.0,-0.8730855584144592,-5.658283
exp3_fixed_2,12284,525.9116,551.1593,0.0,-1.1126550436019897,-24.135084
exp3_fixed_2,12285,592.1929,596.0367,0.0,-1.3996185064315796,-2.4442232
exp3_fixed_2,12286,482.45636,491.61328,0.0,-6.075663089752197,-3.0812607
exp3_fixed_2,12287,534.81146,541.9729,0.0,-1.1329222917556763,-6.028491
exp3_fixed_2,12288,611.72406,616.22754,0.0,-1.6044576168060303,-2.8990483
exp3_fixed_2,12289,594.3257,598.8445,0.0,-1.3081495761871338,-3.2106779
exp3_fixed_2,12290,600.1481,606.11743,0.0,-0.4817516803741455,-5.487552
exp3_fixed_2,12291,563.5746,566.25226,0.0,-0.3595472276210785,-2.3181407
exp3_fixed_2,12292,670.8584,674.2052,0.0,-0.9997133016586304,-2.3470721
exp3_fixed_2,12293,557.831,562.854,0.0,-0.6686735153198242,-4.354369
exp3_fixed_2,12294,584.64624,591.915,0.0,-1.9561866521835327,-5.312602
exp3_fixed_2,12295,652.06146,657.04517,0.0,-0.9469320178031921,-4.0367703
exp3_fixed_2,12296,587.8492,594.889,0.0,-0.3229725658893585,-6.716818
exp3_fixed_2,12297,582.8242,593.26807,0.0,-0.6860306262969971,-9.757881
exp3_fixed_2,12298,610.47156,615.1018,0.0,-2.292313814163208,-2.337925
exp3_fixed_2,12299,615.24023,619.58496,0.0,-0.9968975782394409,-3.3478286
exp3_fixed_2,12301,547.28784,549.91675,0.0,-1.1326758861541748,-1.4962223
exp3_fixed_2,12302,639.84863,643.78516,0.0,-0.5163672566413879,-3.4201548
exp3_fixed_2,12303,626.4335,631.3121,0.0,-1.4160692691802979,-3.4625852
exp3_fixed_2,12304,615.6451,618.90424,0.0,-0.5741178393363953,-2.685044
exp3_fixed_2,12305,451.35413,460.42072,0.0,-3.493471384048462,-5.5731106
exp3_fixed_2,12306,517.48535,523.60986,0.0,-0.34827855229377747,-5.7762322
exp3_fixed_2,12307,560.2923,567.001,0.0,-1.2217204570770264,-5.48702
exp3_fixed_2,12308,545.26495,551.2468,0.0,-0.8164597749710083,-5.165376
exp3_fixed_2,12309,564.8524,571.982,0.0,-1.0808210372924805,-6.0487666
exp3_fixed_2,12310,606.56067,610.6983,0.0,-1.0399657487869263,-3.097675
exp3_fixed_2,12311,576.0458,581.7124,0.0,-2.0803072452545166,-3.58636
exp3_fixed_2,12312,571.77124,582.6306,0.0,-1.5235676765441895,-9.335764
exp3_fixed_2,12313,543.9589,550.68536,0.0,-0.7064545154571533,-6.0199385
exp3_fixed_2,12314,563.20184,567.50195,0.0,-1.618359088897705,-2.6817088
exp3_fixed_2,12315,502.22705,510.39478,0.0,-2.954496145248413,-5.213222
exp3_fixed_2,12316,624.40326,632.50916,0.0,-0.5990524888038635,-7.5068207
exp3_fixed_2,12317,641.7078,647.39246,0.0,-1.729958176612854,-3.9546921
exp3_fixed_2,12318,599.33124,602.85815,0.0,-0.7880555987358093,-2.7388444
exp3_fixed_2,12319,537.8431,541.5129,0.0,-0.6994284391403198,-2.970352
exp3_fixed_2,12321,498.58618,504.0833,0.0,-0.45483624935150146,-5.0423064
exp3_fixed_2,12322,623.163,625.549,0.0,-0.4615730047225952,-1.924423
exp3_fixed_2,12323,595.3034,602.8077,0.0,-0.8875125050544739,-6.616706
exp3_fixed_2,12324,558.77325,560.91785,0.0,-0.431876003742218,-1.7127306
exp3_fixed_2,12325,517.35565,529.282,0.0,-2.3592514991760254,-9.567101
exp3_fixed_2,12326,544.64386,562.1557,0.0,-0.7488307952880859,-16.76298
exp3_fixed_2,12327,571.8997,580.63354,0.0,-1.8091678619384766,-6.9246426
exp3_fixed_2,12328,614.9381,620.2993,0.0,-2.0944881439208984,-3.2667067
exp3_fixed_2,12329,549.2389,554.4723,0.0,-0.3899058699607849,-4.8434787
exp3_fixed_2,12330,568.18994,571.0738,0.0,-0.35161638259887695,-2.532237
exp3_fixed_2,12331,651.1765,658.39197,0.0,-1.2412322759628296,-5.97418
exp3_fixed_2,12332,580.06683,583.63855,0.0,-0.3112402558326721,-3.2604723
exp3_fixed_2,12333,565.00305,568.8407,0.0,-0.5304471254348755,-3.307153
exp3_fixed_2,12334,637.83167,640.48346,0.0,-0.3980582654476166,-2.253757
exp3_fixed_2,12335,602.8611,608.4502,0.0,-2.052661895751953,-3.5364547
exp3_fixed_2,12336,548.98566,556.0463,0.0,-1.2723387479782104,-5.7883224
exp3_fixed_2,12337,603.9622,606.4358,0.0,-0.5771057605743408,-1.8964338
exp3_fixed_2,12338,529.9952,536.4364,0.0,-1.0105578899383545,-5.4306245
exp3_fixed_2,12339,572.6146,579.09717,0.0,-1.2017226219177246,-5.280839
exp3_fixed_2,12341,591.75,594.09094,0.0,-0.7793260812759399,-1.5616188
exp3_fixed_2,12342,581.6612,585.7274,0.0,-1.0886273384094238,-2.977563
exp3_fixed_2,12343,642.55304,646.65186,0.0,-1.47793447971344,-2.620946
exp3_fixed_2,12344,619.3148,623.89844,0.0,-2.419349431991577,-2.1642647
exp3_fixed_2,12345,568.45465,575.0752,0.0,-1.3809304237365723,-5.239656
exp3_fixed_2,12346,506.91724,527.25696,0.0,-2.9956936836242676,-17.34399
exp3_fixed_2,12347,593.8946,608.3108,0.0,-6.4404144287109375,-7.9757576
exp3_fixed_2,12348,617.4262,627.1647,0.0,-3.9410507678985596,-5.7973857
exp3_fixed_2,12349,509.66446,525.35767,0.0,-0.6257514953613281,-15.067463
exp3_fixed_2,12350,-108.564156,100.09455,-200.0,-6.5622663497924805,-2.096446
exp3_fixed_2,12351,622.02246,626.1821,0.0,-0.6141598224639893,-3.5454876
exp3_fixed_2,12352,585.9246,589.2569,0.0,-0.5574376583099365,-2.774837
exp3_fixed_2,12353,539.2177,550.94836,0.0,-0.6844894289970398,-11.046174
exp3_fixed_2,12354,529.1811,542.09784,0.0,-0.4522586464881897,-12.464463
exp3_fixed_2,12355,642.3147,645.0918,0.0,-0.7814316153526306,-1.995746
exp3_fixed_2,12356,529.29584,534.1188,0.0,-0.5188379287719727,-4.304077
exp3_fixed_2,12357,490.9054,507.556,0.0,-6.038520812988281,-10.612089
exp3_fixed_2,12358,521.08484,534.1752,0.0,-1.0492427349090576,-12.041049
exp3_fixed_2,12359,594.70026,598.3632,0.0,-1.4326059818267822,-2.230359
exp3_fixed_2,12361,612.7356,617.26,0.0,-1.1847769021987915,-3.3396184
exp3_fixed_2,12362,466.90646,486.42334,0.0,-2.279569387435913,-17.237328
exp3_fixed_2,12363,547.0719,559.29034,0.0,-1.6322894096374512,-10.586216
exp3_fixed_2,12364,572.42114,576.1858,0.0,-1.1718852519989014,-2.592812
exp3_fixed_2,12365,612.19684,615.22424,0.0,-0.7205550670623779,-2.3068523
exp3_fixed_2,12366,610.3742,614.6809,0.0,-1.6196595430374146,-2.6870127
exp3_fixed_2,12367,626.2189,628.8472,0.0,-0.6354926228523254,-1.992941
exp3_fixed_2,12368,540.31165,544.5514,0.0,-0.9747562408447266,-3.2649992
exp3_fixed_2,12369,569.0713,575.334,0.0,-1.4344110488891602,-4.8282547
exp3_fixed_2,12370,491.92517,506.47687,0.0,-2.647819995880127,-11.903867
exp3_fixed_2,12371,598.1992,602.2018,0.0,-0.5633294582366943,-3.439264
exp3_fixed_2,12372,601.102,604.57416,0.0,-0.8159328103065491,-2.656252
exp3_fixed_2,12373,579.9849,586.46326,0.0,-0.3315277695655823,-6.146813
exp3_fixed_2,12374,604.98114,608.2958,0.0,-0.35014888644218445,-2.964502
exp3_fixed_2,12375,-213.30266,144.52962,-200.0,-155.57391357421875,-2.2583878
exp3_fixed_2,12376,590.89044,597.30756,0.0,-4.553606986999512,-1.8634961
exp3_fixed_2,12377,628.5067,632.75824,0.0,-0.8335997462272644,-3.4179082
exp3_fixed_2,12378,600.7899,605.3411,0.0,-1.0906002521514893,-3.46059
exp3_fixed_2,12379,579.28625,584.7738,0.0,-2.3968424797058105,-3.0907044
exp3_fixed_2,12381,619.24646,622.6264,0.0,-0.521712601184845,-2.8582797
exp3_fixed_2,12382,607.8803,614.8755,0.0,-0.4557775557041168,-6.5393586
exp3_fixed_2,12383,579.812,582.4055,0.0,-0.5671706795692444,-2.0263147
exp3_fixed_2,12384,620.2384,623.79224,0.0,-0.661530077457428,-2.8922608
exp3_fixed_2,12385,596.4523,603.5331,0.0,-1.7374217510223389,-5.3433485
exp3_fixed_2,12386,578.2064,582.1669,0.0,-1.138145089149475,-2.8222685
exp3_fixed_2,12387,563.20435,566.77026,0.0,-0.5677980780601501,-2.9980934
exp3_fixed_2,12388,543.9541,550.38464,0.0,-0.8018916249275208,-5.628646
exp3_fixed_2,12389,539.5647,544.00616,0.0,-0.5543452501296997,-3.887107
exp3_fixed_2,12390,552.3481,555.8124,0.0,-0.5779945850372314,-2.8863158
exp3_fixed_2,12391,634.6948,637.7388,0.0,-0.4986115097999573,-2.5452154
exp3_fixed_2,12392,564.6664,568.4455,0.0,-0.3577037453651428,-3.421399
exp3_fixed_2,12393,529.2945,537.244,0.0,-2.271768093109131,-5.677779
exp3_fixed_2,12394,591.8634,597.2024,0.0,-1.349901556968689,-3.9891055
exp3_fixed_2,12395,552.7683,570.4755,0.0,-6.945258140563965,-10.761975
exp3_fixed_2,12396,555.4476,559.01044,0.0,-1.2657673358917236,-2.2971234
exp3_fixed_2,12397,-243.81891,77.952934,-200.0,-120.8605728149414,-0.911269
exp3_fixed_2,12398,542.904,545.1842,0.0,-0.5351958274841309,-1.7450612
exp3_fixed_2,12399,525.22253,529.6831,0.0,-0.9200516939163208,-3.5405216
exp3_fixed_2,12401,637.5651,641.80853,0.0,-1.3867307901382446,-2.856635
exp3_fixed_2,12402,663.3684,667.22144,0.0,-0.6231043934822083,-3.2299547
exp3_fixed_2,12403,637.3546,642.1,0.0,-0.8227882385253906,-3.9226
exp3_fixed_2,12404,592.22864,598.25525,0.0,-1.1530126333236694,-4.873575
exp3_fixed_2,12405,631.4408,634.2603,0.0,-0.5998783111572266,-2.219634
exp3_fixed_2,12406,662.8003,668.72473,0.0,-1.4820133447647095,-4.442386
exp3_fixed_2,12407,577.3388,592.50446,0.0,-2.259366750717163,-12.906299
exp3_fixed_2,12408,656.3611,662.1555,0.0,-1.5903785228729248,-4.204112
exp3_fixed_2,12409,418.16885,429.94183,0.0,-5.187492847442627,-6.5854497
exp3_fixed_2,12410,604.4024,612.55505,0.0,-1.3808786869049072,-6.771818
exp3_fixed_2,12411,618.4219,622.3628,0.0,-0.7261379361152649,-3.2147903
exp3_fixed_2,12412,585.35815,590.3331,0.0,-1.1425291299819946,-3.8324459
exp3_fixed_2,12413,-209.8216,93.8427,-200.0,-101.64258575439453,-2.0216901
exp3_fixed_2,12414,593.8278,598.4952,0.0,-0.8087793588638306,-3.858602
exp3_fixed_2,12415,665.3865,671.91473,0.0,-1.3103868961334229,-5.217943
exp3_fixed_2,12416,543.6416,549.5296,0.0,-0.846614420413971,-5.0413938
exp3_fixed_2,12417,557.16516,563.5612,0.0,-2.621713638305664,-3.774332
exp3_fixed_2,12418,532.397,538.69104,0.0,-0.5697176456451416,-5.7243667
exp3_fixed_2,12419,610.0454,613.4486,0.0,-0.8957763314247131,-2.5074213
exp3_fixed_2,12421,642.3575,646.3265,0.0,-1.2186858654022217,-2.7502823
exp3_fixed_2,12422,478.77567,487.44824,0.0,-1.1154719591140747,-7.557097
exp3_fixed_2,12423,664.6,668.5427,0.0,-1.0584688186645508,-2.8842814
exp3_fixed_2,12424,608.3225,611.5322,0.0,-0.8492813110351562,-2.3604488
exp3_fixed_2,12425,642.58044,650.4779,0.0,-3.2806031703948975,-4.6168723
exp3_fixed_2,12426,532.16113,536.74133,0.0,-0.5361306071281433,-4.044058
exp3_fixed_2,12427,619.86346,624.2401,0.0,-1.6261619329452515,-2.7504728
exp3_fixed_2,12428,597.2246,600.1475,0.0,-0.9491851925849915,-1.9737546
exp3_fixed_2,12429,510.89603,517.3888,0.0,-1.119408130645752,-5.373367
exp3_fixed_2,12430,525.4037,530.52094,0.0,-1.0092500448226929,-4.1079655
exp3_fixed_2,12431,510.84756,516.2701,0.0,-0.776007890701294,-4.646503
exp3_fixed_2,12432,593.1508,600.0962,0.0,-0.7768760919570923,-6.1684685
exp3_fixed_2,12433,563.64545,571.37775,0.0,-0.9064939618110657,-6.8258743
exp3_fixed_2,12434,583.1027,590.9375,0.0,-0.496418297290802,-7.338332
exp3_fixed_2,12435,591.15955,595.1209,0.0,-2.0377180576324463,-1.9236124
exp3_fixed_2,12436,580.9683,590.53815,0.0,-3.725661277770996,-5.8442106
exp3_fixed_2,12437,595.70544,602.0656,0.0,-0.8056327104568481,-5.554517
exp3_fixed_2,12438,463.78268,473.36224,0.0,-1.3479678630828857,-8.231609
exp3_fixed_2,12439,540.9116,548.681,0.0,-2.3357434272766113,-5.4336977
exp3_fixed_2,12441,610.751,615.52466,0.0,-0.55066978931427,-4.2230854
exp3_fixed_2,12442,584.3081,590.31885,0.0,-3.500082492828369,-2.5106378
exp3_fixed_2,12443,646.8751,654.80536,0.0,-5.009515762329102,-2.9207609
exp3_fixed_2,12444,607.3159,613.8279,0.0,-2.565321922302246,-3.9465938
exp3_fixed_2,12445,509.0064,512.2926,0.0,-0.7984516024589539,-2.487718
exp3_fixed_2,12446,635.7963,639.1703,0.0,-0.553164541721344,-2.820837
exp3_fixed_2,12447,541.7965,544.3142,0.0,-0.33924901485443115,-2.1784039
exp3_fixed_2,12448,571.0146,580.2551,0.0,-0.8440295457839966,-8.396535
exp3_fixed_2,12449,544.7652,554.7556,0.0,-1.7610663175582886,-8.229342
exp3_fixed_2,12450,515.72986,524.35364,0.0,-1.687787652015686,-6.935997
exp3_fixed_2,12451,578.8431,583.3884,0.0,-1.1414159536361694,-3.4039826
exp3_fixed_2,12452,613.0703,616.1822,0.0,-0.24966982007026672,-2.8622139
exp3_fixed_2,12453,572.54297,580.7686,0.0,-4.145738124847412,-4.0799394
exp3_fixed_2,12454,478.063,493.9872,0.0,-2.8342700004577637,-13.089979
exp3_fixed_2,12455,535.431,543.4391,0.0,-3.198845386505127,-4.809204
exp3_fixed_2,12456,568.6468,575.0576,0.0,-0.24361316859722137,-6.1671896
exp3_fixed_2,12457,577.812,584.5746,0.0,-0.5619020462036133,-6.2007136
exp3_fixed_2,12458,502.6037,523.7037,0.0,-7.939484596252441,-13.160457
exp3_fixed_2,12459,625.74207,631.18805,0.0,-0.41993477940559387,-5.0261164
exp3_fixed_2,12461,609.3247,617.55225,0.0,-1.2550928592681885,-6.9724693
exp3_fixed_2,12462,605.6204,611.14514,0.0,-0.46020063757896423,-5.0644965
exp3_fixed_2,12463,543.76605,553.1159,0.0,-0.45676153898239136,-8.8931
exp3_fixed_2,12464,430.577,445.2317,0.0,-4.245246410369873,-10.409467
exp3_fixed_2,12465,522.31616,528.3096,0.0,-1.1462721824645996,-4.8471155
exp3_fixed_2,12466,661.82007,665.45905,0.0,-0.6327763795852661,-3.0062013
exp3_fixed_2,12467,661.13586,664.849,0.0,-0.8587415814399719,-2.8544211
exp3_fixed_2,12468,614.62744,618.3341,0.0,-0.6757165193557739,-3.030886
exp3_fixed_2,12469,595.04065,598.9811,0.0,-1.248889446258545,-2.6915045
exp3_fixed_2,12470,592.32666,596.2622,0.0,-0.6418080925941467,-3.2937608
exp3_fixed_2,12471,495.80475,505.03543,0.0,-0.8859481811523438,-8.344717
exp3_fixed_2,12472,661.34216,665.3026,0.0,-1.165403127670288,-2.7949917
exp3_fixed_2,12473,589.4139,595.754,0.0,-1.7302926778793335,-4.609879
exp3_fixed_2,12474,563.9686,568.5411,0.0,-0.6801558136940002,-3.8922458
exp3_fixed_2,12475,481.75372,493.28354,0.0,-2.310563802719116,-9.219295
exp3_fixed_2,12476,558.14343,563.17456,0.0,-1.1758192777633667,-3.8552718
exp3_fixed_2,12477,479.50555,487.57697,0.0,-1.8341370820999146,-6.2372684
exp3_fixed_2,12478,561.4468,569.143,0.0,-1.436042308807373,-6.260183
exp3_fixed_2,12479,651.05206,655.7206,0.0,-0.4420592784881592,-4.226494
exp3_fixed_2,12481,633.1304,638.8111,0.0,-1.5475517511367798,-4.1331987
exp3_fixed_2,12482,597.618,603.5867,0.0,-1.1517235040664673,-4.8170595
exp3_fixed_2,12483,562.1317,568.7578,0.0,-0.7630289196968079,-5.863045
exp3_fixed_2,12484,449.05576,468.04034,0.0,-4.765317916870117,-14.2192955
exp3_fixed_2,12485,474.16183,496.8358,0.0,-1.8766334056854248,-20.797333
exp3_fixed_2,12486,630.06824,635.40924,0.0,-0.7636241912841797,-4.577414
exp3_fixed_2,12487,577.33246,580.7709,0.0,-0.7486772537231445,-2.6897328
exp3_fixed_2,12488,623.379,628.3821,0.0,-1.055072546005249,-3.9479496
exp3_fixed_2,12489,483.8507,502.35217,0.0,-2.537438154220581,-15.964061
exp3_fixed_2,12490,531.16327,537.77124,0.0,-1.1341133117675781,-5.4738994
exp3_fixed_2,12491,590.34814,596.1809,0.0,-0.8386393189430237,-4.9940767
exp3_fixed_2,12492,550.27515,553.5669,0.0,-0.5124673247337341,-2.779244
exp3_fixed_2,12493,579.7813,583.7341,0.0,-1.0849740505218506,-2.867797
exp3_fixed_2,12494,545.2378,549.42804,0.0,-0.512047529220581,-3.6782236
exp3_fixed_2,12495,613.8677,620.42346,0.0,-2.4525725841522217,-4.1031923
exp3_fixed_2,12496,602.87024,613.97595,0.0,-0.8143504858016968,-10.291346
exp3_fixed_2,12497,524.9452,535.8684,0.0,-1.2282233238220215,-9.695019
exp3_fixed_2,12498,573.26196,578.563,0.0,-1.4856810569763184,-3.8153183
exp3_fixed_2,12499,537.85693,547.2693,0.0,-5.83308219909668,-3.5792758
exp3_fixed_2,12501,651.84106,657.0563,0.0,-1.8555359840393066,-3.3596437
exp3_fixed_2,12502,642.6597,648.791,0.0,-1.360363483428955,-4.7709293
exp3_fixed_2,12503,566.4971,569.5563,0.0,-0.7560156583786011,-2.303194
exp3_fixed_2,12504,566.64734,573.1659,0.0,-0.873124897480011,-5.645422
exp3_fixed_2,12505,480.4516,493.26422,0.0,-3.0904009342193604,-9.722248
exp3_fixed_2,12506,655.5104,663.01733,0.0,-1.067169189453125,-6.439774
exp3_fixed_2,12507,549.08905,552.9682,0.0,-0.2226339876651764,-3.6565084
exp3_fixed_2,12508,484.64725,490.09952,0.0,-0.6512390971183777,-4.801034
exp3_fixed_2,12509,527.30237,534.3991,0.0,-0.46790215373039246,-6.6287894
exp3_fixed_2,12510,601.98364,608.1968,0.0,-0.918621838092804,-5.2945004
exp3_fixed_2,12511,543.48376,551.32776,0.0,-0.9596399664878845,-6.884305
exp3_fixed_2,12512,604.3234,608.8484,0.0,-1.7971205711364746,-2.7278712
exp3_fixed_2,12513,671.88684,674.8712,0.0,-1.0934314727783203,-1.890991
exp3_fixed_2,12514,566.81775,575.3641,0.0,-1.9795520305633545,-6.56674
exp3_fixed_2,12515,561.63306,565.21735,0.0,-0.19796738028526306,-3.3863568
exp3_fixed_2,12516,609.2254,617.09827,0.0,-0.6614629030227661,-7.211416
exp3_fixed_2,12517,524.6785,537.1825,0.0,-0.9822209477424622,-11.521762
exp3_fixed_2,12518,543.9966,551.0635,0.0,-1.2132753133773804,-5.853563
exp3_fixed_2,12519,530.3088,537.85004,0.0,-1.4512659311294556,-6.0899725
exp3_fixed_2,12521,548.31995,554.4907,0.0,-0.6783102750778198,-5.492441
exp3_fixed_2,12522,566.74805,573.37616,0.0,-3.5422534942626953,-3.0858135
exp3_fixed_2,12523,603.15906,608.9549,0.0,-1.7214030027389526,-4.074431
exp3_fixed_2,12524,554.6543,561.51746,0.0,-1.6735787391662598,-5.189638
exp3_fixed_2,12525,585.8794,588.0547,0.0,-0.5342772603034973,-1.640996
exp3_fixed_2,12526,647.20056,651.11145,0.0,-0.4855840802192688,-3.4252625
exp3_fixed_2,12527,627.9098,632.7019,0.0,-2.1393704414367676,-2.652759
exp3_fixed_2,12528,537.8005,550.5452,0.0,-2.758066177368164,-9.986736
exp3_fixed_2,12529,609.3321,612.99854,0.0,-0.9926897287368774,-2.6737552
exp3_fixed_2,12530,478.55716,492.26678,0.0,-2.895268201828003,-10.814359
exp3_fixed_2,12531,572.3241,579.581,0.0,-1.9796197414398193,-5.277267
exp3_fixed_2,12532,608.3531,610.5125,0.0,-0.38890448212623596,-1.7704775
exp3_fixed_2,12533,516.0234,522.6617,0.0,-0.7920853495597839,-5.846193
exp3_fixed_2,12534,551.3949,561.5632,0.0,-3.3811049461364746,-6.787107
exp3_fixed_2,12535,608.6335,612.47906,0.0,-0.8131204843521118,-3.0324626
exp3_fixed_2,12536,514.0305,520.85205,0.0,-0.7840722799301147,-6.0374475
exp3_fixed_2,12537,637.08264,646.8275,0.0,-0.5718924403190613,-9.173017
exp3_fixed_2,12538,-139.43948,82.20302,-200.0,-16.839982986450195,-4.802527
exp3_fixed_2,12539,530.3413,547.28235,0.0,-4.7511444091796875,-12.189899
exp3_fixed_2,12541,565.607,569.4374,0.0,-1.0697475671768188,-2.7606654
exp3_fixed_2,12542,625.0377,629.50854,0.0,-0.48637863993644714,-3.9844537
exp3_fixed_2,12543,528.2827,535.1004,0.0,-1.2719014883041382,-5.545796
exp3_fixed_2,12544,597.8799,601.84906,0.0,-0.8896256685256958,-3.0795507
exp3_fixed_2,12545,702.2379,705.45325,0.0,-0.28873831033706665,-2.9265823
exp3_fixed_2,12546,573.0828,578.68115,0.0,-0.8948972225189209,-4.7034082
exp3_fixed_2,12547,638.7446,643.41455,0.0,-1.301788330078125,-3.3681185
exp3_fixed_2,12548,559.7819,564.1797,0.0,-1.9486240148544312,-2.449179
exp3_fixed_2,12549,638.1675,641.12006,0.0,-0.44810110330581665,-2.5044825
exp3_fixed_2,12550,595.85626,599.08264,0.0,-0.8515642881393433,-2.374859
exp3_fixed_2,12551,517.9798,526.7913,0.0,-1.0624366998672485,-7.7491403
exp3_fixed_2,12552,505.628,512.98895,0.0,-1.4352335929870605,-5.925715
exp3_fixed_2,12553,636.1437,638.87,0.0,-1.2110408544540405,-1.5152986
exp3_fixed_2,12554,637.6187,640.1413,0.0,-0.5353956818580627,-1.987194
exp3_fixed_2,12555,621.8899,624.3199,0.0,-0.34044474363327026,-2.0895545
exp3_fixed_2,12556,562.2415,566.42786,0.0,-0.8555452823638916,-3.3308003
exp3_fixed_2,12557,527.9145,535.48236,0.0,-1.3144711256027222,-6.253311
exp3_fixed_2,12558,547.6336,552.96466,0.0,-2.024778366088867,-3.3062537
exp3_fixed_2,12559,448.3238,464.12762,0.0,-4.998079776763916,-10.80574
exp3_fixed_2,12561,495.03522,514.7991,0.0,-7.8641533851623535,-11.899655
exp3_fixed_2,12562,540.3407,555.4653,0.0,-3.435128688812256,-11.689417
exp3_fixed_2,12563,604.8347,608.64,0.0,-1.19258451461792,-2.6127157
exp3_fixed_2,12564,579.0256,582.4766,0.0,-0.5425106883049011,-2.9085054
exp3_fixed_2,12565,507.3238,532.19476,0.0,-4.6857590675354,-20.185204
exp3_fixed_2,12566,517.16345,534.84076,0.0,-1.6228773593902588,-16.054434
exp3_fixed_2,12567,631.67505,635.19714,0.0,-0.4519287347793579,-3.0700705
exp3_fixed_2,12568,631.32324,635.8917,0.0,-1.5109617710113525,-3.057516
exp3_fixed_2,12569,631.99945,635.8793,0.0,-1.0922179222106934,-2.7876167
exp3_fixed_2,12570,568.5518,575.13885,0.0,-0.5536929368972778,-6.0334
exp3_fixed_2,12571,530.6436,535.4065,0.0,-1.2391246557235718,-3.5236971
exp3_fixed_2,12572,596.46655,603.6459,0.0,-0.6580840349197388,-6.5212636
exp3_fixed_2,12573,554.93835,562.1039,0.0,-5.17961311340332,-1.9859349
exp3_fixed_2,12574,591.24133,596.1537,0.0,-0.3118266761302948,-4.6004786
exp3_fixed_2,12575,525.11554,528.73865,0.0,-0.8749986886978149,-2.7481012
exp3_fixed_2,12576,642.9844,647.30743,0.0,-0.5259585976600647,-3.797065
exp3_fixed_2,12577,596.3511,602.5883,0.0,-0.6208366751670837,-5.616389
exp3_fixed_2,12578,593.7782,598.11554,0.0,-0.48010537028312683,-3.8572292
exp3_fixed_2,12579,570.5586,575.761,0.0,-0.7017005085945129,-4.500724
exp3_fixed_2,12581,550.39703,561.6337,0.0,-0.5320858359336853,-10.704638
exp3_fixed_2,12582,599.7146,605.5743,0.0,-1.8378504514694214,-4.0218334
exp3_fixed_2,12583,514.2407,519.0775,0.0,-1.3608849048614502,-3.4758646
exp3_fixed_2,12584,573.78467,576.6131,0.0,-0.7278774380683899,-2.1005125
exp3_fixed_2,12585,521.2193,526.2597,0.0,-1.1510555744171143,-3.8893342
exp3_fixed_2,12586,567.64886,571.2686,0.0,-0.32481649518013,-3.2949579
exp3_fixed_2,12587,569.03937,574.1576,0.0,-1.703490972518921,-3.4147625
exp3_fixed_2,12588,573.36475,575.2691,0.0,-0.5342778563499451,-1.3700802
exp3_fixed_2,12589,541.94653,556.1919,0.0,-5.277586936950684,-8.967801
exp3_fixed_2,12590,595.8601,601.22546,0.0,-1.0345356464385986,-4.330799
exp3_fixed_2,12591,645.8188,649.944,0.0,-0.46681076288223267,-3.6583729
exp3_fixed_2,12592,570.55804,574.3155,0.0,-1.1639456748962402,-2.593532
exp3_fixed_2,12593,542.84845,554.075,0.0,-6.39905309677124,-4.8274636
exp3_fixed_2,12594,562.91724,570.28705,0.0,-0.6426348090171814,-6.7271543
exp3_fixed_2,12595,592.7449,596.4146,0.0,-1.1524838209152222,-2.5172179
exp3_fixed_2,12596,565.22876,568.5268,0.0,-0.33113837242126465,-2.9668736
exp3_fixed_2,12597,612.0929,619.4561,0.0,-0.23502515256404877,-7.128232
exp3_fixed_2,12598,592.9915,597.6513,0.0,-1.4049009084701538,-3.254881
exp3_fixed_2,12599,551.7475,554.70825,0.0,-0.44141459465026855,-2.5193632
exp3_fixed_2,12601,602.0775,605.3296,0.0,-1.3570977449417114,-1.8949453
exp3_fixed_2,12602,550.18475,557.8758,0.0,-1.9004179239273071,-5.790621
exp3_fixed_2,12603,-80.26601,134.24666,-200.0,-11.242055892944336,-3.2706406
exp3_fixed_2,12604,635.3634,639.7022,0.0,-0.6641790866851807,-3.67466
exp3_fixed_2,12605,605.5556,611.27435,0.0,-0.5628381371498108,-5.1558886
exp3_fixed_2,12606,569.4545,572.8851,0.0,-0.3585578203201294,-3.0719705
exp3_fixed_2,12607,627.51105,631.12067,0.0,-0.7014682292938232,-2.908144
exp3_fixed_2,12608,-66.584564,142.07166,-200.0,-7.667552471160889,-0.98867625
exp3_fixed_2,12609,527.0359,537.2502,0.0,-3.4951508045196533,-6.719169
exp3_fixed_2,12610,560.0189,569.9311,0.0,-0.9172715544700623,-8.994895
exp3_fixed_2,12611,544.1919,553.5237,0.0,-0.7726794481277466,-8.5591135
exp3_fixed_2,12612,655.5342,658.8704,0.0,-0.7210977673530579,-2.6151087
exp3_fixed_2,12613,607.1777,612.59216,0.0,-0.5511141419410706,-4.863409
exp3_fixed_2,12614,552.57623,558.4732,0.0,-0.6586717963218689,-5.238298
exp3_fixed_2,12615,540.8032,546.6925,0.0,-0.6761375665664673,-5.2131553
exp3_fixed_2,12616,555.11926,565.3432,0.0,-1.2218353748321533,-9.002113
exp3_fixed_2,12617,533.7119,539.3055,0.0,-0.7905257940292358,-4.803056
exp3_fixed_2,12618,518.0408,523.1688,0.0,-1.7101612091064453,-3.4178607
exp3_fixed_2,12619,618.4796,623.178,0.0,-1.8331252336502075,-2.865234
exp3_fixed_2,12621,625.82153,630.67834,0.0,-1.4567551612854004,-3.40008
exp3_fixed_2,12622,533.0501,538.4663,0.0,-1.513954997062683,-3.902246
exp3_fixed_2,12623,607.4509,610.98724,0.0,-0.7365477085113525,-2.7997596
exp3_fixed_2,12624,532.7539,535.4403,0.0,-0.3260728120803833,-2.3603625
exp3_fixed_2,12625,528.22577,534.91174,0.0,-1.530448317527771,-5.15555
exp3_fixed_2,12626,605.52673,613.3139,0.0,-0.8386972546577454,-6.9484625
exp3_fixed_2,12627,598.4162,603.73193,0.0,-1.325650691986084,-3.9900894
exp3_fixed_2,12628,574.28125,578.3012,0.0,-0.8258196115493774,-3.194187
exp3_fixed_2,12629,585.44855,589.66614,0.0,-0.5944485068321228,-3.623097
exp3_fixed_2,12630,573.72864,579.015,0.0,-2.3841781616210938,-2.9022083
exp3_fixed_2,12631,580.9437,585.9641,0.0,-0.8932579755783081,-4.127113
exp3_fixed_2,12632,581.2335,593.17444,0.0,-0.8285846710205078,-11.112316
exp3_fixed_2,12633,524.1011,528.61395,0.0,-1.8264745473861694,-2.6863725
exp3_fixed_2,12634,574.7955,578.29443,0.0,-0.5917692184448242,-2.9070995
exp3_fixed_2,12635,534.97687,540.6787,0.0,-1.3475987911224365,-4.354251
exp3_fixed_2,12636,550.7307,554.16003,0.0,-0.6281235814094543,-2.8012135
exp3_fixed_2,12637,577.09125,578.61707,0.0,-0.3980352580547333,-1.1277565
exp3_fixed_2,12638,-176.8067,34.39407,-200.0,-8.995591163635254,-2.2051892
exp3_fixed_2,12639,661.1654,665.92786,0.0,-1.623485803604126,-3.1389244
exp3_fixed_2,12641,659.8945,665.01843,0.0,-1.0080418586730957,-4.1159225
exp3_fixed_2,12642,637.87665,642.16064,0.0,-1.0192281007766724,-3.2647574
exp3_fixed_2,12643,632.78564,636.5257,0.0,-0.4264795780181885,-3.3135762
exp3_fixed_2,12644,642.54236,648.8855,0.0,-1.5323262214660645,-4.8108373
exp3_fixed_2,12645,520.4052,529.19434,0.0,-0.4212283790111542,-8.367852
exp3_fixed_2,12646,623.3163,625.8943,0.0,-0.6456848978996277,-1.9324329
exp3_fixed_2,12647,-211.88318,141.41435,-200.0,-150.48634338378906,-2.8111916
exp3_fixed_2,12648,598.6226,602.79083,0.0,-0.2271406650543213,-3.9410677
exp3_fixed_2,12649,582.9874,588.8742,0.0,-0.7977927327156067,-5.0889926
exp3_fixed_2,12650,609.72815,616.12494,0.0,-1.1831881999969482,-5.2136183
exp3_fixed_2,12651,568.63354,573.17065,0.0,-0.8580213785171509,-3.6790838
exp3_fixed_2,12652,617.2096,621.2529,0.0,-1.3588975667953491,-2.6844902
exp3_fixed_2,12653,593.38354,599.6011,0.0,-2.372946262359619,-3.8446355
exp3_fixed_2,12654,535.5762,551.5652,0.0,-2.052079439163208,-13.936887
exp3_fixed_2,12655,593.1573,596.3407,0.0,-0.4938519299030304,-2.689556
exp3_fixed_2,12656,591.7738,594.71094,0.0,-0.6403530836105347,-2.296711
exp3_fixed_2,12657,611.91394,616.7871,0.0,-1.1035001277923584,-3.769626
exp3_fixed_2,12658,592.18677,596.7155,0.0,-1.648986577987671,-2.8797355
exp3_fixed_2,12659,577.3907,580.8507,0.0,-0.4796745479106903,-2.980317
exp3_fixed_2,12661,633.9724,636.80853,0.0,-0.5437746047973633,-2.2923074
exp3_fixed_2,12662,575.53064,580.6575,0.0,-0.4517427086830139,-4.6750526
exp3_fixed_2,12663,568.77716,582.0833,0.0,-4.226929664611816,-9.079278
exp3_fixed_2,12664,625.7279,628.55426,0.0,-0.7723308801651001,-2.0540242
exp3_fixed_2,12665,566.3134,576.02655,0.0,-0.7282993793487549,-8.984804
exp3_fixed_2,12666,484.20276,499.009,0.0,-0.9973533749580383,-13.808901
exp3_fixed_2,12667,606.6002,610.6039,0.0,-1.5255147218704224,-2.4780984
exp3_fixed_2,12668,619.48584,623.0718,0.0,-0.3154590129852295,-3.270445
exp3_fixed_2,12669,528.88214,543.2882,0.0,-5.198421955108643,-9.207677
exp3_fixed_2,12670,511.9474,516.09827,0.0,-0.9837496876716614,-3.167138
exp3_fixed_2,12671,568.8108,572.9219,0.0,-1.1098570823669434,-3.0012276
exp3_fixed_2,12672,610.13245,616.24164,0.0,-0.9970884323120117,-5.112111
exp3_fixed_2,12673,517.4406,529.3663,0.0,-1.6788241863250732,-10.246869
exp3_fixed_2,12674,635.274,638.9575,0.0,-1.0552632808685303,-2.6282804
exp3_fixed_2,12675,662.16455,669.31256,0.0,-2.799530029296875,-4.3484974
exp3_fixed_2,12676,512.18335,517.5404,0.0,-1.36117422580719,-3.9958563
exp3_fixed_2,12677,674.38336,679.2933,0.0,-1.2012972831726074,-3.7086067
exp3_fixed_2,12678,582.26917,585.277,0.0,-0.3346572518348694,-2.6731637
exp3_fixed_2,12679,588.7793,593.4959,0.0,-0.7309585213661194,-3.985711
exp3_fixed_2,12681,634.8087,640.33484,0.0,-0.6423442363739014,-4.88375
exp3_fixed_2,12682,529.9282,537.1657,0.0,-2.682154655456543,-4.5553384
exp3_fixed_2,12683,646.1217,652.2494,0.0,-0.5216341614723206,-5.6060295
exp3_fixed_2,12684,523.626,530.06476,0.0,-0.6772617101669312,-5.7614946
exp3_fixed_2,12685,582.1812,588.1263,0.0,-2.165449619293213,-3.7795978
exp3_fixed_2,12686,620.55396,624.6654,0.0,-0.8595899343490601,-3.2518218
exp3_fixed_2,12687,609.3761,617.8514,0.0,-2.484426975250244,-5.9908867
exp3_fixed_2,12688,554.03516,559.43774,0.0,-0.5164862871170044,-4.8861694
exp3_fixed_2,12689,649.37036,654.9327,0.0,-2.840298652648926,-2.7220566
exp3_fixed_2,12690,508.13187,515.4848,0.0,-0.724601149559021,-6.6283684
exp3_fixed_2,12691,624.77966,631.6078,0.0,-0.9126927852630615,-5.9154296
exp3_fixed_2,12692,596.20996,603.8104,0.0,-0.4595869779586792,-7.140895
exp3_fixed_2,12693,498.0209,502.7984,0.0,-1.3687071800231934,-3.4087946
exp3_fixed_2,12694,493.34442,499.9682,0.0,-2.693983316421509,-3.9297972
exp3_fixed_2,12695,516.5232,524.4881,0.0,-1.3958441019058228,-6.5690303
exp3_fixed_2,12696,475.27783,486.1729,0.0,-1.5308879613876343,-9.364182
exp3_fixed_2,12697,553.49963,559.41095,0.0,-0.9485332369804382,-4.962843
exp3_fixed_2,12698,632.7818,636.74414,0.0,-1.1965267658233643,-2.765749
exp3_fixed_2,12699,640.63696,644.9933,0.0,-0.9328809976577759,-3.4233978
exp3_fixed_2,12701,633.9037,641.2423,0.0,-1.7035361528396606,-5.6350527
exp3_fixed_2,12702,531.5371,537.6797,0.0,-0.8287653923034668,-5.313818
exp3_fixed_2,12703,638.92194,642.80884,0.0,-0.9124012589454651,-2.974416
exp3_fixed_2,12704,379.96854,398.83514,0.0,-6.029331684112549,-12.837231
exp3_fixed_2,12705,513.2051,524.63336,0.0,-4.364922523498535,-7.063336
exp3_fixed_2,12706,572.7948,575.8152,0.0,-0.23813386261463165,-2.7823038
exp3_fixed_2,12707,586.56683,592.949,0.0,-0.9737981557846069,-5.408328
exp3_fixed_2,12708,572.56104,576.50916,0.0,-0.7712368965148926,-3.176911
exp3_fixed_2,12709,578.57,582.51697,0.0,-0.735127329826355,-3.2118473
exp3_fixed_2,12710,503.76266,511.0071,0.0,-1.733881950378418,-5.510555
exp3_fixed_2,12711,637.7373,643.15155,0.0,-0.4324184060096741,-4.9818096
exp3_fixed_2,12712,595.6712,599.2411,0.0,-0.9507086873054504,-2.6191804
exp3_fixed_2,12713,550.21643,553.8471,0.0,-0.7570041418075562,-2.8736863
exp3_fixed_2,12714,614.2476,618.4498,0.0,-0.7947471737861633,-3.407475
exp3_fixed_2,12715,473.1499,480.18182,0.0,-1.7872848510742188,-5.2446136
exp3_fixed_2,12716,554.8616,562.2675,0.0,-1.4626832008361816,-5.9432874
exp3_fixed_2,12717,555.0481,564.1383,0.0,-2.003782033920288,-7.086457
exp3_fixed_2,12718,490.3592,502.021,0.0,-1.8635777235031128,-9.7981825
exp3_fixed_2,12719,629.6512,635.2591,0.0,-0.5791508555412292,-5.0287895
exp3_fixed_2,12721,546.09204,549.50134,0.0,-0.5009502172470093,-2.9083185
exp3_fixed_2,12722,588.324,592.64923,0.0,-0.5519801378250122,-3.7732935
exp3_fixed_2,12723,505.33096,516.7908,0.0,-3.4042840003967285,-8.055526
exp3_fixed_2,12724,501.11115,508.3654,0.0,-0.9937539100646973,-6.260448
exp3_fixed_2,12725,519.6462,527.29126,0.0,-1.097190499305725,-6.5479383
exp3_fixed_2,12726,566.75305,571.91797,0.0,-1.466460943222046,-3.6983986
exp3_fixed_2,12727,544.2367,549.3648,0.0,-2.4193191528320312,-2.7087698
exp3_fixed_2,12728,556.17395,561.46124,0.0,-0.6252238750457764,-4.6621037
exp3_fixed_2,12729,607.2705,613.5868,0.0,-0.3471128046512604,-5.9691973
exp3_fixed_2,12730,651.1628,655.40533,0.0,-0.659302830696106,-3.5832114
exp3_fixed_2,12731,560.9067,567.5737,0.0,-0.9118165373802185,-5.7552767
exp3_fixed_2,12732,577.6052,582.3307,0.0,-0.3985205590724945,-4.32689
exp3_fixed_2,12733,470.08655,475.4854,0.0,-1.2999939918518066,-4.0989094
exp3_fixed_2,12734,549.4276,555.67505,0.0,-1.8293962478637695,-4.418048
exp3_fixed_2,12735,501.216,509.63232,0.0,-1.8414852619171143,-6.5748215
exp3_fixed_2,12736,572.2417,576.8457,0.0,-0.8068643808364868,-3.797095
exp3_fixed_2,12737,547.0595,554.4346,0.0,-1.0235224962234497,-6.3515377
exp3_fixed_2,12738,563.69055,572.2014,0.0,-4.194042682647705,-4.3168235
exp3_fixed_2,12739,634.9973,639.1924,0.0,-0.9405557513237,-3.2544613
exp3_fixed_2,12741,504.167,507.89127,0.0,-0.45933082699775696,-3.2649508
exp3_fixed_2,12742,653.5825,656.56445,0.0,-0.489391565322876,-2.4925547
exp3_fixed_2,12743,588.26196,592.25195,0.0,-0.5629816651344299,-3.4270315
exp3_fixed_2,12744,539.51794,543.964,0.0,-1.2338365316390991,-3.2122388
exp3_fixed_2,12745,585.13477,591.21826,0.0,-0.8950298428535461,-5.1884646
exp3_fixed_2,12746,-113.21398,96.509766,-200.0,-8.141213417053223,-1.5825456
exp3_fixed_2,12747,577.0594,580.7329,0.0,-0.8688481450080872,-2.8046885
exp3_fixed_2,12748,599.58496,602.55084,0.0,-0.4910856783390045,-2.4748125
exp3_fixed_2,12749,563.32745,568.2407,0.0,-1.8894069194793701,-3.0238726
exp3_fixed_2,12750,642.8448,644.9453,0.0,-0.47694939374923706,-1.6236026
exp3_fixed_2,12751,590.8483,596.5174,0.0,-2.740865468978882,-2.9282
exp3_fixed_2,12752,542.50995,544.39044,0.0,-0.3503837585449219,-1.530121
exp3_fixed_2,12753,465.7896,469.20926,0.0,-0.45808735489845276,-2.9615521
exp3_fixed_2,12754,591.14453,595.1584,0.0,-0.35472381114959717,-3.6590862
exp3_fixed_2,12755,522.9386,528.72534,0.0,-1.0393213033676147,-4.7473974
exp3_fixed_2,12756,533.8092,550.0818,0.0,-3.234701633453369,-13.037923
exp3_fixed_2,12757,630.3672,636.54803,0.0,-0.6460832357406616,-5.534767
exp3_fixed_2,12758,563.1433,569.6263,0.0,-1.0521435737609863,-5.430831
exp3_fixed_2,12759,519.71716,529.5187,0.0,-3.78350830078125,-6.018032
exp3_fixed_2,12761,568.96106,574.09155,0.0,-0.5230153203010559,-4.607459
exp3_fixed_2,12762,640.3341,643.41864,0.0,-0.585290789604187,-2.4992626
exp3_fixed_2,12763,532.518,542.4512,0.0,-1.672153353691101,-8.261037
exp3_fixed_2,12764,479.0953,487.10654,0.0,-3.1141278743743896,-4.8970966
exp3_fixed_2,12765,548.1559,550.9601,0.0,-0.3598771095275879,-2.4443297
exp3_fixed_2,12766,560.66223,566.6133,0.0,-0.8406515717506409,-5.110425
exp3_fixed_2,12767,474.9044,488.1731,0.0,-1.3940401077270508,-11.874681
exp3_fixed_2,12768,586.2559,588.6114,0.0,-0.654046893119812,-1.7014209
exp3_fixed_2,12769,594.39746,598.0871,0.0,-0.5178204774856567,-3.1718051
exp3_fixed_2,12770,563.0032,565.4068,0.0,-0.8343536853790283,-1.5692976
exp3_fixed_2,12771,548.5972,552.5602,0.0,-0.6635450124740601,-3.2993717
exp3_fixed_2,12772,574.1337,578.32367,0.0,-0.8780551552772522,-3.3119087
exp3_fixed_2,12773,581.6096,588.83905,0.0,-0.7215157747268677,-6.5079045
exp3_fixed_2,12774,625.3115,628.71405,0.0,-0.9938852190971375,-2.4086413
exp3_fixed_2,12775,613.031,617.6436,0.0,-1.3617165088653564,-3.2508528
exp3_fixed_2,12776,540.30176,546.65753,0.0,-1.0565516948699951,-5.2992597
exp3_fixed_2,12777,590.72235,594.12177,0.0,-0.6628508567810059,-2.736521
exp3_fixed_2,12778,611.3309,614.4505,0.0,-0.3471592664718628,-2.772462
exp3_fixed_2,12779,618.6994,622.4055,0.0,-0.2714317739009857,-3.4346957
exp3_fixed_2,12781,603.0499,612.655,0.0,-4.440311908721924,-5.164836
exp3_fixed_2,12782,629.92816,635.3667,0.0,-0.4255821406841278,-5.0129066
exp3_fixed_2,12783,640.09863,642.5101,0.0,-0.5565167665481567,-1.8549492
exp3_fixed_2,12784,573.16675,580.2554,0.0,-1.2771284580230713,-5.8114676
exp3_fixed_2,12785,647.73413,658.8891,0.0,-2.3628780841827393,-8.792039
exp3_fixed_2,12786,536.90875,544.962,0.0,-3.8560264110565186,-4.1971827
exp3_fixed_2,12787,604.9953,609.4009,0.0,-0.4151019752025604,-3.9904473
exp3_fixed_2,12788,547.1183,555.6006,0.0,-1.2026594877243042,-7.2795844
exp3_fixed_2,12789,559.20886,563.4182,0.0,-0.8932593464851379,-3.3160462
exp3_fixed_2,12790,614.09064,618.1987,0.0,-0.5945947170257568,-3.513489
exp3_fixed_2,12791,533.2004,545.9318,0.0,-1.0187418460845947,-11.712652
exp3_fixed_2,12792,578.3701,583.0207,0.0,-0.683293342590332,-3.9672587
exp3_fixed_2,12793,488.02057,493.61014,0.0,-0.5832136869430542,-5.0063424
exp3_fixed_2,12794,-54.948257,171.23041,-200.0,-23.714685440063477,-2.4639761
exp3_fixed_2,12795,551.54407,555.5524,0.0,-1.392251968383789,-2.6161573
exp3_fixed_2,12796,606.583,610.76166,0.0,-1.1528129577636719,-3.025847
exp3_fixed_2,12797,551.5163,561.7307,0.0,-3.4940297603607178,-6.7203727
exp3_fixed_2,12798,534.8333,548.36053,0.0,-1.7932894229888916,-11.733923
exp3_fixed_2,12799,635.2019,639.66504,0.0,-0.6224647164344788,-3.8406909
exp3_fixed_2,12801,456.05365,461.3094,0.0,-1.9038543701171875,-3.3518755
exp3_fixed_2,12802,595.2484,599.5062,0.0,-0.8993834257125854,-3.3584566
exp3_fixed_2,12803,550.469,554.23694,0.0,-0.9299102425575256,-2.838065
exp3_fixed_2,12804,589.90796,594.509,0.0,-0.7154510021209717,-3.8855271
exp3_fixed_2,12805,600.8268,604.2437,0.0,-0.44621792435646057,-2.9706733
exp3_fixed_2,12806,511.99048,517.1488,0.0,-0.9171456098556519,-4.2412057
exp3_fixed_2,12807,583.5636,589.9128,0.0,-1.2282661199569702,-5.1209626
exp3_fixed_2,12808,594.90674,597.75555,0.0,-1.1688857078552246,-1.6799397
exp3_fixed_2,12809,549.3153,553.98517,0.0,-0.9108959436416626,-3.7589667
exp3_fixed_2,12810,612.2017,615.31824,0.0,-0.33580660820007324,-2.7807517
exp3_fixed_2,12811,578.83325,581.18774,0.0,-0.2775495648384094,-2.076985
exp3_fixed_2,12812,563.61285,566.6516,0.0,-0.6575333476066589,-2.3812306
exp3_fixed_2,12813,602.76807,606.66846,0.0,-1.1814700365066528,-2.7189453
exp3_fixed_2,12814,470.66357,485.8514,0.0,-6.209935665130615,-8.977894
exp3_fixed_2,12815,539.4385,547.94244,0.0,-0.9696482419967651,-7.5343313
exp3_fixed_2,12816,642.9321,646.75806,0.0,-0.4764856696128845,-3.3494194
exp3_fixed_2,12817,629.6767,632.7016,0.0,-0.354201078414917,-2.670641
exp3_fixed_2,12818,612.0313,616.06366,0.0,-0.5476347208023071,-3.4847207
exp3_fixed_2,12819,488.46634,497.7107,0.0,-2.894284248352051,-6.350083
exp3_fixed_2,12821,533.00946,542.1179,0.0,-4.061792373657227,-5.0466566
exp3_fixed_2,12822,555.08435,558.8877,0.0,-1.183854103088379,-2.6194944
exp3_fixed_2,12823,499.18317,506.12756,0.0,-1.2965080738067627,-5.647889
exp3_fixed_2,12824,603.5297,609.7256,0.0,-1.6904081106185913,-4.505452
exp3_fixed_2,12825,544.71387,554.8596,0.0,-3.4372622966766357,-6.7085648
exp3_fixed_2,12826,596.46423,600.97565,0.0,-0.8486163020133972,-3.662797
exp3_fixed_2,12827,557.9054,561.55853,0.0,-1.0540348291397095,-2.5991428
exp3_fixed_2,12828,588.93085,591.4321,0.0,-0.3401947617530823,-2.16106
exp3_fixed_2,12829,569.7318,573.76245,0.0,-0.2660326063632965,-3.7646732
exp3_fixed_2,12830,560.3222,563.61176,0.0,-0.4080430269241333,-2.8815
exp3_fixed_2,12831,585.7701,590.4435,0.0,-0.7533366680145264,-3.9200375
exp3_fixed_2,12832,656.4945,659.5735,0.0,-0.6027864217758179,-2.4762087
exp3_fixed_2,12833,536.7403,541.47296,0.0,-0.4536740779876709,-4.278972
exp3_fixed_2,12834,554.4818,558.1647,0.0,-0.39463746547698975,-3.2882195
exp3_fixed_2,12835,436.51196,444.87506,0.0,-1.7954025268554688,-6.5677185
exp3_fixed_2,12836,613.53906,617.926,0.0,-1.3317809104919434,-3.0552056
exp3_fixed_2,12837,612.07684,614.5168,0.0,-0.3522242307662964,-2.0877151
exp3_fixed_2,12838,605.8549,612.2501,0.0,-1.8163949251174927,-4.578763
exp3_fixed_2,12839,490.21265,498.591,0.0,-2.884768486022949,-5.493544
exp3_fixed_2,12841,599.5106,603.0746,0.0,-1.6964755058288574,-1.8675107
exp3_fixed_2,12842,543.2672,548.4546,0.0,-1.7218968868255615,-3.4654844
exp3_fixed_2,12843,589.3145,593.88306,0.0,-1.9193198680877686,-2.6492128
exp3_fixed_2,12844,573.7451,578.22345,0.0,-0.7315042614936829,-3.7467685
exp3_fixed_2,12845,508.32794,515.1836,0.0,-0.9802850484848022,-5.875357
exp3_fixed_2,12846,672.1437,674.9216,0.0,-0.6015177965164185,-2.1763477
exp3_fixed_2,12847,513.69666,518.55066,0.0,-1.5808563232421875,-3.273138
exp3_fixed_2,12848,607.0142,612.1915,0.0,-1.7460947036743164,-3.4312057
exp3_fixed_2,12849,540.1189,545.1076,0.0,-0.9989867210388184,-3.9897099
exp3_fixed_2,12850,507.32767,514.31946,0.0,-1.1200401782989502,-5.871721
exp3_fixed_2,12851,578.2949,585.2712,0.0,-1.708202600479126,-5.2680163
exp3_fixed_2,12852,566.56805,574.0667,0.0,-1.6397936344146729,-5.8588796
exp3_fixed_2,12853,615.6521,619.4928,0.0,-0.5370371341705322,-3.3035958
exp3_fixed_2,12854,607.29224,611.2247,0.0,-1.157057285308838,-2.77538
exp3_fixed_2,12855,557.9053,567.10333,0.0,-0.7681108713150024,-8.42997
exp3_fixed_2,12856,467.0419,473.55853,0.0,-1.183356523513794,-5.3332624
exp3_fixed_2,12857,619.2854,621.9484,0.0,-0.4641404151916504,-2.1989112
exp3_fixed_2,12858,575.37384,577.12805,0.0,-0.059645891189575195,-1.6945957
exp3_fixed_2,12859,616.21063,620.16125,0.0,-0.8957539200782776,-3.0548375
exp3_fixed_2,12861,541.2809,547.0011,0.0,-0.45355889201164246,-5.26665
exp3_fixed_2,12862,594.14856,597.4303,0.0,-0.6999868154525757,-2.5817134
exp3_fixed_2,12863,513.7938,523.63513,0.0,-2.073638916015625,-7.7676673
exp3_fixed_2,12864,593.1568,597.7115,0.0,-1.0318864583969116,-3.5227988
exp3_fixed_2,12865,610.38367,615.82446,0.0,-1.4550769329071045,-3.9857535
exp3_fixed_2,12866,665.38,668.99884,0.0,-0.9551833868026733,-2.6636965
exp3_fixed_2,12867,557.7818,561.4383,0.0,-1.757572889328003,-1.8989384
exp3_fixed_2,12868,581.02783,584.9946,0.0,-0.9084218740463257,-3.0584269
exp3_fixed_2,12869,620.7855,623.1543,0.0,-0.5574816465377808,-1.8112177
exp3_fixed_2,12870,592.18445,597.2001,0.0,-0.5966261625289917,-4.4189806
exp3_fixed_2,12871,598.26636,601.516,0.0,-0.6734650731086731,-2.5761595
exp3_fixed_2,12872,574.8248,579.8926,0.0,-1.454031229019165,-3.6136992
exp3_fixed_2,12873,635.10864,639.02893,0.0,-1.0622661113739014,-2.8580391
exp3_fixed_2,12874,572.62427,579.1361,0.0,-0.958857536315918,-5.5530243
exp3_fixed_2,12875,602.4179,605.8091,0.0,-0.3115106523036957,-3.079672
exp3_fixed_2,12876,641.38947,648.7832,0.0,-1.004673957824707,-6.3891177
exp3_fixed_2,12877,500.8877,510.07526,0.0,-2.0724258422851562,-7.1151214
exp3_fixed_2,12878,568.8287,570.55664,0.0,-0.3073342442512512,-1.4205935
exp3_fixed_2,12879,540.3653,550.4709,0.0,-4.468679904937744,-5.6369157
exp3_fixed_2,12881,567.2247,572.76245,0.0,-1.6261334419250488,-3.9116514
exp3_fixed_2,12882,533.80853,540.154,0.0,-0.4595346450805664,-5.8859267
exp3_fixed_2,12883,574.95447,577.6951,0.0,-0.9117053747177124,-1.8289628
exp3_fixed_2,12884,566.70447,569.0381,0.0,-0.5016756653785706,-1.8319447
exp3_fixed_2,12885,537.487,540.42993,0.0,-0.6839818954467773,-2.2589219
exp3_fixed_2,12886,608.5763,615.71783,0.0,-2.160710334777832,-4.9808292
exp3_fixed_2,12887,596.05347,602.2148,0.0,-0.8839646577835083,-5.277344
exp3_fixed_2,12888,636.37524,642.3411,0.0,-3.5356345176696777,-2.430255
exp3_fixed_2,12889,563.8186,571.8808,0.0,-1.7751580476760864,-6.287021
exp3_fixed_2,12890,546.2445,553.03516,0.0,-0.7780195474624634,-6.0125966
exp3_fixed_2,12891,577.8121,581.18066,0.0,-0.817039966583252,-2.5515401
exp3_fixed_2,12892,646.85974,652.2968,0.0,-1.7980096340179443,-3.6390717
exp3_fixed_2,12893,648.49695,654.6399,0.0,-2.871215343475342,-3.271735
exp3_fixed_2,12894,561.6074,565.5029,0.0,-1.3333065509796143,-2.5621834
exp3_fixed_2,12895,490.8051,507.55045,0.0,-3.394301652908325,-13.3510475
exp3_fixed_2,12896,508.86154,529.0778,0.0,-1.449062705039978,-18.767235
exp3_fixed_2,12897,592.2682,600.23303,0.0,-0.6644359827041626,-7.30035
exp3_fixed_2,12898,528.6439,539.3725,0.0,-0.09737125039100647,-10.631187
exp3_fixed_2,12899,562.1508,566.394,0.0,-0.8693846464157104,-3.373769
exp3_fixed_2,12901,547.61615,553.4625,0.0,-1.4178681373596191,-4.4284883
exp3_fixed_2,12902,634.9006,637.7028,0.0,-0.34027788043022156,-2.461924
exp3_fixed_2,12903,573.0631,580.7209,0.0,-2.267096996307373,-5.3906417
exp3_fixed_2,12904,647.6531,650.7844,0.0,-0.9359504580497742,-2.1953754
exp3_fixed_2,12905,533.9209,536.8124,0.0,-0.59126877784729,-2.300164
exp3_fixed_2,12906,597.6455,602.69745,0.0,-0.9569488763809204,-4.0949254
exp3_fixed_2,12907,513.2109,518.5707,0.0,-2.3235254287719727,-3.0362797
exp3_fixed_2,12908,616.6955,622.432,0.0,-0.7888476848602295,-4.9475965
exp3_fixed_2,12909,611.37134,613.3779,0.0,-0.6921976208686829,-1.3143402
exp3_fixed_2,12910,558.23706,562.3573,0.0,-0.6559658050537109,-3.4642065
exp3_fixed_2,12911,599.156,604.1527,0.0,-1.7589386701583862,-3.237735
exp3_fixed_2,12912,577.5002,582.91113,0.0,-0.865449845790863,-4.545501
exp3_fixed_2,12913,552.6843,557.50775,0.0,-2.158087730407715,-2.6653287
exp3_fixed_2,12914,587.94977,593.1236,0.0,-1.005871295928955,-4.167909
exp3_fixed_2,12915,564.9709,574.03546,0.0,-3.0045032501220703,-6.060118
exp3_fixed_2,12916,581.4243,594.9154,0.0,-1.9589107036590576,-11.532252
exp3_fixed_2,12917,665.6041,668.24,0.0,-0.5316712856292725,-2.1041768
exp3_fixed_2,12918,579.19366,584.23175,0.0,-0.9789609909057617,-4.059191
exp3_fixed_2,12919,610.123,615.05457,0.0,-1.9593868255615234,-2.9721947
exp3_fixed_2,12921,627.0661,631.8741,0.0,-1.011934757232666,-3.7960384
exp3_fixed_2,12922,680.60785,683.8231,0.0,-0.827937126159668,-2.3873851
exp3_fixed_2,12923,600.9947,603.7054,0.0,-0.525934100151062,-2.1847456
exp3_fixed_2,12924,552.6504,556.8738,0.0,-0.406005859375,-3.8173966
exp3_fixed_2,12925,649.4671,652.264,0.0,-0.6023269295692444,-2.1945214
exp3_fixed_2,12926,596.3111,600.7837,0.0,-0.8625537157058716,-3.610032
exp3_fixed_2,12927,618.79224,626.71124,0.0,-3.1148059368133545,-4.8042
exp3_fixed_2,12928,597.9096,600.9886,0.0,-1.1762694120407104,-1.9027078
exp3_fixed_2,12929,522.67267,526.52563,0.0,-0.35175344347953796,-3.5012457
exp3_fixed_2,12930,615.254,621.3472,0.0,-0.9763699173927307,-5.116831
exp3_fixed_2,12931,515.8178,520.522,0.0,-0.5390118360519409,-4.1651435
exp3_fixed_2,12932,494.95728,513.2394,0.0,-10.043039321899414,-8.239044
exp3_fixed_2,12933,676.9978,679.33594,0.0,-0.8101152181625366,-1.5280435
exp3_fixed_2,12934,620.7825,625.51685,0.0,-1.3686435222625732,-3.3657691
exp3_fixed_2,12935,578.91486,580.3599,0.0,-0.13372984528541565,-1.3113098
exp3_fixed_2,12936,618.9581,621.5568,0.0,-0.8174273371696472,-1.7812455
exp3_fixed_2,12937,533.8896,536.3628,0.0,-0.16850633919239044,-2.304635
exp3_fixed_2,12938,592.1569,595.2727,0.0,-0.5863660573959351,-2.5294423
exp3_fixed_2,12939,610.5122,616.4708,0.0,-1.2351726293563843,-4.7234592
exp3_fixed_2,12941,523.1201,530.2285,0.0,-3.089303970336914,-4.0191565
exp3_fixed_2,12942,561.128,564.9306,0.0,-0.9644394516944885,-2.8381717
exp3_fixed_2,12943,595.85034,601.78107,0.0,-1.3615996837615967,-4.5691085
exp3_fixed_2,12944,576.09143,599.10425,0.0,-4.024713039398193,-18.988182
exp3_fixed_2,12945,573.2212,580.78424,0.0,-1.081786870956421,-6.481245
exp3_fixed_2,12946,569.53845,571.5247,0.0,-0.18656222522258759,-1.7996582
exp3_fixed_2,12947,667.99744,671.9048,0.0,-0.7355328798294067,-3.1718462
exp3_fixed_2,12948,583.9123,590.3701,0.0,-0.7179586291313171,-5.739825
exp3_fixed_2,12949,617.1131,622.2344,0.0,-1.3369373083114624,-3.7843485
exp3_fixed_2,12950,589.1466,594.288,0.0,-2.0076584815979004,-3.1337771
exp3_fixed_2,12951,567.5986,569.9294,0.0,-0.7054919600486755,-1.6253089
exp3_fixed_2,12952,456.2171,462.64032,0.0,-0.6638974547386169,-5.7593293
exp3_fixed_2,12953,532.6349,537.64215,0.0,-1.1430107355117798,-3.8642588
exp3_fixed_2,12954,592.07056,598.5369,0.0,-0.6905755400657654,-5.7758417
exp3_fixed_2,12955,613.42303,618.4799,0.0,-0.9927072525024414,-4.0641594
exp3_fixed_2,12956,472.36102,479.90143,0.0,-2.3709120750427246,-5.1694527
exp3_fixed_2,12957,622.99774,627.25793,0.0,-0.8931887149810791,-3.3669941
exp3_fixed_2,12958,575.8142,579.07947,0.0,-1.3515868186950684,-1.913664
exp3_fixed_2,12959,627.5085,633.14026,0.0,-2.2748382091522217,-3.356963
exp3_fixed_2,12961,642.01215,646.40857,0.0,-0.3579835593700409,-4.0384393
exp3_fixed_2,12962,557.8411,560.8833,0.0,-0.6210549473762512,-2.4210827
exp3_fixed_2,12963,556.663,566.56604,0.0,-2.4619836807250977,-7.441071
exp3_fixed_2,12964,453.71262,469.65936,0.0,-4.8913092613220215,-11.055445
exp3_fixed_2,12965,472.38593,479.10977,0.0,-1.8580985069274902,-4.865735
exp3_fixed_2,12966,498.51566,504.07565,0.0,-1.514796257019043,-4.045212
exp3_fixed_2,12967,552.0314,556.99817,0.0,-1.0453521013259888,-3.9214635
exp3_fixed_2,12968,576.755,579.3909,0.0,-0.328492671251297,-2.307425
exp3_fixed_2,12969,550.678,557.68896,0.0,-0.441803902387619,-6.569169
exp3_fixed_2,12970,560.3478,565.057,0.0,-1.423445463180542,-3.2857642
exp3_fixed_2,12971,588.3164,592.2854,0.0,-0.7886199355125427,-3.180379
exp3_fixed_2,12972,534.68884,538.9352,0.0,-0.5433355569839478,-3.7030764
exp3_fixed_2,12973,616.64575,619.2205,0.0,-0.6654592752456665,-1.9092425
exp3_fixed_2,12974,613.5947,615.96814,0.0,-0.7696906328201294,-1.6037548
exp3_fixed_2,12975,545.8368,557.59985,0.0,-4.519200801849365,-7.243928
exp3_fixed_2,12976,491.3498,514.41125,0.0,-5.22944974899292,-17.831898
exp3_fixed_2,12977,656.8535,660.30817,0.0,-0.5145785212516785,-2.9401002
exp3_fixed_2,12978,636.744,640.2792,0.0,-0.6416457891464233,-2.8934922
exp3_fixed_2,12979,596.4048,601.6396,0.0,-0.7843929529190063,-4.450392
exp3_fixed_2,12981,574.39307,578.3464,0.0,-0.5973944664001465,-3.3559506
exp3_fixed_2,12982,540.4946,549.2141,0.0,-0.4823066294193268,-8.237151
exp3_fixed_2,12983,661.5718,664.8146,0.0,-0.7319548726081848,-2.5108783
exp3_fixed_2,12984,594.7335,599.18964,0.0,-0.6284688711166382,-3.82767
exp3_fixed_2,12985,614.62225,623.02576,0.0,-1.834469199180603,-6.5690136
exp3_fixed_2,12986,556.9814,560.4957,0.0,-0.8998522758483887,-2.614532
exp3_fixed_2,12987,597.591,601.71106,0.0,-0.8569473028182983,-3.2631414
exp3_fixed_2,12988,612.36847,616.0204,0.0,-0.8437514305114746,-2.8082187
exp3_fixed_2,12989,658.93713,662.75696,0.0,-0.5554746985435486,-3.2643
exp3_fixed_2,12990,587.3417,591.885,0.0,-0.4377620816230774,-4.1055493
exp3_fixed_2,12991,570.56104,576.61707,0.0,-0.960275411605835,-5.095739
exp3_fixed_2,12992,596.7679,600.6393,0.0,-0.6203600764274597,-3.2510629
exp3_fixed_2,12993,530.2735,538.5233,0.0,-1.3974547386169434,-6.852362
exp3_fixed_2,12994,610.6744,617.3291,0.0,-0.8724314570426941,-5.782304
exp3_fixed_2,12995,584.864,593.3408,0.0,-1.0107502937316895,-7.4661045
exp3_fixed_2,12996,541.15436,548.193,0.0,-0.6937596201896667,-6.34484
exp3_fixed_2,12997,451.30365,465.79962,0.0,-3.3738598823547363,-11.122075
exp3_fixed_2,12998,596.28674,600.49786,0.0,-0.6574031710624695,-3.5536919
exp3_fixed_2,12999,515.95404,521.9377,0.0,-0.19730602204799652,-5.7863107
exp3_fixed_2,13001,631.53973,638.545,0.0,-1.5847402811050415,-5.42052
exp3_fixed_2,13002,592.93726,599.06525,0.0,-3.3554847240448,-2.7725215
exp3_fixed_2,13003,625.99994,628.2318,0.0,-0.4507299065589905,-1.7810553
exp3_fixed_2,13004,587.8168,590.72284,0.0,-0.8944517374038696,-2.0116026
exp3_fixed_2,13005,572.8287,578.89575,0.0,-1.3120073080062866,-4.7550087
exp3_fixed_2,13006,606.43396,609.147,0.0,-0.5826603174209595,-2.130371
exp3_fixed_2,13007,582.84894,585.7653,0.0,-0.41221481561660767,-2.5041492
exp3_fixed_2,13008,628.3157,633.02795,0.0,-0.7133328914642334,-3.998988
exp3_fixed_2,13009,629.3125,633.6026,0.0,-1.2226816415786743,-3.0673456
exp3_fixed_2,13010,634.91626,638.8171,0.0,-0.5495964288711548,-3.3512008
exp3_fixed_2,13011,583.6224,590.4807,0.0,-0.9993541240692139,-5.859016
exp3_fixed_2,13012,648.03973,652.9566,0.0,-1.1031601428985596,-3.8136845
exp3_fixed_2,13013,629.59155,635.2221,0.0,-1.4677889347076416,-4.1627436
exp3_fixed_2,13014,560.4487,564.9555,0.0,-1.3651413917541504,-3.141624
exp3_fixed_2,13015,590.91846,597.7336,0.0,-1.519650936126709,-5.295449
exp3_fixed_2,13016,538.93475,543.61273,0.0,-1.111534595489502,-3.5664496
exp3_fixed_2,13017,569.4699,575.2594,0.0,-1.3212890625,-4.4681473
exp3_fixed_2,13018,646.1125,650.8053,0.0,-1.4034794569015503,-3.2893333
exp3_fixed_2,13019,623.4623,628.6632,0.0,-1.2487835884094238,-3.9521961
exp3_fixed_2,13021,631.70886,635.1913,0.0,-0.5393314361572266,-2.9430645
exp3_fixed_2,13022,536.4979,539.66235,0.0,-0.46976494789123535,-2.6946197
exp3_fixed_2,13023,532.0519,545.3305,0.0,-3.7800731658935547,-9.498492
exp3_fixed_2,13024,575.80554,584.39685,0.0,-5.94040584564209,-2.6509511
exp3_fixed_2,13025,603.67554,608.0493,0.0,-0.9641382098197937,-3.409614
exp3_fixed_2,13026,628.5777,634.3464,0.0,-0.5633814334869385,-5.205266
exp3_fixed_2,13027,612.957,621.18756,0.0,-2.3943443298339844,-5.8362875
exp3_fixed_2,13028,645.77405,649.2512,0.0,-0.4488331079483032,-3.0282915
exp3_fixed_2,13029,563.8368,567.09595,0.0,-0.6409382820129395,-2.6181653
exp3_fixed_2,13030,572.78064,579.31195,0.0,-1.027038335800171,-5.5043087
exp3_fixed_2,13031,605.481,607.9706,0.0,-0.48946118354797363,-2.0000894
exp3_fixed_2,13032,514.8666,520.7859,0.0,-1.4415524005889893,-4.477764
exp3_fixed_2,13033,629.96716,638.1671,0.0,-0.9834297895431519,-7.216519
exp3_fixed_2,13034,612.3262,615.58704,0.0,-0.8308377861976624,-2.4300022
exp3_fixed_2,13035,510.8367,520.225,0.0,-2.0536911487579346,-7.3346086
exp3_fixed_2,13036,589.77954,595.62354,0.0,-1.3195884227752686,-4.5243783
exp3_fixed_2,13037,476.52173,487.19455,0.0,-2.379960775375366,-8.292883
exp3_fixed_2,13038,602.7041,605.32324,0.0,-0.40503987669944763,-2.2140975
exp3_fixed_2,13039,542.9949,547.7667,0.0,-0.7641648650169373,-4.0077305
exp3_fixed_2,13041,604.3948,614.37634,0.0,-6.092039585113525,-3.8895192
exp3_fixed_2,13042,488.37662,496.5548,0.0,-1.643690824508667,-6.5345235
exp3_fixed_2,13043,-132.90518,86.297134,-200.0,-16.93716049194336,-2.265165
exp3_fixed_2,13044,529.27576,532.1583,0.0,-0.44380977749824524,-2.4387598
exp3_fixed_2,13045,520.2446,530.47205,0.0,-1.6333154439926147,-8.594066
exp3_fixed_2,13046,555.1262,563.64923,0.0,-0.6766197085380554,-7.8463593
exp3_fixed_2,13047,616.78033,625.9527,0.0,-1.2551360130310059,-7.9172277
exp3_fixed_2,13048,599.4608,604.08264,0.0,-1.0057016611099243,-3.6161306
exp3_fixed_2,13049,621.53735,625.0235,0.0,-0.6793370246887207,-2.806846
exp3_fixed_2,13050,632.22003,636.00665,0.0,-1.1348426342010498,-2.6517937
exp3_fixed_2,13051,591.13354,595.34357,0.0,-1.059478759765625,-3.150545
exp3_fixed_2,13052,628.8137,631.02826,0.0,-0.7595661878585815,-1.45499
exp3_fixed_2,13053,583.5778,586.4902,0.0,-0.6468837261199951,-2.2654376
exp3_fixed_2,13054,540.6736,547.0135,0.0,-1.2153795957565308,-5.1245303
exp3_fixed_2,13055,586.246,590.1407,0.0,-0.6970620155334473,-3.1976461
exp3_fixed_2,13056,535.194,544.10693,0.0,-2.9653658866882324,-5.9476624
exp3_fixed_2,13057,569.3577,575.7876,0.0,-0.6761689782142639,-5.753707
exp3_fixed_2,13058,565.84094,568.51324,0.0,-0.40788060426712036,-2.264422
exp3_fixed_2,13059,581.5492,589.0571,0.0,-3.81707763671875,-3.6908996
exp3_fixed_2,13061,632.2024,636.20886,0.0,-0.9372307062149048,-3.0691934
exp3_fixed_2,13062,512.0779,522.387,0.0,-0.8798860311508179,-9.429272
exp3_fixed_2,13063,-122.68034,90.97392,-200.0,-11.378010749816895,-2.2762632
exp3_fixed_2,13064,484.8108,492.09647,0.0,-1.9491653442382812,-5.336522
exp3_fixed_2,13065,644.1355,646.7195,0.0,-0.6336780786514282,-1.9503394
exp3_fixed_2,13066,549.35004,552.4814,0.0,-0.41289645433425903,-2.7184722
exp3_fixed_2,13067,595.2145,601.2242,0.0,-1.5748530626296997,-4.434886
exp3_fixed_2,13068,485.7015,502.57623,0.0,-6.300644874572754,-10.574085
exp3_fixed_2,13069,577.4424,580.2941,0.0,-0.649360179901123,-2.202349
exp3_fixed_2,13070,517.08307,522.8102,0.0,-1.5660072565078735,-4.161063
exp3_fixed_2,13071,472.91177,484.7207,0.0,-2.6981289386749268,-9.110768
exp3_fixed_2,13072,628.77454,632.5272,0.0,-0.9748141169548035,-2.777838
exp3_fixed_2,13073,530.0574,537.67163,0.0,-3.4288182258605957,-4.1854186
exp3_fixed_2,13074,596.43933,603.11646,0.0,-1.0225321054458618,-5.6545963
exp3_fixed_2,13075,590.2951,593.02576,0.0,-0.728798508644104,-2.001911
exp3_fixed_2,13076,520.21716,533.4088,0.0,-4.546814441680908,-8.644812
exp3_fixed_2,13077,621.9942,624.97046,0.0,-0.5173210501670837,-2.4589112
exp3_fixed_2,13078,588.8314,592.0086,0.0,-2.6610267162323,-0.5161466
exp3_fixed_2,13079,605.5482,607.9834,0.0,-0.6596232056617737,-1.7755951
exp3_fixed_2,13081,613.1786,618.9374,0.0,-0.21757693588733673,-5.5412292
exp3_fixed_2,13082,547.0792,553.2231,0.0,-1.0879067182540894,-5.0559487
exp3_fixed_2,13083,554.4983,558.4752,0.0,-0.70233553647995,-3.274643
exp3_fixed_2,13084,629.428,633.62134,0.0,-1.3109004497528076,-2.8824313
exp3_fixed_2,13085,637.5284,640.4678,0.0,-0.4352472126483917,-2.504095
exp3_fixed_2,13086,561.6149,569.24927,0.0,-5.2604875564575195,-2.3738687
exp3_fixed_2,13087,540.2973,544.4703,0.0,-1.5084116458892822,-2.6645424
exp3_fixed_2,13088,606.9758,610.11035,0.0,-0.836203932762146,-2.2983441
exp3_fixed_2,13089,591.41736,595.42535,0.0,-0.9725498557090759,-3.0355327
exp3_fixed_2,13090,520.79254,526.84015,0.0,-1.5752545595169067,-4.472324
exp3_fixed_2,13091,530.70496,538.52826,0.0,-1.0971887111663818,-6.7260942
exp3_fixed_2,13092,536.87286,539.5267,0.0,-0.6602484583854675,-1.9935409
exp3_fixed_2,13093,596.5687,602.1311,0.0,-2.1359424591064453,-3.4264295
exp3_fixed_2,13094,613.621,617.11365,0.0,-0.5031476616859436,-2.989502
exp3_fixed_2,13095,564.5437,571.5061,0.0,-0.9034925699234009,-6.0589247
exp3_fixed_2,13096,562.1067,574.47144,0.0,-0.9916637539863586,-11.373108
exp3_fixed_2,13097,474.11578,485.18158,0.0,-3.7645881175994873,-7.3012104
exp3_fixed_2,13098,578.42065,582.9242,0.0,-1.850916862487793,-2.652617
exp3_fixed_2,13099,583.70447,589.0737,0.0,-1.390777826309204,-3.9784696
exp3_fixed_2,13101,628.2615,632.80566,0.0,-0.8549318313598633,-3.6892533
exp3_fixed_2,13102,642.64655,645.434,0.0,-0.4849269986152649,-2.3025723
exp3_fixed_2,13103,624.16797,628.94104,0.0,-1.192549705505371,-3.5805504
exp3_fixed_2,13104,616.7119,621.371,0.0,-2.036677122116089,-2.622354
exp3_fixed_2,13105,601.0319,604.4157,0.0,-0.7655995488166809,-2.6182177
exp3_fixed_2,13106,574.7168,577.97363,0.0,-0.6257149577140808,-2.6311047
exp3_fixed_2,13107,603.4604,608.9221,0.0,-0.46500784158706665,-4.996751
exp3_fixed_2,13108,504.07602,518.65955,0.0,-1.9116029739379883,-12.671899
exp3_fixed_2,13109,478.96512,485.4581,0.0,-2.005136251449585,-4.487823
exp3_fixed_2,13110,588.8317,594.12524,0.0,-1.0810611248016357,-4.2124124
exp3_fixed_2,13111,424.5498,430.799,0.0,-1.6814987659454346,-4.567677
exp3_fixed_2,13112,632.3437,636.4178,0.0,-0.6193667054176331,-3.4547493
exp3_fixed_2,13113,528.14764,532.03735,0.0,-0.5735271573066711,-3.316155
exp3_fixed_2,13114,433.08228,437.80447,0.0,-3.071418523788452,-1.6507671
exp3_fixed_2,13115,596.73267,602.68054,0.0,-0.9411543607711792,-5.006797
exp3_fixed_2,13116,498.1577,502.3401,0.0,-1.120546817779541,-3.061813
exp3_fixed_2,13117,554.5768,560.7555,0.0,-2.036628246307373,-4.1421094
exp3_fixed_2,13118,646.82,652.14246,0.0,-0.5106614828109741,-4.811838
exp3_fixed_2,13119,560.2401,568.9632,0.0,-2.8258821964263916,-5.897171
exp3_fixed_2,13121,587.4833,592.70996,0.0,-0.8825763463973999,-4.344158
exp3_fixed_2,13122,610.0316,613.83405,0.0,-0.6873999834060669,-3.1150515
exp3_fixed_2,13123,564.92236,579.21204,0.0,-0.9906736612319946,-13.298993
exp3_fixed_2,13124,656.0082,660.9874,0.0,-1.3656359910964966,-3.6136582
exp3_fixed_2,13125,513.56647,520.8331,0.0,-2.8514764308929443,-4.4152036
exp3_fixed_2,13126,448.62976,462.27032,0.0,-5.675282001495361,-7.9652834
exp3_fixed_2,13127,527.1492,536.0835,0.0,-2.185944080352783,-6.7483616
exp3_fixed_2,13128,557.42236,559.6056,0.0,-0.2081695795059204,-1.9750726
exp3_fixed_2,13129,633.7074,639.6538,0.0,-1.0705745220184326,-4.87589
exp3_fixed_2,13130,542.0775,546.6199,0.0,-0.45424798130989075,-4.088106
exp3_fixed_2,13131,543.5932,550.1389,0.0,-2.369049072265625,-4.1766977
exp3_fixed_2,13132,541.83514,546.67145,0.0,-0.21379651129245758,-4.622436
exp3_fixed_2,13133,624.2162,631.0598,0.0,-1.6565370559692383,-5.1871185
exp3_fixed_2,13134,563.11646,575.7268,0.0,-1.3047528266906738,-11.305603
exp3_fixed_2,13135,589.7074,593.9043,0.0,-0.66973477602005,-3.5271878
exp3_fixed_2,13136,662.142,666.4391,0.0,-0.6684464812278748,-3.628647
exp3_fixed_2,13137,578.10443,584.40497,0.0,-1.463749885559082,-4.836778
exp3_fixed_2,13138,537.8614,543.1679,0.0,-1.0597857236862183,-4.2467613
exp3_fixed_2,13139,553.61707,557.8625,0.0,-0.8104251623153687,-3.4349756
exp3_fixed_2,13141,563.6869,568.53503,0.0,-1.1322822570800781,-3.715855
exp3_fixed_2,13142,631.98926,636.1944,0.0,-0.9512954354286194,-3.2538369
exp3_fixed_2,13143,528.25854,536.07434,0.0,-2.01141095161438,-5.8043113
exp3_fixed_2,13144,646.22864,650.16626,0.0,-0.7673305869102478,-3.1702895
exp3_fixed_2,13145,650.1403,655.0946,0.0,-0.8719910383224487,-4.082323
exp3_fixed_2,13146,-276.64728,76.16498,-200.0,-150.4585418701172,-2.3537092
exp3_fixed_2,13147,624.67194,627.7461,0.0,-0.7492121458053589,-2.3249393
exp3_fixed_2,13148,595.73584,601.2471,0.0,-1.1905341148376465,-4.3206487
exp3_fixed_2,13149,499.9965,506.6846,0.0,-2.330583333969116,-4.357519
exp3_fixed_2,13150,590.48474,597.3151,0.0,-1.1723061800003052,-5.6580462
exp3_fixed_2,13151,608.78345,612.4922,0.0,-1.3067444562911987,-2.4019463
exp3_fixed_2,13152,568.33344,574.33295,0.0,-1.2447971105575562,-4.7547674
exp3_fixed_2,13153,626.9816,628.9701,0.0,-0.28696638345718384,-1.7015235
exp3_fixed_2,13154,-143.7425,67.563705,-200.0,-10.003135681152344,-1.3030725
exp3_fixed_2,13155,565.6936,569.8882,0.0,-0.9651619791984558,-3.2294497
exp3_fixed_2,13156,622.4528,625.4509,0.0,-0.5742868185043335,-2.423833
exp3_fixed_2,13157,557.9895,566.4547,0.0,-2.08605694770813,-6.3791575
exp3_fixed_2,13158,626.56946,629.9012,0.0,-0.4806339144706726,-2.851136
exp3_fixed_2,13159,537.6399,542.25635,0.0,-0.7143651843070984,-3.9021323
exp3_fixed_2,13161,624.234,632.1636,0.0,-1.154296875,-6.775305
exp3_fixed_2,13162,502.3745,507.38187,0.0,-0.3541437089443207,-4.653223
exp3_fixed_2,13163,644.41486,647.1964,0.0,-0.6953376531600952,-2.0861666
exp3_fixed_2,13164,629.43854,639.35034,0.0,-1.4172008037567139,-8.494588
exp3_fixed_2,13165,530.8991,536.87805,0.0,-0.42631274461746216,-5.5526576
exp3_fixed_2,13166,494.43097,501.10425,0.0,-1.1844823360443115,-5.4888015
exp3_fixed_2,13167,589.7247,593.85803,0.0,-0.6869772672653198,-3.446371
exp3_fixed_2,13168,577.16583,580.15955,0.0,-0.6948191523551941,-2.298869
exp3_fixed_2,13169,574.38116,578.16064,0.0,-0.7000262141227722,-3.0794735
exp3_fixed_2,13170,495.44128,501.95618,0.0,-0.7259363532066345,-5.7889247
exp3_fixed_2,13171,597.54626,602.0908,0.0,-1.502352237701416,-3.0421839
exp3_fixed_2,13172,627.6113,632.53094,0.0,-1.0307676792144775,-3.8888717
exp3_fixed_2,13173,571.41095,576.3922,0.0,-1.889518141746521,-3.091753
exp3_fixed_2,13174,601.24817,607.1659,0.0,-0.5461372137069702,-5.3715267
exp3_fixed_2,13175,-95.59168,128.07024,-200.0,-20.5291748046875,-3.1327527
exp3_fixed_2,13176,553.96606,557.2245,0.0,-0.7382058501243591,-2.5202758
exp3_fixed_2,13177,621.17035,624.19257,0.0,-0.31982356309890747,-2.702403
exp3_fixed_2,13178,552.2717,557.58264,0.0,-1.314051866531372,-3.996842
exp3_fixed_2,13179,481.71146,500.4301,0.0,-8.394509315490723,-10.324183
exp3_fixed_2,13181,551.944,555.52454,0.0,-0.6734626889228821,-2.9070683
exp3_fixed_2,13182,567.0413,571.32886,0.0,-0.9466211199760437,-3.3409357
exp3_fixed_2,13183,523.9645,530.59503,0.0,-0.8197847604751587,-5.8107343
exp3_fixed_2,13184,553.21423,559.8644,0.0,-0.7953997850418091,-5.85478
exp3_fixed_2,13185,512.71954,522.46814,0.0,-5.300803184509277,-4.447785
exp3_fixed_2,13186,627.8159,632.6633,0.0,-1.2924829721450806,-3.5549383
exp3_fixed_2,13187,612.8522,616.5381,0.0,-0.7313111424446106,-2.9546242
exp3_fixed_2,13188,587.48376,596.90735,0.0,-1.442887783050537,-7.9806986
exp3_fixed_2,13189,616.2621,621.0976,0.0,-0.9981739521026611,-3.8372774
exp3_fixed_2,13190,536.62476,539.8684,0.0,-0.4665687382221222,-2.7770617
exp3_fixed_2,13191,610.6773,617.5708,0.0,-3.731916666030884,-3.1615384
exp3_fixed_2,13192,638.89777,643.6576,0.0,-1.6622990369796753,-3.097516
exp3_fixed_2,13193,637.65137,645.1128,0.0,-0.3656295835971832,-7.095747
exp3_fixed_2,13194,653.39453,658.4597,0.0,-0.9937783479690552,-4.071389
exp3_fixed_2,13195,521.2392,527.19116,0.0,-1.761074185371399,-4.190885
exp3_fixed_2,13196,628.7306,634.7855,0.0,-1.8529536724090576,-4.201938
exp3_fixed_2,13197,666.61694,669.149,0.0,-0.7651222944259644,-1.7669038
exp3_fixed_2,13198,541.55945,550.91187,0.0,-1.1240437030792236,-8.228335
exp3_fixed_2,13199,569.25134,574.7537,0.0,-1.2651667594909668,-4.237191
exp3_fixed_2,13201,550.2951,558.9197,0.0,-0.9760061502456665,-7.6485357
exp3_fixed_2,13202,526.202,535.2103,0.0,-2.6498162746429443,-6.358482
exp3_fixed_2,13203,524.919,532.41846,0.0,-2.1015231609344482,-5.3979526
exp3_fixed_2,13204,642.3264,646.9437,0.0,-0.9188814163208008,-3.698402
exp3_fixed_2,13205,636.836,641.09094,0.0,-0.7403868436813354,-3.514611
exp3_fixed_2,13206,488.10504,493.94693,0.0,-3.5687973499298096,-2.2730937
exp3_fixed_2,13207,543.25586,550.1343,0.0,-2.5510363578796387,-4.327343
exp3_fixed_2,13208,600.8141,607.8434,0.0,-3.517146587371826,-3.5120783
exp3_fixed_2,13209,609.4288,612.6675,0.0,-0.9131274223327637,-2.3255727
exp3_fixed_2,13210,599.12366,603.8299,0.0,-1.6447609663009644,-3.0614939
exp3_fixed_2,13211,619.87585,623.3861,0.0,-0.8540384769439697,-2.6562536
exp3_fixed_2,13212,652.87134,657.2505,0.0,-0.7790614366531372,-3.6000662
exp3_fixed_2,13213,638.07587,642.77606,0.0,-0.7381671667098999,-3.9619925
exp3_fixed_2,13214,524.09766,533.38965,0.0,-0.4590809941291809,-8.832916
exp3_fixed_2,13215,626.4902,631.22473,0.0,-1.3761028051376343,-3.3584642
exp3_fixed_2,13216,622.8446,627.55774,0.0,-1.1797386407852173,-3.5333958
exp3_fixed_2,13217,654.96875,660.3065,0.0,-0.4328494071960449,-4.9049163
exp3_fixed_2,13218,624.89264,632.88434,0.0,-1.1423240900039673,-6.849375
exp3_fixed_2,13219,627.863,632.7694,0.0,-1.298159122467041,-3.6082633
exp3_fixed_2,13221,594.9257,597.916,0.0,-0.40868592262268066,-2.5816112
exp3_fixed_2,13222,604.55273,608.0945,0.0,-0.7127781510353088,-2.8289769
exp3_fixed_2,13223,501.31107,514.333,0.0,-1.1950359344482422,-11.826886
exp3_fixed_2,13224,637.4493,643.6561,0.0,-0.9921700358390808,-5.214647
exp3_fixed_2,13225,588.9149,595.01935,0.0,-2.1939663887023926,-3.9104872
exp3_fixed_2,13226,571.8755,579.36017,0.0,-1.3371721506118774,-6.1475477
exp3_fixed_2,13227,513.16077,517.12744,0.0,-1.2165277004241943,-2.750177
exp3_fixed_2,13228,508.85468,513.7795,0.0,-1.1167230606079102,-3.8080676
exp3_fixed_2,13229,617.8843,626.5966,0.0,-0.7317977547645569,-7.9804506
exp3_fixed_2,13230,628.8954,630.78546,0.0,-0.2812390625476837,-1.608799
exp3_fixed_2,13231,582.4353,587.4546,0.0,-1.17520272731781,-3.8441396
exp3_fixed_2,13232,576.1483,580.5492,0.0,-1.12782883644104,-3.273034
exp3_fixed_2,13233,494.85852,504.66058,0.0,-1.6385208368301392,-8.16353
exp3_fixed_2,13234,629.0468,632.6185,0.0,-0.9702469110488892,-2.601469
exp3_fixed_2,13235,549.49634,555.0826,0.0,-1.2990103960037231,-4.2872024
exp3_fixed_2,13236,634.26227,637.57324,0.0,-0.8843704462051392,-2.4265852
exp3_fixed_2,13237,633.097,639.5376,0.0,-3.0486810207366943,-3.391928
exp3_fixed_2,13238,565.705,570.61896,0.0,-1.589646577835083,-3.324294
exp3_fixed_2,13239,615.1358,617.9787,0.0,-0.4490436911582947,-2.3938465
exp3_fixed_2,13241,557.4867,564.8596,0.0,-1.3635821342468262,-6.009362
exp3_fixed_2,13242,588.6338,593.7434,0.0,-0.9026693105697632,-4.2069907
exp3_fixed_2,13243,575.7007,582.8597,0.0,-2.327366828918457,-4.8316107
exp3_fixed_2,13244,478.1912,491.4635,0.0,-1.2782195806503296,-11.994089
exp3_fixed_2,13245,554.1866,561.1006,0.0,-2.064116954803467,-4.8498735
exp3_fixed_2,13246,623.20154,641.5669,0.0,-2.943342685699463,-15.422031
exp3_fixed_2,13247,559.34607,567.2301,0.0,-4.63507080078125,-3.2489274
exp3_fixed_2,13248,607.2919,614.63934,0.0,-2.163933515548706,-5.183529
exp3_fixed_2,13249,596.8354,599.7007,0.0,-0.8780180215835571,-1.9872739
exp3_fixed_2,13250,524.06104,530.55804,0.0,-1.393728494644165,-5.1032367
exp3_fixed_2,13251,498.78418,505.6305,0.0,-0.6349671483039856,-6.211323
exp3_fixed_2,13252,475.80402,484.1532,0.0,-3.256373643875122,-5.092822
exp3_fixed_2,13253,591.27203,600.7143,0.0,-2.9822044372558594,-6.4600286
exp3_fixed_2,13254,598.8508,603.7057,0.0,-0.7917059659957886,-4.0631123
exp3_fixed_2,13255,632.62354,636.0366,0.0,-1.3148800134658813,-2.098252
exp3_fixed_2,13256,537.7652,542.70123,0.0,-0.8480987548828125,-4.087907
exp3_fixed_2,13257,660.71387,670.4927,0.0,-4.10938835144043,-5.669457
exp3_fixed_2,13258,559.1539,566.784,0.0,-1.082005500793457,-6.5481405
exp3_fixed_2,13259,551.2793,557.74194,0.0,-1.130993127822876,-5.3317018
exp3_fixed_2,13261,602.76294,609.5532,0.0,-0.8946636319160461,-5.8956122
exp3_fixed_2,13262,613.09045,618.88586,0.0,-1.9436495304107666,-3.8517377
exp3_fixed_2,13263,506.17014,511.2886,0.0,-0.958553671836853,-4.159916
exp3_fixed_2,13264,571.3381,573.85114,0.0,-0.5953275561332703,-1.9177531
exp3_fixed_2,13265,584.4894,589.90936,0.0,-0.5900539755821228,-4.8299847
exp3_fixed_2,13266,601.82104,607.3962,0.0,-1.1006773710250854,-4.4744415
exp3_fixed_2,13267,583.0723,588.2544,0.0,-0.9650404453277588,-4.217047
exp3_fixed_2,13268,647.16376,652.3252,0.0,-0.9639216065406799,-4.197491
exp3_fixed_2,13269,594.1608,601.4845,0.0,-4.1769208908081055,-3.146767
exp3_fixed_2,13270,562.1907,567.09357,0.0,-1.0104248523712158,-3.892499
exp3_fixed_2,13271,571.5983,575.2284,0.0,-0.7843735218048096,-2.8456705
exp3_fixed_2,13272,587.3741,598.2662,0.0,-2.493483781814575,-8.3986225
exp3_fixed_2,13273,492.22025,504.92914,0.0,-4.019581317901611,-8.689284
exp3_fixed_2,13274,531.6012,539.3485,0.0,-1.9469159841537476,-5.80041
exp3_fixed_2,13275,638.8497,642.4928,0.0,-0.8868846297264099,-2.7562296
exp3_fixed_2,13276,523.7435,530.6847,0.0,-1.0837385654449463,-5.8574615
exp3_fixed_2,13277,638.57416,642.352,0.0,-1.3321815729141235,-2.4456298
exp3_fixed_2,13278,578.24756,584.4066,0.0,-0.8075997829437256,-5.351495
exp3_fixed_2,13279,506.09912,512.16077,0.0,-2.7387535572052,-3.3228939
exp3_fixed_2,13281,557.55475,562.02734,0.0,-0.7020214200019836,-3.7705925
exp3_fixed_2,13282,533.05035,539.4485,0.0,-4.09226655960083,-2.305885
exp3_fixed_2,13283,618.3214,622.9904,0.0,-1.1811892986297607,-3.4878116
exp3_fixed_2,13284,514.0176,524.8279,0.0,-2.9322848320007324,-7.877992
exp3_fixed_2,13285,632.63574,637.9699,0.0,-0.7080880403518677,-4.626078
exp3_fixed_2,13286,567.75745,569.66345,0.0,-0.5512003302574158,-1.3548199
exp3_fixed_2,13287,581.5692,587.37244,0.0,-1.6360530853271484,-4.167148
exp3_fixed_2,13288,576.0935,581.8843,0.0,-1.1485214233398438,-4.642245
exp3_fixed_2,13289,602.21906,606.2862,0.0,-1.3373695611953735,-2.729769
exp3_fixed_2,13290,576.7005,583.4296,0.0,-0.6167649030685425,-6.112376
exp3_fixed_2,13291,646.1149,650.2533,0.0,-1.1478321552276611,-2.990623
exp3_fixed_2,13292,-104.3908,105.77362,-200.0,-9.049736022949219,-1.1146806
exp3_fixed_2,13293,608.2438,613.5603,0.0,-1.7221070528030396,-3.5944843
exp3_fixed_2,13294,567.67035,571.5663,0.0,-1.161757469177246,-2.734161
exp3_fixed_2,13295,505.89417,516.3509,0.0,-1.6842902898788452,-8.772404
exp3_fixed_2,13296,552.3002,557.7682,0.0,-0.8288099765777588,-4.6391983
exp3_fixed_2,13297,540.15717,551.9233,0.0,-1.6871721744537354,-10.078969
exp3_fixed_2,13298,619.63306,622.73145,0.0,-0.5655342936515808,-2.5328655
exp3_fixed_2,13299,491.0008,496.5603,0.0,-0.421775221824646,-5.1377387
exp3_fixed_2,13301,611.8606,616.25183,0.0,-0.6606869697570801,-3.7305367
exp3_fixed_2,13302,619.7573,625.60406,0.0,-3.0943641662597656,-2.7523963
exp3_fixed_2,13303,-80.914314,127.45677,-200.0,-6.592496871948242,-1.7785951
exp3_fixed_2,13304,617.06024,625.8189,0.0,-5.680342674255371,-3.0782862
exp3_fixed_2,13305,573.2937,582.3583,0.0,-2.3509397506713867,-6.713663
exp3_fixed_2,13306,673.98016,679.4147,0.0,-2.4239389896392822,-3.010577
exp3_fixed_2,13307,622.774,630.61273,0.0,-4.53707218170166,-3.3016703
exp3_fixed_2,13308,-86.23476,147.37738,-200.0,-30.713891983032227,-2.8982475
exp3_fixed_2,13309,496.46487,502.20642,0.0,-0.4183335602283478,-5.3232055
exp3_fixed_2,13310,528.465,535.9213,0.0,-2.619426965713501,-4.83685
exp3_fixed_2,13311,565.85706,570.22253,0.0,-0.7140063643455505,-3.6514416
exp3_fixed_2,13312,506.99774,514.6118,0.0,-3.7099609375,-3.90409
exp3_fixed_2,13313,572.55994,582.04834,0.0,-1.6927756071090698,-7.795615
exp3_fixed_2,13314,565.61615,570.3417,0.0,-1.516930103302002,-3.2086248
exp3_fixed_2,13315,560.5113,566.26166,0.0,-0.46943145990371704,-5.280963
exp3_fixed_2,13316,584.8479,594.5104,0.0,-1.7403733730316162,-7.9220295
exp3_fixed_2,13317,650.3927,654.57336,0.0,-0.79374760389328,-3.3869166
exp3_fixed_2,13318,598.8821,603.6476,0.0,-0.8122129440307617,-3.9533174
exp3_fixed_2,13319,537.52295,540.8657,0.0,-0.5050710439682007,-2.8376863
exp3_fixed_2,13321,619.4469,622.2549,0.0,-0.5896090269088745,-2.218378
exp3_fixed_2,13322,558.24097,562.3817,0.0,-0.687821090221405,-3.4529212
exp3_fixed_2,13323,556.82587,561.7157,0.0,-0.3370187282562256,-4.552804
exp3_fixed_2,13324,607.3209,615.34485,0.0,-0.5121235251426697,-7.5117626
exp3_fixed_2,13325,513.8756,526.35596,0.0,-3.350003480911255,-9.130359
exp3_fixed_2,13326,619.44226,623.1907,0.0,-0.8261263370513916,-2.9222803
exp3_fixed_2,13327,411.59814,455.2965,0.0,-19.997482299804688,-23.700867
exp3_fixed_2,13328,529.96185,535.2811,0.0,-0.9658632874488831,-4.3533664
exp3_fixed_2,13329,562.89044,571.43994,0.0,-0.794288158416748,-7.755171
exp3_fixed_2,13330,570.51843,579.7557,0.0,-1.9847636222839355,-7.252409
exp3_fixed_2,13331,445.16507,490.5159,0.0,-25.11838150024414,-20.232443
exp3_fixed_2,13332,565.50696,567.2031,0.0,-0.740505576133728,-0.9556431
exp3_fixed_2,13333,530.4065,536.7911,0.0,-1.306287169456482,-5.078245
exp3_fixed_2,13334,596.9906,602.05225,0.0,-0.9896817207336426,-4.0720053
exp3_fixed_2,13335,569.1532,572.43567,0.0,-1.1941189765930176,-2.0883565
exp3_fixed_2,13336,543.7691,553.67847,0.0,-4.296636581420898,-5.612731
exp3_fixed_2,13337,656.10095,660.31775,0.0,-1.1345949172973633,-3.082209
exp3_fixed_2,13338,589.5247,594.07275,0.0,-0.8301266431808472,-3.7178843
exp3_fixed_2,13339,603.6816,607.8545,0.0,-1.4112191200256348,-2.7617142
exp3_fixed_2,13341,563.3437,568.278,0.0,-1.0539307594299316,-3.8803692
exp3_fixed_2,13342,529.13385,540.84644,0.0,-1.9051659107208252,-9.807489
exp3_fixed_2,13343,579.86255,582.24963,0.0,-0.33371174335479736,-2.053287
exp3_fixed_2,13344,578.8078,583.7201,0.0,-0.8443359732627869,-4.067988
exp3_fixed_2,13345,601.0729,605.30194,0.0,-0.40377458930015564,-3.8252857
exp3_fixed_2,13346,611.7025,621.0633,0.0,-2.770453453063965,-6.590305
exp3_fixed_2,13347,569.1762,575.9428,0.0,-1.4114997386932373,-5.355128
exp3_fixed_2,13348,557.23944,561.79706,0.0,-0.6097959280014038,-3.9477859
exp3_fixed_2,13349,634.0686,637.3234,0.0,-0.6988493800163269,-2.5559046
exp3_fixed_2,13350,546.20496,552.5033,0.0,-1.303756833076477,-4.9946275
exp3_fixed_2,13351,554.7466,558.1394,0.0,-0.2718294560909271,-3.1210246
exp3_fixed_2,13352,593.3767,600.39264,0.0,-0.611089289188385,-6.404908
exp3_fixed_2,13353,510.12634,516.6834,0.0,-1.520501971244812,-5.036557
exp3_fixed_2,13354,-116.53162,103.56755,-200.0,-17.739919662475586,-2.3592408
exp3_fixed_2,13355,560.94275,564.12134,0.0,-0.38053539395332336,-2.7980175
exp3_fixed_2,13356,546.7677,558.7208,0.0,-3.267834424972534,-8.685318
exp3_fixed_2,13357,609.4729,618.7686,0.0,-2.333463430404663,-6.9622946
exp3_fixed_2,13358,645.9508,651.5299,0.0,-0.37618288397789,-5.2028804
exp3_fixed_2,13359,649.65265,653.07025,0.0,-0.6470526456832886,-2.77057
exp3_fixed_2,13361,585.65576,589.7468,0.0,-0.8455793857574463,-3.245488
exp3_fixed_2,13362,527.98694,534.1379,0.0,-3.473464012145996,-2.6774485
exp3_fixed_2,13363,533.4142,536.7105,0.0,-0.7417726516723633,-2.5545437
exp3_fixed_2,13364,541.11597,553.5506,0.0,-2.1875946521759033,-10.247018
exp3_fixed_2,13365,622.882,624.9917,0.0,-0.22845526039600372,-1.8812191
exp3_fixed_2,13366,614.2529,618.94495,0.0,-0.5880981087684631,-4.103919
exp3_fixed_2,13367,636.4364,641.2999,0.0,-1.5036951303482056,-3.3597796
exp3_fixed_2,13368,594.55994,600.7282,0.0,-1.745293140411377,-4.4230056
exp3_fixed_2,13369,554.5996,561.8985,0.0,-2.838840961456299,-4.460046
exp3_fixed_2,13370,478.95135,515.9812,0.0,-20.356529235839844,-16.673304
exp3_fixed_2,13371,646.0233,651.55804,0.0,-1.6680938005447388,-3.8666315
exp3_fixed_2,13372,595.92535,602.7904,0.0,-1.7856783866882324,-5.079302
exp3_fixed_2,13373,600.0377,607.02527,0.0,-0.4687979817390442,-6.518826
exp3_fixed_2,13374,661.8379,667.1638,0.0,-0.6509928703308105,-4.6749263
exp3_fixed_2,13375,592.6636,595.6022,0.0,-0.9330915212631226,-2.005553
exp3_fixed_2,13376,586.5137,594.3954,0.0,-1.936590552330017,-5.945111
exp3_fixed_2,13377,599.1469,609.39935,0.0,-0.30191659927368164,-9.950524
exp3_fixed_2,13378,489.44812,501.6554,0.0,-1.9704406261444092,-10.236796
exp3_fixed_2,13379,552.577,559.9908,0.0,-1.3132994174957275,-6.1003957
exp3_fixed_2,13381,588.2813,593.7571,0.0,-1.292460322380066,-4.1833124
exp3_fixed_2,13382,547.6621,553.70685,0.0,-1.4064342975616455,-4.638334
exp3_fixed_2,13383,600.68463,606.5928,0.0,-1.2361010313034058,-4.672037
exp3_fixed_2,13384,634.9299,640.18665,0.0,-0.6456981897354126,-4.6110435
exp3_fixed_2,13385,609.72565,615.1784,0.0,-1.3899415731430054,-4.062838
exp3_fixed_2,13386,636.2515,638.81274,0.0,-0.4233260154724121,-2.1379278
exp3_fixed_2,13387,551.02576,554.324,0.0,-0.7813286781311035,-2.5169137
exp3_fixed_2,13388,631.2844,633.5671,0.0,-0.43464791774749756,-1.8479974
exp3_fixed_2,13389,517.45496,524.2709,0.0,-2.5472915172576904,-4.2686663
exp3_fixed_2,13390,648.8118,655.6191,0.0,-1.839078426361084,-4.968198
exp3_fixed_2,13391,602.2407,608.04535,0.0,-0.5918604135513306,-5.212722
exp3_fixed_2,13392,463.29053,475.4092,0.0,-8.28104019165039,-3.8376124
exp3_fixed_2,13393,549.58264,554.7886,0.0,-0.6770811080932617,-4.528808
exp3_fixed_2,13394,634.61584,641.5616,0.0,-1.4686384201049805,-5.477073
exp3_fixed_2,13395,580.176,586.18146,0.0,-0.8344638347625732,-5.170933
exp3_fixed_2,13396,631.9439,634.80164,0.0,-0.8778066635131836,-1.9799254
exp3_fixed_2,13397,627.3757,631.27826,0.0,-0.537238597869873,-3.365384
exp3_fixed_2,13398,569.91614,573.1524,0.0,-0.8273425102233887,-2.4089096
exp3_fixed_2,13399,579.7437,585.6648,0.0,-1.0748475790023804,-4.846211
exp3_fixed_2,13401,567.6795,578.402,0.0,-1.5421169996261597,-9.180284
exp3_fixed_2,13402,583.54987,589.12524,0.0,-0.7117999196052551,-4.8636146
exp3_fixed_2,13403,571.78784,575.95245,0.0,-1.3242206573486328,-2.8404136
exp3_fixed_2,13404,564.3841,567.39417,0.0,-1.3624372482299805,-1.6476183
exp3_fixed_2,13405,532.1297,538.76373,0.0,-1.0977303981781006,-5.536311
exp3_fixed_2,13406,603.22845,606.9587,0.0,-1.4339427947998047,-2.296282
exp3_fixed_2,13407,532.02985,534.14514,0.0,-0.45649102330207825,-1.6588073
exp3_fixed_2,13408,510.43073,515.0454,0.0,-0.7364625334739685,-3.8782105
exp3_fixed_2,13409,583.40015,588.70276,0.0,-1.2257153987884521,-4.076904
exp3_fixed_2,13410,484.87598,495.38257,0.0,-3.9557623863220215,-6.550834
exp3_fixed_2,13411,574.62476,577.1908,0.0,-0.7321970462799072,-1.8338302
exp3_fixed_2,13412,609.7281,616.3947,0.0,-3.8232855796813965,-2.843349
exp3_fixed_2,13413,543.21765,548.73016,0.0,-1.110099196434021,-4.402389
exp3_fixed_2,13414,508.6109,512.7289,0.0,-0.616533100605011,-3.5014741
exp3_fixed_2,13415,576.6638,583.7797,0.0,-2.211599111557007,-4.9043665
exp3_fixed_2,13416,584.7159,588.4283,0.0,-0.9116429090499878,-2.8007705
exp3_fixed_2,13417,518.1897,534.0538,0.0,-1.0961931943893433,-14.767847
exp3_fixed_2,13418,657.6615,662.45276,0.0,-1.5371066331863403,-3.254078
exp3_fixed_2,13419,570.68555,579.2831,0.0,-4.100099563598633,-4.4974384
exp3_fixed_2,13421,578.39417,583.4503,0.0,-1.51710045337677,-3.5390575
exp3_fixed_2,13422,600.09955,608.0014,0.0,-1.352337121963501,-6.5495872
exp3_fixed_2,13423,583.8664,592.38007,0.0,-1.6723705530166626,-6.841311
exp3_fixed_2,13424,509.59708,516.44055,0.0,-1.7126641273498535,-5.1308455
exp3_fixed_2,13425,522.9712,529.20483,0.0,-0.6005491018295288,-5.633051
exp3_fixed_2,13426,652.9607,659.57227,0.0,-1.3890330791473389,-5.2225666
exp3_fixed_2,13427,587.3142,593.158,0.0,-1.1399133205413818,-4.7038856
exp3_fixed_2,13428,491.70703,498.84323,0.0,-2.4766201972961426,-4.6596036
exp3_fixed_2,13429,564.444,568.0697,0.0,-0.5414893627166748,-3.084282
exp3_fixed_2,13430,593.7246,598.4873,0.0,-0.5097602009773254,-4.2529564
exp3_fixed_2,13431,589.8009,596.88196,0.0,-3.85567307472229,-3.225424
exp3_fixed_2,13432,637.9496,642.3251,0.0,-1.6290087699890137,-2.7464716
exp3_fixed_2,13433,615.62024,623.6118,0.0,-2.743455648422241,-5.2481256
exp3_fixed_2,13434,597.8306,606.6195,0.0,-2.6700940132141113,-6.118754
exp3_fixed_2,13435,620.8574,623.7738,0.0,-0.6228227615356445,-2.293516
exp3_fixed_2,13436,475.6907,480.6051,0.0,-1.1953485012054443,-3.719041
exp3_fixed_2,13437,625.20715,633.8634,0.0,-4.536305904388428,-4.119933
exp3_fixed_2,13438,608.66956,619.0982,0.0,-0.8221926689147949,-9.606494
exp3_fixed_2,13439,532.8617,539.4004,0.0,-1.003334641456604,-5.5354066
exp3_fixed_2,13441,571.3108,576.5863,0.0,-0.49168676137924194,-4.7837663
exp3_fixed_2,13442,539.3583,547.7368,0.0,-1.4338831901550293,-6.944632
exp3_fixed_2,13443,535.3312,543.50684,0.0,-2.8004188537597656,-5.3752384
exp3_fixed_2,13444,520.1726,535.0387,0.0,-0.30665528774261475,-14.559459
exp3_fixed_2,13445,540.9069,548.2758,0.0,-2.9048633575439453,-4.464037
exp3_fixed_2,13446,590.1905,596.51843,0.0,-1.7604479789733887,-4.5674706
exp3_fixed_2,13447,524.20056,530.93243,0.0,-2.749412775039673,-3.9824138
exp3_fixed_2,13448,521.8038,534.89905,0.0,-0.7308792471885681,-12.364414
exp3_fixed_2,13449,637.2738,641.7947,0.0,-0.7088817358016968,-3.8119402
exp3_fixed_2,13450,610.76404,616.4963,0.0,-1.5543181896209717,-4.1779222
exp3_fixed_2,13451,601.34106,606.51044,0.0,-1.2655659914016724,-3.9038048
exp3_fixed_2,13452,608.7611,618.9114,0.0,-5.503103256225586,-4.647163
exp3_fixed_2,13453,570.07996,575.85474,0.0,-0.7458145618438721,-5.028946
exp3_fixed_2,13454,612.9108,617.7888,0.0,-0.9724631309509277,-3.9055347
exp3_fixed_2,13455,628.79236,633.5316,0.0,-0.4845455288887024,-4.254671
exp3_fixed_2,13456,609.18787,615.7125,0.0,-1.6347439289093018,-4.8899045
exp3_fixed_2,13457,590.4674,595.0801,0.0,-1.089346170425415,-3.5233269
exp3_fixed_2,13458,632.34326,637.3039,0.0,-1.8553330898284912,-3.1052535
exp3_fixed_2,13459,615.0819,619.84467,0.0,-0.7522573471069336,-4.0105057
exp3_fixed_2,13461,506.08716,514.4275,0.0,-2.2771544456481934,-6.0631795
exp3_fixed_2,13462,595.52344,598.186,0.0,-0.9764693379402161,-1.6860671
exp3_fixed_2,13463,612.95856,618.015,0.0,-1.7410650253295898,-3.3153987
exp3_fixed_2,13464,595.7357,599.41406,0.0,-1.2932794094085693,-2.385071
exp3_fixed_2,13465,593.98865,597.82635,0.0,-0.5255060791969299,-3.3121943
exp3_fixed_2,13466,575.2148,579.27576,0.0,-0.9058240652084351,-3.1551654
exp3_fixed_2,13467,619.7423,623.2993,0.0,-0.3212220370769501,-3.2357972
exp3_fixed_2,13468,562.74646,566.33215,0.0,-0.3430376350879669,-3.2426403
exp3_fixed_2,13469,607.9522,612.6139,0.0,-0.6018846035003662,-4.0597816
exp3_fixed_2,13470,550.07733,552.9579,0.0,-0.4124872088432312,-2.4680824
exp3_fixed_2,13471,601.76917,606.65674,0.0,-1.4605059623718262,-3.427044
exp3_fixed_2,13472,595.66516,597.98486,0.0,-0.6700838804244995,-1.6495669
exp3_fixed_2,13473,561.8609,566.0542,0.0,-0.5979251265525818,-3.5953424
exp3_fixed_2,13474,-99.29755,133.86377,-200.0,-30.600170135498047,-2.5611508
exp3_fixed_2,13475,594.7888,600.6628,0.0,-2.2620625495910645,-3.6118722
exp3_fixed_2,13476,-202.13564,6.3812637,-200.0,-7.849648952484131,-0.66725814
exp3_fixed_2,13477,483.54465,498.952,0.0,-7.206478118896484,-8.200873
exp3_fixed_2,13478,529.8859,536.252,0.0,-2.641495704650879,-3.7245927
exp3_fixed_2,13479,652.15393,656.122,0.0,-1.8170441389083862,-2.1510196
exp3_fixed_2,13481,593.46,600.3079,0.0,-1.7304003238677979,-5.1175194
exp3_fixed_2,13482,514.98,521.30396,0.0,-0.9152295589447021,-5.408814
exp3_fixed_2,13483,592.04944,595.1166,0.0,-0.5474205017089844,-2.519713
exp3_fixed_2,13484,-205.43587,147.1585,-200.0,-150.72434997558594,-1.8699801
exp3_fixed_2,13485,591.13965,595.1473,0.0,-0.6345354318618774,-3.373068
exp3_fixed_2,13486,634.4806,640.525,0.0,-0.5139462947845459,-5.530509
exp3_fixed_2,13487,552.9817,563.127,0.0,-2.1294658184051514,-8.015873
exp3_fixed_2,13488,591.905,596.5777,0.0,-0.5386345982551575,-4.1340656
exp3_fixed_2,13489,581.7635,584.9209,0.0,-0.5275847911834717,-2.6298182
exp3_fixed_2,13490,600.66614,609.075,0.0,-0.36276695132255554,-8.046116
exp3_fixed_2,13491,505.07288,509.0987,0.0,-0.23469291627407074,-3.7911553
exp3_fixed_2,13492,593.79315,598.23584,0.0,-1.084730625152588,-3.35792
exp3_fixed_2,13493,526.2341,531.341,0.0,-0.4750337302684784,-4.6318774
exp3_fixed_2,13494,599.75903,603.63025,0.0,-0.9445432424545288,-2.9266992
exp3_fixed_2,13495,606.063,611.00665,0.0,-0.7358182668685913,-4.2078657
exp3_fixed_2,13496,622.644,625.3345,0.0,-0.4038582444190979,-2.2866375
exp3_fixed_2,13497,541.6054,548.02295,0.0,-0.4215313792228699,-5.996012
exp3_fixed_2,13498,633.36414,636.26355,0.0,-0.5405253171920776,-2.3590016
exp3_fixed_2,13499,593.76776,607.0813,0.0,-1.0510692596435547,-12.262493
exp3_fixed_2,13501,573.0622,576.5274,0.0,-0.4302294850349426,-3.0349574
exp3_fixed_2,13502,604.0715,611.1598,0.0,-0.27584215998649597,-6.8124557
exp3_fixed_2,13503,560.35693,565.5513,0.0,-1.2654231786727905,-3.9289472
exp3_fixed_2,13504,609.1248,613.16394,0.0,-0.19279590249061584,-3.8463018
exp3_fixed_2,13505,519.0307,524.5303,0.0,-1.0274627208709717,-4.472116
exp3_fixed_2,13506,589.82733,594.4446,0.0,-0.37964093685150146,-4.2375584
exp3_fixed_2,13507,606.1781,609.72144,0.0,-0.8495965600013733,-2.693785
exp3_fixed_2,13508,569.76917,580.2395,0.0,-2.614328384399414,-7.8560376
exp3_fixed_2,13509,552.1142,555.532,0.0,-0.6204328536987305,-2.7973938
exp3_fixed_2,13510,571.4109,578.6416,0.0,-0.6885168552398682,-6.5422006
exp3_fixed_2,13511,600.3418,605.2086,0.0,-1.2886775732040405,-3.578129
exp3_fixed_2,13512,588.9294,593.393,0.0,-0.788271963596344,-3.6753623
exp3_fixed_2,13513,572.37506,578.2219,0.0,-0.5278406739234924,-5.318992
exp3_fixed_2,13514,594.2186,597.56665,0.0,-1.7225730419158936,-1.6254683
exp3_fixed_2,13515,569.26056,574.7611,0.0,-1.5431480407714844,-3.9574437
exp3_fixed_2,13516,585.10187,590.0346,0.0,-0.9685666561126709,-3.9642
exp3_fixed_2,13517,594.9508,598.81995,0.0,-0.7585378289222717,-3.1105714
exp3_fixed_2,13518,430.89578,446.12415,0.0,-4.929259300231934,-10.299116
exp3_fixed_2,13519,677.5226,683.30566,0.0,-0.26106923818588257,-5.5220284
exp3_fixed_2,13521,508.49136,513.2965,0.0,-0.40133124589920044,-4.4037743
exp3_fixed_2,13522,585.8412,591.2633,0.0,-2.6304759979248047,-2.7916477
exp3_fixed_2,13523,580.6998,585.1176,0.0,-0.5111808776855469,-3.9066362
exp3_fixed_2,13524,624.843,631.2773,0.0,-1.9444692134857178,-4.48973
exp3_fixed_2,13525,526.96075,531.4314,0.0,-0.8119660019874573,-3.6587088
exp3_fixed_2,13526,509.0496,514.26434,0.0,-1.1999455690383911,-4.014805
exp3_fixed_2,13527,582.0597,588.2832,0.0,-1.104067087173462,-5.1194177
exp3_fixed_2,13528,477.3802,487.46863,0.0,-1.4035239219665527,-8.684901
exp3_fixed_2,13529,579.9547,584.4919,0.0,-1.0347027778625488,-3.5024836
exp3_fixed_2,13530,522.3086,536.70764,0.0,-0.6972975730895996,-13.701778
exp3_fixed_2,13531,548.50446,554.86414,0.0,-0.9494093656539917,-5.410286
exp3_fixed_2,13532,571.8833,577.60785,0.0,-1.4083322286605835,-4.3162136
exp3_fixed_2,13533,590.2471,597.1311,0.0,-2.6166863441467285,-4.2673793
exp3_fixed_2,13534,571.1343,580.13477,0.0,-1.3689621686935425,-7.6315203
exp3_fixed_2,13535,597.4957,609.7394,0.0,-1.5947612524032593,-10.64888
exp3_fixed_2,13536,587.2539,591.7421,0.0,-1.0424085855484009,-3.4458542
exp3_fixed_2,13537,589.3491,592.13586,0.0,-0.6615661978721619,-2.125144
exp3_fixed_2,13538,539.8832,544.4086,0.0,-1.1269903182983398,-3.3984084
exp3_fixed_2,13539,539.83844,544.8228,0.0,-1.0383058786392212,-3.946053
exp3_fixed_2,13541,550.2023,556.69025,0.0,-1.6016695499420166,-4.8862824
exp3_fixed_2,13542,468.78345,472.42172,0.0,-0.5805292129516602,-3.057718
exp3_fixed_2,13543,648.1322,652.33734,0.0,-0.7664169669151306,-3.43871
exp3_fixed_2,13544,486.61548,493.22318,0.0,-0.8173677325248718,-5.790311
exp3_fixed_2,13545,538.06537,542.0726,0.0,-1.1136815547943115,-2.8935413
exp3_fixed_2,13546,576.0278,580.27655,0.0,-1.0311100482940674,-3.2177024
exp3_fixed_2,13547,604.64233,611.2832,0.0,-1.3148574829101562,-5.326023
exp3_fixed_2,13548,634.61194,639.522,0.0,-1.6524500846862793,-3.257541
exp3_fixed_2,13549,533.6788,538.8049,0.0,-1.3654263019561768,-3.7606575
exp3_fixed_2,13550,563.24176,566.47784,0.0,-0.6720908880233765,-2.5639935
exp3_fixed_2,13551,606.8378,614.3056,0.0,-0.7566484212875366,-6.711164
exp3_fixed_2,13552,564.851,569.2132,0.0,-0.6494411826133728,-3.712756
exp3_fixed_2,13553,650.14264,654.42566,0.0,-0.46738219261169434,-3.8156042
exp3_fixed_2,13554,541.7137,547.19446,0.0,-1.5719960927963257,-3.9087164
exp3_fixed_2,13555,615.9253,620.2871,0.0,-0.7881119251251221,-3.5737662
exp3_fixed_2,13556,511.80475,521.22095,0.0,-1.9653550386428833,-7.450864
exp3_fixed_2,13557,-231.6661,122.100624,-200.0,-151.9250030517578,-1.8417008
exp3_fixed_2,13558,512.4288,518.2349,0.0,-1.4669898748397827,-4.3392124
exp3_fixed_2,13559,609.2463,614.3534,0.0,-0.9793063402175903,-4.127859
exp3_fixed_2,13561,603.7829,606.0488,0.0,-0.3238344192504883,-1.9421356
exp3_fixed_2,13562,504.35608,512.394,0.0,-1.9709162712097168,-6.0669713
exp3_fixed_2,13563,542.41406,547.8494,0.0,-0.9675384759902954,-4.4678955
exp3_fixed_2,13564,595.4144,602.2259,0.0,-0.940546452999115,-5.8708763
exp3_fixed_2,13565,616.03125,620.00684,0.0,-0.5009728670120239,-3.4745722
exp3_fixed_2,13566,518.70435,525.8055,0.0,-0.5263345241546631,-6.5747557
exp3_fixed_2,13567,622.6405,635.1958,0.0,-6.211935520172119,-6.3433723
exp3_fixed_2,13568,609.2371,622.2011,0.0,-1.3934829235076904,-11.570482
exp3_fixed_2,13569,539.6478,543.72107,0.0,-0.4310383200645447,-3.6421525
exp3_fixed_2,13570,492.74298,497.037,0.0,-0.5256917476654053,-3.768362
exp3_fixed_2,13571,655.549,658.5685,0.0,-0.579766035079956,-2.439695
exp3_fixed_2,13572,602.6785,606.8605,0.0,-0.7394717931747437,-3.442449
exp3_fixed_2,13573,642.0702,644.5401,0.0,-0.3273160457611084,-2.1426063
exp3_fixed_2,13574,617.0316,622.02325,0.0,-0.45975232124328613,-4.5318327
exp3_fixed_2,13575,566.5498,570.5696,0.0,-1.3796124458312988,-2.6401556
exp3_fixed_2,13576,556.0152,562.8064,0.0,-1.0097756385803223,-5.7814493
exp3_fixed_2,13577,586.756,589.3119,0.0,-0.7864759564399719,-1.7694457
exp3_fixed_2,13578,583.9784,586.66766,0.0,-0.7975400686264038,-1.8917238
exp3_fixed_2,13579,632.5668,636.1842,0.0,-0.39608752727508545,-3.2213514
exp3_fixed_2,13581,630.6755,634.6633,0.0,-0.5345270037651062,-3.4533553
exp3_fixed_2,13582,642.89496,647.4532,0.0,-0.6664302945137024,-3.8918142
exp3_fixed_2,13583,506.9167,514.023,0.0,-0.6910133361816406,-6.4153357
exp3_fixed_2,13584,500.75095,512.2596,0.0,-2.543454647064209,-8.9651575
exp3_fixed_2,13585,629.69293,635.1498,0.0,-0.9393898844718933,-4.517463
exp3_fixed_2,13586,585.46155,590.0307,0.0,-0.8620923757553101,-3.7070098
exp3_fixed_2,13587,495.70496,504.0227,0.0,-1.9688575267791748,-6.3488874
exp3_fixed_2,13588,532.1515,539.0596,0.0,-1.37380850315094,-5.5342593
exp3_fixed_2,13589,460.25372,470.43634,0.0,-0.9292383193969727,-9.25341
exp3_fixed_2,13590,695.4076,703.8131,0.0,-0.496530681848526,-7.909011
exp3_fixed_2,13591,556.48456,561.1604,0.0,-2.2965049743652344,-2.3793604
exp3_fixed_2,13592,605.8063,607.61755,0.0,-0.4370667636394501,-1.3741527
exp3_fixed_2,13593,618.1148,623.8972,0.0,-0.8156286478042603,-4.9667826
exp3_fixed_2,13594,499.0063,512.6865,0.0,-5.551742076873779,-8.128476
exp3_fixed_2,13595,575.6804,581.4298,0.0,-2.2730178833007812,-3.4764266
exp3_fixed_2,13596,555.76825,563.33954,0.0,-1.7853384017944336,-5.785939
exp3_fixed_2,13597,608.88824,613.4046,0.0,-0.37253251671791077,-4.143847
exp3_fixed_2,13598,554.5608,561.8645,0.0,-1.7575647830963135,-5.5461574
exp3_fixed_2,13599,505.57635,511.40802,0.0,-0.7656799554824829,-5.0660033
exp3_fixed_2,13601,515.81085,522.3141,0.0,-0.9681025743484497,-5.5350876
exp3_fixed_2,13602,497.43658,504.52832,0.0,-1.169406771659851,-5.9223204
exp3_fixed_2,13603,560.3706,566.61005,0.0,-0.741866946220398,-5.497564
exp3_fixed_2,13604,588.59595,592.3688,0.0,-1.071579933166504,-2.701221
exp3_fixed_2,13605,619.92487,627.3419,0.0,-3.212707996368408,-4.204352
exp3_fixed_2,13606,593.87854,602.5796,0.0,-3.7097373008728027,-4.991282
exp3_fixed_2,13607,611.3422,616.68066,0.0,-0.7005999684333801,-4.6378336
exp3_fixed_2,13608,587.9651,593.90955,0.0,-2.5776984691619873,-3.3667154
exp3_fixed_2,13609,580.8006,586.39453,0.0,-2.087118148803711,-3.506822
exp3_fixed_2,13610,603.36816,608.10205,0.0,-0.6539031267166138,-4.0799723
exp3_fixed_2,13611,523.2217,534.8193,0.0,-4.257190227508545,-7.3404007
exp3_fixed_2,13612,620.78564,625.50006,0.0,-1.470578908920288,-3.243859
exp3_fixed_2,13613,556.9734,563.4807,0.0,-2.224569797515869,-4.2828045
exp3_fixed_2,13614,541.7361,545.63306,0.0,-0.8535565733909607,-3.0434048
exp3_fixed_2,13615,599.11426,601.5277,0.0,-0.3619518280029297,-2.0514553
exp3_fixed_2,13616,667.495,672.2732,0.0,-0.9259659051895142,-3.8523161
exp3_fixed_2,13617,663.594,667.13293,0.0,-0.3986606001853943,-3.140282
exp3_fixed_2,13618,618.10583,624.02026,0.0,-0.6898223161697388,-5.2245264
exp3_fixed_2,13619,594.7253,600.1943,0.0,-1.6728360652923584,-3.7962027
exp3_fixed_2,13621,573.6108,581.5811,0.0,-1.107106328010559,-6.8632174
exp3_fixed_2,13622,615.7349,619.8186,0.0,-0.9895130395889282,-3.094144
exp3_fixed_2,13623,611.80786,614.363,0.0,-0.4699110984802246,-2.085175
exp3_fixed_2,13624,530.4052,535.1771,0.0,-1.2232840061187744,-3.5485907
exp3_fixed_2,13625,483.06873,489.39728,0.0,-1.2930924892425537,-5.0354767
exp3_fixed_2,13626,610.4275,616.5055,0.0,-1.1362664699554443,-4.9417577
exp3_fixed_2,13627,594.8253,598.109,0.0,-0.9407542943954468,-2.3429618
exp3_fixed_2,13628,570.73956,575.3995,0.0,-1.5779893398284912,-3.0819275
exp3_fixed_2,13629,596.6061,605.0009,0.0,-0.7684279680252075,-7.6264267
exp3_fixed_2,13630,600.65015,604.6382,0.0,-1.3067444562911987,-2.6812632
exp3_fixed_2,13631,506.83725,517.70734,0.0,-2.0914852619171143,-8.778583
exp3_fixed_2,13632,556.86206,561.20703,0.0,-0.9115087985992432,-3.4334612
exp3_fixed_2,13633,596.6113,604.22437,0.0,-1.14424729347229,-6.4687963
exp3_fixed_2,13634,617.60236,622.04736,0.0,-0.6278252601623535,-3.817178
exp3_fixed_2,13635,525.8511,533.7103,0.0,-0.7221199870109558,-7.137125
exp3_fixed_2,13636,586.95105,592.44836,0.0,-0.8160039186477661,-4.6813645
exp3_fixed_2,13637,661.4658,664.43384,0.0,-0.5359128713607788,-2.4322364
exp3_fixed_2,13638,-90.855034,136.58133,-200.0,-24.593608856201172,-2.8427625
exp3_fixed_2,13639,545.5171,551.03827,0.0,-2.2658944129943848,-3.2552755
exp3_fixed_2,13641,531.8159,537.4003,0.0,-2.284060001373291,-3.3003626
exp3_fixed_2,13642,533.2229,536.5247,0.0,-0.738105058670044,-2.5637016
exp3_fixed_2,13643,613.03265,618.8106,0.0,-1.7615293264389038,-4.01643
exp3_fixed_2,13644,498.73303,511.74115,0.0,-6.809063911437988,-6.1990066
exp3_fixed_2,13645,630.11774,635.8312,0.0,-0.9351824522018433,-4.778218
exp3_fixed_2,13646,562.0111,565.79834,0.0,-0.7291025519371033,-3.0581408
exp3_fixed_2,13647,617.14075,621.8992,0.0,-1.065064787864685,-3.6933837
exp3_fixed_2,13648,513.30493,514.85223,0.0,-0.1499660313129425,-1.397316
exp3_fixed_2,13649,485.3767,492.4983,0.0,-1.2102141380310059,-5.9113836
exp3_fixed_2,13650,649.13403,654.0675,0.0,-1.1033883094787598,-3.8300712
exp3_fixed_2,13651,565.19025,573.50525,0.0,-4.761063575744629,-3.5539048
exp3_fixed_2,13652,454.14615,459.49158,0.0,-2.683223247528076,-2.6621656
exp3_fixed_2,13653,593.3906,595.20953,0.0,-0.2261269986629486,-1.5927624
exp3_fixed_2,13654,628.3461,631.78973,0.0,-1.0296235084533691,-2.413998
exp3_fixed_2,13655,640.30835,644.71423,0.0,-0.9650388956069946,-3.4408493
exp3_fixed_2,13656,640.066,644.12683,0.0,-1.1468079090118408,-2.914087
exp3_fixed_2,13657,542.62384,548.2733,0.0,-0.7864518165588379,-4.8630013
exp3_fixed_2,13658,510.08725,520.59546,0.0,-4.056798458099365,-6.451424
exp3_fixed_2,13659,509.9983,521.98206,0.0,-5.383025169372559,-6.6007624
exp3_fixed_2,13661,590.1684,595.3451,0.0,-1.4816818237304688,-3.6949906
exp3_fixed_2,13662,564.56757,569.86176,0.0,-1.413234829902649,-3.8809981
exp3_fixed_2,13663,540.88446,556.49634,0.0,-5.46929931640625,-10.142535
exp3_fixed_2,13664,565.05164,572.106,0.0,-0.8310922980308533,-6.223324
exp3_fixed_2,13665,565.1698,573.4392,0.0,-1.6844438314437866,-6.5849385
exp3_fixed_2,13666,583.548,586.5469,0.0,-0.17291459441184998,-2.8259466
exp3_fixed_2,13667,606.31335,615.58575,0.0,-1.25894033908844,-8.013408
exp3_fixed_2,13668,638.84485,644.29834,0.0,-1.1541534662246704,-4.2992783
exp3_fixed_2,13669,573.7533,579.45905,0.0,-1.6310880184173584,-4.0746183
exp3_fixed_2,13670,629.9031,634.1151,0.0,-1.2442281246185303,-2.9678552
exp3_fixed_2,13671,580.0315,583.09094,0.0,-0.5077436566352844,-2.5517516
exp3_fixed_2,13672,535.77014,540.0804,0.0,-1.3436579704284668,-2.9665725
exp3_fixed_2,13673,552.4695,556.5489,0.0,-1.5333993434906006,-2.545992
exp3_fixed_2,13674,564.8368,571.22174,0.0,-0.8572593331336975,-5.5276966
exp3_fixed_2,13675,556.0635,563.2981,0.0,-1.8729525804519653,-5.3616242
exp3_fixed_2,13676,598.6682,601.621,0.0,-1.6909664869308472,-1.26177
exp3_fixed_2,13677,514.1765,522.203,0.0,-1.8076047897338867,-6.2188616
exp3_fixed_2,13678,589.13574,593.93005,0.0,-0.3814043402671814,-4.412872
exp3_fixed_2,13679,562.8005,568.6894,0.0,-0.5940635800361633,-5.2948465
exp3_fixed_2,13681,609.65753,613.838,0.0,-2.3362555503845215,-1.8442273
exp3_fixed_2,13682,681.64886,688.725,0.0,-2.566002130508423,-4.510089
exp3_fixed_2,13683,672.57666,677.85144,0.0,-0.9283602237701416,-4.346484
exp3_fixed_2,13684,616.53,619.6192,0.0,-0.4058382213115692,-2.68336
exp3_fixed_2,13685,546.1644,551.54956,0.0,-0.8064196705818176,-4.5787325
exp3_fixed_2,13686,620.4891,625.1736,0.0,-1.0522878170013428,-3.632224
exp3_fixed_2,13687,525.8196,531.5978,0.0,-0.5140364766120911,-5.264126
exp3_fixed_2,13688,549.0956,555.1681,0.0,-0.8121582865715027,-5.2603526
exp3_fixed_2,13689,650.2956,656.33606,0.0,-1.0463050603866577,-4.994245
exp3_fixed_2,13690,617.9649,624.0134,0.0,-1.1450666189193726,-4.903449
exp3_fixed_2,13691,555.9582,562.14453,0.0,-1.7007412910461426,-4.4855604
exp3_fixed_2,13692,539.29425,543.7305,0.0,-1.0713880062103271,-3.3648775
exp3_fixed_2,13693,568.8441,575.5449,0.0,-0.8612744212150574,-5.839505
exp3_fixed_2,13694,576.9315,583.6768,0.0,-1.1152838468551636,-5.630011
exp3_fixed_2,13695,606.60986,610.62665,0.0,-1.3546687364578247,-2.6621058
exp3_fixed_2,13696,569.2978,574.6035,0.0,-1.1665624380111694,-4.1391754
exp3_fixed_2,13697,612.7948,616.2144,0.0,-0.3597278296947479,-3.0598955
exp3_fixed_2,13698,518.8823,523.57623,0.0,-0.6854108572006226,-4.00849
exp3_fixed_2,13699,591.1982,595.26324,0.0,-0.6835922002792358,-3.3814726
exp3_fixed_2,13701,625.35986,631.91693,0.0,-1.506667137145996,-5.0503826
exp3_fixed_2,13702,562.05945,568.7962,0.0,-0.25443488359451294,-6.4823155
exp3_fixed_2,13703,613.02515,618.5651,0.0,-1.1643775701522827,-4.375568
exp3_fixed_2,13704,617.3234,623.57825,0.0,-0.6736717224121094,-5.581134
exp3_fixed_2,13705,465.94766,486.7887,0.0,-5.128851413726807,-15.712214
exp3_fixed_2,13706,535.9578,540.93994,0.0,-0.8167091012001038,-4.1654253
exp3_fixed_2,13707,571.45496,576.6572,0.0,-0.6404199004173279,-4.561796
exp3_fixed_2,13708,633.87537,639.10944,0.0,-1.4734536409378052,-3.7605808
exp3_fixed_2,13709,631.4872,638.88116,0.0,-1.0151188373565674,-6.3788815
exp3_fixed_2,13710,466.79944,473.78534,0.0,-0.9224988222122192,-6.0634446
exp3_fixed_2,13711,582.3447,593.6822,0.0,-1.1954214572906494,-10.142011
exp3_fixed_2,13712,604.5571,608.06104,0.0,-0.2500750720500946,-3.2538192
exp3_fixed_2,13713,640.20654,644.9043,0.0,-1.0798723697662354,-3.6178713
exp3_fixed_2,13714,627.6727,632.2732,0.0,-0.6410293579101562,-3.9593754
exp3_fixed_2,13715,593.27466,597.52374,0.0,-1.1499519348144531,-3.0991125
exp3_fixed_2,13716,600.871,605.91473,0.0,-0.684400200843811,-4.359406
exp3_fixed_2,13717,597.9211,603.3097,0.0,-0.8014225959777832,-4.5872045
exp3_fixed_2,13718,579.5417,581.83966,0.0,-0.6678710579872131,-1.6300061
exp3_fixed_2,13719,618.8626,628.61096,0.0,-0.983580470085144,-8.764797
exp3_fixed_2,13721,603.9087,609.261,0.0,-1.784866452217102,-3.5674825
exp3_fixed_2,13722,586.8456,591.56195,0.0,-0.9505982995033264,-3.7657886
exp3_fixed_2,13723,527.2096,532.78796,0.0,-1.0776560306549072,-4.500703
exp3_fixed_2,13724,508.78842,516.0768,0.0,-2.9731526374816895,-4.3152075
exp3_fixed_2,13725,486.30804,491.74945,0.0,-2.149251937866211,-3.292149
exp3_fixed_2,13726,571.4489,576.59546,0.0,-0.7305933237075806,-4.415988
exp3_fixed_2,13727,601.7043,605.09436,0.0,-0.26216161251068115,-3.127915
exp3_fixed_2,13728,604.6878,608.76587,0.0,-0.46001774072647095,-3.6180727
exp3_fixed_2,13729,563.7268,571.3625,0.0,-1.076027512550354,-6.5596213
exp3_fixed_2,13730,516.9569,528.1222,0.0,-2.6574230194091797,-8.507785
exp3_fixed_2,13731,575.35364,578.9616,0.0,-0.8862917423248291,-2.7216167
exp3_fixed_2,13732,514.09894,524.61896,0.0,-5.014448165893555,-5.505609
exp3_fixed_2,13733,568.1763,574.7363,0.0,-0.8229119777679443,-5.737183
exp3_fixed_2,13734,616.0812,624.0275,0.0,-0.6333696246147156,-7.3129997
exp3_fixed_2,13735,528.7156,534.80975,0.0,-0.848861575126648,-5.2452965
exp3_fixed_2,13736,531.1155,537.3929,0.0,-2.750586986541748,-3.5268178
exp3_fixed_2,13737,520.1139,528.6711,0.0,-0.39988869428634644,-8.1572895
exp3_fixed_2,13738,510.94922,520.83344,0.0,-0.4545058012008667,-9.429644
exp3_fixed_2,13739,516.29083,526.67523,0.0,-2.2258596420288086,-8.158535
exp3_fixed_2,13741,584.4256,587.7897,0.0,-0.8136680126190186,-2.5503764
exp3_fixed_2,13742,549.51526,557.098,0.0,-0.4301150441169739,-7.1525984
exp3_fixed_2,13743,575.4498,580.5291,0.0,-3.0350019931793213,-2.0442657
exp3_fixed_2,13744,589.00964,599.746,0.0,-5.526453018188477,-5.209857
exp3_fixed_2,13745,578.8997,584.26355,0.0,-0.5889603495597839,-4.774893
exp3_fixed_2,13746,575.8646,579.80383,0.0,-1.4187060594558716,-2.5205219
exp3_fixed_2,13747,525.1655,532.53906,0.0,-1.2788323163986206,-6.0947304
exp3_fixed_2,13748,501.6504,505.1101,0.0,-0.8122578263282776,-2.6474829
exp3_fixed_2,13749,595.98804,601.2467,0.0,-0.9516004920005798,-4.3070507
exp3_fixed_2,13750,566.1328,573.53625,0.0,-0.8131617903709412,-6.590336
exp3_fixed_2,13751,606.23474,609.84564,0.0,-1.598449468612671,-2.0124416
exp3_fixed_2,13752,572.03577,579.36945,0.0,-1.157426118850708,-6.1762795
exp3_fixed_2,13753,643.559,648.2439,0.0,-0.43361377716064453,-4.2512503
exp3_fixed_2,13754,592.21387,596.4202,0.0,-0.6698222756385803,-3.5365527
exp3_fixed_2,13755,658.83826,663.66187,0.0,-1.000488519668579,-3.8231144
exp3_fixed_2,13756,567.10187,572.5276,0.0,-0.7840090990066528,-4.641723
exp3_fixed_2,13757,482.8548,493.08734,0.0,-4.068777561187744,-6.163754
exp3_fixed_2,13758,601.30096,604.61676,0.0,-0.6017754077911377,-2.714075
exp3_fixed_2,13759,501.2899,507.05408,0.0,-2.4910573959350586,-3.2731125
exp3_fixed_2,13761,506.07126,514.9346,0.0,-6.464448928833008,-2.3988407
exp3_fixed_2,13762,609.9817,613.8203,0.0,-0.9258236885070801,-2.9128425
exp3_fixed_2,13763,589.97614,602.8791,0.0,-1.7071764469146729,-11.195738
exp3_fixed_2,13764,622.64764,630.27893,0.0,-0.6846196055412292,-6.946647
exp3_fixed_2,13765,537.96423,545.23267,0.0,-0.9816809892654419,-6.286739
exp3_fixed_2,13766,609.22076,612.6248,0.0,-0.556151807308197,-2.8479085
exp3_fixed_2,13767,466.34863,493.04816,0.0,-3.993046283721924,-22.706448
exp3_fixed_2,13768,647.781,651.9238,0.0,-0.5321633815765381,-3.6106682
exp3_fixed_2,13769,624.16,628.29517,0.0,-0.44674885272979736,-3.6884427
exp3_fixed_2,13770,550.4932,555.57,0.0,-1.0768556594848633,-3.999914
exp3_fixed_2,13771,549.38605,554.3954,0.0,-1.0462760925292969,-3.9630408
exp3_fixed_2,13772,515.6002,519.41766,0.0,-0.8032827973365784,-3.0142024
exp3_fixed_2,13773,579.0816,582.3485,0.0,-0.9895169138908386,-2.2773788
exp3_fixed_2,13774,606.1572,616.4724,0.0,-5.049168586730957,-5.265993
exp3_fixed_2,13775,544.2551,550.44885,0.0,-1.3401774168014526,-4.8535533
exp3_fixed_2,13776,556.82043,560.19324,0.0,-0.9705163836479187,-2.4022565
exp3_fixed_2,13777,627.0593,635.9602,0.0,-1.0082902908325195,-7.8925533
exp3_fixed_2,13778,542.1738,548.5305,0.0,-0.9858087301254272,-5.370914
exp3_fixed_2,13779,549.7018,559.70135,0.0,-0.4900612235069275,-9.509535
exp3_fixed_2,13781,562.6934,571.0603,0.0,-0.6155113577842712,-7.751378
exp3_fixed_2,13782,559.40796,567.43396,0.0,-4.153565406799316,-3.8723526
exp3_fixed_2,13783,-262.40485,95.29536,-200.0,-155.81784057617188,-1.8823427
exp3_fixed_2,13784,563.7185,569.2452,0.0,-0.6342515349388123,-4.892348
exp3_fixed_2,13785,595.62305,599.6377,0.0,-1.8344451189041138,-2.1801405
exp3_fixed_2,13786,473.28036,479.2306,0.0,-0.9234590530395508,-5.026793
exp3_fixed_2,13787,603.60046,608.08636,0.0,-0.7270567417144775,-3.7588603
exp3_fixed_2,13788,553.854,564.76447,0.0,-1.29537832736969,-9.615119
exp3_fixed_2,13789,-204.11295,4.006845,-200.0,-7.828145980834961,-0.29166234
exp3_fixed_2,13790,538.10706,550.7239,0.0,-3.5816495418548584,-9.03515
exp3_fixed_2,13791,517.31354,528.0667,0.0,-3.288745880126953,-7.4644256
exp3_fixed_2,13792,513.9652,523.4679,0.0,-2.0682666301727295,-7.434443
exp3_fixed_2,13793,636.03485,641.8438,0.0,-0.5707429647445679,-5.238224
exp3_fixed_2,13794,556.4816,559.7389,0.0,-0.8079842329025269,-2.4492435
exp3_fixed_2,13795,651.806,656.5657,0.0,-0.3722263276576996,-4.3874474
exp3_fixed_2,13796,648.3745,651.4049,0.0,-0.7773967981338501,-2.252993
exp3_fixed_2,13797,625.90405,631.1417,0.0,-0.5003976821899414,-4.737318
exp3_fixed_2,13798,560.6804,565.2295,0.0,-1.4713257551193237,-3.0777667
exp3_fixed_2,13799,595.5304,600.7889,0.0,-1.7956676483154297,-3.462877
exp3_fixed_2,13801,521.106,526.914,0.0,-1.3630105257034302,-4.444956
exp3_fixed_2,13802,544.98895,549.85376,0.0,-0.7906419038772583,-4.0741353
exp3_fixed_2,13803,526.64856,531.9641,0.0,-0.7911730408668518,-4.5243425
exp3_fixed_2,13804,619.5593,624.59863,0.0,-1.170433521270752,-3.8688874
exp3_fixed_2,13805,548.7484,551.249,0.0,-0.28378644585609436,-2.2167985
exp3_fixed_2,13806,602.2137,610.75037,0.0,-0.5533400774002075,-7.9833846
exp3_fixed_2,13807,599.34503,604.7606,0.0,-0.9207395315170288,-4.4948554
exp3_fixed_2,13808,565.72546,576.6898,0.0,-0.8599870800971985,-10.104363
exp3_fixed_2,13809,660.4507,665.25226,0.0,-0.651502251625061,-4.150098
exp3_fixed_2,13810,502.56412,508.80334,0.0,-2.0372233390808105,-4.2020445
exp3_fixed_2,13811,595.17395,598.6111,0.0,-0.46253037452697754,-2.9746635
exp3_fixed_2,13812,540.5294,546.7689,0.0,-0.7574390172958374,-5.4820867
exp3_fixed_2,13813,583.1317,585.6657,0.0,-0.515707790851593,-2.0183268
exp3_fixed_2,13814,595.3401,606.28656,0.0,-5.821206092834473,-5.1252537
exp3_fixed_2,13815,641.61633,646.9385,0.0,-0.8435570597648621,-4.478636
exp3_fixed_2,13816,518.1842,531.60315,0.0,-1.545824408531189,-11.873089
exp3_fixed_2,13817,538.4192,544.33405,0.0,-0.8617538213729858,-5.053106
exp3_fixed_2,13818,590.3606,601.8495,0.0,-3.2491281032562256,-8.239776
exp3_fixed_2,13819,501.72,506.62793,0.0,-0.5459914207458496,-4.3619385
exp3_fixed_2,13821,626.86176,633.2458,0.0,-1.1655536890029907,-5.218473
exp3_fixed_2,13822,598.6793,602.22314,0.0,-0.8329047560691833,-2.7109325
exp3_fixed_2,13823,628.5564,633.979,0.0,-1.1577060222625732,-4.2648225
exp3_fixed_2,13824,578.77734,586.6898,0.0,-0.6662869453430176,-7.2461233
exp3_fixed_2,13825,525.0798,549.1072,0.0,-11.454771995544434,-12.572614
exp3_fixed_2,13826,605.2857,607.5143,0.0,-0.4149155616760254,-1.8136903
exp3_fixed_2,13827,560.33344,564.152,0.0,-0.7524838447570801,-3.0660176
exp3_fixed_2,13828,555.71985,562.50867,0.0,-1.0009328126907349,-5.7878323
exp3_fixed_2,13829,568.4762,577.7738,0.0,-2.891515016555786,-6.4060645
exp3_fixed_2,13830,545.38544,554.876,0.0,-0.9044551849365234,-8.586075
exp3_fixed_2,13831,521.51587,527.8649,0.0,-1.7676633596420288,-4.5813947
exp3_fixed_2,13832,583.6632,587.9768,0.0,-1.4454865455627441,-2.8680465
exp3_fixed_2,13833,517.24976,520.33496,0.0,-1.114350438117981,-1.9708091
exp3_fixed_2,13834,547.1571,555.75476,0.0,-3.6732518672943115,-4.9243455
exp3_fixed_2,13835,658.5421,661.47876,0.0,-0.3044002056121826,-2.6322389
exp3_fixed_2,13836,593.3594,597.9314,0.0,-2.3061013221740723,-2.2659209
exp3_fixed_2,13837,547.3788,555.082,0.0,-1.1451616287231445,-6.558028
exp3_fixed_2,13838,614.13794,617.5094,0.0,-0.6153119802474976,-2.7560976
exp3_fixed_2,13839,580.02026,581.53046,0.0,-0.48578375577926636,-1.0244575
exp3_fixed_2,13841,491.12036,498.5936,0.0,-1.0667290687561035,-6.406508
exp3_fixed_2,13842,576.85596,581.08185,0.0,-1.0734785795211792,-3.1524055
exp3_fixed_2,13843,497.8725,512.1905,0.0,-3.1598188877105713,-11.158191
exp3_fixed_2,13844,529.4611,534.9497,0.0,-1.6450320482254028,-3.8435547
exp3_fixed_2,13845,548.08215,554.854,0.0,-2.469825506210327,-4.3020444
exp3_fixed_2,13846,529.1123,533.7234,0.0,-1.5053619146347046,-3.1057968
exp3_fixed_2,13847,561.1456,566.4486,0.0,-0.40274643898010254,-4.9002247
exp3_fixed_2,13848,594.34686,599.2478,0.0,-0.8201042413711548,-4.0808525
exp3_fixed_2,13849,569.9209,573.82574,0.0,-1.1447880268096924,-2.7600296
exp3_fixed_2,13850,461.7764,487.26038,0.0,-3.101529836654663,-22.382479
exp3_fixed_2,13851,572.43427,577.7917,0.0,-0.30675143003463745,-5.0506935
exp3_fixed_2,13852,566.65393,572.3972,0.0,-1.75777268409729,-3.9854913
exp3_fixed_2,13853,587.73346,591.9435,0.0,-1.0787187814712524,-3.1313233
exp3_fixed_2,13854,556.51,562.19226,0.0,-1.682241439819336,-4.0000405
exp3_fixed_2,13855,587.9564,592.1604,0.0,-0.45462924242019653,-3.7493448
exp3_fixed_2,13856,567.5978,572.8565,0.0,-1.051454782485962,-4.2072763
exp3_fixed_2,13857,632.8817,635.0559,0.0,-0.30510109663009644,-1.869048
exp3_fixed_2,13858,568.8214,579.23315,0.0,-1.5567470788955688,-8.854947
exp3_fixed_2,13859,620.90155,624.085,0.0,-0.9770944118499756,-2.2063813
exp3_fixed_2,13861,544.19183,547.3816,0.0,-0.6118245720863342,-2.5779617
exp3_fixed_2,13862,541.1048,546.05804,0.0,-2.223010540008545,-2.7302039
exp3_fixed_2,13863,636.4648,640.80554,0.0,-1.1683003902435303,-3.1724827
exp3_fixed_2,13864,586.421,588.98035,0.0,-0.7954804301261902,-1.7638096
exp3_fixed_2,13865,555.91626,561.2337,0.0,-1.2849500179290771,-4.0324802
exp3_fixed_2,13866,568.499,575.91797,0.0,-0.9094854593276978,-6.5094004
exp3_fixed_2,13867,596.9997,602.0318,0.0,-1.590248465538025,-3.4418397
exp3_fixed_2,13868,461.67294,468.40442,0.0,-1.652348279953003,-5.0791087
exp3_fixed_2,13869,625.702,631.14734,0.0,-1.5376193523406982,-3.9076896
exp3_fixed_2,13870,532.60266,538.7694,0.0,-0.46899497509002686,-5.697809
exp3_fixed_2,13871,542.69336,549.97455,0.0,-1.2178409099578857,-6.063403
exp3_fixed_2,13872,518.4978,529.3135,0.0,-0.6745780110359192,-10.14114
exp3_fixed_2,13873,600.2877,606.00696,0.0,-1.59756338596344,-4.1216397
exp3_fixed_2,13874,580.00555,584.6522,0.0,-0.804755449295044,-3.8418756
exp3_fixed_2,13875,602.6566,607.0849,0.0,-1.5107753276824951,-2.9174838
exp3_fixed_2,13876,557.14136,561.8876,0.0,-0.9102751612663269,-3.8359916
exp3_fixed_2,13877,620.03394,625.2957,0.0,-1.2419614791870117,-4.0198154
exp3_fixed_2,13878,620.64966,627.3537,0.0,-2.3177735805511475,-4.3863077
exp3_fixed_2,13879,575.2355,581.6389,0.0,-0.39313507080078125,-6.0102997
exp3_fixed_2,13881,621.5272,625.8854,0.0,-0.7003780007362366,-3.6578016
exp3_fixed_2,13882,663.51855,667.43567,0.0,-0.32287275791168213,-3.594155
exp3_fixed_2,13883,566.9347,570.0033,0.0,-0.5383733510971069,-2.530238
exp3_fixed_2,13884,600.19165,606.9214,0.0,-1.1195852756500244,-5.610132
exp3_fixed_2,13885,549.6348,556.15063,0.0,-0.36865976452827454,-6.147133
exp3_fixed_2,13886,588.07544,593.00305,0.0,-1.619673728942871,-3.307935
exp3_fixed_2,13887,549.2341,562.7291,0.0,-2.9976346492767334,-10.49741
exp3_fixed_2,13888,539.0938,546.147,0.0,-1.7768677473068237,-5.2763076
exp3_fixed_2,13889,606.5342,611.3573,0.0,-1.2604390382766724,-3.5626307
exp3_fixed_2,13890,611.1541,618.1904,0.0,-0.5620718598365784,-6.474237
exp3_fixed_2,13891,550.6994,555.3383,0.0,-1.564043641090393,-3.0748587
exp3_fixed_2,13892,641.6428,646.6823,0.0,-0.746999979019165,-4.2924194
exp3_fixed_2,13893,533.85,540.9096,0.0,-0.6466939449310303,-6.412961
exp3_fixed_2,13894,440.1076,478.542,0.0,-23.339372634887695,-15.095047
exp3_fixed_2,13895,614.90936,620.06445,0.0,-1.6087276935577393,-3.5463247
exp3_fixed_2,13896,534.9813,538.7468,0.0,-0.28344398736953735,-3.4820836
exp3_fixed_2,13897,597.6773,601.77386,0.0,-0.5714622735977173,-3.525131
exp3_fixed_2,13898,586.9262,590.05145,0.0,-1.093374252319336,-2.0318694
exp3_fixed_2,13899,588.6545,594.42456,0.0,-1.567080020904541,-4.2030396
exp3_fixed_2,13901,584.9404,589.6677,0.0,-1.014542818069458,-3.7127626
exp3_fixed_2,13902,573.01086,579.7881,0.0,-0.9355428814888,-5.841644
exp3_fixed_2,13903,591.3992,595.4375,0.0,-0.9941253662109375,-3.0442297
exp3_fixed_2,13904,584.33167,589.8816,0.0,-2.1368446350097656,-3.4130569
exp3_fixed_2,13905,547.55676,556.45886,0.0,-1.6389751434326172,-7.263137
exp3_fixed_2,13906,559.5454,565.1888,0.0,-0.7953089475631714,-4.8480973
exp3_fixed_2,13907,601.66754,605.0823,0.0,-0.39866501092910767,-3.0160654
exp3_fixed_2,13908,536.2291,541.8401,0.0,-1.6446551084518433,-3.9662595
exp3_fixed_2,13909,539.9928,544.6515,0.0,-0.9024680256843567,-3.756198
exp3_fixed_2,13910,657.5823,662.2446,0.0,-0.89708411693573,-3.7652676
exp3_fixed_2,13911,531.05273,538.4143,0.0,-1.7183470726013184,-5.6431966
exp3_fixed_2,13912,602.19336,606.38214,0.0,-1.7391469478607178,-2.449622
exp3_fixed_2,13913,563.40405,569.7821,0.0,-1.2983555793762207,-5.07974
exp3_fixed_2,13914,536.05524,543.2499,0.0,-2.7066080570220947,-4.4880238
exp3_fixed_2,13915,593.09784,599.7571,0.0,-1.309678554534912,-5.3495545
exp3_fixed_2,13916,613.60144,618.1878,0.0,-0.8460489511489868,-3.7403176
exp3_fixed_2,13917,565.7135,572.74097,0.0,-1.2270328998565674,-5.8003874
exp3_fixed_2,13918,650.0266,653.6429,0.0,-0.3536613881587982,-3.2626123
exp3_fixed_2,13919,612.2877,614.4352,0.0,-0.6761899590492249,-1.4713203
exp3_fixed_2,13921,550.52167,556.72144,0.0,-1.5313880443572998,-4.6683664
exp3_fixed_2,13922,625.503,632.7349,0.0,-2.85252046585083,-4.3794045
exp3_fixed_2,13923,549.5208,556.7732,0.0,-2.50492000579834,-4.747473
exp3_fixed_2,13924,639.95984,645.0244,0.0,-0.7122653722763062,-4.352336
exp3_fixed_2,13925,535.4271,538.74896,0.0,-0.4114472270011902,-2.9103322
exp3_fixed_2,13926,610.73535,617.42194,0.0,-1.8532299995422363,-4.833404
exp3_fixed_2,13927,672.9203,679.5114,0.0,-1.0776476860046387,-5.513514
exp3_fixed_2,13928,643.17,652.5389,0.0,-1.7823739051818848,-7.586527
exp3_fixed_2,13929,517.2505,521.3393,0.0,-2.1449289321899414,-1.9438757
exp3_fixed_2,13930,461.95276,466.70517,0.0,-0.9680627584457397,-3.7843232
exp3_fixed_2,13931,555.4447,559.70654,0.0,-2.0087313652038574,-2.2530632
exp3_fixed_2,13932,557.84796,563.4178,0.0,-1.9431607723236084,-3.6266456
exp3_fixed_2,13933,515.3858,519.9781,0.0,-1.6766924858093262,-2.9156432
exp3_fixed_2,13934,484.5157,491.09607,0.0,-1.0442132949829102,-5.5361876
exp3_fixed_2,13935,550.05286,555.4096,0.0,-2.3874728679656982,-2.9692292
exp3_fixed_2,13936,572.8189,578.77954,0.0,-1.7515349388122559,-4.2091446
exp3_fixed_2,13937,519.57007,525.10376,0.0,-0.3036592900753021,-5.230044
exp3_fixed_2,13938,583.34546,587.43726,0.0,-0.9886822700500488,-3.103053
exp3_fixed_2,13939,586.9708,593.42535,0.0,-0.9661024212837219,-5.4884214
exp3_fixed_2,13941,556.03485,559.0309,0.0,-1.836025595664978,-1.1600045
exp3_fixed_2,13942,508.08685,513.95416,0.0,-2.5501480102539062,-3.3171434
exp3_fixed_2,13943,533.5505,542.70856,0.0,-3.9131948947906494,-5.244834
exp3_fixed_2,13944,507.92935,526.8423,0.0,-3.7948031425476074,-15.118129
exp3_fixed_2,13945,561.43933,571.1442,0.0,-3.974750518798828,-5.7301764
exp3_fixed_2,13946,564.1958,569.3224,0.0,-0.49128326773643494,-4.6353397
exp3_fixed_2,13947,649.84717,659.2914,0.0,-4.8289794921875,-4.615307
exp3_fixed_2,13948,696.121,700.2976,0.0,-0.3872259855270386,-3.789404
exp3_fixed_2,13949,581.41235,588.0244,0.0,-2.6418869495391846,-3.9701524
exp3_fixed_2,13950,585.56964,590.7377,0.0,-0.5794152617454529,-4.588606
exp3_fixed_2,13951,416.15515,438.84363,0.0,-15.653543472290039,-7.034895
exp3_fixed_2,13952,621.04224,629.37744,0.0,-2.0737802982330322,-6.261428
exp3_fixed_2,13953,482.48383,487.0498,0.0,-2.016739845275879,-2.5492406
exp3_fixed_2,13954,582.22925,586.07874,0.0,-1.1267591714859009,-2.7227035
exp3_fixed_2,13955,555.03973,560.64307,0.0,-1.8241466283798218,-3.7792125
exp3_fixed_2,13956,530.7785,536.46204,0.0,-1.0050607919692993,-4.6784477
exp3_fixed_2,13957,642.3436,645.5622,0.0,-0.8724244236946106,-2.346129
exp3_fixed_2,13958,581.8873,585.31433,0.0,-0.5774924159049988,-2.8495035
exp3_fixed_2,13959,559.1631,564.46094,0.0,-0.6810019016265869,-4.6168566
exp3_fixed_2,13961,461.0986,468.66702,0.0,-0.6967319250106812,-6.8717113
exp3_fixed_2,13962,577.6072,590.73627,0.0,-2.4646010398864746,-10.664515
exp3_fixed_2,13963,597.1685,598.79517,0.0,-0.4347892105579376,-1.1918373
exp3_fixed_2,13964,617.5951,620.2048,0.0,-0.8214220404624939,-1.7882268
exp3_fixed_2,13965,578.43713,584.14856,0.0,-0.9664708375930786,-4.7449217
exp3_fixed_2,13966,629.7689,634.0547,0.0,-0.9783834218978882,-3.3072991
exp3_fixed_2,13967,632.7855,635.31195,0.0,-0.3983546197414398,-2.1280966
exp3_fixed_2,13968,-161.70801,49.620785,-200.0,-9.136397361755371,-2.1923807
exp3_fixed_2,13969,512.15436,526.55835,0.0,-4.78502082824707,-9.61896
exp3_fixed_2,13970,650.3882,652.89636,0.0,-0.4692489504814148,-2.0389256
exp3_fixed_2,13971,616.3541,621.816,0.0,-1.138440489768982,-4.323387
exp3_fixed_2,13972,673.3198,677.9995,0.0,-0.7096099853515625,-3.970143
exp3_fixed_2,13973,634.2173,638.8046,0.0,-0.9878990650177002,-3.5994456
exp3_fixed_2,13974,579.99255,584.2806,0.0,-1.4262943267822266,-2.8617566
exp3_fixed_2,13975,624.4182,628.29834,0.0,-0.8138618469238281,-3.0662239
exp3_fixed_2,13976,561.12085,567.8329,0.0,-3.06107759475708,-3.651004
exp3_fixed_2,13977,619.2286,627.7559,0.0,-1.4249930381774902,-7.102336
exp3_fixed_2,13978,561.9523,568.9273,0.0,-1.7194371223449707,-5.2556257
exp3_fixed_2,13979,608.9645,613.79315,0.0,-1.3309922218322754,-3.4977098
exp3_fixed_2,13981,635.18317,639.54205,0.0,-1.0023000240325928,-3.3565848
exp3_fixed_2,13982,-232.9469,128.49945,-200.0,-157.44558715820312,-4.000735
exp3_fixed_2,13983,541.78906,557.0751,0.0,-3.566803455352783,-11.719185
exp3_fixed_2,13984,579.07294,582.21783,0.0,-0.7099287509918213,-2.4349585
exp3_fixed_2,13985,563.67664,567.04596,0.0,-0.32954031229019165,-3.0397727
exp3_fixed_2,13986,631.0099,636.93604,0.0,-2.2449748516082764,-3.6811626
exp3_fixed_2,13987,624.65015,631.9686,0.0,-0.31622928380966187,-7.002287
exp3_fixed_2,13988,639.15125,643.75916,0.0,-0.5575852990150452,-4.050278
exp3_fixed_2,13989,560.78723,568.42285,0.0,-4.285348415374756,-3.3502762
exp3_fixed_2,13990,531.5642,535.42834,0.0,-0.8388583660125732,-3.025292
exp3_fixed_2,13991,536.6967,541.0618,0.0,-1.0746499300003052,-3.2904258
exp3_fixed_2,13992,557.65497,560.9342,0.0,-1.027567982673645,-2.251698
exp3_fixed_2,13993,582.4868,590.4271,0.0,-0.34234052896499634,-7.597931
exp3_fixed_2,13994,558.65485,562.1506,0.0,-0.3185867965221405,-3.1771226
exp3_fixed_2,13995,547.55896,552.2229,0.0,-0.4977896511554718,-4.1661205
exp3_fixed_2,13996,652.2123,656.49316,0.0,-0.41555678844451904,-3.8653307
exp3_fixed_2,13997,612.52814,619.2542,0.0,-1.3027679920196533,-5.423336
exp3_fixed_2,13998,562.29663,564.4486,0.0,-0.6541415452957153,-1.4978586
exp3_fixed_2,13999,606.9808,614.412,0.0,-3.07491397857666,-4.356344
exp3_fixed_2,14001,546.4828,552.3101,0.0,-0.5844317674636841,-5.2428865
exp3_fixed_2,14002,558.8473,563.1326,0.0,-1.4902998208999634,-2.7950528
exp3_fixed_2,14003,600.73804,605.02325,0.0,-1.0833251476287842,-3.2018847
exp3_fixed_2,14004,628.26044,632.07214,0.0,-0.3232194185256958,-3.4885108
exp3_fixed_2,14005,566.306,572.2521,0.0,-0.9864997267723083,-4.9595547
exp3_fixed_2,14006,605.4247,608.4491,0.0,-0.4617990255355835,-2.5626068
exp3_fixed_2,14007,584.68915,590.32324,0.0,-2.7369585037231445,-2.897139
exp3_fixed_2,14008,538.08765,541.80115,0.0,-0.2572247385978699,-3.4563086
exp3_fixed_2,14009,615.6082,623.01715,0.0,-1.0617233514785767,-6.347207
exp3_fixed_2,14010,574.7933,585.15967,0.0,-0.474639356136322,-9.89172
exp3_fixed_2,14011,614.87476,618.35657,0.0,-0.45586270093917847,-3.025917
exp3_fixed_2,14012,618.68787,623.01117,0.0,-1.0473225116729736,-3.2760293
exp3_fixed_2,14013,541.1592,543.89575,0.0,-1.1795711517333984,-1.5570408
exp3_fixed_2,14014,640.1763,643.3696,0.0,-0.5231100916862488,-2.6702054
exp3_fixed_2,14015,554.3769,557.38495,0.0,-0.6983219385147095,-2.3097146
exp3_fixed_2,14016,600.5133,606.167,0.0,-1.9405604600906372,-3.713154
exp3_fixed_2,14017,608.7461,616.6466,0.0,-1.0758438110351562,-6.8246536
exp3_fixed_2,14018,598.4272,601.90265,0.0,-0.7174568176269531,-2.7580142
exp3_fixed_2,14019,673.1837,680.9359,0.0,-1.2461824417114258,-6.5060844
exp3_fixed_2,14021,532.0238,537.0031,0.0,-0.9323005080223083,-4.047016
exp3_fixed_2,14022,650.2794,658.05505,0.0,-0.923302173614502,-6.8523345
exp3_fixed_2,14023,592.5825,596.38635,0.0,-0.948340117931366,-2.8554637
exp3_fixed_2,14024,608.5678,611.7943,0.0,-0.5398740768432617,-2.6866217
exp3_fixed_2,14025,539.66895,545.91455,0.0,-0.4284471571445465,-5.8171678
exp3_fixed_2,14026,587.41125,591.2737,0.0,-1.0094157457351685,-2.853024
exp3_fixed_2,14027,-187.74265,127.56844,-200.0,-113.05662536621094,-2.2544563
exp3_fixed_2,14028,526.20337,530.7629,0.0,-0.9866135716438293,-3.5729141
exp3_fixed_2,14029,535.8849,543.41156,0.0,-0.5223921537399292,-7.0042357
exp3_fixed_2,14030,623.85583,627.8779,0.0,-1.0761053562164307,-2.9460058
exp3_fixed_2,14031,592.0488,597.2901,0.0,-1.0768051147460938,-4.1645074
exp3_fixed_2,14032,602.5735,610.89453,0.0,-1.1330876350402832,-7.187893
exp3_fixed_2,14033,550.1755,560.6903,0.0,-0.843851625919342,-9.671
exp3_fixed_2,14034,509.53284,515.59076,0.0,-0.3435204029083252,-5.7144094
exp3_fixed_2,14035,573.34644,576.7378,0.0,-1.0853028297424316,-2.3060415
exp3_fixed_2,14036,527.15155,533.3279,0.0,-2.7899115085601807,-3.3864007
exp3_fixed_2,14037,598.5049,601.2992,0.0,-0.6994854211807251,-2.0947483
exp3_fixed_2,14038,632.9082,637.3565,0.0,-1.5899028778076172,-2.8583577
exp3_fixed_2,14039,579.3583,585.992,0.0,-0.4121757745742798,-6.2215557
exp3_fixed_2,14041,589.77637,594.4164,0.0,-1.3698538541793823,-3.2700915
exp3_fixed_2,14042,631.5651,637.4956,0.0,-1.3175091743469238,-4.613014
exp3_fixed_2,14043,519.1223,524.73193,0.0,-0.22963203489780426,-5.3800144
exp3_fixed_2,14044,601.73425,607.7236,0.0,-1.2209223508834839,-4.768458
exp3_fixed_2,14045,579.8158,583.1986,0.0,-1.2592484951019287,-2.123633
exp3_fixed_2,14046,630.7953,637.3621,0.0,-4.193138122558594,-2.3737328
exp3_fixed_2,14047,565.28467,570.4564,0.0,-3.2564890384674072,-1.9152741
exp3_fixed_2,14048,580.02234,584.2997,0.0,-0.8783484697341919,-3.3989773
exp3_fixed_2,14049,522.67926,528.88763,0.0,-0.5451626777648926,-5.6632085
exp3_fixed_2,14050,566.9352,572.3274,0.0,-0.9811981320381165,-4.411002
exp3_fixed_2,14051,624.81366,629.65063,0.0,-0.40707600116729736,-4.4298806
exp3_fixed_2,14052,563.35876,565.17224,0.0,-0.24629682302474976,-1.5671228
exp3_fixed_2,14053,665.3064,668.4708,0.0,-0.4427456557750702,-2.7216053
exp3_fixed_2,14054,591.39355,600.0519,0.0,-1.3356810808181763,-7.3226933
exp3_fixed_2,14055,570.1681,574.1582,0.0,-0.6212441325187683,-3.3688831
exp3_fixed_2,14056,644.1843,648.0845,0.0,-0.8273410797119141,-3.0728118
exp3_fixed_2,14057,554.9584,561.1531,0.0,-0.6480514407157898,-5.5467
exp3_fixed_2,14058,528.4698,530.73157,0.0,-0.26391685009002686,-1.997818
exp3_fixed_2,14059,566.9015,571.46704,0.0,-2.163670778274536,-2.4018404
exp3_fixed_2,14061,616.6247,621.54596,0.0,-2.091332197189331,-2.8299603
exp3_fixed_2,14062,561.1689,567.37646,0.0,-0.6201198101043701,-5.58746
exp3_fixed_2,14063,505.23645,513.7954,0.0,-3.021836519241333,-5.53712
exp3_fixed_2,14064,596.4836,601.83154,0.0,-0.7277474403381348,-4.6201773
exp3_fixed_2,14065,600.68536,610.60156,0.0,-1.1583824157714844,-8.757824
exp3_fixed_2,14066,561.3605,566.2401,0.0,-0.4761813282966614,-4.403437
exp3_fixed_2,14067,549.666,552.7279,0.0,-0.529994785785675,-2.5319495
exp3_fixed_2,14068,595.4857,601.49445,0.0,-2.3344223499298096,-3.6743028
exp3_fixed_2,14069,594.08655,598.714,0.0,-0.8295049071311951,-3.7978914
exp3_fixed_2,14070,436.7398,444.27493,0.0,-2.703597068786621,-4.8315096
exp3_fixed_2,14071,614.6742,618.2111,0.0,-0.25850048661231995,-3.278448
exp3_fixed_2,14072,520.63794,527.7565,0.0,-2.118931293487549,-4.9996243
exp3_fixed_2,14073,679.0962,683.11896,0.0,-1.2573401927947998,-2.7654269
exp3_fixed_2,14074,543.7584,546.8064,0.0,-0.4509335160255432,-2.5969973
exp3_fixed_2,14075,596.7405,602.14825,0.0,-0.6422999501228333,-4.765485
exp3_fixed_2,14076,597.6464,601.55444,0.0,-0.5937473177909851,-3.314282
exp3_fixed_2,14077,516.80164,519.49335,0.0,-0.906565248966217,-1.7851973
exp3_fixed_2,14078,526.067,529.9283,0.0,-1.809499740600586,-2.0517504
exp3_fixed_2,14079,667.68335,672.95703,0.0,-0.415993332862854,-4.857578
exp3_fixed_2,14081,572.2898,579.10565,0.0,-0.7282414436340332,-6.087614
exp3_fixed_2,14082,-153.28575,59.80089,-200.0,-12.105339050292969,-0.981298
exp3_fixed_2,14083,549.78,555.67444,0.0,-0.8167139887809753,-5.077718
exp3_fixed_2,14084,525.7048,529.98413,0.0,-1.1435201168060303,-3.13585
exp3_fixed_2,14085,559.93744,563.5214,0.0,-0.7565746307373047,-2.8274555
exp3_fixed_2,14086,543.39575,551.5029,0.0,-1.3951257467269897,-6.71209
exp3_fixed_2,14087,547.9739,554.2759,0.0,-2.59684419631958,-3.7050862
exp3_fixed_2,14088,617.4264,621.2019,0.0,-0.4891855716705322,-3.2863343
exp3_fixed_2,14089,566.3272,568.8102,0.0,-0.3682028651237488,-2.1147559
exp3_fixed_2,14090,569.168,576.4075,0.0,-0.5203251242637634,-6.719135
exp3_fixed_2,14091,586.40265,593.92773,0.0,-1.7214903831481934,-5.803593
exp3_fixed_2,14092,575.7458,584.1032,0.0,-1.1614161729812622,-7.196031
exp3_fixed_2,14093,608.2286,610.2437,0.0,-0.6169252395629883,-1.3982126
exp3_fixed_2,14094,570.6417,573.31885,0.0,-0.6764731407165527,-2.0006142
exp3_fixed_2,14095,517.44934,522.4401,0.0,-0.8462627530097961,-4.1445465
exp3_fixed_2,14096,600.7499,607.20154,0.0,-1.9257346391677856,-4.5259495
exp3_fixed_2,14097,539.1705,545.5044,0.0,-0.5935046672821045,-5.740397
exp3_fixed_2,14098,612.1411,616.8421,0.0,-0.4529849886894226,-4.2480235
exp3_fixed_2,14099,579.2642,586.28735,0.0,-1.3656278848648071,-5.657524
exp3_fixed_2,14101,628.32684,631.8164,0.0,-0.4075250029563904,-3.0820568
exp3_fixed_2,14102,481.99512,487.6335,0.0,-0.7520343661308289,-4.8863773
exp3_fixed_2,14103,552.23413,558.0188,0.0,-0.7158383131027222,-5.068734
exp3_fixed_2,14104,556.72784,561.10425,0.0,-0.19092199206352234,-4.1855273
exp3_fixed_2,14105,562.66064,567.16473,0.0,-0.5371015071868896,-3.9669676
exp3_fixed_2,14106,581.35675,586.7728,0.0,-0.91570645570755,-4.500378
exp3_fixed_2,14107,586.67065,598.1264,0.0,-0.6182901263237,-10.837481
exp3_fixed_2,14108,585.90936,593.36273,0.0,-1.3721712827682495,-6.0812283
exp3_fixed_2,14109,592.7351,598.2864,0.0,-0.14471115171909332,-5.4065123
exp3_fixed_2,14110,583.7385,587.7434,0.0,-1.360896348953247,-2.6439633
exp3_fixed_2,14111,551.5453,557.11163,0.0,-1.5715194940567017,-3.9948287
exp3_fixed_2,14112,561.395,567.2796,0.0,-1.2454763650894165,-4.639116
exp3_fixed_2,14113,569.91473,574.31616,0.0,-1.7024325132369995,-2.6989892
exp3_fixed_2,14114,593.22546,603.11444,0.0,-5.040945529937744,-4.848034
exp3_fixed_2,14115,579.3407,581.28864,0.0,-0.3217006325721741,-1.6263059
exp3_fixed_2,14116,581.5062,586.3954,0.0,-1.1844358444213867,-3.704707
exp3_fixed_2,14117,656.2888,662.578,0.0,-1.154457449913025,-5.1346984
exp3_fixed_2,14118,606.8075,612.72076,0.0,-0.48236238956451416,-5.430846
exp3_fixed_2,14119,-99.10722,-43.324924,0.0,-50.750370025634766,-5.0319605
exp3_fixed_2,14121,595.042,601.30383,0.0,-1.2320128679275513,-5.02988
exp3_fixed_2,14122,633.0072,637.8895,0.0,-2.351349353790283,-2.5309656
exp3_fixed_2,14123,507.58716,511.89264,0.0,-0.4840198755264282,-3.821446
exp3_fixed_2,14124,552.2491,558.4604,0.0,-3.3226094245910645,-2.8886786
exp3_fixed_2,14125,629.3838,631.8597,0.0,-0.4970291256904602,-1.9788072
exp3_fixed_2,14126,616.09924,622.15796,0.0,-3.5597009658813477,-2.4990716
exp3_fixed_2,14127,597.87524,601.1174,0.0,-0.5406801104545593,-2.701418
exp3_fixed_2,14128,543.09326,549.41437,0.0,-1.665671467781067,-4.655458
exp3_fixed_2,14129,681.8259,685.1416,0.0,-0.8826989531517029,-2.432975
exp3_fixed_2,14130,559.55273,564.82874,0.0,-0.8379942178726196,-4.43805
exp3_fixed_2,14131,632.5895,635.8717,0.0,-0.40169158577919006,-2.8804772
exp3_fixed_2,14132,661.7549,668.9844,0.0,-1.7748576402664185,-5.4546576
exp3_fixed_2,14133,472.31555,483.09558,0.0,-2.443652391433716,-8.336382
exp3_fixed_2,14134,547.67676,550.69183,0.0,-0.508222222328186,-2.5068662
exp3_fixed_2,14135,583.22107,589.36957,0.0,-0.6733728647232056,-5.4751406
exp3_fixed_2,14136,600.9831,605.24316,0.0,-1.3852053880691528,-2.8748636
exp3_fixed_2,14137,606.14307,610.1246,0.0,-0.49843424558639526,-3.483042
exp3_fixed_2,14138,551.7973,557.56635,0.0,-0.6694621443748474,-5.0995865
exp3_fixed_2,14139,507.2942,512.7491,0.0,-1.7787996530532837,-3.6760767
exp3_fixed_2,14141,575.9739,584.7661,0.0,-6.245455741882324,-2.5467656
exp3_fixed_2,14142,614.1911,620.80664,0.0,-1.4957785606384277,-5.1198
exp3_fixed_2,14143,548.7455,554.7323,0.0,-0.8898939490318298,-5.096941
exp3_fixed_2,14144,636.05914,640.22766,0.0,-0.7615660429000854,-3.406914
exp3_fixed_2,14145,603.73785,610.9469,0.0,-0.4361729621887207,-6.772842
exp3_fixed_2,14146,552.3446,559.1154,0.0,-1.1302249431610107,-5.6405463
exp3_fixed_2,14147,589.6864,595.5421,0.0,-1.2604079246520996,-4.595306
exp3_fixed_2,14148,582.0746,584.6694,0.0,-0.6790707111358643,-1.9157261
exp3_fixed_2,14149,469.85315,479.32065,0.0,-5.706259250640869,-3.7612164
exp3_fixed_2,14150,521.63293,527.3713,0.0,-0.6145915985107422,-5.1237855
exp3_fixed_2,14151,618.0376,622.37177,0.0,-0.6682246923446655,-3.6659143
exp3_fixed_2,14152,560.3187,565.49744,0.0,-1.3835062980651855,-3.7952085
exp3_fixed_2,14153,522.6714,526.82764,0.0,-0.6747255921363831,-3.4815283
exp3_fixed_2,14154,541.2901,545.85004,0.0,-0.6365276575088501,-3.9234338
exp3_fixed_2,14155,580.0577,587.7472,0.0,-1.260603666305542,-6.428912
exp3_fixed_2,14156,574.25995,579.4214,0.0,-0.3630301356315613,-4.7984
exp3_fixed_2,14157,580.8401,583.4274,0.0,-0.2606409788131714,-2.3267193
exp3_fixed_2,14158,615.26245,620.8833,0.0,-1.320508360862732,-4.3002977
exp3_fixed_2,14159,612.8104,616.03265,0.0,-0.5135785937309265,-2.708637
exp3_fixed_2,14161,490.40143,503.46136,0.0,-3.943220853805542,-9.116712
exp3_fixed_2,14162,615.58276,619.2117,0.0,-0.7809295654296875,-2.847979
exp3_fixed_2,14163,484.11743,494.8579,0.0,-3.8653476238250732,-6.875094
exp3_fixed_2,14164,607.3517,616.554,0.0,-0.6345244646072388,-8.567843
exp3_fixed_2,14165,488.8329,494.45575,0.0,-1.0811407566070557,-4.54171
exp3_fixed_2,14166,597.08374,601.2807,0.0,-0.9501383304595947,-3.24688
exp3_fixed_2,14167,563.92725,569.2803,0.0,-2.97044038772583,-2.3825736
exp3_fixed_2,14168,600.5781,606.1477,0.0,-0.7869745492935181,-4.7825956
exp3_fixed_2,14169,593.82996,599.51086,0.0,-0.6767820715904236,-5.004078
exp3_fixed_2,14170,540.4852,550.97217,0.0,-1.6238126754760742,-8.863116
exp3_fixed_2,14171,-70.716125,-30.492281,0.0,-34.68360137939453,-5.540198
exp3_fixed_2,14172,549.9558,553.43665,0.0,-0.2527911067008972,-3.2280273
exp3_fixed_2,14173,560.2261,565.3505,0.0,-0.5627046227455139,-4.561763
exp3_fixed_2,14174,673.8417,677.14526,0.0,-0.83248370885849,-2.4711595
exp3_fixed_2,14175,601.8872,606.1133,0.0,-0.6131613254547119,-3.6128666
exp3_fixed_2,14176,483.57617,495.8436,0.0,-2.7858803272247314,-9.481538
exp3_fixed_2,14177,613.3381,616.7179,0.0,-0.5591626167297363,-2.8206623
exp3_fixed_2,14178,580.1391,586.5594,0.0,-1.0770282745361328,-5.3432455
exp3_fixed_2,14179,546.9131,552.95953,0.0,-0.7628242373466492,-5.2836843
exp3_fixed_2,14181,551.59503,556.10333,0.0,-0.9041798114776611,-3.604095
exp3_fixed_2,14182,544.5949,551.549,0.0,-2.058459758758545,-4.895646
exp3_fixed_2,14183,635.473,640.25165,0.0,-0.514664351940155,-4.263905
exp3_fixed_2,14184,558.7556,564.6325,0.0,-0.8977963328361511,-4.979137
exp3_fixed_2,14185,558.5405,567.475,0.0,-1.4598156213760376,-7.4746423
exp3_fixed_2,14186,591.2452,593.6769,0.0,-0.8080439567565918,-1.6236653
exp3_fixed_2,14187,654.9846,661.4069,0.0,-3.2784337997436523,-3.143916
exp3_fixed_2,14188,555.9261,561.4963,0.0,-0.7041253447532654,-4.866075
exp3_fixed_2,14189,631.1054,635.8804,0.0,-0.5189262628555298,-4.256025
exp3_fixed_2,14190,578.2422,581.45337,0.0,-0.5059292316436768,-2.705285
exp3_fixed_2,14191,639.26,647.8755,0.0,-1.6707472801208496,-6.9447308
exp3_fixed_2,14192,615.4435,629.6637,0.0,-1.5373709201812744,-12.682839
exp3_fixed_2,14193,617.4039,625.4984,0.0,-0.6462003588676453,-7.4483566
exp3_fixed_2,14194,606.80054,609.4973,0.0,-0.6004090309143066,-2.096378
exp3_fixed_2,14195,647.59503,651.7138,0.0,-0.789308488368988,-3.3293924
exp3_fixed_2,14196,664.2735,668.79663,0.0,-0.4720282256603241,-4.0510883
exp3_fixed_2,14197,578.48224,580.9568,0.0,-0.8307249546051025,-1.6438826
exp3_fixed_2,14198,507.45123,511.97827,0.0,-0.919961154460907,-3.6070426
exp3_fixed_2,14199,527.3542,533.92413,0.0,-2.2550110816955566,-4.314921
exp3_fixed_2,14201,574.01355,576.0143,0.0,-0.16094395518302917,-1.8397925
exp3_fixed_2,14202,625.37854,631.0119,0.0,-1.0408153533935547,-4.592473
exp3_fixed_2,14203,595.35364,600.6055,0.0,-0.7603955268859863,-4.491493
exp3_fixed_2,14204,683.7831,687.21704,0.0,-0.19544225931167603,-3.2384756
exp3_fixed_2,14205,601.6948,605.35333,0.0,-0.5174452066421509,-3.1409628
exp3_fixed_2,14206,556.9686,559.8673,0.0,-1.185335397720337,-1.7133787
exp3_fixed_2,14207,473.83392,479.40622,0.0,-1.0419588088989258,-4.530313
exp3_fixed_2,14208,528.51416,537.9883,0.0,-2.2494401931762695,-7.22474
exp3_fixed_2,14209,552.7252,557.0344,0.0,-0.5458003878593445,-3.7633407
exp3_fixed_2,14210,642.5708,650.5056,0.0,-0.7456560134887695,-7.189127
exp3_fixed_2,14211,538.9955,551.1938,0.0,-2.398813486099243,-9.799552
exp3_fixed_2,14212,544.25726,548.45044,0.0,-1.5257558822631836,-2.6674235
exp3_fixed_2,14213,624.2306,630.23395,0.0,-1.684495210647583,-4.31885
exp3_fixed_2,14214,623.11426,628.69293,0.0,-0.7220925688743591,-4.856558
exp3_fixed_2,14215,444.25726,457.4099,0.0,-11.978137016296387,-1.1745287
exp3_fixed_2,14216,553.65576,556.90576,0.0,-0.49594441056251526,-2.7540505
exp3_fixed_2,14217,553.78827,564.9997,0.0,-1.0440099239349365,-10.167439
exp3_fixed_2,14218,568.20306,571.92346,0.0,-0.8374665379524231,-2.8829193
exp3_fixed_2,14219,583.1664,587.4315,0.0,-0.6997607946395874,-3.5653324
exp3_fixed_2,14221,561.0717,563.80566,0.0,-0.5781770944595337,-2.1558344
exp3_fixed_2,14222,554.7736,564.3358,0.0,-0.8202532529830933,-8.741959
exp3_fixed_2,14223,644.6333,648.87366,0.0,-0.8386948108673096,-3.401716
exp3_fixed_2,14224,592.65704,599.2009,0.0,-0.8161351680755615,-5.727754
exp3_fixed_2,14225,568.7563,575.2904,0.0,-1.0683562755584717,-5.4657235
exp3_fixed_2,14226,665.70544,671.1343,0.0,-0.5876786708831787,-4.841174
exp3_fixed_2,14227,616.42053,619.2637,0.0,-0.5174551010131836,-2.3256319
exp3_fixed_2,14228,632.97516,636.51447,0.0,-0.7200731635093689,-2.8191688
exp3_fixed_2,14229,506.92386,513.7052,0.0,-1.0872552394866943,-5.694147
exp3_fixed_2,14230,560.70734,567.2909,0.0,-1.2814557552337646,-5.3021584
exp3_fixed_2,14231,460.82303,467.0852,0.0,-3.7087934017181396,-2.5533812
exp3_fixed_2,14232,597.9144,603.9352,0.0,-0.7178017497062683,-5.302986
exp3_fixed_2,14233,572.3457,582.06824,0.0,-1.2851886749267578,-8.437352
exp3_fixed_2,14234,551.73425,562.4562,0.0,-7.319711685180664,-3.402278
exp3_fixed_2,14235,575.76965,577.9618,0.0,-0.40844467282295227,-1.7836725
exp3_fixed_2,14236,611.96515,616.9073,0.0,-1.16814386844635,-3.7740185
exp3_fixed_2,14237,619.83746,623.35034,0.0,-0.9668096303939819,-2.5460227
exp3_fixed_2,14238,584.20654,591.03595,0.0,-0.5732431411743164,-6.256144
exp3_fixed_2,14239,608.41943,613.67847,0.0,-0.9548599720001221,-4.304208
exp3_fixed_2,14241,577.2991,583.23535,0.0,-1.9617345333099365,-3.974606
exp3_fixed_2,14242,556.9767,563.5114,0.0,-2.378483533859253,-4.156195
exp3_fixed_2,14243,575.62805,579.3148,0.0,-0.8459502458572388,-2.8408022
exp3_fixed_2,14244,577.8391,581.3501,0.0,-1.0029253959655762,-2.5080292
exp3_fixed_2,14245,523.83167,537.45917,0.0,-4.905294895172119,-8.722287
exp3_fixed_2,14246,604.4369,612.0824,0.0,-3.423225164413452,-4.222252
exp3_fixed_2,14247,550.9524,557.79645,0.0,-1.8837569952011108,-4.9603004
exp3_fixed_2,14248,611.2068,616.9375,0.0,-0.8886619210243225,-4.8420315
exp3_fixed_2,14249,593.38074,599.35974,0.0,-1.3476545810699463,-4.631284
exp3_fixed_2,14250,520.1507,526.758,0.0,-3.6311771869659424,-2.9761097
exp3_fixed_2,14251,646.6671,651.6738,0.0,-0.839553713798523,-4.1671557
exp3_fixed_2,14252,562.40955,568.6379,0.0,-2.443890333175659,-3.7844932
exp3_fixed_2,14253,596.15125,598.7614,0.0,-0.5691288113594055,-2.0410206
exp3_fixed_2,14254,584.26917,587.166,0.0,-0.5315819978713989,-2.3652647
exp3_fixed_2,14255,553.5206,558.85535,0.0,-0.6667017936706543,-4.6680326
exp3_fixed_2,14256,563.1619,571.0409,0.0,-1.3432869911193848,-6.5357194
exp3_fixed_2,14257,597.1432,604.91095,0.0,-1.9471971988677979,-5.820569
exp3_fixed_2,14258,598.71344,605.55176,0.0,-0.9106810688972473,-5.9276657
exp3_fixed_2,14259,560.8111,564.38983,0.0,-0.46854984760284424,-3.1101866
exp3_fixed_2,14261,597.009,601.5572,0.0,-0.43757423758506775,-4.1106315
exp3_fixed_2,14262,547.25146,552.6669,0.0,-2.274230480194092,-3.141254
exp3_fixed_2,14263,627.01013,632.11066,0.0,-1.6974562406539917,-3.4030735
exp3_fixed_2,14264,529.62823,536.2884,0.0,-3.8824949264526367,-2.777683
exp3_fixed_2,14265,511.44415,515.4212,0.0,-0.6973819732666016,-3.279675
exp3_fixed_2,14266,625.8798,630.47656,0.0,-0.5268212556838989,-4.069864
exp3_fixed_2,14267,620.1453,622.99866,0.0,-0.5587445497512817,-2.2944992
exp3_fixed_2,14268,611.72095,618.8589,0.0,-1.06614089012146,-6.071724
exp3_fixed_2,14269,650.41626,654.2643,0.0,-0.9848853945732117,-2.863113
exp3_fixed_2,14270,539.2157,543.473,0.0,-1.0220307111740112,-3.2353072
exp3_fixed_2,14271,528.3212,537.2095,0.0,-1.8808637857437134,-7.007317
exp3_fixed_2,14272,570.5574,574.6561,0.0,-0.6257592439651489,-3.4730127
exp3_fixed_2,14273,615.4014,618.0877,0.0,-0.4046514630317688,-2.2816837
exp3_fixed_2,14274,523.5002,534.0901,0.0,-2.7363739013671875,-7.853595
exp3_fixed_2,14275,562.06714,565.06525,0.0,-0.5442071557044983,-2.4539053
exp3_fixed_2,14276,568.68884,572.6327,0.0,-1.0995961427688599,-2.8442056
exp3_fixed_2,14277,542.85516,548.8729,0.0,-0.7297313809394836,-5.2879963
exp3_fixed_2,14278,590.7413,592.5991,0.0,-0.6210892200469971,-1.2367445
exp3_fixed_2,14279,587.7081,590.923,0.0,-0.4371773600578308,-2.7776556
exp3_fixed_2,14281,569.9581,572.8595,0.0,-0.9146032333374023,-1.9867839
exp3_fixed_2,14282,617.93243,626.3132,0.0,-1.1282721757888794,-7.25248
exp3_fixed_2,14283,511.28043,514.8872,0.0,-1.2895126342773438,-2.317227
exp3_fixed_2,14284,568.4664,571.7269,0.0,-0.7330788969993591,-2.5274205
exp3_fixed_2,14285,583.8816,585.6043,0.0,-0.4453587532043457,-1.2773571
exp3_fixed_2,14286,674.9916,677.9444,0.0,-0.3624330759048462,-2.5903673
exp3_fixed_2,14287,570.71747,573.91614,0.0,-0.9506242275238037,-2.248032
exp3_fixed_2,14288,474.99536,494.5266,0.0,-5.596592426300049,-13.934625
exp3_fixed_2,14289,544.8054,549.37976,0.0,-0.7818560004234314,-3.7924447
exp3_fixed_2,14290,611.58936,623.2009,0.0,-0.9214133024215698,-10.690177
exp3_fixed_2,14291,571.5784,576.6262,0.0,-0.8590490221977234,-4.1887507
exp3_fixed_2,14292,593.30316,601.1351,0.0,-1.4975972175598145,-6.334324
exp3_fixed_2,14293,634.16895,639.048,0.0,-1.2563050985336304,-3.6226978
exp3_fixed_2,14294,626.0547,629.20874,0.0,-0.8277170658111572,-2.326272
exp3_fixed_2,14295,602.28516,607.7408,0.0,-1.4734629392623901,-3.9822073
exp3_fixed_2,14296,565.9845,574.3827,0.0,-1.015040397644043,-7.383157
exp3_fixed_2,14297,618.30145,624.52527,0.0,-1.0212817192077637,-5.2025557
exp3_fixed_2,14298,582.7073,587.394,0.0,-1.1136126518249512,-3.573128
exp3_fixed_2,14299,551.6836,558.52814,0.0,-1.123412847518921,-5.7211456
exp3_fixed_2,14301,591.73474,597.46454,0.0,-0.9774247407913208,-4.752372
exp3_fixed_2,14302,574.5431,578.4833,0.0,-0.1811419576406479,-3.7590506
exp3_fixed_2,14303,538.58984,544.3436,0.0,-0.5929930210113525,-5.160798
exp3_fixed_2,14304,577.6083,579.2499,0.0,-0.41174978017807007,-1.2298589
exp3_fixed_2,14305,625.8552,628.8819,0.0,-0.5066478252410889,-2.5200036
exp3_fixed_2,14306,608.52924,612.7378,0.0,-0.8064893484115601,-3.4020917
exp3_fixed_2,14307,566.9671,570.6765,0.0,-0.3649813234806061,-3.3444183
exp3_fixed_2,14308,632.9024,638.54614,0.0,-1.1180709600448608,-4.525672
exp3_fixed_2,14309,547.84735,559.35266,0.0,-0.8453273773193359,-10.65992
exp3_fixed_2,14310,550.3912,556.5354,0.0,-2.911011219024658,-3.2331939
exp3_fixed_2,14311,610.38025,616.3707,0.0,-0.32224029302597046,-5.6682835
exp3_fixed_2,14312,607.3686,611.3538,0.0,-0.280280202627182,-3.7049801
exp3_fixed_2,14313,617.00616,622.33997,0.0,-0.8900738954544067,-4.44369
exp3_fixed_2,14314,559.473,566.30994,0.0,-0.5735594630241394,-6.263413
exp3_fixed_2,14315,489.70926,496.67944,0.0,-0.8069754242897034,-6.1631985
exp3_fixed_2,14316,598.1056,606.6776,0.0,-0.6750292181968689,-7.896973
exp3_fixed_2,14317,595.5315,607.44446,0.0,-0.8343589305877686,-11.07859
exp3_fixed_2,14318,524.1788,528.3305,0.0,-0.3631576895713806,-3.7885747
exp3_fixed_2,14319,500.76508,507.52222,0.0,-1.2540040016174316,-5.503115
exp3_fixed_2,14321,608.75903,613.0111,0.0,-0.4999277889728546,-3.7521088
exp3_fixed_2,14322,558.50287,567.31335,0.0,-5.298381328582764,-3.512138
exp3_fixed_2,14323,642.18054,645.6051,0.0,-0.3943001627922058,-3.0302463
exp3_fixed_2,14324,594.58966,600.2325,0.0,-2.3381545543670654,-3.3046818
exp3_fixed_2,14325,658.6912,662.63464,0.0,-0.7743675708770752,-3.169072
exp3_fixed_2,14326,529.31586,532.8989,0.0,-0.7337937951087952,-2.8492942
exp3_fixed_2,14327,583.8521,587.2145,0.0,-0.45458823442459106,-2.9078205
exp3_fixed_2,14328,522.9194,529.3073,0.0,-1.1765414476394653,-5.2113466
exp3_fixed_2,14329,635.2438,640.547,0.0,-0.8728739023208618,-4.4303184
exp3_fixed_2,14330,-272.06073,33.64268,-200.0,-90.3831787109375,-15.320172
exp3_fixed_2,14331,573.7849,584.8292,0.0,-1.8949792385101318,-9.149266
exp3_fixed_2,14332,567.90814,575.67065,0.0,-0.6474667191505432,-7.1150203
exp3_fixed_2,14333,564.68933,574.11646,0.0,-2.8182380199432373,-6.60894
exp3_fixed_2,14334,584.0982,587.3605,0.0,-0.3788467049598694,-2.8833961
exp3_fixed_2,14335,584.6813,590.02856,0.0,-2.561227321624756,-2.7860184
exp3_fixed_2,14336,592.5182,596.1349,0.0,-0.9377034902572632,-2.679028
exp3_fixed_2,14337,165.90645,170.87325,0.0,-1.2366552352905273,-3.7301533
