experiment,episode,return_total,mean_v,mean_abs_omega,success_rate,collision_rate,mean_time_travel
exp7_fixed_random_1,1,-311.19144,4.8957253,0.5091751,0.0,1.0,3.0
exp7_fixed_random_1,2,-302.83997,2.6815617,0.9595984,0.0,1.0,9.0
exp7_fixed_random_1,3,-195.80327,4.8324637,0.7491703,0.0,1.0,3.0
exp7_fixed_random_1,4,-289.919,4.9771047,0.7235512,0.0,1.0,6.0
exp7_fixed_random_1,5,538.78766,4.405624,0.65046215,1.0,0.0,9.0
exp7_fixed_random_1,6,-332.8631,1.9848967,0.18283208,0.0,1.0,4.0
exp7_fixed_random_1,7,-322.08975,3.9973605,0.6889782,0.0,1.0,4.0
exp7_fixed_random_1,8,543.33014,2.1442575,0.47934166,1.0,0.0,21.0
exp7_fixed_random_1,9,543.7002,1.6062816,0.39071107,1.0,0.0,32.0
exp7_fixed_random_1,10,-339.62082,4.6709166,0.9869966,0.0,1.0,1.0
exp7_fixed_random_1,11,530.2058,1.3787997,0.37994215,1.0,0.0,44.0
exp7_fixed_random_1,12,-93.6289,4.652959,0.5924359,0.0,1.0,8.0
exp7_fixed_random_1,13,-282.85788,0.14630714,0.93166524,0.0,0.0,100.0
exp7_fixed_random_1,14,-343.178,2.4660406,0.7279484,0.0,1.0,4.0
exp7_fixed_random_1,15,471.0349,2.2427466,0.6815872,1.0,0.0,15.0
exp7_fixed_random_1,16,521.6172,1.6951762,0.6854493,1.0,0.0,30.0
exp7_fixed_random_1,17,-183.29056,4.4645777,0.49504596,0.0,1.0,5.0
exp7_fixed_random_1,18,-81.0139,0.3215253,0.5179986,0.0,0.0,100.0
exp7_fixed_random_1,19,548.56714,2.3787596,0.561373,1.0,0.0,19.0
exp7_fixed_random_1,21,-198.27748,1.807367,0.5954259,0.0,1.0,5.0
exp7_fixed_random_1,22,556.6776,1.9740356,0.5951158,1.0,0.0,25.0
exp7_fixed_random_1,23,-186.882,1.2328123,0.59526175,0.0,1.0,24.0
exp7_fixed_random_1,24,-244.75294,0.27388316,0.98495483,0.0,0.0,100.0
exp7_fixed_random_1,25,-274.54996,3.884257,0.48829684,0.0,1.0,4.0
exp7_fixed_random_1,26,-275.8952,0.14209618,1.0436697,0.0,0.0,100.0
exp7_fixed_random_1,27,425.69855,0.66692716,0.37165296,1.0,0.0,65.0
exp7_fixed_random_1,28,-322.5794,0.117467515,1.0403231,0.0,0.0,100.0
exp7_fixed_random_1,29,-303.07016,0.05667697,1.0314928,0.0,0.0,100.0
exp7_fixed_random_1,30,-290.768,0.043556996,1.0104929,0.0,0.0,100.0
exp7_fixed_random_1,31,-339.69205,1.2647804,0.553947,0.0,1.0,48.0
exp7_fixed_random_1,32,-21.065523,0.62915343,0.58110833,0.0,0.0,100.0
exp7_fixed_random_1,33,-254.08244,0.105224065,0.801211,0.0,0.0,100.0
exp7_fixed_random_1,34,-265.46432,0.070526645,0.9034449,0.0,0.0,100.0
exp7_fixed_random_1,35,-207.18967,0.016431075,0.19229767,0.0,0.0,100.0
exp7_fixed_random_1,36,-219.66322,0.9862113,0.33657843,0.0,1.0,31.0
exp7_fixed_random_1,37,419.92618,0.58268774,0.4195244,1.0,0.0,47.0
exp7_fixed_random_1,38,-292.79163,0.22560804,0.8775555,0.0,1.0,45.0
exp7_fixed_random_1,39,-248.50426,0.10203951,0.93289727,0.0,0.0,100.0
exp7_fixed_random_1,41,-157.09581,0.9651207,0.5455539,0.0,1.0,58.0
exp7_fixed_random_1,42,-171.70297,1.2165745,0.2504433,0.0,1.0,8.0
exp7_fixed_random_1,43,-19.206501,0.5565128,0.43610054,0.0,0.0,100.0
exp7_fixed_random_1,44,-183.46185,0.73482496,0.43863648,0.0,1.0,30.0
exp7_fixed_random_1,45,-152.54831,2.2491987,0.5287851,0.0,1.0,13.0
exp7_fixed_random_1,46,-264.7533,1.392532,0.6647848,0.0,1.0,31.0
exp7_fixed_random_1,47,-301.82333,0.04650816,1.0453013,0.0,0.0,100.0
exp7_fixed_random_1,48,-239.51439,0.15639783,0.6118161,0.0,0.0,100.0
exp7_fixed_random_1,49,-193.31462,1.6000896,0.5462018,0.0,1.0,3.0
exp7_fixed_random_1,50,341.66638,0.59303606,0.7614745,1.0,0.0,53.0
exp7_fixed_random_1,51,377.4463,0.43425533,0.83341926,1.0,0.0,58.0
exp7_fixed_random_1,52,-247.41257,1.7355832,0.43984663,0.0,1.0,9.0
exp7_fixed_random_1,53,-281.2103,0.058845185,0.9683055,0.0,0.0,100.0
exp7_fixed_random_1,54,-239.25153,1.8577116,0.52911586,0.0,1.0,19.0
exp7_fixed_random_1,55,-402.7939,0.15722996,0.15071894,0.0,1.0,46.0
exp7_fixed_random_1,56,-26.857779,0.40609252,0.31644496,0.0,0.0,100.0
exp7_fixed_random_1,57,-23.00599,0.43431947,0.2857605,0.0,0.0,100.0
exp7_fixed_random_1,58,-176.0082,0.99594396,0.37256876,0.0,1.0,37.0
exp7_fixed_random_1,59,-362.83054,0.13103628,0.23539895,0.0,1.0,4.0
exp7_fixed_random_1,61,-156.16153,0.8284886,0.29742745,0.0,1.0,24.0
exp7_fixed_random_1,62,-136.99718,2.1425245,0.39073154,0.0,1.0,14.0
exp7_fixed_random_1,63,456.9981,0.79665446,0.71237487,1.0,0.0,49.0
exp7_fixed_random_1,64,-254.64357,1.9907341,0.4742306,0.0,1.0,17.0
exp7_fixed_random_1,65,-349.60428,2.0585198,0.71507144,0.0,1.0,4.0
exp7_fixed_random_1,66,-191.77484,1.7268184,0.47473788,0.0,1.0,4.0
exp7_fixed_random_1,67,38.340073,0.69000685,0.6141095,0.0,0.0,100.0
exp7_fixed_random_1,68,-218.61462,0.7455018,0.5633915,0.0,1.0,64.0
exp7_fixed_random_1,69,-277.81073,0.92938304,0.38418496,0.0,1.0,34.0
exp7_fixed_random_1,70,-447.0425,0.5033505,0.60377294,0.0,1.0,78.0
exp7_fixed_random_1,71,-304.46423,0.031184442,1.0453407,0.0,0.0,100.0
exp7_fixed_random_1,72,-174.67697,0.32960698,0.6429643,0.0,0.0,100.0
exp7_fixed_random_1,73,-62.06348,0.41553155,0.7568398,0.0,0.0,100.0
exp7_fixed_random_1,74,-339.83203,0.047884718,1.0481868,0.0,0.0,100.0
exp7_fixed_random_1,75,430.91196,0.90207744,0.41435617,1.0,0.0,82.0
exp7_fixed_random_1,76,-259.51703,0.40217626,0.37546155,0.0,1.0,89.0
exp7_fixed_random_1,77,-285.35587,0.028588034,0.92148066,0.0,0.0,100.0
exp7_fixed_random_1,78,-356.72507,0.31147522,0.23591794,0.0,1.0,29.0
exp7_fixed_random_1,79,-326.73657,0.5916535,0.31898847,0.0,1.0,38.0
exp7_fixed_random_1,81,-455.0568,0.3373755,0.690634,0.0,1.0,59.0
exp7_fixed_random_1,82,-198.26813,0.5577907,0.3059893,0.0,1.0,70.0
exp7_fixed_random_1,83,-313.388,0.5414185,0.3420749,0.0,1.0,71.0
exp7_fixed_random_1,84,-236.00507,0.48095354,0.3362394,0.0,1.0,27.0
exp7_fixed_random_1,85,-359.87054,0.3049745,0.34669402,0.0,1.0,4.0
exp7_fixed_random_1,86,-78.25227,0.45171365,0.39098817,0.0,0.0,100.0
exp7_fixed_random_1,87,-165.90536,0.914215,0.27170384,0.0,1.0,26.0
exp7_fixed_random_1,88,-293.5036,0.04965563,1.0166339,0.0,0.0,100.0
exp7_fixed_random_1,89,-97.89826,0.25777814,0.2421454,0.0,0.0,100.0
exp7_fixed_random_1,90,-80.034225,0.26916593,0.20695196,0.0,0.0,100.0
exp7_fixed_random_1,91,-11.253765,0.43020236,0.33073312,0.0,0.0,100.0
exp7_fixed_random_1,92,-218.81241,0.71126956,0.40283257,0.0,1.0,43.0
exp7_fixed_random_1,93,-275.84122,0.03143494,0.9008638,0.0,0.0,100.0
exp7_fixed_random_1,94,-87.1673,0.3755534,0.5320027,0.0,0.0,100.0
exp7_fixed_random_1,95,-285.6424,0.030298388,0.9497509,0.0,0.0,100.0
exp7_fixed_random_1,96,-227.04202,0.26894194,0.17128357,0.0,1.0,19.0
exp7_fixed_random_1,97,-222.34851,0.5018861,0.44726515,0.0,1.0,9.0
exp7_fixed_random_1,98,-48.865963,0.47535402,0.488059,0.0,0.0,100.0
exp7_fixed_random_1,99,49.986694,0.54154754,0.38243008,0.0,0.0,100.0
exp7_fixed_random_1,101,345.1637,0.6536425,0.51559997,1.0,0.0,88.0
exp7_fixed_random_1,102,-29.657085,0.64964086,0.48723274,0.0,0.0,100.0
exp7_fixed_random_1,103,459.24442,0.5356985,0.33209744,1.0,0.0,99.0
exp7_fixed_random_1,104,-210.72775,0.34941906,0.6130656,0.0,1.0,2.0
exp7_fixed_random_1,105,-404.7661,0.14262637,0.21050623,0.0,1.0,40.0
exp7_fixed_random_1,106,-346.12366,0.89831775,0.5413367,0.0,1.0,23.0
exp7_fixed_random_1,107,-316.66537,0.034042574,1.0457476,0.0,0.0,100.0
exp7_fixed_random_1,108,-178.79977,0.70245385,0.37684402,0.0,1.0,19.0
exp7_fixed_random_1,109,-121.35314,0.582886,0.65042776,0.0,0.0,100.0
exp7_fixed_random_1,110,-92.41811,1.2185789,0.39402595,0.0,1.0,35.0
exp7_fixed_random_1,111,-375.14044,0.91928554,0.44599983,0.0,1.0,62.0
exp7_fixed_random_1,112,-360.8288,0.2725527,0.18095878,0.0,1.0,26.0
exp7_fixed_random_1,113,-211.76697,0.5435082,0.3565632,0.0,1.0,11.0
exp7_fixed_random_1,114,-220.02844,0.5865134,0.5109397,0.0,1.0,14.0
exp7_fixed_random_1,115,-444.045,0.5080614,0.58735985,0.0,1.0,68.0
exp7_fixed_random_1,116,-316.7851,1.2507697,0.54345644,0.0,1.0,39.0
exp7_fixed_random_1,117,-342.46533,0.613686,0.44725683,0.0,1.0,53.0
exp7_fixed_random_1,118,-340.40192,0.6023152,0.29678887,0.0,1.0,42.0
exp7_fixed_random_1,119,-153.82985,0.9607704,0.5564553,0.0,1.0,69.0
exp7_fixed_random_1,121,-274.2414,0.054357752,0.3196181,0.0,1.0,32.0
exp7_fixed_random_1,122,-304.03546,0.030423071,1.0471367,0.0,0.0,100.0
exp7_fixed_random_1,123,-183.8377,0.51075643,0.35961813,0.0,1.0,74.0
exp7_fixed_random_1,124,-264.9701,0.060548898,0.93914765,0.0,0.0,100.0
exp7_fixed_random_1,125,-361.6587,0.18830268,0.30131283,0.0,1.0,6.0
exp7_fixed_random_1,126,272.23505,0.48059857,0.64615923,1.0,0.0,87.0
exp7_fixed_random_1,127,-15.904078,0.46344918,0.29830617,0.0,0.0,100.0
exp7_fixed_random_1,128,-222.04478,0.5803214,0.42173475,0.0,1.0,43.0
exp7_fixed_random_1,129,-242.30243,0.4438176,0.40907246,0.0,1.0,84.0
exp7_fixed_random_1,130,-249.8883,0.55907434,0.2410459,0.0,1.0,39.0
exp7_fixed_random_1,131,-75.71848,0.32658195,0.31714904,0.0,0.0,100.0
exp7_fixed_random_1,132,-206.03128,0.9495953,0.4698547,0.0,1.0,74.0
exp7_fixed_random_1,133,-298.44296,0.035360403,1.0299383,0.0,0.0,100.0
exp7_fixed_random_1,134,-295.2048,0.31707287,0.5094596,0.0,1.0,75.0
exp7_fixed_random_1,135,-12.352416,0.49174362,0.3120113,0.0,0.0,100.0
exp7_fixed_random_1,136,-11.3044,0.39434442,0.32166457,0.0,0.0,100.0
exp7_fixed_random_1,137,-206.09775,0.52021825,0.30517605,0.0,1.0,41.0
exp7_fixed_random_1,138,26.893078,0.6831266,0.43467578,0.0,0.0,100.0
exp7_fixed_random_1,139,-171.6145,1.4275821,0.40629607,0.0,1.0,11.0
exp7_fixed_random_1,141,418.34888,0.79261446,0.48293218,1.0,0.0,93.0
exp7_fixed_random_1,142,-301.02057,0.78171295,0.25953692,0.0,1.0,30.0
exp7_fixed_random_1,143,368.08813,0.7273203,0.53167075,1.0,0.0,55.0
exp7_fixed_random_1,144,-270.5251,0.067019485,0.9439399,0.0,0.0,100.0
exp7_fixed_random_1,145,26.953613,0.5277649,0.2476201,0.0,0.0,100.0
exp7_fixed_random_1,146,-192.82747,0.04573199,0.19897926,0.0,0.0,100.0
exp7_fixed_random_1,147,-218.8636,0.585545,0.2630623,0.0,1.0,33.0
exp7_fixed_random_1,148,353.44434,0.6758092,0.5697091,1.0,0.0,84.0
exp7_fixed_random_1,149,-56.34637,0.53191644,0.57979476,0.0,0.0,100.0
exp7_fixed_random_1,150,-171.55127,0.7793112,0.38571873,0.0,1.0,30.0
exp7_fixed_random_1,151,-323.058,0.65942955,0.3355971,0.0,1.0,95.0
exp7_fixed_random_1,152,335.13254,0.6512746,0.61615777,1.0,0.0,80.0
exp7_fixed_random_1,153,-326.04865,1.8158649,0.5314201,0.0,1.0,5.0
exp7_fixed_random_1,154,-9.891712,0.4853839,0.4315828,0.0,0.0,100.0
exp7_fixed_random_1,155,423.288,0.8493245,0.38276723,1.0,0.0,67.0
exp7_fixed_random_1,156,390.7281,0.5212182,0.44982278,1.0,0.0,93.0
exp7_fixed_random_1,157,15.230444,0.5487625,0.2821357,0.0,0.0,100.0
exp7_fixed_random_1,158,-112.70595,0.3085343,0.31389388,0.0,0.0,100.0
exp7_fixed_random_1,159,-69.373,0.40196988,0.51303273,0.0,0.0,100.0
exp7_fixed_random_1,161,-237.3599,1.5788597,0.5750288,0.0,1.0,5.0
exp7_fixed_random_1,162,-202.5531,1.0293726,0.37116313,0.0,1.0,5.0
exp7_fixed_random_1,163,-487.07227,0.2516609,0.61223435,0.0,1.0,96.0
exp7_fixed_random_1,164,-54.35981,0.37821025,0.3118718,0.0,0.0,100.0
exp7_fixed_random_1,165,92.1569,0.65210533,0.2884525,0.0,0.0,100.0
exp7_fixed_random_1,166,-210.14552,0.68176156,0.5575204,0.0,1.0,2.0
exp7_fixed_random_1,167,-230.70328,0.8112358,0.4009745,0.0,1.0,81.0
exp7_fixed_random_1,168,-40.85674,0.52790475,0.44913167,0.0,0.0,100.0
exp7_fixed_random_1,169,-306.3361,0.07107516,1.0403802,0.0,0.0,100.0
exp7_fixed_random_1,170,-73.33914,0.5679848,0.49814048,0.0,0.0,100.0
exp7_fixed_random_1,171,-347.72018,0.34758422,0.749854,0.0,1.0,55.0
exp7_fixed_random_1,172,-115.908714,0.83305836,0.35205153,0.0,1.0,56.0
exp7_fixed_random_1,173,332.4939,0.624225,0.60786223,1.0,0.0,66.0
exp7_fixed_random_1,174,-293.02478,0.25088888,0.5587928,0.0,1.0,37.0
exp7_fixed_random_1,175,-276.18323,0.07293951,1.000471,0.0,0.0,100.0
exp7_fixed_random_1,176,360.8219,0.6483213,0.6101501,1.0,0.0,81.0
exp7_fixed_random_1,177,-325.09702,0.8365411,0.51465404,0.0,1.0,42.0
exp7_fixed_random_1,178,-326.112,1.2505671,0.33547038,0.0,1.0,13.0
exp7_fixed_random_1,179,318.3106,0.6389967,0.7517748,1.0,0.0,59.0
exp7_fixed_random_1,181,387.70978,0.8997634,0.6749917,1.0,0.0,41.0
exp7_fixed_random_1,182,-0.5612742,0.5860532,0.55826765,0.0,0.0,100.0
exp7_fixed_random_1,183,-288.6952,0.061222207,1.0364599,0.0,0.0,100.0
exp7_fixed_random_1,184,-36.190517,0.38191867,0.2966037,0.0,0.0,100.0
exp7_fixed_random_1,185,36.023743,0.48105487,0.2884246,0.0,0.0,100.0
exp7_fixed_random_1,186,455.2697,0.705932,0.5292254,1.0,0.0,99.0
exp7_fixed_random_1,187,435.0511,0.63669455,0.34392476,1.0,0.0,84.0
exp7_fixed_random_1,188,-329.64682,0.46588346,0.9620038,0.0,1.0,19.0
exp7_fixed_random_1,189,-291.66257,0.7320953,0.26505104,0.0,1.0,56.0
exp7_fixed_random_1,190,-103.659386,0.3212088,0.3072961,0.0,0.0,100.0
exp7_fixed_random_1,191,-270.63678,0.93174183,0.45085624,0.0,1.0,39.0
exp7_fixed_random_1,192,-277.99292,0.08878398,0.96962845,0.0,0.0,100.0
exp7_fixed_random_1,193,-217.90884,1.0742441,0.31024143,0.0,1.0,27.0
exp7_fixed_random_1,194,-244.12068,0.60095304,0.3692407,0.0,1.0,94.0
exp7_fixed_random_1,195,-303.9069,0.04065146,0.9793845,0.0,0.0,100.0
exp7_fixed_random_1,196,-285.85733,0.077980965,1.0144513,0.0,0.0,100.0
exp7_fixed_random_1,197,31.713198,0.6065903,0.5481264,0.0,0.0,100.0
exp7_fixed_random_1,198,407.40063,0.70533633,0.45967165,1.0,0.0,63.0
exp7_fixed_random_1,199,-266.66992,0.059940826,0.77996135,0.0,0.0,100.0
exp7_fixed_random_1,201,-238.71336,0.106529005,0.8244163,0.0,0.0,100.0
exp7_fixed_random_1,202,-40.016216,0.5892752,0.3268302,0.0,0.0,100.0
exp7_fixed_random_1,203,-213.55779,0.5011931,0.46813396,0.0,1.0,27.0
exp7_fixed_random_1,204,-175.45917,1.3291875,0.4819018,0.0,1.0,54.0
exp7_fixed_random_1,205,-307.526,0.7307851,0.40799403,0.0,1.0,35.0
exp7_fixed_random_1,206,12.359837,0.6259456,0.2665584,0.0,0.0,100.0
exp7_fixed_random_1,207,-84.03205,0.46143922,0.45914435,0.0,0.0,100.0
exp7_fixed_random_1,208,-340.8832,0.5591185,0.6671128,0.0,1.0,16.0
exp7_fixed_random_1,209,-95.37409,0.42867187,0.5737312,0.0,0.0,100.0
exp7_fixed_random_1,210,-471.26102,0.1589809,1.0366042,0.0,1.0,30.0
exp7_fixed_random_1,211,-313.14777,1.003669,0.507971,0.0,1.0,28.0
exp7_fixed_random_1,212,8.655926,0.54713845,0.24716398,0.0,0.0,100.0
exp7_fixed_random_1,213,-347.96893,0.531807,0.29768735,0.0,1.0,23.0
exp7_fixed_random_1,214,327.19025,0.3130237,0.46330288,1.0,0.0,90.0
exp7_fixed_random_1,215,-191.55135,0.9232901,0.41275862,0.0,1.0,11.0
exp7_fixed_random_1,216,-16.332941,0.6569416,0.39977628,0.0,0.0,100.0
exp7_fixed_random_1,217,-237.05693,0.7446371,0.5666747,0.0,1.0,19.0
exp7_fixed_random_1,218,-394.41943,0.68852884,0.43024388,0.0,1.0,56.0
exp7_fixed_random_1,219,-208.85141,0.1340305,0.7012851,0.0,0.0,100.0
exp7_fixed_random_1,221,-240.30058,0.06174134,0.7157356,0.0,0.0,100.0
exp7_fixed_random_1,222,-107.47925,0.49464175,0.6016253,0.0,0.0,100.0
exp7_fixed_random_1,223,-208.43532,1.0218066,0.44576085,0.0,1.0,9.0
exp7_fixed_random_1,224,-252.85866,1.5417734,0.56520015,0.0,1.0,39.0
exp7_fixed_random_1,225,-293.88617,0.035232283,1.0144795,0.0,0.0,100.0
exp7_fixed_random_1,226,317.01074,0.52515996,0.62095845,1.0,0.0,50.0
exp7_fixed_random_1,227,-248.66983,0.9027335,0.49950665,0.0,1.0,70.0
exp7_fixed_random_1,228,-191.80518,0.26452714,0.81301796,0.0,0.0,100.0
exp7_fixed_random_1,229,37.19749,0.75977445,0.36716783,0.0,0.0,100.0
exp7_fixed_random_1,230,-43.53394,0.44849408,0.23563053,0.0,0.0,100.0
exp7_fixed_random_1,231,-350.0384,1.1418821,0.47292724,0.0,1.0,13.0
exp7_fixed_random_1,232,-65.20798,0.52660954,0.44207042,0.0,0.0,100.0
exp7_fixed_random_1,233,365.18988,0.4207506,0.40819123,1.0,0.0,88.0
exp7_fixed_random_1,234,20.898043,0.47593543,0.2884596,0.0,0.0,100.0
exp7_fixed_random_1,235,371.68985,0.7449925,0.62408155,1.0,0.0,50.0
exp7_fixed_random_1,236,-53.39846,0.4836552,0.50752944,0.0,0.0,100.0
exp7_fixed_random_1,237,-163.37955,0.85540587,0.3888886,0.0,1.0,33.0
exp7_fixed_random_1,238,27.557135,0.6973924,0.5105213,0.0,0.0,100.0
exp7_fixed_random_1,239,-17.418373,0.42375058,0.3197137,0.0,0.0,100.0
exp7_fixed_random_1,241,476.2088,0.85132384,0.42039117,1.0,0.0,92.0
exp7_fixed_random_1,242,-6.825012,0.7465512,0.35048243,0.0,0.0,100.0
exp7_fixed_random_1,243,-9.557453,0.66307664,0.3649808,0.0,0.0,100.0
exp7_fixed_random_1,244,-573.509,0.13693719,0.91274947,0.0,1.0,99.0
exp7_fixed_random_1,245,-204.50894,0.7964134,0.44679844,0.0,1.0,45.0
exp7_fixed_random_1,246,-34.136086,0.59116083,0.59233665,0.0,0.0,100.0
exp7_fixed_random_1,247,-298.23007,0.9358581,0.28929222,0.0,1.0,30.0
exp7_fixed_random_1,248,-404.00558,0.63312334,0.65119797,0.0,1.0,78.0
exp7_fixed_random_1,249,364.9534,0.71005243,0.6821247,1.0,0.0,57.0
exp7_fixed_random_1,250,-226.04066,0.29989904,0.3782192,0.0,1.0,21.0
exp7_fixed_random_1,251,4.0736856,0.6628158,0.4224382,0.0,0.0,100.0
exp7_fixed_random_1,252,-98.74213,0.92804855,0.31533065,0.0,1.0,42.0
exp7_fixed_random_1,253,408.24646,0.72746384,0.62215406,1.0,0.0,67.0
exp7_fixed_random_1,254,321.81976,0.534117,0.70927143,1.0,0.0,88.0
exp7_fixed_random_1,255,-255.34302,0.10475275,0.8651024,0.0,0.0,100.0
exp7_fixed_random_1,256,-49.35398,0.5784703,0.5030739,0.0,0.0,100.0
exp7_fixed_random_1,257,-88.9996,0.2998688,0.3302229,0.0,0.0,100.0
exp7_fixed_random_1,258,-97.024414,0.35214823,0.39290905,0.0,0.0,100.0
exp7_fixed_random_1,259,355.59943,0.39652273,0.39919665,1.0,0.0,98.0
exp7_fixed_random_1,261,-319.88416,0.46209726,0.3246953,0.0,1.0,80.0
exp7_fixed_random_1,262,-323.23944,0.7494155,0.380627,0.0,1.0,29.0
exp7_fixed_random_1,263,-517.0217,0.1878592,0.7869758,0.0,1.0,67.0
exp7_fixed_random_1,264,-298.46524,0.041127678,1.0448947,0.0,0.0,100.0
exp7_fixed_random_1,265,-356.92773,1.0915519,0.28963724,0.0,1.0,3.0
exp7_fixed_random_1,266,-225.49904,0.12844738,0.7641993,0.0,0.0,100.0
exp7_fixed_random_1,267,-208.07703,0.5311353,0.22264357,0.0,1.0,6.0
exp7_fixed_random_1,268,-344.76898,0.47751072,0.3446212,0.0,1.0,15.0
exp7_fixed_random_1,269,-257.7723,0.07310483,0.9214511,0.0,0.0,100.0
exp7_fixed_random_1,270,61.501236,0.7671454,0.46092322,0.0,0.0,100.0
exp7_fixed_random_1,271,-32.567738,0.56204015,0.39607292,0.0,0.0,100.0
exp7_fixed_random_1,272,23.496374,0.7388957,0.3310082,0.0,0.0,100.0
exp7_fixed_random_1,273,-223.2533,0.11029869,0.7938354,0.0,0.0,100.0
exp7_fixed_random_1,274,35.299957,0.76500314,0.48828816,0.0,0.0,100.0
exp7_fixed_random_1,275,-226.24324,0.52290803,0.49326614,0.0,1.0,96.0
exp7_fixed_random_1,276,424.1016,0.69696295,0.51694196,1.0,0.0,79.0
exp7_fixed_random_1,277,-270.3643,0.8789327,0.30376893,0.0,1.0,46.0
exp7_fixed_random_1,278,-23.807823,0.5848946,0.41401777,0.0,0.0,100.0
exp7_fixed_random_1,279,-188.00482,0.6073383,0.2181381,0.0,1.0,35.0
exp7_fixed_random_1,281,-337.97733,0.416413,0.28787398,0.0,1.0,92.0
exp7_fixed_random_1,282,-38.81831,0.5113495,0.63415563,0.0,0.0,100.0
exp7_fixed_random_1,283,-269.47717,0.37226647,0.25036138,0.0,1.0,98.0
exp7_fixed_random_1,284,-217.57452,1.8208269,0.5735876,0.0,1.0,5.0
exp7_fixed_random_1,285,-320.63004,0.044301763,1.0462738,0.0,0.0,100.0
exp7_fixed_random_1,286,-155.21852,0.73265415,0.28046763,0.0,1.0,33.0
exp7_fixed_random_1,287,-280.18484,0.3961888,0.3685977,0.0,1.0,56.0
exp7_fixed_random_1,288,-23.2605,0.60594827,0.344183,0.0,0.0,100.0
exp7_fixed_random_1,289,13.060975,0.5226916,0.23995209,0.0,0.0,100.0
exp7_fixed_random_1,290,-363.82645,0.18576692,0.8522928,0.0,1.0,71.0
exp7_fixed_random_1,291,-34.628906,0.3965255,0.33316666,0.0,0.0,100.0
exp7_fixed_random_1,292,0.67328167,0.4502781,0.3241951,0.0,0.0,100.0
exp7_fixed_random_1,293,-407.57703,0.07118102,0.9773194,0.0,1.0,66.0
exp7_fixed_random_1,294,324.01038,0.5848189,0.64757866,1.0,0.0,55.0
exp7_fixed_random_1,295,-250.69066,0.06483244,0.81337607,0.0,0.0,100.0
exp7_fixed_random_1,296,-252.60252,0.5070777,0.56956106,0.0,1.0,52.0
exp7_fixed_random_1,297,-398.33713,0.40048045,0.24245873,0.0,1.0,89.0
exp7_fixed_random_1,298,-11.214107,0.4645809,0.22695036,0.0,0.0,100.0
exp7_fixed_random_1,299,-328.29254,0.8693724,0.5421288,0.0,1.0,11.0
exp7_fixed_random_1,301,-128.48984,0.8882542,0.4713976,0.0,1.0,52.0
exp7_fixed_random_1,302,-55.591217,0.45315173,0.44104138,0.0,0.0,100.0
exp7_fixed_random_1,303,33.848927,0.6918824,0.434395,0.0,0.0,100.0
exp7_fixed_random_1,304,-274.86514,0.06466716,0.97603416,0.0,0.0,100.0
exp7_fixed_random_1,305,-178.43286,0.6298258,0.35885173,0.0,1.0,49.0
exp7_fixed_random_1,306,-142.98712,0.803765,0.23814191,0.0,1.0,62.0
exp7_fixed_random_1,307,-234.71672,0.9154463,0.29176044,0.0,1.0,12.0
exp7_fixed_random_1,308,-238.263,0.099432796,0.6767398,0.0,0.0,100.0
exp7_fixed_random_1,309,-165.59358,0.81447333,0.45415604,0.0,1.0,27.0
exp7_fixed_random_1,310,-202.21255,0.5283606,0.33009797,0.0,1.0,75.0
exp7_fixed_random_1,311,-31.734226,0.48212075,0.39064392,0.0,0.0,100.0
exp7_fixed_random_1,312,-157.73705,0.5790563,0.42171884,0.0,1.0,73.0
exp7_fixed_random_1,313,-68.183624,0.4311169,0.48755777,0.0,0.0,100.0
exp7_fixed_random_1,314,-236.24619,2.4199724,0.8137087,0.0,1.0,3.0
exp7_fixed_random_1,315,-228.89008,0.26149625,0.24987815,0.0,1.0,27.0
exp7_fixed_random_1,316,-57.583103,0.6399712,0.6222993,0.0,0.0,100.0
exp7_fixed_random_1,317,-69.18022,0.7025803,0.40613288,0.0,0.0,100.0
exp7_fixed_random_1,318,-365.11182,0.50895673,0.23042364,0.0,1.0,22.0
exp7_fixed_random_1,319,1.1955776,0.48213166,0.24683668,0.0,0.0,100.0
exp7_fixed_random_1,321,-147.89444,0.48431697,0.5800555,0.0,0.0,100.0
exp7_fixed_random_1,322,-292.61484,0.02238898,0.9000246,0.0,0.0,100.0
exp7_fixed_random_1,323,-2.6337523,0.5563588,0.3462849,0.0,0.0,100.0
exp7_fixed_random_1,324,363.609,0.47663414,0.57962495,1.0,0.0,87.0
exp7_fixed_random_1,325,-166.56741,0.290385,0.53943473,0.0,0.0,100.0
exp7_fixed_random_1,326,-285.06802,0.06672257,0.9946388,0.0,0.0,100.0
exp7_fixed_random_1,327,-291.58292,0.04227086,1.0295569,0.0,0.0,100.0
exp7_fixed_random_1,328,-297.54633,0.81923014,0.40167782,0.0,1.0,28.0
exp7_fixed_random_1,329,-340.94156,0.49328068,0.5749006,0.0,1.0,18.0
exp7_fixed_random_1,330,-286.13794,0.036306787,1.0013802,0.0,0.0,100.0
exp7_fixed_random_1,331,-270.18402,0.059459735,0.969322,0.0,0.0,100.0
exp7_fixed_random_1,332,-44.601086,0.49241567,0.2921856,0.0,0.0,100.0
exp7_fixed_random_1,333,-38.65438,0.46083397,0.46125877,0.0,0.0,100.0
exp7_fixed_random_1,334,-266.55914,0.74021924,0.6905271,0.0,1.0,35.0
exp7_fixed_random_1,335,-4.1378307,0.5503214,0.37272006,0.0,0.0,100.0
exp7_fixed_random_1,336,-227.32835,0.048341177,0.5712264,0.0,0.0,100.0
exp7_fixed_random_1,337,-11.599775,0.47973692,0.4444359,0.0,0.0,100.0
exp7_fixed_random_1,338,37.052418,0.71913564,0.39294872,0.0,0.0,100.0
exp7_fixed_random_1,339,-11.150053,0.5694778,0.46125218,0.0,0.0,100.0
exp7_fixed_random_1,341,-61.48525,0.49161148,0.51204723,0.0,0.0,100.0
exp7_fixed_random_1,342,-86.15032,0.49213806,0.46410626,0.0,0.0,100.0
exp7_fixed_random_1,343,-204.75975,0.045826044,0.40514603,0.0,0.0,100.0
exp7_fixed_random_1,344,-24.598568,0.4985067,0.60706705,0.0,0.0,100.0
exp7_fixed_random_1,345,-297.65512,0.05278307,0.98390734,0.0,0.0,100.0
exp7_fixed_random_1,346,-305.51392,0.7507271,0.22750214,0.0,1.0,33.0
exp7_fixed_random_1,347,-282.18494,1.1290079,0.388855,0.0,1.0,37.0
exp7_fixed_random_1,348,416.83698,0.72222906,0.62830627,1.0,0.0,56.0
exp7_fixed_random_1,349,24.394249,0.6937416,0.2909517,0.0,0.0,100.0
exp7_fixed_random_1,350,-251.02435,1.2536727,0.39558682,0.0,1.0,25.0
exp7_fixed_random_1,351,-39.286087,0.4835146,0.35010564,0.0,0.0,100.0
exp7_fixed_random_1,352,-315.9054,0.5914122,0.22945148,0.0,1.0,61.0
exp7_fixed_random_1,353,-185.77005,0.6849915,0.40592405,0.0,1.0,90.0
exp7_fixed_random_1,354,-300.54907,0.05001546,1.0182328,0.0,0.0,100.0
exp7_fixed_random_1,355,-22.31425,0.56936264,0.57308996,0.0,0.0,100.0
exp7_fixed_random_1,356,-310.30783,0.07524432,0.9913099,0.0,0.0,100.0
exp7_fixed_random_1,357,-318.1817,0.06460953,1.0346766,0.0,0.0,100.0
exp7_fixed_random_1,358,-375.66336,0.81946117,0.45291016,0.0,1.0,70.0
exp7_fixed_random_1,359,20.906406,0.6934994,0.3539095,0.0,0.0,100.0
exp7_fixed_random_1,361,-288.74405,0.063926324,0.9695243,0.0,0.0,100.0
exp7_fixed_random_1,362,-292.14963,0.9720112,0.33797315,0.0,1.0,26.0
exp7_fixed_random_1,363,-286.8187,0.9115818,0.3470438,0.0,1.0,54.0
exp7_fixed_random_1,364,-67.546875,0.36147046,0.48035523,0.0,0.0,100.0
exp7_fixed_random_1,365,-311.23944,0.060598135,1.0284516,0.0,0.0,100.0
exp7_fixed_random_1,366,-300.4371,0.07269247,1.0168447,0.0,0.0,100.0
exp7_fixed_random_1,367,-311.17645,1.1099378,0.54278654,0.0,1.0,24.0
exp7_fixed_random_1,368,2.0022938,0.52472454,0.31027675,0.0,0.0,100.0
exp7_fixed_random_1,369,-334.74158,0.88465923,0.4230458,0.0,1.0,55.0
exp7_fixed_random_1,370,10.075384,0.5032654,0.28559792,0.0,0.0,100.0
exp7_fixed_random_1,371,449.73407,0.7963684,0.49069688,1.0,0.0,91.0
exp7_fixed_random_1,372,-37.648376,0.47995177,0.34480464,0.0,0.0,100.0
exp7_fixed_random_1,373,-7.4222736,0.52491087,0.3741677,0.0,0.0,100.0
exp7_fixed_random_1,374,422.10712,0.54143333,0.2827594,1.0,0.0,83.0
exp7_fixed_random_1,375,528.80365,2.000472,0.52035075,1.0,0.0,18.0
exp7_fixed_random_1,376,48.53983,0.7239607,0.37907204,0.0,0.0,100.0
exp7_fixed_random_1,377,-160.6483,1.2392039,0.3604523,0.0,1.0,32.0
exp7_fixed_random_1,378,-178.20923,1.1743727,0.43673798,0.0,1.0,22.0
exp7_fixed_random_1,379,-86.582695,0.38666737,0.31227043,0.0,0.0,100.0
exp7_fixed_random_1,381,-229.94148,0.13701399,0.76348495,0.0,0.0,100.0
exp7_fixed_random_1,382,-253.18648,0.09392298,0.81538874,0.0,0.0,100.0
exp7_fixed_random_1,383,-159.00499,0.09422391,0.2925953,0.0,0.0,100.0
exp7_fixed_random_1,384,-14.8445425,0.6231754,0.35087925,0.0,0.0,100.0
exp7_fixed_random_1,385,70.42671,0.7706852,0.37060654,0.0,0.0,100.0
exp7_fixed_random_1,386,-269.74475,0.041849762,0.88622123,0.0,0.0,100.0
exp7_fixed_random_1,387,-267.50598,1.9724694,0.2404746,0.0,1.0,11.0
exp7_fixed_random_1,388,-25.257063,0.63058966,0.40463838,0.0,0.0,100.0
exp7_fixed_random_1,389,64.545616,0.6296744,0.38191518,0.0,0.0,100.0
exp7_fixed_random_1,390,16.771107,0.6250942,0.39057073,0.0,0.0,100.0
exp7_fixed_random_1,391,-285.04022,0.08453947,0.89844245,0.0,0.0,100.0
exp7_fixed_random_1,392,-176.71541,0.05629841,0.23570897,0.0,0.0,100.0
exp7_fixed_random_1,393,44.949024,0.57463014,0.3971143,0.0,0.0,100.0
exp7_fixed_random_1,394,32.289116,0.5611195,0.45110494,0.0,0.0,100.0
exp7_fixed_random_1,395,-283.37073,0.14756967,0.7475207,0.0,1.0,16.0
exp7_fixed_random_1,396,-4.7806063,0.73128545,0.38746157,0.0,0.0,100.0
exp7_fixed_random_1,397,-281.9599,1.1057392,0.41590104,0.0,1.0,28.0
exp7_fixed_random_1,398,-97.61419,0.3458379,0.18569045,0.0,0.0,100.0
exp7_fixed_random_1,399,474.98834,1.259663,0.47110254,1.0,0.0,37.0
exp7_fixed_random_1,401,-222.90356,0.14564781,0.66380847,0.0,0.0,100.0
exp7_fixed_random_1,402,104.843025,0.8126762,0.3192453,0.0,0.0,100.0
exp7_fixed_random_1,403,-86.60705,0.39050263,0.2803114,0.0,0.0,100.0
exp7_fixed_random_1,404,-320.12976,0.801013,0.47956306,0.0,1.0,61.0
exp7_fixed_random_1,405,487.49597,0.8565791,0.4900043,1.0,0.0,99.0
exp7_fixed_random_1,406,481.35522,0.7761416,0.43687236,1.0,0.0,77.0
exp7_fixed_random_1,407,-130.69897,0.27167338,0.5249621,0.0,0.0,100.0
exp7_fixed_random_1,408,-323.91977,1.228823,0.6038516,0.0,1.0,69.0
exp7_fixed_random_1,409,-8.749184,0.6394643,0.37963596,0.0,0.0,100.0
exp7_fixed_random_1,410,373.61258,0.44167322,0.56773025,1.0,0.0,80.0
exp7_fixed_random_1,411,-25.699146,0.45521718,0.22741494,0.0,0.0,100.0
exp7_fixed_random_1,412,-224.11992,0.32515162,0.41061085,0.0,1.0,4.0
exp7_fixed_random_1,413,4.41732,0.6057433,0.26587468,0.0,0.0,100.0
exp7_fixed_random_1,414,-316.9228,0.14366429,0.8735321,0.0,0.0,100.0
exp7_fixed_random_1,415,-41.529335,0.8199232,0.3689709,0.0,0.0,100.0
exp7_fixed_random_1,416,-160.45682,1.0228903,0.5670911,0.0,1.0,73.0
exp7_fixed_random_1,417,56.82971,0.6986045,0.2834739,0.0,0.0,100.0
exp7_fixed_random_1,418,9.619245,0.70746946,0.41160953,0.0,0.0,100.0
exp7_fixed_random_1,419,-317.48062,0.11079448,0.97821665,0.0,0.0,100.0
exp7_fixed_random_1,421,-300.17664,2.2386107,0.4306319,0.0,1.0,7.0
exp7_fixed_random_1,422,-258.93875,2.4997616,0.5441013,0.0,1.0,14.0
exp7_fixed_random_1,423,15.234948,0.59641045,0.47963077,0.0,0.0,100.0
exp7_fixed_random_1,424,-40.794014,0.550529,0.3101432,0.0,0.0,100.0
exp7_fixed_random_1,425,-196.78535,0.1607373,0.3628511,0.0,0.0,100.0
exp7_fixed_random_1,426,448.6351,1.0878817,0.5368087,1.0,0.0,47.0
exp7_fixed_random_1,427,414.90536,0.46837142,0.3989669,1.0,0.0,90.0
exp7_fixed_random_1,428,-78.65291,0.7425766,0.44253394,0.0,0.0,100.0
exp7_fixed_random_1,429,365.08575,0.4582242,0.36301968,1.0,0.0,95.0
exp7_fixed_random_1,430,-211.09764,3.3585958,0.89625585,0.0,1.0,4.0
exp7_fixed_random_1,431,-203.91904,0.83756435,0.48656905,0.0,1.0,85.0
exp7_fixed_random_1,432,-98.396645,0.2208858,0.21933548,0.0,0.0,100.0
exp7_fixed_random_1,433,-225.35736,0.60044354,0.31150338,0.0,1.0,20.0
exp7_fixed_random_1,434,387.89883,0.385816,0.39288226,1.0,0.0,66.0
exp7_fixed_random_1,435,-18.073536,0.53027433,0.39448845,0.0,0.0,100.0
exp7_fixed_random_1,436,-79.99897,0.5382057,0.49769786,0.0,0.0,100.0
exp7_fixed_random_1,437,51.95435,0.797957,0.5148232,0.0,0.0,100.0
exp7_fixed_random_1,438,-237.47144,0.42868128,0.28409988,0.0,1.0,4.0
exp7_fixed_random_1,439,-26.966217,0.5673493,0.27600706,0.0,0.0,100.0
exp7_fixed_random_1,441,478.01755,0.9896127,0.44585747,1.0,0.0,39.0
exp7_fixed_random_1,442,458.4446,0.8564654,0.5295182,1.0,0.0,74.0
exp7_fixed_random_1,443,-290.39774,0.06231205,0.9104942,0.0,0.0,100.0
exp7_fixed_random_1,444,503.06537,0.87001103,0.36356723,1.0,0.0,64.0
exp7_fixed_random_1,445,-235.93349,0.124746434,0.62723315,0.0,0.0,100.0
exp7_fixed_random_1,446,-148.1268,0.1307779,0.19458915,0.0,0.0,100.0
exp7_fixed_random_1,447,0.7386303,0.52580464,0.36561513,0.0,0.0,100.0
exp7_fixed_random_1,448,-289.62476,0.6859683,0.38547993,0.0,1.0,87.0
exp7_fixed_random_1,449,12.853757,0.67698914,0.48734674,0.0,0.0,100.0
exp7_fixed_random_1,450,-55.146347,0.59304434,0.7087081,0.0,0.0,100.0
exp7_fixed_random_1,451,428.64993,1.4720662,0.47053772,1.0,0.0,33.0
exp7_fixed_random_1,452,-325.3333,0.3382301,0.9961605,0.0,0.0,100.0
exp7_fixed_random_1,453,-69.51971,0.2923049,0.26674995,0.0,0.0,100.0
exp7_fixed_random_1,454,-152.21353,0.9801653,0.47254106,0.0,1.0,76.0
exp7_fixed_random_1,455,-35.84832,0.6683445,0.38837156,0.0,0.0,100.0
exp7_fixed_random_1,456,-321.15686,0.6419098,0.505615,0.0,1.0,77.0
exp7_fixed_random_1,457,-212.39026,0.6279963,0.37059748,0.0,1.0,22.0
exp7_fixed_random_1,458,-304.3896,0.8107235,0.26732337,0.0,1.0,28.0
exp7_fixed_random_1,459,-124.73974,0.2338273,0.23681818,0.0,0.0,100.0
exp7_fixed_random_1,461,-1.4582509,0.45581844,0.2775471,0.0,0.0,100.0
exp7_fixed_random_1,462,40.94395,0.6862994,0.39877865,0.0,0.0,100.0
exp7_fixed_random_1,463,-108.8098,0.18156344,0.18767807,0.0,0.0,100.0
exp7_fixed_random_1,464,510.1879,0.96615785,0.37669072,1.0,0.0,71.0
exp7_fixed_random_1,465,-194.78403,0.8933287,0.31616658,0.0,1.0,59.0
exp7_fixed_random_1,466,-279.85822,1.0145034,0.48307094,0.0,1.0,87.0
exp7_fixed_random_1,467,474.67587,0.99324393,0.414984,1.0,0.0,46.0
exp7_fixed_random_1,468,30.620789,0.63974184,0.54532003,0.0,0.0,100.0
exp7_fixed_random_1,469,-59.385803,0.31754822,0.26446548,0.0,0.0,100.0
exp7_fixed_random_1,470,-222.36192,1.859983,0.9084097,0.0,1.0,4.0
exp7_fixed_random_1,471,-138.15688,1.0120618,0.42483658,0.0,1.0,67.0
exp7_fixed_random_1,472,79.24078,0.74458665,0.4170393,0.0,0.0,100.0
exp7_fixed_random_1,473,-200.97699,0.80533653,0.33187672,0.0,1.0,55.0
exp7_fixed_random_1,474,-58.7208,0.70845485,0.40050125,0.0,0.0,100.0
exp7_fixed_random_1,475,-104.24975,0.6626112,0.6956594,0.0,0.0,100.0
exp7_fixed_random_1,476,-289.02652,1.1347332,0.38224533,0.0,1.0,27.0
exp7_fixed_random_1,477,17.936907,0.85966307,0.3012013,0.0,0.0,100.0
exp7_fixed_random_1,478,469.9911,1.0120625,0.5437364,1.0,0.0,54.0
exp7_fixed_random_1,479,456.2153,0.72486013,0.4519101,1.0,0.0,68.0
exp7_fixed_random_1,481,-375.1805,0.5177964,0.36155125,0.0,1.0,98.0
exp7_fixed_random_1,482,123.12352,0.8253419,0.3794994,0.0,0.0,100.0
exp7_fixed_random_1,483,442.63843,0.7284113,0.45130163,1.0,0.0,60.0
exp7_fixed_random_1,484,-117.289024,0.22314249,0.30630898,0.0,0.0,100.0
exp7_fixed_random_1,485,413.34787,0.8451912,0.41664168,1.0,0.0,78.0
exp7_fixed_random_1,486,-189.16006,0.09930392,0.36539406,0.0,0.0,100.0
exp7_fixed_random_1,487,-124.84981,0.18339887,0.20271416,0.0,0.0,100.0
exp7_fixed_random_1,488,60.721226,0.6508544,0.36494645,0.0,0.0,100.0
exp7_fixed_random_1,489,47.15661,0.6925389,0.26326236,0.0,0.0,100.0
exp7_fixed_random_1,490,-373.288,0.7654431,0.39212057,0.0,1.0,96.0
exp7_fixed_random_1,491,-8.212567,0.69438064,0.34727734,0.0,0.0,100.0
exp7_fixed_random_1,492,64.29964,0.740479,0.32082787,0.0,0.0,100.0
exp7_fixed_random_1,493,479.4785,0.68614894,0.4432623,1.0,0.0,77.0
exp7_fixed_random_1,494,-211.09392,0.46302468,0.40129822,0.0,1.0,2.0
exp7_fixed_random_1,495,20.079952,0.64064515,0.41733924,0.0,0.0,100.0
exp7_fixed_random_1,496,-1.1305265,0.51005316,0.26554877,0.0,0.0,100.0
exp7_fixed_random_1,497,1.5508074,0.5565313,0.33099765,0.0,0.0,100.0
exp7_fixed_random_1,498,508.2674,0.9118233,0.2397306,1.0,0.0,57.0
exp7_fixed_random_1,499,-44.201828,0.78568196,0.49836376,0.0,0.0,100.0
exp7_fixed_random_1,501,455.85303,0.7122919,0.53032744,1.0,0.0,77.0
exp7_fixed_random_1,502,-278.42264,0.121352345,0.9253005,0.0,1.0,21.0
exp7_fixed_random_1,503,-46.51412,0.54306525,0.43395278,0.0,0.0,100.0
exp7_fixed_random_1,504,-187.23225,0.18113929,0.47957668,0.0,0.0,100.0
exp7_fixed_random_1,505,-80.1008,1.2864708,0.53057975,0.0,1.0,39.0
exp7_fixed_random_1,506,499.6634,1.0156085,0.44754413,1.0,0.0,52.0
exp7_fixed_random_1,507,-292.05243,0.26568723,0.8502316,0.0,1.0,22.0
exp7_fixed_random_1,508,-62.667305,0.7936763,0.37466747,0.0,0.0,100.0
exp7_fixed_random_1,509,-200.6361,0.79506236,0.21867323,0.0,1.0,42.0
exp7_fixed_random_1,510,-150.53531,0.14128861,0.23183446,0.0,0.0,100.0
exp7_fixed_random_1,511,552.94507,2.519943,0.53882146,1.0,0.0,15.0
exp7_fixed_random_1,512,-54.734413,0.6701371,0.45392686,0.0,0.0,100.0
exp7_fixed_random_1,513,10.147868,0.7439883,0.4191543,0.0,0.0,100.0
exp7_fixed_random_1,514,-315.1804,0.8890395,0.39193237,0.0,1.0,62.0
exp7_fixed_random_1,515,-142.9853,0.1650875,0.31337354,0.0,0.0,100.0
exp7_fixed_random_1,516,67.51651,0.7173184,0.33208114,0.0,0.0,100.0
exp7_fixed_random_1,517,-303.26004,0.17901112,0.734678,0.0,1.0,36.0
exp7_fixed_random_1,518,435.37744,0.5843359,0.45939964,1.0,0.0,80.0
exp7_fixed_random_1,519,-72.869446,0.88610864,0.459236,0.0,0.0,100.0
exp7_fixed_random_1,521,-154.18767,2.005891,0.5568062,0.0,1.0,10.0
exp7_fixed_random_1,522,470.42212,0.7503048,0.4698367,1.0,0.0,87.0
exp7_fixed_random_1,523,-110.290596,2.4312587,0.4906436,0.0,1.0,14.0
exp7_fixed_random_1,524,-281.78165,0.8550803,0.4466128,0.0,1.0,83.0
exp7_fixed_random_1,525,-131.41563,0.49315315,0.36458156,0.0,0.0,100.0
exp7_fixed_random_1,526,-195.08218,1.1748687,0.3440075,0.0,1.0,50.0
exp7_fixed_random_1,527,-325.98468,0.6856791,0.4750953,0.0,1.0,79.0
exp7_fixed_random_1,528,477.59818,0.7934258,0.4486148,1.0,0.0,52.0
exp7_fixed_random_1,529,15.349931,0.7749422,0.36236924,0.0,0.0,100.0
exp7_fixed_random_1,530,35.274986,0.6388985,0.31152546,0.0,0.0,100.0
exp7_fixed_random_1,531,-288.028,1.147191,0.39560312,0.0,1.0,18.0
exp7_fixed_random_1,532,-1.1149487,0.61185557,0.45941734,0.0,0.0,100.0
exp7_fixed_random_1,533,440.75015,0.59366053,0.5754528,1.0,0.0,71.0
exp7_fixed_random_1,534,481.041,1.0619395,0.40946844,1.0,0.0,60.0
exp7_fixed_random_1,535,-346.4698,0.93315995,0.64051676,0.0,1.0,56.0
exp7_fixed_random_1,536,-343.56006,0.78764844,0.26662776,0.0,1.0,15.0
exp7_fixed_random_1,537,-162.19579,0.109934114,0.16681516,0.0,0.0,100.0
exp7_fixed_random_1,538,-298.16183,0.9802394,0.40830985,0.0,1.0,99.0
exp7_fixed_random_1,539,-298.48828,2.7548156,0.49956378,0.0,1.0,5.0
exp7_fixed_random_1,541,527.83844,1.1008344,0.3236049,1.0,0.0,62.0
exp7_fixed_random_1,542,442.65518,0.74699736,0.6796378,1.0,0.0,64.0
exp7_fixed_random_1,543,-232.42192,0.64825886,0.46741182,0.0,1.0,88.0
exp7_fixed_random_1,544,51.134552,0.7735024,0.4017169,0.0,0.0,100.0
exp7_fixed_random_1,545,-267.63647,1.4459732,0.4651479,0.0,1.0,40.0
exp7_fixed_random_1,546,531.4663,1.7194276,0.6510743,1.0,0.0,36.0
exp7_fixed_random_1,547,573.279,1.3586683,0.61921835,1.0,0.0,50.0
exp7_fixed_random_1,548,-104.0683,0.2591855,0.21953611,0.0,0.0,100.0
exp7_fixed_random_1,549,-285.68433,0.71253943,0.4846301,0.0,1.0,87.0
exp7_fixed_random_1,550,549.72784,1.1628039,0.41635898,1.0,0.0,62.0
exp7_fixed_random_1,551,73.40211,0.80575293,0.4417379,0.0,0.0,100.0
exp7_fixed_random_1,552,-6.7204323,0.64203024,0.43990272,0.0,0.0,100.0
exp7_fixed_random_1,553,-209.95102,1.4310528,0.23718297,0.0,1.0,4.0
exp7_fixed_random_1,554,500.58954,0.7348606,0.45202297,1.0,0.0,81.0
exp7_fixed_random_1,555,-188.43979,0.96574944,0.5323291,0.0,1.0,62.0
exp7_fixed_random_1,556,-151.58246,0.105588265,0.20501694,0.0,0.0,100.0
exp7_fixed_random_1,557,34.73833,0.88863474,0.45965633,0.0,0.0,100.0
exp7_fixed_random_1,558,-333.43436,1.0233732,0.38721532,0.0,1.0,89.0
exp7_fixed_random_1,559,485.08017,1.1378771,0.62394816,1.0,0.0,34.0
exp7_fixed_random_1,561,-221.92644,0.16393124,0.59142923,0.0,0.0,100.0
exp7_fixed_random_1,562,521.16296,1.5357087,0.47355717,1.0,0.0,35.0
exp7_fixed_random_1,563,-127.82249,2.4373498,0.73363006,0.0,1.0,23.0
exp7_fixed_random_1,564,501.42322,1.0608637,0.54163295,1.0,0.0,64.0
exp7_fixed_random_1,565,-164.50943,0.07834947,0.18102144,0.0,0.0,100.0
exp7_fixed_random_1,566,553.61,1.5211662,0.39248827,1.0,0.0,36.0
exp7_fixed_random_1,567,-287.26816,1.4327785,0.37744027,0.0,1.0,44.0
exp7_fixed_random_1,568,483.72955,1.8220594,0.6841756,1.0,0.0,13.0
exp7_fixed_random_1,569,-139.5583,0.5597317,0.6488084,0.0,0.0,100.0
exp7_fixed_random_1,570,-148.4304,0.12235488,0.19410598,0.0,0.0,100.0
exp7_fixed_random_1,571,-266.92236,1.405439,0.4729911,0.0,1.0,30.0
exp7_fixed_random_1,572,-40.983063,0.82313085,0.33253875,0.0,0.0,100.0
exp7_fixed_random_1,573,-195.30568,1.4630697,0.48043096,0.0,1.0,84.0
exp7_fixed_random_1,574,534.5739,2.1389935,0.71844226,1.0,0.0,24.0
exp7_fixed_random_1,575,53.379814,1.0235648,0.4810108,0.0,0.0,100.0
exp7_fixed_random_1,576,529.73816,1.9354988,0.58584094,1.0,0.0,22.0
exp7_fixed_random_1,577,-205.63936,0.11255905,0.26978964,0.0,0.0,100.0
exp7_fixed_random_1,578,-174.17801,0.09775502,0.1359914,0.0,0.0,100.0
exp7_fixed_random_1,579,-4.352771,0.89955324,0.42427257,0.0,0.0,100.0
exp7_fixed_random_1,581,-203.86809,0.074386165,0.29749182,0.0,0.0,100.0
exp7_fixed_random_1,582,-1.2185531,0.7426368,0.61117494,0.0,0.0,100.0
exp7_fixed_random_1,583,-325.03546,1.0906457,0.41629657,0.0,1.0,97.0
exp7_fixed_random_1,584,-96.61879,0.56902784,0.6069877,0.0,0.0,100.0
exp7_fixed_random_1,585,-186.085,0.09130392,0.23198381,0.0,0.0,100.0
exp7_fixed_random_1,586,-307.5653,1.5135745,0.5012221,0.0,1.0,20.0
exp7_fixed_random_1,587,-115.654755,1.3477015,0.3672002,0.0,1.0,43.0
exp7_fixed_random_1,588,542.3146,1.2508068,0.59291303,1.0,0.0,51.0
exp7_fixed_random_1,589,-160.43507,1.6547344,0.7233086,0.0,1.0,43.0
exp7_fixed_random_1,590,480.68695,0.9226492,0.34159225,1.0,0.0,44.0
exp7_fixed_random_1,591,-255.2463,1.2291018,0.43565086,0.0,1.0,54.0
exp7_fixed_random_1,592,516.3976,1.3553725,0.5521214,1.0,0.0,45.0
exp7_fixed_random_1,593,-282.94025,1.5055709,0.44129798,0.0,1.0,27.0
exp7_fixed_random_1,594,-197.6757,1.1656009,0.33453432,0.0,1.0,13.0
exp7_fixed_random_1,595,-173.90533,0.054991856,0.17242303,0.0,0.0,100.0
exp7_fixed_random_1,596,-195.87193,0.058095425,0.16565722,0.0,0.0,100.0
exp7_fixed_random_1,597,-147.35959,1.10513,0.43858415,0.0,1.0,25.0
exp7_fixed_random_1,598,-58.036514,0.94530106,0.48748103,0.0,0.0,100.0
exp7_fixed_random_1,599,-35.38619,0.8035927,0.28603992,0.0,0.0,100.0
exp7_fixed_random_1,601,491.5981,0.8452904,0.50772774,1.0,0.0,66.0
exp7_fixed_random_1,602,-213.47206,1.1687514,0.52570975,0.0,1.0,53.0
exp7_fixed_random_1,603,499.26596,1.2117044,0.65120363,1.0,0.0,42.0
exp7_fixed_random_1,604,-219.59248,0.052506275,0.27680227,0.0,0.0,100.0
exp7_fixed_random_1,605,-196.89435,1.4830339,0.50401837,0.0,1.0,53.0
exp7_fixed_random_1,606,540.4525,1.7387782,0.52377796,1.0,0.0,30.0
exp7_fixed_random_1,607,-154.1591,0.11331575,0.15737034,0.0,0.0,100.0
exp7_fixed_random_1,608,52.794758,0.72091556,0.45242974,0.0,0.0,100.0
exp7_fixed_random_1,609,-111.46689,2.7307045,0.60973805,0.0,1.0,15.0
exp7_fixed_random_1,610,-378.82794,0.2841619,0.4478427,0.0,1.0,21.0
exp7_fixed_random_1,611,-247.99286,0.85068566,0.24723065,0.0,1.0,68.0
exp7_fixed_random_1,612,429.06528,0.70065975,0.44663054,1.0,0.0,99.0
exp7_fixed_random_1,613,-299.8821,1.3853351,0.40719113,0.0,1.0,50.0
exp7_fixed_random_1,614,-163.859,1.2021477,0.39661866,0.0,1.0,80.0
exp7_fixed_random_1,615,-172.51212,3.0310934,0.70143896,0.0,1.0,13.0
exp7_fixed_random_1,616,-189.57715,1.2027353,0.5302211,0.0,1.0,49.0
exp7_fixed_random_1,617,531.0457,1.3376256,0.38839248,1.0,0.0,49.0
exp7_fixed_random_1,618,-319.76917,1.5763562,0.458972,0.0,1.0,39.0
exp7_fixed_random_1,619,-45.314327,0.71919614,0.4062906,0.0,0.0,100.0
exp7_fixed_random_1,621,-109.61413,2.0656962,0.7099577,0.0,1.0,33.0
exp7_fixed_random_1,622,-172.22095,0.08679678,0.24494027,0.0,0.0,100.0
exp7_fixed_random_1,623,-155.86914,0.117515385,0.14677429,0.0,0.0,100.0
exp7_fixed_random_1,624,-309.15485,1.9925265,0.6320104,0.0,1.0,23.0
exp7_fixed_random_1,625,-208.43272,0.038072966,0.16418329,0.0,0.0,100.0
exp7_fixed_random_1,626,-227.50995,0.04231182,0.3147712,0.0,0.0,100.0
exp7_fixed_random_1,627,16.743074,0.65307325,0.37184033,0.0,0.0,100.0
exp7_fixed_random_1,628,6.7903605,0.55272466,0.43535796,0.0,0.0,100.0
exp7_fixed_random_1,629,-286.1285,1.4079285,0.3858745,0.0,1.0,19.0
exp7_fixed_random_1,630,-20.438747,0.44477937,0.3347703,0.0,0.0,100.0
exp7_fixed_random_1,631,-118.240265,0.46824417,0.36836165,0.0,0.0,100.0
exp7_fixed_random_1,632,516.3646,1.7768933,0.47149733,1.0,0.0,30.0
exp7_fixed_random_1,633,-66.00461,0.4608078,0.36104065,0.0,0.0,100.0
exp7_fixed_random_1,634,407.09604,0.5087395,0.45710406,1.0,0.0,94.0
exp7_fixed_random_1,635,-8.179458,0.64350975,0.3699711,0.0,0.0,100.0
exp7_fixed_random_1,636,-191.42195,2.266691,0.5681156,0.0,1.0,21.0
exp7_fixed_random_1,637,-90.77682,0.71337247,0.30121428,0.0,0.0,100.0
exp7_fixed_random_1,638,-215.3226,1.2591574,0.41052163,0.0,1.0,9.0
exp7_fixed_random_1,639,470.86755,0.91926503,0.31499088,1.0,0.0,57.0
exp7_fixed_random_1,641,-316.55664,1.0282195,0.43253133,0.0,1.0,11.0
exp7_fixed_random_1,642,-189.04012,0.078176,0.115468286,0.0,0.0,100.0
exp7_fixed_random_1,643,-167.01529,0.11154992,0.15544209,0.0,0.0,100.0
exp7_fixed_random_1,644,433.13446,1.045783,0.4608109,1.0,0.0,91.0
exp7_fixed_random_1,645,414.0423,0.90471476,0.31137964,1.0,0.0,80.0
exp7_fixed_random_1,646,-208.79532,1.8993467,0.46870577,0.0,1.0,34.0
exp7_fixed_random_1,647,-339.03775,1.5384964,0.45786566,0.0,1.0,10.0
exp7_fixed_random_1,648,-118.548485,1.6215916,0.5454447,0.0,1.0,30.0
exp7_fixed_random_1,649,-382.0619,0.77134955,0.5445055,0.0,1.0,95.0
exp7_fixed_random_1,650,-165.82402,0.14794947,0.33249873,0.0,0.0,100.0
exp7_fixed_random_1,651,576.41925,1.1996042,0.33221528,1.0,0.0,45.0
exp7_fixed_random_1,652,505.596,0.7505522,0.32496938,1.0,0.0,83.0
exp7_fixed_random_1,653,-266.11203,1.481908,0.49411413,0.0,1.0,44.0
exp7_fixed_random_1,654,-248.98105,0.14599192,0.4494621,0.0,0.0,100.0
exp7_fixed_random_1,655,-88.507744,1.9241456,0.5175107,0.0,1.0,27.0
exp7_fixed_random_1,656,498.52112,0.9999459,0.42638728,1.0,0.0,66.0
exp7_fixed_random_1,657,-336.48737,0.77069855,0.39074585,0.0,1.0,11.0
exp7_fixed_random_1,658,-208.63551,0.0525409,0.089725934,0.0,0.0,100.0
exp7_fixed_random_1,659,-47.99775,0.4340725,0.36175078,0.0,0.0,100.0
exp7_fixed_random_1,661,-249.87943,0.09507907,0.35119423,0.0,0.0,100.0
exp7_fixed_random_1,662,420.70352,0.66019344,0.29856515,1.0,0.0,81.0
exp7_fixed_random_1,663,-259.1577,1.0763271,0.34365454,0.0,1.0,49.0
exp7_fixed_random_1,664,-264.1466,0.11939623,0.492957,0.0,0.0,100.0
exp7_fixed_random_1,665,-219.09198,0.5350878,0.37203524,0.0,1.0,62.0
exp7_fixed_random_1,666,-282.74496,2.1243298,0.54677016,0.0,1.0,6.0
exp7_fixed_random_1,667,-241.01094,0.122003645,0.34809273,0.0,0.0,100.0
exp7_fixed_random_1,668,-266.67377,0.59707534,0.45437914,0.0,1.0,97.0
exp7_fixed_random_1,669,-155.59537,0.94925284,0.41325557,0.0,1.0,62.0
exp7_fixed_random_1,670,-194.16144,1.0351038,0.44896063,0.0,1.0,69.0
exp7_fixed_random_1,671,500.45023,1.3292395,0.40865415,1.0,0.0,41.0
exp7_fixed_random_1,672,-207.42969,0.13412154,0.27902445,0.0,0.0,100.0
exp7_fixed_random_1,673,-74.43811,0.5870393,0.1683291,0.0,0.0,100.0
exp7_fixed_random_1,674,45.022736,0.77029145,0.3719511,0.0,0.0,100.0
exp7_fixed_random_1,675,-249.03244,0.8055624,0.3188649,0.0,1.0,95.0
exp7_fixed_random_1,676,381.9666,0.68019444,0.2881643,1.0,0.0,92.0
exp7_fixed_random_1,677,-154.87656,0.82018167,0.4455448,0.0,1.0,61.0
exp7_fixed_random_1,678,-124.11177,1.9879298,0.6467041,0.0,1.0,29.0
exp7_fixed_random_1,679,-29.986755,0.7410582,0.33559147,0.0,0.0,100.0
exp7_fixed_random_1,681,473.21265,0.73467904,0.3117907,1.0,0.0,88.0
exp7_fixed_random_1,682,-188.17244,0.23477356,0.29873645,0.0,0.0,100.0
exp7_fixed_random_1,683,-290.5147,1.6837393,0.4743224,0.0,1.0,40.0
exp7_fixed_random_1,684,562.41504,1.249139,0.36755055,1.0,0.0,49.0
exp7_fixed_random_1,685,-95.15723,0.26152074,0.19026946,0.0,0.0,100.0
exp7_fixed_random_1,686,-11.295481,0.56440675,0.37409535,0.0,0.0,100.0
exp7_fixed_random_1,687,-35.534653,0.6433675,0.74564874,0.0,0.0,100.0
exp7_fixed_random_1,688,443.89017,0.61910385,0.29456297,1.0,0.0,97.0
exp7_fixed_random_1,689,-178.41476,0.1958639,0.29874152,0.0,0.0,100.0
exp7_fixed_random_1,690,0.6635594,0.6761924,0.2821494,0.0,0.0,100.0
exp7_fixed_random_1,691,477.65955,0.8929545,0.39969015,1.0,0.0,90.0
exp7_fixed_random_1,692,-225.40556,0.07252188,0.1390261,0.0,0.0,100.0
exp7_fixed_random_1,693,-187.957,0.1289186,0.15115362,0.0,0.0,100.0
exp7_fixed_random_1,694,-320.01456,0.984648,0.41990075,0.0,1.0,60.0
exp7_fixed_random_1,695,2.227151,0.58590484,0.29616147,0.0,0.0,100.0
exp7_fixed_random_1,696,-43.228157,0.6282277,0.31221706,0.0,0.0,100.0
exp7_fixed_random_1,697,74.4058,0.8519663,0.3057021,0.0,0.0,100.0
exp7_fixed_random_1,698,44.613182,0.6781189,0.23962887,0.0,0.0,100.0
exp7_fixed_random_1,699,472.82715,1.3268305,0.38246125,1.0,0.0,33.0
exp7_fixed_random_1,701,-255.79106,3.1744387,0.6403921,0.0,1.0,11.0
exp7_fixed_random_1,702,-275.97906,1.6751713,0.53932405,0.0,1.0,18.0
exp7_fixed_random_1,703,434.40405,0.7966994,0.3498771,1.0,0.0,70.0
exp7_fixed_random_1,704,-321.49258,1.5667945,0.5867649,0.0,1.0,11.0
exp7_fixed_random_1,705,10.947427,1.123383,0.5309859,0.0,0.0,100.0
exp7_fixed_random_1,706,-2.7897496,0.56896555,0.3307266,0.0,0.0,100.0
exp7_fixed_random_1,707,426.20276,0.58469737,0.2460198,1.0,0.0,88.0
exp7_fixed_random_1,708,-23.207565,0.65968734,0.3442238,0.0,0.0,100.0
exp7_fixed_random_1,709,-199.15765,0.13388446,0.15316977,0.0,0.0,100.0
exp7_fixed_random_1,710,-259.47906,0.1076896,0.45349106,0.0,0.0,100.0
exp7_fixed_random_1,711,-82.49533,0.5738251,0.28970408,0.0,0.0,100.0
exp7_fixed_random_1,712,-197.9304,0.20706291,0.305498,0.0,0.0,100.0
exp7_fixed_random_1,713,429.83173,0.5394075,0.30857936,1.0,0.0,100.0
exp7_fixed_random_1,714,62.91954,0.7381488,0.26809835,0.0,0.0,100.0
exp7_fixed_random_1,715,-68.51233,0.5145501,0.26124886,0.0,0.0,100.0
exp7_fixed_random_1,716,1.3982617,0.6358326,0.29826,0.0,0.0,100.0
exp7_fixed_random_1,717,23.53122,0.7135718,0.32098904,0.0,0.0,100.0
exp7_fixed_random_1,718,-101.18954,0.4447462,0.38987598,0.0,0.0,100.0
exp7_fixed_random_1,719,-175.6607,1.0535944,0.37352115,0.0,1.0,52.0
exp7_fixed_random_1,721,-331.52362,0.76578075,0.33131626,0.0,1.0,69.0
exp7_fixed_random_1,722,-174.30096,2.8882449,0.5392953,0.0,1.0,12.0
exp7_fixed_random_1,723,-197.67035,0.18385293,0.19052799,0.0,0.0,100.0
exp7_fixed_random_1,724,-204.49817,1.4209757,0.259661,0.0,1.0,4.0
exp7_fixed_random_1,725,-278.06546,0.3816289,0.25108135,0.0,1.0,84.0
exp7_fixed_random_1,726,7.705761,0.56504846,0.20131963,0.0,0.0,100.0
exp7_fixed_random_1,727,-49.29639,0.5662239,0.30723602,0.0,0.0,100.0
exp7_fixed_random_1,728,-300.8094,1.1950569,0.37120023,0.0,1.0,29.0
exp7_fixed_random_1,729,-53.931915,2.0044765,0.41341534,0.0,1.0,24.0
exp7_fixed_random_1,730,-18.689205,0.583073,0.23742118,0.0,0.0,100.0
exp7_fixed_random_1,731,-199.71204,2.4473639,0.6245852,0.0,1.0,21.0
exp7_fixed_random_1,732,405.85815,0.58206254,0.324351,1.0,0.0,83.0
exp7_fixed_random_1,733,-125.31762,2.6294954,0.6741859,0.0,1.0,21.0
exp7_fixed_random_1,734,-37.5506,0.57881355,0.25289553,0.0,0.0,100.0
exp7_fixed_random_1,735,-130.90486,0.2111441,0.1404352,0.0,0.0,100.0
exp7_fixed_random_1,736,-13.723585,0.6304018,0.29214996,0.0,0.0,100.0
exp7_fixed_random_1,737,-1.900629,0.62309897,0.2247584,0.0,0.0,100.0
exp7_fixed_random_1,738,-131.4949,1.0448726,0.35910138,0.0,1.0,37.0
exp7_fixed_random_1,739,11.757965,0.46006954,0.22268246,0.0,0.0,100.0
exp7_fixed_random_1,741,-91.79761,0.5618919,0.3405722,0.0,0.0,100.0
exp7_fixed_random_1,742,-48.18941,0.40347752,0.3008496,0.0,0.0,100.0
exp7_fixed_random_1,743,-61.18063,0.5295137,0.3797369,0.0,0.0,100.0
exp7_fixed_random_1,744,512.8763,1.1639671,0.714102,1.0,0.0,54.0
exp7_fixed_random_1,745,97.09663,0.6117357,0.3477556,0.0,0.0,100.0
exp7_fixed_random_1,746,-107.31128,0.3289366,0.5190371,0.0,0.0,100.0
exp7_fixed_random_1,747,-259.85318,0.36050197,0.30887744,0.0,1.0,65.0
exp7_fixed_random_1,748,9.97884,0.49523053,0.35969353,0.0,0.0,100.0
exp7_fixed_random_1,749,-68.678055,0.34541747,0.31677154,0.0,0.0,100.0
exp7_fixed_random_1,750,-332.44858,1.0821483,0.48045602,0.0,1.0,68.0
exp7_fixed_random_1,751,473.40408,0.8432483,0.31234577,1.0,0.0,57.0
exp7_fixed_random_1,752,529.11426,1.209989,0.48434082,1.0,0.0,51.0
exp7_fixed_random_1,753,-314.8711,2.8005202,0.48514104,0.0,1.0,5.0
exp7_fixed_random_1,754,-31.802265,0.66323036,0.34216177,0.0,0.0,100.0
exp7_fixed_random_1,755,29.793365,0.62231624,0.3597324,0.0,0.0,100.0
exp7_fixed_random_1,756,-43.058224,0.644361,0.5055973,0.0,0.0,100.0
exp7_fixed_random_1,757,-8.876473,0.43333873,0.2670541,0.0,0.0,100.0
exp7_fixed_random_1,758,-82.23474,0.42658952,0.23628424,0.0,0.0,100.0
exp7_fixed_random_1,759,-351.23337,0.8570765,0.192823,0.0,1.0,8.0
exp7_fixed_random_1,761,508.11,1.1969559,0.5812003,1.0,0.0,39.0
exp7_fixed_random_1,762,-48.90176,0.49618602,0.28064525,0.0,0.0,100.0
exp7_fixed_random_1,763,483.07748,1.8407265,0.722852,1.0,0.0,22.0
exp7_fixed_random_1,764,506.8749,1.9679929,0.8181127,1.0,0.0,23.0
exp7_fixed_random_1,765,-274.09125,2.012314,0.584248,0.0,1.0,8.0
exp7_fixed_random_1,766,-40.198208,0.6020095,0.35526603,0.0,0.0,100.0
exp7_fixed_random_1,767,-51.195454,0.3887197,0.30777836,0.0,0.0,100.0
exp7_fixed_random_1,768,-170.94385,2.8692832,0.46422032,0.0,1.0,4.0
exp7_fixed_random_1,769,-286.9897,1.7364557,0.30674687,0.0,1.0,16.0
exp7_fixed_random_1,770,-29.967278,0.39008653,0.26770425,0.0,0.0,100.0
exp7_fixed_random_1,771,-12.763041,0.6166472,0.3784829,0.0,0.0,100.0
exp7_fixed_random_1,772,-341.0558,1.7549194,0.3964882,0.0,1.0,6.0
exp7_fixed_random_1,773,53.004257,0.6748598,0.2711356,0.0,0.0,100.0
exp7_fixed_random_1,774,-23.957535,0.45652092,0.2994975,0.0,0.0,100.0
exp7_fixed_random_1,775,-168.12344,2.8561127,0.64002204,0.0,1.0,20.0
exp7_fixed_random_1,776,-27.88175,0.45952442,0.30374798,0.0,0.0,100.0
exp7_fixed_random_1,777,-98.53913,2.375183,0.6869465,0.0,1.0,19.0
exp7_fixed_random_1,778,-44.65192,0.4193813,0.24594939,0.0,0.0,100.0
exp7_fixed_random_1,779,512.8384,0.9340423,0.5570208,1.0,0.0,57.0
exp7_fixed_random_1,781,14.329158,0.59665173,0.3065275,0.0,0.0,100.0
exp7_fixed_random_1,782,473.03998,1.1864797,0.5373541,1.0,0.0,25.0
exp7_fixed_random_1,783,-13.136002,0.4362016,0.36882538,0.0,0.0,100.0
exp7_fixed_random_1,784,510.23935,1.2592907,0.40222174,1.0,0.0,41.0
exp7_fixed_random_1,785,-47.173138,0.66594934,0.290129,0.0,0.0,100.0
exp7_fixed_random_1,786,-2.0548947,0.5309776,0.39030346,0.0,0.0,100.0
exp7_fixed_random_1,787,-214.16774,2.4022255,0.54584646,0.0,1.0,17.0
exp7_fixed_random_1,788,-119.00793,2.0243826,0.4267887,0.0,1.0,18.0
exp7_fixed_random_1,789,-0.301026,0.6276424,0.5758773,0.0,0.0,100.0
exp7_fixed_random_1,790,-349.139,2.5436895,0.625724,0.0,1.0,3.0
exp7_fixed_random_1,791,-79.96266,1.676306,0.41379184,0.0,1.0,28.0
exp7_fixed_random_1,792,528.5775,1.2906438,0.57710373,1.0,0.0,46.0
exp7_fixed_random_1,793,-48.304153,0.6406009,0.2662216,0.0,0.0,100.0
exp7_fixed_random_1,794,-33.442383,0.5755595,0.3289689,0.0,0.0,100.0
exp7_fixed_random_1,795,462.04242,0.79037184,0.5686244,1.0,0.0,59.0
exp7_fixed_random_1,796,537.416,1.7942139,0.45183772,1.0,0.0,35.0
exp7_fixed_random_1,797,514.6752,0.72116184,0.31721422,1.0,0.0,86.0
exp7_fixed_random_1,798,-100.15215,0.5770278,0.31695792,0.0,0.0,100.0
exp7_fixed_random_1,799,-210.1549,2.18815,0.5616869,0.0,1.0,10.0
exp7_fixed_random_1,801,579.3637,3.0094202,0.54377514,1.0,0.0,18.0
exp7_fixed_random_1,802,-177.81082,1.2211787,0.48266396,0.0,1.0,39.0
exp7_fixed_random_1,803,-175.56543,2.9376838,0.27217764,0.0,1.0,4.0
exp7_fixed_random_1,804,-228.32071,1.4837811,0.36689562,0.0,1.0,13.0
exp7_fixed_random_1,805,371.53424,0.4474901,0.56024295,1.0,0.0,95.0
exp7_fixed_random_1,806,-287.83624,1.7707328,0.47662666,0.0,1.0,9.0
exp7_fixed_random_1,807,-12.399341,0.58693784,0.3858217,0.0,0.0,100.0
exp7_fixed_random_1,808,-18.869516,0.49500552,0.38945964,0.0,0.0,100.0
exp7_fixed_random_1,809,-209.25821,2.1089537,0.19309534,0.0,1.0,3.0
exp7_fixed_random_1,810,9.970426,0.5681103,0.30934793,0.0,0.0,100.0
exp7_fixed_random_1,811,0.7409016,0.80249083,0.3337349,0.0,0.0,100.0
exp7_fixed_random_1,812,-29.627272,0.56953454,0.7441227,0.0,0.0,100.0
exp7_fixed_random_1,813,-324.6342,2.2681823,0.6032569,0.0,1.0,25.0
exp7_fixed_random_1,814,-47.699158,2.5894732,0.5516993,0.0,1.0,18.0
exp7_fixed_random_1,815,-10.557615,0.5729454,0.2516283,0.0,0.0,100.0
exp7_fixed_random_1,816,400.90216,0.72951216,0.51425856,1.0,0.0,71.0
exp7_fixed_random_1,817,501.1572,1.1946329,0.5372387,1.0,0.0,47.0
exp7_fixed_random_1,818,460.7745,0.98435634,0.46815065,1.0,0.0,43.0
exp7_fixed_random_1,819,-35.397953,0.5097502,0.34968865,0.0,0.0,100.0
exp7_fixed_random_1,821,-85.41491,0.5145188,0.4555626,0.0,0.0,100.0
exp7_fixed_random_1,822,430.95914,0.9699645,0.72127664,1.0,0.0,53.0
exp7_fixed_random_1,823,-30.501392,0.38744873,0.44535464,0.0,0.0,100.0
exp7_fixed_random_1,824,-143.41971,2.45632,0.64049816,0.0,1.0,12.0
exp7_fixed_random_1,825,-418.2743,0.47249535,0.2219747,0.0,1.0,91.0
exp7_fixed_random_1,826,-294.2409,1.9822103,0.5126159,0.0,1.0,12.0
exp7_fixed_random_1,827,-395.898,0.5955989,0.43400386,0.0,1.0,94.0
exp7_fixed_random_1,828,-33.736984,0.62545484,0.33062333,0.0,0.0,100.0
exp7_fixed_random_1,829,-72.29185,0.3926186,0.2963984,0.0,0.0,100.0
exp7_fixed_random_1,830,-37.69213,0.40381077,0.27329025,0.0,0.0,100.0
exp7_fixed_random_1,831,-54.093372,0.3527106,0.17028509,0.0,0.0,100.0
exp7_fixed_random_1,832,401.47766,0.7181539,0.27441472,1.0,0.0,92.0
exp7_fixed_random_1,833,476.85416,1.5761056,0.6855597,1.0,0.0,29.0
exp7_fixed_random_1,834,-28.775259,0.5175943,0.24508509,0.0,0.0,100.0
exp7_fixed_random_1,835,4.9039097,0.6090786,0.37445617,0.0,0.0,100.0
exp7_fixed_random_1,836,-67.029816,0.40587437,0.5176002,0.0,0.0,100.0
exp7_fixed_random_1,837,526.4177,1.3197999,0.48726884,1.0,0.0,31.0
exp7_fixed_random_1,838,-79.720825,0.49348012,0.38528275,0.0,0.0,100.0
exp7_fixed_random_1,839,-3.8913877,0.5221128,0.56715655,0.0,0.0,100.0
exp7_fixed_random_1,841,-108.80491,1.5318607,0.565084,0.0,1.0,21.0
exp7_fixed_random_1,842,15.909361,0.47378322,0.28595173,0.0,0.0,100.0
exp7_fixed_random_1,843,-84.126076,0.44829595,0.2769256,0.0,0.0,100.0
exp7_fixed_random_1,844,477.48898,0.70037717,0.3746466,1.0,0.0,59.0
exp7_fixed_random_1,845,-137.72922,1.4082241,0.2955303,0.0,1.0,26.0
exp7_fixed_random_1,846,-88.90836,0.35192907,0.35719067,0.0,0.0,100.0
exp7_fixed_random_1,847,429.59735,0.5839352,0.25278962,1.0,0.0,95.0
exp7_fixed_random_1,848,-300.88165,2.2657025,0.52597886,0.0,1.0,12.0
exp7_fixed_random_1,849,-69.32114,0.34817153,0.4949902,0.0,0.0,100.0
exp7_fixed_random_1,850,-23.272877,0.5868974,0.29356864,0.0,0.0,100.0
exp7_fixed_random_1,851,-60.200676,0.36193457,0.22669172,0.0,0.0,100.0
exp7_fixed_random_1,852,-203.1037,0.19602196,0.5349767,0.0,0.0,100.0
exp7_fixed_random_1,853,-108.64958,0.6236539,0.71190023,0.0,0.0,100.0
exp7_fixed_random_1,854,-118.86097,2.5916464,0.5639846,0.0,1.0,19.0
exp7_fixed_random_1,855,-1.7020324,0.49815357,0.22632632,0.0,0.0,100.0
exp7_fixed_random_1,856,-95.474754,0.2801709,0.2149436,0.0,0.0,100.0
exp7_fixed_random_1,857,371.72122,0.5910932,0.7263621,1.0,0.0,84.0
exp7_fixed_random_1,858,-53.959614,0.48960948,0.67711586,0.0,0.0,100.0
exp7_fixed_random_1,859,562.0646,1.0889783,0.47975445,1.0,0.0,65.0
exp7_fixed_random_1,861,-228.77136,0.7286628,0.4100086,0.0,1.0,76.0
exp7_fixed_random_1,862,463.5923,0.6800516,0.3259103,1.0,0.0,63.0
exp7_fixed_random_1,863,-132.42268,0.24263673,0.31597105,0.0,0.0,100.0
exp7_fixed_random_1,864,30.371092,0.6047255,0.31116328,0.0,0.0,100.0
exp7_fixed_random_1,865,-290.6892,1.8291981,0.43822616,0.0,1.0,30.0
exp7_fixed_random_1,866,-59.891975,0.3662055,0.30570677,0.0,0.0,100.0
exp7_fixed_random_1,867,424.28964,0.59473205,0.40067384,1.0,0.0,79.0
exp7_fixed_random_1,868,542.8569,1.1215963,0.29022372,1.0,0.0,41.0
exp7_fixed_random_1,869,-11.954693,0.4798464,0.29596767,0.0,0.0,100.0
exp7_fixed_random_1,870,-35.688,0.47715554,0.26424748,0.0,0.0,100.0
exp7_fixed_random_1,871,-151.57652,0.68522835,0.30552363,0.0,0.0,100.0
exp7_fixed_random_1,872,-7.1444364,0.45293748,0.2772173,0.0,0.0,100.0
exp7_fixed_random_1,873,540.29285,1.3235948,0.5090072,1.0,0.0,37.0
exp7_fixed_random_1,874,-92.21878,0.31414565,0.5429188,0.0,0.0,100.0
exp7_fixed_random_1,875,28.675648,0.6280183,0.28283554,0.0,0.0,100.0
exp7_fixed_random_1,876,-87.75967,0.34682298,0.35376763,0.0,0.0,100.0
exp7_fixed_random_1,877,424.61057,0.72554463,0.23375086,1.0,0.0,71.0
exp7_fixed_random_1,878,-186.22385,0.6513228,0.29349813,0.0,1.0,56.0
exp7_fixed_random_1,879,-26.19045,0.6516366,0.24858497,0.0,0.0,100.0
exp7_fixed_random_1,881,481.42712,0.9960319,0.63683665,1.0,0.0,66.0
exp7_fixed_random_1,882,-0.7370107,0.53644294,0.5236666,0.0,0.0,100.0
exp7_fixed_random_1,883,24.263517,0.59303975,0.28989252,0.0,0.0,100.0
exp7_fixed_random_1,884,588.55286,2.4201744,0.43245873,1.0,0.0,21.0
exp7_fixed_random_1,885,-34.385174,0.41738588,0.27006587,0.0,0.0,100.0
exp7_fixed_random_1,886,-43.07283,0.5738227,0.26479417,0.0,0.0,100.0
exp7_fixed_random_1,887,-36.50761,0.6780834,0.22675747,0.0,0.0,100.0
exp7_fixed_random_1,888,-102.64202,0.24422054,0.37497762,0.0,0.0,100.0
exp7_fixed_random_1,889,595.8308,2.0962927,0.46009788,1.0,0.0,25.0
exp7_fixed_random_1,890,549.7393,1.7882434,0.6608968,1.0,0.0,33.0
exp7_fixed_random_1,891,350.22305,0.9927944,0.637522,1.0,0.0,88.0
exp7_fixed_random_1,892,446.00302,0.76112944,0.4129484,1.0,0.0,95.0
exp7_fixed_random_1,893,-220.5718,0.4507833,0.19788523,0.0,0.0,100.0
exp7_fixed_random_1,894,617.9768,2.6299195,0.62729543,1.0,0.0,25.0
exp7_fixed_random_1,895,-129.74786,2.2106519,0.55166405,0.0,1.0,19.0
exp7_fixed_random_1,896,-61.194016,0.38905168,0.14724746,0.0,0.0,100.0
exp7_fixed_random_1,897,-145.03947,0.5356571,0.2340889,0.0,0.0,100.0
exp7_fixed_random_1,898,-189.74556,3.5343146,0.76446396,0.0,1.0,4.0
exp7_fixed_random_1,899,402.58087,0.51404065,0.33596125,1.0,0.0,89.0
exp7_fixed_random_1,901,-321.89966,1.3033448,0.33655646,0.0,1.0,8.0
exp7_fixed_random_1,902,-214.05952,0.6990157,0.4595178,0.0,1.0,57.0
exp7_fixed_random_1,903,-314.34018,1.6582943,0.39934003,0.0,1.0,9.0
exp7_fixed_random_1,904,519.7085,2.420404,0.77963334,1.0,0.0,19.0
exp7_fixed_random_1,905,-91.84986,0.3493486,0.20500225,0.0,0.0,100.0
exp7_fixed_random_1,906,-130.95413,1.4610041,0.53592944,0.0,1.0,57.0
exp7_fixed_random_1,907,400.1829,0.48384184,0.6338573,1.0,0.0,77.0
exp7_fixed_random_1,908,495.98422,1.5328025,0.48193565,1.0,0.0,35.0
exp7_fixed_random_1,909,-36.476707,0.43219644,0.31699464,0.0,0.0,100.0
exp7_fixed_random_1,910,-107.511955,0.27683854,0.55944955,0.0,0.0,100.0
exp7_fixed_random_1,911,-32.96883,0.65315676,0.29593274,0.0,0.0,100.0
exp7_fixed_random_1,912,408.54922,0.75071377,0.3250373,1.0,0.0,59.0
exp7_fixed_random_1,913,34.895676,0.5916326,0.40668106,0.0,0.0,100.0
exp7_fixed_random_1,914,-199.14676,1.6306343,0.35758534,0.0,1.0,17.0
exp7_fixed_random_1,915,427.54227,0.73976773,0.82040364,1.0,0.0,66.0
exp7_fixed_random_1,916,-124.35751,0.2982781,0.82891226,0.0,0.0,100.0
exp7_fixed_random_1,917,445.89294,0.62784034,0.29424685,1.0,0.0,67.0
exp7_fixed_random_1,918,538.1477,1.4248524,0.46499962,1.0,0.0,52.0
exp7_fixed_random_1,919,-112.84728,1.09749,0.5114659,0.0,1.0,77.0
exp7_fixed_random_1,921,-25.817728,0.61480856,0.4833238,0.0,0.0,100.0
exp7_fixed_random_1,922,-227.35628,2.750149,0.7480471,0.0,1.0,13.0
exp7_fixed_random_1,923,477.46124,1.0642946,0.35007387,1.0,0.0,58.0
exp7_fixed_random_1,924,483.15372,1.610872,0.4820942,1.0,0.0,29.0
exp7_fixed_random_1,925,-256.913,2.7894857,0.40075517,0.0,1.0,10.0
exp7_fixed_random_1,926,-114.453285,2.0776768,0.50199187,0.0,1.0,17.0
exp7_fixed_random_1,927,-249.86203,2.9220927,0.6926057,0.0,1.0,15.0
exp7_fixed_random_1,928,-175.81798,0.51586837,0.29464832,0.0,0.0,100.0
exp7_fixed_random_1,929,-99.018036,0.7826631,0.30305594,0.0,0.0,100.0
exp7_fixed_random_1,930,404.2808,0.5112827,0.317496,1.0,0.0,87.0
exp7_fixed_random_1,931,-327.63348,0.686301,0.2888055,0.0,1.0,50.0
exp7_fixed_random_1,932,-20.71419,0.46299067,0.17192738,0.0,0.0,100.0
exp7_fixed_random_1,933,523.8723,1.2425052,0.4428821,1.0,0.0,51.0
exp7_fixed_random_1,934,-67.50564,0.6264964,0.6455496,0.0,0.0,100.0
exp7_fixed_random_1,935,-188.07484,1.1804171,0.5210463,0.0,1.0,49.0
exp7_fixed_random_1,936,-195.09644,2.5067372,0.43170583,0.0,1.0,9.0
exp7_fixed_random_1,937,-319.16022,2.7904398,0.57041734,0.0,1.0,22.0
exp7_fixed_random_1,938,418.30847,0.90549934,0.56648976,1.0,0.0,42.0
exp7_fixed_random_1,939,511.2477,2.0613544,0.637268,1.0,0.0,24.0
exp7_fixed_random_1,941,377.23126,0.6839512,0.8477047,1.0,0.0,54.0
exp7_fixed_random_1,942,-51.08321,0.50749487,0.37229195,0.0,0.0,100.0
exp7_fixed_random_1,943,464.2083,0.87813705,0.7176207,1.0,0.0,48.0
exp7_fixed_random_1,944,-75.874306,0.834374,0.5783928,0.0,0.0,100.0
exp7_fixed_random_1,945,-262.798,0.9727217,0.19385262,0.0,1.0,30.0
exp7_fixed_random_1,946,381.71118,0.5760606,0.56590676,1.0,0.0,89.0
exp7_fixed_random_1,947,496.64655,1.5447117,0.5058737,1.0,0.0,31.0
exp7_fixed_random_1,948,544.1295,1.6856842,0.6374107,1.0,0.0,24.0
exp7_fixed_random_1,949,511.37292,0.96759444,0.36684057,1.0,0.0,61.0
exp7_fixed_random_1,950,418.73584,0.62213224,0.21286838,1.0,0.0,59.0
exp7_fixed_random_1,951,-298.61234,2.7810397,0.60741574,0.0,1.0,13.0
exp7_fixed_random_1,952,415.95645,1.2133348,0.41517913,1.0,0.0,51.0
exp7_fixed_random_1,953,-38.194805,0.49288255,0.20743404,0.0,0.0,100.0
exp7_fixed_random_1,954,526.34094,1.1847451,0.36176324,1.0,0.0,51.0
exp7_fixed_random_1,955,-170.63016,1.0651842,0.32149494,0.0,1.0,38.0
exp7_fixed_random_1,956,370.8562,0.60811263,0.31491515,1.0,0.0,83.0
exp7_fixed_random_1,957,-239.14291,1.4920627,0.5803397,0.0,1.0,32.0
exp7_fixed_random_1,958,540.2889,1.1512725,0.36421663,1.0,0.0,51.0
exp7_fixed_random_1,959,-276.422,3.488107,0.598857,0.0,1.0,6.0
exp7_fixed_random_1,961,-232.08313,2.5961242,0.6209756,0.0,1.0,15.0
exp7_fixed_random_1,962,547.1446,1.1183347,0.334391,1.0,0.0,53.0
exp7_fixed_random_1,963,-235.80865,2.7748427,0.3136526,0.0,1.0,1.0
exp7_fixed_random_1,964,-135.42352,3.2897449,0.72348976,0.0,1.0,7.0
exp7_fixed_random_1,965,527.87634,2.2474313,0.6736765,1.0,0.0,23.0
exp7_fixed_random_1,966,586.68665,1.9210303,0.5747229,1.0,0.0,33.0
exp7_fixed_random_1,967,-148.06296,2.414907,0.46095598,0.0,1.0,15.0
exp7_fixed_random_1,968,-153.80856,0.9336491,0.30238783,0.0,1.0,60.0
exp7_fixed_random_1,969,-77.82472,0.45665377,0.3245023,0.0,0.0,100.0
exp7_fixed_random_1,970,452.54254,0.78708816,0.42936727,1.0,0.0,72.0
exp7_fixed_random_1,971,428.21613,0.59575737,0.34302935,1.0,0.0,72.0
exp7_fixed_random_1,972,-59.22162,2.3021562,0.5370912,0.0,1.0,20.0
exp7_fixed_random_1,973,-192.04637,2.1153512,0.5868557,0.0,1.0,25.0
exp7_fixed_random_1,974,489.09964,0.7313123,0.3437368,1.0,0.0,70.0
exp7_fixed_random_1,975,-169.16966,0.7991516,0.4205953,0.0,1.0,38.0
exp7_fixed_random_1,976,465.47034,0.86138713,0.6255847,1.0,0.0,93.0
exp7_fixed_random_1,977,-257.63983,2.2207074,0.46168038,0.0,1.0,12.0
exp7_fixed_random_1,978,564.5801,2.6310797,0.6354973,1.0,0.0,17.0
exp7_fixed_random_1,979,-193.18584,2.4949708,0.46195963,0.0,1.0,15.0
exp7_fixed_random_1,981,-137.70277,2.3386796,0.6530614,0.0,1.0,11.0
exp7_fixed_random_1,982,-219.50914,1.1255424,0.7021917,0.0,1.0,5.0
exp7_fixed_random_1,983,519.84357,2.0048852,0.5378766,1.0,0.0,25.0
exp7_fixed_random_1,984,632.5731,1.9400237,0.57410717,1.0,0.0,33.0
exp7_fixed_random_1,985,623.1416,2.4246747,0.43700078,1.0,0.0,21.0
exp7_fixed_random_1,986,468.78192,1.2195133,0.48155048,1.0,0.0,37.0
exp7_fixed_random_1,987,511.4121,0.9314071,0.6006368,1.0,0.0,56.0
exp7_fixed_random_1,988,-97.07823,0.3180076,0.51722413,0.0,0.0,100.0
exp7_fixed_random_1,989,-164.17052,2.589521,0.5232754,0.0,1.0,14.0
exp7_fixed_random_1,990,504.47577,1.9216437,0.69972545,1.0,0.0,27.0
exp7_fixed_random_1,991,484.79663,0.9459131,0.46869487,1.0,0.0,71.0
exp7_fixed_random_1,992,563.1466,1.0522256,0.4569081,1.0,0.0,62.0
exp7_fixed_random_1,993,-255.60324,2.4777577,0.4942621,0.0,1.0,11.0
exp7_fixed_random_1,994,595.586,1.6432024,0.5696404,1.0,0.0,37.0
exp7_fixed_random_1,995,-14.565059,0.40592498,0.27676517,0.0,0.0,100.0
exp7_fixed_random_1,996,301.95483,0.35089824,0.87808514,1.0,0.0,85.0
exp7_fixed_random_1,997,414.5605,0.7115454,0.3235767,1.0,0.0,59.0
exp7_fixed_random_1,998,-332.5317,2.5625517,0.28925446,0.0,1.0,4.0
exp7_fixed_random_1,999,-112.16725,0.9933299,0.43783197,0.0,1.0,49.0
exp7_fixed_random_1,1001,491.475,1.8578107,0.557083,1.0,0.0,32.0
exp7_fixed_random_1,1002,-147.52774,1.8254877,0.5006074,0.0,1.0,15.0
exp7_fixed_random_1,1003,-235.94473,1.972304,0.39796212,0.0,1.0,23.0
exp7_fixed_random_1,1004,-171.50015,2.4385633,0.5498944,0.0,1.0,11.0
exp7_fixed_random_1,1005,-164.64886,2.6394565,0.3824893,0.0,1.0,6.0
exp7_fixed_random_1,1006,534.7644,2.1542265,0.54452866,1.0,0.0,22.0
exp7_fixed_random_1,1007,-307.04752,2.0482075,0.45668957,0.0,1.0,14.0
exp7_fixed_random_1,1008,-162.40736,2.5546012,0.6661801,0.0,1.0,21.0
exp7_fixed_random_1,1009,-117.64615,3.159474,0.6854162,0.0,1.0,17.0
exp7_fixed_random_1,1010,-299.2019,2.7681742,0.6156161,0.0,1.0,5.0
exp7_fixed_random_1,1011,480.33786,0.80524266,0.2959598,1.0,0.0,72.0
exp7_fixed_random_1,1012,536.9482,1.4716393,0.4737454,1.0,0.0,37.0
exp7_fixed_random_1,1013,-103.0848,2.2314007,0.6664793,0.0,1.0,14.0
exp7_fixed_random_1,1014,81.953255,0.8479742,0.29852632,0.0,0.0,100.0
exp7_fixed_random_1,1015,474.26575,1.0057818,0.76165026,1.0,0.0,42.0
exp7_fixed_random_1,1016,424.18558,1.2323028,0.47187355,1.0,0.0,39.0
exp7_fixed_random_1,1017,-95.33795,1.9913266,0.439795,0.0,1.0,22.0
exp7_fixed_random_1,1018,-274.9602,2.2474835,0.4918246,0.0,1.0,12.0
exp7_fixed_random_1,1019,504.52228,1.9357941,0.52909106,1.0,0.0,21.0
exp7_fixed_random_1,1021,-80.56538,0.43318152,0.32043698,0.0,0.0,100.0
exp7_fixed_random_1,1022,514.97516,1.4691447,0.69422835,1.0,0.0,49.0
exp7_fixed_random_1,1023,404.40765,0.6870635,0.47122246,1.0,0.0,91.0
exp7_fixed_random_1,1024,-343.86942,0.5140095,0.79826784,0.0,1.0,93.0
exp7_fixed_random_1,1025,6.5935,0.58638084,0.29861793,0.0,0.0,100.0
exp7_fixed_random_1,1026,-174.10599,1.6981792,0.42464083,0.0,1.0,10.0
exp7_fixed_random_1,1027,-277.07755,3.5401614,0.45740476,0.0,1.0,7.0
exp7_fixed_random_1,1028,-27.19218,0.6822253,0.47326633,0.0,0.0,100.0
exp7_fixed_random_1,1029,402.33646,0.697677,0.43510503,1.0,0.0,67.0
exp7_fixed_random_1,1030,-157.74854,2.0840776,0.6611293,0.0,1.0,17.0
exp7_fixed_random_1,1031,438.09088,0.6712558,0.3218303,1.0,0.0,75.0
exp7_fixed_random_1,1032,462.57663,0.87013215,0.33529985,1.0,0.0,39.0
exp7_fixed_random_1,1033,-100.87929,3.1269333,0.68902963,0.0,1.0,12.0
exp7_fixed_random_1,1034,438.1068,0.5236554,0.2809182,1.0,0.0,51.0
exp7_fixed_random_1,1035,566.1963,2.206947,0.5372971,1.0,0.0,26.0
exp7_fixed_random_1,1036,598.5497,2.0911663,0.49523914,1.0,0.0,27.0
exp7_fixed_random_1,1037,-68.81257,0.73395485,0.49379432,0.0,0.0,100.0
exp7_fixed_random_1,1038,-84.8804,2.245155,0.59234506,0.0,1.0,24.0
exp7_fixed_random_1,1039,-351.00488,1.6270943,0.4107077,0.0,1.0,2.0
exp7_fixed_random_1,1041,545.7469,2.1295033,0.45202255,1.0,0.0,22.0
exp7_fixed_random_1,1042,486.94263,2.7775462,0.8000268,1.0,0.0,10.0
exp7_fixed_random_1,1043,-208.95067,2.1231313,0.58526623,0.0,1.0,2.0
exp7_fixed_random_1,1044,491.31906,2.329716,0.9213757,1.0,0.0,13.0
exp7_fixed_random_1,1045,-138.15544,2.500125,0.507382,0.0,1.0,10.0
exp7_fixed_random_1,1046,-104.9764,3.263868,0.7460223,0.0,1.0,9.0
exp7_fixed_random_1,1047,566.1167,2.6133559,0.6926757,1.0,0.0,23.0
exp7_fixed_random_1,1048,-293.7874,1.3051591,0.5514829,0.0,1.0,61.0
exp7_fixed_random_1,1049,-194.45741,1.6258081,0.2970828,0.0,1.0,7.0
exp7_fixed_random_1,1050,-154.2577,0.8625399,0.83300894,0.0,0.0,100.0
exp7_fixed_random_1,1051,470.45667,1.1127801,0.46337324,1.0,0.0,55.0
exp7_fixed_random_1,1052,558.6467,2.0827613,0.56921947,1.0,0.0,30.0
exp7_fixed_random_1,1053,565.7514,2.7674978,0.40140015,1.0,0.0,14.0
exp7_fixed_random_1,1054,505.44226,1.514211,0.7284202,1.0,0.0,45.0
exp7_fixed_random_1,1055,-339.4704,1.1934273,0.43083304,0.0,1.0,7.0
exp7_fixed_random_1,1056,543.91077,1.3480535,0.41402325,1.0,0.0,41.0
exp7_fixed_random_1,1057,523.9212,1.4688896,0.44727647,1.0,0.0,35.0
exp7_fixed_random_1,1058,-165.58215,1.108173,0.4742325,0.0,1.0,64.0
exp7_fixed_random_1,1059,-125.069595,0.3480404,0.19246174,0.0,0.0,100.0
exp7_fixed_random_1,1061,48.86391,0.56663525,0.36482525,0.0,0.0,100.0
exp7_fixed_random_1,1062,363.9772,0.39041185,0.24947776,1.0,0.0,87.0
exp7_fixed_random_1,1063,536.67224,2.0573654,0.5846219,1.0,0.0,20.0
exp7_fixed_random_1,1064,-227.47708,2.721804,0.42484465,0.0,1.0,14.0
exp7_fixed_random_1,1065,492.4717,1.3228146,0.36956057,1.0,0.0,51.0
exp7_fixed_random_1,1066,-201.40259,3.39439,0.82318765,0.0,1.0,5.0
exp7_fixed_random_1,1067,547.09106,1.7512131,0.6721265,1.0,0.0,30.0
exp7_fixed_random_1,1068,-387.63556,1.0295289,0.536621,0.0,1.0,55.0
exp7_fixed_random_1,1069,-337.8183,2.4284525,0.8078141,0.0,1.0,4.0
exp7_fixed_random_1,1070,-351.7757,1.7495931,0.6742392,0.0,1.0,3.0
exp7_fixed_random_1,1071,-136.6907,2.200886,0.48678517,0.0,1.0,20.0
exp7_fixed_random_1,1072,526.4631,1.692523,0.5903448,1.0,0.0,36.0
exp7_fixed_random_1,1073,493.04156,1.5065894,0.6256972,1.0,0.0,36.0
exp7_fixed_random_1,1074,58.619045,0.60441136,0.21106416,0.0,0.0,100.0
exp7_fixed_random_1,1075,517.1469,0.99055105,0.5598158,1.0,0.0,48.0
exp7_fixed_random_1,1076,-213.09149,2.1009781,0.4350655,0.0,1.0,6.0
exp7_fixed_random_1,1077,479.20886,1.0620668,0.3279776,1.0,0.0,25.0
exp7_fixed_random_1,1078,601.0712,2.2616746,0.70332223,1.0,0.0,23.0
exp7_fixed_random_1,1079,488.97906,1.0714431,0.54116267,1.0,0.0,50.0
exp7_fixed_random_1,1081,-5.8942266,0.7214447,0.4685312,0.0,0.0,100.0
exp7_fixed_random_1,1082,529.2715,1.4950609,0.39145768,1.0,0.0,27.0
exp7_fixed_random_1,1083,7.449273,0.48727095,0.28298014,0.0,0.0,100.0
exp7_fixed_random_1,1084,557.6534,2.4677176,0.653489,1.0,0.0,25.0
exp7_fixed_random_1,1085,502.4948,2.0872033,0.68140435,1.0,0.0,23.0
exp7_fixed_random_1,1086,-92.656075,1.2599448,0.82763666,0.0,0.0,100.0
exp7_fixed_random_1,1087,484.76498,1.200385,0.3995547,1.0,0.0,54.0
exp7_fixed_random_1,1088,525.9677,1.912175,0.52308017,1.0,0.0,28.0
exp7_fixed_random_1,1089,536.5051,1.555056,0.6626434,1.0,0.0,24.0
exp7_fixed_random_1,1090,-0.38162607,0.67641044,0.29742327,0.0,0.0,100.0
exp7_fixed_random_1,1091,-76.5742,0.5704548,0.35032576,0.0,0.0,100.0
exp7_fixed_random_1,1092,600.9949,1.9098545,0.50791806,1.0,0.0,31.0
exp7_fixed_random_1,1093,425.79016,0.66932386,0.68944293,1.0,0.0,65.0
exp7_fixed_random_1,1094,507.23288,1.2647898,0.36383802,1.0,0.0,30.0
exp7_fixed_random_1,1095,-71.46286,0.5493253,0.48686528,0.0,0.0,100.0
exp7_fixed_random_1,1096,571.7825,1.9489006,0.55707324,1.0,0.0,33.0
exp7_fixed_random_1,1097,585.68994,2.000663,0.43757698,1.0,0.0,31.0
exp7_fixed_random_1,1098,-335.65128,1.5096515,0.16833682,0.0,1.0,6.0
exp7_fixed_random_1,1099,-367.81793,0.74241805,0.56201464,0.0,1.0,55.0
exp7_fixed_random_1,1101,474.32416,1.695252,0.7218629,1.0,0.0,26.0
exp7_fixed_random_1,1102,-356.1851,2.0002744,0.6417402,0.0,1.0,9.0
exp7_fixed_random_1,1103,491.07886,1.832067,0.6062922,1.0,0.0,25.0
exp7_fixed_random_1,1104,482.75226,1.0582141,0.4094358,1.0,0.0,56.0
exp7_fixed_random_1,1105,-233.3225,2.5840163,0.41974568,0.0,1.0,18.0
exp7_fixed_random_1,1106,-242.82323,2.903326,0.5816672,0.0,1.0,17.0
exp7_fixed_random_1,1107,480.71228,0.8627761,0.446415,1.0,0.0,53.0
exp7_fixed_random_1,1108,-352.56274,1.5890595,0.6202756,0.0,1.0,3.0
exp7_fixed_random_1,1109,533.1967,0.91122603,0.4451815,1.0,0.0,73.0
exp7_fixed_random_1,1110,589.0348,2.2638102,0.6125572,1.0,0.0,30.0
exp7_fixed_random_1,1111,539.64136,1.4091607,0.6514906,1.0,0.0,42.0
exp7_fixed_random_1,1112,580.7007,2.2192304,0.5377122,1.0,0.0,30.0
exp7_fixed_random_1,1113,-161.1843,1.6848186,0.54156506,0.0,1.0,18.0
exp7_fixed_random_1,1114,495.10468,1.2162594,0.459774,1.0,0.0,52.0
exp7_fixed_random_1,1115,447.1978,0.77191675,0.8472974,1.0,0.0,63.0
exp7_fixed_random_1,1116,-260.65524,1.2618786,0.34281954,0.0,1.0,56.0
exp7_fixed_random_1,1117,424.4811,0.6732026,0.27525717,1.0,0.0,31.0
exp7_fixed_random_1,1118,-27.109499,0.49540275,0.21180734,0.0,0.0,100.0
exp7_fixed_random_1,1119,-156.80255,0.9514039,0.4256342,0.0,1.0,46.0
exp7_fixed_random_1,1121,551.53955,1.0426067,0.5020141,1.0,0.0,59.0
exp7_fixed_random_1,1122,619.0752,2.699321,0.7108711,1.0,0.0,21.0
exp7_fixed_random_1,1123,-169.95833,3.1376166,0.6962233,0.0,1.0,11.0
exp7_fixed_random_1,1124,15.239716,0.74033356,0.34542504,0.0,0.0,100.0
exp7_fixed_random_1,1125,437.2652,0.5934595,0.24958302,1.0,0.0,84.0
exp7_fixed_random_1,1126,-206.47682,3.227501,0.4398206,0.0,1.0,5.0
exp7_fixed_random_1,1127,513.3213,1.3655534,0.45157385,1.0,0.0,47.0
exp7_fixed_random_1,1128,544.0462,1.5954309,0.47091082,1.0,0.0,36.0
exp7_fixed_random_1,1129,501.92322,1.1591536,0.37240568,1.0,0.0,42.0
exp7_fixed_random_1,1130,-334.8819,0.84049726,0.5083442,0.0,1.0,64.0
exp7_fixed_random_1,1131,480.47928,1.1106818,0.5330994,1.0,0.0,42.0
exp7_fixed_random_1,1132,-147.34291,2.5826402,0.62744814,0.0,1.0,6.0
exp7_fixed_random_1,1133,588.39124,1.9974415,0.48707137,1.0,0.0,23.0
exp7_fixed_random_1,1134,-342.61343,0.74234676,0.43894067,0.0,1.0,71.0
exp7_fixed_random_1,1135,-178.4288,1.2672632,0.399357,0.0,1.0,36.0
exp7_fixed_random_1,1136,514.9836,1.6510466,0.44039926,1.0,0.0,28.0
exp7_fixed_random_1,1137,-321.67386,2.4244118,0.5480955,0.0,1.0,3.0
exp7_fixed_random_1,1138,-244.41743,2.6827023,0.5477899,0.0,1.0,3.0
exp7_fixed_random_1,1139,-169.16833,2.1440299,0.32314318,0.0,1.0,5.0
exp7_fixed_random_1,1141,389.01013,0.64363915,0.24694033,1.0,0.0,81.0
exp7_fixed_random_1,1142,595.75385,2.0319123,0.5976522,1.0,0.0,30.0
exp7_fixed_random_1,1143,-263.12668,1.190431,0.39001313,0.0,1.0,33.0
exp7_fixed_random_1,1144,-181.17242,3.6336966,0.68398124,0.0,1.0,3.0
exp7_fixed_random_1,1145,553.4082,1.7270478,0.38732922,1.0,0.0,29.0
exp7_fixed_random_1,1146,565.3629,2.2201645,0.5433332,1.0,0.0,23.0
exp7_fixed_random_1,1147,541.43677,1.052072,0.3892755,1.0,0.0,85.0
exp7_fixed_random_1,1148,-147.3997,3.3122818,0.6314519,0.0,1.0,12.0
exp7_fixed_random_1,1149,-189.27574,1.0438508,0.24673931,0.0,1.0,69.0
exp7_fixed_random_1,1150,577.39325,1.7680798,0.6069766,1.0,0.0,32.0
exp7_fixed_random_1,1151,-350.5936,1.6008812,0.30534515,0.0,1.0,7.0
exp7_fixed_random_1,1152,-290.465,0.64846575,0.35673535,0.0,1.0,90.0
exp7_fixed_random_1,1153,476.37457,0.8873635,0.2632714,1.0,0.0,49.0
exp7_fixed_random_1,1154,519.0625,1.2499063,0.32348964,1.0,0.0,53.0
exp7_fixed_random_1,1155,525.7937,0.8031566,0.2761017,1.0,0.0,82.0
exp7_fixed_random_1,1156,518.46484,1.6232091,0.73008645,1.0,0.0,33.0
exp7_fixed_random_1,1157,431.58127,0.61466604,0.44684312,1.0,0.0,62.0
exp7_fixed_random_1,1158,506.9932,1.5338763,0.500195,1.0,0.0,31.0
exp7_fixed_random_1,1159,529.62115,1.3344339,0.47862148,1.0,0.0,48.0
exp7_fixed_random_1,1161,511.4436,3.0843332,0.5372517,1.0,0.0,11.0
exp7_fixed_random_1,1162,496.9346,2.0494654,0.68298095,1.0,0.0,25.0
exp7_fixed_random_1,1163,-260.58582,2.3680303,0.6184585,0.0,1.0,9.0
exp7_fixed_random_1,1164,562.2285,2.4845717,0.5431177,1.0,0.0,23.0
exp7_fixed_random_1,1165,-89.9438,0.63506216,0.27141055,0.0,0.0,100.0
exp7_fixed_random_1,1166,524.8703,2.629725,0.6357433,1.0,0.0,24.0
exp7_fixed_random_1,1167,-236.22948,0.74847996,0.34910706,0.0,1.0,80.0
exp7_fixed_random_1,1168,548.676,2.6455162,0.7703041,1.0,0.0,17.0
exp7_fixed_random_1,1169,499.52124,1.1268376,0.5585705,1.0,0.0,69.0
exp7_fixed_random_1,1170,494.50476,1.5827609,0.5458536,1.0,0.0,35.0
exp7_fixed_random_1,1171,476.9525,1.1552125,0.69827485,1.0,0.0,48.0
exp7_fixed_random_1,1172,395.32068,0.6703005,0.6064344,1.0,0.0,97.0
exp7_fixed_random_1,1173,-246.36081,3.2572544,0.6825911,0.0,1.0,10.0
exp7_fixed_random_1,1174,-285.3128,2.9069293,0.7472876,0.0,1.0,11.0
exp7_fixed_random_1,1175,421.47192,0.9569723,0.43674695,1.0,0.0,63.0
exp7_fixed_random_1,1176,-124.18489,2.5942802,0.759912,0.0,1.0,19.0
exp7_fixed_random_1,1177,-118.6546,2.9758465,0.7286341,0.0,1.0,12.0
exp7_fixed_random_1,1178,543.44305,2.4502413,0.6795048,1.0,0.0,22.0
exp7_fixed_random_1,1179,552.9647,2.76365,0.75870425,1.0,0.0,27.0
exp7_fixed_random_1,1181,564.1797,2.9718556,0.6596723,1.0,0.0,17.0
exp7_fixed_random_1,1182,-107.772675,2.2678213,0.45582736,0.0,1.0,18.0
exp7_fixed_random_1,1183,538.3623,1.7884023,0.59078693,1.0,0.0,30.0
exp7_fixed_random_1,1184,534.2449,2.2450063,0.62330025,1.0,0.0,22.0
exp7_fixed_random_1,1185,-84.28124,3.0632432,0.41435224,0.0,1.0,11.0
exp7_fixed_random_1,1186,-204.59103,2.8320081,0.8558326,0.0,1.0,3.0
exp7_fixed_random_1,1187,573.1753,1.9066739,0.6729233,1.0,0.0,33.0
exp7_fixed_random_1,1188,652.75824,2.3727639,0.5535786,1.0,0.0,29.0
exp7_fixed_random_1,1189,538.68207,1.0684505,0.32545704,1.0,0.0,51.0
exp7_fixed_random_1,1190,-151.10315,3.1222978,0.2728142,0.0,1.0,7.0
exp7_fixed_random_1,1191,499.02838,1.6237593,0.33197156,1.0,0.0,17.0
exp7_fixed_random_1,1192,-169.75087,2.264489,0.62993157,0.0,1.0,25.0
exp7_fixed_random_1,1193,554.5627,2.4865592,0.64169466,1.0,0.0,18.0
exp7_fixed_random_1,1194,609.99243,2.4151168,0.57328355,1.0,0.0,30.0
exp7_fixed_random_1,1195,571.7439,2.0881886,0.47939003,1.0,0.0,33.0
exp7_fixed_random_1,1196,-147.46019,2.2679944,0.5922405,0.0,1.0,19.0
exp7_fixed_random_1,1197,540.0078,3.3372512,0.7539348,1.0,0.0,13.0
exp7_fixed_random_1,1198,-181.5471,3.5692518,0.51705736,0.0,1.0,3.0
exp7_fixed_random_1,1199,-227.12585,1.1949129,0.7672088,0.0,1.0,36.0
exp7_fixed_random_1,1201,486.4358,0.9076812,0.26007447,1.0,0.0,36.0
exp7_fixed_random_1,1202,-202.73743,2.4359186,0.4652874,0.0,1.0,21.0
exp7_fixed_random_1,1203,556.98206,1.9222953,0.6544367,1.0,0.0,33.0
exp7_fixed_random_1,1204,521.77124,2.0403965,0.47035816,1.0,0.0,31.0
exp7_fixed_random_1,1205,500.59186,1.1671579,0.39111897,1.0,0.0,54.0
exp7_fixed_random_1,1206,462.49426,1.7328542,0.41428804,1.0,0.0,24.0
exp7_fixed_random_1,1207,37.456493,0.92183423,0.5075578,0.0,0.0,100.0
exp7_fixed_random_1,1208,539.79596,1.334445,0.4333265,1.0,0.0,35.0
exp7_fixed_random_1,1209,504.10367,1.5507607,0.46737826,1.0,0.0,25.0
exp7_fixed_random_1,1210,-341.72278,3.229474,0.7494133,0.0,1.0,6.0
exp7_fixed_random_1,1211,443.59235,1.108856,0.69365144,1.0,0.0,64.0
exp7_fixed_random_1,1212,548.1863,1.824289,0.7715411,1.0,0.0,25.0
exp7_fixed_random_1,1213,503.50494,0.9624855,0.2876058,1.0,0.0,57.0
exp7_fixed_random_1,1214,509.23798,1.7090974,0.6475485,1.0,0.0,36.0
exp7_fixed_random_1,1215,-261.39856,1.07471,0.4064173,0.0,1.0,56.0
exp7_fixed_random_1,1216,500.16446,1.8821219,0.65912664,1.0,0.0,35.0
exp7_fixed_random_1,1217,-89.57678,2.0937543,0.5869534,0.0,1.0,32.0
exp7_fixed_random_1,1218,-215.06042,2.2410457,0.8185268,0.0,1.0,7.0
exp7_fixed_random_1,1219,-348.58932,1.0709502,0.5965244,0.0,1.0,12.0
exp7_fixed_random_1,1221,577.3995,2.5244381,0.7554463,1.0,0.0,30.0
exp7_fixed_random_1,1222,501.23563,1.9539131,0.48118147,1.0,0.0,20.0
exp7_fixed_random_1,1223,486.15955,1.9594277,0.7194586,1.0,0.0,24.0
exp7_fixed_random_1,1224,429.52567,1.0395675,0.4493204,1.0,0.0,44.0
exp7_fixed_random_1,1225,-257.84015,2.5016854,0.48902854,0.0,1.0,19.0
exp7_fixed_random_1,1226,-389.4849,0.6720711,0.43472317,0.0,1.0,62.0
exp7_fixed_random_1,1227,586.2504,2.2846522,0.6553065,1.0,0.0,26.0
exp7_fixed_random_1,1228,496.1936,1.0814914,0.19304383,1.0,0.0,31.0
exp7_fixed_random_1,1229,544.0668,1.479901,0.44473484,1.0,0.0,34.0
exp7_fixed_random_1,1230,554.044,2.5783517,0.74896026,1.0,0.0,22.0
exp7_fixed_random_1,1231,-95.703995,1.5458039,0.32462284,0.0,1.0,43.0
exp7_fixed_random_1,1232,472.16824,1.3618668,0.32950804,1.0,0.0,26.0
exp7_fixed_random_1,1233,595.3707,1.7683767,0.61237746,1.0,0.0,52.0
exp7_fixed_random_1,1234,20.334475,0.78385806,0.58657366,0.0,0.0,100.0
exp7_fixed_random_1,1235,490.35095,0.94081634,0.50035906,1.0,0.0,52.0
exp7_fixed_random_1,1236,419.6113,0.65667224,0.31340912,1.0,0.0,66.0
exp7_fixed_random_1,1237,552.2947,1.2807868,0.3308058,1.0,0.0,47.0
exp7_fixed_random_1,1238,528.64746,2.1054895,0.56940496,1.0,0.0,31.0
exp7_fixed_random_1,1239,-237.30249,0.7808473,0.44212523,0.0,1.0,92.0
exp7_fixed_random_1,1241,518.86786,2.278838,0.57609206,1.0,0.0,26.0
exp7_fixed_random_1,1242,530.1019,1.4299965,0.50938153,1.0,0.0,27.0
exp7_fixed_random_1,1243,535.3032,2.4915407,0.61794704,1.0,0.0,25.0
exp7_fixed_random_1,1244,451.17828,0.88714063,0.39377645,1.0,0.0,74.0
exp7_fixed_random_1,1245,538.3711,1.9579654,0.5169334,1.0,0.0,31.0
exp7_fixed_random_1,1246,-278.19385,2.213803,0.37185052,0.0,1.0,11.0
exp7_fixed_random_1,1247,-265.17307,1.8220409,0.4376638,0.0,1.0,6.0
exp7_fixed_random_1,1248,569.61786,2.047633,0.5590033,1.0,0.0,32.0
exp7_fixed_random_1,1249,-185.41693,3.924562,0.882383,0.0,1.0,4.0
exp7_fixed_random_1,1250,517.29706,1.5389007,0.5200262,1.0,0.0,35.0
exp7_fixed_random_1,1251,-268.23087,1.544925,0.59850776,0.0,1.0,5.0
exp7_fixed_random_1,1252,473.90738,1.4748614,0.5884516,1.0,0.0,26.0
exp7_fixed_random_1,1253,549.99567,1.5698256,0.4808857,1.0,0.0,38.0
exp7_fixed_random_1,1254,-125.984695,2.7529926,0.7192404,0.0,1.0,18.0
exp7_fixed_random_1,1255,-159.92532,3.5796804,0.47539914,0.0,1.0,4.0
exp7_fixed_random_1,1256,493.62842,1.7474902,0.65515476,1.0,0.0,30.0
exp7_fixed_random_1,1257,507.99573,2.2817788,0.69420946,1.0,0.0,16.0
exp7_fixed_random_1,1258,461.73935,1.6288013,0.7000771,1.0,0.0,22.0
exp7_fixed_random_1,1259,501.71182,2.374067,0.7348514,1.0,0.0,16.0
exp7_fixed_random_1,1261,-265.05542,2.2656298,0.5127774,0.0,1.0,18.0
exp7_fixed_random_1,1262,-291.34055,3.1209948,0.6614346,0.0,1.0,14.0
exp7_fixed_random_1,1263,590.9769,2.1956725,0.5291752,1.0,0.0,31.0
exp7_fixed_random_1,1264,-218.8715,0.67000115,0.14634793,0.0,1.0,5.0
exp7_fixed_random_1,1265,545.75464,1.943083,0.604827,1.0,0.0,25.0
exp7_fixed_random_1,1266,511.326,1.5350428,0.6790284,1.0,0.0,41.0
exp7_fixed_random_1,1267,-137.07558,2.073848,0.5518374,0.0,1.0,15.0
exp7_fixed_random_1,1268,490.66388,2.0652165,0.52853966,1.0,0.0,26.0
exp7_fixed_random_1,1269,568.02045,2.2233007,0.66867155,1.0,0.0,23.0
exp7_fixed_random_1,1270,-80.123695,1.5813676,0.33744818,0.0,1.0,30.0
exp7_fixed_random_1,1271,495.09952,1.5699401,0.4292315,1.0,0.0,16.0
exp7_fixed_random_1,1272,32.04822,0.7271714,0.44319743,0.0,0.0,100.0
exp7_fixed_random_1,1273,-105.50761,2.468247,0.7283412,0.0,1.0,20.0
exp7_fixed_random_1,1274,555.91907,2.7487895,0.7198776,1.0,0.0,19.0
exp7_fixed_random_1,1275,502.61548,1.8260078,0.5788307,1.0,0.0,31.0
exp7_fixed_random_1,1276,-202.17343,1.9426789,0.09133559,0.0,1.0,4.0
exp7_fixed_random_1,1277,-213.81595,3.1861806,0.8590172,0.0,1.0,5.0
exp7_fixed_random_1,1278,454.35413,1.1041884,0.79087317,1.0,0.0,52.0
exp7_fixed_random_1,1279,-203.05125,2.8132718,0.6202529,0.0,1.0,16.0
exp7_fixed_random_1,1281,472.49194,1.945379,0.8865416,1.0,0.0,23.0
exp7_fixed_random_1,1282,-163.36317,2.2899961,0.43955854,0.0,1.0,26.0
exp7_fixed_random_1,1283,507.20688,3.2287643,0.49904445,1.0,0.0,12.0
exp7_fixed_random_1,1284,502.1217,1.7004137,0.67087394,1.0,0.0,19.0
exp7_fixed_random_1,1285,-279.43225,2.4463425,0.38732067,0.0,1.0,8.0
exp7_fixed_random_1,1286,483.63263,2.6051905,0.8339789,1.0,0.0,12.0
exp7_fixed_random_1,1287,560.2048,2.169362,0.66571474,1.0,0.0,34.0
exp7_fixed_random_1,1288,549.6999,1.9029595,0.5892009,1.0,0.0,28.0
exp7_fixed_random_1,1289,522.6258,2.128967,0.55472845,1.0,0.0,24.0
exp7_fixed_random_1,1290,474.56586,1.3248066,0.4932915,1.0,0.0,47.0
exp7_fixed_random_1,1291,-228.99551,2.845927,0.6376577,0.0,1.0,6.0
exp7_fixed_random_1,1292,565.69415,2.496538,0.6005186,1.0,0.0,29.0
exp7_fixed_random_1,1293,400.1945,0.727001,0.37561384,1.0,0.0,79.0
exp7_fixed_random_1,1294,-290.05173,2.5402548,0.5400052,0.0,1.0,27.0
exp7_fixed_random_1,1295,495.19952,1.1931353,0.708493,1.0,0.0,62.0
exp7_fixed_random_1,1296,-109.112465,2.266734,0.38621774,0.0,1.0,18.0
exp7_fixed_random_1,1297,448.68555,1.0902597,0.59759706,1.0,0.0,44.0
exp7_fixed_random_1,1298,-238.18529,3.8151507,0.67634684,0.0,1.0,1.0
exp7_fixed_random_1,1299,-296.55783,2.088235,0.18266177,0.0,1.0,2.0
exp7_fixed_random_1,1301,557.8923,2.4786413,0.661328,1.0,0.0,29.0
exp7_fixed_random_1,1302,-276.79828,2.655917,0.8880891,0.0,1.0,13.0
exp7_fixed_random_1,1303,464.09015,1.4003539,0.7920332,1.0,0.0,37.0
exp7_fixed_random_1,1304,547.88995,2.609247,0.76286906,1.0,0.0,22.0
exp7_fixed_random_1,1305,599.40247,2.203206,0.30183953,1.0,0.0,26.0
exp7_fixed_random_1,1306,509.88947,1.7072959,0.68162876,1.0,0.0,30.0
exp7_fixed_random_1,1307,523.74225,1.5202703,0.80561733,1.0,0.0,28.0
exp7_fixed_random_1,1308,586.35486,2.5291235,0.7245094,1.0,0.0,19.0
exp7_fixed_random_1,1309,509.25,1.4005003,0.5823012,1.0,0.0,38.0
exp7_fixed_random_1,1310,572.51404,1.949527,0.44402102,1.0,0.0,30.0
exp7_fixed_random_1,1311,532.50226,2.154642,0.5764957,1.0,0.0,23.0
exp7_fixed_random_1,1312,446.06116,1.4483281,0.42638648,1.0,0.0,26.0
exp7_fixed_random_1,1313,506.9917,2.6500933,0.6007705,1.0,0.0,24.0
exp7_fixed_random_1,1314,523.2236,1.5706012,0.47268304,1.0,0.0,45.0
exp7_fixed_random_1,1315,-149.83322,3.1701775,0.6423619,0.0,1.0,13.0
exp7_fixed_random_1,1316,-112.70476,3.7763722,0.60567844,0.0,1.0,8.0
exp7_fixed_random_1,1317,540.16907,1.9493234,0.49220034,1.0,0.0,30.0
exp7_fixed_random_1,1318,-203.36693,2.086252,0.4713523,0.0,1.0,22.0
exp7_fixed_random_1,1319,529.9573,2.5711305,0.609352,1.0,0.0,12.0
exp7_fixed_random_1,1321,-133.3074,2.9873223,0.2964188,0.0,1.0,9.0
exp7_fixed_random_1,1322,523.67816,1.002513,0.33525217,1.0,0.0,55.0
exp7_fixed_random_1,1323,-216.60115,2.4507675,0.4651701,0.0,1.0,17.0
exp7_fixed_random_1,1324,518.50433,0.8464172,0.2218192,1.0,0.0,47.0
exp7_fixed_random_1,1325,604.989,1.6785823,0.46733224,1.0,0.0,38.0
exp7_fixed_random_1,1326,-247.43579,2.2380433,0.61388355,0.0,1.0,19.0
exp7_fixed_random_1,1327,548.7906,2.7093005,0.6719458,1.0,0.0,19.0
exp7_fixed_random_1,1328,-334.94168,2.5203774,0.49036947,0.0,1.0,5.0
exp7_fixed_random_1,1329,477.8804,1.0813116,0.7722882,1.0,0.0,38.0
exp7_fixed_random_1,1330,-294.1873,3.5274284,0.41120654,0.0,1.0,5.0
exp7_fixed_random_1,1331,538.3098,2.118808,0.5895109,1.0,0.0,19.0
exp7_fixed_random_1,1332,540.0183,2.7468934,0.66752374,1.0,0.0,14.0
exp7_fixed_random_1,1333,535.838,2.5765386,0.6825285,1.0,0.0,20.0
exp7_fixed_random_1,1334,570.707,2.2481472,0.7014283,1.0,0.0,30.0
exp7_fixed_random_1,1335,505.24335,1.4541515,0.4609654,1.0,0.0,32.0
exp7_fixed_random_1,1336,533.8013,1.3292226,0.42794636,1.0,0.0,49.0
exp7_fixed_random_1,1337,477.66187,1.7344102,0.6674359,1.0,0.0,30.0
exp7_fixed_random_1,1338,580.7023,2.2086687,0.60155916,1.0,0.0,31.0
exp7_fixed_random_1,1339,-342.4249,3.3713896,0.53246224,0.0,1.0,4.0
exp7_fixed_random_1,1341,535.1148,1.6659988,0.5878868,1.0,0.0,32.0
exp7_fixed_random_1,1342,551.193,2.7870011,0.71228415,1.0,0.0,17.0
exp7_fixed_random_1,1343,562.5664,2.3300498,0.53443736,1.0,0.0,28.0
exp7_fixed_random_1,1344,571.77545,1.6778312,0.46236646,1.0,0.0,37.0
exp7_fixed_random_1,1345,431.8886,1.2309129,0.65880454,1.0,0.0,61.0
exp7_fixed_random_1,1346,519.6564,1.2480363,0.51933056,1.0,0.0,39.0
exp7_fixed_random_1,1347,525.0591,1.6249185,0.53124636,1.0,0.0,26.0
exp7_fixed_random_1,1348,-163.71976,2.3508763,0.7225143,0.0,1.0,10.0
exp7_fixed_random_1,1349,-119.62094,0.5723463,0.7333421,0.0,0.0,100.0
exp7_fixed_random_1,1350,-276.65332,2.0218346,0.57019305,0.0,1.0,12.0
exp7_fixed_random_1,1351,519.2948,1.7609048,0.6196528,1.0,0.0,15.0
exp7_fixed_random_1,1352,-102.23868,0.4875244,0.1596697,0.0,0.0,100.0
exp7_fixed_random_1,1353,579.5376,1.495616,0.45076662,1.0,0.0,33.0
exp7_fixed_random_1,1354,458.41702,1.1650312,0.52462375,1.0,0.0,39.0
exp7_fixed_random_1,1355,-339.28308,1.1905643,0.6832653,0.0,1.0,56.0
exp7_fixed_random_1,1356,472.5264,1.2434766,0.34918347,1.0,0.0,25.0
exp7_fixed_random_1,1357,-270.8825,2.132209,0.42489207,0.0,1.0,16.0
exp7_fixed_random_1,1358,586.34015,2.0068197,0.6501128,1.0,0.0,31.0
exp7_fixed_random_1,1359,546.61975,2.9760468,0.6239272,1.0,0.0,11.0
exp7_fixed_random_1,1361,542.54706,2.589554,0.66003644,1.0,0.0,21.0
exp7_fixed_random_1,1362,571.5232,2.332796,0.6799575,1.0,0.0,25.0
exp7_fixed_random_1,1363,-199.34573,3.0055456,0.67694134,0.0,1.0,15.0
exp7_fixed_random_1,1364,-195.11261,2.7508857,0.61454374,0.0,1.0,15.0
exp7_fixed_random_1,1365,-133.99396,2.0751657,0.434033,0.0,1.0,10.0
exp7_fixed_random_1,1366,456.93582,0.9069883,0.2650754,1.0,0.0,46.0
exp7_fixed_random_1,1367,-242.49687,3.3160968,0.6580905,0.0,1.0,10.0
exp7_fixed_random_1,1368,505.10352,2.4986358,0.56880724,1.0,0.0,16.0
exp7_fixed_random_1,1369,541.8644,1.8027831,0.40564287,1.0,0.0,36.0
exp7_fixed_random_1,1370,538.01685,2.0357444,0.5123517,1.0,0.0,23.0
exp7_fixed_random_1,1371,-240.28273,2.6412683,0.5206761,0.0,1.0,14.0
exp7_fixed_random_1,1372,524.2737,1.4361725,0.6112115,1.0,0.0,47.0
exp7_fixed_random_1,1373,462.34564,0.77878684,0.55403155,1.0,0.0,38.0
exp7_fixed_random_1,1374,527.60925,2.134536,0.5505475,1.0,0.0,26.0
exp7_fixed_random_1,1375,512.7494,2.1863704,0.71823025,1.0,0.0,22.0
exp7_fixed_random_1,1376,-56.142242,2.1521356,0.47050557,0.0,1.0,26.0
exp7_fixed_random_1,1377,582.40265,2.3987935,0.5401107,1.0,0.0,26.0
exp7_fixed_random_1,1378,-89.04518,2.6139357,0.46266052,0.0,1.0,11.0
exp7_fixed_random_1,1379,557.2343,2.9470832,0.5677034,1.0,0.0,18.0
exp7_fixed_random_1,1381,498.44418,3.115191,0.5826626,1.0,0.0,10.0
exp7_fixed_random_1,1382,-113.020355,2.8730998,0.5503842,0.0,1.0,13.0
exp7_fixed_random_1,1383,-330.57794,1.3522943,0.8377836,0.0,1.0,24.0
exp7_fixed_random_1,1384,537.28406,2.65462,0.7455586,1.0,0.0,19.0
exp7_fixed_random_1,1385,550.69495,1.6928633,0.64802337,1.0,0.0,36.0
exp7_fixed_random_1,1386,462.16437,1.4996896,0.61344737,1.0,0.0,32.0
exp7_fixed_random_1,1387,518.0894,1.8367145,0.5917891,1.0,0.0,26.0
exp7_fixed_random_1,1388,519.6602,1.3961895,0.4109207,1.0,0.0,34.0
exp7_fixed_random_1,1389,17.694519,0.8109509,0.6598294,0.0,0.0,100.0
exp7_fixed_random_1,1390,-337.35065,2.4343767,0.6388722,0.0,1.0,4.0
exp7_fixed_random_1,1391,588.0483,1.9424927,0.5112258,1.0,0.0,34.0
exp7_fixed_random_1,1392,-103.34069,1.7215825,0.3840879,0.0,1.0,33.0
exp7_fixed_random_1,1393,533.2465,3.0340116,0.5366566,1.0,0.0,13.0
exp7_fixed_random_1,1394,590.3982,2.257571,0.7474289,1.0,0.0,24.0
exp7_fixed_random_1,1395,572.11847,1.8569934,0.5759283,1.0,0.0,40.0
exp7_fixed_random_1,1396,468.4671,2.5538611,0.67754537,1.0,0.0,19.0
exp7_fixed_random_1,1397,550.3047,2.14987,0.5844975,1.0,0.0,28.0
exp7_fixed_random_1,1398,536.8696,1.7171835,0.7400251,1.0,0.0,39.0
exp7_fixed_random_1,1399,510.89114,1.9639117,0.7293241,1.0,0.0,23.0
exp7_fixed_random_1,1401,-309.00534,1.9183064,0.6318623,0.0,1.0,13.0
exp7_fixed_random_1,1402,517.666,2.8251553,0.6003432,1.0,0.0,17.0
exp7_fixed_random_1,1403,523.09155,1.8897458,0.762819,1.0,0.0,34.0
exp7_fixed_random_1,1404,578.7213,1.8988754,0.69369465,1.0,0.0,27.0
exp7_fixed_random_1,1405,-211.28589,2.006258,0.59135616,0.0,1.0,23.0
exp7_fixed_random_1,1406,560.85565,2.2567194,0.68182707,1.0,0.0,25.0
exp7_fixed_random_1,1407,567.7787,1.832263,0.69940335,1.0,0.0,37.0
exp7_fixed_random_1,1408,-349.89093,1.9568205,0.2620015,0.0,1.0,3.0
exp7_fixed_random_1,1409,504.26413,1.373343,0.5943222,1.0,0.0,43.0
exp7_fixed_random_1,1410,428.59537,0.822792,0.4644615,1.0,0.0,68.0
exp7_fixed_random_1,1411,552.9214,1.6967868,0.52906,1.0,0.0,43.0
exp7_fixed_random_1,1412,-99.921814,2.8097353,0.610404,0.0,1.0,12.0
exp7_fixed_random_1,1413,597.60925,1.7427905,0.67420155,1.0,0.0,39.0
exp7_fixed_random_1,1414,579.87756,1.9916043,0.58578783,1.0,0.0,37.0
exp7_fixed_random_1,1415,496.93854,1.4229228,0.45516533,1.0,0.0,29.0
exp7_fixed_random_1,1416,548.7519,2.9109337,0.5783952,1.0,0.0,15.0
exp7_fixed_random_1,1417,-172.41052,2.7183058,0.7064917,0.0,1.0,4.0
exp7_fixed_random_1,1418,465.7035,1.4364992,0.48162964,1.0,0.0,21.0
exp7_fixed_random_1,1419,553.38837,1.7952999,0.71292114,1.0,0.0,31.0
exp7_fixed_random_1,1421,451.8631,1.4271691,0.6169784,1.0,0.0,54.0
exp7_fixed_random_1,1422,562.7794,2.3890681,0.70333606,1.0,0.0,27.0
exp7_fixed_random_1,1423,551.0021,1.917509,0.7609223,1.0,0.0,29.0
exp7_fixed_random_1,1424,566.3417,2.3166435,0.2439815,1.0,0.0,21.0
exp7_fixed_random_1,1425,528.8554,2.239488,0.3327324,1.0,0.0,16.0
exp7_fixed_random_1,1426,549.23193,2.5150883,0.72335416,1.0,0.0,21.0
exp7_fixed_random_1,1427,561.0184,1.2598406,0.39940298,1.0,0.0,44.0
exp7_fixed_random_1,1428,511.78265,1.4263483,0.61884826,1.0,0.0,59.0
exp7_fixed_random_1,1429,512.5188,1.9097378,0.5820766,1.0,0.0,33.0
exp7_fixed_random_1,1430,486.49216,1.3405536,0.45057756,1.0,0.0,31.0
exp7_fixed_random_1,1431,511.1632,1.886428,0.7252574,1.0,0.0,31.0
exp7_fixed_random_1,1432,608.27576,2.8696358,0.41085997,1.0,0.0,18.0
exp7_fixed_random_1,1433,462.4457,2.265424,0.7756425,1.0,0.0,20.0
exp7_fixed_random_1,1434,513.9509,2.8876452,0.78631824,1.0,0.0,18.0
exp7_fixed_random_1,1435,557.2815,1.7294666,0.76242894,1.0,0.0,73.0
exp7_fixed_random_1,1436,431.57922,1.6787813,0.90223134,1.0,0.0,28.0
exp7_fixed_random_1,1437,-207.82864,2.1967244,0.3363118,0.0,1.0,2.0
exp7_fixed_random_1,1438,471.65576,1.5660654,0.45746627,1.0,0.0,26.0
exp7_fixed_random_1,1439,502.5567,1.4832653,0.54779077,1.0,0.0,32.0
exp7_fixed_random_1,1441,626.2249,2.3918312,0.574756,1.0,0.0,29.0
exp7_fixed_random_1,1442,531.04895,1.5964121,0.6504356,1.0,0.0,42.0
exp7_fixed_random_1,1443,-336.5148,2.3311925,0.7683629,0.0,1.0,29.0
exp7_fixed_random_1,1444,-266.2561,2.0776083,0.5534991,0.0,1.0,13.0
exp7_fixed_random_1,1445,-129.6037,2.1097376,0.5856791,0.0,1.0,15.0
exp7_fixed_random_1,1446,546.4866,2.1460464,0.5375646,1.0,0.0,28.0
exp7_fixed_random_1,1447,567.1685,2.3192406,0.7312029,1.0,0.0,25.0
exp7_fixed_random_1,1448,-134.69467,2.718097,0.6712914,0.0,1.0,11.0
exp7_fixed_random_1,1449,546.54565,2.0659385,0.7578248,1.0,0.0,29.0
exp7_fixed_random_1,1450,534.0403,1.5423859,0.6933059,1.0,0.0,33.0
exp7_fixed_random_1,1451,441.64523,0.96631783,0.7952706,1.0,0.0,47.0
exp7_fixed_random_1,1452,552.8057,2.1601548,0.56854075,1.0,0.0,28.0
exp7_fixed_random_1,1453,584.8393,1.8275623,0.43294364,1.0,0.0,37.0
exp7_fixed_random_1,1454,528.0979,2.45332,0.7711909,1.0,0.0,26.0
exp7_fixed_random_1,1455,512.3196,2.0219424,0.534395,1.0,0.0,22.0
exp7_fixed_random_1,1456,-296.59937,2.356391,0.60554487,0.0,1.0,13.0
exp7_fixed_random_1,1457,577.5415,2.3160012,0.56559217,1.0,0.0,23.0
exp7_fixed_random_1,1458,492.11176,1.7159079,0.68540615,1.0,0.0,28.0
exp7_fixed_random_1,1459,494.06073,1.8742105,0.5809821,1.0,0.0,22.0
exp7_fixed_random_1,1461,615.671,2.7420943,0.604651,1.0,0.0,22.0
exp7_fixed_random_1,1462,428.87085,1.97413,0.6121822,1.0,0.0,24.0
exp7_fixed_random_1,1463,622.7184,2.667034,0.6272968,1.0,0.0,23.0
exp7_fixed_random_1,1464,468.9005,2.1218376,0.69297016,1.0,0.0,14.0
exp7_fixed_random_1,1465,569.1593,2.5572565,0.6289695,1.0,0.0,21.0
exp7_fixed_random_1,1466,-180.35643,1.6311071,0.47258595,0.0,1.0,30.0
exp7_fixed_random_1,1467,-234.94046,2.5939736,0.705117,0.0,1.0,18.0
exp7_fixed_random_1,1468,428.35602,1.8326845,0.41377294,1.0,0.0,19.0
exp7_fixed_random_1,1469,493.20715,2.3751972,0.7065184,1.0,0.0,19.0
exp7_fixed_random_1,1470,458.8359,1.8101063,0.39084738,1.0,0.0,18.0
exp7_fixed_random_1,1471,-206.0893,2.556203,0.65466607,0.0,1.0,29.0
exp7_fixed_random_1,1472,542.3679,1.7108921,0.39874393,1.0,0.0,33.0
exp7_fixed_random_1,1473,-112.90236,2.905246,0.4640607,0.0,1.0,10.0
exp7_fixed_random_1,1474,466.2218,1.3592539,0.47721034,1.0,0.0,38.0
exp7_fixed_random_1,1475,575.00305,1.7014354,0.61978215,1.0,0.0,38.0
exp7_fixed_random_1,1476,585.01746,1.7386943,0.5735332,1.0,0.0,28.0
exp7_fixed_random_1,1477,449.4133,1.4299623,0.38280168,1.0,0.0,23.0
exp7_fixed_random_1,1478,599.697,2.172084,0.6488526,1.0,0.0,30.0
exp7_fixed_random_1,1479,-141.03505,2.4883575,0.6726219,0.0,1.0,15.0
exp7_fixed_random_1,1481,566.9618,1.8310553,0.5573775,1.0,0.0,36.0
exp7_fixed_random_1,1482,-102.30631,2.8056238,0.64236474,0.0,1.0,13.0
exp7_fixed_random_1,1483,537.04443,1.481491,0.50822616,1.0,0.0,39.0
exp7_fixed_random_1,1484,-110.07956,2.5198567,0.69125533,0.0,1.0,23.0
exp7_fixed_random_1,1485,548.3733,3.1225674,0.64070255,1.0,0.0,14.0
exp7_fixed_random_1,1486,-174.47574,4.334655,0.74299353,0.0,1.0,3.0
exp7_fixed_random_1,1487,553.42163,1.3876203,0.41638923,1.0,0.0,41.0
exp7_fixed_random_1,1488,-4.8459015,2.5297577,0.6492125,0.0,1.0,29.0
exp7_fixed_random_1,1489,496.1846,1.3903791,0.5758492,1.0,0.0,37.0
exp7_fixed_random_1,1490,528.17163,1.3846135,0.5020663,1.0,0.0,40.0
exp7_fixed_random_1,1491,538.6059,1.6590879,0.5758397,1.0,0.0,42.0
exp7_fixed_random_1,1492,555.85626,3.1700559,0.6965413,1.0,0.0,14.0
exp7_fixed_random_1,1493,539.59467,2.8009903,0.4064403,1.0,0.0,15.0
exp7_fixed_random_1,1494,564.1169,1.4821539,0.7000833,1.0,0.0,42.0
exp7_fixed_random_1,1495,551.1342,1.529795,0.7955871,1.0,0.0,61.0
exp7_fixed_random_1,1496,-266.4232,2.4158077,0.6092512,0.0,1.0,13.0
exp7_fixed_random_1,1497,481.35883,1.6769996,0.473895,1.0,0.0,27.0
exp7_fixed_random_1,1498,-165.50719,2.5462363,0.4047059,0.0,1.0,7.0
exp7_fixed_random_1,1499,541.05896,2.070656,0.67563975,1.0,0.0,29.0
exp7_fixed_random_1,1501,-131.39493,2.8069954,0.6625583,0.0,1.0,18.0
exp7_fixed_random_1,1502,-126.048805,3.046755,0.6213679,0.0,1.0,11.0
exp7_fixed_random_1,1503,658.6302,2.086446,0.62855816,1.0,0.0,34.0
exp7_fixed_random_1,1504,515.19556,2.117929,0.81960547,1.0,0.0,23.0
exp7_fixed_random_1,1505,-200.30898,2.0594807,0.790779,0.0,1.0,5.0
exp7_fixed_random_1,1506,544.4921,2.1904008,0.7036881,1.0,0.0,28.0
exp7_fixed_random_1,1507,-346.9643,1.5877807,0.5876214,0.0,1.0,5.0
exp7_fixed_random_1,1508,533.22144,1.7480234,0.65540963,1.0,0.0,37.0
exp7_fixed_random_1,1509,611.20276,2.3364947,0.6873361,1.0,0.0,30.0
exp7_fixed_random_1,1510,586.4889,2.3339484,0.79286206,1.0,0.0,26.0
exp7_fixed_random_1,1511,499.08368,1.8836427,0.50860965,1.0,0.0,27.0
exp7_fixed_random_1,1512,520.9008,2.1711156,0.8022107,1.0,0.0,25.0
exp7_fixed_random_1,1513,623.8633,2.2594776,0.5583302,1.0,0.0,31.0
exp7_fixed_random_1,1514,550.97327,1.559729,0.55453926,1.0,0.0,44.0
exp7_fixed_random_1,1515,452.0275,1.7360954,0.6357065,1.0,0.0,28.0
exp7_fixed_random_1,1516,497.28345,1.5780743,0.9534549,1.0,0.0,31.0
exp7_fixed_random_1,1517,533.5807,2.3790033,0.73914605,1.0,0.0,24.0
exp7_fixed_random_1,1518,-254.89163,2.5666208,0.6750692,0.0,1.0,15.0
exp7_fixed_random_1,1519,483.578,1.7222418,0.46840638,1.0,0.0,20.0
exp7_fixed_random_1,1521,490.1153,1.4640592,0.7067837,1.0,0.0,35.0
exp7_fixed_random_1,1522,-206.75365,2.4445376,0.6431081,0.0,1.0,16.0
exp7_fixed_random_1,1523,584.54663,1.5718076,0.51989365,1.0,0.0,39.0
exp7_fixed_random_1,1524,484.573,1.1002127,0.35064635,1.0,0.0,41.0
exp7_fixed_random_1,1525,549.1718,2.2887785,0.5567734,1.0,0.0,26.0
exp7_fixed_random_1,1526,520.1009,2.185158,0.6401234,1.0,0.0,27.0
exp7_fixed_random_1,1527,476.693,1.5298101,0.47373134,1.0,0.0,20.0
exp7_fixed_random_1,1528,531.35974,2.1770175,0.5785316,1.0,0.0,31.0
exp7_fixed_random_1,1529,-121.04563,2.1085193,0.57324225,0.0,1.0,21.0
exp7_fixed_random_1,1530,474.97363,1.3987014,0.5850718,1.0,0.0,30.0
exp7_fixed_random_1,1531,502.56882,1.5442861,0.3354255,1.0,0.0,38.0
exp7_fixed_random_1,1532,525.0757,1.984751,0.7583968,1.0,0.0,23.0
exp7_fixed_random_1,1533,554.99756,2.2138944,0.64213604,1.0,0.0,26.0
exp7_fixed_random_1,1534,535.7112,1.7339863,0.5830621,1.0,0.0,40.0
exp7_fixed_random_1,1535,513.88446,2.0538876,0.7512514,1.0,0.0,22.0
exp7_fixed_random_1,1536,559.4641,1.8792824,0.55517846,1.0,0.0,31.0
exp7_fixed_random_1,1537,561.79095,2.027955,0.51567817,1.0,0.0,25.0
exp7_fixed_random_1,1538,575.2458,2.026266,0.7194773,1.0,0.0,31.0
exp7_fixed_random_1,1539,574.63696,2.236589,0.4370349,1.0,0.0,17.0
exp7_fixed_random_1,1541,536.7681,2.3608165,0.58693856,1.0,0.0,24.0
exp7_fixed_random_1,1542,475.04617,1.5461484,0.5774723,1.0,0.0,23.0
exp7_fixed_random_1,1543,515.41656,1.8417131,0.72808486,1.0,0.0,27.0
exp7_fixed_random_1,1544,503.254,1.956954,0.5511581,1.0,0.0,21.0
exp7_fixed_random_1,1545,632.2607,1.8706892,0.6702872,1.0,0.0,36.0
exp7_fixed_random_1,1546,-91.55316,1.7528185,0.4062006,0.0,1.0,26.0
exp7_fixed_random_1,1547,-328.06305,2.974913,0.9246504,0.0,1.0,3.0
exp7_fixed_random_1,1548,615.91315,2.2140539,0.5879274,1.0,0.0,29.0
exp7_fixed_random_1,1549,466.49216,2.629309,0.65681654,1.0,0.0,11.0
exp7_fixed_random_1,1550,561.57117,1.8070841,0.69786775,1.0,0.0,28.0
exp7_fixed_random_1,1551,524.13916,1.7682806,0.6576998,1.0,0.0,26.0
exp7_fixed_random_1,1552,-105.829124,2.1573687,0.6264231,0.0,1.0,26.0
exp7_fixed_random_1,1553,594.3707,1.9951981,0.54924184,1.0,0.0,33.0
exp7_fixed_random_1,1554,-135.88567,2.585607,0.5899695,0.0,1.0,10.0
exp7_fixed_random_1,1555,554.0261,2.3208914,0.75115764,1.0,0.0,27.0
exp7_fixed_random_1,1556,588.7862,2.170448,0.6589896,1.0,0.0,31.0
exp7_fixed_random_1,1557,492.58466,1.5571065,0.4764545,1.0,0.0,23.0
exp7_fixed_random_1,1558,456.07947,1.4632375,0.6901171,1.0,0.0,21.0
exp7_fixed_random_1,1559,465.81857,2.037732,0.76151764,1.0,0.0,14.0
exp7_fixed_random_1,1561,551.61206,2.245278,0.68983597,1.0,0.0,31.0
exp7_fixed_random_1,1562,597.94336,2.9277318,0.69286364,1.0,0.0,18.0
exp7_fixed_random_1,1563,-133.26761,2.7208467,0.5403004,0.0,1.0,10.0
exp7_fixed_random_1,1564,525.2002,2.688129,0.70590645,1.0,0.0,18.0
exp7_fixed_random_1,1565,513.2564,2.1144004,0.5609452,1.0,0.0,20.0
exp7_fixed_random_1,1566,552.32886,2.2031572,0.6421284,1.0,0.0,27.0
exp7_fixed_random_1,1567,-102.05988,2.9551537,0.78067374,0.0,1.0,12.0
exp7_fixed_random_1,1568,584.0327,2.1768296,0.6475544,1.0,0.0,30.0
exp7_fixed_random_1,1569,-133.63567,2.624918,0.7612694,0.0,1.0,12.0
exp7_fixed_random_1,1570,-318.91644,1.5419068,0.85509133,0.0,1.0,36.0
exp7_fixed_random_1,1571,548.7167,2.6277242,0.59561783,1.0,0.0,21.0
exp7_fixed_random_1,1572,505.0828,1.5644782,0.59277785,1.0,0.0,33.0
exp7_fixed_random_1,1573,-174.35748,2.6875334,0.40891877,0.0,1.0,20.0
exp7_fixed_random_1,1574,522.2651,2.065185,0.82768434,1.0,0.0,31.0
exp7_fixed_random_1,1575,-256.52148,2.5057542,0.64564854,0.0,1.0,15.0
exp7_fixed_random_1,1576,562.47,2.0439565,0.6320281,1.0,0.0,29.0
exp7_fixed_random_1,1577,513.2768,2.018748,0.7584885,1.0,0.0,31.0
exp7_fixed_random_1,1578,597.88153,2.6519985,0.6838376,1.0,0.0,25.0
exp7_fixed_random_1,1579,-191.22676,3.4655833,0.8902921,0.0,1.0,4.0
exp7_fixed_random_1,1581,-209.28856,3.3592842,0.59244096,0.0,1.0,15.0
exp7_fixed_random_1,1582,-128.4628,2.8831213,0.5953215,0.0,1.0,16.0
exp7_fixed_random_1,1583,502.42078,1.7908416,0.7372808,1.0,0.0,33.0
exp7_fixed_random_1,1584,-222.77301,2.4310877,0.59441423,0.0,1.0,19.0
exp7_fixed_random_1,1585,496.07538,2.042791,0.79217684,1.0,0.0,45.0
exp7_fixed_random_1,1586,553.2494,2.3157923,0.8105851,1.0,0.0,23.0
exp7_fixed_random_1,1587,-314.63928,1.9451749,0.64313614,0.0,1.0,8.0
exp7_fixed_random_1,1588,-251.44421,2.2623887,0.56102175,0.0,1.0,20.0
exp7_fixed_random_1,1589,584.1109,2.3243728,0.8045926,1.0,0.0,24.0
exp7_fixed_random_1,1590,499.15182,2.589651,0.8676157,1.0,0.0,22.0
exp7_fixed_random_1,1591,594.5991,2.507667,0.5789008,1.0,0.0,24.0
exp7_fixed_random_1,1592,-259.5694,3.1895711,0.4962703,0.0,1.0,11.0
exp7_fixed_random_1,1593,-213.32208,2.3638468,0.37359747,0.0,1.0,2.0
exp7_fixed_random_1,1594,-350.86508,1.4663029,0.30999866,0.0,1.0,2.0
exp7_fixed_random_1,1595,483.04724,2.1081965,0.69277155,1.0,0.0,27.0
exp7_fixed_random_1,1596,496.72922,1.824476,0.47740737,1.0,0.0,20.0
exp7_fixed_random_1,1597,556.5897,2.5999851,0.8048297,1.0,0.0,21.0
exp7_fixed_random_1,1598,568.2433,2.3107285,0.65096194,1.0,0.0,23.0
exp7_fixed_random_1,1599,555.2553,1.9823922,0.5982139,1.0,0.0,30.0
exp7_fixed_random_1,1601,557.87555,2.0828755,0.65411675,1.0,0.0,35.0
exp7_fixed_random_1,1602,-348.11664,2.8404365,0.30232787,0.0,1.0,1.0
exp7_fixed_random_1,1603,484.4798,1.8763293,0.5743684,1.0,0.0,21.0
exp7_fixed_random_1,1604,438.97864,1.6618606,0.48543438,1.0,0.0,32.0
exp7_fixed_random_1,1605,481.37787,1.3239747,0.7655615,1.0,0.0,31.0
exp7_fixed_random_1,1606,-104.41647,2.4640121,0.57524365,0.0,1.0,14.0
exp7_fixed_random_1,1607,-211.77856,1.4997692,0.18501204,0.0,1.0,8.0
exp7_fixed_random_1,1608,-87.00801,3.3252006,0.7279872,0.0,1.0,16.0
exp7_fixed_random_1,1609,501.20746,1.7600181,0.8541428,1.0,0.0,56.0
exp7_fixed_random_1,1610,490.93896,1.9607584,0.6019251,1.0,0.0,29.0
exp7_fixed_random_1,1611,503.4502,1.5998788,0.59079653,1.0,0.0,30.0
exp7_fixed_random_1,1612,584.1969,1.9521145,0.5506345,1.0,0.0,30.0
exp7_fixed_random_1,1613,513.19855,2.1746523,0.88514334,1.0,0.0,26.0
exp7_fixed_random_1,1614,503.58508,1.520106,0.45950627,1.0,0.0,42.0
exp7_fixed_random_1,1615,433.55704,1.9121318,0.69503903,1.0,0.0,24.0
exp7_fixed_random_1,1616,541.53064,2.014513,0.60267943,1.0,0.0,32.0
exp7_fixed_random_1,1617,586.4253,2.1576772,0.6157863,1.0,0.0,25.0
exp7_fixed_random_1,1618,-287.14853,2.3538673,0.69000685,0.0,1.0,19.0
exp7_fixed_random_1,1619,575.61633,2.2249641,0.6655908,1.0,0.0,23.0
exp7_fixed_random_1,1621,468.46292,1.1517869,0.77422786,1.0,0.0,52.0
exp7_fixed_random_1,1622,527.38525,2.7517424,0.68875986,1.0,0.0,19.0
exp7_fixed_random_1,1623,-267.17114,2.767895,0.58475673,0.0,1.0,12.0
exp7_fixed_random_1,1624,495.45776,2.348527,0.6639488,1.0,0.0,25.0
exp7_fixed_random_1,1625,-297.2707,1.8285207,0.6223444,0.0,1.0,12.0
exp7_fixed_random_1,1626,558.32947,2.0125165,0.64891815,1.0,0.0,40.0
exp7_fixed_random_1,1627,495.15155,2.2840874,0.68342125,1.0,0.0,21.0
exp7_fixed_random_1,1628,454.96066,0.8956605,0.7937908,1.0,0.0,80.0
exp7_fixed_random_1,1629,525.391,1.5789261,0.69597656,1.0,0.0,36.0
exp7_fixed_random_1,1630,552.16797,1.5486789,0.59763277,1.0,0.0,44.0
exp7_fixed_random_1,1631,-140.58228,3.5728889,0.6301502,0.0,1.0,8.0
exp7_fixed_random_1,1632,530.2425,1.948152,0.5195439,1.0,0.0,24.0
exp7_fixed_random_1,1633,498.28296,2.794969,0.62122583,1.0,0.0,11.0
exp7_fixed_random_1,1634,-254.17795,2.646044,0.6843538,0.0,1.0,14.0
exp7_fixed_random_1,1635,531.1893,3.8946078,0.79105884,1.0,0.0,13.0
exp7_fixed_random_1,1636,-236.03824,3.0784278,0.73998517,0.0,1.0,9.0
exp7_fixed_random_1,1637,482.07806,2.1932528,0.70612246,1.0,0.0,11.0
exp7_fixed_random_1,1638,-167.3205,3.11574,0.8484086,0.0,1.0,7.0
exp7_fixed_random_1,1639,384.3765,1.0109005,0.84992814,1.0,0.0,35.0
exp7_fixed_random_1,1641,415.67133,0.970104,0.6879913,1.0,0.0,54.0
exp7_fixed_random_1,1642,-259.9778,2.1699438,0.5959768,0.0,1.0,13.0
exp7_fixed_random_1,1643,552.7295,1.9983283,0.6868884,1.0,0.0,36.0
exp7_fixed_random_1,1644,640.0974,1.8310999,0.6241142,1.0,0.0,39.0
exp7_fixed_random_1,1645,542.89874,1.8077503,0.7285895,1.0,0.0,25.0
exp7_fixed_random_1,1646,586.25757,2.0876107,0.6053899,1.0,0.0,29.0
exp7_fixed_random_1,1647,555.86487,2.2557254,0.54071736,1.0,0.0,28.0
exp7_fixed_random_1,1648,-202.21085,3.3596208,0.8069828,0.0,1.0,7.0
exp7_fixed_random_1,1649,-270.7053,2.4749455,0.36831382,0.0,1.0,13.0
exp7_fixed_random_1,1650,-290.40656,1.9510479,0.40708748,0.0,1.0,13.0
exp7_fixed_random_1,1651,463.074,1.1321324,0.6037941,1.0,0.0,44.0
exp7_fixed_random_1,1652,505.38278,2.2874594,0.81865466,1.0,0.0,25.0
exp7_fixed_random_1,1653,-244.29233,3.049089,0.5222816,0.0,1.0,13.0
exp7_fixed_random_1,1654,-165.5413,3.4235322,0.57341933,0.0,1.0,6.0
exp7_fixed_random_1,1655,-256.25513,3.105767,0.88678306,0.0,1.0,14.0
exp7_fixed_random_1,1656,466.7026,1.6247503,0.71640635,1.0,0.0,32.0
exp7_fixed_random_1,1657,-158.985,3.8139234,0.44419837,0.0,1.0,4.0
exp7_fixed_random_1,1658,478.9782,1.7510738,0.83988905,1.0,0.0,20.0
exp7_fixed_random_1,1659,-121.15957,2.9241962,0.69860363,0.0,1.0,17.0
exp7_fixed_random_1,1661,-59.172775,2.9897192,0.5800154,0.0,1.0,15.0
exp7_fixed_random_1,1662,-328.93994,1.9699867,0.75250477,0.0,1.0,7.0
exp7_fixed_random_1,1663,-185.71565,1.330882,0.31439438,0.0,1.0,6.0
exp7_fixed_random_1,1664,-247.2111,3.6584082,0.44099683,0.0,1.0,8.0
exp7_fixed_random_1,1665,595.4065,2.6099138,0.77203023,1.0,0.0,29.0
exp7_fixed_random_1,1666,-203.0394,2.29156,0.59274626,0.0,1.0,21.0
exp7_fixed_random_1,1667,536.4554,3.3237658,0.4774735,1.0,0.0,12.0
exp7_fixed_random_1,1668,-100.471146,2.659145,0.48367625,0.0,1.0,10.0
exp7_fixed_random_1,1669,413.89807,1.1062343,0.76517034,1.0,0.0,74.0
exp7_fixed_random_1,1670,540.0029,2.9298751,0.64111525,1.0,0.0,18.0
exp7_fixed_random_1,1671,492.8054,2.4943237,0.60025525,1.0,0.0,21.0
exp7_fixed_random_1,1672,-157.64587,1.8115261,0.72535634,0.0,1.0,41.0
exp7_fixed_random_1,1673,597.3104,2.6294558,0.65518135,1.0,0.0,25.0
exp7_fixed_random_1,1674,531.9618,2.1159422,0.7420226,1.0,0.0,24.0
exp7_fixed_random_1,1675,499.61377,1.6720548,0.62629527,1.0,0.0,34.0
exp7_fixed_random_1,1676,511.14868,1.6717908,0.5834215,1.0,0.0,38.0
exp7_fixed_random_1,1677,494.26508,3.900402,0.71225375,1.0,0.0,7.0
exp7_fixed_random_1,1678,533.4784,2.0455334,0.7178935,1.0,0.0,27.0
exp7_fixed_random_1,1679,-157.92383,2.5740283,0.5910421,0.0,1.0,18.0
exp7_fixed_random_1,1681,-102.06241,2.1838834,0.5325986,0.0,1.0,22.0
exp7_fixed_random_1,1682,494.91983,1.3641866,0.6225067,1.0,0.0,43.0
exp7_fixed_random_1,1683,525.5344,2.9642293,0.7329648,1.0,0.0,15.0
exp7_fixed_random_1,1684,548.3657,2.3291044,0.66037726,1.0,0.0,25.0
exp7_fixed_random_1,1685,-126.778946,3.208279,0.71021855,0.0,1.0,14.0
exp7_fixed_random_1,1686,-286.02145,3.0434911,0.5141955,0.0,1.0,7.0
exp7_fixed_random_1,1687,542.1981,2.1702225,0.76374084,1.0,0.0,21.0
exp7_fixed_random_1,1688,-302.6529,3.140509,0.80157614,0.0,1.0,5.0
exp7_fixed_random_1,1689,578.02924,2.2782857,0.63024324,1.0,0.0,23.0
exp7_fixed_random_1,1690,515.7435,1.676876,0.77138406,1.0,0.0,29.0
exp7_fixed_random_1,1691,-239.86438,3.1384554,0.70337224,0.0,1.0,13.0
exp7_fixed_random_1,1692,499.6951,1.3788546,0.7458733,1.0,0.0,44.0
exp7_fixed_random_1,1693,486.1165,1.889606,0.8018014,1.0,0.0,39.0
exp7_fixed_random_1,1694,435.83435,1.5295191,0.7171403,1.0,0.0,27.0
exp7_fixed_random_1,1695,-122.71092,3.1469176,0.64976436,0.0,1.0,9.0
exp7_fixed_random_1,1696,-316.6494,2.3866532,0.39567238,0.0,1.0,5.0
exp7_fixed_random_1,1697,-292.6228,2.9657393,0.33420178,0.0,1.0,5.0
exp7_fixed_random_1,1698,-78.77368,2.7155175,0.559903,0.0,1.0,18.0
exp7_fixed_random_1,1699,512.3828,2.255867,0.56478035,1.0,0.0,20.0
exp7_fixed_random_1,1701,-183.48978,3.674821,0.7936164,0.0,1.0,9.0
exp7_fixed_random_1,1702,544.8725,1.9058248,0.805458,1.0,0.0,44.0
exp7_fixed_random_1,1703,485.44202,2.2272408,0.8399543,1.0,0.0,13.0
exp7_fixed_random_1,1704,-30.008608,0.67681277,0.861312,0.0,0.0,100.0
exp7_fixed_random_1,1705,-170.99088,2.742109,0.5855003,0.0,1.0,5.0
exp7_fixed_random_1,1706,488.75247,2.2619996,0.69230026,1.0,0.0,15.0
exp7_fixed_random_1,1707,-139.62238,2.4209628,0.56238294,0.0,1.0,17.0
exp7_fixed_random_1,1708,-236.36395,2.1732614,0.5130669,0.0,1.0,14.0
exp7_fixed_random_1,1709,520.4922,2.548097,0.8307892,1.0,0.0,13.0
exp7_fixed_random_1,1710,565.636,2.3427591,0.6094726,1.0,0.0,22.0
exp7_fixed_random_1,1711,523.3041,1.8022939,0.5988575,1.0,0.0,25.0
exp7_fixed_random_1,1712,489.32156,2.3550704,0.62439626,1.0,0.0,13.0
exp7_fixed_random_1,1713,510.0511,3.724392,0.5488433,1.0,0.0,10.0
exp7_fixed_random_1,1714,583.80145,2.7387397,0.6633807,1.0,0.0,25.0
exp7_fixed_random_1,1715,-259.842,2.7206295,0.5705334,0.0,1.0,17.0
exp7_fixed_random_1,1716,555.96094,2.354821,0.72659993,1.0,0.0,27.0
exp7_fixed_random_1,1717,593.0314,2.6165583,0.7302523,1.0,0.0,23.0
exp7_fixed_random_1,1718,-279.1146,3.47893,0.6414832,0.0,1.0,5.0
exp7_fixed_random_1,1719,-153.02686,2.9845545,0.72128296,0.0,1.0,7.0
exp7_fixed_random_1,1721,601.91095,2.7967265,0.755498,1.0,0.0,26.0
exp7_fixed_random_1,1722,-41.638992,2.6788704,0.73214483,0.0,1.0,17.0
exp7_fixed_random_1,1723,492.32294,2.3515463,0.82510334,1.0,0.0,32.0
exp7_fixed_random_1,1724,-219.78793,2.799173,0.38617942,0.0,1.0,14.0
exp7_fixed_random_1,1725,491.49072,2.7495399,0.8517931,1.0,0.0,15.0
exp7_fixed_random_1,1726,-100.55342,2.0292811,0.34581673,0.0,1.0,25.0
exp7_fixed_random_1,1727,529.049,2.338128,0.66618085,1.0,0.0,26.0
exp7_fixed_random_1,1728,456.08707,2.3596144,0.95345855,1.0,0.0,18.0
exp7_fixed_random_1,1729,-159.26144,2.2244282,0.3958904,0.0,1.0,7.0
exp7_fixed_random_1,1730,-278.28333,2.8481781,0.5072432,0.0,1.0,12.0
exp7_fixed_random_1,1731,511.9609,2.5793633,0.8356276,1.0,0.0,11.0
exp7_fixed_random_1,1732,-286.50632,2.180999,0.7666915,0.0,1.0,13.0
exp7_fixed_random_1,1733,560.48846,2.1644135,0.65252465,1.0,0.0,30.0
exp7_fixed_random_1,1734,-102.07428,2.2042403,0.6494177,0.0,1.0,18.0
exp7_fixed_random_1,1735,528.4718,1.9860901,0.5196237,1.0,0.0,27.0
exp7_fixed_random_1,1736,528.61847,2.4610877,0.601853,1.0,0.0,18.0
exp7_fixed_random_1,1737,-94.14047,2.3927433,0.5856584,0.0,1.0,27.0
exp7_fixed_random_1,1738,575.87714,1.9024512,0.6103353,1.0,0.0,39.0
exp7_fixed_random_1,1739,587.2214,2.6970248,0.49838993,1.0,0.0,22.0
exp7_fixed_random_1,1741,632.92523,2.6003263,0.6906711,1.0,0.0,28.0
exp7_fixed_random_1,1742,490.19702,2.3050733,0.7047999,1.0,0.0,13.0
exp7_fixed_random_1,1743,581.2556,2.1139216,0.78140074,1.0,0.0,37.0
exp7_fixed_random_1,1744,-138.18869,1.918552,0.8322955,0.0,1.0,50.0
exp7_fixed_random_1,1745,-290.25226,2.5366478,0.53478265,0.0,1.0,6.0
exp7_fixed_random_1,1746,548.72644,2.2918637,0.72546625,1.0,0.0,28.0
exp7_fixed_random_1,1747,529.4302,2.0810778,0.58607,1.0,0.0,27.0
exp7_fixed_random_1,1748,595.6102,1.770055,0.8379974,1.0,0.0,49.0
exp7_fixed_random_1,1749,-158.84402,2.5917969,0.6563657,0.0,1.0,6.0
exp7_fixed_random_1,1750,-167.07443,2.2169244,0.43249527,0.0,1.0,28.0
exp7_fixed_random_1,1751,537.7677,2.429829,0.73801845,1.0,0.0,28.0
exp7_fixed_random_1,1752,569.86597,2.2040389,0.752157,1.0,0.0,27.0
exp7_fixed_random_1,1753,512.1929,1.511506,0.69945145,1.0,0.0,45.0
exp7_fixed_random_1,1754,500.33066,2.9009676,0.70502496,1.0,0.0,17.0
exp7_fixed_random_1,1755,-57.716415,2.6277106,0.5180202,0.0,1.0,25.0
exp7_fixed_random_1,1756,518.61554,1.8977604,0.8106865,1.0,0.0,36.0
exp7_fixed_random_1,1757,556.55585,2.609146,0.820636,1.0,0.0,24.0
exp7_fixed_random_1,1758,-226.67572,3.319633,0.66316813,0.0,1.0,14.0
exp7_fixed_random_1,1759,-305.58527,1.1003661,0.8684749,0.0,1.0,37.0
exp7_fixed_random_1,1761,504.83105,2.3079877,0.7617121,1.0,0.0,20.0
exp7_fixed_random_1,1762,-236.32996,2.3053575,0.6040135,0.0,1.0,30.0
exp7_fixed_random_1,1763,529.85425,2.1738331,0.7886149,1.0,0.0,39.0
exp7_fixed_random_1,1764,547.03625,2.0919886,0.69864184,1.0,0.0,33.0
exp7_fixed_random_1,1765,-121.92888,3.4380198,0.5329511,0.0,1.0,9.0
exp7_fixed_random_1,1766,465.8475,2.9858289,0.8705634,1.0,0.0,10.0
exp7_fixed_random_1,1767,570.45776,2.2953699,0.8123427,1.0,0.0,29.0
exp7_fixed_random_1,1768,524.4355,0.96527344,0.83187515,1.0,0.0,66.0
exp7_fixed_random_1,1769,572.292,2.0629144,0.6145398,1.0,0.0,33.0
exp7_fixed_random_1,1770,515.25275,2.4643633,0.7703299,1.0,0.0,13.0
exp7_fixed_random_1,1771,594.9952,2.5787747,0.50743735,1.0,0.0,26.0
exp7_fixed_random_1,1772,489.83246,1.5722075,0.5686565,1.0,0.0,31.0
exp7_fixed_random_1,1773,511.10828,2.0290415,0.7548344,1.0,0.0,17.0
exp7_fixed_random_1,1774,-226.4002,2.4910982,0.5069072,0.0,1.0,16.0
exp7_fixed_random_1,1775,528.2553,2.047621,0.7795966,1.0,0.0,28.0
exp7_fixed_random_1,1776,-132.24101,2.691092,0.6562009,0.0,1.0,19.0
exp7_fixed_random_1,1777,490.0996,1.762083,0.7423418,1.0,0.0,37.0
exp7_fixed_random_1,1778,-284.2796,1.9751543,0.7392141,0.0,1.0,24.0
exp7_fixed_random_1,1779,583.50037,2.0482445,0.5991081,1.0,0.0,34.0
exp7_fixed_random_1,1781,564.66345,2.8814576,0.75728095,1.0,0.0,16.0
exp7_fixed_random_1,1782,438.1621,1.2914822,0.8481549,1.0,0.0,26.0
exp7_fixed_random_1,1783,-264.75354,2.5038245,0.5508945,0.0,1.0,16.0
exp7_fixed_random_1,1784,-297.20898,2.9449534,0.8960713,0.0,1.0,10.0
exp7_fixed_random_1,1785,-314.5996,1.2728809,0.41434413,0.0,1.0,20.0
exp7_fixed_random_1,1786,582.2428,2.1289043,0.6293577,1.0,0.0,33.0
exp7_fixed_random_1,1787,557.06793,2.1269064,0.6769531,1.0,0.0,26.0
exp7_fixed_random_1,1788,612.0712,2.2306285,0.712633,1.0,0.0,34.0
exp7_fixed_random_1,1789,568.67017,1.8258835,0.66932344,1.0,0.0,38.0
exp7_fixed_random_1,1790,512.594,2.209848,0.6897694,1.0,0.0,28.0
exp7_fixed_random_1,1791,-292.53775,1.8693144,0.48115838,0.0,1.0,17.0
exp7_fixed_random_1,1792,521.9219,2.1126478,0.62926567,1.0,0.0,19.0
exp7_fixed_random_1,1793,508.45404,2.5702326,0.6114007,1.0,0.0,18.0
exp7_fixed_random_1,1794,504.32465,2.1211345,0.7820853,1.0,0.0,26.0
exp7_fixed_random_1,1795,577.60004,1.9948821,0.70556086,1.0,0.0,31.0
exp7_fixed_random_1,1796,-49.362762,2.2171547,0.5775365,0.0,1.0,31.0
exp7_fixed_random_1,1797,534.0145,2.3588843,0.8241082,1.0,0.0,24.0
exp7_fixed_random_1,1798,464.42035,0.9876034,0.70682347,1.0,0.0,42.0
exp7_fixed_random_1,1799,496.945,1.6909274,0.7294434,1.0,0.0,35.0
exp7_fixed_random_1,1801,593.7754,2.4569426,0.61678225,1.0,0.0,22.0
exp7_fixed_random_1,1802,599.07654,2.1044378,0.5774983,1.0,0.0,29.0
exp7_fixed_random_1,1803,536.7694,2.5420442,0.8523138,1.0,0.0,21.0
exp7_fixed_random_1,1804,472.4086,1.5417736,0.66980267,1.0,0.0,38.0
exp7_fixed_random_1,1805,-336.58344,1.9236383,0.4202299,0.0,1.0,3.0
exp7_fixed_random_1,1806,512.3042,1.86156,0.8105552,1.0,0.0,27.0
exp7_fixed_random_1,1807,-261.54254,2.8706126,0.6132241,0.0,1.0,11.0
exp7_fixed_random_1,1808,-235.56827,1.7055981,0.5003062,0.0,1.0,17.0
exp7_fixed_random_1,1809,544.1868,2.1901662,0.6356406,1.0,0.0,22.0
exp7_fixed_random_1,1810,-302.3003,1.7670761,0.53621227,0.0,1.0,14.0
exp7_fixed_random_1,1811,572.0789,1.973233,0.57291794,1.0,0.0,34.0
exp7_fixed_random_1,1812,424.53537,0.9575777,0.76359653,1.0,0.0,36.0
exp7_fixed_random_1,1813,598.43616,1.988629,0.6852081,1.0,0.0,32.0
exp7_fixed_random_1,1814,-330.883,1.7439152,0.6503831,0.0,1.0,5.0
exp7_fixed_random_1,1815,548.3614,1.8008769,0.69780844,1.0,0.0,36.0
exp7_fixed_random_1,1816,466.91357,1.8620962,0.8249117,1.0,0.0,32.0
exp7_fixed_random_1,1817,517.7655,2.183237,0.655035,1.0,0.0,32.0
exp7_fixed_random_1,1818,506.14346,1.7291236,0.47020245,1.0,0.0,22.0
exp7_fixed_random_1,1819,499.11603,1.8327276,0.8017193,1.0,0.0,32.0
exp7_fixed_random_1,1821,545.07965,2.2078536,0.7634895,1.0,0.0,19.0
exp7_fixed_random_1,1822,-123.26217,2.263153,0.5447448,0.0,1.0,21.0
exp7_fixed_random_1,1823,565.3388,2.8875442,0.6611396,1.0,0.0,21.0
exp7_fixed_random_1,1824,-93.93483,3.3087854,0.74110085,0.0,1.0,13.0
exp7_fixed_random_1,1825,552.5737,2.6744912,0.8134747,1.0,0.0,19.0
exp7_fixed_random_1,1826,-230.74326,2.0558925,0.74280846,0.0,1.0,30.0
exp7_fixed_random_1,1827,516.13055,1.7202075,0.68357456,1.0,0.0,33.0
exp7_fixed_random_1,1828,568.30115,2.296629,0.6148217,1.0,0.0,22.0
exp7_fixed_random_1,1829,-150.9444,2.7570941,0.4255741,0.0,1.0,9.0
exp7_fixed_random_1,1830,498.2833,1.6278124,0.89204293,1.0,0.0,28.0
exp7_fixed_random_1,1831,-253.08803,2.4055552,0.6631707,0.0,1.0,17.0
exp7_fixed_random_1,1832,505.26877,2.0291076,0.76310027,1.0,0.0,34.0
exp7_fixed_random_1,1833,524.5831,2.9468772,0.55532414,1.0,0.0,16.0
exp7_fixed_random_1,1834,-194.42908,2.4424634,0.6736926,0.0,1.0,4.0
exp7_fixed_random_1,1835,-175.83257,2.8764794,0.5670454,0.0,1.0,20.0
exp7_fixed_random_1,1836,544.0638,2.2297735,0.67883956,1.0,0.0,19.0
exp7_fixed_random_1,1837,-252.75623,2.6440682,0.60885555,0.0,1.0,10.0
exp7_fixed_random_1,1838,548.9253,2.2691538,0.6786789,1.0,0.0,23.0
exp7_fixed_random_1,1839,-280.71667,2.477823,0.61509556,0.0,1.0,12.0
exp7_fixed_random_1,1841,-210.88315,1.299826,0.2698391,0.0,1.0,3.0
exp7_fixed_random_1,1842,586.8522,2.2731967,0.53816235,1.0,0.0,28.0
exp7_fixed_random_1,1843,575.7741,2.0147102,0.65210813,1.0,0.0,28.0
exp7_fixed_random_1,1844,584.17834,2.072254,0.75011194,1.0,0.0,25.0
exp7_fixed_random_1,1845,515.2263,3.8848324,0.7949926,1.0,0.0,7.0
exp7_fixed_random_1,1846,533.45526,1.9335294,0.57255524,1.0,0.0,32.0
exp7_fixed_random_1,1847,487.68884,2.6236572,0.7085035,1.0,0.0,18.0
exp7_fixed_random_1,1848,537.0787,2.6391375,0.7492989,1.0,0.0,19.0
exp7_fixed_random_1,1849,527.0288,2.7149544,0.87459886,1.0,0.0,15.0
exp7_fixed_random_1,1850,545.39307,2.108819,0.60543585,1.0,0.0,27.0
exp7_fixed_random_1,1851,506.1764,3.0818605,0.42604694,1.0,0.0,9.0
exp7_fixed_random_1,1852,606.465,2.1180074,0.5118783,1.0,0.0,29.0
exp7_fixed_random_1,1853,556.6311,1.8775264,0.63025236,1.0,0.0,33.0
exp7_fixed_random_1,1854,613.35876,2.6330888,0.7111487,1.0,0.0,26.0
exp7_fixed_random_1,1855,452.7212,1.8379322,0.5101923,1.0,0.0,30.0
exp7_fixed_random_1,1856,543.1796,1.5383519,0.62048423,1.0,0.0,39.0
exp7_fixed_random_1,1857,-178.70657,3.4142258,0.64519256,0.0,1.0,9.0
exp7_fixed_random_1,1858,548.52637,2.1790688,0.6876086,1.0,0.0,30.0
exp7_fixed_random_1,1859,-127.77358,3.6141849,0.66392463,0.0,1.0,10.0
exp7_fixed_random_1,1861,-201.3166,2.895682,0.8007699,0.0,1.0,18.0
exp7_fixed_random_1,1862,593.7798,3.015142,0.668714,1.0,0.0,17.0
exp7_fixed_random_1,1863,605.2084,2.5110288,0.6377049,1.0,0.0,23.0
exp7_fixed_random_1,1864,469.20514,2.2754436,0.71755725,1.0,0.0,16.0
exp7_fixed_random_1,1865,486.04477,1.7519581,0.70151275,1.0,0.0,17.0
exp7_fixed_random_1,1866,593.3001,2.2670672,0.7607339,1.0,0.0,32.0
exp7_fixed_random_1,1867,570.6304,2.353936,0.81167895,1.0,0.0,29.0
exp7_fixed_random_1,1868,-156.27817,2.9543355,0.5879492,0.0,1.0,14.0
exp7_fixed_random_1,1869,531.657,2.60711,0.667001,1.0,0.0,17.0
exp7_fixed_random_1,1870,536.90765,2.1954322,0.7113361,1.0,0.0,31.0
exp7_fixed_random_1,1871,555.1791,2.6843927,0.73255414,1.0,0.0,23.0
exp7_fixed_random_1,1872,466.097,2.1524034,0.6523128,1.0,0.0,23.0
exp7_fixed_random_1,1873,-88.967255,2.9542243,0.36490485,0.0,1.0,14.0
exp7_fixed_random_1,1874,506.36258,2.5699723,0.8916566,1.0,0.0,18.0
exp7_fixed_random_1,1875,-287.06433,3.3635094,0.68214417,0.0,1.0,11.0
exp7_fixed_random_1,1876,598.792,2.1172173,0.7771793,1.0,0.0,39.0
exp7_fixed_random_1,1877,530.7243,2.814049,0.79281306,1.0,0.0,20.0
exp7_fixed_random_1,1878,-265.24042,3.2000399,0.5225326,0.0,1.0,9.0
exp7_fixed_random_1,1879,561.1112,2.1178381,0.6877562,1.0,0.0,28.0
exp7_fixed_random_1,1881,-165.9082,2.3311355,0.5219208,0.0,1.0,6.0
exp7_fixed_random_1,1882,562.79663,1.9384239,0.45619634,1.0,0.0,29.0
exp7_fixed_random_1,1883,522.6673,2.2514155,0.6517732,1.0,0.0,25.0
exp7_fixed_random_1,1884,564.1566,2.6549327,0.8727904,1.0,0.0,23.0
exp7_fixed_random_1,1885,513.83405,1.2771114,0.3519903,1.0,0.0,46.0
exp7_fixed_random_1,1886,525.60443,2.3500004,0.74974114,1.0,0.0,20.0
exp7_fixed_random_1,1887,534.8805,2.1616418,0.7463218,1.0,0.0,29.0
exp7_fixed_random_1,1888,469.66577,1.6302508,0.80793643,1.0,0.0,35.0
exp7_fixed_random_1,1889,631.1616,3.261539,0.6978429,1.0,0.0,16.0
exp7_fixed_random_1,1890,-98.24307,2.9607718,0.8231569,0.0,1.0,17.0
exp7_fixed_random_1,1891,450.21234,1.9552925,0.6125991,1.0,0.0,23.0
exp7_fixed_random_1,1892,527.5293,2.9430106,0.83143973,1.0,0.0,12.0
exp7_fixed_random_1,1893,503.3761,1.6500889,0.81374395,1.0,0.0,37.0
exp7_fixed_random_1,1894,-109.83151,2.7849145,0.69587725,0.0,1.0,17.0
exp7_fixed_random_1,1895,499.95468,2.2818859,0.89702183,1.0,0.0,24.0
exp7_fixed_random_1,1896,596.12823,2.9666638,0.89122075,1.0,0.0,18.0
exp7_fixed_random_1,1897,531.4678,2.6054144,0.69528866,1.0,0.0,18.0
exp7_fixed_random_1,1898,578.6764,2.1035554,0.6709161,1.0,0.0,28.0
exp7_fixed_random_1,1899,539.1133,1.8210707,0.66404176,1.0,0.0,31.0
exp7_fixed_random_1,1901,589.3692,2.1948328,0.6845782,1.0,0.0,34.0
exp7_fixed_random_1,1902,-107.247055,2.8361015,0.87127286,0.0,1.0,21.0
exp7_fixed_random_1,1903,582.07306,2.2582402,0.8308405,1.0,0.0,27.0
exp7_fixed_random_1,1904,-300.20898,2.658809,0.50326884,0.0,1.0,9.0
exp7_fixed_random_1,1905,-133.63889,2.8748367,0.6097288,0.0,1.0,14.0
exp7_fixed_random_1,1906,496.52832,1.9578367,0.559779,1.0,0.0,21.0
exp7_fixed_random_1,1907,559.30884,2.0232794,0.6076325,1.0,0.0,32.0
exp7_fixed_random_1,1908,590.7786,2.1513298,0.5568232,1.0,0.0,28.0
exp7_fixed_random_1,1909,520.933,2.6108751,0.46001664,1.0,0.0,23.0
exp7_fixed_random_1,1910,529.7223,1.5287434,0.7697986,1.0,0.0,37.0
exp7_fixed_random_1,1911,512.9934,2.0036216,0.7099211,1.0,0.0,24.0
exp7_fixed_random_1,1912,529.9514,2.0799406,0.7106132,1.0,0.0,25.0
exp7_fixed_random_1,1913,492.15128,2.180549,0.6628849,1.0,0.0,27.0
exp7_fixed_random_1,1914,500.8645,1.715431,0.54073304,1.0,0.0,33.0
exp7_fixed_random_1,1915,-347.27155,3.4444153,0.4491786,0.0,1.0,1.0
exp7_fixed_random_1,1916,550.94714,2.7188647,0.69880456,1.0,0.0,20.0
exp7_fixed_random_1,1917,-97.73102,3.2559276,0.69492495,0.0,1.0,13.0
exp7_fixed_random_1,1918,565.48175,2.4072833,0.71876866,1.0,0.0,26.0
exp7_fixed_random_1,1919,-177.2744,3.4746964,0.62857854,0.0,1.0,10.0
exp7_fixed_random_1,1921,-220.2097,2.399783,0.71722835,0.0,1.0,24.0
exp7_fixed_random_1,1922,-260.81226,2.975975,0.64925617,0.0,1.0,8.0
exp7_fixed_random_1,1923,-152.2156,3.2406943,0.6094764,0.0,1.0,11.0
exp7_fixed_random_1,1924,449.35278,2.236303,0.6510884,1.0,0.0,18.0
exp7_fixed_random_1,1925,471.164,2.2681527,0.7534353,1.0,0.0,20.0
exp7_fixed_random_1,1926,581.0699,1.9311498,0.86831343,1.0,0.0,39.0
exp7_fixed_random_1,1927,-272.28152,1.1810182,0.69401723,0.0,1.0,33.0
exp7_fixed_random_1,1928,462.3896,2.3140476,0.7468905,1.0,0.0,19.0
exp7_fixed_random_1,1929,-95.384094,2.395601,0.76814485,0.0,1.0,24.0
exp7_fixed_random_1,1930,412.7884,1.0162858,0.90983313,1.0,0.0,44.0
exp7_fixed_random_1,1931,540.7456,2.5508687,0.7060995,1.0,0.0,24.0
exp7_fixed_random_1,1932,509.93024,1.9793067,0.7150423,1.0,0.0,29.0
exp7_fixed_random_1,1933,573.4833,2.2634673,0.529792,1.0,0.0,30.0
exp7_fixed_random_1,1934,-237.93402,2.650512,0.58249503,0.0,1.0,11.0
exp7_fixed_random_1,1935,526.80023,2.2572858,0.46148908,1.0,0.0,19.0
exp7_fixed_random_1,1936,-249.74887,3.4074547,0.7203046,0.0,1.0,11.0
exp7_fixed_random_1,1937,511.3286,2.4081442,0.63405275,1.0,0.0,29.0
exp7_fixed_random_1,1938,-107.96076,2.075989,0.62624896,0.0,1.0,22.0
exp7_fixed_random_1,1939,548.6731,2.376563,0.77505165,1.0,0.0,21.0
exp7_fixed_random_1,1941,488.07666,2.481929,0.74033344,1.0,0.0,17.0
exp7_fixed_random_1,1942,484.66272,2.0488322,0.5980865,1.0,0.0,25.0
exp7_fixed_random_1,1943,478.04996,2.3635333,0.8135268,1.0,0.0,16.0
exp7_fixed_random_1,1944,564.0818,2.7889438,0.7711529,1.0,0.0,15.0
exp7_fixed_random_1,1945,554.2456,2.6057365,0.7125632,1.0,0.0,24.0
exp7_fixed_random_1,1946,-165.338,2.5633588,0.38984755,0.0,1.0,6.0
exp7_fixed_random_1,1947,-238.77924,3.2191217,0.6866647,0.0,1.0,9.0
exp7_fixed_random_1,1948,541.76886,2.0935605,0.63442844,1.0,0.0,24.0
exp7_fixed_random_1,1949,520.32043,2.5275428,0.7291353,1.0,0.0,21.0
exp7_fixed_random_1,1950,614.7102,2.8058887,0.6485128,1.0,0.0,25.0
exp7_fixed_random_1,1951,508.98563,1.6131033,0.7136234,1.0,0.0,35.0
exp7_fixed_random_1,1952,633.6087,2.3989837,0.5456763,1.0,0.0,27.0
exp7_fixed_random_1,1953,537.5198,1.5103513,0.5343623,1.0,0.0,32.0
exp7_fixed_random_1,1954,-250.41461,3.4029398,0.49939457,0.0,1.0,9.0
exp7_fixed_random_1,1955,605.81085,2.8018184,0.7221069,1.0,0.0,20.0
exp7_fixed_random_1,1956,506.36554,1.7634434,0.8585828,1.0,0.0,30.0
exp7_fixed_random_1,1957,478.06375,3.1653142,0.66936797,1.0,0.0,16.0
exp7_fixed_random_1,1958,524.21643,2.7701244,0.6959677,1.0,0.0,16.0
exp7_fixed_random_1,1959,535.3193,2.709032,0.752709,1.0,0.0,19.0
exp7_fixed_random_1,1961,532.462,2.608789,0.6099279,1.0,0.0,22.0
exp7_fixed_random_1,1962,572.8622,2.6324663,0.83957165,1.0,0.0,20.0
exp7_fixed_random_1,1963,533.9866,2.0177128,0.53808135,1.0,0.0,40.0
exp7_fixed_random_1,1964,-166.79956,3.2539926,0.69698226,0.0,1.0,7.0
exp7_fixed_random_1,1965,-68.7493,2.2968433,0.55888724,0.0,1.0,27.0
exp7_fixed_random_1,1966,569.4856,2.950966,0.669582,1.0,0.0,20.0
exp7_fixed_random_1,1967,549.99994,2.1281612,0.5379861,1.0,0.0,27.0
exp7_fixed_random_1,1968,-113.834656,3.0183852,0.6217648,0.0,1.0,15.0
exp7_fixed_random_1,1969,509.57516,2.6616318,0.86614597,1.0,0.0,19.0
exp7_fixed_random_1,1970,-216.26875,2.2308905,0.9391391,0.0,1.0,4.0
exp7_fixed_random_1,1971,-299.991,2.6597178,0.57579243,0.0,1.0,7.0
exp7_fixed_random_1,1972,596.824,2.3364184,0.49534422,1.0,0.0,29.0
exp7_fixed_random_1,1973,-269.15955,2.352167,0.712878,0.0,1.0,10.0
exp7_fixed_random_1,1974,-254.41219,3.1046145,0.66241837,0.0,1.0,11.0
exp7_fixed_random_1,1975,-210.34818,2.2098017,0.5388993,0.0,1.0,24.0
exp7_fixed_random_1,1976,-78.56446,3.331417,0.6944445,0.0,1.0,15.0
exp7_fixed_random_1,1977,518.2184,2.6917377,0.54994994,1.0,0.0,17.0
exp7_fixed_random_1,1978,481.2248,2.032268,0.75382996,1.0,0.0,29.0
exp7_fixed_random_1,1979,488.8208,4.2539163,0.677543,1.0,0.0,6.0
exp7_fixed_random_1,1981,-110.12624,2.7047184,0.58599955,0.0,1.0,11.0
exp7_fixed_random_1,1982,594.39044,2.2684972,0.66909367,1.0,0.0,27.0
exp7_fixed_random_1,1983,455.37784,2.3132322,0.82767755,1.0,0.0,27.0
exp7_fixed_random_1,1984,542.12585,3.2938516,0.74172956,1.0,0.0,12.0
exp7_fixed_random_1,1985,532.9302,1.9367349,0.79101723,1.0,0.0,27.0
exp7_fixed_random_1,1986,-203.84319,3.1655073,0.62828344,0.0,1.0,11.0
exp7_fixed_random_1,1987,-70.66316,3.1748624,0.6628688,0.0,1.0,15.0
exp7_fixed_random_1,1988,618.0225,2.0643902,0.5398745,1.0,0.0,29.0
exp7_fixed_random_1,1989,-232.11467,3.0381422,0.6240206,0.0,1.0,13.0
exp7_fixed_random_1,1990,-309.83286,2.3255112,0.4258844,0.0,1.0,9.0
exp7_fixed_random_1,1991,551.4169,2.4057124,0.76930803,1.0,0.0,23.0
exp7_fixed_random_1,1992,-239.09378,2.3966148,0.6801983,0.0,1.0,17.0
exp7_fixed_random_1,1993,547.5269,2.3620207,0.780644,1.0,0.0,27.0
exp7_fixed_random_1,1994,494.9842,1.8356415,0.73779255,1.0,0.0,31.0
exp7_fixed_random_1,1995,-309.5644,2.8269978,0.4938691,0.0,1.0,6.0
exp7_fixed_random_1,1996,518.53143,2.929963,0.76906085,1.0,0.0,18.0
exp7_fixed_random_1,1997,490.831,1.9491469,0.7081724,1.0,0.0,33.0
exp7_fixed_random_1,1998,552.63324,2.7145352,0.85676014,1.0,0.0,19.0
exp7_fixed_random_1,1999,-303.2143,2.270801,0.4394781,0.0,1.0,10.0
exp7_fixed_random_1,2001,492.1892,2.079107,0.6695952,1.0,0.0,21.0
exp7_fixed_random_1,2002,563.4693,2.3613622,0.7662081,1.0,0.0,28.0
exp7_fixed_random_1,2003,499.45947,1.8083047,0.76236403,1.0,0.0,47.0
exp7_fixed_random_1,2004,-226.58865,2.1284428,0.66152906,0.0,1.0,16.0
exp7_fixed_random_1,2005,532.5128,2.0360487,0.6172562,1.0,0.0,23.0
exp7_fixed_random_1,2006,498.5924,1.7395196,0.8523646,1.0,0.0,41.0
exp7_fixed_random_1,2007,-28.823914,2.6081412,0.63241583,0.0,1.0,20.0
exp7_fixed_random_1,2008,-130.46237,2.795924,0.54389083,0.0,1.0,10.0
exp7_fixed_random_1,2009,555.3871,2.497994,0.7355554,1.0,0.0,27.0
exp7_fixed_random_1,2010,-261.56158,2.8247187,0.81893617,0.0,1.0,11.0
exp7_fixed_random_1,2011,597.99835,2.7990196,0.7739241,1.0,0.0,22.0
exp7_fixed_random_1,2012,583.51056,2.3237958,0.7978846,1.0,0.0,25.0
exp7_fixed_random_1,2013,-292.81827,2.8355649,0.5525743,0.0,1.0,8.0
exp7_fixed_random_1,2014,478.97598,1.9051757,0.6796628,1.0,0.0,13.0
exp7_fixed_random_1,2015,506.66806,2.8695483,0.8930097,1.0,0.0,16.0
exp7_fixed_random_1,2016,588.5551,2.4483607,0.718649,1.0,0.0,28.0
exp7_fixed_random_1,2017,574.2987,2.418611,0.66326857,1.0,0.0,23.0
exp7_fixed_random_1,2018,-300.34247,4.0668654,0.8195339,0.0,1.0,3.0
exp7_fixed_random_1,2019,-352.98,1.9747845,0.57828224,0.0,1.0,2.0
exp7_fixed_random_1,2021,-236.6174,1.2174234,0.07094034,0.0,1.0,2.0
exp7_fixed_random_1,2022,571.5575,3.3313186,0.80165493,1.0,0.0,16.0
exp7_fixed_random_1,2023,-138.25659,2.8319342,0.751479,0.0,1.0,14.0
exp7_fixed_random_1,2024,515.5891,1.7500584,0.6205955,1.0,0.0,29.0
exp7_fixed_random_1,2025,-256.4577,1.7278777,0.5240086,0.0,1.0,43.0
exp7_fixed_random_1,2026,563.50684,2.1419919,0.5750468,1.0,0.0,31.0
exp7_fixed_random_1,2027,-220.0544,3.0579543,0.769997,0.0,1.0,2.0
exp7_fixed_random_1,2028,561.36597,2.1850634,0.7022131,1.0,0.0,24.0
exp7_fixed_random_1,2029,-102.15686,2.3544428,0.66922766,0.0,1.0,23.0
exp7_fixed_random_1,2030,579.1448,2.0917695,0.856994,1.0,0.0,33.0
exp7_fixed_random_1,2031,551.3292,2.445254,0.9079155,1.0,0.0,20.0
exp7_fixed_random_1,2032,541.6411,3.2483356,0.61103827,1.0,0.0,12.0
exp7_fixed_random_1,2033,604.2754,2.300529,0.63013214,1.0,0.0,29.0
exp7_fixed_random_1,2034,468.10895,1.6365045,0.69513935,1.0,0.0,31.0
exp7_fixed_random_1,2035,525.96515,2.093745,0.61177,1.0,0.0,28.0
exp7_fixed_random_1,2036,538.83374,2.160819,0.40241084,1.0,0.0,18.0
exp7_fixed_random_1,2037,528.61346,2.466182,0.33350536,1.0,0.0,14.0
exp7_fixed_random_1,2038,597.4519,2.8495593,0.5149351,1.0,0.0,19.0
exp7_fixed_random_1,2039,539.28796,2.8709946,0.74708056,1.0,0.0,17.0
exp7_fixed_random_1,2041,-78.75682,2.4611397,0.72821873,0.0,1.0,23.0
exp7_fixed_random_1,2042,525.8816,2.3337884,0.64758426,1.0,0.0,30.0
exp7_fixed_random_1,2043,-106.876915,2.8359447,0.6855856,0.0,1.0,17.0
exp7_fixed_random_1,2044,517.5723,2.188326,0.7538847,1.0,0.0,23.0
exp7_fixed_random_1,2045,534.3828,2.8747973,0.5381814,1.0,0.0,20.0
exp7_fixed_random_1,2046,616.9305,2.391833,0.7639779,1.0,0.0,29.0
exp7_fixed_random_1,2047,-272.9792,2.849544,0.723004,0.0,1.0,10.0
exp7_fixed_random_1,2048,-338.7439,1.8800565,0.6410956,0.0,1.0,8.0
exp7_fixed_random_1,2049,492.20795,1.7288274,0.91075945,1.0,0.0,61.0
exp7_fixed_random_1,2050,532.2097,1.7760724,0.41301095,1.0,0.0,25.0
exp7_fixed_random_1,2051,-134.53098,2.5497627,0.5889582,0.0,1.0,14.0
exp7_fixed_random_1,2052,-149.01437,1.6855444,0.64870286,0.0,1.0,20.0
exp7_fixed_random_1,2053,548.25934,2.3241503,0.6923874,1.0,0.0,16.0
exp7_fixed_random_1,2054,604.7383,2.7892342,0.8207016,1.0,0.0,24.0
exp7_fixed_random_1,2055,544.4359,2.8641312,0.66331804,1.0,0.0,20.0
exp7_fixed_random_1,2056,-78.24207,2.7403517,0.72983134,0.0,1.0,16.0
exp7_fixed_random_1,2057,-292.07013,2.8980865,0.46000475,0.0,1.0,7.0
exp7_fixed_random_1,2058,511.56458,2.2274818,0.6823864,1.0,0.0,25.0
exp7_fixed_random_1,2059,-246.9287,1.5532986,0.50526184,0.0,1.0,11.0
exp7_fixed_random_1,2061,625.14874,2.6736288,0.6582065,1.0,0.0,26.0
exp7_fixed_random_1,2062,-346.79715,3.9075148,0.65896195,0.0,1.0,1.0
exp7_fixed_random_1,2063,-61.42827,2.320657,0.6568926,0.0,1.0,34.0
exp7_fixed_random_1,2064,455.57693,1.935814,0.77652085,1.0,0.0,43.0
exp7_fixed_random_1,2065,499.25903,1.8711468,0.8796769,1.0,0.0,22.0
exp7_fixed_random_1,2066,567.31934,2.095214,0.7618501,1.0,0.0,24.0
exp7_fixed_random_1,2067,561.1964,2.4032629,0.7501969,1.0,0.0,23.0
exp7_fixed_random_1,2068,530.9731,2.4934206,0.6455148,1.0,0.0,24.0
exp7_fixed_random_1,2069,595.74744,2.9281797,0.74744976,1.0,0.0,18.0
exp7_fixed_random_1,2070,-236.57225,2.177032,0.63735825,0.0,1.0,26.0
exp7_fixed_random_1,2071,572.1206,2.767543,0.7730709,1.0,0.0,24.0
exp7_fixed_random_1,2072,-335.80878,2.5788083,0.46594173,0.0,1.0,5.0
exp7_fixed_random_1,2073,518.05786,2.0033548,0.6764329,1.0,0.0,29.0
exp7_fixed_random_1,2074,-84.710236,2.4542484,0.6483324,0.0,1.0,17.0
exp7_fixed_random_1,2075,548.69025,2.9914436,0.7534026,1.0,0.0,20.0
exp7_fixed_random_1,2076,533.10986,2.7009335,0.772704,1.0,0.0,21.0
exp7_fixed_random_1,2077,-213.58615,2.8070467,0.62758553,0.0,1.0,17.0
exp7_fixed_random_1,2078,-283.97015,2.3972147,0.70023245,0.0,1.0,21.0
exp7_fixed_random_1,2079,-87.011826,3.3193839,0.59972477,0.0,1.0,15.0
exp7_fixed_random_1,2081,597.3303,2.5014424,0.69408864,1.0,0.0,27.0
exp7_fixed_random_1,2082,596.08026,2.7796776,0.7300504,1.0,0.0,23.0
exp7_fixed_random_1,2083,570.5615,3.3303652,0.7984408,1.0,0.0,13.0
exp7_fixed_random_1,2084,-276.54205,2.7902193,0.60469604,0.0,1.0,9.0
exp7_fixed_random_1,2085,-114.3926,3.940089,0.5140395,0.0,1.0,8.0
exp7_fixed_random_1,2086,-199.7911,1.8541758,0.5369336,0.0,1.0,5.0
exp7_fixed_random_1,2087,458.28442,1.601325,0.6419017,1.0,0.0,31.0
exp7_fixed_random_1,2088,484.35162,2.3434634,0.62043995,1.0,0.0,11.0
exp7_fixed_random_1,2089,-291.5127,4.0454745,0.66805524,0.0,1.0,5.0
exp7_fixed_random_1,2090,517.19006,2.9644608,0.73091143,1.0,0.0,19.0
exp7_fixed_random_1,2091,617.55005,2.3480914,0.6267529,1.0,0.0,30.0
exp7_fixed_random_1,2092,429.7788,1.9899368,0.78195995,1.0,0.0,22.0
exp7_fixed_random_1,2093,543.56354,2.6498847,0.7805062,1.0,0.0,22.0
exp7_fixed_random_1,2094,558.8012,2.890381,0.86672467,1.0,0.0,15.0
exp7_fixed_random_1,2095,-122.46165,2.563393,0.55460745,0.0,1.0,14.0
exp7_fixed_random_1,2096,-137.80782,2.6229522,0.64801544,0.0,1.0,12.0
exp7_fixed_random_1,2097,513.6945,2.0859559,0.79686505,1.0,0.0,23.0
exp7_fixed_random_1,2098,513.1362,2.8761244,0.7419175,1.0,0.0,13.0
exp7_fixed_random_1,2099,487.11606,1.9139782,0.8007134,1.0,0.0,25.0
exp7_fixed_random_1,2101,-194.02821,2.3724957,0.6560252,0.0,1.0,3.0
exp7_fixed_random_1,2102,556.9096,3.062804,0.5570024,1.0,0.0,13.0
exp7_fixed_random_1,2103,-240.10399,3.0451863,0.35030597,0.0,1.0,10.0
exp7_fixed_random_1,2104,621.15375,2.7311373,0.5351151,1.0,0.0,20.0
exp7_fixed_random_1,2105,583.3672,1.8444022,0.7378421,1.0,0.0,47.0
exp7_fixed_random_1,2106,641.4989,3.0276814,0.7602428,1.0,0.0,21.0
exp7_fixed_random_1,2107,520.56805,2.3299172,0.586999,1.0,0.0,23.0
exp7_fixed_random_1,2108,519.74194,2.6328187,0.7940811,1.0,0.0,26.0
exp7_fixed_random_1,2109,524.8199,2.026172,0.73512495,1.0,0.0,25.0
exp7_fixed_random_1,2110,575.0705,2.3176906,0.70615107,1.0,0.0,24.0
exp7_fixed_random_1,2111,408.31424,1.4932915,0.77106434,1.0,0.0,39.0
exp7_fixed_random_1,2112,570.846,2.273292,0.573066,1.0,0.0,25.0
exp7_fixed_random_1,2113,453.79617,2.719829,0.84255165,1.0,0.0,14.0
exp7_fixed_random_1,2114,516.7662,2.5095232,0.792108,1.0,0.0,22.0
exp7_fixed_random_1,2115,544.12256,2.676619,0.65116173,1.0,0.0,27.0
exp7_fixed_random_1,2116,525.67865,3.3271997,0.7474775,1.0,0.0,14.0
exp7_fixed_random_1,2117,-271.0572,3.3922296,0.619038,0.0,1.0,10.0
exp7_fixed_random_1,2118,594.12146,2.1356516,0.7871902,1.0,0.0,30.0
exp7_fixed_random_1,2119,541.50366,2.5189333,0.81272084,1.0,0.0,24.0
exp7_fixed_random_1,2121,510.50882,3.4126534,0.72829217,1.0,0.0,10.0
exp7_fixed_random_1,2122,-285.05075,2.5474381,0.6131265,0.0,1.0,16.0
exp7_fixed_random_1,2123,585.0696,2.984311,0.73591346,1.0,0.0,24.0
exp7_fixed_random_1,2124,560.15686,2.2514393,0.75575674,1.0,0.0,33.0
exp7_fixed_random_1,2125,544.0365,2.504988,0.8170894,1.0,0.0,19.0
exp7_fixed_random_1,2126,-233.68623,2.8557477,0.47843713,0.0,1.0,10.0
exp7_fixed_random_1,2127,527.0359,2.844257,0.7883422,1.0,0.0,12.0
exp7_fixed_random_1,2128,522.90344,2.1374228,0.71624464,1.0,0.0,21.0
exp7_fixed_random_1,2129,508.5858,1.6281725,0.7102415,1.0,0.0,39.0
exp7_fixed_random_1,2130,-225.51903,3.2156134,0.73811096,0.0,1.0,13.0
exp7_fixed_random_1,2131,460.39935,1.2295474,0.6276156,1.0,0.0,28.0
exp7_fixed_random_1,2132,549.92065,2.9177482,0.58519465,1.0,0.0,19.0
exp7_fixed_random_1,2133,558.8094,3.5812306,0.7910742,1.0,0.0,13.0
exp7_fixed_random_1,2134,565.97815,3.3637903,0.7720814,1.0,0.0,22.0
exp7_fixed_random_1,2135,609.6261,3.4880414,0.3846577,1.0,0.0,16.0
exp7_fixed_random_1,2136,556.30493,2.4834862,0.6430829,1.0,0.0,20.0
exp7_fixed_random_1,2137,-194.3429,2.9557614,0.7334207,0.0,1.0,4.0
exp7_fixed_random_1,2138,598.9171,2.5443919,0.63256556,1.0,0.0,26.0
exp7_fixed_random_1,2139,513.24396,2.6056592,0.68322,1.0,0.0,26.0
exp7_fixed_random_1,2141,-251.88419,2.9930108,0.7287298,0.0,1.0,10.0
exp7_fixed_random_1,2142,561.76337,2.6526544,0.708385,1.0,0.0,23.0
exp7_fixed_random_1,2143,516.74133,1.7791389,0.5241424,1.0,0.0,23.0
exp7_fixed_random_1,2144,534.04395,2.3084512,0.8000976,1.0,0.0,25.0
exp7_fixed_random_1,2145,512.1755,1.8786418,0.6413903,1.0,0.0,25.0
exp7_fixed_random_1,2146,564.9572,2.3616157,0.6086348,1.0,0.0,20.0
exp7_fixed_random_1,2147,-193.48312,3.5287278,0.6651574,0.0,1.0,6.0
exp7_fixed_random_1,2148,527.30133,2.9529755,0.8797252,1.0,0.0,18.0
exp7_fixed_random_1,2149,655.59186,2.9392693,0.75310785,1.0,0.0,25.0
exp7_fixed_random_1,2150,533.6421,2.440937,0.9013637,1.0,0.0,24.0
exp7_fixed_random_1,2151,-115.89828,2.7904024,0.64448744,0.0,1.0,8.0
exp7_fixed_random_1,2152,520.5875,3.884468,0.74191326,1.0,0.0,9.0
exp7_fixed_random_1,2153,-210.41512,3.7166324,0.7724901,0.0,1.0,9.0
exp7_fixed_random_1,2154,-34.1857,3.4889128,0.62663406,0.0,1.0,11.0
exp7_fixed_random_1,2155,477.45435,1.8592292,0.8638532,1.0,0.0,36.0
exp7_fixed_random_1,2156,543.30963,1.7794176,0.29318193,1.0,0.0,30.0
exp7_fixed_random_1,2157,569.68756,2.9436767,0.7436629,1.0,0.0,21.0
exp7_fixed_random_1,2158,524.7334,2.0681903,0.7925057,1.0,0.0,37.0
exp7_fixed_random_1,2159,-74.59703,3.8063426,0.610524,0.0,1.0,10.0
exp7_fixed_random_1,2161,-347.70856,4.402009,0.95291746,0.0,1.0,2.0
exp7_fixed_random_1,2162,602.57965,2.6996806,0.76092553,1.0,0.0,22.0
exp7_fixed_random_1,2163,581.3401,2.8212163,0.8483118,1.0,0.0,16.0
exp7_fixed_random_1,2164,560.7873,2.9843802,0.7433109,1.0,0.0,15.0
exp7_fixed_random_1,2165,543.6156,2.3055239,0.69828224,1.0,0.0,25.0
exp7_fixed_random_1,2166,542.75946,1.950943,0.8136358,1.0,0.0,36.0
exp7_fixed_random_1,2167,552.7161,2.0964823,0.702485,1.0,0.0,30.0
exp7_fixed_random_1,2168,585.86676,2.4471748,0.7770755,1.0,0.0,26.0
exp7_fixed_random_1,2169,-254.57333,2.5667138,0.63233733,0.0,1.0,11.0
exp7_fixed_random_1,2170,520.9594,1.607913,0.5660485,1.0,0.0,33.0
exp7_fixed_random_1,2171,532.0654,2.0949488,0.6332777,1.0,0.0,22.0
exp7_fixed_random_1,2172,511.62933,3.00776,0.68807167,1.0,0.0,18.0
exp7_fixed_random_1,2173,507.97858,2.0654695,0.5606971,1.0,0.0,21.0
exp7_fixed_random_1,2174,484.69556,2.3378806,0.7180442,1.0,0.0,14.0
exp7_fixed_random_1,2175,481.31116,2.3132055,0.77137834,1.0,0.0,18.0
exp7_fixed_random_1,2176,-222.66458,2.932245,0.5264389,0.0,1.0,13.0
exp7_fixed_random_1,2177,496.59302,2.2964706,0.67862725,1.0,0.0,25.0
exp7_fixed_random_1,2178,579.4347,3.0681648,0.66854167,1.0,0.0,22.0
exp7_fixed_random_1,2179,-306.90674,3.213643,0.64685106,0.0,1.0,4.0
exp7_fixed_random_1,2181,567.6149,2.528567,0.7793565,1.0,0.0,28.0
exp7_fixed_random_1,2182,524.23193,1.7445328,0.5908268,1.0,0.0,18.0
exp7_fixed_random_1,2183,-119.790016,3.5709462,0.7642475,0.0,1.0,13.0
exp7_fixed_random_1,2184,479.83206,2.003644,0.5859606,1.0,0.0,25.0
exp7_fixed_random_1,2185,537.2488,2.699084,0.8513052,1.0,0.0,24.0
exp7_fixed_random_1,2186,516.39557,2.8302777,0.7944416,1.0,0.0,15.0
exp7_fixed_random_1,2187,522.1965,2.282777,0.7521199,1.0,0.0,20.0
exp7_fixed_random_1,2188,606.9067,2.665824,0.63076866,1.0,0.0,25.0
exp7_fixed_random_1,2189,530.39905,2.4883342,0.84373134,1.0,0.0,19.0
exp7_fixed_random_1,2190,522.4606,2.7238162,0.56674534,1.0,0.0,15.0
exp7_fixed_random_1,2191,573.30676,2.495611,0.7640165,1.0,0.0,26.0
exp7_fixed_random_1,2192,534.5824,1.6877321,0.60707515,1.0,0.0,35.0
exp7_fixed_random_1,2193,560.77234,3.0646377,0.88877857,1.0,0.0,20.0
exp7_fixed_random_1,2194,528.5887,2.4450614,0.7615208,1.0,0.0,21.0
exp7_fixed_random_1,2195,510.38928,2.2077885,0.5860527,1.0,0.0,17.0
exp7_fixed_random_1,2196,-101.001526,3.0865414,0.73843896,0.0,1.0,10.0
exp7_fixed_random_1,2197,555.63745,2.8744595,0.73985296,1.0,0.0,21.0
exp7_fixed_random_1,2198,-307.33713,3.7083516,0.78932,0.0,1.0,7.0
exp7_fixed_random_1,2199,507.35876,2.0929663,0.7004602,1.0,0.0,31.0
exp7_fixed_random_1,2201,538.95874,2.0810344,0.62492836,1.0,0.0,22.0
exp7_fixed_random_1,2202,-23.929306,2.001705,0.7554706,0.0,1.0,31.0
exp7_fixed_random_1,2203,560.18317,3.2054949,0.7070303,1.0,0.0,15.0
exp7_fixed_random_1,2204,553.1769,2.472267,0.8243489,1.0,0.0,19.0
exp7_fixed_random_1,2205,577.62024,2.6987758,0.6019748,1.0,0.0,17.0
exp7_fixed_random_1,2206,477.79526,1.4265213,0.7282831,1.0,0.0,24.0
exp7_fixed_random_1,2207,490.1242,1.5258087,0.54890156,1.0,0.0,33.0
exp7_fixed_random_1,2208,580.3274,2.435048,0.71181685,1.0,0.0,22.0
exp7_fixed_random_1,2209,494.0357,1.8423584,0.7960743,1.0,0.0,22.0
exp7_fixed_random_1,2210,462.4997,1.8259959,0.6894207,1.0,0.0,33.0
exp7_fixed_random_1,2211,561.26917,2.9492917,0.79046774,1.0,0.0,19.0
exp7_fixed_random_1,2212,543.2376,3.1915658,0.6226352,1.0,0.0,22.0
exp7_fixed_random_1,2213,519.83887,2.2875395,0.8789762,1.0,0.0,23.0
exp7_fixed_random_1,2214,583.0154,2.485679,0.682215,1.0,0.0,21.0
exp7_fixed_random_1,2215,638.1465,2.771176,0.77132183,1.0,0.0,24.0
exp7_fixed_random_1,2216,605.21436,2.3262267,0.7506778,1.0,0.0,22.0
exp7_fixed_random_1,2217,420.81924,1.1122638,0.834461,1.0,0.0,30.0
exp7_fixed_random_1,2218,488.58905,2.5835145,0.8061418,1.0,0.0,25.0
exp7_fixed_random_1,2219,-150.31345,3.009982,0.6591203,0.0,1.0,22.0
exp7_fixed_random_1,2221,-109.479095,3.1906214,0.7109576,0.0,1.0,16.0
exp7_fixed_random_1,2222,502.53195,2.371267,0.53963286,1.0,0.0,18.0
exp7_fixed_random_1,2223,-236.77927,3.3206224,0.74881023,0.0,1.0,12.0
exp7_fixed_random_1,2224,512.41254,2.9110713,0.833581,1.0,0.0,13.0
exp7_fixed_random_1,2225,561.38434,2.6140423,0.7369935,1.0,0.0,25.0
exp7_fixed_random_1,2226,543.2627,2.6814027,0.62940854,1.0,0.0,17.0
exp7_fixed_random_1,2227,-88.85938,2.9800334,0.58750576,0.0,1.0,19.0
exp7_fixed_random_1,2228,500.4538,2.2940812,0.6486747,1.0,0.0,17.0
exp7_fixed_random_1,2229,541.32513,2.8523705,0.7789618,1.0,0.0,23.0
exp7_fixed_random_1,2230,492.44373,2.465903,0.7112319,1.0,0.0,23.0
exp7_fixed_random_1,2231,589.9207,2.9514678,0.6288883,1.0,0.0,20.0
exp7_fixed_random_1,2232,-186.80045,3.8194761,0.78371555,0.0,1.0,3.0
exp7_fixed_random_1,2233,524.82324,2.1147501,0.6550376,1.0,0.0,39.0
exp7_fixed_random_1,2234,-93.1676,3.008129,0.6688823,0.0,1.0,13.0
exp7_fixed_random_1,2235,-163.95566,3.1713507,0.39003876,0.0,1.0,6.0
exp7_fixed_random_1,2236,-249.81204,3.0448334,0.5503709,0.0,1.0,12.0
exp7_fixed_random_1,2237,-171.50438,2.8926926,0.5017144,0.0,1.0,11.0
exp7_fixed_random_1,2238,477.46735,1.887541,0.78639454,1.0,0.0,20.0
exp7_fixed_random_1,2239,-131.27652,3.9194624,0.66002494,0.0,1.0,6.0
exp7_fixed_random_1,2241,-80.28232,3.3111627,0.6946544,0.0,1.0,18.0
exp7_fixed_random_1,2242,-113.92132,2.5763204,0.77296376,0.0,1.0,18.0
exp7_fixed_random_1,2243,575.61816,2.8624265,0.69578826,1.0,0.0,16.0
exp7_fixed_random_1,2244,609.44745,2.4421902,0.687275,1.0,0.0,29.0
exp7_fixed_random_1,2245,487.07153,2.2168865,0.533782,1.0,0.0,16.0
exp7_fixed_random_1,2246,551.7279,2.607023,0.7141571,1.0,0.0,24.0
exp7_fixed_random_1,2247,-103.52908,2.5390475,0.653082,0.0,1.0,16.0
exp7_fixed_random_1,2248,615.16675,2.880438,0.71324486,1.0,0.0,26.0
exp7_fixed_random_1,2249,497.64258,2.1992624,0.8104916,1.0,0.0,24.0
exp7_fixed_random_1,2250,593.19305,2.5654712,0.67838126,1.0,0.0,27.0
exp7_fixed_random_1,2251,528.5084,1.6776341,0.4978956,1.0,0.0,31.0
exp7_fixed_random_1,2252,-146.22559,3.1699178,0.6567694,0.0,1.0,7.0
exp7_fixed_random_1,2253,542.5652,2.88644,0.7563093,1.0,0.0,22.0
exp7_fixed_random_1,2254,514.0631,2.3942392,0.60968006,1.0,0.0,19.0
exp7_fixed_random_1,2255,-194.41643,3.1781845,0.53236127,0.0,1.0,16.0
exp7_fixed_random_1,2256,523.3423,2.8111513,0.8511548,1.0,0.0,24.0
exp7_fixed_random_1,2257,516.37854,2.2915668,0.80709505,1.0,0.0,24.0
exp7_fixed_random_1,2258,554.4379,2.736768,0.7443116,1.0,0.0,18.0
exp7_fixed_random_1,2259,-201.80257,1.7147952,0.6172957,0.0,1.0,22.0
exp7_fixed_random_1,2261,468.0616,1.7022045,0.87804395,1.0,0.0,25.0
exp7_fixed_random_1,2262,567.6561,2.9790921,0.79335916,1.0,0.0,18.0
exp7_fixed_random_1,2263,629.5702,2.3075516,0.5728207,1.0,0.0,30.0
exp7_fixed_random_1,2264,622.04755,2.6348364,0.74275833,1.0,0.0,20.0
exp7_fixed_random_1,2265,-94.673096,2.6426013,0.626465,0.0,1.0,22.0
exp7_fixed_random_1,2266,-232.69633,3.0647879,0.49952048,0.0,1.0,10.0
exp7_fixed_random_1,2267,563.8052,2.9346466,0.75832653,1.0,0.0,20.0
exp7_fixed_random_1,2268,535.6593,2.606208,0.7387163,1.0,0.0,19.0
exp7_fixed_random_1,2269,545.98834,3.6761222,0.8188004,1.0,0.0,11.0
exp7_fixed_random_1,2270,547.5812,2.4667504,0.6583914,1.0,0.0,19.0
exp7_fixed_random_1,2271,-237.03516,4.01065,0.75738674,0.0,1.0,2.0
exp7_fixed_random_1,2272,583.13824,3.1262295,0.58615285,1.0,0.0,16.0
exp7_fixed_random_1,2273,512.8101,2.70722,0.8041339,1.0,0.0,21.0
exp7_fixed_random_1,2274,524.7174,2.364306,0.72859466,1.0,0.0,20.0
exp7_fixed_random_1,2275,670.6019,3.2946677,0.60424435,1.0,0.0,20.0
exp7_fixed_random_1,2276,-207.79729,2.75029,0.7703025,0.0,1.0,3.0
exp7_fixed_random_1,2277,541.5935,2.1541162,0.6729661,1.0,0.0,20.0
exp7_fixed_random_1,2278,488.37726,2.828699,0.7290609,1.0,0.0,20.0
exp7_fixed_random_1,2279,-262.69986,2.7926552,0.60638136,0.0,1.0,11.0
exp7_fixed_random_1,2281,-136.84041,3.8734283,0.59060746,0.0,1.0,6.0
exp7_fixed_random_1,2282,641.46686,2.3603365,0.51188195,1.0,0.0,28.0
exp7_fixed_random_1,2283,559.3777,1.8028508,0.6379068,1.0,0.0,29.0
exp7_fixed_random_1,2284,459.22604,3.1207557,0.8753237,1.0,0.0,9.0
exp7_fixed_random_1,2285,-299.49323,3.5076156,0.56619835,0.0,1.0,4.0
exp7_fixed_random_1,2286,515.14215,2.0963893,0.5937545,1.0,0.0,22.0
exp7_fixed_random_1,2287,606.1618,2.4313219,0.71729946,1.0,0.0,28.0
exp7_fixed_random_1,2288,-278.22552,2.566754,0.6328627,0.0,1.0,12.0
exp7_fixed_random_1,2289,-255.23213,3.2415626,0.72996455,0.0,1.0,17.0
exp7_fixed_random_1,2290,613.7717,2.5356593,0.68477327,1.0,0.0,29.0
exp7_fixed_random_1,2291,537.7478,2.501872,0.7292375,1.0,0.0,19.0
exp7_fixed_random_1,2292,648.78625,2.2806716,0.60711884,1.0,0.0,32.0
exp7_fixed_random_1,2293,-308.85275,2.4307847,0.45444384,0.0,1.0,5.0
exp7_fixed_random_1,2294,-195.51706,3.6970658,0.67310154,0.0,1.0,8.0
exp7_fixed_random_1,2295,502.95175,2.5878959,0.7226904,1.0,0.0,14.0
exp7_fixed_random_1,2296,576.40533,2.2557216,0.5295588,1.0,0.0,30.0
exp7_fixed_random_1,2297,-100.955605,3.2738137,0.62439185,0.0,1.0,13.0
exp7_fixed_random_1,2298,527.2816,2.0924575,0.47670296,1.0,0.0,25.0
exp7_fixed_random_1,2299,-317.94937,2.4486248,0.79125535,0.0,1.0,4.0
exp7_fixed_random_1,2301,591.01306,2.672502,0.64586,1.0,0.0,22.0
exp7_fixed_random_1,2302,526.21295,1.8070972,0.8334907,1.0,0.0,25.0
exp7_fixed_random_1,2303,426.77545,1.3066131,0.61587816,1.0,0.0,42.0
exp7_fixed_random_1,2304,484.8404,1.368328,0.8114249,1.0,0.0,24.0
exp7_fixed_random_1,2305,483.49838,2.8283777,0.84307384,1.0,0.0,15.0
exp7_fixed_random_1,2306,-245.90074,3.2542658,0.6776241,0.0,1.0,8.0
exp7_fixed_random_1,2307,515.62646,2.2875528,0.71996856,1.0,0.0,22.0
exp7_fixed_random_1,2308,543.71387,2.0909688,0.82525027,1.0,0.0,25.0
exp7_fixed_random_1,2309,601.1918,3.617516,0.55329996,1.0,0.0,16.0
exp7_fixed_random_1,2310,600.4774,2.8049877,0.7002869,1.0,0.0,26.0
exp7_fixed_random_1,2311,564.9452,2.129556,0.75732356,1.0,0.0,27.0
exp7_fixed_random_1,2312,512.4172,3.1540785,0.90705585,1.0,0.0,13.0
exp7_fixed_random_1,2313,-247.78696,0.6955093,0.8454464,0.0,1.0,37.0
exp7_fixed_random_1,2314,620.638,2.5695043,0.7772871,1.0,0.0,26.0
exp7_fixed_random_1,2315,502.50165,3.0668762,0.42776677,1.0,0.0,12.0
exp7_fixed_random_1,2316,553.2097,3.2530732,0.6353069,1.0,0.0,15.0
exp7_fixed_random_1,2317,559.3484,2.47176,0.7283844,1.0,0.0,22.0
exp7_fixed_random_1,2318,566.8545,2.251422,0.6510353,1.0,0.0,25.0
exp7_fixed_random_1,2319,-262.58533,3.6471636,0.5227598,0.0,1.0,7.0
exp7_fixed_random_1,2321,528.7616,2.9901626,0.66545546,1.0,0.0,16.0
exp7_fixed_random_1,2322,-284.41718,3.2922096,0.5112568,0.0,1.0,5.0
exp7_fixed_random_1,2323,584.24255,2.1839225,0.5413014,1.0,0.0,33.0
exp7_fixed_random_1,2324,486.70398,1.6770707,0.6172004,1.0,0.0,36.0
exp7_fixed_random_1,2325,532.026,2.6748123,0.7981337,1.0,0.0,25.0
exp7_fixed_random_1,2326,431.4179,1.3167778,0.7446978,1.0,0.0,34.0
exp7_fixed_random_1,2327,581.52686,3.6212184,0.7440262,1.0,0.0,16.0
exp7_fixed_random_1,2328,-278.43878,3.0794308,0.6904105,0.0,1.0,13.0
exp7_fixed_random_1,2329,-248.09126,3.808421,0.5888131,0.0,1.0,10.0
exp7_fixed_random_1,2330,453.1929,2.8199017,0.79131246,1.0,0.0,9.0
exp7_fixed_random_1,2331,526.8313,2.2719665,0.6987788,1.0,0.0,23.0
exp7_fixed_random_1,2332,566.78625,2.4800563,0.7692401,1.0,0.0,26.0
exp7_fixed_random_1,2333,525.28564,2.6892078,0.81123674,1.0,0.0,14.0
exp7_fixed_random_1,2334,471.62506,1.9194179,0.66113853,1.0,0.0,16.0
exp7_fixed_random_1,2335,585.45654,3.518673,0.60875475,1.0,0.0,13.0
exp7_fixed_random_1,2336,570.3164,2.4703352,0.71417046,1.0,0.0,24.0
exp7_fixed_random_1,2337,-162.21288,3.6835866,0.77879333,0.0,1.0,5.0
exp7_fixed_random_1,2338,535.57196,2.7206516,0.80692166,1.0,0.0,16.0
exp7_fixed_random_1,2339,543.93134,2.65362,0.64259034,1.0,0.0,24.0
exp7_fixed_random_1,2341,518.54065,2.476614,0.7283566,1.0,0.0,21.0
exp7_fixed_random_1,2342,-95.195595,3.51011,0.79246986,0.0,1.0,16.0
exp7_fixed_random_1,2343,-174.36282,3.5569422,0.68674415,0.0,1.0,12.0
exp7_fixed_random_1,2344,-240.44832,2.9140701,0.77053964,0.0,1.0,11.0
exp7_fixed_random_1,2345,566.5898,2.890875,0.69921416,1.0,0.0,21.0
exp7_fixed_random_1,2346,557.0631,2.4336424,0.86475986,1.0,0.0,22.0
exp7_fixed_random_1,2347,498.56537,2.1580276,0.6587641,1.0,0.0,18.0
exp7_fixed_random_1,2348,-347.4195,3.2211602,0.19329526,0.0,1.0,1.0
exp7_fixed_random_1,2349,536.2876,2.753746,0.7752361,1.0,0.0,16.0
exp7_fixed_random_1,2350,619.87646,2.8593633,0.74468684,1.0,0.0,24.0
exp7_fixed_random_1,2351,-172.39334,3.907843,0.6990956,0.0,1.0,5.0
exp7_fixed_random_1,2352,-227.30681,3.0264058,0.5736226,0.0,1.0,15.0
exp7_fixed_random_1,2353,582.49097,2.747487,0.60936654,1.0,0.0,20.0
exp7_fixed_random_1,2354,556.1792,2.0666857,0.6730309,1.0,0.0,31.0
exp7_fixed_random_1,2355,535.0322,2.8855855,0.72570676,1.0,0.0,16.0
exp7_fixed_random_1,2356,418.65753,2.220729,0.65080136,1.0,0.0,28.0
exp7_fixed_random_1,2357,-138.35828,3.7756953,0.61874896,0.0,1.0,8.0
exp7_fixed_random_1,2358,492.75555,2.135122,0.81233025,1.0,0.0,15.0
exp7_fixed_random_1,2359,-212.21344,3.3596964,0.22414088,0.0,1.0,6.0
exp7_fixed_random_1,2361,-134.96411,2.4538908,0.6286821,0.0,1.0,16.0
exp7_fixed_random_1,2362,493.0109,2.3920043,0.78238237,1.0,0.0,15.0
exp7_fixed_random_1,2363,-231.99503,2.8600872,0.49706662,0.0,1.0,12.0
exp7_fixed_random_1,2364,618.9944,2.7012184,0.75478494,1.0,0.0,23.0
exp7_fixed_random_1,2365,-349.34412,3.2279356,0.3209946,0.0,1.0,2.0
exp7_fixed_random_1,2366,-246.35883,3.0858245,0.5847541,0.0,1.0,14.0
exp7_fixed_random_1,2367,513.24115,2.4506495,0.6180935,1.0,0.0,20.0
exp7_fixed_random_1,2368,-176.39363,2.8349516,0.5925394,0.0,1.0,9.0
exp7_fixed_random_1,2369,-287.43655,2.7964082,0.55847096,0.0,1.0,16.0
exp7_fixed_random_1,2370,-198.5659,2.1635003,0.589335,0.0,1.0,7.0
exp7_fixed_random_1,2371,505.27112,2.3639119,0.7443158,1.0,0.0,24.0
exp7_fixed_random_1,2372,514.8175,1.9885722,0.74744153,1.0,0.0,18.0
exp7_fixed_random_1,2373,576.06213,2.732001,0.76517165,1.0,0.0,20.0
exp7_fixed_random_1,2374,-206.2792,3.4269705,0.6655819,0.0,1.0,12.0
exp7_fixed_random_1,2375,-204.91293,3.80217,0.9933002,0.0,1.0,2.0
exp7_fixed_random_1,2376,530.4676,2.3638742,0.8738023,1.0,0.0,19.0
exp7_fixed_random_1,2377,526.37476,2.6228905,0.75353503,1.0,0.0,24.0
exp7_fixed_random_1,2378,480.0168,2.2614465,0.6043913,1.0,0.0,19.0
exp7_fixed_random_1,2379,477.84946,1.9609312,0.51962554,1.0,0.0,24.0
exp7_fixed_random_1,2381,508.83392,2.5342264,0.8621016,1.0,0.0,25.0
exp7_fixed_random_1,2382,565.1583,2.380336,0.6173803,1.0,0.0,16.0
exp7_fixed_random_1,2383,-110.42498,2.7654827,0.6342623,0.0,1.0,12.0
exp7_fixed_random_1,2384,-251.13531,2.8019102,0.75562245,0.0,1.0,12.0
exp7_fixed_random_1,2385,553.3329,2.634133,0.75480616,1.0,0.0,19.0
exp7_fixed_random_1,2386,543.5736,2.7899117,0.79789966,1.0,0.0,26.0
exp7_fixed_random_1,2387,-150.48395,2.200436,0.73660403,0.0,1.0,18.0
exp7_fixed_random_1,2388,526.7616,2.8522596,0.6046795,1.0,0.0,21.0
exp7_fixed_random_1,2389,540.34064,3.088219,0.74775296,1.0,0.0,16.0
exp7_fixed_random_1,2390,-206.39757,3.1749752,0.7150695,0.0,1.0,3.0
exp7_fixed_random_1,2391,-346.09293,4.5306096,0.4665571,0.0,1.0,1.0
exp7_fixed_random_1,2392,-251.49799,2.8236442,0.6395601,0.0,1.0,11.0
exp7_fixed_random_1,2393,528.87744,2.7463317,0.83918816,1.0,0.0,18.0
exp7_fixed_random_1,2394,-152.56094,4.632616,0.59870833,0.0,1.0,3.0
exp7_fixed_random_1,2395,554.8427,2.3479636,0.8109271,1.0,0.0,30.0
exp7_fixed_random_1,2396,488.40198,2.701018,0.595614,1.0,0.0,11.0
exp7_fixed_random_1,2397,440.92944,1.5614939,0.62861013,1.0,0.0,34.0
exp7_fixed_random_1,2398,541.3834,2.7154133,0.83686066,1.0,0.0,23.0
exp7_fixed_random_1,2399,-231.77359,3.1241543,0.7172411,0.0,1.0,14.0
exp7_fixed_random_1,2401,566.723,2.7605612,0.67967063,1.0,0.0,19.0
exp7_fixed_random_1,2402,-149.32251,3.5928721,0.65341365,0.0,1.0,10.0
exp7_fixed_random_1,2403,534.2268,2.5620604,0.614645,1.0,0.0,19.0
exp7_fixed_random_1,2404,548.1181,2.676799,0.5777158,1.0,0.0,18.0
exp7_fixed_random_1,2405,548.96893,2.6827738,0.84089935,1.0,0.0,25.0
exp7_fixed_random_1,2406,595.56604,3.4366624,0.74955034,1.0,0.0,17.0
exp7_fixed_random_1,2407,583.73236,2.860666,0.57305324,1.0,0.0,23.0
exp7_fixed_random_1,2408,506.9841,2.03855,0.5770981,1.0,0.0,23.0
exp7_fixed_random_1,2409,487.60062,2.2310526,0.5659675,1.0,0.0,19.0
exp7_fixed_random_1,2410,-178.36566,3.699544,0.77890223,0.0,1.0,15.0
exp7_fixed_random_1,2411,589.231,3.477653,0.72595465,1.0,0.0,17.0
exp7_fixed_random_1,2412,-213.80367,4.1608047,0.6710727,0.0,1.0,8.0
exp7_fixed_random_1,2413,-286.90808,3.7521744,0.790862,0.0,1.0,7.0
exp7_fixed_random_1,2414,-289.82935,2.7188797,0.57833576,0.0,1.0,18.0
exp7_fixed_random_1,2415,542.19934,3.454547,0.8599425,1.0,0.0,15.0
exp7_fixed_random_1,2416,-300.27664,4.752347,0.8558885,0.0,1.0,4.0
exp7_fixed_random_1,2417,486.4516,2.7263885,0.6345072,1.0,0.0,10.0
exp7_fixed_random_1,2418,519.42224,2.7524867,0.8060724,1.0,0.0,19.0
exp7_fixed_random_1,2419,526.57227,1.8093272,0.59613353,1.0,0.0,33.0
exp7_fixed_random_1,2421,-211.05492,2.6268106,0.47865343,0.0,1.0,2.0
exp7_fixed_random_1,2422,555.6805,3.1049886,0.5755524,1.0,0.0,20.0
exp7_fixed_random_1,2423,616.1149,2.7125008,0.74434984,1.0,0.0,22.0
exp7_fixed_random_1,2424,548.78,2.5344522,0.76787585,1.0,0.0,28.0
exp7_fixed_random_1,2425,-197.21503,3.2484124,0.815466,0.0,1.0,19.0
exp7_fixed_random_1,2426,589.03174,2.1167033,0.6456273,1.0,0.0,24.0
exp7_fixed_random_1,2427,-57.70012,2.936979,0.59101343,0.0,1.0,18.0
exp7_fixed_random_1,2428,-181.45769,3.9548972,0.33410785,0.0,1.0,3.0
exp7_fixed_random_1,2429,-289.21884,3.8625226,0.81025255,0.0,1.0,8.0
exp7_fixed_random_1,2430,-265.73337,3.0226655,0.56837726,0.0,1.0,8.0
exp7_fixed_random_1,2431,-247.25359,2.5977666,0.7830175,0.0,1.0,13.0
exp7_fixed_random_1,2432,-159.57071,3.6998973,0.5231612,0.0,1.0,9.0
exp7_fixed_random_1,2433,-140.21136,2.8734329,0.7236489,0.0,1.0,11.0
exp7_fixed_random_1,2434,550.63745,3.8393495,0.6866716,1.0,0.0,13.0
exp7_fixed_random_1,2435,526.4893,3.557387,0.4565215,1.0,0.0,10.0
exp7_fixed_random_1,2436,609.51825,2.1672158,0.80079585,1.0,0.0,29.0
exp7_fixed_random_1,2437,-62.512955,3.8828804,0.78578234,0.0,1.0,14.0
exp7_fixed_random_1,2438,560.1812,3.5702507,0.7674301,1.0,0.0,14.0
exp7_fixed_random_1,2439,510.71606,2.084432,0.7894034,1.0,0.0,31.0
exp7_fixed_random_1,2441,614.9743,3.0240421,0.6276309,1.0,0.0,21.0
exp7_fixed_random_1,2442,573.4799,3.3316026,0.7938684,1.0,0.0,15.0
exp7_fixed_random_1,2443,611.4878,2.5397007,0.8060328,1.0,0.0,23.0
exp7_fixed_random_1,2444,540.3256,3.6416032,0.6064806,1.0,0.0,13.0
exp7_fixed_random_1,2445,-113.14102,3.777349,0.8633605,0.0,1.0,7.0
exp7_fixed_random_1,2446,512.04535,2.1465483,0.7431231,1.0,0.0,28.0
exp7_fixed_random_1,2447,-300.04517,4.0273447,0.56470406,0.0,1.0,5.0
exp7_fixed_random_1,2448,-224.82138,3.799263,0.7516032,0.0,1.0,9.0
exp7_fixed_random_1,2449,591.2522,2.7660263,0.71103674,1.0,0.0,24.0
exp7_fixed_random_1,2450,-271.12567,3.4455717,0.48316717,0.0,1.0,8.0
exp7_fixed_random_1,2451,533.3325,2.0484865,0.8593552,1.0,0.0,26.0
exp7_fixed_random_1,2452,653.2262,2.4073806,0.7945485,1.0,0.0,27.0
exp7_fixed_random_1,2453,590.3873,3.5302336,0.6899444,1.0,0.0,17.0
exp7_fixed_random_1,2454,-237.25653,3.2093427,0.63969094,0.0,1.0,12.0
exp7_fixed_random_1,2455,-211.5229,3.0133028,0.7864929,0.0,1.0,18.0
exp7_fixed_random_1,2456,548.3347,3.1344385,0.63076043,1.0,0.0,18.0
exp7_fixed_random_1,2457,533.4557,3.2283928,0.75996315,1.0,0.0,21.0
exp7_fixed_random_1,2458,549.76794,4.2023287,0.5926207,1.0,0.0,10.0
exp7_fixed_random_1,2459,558.7567,2.7546217,0.6674827,1.0,0.0,20.0
exp7_fixed_random_1,2461,603.89075,2.5907285,0.71145904,1.0,0.0,25.0
exp7_fixed_random_1,2462,560.7963,2.7972608,0.82403207,1.0,0.0,23.0
exp7_fixed_random_1,2463,-183.53108,3.0678563,0.74938744,0.0,1.0,21.0
exp7_fixed_random_1,2464,-160.81435,3.6699321,0.71447676,0.0,1.0,6.0
exp7_fixed_random_1,2465,-231.59708,3.7479656,0.61753446,0.0,1.0,8.0
exp7_fixed_random_1,2466,531.03534,3.204235,0.98916936,1.0,0.0,12.0
exp7_fixed_random_1,2467,-94.83134,3.036301,0.53814024,0.0,1.0,15.0
exp7_fixed_random_1,2468,-112.241035,3.516247,0.64353794,0.0,1.0,14.0
exp7_fixed_random_1,2469,538.9779,2.554988,0.73092264,1.0,0.0,18.0
exp7_fixed_random_1,2470,-77.01164,3.3854241,0.55677396,0.0,1.0,19.0
exp7_fixed_random_1,2471,-99.501144,3.411936,0.43982834,0.0,1.0,14.0
exp7_fixed_random_1,2472,582.7849,2.827715,0.70851845,1.0,0.0,24.0
exp7_fixed_random_1,2473,-100.58315,3.325652,0.7085717,0.0,1.0,17.0
exp7_fixed_random_1,2474,-207.30238,3.4970415,0.85465527,0.0,1.0,14.0
exp7_fixed_random_1,2475,-202.89156,4.2599134,0.6453472,0.0,1.0,1.0
exp7_fixed_random_1,2476,585.21045,2.4234936,0.7188348,1.0,0.0,25.0
exp7_fixed_random_1,2477,565.21326,3.465942,0.84011966,1.0,0.0,14.0
exp7_fixed_random_1,2478,614.748,3.0502293,0.6509203,1.0,0.0,21.0
exp7_fixed_random_1,2479,628.1908,3.2704418,0.6566256,1.0,0.0,21.0
exp7_fixed_random_1,2481,530.62695,2.354987,0.5551783,1.0,0.0,19.0
exp7_fixed_random_1,2482,-220.06071,4.150939,0.33621642,0.0,1.0,1.0
exp7_fixed_random_1,2483,539.05164,2.8594947,0.828387,1.0,0.0,18.0
exp7_fixed_random_1,2484,489.7282,3.5842829,0.7597324,1.0,0.0,11.0
exp7_fixed_random_1,2485,-119.44289,2.8293066,0.88406944,0.0,1.0,12.0
exp7_fixed_random_1,2486,-147.6215,3.9298713,0.53085726,0.0,1.0,6.0
exp7_fixed_random_1,2487,-188.44215,3.3470657,0.61170334,0.0,1.0,17.0
exp7_fixed_random_1,2488,552.35876,2.2064936,0.8191271,1.0,0.0,32.0
exp7_fixed_random_1,2489,529.782,2.7367127,0.6453951,1.0,0.0,19.0
exp7_fixed_random_1,2490,-282.57162,3.0985389,0.39652017,0.0,1.0,7.0
exp7_fixed_random_1,2491,575.6855,2.2353535,0.7747135,1.0,0.0,31.0
exp7_fixed_random_1,2492,566.8628,2.5426607,0.82248807,1.0,0.0,26.0
exp7_fixed_random_1,2493,-129.38004,3.0368567,0.8078816,0.0,1.0,9.0
exp7_fixed_random_1,2494,-230.51967,3.1834118,0.6782349,0.0,1.0,10.0
exp7_fixed_random_1,2495,549.2976,2.816078,0.8610155,1.0,0.0,19.0
exp7_fixed_random_1,2496,643.16754,2.9370186,0.72559905,1.0,0.0,23.0
exp7_fixed_random_1,2497,577.2641,2.5611546,0.86342746,1.0,0.0,21.0
exp7_fixed_random_1,2498,539.78186,2.9041374,0.8344382,1.0,0.0,21.0
exp7_fixed_random_1,2499,-66.90987,3.69163,0.5631513,0.0,1.0,11.0
exp7_fixed_random_1,2501,533.57434,2.7746007,0.7660905,1.0,0.0,20.0
exp7_fixed_random_1,2502,484.22888,2.5705585,0.8416018,1.0,0.0,16.0
exp7_fixed_random_1,2503,599.912,2.755965,0.64741856,1.0,0.0,22.0
exp7_fixed_random_1,2504,-86.112206,2.858157,0.74067754,0.0,1.0,23.0
exp7_fixed_random_1,2505,-99.211174,2.9337196,0.5914442,0.0,1.0,17.0
exp7_fixed_random_1,2506,541.142,2.7754781,0.6997205,1.0,0.0,22.0
exp7_fixed_random_1,2507,-11.620407,2.5846674,0.8076765,0.0,1.0,28.0
exp7_fixed_random_1,2508,-346.11887,3.68953,0.802829,0.0,1.0,2.0
exp7_fixed_random_1,2509,461.90247,1.5914133,0.68477917,1.0,0.0,30.0
exp7_fixed_random_1,2510,539.75476,2.3810506,0.8582794,1.0,0.0,16.0
exp7_fixed_random_1,2511,545.9884,2.8681712,0.76321256,1.0,0.0,21.0
exp7_fixed_random_1,2512,602.5047,2.675358,0.698853,1.0,0.0,25.0
exp7_fixed_random_1,2513,513.66736,2.5975962,0.7607204,1.0,0.0,19.0
exp7_fixed_random_1,2514,-178.06656,3.4631517,0.68530834,0.0,1.0,13.0
exp7_fixed_random_1,2515,538.3508,2.8296697,0.8475884,1.0,0.0,17.0
exp7_fixed_random_1,2516,-229.37573,2.692253,0.4519617,0.0,1.0,16.0
exp7_fixed_random_1,2517,458.68546,1.1301433,0.5364516,1.0,0.0,60.0
exp7_fixed_random_1,2518,530.55646,2.7760239,0.8356372,1.0,0.0,19.0
exp7_fixed_random_1,2519,585.07794,2.643284,0.8218848,1.0,0.0,24.0
exp7_fixed_random_1,2521,522.7893,3.386239,0.6321143,1.0,0.0,16.0
exp7_fixed_random_1,2522,601.02484,2.6557431,0.66593325,1.0,0.0,29.0
exp7_fixed_random_1,2523,536.4836,2.4031992,0.5766733,1.0,0.0,24.0
exp7_fixed_random_1,2524,510.6089,1.7931305,0.75630814,1.0,0.0,33.0
exp7_fixed_random_1,2525,-281.3166,4.1937623,0.57614374,0.0,1.0,7.0
exp7_fixed_random_1,2526,-130.58165,2.43139,0.657163,0.0,1.0,12.0
exp7_fixed_random_1,2527,-148.68687,3.5665517,0.7590565,0.0,1.0,8.0
exp7_fixed_random_1,2528,520.8784,3.074624,0.66756684,1.0,0.0,16.0
exp7_fixed_random_1,2529,490.68958,2.1930282,0.87195075,1.0,0.0,14.0
exp7_fixed_random_1,2530,535.32416,2.7138505,0.6017289,1.0,0.0,23.0
exp7_fixed_random_1,2531,588.9211,3.2312453,0.7667655,1.0,0.0,19.0
exp7_fixed_random_1,2532,602.51526,2.48689,0.79461616,1.0,0.0,27.0
exp7_fixed_random_1,2533,-205.97324,3.7217124,0.8242685,0.0,1.0,4.0
exp7_fixed_random_1,2534,-303.91534,2.9149895,0.6540643,0.0,1.0,8.0
exp7_fixed_random_1,2535,561.9404,2.6014378,0.8082048,1.0,0.0,17.0
exp7_fixed_random_1,2536,-294.44647,4.5089498,0.60980695,0.0,1.0,3.0
exp7_fixed_random_1,2537,-336.9015,3.0595527,0.7740011,0.0,1.0,2.0
exp7_fixed_random_1,2538,525.63525,3.0957503,0.6506376,1.0,0.0,14.0
exp7_fixed_random_1,2539,-155.42401,3.3377793,0.6412873,0.0,1.0,10.0
exp7_fixed_random_1,2541,595.7983,2.7713602,0.7785575,1.0,0.0,26.0
exp7_fixed_random_1,2542,-271.285,3.9548383,0.6696526,0.0,1.0,5.0
exp7_fixed_random_1,2543,575.56616,2.987545,0.7689112,1.0,0.0,16.0
exp7_fixed_random_1,2544,-218.25945,3.4098992,0.6370941,0.0,1.0,13.0
exp7_fixed_random_1,2545,571.53937,3.1858318,0.73310643,1.0,0.0,18.0
exp7_fixed_random_1,2546,467.9973,2.0651011,0.7420715,1.0,0.0,20.0
exp7_fixed_random_1,2547,-164.39491,3.2792802,0.5004333,0.0,1.0,10.0
exp7_fixed_random_1,2548,515.70605,2.2489848,0.6073025,1.0,0.0,20.0
exp7_fixed_random_1,2549,597.4607,2.8552916,0.75529164,1.0,0.0,23.0
exp7_fixed_random_1,2550,508.275,3.4047604,0.884439,1.0,0.0,10.0
exp7_fixed_random_1,2551,-109.29334,3.5381458,0.3694941,0.0,1.0,9.0
exp7_fixed_random_1,2552,547.8159,2.367527,0.6430599,1.0,0.0,24.0
exp7_fixed_random_1,2553,-162.00468,2.5529282,0.5075039,0.0,1.0,7.0
exp7_fixed_random_1,2554,458.6734,2.1923766,0.78856933,1.0,0.0,17.0
exp7_fixed_random_1,2555,540.8791,2.3842309,0.6926665,1.0,0.0,23.0
exp7_fixed_random_1,2556,522.2481,2.780133,0.83763295,1.0,0.0,15.0
exp7_fixed_random_1,2557,-174.57115,3.7989163,0.9979495,0.0,1.0,4.0
exp7_fixed_random_1,2558,531.7117,2.9640741,0.69158006,1.0,0.0,12.0
exp7_fixed_random_1,2559,573.0422,2.6456785,0.6814583,1.0,0.0,19.0
exp7_fixed_random_1,2561,565.36664,1.7920631,0.57306844,1.0,0.0,27.0
exp7_fixed_random_1,2562,529.77277,2.5939226,0.6672457,1.0,0.0,18.0
exp7_fixed_random_1,2563,593.12823,2.949747,0.67815393,1.0,0.0,20.0
exp7_fixed_random_1,2564,513.40454,2.80373,0.85662144,1.0,0.0,12.0
exp7_fixed_random_1,2565,602.0058,2.9179647,0.81033456,1.0,0.0,23.0
exp7_fixed_random_1,2566,-176.41466,4.374029,0.49058464,0.0,1.0,3.0
exp7_fixed_random_1,2567,-177.00284,2.6923792,0.72792065,0.0,1.0,5.0
exp7_fixed_random_1,2568,530.2503,2.4036725,0.6378182,1.0,0.0,21.0
exp7_fixed_random_1,2569,527.68677,3.7403164,0.6473017,1.0,0.0,14.0
exp7_fixed_random_1,2570,-158.40611,2.4508047,0.6471885,0.0,1.0,11.0
exp7_fixed_random_1,2571,-191.55084,3.5699122,0.6759595,0.0,1.0,13.0
exp7_fixed_random_1,2572,-222.73871,2.0855172,0.59137887,0.0,1.0,5.0
exp7_fixed_random_1,2573,-150.9138,2.3208647,0.6489142,0.0,1.0,18.0
exp7_fixed_random_1,2574,-59.01976,3.643903,0.78466636,0.0,1.0,10.0
exp7_fixed_random_1,2575,-257.52164,3.4451103,0.7123463,0.0,1.0,16.0
exp7_fixed_random_1,2576,-89.49521,3.8678741,0.7747278,0.0,1.0,8.0
exp7_fixed_random_1,2577,-210.18588,2.375179,0.60138726,0.0,1.0,22.0
exp7_fixed_random_1,2578,532.9169,2.4066455,0.5882276,1.0,0.0,20.0
exp7_fixed_random_1,2579,463.47015,2.6933887,0.80781615,1.0,0.0,16.0
exp7_fixed_random_1,2581,-167.45384,2.8331888,0.7478243,0.0,1.0,18.0
exp7_fixed_random_1,2582,470.9007,3.1849186,0.7295986,1.0,0.0,10.0
exp7_fixed_random_1,2583,519.7707,3.447059,0.58614546,1.0,0.0,12.0
exp7_fixed_random_1,2584,-186.72691,3.2573476,0.67947286,0.0,1.0,16.0
exp7_fixed_random_1,2585,-81.15811,3.6195278,0.5458741,0.0,1.0,8.0
exp7_fixed_random_1,2586,570.18646,2.7890341,0.6739195,1.0,0.0,17.0
exp7_fixed_random_1,2587,551.8668,3.2925959,0.81647235,1.0,0.0,16.0
exp7_fixed_random_1,2588,533.8923,2.6422138,0.6670288,1.0,0.0,21.0
exp7_fixed_random_1,2589,648.24097,3.5936813,0.67717105,1.0,0.0,19.0
exp7_fixed_random_1,2590,-64.061005,2.946372,0.48253772,0.0,1.0,21.0
exp7_fixed_random_1,2591,506.24335,2.2228727,0.75183934,1.0,0.0,29.0
exp7_fixed_random_1,2592,560.76746,2.2619312,0.7349366,1.0,0.0,28.0
exp7_fixed_random_1,2593,521.48676,2.9072123,0.7545594,1.0,0.0,18.0
exp7_fixed_random_1,2594,549.3615,3.7010338,0.75413,1.0,0.0,10.0
exp7_fixed_random_1,2595,-224.49463,3.0696099,0.690094,0.0,1.0,15.0
exp7_fixed_random_1,2596,526.3613,2.6736913,0.6452145,1.0,0.0,16.0
exp7_fixed_random_1,2597,607.9197,3.3539608,0.720862,1.0,0.0,14.0
exp7_fixed_random_1,2598,-82.27884,3.7248595,0.6502125,0.0,1.0,9.0
exp7_fixed_random_1,2599,560.6929,2.6156003,0.69559175,1.0,0.0,23.0
exp7_fixed_random_1,2601,586.5596,3.7061818,0.63626647,1.0,0.0,13.0
exp7_fixed_random_1,2602,625.255,2.7485447,0.75779825,1.0,0.0,23.0
exp7_fixed_random_1,2603,-272.4677,3.4320722,0.69062984,0.0,1.0,7.0
exp7_fixed_random_1,2604,481.35605,2.756258,0.7306324,1.0,0.0,18.0
exp7_fixed_random_1,2605,599.3071,2.8222022,0.63022065,1.0,0.0,25.0
exp7_fixed_random_1,2606,637.0559,2.3001013,0.64301753,1.0,0.0,30.0
exp7_fixed_random_1,2607,615.8752,2.8451862,0.7852953,1.0,0.0,24.0
exp7_fixed_random_1,2608,522.03064,2.8379312,0.7229732,1.0,0.0,14.0
exp7_fixed_random_1,2609,-321.84497,2.813783,0.73531216,0.0,1.0,6.0
exp7_fixed_random_1,2610,495.91614,2.8491907,0.9473603,1.0,0.0,21.0
exp7_fixed_random_1,2611,547.2423,2.6244876,0.81363213,1.0,0.0,21.0
exp7_fixed_random_1,2612,-180.04097,3.7892444,0.7338803,0.0,1.0,9.0
exp7_fixed_random_1,2613,623.1461,2.9336731,0.8385475,1.0,0.0,24.0
exp7_fixed_random_1,2614,520.9886,2.8786767,0.7248475,1.0,0.0,17.0
exp7_fixed_random_1,2615,565.47485,2.8991337,0.87708825,1.0,0.0,24.0
exp7_fixed_random_1,2616,562.33673,2.809039,0.7141268,1.0,0.0,29.0
exp7_fixed_random_1,2617,515.85986,2.8686376,0.61139756,1.0,0.0,14.0
exp7_fixed_random_1,2618,-91.5087,3.004226,0.7606194,0.0,1.0,19.0
exp7_fixed_random_1,2619,509.1527,2.1158035,0.7273224,1.0,0.0,16.0
exp7_fixed_random_1,2621,605.92786,2.5623562,0.74337155,1.0,0.0,26.0
exp7_fixed_random_1,2622,539.1207,2.777022,0.8072095,1.0,0.0,18.0
exp7_fixed_random_1,2623,588.3454,3.6276257,0.7920692,1.0,0.0,16.0
exp7_fixed_random_1,2624,633.6227,3.0315993,0.7720495,1.0,0.0,26.0
exp7_fixed_random_1,2625,509.2178,2.9337027,0.69384265,1.0,0.0,17.0
exp7_fixed_random_1,2626,516.8813,2.017766,0.57755095,1.0,0.0,22.0
exp7_fixed_random_1,2627,-126.56656,3.5234334,0.7316835,0.0,1.0,8.0
exp7_fixed_random_1,2628,-346.58975,3.419899,0.87991565,0.0,1.0,2.0
exp7_fixed_random_1,2629,508.03226,2.387901,0.78246015,1.0,0.0,22.0
exp7_fixed_random_1,2630,606.3516,2.0314848,0.8682059,1.0,0.0,37.0
exp7_fixed_random_1,2631,527.7708,2.286194,0.7215073,1.0,0.0,26.0
exp7_fixed_random_1,2632,575.9049,2.3399398,0.8581815,1.0,0.0,36.0
exp7_fixed_random_1,2633,595.0168,2.9455435,0.7044383,1.0,0.0,22.0
exp7_fixed_random_1,2634,544.4115,2.627146,0.8292574,1.0,0.0,24.0
exp7_fixed_random_1,2635,460.41586,1.9260018,0.58066064,1.0,0.0,20.0
exp7_fixed_random_1,2636,578.73663,2.6545405,0.83308095,1.0,0.0,24.0
exp7_fixed_random_1,2637,594.3969,2.3772724,0.76589674,1.0,0.0,27.0
exp7_fixed_random_1,2638,-131.24162,2.8622103,0.6274421,0.0,1.0,11.0
exp7_fixed_random_1,2639,506.1292,2.9406881,0.53218526,1.0,0.0,11.0
exp7_fixed_random_1,2641,574.8374,2.3997104,0.81286097,1.0,0.0,21.0
exp7_fixed_random_1,2642,464.25232,1.5058156,0.67759335,1.0,0.0,23.0
exp7_fixed_random_1,2643,462.3458,2.9443507,0.69573724,1.0,0.0,9.0
exp7_fixed_random_1,2644,524.1852,2.221397,0.72302663,1.0,0.0,26.0
exp7_fixed_random_1,2645,-195.58148,3.456463,0.5638771,0.0,1.0,14.0
exp7_fixed_random_1,2646,-243.91489,3.8291402,0.80263025,0.0,1.0,9.0
exp7_fixed_random_1,2647,-222.37782,3.6914701,0.5745779,0.0,1.0,8.0
exp7_fixed_random_1,2648,-308.58844,3.3409085,0.91303223,0.0,1.0,7.0
exp7_fixed_random_1,2649,-176.2139,3.6628067,0.7307856,0.0,1.0,10.0
exp7_fixed_random_1,2650,-260.5282,2.8854346,0.8275291,0.0,1.0,20.0
exp7_fixed_random_1,2651,579.0405,2.7151725,0.7805644,1.0,0.0,20.0
exp7_fixed_random_1,2652,-167.01428,2.8492694,0.8133214,0.0,1.0,23.0
exp7_fixed_random_1,2653,662.89685,2.8560522,0.63387406,1.0,0.0,27.0
exp7_fixed_random_1,2654,476.86438,2.060375,0.7018494,1.0,0.0,34.0
exp7_fixed_random_1,2655,-263.7428,3.8841748,0.8582016,0.0,1.0,9.0
exp7_fixed_random_1,2656,-243.95935,3.31943,0.8576269,0.0,1.0,18.0
exp7_fixed_random_1,2657,-267.86417,4.057288,0.76542014,0.0,1.0,9.0
exp7_fixed_random_1,2658,-34.904343,3.093756,0.6150832,0.0,1.0,22.0
exp7_fixed_random_1,2659,557.8268,3.0745387,0.94158274,1.0,0.0,19.0
exp7_fixed_random_1,2661,-242.06448,4.0327735,0.46414965,0.0,1.0,7.0
exp7_fixed_random_1,2662,439.49167,2.7317677,0.63696694,1.0,0.0,12.0
exp7_fixed_random_1,2663,556.62524,2.1585631,0.66624594,1.0,0.0,23.0
exp7_fixed_random_1,2664,521.4508,2.0368407,0.7699269,1.0,0.0,32.0
exp7_fixed_random_1,2665,-212.62111,3.896473,0.5800282,0.0,1.0,8.0
exp7_fixed_random_1,2666,514.49097,2.4094002,0.8329541,1.0,0.0,30.0
exp7_fixed_random_1,2667,602.5584,2.8050601,0.6792245,1.0,0.0,21.0
exp7_fixed_random_1,2668,-153.89603,2.065345,0.7785709,0.0,1.0,17.0
exp7_fixed_random_1,2669,493.52982,2.3140519,0.8727891,1.0,0.0,19.0
exp7_fixed_random_1,2670,-101.09321,3.3530369,0.5965579,0.0,1.0,12.0
exp7_fixed_random_1,2671,553.6864,2.9993224,0.64112014,1.0,0.0,19.0
exp7_fixed_random_1,2672,536.0447,2.9498656,0.7141239,1.0,0.0,16.0
exp7_fixed_random_1,2673,583.3633,2.526519,0.77076346,1.0,0.0,25.0
exp7_fixed_random_1,2674,537.252,2.912758,0.6605415,1.0,0.0,25.0
exp7_fixed_random_1,2675,500.94254,2.3912702,0.7559374,1.0,0.0,21.0
exp7_fixed_random_1,2676,-269.33536,2.6420984,0.7031185,0.0,1.0,15.0
exp7_fixed_random_1,2677,628.47253,2.5431619,0.721857,1.0,0.0,26.0
exp7_fixed_random_1,2678,-36.730743,3.5119996,0.6922809,0.0,1.0,20.0
exp7_fixed_random_1,2679,531.8794,2.9642365,0.7630438,1.0,0.0,18.0
exp7_fixed_random_1,2681,536.09686,2.416677,0.7097392,1.0,0.0,16.0
exp7_fixed_random_1,2682,-337.04883,2.2478666,0.7655326,0.0,1.0,18.0
exp7_fixed_random_1,2683,550.6913,2.6740277,0.7076977,1.0,0.0,19.0
exp7_fixed_random_1,2684,559.5399,3.5609703,0.7120747,1.0,0.0,15.0
exp7_fixed_random_1,2685,579.2786,3.8674855,0.8574666,1.0,0.0,13.0
exp7_fixed_random_1,2686,583.2099,3.9915252,0.7249866,1.0,0.0,14.0
exp7_fixed_random_1,2687,462.00336,1.8550391,0.55654305,1.0,0.0,36.0
exp7_fixed_random_1,2688,-235.51999,2.8996778,0.8241488,0.0,1.0,18.0
exp7_fixed_random_1,2689,546.5084,3.2414496,0.7989227,1.0,0.0,19.0
exp7_fixed_random_1,2690,592.1513,2.51315,0.67134744,1.0,0.0,28.0
exp7_fixed_random_1,2691,531.4476,2.54202,0.68309957,1.0,0.0,18.0
exp7_fixed_random_1,2692,631.50287,3.038626,0.7097286,1.0,0.0,23.0
exp7_fixed_random_1,2693,-315.5514,1.9219301,0.67560536,0.0,1.0,8.0
exp7_fixed_random_1,2694,578.42096,2.845002,0.8014399,1.0,0.0,18.0
exp7_fixed_random_1,2695,466.77258,1.6305859,0.68447423,1.0,0.0,22.0
exp7_fixed_random_1,2696,574.3899,2.412071,0.7884936,1.0,0.0,25.0
exp7_fixed_random_1,2697,-182.51576,4.3664794,0.9889763,0.0,1.0,3.0
exp7_fixed_random_1,2698,566.60516,3.3712926,0.88332605,1.0,0.0,17.0
exp7_fixed_random_1,2699,-76.8907,3.5898147,0.86210495,0.0,1.0,14.0
exp7_fixed_random_1,2701,599.3747,2.4887671,0.6765257,1.0,0.0,23.0
exp7_fixed_random_1,2702,590.96436,2.8911805,0.7069482,1.0,0.0,23.0
exp7_fixed_random_1,2703,536.89246,2.218475,0.7965966,1.0,0.0,32.0
exp7_fixed_random_1,2704,580.1195,2.3719568,0.8415093,1.0,0.0,31.0
exp7_fixed_random_1,2705,486.09497,1.8590274,0.63396627,1.0,0.0,17.0
exp7_fixed_random_1,2706,545.3385,2.0084846,0.5648186,1.0,0.0,36.0
exp7_fixed_random_1,2707,-346.4413,4.8055224,0.85967445,0.0,1.0,1.0
exp7_fixed_random_1,2708,-162.69763,3.7791991,0.8677849,0.0,1.0,7.0
exp7_fixed_random_1,2709,540.281,2.4716377,0.7690646,1.0,0.0,24.0
exp7_fixed_random_1,2710,553.56445,2.859494,0.6113866,1.0,0.0,15.0
exp7_fixed_random_1,2711,538.302,2.219411,0.69450104,1.0,0.0,21.0
exp7_fixed_random_1,2712,573.435,2.523848,0.6460678,1.0,0.0,18.0
exp7_fixed_random_1,2713,550.9063,2.3814907,0.68373334,1.0,0.0,19.0
exp7_fixed_random_1,2714,534.91956,2.4480555,0.58404267,1.0,0.0,21.0
exp7_fixed_random_1,2715,492.62125,2.0638032,0.43503872,1.0,0.0,15.0
exp7_fixed_random_1,2716,-210.87943,3.2195432,0.87101614,0.0,1.0,13.0
exp7_fixed_random_1,2717,574.16876,2.3641434,0.8022962,1.0,0.0,28.0
exp7_fixed_random_1,2718,-265.8885,3.381962,0.5718877,0.0,1.0,8.0
exp7_fixed_random_1,2719,-225.33258,3.377776,0.577696,0.0,1.0,4.0
exp7_fixed_random_1,2721,-264.30762,3.7301037,0.87858725,0.0,1.0,9.0
exp7_fixed_random_1,2722,493.21954,2.0084827,0.7259108,1.0,0.0,31.0
exp7_fixed_random_1,2723,562.94415,3.0301201,0.8688913,1.0,0.0,22.0
exp7_fixed_random_1,2724,479.5449,2.459772,0.751437,1.0,0.0,27.0
exp7_fixed_random_1,2725,-287.84686,4.4159913,0.46359396,0.0,1.0,3.0
exp7_fixed_random_1,2726,571.53326,2.4027376,0.66759014,1.0,0.0,23.0
exp7_fixed_random_1,2727,-295.09622,3.7501833,0.8212495,0.0,1.0,7.0
exp7_fixed_random_1,2728,541.7657,3.0618174,0.67479664,1.0,0.0,15.0
exp7_fixed_random_1,2729,600.33813,2.3284104,0.6432293,1.0,0.0,32.0
exp7_fixed_random_1,2730,-132.91164,2.6420705,0.77333385,0.0,1.0,21.0
exp7_fixed_random_1,2731,480.43295,2.8305593,0.7020466,1.0,0.0,15.0
exp7_fixed_random_1,2732,559.1314,3.3200958,0.76848304,1.0,0.0,16.0
exp7_fixed_random_1,2733,621.65607,2.370952,0.76497906,1.0,0.0,30.0
exp7_fixed_random_1,2734,574.22565,2.9890518,0.7147302,1.0,0.0,20.0
exp7_fixed_random_1,2735,-346.05325,4.4001026,0.48483917,0.0,1.0,1.0
exp7_fixed_random_1,2736,-72.092865,3.3346312,0.77057785,0.0,1.0,12.0
exp7_fixed_random_1,2737,589.7586,2.9933143,0.46506652,1.0,0.0,17.0
exp7_fixed_random_1,2738,-239.02107,3.3100696,0.6585106,0.0,1.0,13.0
exp7_fixed_random_1,2739,613.1637,3.308914,0.64822185,1.0,0.0,16.0
exp7_fixed_random_1,2741,-184.82228,2.6201718,0.5938554,0.0,1.0,19.0
exp7_fixed_random_1,2742,-78.51828,3.4279814,0.6355429,0.0,1.0,13.0
exp7_fixed_random_1,2743,552.5673,2.7804117,0.801729,1.0,0.0,17.0
exp7_fixed_random_1,2744,510.03076,1.8387352,0.79914916,1.0,0.0,33.0
exp7_fixed_random_1,2745,481.00943,2.1551976,0.8230882,1.0,0.0,16.0
exp7_fixed_random_1,2746,647.5492,2.8936787,0.864714,1.0,0.0,22.0
exp7_fixed_random_1,2747,-118.037964,3.0317557,0.45909896,0.0,1.0,10.0
exp7_fixed_random_1,2748,620.87854,2.6340857,0.8150852,1.0,0.0,25.0
exp7_fixed_random_1,2749,-112.478546,3.4136481,0.7005743,0.0,1.0,20.0
exp7_fixed_random_1,2750,-157.48914,4.017637,0.86049235,0.0,1.0,5.0
exp7_fixed_random_1,2751,519.9339,1.6533742,0.5020274,1.0,0.0,43.0
exp7_fixed_random_1,2752,512.4756,3.1469436,0.5072573,1.0,0.0,14.0
exp7_fixed_random_1,2753,438.71307,1.9868127,0.66401696,1.0,0.0,22.0
exp7_fixed_random_1,2754,558.6095,3.3027778,0.7556584,1.0,0.0,13.0
exp7_fixed_random_1,2755,577.2382,2.8442905,0.737214,1.0,0.0,25.0
exp7_fixed_random_1,2756,530.93036,2.8132975,0.71095455,1.0,0.0,19.0
exp7_fixed_random_1,2757,-298.24634,3.2269568,0.76796126,0.0,1.0,8.0
exp7_fixed_random_1,2758,-42.565247,3.6981242,0.7279994,0.0,1.0,16.0
exp7_fixed_random_1,2759,-292.02783,3.7938118,0.84884584,0.0,1.0,5.0
exp7_fixed_random_1,2761,516.36975,1.9607807,0.67569673,1.0,0.0,23.0
exp7_fixed_random_1,2762,510.27167,2.471758,0.863056,1.0,0.0,24.0
exp7_fixed_random_1,2763,-105.42274,4.1557813,0.7885963,0.0,1.0,8.0
exp7_fixed_random_1,2764,453.98526,1.6538739,0.6216445,1.0,0.0,25.0
exp7_fixed_random_1,2765,502.78198,2.4469886,0.6821035,1.0,0.0,18.0
exp7_fixed_random_1,2766,587.6505,2.575602,0.7156339,1.0,0.0,26.0
exp7_fixed_random_1,2767,451.69727,2.6053019,0.79371446,1.0,0.0,15.0
exp7_fixed_random_1,2768,496.18155,2.643486,0.6896299,1.0,0.0,22.0
exp7_fixed_random_1,2769,462.21954,2.0572364,0.7374272,1.0,0.0,21.0
exp7_fixed_random_1,2770,481.95706,3.17515,0.72644126,1.0,0.0,8.0
exp7_fixed_random_1,2771,443.10184,1.8847144,0.7856879,1.0,0.0,23.0
exp7_fixed_random_1,2772,554.3801,3.0255914,0.7521617,1.0,0.0,17.0
exp7_fixed_random_1,2773,555.664,2.6024528,0.54943955,1.0,0.0,20.0
exp7_fixed_random_1,2774,516.5689,2.920572,0.5629574,1.0,0.0,23.0
exp7_fixed_random_1,2775,-134.60834,3.1978323,0.5258072,0.0,1.0,10.0
exp7_fixed_random_1,2776,-282.6429,3.4889138,0.7078462,0.0,1.0,11.0
exp7_fixed_random_1,2777,552.61224,2.659443,0.8281066,1.0,0.0,18.0
exp7_fixed_random_1,2778,-204.26614,3.5583937,0.73750204,0.0,1.0,13.0
exp7_fixed_random_1,2779,488.52853,2.2243774,0.7970723,1.0,0.0,19.0
exp7_fixed_random_1,2781,641.3823,3.9300153,0.7692134,1.0,0.0,15.0
exp7_fixed_random_1,2782,530.23376,2.968562,0.69122225,1.0,0.0,15.0
exp7_fixed_random_1,2783,574.2914,3.232325,0.73608756,1.0,0.0,18.0
exp7_fixed_random_1,2784,562.4271,3.3078363,0.7050939,1.0,0.0,15.0
exp7_fixed_random_1,2785,515.0486,2.8158076,0.8377194,1.0,0.0,13.0
exp7_fixed_random_1,2786,581.1084,3.340543,0.7195276,1.0,0.0,21.0
exp7_fixed_random_1,2787,528.8416,4.1656876,0.7468593,1.0,0.0,9.0
exp7_fixed_random_1,2788,-76.48811,3.595443,0.72690874,0.0,1.0,19.0
exp7_fixed_random_1,2789,505.56662,3.4631584,0.79979104,1.0,0.0,16.0
exp7_fixed_random_1,2790,531.9851,2.9679728,0.77672756,1.0,0.0,21.0
exp7_fixed_random_1,2791,-153.17407,3.9050589,0.5572315,0.0,1.0,4.0
exp7_fixed_random_1,2792,513.4128,2.9303498,0.61225986,1.0,0.0,9.0
exp7_fixed_random_1,2793,-289.08023,4.074722,0.7524699,0.0,1.0,5.0
exp7_fixed_random_1,2794,542.01447,1.8562522,0.49121323,1.0,0.0,25.0
exp7_fixed_random_1,2795,530.0791,2.2157953,0.56238264,1.0,0.0,15.0
exp7_fixed_random_1,2796,503.49344,2.1043723,0.60477126,1.0,0.0,20.0
exp7_fixed_random_1,2797,-278.331,3.9583025,0.65528387,0.0,1.0,6.0
exp7_fixed_random_1,2798,-293.27786,3.4765499,0.71371984,0.0,1.0,8.0
exp7_fixed_random_1,2799,544.14124,2.1850798,0.9381111,1.0,0.0,28.0
exp7_fixed_random_1,2801,634.52905,2.8691869,0.6844887,1.0,0.0,28.0
exp7_fixed_random_1,2802,571.43097,2.994507,0.81768924,1.0,0.0,21.0
exp7_fixed_random_1,2803,-107.050255,2.7547014,0.78930956,0.0,1.0,15.0
exp7_fixed_random_1,2804,-243.04837,3.4362323,0.6676441,0.0,1.0,9.0
exp7_fixed_random_1,2805,501.9657,2.7170458,0.8290486,1.0,0.0,13.0
exp7_fixed_random_1,2806,566.438,3.6203322,0.6553954,1.0,0.0,15.0
exp7_fixed_random_1,2807,524.44025,2.3430066,0.8735242,1.0,0.0,21.0
exp7_fixed_random_1,2808,564.3167,3.4590316,0.91555256,1.0,0.0,14.0
exp7_fixed_random_1,2809,570.6566,2.844932,0.7484665,1.0,0.0,21.0
exp7_fixed_random_1,2810,570.3235,3.0467365,0.8333606,1.0,0.0,16.0
exp7_fixed_random_1,2811,536.18896,3.3782842,0.8212382,1.0,0.0,15.0
exp7_fixed_random_1,2812,528.3966,2.7520387,0.6968019,1.0,0.0,22.0
exp7_fixed_random_1,2813,608.9484,2.764737,0.47024977,1.0,0.0,19.0
exp7_fixed_random_1,2814,-137.1931,3.1952178,0.65073115,0.0,1.0,11.0
exp7_fixed_random_1,2815,-90.66745,3.9082284,0.4863219,0.0,1.0,8.0
exp7_fixed_random_1,2816,554.87915,3.7462218,0.7250894,1.0,0.0,11.0
exp7_fixed_random_1,2817,526.02234,2.4216409,0.6305816,1.0,0.0,23.0
exp7_fixed_random_1,2818,-186.85791,3.7029061,0.7011964,0.0,1.0,7.0
exp7_fixed_random_1,2819,-250.07014,4.8168297,0.03452394,0.0,1.0,1.0
exp7_fixed_random_1,2821,-205.1607,3.505891,0.92066693,0.0,1.0,12.0
exp7_fixed_random_1,2822,529.90094,2.3892028,0.42731515,1.0,0.0,15.0
exp7_fixed_random_1,2823,603.9917,3.0221238,0.7022648,1.0,0.0,23.0
exp7_fixed_random_1,2824,517.66046,2.519859,0.78057134,1.0,0.0,22.0
exp7_fixed_random_1,2825,603.32874,3.349445,0.7198477,1.0,0.0,18.0
exp7_fixed_random_1,2826,615.1339,2.7759902,0.8886842,1.0,0.0,23.0
exp7_fixed_random_1,2827,543.89087,3.0808911,0.7760114,1.0,0.0,16.0
exp7_fixed_random_1,2828,-293.65686,3.0123036,0.39766362,0.0,1.0,7.0
exp7_fixed_random_1,2829,547.7724,3.0131454,0.7185668,1.0,0.0,16.0
exp7_fixed_random_1,2830,553.2876,2.5457966,0.72587836,1.0,0.0,22.0
exp7_fixed_random_1,2831,545.0458,3.1444304,0.6904591,1.0,0.0,22.0
exp7_fixed_random_1,2832,-101.932816,2.7932694,0.77487516,0.0,1.0,16.0
exp7_fixed_random_1,2833,-225.51202,1.8761947,0.55270183,0.0,1.0,5.0
exp7_fixed_random_1,2834,-283.83813,3.0186877,0.6440496,0.0,1.0,14.0
exp7_fixed_random_1,2835,-289.49805,3.104723,0.7881515,0.0,1.0,8.0
exp7_fixed_random_1,2836,555.38654,2.97933,0.7155321,1.0,0.0,19.0
exp7_fixed_random_1,2837,509.1504,2.03884,0.43254018,1.0,0.0,19.0
exp7_fixed_random_1,2838,601.0007,3.4882755,0.7035613,1.0,0.0,17.0
exp7_fixed_random_1,2839,-215.59586,4.133251,0.87270147,0.0,1.0,6.0
exp7_fixed_random_1,2841,542.72845,2.3430865,0.51241136,1.0,0.0,25.0
exp7_fixed_random_1,2842,604.2894,3.6169584,0.76077944,1.0,0.0,15.0
exp7_fixed_random_1,2843,577.59644,2.8605907,0.8230956,1.0,0.0,21.0
exp7_fixed_random_1,2844,-148.24686,3.0881257,0.6129046,0.0,1.0,13.0
exp7_fixed_random_1,2845,-137.3454,3.5022242,0.79571587,0.0,1.0,8.0
exp7_fixed_random_1,2846,-151.43793,3.3425028,0.64057803,0.0,1.0,19.0
exp7_fixed_random_1,2847,527.56433,3.0306766,0.75079566,1.0,0.0,21.0
exp7_fixed_random_1,2848,-222.46095,3.3988822,0.78327495,0.0,1.0,9.0
exp7_fixed_random_1,2849,596.2085,3.3124654,0.6617701,1.0,0.0,18.0
exp7_fixed_random_1,2850,505.5825,2.4259403,0.5660985,1.0,0.0,19.0
exp7_fixed_random_1,2851,533.40857,2.543052,0.6102644,1.0,0.0,17.0
exp7_fixed_random_1,2852,571.05347,3.0997007,0.70772415,1.0,0.0,16.0
exp7_fixed_random_1,2853,-195.93958,3.499057,0.6646934,0.0,1.0,3.0
exp7_fixed_random_1,2854,493.14423,3.222721,0.5870281,1.0,0.0,11.0
exp7_fixed_random_1,2855,-311.50635,3.9123402,0.6190202,0.0,1.0,6.0
exp7_fixed_random_1,2856,525.39685,2.73476,0.7197823,1.0,0.0,13.0
exp7_fixed_random_1,2857,578.29224,2.3879678,0.6484825,1.0,0.0,27.0
exp7_fixed_random_1,2858,578.83417,2.835607,0.70056635,1.0,0.0,20.0
exp7_fixed_random_1,2859,-122.40528,4.0365744,0.67637223,0.0,1.0,7.0
exp7_fixed_random_1,2861,578.43835,3.0674725,0.6526971,1.0,0.0,21.0
exp7_fixed_random_1,2862,531.20325,3.030069,0.8517499,1.0,0.0,19.0
exp7_fixed_random_1,2863,559.29504,2.7225726,0.7552228,1.0,0.0,20.0
exp7_fixed_random_1,2864,506.8897,2.7711213,0.5622887,1.0,0.0,12.0
exp7_fixed_random_1,2865,538.0293,3.4881213,0.69552517,1.0,0.0,15.0
exp7_fixed_random_1,2866,587.4165,3.2778356,0.6894874,1.0,0.0,19.0
exp7_fixed_random_1,2867,562.02905,2.8866282,0.737548,1.0,0.0,27.0
exp7_fixed_random_1,2868,605.29865,3.0309637,0.9073036,1.0,0.0,22.0
exp7_fixed_random_1,2869,478.1873,2.6802375,0.80992824,1.0,0.0,15.0
exp7_fixed_random_1,2870,583.16296,3.4035015,0.6354943,1.0,0.0,20.0
exp7_fixed_random_1,2871,483.45782,2.2957845,0.66863453,1.0,0.0,21.0
exp7_fixed_random_1,2872,-194.62352,3.9200475,0.9273635,0.0,1.0,4.0
exp7_fixed_random_1,2873,-347.18243,3.3790302,0.9073864,0.0,1.0,2.0
exp7_fixed_random_1,2874,-266.08984,3.703008,0.6974089,0.0,1.0,9.0
exp7_fixed_random_1,2875,-114.03534,3.4104283,0.6557591,0.0,1.0,20.0
exp7_fixed_random_1,2876,575.1614,3.1121325,0.797943,1.0,0.0,20.0
exp7_fixed_random_1,2877,557.65546,2.8473017,0.76597184,1.0,0.0,25.0
exp7_fixed_random_1,2878,-265.22055,4.0773606,0.8023344,0.0,1.0,5.0
exp7_fixed_random_1,2879,523.64526,2.1045902,0.7987424,1.0,0.0,20.0
exp7_fixed_random_1,2881,528.992,2.0034323,0.87836283,1.0,0.0,20.0
exp7_fixed_random_1,2882,533.75494,3.336488,0.72462386,1.0,0.0,15.0
exp7_fixed_random_1,2883,524.7288,2.451516,0.5871526,1.0,0.0,16.0
exp7_fixed_random_1,2884,539.8732,3.0113225,0.85892403,1.0,0.0,18.0
exp7_fixed_random_1,2885,622.45074,2.6035175,0.5682817,1.0,0.0,34.0
exp7_fixed_random_1,2886,501.7783,2.2076266,0.78352684,1.0,0.0,22.0
exp7_fixed_random_1,2887,-162.86937,3.164814,0.6374966,0.0,1.0,8.0
exp7_fixed_random_1,2888,438.29144,2.4277053,0.7291816,1.0,0.0,17.0
exp7_fixed_random_1,2889,579.13635,3.0766778,0.60315764,1.0,0.0,26.0
exp7_fixed_random_1,2890,526.7245,3.8536806,0.8321121,1.0,0.0,13.0
exp7_fixed_random_1,2891,-197.02434,3.8135216,0.72230214,0.0,1.0,6.0
exp7_fixed_random_1,2892,515.935,2.7808042,0.73161,1.0,0.0,16.0
exp7_fixed_random_1,2893,553.56067,3.6522377,0.69895446,1.0,0.0,16.0
exp7_fixed_random_1,2894,551.67786,2.68661,0.6061924,1.0,0.0,19.0
exp7_fixed_random_1,2895,605.84326,3.2432394,0.7301251,1.0,0.0,18.0
exp7_fixed_random_1,2896,-231.06345,4.119532,0.86482555,0.0,1.0,8.0
exp7_fixed_random_1,2897,-297.18912,3.3016675,0.92006695,0.0,1.0,7.0
exp7_fixed_random_1,2898,603.443,3.288094,0.8204311,1.0,0.0,20.0
exp7_fixed_random_1,2899,-160.3767,3.6887715,0.5010602,0.0,1.0,6.0
exp7_fixed_random_1,2901,-293.4476,4.5384836,0.59139997,0.0,1.0,3.0
exp7_fixed_random_1,2902,517.543,2.9420528,0.759942,1.0,0.0,20.0
exp7_fixed_random_1,2903,-281.53598,3.4776523,0.7579936,0.0,1.0,8.0
exp7_fixed_random_1,2904,565.19824,4.306629,0.77025104,1.0,0.0,10.0
exp7_fixed_random_1,2905,-173.25955,4.1001363,0.42916402,0.0,1.0,6.0
exp7_fixed_random_1,2906,556.5123,2.727684,0.77695066,1.0,0.0,17.0
exp7_fixed_random_1,2907,584.63025,3.137661,0.855157,1.0,0.0,18.0
exp7_fixed_random_1,2908,482.33533,3.2541666,0.9627583,1.0,0.0,9.0
exp7_fixed_random_1,2909,-223.66441,4.2539177,0.9080534,0.0,1.0,2.0
exp7_fixed_random_1,2910,-213.72148,4.2967935,0.31023294,0.0,1.0,1.0
exp7_fixed_random_1,2911,634.3796,3.5404682,0.736878,1.0,0.0,18.0
exp7_fixed_random_1,2912,-247.37173,3.9769342,0.78787297,0.0,1.0,13.0
exp7_fixed_random_1,2913,-225.5101,2.5968328,0.7019778,0.0,1.0,17.0
exp7_fixed_random_1,2914,673.11194,3.3591537,0.7261979,1.0,0.0,22.0
exp7_fixed_random_1,2915,-107.60692,4.096804,0.44782788,0.0,1.0,10.0
exp7_fixed_random_1,2916,483.32715,2.785888,0.83340967,1.0,0.0,22.0
exp7_fixed_random_1,2917,598.7296,3.355649,0.6393859,1.0,0.0,18.0
exp7_fixed_random_1,2918,457.91406,2.778879,0.9396996,1.0,0.0,16.0
exp7_fixed_random_1,2919,555.92017,3.7840142,0.77007705,1.0,0.0,19.0
exp7_fixed_random_1,2921,583.4215,3.3266308,0.78795004,1.0,0.0,17.0
exp7_fixed_random_1,2922,537.27246,2.6138065,0.71536666,1.0,0.0,20.0
exp7_fixed_random_1,2923,483.88852,2.288291,0.7402274,1.0,0.0,13.0
exp7_fixed_random_1,2924,-272.12903,3.589529,0.7383086,0.0,1.0,12.0
exp7_fixed_random_1,2925,545.84894,3.1687636,0.7487058,1.0,0.0,17.0
exp7_fixed_random_1,2926,-132.21634,4.1671534,0.76979965,0.0,1.0,10.0
exp7_fixed_random_1,2927,-204.85263,2.6470258,0.81249285,0.0,1.0,3.0
exp7_fixed_random_1,2928,549.3584,2.8944123,0.83138347,1.0,0.0,21.0
exp7_fixed_random_1,2929,-290.4263,4.0023756,0.9111324,0.0,1.0,7.0
exp7_fixed_random_1,2930,-178.4952,4.280661,0.7135525,0.0,1.0,12.0
exp7_fixed_random_1,2931,497.99597,2.6194317,0.7538791,1.0,0.0,21.0
exp7_fixed_random_1,2932,518.07715,3.7879024,0.8434988,1.0,0.0,10.0
exp7_fixed_random_1,2933,518.6644,3.0299864,0.56319976,1.0,0.0,16.0
exp7_fixed_random_1,2934,505.07083,3.3127005,0.5745959,1.0,0.0,17.0
exp7_fixed_random_1,2935,517.74554,2.5493557,0.8559773,1.0,0.0,18.0
exp7_fixed_random_1,2936,449.41904,2.9745579,0.77046204,1.0,0.0,24.0
exp7_fixed_random_1,2937,521.12305,3.350846,0.6706485,1.0,0.0,14.0
exp7_fixed_random_1,2938,-266.98904,3.409892,0.71501625,0.0,1.0,13.0
exp7_fixed_random_1,2939,521.4415,2.6064932,0.6331391,1.0,0.0,12.0
exp7_fixed_random_1,2941,480.63593,2.7275434,0.7344621,1.0,0.0,16.0
exp7_fixed_random_1,2942,465.9668,2.7687597,0.46130773,1.0,0.0,19.0
exp7_fixed_random_1,2943,524.30255,3.0843363,0.68975556,1.0,0.0,20.0
exp7_fixed_random_1,2944,-263.0883,3.3536685,0.6871053,0.0,1.0,11.0
exp7_fixed_random_1,2945,-349.15524,3.0820808,0.82471675,0.0,1.0,3.0
exp7_fixed_random_1,2946,489.183,3.304039,0.704468,1.0,0.0,8.0
exp7_fixed_random_1,2947,570.3346,4.602934,0.72181046,1.0,0.0,9.0
exp7_fixed_random_1,2948,533.9467,2.4869394,0.44923186,1.0,0.0,25.0
exp7_fixed_random_1,2949,-171.23663,3.797703,0.7050015,0.0,1.0,4.0
exp7_fixed_random_1,2950,-274.08194,3.3485067,0.674546,0.0,1.0,8.0
exp7_fixed_random_1,2951,530.92993,3.3531783,0.6248225,1.0,0.0,18.0
exp7_fixed_random_1,2952,-148.3045,3.2602062,0.66275305,0.0,1.0,9.0
exp7_fixed_random_1,2953,489.89948,2.3535767,0.6918891,1.0,0.0,12.0
exp7_fixed_random_1,2954,-157.71165,2.7382898,0.61982226,0.0,1.0,9.0
exp7_fixed_random_1,2955,-152.00229,4.186074,0.4875486,0.0,1.0,3.0
exp7_fixed_random_1,2956,-101.538315,1.905272,0.5047365,0.0,1.0,25.0
exp7_fixed_random_1,2957,583.6051,3.3562558,0.6693376,1.0,0.0,20.0
exp7_fixed_random_1,2958,535.5819,2.8548238,0.74933076,1.0,0.0,18.0
exp7_fixed_random_1,2959,570.4402,3.0951014,0.7824924,1.0,0.0,22.0
exp7_fixed_random_1,2961,540.3054,2.9852512,0.633772,1.0,0.0,18.0
exp7_fixed_random_1,2962,508.09808,1.8071415,0.38845345,1.0,0.0,22.0
exp7_fixed_random_1,2963,-196.64409,4.3010225,0.8070054,0.0,1.0,8.0
exp7_fixed_random_1,2964,495.5157,2.477465,0.601417,1.0,0.0,14.0
exp7_fixed_random_1,2965,533.6508,2.9384515,0.7428145,1.0,0.0,15.0
exp7_fixed_random_1,2966,583.53516,2.4655259,0.73403275,1.0,0.0,30.0
exp7_fixed_random_1,2967,-206.49907,4.6360974,0.64492255,0.0,1.0,1.0
exp7_fixed_random_1,2968,511.66116,2.3836114,0.81593686,1.0,0.0,17.0
exp7_fixed_random_1,2969,513.6443,2.700904,0.78854847,1.0,0.0,18.0
exp7_fixed_random_1,2970,476.47876,2.7907043,0.78865,1.0,0.0,20.0
exp7_fixed_random_1,2971,526.46295,2.7868898,0.79498607,1.0,0.0,16.0
exp7_fixed_random_1,2972,-247.02565,4.2845154,0.7146707,0.0,1.0,3.0
exp7_fixed_random_1,2973,-152.50806,3.9280221,0.8604777,0.0,1.0,9.0
exp7_fixed_random_1,2974,487.4383,2.2084374,0.7613802,1.0,0.0,13.0
exp7_fixed_random_1,2975,593.3083,2.7448323,0.7600146,1.0,0.0,24.0
exp7_fixed_random_1,2976,-163.2382,3.9507942,0.5806512,0.0,1.0,12.0
exp7_fixed_random_1,2977,-143.21613,3.1867914,0.6166449,0.0,1.0,13.0
exp7_fixed_random_1,2978,503.603,2.406085,0.690163,1.0,0.0,20.0
exp7_fixed_random_1,2979,540.0476,3.3863602,0.9248867,1.0,0.0,13.0
exp7_fixed_random_1,2981,-108.71692,4.013566,0.5875211,0.0,1.0,9.0
exp7_fixed_random_1,2982,505.3247,2.3121233,0.6920058,1.0,0.0,15.0
exp7_fixed_random_1,2983,556.48706,3.2390864,0.73091376,1.0,0.0,17.0
exp7_fixed_random_1,2984,-315.4427,3.8640196,0.86875015,0.0,1.0,7.0
exp7_fixed_random_1,2985,552.56555,3.3944046,0.91195923,1.0,0.0,18.0
exp7_fixed_random_1,2986,432.27283,3.6200275,0.77052766,1.0,0.0,12.0
exp7_fixed_random_1,2987,-117.51669,3.2137911,0.753128,0.0,1.0,12.0
exp7_fixed_random_1,2988,-355.98026,2.01151,0.7194752,0.0,1.0,3.0
exp7_fixed_random_1,2989,-288.16632,2.1924694,0.67170876,0.0,1.0,3.0
exp7_fixed_random_1,2990,543.09875,2.595671,0.66152114,1.0,0.0,23.0
exp7_fixed_random_1,2991,515.9877,4.1291046,0.6726117,1.0,0.0,8.0
exp7_fixed_random_1,2992,619.07227,2.5103335,0.595966,1.0,0.0,31.0
exp7_fixed_random_1,2993,428.39963,1.7158797,0.57397246,1.0,0.0,23.0
exp7_fixed_random_1,2994,-133.0588,3.6693685,0.7130713,0.0,1.0,8.0
exp7_fixed_random_1,2995,-252.50363,3.9033072,0.94941497,0.0,1.0,9.0
exp7_fixed_random_1,2996,597.33246,3.5850248,0.78172404,1.0,0.0,19.0
exp7_fixed_random_1,2997,-345.87372,3.5257747,0.6815318,0.0,1.0,2.0
exp7_fixed_random_1,2998,506.9464,2.3598645,0.7517996,1.0,0.0,19.0
exp7_fixed_random_1,2999,501.87946,2.8083868,0.88575876,1.0,0.0,13.0
exp7_fixed_random_1,3001,555.1814,3.178653,0.84533095,1.0,0.0,16.0
exp7_fixed_random_1,3002,439.58942,1.6108823,0.7416898,1.0,0.0,26.0
exp7_fixed_random_1,3003,545.23816,2.910215,0.6036068,1.0,0.0,18.0
exp7_fixed_random_1,3004,492.95734,2.4869494,0.537979,1.0,0.0,20.0
exp7_fixed_random_1,3005,-212.06897,4.8807554,0.8374814,0.0,1.0,1.0
exp7_fixed_random_1,3006,-32.448288,4.008056,0.5896135,0.0,1.0,12.0
exp7_fixed_random_1,3007,576.2947,2.6946888,0.73735356,1.0,0.0,17.0
exp7_fixed_random_1,3008,-181.35573,3.1568382,0.7310869,0.0,1.0,22.0
exp7_fixed_random_1,3009,592.3078,2.3094394,0.48754546,1.0,0.0,31.0
exp7_fixed_random_1,3010,624.5343,2.9002695,0.81766886,1.0,0.0,23.0
exp7_fixed_random_1,3011,560.91296,3.1361823,0.883293,1.0,0.0,19.0
exp7_fixed_random_1,3012,501.12985,3.313647,0.6762158,1.0,0.0,12.0
exp7_fixed_random_1,3013,442.92136,1.6773045,0.5417353,1.0,0.0,22.0
exp7_fixed_random_1,3014,580.59753,3.0699887,0.85130095,1.0,0.0,23.0
exp7_fixed_random_1,3015,595.2269,3.0930135,0.8013282,1.0,0.0,17.0
exp7_fixed_random_1,3016,-345.88007,4.606124,0.6767105,0.0,1.0,1.0
exp7_fixed_random_1,3017,582.3209,3.2895792,0.8042848,1.0,0.0,18.0
exp7_fixed_random_1,3018,542.93054,2.8819094,0.7999323,1.0,0.0,22.0
exp7_fixed_random_1,3019,431.1249,1.1914893,0.63924414,1.0,0.0,56.0
exp7_fixed_random_1,3021,518.72345,1.8584374,0.63137656,1.0,0.0,26.0
exp7_fixed_random_1,3022,-271.8653,3.8141947,0.82760006,0.0,1.0,12.0
exp7_fixed_random_1,3023,-137.23712,2.8267336,0.7323313,0.0,1.0,9.0
exp7_fixed_random_1,3024,508.19812,2.732969,0.6882026,1.0,0.0,18.0
exp7_fixed_random_1,3025,-231.0628,3.6460638,0.7248259,0.0,1.0,16.0
exp7_fixed_random_1,3026,-94.220985,4.219205,0.5154407,0.0,1.0,7.0
exp7_fixed_random_1,3027,561.8656,3.2844872,0.71174204,1.0,0.0,17.0
exp7_fixed_random_1,3028,546.91003,2.5760808,0.67434794,1.0,0.0,24.0
exp7_fixed_random_1,3029,518.1515,2.025351,0.60957444,1.0,0.0,20.0
exp7_fixed_random_1,3030,552.6388,2.7760618,0.67482066,1.0,0.0,24.0
exp7_fixed_random_1,3031,503.79163,2.8284597,0.77909136,1.0,0.0,19.0
exp7_fixed_random_1,3032,575.71436,3.1079133,0.74136543,1.0,0.0,15.0
exp7_fixed_random_1,3033,531.11694,2.2573278,0.5648246,1.0,0.0,18.0
exp7_fixed_random_1,3034,-330.8573,3.68806,0.593883,0.0,1.0,3.0
exp7_fixed_random_1,3035,548.1321,3.410646,0.7871155,1.0,0.0,11.0
exp7_fixed_random_1,3036,583.8531,3.0802736,0.7154064,1.0,0.0,21.0
exp7_fixed_random_1,3037,-302.88422,3.6217575,0.82820255,0.0,1.0,9.0
exp7_fixed_random_1,3038,-198.29419,3.2568245,0.5598558,0.0,1.0,8.0
exp7_fixed_random_1,3039,-302.39114,3.7574987,0.67324096,0.0,1.0,8.0
exp7_fixed_random_1,3041,-94.51424,4.326138,0.5430864,0.0,1.0,7.0
exp7_fixed_random_1,3042,467.41046,3.3694825,0.82440245,1.0,0.0,11.0
exp7_fixed_random_1,3043,629.0472,3.6837661,0.59905964,1.0,0.0,16.0
exp7_fixed_random_1,3044,-156.2862,4.4485407,0.846735,0.0,1.0,5.0
exp7_fixed_random_1,3045,560.55066,3.0113213,0.547939,1.0,0.0,16.0
exp7_fixed_random_1,3046,525.79706,2.9802568,0.69943744,1.0,0.0,13.0
exp7_fixed_random_1,3047,-69.543015,4.2415833,0.64211196,0.0,1.0,11.0
exp7_fixed_random_1,3048,568.1045,3.45771,0.654974,1.0,0.0,16.0
exp7_fixed_random_1,3049,486.21082,2.0564227,0.48436123,1.0,0.0,18.0
exp7_fixed_random_1,3050,-318.38016,3.5721462,0.7196133,0.0,1.0,6.0
exp7_fixed_random_1,3051,553.7287,3.0109673,0.75576055,1.0,0.0,20.0
exp7_fixed_random_1,3052,504.27512,3.1496084,0.84383804,1.0,0.0,19.0
exp7_fixed_random_1,3053,614.5489,3.9262187,0.7650929,1.0,0.0,13.0
exp7_fixed_random_1,3054,537.718,3.022112,0.61881727,1.0,0.0,17.0
exp7_fixed_random_1,3055,-289.71323,4.288693,0.8103712,0.0,1.0,5.0
exp7_fixed_random_1,3056,548.4187,1.8170898,0.74292225,1.0,0.0,30.0
exp7_fixed_random_1,3057,-213.19345,4.012654,0.6558443,0.0,1.0,9.0
exp7_fixed_random_1,3058,-136.02496,3.2988389,0.75274014,0.0,1.0,11.0
exp7_fixed_random_1,3059,506.65573,1.923743,0.4140195,1.0,0.0,23.0
exp7_fixed_random_1,3061,498.57227,2.6970346,0.60929406,1.0,0.0,17.0
exp7_fixed_random_1,3062,558.4771,3.2643085,0.817301,1.0,0.0,17.0
exp7_fixed_random_1,3063,539.18384,3.149275,0.81899846,1.0,0.0,14.0
exp7_fixed_random_1,3064,-306.6572,3.3341134,0.9237151,0.0,1.0,7.0
exp7_fixed_random_1,3065,488.2329,1.9111294,0.4918354,1.0,0.0,29.0
exp7_fixed_random_1,3066,437.12878,2.733644,0.84032154,1.0,0.0,14.0
exp7_fixed_random_1,3067,-176.90256,4.8411517,0.56682736,0.0,1.0,3.0
exp7_fixed_random_1,3068,-101.96341,3.274416,0.6473411,0.0,1.0,16.0
exp7_fixed_random_1,3069,620.97766,2.5184631,0.6399985,1.0,0.0,29.0
exp7_fixed_random_1,3070,533.2162,3.4659266,0.7461397,1.0,0.0,15.0
exp7_fixed_random_1,3071,471.45538,2.8101754,0.8419189,1.0,0.0,17.0
exp7_fixed_random_1,3072,515.9389,1.5328808,0.61342686,1.0,0.0,33.0
exp7_fixed_random_1,3073,542.4363,2.9277086,0.7299702,1.0,0.0,19.0
exp7_fixed_random_1,3074,579.8816,3.348964,0.8870905,1.0,0.0,20.0
exp7_fixed_random_1,3075,590.2029,2.7827995,0.77516824,1.0,0.0,23.0
exp7_fixed_random_1,3076,533.7251,3.2361503,0.8084085,1.0,0.0,17.0
exp7_fixed_random_1,3077,-205.9946,2.0681427,0.5391139,0.0,1.0,4.0
exp7_fixed_random_1,3078,549.9398,2.6217995,0.71815085,1.0,0.0,16.0
exp7_fixed_random_1,3079,474.44177,2.3777688,0.82754296,1.0,0.0,12.0
exp7_fixed_random_1,3081,476.65527,2.844619,0.6874565,1.0,0.0,19.0
exp7_fixed_random_1,3082,-91.302574,4.159219,0.5419328,0.0,1.0,9.0
exp7_fixed_random_1,3083,-154.00427,3.7928693,0.68470013,0.0,1.0,8.0
exp7_fixed_random_1,3084,-281.17432,4.0429907,0.8221871,0.0,1.0,7.0
exp7_fixed_random_1,3085,492.7036,3.613114,0.7695162,1.0,0.0,12.0
exp7_fixed_random_1,3086,620.2378,2.9678996,0.7944455,1.0,0.0,24.0
exp7_fixed_random_1,3087,501.25964,3.4089868,0.87173337,1.0,0.0,14.0
exp7_fixed_random_1,3088,536.7821,2.710863,0.7477194,1.0,0.0,23.0
exp7_fixed_random_1,3089,569.2189,3.3686025,0.5894052,1.0,0.0,11.0
exp7_fixed_random_1,3090,-168.04536,3.4187756,0.7324816,0.0,1.0,14.0
exp7_fixed_random_1,3091,527.1899,3.5026305,0.7306228,1.0,0.0,13.0
exp7_fixed_random_1,3092,-166.05353,4.196682,0.81573886,0.0,1.0,4.0
exp7_fixed_random_1,3093,-190.07315,2.9885647,0.59249985,0.0,1.0,4.0
exp7_fixed_random_1,3094,-213.05365,3.8345413,0.4557044,0.0,1.0,1.0
exp7_fixed_random_1,3095,-179.65671,4.4610724,0.5297873,0.0,1.0,7.0
exp7_fixed_random_1,3096,-288.0845,4.1658654,0.76805824,0.0,1.0,9.0
exp7_fixed_random_1,3097,540.336,3.2104335,0.73975116,1.0,0.0,13.0
exp7_fixed_random_1,3098,-204.14067,2.5128,0.8297114,0.0,1.0,3.0
exp7_fixed_random_1,3099,549.6416,3.2107868,0.80150837,1.0,0.0,14.0
exp7_fixed_random_1,3101,-299.018,4.0611644,0.8575879,0.0,1.0,3.0
exp7_fixed_random_1,3102,-122.01417,3.9191303,0.84768236,0.0,1.0,14.0
exp7_fixed_random_1,3103,592.3304,3.0877678,0.7409992,1.0,0.0,22.0
exp7_fixed_random_1,3104,-325.2608,4.2948947,0.8989248,0.0,1.0,4.0
exp7_fixed_random_1,3105,477.85422,2.908756,0.77007633,1.0,0.0,12.0
exp7_fixed_random_1,3106,591.66626,3.3430882,0.8284513,1.0,0.0,16.0
exp7_fixed_random_1,3107,545.10767,3.7856271,0.7124146,1.0,0.0,13.0
exp7_fixed_random_1,3108,497.74103,2.4388828,0.8521589,1.0,0.0,20.0
exp7_fixed_random_1,3109,543.2258,2.501527,0.7627132,1.0,0.0,22.0
exp7_fixed_random_1,3110,-116.629425,4.4814863,0.66032255,0.0,1.0,10.0
exp7_fixed_random_1,3111,-232.65466,4.057051,0.75534207,0.0,1.0,8.0
exp7_fixed_random_1,3112,558.91595,2.3652992,0.6566399,1.0,0.0,20.0
exp7_fixed_random_1,3113,595.6229,3.0029643,0.57165885,1.0,0.0,17.0
exp7_fixed_random_1,3114,569.0869,3.318147,0.74303776,1.0,0.0,20.0
exp7_fixed_random_1,3115,597.9976,2.371739,0.5627728,1.0,0.0,28.0
exp7_fixed_random_1,3116,-245.65863,4.6081676,0.88465726,0.0,1.0,11.0
exp7_fixed_random_1,3117,440.10123,1.7363698,0.6457209,1.0,0.0,27.0
exp7_fixed_random_1,3118,530.67615,2.5852108,0.6083181,1.0,0.0,18.0
exp7_fixed_random_1,3119,524.99414,2.8001754,0.71601796,1.0,0.0,17.0
exp7_fixed_random_1,3121,443.6681,1.2632817,0.5043238,1.0,0.0,31.0
exp7_fixed_random_1,3122,524.99664,3.2745194,0.75462687,1.0,0.0,16.0
exp7_fixed_random_1,3123,-310.74442,4.6500626,0.5296703,0.0,1.0,3.0
exp7_fixed_random_1,3124,560.75793,3.2134194,0.56724936,1.0,0.0,14.0
exp7_fixed_random_1,3125,-136.37897,3.6375256,0.65350986,0.0,1.0,10.0
exp7_fixed_random_1,3126,-203.4077,3.028971,0.7628437,0.0,1.0,15.0
exp7_fixed_random_1,3127,-179.77563,4.297215,0.56776965,0.0,1.0,2.0
exp7_fixed_random_1,3128,537.9521,3.0317004,0.7587918,1.0,0.0,20.0
exp7_fixed_random_1,3129,-195.87672,3.8678377,0.69714385,0.0,1.0,14.0
exp7_fixed_random_1,3130,552.61395,3.7306824,0.8298439,1.0,0.0,18.0
exp7_fixed_random_1,3131,587.3163,3.259417,0.7866741,1.0,0.0,18.0
exp7_fixed_random_1,3132,-245.60023,1.6444141,0.66480374,0.0,1.0,42.0
exp7_fixed_random_1,3133,522.59143,3.0769746,0.86222345,1.0,0.0,17.0
exp7_fixed_random_1,3134,553.59326,3.5424292,0.7681555,1.0,0.0,13.0
exp7_fixed_random_1,3135,-281.53125,3.476345,0.6445757,0.0,1.0,5.0
exp7_fixed_random_1,3136,519.6447,3.6613336,0.843544,1.0,0.0,10.0
exp7_fixed_random_1,3137,586.87555,3.0779479,0.7612819,1.0,0.0,23.0
exp7_fixed_random_1,3138,-194.6,4.0775146,0.6923048,0.0,1.0,11.0
exp7_fixed_random_1,3139,-126.406784,4.1589775,0.9284796,0.0,1.0,7.0
exp7_fixed_random_1,3141,563.21155,2.6142912,0.7493235,1.0,0.0,20.0
exp7_fixed_random_1,3142,507.60565,1.5457646,0.6427288,1.0,0.0,19.0
exp7_fixed_random_1,3143,541.0189,2.9451263,0.8097944,1.0,0.0,16.0
exp7_fixed_random_1,3144,-343.7009,2.4379046,0.79336536,0.0,1.0,4.0
exp7_fixed_random_1,3145,590.9109,3.0465903,0.6467608,1.0,0.0,19.0
exp7_fixed_random_1,3146,463.0976,1.8127049,0.80032456,1.0,0.0,28.0
exp7_fixed_random_1,3147,-237.03136,3.3540366,0.6365681,0.0,1.0,14.0
exp7_fixed_random_1,3148,503.48618,3.8712914,0.9207631,1.0,0.0,12.0
exp7_fixed_random_1,3149,536.40466,2.6058986,0.6022448,1.0,0.0,15.0
exp7_fixed_random_1,3150,510.8816,2.8111432,0.64721006,1.0,0.0,20.0
exp7_fixed_random_1,3151,560.24524,3.2525995,0.7347719,1.0,0.0,14.0
exp7_fixed_random_1,3152,558.45593,2.9391623,0.78610665,1.0,0.0,18.0
exp7_fixed_random_1,3153,-349.66193,2.61569,0.8620017,0.0,1.0,3.0
exp7_fixed_random_1,3154,-248.85541,3.8234074,0.7202657,0.0,1.0,7.0
exp7_fixed_random_1,3155,-146.34912,3.6630447,0.73650503,0.0,1.0,5.0
exp7_fixed_random_1,3156,562.44293,2.663142,0.85981053,1.0,0.0,23.0
exp7_fixed_random_1,3157,-132.7183,3.5461235,0.6715253,0.0,1.0,12.0
exp7_fixed_random_1,3158,556.4717,2.6786268,0.69618344,1.0,0.0,18.0
exp7_fixed_random_1,3159,551.8008,3.4473438,0.7301692,1.0,0.0,19.0
exp7_fixed_random_1,3161,543.70276,3.0957885,0.7352857,1.0,0.0,22.0
exp7_fixed_random_1,3162,578.6036,3.1694329,0.7426056,1.0,0.0,23.0
exp7_fixed_random_1,3163,543.0325,2.2224448,0.69985855,1.0,0.0,26.0
exp7_fixed_random_1,3164,-187.46396,3.1172497,0.8745183,0.0,1.0,7.0
exp7_fixed_random_1,3165,553.14233,2.7357962,0.7456322,1.0,0.0,25.0
exp7_fixed_random_1,3166,496.86227,2.165362,0.7299988,1.0,0.0,24.0
exp7_fixed_random_1,3167,-227.92545,3.4279928,0.73801166,0.0,1.0,16.0
exp7_fixed_random_1,3168,483.39667,2.835363,0.6612464,1.0,0.0,16.0
exp7_fixed_random_1,3169,-175.08575,4.1228313,0.5215464,0.0,1.0,4.0
exp7_fixed_random_1,3170,601.1345,3.328883,0.83519244,1.0,0.0,21.0
exp7_fixed_random_1,3171,-228.47363,3.3946052,0.6783289,0.0,1.0,15.0
exp7_fixed_random_1,3172,558.0575,2.999941,0.7454874,1.0,0.0,22.0
exp7_fixed_random_1,3173,543.91473,2.1809144,0.5376254,1.0,0.0,23.0
exp7_fixed_random_1,3174,535.7186,2.406949,0.6249118,1.0,0.0,19.0
exp7_fixed_random_1,3175,480.8783,2.1949184,0.5448153,1.0,0.0,19.0
exp7_fixed_random_1,3176,-119.65723,3.5982692,0.79658395,0.0,1.0,14.0
exp7_fixed_random_1,3177,520.6389,2.4671485,0.5868196,1.0,0.0,30.0
exp7_fixed_random_1,3178,-212.80545,1.7230886,0.5941418,0.0,1.0,27.0
exp7_fixed_random_1,3179,561.88794,3.657515,0.8496219,1.0,0.0,15.0
exp7_fixed_random_1,3181,580.54846,2.899377,0.7460053,1.0,0.0,19.0
exp7_fixed_random_1,3182,-290.1684,4.3574476,0.43181834,0.0,1.0,3.0
exp7_fixed_random_1,3183,441.39963,2.5408597,0.9141444,1.0,0.0,10.0
exp7_fixed_random_1,3184,543.2373,2.5453,0.64564264,1.0,0.0,26.0
exp7_fixed_random_1,3185,-294.99414,3.5402334,0.8996303,0.0,1.0,8.0
exp7_fixed_random_1,3186,-249.38806,4.011032,0.87339574,0.0,1.0,9.0
exp7_fixed_random_1,3187,-198.0062,3.6634927,0.38596573,0.0,1.0,2.0
exp7_fixed_random_1,3188,576.8745,2.4760242,0.5601931,1.0,0.0,23.0
exp7_fixed_random_1,3189,-159.07437,3.058759,0.7986059,0.0,1.0,15.0
exp7_fixed_random_1,3190,-180.15758,3.7719157,0.76991653,0.0,1.0,4.0
exp7_fixed_random_1,3191,540.47565,2.130602,0.51716,1.0,0.0,27.0
exp7_fixed_random_1,3192,-346.64194,4.97326,0.96135837,0.0,1.0,1.0
exp7_fixed_random_1,3193,553.69354,2.0921347,0.70244116,1.0,0.0,25.0
exp7_fixed_random_1,3194,490.06317,1.6660465,0.4612397,1.0,0.0,24.0
exp7_fixed_random_1,3195,-233.24963,4.2553005,0.9616875,0.0,1.0,8.0
exp7_fixed_random_1,3196,500.8391,2.720438,0.747904,1.0,0.0,19.0
exp7_fixed_random_1,3197,556.1172,2.8938243,0.71032596,1.0,0.0,21.0
exp7_fixed_random_1,3198,547.49854,2.6531103,0.6971966,1.0,0.0,22.0
exp7_fixed_random_1,3199,629.9916,3.180657,0.79578435,1.0,0.0,21.0
exp7_fixed_random_1,3201,575.8861,2.305993,0.5319232,1.0,0.0,30.0
exp7_fixed_random_1,3202,-259.70032,3.9665852,0.72240597,0.0,1.0,7.0
exp7_fixed_random_1,3203,484.8241,2.372052,0.7179238,1.0,0.0,17.0
exp7_fixed_random_1,3204,-166.06778,3.689436,0.8542229,0.0,1.0,5.0
exp7_fixed_random_1,3205,-314.18057,3.0829797,0.65860456,0.0,1.0,9.0
exp7_fixed_random_1,3206,539.9552,3.2738168,0.78578174,1.0,0.0,13.0
exp7_fixed_random_1,3207,606.519,2.7014344,0.71993023,1.0,0.0,23.0
exp7_fixed_random_1,3208,519.74115,3.9543414,0.557006,1.0,0.0,9.0
exp7_fixed_random_1,3209,516.63574,3.305138,0.77823555,1.0,0.0,14.0
exp7_fixed_random_1,3210,-137.7927,3.7387803,0.65672916,0.0,1.0,14.0
exp7_fixed_random_1,3211,550.9219,2.657812,0.60586274,1.0,0.0,21.0
exp7_fixed_random_1,3212,518.3761,2.9011729,0.848093,1.0,0.0,14.0
exp7_fixed_random_1,3213,588.7868,2.782201,0.7217189,1.0,0.0,23.0
exp7_fixed_random_1,3214,569.3622,2.1936479,0.5430081,1.0,0.0,27.0
exp7_fixed_random_1,3215,552.8013,3.2226055,0.69074416,1.0,0.0,17.0
exp7_fixed_random_1,3216,513.061,2.693994,0.7524655,1.0,0.0,16.0
exp7_fixed_random_1,3217,503.0409,2.0044878,0.83434314,1.0,0.0,22.0
exp7_fixed_random_1,3218,-125.56153,3.95745,0.55601835,0.0,1.0,8.0
exp7_fixed_random_1,3219,-183.71394,3.5984232,0.7551878,0.0,1.0,3.0
exp7_fixed_random_1,3221,-325.51846,4.1348615,0.9365289,0.0,1.0,4.0
exp7_fixed_random_1,3222,-123.85031,3.9628675,0.79577607,0.0,1.0,8.0
exp7_fixed_random_1,3223,488.1139,3.066176,0.9047723,1.0,0.0,19.0
exp7_fixed_random_1,3224,501.9123,2.4496815,0.6595389,1.0,0.0,19.0
exp7_fixed_random_1,3225,-98.95343,4.083386,0.72100174,0.0,1.0,9.0
exp7_fixed_random_1,3226,591.83606,3.144157,0.6727536,1.0,0.0,17.0
exp7_fixed_random_1,3227,508.6451,2.0554202,0.51772165,1.0,0.0,12.0
exp7_fixed_random_1,3228,561.87213,2.6627328,0.6803405,1.0,0.0,22.0
exp7_fixed_random_1,3229,546.9748,2.6311262,0.5022789,1.0,0.0,14.0
exp7_fixed_random_1,3230,-186.24544,3.69277,0.8086405,0.0,1.0,8.0
exp7_fixed_random_1,3231,541.45795,2.160071,0.5296266,1.0,0.0,22.0
exp7_fixed_random_1,3232,-290.12726,4.504001,0.7269109,0.0,1.0,3.0
exp7_fixed_random_1,3233,548.17725,2.8744414,0.8781335,1.0,0.0,24.0
exp7_fixed_random_1,3234,548.2239,4.150497,0.8837733,1.0,0.0,12.0
exp7_fixed_random_1,3235,578.3384,3.9200213,0.56765074,1.0,0.0,12.0
exp7_fixed_random_1,3236,562.64374,3.1466088,0.716967,1.0,0.0,19.0
exp7_fixed_random_1,3237,-350.09174,2.8236187,0.867397,0.0,1.0,3.0
exp7_fixed_random_1,3238,482.59808,2.6687849,0.851787,1.0,0.0,10.0
exp7_fixed_random_1,3239,-328.9489,3.4856684,0.9694136,0.0,1.0,3.0
exp7_fixed_random_1,3241,585.39703,3.029428,0.77665704,1.0,0.0,16.0
exp7_fixed_random_1,3242,-290.90128,4.1682186,0.8074695,0.0,1.0,7.0
exp7_fixed_random_1,3243,623.41797,3.6608207,0.63882124,1.0,0.0,17.0
exp7_fixed_random_1,3244,590.82776,3.2276402,0.8001771,1.0,0.0,20.0
exp7_fixed_random_1,3245,548.728,3.301779,0.74219286,1.0,0.0,15.0
exp7_fixed_random_1,3246,541.1164,2.5080602,0.54905707,1.0,0.0,27.0
exp7_fixed_random_1,3247,511.69122,1.8950244,0.55699646,1.0,0.0,21.0
exp7_fixed_random_1,3248,-241.49792,4.1898694,0.8682022,0.0,1.0,7.0
exp7_fixed_random_1,3249,603.45544,2.721487,0.5277927,1.0,0.0,28.0
exp7_fixed_random_1,3250,480.3459,3.7082403,0.88115066,1.0,0.0,11.0
exp7_fixed_random_1,3251,522.42065,2.683592,0.73554015,1.0,0.0,19.0
exp7_fixed_random_1,3252,418.3932,2.1366808,0.86097085,1.0,0.0,13.0
exp7_fixed_random_1,3253,516.8082,3.9432712,0.7231476,1.0,0.0,7.0
exp7_fixed_random_1,3254,-256.51962,3.947878,0.698487,0.0,1.0,8.0
exp7_fixed_random_1,3255,640.20526,2.9716241,0.7797949,1.0,0.0,25.0
exp7_fixed_random_1,3256,-189.66922,2.3080041,0.5103517,0.0,1.0,14.0
exp7_fixed_random_1,3257,-198.80476,2.1000981,0.4816557,0.0,1.0,5.0
exp7_fixed_random_1,3258,498.63617,3.5633132,0.95729077,1.0,0.0,10.0
exp7_fixed_random_1,3259,513.084,2.8630657,0.86941606,1.0,0.0,17.0
exp7_fixed_random_1,3261,541.54034,1.6280502,0.5967227,1.0,0.0,25.0
exp7_fixed_random_1,3262,516.17664,2.398138,0.8266016,1.0,0.0,17.0
exp7_fixed_random_1,3263,507.7926,3.0895805,0.8466858,1.0,0.0,11.0
exp7_fixed_random_1,3264,580.593,3.4679317,0.86826366,1.0,0.0,19.0
exp7_fixed_random_1,3265,482.1285,2.16392,0.74719596,1.0,0.0,24.0
exp7_fixed_random_1,3266,552.38135,2.3873768,0.82299745,1.0,0.0,20.0
exp7_fixed_random_1,3267,578.7358,2.5142572,0.65953785,1.0,0.0,26.0
exp7_fixed_random_1,3268,479.67566,2.6888034,0.7435114,1.0,0.0,22.0
exp7_fixed_random_1,3269,568.9973,2.6763098,0.71727586,1.0,0.0,22.0
exp7_fixed_random_1,3270,531.6212,3.4973428,0.77582073,1.0,0.0,12.0
exp7_fixed_random_1,3271,577.91943,2.4870367,0.63795304,1.0,0.0,22.0
exp7_fixed_random_1,3272,576.4314,2.7142305,0.5333367,1.0,0.0,22.0
exp7_fixed_random_1,3273,-110.10072,3.5420978,0.7829095,0.0,1.0,13.0
exp7_fixed_random_1,3274,637.4996,2.9533179,0.63284653,1.0,0.0,27.0
exp7_fixed_random_1,3275,624.9429,2.3221192,0.59007895,1.0,0.0,34.0
exp7_fixed_random_1,3276,-276.87677,3.9338958,0.95840335,0.0,1.0,6.0
exp7_fixed_random_1,3277,559.41797,2.922104,0.79300916,1.0,0.0,15.0
exp7_fixed_random_1,3278,544.99097,2.5492013,0.6720964,1.0,0.0,23.0
exp7_fixed_random_1,3279,-160.51176,3.3461242,0.70895493,0.0,1.0,15.0
exp7_fixed_random_1,3281,-237.8775,3.6316462,0.7699078,0.0,1.0,12.0
exp7_fixed_random_1,3282,519.99896,1.9095764,0.4247143,1.0,0.0,19.0
exp7_fixed_random_1,3283,590.8369,3.830998,0.6847436,1.0,0.0,15.0
exp7_fixed_random_1,3284,521.9721,1.7421497,0.5908354,1.0,0.0,22.0
exp7_fixed_random_1,3285,607.9301,2.8675644,0.79269165,1.0,0.0,24.0
exp7_fixed_random_1,3286,520.90344,3.8850937,0.63205403,1.0,0.0,8.0
exp7_fixed_random_1,3287,523.38635,2.7931101,0.83332014,1.0,0.0,20.0
exp7_fixed_random_1,3288,492.3913,2.7486172,0.7518062,1.0,0.0,18.0
exp7_fixed_random_1,3289,553.82825,2.9133244,0.70670635,1.0,0.0,19.0
exp7_fixed_random_1,3290,586.22974,2.8980143,0.8268792,1.0,0.0,21.0
exp7_fixed_random_1,3291,-346.29245,4.9039392,0.73293746,0.0,1.0,1.0
exp7_fixed_random_1,3292,543.8385,2.7948422,0.8203348,1.0,0.0,20.0
exp7_fixed_random_1,3293,478.20477,2.859166,0.88758475,1.0,0.0,11.0
exp7_fixed_random_1,3294,554.1112,3.089702,0.80563796,1.0,0.0,17.0
exp7_fixed_random_1,3295,-273.6295,3.596143,0.7444547,0.0,1.0,7.0
exp7_fixed_random_1,3296,-279.21982,3.7712486,0.592971,0.0,1.0,10.0
exp7_fixed_random_1,3297,541.76245,2.8627198,0.7615025,1.0,0.0,12.0
exp7_fixed_random_1,3298,514.19977,2.5261085,0.84594434,1.0,0.0,12.0
exp7_fixed_random_1,3299,506.38354,3.7856064,0.83707184,1.0,0.0,11.0
exp7_fixed_random_1,3301,557.6078,3.1485362,0.71176404,1.0,0.0,16.0
exp7_fixed_random_1,3302,523.191,4.3387427,0.5945725,1.0,0.0,7.0
exp7_fixed_random_1,3303,524.7232,3.093794,0.7927236,1.0,0.0,16.0
exp7_fixed_random_1,3304,486.70474,1.4040462,0.45022473,1.0,0.0,31.0
exp7_fixed_random_1,3305,539.4455,3.325751,0.6691405,1.0,0.0,14.0
exp7_fixed_random_1,3306,-262.17493,3.681645,0.6927625,0.0,1.0,8.0
exp7_fixed_random_1,3307,561.1646,3.39484,0.699159,1.0,0.0,16.0
exp7_fixed_random_1,3308,481.92447,2.3994172,0.67273116,1.0,0.0,13.0
exp7_fixed_random_1,3309,553.4377,3.347753,0.85208905,1.0,0.0,16.0
exp7_fixed_random_1,3310,550.6024,2.5641484,0.64242995,1.0,0.0,22.0
exp7_fixed_random_1,3311,579.2866,2.8150418,0.77043945,1.0,0.0,21.0
exp7_fixed_random_1,3312,512.43915,3.5508022,0.8137389,1.0,0.0,14.0
exp7_fixed_random_1,3313,527.20526,3.6176527,0.79902434,1.0,0.0,11.0
exp7_fixed_random_1,3314,565.2107,3.8767607,0.8641531,1.0,0.0,11.0
exp7_fixed_random_1,3315,-202.19153,3.9723449,0.8108643,0.0,1.0,10.0
exp7_fixed_random_1,3316,599.50476,3.587622,0.6711555,1.0,0.0,18.0
exp7_fixed_random_1,3317,-108.216095,4.1348605,0.74796444,0.0,1.0,7.0
exp7_fixed_random_1,3318,-232.515,3.0181594,0.68583405,0.0,1.0,17.0
exp7_fixed_random_1,3319,597.0564,3.0588543,0.67987835,1.0,0.0,21.0
exp7_fixed_random_1,3321,526.4636,2.344266,0.7906727,1.0,0.0,23.0
exp7_fixed_random_1,3322,532.8726,2.966869,0.7407469,1.0,0.0,22.0
exp7_fixed_random_1,3323,595.19434,2.8269749,0.6623006,1.0,0.0,29.0
exp7_fixed_random_1,3324,502.5307,2.8509126,0.80124,1.0,0.0,19.0
exp7_fixed_random_1,3325,510.3501,2.879486,0.8821977,1.0,0.0,15.0
exp7_fixed_random_1,3326,544.8081,2.8397214,0.87740195,1.0,0.0,19.0
exp7_fixed_random_1,3327,612.79034,2.6956189,0.58790755,1.0,0.0,26.0
exp7_fixed_random_1,3328,-73.3398,3.8394883,0.81188154,0.0,1.0,12.0
exp7_fixed_random_1,3329,525.79126,1.8904194,0.46577576,1.0,0.0,22.0
exp7_fixed_random_1,3330,473.28082,1.5497082,0.48967603,1.0,0.0,17.0
exp7_fixed_random_1,3331,-250.10225,3.752788,0.72420925,0.0,1.0,8.0
exp7_fixed_random_1,3332,579.99475,2.4801457,0.52945364,1.0,0.0,21.0
exp7_fixed_random_1,3333,496.39987,2.2316144,0.60464853,1.0,0.0,12.0
exp7_fixed_random_1,3334,592.89087,2.177493,0.5162433,1.0,0.0,41.0
exp7_fixed_random_1,3335,572.26697,2.9340212,0.66384315,1.0,0.0,19.0
exp7_fixed_random_1,3336,581.9226,3.2800326,0.6531191,1.0,0.0,19.0
exp7_fixed_random_1,3337,-271.3412,2.8368127,0.48138836,0.0,1.0,7.0
exp7_fixed_random_1,3338,-92.928185,2.2287931,0.5292006,0.0,1.0,23.0
exp7_fixed_random_1,3339,521.82275,3.0780194,0.68614095,1.0,0.0,13.0
exp7_fixed_random_1,3341,-149.87663,3.4306169,0.9331562,0.0,1.0,10.0
exp7_fixed_random_1,3342,500.04373,2.2454088,0.49138096,1.0,0.0,15.0
exp7_fixed_random_1,3343,543.3494,3.407602,0.7521765,1.0,0.0,12.0
exp7_fixed_random_1,3344,-132.2858,3.8581371,0.8919342,0.0,1.0,7.0
exp7_fixed_random_1,3345,-311.83896,3.3248515,0.61608464,0.0,1.0,4.0
exp7_fixed_random_1,3346,555.01556,3.1827,0.7069061,1.0,0.0,15.0
exp7_fixed_random_1,3347,507.3837,3.9419305,0.9007989,1.0,0.0,9.0
exp7_fixed_random_1,3348,-173.86424,3.4371724,0.9194876,0.0,1.0,8.0
exp7_fixed_random_1,3349,503.00592,1.7559729,0.5684565,1.0,0.0,24.0
exp7_fixed_random_1,3350,565.9431,3.088863,0.7433426,1.0,0.0,19.0
exp7_fixed_random_1,3351,513.3251,2.57007,0.65552056,1.0,0.0,17.0
exp7_fixed_random_1,3352,-197.60457,3.5186594,0.8846923,0.0,1.0,9.0
exp7_fixed_random_1,3353,-179.19037,4.4266253,0.9674821,0.0,1.0,3.0
exp7_fixed_random_1,3354,513.1857,2.5515273,0.762756,1.0,0.0,15.0
exp7_fixed_random_1,3355,-313.83167,3.485444,0.79790956,0.0,1.0,2.0
exp7_fixed_random_1,3356,-143.32668,3.1078684,0.54084045,0.0,1.0,12.0
exp7_fixed_random_1,3357,-247.13074,3.9248743,0.83773756,0.0,1.0,8.0
exp7_fixed_random_1,3358,538.4408,1.9912788,0.78985953,1.0,0.0,29.0
exp7_fixed_random_1,3359,458.99466,2.3236804,0.61777854,1.0,0.0,13.0
exp7_fixed_random_1,3361,-347.469,4.8384395,0.6770898,0.0,1.0,1.0
exp7_fixed_random_1,3362,-243.63443,3.4072285,0.7115775,0.0,1.0,9.0
exp7_fixed_random_1,3363,515.88696,2.429581,0.8314609,1.0,0.0,24.0
exp7_fixed_random_1,3364,538.57336,2.9509628,0.7517272,1.0,0.0,14.0
exp7_fixed_random_1,3365,590.7567,2.9630158,0.66514355,1.0,0.0,24.0
exp7_fixed_random_1,3366,581.6932,2.7627342,0.76225555,1.0,0.0,20.0
exp7_fixed_random_1,3367,-273.21622,3.8262994,0.8746584,0.0,1.0,8.0
exp7_fixed_random_1,3368,625.68506,2.9847252,0.7504451,1.0,0.0,22.0
exp7_fixed_random_1,3369,481.5077,3.0047188,0.76734567,1.0,0.0,22.0
exp7_fixed_random_1,3370,-340.20035,4.227038,0.34505633,0.0,1.0,3.0
exp7_fixed_random_1,3371,584.38654,2.9369972,0.8399055,1.0,0.0,19.0
exp7_fixed_random_1,3372,537.34625,3.5527787,0.7879054,1.0,0.0,13.0
exp7_fixed_random_1,3373,434.38266,2.047576,0.42263877,1.0,0.0,12.0
exp7_fixed_random_1,3374,516.4477,2.7397864,0.72629607,1.0,0.0,23.0
exp7_fixed_random_1,3375,576.39343,3.1975422,0.74862665,1.0,0.0,16.0
exp7_fixed_random_1,3376,627.2942,3.689131,0.6145147,1.0,0.0,17.0
exp7_fixed_random_1,3377,-280.4216,4.1436496,0.4110072,0.0,1.0,6.0
exp7_fixed_random_1,3378,556.88745,2.4977918,0.8599964,1.0,0.0,27.0
exp7_fixed_random_1,3379,611.76587,3.1385813,0.8185805,1.0,0.0,18.0
exp7_fixed_random_1,3381,527.4985,2.4058547,0.59372073,1.0,0.0,21.0
exp7_fixed_random_1,3382,518.3319,3.5896606,0.7187147,1.0,0.0,11.0
exp7_fixed_random_1,3383,659.0059,3.042844,0.66022336,1.0,0.0,23.0
exp7_fixed_random_1,3384,474.5547,1.3768057,0.5259013,1.0,0.0,31.0
exp7_fixed_random_1,3385,551.7267,2.5866687,0.8603302,1.0,0.0,23.0
exp7_fixed_random_1,3386,-138.22433,4.348484,0.64999425,0.0,1.0,4.0
exp7_fixed_random_1,3387,524.19763,3.124879,0.85584164,1.0,0.0,15.0
exp7_fixed_random_1,3388,569.4832,2.5351636,0.6438126,1.0,0.0,29.0
exp7_fixed_random_1,3389,543.9422,2.0721931,0.7639117,1.0,0.0,20.0
exp7_fixed_random_1,3390,503.31314,2.595711,0.7004043,1.0,0.0,20.0
exp7_fixed_random_1,3391,548.08435,2.685592,0.80842733,1.0,0.0,19.0
exp7_fixed_random_1,3392,543.69434,3.2294688,0.8613288,1.0,0.0,16.0
exp7_fixed_random_1,3393,-193.17447,4.036165,0.75443494,0.0,1.0,4.0
exp7_fixed_random_1,3394,558.75635,2.4977994,0.49659005,1.0,0.0,20.0
exp7_fixed_random_1,3395,589.176,3.1329665,0.7089407,1.0,0.0,23.0
exp7_fixed_random_1,3396,-108.03955,3.7073503,0.55502933,0.0,1.0,11.0
exp7_fixed_random_1,3397,509.92566,3.0801268,0.43625337,1.0,0.0,9.0
exp7_fixed_random_1,3398,-113.42884,3.2052903,0.7780098,0.0,1.0,13.0
exp7_fixed_random_1,3399,546.6452,2.557521,0.76009333,1.0,0.0,21.0
exp7_fixed_random_1,3401,-142.85121,3.6107073,0.48732194,0.0,1.0,12.0
exp7_fixed_random_1,3402,623.92395,3.7151124,0.7125865,1.0,0.0,17.0
exp7_fixed_random_1,3403,559.6459,2.8826816,0.8327686,1.0,0.0,18.0
exp7_fixed_random_1,3404,585.7207,2.5321238,0.7255768,1.0,0.0,29.0
exp7_fixed_random_1,3405,-354.1043,3.1097891,0.65614766,0.0,1.0,5.0
exp7_fixed_random_1,3406,587.0038,3.380521,0.7756821,1.0,0.0,20.0
exp7_fixed_random_1,3407,472.66553,2.8669252,0.8102475,1.0,0.0,17.0
exp7_fixed_random_1,3408,-127.19284,4.1532474,0.70203584,0.0,1.0,6.0
exp7_fixed_random_1,3409,527.74475,2.9735477,0.76938754,1.0,0.0,14.0
exp7_fixed_random_1,3410,565.8944,2.7848914,0.48417675,1.0,0.0,22.0
exp7_fixed_random_1,3411,566.74585,2.87951,0.8137785,1.0,0.0,15.0
exp7_fixed_random_1,3412,-51.24446,3.8577209,0.78900385,0.0,1.0,10.0
exp7_fixed_random_1,3413,556.819,3.1323147,0.55463064,1.0,0.0,19.0
exp7_fixed_random_1,3414,493.40588,3.6667264,0.9727152,1.0,0.0,12.0
exp7_fixed_random_1,3415,-186.26111,3.6755672,0.4835488,0.0,1.0,7.0
exp7_fixed_random_1,3416,480.88306,3.53685,0.6703276,1.0,0.0,13.0
exp7_fixed_random_1,3417,518.4801,3.5584981,0.78926724,1.0,0.0,17.0
exp7_fixed_random_1,3418,-181.85788,3.654338,0.57782537,0.0,1.0,2.0
exp7_fixed_random_1,3419,543.23193,2.817487,0.5730741,1.0,0.0,13.0
exp7_fixed_random_1,3421,-214.38673,4.1708217,0.6874463,0.0,1.0,11.0
exp7_fixed_random_1,3422,511.10443,3.012534,0.7766129,1.0,0.0,10.0
exp7_fixed_random_1,3423,550.2546,3.2358942,0.7844651,1.0,0.0,18.0
exp7_fixed_random_1,3424,545.6227,3.115054,0.6445487,1.0,0.0,14.0
exp7_fixed_random_1,3425,611.1303,2.7590148,0.5235204,1.0,0.0,24.0
exp7_fixed_random_1,3426,545.40283,2.521205,0.7031516,1.0,0.0,17.0
exp7_fixed_random_1,3427,557.94403,2.9491508,0.6573589,1.0,0.0,19.0
exp7_fixed_random_1,3428,654.22595,3.0755947,0.64989406,1.0,0.0,23.0
exp7_fixed_random_1,3429,601.30896,3.0980988,0.7845078,1.0,0.0,23.0
exp7_fixed_random_1,3430,-313.9217,4.3394785,0.7076056,0.0,1.0,5.0
exp7_fixed_random_1,3431,-117.66529,4.069571,0.71788174,0.0,1.0,8.0
exp7_fixed_random_1,3432,-224.84503,3.722428,0.7663576,0.0,1.0,12.0
exp7_fixed_random_1,3433,-71.45058,4.1917834,0.62468034,0.0,1.0,7.0
exp7_fixed_random_1,3434,513.11115,3.3888767,0.6005151,1.0,0.0,9.0
exp7_fixed_random_1,3435,550.37836,3.508903,0.5687309,1.0,0.0,13.0
exp7_fixed_random_1,3436,503.32077,3.1199799,0.84588975,1.0,0.0,16.0
exp7_fixed_random_1,3437,-154.05753,3.2802005,0.5675291,0.0,1.0,4.0
exp7_fixed_random_1,3438,619.9583,3.067983,0.6856534,1.0,0.0,21.0
exp7_fixed_random_1,3439,535.14124,2.893638,0.8515685,1.0,0.0,19.0
exp7_fixed_random_1,3441,487.5945,2.9369936,0.6964819,1.0,0.0,18.0
exp7_fixed_random_1,3442,448.7075,1.2561771,0.9828321,1.0,0.0,98.0
exp7_fixed_random_1,3443,571.3722,3.3365443,0.7787153,1.0,0.0,19.0
exp7_fixed_random_1,3444,-241.86942,3.3230531,0.6956483,0.0,1.0,14.0
exp7_fixed_random_1,3445,593.465,3.181728,0.5520234,1.0,0.0,21.0
exp7_fixed_random_1,3446,543.8278,3.5618725,0.86136997,1.0,0.0,16.0
exp7_fixed_random_1,3447,481.0551,2.259637,0.82584494,1.0,0.0,18.0
exp7_fixed_random_1,3448,491.9083,2.3520272,0.6767586,1.0,0.0,21.0
exp7_fixed_random_1,3449,579.6166,3.1034527,0.6421812,1.0,0.0,23.0
exp7_fixed_random_1,3450,584.5206,3.8929942,0.6246578,1.0,0.0,11.0
exp7_fixed_random_1,3451,-229.36081,3.7631805,0.80422705,0.0,1.0,10.0
exp7_fixed_random_1,3452,-213.34676,3.4940233,0.7480803,0.0,1.0,15.0
exp7_fixed_random_1,3453,587.5291,3.1538243,0.6464328,1.0,0.0,18.0
exp7_fixed_random_1,3454,584.5839,3.9971178,0.7060891,1.0,0.0,11.0
exp7_fixed_random_1,3455,-192.2017,3.4675343,0.6129957,0.0,1.0,6.0
exp7_fixed_random_1,3456,539.1843,2.6632977,0.75577134,1.0,0.0,18.0
exp7_fixed_random_1,3457,553.03217,3.2288446,0.68996346,1.0,0.0,16.0
exp7_fixed_random_1,3458,-189.36082,4.663064,0.8742727,0.0,1.0,2.0
exp7_fixed_random_1,3459,-262.48953,3.6754978,0.673999,0.0,1.0,8.0
exp7_fixed_random_1,3461,578.805,3.036251,0.7975288,1.0,0.0,16.0
exp7_fixed_random_1,3462,590.2208,2.8582158,0.69208616,1.0,0.0,26.0
exp7_fixed_random_1,3463,542.00146,2.5419528,0.8056091,1.0,0.0,28.0
exp7_fixed_random_1,3464,598.74335,2.7350774,0.7196431,1.0,0.0,28.0
exp7_fixed_random_1,3465,510.4776,3.0535488,0.75508046,1.0,0.0,16.0
exp7_fixed_random_1,3466,-258.2239,3.968064,0.733733,0.0,1.0,6.0
exp7_fixed_random_1,3467,524.6418,2.78402,0.6779595,1.0,0.0,14.0
exp7_fixed_random_1,3468,567.4497,2.3810384,0.59562826,1.0,0.0,20.0
exp7_fixed_random_1,3469,603.0907,2.9251242,0.6612974,1.0,0.0,24.0
exp7_fixed_random_1,3470,601.19604,4.059261,0.7218681,1.0,0.0,12.0
exp7_fixed_random_1,3471,-157.68262,3.4016573,0.4391059,0.0,1.0,6.0
exp7_fixed_random_1,3472,576.6814,3.7954435,0.6761667,1.0,0.0,11.0
exp7_fixed_random_1,3473,566.7423,3.31848,0.7378876,1.0,0.0,21.0
exp7_fixed_random_1,3474,543.2209,2.8897846,0.74516356,1.0,0.0,22.0
exp7_fixed_random_1,3475,-135.54631,3.7617853,0.7942249,0.0,1.0,12.0
exp7_fixed_random_1,3476,513.08325,2.505523,0.56971264,1.0,0.0,16.0
exp7_fixed_random_1,3477,493.61603,2.6154876,0.77071244,1.0,0.0,11.0
exp7_fixed_random_1,3478,581.21045,3.6369119,0.6727827,1.0,0.0,16.0
exp7_fixed_random_1,3479,-344.7603,3.8963046,0.6181986,0.0,1.0,2.0
exp7_fixed_random_1,3481,520.0951,3.1943734,0.6694808,1.0,0.0,17.0
exp7_fixed_random_1,3482,-221.9255,3.542872,0.7411526,0.0,1.0,14.0
exp7_fixed_random_1,3483,668.5245,2.9008605,0.61860514,1.0,0.0,28.0
exp7_fixed_random_1,3484,540.2038,2.761258,0.73709047,1.0,0.0,11.0
exp7_fixed_random_1,3485,611.9254,2.91983,0.7664711,1.0,0.0,27.0
exp7_fixed_random_1,3486,-208.88095,3.9443338,0.65018815,0.0,1.0,14.0
exp7_fixed_random_1,3487,-281.19788,3.7985222,0.8081886,0.0,1.0,7.0
exp7_fixed_random_1,3488,596.84576,3.8090513,0.7794085,1.0,0.0,11.0
exp7_fixed_random_1,3489,547.50037,2.644021,0.8627485,1.0,0.0,26.0
exp7_fixed_random_1,3490,-270.29935,3.1107466,0.7496407,0.0,1.0,11.0
exp7_fixed_random_1,3491,590.09753,2.7692006,0.7984229,1.0,0.0,24.0
exp7_fixed_random_1,3492,-244.36166,4.124733,0.8028303,0.0,1.0,8.0
exp7_fixed_random_1,3493,530.19934,2.5960283,0.8093809,1.0,0.0,25.0
exp7_fixed_random_1,3494,-339.53735,2.2964005,0.7111145,0.0,1.0,4.0
exp7_fixed_random_1,3495,617.116,3.4231498,0.76150095,1.0,0.0,19.0
exp7_fixed_random_1,3496,-323.32617,3.9932146,0.97513795,0.0,1.0,6.0
exp7_fixed_random_1,3497,551.8109,2.4687939,0.7599531,1.0,0.0,19.0
exp7_fixed_random_1,3498,513.00385,2.598688,0.6995761,1.0,0.0,15.0
exp7_fixed_random_1,3499,541.85156,3.0824168,0.81783444,1.0,0.0,22.0
exp7_fixed_random_1,3501,532.2654,2.9522989,0.65526724,1.0,0.0,20.0
exp7_fixed_random_1,3502,520.95325,3.2781343,0.69793403,1.0,0.0,13.0
exp7_fixed_random_1,3503,525.42444,3.0496786,0.8116688,1.0,0.0,15.0
exp7_fixed_random_1,3504,582.68494,2.103808,0.542832,1.0,0.0,34.0
exp7_fixed_random_1,3505,-228.33118,3.207411,0.61337686,0.0,1.0,17.0
exp7_fixed_random_1,3506,576.7041,3.7805262,0.68797696,1.0,0.0,15.0
exp7_fixed_random_1,3507,543.2124,2.0036936,0.67559016,1.0,0.0,20.0
exp7_fixed_random_1,3508,568.1099,2.7785738,0.894271,1.0,0.0,17.0
exp7_fixed_random_1,3509,-147.27103,3.9328766,0.58691496,0.0,1.0,6.0
exp7_fixed_random_1,3510,597.35474,2.7590988,0.8117474,1.0,0.0,25.0
exp7_fixed_random_1,3511,567.98865,2.689539,0.74285334,1.0,0.0,20.0
exp7_fixed_random_1,3512,573.3793,3.0114496,0.69495,1.0,0.0,16.0
exp7_fixed_random_1,3513,560.1327,3.0818741,0.7468826,1.0,0.0,19.0
exp7_fixed_random_1,3514,653.32587,3.0945635,0.48868066,1.0,0.0,22.0
exp7_fixed_random_1,3515,483.05286,3.0503144,0.69886535,1.0,0.0,11.0
exp7_fixed_random_1,3516,-236.42525,3.886002,0.7301563,0.0,1.0,8.0
exp7_fixed_random_1,3517,-91.668106,3.3021991,0.7212044,0.0,1.0,14.0
exp7_fixed_random_1,3518,552.2632,2.6537857,0.6542643,1.0,0.0,24.0
exp7_fixed_random_1,3519,481.95093,2.7921238,0.8963891,1.0,0.0,18.0
exp7_fixed_random_1,3521,-278.77307,3.6580298,0.82123893,0.0,1.0,9.0
exp7_fixed_random_1,3522,567.12317,2.7789211,0.785511,1.0,0.0,23.0
exp7_fixed_random_1,3523,-259.62146,2.643181,0.7053905,0.0,1.0,22.0
exp7_fixed_random_1,3524,571.8967,2.9717696,0.80598485,1.0,0.0,19.0
exp7_fixed_random_1,3525,598.7676,2.7790155,0.7347931,1.0,0.0,24.0
exp7_fixed_random_1,3526,488.38336,2.2793198,0.7474853,1.0,0.0,16.0
exp7_fixed_random_1,3527,540.49304,2.7137535,0.8623101,1.0,0.0,20.0
exp7_fixed_random_1,3528,571.39923,2.7747462,0.86975896,1.0,0.0,21.0
exp7_fixed_random_1,3529,513.96,2.4629238,0.6058563,1.0,0.0,16.0
exp7_fixed_random_1,3530,-153.75908,4.1910567,0.74767435,0.0,1.0,7.0
exp7_fixed_random_1,3531,585.62335,2.6169415,0.85291576,1.0,0.0,28.0
exp7_fixed_random_1,3532,-152.3092,3.6048856,0.92901856,0.0,1.0,8.0
exp7_fixed_random_1,3533,-207.76292,2.0784442,0.6171004,0.0,1.0,4.0
exp7_fixed_random_1,3534,-228.20792,3.3232203,0.71355855,0.0,1.0,16.0
exp7_fixed_random_1,3535,-327.04703,3.9020169,0.9298154,0.0,1.0,4.0
exp7_fixed_random_1,3536,-166.87047,3.442533,0.76804644,0.0,1.0,8.0
exp7_fixed_random_1,3537,-209.21877,3.2592824,0.91021615,0.0,1.0,3.0
exp7_fixed_random_1,3538,-108.64008,3.845991,0.5334804,0.0,1.0,8.0
exp7_fixed_random_1,3539,645.3439,3.1905615,0.8001331,1.0,0.0,22.0
exp7_fixed_random_1,3541,-102.32848,3.102777,0.5375257,0.0,1.0,14.0
exp7_fixed_random_1,3542,473.22986,1.7168486,0.72764593,1.0,0.0,29.0
exp7_fixed_random_1,3543,591.98157,2.3704667,0.57473594,1.0,0.0,27.0
exp7_fixed_random_1,3544,494.07736,2.6820726,0.7259309,1.0,0.0,23.0
exp7_fixed_random_1,3545,621.33136,3.0686438,0.879823,1.0,0.0,20.0
exp7_fixed_random_1,3546,557.88165,4.0197062,0.7501171,1.0,0.0,11.0
exp7_fixed_random_1,3547,-282.5172,2.9135873,0.78383523,0.0,1.0,17.0
exp7_fixed_random_1,3548,574.9901,3.37564,0.6637227,1.0,0.0,17.0
exp7_fixed_random_1,3549,532.27405,3.376547,0.70617044,1.0,0.0,16.0
exp7_fixed_random_1,3550,-231.2952,3.8441133,0.50170076,0.0,1.0,8.0
exp7_fixed_random_1,3551,564.2953,3.345832,0.69702303,1.0,0.0,15.0
exp7_fixed_random_1,3552,-322.73053,4.552737,0.7053968,0.0,1.0,2.0
exp7_fixed_random_1,3553,604.9398,2.3324957,0.6498391,1.0,0.0,35.0
exp7_fixed_random_1,3554,553.3869,2.3435185,0.7312999,1.0,0.0,27.0
exp7_fixed_random_1,3555,-68.77023,3.54344,0.7727209,0.0,1.0,14.0
exp7_fixed_random_1,3556,555.7008,2.5746727,0.6867341,1.0,0.0,17.0
exp7_fixed_random_1,3557,539.5824,2.34819,0.61189777,1.0,0.0,24.0
exp7_fixed_random_1,3558,538.1787,3.4882956,0.78582287,1.0,0.0,11.0
exp7_fixed_random_1,3559,521.20044,2.9016438,0.78258675,1.0,0.0,14.0
exp7_fixed_random_1,3561,606.8323,2.7795203,0.8872686,1.0,0.0,21.0
exp7_fixed_random_1,3562,507.4729,1.5133687,0.409861,1.0,0.0,22.0
exp7_fixed_random_1,3563,545.931,2.693074,0.84029365,1.0,0.0,19.0
exp7_fixed_random_1,3564,639.3082,2.8457854,0.69472563,1.0,0.0,26.0
exp7_fixed_random_1,3565,-118.96496,2.8046207,0.7889438,0.0,1.0,16.0
exp7_fixed_random_1,3566,551.964,3.3781588,0.87602586,1.0,0.0,17.0
exp7_fixed_random_1,3567,603.2323,3.2973664,0.8054215,1.0,0.0,20.0
exp7_fixed_random_1,3568,425.05573,3.6605318,0.6382546,1.0,0.0,7.0
exp7_fixed_random_1,3569,527.6722,2.7215014,0.6847798,1.0,0.0,16.0
exp7_fixed_random_1,3570,508.56287,2.9957254,0.8558635,1.0,0.0,17.0
exp7_fixed_random_1,3571,605.1465,2.6211731,0.70115,1.0,0.0,24.0
exp7_fixed_random_1,3572,493.46365,1.8811564,0.5794261,1.0,0.0,15.0
exp7_fixed_random_1,3573,474.25296,1.4029958,0.6086132,1.0,0.0,32.0
exp7_fixed_random_1,3574,-132.37857,3.33462,0.8787585,0.0,1.0,7.0
exp7_fixed_random_1,3575,-231.91026,3.6699631,0.71191573,0.0,1.0,8.0
exp7_fixed_random_1,3576,496.8665,2.52195,0.8503374,1.0,0.0,20.0
exp7_fixed_random_1,3577,533.3761,2.9461937,0.80260956,1.0,0.0,17.0
exp7_fixed_random_1,3578,-214.36922,2.7216916,0.67564654,0.0,1.0,19.0
exp7_fixed_random_1,3579,585.8939,2.9238937,0.5609189,1.0,0.0,22.0
exp7_fixed_random_1,3581,603.27545,2.7948446,0.641437,1.0,0.0,25.0
exp7_fixed_random_1,3582,635.355,3.1505036,0.7279972,1.0,0.0,21.0
exp7_fixed_random_1,3583,521.5037,2.3950396,0.44757313,1.0,0.0,15.0
exp7_fixed_random_1,3584,-343.3756,4.224545,0.54316115,0.0,1.0,2.0
exp7_fixed_random_1,3585,-152.33282,3.8493516,0.730888,0.0,1.0,11.0
exp7_fixed_random_1,3586,-230.46173,2.9210918,0.5946618,0.0,1.0,15.0
exp7_fixed_random_1,3587,-303.97772,2.8867207,0.582991,0.0,1.0,5.0
exp7_fixed_random_1,3588,623.1576,3.038861,0.8020944,1.0,0.0,24.0
exp7_fixed_random_1,3589,-117.36682,3.3514297,0.7386105,0.0,1.0,10.0
exp7_fixed_random_1,3590,512.2159,2.6619992,0.6753566,1.0,0.0,17.0
exp7_fixed_random_1,3591,539.2226,2.3906343,0.7349358,1.0,0.0,24.0
exp7_fixed_random_1,3592,615.3094,2.7974432,0.60466325,1.0,0.0,30.0
exp7_fixed_random_1,3593,528.8494,3.0489485,0.7844407,1.0,0.0,19.0
exp7_fixed_random_1,3594,529.8088,2.649079,0.70396566,1.0,0.0,22.0
exp7_fixed_random_1,3595,594.6631,3.1819112,0.82170594,1.0,0.0,19.0
exp7_fixed_random_1,3596,610.471,2.9964988,0.73912203,1.0,0.0,22.0
exp7_fixed_random_1,3597,-345.56183,4.600707,0.1591728,0.0,1.0,1.0
exp7_fixed_random_1,3598,517.5364,2.3266037,0.6931931,1.0,0.0,20.0
exp7_fixed_random_1,3599,618.29205,2.9977746,0.5555328,1.0,0.0,22.0
exp7_fixed_random_1,3601,524.0251,2.5848432,0.6792235,1.0,0.0,19.0
exp7_fixed_random_1,3602,-99.09335,3.8203075,0.63454735,0.0,1.0,9.0
exp7_fixed_random_1,3603,-77.577774,3.540324,0.8320522,0.0,1.0,18.0
exp7_fixed_random_1,3604,565.9408,3.0104215,0.8166495,1.0,0.0,19.0
exp7_fixed_random_1,3605,564.90814,4.0419383,0.785573,1.0,0.0,12.0
exp7_fixed_random_1,3606,548.20105,2.7003083,0.78594834,1.0,0.0,18.0
exp7_fixed_random_1,3607,577.64075,2.9573233,0.67187685,1.0,0.0,22.0
exp7_fixed_random_1,3608,-119.36116,4.230212,0.76810384,0.0,1.0,9.0
exp7_fixed_random_1,3609,-299.49,3.4054508,0.93161005,0.0,1.0,6.0
exp7_fixed_random_1,3610,499.7237,3.565598,0.8929434,1.0,0.0,15.0
exp7_fixed_random_1,3611,-318.05792,3.9328392,0.72564423,0.0,1.0,5.0
exp7_fixed_random_1,3612,615.94037,2.862596,0.8492009,1.0,0.0,19.0
exp7_fixed_random_1,3613,-279.94818,2.637253,0.8120537,0.0,1.0,21.0
exp7_fixed_random_1,3614,587.608,3.3113666,0.8369971,1.0,0.0,15.0
exp7_fixed_random_1,3615,539.3701,2.2977855,0.52454495,1.0,0.0,16.0
exp7_fixed_random_1,3616,577.95984,2.7515285,0.8480529,1.0,0.0,24.0
exp7_fixed_random_1,3617,558.21606,3.5037565,0.74273944,1.0,0.0,16.0
exp7_fixed_random_1,3618,572.1087,3.0878386,0.7124136,1.0,0.0,18.0
exp7_fixed_random_1,3619,-202.84305,3.15738,0.9055425,0.0,1.0,4.0
exp7_fixed_random_1,3621,626.4982,3.491129,0.7828404,1.0,0.0,20.0
exp7_fixed_random_1,3622,544.65674,3.0996225,0.79762965,1.0,0.0,18.0
exp7_fixed_random_1,3623,598.77295,3.5067112,0.7724114,1.0,0.0,17.0
exp7_fixed_random_1,3624,-294.62793,4.1566334,0.9616908,0.0,1.0,5.0
exp7_fixed_random_1,3625,-324.23798,3.439209,0.55261755,0.0,1.0,5.0
exp7_fixed_random_1,3626,578.5444,2.5259566,0.47716182,1.0,0.0,23.0
exp7_fixed_random_1,3627,574.7112,3.1678717,0.61839086,1.0,0.0,17.0
exp7_fixed_random_1,3628,470.72964,2.114854,0.6795381,1.0,0.0,12.0
exp7_fixed_random_1,3629,601.6688,2.9052954,0.64022356,1.0,0.0,20.0
exp7_fixed_random_1,3630,567.2195,2.4505568,0.5626419,1.0,0.0,17.0
exp7_fixed_random_1,3631,574.1195,3.5155518,0.6212409,1.0,0.0,16.0
exp7_fixed_random_1,3632,-84.12548,3.800876,0.764184,0.0,1.0,12.0
exp7_fixed_random_1,3633,457.76968,3.9892929,0.9249181,1.0,0.0,8.0
exp7_fixed_random_1,3634,528.62506,2.7343512,0.7509103,1.0,0.0,24.0
exp7_fixed_random_1,3635,-148.87036,3.8235245,0.96276814,0.0,1.0,6.0
exp7_fixed_random_1,3636,541.5704,3.192247,0.95392555,1.0,0.0,14.0
exp7_fixed_random_1,3637,594.2979,2.815457,0.8076472,1.0,0.0,21.0
exp7_fixed_random_1,3638,638.4413,2.7293856,0.8180403,1.0,0.0,25.0
exp7_fixed_random_1,3639,564.12335,2.9205914,0.66447955,1.0,0.0,21.0
exp7_fixed_random_1,3641,-270.77997,3.6643853,0.28691056,0.0,1.0,7.0
exp7_fixed_random_1,3642,532.0744,2.1251998,0.51858765,1.0,0.0,19.0
exp7_fixed_random_1,3643,566.8503,3.0211492,0.7060483,1.0,0.0,17.0
exp7_fixed_random_1,3644,523.05334,3.0200531,0.7523283,1.0,0.0,19.0
exp7_fixed_random_1,3645,569.3563,2.8811936,0.83262414,1.0,0.0,20.0
exp7_fixed_random_1,3646,-212.44699,3.6828914,0.51923376,0.0,1.0,9.0
exp7_fixed_random_1,3647,509.1959,1.4269596,0.54659045,1.0,0.0,33.0
exp7_fixed_random_1,3648,580.67145,3.4262342,0.7007645,1.0,0.0,19.0
exp7_fixed_random_1,3649,489.3585,3.3085172,0.6276129,1.0,0.0,8.0
exp7_fixed_random_1,3650,579.295,2.3305013,0.6021078,1.0,0.0,30.0
exp7_fixed_random_1,3651,579.61145,3.1881137,0.75988775,1.0,0.0,15.0
exp7_fixed_random_1,3652,512.85004,2.5520377,0.76159555,1.0,0.0,25.0
exp7_fixed_random_1,3653,-170.4291,4.015745,0.92324,0.0,1.0,8.0
exp7_fixed_random_1,3654,600.8297,2.6913207,0.6274557,1.0,0.0,28.0
exp7_fixed_random_1,3655,511.23193,1.7147504,0.4127815,1.0,0.0,44.0
exp7_fixed_random_1,3656,581.8124,2.618706,0.739174,1.0,0.0,20.0
exp7_fixed_random_1,3657,535.4219,1.8297026,0.50945103,1.0,0.0,29.0
exp7_fixed_random_1,3658,540.7693,2.6654527,0.69135565,1.0,0.0,23.0
exp7_fixed_random_1,3659,629.92505,2.8848097,0.73025924,1.0,0.0,27.0
exp7_fixed_random_1,3661,563.4938,2.9709475,0.6425722,1.0,0.0,19.0
exp7_fixed_random_1,3662,575.9416,2.8409045,0.74870867,1.0,0.0,22.0
exp7_fixed_random_1,3663,-345.74454,4.8225546,0.60956806,0.0,1.0,1.0
exp7_fixed_random_1,3664,500.18652,1.5581871,0.56642425,1.0,0.0,24.0
exp7_fixed_random_1,3665,603.0499,2.8893368,0.6005147,1.0,0.0,21.0
exp7_fixed_random_1,3666,534.32385,3.0407667,0.9378297,1.0,0.0,13.0
exp7_fixed_random_1,3667,474.9111,2.6009965,0.7220416,1.0,0.0,16.0
exp7_fixed_random_1,3668,-250.92743,2.8028166,0.6575521,0.0,1.0,12.0
exp7_fixed_random_1,3669,-220.59784,3.2180157,0.7370707,0.0,1.0,21.0
exp7_fixed_random_1,3670,517.6461,1.4806485,0.8256008,1.0,0.0,24.0
exp7_fixed_random_1,3671,606.7357,2.5002477,0.74559367,1.0,0.0,25.0
exp7_fixed_random_1,3672,-63.567398,3.235681,0.6246223,0.0,1.0,15.0
exp7_fixed_random_1,3673,537.01306,2.5736163,0.7478708,1.0,0.0,21.0
exp7_fixed_random_1,3674,499.03036,1.9124764,0.7036132,1.0,0.0,23.0
exp7_fixed_random_1,3675,527.4805,2.653794,0.8529083,1.0,0.0,16.0
exp7_fixed_random_1,3676,594.36316,2.4915264,0.5328996,1.0,0.0,21.0
exp7_fixed_random_1,3677,514.15704,2.3255692,0.8634286,1.0,0.0,20.0
exp7_fixed_random_1,3678,526.8936,3.2177982,0.7903615,1.0,0.0,17.0
exp7_fixed_random_1,3679,594.12885,2.4189863,0.74753606,1.0,0.0,22.0
exp7_fixed_random_1,3681,531.4986,2.7417064,0.7396214,1.0,0.0,18.0
exp7_fixed_random_1,3682,532.58264,2.1011379,0.5452667,1.0,0.0,36.0
exp7_fixed_random_1,3683,526.2986,2.721887,0.6576234,1.0,0.0,18.0
exp7_fixed_random_1,3684,542.3619,2.1135736,0.7331151,1.0,0.0,26.0
exp7_fixed_random_1,3685,574.22644,2.8719807,0.8380333,1.0,0.0,19.0
exp7_fixed_random_1,3686,541.9131,2.938102,0.69158417,1.0,0.0,15.0
exp7_fixed_random_1,3687,543.2021,2.0969245,0.5806848,1.0,0.0,23.0
exp7_fixed_random_1,3688,-68.4507,3.7316897,0.7981915,0.0,1.0,11.0
exp7_fixed_random_1,3689,519.5121,2.3833957,0.8027023,1.0,0.0,14.0
exp7_fixed_random_1,3690,534.71045,2.6220405,0.6879472,1.0,0.0,15.0
exp7_fixed_random_1,3691,627.72906,3.3821821,0.6472909,1.0,0.0,21.0
exp7_fixed_random_1,3692,508.66357,3.6583252,0.56994766,1.0,0.0,12.0
exp7_fixed_random_1,3693,542.9847,3.6337452,0.42421806,1.0,0.0,12.0
exp7_fixed_random_1,3694,612.75507,3.0882,0.7043213,1.0,0.0,23.0
exp7_fixed_random_1,3695,565.7653,2.8039722,0.76853466,1.0,0.0,17.0
exp7_fixed_random_1,3696,494.2501,1.3110517,0.55850524,1.0,0.0,34.0
exp7_fixed_random_1,3697,561.0481,2.9699388,0.80224586,1.0,0.0,15.0
exp7_fixed_random_1,3698,559.31714,3.24776,0.85341084,1.0,0.0,15.0
exp7_fixed_random_1,3699,536.5437,2.6483474,0.7858855,1.0,0.0,15.0
exp7_fixed_random_1,3701,516.3068,1.8255464,0.8175579,1.0,0.0,45.0
exp7_fixed_random_1,3702,-224.68816,3.6061296,0.580227,0.0,1.0,1.0
exp7_fixed_random_1,3703,543.92664,3.1785207,0.87832457,1.0,0.0,16.0
exp7_fixed_random_1,3704,419.27612,1.703473,0.79553413,1.0,0.0,14.0
exp7_fixed_random_1,3705,489.1994,2.3832848,0.6983317,1.0,0.0,20.0
exp7_fixed_random_1,3706,509.59082,2.6843417,0.72133464,1.0,0.0,19.0
exp7_fixed_random_1,3707,562.2516,3.4870775,0.7906161,1.0,0.0,18.0
exp7_fixed_random_1,3708,582.75073,3.177559,0.7700153,1.0,0.0,22.0
exp7_fixed_random_1,3709,522.7998,2.6993227,0.71627194,1.0,0.0,12.0
exp7_fixed_random_1,3710,564.2294,2.5106912,0.4936059,1.0,0.0,14.0
exp7_fixed_random_1,3711,526.6178,3.6888678,0.6554835,1.0,0.0,11.0
exp7_fixed_random_1,3712,-155.654,3.7081645,0.96302426,0.0,1.0,8.0
exp7_fixed_random_1,3713,500.67157,3.73635,0.67716765,1.0,0.0,12.0
exp7_fixed_random_1,3714,523.24066,2.970503,0.7887142,1.0,0.0,22.0
exp7_fixed_random_1,3715,578.5142,2.4892445,0.71214944,1.0,0.0,28.0
exp7_fixed_random_1,3716,-139.19328,3.3568156,0.7905214,0.0,1.0,9.0
exp7_fixed_random_1,3717,515.77905,3.5703692,0.56640327,1.0,0.0,9.0
exp7_fixed_random_1,3718,596.5679,2.0441468,0.91419554,1.0,0.0,31.0
exp7_fixed_random_1,3719,-163.27086,4.249113,0.7366775,0.0,1.0,4.0
exp7_fixed_random_1,3721,555.2656,2.6071775,0.7803307,1.0,0.0,24.0
exp7_fixed_random_1,3722,556.41266,2.9211435,0.85658675,1.0,0.0,17.0
exp7_fixed_random_1,3723,657.60754,2.9954038,0.6573538,1.0,0.0,21.0
exp7_fixed_random_1,3724,505.8942,3.0500476,0.61738324,1.0,0.0,9.0
exp7_fixed_random_1,3725,555.8771,3.614909,0.8111059,1.0,0.0,16.0
exp7_fixed_random_1,3726,-209.03668,3.932208,0.43472052,0.0,1.0,1.0
exp7_fixed_random_1,3727,504.21252,2.862562,0.6533437,1.0,0.0,14.0
exp7_fixed_random_1,3728,458.0368,2.5046713,0.85390395,1.0,0.0,10.0
exp7_fixed_random_1,3729,512.4891,3.0211666,0.50501615,1.0,0.0,8.0
exp7_fixed_random_1,3730,-223.33643,3.652426,0.72924566,0.0,1.0,9.0
exp7_fixed_random_1,3731,511.6589,2.586817,0.66039044,1.0,0.0,16.0
exp7_fixed_random_1,3732,-4.407074,3.0344346,0.6520562,0.0,1.0,25.0
exp7_fixed_random_1,3733,453.2471,1.5545136,0.4791194,1.0,0.0,29.0
exp7_fixed_random_1,3734,545.1439,2.589209,0.72011405,1.0,0.0,19.0
exp7_fixed_random_1,3735,-136.75726,4.1810412,0.77721524,0.0,1.0,9.0
exp7_fixed_random_1,3736,-126.29874,3.362126,0.71150917,0.0,1.0,8.0
exp7_fixed_random_1,3737,601.04175,2.9851174,0.6695217,1.0,0.0,23.0
exp7_fixed_random_1,3738,-58.693726,2.4738495,0.5749627,0.0,1.0,27.0
exp7_fixed_random_1,3739,532.66235,1.2736875,0.52214277,1.0,0.0,44.0
exp7_fixed_random_1,3741,515.98395,2.1640666,0.6253994,1.0,0.0,23.0
exp7_fixed_random_1,3742,506.77228,2.1502595,0.6131291,1.0,0.0,28.0
exp7_fixed_random_1,3743,-222.64401,3.6690114,0.51676595,0.0,1.0,10.0
exp7_fixed_random_1,3744,-286.9499,4.411503,0.8531637,0.0,1.0,5.0
exp7_fixed_random_1,3745,461.85822,1.3282894,0.4886412,1.0,0.0,28.0
exp7_fixed_random_1,3746,543.64905,2.6444876,0.7966237,1.0,0.0,19.0
exp7_fixed_random_1,3747,511.3735,2.7164829,0.61900216,1.0,0.0,18.0
exp7_fixed_random_1,3748,547.39246,3.2119563,0.50663304,1.0,0.0,15.0
exp7_fixed_random_1,3749,575.7405,2.4616175,0.5824789,1.0,0.0,29.0
exp7_fixed_random_1,3750,577.4734,2.131196,0.5662829,1.0,0.0,24.0
exp7_fixed_random_1,3751,586.3902,2.3263333,0.6968513,1.0,0.0,28.0
exp7_fixed_random_1,3752,-159.89172,3.9582775,0.81657124,0.0,1.0,8.0
exp7_fixed_random_1,3753,607.3609,3.9311244,0.95602864,1.0,0.0,13.0
exp7_fixed_random_1,3754,617.4791,2.6319788,0.46250477,1.0,0.0,28.0
exp7_fixed_random_1,3755,510.17264,3.1537013,0.65110266,1.0,0.0,13.0
exp7_fixed_random_1,3756,-207.35579,3.1385813,0.62609094,0.0,1.0,2.0
exp7_fixed_random_1,3757,518.5788,2.2689526,0.867874,1.0,0.0,31.0
exp7_fixed_random_1,3758,623.63245,3.0497048,0.84106976,1.0,0.0,23.0
exp7_fixed_random_1,3759,497.23993,1.9241693,0.6547258,1.0,0.0,18.0
exp7_fixed_random_1,3761,557.17834,2.5682166,0.6659854,1.0,0.0,18.0
exp7_fixed_random_1,3762,-345.676,4.917613,0.7243866,0.0,1.0,1.0
exp7_fixed_random_1,3763,545.74414,2.5167878,0.8280014,1.0,0.0,27.0
exp7_fixed_random_1,3764,-232.9643,3.353932,0.6185929,0.0,1.0,7.0
exp7_fixed_random_1,3765,571.00146,3.7315335,0.7699992,1.0,0.0,13.0
exp7_fixed_random_1,3766,567.14343,3.6968057,0.81153226,1.0,0.0,13.0
exp7_fixed_random_1,3767,631.5974,2.47176,0.48905447,1.0,0.0,36.0
exp7_fixed_random_1,3768,593.371,3.8615024,0.95348436,1.0,0.0,15.0
exp7_fixed_random_1,3769,462.0428,2.148778,0.4151536,1.0,0.0,16.0
exp7_fixed_random_1,3770,578.53906,3.0306103,0.6322052,1.0,0.0,17.0
exp7_fixed_random_1,3771,-181.1985,2.1434717,0.64867926,0.0,1.0,21.0
exp7_fixed_random_1,3772,528.7135,3.248818,0.69537604,1.0,0.0,20.0
exp7_fixed_random_1,3773,538.6272,2.926746,0.6786634,1.0,0.0,21.0
exp7_fixed_random_1,3774,509.5907,1.8610831,0.5301358,1.0,0.0,19.0
exp7_fixed_random_1,3775,-98.97085,3.5000129,0.9055531,0.0,1.0,8.0
exp7_fixed_random_1,3776,650.2427,3.0498302,0.8005721,1.0,0.0,23.0
exp7_fixed_random_1,3777,577.3932,2.4490557,0.64024293,1.0,0.0,30.0
exp7_fixed_random_1,3778,540.54675,2.7779262,0.732074,1.0,0.0,13.0
exp7_fixed_random_1,3779,557.0576,2.4985988,0.5983423,1.0,0.0,26.0
exp7_fixed_random_1,3781,591.6662,3.3714871,0.8625191,1.0,0.0,18.0
exp7_fixed_random_1,3782,468.59232,2.1687996,0.7631205,1.0,0.0,23.0
exp7_fixed_random_1,3783,-113.258896,2.6232712,0.7048913,0.0,1.0,21.0
exp7_fixed_random_1,3784,-124.209145,3.2258575,0.78567594,0.0,1.0,12.0
exp7_fixed_random_1,3785,-47.648376,2.7237093,0.57491463,0.0,1.0,17.0
exp7_fixed_random_1,3786,517.4365,2.9021668,0.6876977,1.0,0.0,10.0
exp7_fixed_random_1,3787,517.818,1.4933809,0.3969905,1.0,0.0,27.0
exp7_fixed_random_1,3788,567.0418,2.7064269,0.75909483,1.0,0.0,22.0
exp7_fixed_random_1,3789,-50.82173,2.6631894,0.648898,0.0,1.0,27.0
exp7_fixed_random_1,3790,508.31586,2.407137,0.7330262,1.0,0.0,17.0
exp7_fixed_random_1,3791,536.824,2.5056555,0.7193347,1.0,0.0,25.0
exp7_fixed_random_1,3792,571.28656,1.862781,0.43587977,1.0,0.0,43.0
exp7_fixed_random_1,3793,620.7923,2.9665391,0.6516423,1.0,0.0,19.0
exp7_fixed_random_1,3794,-255.36148,2.6956182,0.47072774,0.0,1.0,14.0
exp7_fixed_random_1,3795,-264.315,3.0126262,0.74369776,0.0,1.0,10.0
exp7_fixed_random_1,3796,637.44604,2.278266,0.5116763,1.0,0.0,34.0
exp7_fixed_random_1,3797,-238.89778,2.5154374,0.6529771,0.0,1.0,19.0
exp7_fixed_random_1,3798,574.7523,2.4740467,0.6744634,1.0,0.0,28.0
exp7_fixed_random_1,3799,-35.748123,2.8692946,0.61839974,0.0,1.0,23.0
exp7_fixed_random_1,3801,550.9879,2.8121989,0.6504978,1.0,0.0,16.0
exp7_fixed_random_1,3802,584.2942,3.3819675,0.82872844,1.0,0.0,17.0
exp7_fixed_random_1,3803,483.70847,2.5941365,0.61734575,1.0,0.0,26.0
exp7_fixed_random_1,3804,506.58316,2.8069456,0.6382148,1.0,0.0,11.0
exp7_fixed_random_1,3805,576.0015,2.5395055,0.8287758,1.0,0.0,26.0
exp7_fixed_random_1,3806,626.07245,2.9433575,0.7715886,1.0,0.0,23.0
exp7_fixed_random_1,3807,533.4549,2.2060847,0.4773681,1.0,0.0,18.0
exp7_fixed_random_1,3808,506.81354,2.7694209,0.7805816,1.0,0.0,16.0
exp7_fixed_random_1,3809,485.6403,2.4998794,0.85481304,1.0,0.0,12.0
exp7_fixed_random_1,3810,470.00458,2.0911298,0.76937395,1.0,0.0,26.0
exp7_fixed_random_1,3811,-137.70667,2.86981,0.7002448,0.0,1.0,14.0
exp7_fixed_random_1,3812,529.9262,1.8147805,0.63166517,1.0,0.0,25.0
exp7_fixed_random_1,3813,633.09644,3.1113434,0.73690844,1.0,0.0,20.0
exp7_fixed_random_1,3814,583.3449,2.245262,0.5147981,1.0,0.0,31.0
exp7_fixed_random_1,3815,563.02234,2.8842573,0.76244533,1.0,0.0,20.0
exp7_fixed_random_1,3816,498.10587,2.0530488,0.6763815,1.0,0.0,22.0
exp7_fixed_random_1,3817,518.57587,3.4830768,0.5691637,1.0,0.0,13.0
exp7_fixed_random_1,3818,610.9262,2.691077,0.6731575,1.0,0.0,23.0
exp7_fixed_random_1,3819,567.05475,2.3794796,0.7365885,1.0,0.0,24.0
exp7_fixed_random_1,3821,-109.15035,3.6435215,0.8981914,0.0,1.0,12.0
exp7_fixed_random_1,3822,505.78485,2.2269857,0.71511066,1.0,0.0,17.0
exp7_fixed_random_1,3823,537.06354,2.809537,0.6423179,1.0,0.0,16.0
exp7_fixed_random_1,3824,549.5237,2.6566162,0.7881065,1.0,0.0,22.0
exp7_fixed_random_1,3825,566.212,2.888764,0.5542063,1.0,0.0,20.0
exp7_fixed_random_1,3826,548.38995,2.6608994,0.72776765,1.0,0.0,21.0
exp7_fixed_random_1,3827,504.65637,2.8502219,0.6974795,1.0,0.0,15.0
exp7_fixed_random_1,3828,612.2346,3.6220627,0.89778095,1.0,0.0,18.0
exp7_fixed_random_1,3829,629.5645,3.0832174,0.77241975,1.0,0.0,22.0
exp7_fixed_random_1,3830,498.384,3.076902,0.7511051,1.0,0.0,10.0
exp7_fixed_random_1,3831,500.45026,2.2679186,0.65021896,1.0,0.0,18.0
exp7_fixed_random_1,3832,554.0686,3.3281386,0.5829387,1.0,0.0,14.0
exp7_fixed_random_1,3833,544.1895,2.199239,0.6037071,1.0,0.0,23.0
exp7_fixed_random_1,3834,-194.28035,3.020124,0.73661774,0.0,1.0,14.0
exp7_fixed_random_1,3835,622.29736,3.0128038,0.6264163,1.0,0.0,23.0
exp7_fixed_random_1,3836,522.28253,2.5339863,0.6921878,1.0,0.0,21.0
exp7_fixed_random_1,3837,541.36694,3.7060788,0.61650217,1.0,0.0,9.0
exp7_fixed_random_1,3838,540.88794,2.5700576,0.5495851,1.0,0.0,22.0
exp7_fixed_random_1,3839,531.2909,1.8314941,0.51165897,1.0,0.0,17.0
exp7_fixed_random_1,3841,-197.07666,3.778879,0.883965,0.0,1.0,4.0
exp7_fixed_random_1,3842,-193.4629,2.4619904,0.5102853,0.0,1.0,4.0
exp7_fixed_random_1,3843,598.0369,2.436313,0.58663696,1.0,0.0,30.0
exp7_fixed_random_1,3844,426.8723,2.5401611,0.7084201,1.0,0.0,21.0
exp7_fixed_random_1,3845,544.82306,2.4171164,0.838082,1.0,0.0,29.0
exp7_fixed_random_1,3846,653.65076,3.4314778,0.6855843,1.0,0.0,18.0
exp7_fixed_random_1,3847,594.9304,3.0040338,0.71671236,1.0,0.0,17.0
exp7_fixed_random_1,3848,480.91592,2.6284065,0.62280214,1.0,0.0,15.0
exp7_fixed_random_1,3849,459.12384,1.5465511,0.5598539,1.0,0.0,18.0
exp7_fixed_random_1,3850,642.22253,2.7346487,0.6434405,1.0,0.0,30.0
exp7_fixed_random_1,3851,570.66046,3.255531,0.79167396,1.0,0.0,13.0
exp7_fixed_random_1,3852,530.34216,2.2006085,0.61651266,1.0,0.0,22.0
exp7_fixed_random_1,3853,512.8935,2.7913415,0.8081102,1.0,0.0,11.0
exp7_fixed_random_1,3854,-134.27191,3.643715,0.8352508,0.0,1.0,8.0
exp7_fixed_random_1,3855,-293.77808,3.6489491,0.9377343,0.0,1.0,8.0
exp7_fixed_random_1,3856,467.71725,1.8516537,0.64498496,1.0,0.0,19.0
exp7_fixed_random_1,3857,507.68005,2.5454996,0.6971158,1.0,0.0,14.0
exp7_fixed_random_1,3858,516.4198,3.077833,0.77777594,1.0,0.0,17.0
exp7_fixed_random_1,3859,593.6167,2.6688635,0.6337285,1.0,0.0,29.0
exp7_fixed_random_1,3861,627.5411,2.9823704,0.7181272,1.0,0.0,21.0
exp7_fixed_random_1,3862,550.8762,3.5410106,0.67609465,1.0,0.0,18.0
exp7_fixed_random_1,3863,648.62384,2.8580952,0.8165399,1.0,0.0,21.0
exp7_fixed_random_1,3864,587.8207,2.9080899,0.6914611,1.0,0.0,24.0
exp7_fixed_random_1,3865,538.4956,2.9327085,0.60057837,1.0,0.0,17.0
exp7_fixed_random_1,3866,559.46533,2.207947,0.5302606,1.0,0.0,25.0
exp7_fixed_random_1,3867,549.3739,2.1834958,0.6673077,1.0,0.0,23.0
exp7_fixed_random_1,3868,590.37006,2.7662964,0.6943183,1.0,0.0,24.0
exp7_fixed_random_1,3869,-130.77023,3.641685,0.5308487,0.0,1.0,9.0
exp7_fixed_random_1,3870,605.1462,2.8721154,0.77270144,1.0,0.0,23.0
exp7_fixed_random_1,3871,462.07202,1.3900522,0.62092686,1.0,0.0,41.0
exp7_fixed_random_1,3872,493.38544,2.2122784,0.6683115,1.0,0.0,22.0
exp7_fixed_random_1,3873,608.017,3.237596,0.6929516,1.0,0.0,21.0
exp7_fixed_random_1,3874,513.9786,2.6395802,0.57601786,1.0,0.0,21.0
exp7_fixed_random_1,3875,525.2102,3.1006584,0.7620729,1.0,0.0,13.0
exp7_fixed_random_1,3876,543.66925,2.6866539,0.8948972,1.0,0.0,15.0
exp7_fixed_random_1,3877,481.9749,2.4216483,0.7729926,1.0,0.0,12.0
exp7_fixed_random_1,3878,611.17017,2.8733795,0.8189132,1.0,0.0,22.0
exp7_fixed_random_1,3879,542.01385,3.0493286,0.8218022,1.0,0.0,17.0
exp7_fixed_random_1,3881,-121.48894,3.1819985,0.68212175,0.0,1.0,8.0
exp7_fixed_random_1,3882,501.85907,1.7231911,0.619361,1.0,0.0,19.0
exp7_fixed_random_1,3883,506.4468,2.5742724,0.74942535,1.0,0.0,18.0
exp7_fixed_random_1,3884,477.4492,2.0037751,0.65501636,1.0,0.0,17.0
exp7_fixed_random_1,3885,-140.39478,2.6473577,0.7160647,0.0,1.0,11.0
exp7_fixed_random_1,3886,580.47217,3.5036657,0.64265436,1.0,0.0,15.0
exp7_fixed_random_1,3887,489.16284,2.5948594,0.8052081,1.0,0.0,17.0
exp7_fixed_random_1,3888,544.3058,2.3699164,0.633657,1.0,0.0,25.0
exp7_fixed_random_1,3889,469.66022,1.5087633,0.47666654,1.0,0.0,21.0
exp7_fixed_random_1,3890,574.3622,2.8772287,0.7501253,1.0,0.0,23.0
exp7_fixed_random_1,3891,612.81415,3.4626644,0.7301995,1.0,0.0,20.0
exp7_fixed_random_1,3892,612.673,2.8128731,0.5235693,1.0,0.0,23.0
exp7_fixed_random_1,3893,488.91702,2.7097788,0.7399211,1.0,0.0,17.0
exp7_fixed_random_1,3894,449.7004,2.6500652,0.84501404,1.0,0.0,17.0
exp7_fixed_random_1,3895,467.0506,1.6630087,0.7729893,1.0,0.0,17.0
exp7_fixed_random_1,3896,-225.78445,3.3284373,0.6024041,0.0,1.0,14.0
exp7_fixed_random_1,3897,-58.374176,3.549219,0.7916162,0.0,1.0,11.0
exp7_fixed_random_1,3898,493.42194,3.3013935,0.66267675,1.0,0.0,9.0
exp7_fixed_random_1,3899,474.10498,2.4785352,0.71723217,1.0,0.0,19.0
exp7_fixed_random_1,3901,472.3907,2.7611284,0.79425734,1.0,0.0,20.0
exp7_fixed_random_1,3902,595.7511,2.723006,0.7108321,1.0,0.0,28.0
exp7_fixed_random_1,3903,566.50055,2.6098225,0.7108808,1.0,0.0,24.0
exp7_fixed_random_1,3904,-201.16272,3.6030192,0.72129244,0.0,1.0,16.0
exp7_fixed_random_1,3905,611.9378,3.0792458,0.7510687,1.0,0.0,23.0
exp7_fixed_random_1,3906,571.8432,3.1935873,0.6518975,1.0,0.0,15.0
exp7_fixed_random_1,3907,511.37735,2.3644857,0.75063586,1.0,0.0,26.0
exp7_fixed_random_1,3908,542.10986,2.4861262,0.8171735,1.0,0.0,25.0
exp7_fixed_random_1,3909,-211.52394,4.8163214,0.83029413,0.0,1.0,1.0
exp7_fixed_random_1,3910,635.5227,2.5661209,0.49966484,1.0,0.0,31.0
exp7_fixed_random_1,3911,554.88934,2.490302,0.8723524,1.0,0.0,22.0
exp7_fixed_random_1,3912,619.7958,2.876992,0.74371594,1.0,0.0,18.0
exp7_fixed_random_1,3913,586.9795,3.2887704,0.6068048,1.0,0.0,17.0
exp7_fixed_random_1,3914,-280.94543,3.5364766,0.6830125,0.0,1.0,8.0
exp7_fixed_random_1,3915,542.95966,3.6761029,0.8214603,1.0,0.0,15.0
exp7_fixed_random_1,3916,527.58307,2.3475642,0.57282805,1.0,0.0,17.0
exp7_fixed_random_1,3917,530.6224,2.4808056,0.5754915,1.0,0.0,15.0
exp7_fixed_random_1,3918,-180.76297,2.838009,0.735753,0.0,1.0,6.0
exp7_fixed_random_1,3919,540.04755,3.5399542,0.699127,1.0,0.0,15.0
exp7_fixed_random_1,3921,469.57285,2.5086508,0.84218967,1.0,0.0,18.0
exp7_fixed_random_1,3922,542.2744,2.6342635,0.5824372,1.0,0.0,20.0
exp7_fixed_random_1,3923,-174.50723,4.0789595,0.7351527,0.0,1.0,6.0
exp7_fixed_random_1,3924,478.83954,2.7938182,0.8144299,1.0,0.0,19.0
exp7_fixed_random_1,3925,606.5663,2.8074777,0.6647802,1.0,0.0,24.0
exp7_fixed_random_1,3926,534.81274,2.8880303,0.84360164,1.0,0.0,19.0
exp7_fixed_random_1,3927,-159.92781,4.0591383,0.8034455,0.0,1.0,3.0
exp7_fixed_random_1,3928,-348.1984,2.797291,0.025051836,0.0,1.0,1.0
exp7_fixed_random_1,3929,-165.09032,4.082343,0.761522,0.0,1.0,3.0
exp7_fixed_random_1,3930,501.18457,2.163907,0.6274353,1.0,0.0,26.0
exp7_fixed_random_1,3931,547.84814,3.1826618,0.60112864,1.0,0.0,16.0
exp7_fixed_random_1,3932,576.8999,2.4966393,0.66847485,1.0,0.0,21.0
exp7_fixed_random_1,3933,490.91705,2.0559494,0.69577265,1.0,0.0,16.0
exp7_fixed_random_1,3934,593.16284,3.5810323,0.7786802,1.0,0.0,17.0
exp7_fixed_random_1,3935,559.6269,1.8186425,0.46634576,1.0,0.0,35.0
exp7_fixed_random_1,3936,534.0175,2.1247685,0.56774163,1.0,0.0,23.0
exp7_fixed_random_1,3937,562.0796,2.3811877,0.6454044,1.0,0.0,29.0
exp7_fixed_random_1,3938,571.2414,2.7878792,0.7562493,1.0,0.0,20.0
exp7_fixed_random_1,3939,483.63266,2.4829214,0.7719693,1.0,0.0,21.0
exp7_fixed_random_1,3941,-211.56192,2.065021,0.75688493,0.0,1.0,5.0
exp7_fixed_random_1,3942,545.3616,2.6388836,0.71843535,1.0,0.0,25.0
exp7_fixed_random_1,3943,514.8076,2.5518403,0.7333404,1.0,0.0,26.0
exp7_fixed_random_1,3944,518.97546,1.4271232,0.56500375,1.0,0.0,30.0
exp7_fixed_random_1,3945,-73.12045,3.6714523,0.7880041,0.0,1.0,11.0
exp7_fixed_random_1,3946,514.0481,2.1024783,0.6005307,1.0,0.0,22.0
exp7_fixed_random_1,3947,-212.38719,4.7660213,0.009523092,0.0,1.0,1.0
exp7_fixed_random_1,3948,500.29428,2.961612,0.74482954,1.0,0.0,19.0
exp7_fixed_random_1,3949,457.25638,1.8515625,0.58753693,1.0,0.0,19.0
exp7_fixed_random_1,3950,580.16223,3.3837695,0.7989163,1.0,0.0,15.0
exp7_fixed_random_1,3951,510.43237,3.3733194,0.6138095,1.0,0.0,15.0
exp7_fixed_random_1,3952,523.84406,2.1275935,0.55707586,1.0,0.0,20.0
exp7_fixed_random_1,3953,-101.237526,3.6402388,0.74363405,0.0,1.0,11.0
exp7_fixed_random_1,3954,562.86426,3.6942515,0.7712792,1.0,0.0,13.0
exp7_fixed_random_1,3955,588.90314,2.7651846,0.60200524,1.0,0.0,29.0
exp7_fixed_random_1,3956,-204.66269,4.3788543,0.28938422,0.0,1.0,1.0
exp7_fixed_random_1,3957,584.8561,2.6601477,0.5697704,1.0,0.0,24.0
exp7_fixed_random_1,3958,503.13422,2.6094158,0.7069147,1.0,0.0,17.0
exp7_fixed_random_1,3959,497.75385,2.401321,0.70719284,1.0,0.0,20.0
exp7_fixed_random_1,3961,599.28424,3.5249894,0.8083612,1.0,0.0,18.0
exp7_fixed_random_1,3962,601.6298,4.0215907,0.60076326,1.0,0.0,13.0
exp7_fixed_random_1,3963,-240.9299,3.4709365,0.6912518,0.0,1.0,10.0
exp7_fixed_random_1,3964,589.0613,3.3125985,0.75627744,1.0,0.0,19.0
exp7_fixed_random_1,3965,616.15094,2.4311569,0.5828576,1.0,0.0,31.0
exp7_fixed_random_1,3966,580.74554,3.6294937,0.86026645,1.0,0.0,13.0
exp7_fixed_random_1,3967,-221.68472,3.0954847,0.64018553,0.0,1.0,11.0
exp7_fixed_random_1,3968,565.9903,3.1701975,0.6829425,1.0,0.0,19.0
exp7_fixed_random_1,3969,537.9242,3.1655443,0.7866393,1.0,0.0,15.0
exp7_fixed_random_1,3970,562.4282,2.992873,0.7002603,1.0,0.0,19.0
exp7_fixed_random_1,3971,-169.12021,3.3074527,0.63652974,0.0,1.0,8.0
exp7_fixed_random_1,3972,605.9092,2.4721844,0.7534786,1.0,0.0,26.0
exp7_fixed_random_1,3973,508.89038,2.3893087,0.48661378,1.0,0.0,11.0
exp7_fixed_random_1,3974,512.69086,1.6208209,0.47863844,1.0,0.0,29.0
exp7_fixed_random_1,3975,544.06726,2.5917537,0.7393746,1.0,0.0,18.0
exp7_fixed_random_1,3976,578.4715,2.9682782,0.7831988,1.0,0.0,15.0
exp7_fixed_random_1,3977,577.91455,3.0589561,0.74104095,1.0,0.0,19.0
exp7_fixed_random_1,3978,-212.84027,3.1605465,0.80797184,0.0,1.0,15.0
exp7_fixed_random_1,3979,568.0096,2.6237416,0.50487965,1.0,0.0,14.0
exp7_fixed_random_1,3981,530.168,2.9639792,0.8197094,1.0,0.0,17.0
exp7_fixed_random_1,3982,633.29706,2.7411458,0.705825,1.0,0.0,26.0
exp7_fixed_random_1,3983,632.74805,3.6536055,0.7409112,1.0,0.0,19.0
exp7_fixed_random_1,3984,-268.59467,3.3877647,0.757296,0.0,1.0,8.0
exp7_fixed_random_1,3985,-173.3837,2.433323,0.5809974,0.0,1.0,14.0
exp7_fixed_random_1,3986,562.53143,2.9442284,0.7350517,1.0,0.0,22.0
exp7_fixed_random_1,3987,536.1695,3.0208447,0.873579,1.0,0.0,21.0
exp7_fixed_random_1,3988,466.39618,2.9739983,0.83203787,1.0,0.0,17.0
exp7_fixed_random_1,3989,528.6188,1.6975627,0.41647255,1.0,0.0,34.0
exp7_fixed_random_1,3990,487.99927,2.1183493,0.5499302,1.0,0.0,14.0
exp7_fixed_random_1,3991,533.40173,1.6330754,0.39323112,1.0,0.0,24.0
exp7_fixed_random_1,3992,626.8463,3.5804312,0.6811599,1.0,0.0,18.0
exp7_fixed_random_1,3993,-95.150604,3.6784778,0.78041965,0.0,1.0,9.0
exp7_fixed_random_1,3994,586.7954,3.137547,0.5373227,1.0,0.0,18.0
exp7_fixed_random_1,3995,577.8977,2.8629024,0.7166994,1.0,0.0,24.0
exp7_fixed_random_1,3996,491.2799,2.5443563,0.5811601,1.0,0.0,9.0
exp7_fixed_random_1,3997,548.45044,2.686001,0.5771825,1.0,0.0,15.0
exp7_fixed_random_1,3998,-58.263397,2.605817,0.5758546,0.0,1.0,20.0
exp7_fixed_random_1,3999,568.24554,2.4137337,0.81973016,1.0,0.0,29.0
exp7_fixed_random_1,4001,554.0106,2.7735243,0.8111618,1.0,0.0,15.0
exp7_fixed_random_1,4002,-159.23727,2.9771745,0.6571101,0.0,1.0,16.0
exp7_fixed_random_1,4003,526.8949,2.52675,0.53868085,1.0,0.0,16.0
exp7_fixed_random_1,4004,621.3832,2.644481,0.5699476,1.0,0.0,23.0
exp7_fixed_random_1,4005,690.8741,3.053639,0.62833333,1.0,0.0,25.0
exp7_fixed_random_1,4006,506.57263,1.5849636,0.45703843,1.0,0.0,28.0
exp7_fixed_random_1,4007,481.04782,2.9108377,0.7496508,1.0,0.0,15.0
exp7_fixed_random_1,4008,509.7087,2.6152298,0.71423113,1.0,0.0,20.0
exp7_fixed_random_1,4009,-167.23946,3.6062973,0.39748326,0.0,1.0,7.0
exp7_fixed_random_1,4010,-131.57706,2.4854052,0.6419524,0.0,1.0,13.0
exp7_fixed_random_1,4011,-90.601006,2.8344126,0.55077904,0.0,1.0,10.0
exp7_fixed_random_1,4012,487.97467,3.4696352,0.7516965,1.0,0.0,13.0
exp7_fixed_random_1,4013,623.4496,2.6630743,0.59017384,1.0,0.0,27.0
exp7_fixed_random_1,4014,499.8161,1.7023367,0.5288214,1.0,0.0,31.0
exp7_fixed_random_1,4015,-229.29443,2.217468,0.52868205,0.0,1.0,17.0
exp7_fixed_random_1,4016,573.26764,2.5725067,0.6250351,1.0,0.0,18.0
exp7_fixed_random_1,4017,521.1368,2.4886007,0.76981974,1.0,0.0,17.0
exp7_fixed_random_1,4018,556.7222,3.352949,0.72937906,1.0,0.0,14.0
exp7_fixed_random_1,4019,591.27795,3.1008718,0.70662725,1.0,0.0,19.0
exp7_fixed_random_1,4021,509.40878,2.8434172,0.48320058,1.0,0.0,12.0
exp7_fixed_random_1,4022,-209.9285,3.5230439,0.7719368,0.0,1.0,5.0
exp7_fixed_random_1,4023,575.93744,2.284254,0.8277192,1.0,0.0,31.0
exp7_fixed_random_1,4024,506.12854,2.9304614,0.8172635,1.0,0.0,18.0
exp7_fixed_random_1,4025,641.77576,3.3835926,0.79547656,1.0,0.0,19.0
exp7_fixed_random_1,4026,512.62585,1.6718763,0.52588195,1.0,0.0,24.0
exp7_fixed_random_1,4027,-34.866837,2.9321332,0.6059574,0.0,1.0,17.0
exp7_fixed_random_1,4028,605.0591,2.676738,0.6357659,1.0,0.0,27.0
exp7_fixed_random_1,4029,615.72125,3.1017346,0.71834564,1.0,0.0,19.0
exp7_fixed_random_1,4030,540.18616,2.9031966,0.63506424,1.0,0.0,21.0
exp7_fixed_random_1,4031,603.03925,2.6466823,0.6772328,1.0,0.0,28.0
exp7_fixed_random_1,4032,-231.8332,3.3754256,0.76949745,0.0,1.0,15.0
exp7_fixed_random_1,4033,589.6409,3.0888412,0.46926913,1.0,0.0,14.0
exp7_fixed_random_1,4034,568.46655,3.084757,0.69739145,1.0,0.0,22.0
exp7_fixed_random_1,4035,580.787,2.7391493,0.6578979,1.0,0.0,30.0
exp7_fixed_random_1,4036,570.87054,2.746922,0.63467175,1.0,0.0,23.0
exp7_fixed_random_1,4037,597.43866,3.6806905,0.6987716,1.0,0.0,15.0
exp7_fixed_random_1,4038,492.0105,2.3058834,0.8031961,1.0,0.0,19.0
exp7_fixed_random_1,4039,525.8292,2.4967463,0.7169125,1.0,0.0,22.0
exp7_fixed_random_1,4041,-317.14215,4.3671136,0.9041845,0.0,1.0,3.0
exp7_fixed_random_1,4042,555.5639,2.2121046,0.6195914,1.0,0.0,35.0
exp7_fixed_random_1,4043,543.88464,2.993809,0.6058207,1.0,0.0,20.0
exp7_fixed_random_1,4044,-140.85985,3.69682,0.69621056,0.0,1.0,12.0
exp7_fixed_random_1,4045,455.7139,1.9943998,0.62561846,1.0,0.0,14.0
exp7_fixed_random_1,4046,609.4109,2.7423072,0.72286826,1.0,0.0,26.0
exp7_fixed_random_1,4047,441.26556,2.6674383,0.7739004,1.0,0.0,13.0
exp7_fixed_random_1,4048,522.50494,2.0269973,0.57065845,1.0,0.0,18.0
exp7_fixed_random_1,4049,580.3652,2.670876,0.6749698,1.0,0.0,20.0
exp7_fixed_random_1,4050,522.89136,2.2181172,0.6007609,1.0,0.0,18.0
exp7_fixed_random_1,4051,572.49585,2.7205732,0.73170865,1.0,0.0,26.0
exp7_fixed_random_1,4052,499.58115,2.642427,0.51648587,1.0,0.0,24.0
exp7_fixed_random_1,4053,-232.17842,3.0645847,0.7327187,0.0,1.0,17.0
exp7_fixed_random_1,4054,566.1572,2.02406,0.48312318,1.0,0.0,41.0
exp7_fixed_random_1,4055,501.7828,3.1693106,0.90882236,1.0,0.0,18.0
exp7_fixed_random_1,4056,-203.48927,3.5912883,0.9328921,0.0,1.0,2.0
exp7_fixed_random_1,4057,576.6543,2.9920533,0.71663624,1.0,0.0,23.0
exp7_fixed_random_1,4058,-167.66104,4.025634,0.7236897,0.0,1.0,4.0
exp7_fixed_random_1,4059,608.24915,2.3570383,0.5748397,1.0,0.0,21.0
exp7_fixed_random_1,4061,576.15125,2.9417145,0.51204145,1.0,0.0,17.0
exp7_fixed_random_1,4062,542.11975,2.2374122,0.5454336,1.0,0.0,33.0
exp7_fixed_random_1,4063,531.1437,2.379672,0.6770902,1.0,0.0,22.0
exp7_fixed_random_1,4064,485.09955,2.4456224,0.6602922,1.0,0.0,11.0
exp7_fixed_random_1,4065,498.83667,3.0904129,0.9446266,1.0,0.0,11.0
exp7_fixed_random_1,4066,568.5569,2.9908247,0.6326661,1.0,0.0,22.0
exp7_fixed_random_1,4067,577.9396,3.0952811,0.6425328,1.0,0.0,17.0
exp7_fixed_random_1,4068,588.62665,2.641261,0.40277526,1.0,0.0,24.0
exp7_fixed_random_1,4069,-310.9959,3.4526846,0.7434049,0.0,1.0,6.0
exp7_fixed_random_1,4070,-161.02347,3.6929836,0.8584144,0.0,1.0,3.0
exp7_fixed_random_1,4071,561.60095,2.7695413,0.75823545,1.0,0.0,20.0
exp7_fixed_random_1,4072,-257.66577,3.6146638,0.57482356,0.0,1.0,9.0
exp7_fixed_random_1,4073,501.53467,2.7469454,0.86620545,1.0,0.0,15.0
exp7_fixed_random_1,4074,585.557,3.0027926,0.8116897,1.0,0.0,20.0
exp7_fixed_random_1,4075,646.0104,2.641968,0.6233509,1.0,0.0,24.0
exp7_fixed_random_1,4076,531.2867,2.4222221,0.5114314,1.0,0.0,23.0
exp7_fixed_random_1,4077,567.83746,2.4864485,0.74625444,1.0,0.0,19.0
exp7_fixed_random_1,4078,548.4818,2.7933948,0.7330903,1.0,0.0,20.0
exp7_fixed_random_1,4079,-205.17102,4.1073055,0.8988489,0.0,1.0,4.0
exp7_fixed_random_1,4081,-66.668045,3.0548477,0.60763747,0.0,1.0,13.0
exp7_fixed_random_1,4082,622.4383,3.037302,0.60906714,1.0,0.0,24.0
exp7_fixed_random_1,4083,488.6494,2.5480123,0.66868657,1.0,0.0,18.0
exp7_fixed_random_1,4084,487.39563,3.0125337,0.7831879,1.0,0.0,18.0
exp7_fixed_random_1,4085,562.6079,2.4574642,0.84429103,1.0,0.0,29.0
exp7_fixed_random_1,4086,487.80878,4.4783454,0.58554864,1.0,0.0,6.0
exp7_fixed_random_1,4087,-249.78291,3.4014633,0.7485715,0.0,1.0,10.0
exp7_fixed_random_1,4088,587.1092,3.004554,0.79637426,1.0,0.0,23.0
exp7_fixed_random_1,4089,479.2453,2.2137868,0.72496986,1.0,0.0,25.0
exp7_fixed_random_1,4090,589.5531,2.715792,0.7273089,1.0,0.0,21.0
exp7_fixed_random_1,4091,-302.01508,3.4521492,0.82935125,0.0,1.0,5.0
exp7_fixed_random_1,4092,476.35547,2.779956,0.7792152,1.0,0.0,19.0
exp7_fixed_random_1,4093,587.3385,2.9543934,0.75559175,1.0,0.0,21.0
exp7_fixed_random_1,4094,534.9877,2.9647763,0.6189693,1.0,0.0,12.0
exp7_fixed_random_1,4095,530.1874,3.2345312,0.6666551,1.0,0.0,15.0
exp7_fixed_random_1,4096,496.41467,3.476945,0.64800954,1.0,0.0,11.0
exp7_fixed_random_1,4097,468.43875,1.7076923,0.50921154,1.0,0.0,18.0
exp7_fixed_random_1,4098,-207.99944,3.4396565,0.7245497,0.0,1.0,16.0
exp7_fixed_random_1,4099,575.42163,2.7883964,0.7951622,1.0,0.0,21.0
exp7_fixed_random_1,4101,479.20764,2.9053824,0.7283938,1.0,0.0,9.0
exp7_fixed_random_1,4102,573.3169,3.2309308,0.7241551,1.0,0.0,16.0
exp7_fixed_random_1,4103,559.1756,3.2752345,0.63669807,1.0,0.0,12.0
exp7_fixed_random_1,4104,-113.62555,3.5606577,0.87754005,0.0,1.0,13.0
exp7_fixed_random_1,4105,483.4606,2.899653,0.8238154,1.0,0.0,16.0
exp7_fixed_random_1,4106,535.8234,3.106142,0.7327655,1.0,0.0,16.0
exp7_fixed_random_1,4107,566.4384,2.238719,0.530241,1.0,0.0,40.0
exp7_fixed_random_1,4108,607.9076,3.577151,0.7493734,1.0,0.0,14.0
exp7_fixed_random_1,4109,570.9653,3.7068138,0.67619556,1.0,0.0,14.0
exp7_fixed_random_1,4110,588.8849,3.4823294,0.73760056,1.0,0.0,18.0
exp7_fixed_random_1,4111,565.49286,1.9346497,0.40157327,1.0,0.0,45.0
exp7_fixed_random_1,4112,-313.0372,4.473,0.7849935,0.0,1.0,4.0
exp7_fixed_random_1,4113,591.81323,3.177806,0.73097444,1.0,0.0,18.0
exp7_fixed_random_1,4114,-288.02316,3.8953114,0.7926028,0.0,1.0,12.0
exp7_fixed_random_1,4115,521.22406,2.9216387,0.74929875,1.0,0.0,20.0
exp7_fixed_random_1,4116,614.39526,3.395493,0.7330415,1.0,0.0,18.0
exp7_fixed_random_1,4117,593.47925,3.4277143,0.85188764,1.0,0.0,21.0
exp7_fixed_random_1,4118,531.8419,2.751189,0.7493718,1.0,0.0,21.0
exp7_fixed_random_1,4119,-211.2735,2.8468504,0.30830753,0.0,1.0,1.0
exp7_fixed_random_1,4121,594.93805,3.4344733,0.79064417,1.0,0.0,18.0
exp7_fixed_random_1,4122,574.78546,2.5449357,0.7746505,1.0,0.0,26.0
exp7_fixed_random_1,4123,560.28314,2.8272448,0.4255782,1.0,0.0,17.0
exp7_fixed_random_1,4124,554.81824,2.7084599,0.755555,1.0,0.0,19.0
exp7_fixed_random_1,4125,575.06665,2.968127,0.7059676,1.0,0.0,16.0
exp7_fixed_random_1,4126,463.75623,2.4415224,0.54391164,1.0,0.0,10.0
exp7_fixed_random_1,4127,616.0399,2.905397,0.65086573,1.0,0.0,20.0
exp7_fixed_random_1,4128,603.3284,2.992725,0.7644075,1.0,0.0,20.0
exp7_fixed_random_1,4129,583.90247,1.9051661,0.48845088,1.0,0.0,45.0
exp7_fixed_random_1,4130,-232.87701,3.5093281,0.52820426,0.0,1.0,9.0
exp7_fixed_random_1,4131,612.8146,3.8719952,0.92017424,1.0,0.0,13.0
exp7_fixed_random_1,4132,622.472,3.3906367,0.6417746,1.0,0.0,17.0
exp7_fixed_random_1,4133,603.61365,2.863664,0.6863424,1.0,0.0,21.0
exp7_fixed_random_1,4134,653.52704,3.0888712,0.5990302,1.0,0.0,21.0
exp7_fixed_random_1,4135,-283.7911,2.7365403,0.7023785,0.0,1.0,10.0
exp7_fixed_random_1,4136,-215.05887,4.487077,0.040840473,0.0,1.0,1.0
exp7_fixed_random_1,4137,625.15607,3.279133,0.6357543,1.0,0.0,16.0
exp7_fixed_random_1,4138,-174.14098,2.8143601,0.7861145,0.0,1.0,4.0
exp7_fixed_random_1,4139,494.2316,2.3579888,0.6354889,1.0,0.0,17.0
exp7_fixed_random_1,4141,-125.99979,2.964136,0.6028242,0.0,1.0,9.0
exp7_fixed_random_1,4142,545.1194,2.9992976,0.7303662,1.0,0.0,18.0
exp7_fixed_random_1,4143,-262.25775,3.559368,0.76014376,0.0,1.0,6.0
exp7_fixed_random_1,4144,490.1955,2.4312415,0.7672555,1.0,0.0,17.0
exp7_fixed_random_1,4145,604.5994,3.427712,0.7496499,1.0,0.0,15.0
exp7_fixed_random_1,4146,525.5488,2.4690006,0.6032439,1.0,0.0,22.0
exp7_fixed_random_1,4147,-313.9731,2.2287421,0.40061697,0.0,1.0,5.0
exp7_fixed_random_1,4148,514.7556,1.9189415,0.50828785,1.0,0.0,25.0
exp7_fixed_random_1,4149,-214.23035,3.6504283,0.7351366,0.0,1.0,10.0
exp7_fixed_random_1,4150,606.88306,2.7095776,0.6665522,1.0,0.0,23.0
exp7_fixed_random_1,4151,554.986,3.0878613,0.7250835,1.0,0.0,13.0
exp7_fixed_random_1,4152,-108.41045,4.068029,0.62795377,0.0,1.0,9.0
exp7_fixed_random_1,4153,535.3749,2.9466197,0.6857563,1.0,0.0,17.0
exp7_fixed_random_1,4154,-104.27214,2.9604123,0.59029895,0.0,1.0,17.0
exp7_fixed_random_1,4155,-315.25116,3.6762276,0.5686984,0.0,1.0,4.0
exp7_fixed_random_1,4156,525.33905,1.9235342,0.5230541,1.0,0.0,21.0
exp7_fixed_random_1,4157,570.58167,2.736109,0.7423624,1.0,0.0,16.0
exp7_fixed_random_1,4158,-210.04085,4.957303,0.8289688,0.0,1.0,1.0
exp7_fixed_random_1,4159,-148.26045,2.576501,0.5534859,0.0,1.0,9.0
exp7_fixed_random_1,4161,430.8667,2.010628,0.63031834,1.0,0.0,24.0
exp7_fixed_random_1,4162,601.19415,3.3580153,0.70982057,1.0,0.0,19.0
exp7_fixed_random_1,4163,500.02374,2.352677,0.34606183,1.0,0.0,18.0
exp7_fixed_random_1,4164,571.37787,2.99248,0.7747829,1.0,0.0,17.0
exp7_fixed_random_1,4165,573.6173,2.8287454,0.8061369,1.0,0.0,20.0
exp7_fixed_random_1,4166,-36.33017,3.9337306,0.7713867,0.0,1.0,13.0
exp7_fixed_random_1,4167,506.24396,3.4705055,0.538394,1.0,0.0,10.0
exp7_fixed_random_1,4168,531.2483,3.1976762,0.62395555,1.0,0.0,21.0
exp7_fixed_random_1,4169,527.7157,3.1864312,0.80602974,1.0,0.0,18.0
exp7_fixed_random_1,4170,526.14557,2.832943,0.7138382,1.0,0.0,16.0
exp7_fixed_random_1,4171,523.20374,2.916138,0.709849,1.0,0.0,16.0
exp7_fixed_random_1,4172,-294.77402,3.79864,0.80163145,0.0,1.0,5.0
exp7_fixed_random_1,4173,549.65436,3.10481,0.75970846,1.0,0.0,21.0
exp7_fixed_random_1,4174,667.12634,3.6053882,0.53018856,1.0,0.0,18.0
exp7_fixed_random_1,4175,437.17737,2.301387,0.77456987,1.0,0.0,15.0
exp7_fixed_random_1,4176,535.6288,2.2385523,0.85816896,1.0,0.0,28.0
exp7_fixed_random_1,4177,-312.57883,4.2868557,0.7218615,0.0,1.0,4.0
exp7_fixed_random_1,4178,-166.41351,4.3679013,0.8044026,0.0,1.0,4.0
exp7_fixed_random_1,4179,-53.304123,3.2095993,0.75004727,0.0,1.0,14.0
exp7_fixed_random_1,4181,612.3901,3.0368798,0.81813395,1.0,0.0,22.0
exp7_fixed_random_1,4182,498.5647,2.596534,0.73008066,1.0,0.0,17.0
exp7_fixed_random_1,4183,555.4886,2.711174,0.76562935,1.0,0.0,20.0
exp7_fixed_random_1,4184,529.79395,2.2950912,0.5814081,1.0,0.0,24.0
exp7_fixed_random_1,4185,580.09534,2.3057802,0.58190876,1.0,0.0,28.0
exp7_fixed_random_1,4186,473.4033,3.068722,0.66292113,1.0,0.0,9.0
exp7_fixed_random_1,4187,-314.8411,3.5895262,0.77075803,0.0,1.0,8.0
exp7_fixed_random_1,4188,529.5567,2.7498007,0.66654736,1.0,0.0,17.0
exp7_fixed_random_1,4189,566.06323,2.9755955,0.67447597,1.0,0.0,20.0
exp7_fixed_random_1,4190,595.5727,2.8459647,0.6214524,1.0,0.0,22.0
exp7_fixed_random_1,4191,542.62146,2.9329937,0.71761334,1.0,0.0,19.0
exp7_fixed_random_1,4192,624.57434,2.8313568,0.69757277,1.0,0.0,23.0
exp7_fixed_random_1,4193,653.9971,3.3149052,0.6328273,1.0,0.0,19.0
exp7_fixed_random_1,4194,567.64215,2.384131,0.61387706,1.0,0.0,29.0
exp7_fixed_random_1,4195,557.9886,2.5956812,0.45220733,1.0,0.0,17.0
exp7_fixed_random_1,4196,540.5084,2.8795023,0.7726108,1.0,0.0,19.0
exp7_fixed_random_1,4197,519.95197,3.7787435,0.7134364,1.0,0.0,14.0
exp7_fixed_random_1,4198,549.4813,2.623858,0.7076313,1.0,0.0,17.0
exp7_fixed_random_1,4199,518.09357,2.2945642,0.7180259,1.0,0.0,22.0
exp7_fixed_random_1,4201,546.22156,3.1006973,0.80545145,1.0,0.0,19.0
exp7_fixed_random_1,4202,-334.48755,3.474088,0.9827287,0.0,1.0,4.0
exp7_fixed_random_1,4203,507.42917,2.2382758,0.7348053,1.0,0.0,30.0
exp7_fixed_random_1,4204,547.95966,2.6878319,0.81696415,1.0,0.0,24.0
exp7_fixed_random_1,4205,558.6727,2.739272,0.8616057,1.0,0.0,15.0
exp7_fixed_random_1,4206,558.7816,3.102339,0.80906844,1.0,0.0,19.0
exp7_fixed_random_1,4207,-319.39865,3.854489,0.7991637,0.0,1.0,5.0
exp7_fixed_random_1,4208,563.34546,3.3253663,0.740767,1.0,0.0,14.0
exp7_fixed_random_1,4209,471.02985,2.4698052,0.7845709,1.0,0.0,18.0
exp7_fixed_random_1,4210,-311.126,3.6997387,0.6695077,0.0,1.0,6.0
exp7_fixed_random_1,4211,552.2245,3.0639973,0.7291223,1.0,0.0,17.0
exp7_fixed_random_1,4212,506.37308,2.3793266,0.6158947,1.0,0.0,15.0
exp7_fixed_random_1,4213,525.79114,1.8447744,0.5274485,1.0,0.0,28.0
exp7_fixed_random_1,4214,644.47076,3.1613824,0.7094164,1.0,0.0,21.0
exp7_fixed_random_1,4215,573.69727,3.4916666,0.8667856,1.0,0.0,16.0
exp7_fixed_random_1,4216,559.8478,2.8218784,0.6495838,1.0,0.0,19.0
exp7_fixed_random_1,4217,576.15906,3.0747397,0.69454414,1.0,0.0,18.0
exp7_fixed_random_1,4218,-254.89255,3.419602,0.78799987,0.0,1.0,10.0
exp7_fixed_random_1,4219,544.35876,2.7402616,0.71688145,1.0,0.0,21.0
exp7_fixed_random_1,4221,511.29993,2.6974347,0.61429477,1.0,0.0,15.0
exp7_fixed_random_1,4222,537.6512,3.1597168,0.8372192,1.0,0.0,17.0
exp7_fixed_random_1,4223,-266.16757,4.0269074,0.86514866,0.0,1.0,8.0
exp7_fixed_random_1,4224,555.6569,2.9078298,0.7200421,1.0,0.0,21.0
exp7_fixed_random_1,4225,492.56488,2.3876686,0.4527198,1.0,0.0,16.0
exp7_fixed_random_1,4226,-103.444756,3.055512,0.7058713,0.0,1.0,14.0
exp7_fixed_random_1,4227,603.1001,2.7949085,0.69250315,1.0,0.0,23.0
exp7_fixed_random_1,4228,621.19226,2.7386987,0.6595699,1.0,0.0,27.0
exp7_fixed_random_1,4229,450.30945,2.938187,0.810768,1.0,0.0,14.0
exp7_fixed_random_1,4230,558.0738,2.8301535,0.7873552,1.0,0.0,23.0
exp7_fixed_random_1,4231,453.8136,3.064552,0.6492459,1.0,0.0,10.0
exp7_fixed_random_1,4232,617.58325,2.8551455,0.6293168,1.0,0.0,22.0
exp7_fixed_random_1,4233,-286.05383,3.8214242,0.7323133,0.0,1.0,8.0
exp7_fixed_random_1,4234,592.38293,2.975093,0.62770766,1.0,0.0,19.0
exp7_fixed_random_1,4235,538.52576,2.124762,0.60942584,1.0,0.0,40.0
exp7_fixed_random_1,4236,543.551,3.3522887,0.87258285,1.0,0.0,15.0
exp7_fixed_random_1,4237,520.0032,3.1964204,0.559274,1.0,0.0,11.0
exp7_fixed_random_1,4238,510.602,3.6470077,0.7115764,1.0,0.0,11.0
exp7_fixed_random_1,4239,579.2369,2.6405406,0.807912,1.0,0.0,21.0
exp7_fixed_random_1,4241,-152.99611,3.1821404,0.6284836,0.0,1.0,17.0
exp7_fixed_random_1,4242,583.27814,2.9045985,0.83301955,1.0,0.0,24.0
exp7_fixed_random_1,4243,599.3865,2.8355544,0.84988046,1.0,0.0,18.0
exp7_fixed_random_1,4244,575.89996,2.8620865,0.88627756,1.0,0.0,22.0
exp7_fixed_random_1,4245,-292.4756,4.1616507,0.84932595,0.0,1.0,5.0
exp7_fixed_random_1,4246,-120.000656,3.498827,0.6497656,0.0,1.0,9.0
exp7_fixed_random_1,4247,527.3753,3.101368,0.7173993,1.0,0.0,15.0
exp7_fixed_random_1,4248,441.22742,2.0227075,0.8459746,1.0,0.0,13.0
exp7_fixed_random_1,4249,-134.6477,3.079718,0.864741,0.0,1.0,10.0
exp7_fixed_random_1,4250,499.57047,2.6818259,0.5943869,1.0,0.0,15.0
exp7_fixed_random_1,4251,557.93494,2.8974042,0.66267985,1.0,0.0,21.0
exp7_fixed_random_1,4252,563.1885,2.5308084,0.64479315,1.0,0.0,22.0
exp7_fixed_random_1,4253,-16.32454,3.4568772,0.6522596,0.0,1.0,15.0
exp7_fixed_random_1,4254,600.933,2.4569154,0.6590508,1.0,0.0,32.0
exp7_fixed_random_1,4255,565.94836,2.666424,0.7222519,1.0,0.0,19.0
exp7_fixed_random_1,4256,572.18396,2.5734115,0.62813824,1.0,0.0,26.0
exp7_fixed_random_1,4257,564.01794,3.02256,0.79741377,1.0,0.0,22.0
exp7_fixed_random_1,4258,-136.98666,2.200643,0.6659228,0.0,1.0,20.0
exp7_fixed_random_1,4259,-168.25491,3.6234558,0.8292276,0.0,1.0,3.0
exp7_fixed_random_1,4261,-123.7343,3.6799552,0.6155781,0.0,1.0,10.0
exp7_fixed_random_1,4262,-280.77313,3.879678,0.75212985,0.0,1.0,7.0
exp7_fixed_random_1,4263,585.29895,2.6228068,0.6338208,1.0,0.0,24.0
exp7_fixed_random_1,4264,526.14026,2.742839,0.6818559,1.0,0.0,22.0
exp7_fixed_random_1,4265,512.9541,1.5869287,0.55512434,1.0,0.0,33.0
exp7_fixed_random_1,4266,-85.35655,2.7788544,0.58353174,0.0,1.0,17.0
exp7_fixed_random_1,4267,536.10614,2.4148986,0.6555897,1.0,0.0,17.0
exp7_fixed_random_1,4268,563.80115,2.812123,0.65163195,1.0,0.0,16.0
exp7_fixed_random_1,4269,556.8384,2.4715059,0.5435545,1.0,0.0,24.0
exp7_fixed_random_1,4270,585.9072,3.1435587,0.73238885,1.0,0.0,22.0
exp7_fixed_random_1,4271,580.1869,3.210423,0.6558354,1.0,0.0,15.0
exp7_fixed_random_1,4272,-320.47162,4.376262,0.8400987,0.0,1.0,3.0
exp7_fixed_random_1,4273,611.83875,2.985378,0.6856393,1.0,0.0,22.0
exp7_fixed_random_1,4274,616.2146,2.9162862,0.71414137,1.0,0.0,19.0
exp7_fixed_random_1,4275,-81.44153,3.6856794,0.5713386,0.0,1.0,11.0
exp7_fixed_random_1,4276,547.88916,2.9805696,0.785126,1.0,0.0,16.0
exp7_fixed_random_1,4277,-164.92139,3.1164196,0.81057703,0.0,1.0,16.0
exp7_fixed_random_1,4278,487.32086,2.4976554,0.61197233,1.0,0.0,19.0
exp7_fixed_random_1,4279,557.96045,2.4484901,0.75988597,1.0,0.0,30.0
exp7_fixed_random_1,4281,-310.4961,2.824166,0.76619565,0.0,1.0,20.0
exp7_fixed_random_1,4282,571.7096,2.4511228,0.6882237,1.0,0.0,29.0
exp7_fixed_random_1,4283,616.35156,3.468092,0.57482195,1.0,0.0,17.0
exp7_fixed_random_1,4284,545.842,2.5615444,0.6808829,1.0,0.0,27.0
exp7_fixed_random_1,4285,530.42096,2.607984,0.7749107,1.0,0.0,21.0
exp7_fixed_random_1,4286,-217.55476,3.6404798,0.93817466,0.0,1.0,4.0
exp7_fixed_random_1,4287,514.8533,2.5901835,0.6402417,1.0,0.0,15.0
exp7_fixed_random_1,4288,544.91125,2.5301454,0.74249756,1.0,0.0,25.0
exp7_fixed_random_1,4289,481.03268,2.226618,0.47818038,1.0,0.0,11.0
exp7_fixed_random_1,4290,574.1918,2.1834962,0.720994,1.0,0.0,38.0
exp7_fixed_random_1,4291,481.25806,2.4783137,0.7074316,1.0,0.0,16.0
exp7_fixed_random_1,4292,577.9264,2.7795105,0.61666495,1.0,0.0,27.0
exp7_fixed_random_1,4293,547.59045,2.9753447,0.79214644,1.0,0.0,22.0
exp7_fixed_random_1,4294,-220.34213,3.689554,0.6832509,0.0,1.0,12.0
exp7_fixed_random_1,4295,632.1039,3.1227567,0.61646384,1.0,0.0,23.0
exp7_fixed_random_1,4296,547.8488,3.2440064,0.6039588,1.0,0.0,14.0
exp7_fixed_random_1,4297,479.96304,2.8689268,0.9433055,1.0,0.0,16.0
exp7_fixed_random_1,4298,516.41864,2.2417004,0.41853678,1.0,0.0,16.0
exp7_fixed_random_1,4299,494.60846,3.1870084,0.6940261,1.0,0.0,10.0
exp7_fixed_random_1,4301,471.90756,3.2094414,0.62719375,1.0,0.0,12.0
exp7_fixed_random_1,4302,601.21497,2.52698,0.62276757,1.0,0.0,30.0
exp7_fixed_random_1,4303,626.1218,3.4310892,0.62657255,1.0,0.0,18.0
exp7_fixed_random_1,4304,528.45483,2.6867685,0.73547274,1.0,0.0,16.0
exp7_fixed_random_1,4305,528.0252,2.295212,0.57160234,1.0,0.0,20.0
exp7_fixed_random_1,4306,547.555,3.1857343,0.6571002,1.0,0.0,19.0
exp7_fixed_random_1,4307,595.35516,2.6548274,0.5620284,1.0,0.0,27.0
exp7_fixed_random_1,4308,553.0602,2.7561834,0.79211134,1.0,0.0,25.0
exp7_fixed_random_1,4309,576.89185,2.559295,0.6562374,1.0,0.0,24.0
exp7_fixed_random_1,4310,-137.65356,2.0133443,0.53489286,0.0,1.0,18.0
exp7_fixed_random_1,4311,578.61597,2.5754876,0.58966756,1.0,0.0,22.0
exp7_fixed_random_1,4312,551.5521,2.5156438,0.88116014,1.0,0.0,22.0
exp7_fixed_random_1,4313,-344.34396,2.4618902,0.78607523,0.0,1.0,2.0
exp7_fixed_random_1,4314,-37.422455,3.6757047,0.8893188,0.0,1.0,13.0
exp7_fixed_random_1,4315,557.17114,2.3198154,0.66541976,1.0,0.0,21.0
exp7_fixed_random_1,4316,584.5801,2.5059378,0.72338754,1.0,0.0,24.0
exp7_fixed_random_1,4317,486.94464,2.033771,0.71587443,1.0,0.0,13.0
exp7_fixed_random_1,4318,-126.3696,3.7668812,0.78811765,0.0,1.0,5.0
exp7_fixed_random_1,4319,462.0516,2.3730829,0.6334404,1.0,0.0,16.0
exp7_fixed_random_1,4321,517.6594,1.6170119,0.47465777,1.0,0.0,23.0
exp7_fixed_random_1,4322,535.374,2.922083,0.6994471,1.0,0.0,19.0
exp7_fixed_random_1,4323,538.16925,1.8301731,0.453232,1.0,0.0,25.0
exp7_fixed_random_1,4324,489.38028,2.6735828,0.6918578,1.0,0.0,17.0
exp7_fixed_random_1,4325,568.4,2.5735323,0.8107717,1.0,0.0,27.0
exp7_fixed_random_1,4326,481.1183,1.8119578,0.59743494,1.0,0.0,16.0
exp7_fixed_random_1,4327,621.34155,2.6746104,0.76258814,1.0,0.0,25.0
exp7_fixed_random_1,4328,513.8789,2.1417005,0.7650996,1.0,0.0,31.0
exp7_fixed_random_1,4329,-170.50041,3.1318364,0.7346735,0.0,1.0,18.0
exp7_fixed_random_1,4330,473.39594,1.6597278,0.5386501,1.0,0.0,30.0
exp7_fixed_random_1,4331,636.985,3.2441046,0.7319777,1.0,0.0,21.0
exp7_fixed_random_1,4332,-109.76376,3.0475028,0.68193,0.0,1.0,16.0
exp7_fixed_random_1,4333,550.2339,2.618429,0.6352425,1.0,0.0,22.0
exp7_fixed_random_1,4334,507.3849,3.0625918,0.6042808,1.0,0.0,13.0
exp7_fixed_random_1,4335,577.81274,3.3843887,0.74901,1.0,0.0,16.0
exp7_fixed_random_1,4336,562.45197,3.2131014,0.8253301,1.0,0.0,18.0
exp7_fixed_random_1,4337,-136.25827,3.2568305,0.657294,0.0,1.0,12.0
exp7_fixed_random_1,4338,503.81232,2.897932,0.7583013,1.0,0.0,17.0
exp7_fixed_random_1,4339,-76.25372,3.3329782,0.6372722,0.0,1.0,12.0
exp7_fixed_random_1,4341,589.0321,3.337418,0.8435788,1.0,0.0,20.0
exp7_fixed_random_1,4342,575.7906,2.327452,0.92577225,1.0,0.0,30.0
exp7_fixed_random_1,4343,524.0063,3.1501882,0.8055696,1.0,0.0,12.0
exp7_fixed_random_1,4344,-183.49931,3.5385692,0.8586921,0.0,1.0,13.0
exp7_fixed_random_1,4345,578.8893,3.1937923,0.6851934,1.0,0.0,14.0
exp7_fixed_random_1,4346,-219.25607,4.005201,0.6666156,0.0,1.0,9.0
exp7_fixed_random_1,4347,-34.548782,3.5073009,0.6134752,0.0,1.0,15.0
exp7_fixed_random_1,4348,536.1949,3.2773726,0.63063246,1.0,0.0,11.0
exp7_fixed_random_1,4349,554.7441,3.6687143,0.4860754,1.0,0.0,11.0
exp7_fixed_random_1,4350,549.4037,3.3175488,0.6481284,1.0,0.0,17.0
exp7_fixed_random_1,4351,583.5621,2.3365731,0.9141992,1.0,0.0,29.0
exp7_fixed_random_1,4352,534.6206,3.301465,0.709338,1.0,0.0,12.0
exp7_fixed_random_1,4353,514.3143,2.873665,0.7666959,1.0,0.0,18.0
exp7_fixed_random_1,4354,471.3902,3.6543496,0.36369234,1.0,0.0,10.0
exp7_fixed_random_1,4355,511.07785,2.8926609,0.73018444,1.0,0.0,21.0
exp7_fixed_random_1,4356,-98.840225,3.731853,0.79543555,0.0,1.0,10.0
exp7_fixed_random_1,4357,-149.29591,2.3345854,0.45741528,0.0,1.0,11.0
exp7_fixed_random_1,4358,-287.17398,2.5717568,0.5280179,0.0,1.0,14.0
exp7_fixed_random_1,4359,554.52155,2.8908184,0.7741482,1.0,0.0,19.0
exp7_fixed_random_1,4361,554.5851,1.8239015,0.5177563,1.0,0.0,28.0
exp7_fixed_random_1,4362,547.48157,3.5259242,0.7825823,1.0,0.0,14.0
exp7_fixed_random_1,4363,604.3589,2.6689453,0.6458406,1.0,0.0,25.0
exp7_fixed_random_1,4364,588.5277,4.1277666,0.6088279,1.0,0.0,11.0
exp7_fixed_random_1,4365,602.7929,2.924442,0.6319137,1.0,0.0,19.0
exp7_fixed_random_1,4366,473.58224,2.0597959,0.77743113,1.0,0.0,21.0
exp7_fixed_random_1,4367,487.15018,2.8142786,0.8809601,1.0,0.0,21.0
exp7_fixed_random_1,4368,553.23315,2.3541462,0.6059335,1.0,0.0,24.0
exp7_fixed_random_1,4369,550.8779,2.528404,0.8272525,1.0,0.0,20.0
exp7_fixed_random_1,4370,568.2092,3.0496254,0.7364593,1.0,0.0,22.0
exp7_fixed_random_1,4371,566.6287,2.755983,0.7143678,1.0,0.0,18.0
exp7_fixed_random_1,4372,549.3641,3.3977556,0.7756015,1.0,0.0,13.0
exp7_fixed_random_1,4373,553.716,2.2595928,0.60202,1.0,0.0,21.0
exp7_fixed_random_1,4374,512.3999,1.9640828,0.495787,1.0,0.0,17.0
exp7_fixed_random_1,4375,517.0925,2.330515,0.72520787,1.0,0.0,20.0
exp7_fixed_random_1,4376,-287.87366,3.2962816,0.70385474,0.0,1.0,7.0
exp7_fixed_random_1,4377,618.35565,2.5070002,0.4162241,1.0,0.0,24.0
exp7_fixed_random_1,4378,539.7645,2.750647,0.71516097,1.0,0.0,20.0
exp7_fixed_random_1,4379,500.47424,2.3063536,0.7595381,1.0,0.0,20.0
exp7_fixed_random_1,4381,577.603,2.6179972,0.6179149,1.0,0.0,24.0
exp7_fixed_random_1,4382,590.04816,3.4507427,0.5680502,1.0,0.0,16.0
exp7_fixed_random_1,4383,540.97546,3.1208324,0.702289,1.0,0.0,16.0
exp7_fixed_random_1,4384,584.20105,2.873993,0.76680404,1.0,0.0,21.0
exp7_fixed_random_1,4385,648.5976,3.5965211,0.8043923,1.0,0.0,18.0
exp7_fixed_random_1,4386,472.09265,2.566282,0.5902227,1.0,0.0,13.0
exp7_fixed_random_1,4387,590.3125,3.05466,0.70906925,1.0,0.0,19.0
exp7_fixed_random_1,4388,-89.52408,2.9378026,0.7309704,0.0,1.0,18.0
exp7_fixed_random_1,4389,488.15717,3.0839174,0.8944991,1.0,0.0,13.0
exp7_fixed_random_1,4390,573.4254,2.6480517,0.49316272,1.0,0.0,20.0
exp7_fixed_random_1,4391,525.10846,3.124705,0.7021511,1.0,0.0,16.0
exp7_fixed_random_1,4392,573.45245,4.046537,0.7297697,1.0,0.0,12.0
exp7_fixed_random_1,4393,-112.8684,3.295952,0.80591285,0.0,1.0,15.0
exp7_fixed_random_1,4394,507.20624,2.0875742,0.6232611,1.0,0.0,20.0
exp7_fixed_random_1,4395,554.58936,2.4966533,0.7408215,1.0,0.0,31.0
exp7_fixed_random_1,4396,647.9867,2.932248,0.6710045,1.0,0.0,24.0
exp7_fixed_random_1,4397,509.02045,2.8304894,0.61387736,1.0,0.0,14.0
exp7_fixed_random_1,4398,583.8512,3.3120453,0.67805237,1.0,0.0,19.0
exp7_fixed_random_1,4399,525.4015,3.2158315,0.7149404,1.0,0.0,17.0
exp7_fixed_random_1,4401,517.53394,3.6108587,0.92228657,1.0,0.0,13.0
exp7_fixed_random_1,4402,576.4833,2.9917738,0.5922843,1.0,0.0,20.0
exp7_fixed_random_1,4403,568.17114,3.4762633,0.70027167,1.0,0.0,19.0
exp7_fixed_random_1,4404,587.6679,3.5456417,0.7037847,1.0,0.0,20.0
exp7_fixed_random_1,4405,635.7159,2.45354,0.43919054,1.0,0.0,30.0
exp7_fixed_random_1,4406,583.3353,3.5059946,0.54983854,1.0,0.0,14.0
exp7_fixed_random_1,4407,565.9919,2.6347485,0.6117374,1.0,0.0,23.0
exp7_fixed_random_1,4408,614.4794,2.880467,0.75085276,1.0,0.0,25.0
exp7_fixed_random_1,4409,502.93332,3.0760026,0.7325919,1.0,0.0,14.0
exp7_fixed_random_1,4410,579.5979,3.3809533,0.5951633,1.0,0.0,11.0
exp7_fixed_random_1,4411,506.94116,2.505558,0.6711814,1.0,0.0,18.0
exp7_fixed_random_1,4412,491.4535,3.3708916,0.77375597,1.0,0.0,14.0
exp7_fixed_random_1,4413,563.231,2.590142,0.63558346,1.0,0.0,23.0
exp7_fixed_random_1,4414,529.6765,2.32092,0.7773003,1.0,0.0,26.0
exp7_fixed_random_1,4415,463.2285,2.604397,0.7338166,1.0,0.0,21.0
exp7_fixed_random_1,4416,-271.87653,4.133711,0.6889541,0.0,1.0,4.0
exp7_fixed_random_1,4417,536.6859,2.803209,0.7637937,1.0,0.0,18.0
exp7_fixed_random_1,4418,504.55603,2.085651,0.766093,1.0,0.0,32.0
exp7_fixed_random_1,4419,-101.54779,4.0540576,0.6784938,0.0,1.0,7.0
exp7_fixed_random_1,4421,502.7898,2.727302,0.5644651,1.0,0.0,13.0
exp7_fixed_random_1,4422,538.2788,3.6044848,0.56910163,1.0,0.0,12.0
exp7_fixed_random_1,4423,-316.57983,3.7337246,0.96074194,0.0,1.0,6.0
exp7_fixed_random_1,4424,605.2621,2.4636564,0.5131923,1.0,0.0,33.0
exp7_fixed_random_1,4425,488.209,2.7070527,0.8446918,1.0,0.0,15.0
exp7_fixed_random_1,4426,-165.25122,3.8406837,0.88674355,0.0,1.0,3.0
exp7_fixed_random_1,4427,544.46606,2.3815672,0.7918516,1.0,0.0,21.0
exp7_fixed_random_1,4428,589.40155,3.2389698,0.79576164,1.0,0.0,21.0
exp7_fixed_random_1,4429,664.8158,3.207704,0.6472353,1.0,0.0,22.0
exp7_fixed_random_1,4430,-117.692795,4.416633,0.40838546,0.0,1.0,5.0
exp7_fixed_random_1,4431,528.97046,3.5313625,0.7567034,1.0,0.0,17.0
exp7_fixed_random_1,4432,583.36707,3.1452537,0.7399869,1.0,0.0,16.0
exp7_fixed_random_1,4433,541.84534,2.897372,0.73245865,1.0,0.0,16.0
exp7_fixed_random_1,4434,540.2394,3.0948036,0.80002683,1.0,0.0,14.0
exp7_fixed_random_1,4435,537.3798,3.5807955,0.81851906,1.0,0.0,16.0
exp7_fixed_random_1,4436,-270.1068,4.264674,0.31180468,0.0,1.0,2.0
exp7_fixed_random_1,4437,-107.59994,3.1739004,0.70472664,0.0,1.0,11.0
exp7_fixed_random_1,4438,612.0641,3.5276303,0.6644726,1.0,0.0,18.0
exp7_fixed_random_1,4439,-93.99032,2.3530471,0.52303135,0.0,1.0,15.0
exp7_fixed_random_1,4441,578.89404,4.018469,0.80420816,1.0,0.0,11.0
exp7_fixed_random_1,4442,544.20605,2.0443168,0.47617728,1.0,0.0,20.0
exp7_fixed_random_1,4443,647.1048,3.8895686,0.75425285,1.0,0.0,17.0
exp7_fixed_random_1,4444,546.54364,2.779606,0.7759064,1.0,0.0,18.0
exp7_fixed_random_1,4445,570.91943,2.8814325,0.66876763,1.0,0.0,19.0
exp7_fixed_random_1,4446,574.22974,3.0343678,0.70085603,1.0,0.0,16.0
exp7_fixed_random_1,4447,490.24576,2.313477,0.60795206,1.0,0.0,19.0
exp7_fixed_random_1,4448,493.22253,2.4827085,0.67438483,1.0,0.0,13.0
exp7_fixed_random_1,4449,546.94977,2.5882487,0.8506505,1.0,0.0,20.0
exp7_fixed_random_1,4450,524.2858,2.4792585,0.6390106,1.0,0.0,20.0
exp7_fixed_random_1,4451,499.56238,2.525006,0.6027141,1.0,0.0,19.0
exp7_fixed_random_1,4452,513.8823,2.7339437,0.7687652,1.0,0.0,18.0
exp7_fixed_random_1,4453,-152.49689,2.9731205,0.75615615,0.0,1.0,17.0
exp7_fixed_random_1,4454,-121.836,2.8726969,0.5533762,0.0,1.0,16.0
exp7_fixed_random_1,4455,483.97662,2.8858817,0.81559855,1.0,0.0,21.0
exp7_fixed_random_1,4456,636.37634,3.1193469,0.78247726,1.0,0.0,20.0
exp7_fixed_random_1,4457,534.9784,2.635851,0.6725479,1.0,0.0,19.0
exp7_fixed_random_1,4458,543.3068,2.8561196,0.6771308,1.0,0.0,23.0
exp7_fixed_random_1,4459,-254.90315,2.4493146,0.5363814,0.0,1.0,20.0
exp7_fixed_random_1,4461,452.24103,2.1036441,0.72897106,1.0,0.0,13.0
exp7_fixed_random_1,4462,549.90497,2.8994231,0.7084469,1.0,0.0,23.0
exp7_fixed_random_1,4463,542.74915,2.6890516,0.6863378,1.0,0.0,18.0
exp7_fixed_random_1,4464,585.03455,3.01865,0.7463671,1.0,0.0,22.0
exp7_fixed_random_1,4465,547.4603,3.0485137,0.7334748,1.0,0.0,24.0
exp7_fixed_random_1,4466,594.8317,2.5832145,0.5969274,1.0,0.0,25.0
exp7_fixed_random_1,4467,-122.560555,2.9465816,0.7157152,0.0,1.0,16.0
exp7_fixed_random_1,4468,555.32043,1.852284,0.4489569,1.0,0.0,46.0
exp7_fixed_random_1,4469,524.37445,2.588814,0.51157516,1.0,0.0,15.0
exp7_fixed_random_1,4470,610.75574,2.829011,0.6801303,1.0,0.0,25.0
exp7_fixed_random_1,4471,603.55524,2.7591512,0.71091485,1.0,0.0,23.0
exp7_fixed_random_1,4472,688.76953,3.1448925,0.7324801,1.0,0.0,23.0
exp7_fixed_random_1,4473,526.06055,2.241096,0.41360685,1.0,0.0,16.0
exp7_fixed_random_1,4474,451.6305,2.4235463,0.73207295,1.0,0.0,21.0
exp7_fixed_random_1,4475,513.218,2.712101,0.5792212,1.0,0.0,16.0
exp7_fixed_random_1,4476,-237.62712,3.9155214,0.6902583,0.0,1.0,9.0
exp7_fixed_random_1,4477,-266.97437,3.2596898,0.60344183,0.0,1.0,8.0
exp7_fixed_random_1,4478,456.29544,2.6864932,0.75856847,1.0,0.0,12.0
exp7_fixed_random_1,4479,513.5224,3.6123261,0.80241704,1.0,0.0,11.0
exp7_fixed_random_1,4481,-243.53983,4.0996995,0.5873609,0.0,1.0,6.0
exp7_fixed_random_1,4482,601.5885,3.2264028,0.78312874,1.0,0.0,21.0
exp7_fixed_random_1,4483,528.94366,2.2715797,0.53367,1.0,0.0,18.0
exp7_fixed_random_1,4484,520.24445,2.6176028,0.70709234,1.0,0.0,21.0
exp7_fixed_random_1,4485,621.0875,3.2426498,0.54564524,1.0,0.0,23.0
exp7_fixed_random_1,4486,476.38382,2.8064277,0.7661135,1.0,0.0,17.0
exp7_fixed_random_1,4487,-199.54236,3.713957,0.6586282,0.0,1.0,9.0
exp7_fixed_random_1,4488,476.5851,2.5579045,0.6547549,1.0,0.0,10.0
exp7_fixed_random_1,4489,534.3295,2.3301692,0.6514981,1.0,0.0,22.0
exp7_fixed_random_1,4490,501.62708,2.2356281,0.62233555,1.0,0.0,17.0
exp7_fixed_random_1,4491,-289.8361,2.7547843,0.69085443,0.0,1.0,10.0
exp7_fixed_random_1,4492,539.79645,2.9230475,0.7490062,1.0,0.0,22.0
exp7_fixed_random_1,4493,-345.88034,3.7651088,0.89734316,0.0,1.0,2.0
exp7_fixed_random_1,4494,608.21826,2.2060487,0.48575947,1.0,0.0,36.0
exp7_fixed_random_1,4495,557.5633,2.9670556,0.7074757,1.0,0.0,21.0
exp7_fixed_random_1,4496,532.9409,2.8308094,0.8418596,1.0,0.0,19.0
exp7_fixed_random_1,4497,546.5277,2.6599395,0.4275473,1.0,0.0,16.0
exp7_fixed_random_1,4498,557.6908,3.0601597,0.6936112,1.0,0.0,17.0
exp7_fixed_random_1,4499,523.6626,2.8095286,0.6058927,1.0,0.0,13.0
exp7_fixed_random_1,4501,506.09256,2.9070587,0.65491754,1.0,0.0,10.0
exp7_fixed_random_1,4502,-230.81317,2.4128869,0.5935958,0.0,1.0,21.0
exp7_fixed_random_1,4503,523.71405,2.5474448,0.77339643,1.0,0.0,16.0
exp7_fixed_random_1,4504,509.03802,3.29309,0.72003686,1.0,0.0,17.0
exp7_fixed_random_1,4505,545.13617,2.7877736,0.6828493,1.0,0.0,19.0
exp7_fixed_random_1,4506,565.97473,3.16896,0.56487185,1.0,0.0,13.0
exp7_fixed_random_1,4507,569.11206,2.677812,0.6139295,1.0,0.0,21.0
exp7_fixed_random_1,4508,-222.31041,4.2695045,0.22848728,0.0,1.0,2.0
exp7_fixed_random_1,4509,-151.8417,3.2767851,0.632468,0.0,1.0,19.0
exp7_fixed_random_1,4510,446.58707,2.4190412,0.6194431,1.0,0.0,17.0
exp7_fixed_random_1,4511,-279.271,3.6694987,0.83690584,0.0,1.0,8.0
exp7_fixed_random_1,4512,-319.7225,4.366703,0.7753956,0.0,1.0,4.0
exp7_fixed_random_1,4513,471.95538,1.7452872,0.76858526,1.0,0.0,25.0
exp7_fixed_random_1,4514,570.7903,2.7291555,0.75312513,1.0,0.0,21.0
exp7_fixed_random_1,4515,619.30945,3.2612312,0.8004119,1.0,0.0,21.0
exp7_fixed_random_1,4516,531.98083,2.9033186,0.8427022,1.0,0.0,21.0
exp7_fixed_random_1,4517,463.72607,3.2473183,0.81493545,1.0,0.0,9.0
exp7_fixed_random_1,4518,-113.56623,3.6277122,0.7613394,0.0,1.0,9.0
exp7_fixed_random_1,4519,547.6288,3.872466,0.62358785,1.0,0.0,8.0
exp7_fixed_random_1,4521,-156.16678,2.8767393,0.7474432,0.0,1.0,15.0
exp7_fixed_random_1,4522,610.93774,2.7086742,0.63052684,1.0,0.0,20.0
exp7_fixed_random_1,4523,540.8027,3.0948498,0.48977846,1.0,0.0,17.0
exp7_fixed_random_1,4524,490.0982,3.4480598,0.65438247,1.0,0.0,16.0
exp7_fixed_random_1,4525,539.7071,3.8147066,0.7937214,1.0,0.0,14.0
exp7_fixed_random_1,4526,486.51526,2.621072,0.77335304,1.0,0.0,10.0
exp7_fixed_random_1,4527,533.0895,2.6888623,0.6829912,1.0,0.0,17.0
exp7_fixed_random_1,4528,550.1119,2.7281973,0.7141677,1.0,0.0,18.0
exp7_fixed_random_1,4529,-150.63829,2.558024,0.5900849,0.0,1.0,24.0
exp7_fixed_random_1,4530,533.6531,2.3685427,0.67266494,1.0,0.0,21.0
exp7_fixed_random_1,4531,598.2479,2.6314085,0.58375883,1.0,0.0,26.0
exp7_fixed_random_1,4532,571.13477,1.9611195,0.4805622,1.0,0.0,36.0
exp7_fixed_random_1,4533,510.82028,2.7774637,0.72671235,1.0,0.0,11.0
exp7_fixed_random_1,4534,628.38116,3.0892358,0.7275168,1.0,0.0,20.0
exp7_fixed_random_1,4535,466.04303,2.5535011,0.68567973,1.0,0.0,11.0
exp7_fixed_random_1,4536,601.61475,3.0224166,0.5375247,1.0,0.0,23.0
exp7_fixed_random_1,4537,517.00287,2.861443,0.64028186,1.0,0.0,16.0
exp7_fixed_random_1,4538,466.67148,3.3830097,0.60895157,1.0,0.0,7.0
exp7_fixed_random_1,4539,549.43567,2.7677798,0.68536294,1.0,0.0,17.0
exp7_fixed_random_1,4541,520.13007,2.4960952,0.48794797,1.0,0.0,19.0
exp7_fixed_random_1,4542,578.37225,3.0627556,0.81150776,1.0,0.0,19.0
exp7_fixed_random_1,4543,579.4572,3.7513154,0.7639707,1.0,0.0,12.0
exp7_fixed_random_1,4544,568.5266,4.235176,0.70544976,1.0,0.0,12.0
exp7_fixed_random_1,4545,-181.57304,2.4191115,0.5986758,0.0,1.0,30.0
exp7_fixed_random_1,4546,568.21497,3.0303972,0.86988324,1.0,0.0,16.0
exp7_fixed_random_1,4547,544.3009,2.2300172,0.4618985,1.0,0.0,17.0
exp7_fixed_random_1,4548,581.0763,3.100054,0.690499,1.0,0.0,20.0
exp7_fixed_random_1,4549,595.2869,2.8511243,0.77111447,1.0,0.0,16.0
exp7_fixed_random_1,4550,-265.69598,3.6820548,0.7137615,0.0,1.0,9.0
exp7_fixed_random_1,4551,-214.92311,2.7006307,0.46999133,0.0,1.0,15.0
exp7_fixed_random_1,4552,672.7311,3.432075,0.6237557,1.0,0.0,20.0
exp7_fixed_random_1,4553,577.7744,2.1889915,0.5505894,1.0,0.0,35.0
exp7_fixed_random_1,4554,613.6327,3.9642286,0.6505722,1.0,0.0,15.0
exp7_fixed_random_1,4555,505.42197,2.822809,0.92591435,1.0,0.0,24.0
exp7_fixed_random_1,4556,455.13034,1.9907341,0.74383175,1.0,0.0,29.0
exp7_fixed_random_1,4557,-119.72374,3.4134285,0.3962887,0.0,1.0,7.0
exp7_fixed_random_1,4558,600.20337,3.3812444,0.6744383,1.0,0.0,19.0
exp7_fixed_random_1,4559,576.48206,2.6802268,0.6546264,1.0,0.0,22.0
exp7_fixed_random_1,4561,515.77124,3.591172,0.8252553,1.0,0.0,14.0
exp7_fixed_random_1,4562,577.5398,3.2591352,0.7027847,1.0,0.0,15.0
exp7_fixed_random_1,4563,474.35938,1.646465,0.5901838,1.0,0.0,24.0
exp7_fixed_random_1,4564,-113.34671,3.6072726,0.83285064,0.0,1.0,9.0
exp7_fixed_random_1,4565,610.0774,3.1571069,0.52607787,1.0,0.0,19.0
exp7_fixed_random_1,4566,603.289,2.335642,0.577385,1.0,0.0,33.0
exp7_fixed_random_1,4567,591.39307,3.2416549,0.83174616,1.0,0.0,19.0
exp7_fixed_random_1,4568,613.3296,2.3540504,0.6657921,1.0,0.0,30.0
exp7_fixed_random_1,4569,568.12244,2.954158,0.77255654,1.0,0.0,23.0
exp7_fixed_random_1,4570,-177.31787,3.1886568,0.64951056,0.0,1.0,8.0
exp7_fixed_random_1,4571,621.38104,2.75756,0.5766049,1.0,0.0,23.0
exp7_fixed_random_1,4572,576.50275,2.5615225,0.7455289,1.0,0.0,27.0
exp7_fixed_random_1,4573,598.47296,2.6506476,0.5645818,1.0,0.0,29.0
exp7_fixed_random_1,4574,460.71768,1.8194257,0.7049407,1.0,0.0,17.0
exp7_fixed_random_1,4575,539.45746,2.6179762,0.6102149,1.0,0.0,15.0
exp7_fixed_random_1,4576,561.5021,2.9811065,0.65065426,1.0,0.0,19.0
exp7_fixed_random_1,4577,563.75323,2.858811,0.6151996,1.0,0.0,22.0
exp7_fixed_random_1,4578,-105.502014,3.767215,0.5440241,0.0,1.0,10.0
exp7_fixed_random_1,4579,480.16058,1.7030313,0.45575076,1.0,0.0,28.0
exp7_fixed_random_1,4581,547.4175,1.989163,0.6390964,1.0,0.0,25.0
exp7_fixed_random_1,4582,-158.14697,4.0410867,0.6461049,0.0,1.0,7.0
exp7_fixed_random_1,4583,546.36053,2.449646,0.6543873,1.0,0.0,16.0
exp7_fixed_random_1,4584,-136.82242,3.1396263,0.5258499,0.0,1.0,6.0
exp7_fixed_random_1,4585,-146.92123,3.7164617,0.42442095,0.0,1.0,4.0
exp7_fixed_random_1,4586,629.66547,2.7507122,0.69903654,1.0,0.0,24.0
exp7_fixed_random_1,4587,594.35406,2.6989293,0.68635464,1.0,0.0,26.0
exp7_fixed_random_1,4588,491.3603,2.475867,0.61100745,1.0,0.0,13.0
exp7_fixed_random_1,4589,588.842,2.2154245,0.54491025,1.0,0.0,37.0
exp7_fixed_random_1,4590,578.57336,2.507157,0.69415504,1.0,0.0,25.0
exp7_fixed_random_1,4591,531.6026,2.190644,0.8183346,1.0,0.0,23.0
exp7_fixed_random_1,4592,597.8796,3.3170915,0.7545608,1.0,0.0,16.0
exp7_fixed_random_1,4593,568.9252,2.618258,0.6793151,1.0,0.0,16.0
exp7_fixed_random_1,4594,-296.34448,1.8975277,0.37678343,0.0,1.0,4.0
exp7_fixed_random_1,4595,-113.20038,3.0674984,0.68873954,0.0,1.0,17.0
exp7_fixed_random_1,4596,470.2259,2.2200692,0.6404722,1.0,0.0,13.0
exp7_fixed_random_1,4597,538.6432,2.611083,0.66063774,1.0,0.0,18.0
exp7_fixed_random_1,4598,606.48126,2.7489507,0.7746587,1.0,0.0,24.0
exp7_fixed_random_1,4599,567.0711,3.4274094,0.7045296,1.0,0.0,17.0
exp7_fixed_random_1,4601,552.7928,2.198804,0.51566035,1.0,0.0,22.0
exp7_fixed_random_1,4602,580.20874,3.5341277,0.70515823,1.0,0.0,20.0
exp7_fixed_random_1,4603,565.77026,2.8482723,0.5607596,1.0,0.0,16.0
exp7_fixed_random_1,4604,559.88586,3.6287634,0.52582973,1.0,0.0,11.0
exp7_fixed_random_1,4605,-113.59454,3.775897,0.5659275,0.0,1.0,9.0
exp7_fixed_random_1,4606,577.0898,2.365048,0.6266472,1.0,0.0,27.0
exp7_fixed_random_1,4607,465.5258,1.9272106,0.70938975,1.0,0.0,28.0
exp7_fixed_random_1,4608,520.1991,2.3541217,0.46263602,1.0,0.0,14.0
exp7_fixed_random_1,4609,-179.80829,3.0436945,0.61177266,0.0,1.0,10.0
exp7_fixed_random_1,4610,512.0352,2.2955098,0.7227238,1.0,0.0,21.0
exp7_fixed_random_1,4611,630.64856,2.9548633,0.7882012,1.0,0.0,21.0
exp7_fixed_random_1,4612,613.21185,3.838394,0.85198224,1.0,0.0,15.0
exp7_fixed_random_1,4613,604.7063,3.2448974,0.7433015,1.0,0.0,19.0
exp7_fixed_random_1,4614,544.10474,2.6850626,0.5065543,1.0,0.0,12.0
exp7_fixed_random_1,4615,-170.36313,3.803929,0.44414315,0.0,1.0,6.0
exp7_fixed_random_1,4616,523.53674,2.6957026,0.8672387,1.0,0.0,16.0
exp7_fixed_random_1,4617,667.24023,3.0987656,0.77234286,1.0,0.0,23.0
exp7_fixed_random_1,4618,593.46814,2.8841212,0.7021617,1.0,0.0,22.0
exp7_fixed_random_1,4619,503.52814,2.0775077,0.7237091,1.0,0.0,25.0
exp7_fixed_random_1,4621,583.9365,2.0349689,0.5092231,1.0,0.0,38.0
exp7_fixed_random_1,4622,551.1863,2.2355006,0.6797519,1.0,0.0,22.0
exp7_fixed_random_1,4623,540.5842,2.383297,0.5027572,1.0,0.0,14.0
exp7_fixed_random_1,4624,597.91223,3.1772676,0.5436443,1.0,0.0,19.0
exp7_fixed_random_1,4625,572.26135,2.865763,0.8534059,1.0,0.0,21.0
exp7_fixed_random_1,4626,577.1429,2.7780204,0.6447298,1.0,0.0,23.0
exp7_fixed_random_1,4627,534.2752,2.8146813,0.88405573,1.0,0.0,21.0
exp7_fixed_random_1,4628,534.47144,2.4186091,0.6968646,1.0,0.0,20.0
exp7_fixed_random_1,4629,593.7103,3.6676588,0.84431714,1.0,0.0,13.0
exp7_fixed_random_1,4630,553.6826,2.8625371,0.73183465,1.0,0.0,16.0
exp7_fixed_random_1,4631,537.8798,2.9717255,0.6197008,1.0,0.0,17.0
exp7_fixed_random_1,4632,565.2487,3.83462,0.74673563,1.0,0.0,11.0
exp7_fixed_random_1,4633,517.2902,2.6639457,0.44681156,1.0,0.0,11.0
exp7_fixed_random_1,4634,521.79175,3.176422,0.5979381,1.0,0.0,14.0
exp7_fixed_random_1,4635,539.53906,2.620839,0.5287788,1.0,0.0,18.0
exp7_fixed_random_1,4636,533.2485,2.928799,0.70680606,1.0,0.0,20.0
exp7_fixed_random_1,4637,474.71994,2.525745,0.76941097,1.0,0.0,14.0
exp7_fixed_random_1,4638,558.96173,3.0336695,0.7121123,1.0,0.0,18.0
exp7_fixed_random_1,4639,537.7767,2.4259753,0.57818913,1.0,0.0,21.0
exp7_fixed_random_1,4641,547.7643,3.1068363,0.6096527,1.0,0.0,14.0
exp7_fixed_random_1,4642,-310.47363,4.4697556,0.77484876,0.0,1.0,4.0
exp7_fixed_random_1,4643,525.92957,3.211619,0.7320522,1.0,0.0,11.0
exp7_fixed_random_1,4644,-190.34428,4.1915865,0.6220691,0.0,1.0,2.0
exp7_fixed_random_1,4645,569.4011,2.966116,0.42740953,1.0,0.0,18.0
exp7_fixed_random_1,4646,504.9249,3.8401465,0.7183897,1.0,0.0,11.0
exp7_fixed_random_1,4647,531.24036,2.3106098,0.5281271,1.0,0.0,20.0
exp7_fixed_random_1,4648,611.8783,3.276515,0.56053793,1.0,0.0,19.0
exp7_fixed_random_1,4649,626.7007,3.4173472,0.62474537,1.0,0.0,18.0
exp7_fixed_random_1,4650,676.3979,3.8722212,0.48921534,1.0,0.0,16.0
exp7_fixed_random_1,4651,489.34845,2.3250818,0.43918064,1.0,0.0,12.0
exp7_fixed_random_1,4652,575.1786,3.2188327,0.60700464,1.0,0.0,14.0
exp7_fixed_random_1,4653,-266.94434,3.7198222,0.5031957,0.0,1.0,6.0
exp7_fixed_random_1,4654,495.16882,2.191929,0.41578093,1.0,0.0,10.0
exp7_fixed_random_1,4655,617.678,2.5924337,0.5509779,1.0,0.0,23.0
exp7_fixed_random_1,4656,555.93634,2.9876323,0.6916529,1.0,0.0,16.0
exp7_fixed_random_1,4657,509.0856,3.0307405,0.4691244,1.0,0.0,10.0
exp7_fixed_random_1,4658,610.79346,2.9941177,0.6245088,1.0,0.0,22.0
exp7_fixed_random_1,4659,-263.77228,2.8436823,0.596037,0.0,1.0,11.0
exp7_fixed_random_1,4661,-220.49261,3.2438478,0.9973291,0.0,1.0,2.0
exp7_fixed_random_1,4662,575.8532,2.8433423,0.7962832,1.0,0.0,20.0
exp7_fixed_random_1,4663,520.358,2.436257,0.6243619,1.0,0.0,29.0
exp7_fixed_random_1,4664,512.5055,2.5985687,0.41329074,1.0,0.0,16.0
exp7_fixed_random_1,4665,554.8244,2.1132174,0.42596656,1.0,0.0,17.0
exp7_fixed_random_1,4666,-308.69373,3.0121825,0.52032083,0.0,1.0,5.0
exp7_fixed_random_1,4667,-100.96836,2.0387428,0.42869017,0.0,1.0,19.0
exp7_fixed_random_1,4668,-110.10287,2.5141962,0.65898675,0.0,1.0,18.0
exp7_fixed_random_1,4669,517.8063,1.946157,0.5540108,1.0,0.0,24.0
exp7_fixed_random_1,4670,-140.08447,3.7125545,0.8322703,0.0,1.0,14.0
exp7_fixed_random_1,4671,519.60077,2.342692,0.6535948,1.0,0.0,22.0
exp7_fixed_random_1,4672,534.08954,2.6503217,0.58423483,1.0,0.0,20.0
exp7_fixed_random_1,4673,634.1554,2.190876,0.57245237,1.0,0.0,37.0
exp7_fixed_random_1,4674,547.3821,2.8771815,0.673225,1.0,0.0,21.0
exp7_fixed_random_1,4675,567.7592,2.8103688,0.7012744,1.0,0.0,19.0
exp7_fixed_random_1,4676,515.1811,3.6902156,0.4785824,1.0,0.0,7.0
exp7_fixed_random_1,4677,545.1182,2.541935,0.7996592,1.0,0.0,19.0
exp7_fixed_random_1,4678,616.50165,3.7536838,0.70801693,1.0,0.0,18.0
exp7_fixed_random_1,4679,468.89038,2.3943267,0.6361679,1.0,0.0,19.0
exp7_fixed_random_1,4681,490.58057,2.883778,0.68884313,1.0,0.0,17.0
exp7_fixed_random_1,4682,515.1872,2.8211467,0.7893305,1.0,0.0,13.0
exp7_fixed_random_1,4683,-266.0556,2.3683755,0.5834474,0.0,1.0,20.0
exp7_fixed_random_1,4684,575.52905,2.209182,0.5359098,1.0,0.0,26.0
exp7_fixed_random_1,4685,561.0158,1.7624294,0.44617063,1.0,0.0,27.0
exp7_fixed_random_1,4686,618.94885,3.4502842,0.6763296,1.0,0.0,16.0
exp7_fixed_random_1,4687,515.5029,2.8793504,0.6186926,1.0,0.0,15.0
exp7_fixed_random_1,4688,563.3063,2.426488,0.65141404,1.0,0.0,26.0
exp7_fixed_random_1,4689,-90.22485,4.0290327,0.7278294,0.0,1.0,7.0
exp7_fixed_random_1,4690,505.08636,3.3428488,0.82110614,1.0,0.0,9.0
exp7_fixed_random_1,4691,494.84912,1.98024,0.58626044,1.0,0.0,16.0
exp7_fixed_random_1,4692,479.13922,2.6601803,0.784735,1.0,0.0,12.0
exp7_fixed_random_1,4693,552.3123,2.9080594,0.74530363,1.0,0.0,17.0
exp7_fixed_random_1,4694,570.4584,3.2652748,0.6096401,1.0,0.0,16.0
exp7_fixed_random_1,4695,515.20593,2.7960727,0.63129056,1.0,0.0,10.0
exp7_fixed_random_1,4696,600.3486,3.4862823,0.8343758,1.0,0.0,19.0
exp7_fixed_random_1,4697,599.096,3.0838928,0.7140475,1.0,0.0,17.0
exp7_fixed_random_1,4698,521.1594,2.9418132,0.6799074,1.0,0.0,16.0
exp7_fixed_random_1,4699,554.5719,2.736538,0.83832294,1.0,0.0,24.0
exp7_fixed_random_1,4701,-122.76998,2.1708233,0.5497712,0.0,1.0,27.0
exp7_fixed_random_1,4702,-184.90814,3.5866044,0.62377286,0.0,1.0,11.0
exp7_fixed_random_1,4703,545.973,2.9511778,0.7442061,1.0,0.0,16.0
exp7_fixed_random_1,4704,466.86877,2.7865918,0.8952724,1.0,0.0,9.0
exp7_fixed_random_1,4705,529.37115,2.8838527,0.7073266,1.0,0.0,12.0
exp7_fixed_random_1,4706,611.9585,2.9380915,0.8454403,1.0,0.0,22.0
exp7_fixed_random_1,4707,547.7873,1.7224865,0.47416398,1.0,0.0,44.0
exp7_fixed_random_1,4708,559.59717,1.8114432,0.478383,1.0,0.0,26.0
exp7_fixed_random_1,4709,549.2994,2.713093,0.76702255,1.0,0.0,18.0
exp7_fixed_random_1,4710,567.35535,2.8317788,0.70671415,1.0,0.0,19.0
exp7_fixed_random_1,4711,521.8777,3.6151807,0.6534169,1.0,0.0,13.0
exp7_fixed_random_1,4712,-106.225716,3.768556,0.77298874,0.0,1.0,11.0
exp7_fixed_random_1,4713,550.754,2.6876905,0.6040382,1.0,0.0,23.0
exp7_fixed_random_1,4714,662.3552,2.9091406,0.6602118,1.0,0.0,22.0
exp7_fixed_random_1,4715,575.5135,2.7374074,0.7327891,1.0,0.0,20.0
exp7_fixed_random_1,4716,538.298,2.9952703,0.6458286,1.0,0.0,17.0
exp7_fixed_random_1,4717,-91.31372,3.4727468,0.6369927,0.0,1.0,12.0
exp7_fixed_random_1,4718,502.00845,2.3900373,0.656199,1.0,0.0,25.0
exp7_fixed_random_1,4719,524.46466,2.7247472,0.85460407,1.0,0.0,18.0
exp7_fixed_random_1,4721,-207.52345,4.201504,0.15481028,0.0,1.0,1.0
exp7_fixed_random_1,4722,-94.03048,2.459011,0.5804097,0.0,1.0,21.0
exp7_fixed_random_1,4723,517.2109,1.5817047,0.43451348,1.0,0.0,34.0
exp7_fixed_random_1,4724,-127.61423,3.5126069,0.7277902,0.0,1.0,9.0
exp7_fixed_random_1,4725,-249.8101,4.4113417,0.71809864,0.0,1.0,4.0
exp7_fixed_random_1,4726,555.669,2.8550448,0.6747618,1.0,0.0,15.0
exp7_fixed_random_1,4727,533.0078,2.2091866,0.45026666,1.0,0.0,28.0
exp7_fixed_random_1,4728,588.1872,2.7912269,0.6945789,1.0,0.0,25.0
exp7_fixed_random_1,4729,541.6623,3.408052,0.59435105,1.0,0.0,10.0
exp7_fixed_random_1,4730,550.1449,2.0916681,0.44492847,1.0,0.0,37.0
exp7_fixed_random_1,4731,567.93024,3.102412,0.7358288,1.0,0.0,20.0
exp7_fixed_random_1,4732,-268.97824,4.387738,0.8440784,0.0,1.0,5.0
exp7_fixed_random_1,4733,526.3387,3.4162538,0.6186978,1.0,0.0,12.0
exp7_fixed_random_1,4734,519.9381,3.082745,0.8077176,1.0,0.0,20.0
exp7_fixed_random_1,4735,439.8136,2.3865964,0.84924126,1.0,0.0,18.0
exp7_fixed_random_1,4736,499.309,2.3967829,0.76738006,1.0,0.0,18.0
exp7_fixed_random_1,4737,-203.57486,4.6523647,0.62953913,0.0,1.0,1.0
exp7_fixed_random_1,4738,572.76355,3.109853,0.723453,1.0,0.0,24.0
exp7_fixed_random_1,4739,477.77997,1.7517749,0.57276374,1.0,0.0,18.0
exp7_fixed_random_1,4741,-202.8192,4.95039,0.8340918,0.0,1.0,1.0
exp7_fixed_random_1,4742,-103.88373,3.0557406,0.5603582,0.0,1.0,14.0
exp7_fixed_random_1,4743,489.21225,1.8471408,0.57588077,1.0,0.0,17.0
exp7_fixed_random_1,4744,526.6061,2.152462,0.7970237,1.0,0.0,15.0
exp7_fixed_random_1,4745,509.7322,2.847655,0.7061856,1.0,0.0,15.0
exp7_fixed_random_1,4746,-45.454407,2.7873542,0.48471463,0.0,1.0,23.0
exp7_fixed_random_1,4747,-194.65634,4.0846004,0.9273192,0.0,1.0,3.0
exp7_fixed_random_1,4748,543.6859,3.1066685,0.56293046,1.0,0.0,17.0
exp7_fixed_random_1,4749,523.9537,2.7346225,0.47827354,1.0,0.0,14.0
exp7_fixed_random_1,4750,541.28,2.6535656,0.6371106,1.0,0.0,21.0
exp7_fixed_random_1,4751,552.91986,2.6140258,0.68898594,1.0,0.0,22.0
exp7_fixed_random_1,4752,545.494,2.991797,0.76321715,1.0,0.0,17.0
exp7_fixed_random_1,4753,497.16562,1.8387578,0.37843665,1.0,0.0,23.0
exp7_fixed_random_1,4754,484.83206,2.0084388,0.5570678,1.0,0.0,25.0
exp7_fixed_random_1,4755,566.15247,3.1277378,0.71227425,1.0,0.0,14.0
exp7_fixed_random_1,4756,523.3846,2.005263,0.46523684,1.0,0.0,28.0
exp7_fixed_random_1,4757,601.0944,2.9327981,0.58299255,1.0,0.0,22.0
exp7_fixed_random_1,4758,567.0145,2.8031354,0.6380272,1.0,0.0,23.0
exp7_fixed_random_1,4759,583.5232,2.4982562,0.5717669,1.0,0.0,28.0
exp7_fixed_random_1,4761,543.2648,2.688746,0.64699703,1.0,0.0,20.0
exp7_fixed_random_1,4762,591.24915,2.7087262,0.6605827,1.0,0.0,24.0
exp7_fixed_random_1,4763,524.18335,2.767658,0.7119189,1.0,0.0,20.0
exp7_fixed_random_1,4764,552.8909,2.5692728,0.7197158,1.0,0.0,24.0
exp7_fixed_random_1,4765,-143.39276,3.4786117,0.7267705,0.0,1.0,10.0
exp7_fixed_random_1,4766,-203.07709,3.4355774,0.63566726,0.0,1.0,10.0
exp7_fixed_random_1,4767,488.4092,2.42574,0.6105373,1.0,0.0,18.0
exp7_fixed_random_1,4768,521.4162,2.612495,0.6716976,1.0,0.0,12.0
exp7_fixed_random_1,4769,565.2081,2.0170603,0.5629712,1.0,0.0,29.0
exp7_fixed_random_1,4770,504.82104,3.1970868,0.596445,1.0,0.0,10.0
exp7_fixed_random_1,4771,592.2462,2.7585657,0.60243076,1.0,0.0,27.0
exp7_fixed_random_1,4772,654.7111,3.08918,0.4470207,1.0,0.0,20.0
exp7_fixed_random_1,4773,-85.7786,2.443889,0.4487395,0.0,1.0,14.0
exp7_fixed_random_1,4774,537.425,3.2893624,0.6389296,1.0,0.0,15.0
exp7_fixed_random_1,4775,620.25446,2.708967,0.6386599,1.0,0.0,27.0
exp7_fixed_random_1,4776,-197.22134,3.784957,0.63671243,0.0,1.0,9.0
exp7_fixed_random_1,4777,-162.56357,2.671961,0.6760047,0.0,1.0,9.0
exp7_fixed_random_1,4778,613.36865,2.3835359,0.4508128,1.0,0.0,35.0
exp7_fixed_random_1,4779,485.3375,1.8734627,0.695352,1.0,0.0,22.0
exp7_fixed_random_1,4781,-127.18505,3.563288,0.7022934,0.0,1.0,7.0
exp7_fixed_random_1,4782,-322.22006,3.5071893,0.8563045,0.0,1.0,5.0
exp7_fixed_random_1,4783,599.32684,3.7324338,0.8375874,1.0,0.0,15.0
exp7_fixed_random_1,4784,537.5084,3.0649478,0.69924873,1.0,0.0,19.0
exp7_fixed_random_1,4785,520.23535,3.0211222,0.6159739,1.0,0.0,11.0
exp7_fixed_random_1,4786,586.6858,3.1945875,0.69345134,1.0,0.0,16.0
exp7_fixed_random_1,4787,614.77216,3.5550666,0.63149357,1.0,0.0,19.0
exp7_fixed_random_1,4788,588.151,3.1285744,0.7965857,1.0,0.0,20.0
exp7_fixed_random_1,4789,564.57153,2.8496568,0.7507841,1.0,0.0,22.0
exp7_fixed_random_1,4790,598.572,3.161778,0.6854332,1.0,0.0,20.0
exp7_fixed_random_1,4791,-269.42303,3.0531282,0.55697936,0.0,1.0,13.0
exp7_fixed_random_1,4792,628.38196,2.6509802,0.4757171,1.0,0.0,26.0
exp7_fixed_random_1,4793,-125.57898,1.8563399,0.53836745,0.0,1.0,21.0
exp7_fixed_random_1,4794,552.6549,3.0423033,0.6981951,1.0,0.0,17.0
exp7_fixed_random_1,4795,-144.76231,3.7592077,0.52021664,0.0,1.0,8.0
exp7_fixed_random_1,4796,652.162,3.5301247,0.6737736,1.0,0.0,18.0
exp7_fixed_random_1,4797,570.5995,2.6308103,0.7662818,1.0,0.0,24.0
exp7_fixed_random_1,4798,-220.06297,3.6340518,0.7594389,0.0,1.0,5.0
exp7_fixed_random_1,4799,532.8847,3.8093715,0.64875567,1.0,0.0,8.0
exp7_fixed_random_1,4801,563.64264,2.4021256,0.5848148,1.0,0.0,27.0
exp7_fixed_random_1,4802,600.97754,3.0664837,0.87420595,1.0,0.0,16.0
exp7_fixed_random_1,4803,534.02625,2.923562,0.71886516,1.0,0.0,18.0
exp7_fixed_random_1,4804,529.1326,2.7087917,0.6226873,1.0,0.0,24.0
exp7_fixed_random_1,4805,558.5305,3.0496173,0.7639376,1.0,0.0,16.0
exp7_fixed_random_1,4806,-82.970184,2.8599052,0.709427,0.0,1.0,14.0
exp7_fixed_random_1,4807,506.76825,2.3375225,0.53490996,1.0,0.0,23.0
exp7_fixed_random_1,4808,523.85803,1.9844764,0.36649442,1.0,0.0,33.0
exp7_fixed_random_1,4809,-262.50092,3.24862,0.63013864,0.0,1.0,9.0
exp7_fixed_random_1,4810,-85.8478,3.086265,0.65417874,0.0,1.0,15.0
exp7_fixed_random_1,4811,594.5908,2.7410305,0.6573097,1.0,0.0,27.0
exp7_fixed_random_1,4812,518.9094,2.1482823,0.8641179,1.0,0.0,33.0
exp7_fixed_random_1,4813,546.2254,2.97957,0.8010757,1.0,0.0,21.0
exp7_fixed_random_1,4814,-195.33228,3.6395235,0.6674382,0.0,1.0,6.0
exp7_fixed_random_1,4815,601.16473,3.2901433,0.68990916,1.0,0.0,20.0
exp7_fixed_random_1,4816,428.4712,2.4146867,0.8346596,1.0,0.0,17.0
exp7_fixed_random_1,4817,564.1859,2.6301067,0.5864702,1.0,0.0,20.0
exp7_fixed_random_1,4818,524.8427,3.3806188,0.8204628,1.0,0.0,17.0
exp7_fixed_random_1,4819,576.5807,3.173402,0.66660357,1.0,0.0,18.0
exp7_fixed_random_1,4821,492.05713,2.2270238,0.71863806,1.0,0.0,22.0
exp7_fixed_random_1,4822,573.3259,2.846577,0.6809469,1.0,0.0,24.0
exp7_fixed_random_1,4823,601.71295,2.6021948,0.54795617,1.0,0.0,18.0
exp7_fixed_random_1,4824,573.06586,2.1701157,0.48896933,1.0,0.0,40.0
exp7_fixed_random_1,4825,587.3175,3.2685854,0.53600246,1.0,0.0,22.0
exp7_fixed_random_1,4826,445.13306,2.8917758,0.83011574,1.0,0.0,16.0
exp7_fixed_random_1,4827,557.7407,2.9931386,0.61851233,1.0,0.0,15.0
exp7_fixed_random_1,4828,-166.77011,3.1330187,0.4886734,0.0,1.0,8.0
exp7_fixed_random_1,4829,-171.8163,4.1875014,0.38732648,0.0,1.0,3.0
exp7_fixed_random_1,4830,-142.28775,3.6558437,0.740567,0.0,1.0,6.0
exp7_fixed_random_1,4831,589.8144,2.6974666,0.5075502,1.0,0.0,18.0
exp7_fixed_random_1,4832,-91.52196,3.2880495,0.58065224,0.0,1.0,13.0
exp7_fixed_random_1,4833,548.30493,2.8718019,0.55953664,1.0,0.0,11.0
exp7_fixed_random_1,4834,549.1515,2.8752446,0.66029924,1.0,0.0,19.0
exp7_fixed_random_1,4835,542.8362,3.139168,0.7746057,1.0,0.0,16.0
exp7_fixed_random_1,4836,-142.2551,3.5520155,0.7220655,0.0,1.0,7.0
exp7_fixed_random_1,4837,594.31744,2.6706655,0.594788,1.0,0.0,28.0
exp7_fixed_random_1,4838,563.6055,3.4527345,0.7138118,1.0,0.0,14.0
exp7_fixed_random_1,4839,629.01697,3.2410166,0.6837091,1.0,0.0,19.0
exp7_fixed_random_1,4841,-41.185806,3.3422425,0.68344593,0.0,1.0,17.0
exp7_fixed_random_1,4842,540.1198,2.4424756,0.55288076,1.0,0.0,18.0
exp7_fixed_random_1,4843,486.8348,2.7526715,0.86135453,1.0,0.0,13.0
exp7_fixed_random_1,4844,-149.20984,3.838892,0.7703523,0.0,1.0,6.0
exp7_fixed_random_1,4845,533.65106,2.5645084,0.5535026,1.0,0.0,17.0
exp7_fixed_random_1,4846,621.30133,2.8128157,0.69786686,1.0,0.0,21.0
exp7_fixed_random_1,4847,563.3761,2.8502107,0.5868818,1.0,0.0,16.0
exp7_fixed_random_1,4848,481.58087,2.7790139,0.6326768,1.0,0.0,21.0
exp7_fixed_random_1,4849,529.99805,4.3863897,0.31412303,1.0,0.0,8.0
exp7_fixed_random_1,4850,506.5879,2.675107,0.7754817,1.0,0.0,17.0
exp7_fixed_random_1,4851,564.083,3.065171,0.6983097,1.0,0.0,19.0
exp7_fixed_random_1,4852,-102.83281,3.0996058,0.8114525,0.0,1.0,22.0
exp7_fixed_random_1,4853,489.41046,2.2644749,0.6588032,1.0,0.0,16.0
exp7_fixed_random_1,4854,556.6189,3.2712364,0.55025494,1.0,0.0,16.0
exp7_fixed_random_1,4855,582.6236,2.383298,0.55038285,1.0,0.0,29.0
exp7_fixed_random_1,4856,602.9354,3.5343342,0.5817734,1.0,0.0,17.0
exp7_fixed_random_1,4857,542.4818,2.9129255,0.76910067,1.0,0.0,17.0
exp7_fixed_random_1,4858,456.39462,2.3109007,0.6559981,1.0,0.0,17.0
exp7_fixed_random_1,4859,624.0018,3.8620942,0.5868739,1.0,0.0,16.0
exp7_fixed_random_1,4861,508.7764,3.7476676,0.6361723,1.0,0.0,9.0
exp7_fixed_random_1,4862,472.9688,2.2203279,0.5497486,1.0,0.0,12.0
exp7_fixed_random_1,4863,528.06335,2.5947702,0.5011747,1.0,0.0,19.0
exp7_fixed_random_1,4864,635.97003,3.2328393,0.72861576,1.0,0.0,21.0
exp7_fixed_random_1,4865,577.11,3.018745,0.7310318,1.0,0.0,21.0
exp7_fixed_random_1,4866,540.3952,2.58368,0.6151781,1.0,0.0,18.0
exp7_fixed_random_1,4867,562.4147,3.130592,0.49397418,1.0,0.0,16.0
exp7_fixed_random_1,4868,545.7532,2.4232876,0.60780567,1.0,0.0,17.0
exp7_fixed_random_1,4869,509.58258,2.7513597,0.8074705,1.0,0.0,15.0
exp7_fixed_random_1,4870,532.1051,2.6270032,0.6516094,1.0,0.0,17.0
exp7_fixed_random_1,4871,552.2269,3.1401224,0.5584708,1.0,0.0,18.0
exp7_fixed_random_1,4872,554.823,2.4068992,0.65157413,1.0,0.0,15.0
exp7_fixed_random_1,4873,-250.52429,2.302004,0.4088612,0.0,1.0,19.0
exp7_fixed_random_1,4874,608.59985,2.4871752,0.6081099,1.0,0.0,27.0
exp7_fixed_random_1,4875,653.57336,2.7770364,0.71242243,1.0,0.0,22.0
exp7_fixed_random_1,4876,519.6173,2.5365133,0.80657506,1.0,0.0,18.0
exp7_fixed_random_1,4877,-188.76819,3.1677966,0.58442074,0.0,1.0,14.0
exp7_fixed_random_1,4878,487.8932,2.055469,0.61369544,1.0,0.0,14.0
exp7_fixed_random_1,4879,596.14307,2.7026796,0.56043977,1.0,0.0,21.0
exp7_fixed_random_1,4881,557.5297,2.2582707,0.50517035,1.0,0.0,21.0
exp7_fixed_random_1,4882,493.34555,2.610388,0.7365081,1.0,0.0,15.0
exp7_fixed_random_1,4883,575.4911,2.9623508,0.8109225,1.0,0.0,17.0
exp7_fixed_random_1,4884,506.7679,2.8069339,0.7059848,1.0,0.0,15.0
exp7_fixed_random_1,4885,533.6626,2.820848,0.68986064,1.0,0.0,18.0
exp7_fixed_random_1,4886,455.309,2.3926015,0.6620707,1.0,0.0,25.0
exp7_fixed_random_1,4887,473.33344,2.5735373,0.67133963,1.0,0.0,23.0
exp7_fixed_random_1,4888,537.79834,2.6347,0.6524765,1.0,0.0,19.0
exp7_fixed_random_1,4889,503.5948,2.3450277,0.7663018,1.0,0.0,18.0
exp7_fixed_random_1,4890,481.75452,2.3558347,0.7274765,1.0,0.0,13.0
exp7_fixed_random_1,4891,548.78827,3.0545685,0.6344791,1.0,0.0,19.0
exp7_fixed_random_1,4892,588.21967,2.5848126,0.6203967,1.0,0.0,22.0
exp7_fixed_random_1,4893,486.41272,1.9434139,0.5467742,1.0,0.0,21.0
exp7_fixed_random_1,4894,576.12946,2.7659328,0.66304666,1.0,0.0,23.0
exp7_fixed_random_1,4895,550.58356,3.1678433,0.62977976,1.0,0.0,16.0
exp7_fixed_random_1,4896,-171.83218,4.1504097,0.63293076,0.0,1.0,8.0
exp7_fixed_random_1,4897,502.4519,3.1913323,0.66386855,1.0,0.0,14.0
exp7_fixed_random_1,4898,-171.93735,3.4957998,0.43544188,0.0,1.0,9.0
exp7_fixed_random_1,4899,-234.16791,4.2225604,0.67966884,0.0,1.0,7.0
exp7_fixed_random_1,4901,-151.56407,3.99512,0.8627617,0.0,1.0,11.0
exp7_fixed_random_1,4902,582.9949,2.380278,0.55855674,1.0,0.0,26.0
exp7_fixed_random_1,4903,566.0648,3.1739655,0.5898973,1.0,0.0,13.0
exp7_fixed_random_1,4904,542.786,2.7605557,0.8365587,1.0,0.0,22.0
exp7_fixed_random_1,4905,534.7243,2.5569978,0.591982,1.0,0.0,20.0
exp7_fixed_random_1,4906,551.19147,2.8280115,0.6389254,1.0,0.0,23.0
exp7_fixed_random_1,4907,574.48663,2.7837377,0.7354871,1.0,0.0,21.0
exp7_fixed_random_1,4908,496.31805,2.235991,0.57911885,1.0,0.0,20.0
exp7_fixed_random_1,4909,468.2372,2.3074522,0.6068709,1.0,0.0,13.0
exp7_fixed_random_1,4910,639.7795,3.8110104,0.6625847,1.0,0.0,17.0
exp7_fixed_random_1,4911,552.3768,2.8955123,0.7787754,1.0,0.0,16.0
exp7_fixed_random_1,4912,578.83093,2.9597254,0.7109142,1.0,0.0,15.0
exp7_fixed_random_1,4913,604.8568,2.5991762,0.5590897,1.0,0.0,24.0
exp7_fixed_random_1,4914,564.356,3.3115933,0.633599,1.0,0.0,21.0
exp7_fixed_random_1,4915,591.92975,2.560121,0.5093178,1.0,0.0,22.0
exp7_fixed_random_1,4916,491.09338,2.7886667,0.7148591,1.0,0.0,20.0
exp7_fixed_random_1,4917,525.5993,2.7514455,0.6424945,1.0,0.0,18.0
exp7_fixed_random_1,4918,568.2628,2.6863098,0.6719184,1.0,0.0,20.0
exp7_fixed_random_1,4919,496.0691,2.5044181,0.6915735,1.0,0.0,20.0
exp7_fixed_random_1,4921,660.82056,2.7882369,0.5714045,1.0,0.0,23.0
exp7_fixed_random_1,4922,632.3305,3.2457242,0.70844024,1.0,0.0,20.0
exp7_fixed_random_1,4923,558.4807,2.1423342,0.40805796,1.0,0.0,33.0
exp7_fixed_random_1,4924,543.12695,2.3361077,0.52454937,1.0,0.0,20.0
exp7_fixed_random_1,4925,589.97986,2.1309192,0.581221,1.0,0.0,37.0
exp7_fixed_random_1,4926,504.69104,2.2647088,0.601559,1.0,0.0,17.0
exp7_fixed_random_1,4927,524.6588,2.3774877,0.5272663,1.0,0.0,17.0
exp7_fixed_random_1,4928,576.14844,2.7737625,0.9058926,1.0,0.0,19.0
exp7_fixed_random_1,4929,594.77515,2.686716,0.6436886,1.0,0.0,21.0
exp7_fixed_random_1,4930,591.1333,2.8844442,0.70722324,1.0,0.0,18.0
exp7_fixed_random_1,4931,526.20483,2.8148391,0.72813845,1.0,0.0,17.0
exp7_fixed_random_1,4932,495.01273,2.6172645,0.7625832,1.0,0.0,18.0
exp7_fixed_random_1,4933,515.4878,2.4682994,0.42636666,1.0,0.0,21.0
exp7_fixed_random_1,4934,626.9411,3.4429572,0.7085859,1.0,0.0,17.0
exp7_fixed_random_1,4935,628.1785,3.2669563,0.5996876,1.0,0.0,19.0
exp7_fixed_random_1,4936,543.7471,2.845649,0.6271385,1.0,0.0,16.0
exp7_fixed_random_1,4937,477.4006,2.4795816,0.8317102,1.0,0.0,13.0
exp7_fixed_random_1,4938,586.4216,3.3281682,0.7241342,1.0,0.0,18.0
exp7_fixed_random_1,4939,-233.2002,3.7336214,0.714912,0.0,1.0,11.0
exp7_fixed_random_1,4941,558.90857,3.0141277,0.717433,1.0,0.0,14.0
exp7_fixed_random_1,4942,552.07324,2.5203278,0.5945488,1.0,0.0,20.0
exp7_fixed_random_1,4943,540.1998,3.462088,0.9109976,1.0,0.0,16.0
exp7_fixed_random_1,4944,534.1918,2.8917756,0.66250986,1.0,0.0,14.0
exp7_fixed_random_1,4945,-94.38847,3.3930724,0.4358499,0.0,1.0,8.0
exp7_fixed_random_1,4946,-273.26404,3.333716,0.7045401,0.0,1.0,8.0
exp7_fixed_random_1,4947,500.59866,2.0581765,0.36021394,1.0,0.0,16.0
exp7_fixed_random_1,4948,606.0906,3.5907757,0.73408085,1.0,0.0,13.0
exp7_fixed_random_1,4949,532.37225,4.1462893,0.72041553,1.0,0.0,11.0
exp7_fixed_random_1,4950,506.9357,2.4895735,0.7896181,1.0,0.0,13.0
exp7_fixed_random_1,4951,578.8001,2.5708926,0.33792934,1.0,0.0,17.0
exp7_fixed_random_1,4952,-44.405685,3.5397327,0.592907,0.0,1.0,14.0
exp7_fixed_random_1,4953,-160.68256,4.220868,0.78157115,0.0,1.0,5.0
exp7_fixed_random_1,4954,505.7647,2.2930667,0.6566762,1.0,0.0,17.0
exp7_fixed_random_1,4955,594.63257,2.657261,0.5445795,1.0,0.0,21.0
exp7_fixed_random_1,4956,549.01624,2.4399266,0.7913375,1.0,0.0,23.0
exp7_fixed_random_1,4957,603.60956,2.5491576,0.7141543,1.0,0.0,25.0
exp7_fixed_random_1,4958,533.47034,2.487874,0.65317667,1.0,0.0,17.0
exp7_fixed_random_1,4959,514.2659,2.8538609,0.8835756,1.0,0.0,17.0
exp7_fixed_random_1,4961,596.0948,2.7367227,0.71190506,1.0,0.0,19.0
exp7_fixed_random_1,4962,548.9976,2.8501487,0.78547853,1.0,0.0,15.0
exp7_fixed_random_1,4963,580.89795,2.7852433,0.58364964,1.0,0.0,19.0
exp7_fixed_random_1,4964,542.7736,2.1095421,0.7015647,1.0,0.0,24.0
exp7_fixed_random_1,4965,512.55664,2.8760953,0.7782512,1.0,0.0,19.0
exp7_fixed_random_1,4966,617.98804,3.1152673,0.6089403,1.0,0.0,14.0
exp7_fixed_random_1,4967,588.3977,2.134901,0.50774056,1.0,0.0,34.0
exp7_fixed_random_1,4968,574.932,2.6334546,0.7456309,1.0,0.0,21.0
exp7_fixed_random_1,4969,598.5062,2.8102105,0.58462316,1.0,0.0,19.0
exp7_fixed_random_1,4970,-252.28366,2.8279126,0.53449005,0.0,1.0,14.0
exp7_fixed_random_1,4971,-123.39875,3.1760645,0.33635107,0.0,1.0,9.0
exp7_fixed_random_1,4972,550.68866,2.4024575,0.4491896,1.0,0.0,23.0
exp7_fixed_random_1,4973,456.63922,3.189081,0.83256537,1.0,0.0,11.0
exp7_fixed_random_1,4974,532.4899,2.8841836,0.7992624,1.0,0.0,22.0
exp7_fixed_random_1,4975,590.2412,4.096684,0.6714843,1.0,0.0,12.0
exp7_fixed_random_1,4976,561.0677,3.626795,0.5886685,1.0,0.0,15.0
exp7_fixed_random_1,4977,507.64148,3.1741402,0.8293113,1.0,0.0,14.0
exp7_fixed_random_1,4978,514.03406,2.8016975,0.8138365,1.0,0.0,17.0
exp7_fixed_random_1,4979,534.37616,2.8208725,0.86421376,1.0,0.0,18.0
exp7_fixed_random_1,4981,559.5465,2.738895,0.56485915,1.0,0.0,20.0
exp7_fixed_random_1,4982,-141.03702,3.5024016,0.62290525,0.0,1.0,6.0
exp7_fixed_random_1,4983,544.0333,2.929315,0.53925776,1.0,0.0,13.0
exp7_fixed_random_1,4984,520.48157,2.5595796,0.75352675,1.0,0.0,22.0
exp7_fixed_random_1,4985,526.1638,4.0123487,0.7902565,1.0,0.0,11.0
exp7_fixed_random_1,4986,542.7514,3.166742,0.64009947,1.0,0.0,12.0
exp7_fixed_random_1,4987,590.1742,2.7438712,0.7041358,1.0,0.0,18.0
exp7_fixed_random_1,4988,599.6926,2.7692163,0.62511885,1.0,0.0,19.0
exp7_fixed_random_1,4989,558.5742,2.5382235,0.47103545,1.0,0.0,17.0
exp7_fixed_random_1,4990,496.3957,2.5731616,0.6270071,1.0,0.0,16.0
exp7_fixed_random_1,4991,-181.82106,4.103303,0.77172583,0.0,1.0,3.0
exp7_fixed_random_1,4992,595.9164,3.4665706,0.61872447,1.0,0.0,12.0
exp7_fixed_random_1,4993,488.80273,2.3007517,0.74976,1.0,0.0,17.0
exp7_fixed_random_1,4994,-268.96182,4.0817513,0.72883344,0.0,1.0,4.0
exp7_fixed_random_1,4995,529.5032,2.2367673,0.52737194,1.0,0.0,25.0
exp7_fixed_random_1,4996,530.526,2.5071743,0.5449992,1.0,0.0,16.0
exp7_fixed_random_1,4997,600.1853,2.7691696,0.6862177,1.0,0.0,25.0
exp7_fixed_random_1,4998,571.0662,2.7119968,0.7265411,1.0,0.0,19.0
exp7_fixed_random_1,4999,560.6348,2.5855699,0.49753943,1.0,0.0,23.0
exp7_fixed_random_1,5001,-270.74124,3.4170766,0.6280488,0.0,1.0,9.0
exp7_fixed_random_1,5002,559.06976,3.4664886,0.74080604,1.0,0.0,14.0
exp7_fixed_random_1,5003,530.0823,3.4292197,0.65137446,1.0,0.0,10.0
exp7_fixed_random_1,5004,603.5408,3.957414,0.66713315,1.0,0.0,14.0
exp7_fixed_random_1,5005,580.2074,3.2728455,0.54818195,1.0,0.0,20.0
exp7_fixed_random_1,5006,-105.40793,3.5654624,0.46929482,0.0,1.0,11.0
exp7_fixed_random_1,5007,582.1918,2.9616923,0.7296102,1.0,0.0,16.0
exp7_fixed_random_1,5008,526.52905,2.0784662,0.75149506,1.0,0.0,31.0
exp7_fixed_random_1,5009,545.9874,2.71473,0.6837681,1.0,0.0,18.0
exp7_fixed_random_1,5010,452.61902,2.0327377,0.82402855,1.0,0.0,21.0
exp7_fixed_random_1,5011,445.10663,2.9331949,0.82963157,1.0,0.0,8.0
exp7_fixed_random_1,5012,562.3556,3.0821576,0.67312187,1.0,0.0,15.0
exp7_fixed_random_1,5013,567.2668,2.6853173,0.6596714,1.0,0.0,23.0
exp7_fixed_random_1,5014,610.52747,2.9764588,0.73281926,1.0,0.0,21.0
exp7_fixed_random_1,5015,-136.71811,2.9735463,0.7886149,0.0,1.0,15.0
exp7_fixed_random_1,5016,519.8662,2.6793704,0.62094355,1.0,0.0,23.0
exp7_fixed_random_1,5017,643.73114,3.085765,0.5000456,1.0,0.0,21.0
exp7_fixed_random_1,5018,560.181,2.9218304,0.6258029,1.0,0.0,21.0
exp7_fixed_random_1,5019,475.89984,2.2185354,0.77882975,1.0,0.0,28.0
exp7_fixed_random_1,5021,485.71973,2.111891,0.6014182,1.0,0.0,15.0
exp7_fixed_random_1,5022,514.3177,2.7361317,0.7653283,1.0,0.0,19.0
exp7_fixed_random_1,5023,470.0676,2.3249753,0.89564663,1.0,0.0,24.0
exp7_fixed_random_1,5024,545.4644,2.8953104,0.47197267,1.0,0.0,12.0
exp7_fixed_random_1,5025,-339.33942,4.258712,0.871932,0.0,1.0,5.0
exp7_fixed_random_1,5026,568.3213,2.2433996,0.5292665,1.0,0.0,28.0
exp7_fixed_random_1,5027,561.56226,2.4543064,0.48122275,1.0,0.0,16.0
exp7_fixed_random_1,5028,545.9823,2.7889895,0.53558177,1.0,0.0,18.0
exp7_fixed_random_1,5029,487.6926,2.8787038,0.4326137,1.0,0.0,14.0
exp7_fixed_random_1,5030,637.5825,3.158882,0.5853054,1.0,0.0,22.0
exp7_fixed_random_1,5031,-85.557434,3.417863,0.58072275,0.0,1.0,12.0
exp7_fixed_random_1,5032,632.04846,2.7173946,0.59530693,1.0,0.0,22.0
exp7_fixed_random_1,5033,534.9662,3.036727,0.6619514,1.0,0.0,13.0
exp7_fixed_random_1,5034,464.17432,2.7349677,0.74212915,1.0,0.0,14.0
exp7_fixed_random_1,5035,677.2974,3.511476,0.5794907,1.0,0.0,18.0
exp7_fixed_random_1,5036,573.9502,2.6188614,0.6005651,1.0,0.0,21.0
exp7_fixed_random_1,5037,587.2866,3.0239077,0.6856744,1.0,0.0,18.0
exp7_fixed_random_1,5038,579.19507,2.5934951,0.595202,1.0,0.0,17.0
exp7_fixed_random_1,5039,581.3375,2.4127042,0.58566874,1.0,0.0,31.0
exp7_fixed_random_1,5041,557.49365,2.5950136,0.6129763,1.0,0.0,18.0
exp7_fixed_random_1,5042,490.40866,2.1081803,0.5845874,1.0,0.0,21.0
exp7_fixed_random_1,5043,525.4664,2.582327,0.67833877,1.0,0.0,23.0
exp7_fixed_random_1,5044,587.1342,2.8968384,0.78161794,1.0,0.0,21.0
exp7_fixed_random_1,5045,539.891,2.625174,0.5737585,1.0,0.0,23.0
exp7_fixed_random_1,5046,517.6029,2.661171,0.6852389,1.0,0.0,15.0
exp7_fixed_random_1,5047,-143.37796,3.0901258,0.6368775,0.0,1.0,13.0
exp7_fixed_random_1,5048,504.6306,2.691626,0.65315795,1.0,0.0,18.0
exp7_fixed_random_1,5049,565.3105,2.3842843,0.5941499,1.0,0.0,33.0
exp7_fixed_random_1,5050,544.6194,2.7860694,0.6948737,1.0,0.0,20.0
exp7_fixed_random_1,5051,512.71014,2.6941385,0.5615002,1.0,0.0,16.0
exp7_fixed_random_1,5052,541.679,2.487006,0.67335385,1.0,0.0,21.0
exp7_fixed_random_1,5053,536.10706,2.393625,0.7884127,1.0,0.0,25.0
exp7_fixed_random_1,5054,560.0603,2.762045,0.6777008,1.0,0.0,19.0
exp7_fixed_random_1,5055,623.63074,3.0831404,0.5404886,1.0,0.0,21.0
exp7_fixed_random_1,5056,594.4927,2.6687284,0.54016984,1.0,0.0,26.0
exp7_fixed_random_1,5057,517.4329,3.3579237,0.86376363,1.0,0.0,14.0
exp7_fixed_random_1,5058,533.62866,2.0713816,0.34653375,1.0,0.0,19.0
exp7_fixed_random_1,5059,531.0731,2.2817047,0.5734297,1.0,0.0,20.0
exp7_fixed_random_1,5061,-303.16583,3.3772497,0.5381109,0.0,1.0,9.0
exp7_fixed_random_1,5062,521.0815,2.4872816,0.58779943,1.0,0.0,15.0
exp7_fixed_random_1,5063,446.4978,2.598893,0.6914193,1.0,0.0,17.0
exp7_fixed_random_1,5064,449.90652,2.0880513,0.93795335,1.0,0.0,19.0
exp7_fixed_random_1,5065,489.89102,2.4741445,0.46538112,1.0,0.0,19.0
exp7_fixed_random_1,5066,547.4936,2.7720234,0.4527933,1.0,0.0,10.0
exp7_fixed_random_1,5067,494.51862,3.3755229,0.6953198,1.0,0.0,9.0
exp7_fixed_random_1,5068,519.56805,2.756786,0.5335559,1.0,0.0,13.0
exp7_fixed_random_1,5069,-117.55944,3.7277112,0.6363019,0.0,1.0,7.0
exp7_fixed_random_1,5070,-222.06796,4.1603875,0.7475397,0.0,1.0,9.0
exp7_fixed_random_1,5071,560.56464,2.9618537,0.6770311,1.0,0.0,16.0
exp7_fixed_random_1,5072,640.5856,3.4635375,0.7536219,1.0,0.0,19.0
exp7_fixed_random_1,5073,552.72833,3.135159,0.74953806,1.0,0.0,18.0
exp7_fixed_random_1,5074,-105.60104,2.8908849,0.67077,0.0,1.0,15.0
exp7_fixed_random_1,5075,499.67432,2.315888,0.73188883,1.0,0.0,28.0
exp7_fixed_random_1,5076,593.50793,3.1663167,0.67037964,1.0,0.0,15.0
exp7_fixed_random_1,5077,555.8761,2.3527775,0.64725834,1.0,0.0,31.0
exp7_fixed_random_1,5078,506.48315,2.4262824,0.5220956,1.0,0.0,20.0
exp7_fixed_random_1,5079,649.5171,3.288977,0.6389966,1.0,0.0,17.0
exp7_fixed_random_1,5081,518.36316,2.5545144,0.6627482,1.0,0.0,21.0
exp7_fixed_random_1,5082,559.86273,2.6700497,0.43624765,1.0,0.0,14.0
exp7_fixed_random_1,5083,527.6094,3.6087284,0.58228654,1.0,0.0,14.0
exp7_fixed_random_1,5084,539.1886,3.1820054,0.8286182,1.0,0.0,18.0
exp7_fixed_random_1,5085,538.8534,2.7535815,0.644014,1.0,0.0,20.0
exp7_fixed_random_1,5086,531.5705,2.1766355,0.489939,1.0,0.0,15.0
exp7_fixed_random_1,5087,591.93915,2.7132485,0.58995175,1.0,0.0,19.0
exp7_fixed_random_1,5088,557.8246,2.0680635,0.4876199,1.0,0.0,29.0
exp7_fixed_random_1,5089,552.9479,2.5392492,0.33730686,1.0,0.0,22.0
exp7_fixed_random_1,5090,567.194,2.6381907,0.8244626,1.0,0.0,18.0
exp7_fixed_random_1,5091,519.43,2.4893093,0.5267142,1.0,0.0,20.0
exp7_fixed_random_1,5092,-336.55557,3.8310015,0.50359666,0.0,1.0,7.0
exp7_fixed_random_1,5093,581.4104,2.6869304,0.44247803,1.0,0.0,21.0
exp7_fixed_random_1,5094,-108.79287,2.9463727,0.47657767,0.0,1.0,10.0
exp7_fixed_random_1,5095,599.8967,3.6587672,0.37213048,1.0,0.0,16.0
exp7_fixed_random_1,5096,621.28357,2.6602526,0.77361673,1.0,0.0,24.0
exp7_fixed_random_1,5097,452.42023,2.5711672,0.5810604,1.0,0.0,14.0
exp7_fixed_random_1,5098,-235.4419,3.036145,0.60158193,0.0,1.0,7.0
exp7_fixed_random_1,5099,-144.1311,3.2133002,0.40390864,0.0,1.0,7.0
exp7_fixed_random_1,5101,470.065,2.7619476,0.81804734,1.0,0.0,10.0
exp7_fixed_random_1,5102,543.9272,2.336242,0.4077808,1.0,0.0,14.0
exp7_fixed_random_1,5103,461.0793,2.1660008,0.7412031,1.0,0.0,22.0
exp7_fixed_random_1,5104,503.95886,2.2713742,0.39588043,1.0,0.0,29.0
exp7_fixed_random_1,5105,527.5137,2.636121,0.60477227,1.0,0.0,12.0
exp7_fixed_random_1,5106,-250.8609,3.172512,0.6676944,0.0,1.0,14.0
exp7_fixed_random_1,5107,608.7792,2.226851,0.37131786,1.0,0.0,34.0
exp7_fixed_random_1,5108,595.3382,2.2475343,0.5830295,1.0,0.0,34.0
exp7_fixed_random_1,5109,-252.73883,3.8508818,0.7551937,0.0,1.0,9.0
exp7_fixed_random_1,5110,513.3075,2.8926215,0.604257,1.0,0.0,10.0
exp7_fixed_random_1,5111,491.2846,2.809572,0.8462307,1.0,0.0,19.0
exp7_fixed_random_1,5112,544.4724,2.9139738,0.78610146,1.0,0.0,15.0
exp7_fixed_random_1,5113,-210.48581,2.9239528,0.60627717,0.0,1.0,20.0
exp7_fixed_random_1,5114,472.0593,2.8340914,0.87233716,1.0,0.0,11.0
exp7_fixed_random_1,5115,552.0899,2.6837158,0.63165396,1.0,0.0,16.0
exp7_fixed_random_1,5116,575.80316,2.492062,0.61018044,1.0,0.0,27.0
exp7_fixed_random_1,5117,-228.77351,2.5606642,0.6150324,0.0,1.0,19.0
exp7_fixed_random_1,5118,529.1099,2.5843346,0.8210641,1.0,0.0,19.0
exp7_fixed_random_1,5119,525.4226,2.582152,0.6435549,1.0,0.0,21.0
exp7_fixed_random_1,5121,561.87146,2.5815496,0.62306273,1.0,0.0,20.0
exp7_fixed_random_1,5122,557.16785,2.3128128,0.5951989,1.0,0.0,19.0
exp7_fixed_random_1,5123,537.0059,2.4303558,0.79352957,1.0,0.0,23.0
exp7_fixed_random_1,5124,-101.62708,2.82357,0.71718794,0.0,1.0,17.0
exp7_fixed_random_1,5125,639.95764,2.9791932,0.58930856,1.0,0.0,22.0
exp7_fixed_random_1,5126,558.6306,3.2103267,0.59636843,1.0,0.0,13.0
exp7_fixed_random_1,5127,537.63324,3.6194544,0.34389877,1.0,0.0,8.0
exp7_fixed_random_1,5128,-81.68324,2.8626165,0.6902719,0.0,1.0,15.0
exp7_fixed_random_1,5129,573.9843,3.1027083,0.56521344,1.0,0.0,21.0
exp7_fixed_random_1,5130,556.28253,2.6319897,0.80101776,1.0,0.0,22.0
exp7_fixed_random_1,5131,596.99854,2.4600031,0.6877667,1.0,0.0,30.0
exp7_fixed_random_1,5132,-321.4341,3.8365898,0.8670924,0.0,1.0,4.0
exp7_fixed_random_1,5133,529.7015,1.9422718,0.49475458,1.0,0.0,32.0
exp7_fixed_random_1,5134,498.65094,2.5864253,0.71191597,1.0,0.0,16.0
exp7_fixed_random_1,5135,544.4635,2.5449843,0.6744951,1.0,0.0,22.0
exp7_fixed_random_1,5136,555.51917,2.3023114,0.47811797,1.0,0.0,32.0
exp7_fixed_random_1,5137,618.0177,3.0076625,0.6441852,1.0,0.0,20.0
exp7_fixed_random_1,5138,544.85657,2.544098,0.62242985,1.0,0.0,28.0
exp7_fixed_random_1,5139,532.8194,2.425697,0.75160724,1.0,0.0,26.0
exp7_fixed_random_1,5141,660.5373,2.2968204,0.51957786,1.0,0.0,35.0
exp7_fixed_random_1,5142,-224.1886,3.3607633,0.5403024,0.0,1.0,14.0
exp7_fixed_random_1,5143,492.28223,2.4193065,0.8114438,1.0,0.0,17.0
exp7_fixed_random_1,5144,486.71982,1.5770364,0.4304153,1.0,0.0,18.0
exp7_fixed_random_1,5145,622.4387,2.3638651,0.74031657,1.0,0.0,30.0
exp7_fixed_random_1,5146,613.38855,3.6401432,0.6941295,1.0,0.0,18.0
exp7_fixed_random_1,5147,633.4437,3.3318524,0.6125751,1.0,0.0,17.0
exp7_fixed_random_1,5148,586.82153,3.219281,0.6007014,1.0,0.0,15.0
exp7_fixed_random_1,5149,675.6306,2.78888,0.5871902,1.0,0.0,24.0
exp7_fixed_random_1,5150,517.8729,2.47564,0.5803796,1.0,0.0,18.0
exp7_fixed_random_1,5151,515.16345,2.3491404,0.52986485,1.0,0.0,22.0
exp7_fixed_random_1,5152,526.7503,2.1178055,0.5234216,1.0,0.0,18.0
exp7_fixed_random_1,5153,542.35767,2.5167034,0.656739,1.0,0.0,24.0
exp7_fixed_random_1,5154,571.5158,2.591501,0.7822089,1.0,0.0,24.0
exp7_fixed_random_1,5155,466.97864,0.98308426,0.2202994,1.0,0.0,25.0
exp7_fixed_random_1,5156,621.5913,2.8060637,0.6655298,1.0,0.0,22.0
exp7_fixed_random_1,5157,427.17615,2.7615676,0.5380174,1.0,0.0,10.0
exp7_fixed_random_1,5158,599.00684,3.4868057,0.6576185,1.0,0.0,19.0
exp7_fixed_random_1,5159,-53.2415,3.4266195,0.717393,0.0,1.0,15.0
exp7_fixed_random_1,5161,518.18677,2.9307184,0.56752455,1.0,0.0,15.0
exp7_fixed_random_1,5162,611.6378,2.744965,0.805441,1.0,0.0,21.0
exp7_fixed_random_1,5163,547.51855,3.2332158,0.7693194,1.0,0.0,14.0
exp7_fixed_random_1,5164,457.53473,2.1411889,0.662668,1.0,0.0,13.0
exp7_fixed_random_1,5165,594.6961,1.9005556,0.6093775,1.0,0.0,35.0
exp7_fixed_random_1,5166,561.3782,2.1817985,0.45218793,1.0,0.0,20.0
exp7_fixed_random_1,5167,563.3021,2.5923188,0.7830513,1.0,0.0,25.0
exp7_fixed_random_1,5168,474.07663,1.9637188,0.54954517,1.0,0.0,16.0
exp7_fixed_random_1,5169,559.72675,3.164826,0.6246063,1.0,0.0,20.0
exp7_fixed_random_1,5170,-93.44176,2.951978,0.4874142,0.0,1.0,12.0
exp7_fixed_random_1,5171,525.27893,2.8891299,0.54748803,1.0,0.0,14.0
exp7_fixed_random_1,5172,528.1976,2.345902,0.7915205,1.0,0.0,25.0
exp7_fixed_random_1,5173,550.1968,2.230204,0.5005871,1.0,0.0,32.0
exp7_fixed_random_1,5174,573.5414,2.2027862,0.5879482,1.0,0.0,25.0
exp7_fixed_random_1,5175,499.10703,2.392045,0.6144408,1.0,0.0,21.0
exp7_fixed_random_1,5176,519.1841,2.5187547,0.5843155,1.0,0.0,15.0
exp7_fixed_random_1,5177,577.2809,2.746543,0.50933886,1.0,0.0,18.0
exp7_fixed_random_1,5178,473.3145,2.6353588,0.86002636,1.0,0.0,17.0
exp7_fixed_random_1,5179,541.3014,2.6238728,0.80001175,1.0,0.0,21.0
exp7_fixed_random_1,5181,577.06726,2.7092943,0.6272514,1.0,0.0,18.0
exp7_fixed_random_1,5182,508.583,2.481792,0.7925799,1.0,0.0,23.0
exp7_fixed_random_1,5183,-114.38237,3.664138,0.53739154,0.0,1.0,8.0
exp7_fixed_random_1,5184,455.6825,1.5110803,0.488289,1.0,0.0,29.0
exp7_fixed_random_1,5185,538.7757,2.517424,0.60399854,1.0,0.0,23.0
exp7_fixed_random_1,5186,538.36536,2.926458,0.7803235,1.0,0.0,25.0
exp7_fixed_random_1,5187,-126.12252,1.9859928,0.32926682,0.0,1.0,15.0
exp7_fixed_random_1,5188,-129.9178,2.70782,0.6799713,0.0,1.0,17.0
exp7_fixed_random_1,5189,499.32196,2.1465974,0.45817444,1.0,0.0,13.0
exp7_fixed_random_1,5190,565.23206,3.257237,0.91181266,1.0,0.0,18.0
exp7_fixed_random_1,5191,418.3854,1.7258847,0.74674684,1.0,0.0,19.0
exp7_fixed_random_1,5192,597.9158,3.4442754,0.71985674,1.0,0.0,19.0
exp7_fixed_random_1,5193,573.4478,2.6422455,0.59735954,1.0,0.0,17.0
exp7_fixed_random_1,5194,556.94434,2.2096617,0.39962918,1.0,0.0,20.0
exp7_fixed_random_1,5195,534.04474,3.0812793,0.73346037,1.0,0.0,17.0
exp7_fixed_random_1,5196,604.23535,2.25619,0.6136081,1.0,0.0,27.0
exp7_fixed_random_1,5197,629.2821,3.3659663,0.4533471,1.0,0.0,16.0
exp7_fixed_random_1,5198,539.36743,1.8248261,0.39198792,1.0,0.0,26.0
exp7_fixed_random_1,5199,558.7461,3.0251582,0.787756,1.0,0.0,18.0
exp7_fixed_random_1,5201,575.05347,3.67162,0.6030241,1.0,0.0,15.0
exp7_fixed_random_1,5202,535.23303,2.7516103,0.6262177,1.0,0.0,17.0
exp7_fixed_random_1,5203,668.3435,3.1595225,0.68867505,1.0,0.0,21.0
exp7_fixed_random_1,5204,478.83646,3.2216697,0.5246004,1.0,0.0,13.0
exp7_fixed_random_1,5205,-39.92993,2.599312,0.55916166,0.0,1.0,23.0
exp7_fixed_random_1,5206,553.662,3.3499093,0.62419164,1.0,0.0,13.0
exp7_fixed_random_1,5207,545.6385,2.795884,0.74522567,1.0,0.0,25.0
exp7_fixed_random_1,5208,549.1034,2.805165,0.6200717,1.0,0.0,21.0
exp7_fixed_random_1,5209,530.6356,3.458059,0.6537047,1.0,0.0,9.0
exp7_fixed_random_1,5210,618.85004,2.690492,0.75619286,1.0,0.0,24.0
exp7_fixed_random_1,5211,516.131,3.5379548,0.6886993,1.0,0.0,7.0
exp7_fixed_random_1,5212,535.8526,2.6268024,0.5162498,1.0,0.0,17.0
exp7_fixed_random_1,5213,574.0337,2.914876,0.65383846,1.0,0.0,20.0
exp7_fixed_random_1,5214,465.9718,2.5189242,0.5778548,1.0,0.0,17.0
exp7_fixed_random_1,5215,566.9489,3.039149,0.6849392,1.0,0.0,17.0
exp7_fixed_random_1,5216,519.7188,3.022207,0.8342942,1.0,0.0,15.0
exp7_fixed_random_1,5217,620.49585,2.5898,0.5761518,1.0,0.0,31.0
exp7_fixed_random_1,5218,632.2896,3.0156732,0.63084674,1.0,0.0,17.0
exp7_fixed_random_1,5219,599.1067,2.679718,0.5698412,1.0,0.0,24.0
exp7_fixed_random_1,5221,-144.58658,2.248292,0.80090106,0.0,1.0,30.0
exp7_fixed_random_1,5222,567.2102,3.4337485,0.58827895,1.0,0.0,15.0
exp7_fixed_random_1,5223,-144.69954,3.7904072,0.62756884,0.0,1.0,6.0
exp7_fixed_random_1,5224,593.53357,2.7854774,0.6134614,1.0,0.0,21.0
exp7_fixed_random_1,5225,484.66238,2.1542408,0.6303922,1.0,0.0,15.0
exp7_fixed_random_1,5226,571.7623,3.4311996,0.6663819,1.0,0.0,13.0
exp7_fixed_random_1,5227,553.5969,3.0070045,0.83298194,1.0,0.0,21.0
exp7_fixed_random_1,5228,652.5226,2.7597415,0.5706694,1.0,0.0,26.0
exp7_fixed_random_1,5229,530.47675,3.128187,0.73970836,1.0,0.0,17.0
exp7_fixed_random_1,5230,606.8788,2.954408,0.6399742,1.0,0.0,24.0
exp7_fixed_random_1,5231,586.0454,2.7169316,0.62138116,1.0,0.0,20.0
exp7_fixed_random_1,5232,476.04333,2.712741,0.81931746,1.0,0.0,17.0
exp7_fixed_random_1,5233,540.3683,3.3659322,0.78154606,1.0,0.0,18.0
exp7_fixed_random_1,5234,-236.35394,2.7273555,0.58873105,0.0,1.0,18.0
exp7_fixed_random_1,5235,507.90942,1.7418765,0.4027058,1.0,0.0,35.0
exp7_fixed_random_1,5236,-218.16138,3.3445241,0.47347528,0.0,1.0,13.0
exp7_fixed_random_1,5237,460.27954,1.8472711,0.45026872,1.0,0.0,16.0
exp7_fixed_random_1,5238,-312.50424,3.8094373,0.5517452,0.0,1.0,4.0
exp7_fixed_random_1,5239,-107.917465,3.2797372,0.26709938,0.0,1.0,9.0
exp7_fixed_random_1,5241,520.1208,2.5676053,0.72606033,1.0,0.0,25.0
exp7_fixed_random_1,5242,533.9966,2.87743,0.64326894,1.0,0.0,13.0
exp7_fixed_random_1,5243,474.7912,3.035143,0.6098283,1.0,0.0,17.0
exp7_fixed_random_1,5244,-105.95899,2.6378164,0.7032343,0.0,1.0,13.0
exp7_fixed_random_1,5245,646.3193,3.0318382,0.5610423,1.0,0.0,24.0
exp7_fixed_random_1,5246,529.5405,2.577037,0.68723476,1.0,0.0,16.0
exp7_fixed_random_1,5247,-236.54117,2.9600837,0.68857425,0.0,1.0,10.0
exp7_fixed_random_1,5248,-212.17639,2.729836,0.7019088,0.0,1.0,16.0
exp7_fixed_random_1,5249,637.6918,2.895551,0.4875308,1.0,0.0,28.0
exp7_fixed_random_1,5250,527.0709,3.1732178,0.6351404,1.0,0.0,14.0
exp7_fixed_random_1,5251,573.688,2.1304479,0.36242536,1.0,0.0,23.0
exp7_fixed_random_1,5252,602.51733,2.8104143,0.49743387,1.0,0.0,19.0
exp7_fixed_random_1,5253,559.16724,2.5970132,0.70143276,1.0,0.0,22.0
exp7_fixed_random_1,5254,578.5685,2.6875641,0.6120407,1.0,0.0,18.0
exp7_fixed_random_1,5255,528.25354,2.41763,0.49413463,1.0,0.0,25.0
exp7_fixed_random_1,5256,-208.95412,3.269843,0.76008296,0.0,1.0,3.0
exp7_fixed_random_1,5257,561.4068,2.2302282,0.51215076,1.0,0.0,22.0
exp7_fixed_random_1,5258,519.1074,2.5690026,0.7168228,1.0,0.0,20.0
exp7_fixed_random_1,5259,-87.82976,3.3929293,0.56629837,0.0,1.0,13.0
exp7_fixed_random_1,5261,492.44095,2.4199007,0.765198,1.0,0.0,26.0
exp7_fixed_random_1,5262,611.46405,2.2034333,0.77227384,1.0,0.0,30.0
exp7_fixed_random_1,5263,596.9546,2.2306647,0.5003388,1.0,0.0,19.0
exp7_fixed_random_1,5264,493.33746,2.3283648,0.50688547,1.0,0.0,13.0
exp7_fixed_random_1,5265,571.2547,2.4346852,0.65812653,1.0,0.0,26.0
exp7_fixed_random_1,5266,516.70435,2.8902414,0.72108155,1.0,0.0,17.0
exp7_fixed_random_1,5267,566.218,2.8163376,0.64509463,1.0,0.0,24.0
exp7_fixed_random_1,5268,589.7811,2.3112392,0.5035639,1.0,0.0,34.0
exp7_fixed_random_1,5269,563.8046,3.37655,0.62469435,1.0,0.0,17.0
exp7_fixed_random_1,5270,-37.309357,3.4255404,0.4611308,0.0,1.0,13.0
exp7_fixed_random_1,5271,522.1983,3.263363,0.5850416,1.0,0.0,15.0
exp7_fixed_random_1,5272,597.2949,3.1275868,0.5116565,1.0,0.0,18.0
exp7_fixed_random_1,5273,648.8093,3.4230993,0.6954851,1.0,0.0,18.0
exp7_fixed_random_1,5274,514.9935,3.358603,0.566771,1.0,0.0,11.0
exp7_fixed_random_1,5275,601.3167,2.69294,0.5409217,1.0,0.0,21.0
exp7_fixed_random_1,5276,-206.89334,3.5521371,0.7179723,0.0,1.0,11.0
exp7_fixed_random_1,5277,-290.18393,3.743866,0.61846024,0.0,1.0,6.0
exp7_fixed_random_1,5278,560.22455,2.1703334,0.4630515,1.0,0.0,16.0
exp7_fixed_random_1,5279,523.60455,2.214451,0.7416716,1.0,0.0,27.0
exp7_fixed_random_1,5281,-238.2956,3.0729723,0.40653512,0.0,1.0,11.0
exp7_fixed_random_1,5282,571.00336,2.2289827,0.4447664,1.0,0.0,25.0
exp7_fixed_random_1,5283,551.53906,2.55351,0.5568941,1.0,0.0,22.0
exp7_fixed_random_1,5284,533.2733,2.8830419,0.6819969,1.0,0.0,14.0
exp7_fixed_random_1,5285,524.3213,2.6732538,0.589547,1.0,0.0,20.0
exp7_fixed_random_1,5286,473.02826,1.9797983,0.6084081,1.0,0.0,16.0
exp7_fixed_random_1,5287,549.1842,2.710333,0.82835203,1.0,0.0,23.0
exp7_fixed_random_1,5288,600.38544,2.7839777,0.673837,1.0,0.0,24.0
exp7_fixed_random_1,5289,578.52936,3.091809,0.78185815,1.0,0.0,20.0
exp7_fixed_random_1,5290,568.0594,2.0930722,0.3910916,1.0,0.0,20.0
exp7_fixed_random_1,5291,540.1097,2.7285757,0.7373524,1.0,0.0,18.0
exp7_fixed_random_1,5292,511.6798,2.7876363,0.69561577,1.0,0.0,19.0
exp7_fixed_random_1,5293,498.6648,2.5346296,0.6874247,1.0,0.0,16.0
exp7_fixed_random_1,5294,518.85864,1.9529617,0.5297119,1.0,0.0,27.0
exp7_fixed_random_1,5295,569.8623,2.2168381,0.5442996,1.0,0.0,25.0
exp7_fixed_random_1,5296,557.616,2.5921485,0.55594516,1.0,0.0,19.0
exp7_fixed_random_1,5297,533.57947,2.6267362,0.5558212,1.0,0.0,25.0
exp7_fixed_random_1,5298,579.65063,2.8389955,0.49930838,1.0,0.0,18.0
exp7_fixed_random_1,5299,-280.6044,3.276981,0.52015454,0.0,1.0,8.0
exp7_fixed_random_1,5301,519.7581,2.3802807,0.8228463,1.0,0.0,28.0
exp7_fixed_random_1,5302,614.76245,2.4685807,0.542147,1.0,0.0,28.0
exp7_fixed_random_1,5303,499.97876,2.0627227,0.49218556,1.0,0.0,13.0
exp7_fixed_random_1,5304,607.4489,3.4354692,0.79857606,1.0,0.0,15.0
exp7_fixed_random_1,5305,590.0095,3.3071582,0.6993367,1.0,0.0,18.0
exp7_fixed_random_1,5306,-257.99597,2.1748447,0.5447648,0.0,1.0,22.0
exp7_fixed_random_1,5307,601.3066,3.315401,0.6594299,1.0,0.0,20.0
exp7_fixed_random_1,5308,525.0344,2.9805353,0.69229215,1.0,0.0,14.0
exp7_fixed_random_1,5309,-140.8306,3.182365,0.795008,0.0,1.0,16.0
exp7_fixed_random_1,5310,501.36023,2.1012387,0.86243427,1.0,0.0,39.0
exp7_fixed_random_1,5311,522.81335,2.335333,0.48161113,1.0,0.0,18.0
exp7_fixed_random_1,5312,494.33508,2.6595252,0.65541196,1.0,0.0,23.0
exp7_fixed_random_1,5313,-312.26743,3.3069723,0.7017602,0.0,1.0,4.0
exp7_fixed_random_1,5314,519.8053,2.6451077,0.7512568,1.0,0.0,18.0
exp7_fixed_random_1,5315,536.25977,3.0962257,0.7341952,1.0,0.0,20.0
exp7_fixed_random_1,5316,613.46375,2.7400217,0.4609171,1.0,0.0,25.0
exp7_fixed_random_1,5317,613.088,2.4125488,0.553265,1.0,0.0,32.0
exp7_fixed_random_1,5318,578.26166,3.3042295,0.67937404,1.0,0.0,18.0
exp7_fixed_random_1,5319,561.89496,2.3432145,0.63383114,1.0,0.0,25.0
exp7_fixed_random_1,5321,450.06046,2.6893044,0.512636,1.0,0.0,24.0
exp7_fixed_random_1,5322,553.3905,3.1294174,0.73266447,1.0,0.0,15.0
exp7_fixed_random_1,5323,522.0851,2.3070645,0.5002324,1.0,0.0,35.0
exp7_fixed_random_1,5324,-252.4224,2.8109226,0.72304857,0.0,1.0,17.0
exp7_fixed_random_1,5325,549.32697,2.7309563,0.8468699,1.0,0.0,24.0
exp7_fixed_random_1,5326,-195.8006,4.2307844,0.5994156,0.0,1.0,5.0
exp7_fixed_random_1,5327,-279.9576,3.1886294,0.7199032,0.0,1.0,14.0
exp7_fixed_random_1,5328,519.50397,2.4198122,0.5720079,1.0,0.0,27.0
exp7_fixed_random_1,5329,-124.21573,2.6910765,0.5610661,0.0,1.0,16.0
exp7_fixed_random_1,5330,434.1221,2.4011505,0.82461977,1.0,0.0,24.0
exp7_fixed_random_1,5331,568.6262,2.5592961,0.410205,1.0,0.0,31.0
exp7_fixed_random_1,5332,515.8305,2.6067994,0.61825293,1.0,0.0,12.0
exp7_fixed_random_1,5333,624.09064,3.140432,0.74739486,1.0,0.0,19.0
exp7_fixed_random_1,5334,472.93253,2.242324,0.52776796,1.0,0.0,15.0
exp7_fixed_random_1,5335,486.41885,3.1222668,0.82387596,1.0,0.0,14.0
exp7_fixed_random_1,5336,526.6249,2.8369777,0.61101294,1.0,0.0,23.0
exp7_fixed_random_1,5337,-301.21158,2.8388638,0.43904075,0.0,1.0,10.0
exp7_fixed_random_1,5338,-177.06323,3.6966665,0.69369084,0.0,1.0,13.0
exp7_fixed_random_1,5339,494.2552,3.2063549,0.6089672,1.0,0.0,10.0
exp7_fixed_random_1,5341,584.61676,2.434525,0.5656283,1.0,0.0,29.0
exp7_fixed_random_1,5342,502.8412,2.551755,0.68417835,1.0,0.0,12.0
exp7_fixed_random_1,5343,454.07303,2.7416687,0.8809669,1.0,0.0,13.0
exp7_fixed_random_1,5344,569.7896,2.7848105,0.65675044,1.0,0.0,17.0
exp7_fixed_random_1,5345,453.377,2.6379507,0.78417325,1.0,0.0,11.0
exp7_fixed_random_1,5346,547.1338,2.8069031,0.82287234,1.0,0.0,17.0
exp7_fixed_random_1,5347,544.30054,2.5940259,0.6662027,1.0,0.0,20.0
exp7_fixed_random_1,5348,474.8108,3.1778662,0.759446,1.0,0.0,10.0
exp7_fixed_random_1,5349,590.0379,2.6274946,0.83114135,1.0,0.0,27.0
exp7_fixed_random_1,5350,-25.06688,2.5062954,0.67095166,0.0,1.0,32.0
exp7_fixed_random_1,5351,511.455,2.3346784,0.5546076,1.0,0.0,15.0
exp7_fixed_random_1,5352,547.341,2.826832,0.6562188,1.0,0.0,17.0
exp7_fixed_random_1,5353,557.48376,2.640852,0.54510605,1.0,0.0,19.0
exp7_fixed_random_1,5354,600.97705,3.303906,0.7103599,1.0,0.0,20.0
exp7_fixed_random_1,5355,569.80365,2.4756985,0.6909742,1.0,0.0,27.0
exp7_fixed_random_1,5356,553.24896,2.131424,0.7779157,1.0,0.0,35.0
exp7_fixed_random_1,5357,526.32776,2.8563044,0.7886613,1.0,0.0,23.0
exp7_fixed_random_1,5358,537.9346,2.345848,0.491466,1.0,0.0,21.0
exp7_fixed_random_1,5359,494.94586,3.051234,0.6771016,1.0,0.0,12.0
exp7_fixed_random_1,5361,611.3086,2.6052256,0.560851,1.0,0.0,27.0
exp7_fixed_random_1,5362,519.6909,3.1646166,0.47558075,1.0,0.0,13.0
exp7_fixed_random_1,5363,462.49014,2.9613051,0.67064244,1.0,0.0,13.0
exp7_fixed_random_1,5364,464.33414,2.6216412,0.60192615,1.0,0.0,16.0
exp7_fixed_random_1,5365,534.3603,2.9104178,0.57135373,1.0,0.0,15.0
exp7_fixed_random_1,5366,476.9757,2.744806,0.5404861,1.0,0.0,12.0
exp7_fixed_random_1,5367,521.9234,2.9733636,0.7672529,1.0,0.0,16.0
exp7_fixed_random_1,5368,-257.3085,3.3096297,0.5668731,0.0,1.0,11.0
exp7_fixed_random_1,5369,497.7934,2.0665777,0.5130883,1.0,0.0,25.0
exp7_fixed_random_1,5370,527.7427,2.52782,0.4892058,1.0,0.0,16.0
exp7_fixed_random_1,5371,553.36206,3.1019552,0.65256256,1.0,0.0,14.0
exp7_fixed_random_1,5372,534.12177,3.0201113,0.49251193,1.0,0.0,11.0
exp7_fixed_random_1,5373,510.338,2.0658436,0.5215734,1.0,0.0,20.0
exp7_fixed_random_1,5374,601.5577,2.6702268,0.57249725,1.0,0.0,21.0
exp7_fixed_random_1,5375,531.353,1.6459057,0.46916538,1.0,0.0,51.0
exp7_fixed_random_1,5376,557.35474,2.7570117,0.5870655,1.0,0.0,18.0
exp7_fixed_random_1,5377,-258.77258,2.7829196,0.5246347,0.0,1.0,14.0
exp7_fixed_random_1,5378,566.9206,2.6325262,0.6664511,1.0,0.0,22.0
exp7_fixed_random_1,5379,479.11945,2.19087,0.5775219,1.0,0.0,21.0
exp7_fixed_random_1,5381,577.70355,2.4150143,0.5053855,1.0,0.0,27.0
exp7_fixed_random_1,5382,597.34814,2.9830215,0.609691,1.0,0.0,23.0
exp7_fixed_random_1,5383,602.18524,3.5541627,0.416878,1.0,0.0,13.0
exp7_fixed_random_1,5384,630.23083,2.3413277,0.5518031,1.0,0.0,35.0
exp7_fixed_random_1,5385,521.9215,2.2369583,0.48147982,1.0,0.0,21.0
exp7_fixed_random_1,5386,-183.92966,2.37431,0.5528598,0.0,1.0,17.0
exp7_fixed_random_1,5387,507.60437,2.1331007,0.7723074,1.0,0.0,20.0
exp7_fixed_random_1,5388,571.6093,2.5339212,0.5643939,1.0,0.0,25.0
exp7_fixed_random_1,5389,483.91745,2.3460321,0.56452215,1.0,0.0,13.0
exp7_fixed_random_1,5390,533.58795,2.3920588,0.56724465,1.0,0.0,27.0
exp7_fixed_random_1,5391,613.3166,2.771082,0.65614545,1.0,0.0,21.0
exp7_fixed_random_1,5392,516.6364,1.7702495,0.3957506,1.0,0.0,43.0
exp7_fixed_random_1,5393,481.3315,2.5417712,0.4751678,1.0,0.0,20.0
exp7_fixed_random_1,5394,-251.18066,3.0085683,0.49033386,0.0,1.0,15.0
exp7_fixed_random_1,5395,551.0651,2.0560822,0.5195316,1.0,0.0,39.0
exp7_fixed_random_1,5396,531.95386,2.6107316,0.42888755,1.0,0.0,20.0
exp7_fixed_random_1,5397,512.5837,1.9611713,0.34268665,1.0,0.0,21.0
exp7_fixed_random_1,5398,593.59467,2.003482,0.51848346,1.0,0.0,36.0
exp7_fixed_random_1,5399,-14.567093,2.6181886,0.70776683,0.0,1.0,27.0
exp7_fixed_random_1,5401,628.32275,2.7359889,0.52108854,1.0,0.0,25.0
exp7_fixed_random_1,5402,520.3946,2.5870647,0.7438984,1.0,0.0,17.0
exp7_fixed_random_1,5403,605.26685,2.9074292,0.5145078,1.0,0.0,21.0
exp7_fixed_random_1,5404,518.13275,3.0932379,0.6771025,1.0,0.0,17.0
exp7_fixed_random_1,5405,560.9193,2.542419,0.6262066,1.0,0.0,21.0
exp7_fixed_random_1,5406,523.2396,2.0091832,0.79900914,1.0,0.0,33.0
exp7_fixed_random_1,5407,-21.271362,2.8147273,0.4769639,0.0,1.0,16.0
exp7_fixed_random_1,5408,546.8411,2.382734,0.63623613,1.0,0.0,20.0
exp7_fixed_random_1,5409,534.1836,2.0817068,0.50121874,1.0,0.0,35.0
exp7_fixed_random_1,5410,564.72314,3.0290375,0.46624887,1.0,0.0,15.0
exp7_fixed_random_1,5411,510.6583,2.3115501,0.63574153,1.0,0.0,12.0
exp7_fixed_random_1,5412,-207.25047,2.7904675,0.5014024,0.0,1.0,13.0
exp7_fixed_random_1,5413,536.7529,2.9213264,0.68406564,1.0,0.0,22.0
exp7_fixed_random_1,5414,581.587,2.342989,0.48761925,1.0,0.0,28.0
exp7_fixed_random_1,5415,500.60748,2.6922219,0.80952626,1.0,0.0,18.0
exp7_fixed_random_1,5416,569.6101,3.3311152,0.6137486,1.0,0.0,15.0
exp7_fixed_random_1,5417,537.2491,3.198334,0.79963475,1.0,0.0,19.0
exp7_fixed_random_1,5418,552.28674,2.8783977,0.53434646,1.0,0.0,17.0
exp7_fixed_random_1,5419,521.53436,3.119013,0.64665455,1.0,0.0,11.0
exp7_fixed_random_1,5421,604.8263,2.7937849,0.7487151,1.0,0.0,23.0
exp7_fixed_random_1,5422,586.4046,3.12656,0.5578847,1.0,0.0,21.0
exp7_fixed_random_1,5423,565.9263,2.0552435,0.42891362,1.0,0.0,36.0
exp7_fixed_random_1,5424,-143.49283,3.3508708,0.6557959,0.0,1.0,12.0
exp7_fixed_random_1,5425,527.46735,2.8072739,0.49449623,1.0,0.0,23.0
exp7_fixed_random_1,5426,576.5543,2.528292,0.6137176,1.0,0.0,30.0
exp7_fixed_random_1,5427,-345.99976,4.324131,0.46869114,0.0,1.0,1.0
exp7_fixed_random_1,5428,545.3186,2.0688996,0.4154082,1.0,0.0,20.0
exp7_fixed_random_1,5429,523.7291,2.9189422,0.59561604,1.0,0.0,17.0
exp7_fixed_random_1,5430,619.75446,2.905671,0.64932954,1.0,0.0,24.0
exp7_fixed_random_1,5431,564.371,3.4234917,0.57407385,1.0,0.0,14.0
exp7_fixed_random_1,5432,625.24396,3.614121,0.6887854,1.0,0.0,18.0
exp7_fixed_random_1,5433,-210.66302,4.900615,0.8391934,0.0,1.0,1.0
exp7_fixed_random_1,5434,514.0349,2.2046738,0.56765854,1.0,0.0,19.0
exp7_fixed_random_1,5435,549.4105,3.0916317,0.5083057,1.0,0.0,14.0
exp7_fixed_random_1,5436,546.07056,2.38845,0.65628994,1.0,0.0,19.0
exp7_fixed_random_1,5437,537.2257,2.087038,0.3916241,1.0,0.0,31.0
exp7_fixed_random_1,5438,640.72253,2.8372486,0.60999155,1.0,0.0,22.0
exp7_fixed_random_1,5439,572.75104,2.937455,0.6958941,1.0,0.0,19.0
exp7_fixed_random_1,5441,597.957,2.9688187,0.7699476,1.0,0.0,22.0
exp7_fixed_random_1,5442,568.29565,2.191099,0.6072709,1.0,0.0,28.0
exp7_fixed_random_1,5443,559.7915,2.8775976,0.6668765,1.0,0.0,21.0
exp7_fixed_random_1,5444,587.0123,2.8785927,0.71504164,1.0,0.0,24.0
exp7_fixed_random_1,5445,576.34247,2.9658957,0.69227564,1.0,0.0,20.0
exp7_fixed_random_1,5446,527.5553,2.581962,0.4055569,1.0,0.0,14.0
exp7_fixed_random_1,5447,580.74097,3.0060637,0.50042754,1.0,0.0,21.0
exp7_fixed_random_1,5448,596.2749,2.9021094,0.5712401,1.0,0.0,20.0
exp7_fixed_random_1,5449,543.71094,1.7116809,0.37252605,1.0,0.0,22.0
exp7_fixed_random_1,5450,455.0219,2.2251298,0.56513387,1.0,0.0,14.0
exp7_fixed_random_1,5451,543.7147,2.4277549,0.645942,1.0,0.0,15.0
exp7_fixed_random_1,5452,493.14978,2.550972,0.6070958,1.0,0.0,20.0
exp7_fixed_random_1,5453,646.5294,3.1693995,0.62074053,1.0,0.0,19.0
exp7_fixed_random_1,5454,460.51392,1.187608,0.28998184,1.0,0.0,32.0
exp7_fixed_random_1,5455,526.5868,2.5281646,0.7868579,1.0,0.0,25.0
exp7_fixed_random_1,5456,528.5215,3.215852,0.80126536,1.0,0.0,16.0
exp7_fixed_random_1,5457,545.9591,2.5715358,0.59663707,1.0,0.0,19.0
exp7_fixed_random_1,5458,-82.604614,2.286182,0.4048304,0.0,1.0,20.0
exp7_fixed_random_1,5459,-193.3631,4.0328765,0.40814954,0.0,1.0,11.0
exp7_fixed_random_1,5461,539.20624,2.6701593,0.5769044,1.0,0.0,22.0
exp7_fixed_random_1,5462,578.955,2.8868833,0.6167977,1.0,0.0,22.0
exp7_fixed_random_1,5463,501.84686,2.0283499,0.4277166,1.0,0.0,31.0
exp7_fixed_random_1,5464,474.0942,2.4577663,0.6885927,1.0,0.0,16.0
exp7_fixed_random_1,5465,524.77264,3.1611292,0.31609106,1.0,0.0,11.0
exp7_fixed_random_1,5466,-228.61409,3.3664582,0.5871107,0.0,1.0,12.0
exp7_fixed_random_1,5467,575.6633,2.6439784,0.8069311,1.0,0.0,24.0
exp7_fixed_random_1,5468,583.60645,2.8037179,0.5990969,1.0,0.0,20.0
exp7_fixed_random_1,5469,561.8355,2.7541153,0.6730054,1.0,0.0,24.0
exp7_fixed_random_1,5470,585.3573,3.5380802,0.60645396,1.0,0.0,12.0
exp7_fixed_random_1,5471,-346.35214,2.6927767,0.23336564,0.0,1.0,3.0
exp7_fixed_random_1,5472,-124.37388,2.7818189,0.5912048,0.0,1.0,19.0
exp7_fixed_random_1,5473,481.97705,2.3775249,0.82702047,1.0,0.0,21.0
exp7_fixed_random_1,5474,-147.90128,2.4964855,0.48835012,0.0,1.0,14.0
exp7_fixed_random_1,5475,523.7399,3.5638342,0.7342085,1.0,0.0,12.0
exp7_fixed_random_1,5476,506.6592,2.863093,0.6695706,1.0,0.0,14.0
exp7_fixed_random_1,5477,-255.97781,3.2421849,0.5391091,0.0,1.0,10.0
exp7_fixed_random_1,5478,556.0963,2.6960082,0.7208024,1.0,0.0,15.0
exp7_fixed_random_1,5479,602.5636,2.8563595,0.68522674,1.0,0.0,23.0
exp7_fixed_random_1,5481,537.84625,2.7222564,0.6554573,1.0,0.0,12.0
exp7_fixed_random_1,5482,477.4393,3.533,0.7001372,1.0,0.0,13.0
exp7_fixed_random_1,5483,537.499,2.0851905,0.33135387,1.0,0.0,21.0
exp7_fixed_random_1,5484,566.24176,2.4040077,0.4670216,1.0,0.0,30.0
exp7_fixed_random_1,5485,560.0261,2.791398,0.65567875,1.0,0.0,17.0
exp7_fixed_random_1,5486,587.54724,1.6904919,0.9039398,1.0,0.0,63.0
exp7_fixed_random_1,5487,566.54816,2.4899175,0.64896214,1.0,0.0,27.0
exp7_fixed_random_1,5488,563.44507,2.939009,0.7633896,1.0,0.0,17.0
exp7_fixed_random_1,5489,542.6724,2.5350049,0.5795836,1.0,0.0,15.0
exp7_fixed_random_1,5490,-108.23757,3.1326966,0.61066765,0.0,1.0,10.0
exp7_fixed_random_1,5491,520.35986,2.7745907,0.734468,1.0,0.0,19.0
exp7_fixed_random_1,5492,508.86533,2.9103951,0.73457676,1.0,0.0,13.0
exp7_fixed_random_1,5493,553.6698,3.1580114,0.60381377,1.0,0.0,18.0
exp7_fixed_random_1,5494,478.10654,2.308783,0.7965419,1.0,0.0,11.0
exp7_fixed_random_1,5495,462.54565,1.625749,0.47942975,1.0,0.0,24.0
exp7_fixed_random_1,5496,553.23285,2.4857566,0.7712532,1.0,0.0,23.0
exp7_fixed_random_1,5497,575.8516,2.3928387,0.5121997,1.0,0.0,19.0
exp7_fixed_random_1,5498,513.6753,2.3266947,0.4690574,1.0,0.0,14.0
exp7_fixed_random_1,5499,-301.55496,3.8446517,0.820014,0.0,1.0,5.0
exp7_fixed_random_1,5501,541.4874,2.689594,0.60334015,1.0,0.0,15.0
exp7_fixed_random_1,5502,482.36615,2.8460085,0.8087978,1.0,0.0,12.0
exp7_fixed_random_1,5503,590.3866,2.7865193,0.6977776,1.0,0.0,23.0
exp7_fixed_random_1,5504,583.9884,2.5251224,0.71005327,1.0,0.0,24.0
exp7_fixed_random_1,5505,602.8687,2.2247202,0.526305,1.0,0.0,31.0
exp7_fixed_random_1,5506,533.1598,3.2370374,0.8941418,1.0,0.0,16.0
exp7_fixed_random_1,5507,547.772,2.4819586,0.8653578,1.0,0.0,22.0
exp7_fixed_random_1,5508,510.19952,2.407583,0.5289849,1.0,0.0,16.0
exp7_fixed_random_1,5509,521.72723,2.5734804,0.5861861,1.0,0.0,14.0
exp7_fixed_random_1,5510,-127.51308,3.0465415,0.4960498,0.0,1.0,11.0
exp7_fixed_random_1,5511,445.19965,2.2064145,0.5749749,1.0,0.0,21.0
exp7_fixed_random_1,5512,-224.4905,3.1572347,0.6855773,0.0,1.0,14.0
exp7_fixed_random_1,5513,-191.17804,3.6486483,0.57014364,0.0,1.0,12.0
exp7_fixed_random_1,5514,524.4258,1.9878936,0.41554666,1.0,0.0,21.0
exp7_fixed_random_1,5515,498.27988,2.3661368,0.5467957,1.0,0.0,18.0
exp7_fixed_random_1,5516,532.25146,2.382027,0.76471233,1.0,0.0,26.0
exp7_fixed_random_1,5517,-288.80182,3.0287876,0.55986524,0.0,1.0,8.0
exp7_fixed_random_1,5518,523.7076,3.042668,0.51461744,1.0,0.0,10.0
exp7_fixed_random_1,5519,597.654,2.5825682,0.541859,1.0,0.0,30.0
exp7_fixed_random_1,5521,568.5562,3.330681,0.6384986,1.0,0.0,14.0
exp7_fixed_random_1,5522,544.4876,3.0144386,0.6803781,1.0,0.0,17.0
exp7_fixed_random_1,5523,533.602,2.276567,0.5149126,1.0,0.0,14.0
exp7_fixed_random_1,5524,567.63544,3.0641062,0.5595442,1.0,0.0,18.0
exp7_fixed_random_1,5525,480.4401,3.3268845,0.74598277,1.0,0.0,9.0
exp7_fixed_random_1,5526,567.957,2.9083035,0.553954,1.0,0.0,19.0
exp7_fixed_random_1,5527,5.727127,3.153478,0.43817705,0.0,1.0,18.0
exp7_fixed_random_1,5528,553.3683,2.8613975,0.79784507,1.0,0.0,19.0
exp7_fixed_random_1,5529,610.8224,3.0351892,0.6794612,1.0,0.0,20.0
exp7_fixed_random_1,5530,531.1181,2.1676912,0.37611386,1.0,0.0,28.0
exp7_fixed_random_1,5531,563.1936,2.936386,0.74437416,1.0,0.0,23.0
exp7_fixed_random_1,5532,570.03033,2.2244332,0.49924174,1.0,0.0,37.0
exp7_fixed_random_1,5533,642.0216,2.867356,0.7144947,1.0,0.0,23.0
exp7_fixed_random_1,5534,-110.73456,2.4451394,0.42579314,0.0,1.0,23.0
exp7_fixed_random_1,5535,-91.26924,3.3766835,0.6782352,0.0,1.0,17.0
exp7_fixed_random_1,5536,533.6355,2.1962843,0.45695445,1.0,0.0,35.0
exp7_fixed_random_1,5537,583.85846,2.863588,0.6915554,1.0,0.0,17.0
exp7_fixed_random_1,5538,534.10205,2.0357394,0.27973092,1.0,0.0,20.0
exp7_fixed_random_1,5539,534.1891,1.7179414,0.5637413,1.0,0.0,23.0
exp7_fixed_random_1,5541,514.83386,2.6431286,0.6233912,1.0,0.0,16.0
exp7_fixed_random_1,5542,566.0141,2.1256247,0.8009499,1.0,0.0,37.0
exp7_fixed_random_1,5543,499.40802,2.8538182,0.7712689,1.0,0.0,18.0
exp7_fixed_random_1,5544,489.38123,2.2943897,0.626301,1.0,0.0,19.0
exp7_fixed_random_1,5545,537.869,3.8282802,0.7352752,1.0,0.0,13.0
exp7_fixed_random_1,5546,-120.56041,1.8328629,0.536,0.0,1.0,19.0
exp7_fixed_random_1,5547,561.77203,2.8719852,0.646373,1.0,0.0,17.0
exp7_fixed_random_1,5548,494.32965,2.3591459,0.651445,1.0,0.0,13.0
exp7_fixed_random_1,5549,541.5457,2.653398,0.72858036,1.0,0.0,28.0
exp7_fixed_random_1,5550,463.6267,2.682312,0.4350446,1.0,0.0,17.0
exp7_fixed_random_1,5551,570.8386,2.5452964,0.6201186,1.0,0.0,19.0
exp7_fixed_random_1,5552,541.33716,3.3127658,0.62742746,1.0,0.0,14.0
exp7_fixed_random_1,5553,478.50018,2.8313105,0.74855113,1.0,0.0,15.0
exp7_fixed_random_1,5554,552.61017,3.2048614,0.7580756,1.0,0.0,14.0
exp7_fixed_random_1,5555,473.1972,2.5187476,0.6157085,1.0,0.0,15.0
exp7_fixed_random_1,5556,488.15002,1.5364529,0.45808607,1.0,0.0,18.0
exp7_fixed_random_1,5557,-161.99463,3.4121077,0.8043282,0.0,1.0,4.0
exp7_fixed_random_1,5558,550.54517,2.1321018,0.5371735,1.0,0.0,21.0
exp7_fixed_random_1,5559,-180.59726,3.8022988,0.38398668,0.0,1.0,3.0
exp7_fixed_random_1,5561,539.05304,2.3925314,0.8839132,1.0,0.0,25.0
exp7_fixed_random_1,5562,639.7034,2.98628,0.6507014,1.0,0.0,20.0
exp7_fixed_random_1,5563,548.0348,2.6599526,0.40125802,1.0,0.0,22.0
exp7_fixed_random_1,5564,546.35626,2.464252,0.60600907,1.0,0.0,20.0
exp7_fixed_random_1,5565,601.24585,2.0016367,0.37563694,1.0,0.0,36.0
exp7_fixed_random_1,5566,541.99097,2.3736227,0.49828926,1.0,0.0,21.0
exp7_fixed_random_1,5567,-283.1424,3.382941,0.47920662,0.0,1.0,7.0
exp7_fixed_random_1,5568,-219.35199,2.7624736,0.5992843,0.0,1.0,14.0
exp7_fixed_random_1,5569,507.21985,2.3924656,0.6595335,1.0,0.0,14.0
exp7_fixed_random_1,5570,528.591,2.7427971,0.6711028,1.0,0.0,12.0
exp7_fixed_random_1,5571,535.98694,2.2589917,0.62365615,1.0,0.0,26.0
exp7_fixed_random_1,5572,529.15106,2.2260287,0.48972043,1.0,0.0,22.0
exp7_fixed_random_1,5573,525.2146,3.1102605,0.65804917,1.0,0.0,14.0
exp7_fixed_random_1,5574,-59.394302,2.3183727,0.5361824,0.0,1.0,25.0
exp7_fixed_random_1,5575,603.26654,2.3131273,0.81290627,1.0,0.0,29.0
exp7_fixed_random_1,5576,572.44836,2.6607358,0.45291978,1.0,0.0,21.0
exp7_fixed_random_1,5577,552.263,3.054999,0.5889873,1.0,0.0,12.0
exp7_fixed_random_1,5578,-103.01271,3.7973099,0.6833961,0.0,1.0,9.0
exp7_fixed_random_1,5579,585.8038,2.6291034,0.6623915,1.0,0.0,23.0
exp7_fixed_random_1,5581,509.71573,2.5005586,0.35386887,1.0,0.0,16.0
exp7_fixed_random_1,5582,571.7334,3.0758073,0.71571445,1.0,0.0,13.0
exp7_fixed_random_1,5583,555.7152,3.1376011,0.7134548,1.0,0.0,13.0
exp7_fixed_random_1,5584,-265.4705,2.535503,0.64638203,0.0,1.0,17.0
exp7_fixed_random_1,5585,564.1238,2.9581597,0.5954758,1.0,0.0,17.0
exp7_fixed_random_1,5586,-212.44,3.1082752,0.5694363,0.0,1.0,12.0
exp7_fixed_random_1,5587,587.2515,2.2919154,0.64160657,1.0,0.0,27.0
exp7_fixed_random_1,5588,483.13446,3.1788113,0.8241571,1.0,0.0,10.0
exp7_fixed_random_1,5589,618.4633,2.7152476,0.6778416,1.0,0.0,26.0
exp7_fixed_random_1,5590,482.04828,2.687525,0.5615289,1.0,0.0,15.0
exp7_fixed_random_1,5591,-194.98976,2.707753,0.6782339,0.0,1.0,23.0
exp7_fixed_random_1,5592,548.3454,2.8180609,0.61783737,1.0,0.0,15.0
exp7_fixed_random_1,5593,569.8537,3.2715695,0.6596001,1.0,0.0,15.0
exp7_fixed_random_1,5594,470.8169,2.6597798,0.70501673,1.0,0.0,19.0
exp7_fixed_random_1,5595,523.9062,3.0350666,0.5872778,1.0,0.0,14.0
exp7_fixed_random_1,5596,-207.87898,2.8257337,0.6660005,0.0,1.0,15.0
exp7_fixed_random_1,5597,531.3071,3.3031769,0.67362046,1.0,0.0,16.0
exp7_fixed_random_1,5598,528.41315,2.9020815,0.56169957,1.0,0.0,17.0
exp7_fixed_random_1,5599,596.01056,3.1744263,0.64910746,1.0,0.0,17.0
exp7_fixed_random_1,5601,565.09875,2.5644038,0.58062315,1.0,0.0,22.0
exp7_fixed_random_1,5602,498.72018,2.3520164,0.82776535,1.0,0.0,23.0
exp7_fixed_random_1,5603,567.03925,2.3189745,0.3968108,1.0,0.0,19.0
exp7_fixed_random_1,5604,613.5613,3.158977,0.56825435,1.0,0.0,17.0
exp7_fixed_random_1,5605,549.3344,2.364282,0.30418336,1.0,0.0,16.0
exp7_fixed_random_1,5606,590.84,2.8408542,0.53463024,1.0,0.0,20.0
exp7_fixed_random_1,5607,559.70667,1.953817,0.51970214,1.0,0.0,38.0
exp7_fixed_random_1,5608,501.59845,1.2967447,0.9526513,1.0,0.0,83.0
exp7_fixed_random_1,5609,525.17944,2.6869535,0.6011093,1.0,0.0,21.0
exp7_fixed_random_1,5610,468.90216,2.383082,0.48792827,1.0,0.0,23.0
exp7_fixed_random_1,5611,643.1958,2.9918222,0.58698344,1.0,0.0,24.0
exp7_fixed_random_1,5612,573.8633,2.8733182,0.680951,1.0,0.0,20.0
exp7_fixed_random_1,5613,514.26044,3.1734102,0.6637451,1.0,0.0,12.0
exp7_fixed_random_1,5614,607.3661,3.6444287,0.5979506,1.0,0.0,16.0
exp7_fixed_random_1,5615,523.5826,2.736927,0.6276342,1.0,0.0,12.0
exp7_fixed_random_1,5616,543.2496,3.049236,0.6368741,1.0,0.0,13.0
exp7_fixed_random_1,5617,-211.81367,2.7734287,0.49991533,0.0,1.0,18.0
exp7_fixed_random_1,5618,498.5919,2.2283037,0.63695914,1.0,0.0,14.0
exp7_fixed_random_1,5619,548.77075,3.132289,0.50680053,1.0,0.0,22.0
exp7_fixed_random_1,5621,445.4722,2.1510227,0.76226604,1.0,0.0,13.0
exp7_fixed_random_1,5622,564.3784,3.0847547,0.66759485,1.0,0.0,18.0
exp7_fixed_random_1,5623,524.1922,2.2755551,0.5727519,1.0,0.0,20.0
exp7_fixed_random_1,5624,511.64545,2.5143905,0.80262256,1.0,0.0,26.0
exp7_fixed_random_1,5625,-204.1782,4.29449,0.08369906,0.0,1.0,1.0
exp7_fixed_random_1,5626,-67.10675,3.7413185,0.50265956,0.0,1.0,12.0
exp7_fixed_random_1,5627,668.23114,3.519084,0.60152537,1.0,0.0,17.0
exp7_fixed_random_1,5628,580.36053,3.0332186,0.5183196,1.0,0.0,25.0
exp7_fixed_random_1,5629,527.26404,2.989233,0.64175713,1.0,0.0,17.0
exp7_fixed_random_1,5630,496.32404,2.3504024,0.8377537,1.0,0.0,26.0
exp7_fixed_random_1,5631,626.9332,3.1149187,0.72872466,1.0,0.0,22.0
exp7_fixed_random_1,5632,560.38196,2.7085676,0.4214943,1.0,0.0,15.0
exp7_fixed_random_1,5633,-202.48895,3.1643453,0.46640202,0.0,1.0,13.0
exp7_fixed_random_1,5634,553.29285,2.7948556,0.5584132,1.0,0.0,16.0
exp7_fixed_random_1,5635,510.8512,2.825407,0.6557291,1.0,0.0,19.0
exp7_fixed_random_1,5636,-209.50679,3.306917,0.52882355,0.0,1.0,14.0
exp7_fixed_random_1,5637,538.7157,2.9755864,0.6778943,1.0,0.0,15.0
exp7_fixed_random_1,5638,-286.2807,2.3875005,0.42974284,0.0,1.0,12.0
exp7_fixed_random_1,5639,540.10364,2.6385033,0.7173867,1.0,0.0,23.0
exp7_fixed_random_1,5641,-190.09338,3.7889993,0.55295473,0.0,1.0,7.0
exp7_fixed_random_1,5642,450.42355,1.6544839,0.4053109,1.0,0.0,27.0
exp7_fixed_random_1,5643,641.867,2.8129563,0.46835306,1.0,0.0,22.0
exp7_fixed_random_1,5644,527.053,2.7230623,0.7575798,1.0,0.0,19.0
exp7_fixed_random_1,5645,591.0722,2.7476733,0.81389314,1.0,0.0,24.0
exp7_fixed_random_1,5646,-23.766968,3.524382,0.4921527,0.0,1.0,13.0
exp7_fixed_random_1,5647,-78.68356,2.9886506,0.5901814,0.0,1.0,19.0
exp7_fixed_random_1,5648,627.9025,2.4401357,0.7671392,1.0,0.0,30.0
exp7_fixed_random_1,5649,514.0753,3.30412,0.57411736,1.0,0.0,12.0
exp7_fixed_random_1,5650,-219.7825,3.1177816,0.50862706,0.0,1.0,13.0
exp7_fixed_random_1,5651,592.7902,2.383838,0.5673006,1.0,0.0,30.0
exp7_fixed_random_1,5652,577.19354,3.0089831,0.6640645,1.0,0.0,20.0
exp7_fixed_random_1,5653,-211.95398,4.872835,0.38067734,0.0,1.0,1.0
exp7_fixed_random_1,5654,553.7969,2.7465086,0.6200429,1.0,0.0,22.0
exp7_fixed_random_1,5655,545.78,2.5419352,0.4629691,1.0,0.0,21.0
exp7_fixed_random_1,5656,-234.97762,2.423432,0.5537126,0.0,1.0,18.0
exp7_fixed_random_1,5657,558.9319,2.7951477,0.48318335,1.0,0.0,24.0
exp7_fixed_random_1,5658,642.3353,2.7880619,0.6419305,1.0,0.0,24.0
exp7_fixed_random_1,5659,9.187561,3.2586498,0.34615028,0.0,1.0,17.0
exp7_fixed_random_1,5661,619.0223,2.5425527,0.66216415,1.0,0.0,29.0
exp7_fixed_random_1,5662,533.3214,2.1569996,0.4820312,1.0,0.0,34.0
exp7_fixed_random_1,5663,632.08887,3.330168,0.631919,1.0,0.0,15.0
exp7_fixed_random_1,5664,603.4517,2.7516184,0.63416034,1.0,0.0,24.0
exp7_fixed_random_1,5665,571.075,3.1133146,0.47500533,1.0,0.0,20.0
exp7_fixed_random_1,5666,506.99847,2.9341695,0.7760851,1.0,0.0,17.0
exp7_fixed_random_1,5667,-58.509018,2.8271995,0.61605,0.0,1.0,21.0
exp7_fixed_random_1,5668,540.0659,2.457078,0.8039681,1.0,0.0,20.0
exp7_fixed_random_1,5669,531.2571,2.501424,0.5231731,1.0,0.0,20.0
exp7_fixed_random_1,5670,504.4971,2.2450576,0.7890855,1.0,0.0,20.0
exp7_fixed_random_1,5671,-119.82478,2.8950052,0.39270517,0.0,1.0,13.0
exp7_fixed_random_1,5672,543.6127,2.7462466,0.6407901,1.0,0.0,18.0
exp7_fixed_random_1,5673,607.5382,2.725895,0.64656717,1.0,0.0,24.0
exp7_fixed_random_1,5674,526.8186,3.4921954,0.56414336,1.0,0.0,8.0
exp7_fixed_random_1,5675,594.63934,2.959842,0.6187192,1.0,0.0,15.0
exp7_fixed_random_1,5676,-130.90933,3.3851666,0.35053492,0.0,1.0,7.0
exp7_fixed_random_1,5677,647.03784,3.22992,0.55347615,1.0,0.0,19.0
exp7_fixed_random_1,5678,538.6598,2.7271678,0.63462627,1.0,0.0,19.0
exp7_fixed_random_1,5679,525.32306,2.9740195,0.7150612,1.0,0.0,13.0
exp7_fixed_random_1,5681,546.7822,2.5273612,0.8035372,1.0,0.0,24.0
exp7_fixed_random_1,5682,494.75964,2.4385726,0.6495117,1.0,0.0,17.0
exp7_fixed_random_1,5683,593.6714,2.5049174,0.6450859,1.0,0.0,26.0
exp7_fixed_random_1,5684,504.59625,2.0275624,0.41236237,1.0,0.0,24.0
exp7_fixed_random_1,5685,512.9769,2.0074236,0.48563948,1.0,0.0,21.0
exp7_fixed_random_1,5686,528.4562,2.2440217,0.5067728,1.0,0.0,17.0
exp7_fixed_random_1,5687,544.5618,2.5597324,0.7536938,1.0,0.0,24.0
exp7_fixed_random_1,5688,569.66895,2.4007177,0.65024793,1.0,0.0,22.0
exp7_fixed_random_1,5689,571.5346,2.9418833,0.65811914,1.0,0.0,19.0
exp7_fixed_random_1,5690,541.57367,2.6004272,0.5979619,1.0,0.0,17.0
exp7_fixed_random_1,5691,496.9144,2.5292728,0.71605587,1.0,0.0,15.0
exp7_fixed_random_1,5692,615.88306,2.031081,0.46381718,1.0,0.0,40.0
exp7_fixed_random_1,5693,529.6817,3.2178824,0.7035818,1.0,0.0,14.0
exp7_fixed_random_1,5694,555.0814,2.3738298,0.7124286,1.0,0.0,17.0
exp7_fixed_random_1,5695,570.05493,2.6364813,0.67866987,1.0,0.0,22.0
exp7_fixed_random_1,5696,543.2119,3.447051,0.51684976,1.0,0.0,11.0
exp7_fixed_random_1,5697,541.86975,2.5726898,0.6723339,1.0,0.0,24.0
exp7_fixed_random_1,5698,526.1533,3.2756093,0.7733178,1.0,0.0,20.0
exp7_fixed_random_1,5699,-58.79271,3.3254166,0.59018344,0.0,1.0,15.0
exp7_fixed_random_1,5701,548.5752,2.3039324,0.42818856,1.0,0.0,19.0
exp7_fixed_random_1,5702,528.585,2.6850753,0.70383465,1.0,0.0,15.0
exp7_fixed_random_1,5703,569.102,2.8624876,0.7028662,1.0,0.0,19.0
exp7_fixed_random_1,5704,-127.633064,3.6940012,0.6240713,0.0,1.0,8.0
exp7_fixed_random_1,5705,527.88245,3.1253264,0.5463299,1.0,0.0,15.0
exp7_fixed_random_1,5706,523.2569,2.231198,0.6778135,1.0,0.0,21.0
exp7_fixed_random_1,5707,483.19476,2.495724,0.6872986,1.0,0.0,16.0
exp7_fixed_random_1,5708,568.2632,2.6056623,0.41081485,1.0,0.0,17.0
exp7_fixed_random_1,5709,583.47266,2.682924,0.47080275,1.0,0.0,21.0
exp7_fixed_random_1,5710,516.4396,2.5106196,0.53878725,1.0,0.0,19.0
exp7_fixed_random_1,5711,578.6218,2.6257918,0.66538835,1.0,0.0,22.0
exp7_fixed_random_1,5712,519.41754,3.1698172,0.597714,1.0,0.0,11.0
exp7_fixed_random_1,5713,479.19885,2.4110742,0.6775691,1.0,0.0,19.0
exp7_fixed_random_1,5714,523.522,2.5053866,0.7645633,1.0,0.0,24.0
exp7_fixed_random_1,5715,-312.3431,3.0977476,0.5069706,0.0,1.0,8.0
exp7_fixed_random_1,5716,575.582,2.4046812,0.4596039,1.0,0.0,29.0
exp7_fixed_random_1,5717,590.57007,2.674324,0.5156357,1.0,0.0,21.0
exp7_fixed_random_1,5718,492.57925,2.3435376,0.6897601,1.0,0.0,15.0
exp7_fixed_random_1,5719,477.32935,2.3891718,0.5334088,1.0,0.0,12.0
exp7_fixed_random_1,5721,548.568,2.5921242,0.5714653,1.0,0.0,19.0
exp7_fixed_random_1,5722,-62.352615,2.854865,0.48019296,0.0,1.0,20.0
exp7_fixed_random_1,5723,583.6304,2.1937654,0.39845052,1.0,0.0,26.0
exp7_fixed_random_1,5724,573.33655,3.0172703,0.5976016,1.0,0.0,23.0
exp7_fixed_random_1,5725,586.17065,2.7434573,0.47087574,1.0,0.0,23.0
exp7_fixed_random_1,5726,489.84595,2.4891698,0.6198088,1.0,0.0,13.0
exp7_fixed_random_1,5727,-265.35413,3.1112566,0.59667784,0.0,1.0,13.0
exp7_fixed_random_1,5728,554.11536,2.2419717,0.4063773,1.0,0.0,18.0
exp7_fixed_random_1,5729,542.71216,2.5053146,0.48339126,1.0,0.0,24.0
exp7_fixed_random_1,5730,517.4298,2.9847424,0.62969613,1.0,0.0,20.0
exp7_fixed_random_1,5731,532.45966,3.4250572,0.65030617,1.0,0.0,16.0
exp7_fixed_random_1,5732,527.3742,2.983451,0.45384496,1.0,0.0,8.0
exp7_fixed_random_1,5733,538.1138,2.2418125,0.58048373,1.0,0.0,35.0
exp7_fixed_random_1,5734,613.8478,3.3095741,0.60347813,1.0,0.0,20.0
exp7_fixed_random_1,5735,457.24982,2.5316937,0.54614484,1.0,0.0,13.0
exp7_fixed_random_1,5736,605.6636,2.8110693,0.6984052,1.0,0.0,24.0
exp7_fixed_random_1,5737,556.49493,2.9799495,0.60734624,1.0,0.0,14.0
exp7_fixed_random_1,5738,552.907,3.4565997,0.6419982,1.0,0.0,17.0
exp7_fixed_random_1,5739,604.43164,2.8851738,0.576186,1.0,0.0,20.0
exp7_fixed_random_1,5741,507.1462,2.6244829,0.5733185,1.0,0.0,16.0
exp7_fixed_random_1,5742,607.95154,2.8037536,0.44936258,1.0,0.0,22.0
exp7_fixed_random_1,5743,624.4732,3.0385911,0.5072345,1.0,0.0,21.0
exp7_fixed_random_1,5744,567.8702,2.315933,0.41169977,1.0,0.0,26.0
exp7_fixed_random_1,5745,542.89575,2.613444,0.7418742,1.0,0.0,27.0
exp7_fixed_random_1,5746,492.0241,2.709492,0.61912096,1.0,0.0,20.0
exp7_fixed_random_1,5747,531.93677,2.241898,0.69608325,1.0,0.0,25.0
exp7_fixed_random_1,5748,504.52148,1.9780363,0.4042524,1.0,0.0,29.0
exp7_fixed_random_1,5749,586.00867,2.6743577,0.6810795,1.0,0.0,23.0
exp7_fixed_random_1,5750,583.79114,2.8285096,0.45347786,1.0,0.0,23.0
exp7_fixed_random_1,5751,-244.37476,2.749643,0.6125702,0.0,1.0,14.0
exp7_fixed_random_1,5752,563.3948,2.8372507,0.6023901,1.0,0.0,20.0
exp7_fixed_random_1,5753,563.10986,3.2762403,0.6489512,1.0,0.0,16.0
exp7_fixed_random_1,5754,546.75305,2.2633486,0.4739478,1.0,0.0,35.0
exp7_fixed_random_1,5755,517.7738,2.5707483,0.778433,1.0,0.0,19.0
exp7_fixed_random_1,5756,550.3848,2.6839292,0.53709096,1.0,0.0,24.0
exp7_fixed_random_1,5757,568.45685,2.3917594,0.55348426,1.0,0.0,25.0
exp7_fixed_random_1,5758,611.3444,2.5325444,0.51898843,1.0,0.0,28.0
exp7_fixed_random_1,5759,-255.38803,2.1820767,0.47791386,0.0,1.0,14.0
exp7_fixed_random_1,5761,-225.17834,2.5302446,0.42297298,0.0,1.0,25.0
exp7_fixed_random_1,5762,490.45505,1.866545,0.4095231,1.0,0.0,14.0
exp7_fixed_random_1,5763,589.7928,2.324734,0.57246655,1.0,0.0,24.0
exp7_fixed_random_1,5764,510.3889,2.4502292,0.39485767,1.0,0.0,20.0
exp7_fixed_random_1,5765,598.13715,2.4654381,0.6385774,1.0,0.0,23.0
exp7_fixed_random_1,5766,573.87756,2.6655362,0.67385477,1.0,0.0,24.0
exp7_fixed_random_1,5767,495.15076,1.8212335,0.67632765,1.0,0.0,47.0
exp7_fixed_random_1,5768,530.01483,3.0383852,0.5002994,1.0,0.0,14.0
exp7_fixed_random_1,5769,485.70358,2.6254764,0.8376332,1.0,0.0,13.0
exp7_fixed_random_1,5770,523.2102,2.2481978,0.49947047,1.0,0.0,14.0
exp7_fixed_random_1,5771,433.90317,2.4332552,0.4168999,1.0,0.0,16.0
exp7_fixed_random_1,5772,512.81537,1.7501826,0.3817177,1.0,0.0,26.0
exp7_fixed_random_1,5773,577.9142,2.01517,0.365563,1.0,0.0,23.0
exp7_fixed_random_1,5774,556.71625,2.578068,0.6035718,1.0,0.0,20.0
exp7_fixed_random_1,5775,473.33023,2.171455,0.7699653,1.0,0.0,13.0
exp7_fixed_random_1,5776,572.3883,2.8195965,0.6495509,1.0,0.0,21.0
exp7_fixed_random_1,5777,613.8182,3.5264516,0.66143215,1.0,0.0,14.0
exp7_fixed_random_1,5778,494.9127,1.8527105,0.40256387,1.0,0.0,29.0
exp7_fixed_random_1,5779,576.92065,2.8769803,0.5189911,1.0,0.0,23.0
exp7_fixed_random_1,5781,497.07565,2.565935,0.37149188,1.0,0.0,16.0
exp7_fixed_random_1,5782,-98.88145,2.6770964,0.58680075,0.0,1.0,18.0
exp7_fixed_random_1,5783,524.6201,2.4598148,0.731652,1.0,0.0,19.0
exp7_fixed_random_1,5784,608.6106,2.2478266,0.42952505,1.0,0.0,30.0
exp7_fixed_random_1,5785,-148.83127,2.4251356,0.5397744,0.0,1.0,19.0
exp7_fixed_random_1,5786,-102.62761,2.6637304,0.44079176,0.0,1.0,16.0
exp7_fixed_random_1,5787,-280.29224,2.3921309,0.29651847,0.0,1.0,15.0
exp7_fixed_random_1,5788,571.2256,2.613649,0.6077339,1.0,0.0,15.0
exp7_fixed_random_1,5789,488.3329,2.0949469,0.67886174,1.0,0.0,13.0
exp7_fixed_random_1,5790,643.4442,2.7325788,0.48655894,1.0,0.0,26.0
exp7_fixed_random_1,5791,468.56882,2.589918,0.58962786,1.0,0.0,16.0
exp7_fixed_random_1,5792,456.47272,1.8238993,0.4715657,1.0,0.0,19.0
exp7_fixed_random_1,5793,626.8415,3.343487,0.49160734,1.0,0.0,17.0
exp7_fixed_random_1,5794,515.9397,1.9845167,0.36496502,1.0,0.0,19.0
exp7_fixed_random_1,5795,520.82983,3.0071626,0.7212868,1.0,0.0,14.0
exp7_fixed_random_1,5796,543.77924,2.9002368,0.5681832,1.0,0.0,17.0
exp7_fixed_random_1,5797,-138.28369,2.5530922,0.3458295,0.0,1.0,16.0
exp7_fixed_random_1,5798,587.1626,2.646603,0.54874057,1.0,0.0,28.0
exp7_fixed_random_1,5799,587.2911,3.4497874,0.6924619,1.0,0.0,16.0
exp7_fixed_random_1,5801,533.7134,2.8665016,0.70985633,1.0,0.0,15.0
exp7_fixed_random_1,5802,544.27405,2.8373668,0.6848594,1.0,0.0,17.0
exp7_fixed_random_1,5803,579.9165,3.1390805,0.672299,1.0,0.0,20.0
exp7_fixed_random_1,5804,500.84204,3.0502205,0.6519795,1.0,0.0,13.0
exp7_fixed_random_1,5805,468.00668,2.5417168,0.76724744,1.0,0.0,18.0
exp7_fixed_random_1,5806,525.97656,2.382914,0.7646633,1.0,0.0,29.0
exp7_fixed_random_1,5807,565.1754,3.2646883,0.4715132,1.0,0.0,14.0
exp7_fixed_random_1,5808,607.7855,2.4943938,0.40838063,1.0,0.0,25.0
exp7_fixed_random_1,5809,515.0932,2.8416479,0.5329663,1.0,0.0,15.0
exp7_fixed_random_1,5810,-314.14215,3.950549,0.5890471,0.0,1.0,4.0
exp7_fixed_random_1,5811,-176.58083,3.1457987,0.51494503,0.0,1.0,19.0
exp7_fixed_random_1,5812,576.97046,2.0769439,0.7773904,1.0,0.0,27.0
exp7_fixed_random_1,5813,528.2645,2.428166,0.5271145,1.0,0.0,29.0
exp7_fixed_random_1,5814,646.5796,2.6440299,0.5851213,1.0,0.0,27.0
exp7_fixed_random_1,5815,635.39014,3.008133,0.54207015,1.0,0.0,23.0
exp7_fixed_random_1,5816,649.3884,3.0777667,0.6502194,1.0,0.0,22.0
exp7_fixed_random_1,5817,499.93057,2.1044424,0.6813156,1.0,0.0,24.0
exp7_fixed_random_1,5818,628.11633,3.298425,0.72446734,1.0,0.0,19.0
exp7_fixed_random_1,5819,553.913,2.6748054,0.6014397,1.0,0.0,16.0
exp7_fixed_random_1,5821,580.7235,2.5745108,0.6817317,1.0,0.0,25.0
exp7_fixed_random_1,5822,-237.58086,3.5010388,0.2367771,0.0,1.0,2.0
exp7_fixed_random_1,5823,570.15356,2.604003,0.5579631,1.0,0.0,17.0
exp7_fixed_random_1,5824,517.1255,2.8445709,0.62060326,1.0,0.0,21.0
exp7_fixed_random_1,5825,551.79846,2.504833,0.5020733,1.0,0.0,23.0
exp7_fixed_random_1,5826,614.98145,3.6381168,0.62641215,1.0,0.0,19.0
exp7_fixed_random_1,5827,578.90906,2.483734,0.60553086,1.0,0.0,21.0
exp7_fixed_random_1,5828,-346.13574,4.328159,0.675227,0.0,1.0,2.0
exp7_fixed_random_1,5829,538.9767,2.9851587,0.48662657,1.0,0.0,18.0
exp7_fixed_random_1,5830,620.8554,2.3113334,0.4585529,1.0,0.0,34.0
exp7_fixed_random_1,5831,557.48944,3.4180026,0.6138999,1.0,0.0,13.0
exp7_fixed_random_1,5832,535.32196,1.8087733,0.4272624,1.0,0.0,21.0
exp7_fixed_random_1,5833,536.11005,2.481511,0.56542224,1.0,0.0,20.0
exp7_fixed_random_1,5834,480.1287,2.0162847,0.49547014,1.0,0.0,25.0
exp7_fixed_random_1,5835,-268.01257,2.9445946,0.55506605,0.0,1.0,11.0
exp7_fixed_random_1,5836,509.55328,1.6612204,0.370943,1.0,0.0,34.0
exp7_fixed_random_1,5837,505.5512,2.6711762,0.5405342,1.0,0.0,16.0
exp7_fixed_random_1,5838,568.10144,2.7104206,0.46083722,1.0,0.0,18.0
exp7_fixed_random_1,5839,-314.4777,3.2542596,0.33356187,0.0,1.0,5.0
exp7_fixed_random_1,5841,436.09454,1.9131104,0.4097586,1.0,0.0,16.0
exp7_fixed_random_1,5842,533.0507,2.6536179,0.7677955,1.0,0.0,27.0
exp7_fixed_random_1,5843,544.1457,2.499745,0.42474517,1.0,0.0,17.0
exp7_fixed_random_1,5844,495.85205,2.013929,0.41239077,1.0,0.0,15.0
exp7_fixed_random_1,5845,566.85626,2.530599,0.7296299,1.0,0.0,20.0
exp7_fixed_random_1,5846,625.0122,2.8912766,0.40146342,1.0,0.0,21.0
exp7_fixed_random_1,5847,579.58496,2.6161718,0.5428803,1.0,0.0,25.0
exp7_fixed_random_1,5848,609.66235,2.5047097,0.43834576,1.0,0.0,32.0
exp7_fixed_random_1,5849,560.0937,3.2283766,0.66235465,1.0,0.0,17.0
exp7_fixed_random_1,5850,569.3468,3.6247983,0.6809589,1.0,0.0,16.0
exp7_fixed_random_1,5851,425.9484,2.9292502,0.76317847,1.0,0.0,16.0
exp7_fixed_random_1,5852,567.6816,3.5213273,0.83272505,1.0,0.0,17.0
exp7_fixed_random_1,5853,587.0182,3.1709158,0.61559725,1.0,0.0,18.0
exp7_fixed_random_1,5854,-345.01517,4.8969975,0.08323848,0.0,1.0,1.0
exp7_fixed_random_1,5855,529.8957,3.1374633,0.7697467,1.0,0.0,15.0
exp7_fixed_random_1,5856,-119.92839,2.9480717,0.50675315,0.0,1.0,19.0
exp7_fixed_random_1,5857,550.2895,3.9550626,0.6866987,1.0,0.0,11.0
exp7_fixed_random_1,5858,508.8195,2.546903,0.5664153,1.0,0.0,21.0
exp7_fixed_random_1,5859,466.72958,2.8239293,0.8198244,1.0,0.0,14.0
exp7_fixed_random_1,5861,520.12976,2.638926,0.4545509,1.0,0.0,20.0
exp7_fixed_random_1,5862,526.32874,3.1204174,0.6012401,1.0,0.0,15.0
exp7_fixed_random_1,5863,546.471,2.6545167,0.7399,1.0,0.0,13.0
exp7_fixed_random_1,5864,520.3748,2.979267,0.784187,1.0,0.0,20.0
exp7_fixed_random_1,5865,463.79285,3.333431,0.5810022,1.0,0.0,12.0
exp7_fixed_random_1,5866,528.8831,3.2503133,0.65731144,1.0,0.0,14.0
exp7_fixed_random_1,5867,589.57336,2.0652182,0.42093587,1.0,0.0,43.0
exp7_fixed_random_1,5868,610.1249,2.9462273,0.64953244,1.0,0.0,24.0
exp7_fixed_random_1,5869,-97.005806,3.3533263,0.6559169,0.0,1.0,11.0
exp7_fixed_random_1,5870,577.5908,3.0440383,0.602479,1.0,0.0,20.0
exp7_fixed_random_1,5871,558.59827,2.4716904,0.44376177,1.0,0.0,17.0
exp7_fixed_random_1,5872,-245.23232,2.7197547,0.5801144,0.0,1.0,25.0
exp7_fixed_random_1,5873,575.4743,2.8708258,0.7246187,1.0,0.0,23.0
exp7_fixed_random_1,5874,517.1077,2.7292974,0.51308495,1.0,0.0,11.0
exp7_fixed_random_1,5875,537.71594,3.4137745,0.76614535,1.0,0.0,18.0
exp7_fixed_random_1,5876,-116.66187,3.9134464,0.7187894,0.0,1.0,8.0
exp7_fixed_random_1,5877,554.4061,3.4369643,0.73742926,1.0,0.0,19.0
exp7_fixed_random_1,5878,521.88086,2.0929055,0.4486081,1.0,0.0,22.0
exp7_fixed_random_1,5879,-129.4075,4.046662,0.68897617,0.0,1.0,7.0
exp7_fixed_random_1,5881,578.18353,2.631745,0.72237515,1.0,0.0,22.0
exp7_fixed_random_1,5882,551.3625,2.4274075,0.7778938,1.0,0.0,21.0
exp7_fixed_random_1,5883,595.64435,2.9735813,0.73914075,1.0,0.0,17.0
exp7_fixed_random_1,5884,572.40173,3.706018,0.6980507,1.0,0.0,16.0
exp7_fixed_random_1,5885,551.1919,3.0668054,0.74019426,1.0,0.0,15.0
exp7_fixed_random_1,5886,649.0888,2.8754468,0.58120626,1.0,0.0,25.0
exp7_fixed_random_1,5887,-170.73431,4.1189504,0.8748055,0.0,1.0,3.0
exp7_fixed_random_1,5888,569.5058,3.1740396,0.67362154,1.0,0.0,14.0
exp7_fixed_random_1,5889,525.96326,2.0190952,0.7480868,1.0,0.0,36.0
exp7_fixed_random_1,5890,634.6139,3.145845,0.40498322,1.0,0.0,20.0
exp7_fixed_random_1,5891,578.24567,3.1033466,0.64844286,1.0,0.0,18.0
exp7_fixed_random_1,5892,500.06616,3.2734349,0.608536,1.0,0.0,12.0
exp7_fixed_random_1,5893,631.858,2.7773147,0.418267,1.0,0.0,29.0
exp7_fixed_random_1,5894,513.5902,2.556607,0.81886035,1.0,0.0,19.0
exp7_fixed_random_1,5895,494.93393,2.5230231,0.50293344,1.0,0.0,24.0
exp7_fixed_random_1,5896,-177.93898,3.0045228,0.6897224,0.0,1.0,5.0
exp7_fixed_random_1,5897,519.22,3.0071027,0.5485274,1.0,0.0,12.0
exp7_fixed_random_1,5898,465.78024,2.4407492,0.45938098,1.0,0.0,12.0
exp7_fixed_random_1,5899,553.68555,2.9962804,0.51374143,1.0,0.0,17.0
exp7_fixed_random_1,5901,597.47107,3.106874,0.60900885,1.0,0.0,21.0
exp7_fixed_random_1,5902,527.3698,3.3069472,0.53298897,1.0,0.0,14.0
exp7_fixed_random_1,5903,581.7888,3.737992,0.5922915,1.0,0.0,15.0
exp7_fixed_random_1,5904,550.6555,3.4261951,0.7773737,1.0,0.0,17.0
exp7_fixed_random_1,5905,539.57153,2.8370948,0.6106319,1.0,0.0,14.0
exp7_fixed_random_1,5906,574.59717,3.3689773,0.59843695,1.0,0.0,15.0
exp7_fixed_random_1,5907,586.9684,2.8191662,0.74495745,1.0,0.0,21.0
exp7_fixed_random_1,5908,555.0328,2.2346475,0.5328692,1.0,0.0,27.0
exp7_fixed_random_1,5909,649.3168,3.250667,0.5958298,1.0,0.0,20.0
exp7_fixed_random_1,5910,496.7262,2.1501474,0.6488881,1.0,0.0,12.0
exp7_fixed_random_1,5911,617.2875,2.203863,0.471202,1.0,0.0,35.0
exp7_fixed_random_1,5912,-303.30276,3.0833864,0.57709336,0.0,1.0,6.0
exp7_fixed_random_1,5913,566.105,2.446829,0.6645003,1.0,0.0,23.0
exp7_fixed_random_1,5914,579.0873,3.0775294,0.5693796,1.0,0.0,20.0
exp7_fixed_random_1,5915,632.7703,3.3463466,0.6248963,1.0,0.0,17.0
exp7_fixed_random_1,5916,603.85065,2.3926268,0.5371551,1.0,0.0,29.0
exp7_fixed_random_1,5917,632.17786,2.8360145,0.5702346,1.0,0.0,24.0
exp7_fixed_random_1,5918,474.07544,2.8228683,0.78728634,1.0,0.0,11.0
exp7_fixed_random_1,5919,568.81445,3.5122938,0.5390283,1.0,0.0,13.0
exp7_fixed_random_1,5921,534.792,3.1379037,0.6180518,1.0,0.0,14.0
exp7_fixed_random_1,5922,601.9199,2.7002711,0.40191317,1.0,0.0,26.0
exp7_fixed_random_1,5923,606.10333,3.675473,0.7085173,1.0,0.0,17.0
exp7_fixed_random_1,5924,572.5045,2.4116414,0.48281148,1.0,0.0,26.0
exp7_fixed_random_1,5925,623.0853,3.2730408,0.8592878,1.0,0.0,22.0
exp7_fixed_random_1,5926,582.8552,2.6694958,0.4217313,1.0,0.0,20.0
exp7_fixed_random_1,5927,598.99396,3.933695,0.60938936,1.0,0.0,14.0
exp7_fixed_random_1,5928,642.98364,3.30837,0.579744,1.0,0.0,20.0
exp7_fixed_random_1,5929,-345.4615,4.889146,0.49767405,0.0,1.0,1.0
exp7_fixed_random_1,5930,-45.389618,2.6616776,0.3935725,0.0,1.0,18.0
exp7_fixed_random_1,5931,518.2483,1.5729232,0.35285592,1.0,0.0,33.0
exp7_fixed_random_1,5932,568.9332,3.0391023,0.5966935,1.0,0.0,14.0
exp7_fixed_random_1,5933,543.9948,2.2663248,0.50703955,1.0,0.0,36.0
exp7_fixed_random_1,5934,626.1605,2.66919,0.5337407,1.0,0.0,29.0
exp7_fixed_random_1,5935,-192.01355,3.1107504,0.57471734,0.0,1.0,15.0
exp7_fixed_random_1,5936,610.0307,2.7634444,0.5927447,1.0,0.0,26.0
exp7_fixed_random_1,5937,573.158,3.5628383,0.677836,1.0,0.0,17.0
exp7_fixed_random_1,5938,488.2416,2.3187299,0.45857313,1.0,0.0,19.0
exp7_fixed_random_1,5939,541.59143,3.070895,0.4432874,1.0,0.0,14.0
exp7_fixed_random_1,5941,560.88293,2.4190881,0.4098652,1.0,0.0,25.0
exp7_fixed_random_1,5942,543.0383,2.355275,0.5713932,1.0,0.0,25.0
exp7_fixed_random_1,5943,-270.33713,3.2891445,0.599699,0.0,1.0,10.0
exp7_fixed_random_1,5944,537.5586,2.5362952,0.62412924,1.0,0.0,22.0
exp7_fixed_random_1,5945,636.8036,2.5569737,0.5679133,1.0,0.0,30.0
exp7_fixed_random_1,5946,626.05225,2.881311,0.7162553,1.0,0.0,26.0
exp7_fixed_random_1,5947,578.8353,2.8034134,0.6895775,1.0,0.0,23.0
exp7_fixed_random_1,5948,590.6453,2.64282,0.72991806,1.0,0.0,18.0
exp7_fixed_random_1,5949,-116.40774,3.1543958,0.70193297,0.0,1.0,13.0
exp7_fixed_random_1,5950,602.72876,2.6023555,0.59524024,1.0,0.0,26.0
exp7_fixed_random_1,5951,508.355,2.5354755,0.47353154,1.0,0.0,32.0
exp7_fixed_random_1,5952,518.5679,3.2233846,0.59605354,1.0,0.0,15.0
exp7_fixed_random_1,5953,505.3551,2.6065137,0.3864833,1.0,0.0,15.0
exp7_fixed_random_1,5954,536.1283,3.474981,0.68649787,1.0,0.0,15.0
exp7_fixed_random_1,5955,513.3532,2.683586,0.4679001,1.0,0.0,16.0
exp7_fixed_random_1,5956,599.27026,2.7595453,0.4252516,1.0,0.0,26.0
exp7_fixed_random_1,5957,512.3058,3.0613592,0.5441358,1.0,0.0,11.0
exp7_fixed_random_1,5958,600.8937,2.45752,0.3572627,1.0,0.0,19.0
exp7_fixed_random_1,5959,507.09143,2.2125118,0.3954182,1.0,0.0,17.0
exp7_fixed_random_1,5961,554.29156,2.440882,0.7487822,1.0,0.0,30.0
exp7_fixed_random_1,5962,577.4376,2.8139746,0.4738353,1.0,0.0,19.0
exp7_fixed_random_1,5963,608.0825,2.9900537,0.6630914,1.0,0.0,21.0
exp7_fixed_random_1,5964,543.45166,2.7512622,0.56323594,1.0,0.0,15.0
exp7_fixed_random_1,5965,596.09875,2.6930406,0.51621157,1.0,0.0,27.0
exp7_fixed_random_1,5966,580.49384,3.0874913,0.5282468,1.0,0.0,18.0
exp7_fixed_random_1,5967,626.5164,2.9735718,0.68584865,1.0,0.0,22.0
exp7_fixed_random_1,5968,505.684,3.8683681,0.59868234,1.0,0.0,12.0
exp7_fixed_random_1,5969,550.00244,2.8587396,0.626876,1.0,0.0,21.0
exp7_fixed_random_1,5970,534.20233,2.1171234,0.40161982,1.0,0.0,23.0
exp7_fixed_random_1,5971,523.5861,2.4458904,0.53318876,1.0,0.0,26.0
exp7_fixed_random_1,5972,495.95074,2.1865764,0.40492475,1.0,0.0,31.0
exp7_fixed_random_1,5973,502.08524,2.8690467,0.48162106,1.0,0.0,13.0
exp7_fixed_random_1,5974,629.2356,3.0231264,0.4864099,1.0,0.0,20.0
exp7_fixed_random_1,5975,669.86444,3.6708536,0.5165793,1.0,0.0,16.0
exp7_fixed_random_1,5976,623.77057,3.0863988,0.49588284,1.0,0.0,20.0
exp7_fixed_random_1,5977,553.9018,3.3043435,0.61001235,1.0,0.0,14.0
exp7_fixed_random_1,5978,504.60635,1.9567503,0.46234578,1.0,0.0,15.0
exp7_fixed_random_1,5979,494.67786,2.2618499,0.43674624,1.0,0.0,17.0
exp7_fixed_random_1,5981,513.9946,1.9601575,0.37892103,1.0,0.0,15.0
exp7_fixed_random_1,5982,585.5397,2.4946384,0.6699909,1.0,0.0,23.0
exp7_fixed_random_1,5983,554.7158,3.7650688,0.5951498,1.0,0.0,12.0
exp7_fixed_random_1,5984,642.7902,2.2163193,0.49931318,1.0,0.0,34.0
exp7_fixed_random_1,5985,507.73962,1.8360325,0.4925582,1.0,0.0,28.0
exp7_fixed_random_1,5986,512.6055,2.7509797,0.5897414,1.0,0.0,15.0
exp7_fixed_random_1,5987,504.5968,2.0007825,0.48135757,1.0,0.0,21.0
exp7_fixed_random_1,5988,541.79724,2.6140428,0.70097256,1.0,0.0,21.0
exp7_fixed_random_1,5989,551.52234,1.9793802,0.47166172,1.0,0.0,45.0
exp7_fixed_random_1,5990,531.59424,3.26321,0.60118663,1.0,0.0,15.0
exp7_fixed_random_1,5991,589.7739,2.203261,0.3991657,1.0,0.0,30.0
exp7_fixed_random_1,5992,586.20685,2.9561725,0.5239984,1.0,0.0,17.0
exp7_fixed_random_1,5993,598.9637,2.351912,0.55540454,1.0,0.0,28.0
exp7_fixed_random_1,5994,527.6706,2.1993787,0.82624274,1.0,0.0,24.0
exp7_fixed_random_1,5995,498.45697,2.1965551,0.48109135,1.0,0.0,14.0
exp7_fixed_random_1,5996,526.7561,2.1728084,0.27214128,1.0,0.0,33.0
exp7_fixed_random_1,5997,518.7937,2.7264595,0.39802286,1.0,0.0,19.0
exp7_fixed_random_1,5998,627.96405,2.1077724,0.42955023,1.0,0.0,39.0
exp7_fixed_random_1,5999,565.9454,2.2789688,0.5410577,1.0,0.0,32.0
exp7_fixed_random_1,6001,620.21063,3.058773,0.4656112,1.0,0.0,15.0
exp7_fixed_random_1,6002,608.27826,2.9859118,0.57879114,1.0,0.0,21.0
exp7_fixed_random_1,6003,-228.2352,2.5751855,0.4298417,0.0,1.0,19.0
exp7_fixed_random_1,6004,540.2092,2.080295,0.56472445,1.0,0.0,26.0
exp7_fixed_random_1,6005,598.8179,2.6084504,0.5286476,1.0,0.0,28.0
exp7_fixed_random_1,6006,585.9015,2.9499166,0.6607234,1.0,0.0,18.0
exp7_fixed_random_1,6007,488.78482,2.3297994,0.49315175,1.0,0.0,19.0
exp7_fixed_random_1,6008,572.08215,2.6577885,0.6660368,1.0,0.0,19.0
exp7_fixed_random_1,6009,-137.78958,3.5296865,0.47727424,0.0,1.0,10.0
exp7_fixed_random_1,6010,541.89124,2.3747585,0.55215853,1.0,0.0,17.0
exp7_fixed_random_1,6011,591.417,3.2352815,0.6854685,1.0,0.0,15.0
exp7_fixed_random_1,6012,615.0328,2.61649,0.5492679,1.0,0.0,27.0
exp7_fixed_random_1,6013,522.4153,2.9300883,0.6651947,1.0,0.0,19.0
exp7_fixed_random_1,6014,523.4508,2.7546194,0.7338592,1.0,0.0,20.0
exp7_fixed_random_1,6015,-292.88986,3.7513897,0.6179741,0.0,1.0,6.0
exp7_fixed_random_1,6016,505.77344,2.6434524,0.743943,1.0,0.0,24.0
exp7_fixed_random_1,6017,485.88898,1.3279877,0.20751646,1.0,0.0,20.0
exp7_fixed_random_1,6018,605.18994,2.8644395,0.4900078,1.0,0.0,23.0
exp7_fixed_random_1,6019,588.3937,2.6815472,0.5771887,1.0,0.0,28.0
exp7_fixed_random_1,6021,609.92737,3.0521934,0.54086894,1.0,0.0,21.0
exp7_fixed_random_1,6022,505.03918,2.2708395,0.33206558,1.0,0.0,23.0
exp7_fixed_random_1,6023,473.47324,2.3116183,0.85042304,1.0,0.0,19.0
exp7_fixed_random_1,6024,599.4674,2.6020346,0.59422934,1.0,0.0,30.0
exp7_fixed_random_1,6025,631.3872,2.7519784,0.66434044,1.0,0.0,23.0
exp7_fixed_random_1,6026,553.30664,2.394914,0.7701173,1.0,0.0,27.0
exp7_fixed_random_1,6027,-235.05688,3.2957952,0.6364396,0.0,1.0,15.0
exp7_fixed_random_1,6028,496.1996,1.7945303,0.91709244,1.0,0.0,45.0
exp7_fixed_random_1,6029,-347.16318,3.2156081,0.6719325,0.0,1.0,7.0
exp7_fixed_random_1,6030,623.2674,2.8165913,0.68438494,1.0,0.0,21.0
exp7_fixed_random_1,6031,-62.912857,3.8889837,0.5029029,0.0,1.0,12.0
exp7_fixed_random_1,6032,600.2958,3.0324621,0.5156107,1.0,0.0,17.0
exp7_fixed_random_1,6033,635.74335,2.7161036,0.53234476,1.0,0.0,27.0
exp7_fixed_random_1,6034,-131.44316,3.5035667,0.49149343,0.0,1.0,7.0
exp7_fixed_random_1,6035,525.72003,2.9737914,0.53664106,1.0,0.0,16.0
exp7_fixed_random_1,6036,599.6134,2.8748188,0.5498334,1.0,0.0,24.0
exp7_fixed_random_1,6037,-276.2672,2.9924085,0.5723136,0.0,1.0,12.0
exp7_fixed_random_1,6038,558.9426,2.3486202,0.5583444,1.0,0.0,18.0
exp7_fixed_random_1,6039,573.39557,3.0392818,0.56195486,1.0,0.0,17.0
exp7_fixed_random_1,6041,601.35364,2.9685981,0.5061924,1.0,0.0,18.0
exp7_fixed_random_1,6042,-318.98386,3.8945324,0.76660126,0.0,1.0,3.0
exp7_fixed_random_1,6043,-224.46204,3.067945,0.54651016,0.0,1.0,5.0
exp7_fixed_random_1,6044,-345.95682,4.2312927,0.13816597,0.0,1.0,1.0
exp7_fixed_random_1,6045,526.61096,3.1445558,0.7033565,1.0,0.0,15.0
exp7_fixed_random_1,6046,542.574,2.064538,0.3366985,1.0,0.0,18.0
exp7_fixed_random_1,6047,-171.94641,2.866792,0.31560293,0.0,1.0,18.0
exp7_fixed_random_1,6048,566.4399,2.865641,0.67987716,1.0,0.0,16.0
exp7_fixed_random_1,6049,527.73175,2.7011843,0.54193294,1.0,0.0,23.0
exp7_fixed_random_1,6050,487.84964,2.5176182,0.79602236,1.0,0.0,17.0
exp7_fixed_random_1,6051,625.2498,2.5758357,0.5289143,1.0,0.0,29.0
exp7_fixed_random_1,6052,-179.21754,4.0265713,0.71367264,0.0,1.0,3.0
exp7_fixed_random_1,6053,517.6423,2.15706,0.32244772,1.0,0.0,16.0
exp7_fixed_random_1,6054,638.47455,2.9601147,0.7259195,1.0,0.0,25.0
exp7_fixed_random_1,6055,-222.4677,2.661039,0.56147987,0.0,1.0,3.0
exp7_fixed_random_1,6056,524.43866,2.8416557,0.48699355,1.0,0.0,12.0
exp7_fixed_random_1,6057,573.779,2.8367252,0.5422883,1.0,0.0,17.0
exp7_fixed_random_1,6058,556.75256,2.7710278,0.6169015,1.0,0.0,19.0
exp7_fixed_random_1,6059,597.23157,2.8175175,0.66081107,1.0,0.0,23.0
exp7_fixed_random_1,6061,548.6221,3.0273943,0.6658201,1.0,0.0,15.0
exp7_fixed_random_1,6062,509.4039,2.8718207,0.59061843,1.0,0.0,16.0
exp7_fixed_random_1,6063,450.97546,2.9748828,0.663452,1.0,0.0,10.0
exp7_fixed_random_1,6064,628.207,2.6402714,0.47405738,1.0,0.0,29.0
exp7_fixed_random_1,6065,-133.14572,3.5552118,0.5352029,0.0,1.0,7.0
exp7_fixed_random_1,6066,515.5162,2.3043292,0.5105799,1.0,0.0,22.0
exp7_fixed_random_1,6067,5.043915,2.7310114,0.50398695,0.0,1.0,24.0
exp7_fixed_random_1,6068,636.3746,2.4078524,0.41697147,1.0,0.0,30.0
exp7_fixed_random_1,6069,514.03217,2.5514143,0.6217049,1.0,0.0,12.0
exp7_fixed_random_1,6070,618.60876,2.6941023,0.4776061,1.0,0.0,30.0
exp7_fixed_random_1,6071,567.6617,2.6496415,0.2984337,1.0,0.0,25.0
exp7_fixed_random_1,6072,561.2556,2.8713818,0.6105631,1.0,0.0,19.0
exp7_fixed_random_1,6073,565.8745,2.5642886,0.6904509,1.0,0.0,18.0
exp7_fixed_random_1,6074,573.8862,2.4780917,0.56894785,1.0,0.0,29.0
exp7_fixed_random_1,6075,518.18414,2.7472835,0.5705539,1.0,0.0,20.0
exp7_fixed_random_1,6076,-194.24814,3.455239,0.31423295,0.0,1.0,5.0
exp7_fixed_random_1,6077,588.30066,2.4281929,0.4475224,1.0,0.0,28.0
exp7_fixed_random_1,6078,596.3085,2.9792817,0.6253003,1.0,0.0,19.0
exp7_fixed_random_1,6079,586.0946,2.602579,0.5045789,1.0,0.0,24.0
exp7_fixed_random_1,6081,617.9604,2.2375002,0.49730626,1.0,0.0,33.0
exp7_fixed_random_1,6082,582.5233,2.9176016,0.6024605,1.0,0.0,16.0
exp7_fixed_random_1,6083,559.11145,2.9914076,0.79250646,1.0,0.0,22.0
exp7_fixed_random_1,6084,558.57666,2.4746597,0.5870245,1.0,0.0,23.0
exp7_fixed_random_1,6085,548.4062,2.4834185,0.7490023,1.0,0.0,19.0
exp7_fixed_random_1,6086,532.3901,2.6598272,0.510812,1.0,0.0,12.0
exp7_fixed_random_1,6087,498.34042,3.2078133,0.5981643,1.0,0.0,8.0
exp7_fixed_random_1,6088,578.01526,3.428456,0.5275834,1.0,0.0,12.0
exp7_fixed_random_1,6089,637.007,2.7463481,0.47649464,1.0,0.0,26.0
exp7_fixed_random_1,6090,507.83435,2.660516,0.5977838,1.0,0.0,11.0
exp7_fixed_random_1,6091,586.2683,2.5819786,0.462654,1.0,0.0,23.0
exp7_fixed_random_1,6092,586.30164,2.5115194,0.563826,1.0,0.0,19.0
exp7_fixed_random_1,6093,564.321,2.4757237,0.55319875,1.0,0.0,18.0
exp7_fixed_random_1,6094,551.43317,2.5047972,0.4896842,1.0,0.0,19.0
exp7_fixed_random_1,6095,516.7892,2.4660962,0.40289596,1.0,0.0,14.0
exp7_fixed_random_1,6096,568.73486,2.190706,0.5254029,1.0,0.0,28.0
exp7_fixed_random_1,6097,571.09534,3.1474578,0.61516315,1.0,0.0,19.0
exp7_fixed_random_1,6098,642.05457,3.1811078,0.5090747,1.0,0.0,21.0
exp7_fixed_random_1,6099,490.39395,3.3220532,0.6695621,1.0,0.0,12.0
exp7_fixed_random_1,6101,-271.41016,3.4956741,0.28442883,0.0,1.0,6.0
exp7_fixed_random_1,6102,599.00354,2.9436274,0.5438521,1.0,0.0,22.0
exp7_fixed_random_1,6103,548.6373,2.928016,0.6587364,1.0,0.0,12.0
exp7_fixed_random_1,6104,526.99225,2.9834719,0.4656617,1.0,0.0,16.0
exp7_fixed_random_1,6105,546.32715,2.9172864,0.5981158,1.0,0.0,20.0
exp7_fixed_random_1,6106,531.3862,2.1528246,0.4011229,1.0,0.0,20.0
exp7_fixed_random_1,6107,600.7811,2.3355489,0.4114436,1.0,0.0,26.0
exp7_fixed_random_1,6108,-315.01758,3.21092,0.53772837,0.0,1.0,6.0
exp7_fixed_random_1,6109,607.0101,2.5239158,0.53234273,1.0,0.0,23.0
exp7_fixed_random_1,6110,509.22275,2.7074594,0.55495167,1.0,0.0,18.0
exp7_fixed_random_1,6111,-150.47377,3.1026702,0.3678927,0.0,1.0,5.0
exp7_fixed_random_1,6112,-281.86688,3.5877953,0.65103495,0.0,1.0,6.0
exp7_fixed_random_1,6113,592.07776,3.115648,0.5528665,1.0,0.0,14.0
exp7_fixed_random_1,6114,-299.8645,2.5191228,0.46708155,0.0,1.0,12.0
exp7_fixed_random_1,6115,517.9742,2.5546503,0.6362707,1.0,0.0,11.0
exp7_fixed_random_1,6116,-346.63742,4.476427,0.059637755,0.0,1.0,1.0
exp7_fixed_random_1,6117,575.40796,2.6150622,0.70893854,1.0,0.0,23.0
exp7_fixed_random_1,6118,579.28723,3.1706882,0.5274555,1.0,0.0,14.0
exp7_fixed_random_1,6119,502.9903,2.2372627,0.4462702,1.0,0.0,23.0
exp7_fixed_random_1,6121,-346.78336,3.243518,0.27790478,0.0,1.0,2.0
exp7_fixed_random_1,6122,-344.12173,3.2181551,0.5489362,0.0,1.0,4.0
exp7_fixed_random_1,6123,558.9774,3.1669185,0.635613,1.0,0.0,14.0
exp7_fixed_random_1,6124,441.69727,1.777959,0.45415252,1.0,0.0,14.0
exp7_fixed_random_1,6125,654.0588,2.3651063,0.7605878,1.0,0.0,33.0
exp7_fixed_random_1,6126,483.7463,2.7930334,0.6735277,1.0,0.0,15.0
exp7_fixed_random_1,6127,557.39734,2.6785388,0.69105375,1.0,0.0,22.0
exp7_fixed_random_1,6128,476.37436,2.6905727,0.7968833,1.0,0.0,21.0
exp7_fixed_random_1,6129,628.37024,3.468885,0.5516361,1.0,0.0,17.0
exp7_fixed_random_1,6130,501.62195,2.6786554,0.64994544,1.0,0.0,15.0
exp7_fixed_random_1,6131,504.22253,2.4744916,0.6287597,1.0,0.0,14.0
exp7_fixed_random_1,6132,514.7208,2.1369665,0.48064575,1.0,0.0,19.0
exp7_fixed_random_1,6133,531.03125,2.6298835,0.7203971,1.0,0.0,22.0
exp7_fixed_random_1,6134,-105.70049,2.9373057,0.42487127,0.0,1.0,15.0
exp7_fixed_random_1,6135,564.80225,2.7310574,0.50368136,1.0,0.0,21.0
exp7_fixed_random_1,6136,-295.2257,2.7328756,0.58209896,0.0,1.0,17.0
exp7_fixed_random_1,6137,603.5568,3.0572128,0.5208654,1.0,0.0,19.0
exp7_fixed_random_1,6138,498.2951,1.6999679,0.39040226,1.0,0.0,26.0
exp7_fixed_random_1,6139,-316.92816,3.7714174,0.81620705,0.0,1.0,4.0
exp7_fixed_random_1,6141,530.36145,2.5375614,0.42079994,1.0,0.0,11.0
exp7_fixed_random_1,6142,533.9748,2.3294604,0.54941267,1.0,0.0,19.0
exp7_fixed_random_1,6143,513.5491,3.2894146,0.47179446,1.0,0.0,7.0
exp7_fixed_random_1,6144,651.5295,3.0035079,0.475211,1.0,0.0,20.0
exp7_fixed_random_1,6145,-77.26279,2.2844682,0.5148488,0.0,1.0,20.0
exp7_fixed_random_1,6146,631.18915,2.8999138,0.43983275,1.0,0.0,18.0
exp7_fixed_random_1,6147,-124.48887,1.6565979,0.3829034,0.0,1.0,20.0
exp7_fixed_random_1,6148,558.2162,2.8287187,0.5747084,1.0,0.0,16.0
exp7_fixed_random_1,6149,582.15924,2.5257435,0.74564743,1.0,0.0,22.0
exp7_fixed_random_1,6150,541.7294,2.430615,0.69880366,1.0,0.0,26.0
exp7_fixed_random_1,6151,570.0672,3.2994895,0.54179376,1.0,0.0,14.0
exp7_fixed_random_1,6152,602.9137,2.7441072,0.7229997,1.0,0.0,18.0
exp7_fixed_random_1,6153,469.94818,2.5944145,0.63362664,1.0,0.0,21.0
exp7_fixed_random_1,6154,-309.2521,3.8413696,0.9350721,0.0,1.0,4.0
exp7_fixed_random_1,6155,492.18314,2.840999,0.7226247,1.0,0.0,11.0
exp7_fixed_random_1,6156,604.2062,3.0818837,0.5128071,1.0,0.0,19.0
exp7_fixed_random_1,6157,529.37714,2.1917098,0.55794305,1.0,0.0,38.0
exp7_fixed_random_1,6158,582.5604,2.8523932,0.54449373,1.0,0.0,19.0
exp7_fixed_random_1,6159,560.46106,2.5624626,0.5725996,1.0,0.0,21.0
exp7_fixed_random_1,6161,545.8721,2.2824283,0.6375033,1.0,0.0,24.0
exp7_fixed_random_1,6162,493.67792,2.6764925,0.68079704,1.0,0.0,15.0
exp7_fixed_random_1,6163,576.15326,2.6509597,0.6525471,1.0,0.0,20.0
exp7_fixed_random_1,6164,-178.44817,3.6212828,0.52858126,0.0,1.0,4.0
exp7_fixed_random_1,6165,-84.74857,3.9247334,0.3934424,0.0,1.0,10.0
exp7_fixed_random_1,6166,528.46313,3.1548812,0.6607107,1.0,0.0,16.0
exp7_fixed_random_1,6167,559.14246,2.6627965,0.7251382,1.0,0.0,22.0
exp7_fixed_random_1,6168,549.87476,3.0527685,0.70132416,1.0,0.0,14.0
exp7_fixed_random_1,6169,581.6972,3.4011693,0.5335629,1.0,0.0,19.0
exp7_fixed_random_1,6170,526.4527,3.2570841,0.61409557,1.0,0.0,12.0
exp7_fixed_random_1,6171,494.72192,2.1098187,0.41054487,1.0,0.0,12.0
exp7_fixed_random_1,6172,-320.42087,3.3173046,0.6358206,0.0,1.0,5.0
exp7_fixed_random_1,6173,574.0333,3.0251775,0.687039,1.0,0.0,17.0
exp7_fixed_random_1,6174,571.1976,2.669474,0.54386103,1.0,0.0,18.0
exp7_fixed_random_1,6175,590.1059,2.8265734,0.58960223,1.0,0.0,26.0
exp7_fixed_random_1,6176,501.95715,2.101224,0.79519814,1.0,0.0,32.0
exp7_fixed_random_1,6177,545.60736,2.6447775,0.52910984,1.0,0.0,17.0
exp7_fixed_random_1,6178,459.8031,2.3797078,0.5654812,1.0,0.0,20.0
exp7_fixed_random_1,6179,619.03564,2.5995135,0.6066094,1.0,0.0,27.0
exp7_fixed_random_1,6181,510.28128,2.9801638,0.70479774,1.0,0.0,13.0
exp7_fixed_random_1,6182,568.28125,2.9075465,0.48698425,1.0,0.0,17.0
exp7_fixed_random_1,6183,502.33243,2.9236004,0.79940856,1.0,0.0,17.0
exp7_fixed_random_1,6184,485.5793,1.5747429,0.5171525,1.0,0.0,24.0
exp7_fixed_random_1,6185,540.4468,2.0375996,0.8411248,1.0,0.0,22.0
exp7_fixed_random_1,6186,570.2176,3.047714,0.63307405,1.0,0.0,16.0
exp7_fixed_random_1,6187,551.1882,3.1082046,0.62881327,1.0,0.0,14.0
exp7_fixed_random_1,6188,549.4027,2.7923415,0.43074018,1.0,0.0,13.0
exp7_fixed_random_1,6189,624.2894,3.3066242,0.5884273,1.0,0.0,18.0
exp7_fixed_random_1,6190,508.4903,2.4115713,0.6090203,1.0,0.0,23.0
exp7_fixed_random_1,6191,520.0142,2.866601,0.622018,1.0,0.0,19.0
exp7_fixed_random_1,6192,534.8891,2.6697145,0.67154646,1.0,0.0,16.0
exp7_fixed_random_1,6193,552.40784,2.4281147,0.5496849,1.0,0.0,28.0
exp7_fixed_random_1,6194,-156.91669,3.349416,0.7219666,0.0,1.0,7.0
exp7_fixed_random_1,6195,457.35577,2.721829,0.69357,1.0,0.0,11.0
exp7_fixed_random_1,6196,643.06714,2.8174608,0.8006663,1.0,0.0,24.0
exp7_fixed_random_1,6197,500.7743,2.6695428,0.7344731,1.0,0.0,20.0
exp7_fixed_random_1,6198,513.60205,2.571941,0.30828196,1.0,0.0,13.0
exp7_fixed_random_1,6199,542.6467,2.7492032,0.5733763,1.0,0.0,20.0
exp7_fixed_random_1,6201,560.7957,2.6800773,0.5779482,1.0,0.0,23.0
exp7_fixed_random_1,6202,616.9193,2.088546,0.7982397,1.0,0.0,36.0
exp7_fixed_random_1,6203,-321.67273,2.5455678,0.33780113,0.0,1.0,4.0
exp7_fixed_random_1,6204,542.6117,2.816101,0.6158081,1.0,0.0,14.0
exp7_fixed_random_1,6205,-257.2733,2.2515109,0.87534344,0.0,1.0,13.0
exp7_fixed_random_1,6206,521.4922,2.8509383,0.50523627,1.0,0.0,14.0
exp7_fixed_random_1,6207,530.68097,3.0681374,0.76250327,1.0,0.0,14.0
exp7_fixed_random_1,6208,564.81995,2.9733636,0.65311646,1.0,0.0,17.0
exp7_fixed_random_1,6209,492.9007,3.055601,0.5691799,1.0,0.0,14.0
exp7_fixed_random_1,6210,496.66406,1.8982115,0.42710948,1.0,0.0,29.0
exp7_fixed_random_1,6211,563.7141,2.4117014,0.46916637,1.0,0.0,33.0
exp7_fixed_random_1,6212,521.48846,1.7419357,0.39582434,1.0,0.0,19.0
exp7_fixed_random_1,6213,-90.579926,2.4683654,0.46697894,0.0,1.0,19.0
exp7_fixed_random_1,6214,458.7141,2.2370489,0.87084615,1.0,0.0,23.0
exp7_fixed_random_1,6215,531.9539,3.0266914,0.60060596,1.0,0.0,15.0
exp7_fixed_random_1,6216,-105.52549,2.0937653,0.51435924,0.0,1.0,24.0
exp7_fixed_random_1,6217,534.79645,2.590542,0.6324703,1.0,0.0,16.0
exp7_fixed_random_1,6218,567.8242,3.399126,0.5722793,1.0,0.0,17.0
exp7_fixed_random_1,6219,496.40332,3.1632297,0.757853,1.0,0.0,10.0
exp7_fixed_random_1,6221,-158.17145,3.6031785,0.625399,0.0,1.0,16.0
exp7_fixed_random_1,6222,467.18427,2.866724,0.8445124,1.0,0.0,12.0
exp7_fixed_random_1,6223,526.60364,2.2416546,0.563566,1.0,0.0,16.0
exp7_fixed_random_1,6224,-65.92645,3.1681194,0.53409594,0.0,1.0,12.0
exp7_fixed_random_1,6225,-217.01094,2.0637174,0.44146118,0.0,1.0,22.0
exp7_fixed_random_1,6226,591.27374,2.2706063,0.74167925,1.0,0.0,30.0
exp7_fixed_random_1,6227,613.2509,2.4732225,0.57561225,1.0,0.0,32.0
exp7_fixed_random_1,6228,504.76144,2.515988,0.43242192,1.0,0.0,16.0
exp7_fixed_random_1,6229,-256.658,3.5591424,0.54680353,0.0,1.0,12.0
exp7_fixed_random_1,6230,580.5043,2.999877,0.5851051,1.0,0.0,16.0
exp7_fixed_random_1,6231,569.58777,2.997676,0.6444339,1.0,0.0,16.0
exp7_fixed_random_1,6232,603.5317,2.7354257,0.56471604,1.0,0.0,24.0
exp7_fixed_random_1,6233,535.5619,3.438197,0.6092768,1.0,0.0,12.0
exp7_fixed_random_1,6234,-109.49188,2.2287717,0.51228285,0.0,1.0,19.0
exp7_fixed_random_1,6235,625.67944,3.5314386,0.6462702,1.0,0.0,17.0
exp7_fixed_random_1,6236,506.413,2.5817149,0.6767625,1.0,0.0,20.0
exp7_fixed_random_1,6237,576.041,2.7476227,0.5691028,1.0,0.0,22.0
exp7_fixed_random_1,6238,603.8395,2.5366795,0.5939309,1.0,0.0,28.0
exp7_fixed_random_1,6239,577.7732,2.3535469,0.5276732,1.0,0.0,30.0
exp7_fixed_random_1,6241,560.7699,2.6877756,0.6497987,1.0,0.0,15.0
exp7_fixed_random_1,6242,448.86105,2.924524,0.584479,1.0,0.0,14.0
exp7_fixed_random_1,6243,476.05164,1.6175463,0.6685423,1.0,0.0,29.0
exp7_fixed_random_1,6244,471.38733,3.116682,0.5452872,1.0,0.0,14.0
exp7_fixed_random_1,6245,564.87054,4.133499,0.5918679,1.0,0.0,12.0
exp7_fixed_random_1,6246,448.1023,3.002017,0.7613772,1.0,0.0,9.0
exp7_fixed_random_1,6247,574.49164,2.5235107,0.26832685,1.0,0.0,23.0
exp7_fixed_random_1,6248,499.48297,2.4404445,0.86343646,1.0,0.0,19.0
exp7_fixed_random_1,6249,-230.40448,2.7883055,0.46802908,0.0,1.0,10.0
exp7_fixed_random_1,6250,546.0617,2.5465899,0.53070253,1.0,0.0,26.0
exp7_fixed_random_1,6251,550.54663,2.7313604,0.49699926,1.0,0.0,18.0
exp7_fixed_random_1,6252,589.95996,2.726752,0.70559084,1.0,0.0,17.0
exp7_fixed_random_1,6253,547.5697,2.3139157,0.49005944,1.0,0.0,29.0
exp7_fixed_random_1,6254,669.5326,3.4529667,0.5938248,1.0,0.0,19.0
exp7_fixed_random_1,6255,518.652,2.662436,0.5014599,1.0,0.0,28.0
exp7_fixed_random_1,6256,-78.81276,3.569327,0.70693547,0.0,1.0,13.0
exp7_fixed_random_1,6257,483.448,2.2898378,0.30190387,1.0,0.0,16.0
exp7_fixed_random_1,6258,524.827,2.3888605,0.4502906,1.0,0.0,22.0
exp7_fixed_random_1,6259,546.70355,3.2875133,0.7732264,1.0,0.0,15.0
exp7_fixed_random_1,6261,439.98325,3.2949638,0.6125518,1.0,0.0,10.0
exp7_fixed_random_1,6262,620.17584,2.47591,0.6901611,1.0,0.0,30.0
exp7_fixed_random_1,6263,541.6504,3.7458673,0.6178139,1.0,0.0,15.0
exp7_fixed_random_1,6264,522.76306,2.7236755,0.7180192,1.0,0.0,12.0
exp7_fixed_random_1,6265,573.0674,2.8511124,0.5121235,1.0,0.0,25.0
exp7_fixed_random_1,6266,508.39087,2.0865242,0.82062465,1.0,0.0,15.0
exp7_fixed_random_1,6267,33.9854,1.3825117,1.0040783,0.0,0.0,100.0
exp7_fixed_random_1,6268,483.5977,1.8808258,0.33222306,1.0,0.0,25.0
exp7_fixed_random_1,6269,577.6066,3.0012228,0.7799408,1.0,0.0,22.0
exp7_fixed_random_1,6270,590.7814,2.4463134,0.6078612,1.0,0.0,26.0
exp7_fixed_random_1,6271,601.4606,2.7587588,0.4727837,1.0,0.0,21.0
exp7_fixed_random_1,6272,559.76306,3.2548027,0.7867341,1.0,0.0,18.0
exp7_fixed_random_1,6273,-311.32675,2.7626407,0.6872041,0.0,1.0,5.0
exp7_fixed_random_1,6274,-274.08026,2.1775315,0.51265556,0.0,1.0,16.0
exp7_fixed_random_1,6275,464.0997,2.841918,0.6291813,1.0,0.0,15.0
exp7_fixed_random_1,6276,-270.58475,2.234555,0.5686348,0.0,1.0,19.0
exp7_fixed_random_1,6277,648.6368,2.820461,0.5705471,1.0,0.0,26.0
exp7_fixed_random_1,6278,502.70258,3.0791726,0.76527673,1.0,0.0,9.0
exp7_fixed_random_1,6279,494.2054,2.6336,0.8459631,1.0,0.0,19.0
exp7_fixed_random_1,6281,556.14325,2.5858204,0.6210068,1.0,0.0,22.0
exp7_fixed_random_1,6282,548.6702,2.4909284,0.40710503,1.0,0.0,20.0
exp7_fixed_random_1,6283,477.45673,2.3358896,0.49380112,1.0,0.0,20.0
exp7_fixed_random_1,6284,480.79944,2.2316556,0.79762197,1.0,0.0,20.0
exp7_fixed_random_1,6285,642.7533,3.1006334,0.45641994,1.0,0.0,18.0
exp7_fixed_random_1,6286,628.0497,2.994051,0.61874545,1.0,0.0,21.0
exp7_fixed_random_1,6287,-62.79918,2.417466,0.48947883,0.0,1.0,28.0
exp7_fixed_random_1,6288,536.0538,2.6223269,0.69076735,1.0,0.0,19.0
exp7_fixed_random_1,6289,610.4455,3.2404144,0.7063996,1.0,0.0,19.0
exp7_fixed_random_1,6290,593.5512,3.1246018,0.29545206,1.0,0.0,15.0
exp7_fixed_random_1,6291,581.8778,2.6154609,0.5078964,1.0,0.0,20.0
exp7_fixed_random_1,6292,521.1473,3.2024202,0.83963096,1.0,0.0,18.0
exp7_fixed_random_1,6293,592.25903,3.3141987,0.5682422,1.0,0.0,18.0
exp7_fixed_random_1,6294,614.33905,3.0180097,0.46376723,1.0,0.0,17.0
exp7_fixed_random_1,6295,511.4989,2.7053368,0.8959233,1.0,0.0,19.0
exp7_fixed_random_1,6296,533.4756,3.1106923,0.6992262,1.0,0.0,19.0
exp7_fixed_random_1,6297,497.0298,2.9260685,0.8671852,1.0,0.0,23.0
exp7_fixed_random_1,6298,491.3738,3.223992,0.7819325,1.0,0.0,17.0
exp7_fixed_random_1,6299,-114.22105,3.0212486,0.50690055,0.0,1.0,11.0
exp7_fixed_random_1,6301,533.9578,2.8440442,0.46794993,1.0,0.0,14.0
exp7_fixed_random_1,6302,559.24945,2.6462371,0.46990776,1.0,0.0,21.0
exp7_fixed_random_1,6303,671.84204,2.865115,0.5387315,1.0,0.0,23.0
exp7_fixed_random_1,6304,548.29803,2.7792723,0.28338984,1.0,0.0,14.0
exp7_fixed_random_1,6305,598.302,2.6648731,0.51980066,1.0,0.0,25.0
exp7_fixed_random_1,6306,630.943,2.8164861,0.5584629,1.0,0.0,25.0
exp7_fixed_random_1,6307,581.8451,2.7149978,0.44674638,1.0,0.0,25.0
exp7_fixed_random_1,6308,615.9066,2.6135793,0.53780764,1.0,0.0,20.0
exp7_fixed_random_1,6309,550.9388,2.3807921,0.51624787,1.0,0.0,21.0
exp7_fixed_random_1,6310,556.1675,3.8273711,0.75753176,1.0,0.0,13.0
exp7_fixed_random_1,6311,536.72485,2.1093209,0.40989184,1.0,0.0,29.0
exp7_fixed_random_1,6312,602.8844,3.4081967,0.59031266,1.0,0.0,16.0
exp7_fixed_random_1,6313,-195.71498,2.6779788,0.5305593,0.0,1.0,25.0
exp7_fixed_random_1,6314,512.02167,2.5640678,0.59370893,1.0,0.0,14.0
exp7_fixed_random_1,6315,-162.2415,3.668592,0.68704635,0.0,1.0,5.0
exp7_fixed_random_1,6316,630.0307,2.7448988,0.69917464,1.0,0.0,24.0
exp7_fixed_random_1,6317,481.71304,3.0242183,0.5851084,1.0,0.0,8.0
exp7_fixed_random_1,6318,619.6526,2.8945343,0.6012238,1.0,0.0,19.0
exp7_fixed_random_1,6319,446.09564,2.2382462,0.7205418,1.0,0.0,19.0
exp7_fixed_random_1,6321,503.37766,3.661218,0.725083,1.0,0.0,8.0
exp7_fixed_random_1,6322,487.98215,3.253522,0.7408388,1.0,0.0,12.0
exp7_fixed_random_1,6323,565.4523,2.7400446,0.6885244,1.0,0.0,22.0
exp7_fixed_random_1,6324,520.3348,2.6619973,0.52899045,1.0,0.0,22.0
exp7_fixed_random_1,6325,617.4123,2.8246503,0.4266583,1.0,0.0,20.0
exp7_fixed_random_1,6326,536.28284,2.6955686,0.7022971,1.0,0.0,17.0
exp7_fixed_random_1,6327,513.11536,2.104107,0.7888207,1.0,0.0,19.0
exp7_fixed_random_1,6328,-116.55004,3.0465415,0.7093025,0.0,1.0,15.0
exp7_fixed_random_1,6329,538.79736,3.2509966,0.40751293,1.0,0.0,9.0
exp7_fixed_random_1,6330,543.2239,2.2522695,0.57326716,1.0,0.0,22.0
exp7_fixed_random_1,6331,519.7943,2.8038912,0.47017622,1.0,0.0,20.0
exp7_fixed_random_1,6332,583.41846,2.426513,0.55810165,1.0,0.0,29.0
exp7_fixed_random_1,6333,536.5266,2.7511535,0.79299265,1.0,0.0,23.0
exp7_fixed_random_1,6334,561.2577,3.9216506,0.49671653,1.0,0.0,15.0
exp7_fixed_random_1,6335,535.63385,3.1105726,0.57525504,1.0,0.0,17.0
exp7_fixed_random_1,6336,566.7554,2.7556567,0.5522286,1.0,0.0,21.0
exp7_fixed_random_1,6337,512.4878,2.1612837,0.34666237,1.0,0.0,18.0
exp7_fixed_random_1,6338,566.86707,3.4143655,0.6640881,1.0,0.0,15.0
exp7_fixed_random_1,6339,506.28735,3.3478613,0.7533631,1.0,0.0,11.0
exp7_fixed_random_1,6341,605.8008,2.5227506,0.65656346,1.0,0.0,30.0
exp7_fixed_random_1,6342,-221.86356,2.9031734,0.6509277,0.0,1.0,10.0
exp7_fixed_random_1,6343,556.62897,2.9806237,0.5251718,1.0,0.0,15.0
exp7_fixed_random_1,6344,517.3738,2.4554636,0.62688935,1.0,0.0,17.0
exp7_fixed_random_1,6345,-120.45195,2.7592306,0.48537788,0.0,1.0,15.0
exp7_fixed_random_1,6346,468.25598,2.283951,0.54760176,1.0,0.0,13.0
exp7_fixed_random_1,6347,557.8428,2.347257,0.5159044,1.0,0.0,28.0
exp7_fixed_random_1,6348,594.6341,2.7588964,0.50343835,1.0,0.0,21.0
exp7_fixed_random_1,6349,598.54944,2.4806724,0.4002493,1.0,0.0,21.0
exp7_fixed_random_1,6350,526.75885,2.467712,0.5924356,1.0,0.0,18.0
exp7_fixed_random_1,6351,490.49292,2.4123359,0.7678635,1.0,0.0,18.0
exp7_fixed_random_1,6352,607.69525,2.5749161,0.66922015,1.0,0.0,24.0
exp7_fixed_random_1,6353,530.9845,2.661204,0.4934574,1.0,0.0,16.0
exp7_fixed_random_1,6354,582.8142,2.9537582,0.515063,1.0,0.0,21.0
exp7_fixed_random_1,6355,620.2977,3.0849423,0.5769339,1.0,0.0,21.0
exp7_fixed_random_1,6356,488.56848,2.6572282,0.5339972,1.0,0.0,12.0
exp7_fixed_random_1,6357,603.27264,2.8622894,0.70465034,1.0,0.0,21.0
exp7_fixed_random_1,6358,-227.5622,3.2249448,0.6235491,0.0,1.0,13.0
exp7_fixed_random_1,6359,496.13663,2.8282468,0.80579966,1.0,0.0,22.0
exp7_fixed_random_1,6361,565.9771,3.3893738,0.48566565,1.0,0.0,14.0
exp7_fixed_random_1,6362,581.6061,3.1337864,0.5879485,1.0,0.0,14.0
exp7_fixed_random_1,6363,620.11365,3.5387685,0.54796064,1.0,0.0,17.0
exp7_fixed_random_1,6364,563.3003,2.9134583,0.5420651,1.0,0.0,16.0
exp7_fixed_random_1,6365,524.50397,2.7839882,0.48448232,1.0,0.0,12.0
exp7_fixed_random_1,6366,586.1493,2.8018458,0.5989552,1.0,0.0,21.0
exp7_fixed_random_1,6367,544.7798,2.2751718,0.72484154,1.0,0.0,20.0
exp7_fixed_random_1,6368,491.07794,3.3962612,0.7022464,1.0,0.0,16.0
exp7_fixed_random_1,6369,511.13412,2.4494503,0.8108203,1.0,0.0,24.0
exp7_fixed_random_1,6370,545.5738,2.5972545,0.66662467,1.0,0.0,18.0
exp7_fixed_random_1,6371,501.74997,2.6569562,0.7206373,1.0,0.0,15.0
exp7_fixed_random_1,6372,579.433,2.7175212,0.43488008,1.0,0.0,20.0
exp7_fixed_random_1,6373,566.8097,2.8241167,0.44925353,1.0,0.0,17.0
exp7_fixed_random_1,6374,525.737,2.7184277,0.554531,1.0,0.0,18.0
exp7_fixed_random_1,6375,549.547,3.840821,0.6434939,1.0,0.0,11.0
exp7_fixed_random_1,6376,594.93567,2.6459754,0.49141982,1.0,0.0,23.0
exp7_fixed_random_1,6377,620.63464,3.2778502,0.5358258,1.0,0.0,17.0
exp7_fixed_random_1,6378,-161.60309,3.2635634,0.4479678,0.0,1.0,17.0
exp7_fixed_random_1,6379,-234.32643,3.2826796,0.46687606,0.0,1.0,16.0
exp7_fixed_random_1,6381,528.84845,3.1604927,0.69436824,1.0,0.0,14.0
exp7_fixed_random_1,6382,537.1691,2.5238764,0.48989254,1.0,0.0,16.0
exp7_fixed_random_1,6383,617.7618,2.6657314,0.41281408,1.0,0.0,28.0
exp7_fixed_random_1,6384,612.9137,3.248808,0.63917565,1.0,0.0,19.0
exp7_fixed_random_1,6385,565.64716,3.7288272,0.717085,1.0,0.0,13.0
exp7_fixed_random_1,6386,-128.84561,2.7078383,0.4644459,0.0,1.0,26.0
exp7_fixed_random_1,6387,603.1211,2.8456988,0.72833407,1.0,0.0,23.0
exp7_fixed_random_1,6388,571.18555,2.4515784,0.40206814,1.0,0.0,32.0
exp7_fixed_random_1,6389,-234.06784,2.8831968,0.377619,0.0,1.0,4.0
exp7_fixed_random_1,6390,-270.69916,3.3246486,0.57220316,0.0,1.0,9.0
exp7_fixed_random_1,6391,646.30444,3.32713,0.50013673,1.0,0.0,19.0
exp7_fixed_random_1,6392,548.73206,3.1366086,0.5722788,1.0,0.0,13.0
exp7_fixed_random_1,6393,542.14734,2.1466897,0.834081,1.0,0.0,26.0
exp7_fixed_random_1,6394,481.24487,1.9272666,0.731022,1.0,0.0,21.0
exp7_fixed_random_1,6395,632.4733,3.0098572,0.4753032,1.0,0.0,24.0
exp7_fixed_random_1,6396,589.48706,3.4389243,0.5825902,1.0,0.0,16.0
exp7_fixed_random_1,6397,545.7209,2.5362775,0.740385,1.0,0.0,25.0
exp7_fixed_random_1,6398,-122.5777,3.3973536,0.585198,0.0,1.0,13.0
exp7_fixed_random_1,6399,554.91797,2.721391,0.33298406,1.0,0.0,12.0
exp7_fixed_random_1,6401,539.2148,2.919423,0.70364976,1.0,0.0,15.0
exp7_fixed_random_1,6402,554.7407,2.3926294,0.6801893,1.0,0.0,23.0
exp7_fixed_random_1,6403,587.2214,2.3467982,0.62586635,1.0,0.0,26.0
exp7_fixed_random_1,6404,-154.45097,3.6536605,0.46853974,0.0,1.0,11.0
exp7_fixed_random_1,6405,540.30786,2.541803,0.43932518,1.0,0.0,25.0
exp7_fixed_random_1,6406,579.41895,2.797852,0.662113,1.0,0.0,17.0
exp7_fixed_random_1,6407,628.48645,3.3954766,0.47377977,1.0,0.0,19.0
exp7_fixed_random_1,6408,-126.10346,2.6791806,0.7304162,0.0,1.0,13.0
exp7_fixed_random_1,6409,581.3745,3.5723193,0.8838104,1.0,0.0,17.0
exp7_fixed_random_1,6410,524.02277,3.5444694,0.75103384,1.0,0.0,13.0
exp7_fixed_random_1,6411,-94.58209,4.004468,0.53763425,0.0,1.0,8.0
exp7_fixed_random_1,6412,512.17004,2.9582639,0.5045621,1.0,0.0,14.0
exp7_fixed_random_1,6413,572.8236,2.406329,0.60489744,1.0,0.0,30.0
exp7_fixed_random_1,6414,528.1786,1.8461508,0.67485857,1.0,0.0,40.0
exp7_fixed_random_1,6415,600.9448,2.728528,0.6888937,1.0,0.0,23.0
exp7_fixed_random_1,6416,506.59476,3.8079479,0.6004769,1.0,0.0,12.0
exp7_fixed_random_1,6417,576.47314,2.997746,0.47614384,1.0,0.0,23.0
exp7_fixed_random_1,6418,520.8551,3.4885662,0.7417815,1.0,0.0,12.0
exp7_fixed_random_1,6419,629.6964,2.9539251,0.53170395,1.0,0.0,20.0
exp7_fixed_random_1,6421,558.3821,2.8243244,0.71855974,1.0,0.0,24.0
exp7_fixed_random_1,6422,595.8281,2.6043003,0.4766292,1.0,0.0,19.0
exp7_fixed_random_1,6423,517.1712,2.8262548,0.73423177,1.0,0.0,11.0
exp7_fixed_random_1,6424,534.50726,3.424218,0.7776325,1.0,0.0,17.0
exp7_fixed_random_1,6425,511.47147,1.8307375,0.3197705,1.0,0.0,30.0
exp7_fixed_random_1,6426,622.98444,2.832008,0.5599116,1.0,0.0,31.0
exp7_fixed_random_1,6427,-179.4256,2.5966241,0.68925804,0.0,1.0,24.0
exp7_fixed_random_1,6428,643.29626,3.1592157,0.56442624,1.0,0.0,21.0
exp7_fixed_random_1,6429,-347.376,3.6333418,0.9530083,0.0,1.0,2.0
exp7_fixed_random_1,6430,571.9879,2.6518056,0.6759641,1.0,0.0,25.0
exp7_fixed_random_1,6431,566.1503,1.9862527,0.88337094,1.0,0.0,43.0
exp7_fixed_random_1,6432,512.7455,2.7143474,0.76553494,1.0,0.0,23.0
exp7_fixed_random_1,6433,472.44388,2.4149613,0.46391743,1.0,0.0,10.0
exp7_fixed_random_1,6434,563.6527,2.8663256,0.5911753,1.0,0.0,25.0
exp7_fixed_random_1,6435,522.13464,1.9033498,0.3762413,1.0,0.0,32.0
exp7_fixed_random_1,6436,-51.55809,2.0346158,0.33504066,0.0,1.0,23.0
exp7_fixed_random_1,6437,583.6876,3.2906919,0.53866833,1.0,0.0,20.0
exp7_fixed_random_1,6438,527.39453,2.5897903,0.46390912,1.0,0.0,13.0
exp7_fixed_random_1,6439,493.1559,2.3061755,0.557373,1.0,0.0,13.0
exp7_fixed_random_1,6441,581.7394,2.1978023,0.51685154,1.0,0.0,28.0
exp7_fixed_random_1,6442,582.8647,3.3704612,0.6322561,1.0,0.0,19.0
exp7_fixed_random_1,6443,526.67346,2.2811892,0.62707055,1.0,0.0,18.0
exp7_fixed_random_1,6444,550.5769,2.9104989,0.5232749,1.0,0.0,16.0
exp7_fixed_random_1,6445,609.9214,3.2771587,0.5097161,1.0,0.0,20.0
exp7_fixed_random_1,6446,549.3117,3.2991793,0.7366901,1.0,0.0,18.0
exp7_fixed_random_1,6447,596.48413,3.1322293,0.75432885,1.0,0.0,21.0
exp7_fixed_random_1,6448,501.87427,2.9145095,0.65058,1.0,0.0,19.0
exp7_fixed_random_1,6449,489.42242,2.894163,0.7882089,1.0,0.0,13.0
exp7_fixed_random_1,6450,536.92285,2.2471673,0.29516214,1.0,0.0,15.0
exp7_fixed_random_1,6451,591.60345,3.464369,0.5120444,1.0,0.0,14.0
exp7_fixed_random_1,6452,605.87415,3.2989929,0.56559646,1.0,0.0,20.0
exp7_fixed_random_1,6453,524.2849,2.1085334,0.5051246,1.0,0.0,20.0
exp7_fixed_random_1,6454,564.2318,3.138394,0.622349,1.0,0.0,16.0
exp7_fixed_random_1,6455,539.77454,3.2584035,0.850701,1.0,0.0,19.0
exp7_fixed_random_1,6456,510.8581,2.519422,0.50565565,1.0,0.0,19.0
exp7_fixed_random_1,6457,641.85443,3.2029545,0.6131582,1.0,0.0,21.0
exp7_fixed_random_1,6458,556.85803,3.067899,0.5108334,1.0,0.0,15.0
exp7_fixed_random_1,6459,554.7837,1.7856959,0.39553905,1.0,0.0,28.0
exp7_fixed_random_1,6461,577.0076,2.8722007,0.5898534,1.0,0.0,20.0
exp7_fixed_random_1,6462,542.3514,2.5870292,0.77464694,1.0,0.0,24.0
exp7_fixed_random_1,6463,568.2899,2.8200464,0.72341615,1.0,0.0,22.0
exp7_fixed_random_1,6464,540.7639,2.9285367,0.7068486,1.0,0.0,19.0
exp7_fixed_random_1,6465,570.9305,3.4959095,0.69511425,1.0,0.0,14.0
exp7_fixed_random_1,6466,543.8971,2.8144114,0.84890366,1.0,0.0,22.0
exp7_fixed_random_1,6467,574.65735,3.0243282,0.58330464,1.0,0.0,21.0
exp7_fixed_random_1,6468,464.53326,2.4128718,0.76637524,1.0,0.0,15.0
exp7_fixed_random_1,6469,535.1047,2.1806839,0.5223984,1.0,0.0,28.0
exp7_fixed_random_1,6470,600.5684,2.5955298,0.6709162,1.0,0.0,20.0
exp7_fixed_random_1,6471,591.438,2.9832895,0.72255945,1.0,0.0,21.0
exp7_fixed_random_1,6472,569.27045,3.0716298,0.62598175,1.0,0.0,18.0
exp7_fixed_random_1,6473,568.16846,2.4665365,0.6338947,1.0,0.0,18.0
exp7_fixed_random_1,6474,518.53864,1.8087155,0.4363339,1.0,0.0,19.0
exp7_fixed_random_1,6475,589.5619,2.495207,0.5621185,1.0,0.0,25.0
exp7_fixed_random_1,6476,603.5624,3.4339771,0.794195,1.0,0.0,19.0
exp7_fixed_random_1,6477,609.08154,3.0221748,0.5568833,1.0,0.0,24.0
exp7_fixed_random_1,6478,610.72815,2.5705447,0.60095924,1.0,0.0,24.0
exp7_fixed_random_1,6479,611.9917,2.5927794,0.62591875,1.0,0.0,22.0
exp7_fixed_random_1,6481,-205.34882,3.087266,0.43414283,0.0,1.0,12.0
exp7_fixed_random_1,6482,544.3537,2.7987444,0.8198944,1.0,0.0,15.0
exp7_fixed_random_1,6483,542.7892,3.100534,0.7125288,1.0,0.0,16.0
exp7_fixed_random_1,6484,596.42737,2.7599094,0.47772554,1.0,0.0,27.0
exp7_fixed_random_1,6485,524.43726,2.194146,0.39897266,1.0,0.0,35.0
exp7_fixed_random_1,6486,565.64844,2.6721542,0.7466744,1.0,0.0,28.0
exp7_fixed_random_1,6487,556.0956,2.8944545,0.5028418,1.0,0.0,21.0
exp7_fixed_random_1,6488,607.1663,2.6451266,0.71431124,1.0,0.0,25.0
exp7_fixed_random_1,6489,607.5208,2.1951785,0.5225918,1.0,0.0,35.0
exp7_fixed_random_1,6490,577.01886,2.5676088,0.70147353,1.0,0.0,27.0
exp7_fixed_random_1,6491,566.0292,2.688137,0.4320903,1.0,0.0,21.0
exp7_fixed_random_1,6492,570.79236,2.5412347,0.79324645,1.0,0.0,25.0
exp7_fixed_random_1,6493,517.4564,1.9988078,0.65277165,1.0,0.0,23.0
exp7_fixed_random_1,6494,585.399,3.0468154,0.4914379,1.0,0.0,16.0
exp7_fixed_random_1,6495,516.4881,2.7278588,0.3403051,1.0,0.0,19.0
exp7_fixed_random_1,6496,475.2786,2.7290897,0.663242,1.0,0.0,16.0
exp7_fixed_random_1,6497,607.1432,2.2513585,0.40892524,1.0,0.0,32.0
exp7_fixed_random_1,6498,552.5604,3.154285,0.51993906,1.0,0.0,14.0
exp7_fixed_random_1,6499,608.1441,2.391865,0.5806971,1.0,0.0,25.0
exp7_fixed_random_1,6501,556.114,3.3046496,0.54662174,1.0,0.0,15.0
exp7_fixed_random_1,6502,524.23816,2.017344,0.4962836,1.0,0.0,34.0
exp7_fixed_random_1,6503,-112.39454,2.6422606,0.4026921,0.0,1.0,13.0
exp7_fixed_random_1,6504,537.64166,2.2789166,0.39270377,1.0,0.0,14.0
exp7_fixed_random_1,6505,-120.76786,3.5484636,0.57684964,0.0,1.0,15.0
exp7_fixed_random_1,6506,582.48254,2.6109262,0.53650755,1.0,0.0,24.0
exp7_fixed_random_1,6507,557.23804,2.3248703,0.37741414,1.0,0.0,19.0
exp7_fixed_random_1,6508,554.6678,2.0356488,0.35026184,1.0,0.0,22.0
exp7_fixed_random_1,6509,514.48865,2.9504745,0.68717015,1.0,0.0,10.0
exp7_fixed_random_1,6510,584.17114,2.5064175,0.6346284,1.0,0.0,20.0
exp7_fixed_random_1,6511,571.7412,2.9501143,0.46561974,1.0,0.0,16.0
exp7_fixed_random_1,6512,-203.03815,2.0198867,0.46720308,0.0,1.0,30.0
exp7_fixed_random_1,6513,629.3149,2.361758,0.45161632,1.0,0.0,28.0
exp7_fixed_random_1,6514,573.47205,2.0662825,0.46693185,1.0,0.0,31.0
exp7_fixed_random_1,6515,520.5182,2.600075,0.6882842,1.0,0.0,17.0
exp7_fixed_random_1,6516,571.3369,2.124815,0.5761695,1.0,0.0,21.0
exp7_fixed_random_1,6517,473.61676,2.080397,0.5032609,1.0,0.0,27.0
exp7_fixed_random_1,6518,530.5064,2.7423375,0.6955143,1.0,0.0,15.0
exp7_fixed_random_1,6519,614.86444,2.704495,0.41219026,1.0,0.0,20.0
exp7_fixed_random_1,6521,498.29373,1.8519301,0.31823018,1.0,0.0,18.0
exp7_fixed_random_1,6522,489.72046,2.227308,0.6897482,1.0,0.0,13.0
exp7_fixed_random_1,6523,591.9705,2.478632,0.6403396,1.0,0.0,20.0
exp7_fixed_random_1,6524,532.35815,3.0220704,0.38001865,1.0,0.0,10.0
exp7_fixed_random_1,6525,524.4188,2.7870274,0.4905843,1.0,0.0,18.0
exp7_fixed_random_1,6526,612.0246,3.0121524,0.46133995,1.0,0.0,20.0
exp7_fixed_random_1,6527,564.16284,2.7812433,0.6391207,1.0,0.0,20.0
exp7_fixed_random_1,6528,-145.41129,1.841006,0.40183368,0.0,1.0,20.0
exp7_fixed_random_1,6529,538.29694,2.5399508,0.5141545,1.0,0.0,14.0
exp7_fixed_random_1,6530,544.21173,2.6146936,0.39000866,1.0,0.0,21.0
exp7_fixed_random_1,6531,560.8801,3.0799701,0.6948655,1.0,0.0,20.0
exp7_fixed_random_1,6532,631.8096,2.4460454,0.70838845,1.0,0.0,26.0
exp7_fixed_random_1,6533,578.3356,3.4365325,0.6749595,1.0,0.0,17.0
exp7_fixed_random_1,6534,517.3551,2.9456317,0.6655456,1.0,0.0,13.0
exp7_fixed_random_1,6535,527.8373,2.9161398,0.5126027,1.0,0.0,10.0
exp7_fixed_random_1,6536,-232.93114,2.2849936,0.46773747,0.0,1.0,12.0
exp7_fixed_random_1,6537,571.5085,2.7930415,0.6126456,1.0,0.0,16.0
exp7_fixed_random_1,6538,579.79736,2.710601,0.683602,1.0,0.0,25.0
exp7_fixed_random_1,6539,518.96027,3.2067986,0.5231458,1.0,0.0,12.0
exp7_fixed_random_1,6541,542.53876,2.7369998,0.6487808,1.0,0.0,20.0
exp7_fixed_random_1,6542,581.26245,2.3601735,0.62182856,1.0,0.0,34.0
exp7_fixed_random_1,6543,564.9822,2.6946769,0.46456626,1.0,0.0,30.0
exp7_fixed_random_1,6544,539.6749,2.8752887,0.49457133,1.0,0.0,18.0
exp7_fixed_random_1,6545,621.7731,2.472185,0.39762634,1.0,0.0,28.0
exp7_fixed_random_1,6546,569.249,2.6726131,0.43320334,1.0,0.0,19.0
exp7_fixed_random_1,6547,498.8657,3.210682,0.8025213,1.0,0.0,12.0
exp7_fixed_random_1,6548,545.4331,3.3257234,0.59918886,1.0,0.0,12.0
exp7_fixed_random_1,6549,630.9417,2.7568402,0.61955595,1.0,0.0,27.0
exp7_fixed_random_1,6550,-239.38942,2.9325078,0.5663616,0.0,1.0,15.0
exp7_fixed_random_1,6551,442.77945,2.2809877,0.7060016,1.0,0.0,15.0
exp7_fixed_random_1,6552,606.46533,2.5373418,0.6283705,1.0,0.0,26.0
exp7_fixed_random_1,6553,474.66516,1.7368914,0.51181763,1.0,0.0,20.0
exp7_fixed_random_1,6554,563.5771,2.957487,0.69075733,1.0,0.0,19.0
exp7_fixed_random_1,6555,-116.9043,2.043359,0.5554996,0.0,1.0,15.0
exp7_fixed_random_1,6556,527.1506,2.1140115,0.70859474,1.0,0.0,19.0
exp7_fixed_random_1,6557,538.23535,3.0760775,0.5473829,1.0,0.0,19.0
exp7_fixed_random_1,6558,467.7887,2.6460903,0.76155573,1.0,0.0,12.0
exp7_fixed_random_1,6559,590.5144,3.4383264,0.6013059,1.0,0.0,14.0
exp7_fixed_random_1,6561,520.5143,3.1823432,0.4681822,1.0,0.0,11.0
exp7_fixed_random_1,6562,553.84656,2.8885393,0.52377325,1.0,0.0,12.0
exp7_fixed_random_1,6563,594.73834,2.706493,0.76934755,1.0,0.0,20.0
exp7_fixed_random_1,6564,-205.37971,3.3499854,0.5218668,0.0,1.0,11.0
exp7_fixed_random_1,6565,557.4393,2.910675,0.43093297,1.0,0.0,15.0
exp7_fixed_random_1,6566,406.84262,1.4094448,0.9712409,1.0,0.0,70.0
exp7_fixed_random_1,6567,527.68396,2.3554268,0.56787735,1.0,0.0,16.0
exp7_fixed_random_1,6568,523.3984,2.3551896,0.5882065,1.0,0.0,12.0
exp7_fixed_random_1,6569,599.9368,2.99185,0.55941695,1.0,0.0,20.0
exp7_fixed_random_1,6570,494.74683,2.9215524,0.5182305,1.0,0.0,12.0
exp7_fixed_random_1,6571,570.9767,2.921679,0.80605596,1.0,0.0,22.0
exp7_fixed_random_1,6572,660.251,2.9189231,0.7017579,1.0,0.0,25.0
exp7_fixed_random_1,6573,538.8898,2.2617438,0.45700297,1.0,0.0,18.0
exp7_fixed_random_1,6574,475.46994,3.7574816,0.68457407,1.0,0.0,9.0
exp7_fixed_random_1,6575,-256.6256,3.6037655,0.5621115,0.0,1.0,6.0
exp7_fixed_random_1,6576,547.98486,2.6902068,0.5498014,1.0,0.0,14.0
exp7_fixed_random_1,6577,533.47656,2.4895883,0.625411,1.0,0.0,14.0
exp7_fixed_random_1,6578,578.9352,3.380239,0.5900733,1.0,0.0,14.0
exp7_fixed_random_1,6579,514.42224,2.991024,0.8231211,1.0,0.0,14.0
exp7_fixed_random_1,6581,580.0087,2.732692,0.5215018,1.0,0.0,18.0
exp7_fixed_random_1,6582,524.9077,1.7604022,0.20301405,1.0,0.0,29.0
exp7_fixed_random_1,6583,553.0366,3.0679343,0.57414585,1.0,0.0,21.0
exp7_fixed_random_1,6584,554.4801,2.6850195,0.8691927,1.0,0.0,23.0
exp7_fixed_random_1,6585,-218.23233,3.3049512,0.37189987,0.0,1.0,9.0
exp7_fixed_random_1,6586,604.93945,3.3587756,0.47890043,1.0,0.0,14.0
exp7_fixed_random_1,6587,529.54614,3.0360475,0.80405253,1.0,0.0,15.0
exp7_fixed_random_1,6588,539.4734,1.6587031,0.3221881,1.0,0.0,30.0
exp7_fixed_random_1,6589,597.41956,3.6281958,0.59328914,1.0,0.0,16.0
exp7_fixed_random_1,6590,569.88043,3.2856987,0.50714463,1.0,0.0,14.0
exp7_fixed_random_1,6591,604.74615,3.4618194,0.652182,1.0,0.0,17.0
exp7_fixed_random_1,6592,612.26013,2.962369,0.7165859,1.0,0.0,25.0
exp7_fixed_random_1,6593,494.42355,2.8482406,0.8709342,1.0,0.0,16.0
exp7_fixed_random_1,6594,-57.642776,2.5548267,0.6123141,0.0,1.0,17.0
exp7_fixed_random_1,6595,477.63846,2.78522,0.727125,1.0,0.0,14.0
exp7_fixed_random_1,6596,549.10156,2.7915304,0.5241895,1.0,0.0,18.0
exp7_fixed_random_1,6597,675.1007,2.7510982,0.4983373,1.0,0.0,26.0
exp7_fixed_random_1,6598,524.31274,3.0474122,0.49856532,1.0,0.0,16.0
exp7_fixed_random_1,6599,557.8103,2.5910127,0.6767544,1.0,0.0,14.0
exp7_fixed_random_1,6601,590.6995,2.5103643,0.6145385,1.0,0.0,30.0
exp7_fixed_random_1,6602,564.0796,2.9376798,0.61110574,1.0,0.0,20.0
exp7_fixed_random_1,6603,558.2617,3.281843,0.65190566,1.0,0.0,16.0
exp7_fixed_random_1,6604,594.488,2.6746275,0.55969214,1.0,0.0,22.0
exp7_fixed_random_1,6605,632.6107,2.7460184,0.7218898,1.0,0.0,19.0
exp7_fixed_random_1,6606,553.5834,2.8026755,0.6261688,1.0,0.0,14.0
exp7_fixed_random_1,6607,570.22217,3.607411,0.44968033,1.0,0.0,16.0
exp7_fixed_random_1,6608,666.11096,3.072036,0.5957158,1.0,0.0,21.0
exp7_fixed_random_1,6609,516.95703,2.651554,0.6468977,1.0,0.0,20.0
exp7_fixed_random_1,6610,517.9234,2.4191868,0.53295636,1.0,0.0,21.0
exp7_fixed_random_1,6611,627.80225,3.5238285,0.6170137,1.0,0.0,19.0
exp7_fixed_random_1,6612,542.9181,2.6448858,0.5081852,1.0,0.0,19.0
exp7_fixed_random_1,6613,-31.280533,3.0598302,0.3972565,0.0,1.0,13.0
exp7_fixed_random_1,6614,571.14575,3.430908,0.59949,1.0,0.0,14.0
exp7_fixed_random_1,6615,532.3333,3.2819664,0.6381435,1.0,0.0,14.0
exp7_fixed_random_1,6616,517.312,2.625494,0.5693434,1.0,0.0,16.0
exp7_fixed_random_1,6617,505.03412,3.1311524,0.35769472,1.0,0.0,8.0
exp7_fixed_random_1,6618,-96.79734,1.9943405,0.4305818,0.0,1.0,25.0
exp7_fixed_random_1,6619,473.11395,2.8106747,0.41782853,1.0,0.0,17.0
exp7_fixed_random_1,6621,-224.21205,3.2300186,0.46725002,0.0,1.0,14.0
exp7_fixed_random_1,6622,-123.7247,3.481296,0.43851346,0.0,1.0,8.0
exp7_fixed_random_1,6623,540.90857,3.2875001,0.6038615,1.0,0.0,13.0
exp7_fixed_random_1,6624,586.59814,2.6487699,0.46518233,1.0,0.0,28.0
exp7_fixed_random_1,6625,588.5963,2.703783,0.72124434,1.0,0.0,19.0
exp7_fixed_random_1,6626,543.4519,2.4226694,0.67654526,1.0,0.0,25.0
exp7_fixed_random_1,6627,552.3241,2.251408,0.58181226,1.0,0.0,34.0
exp7_fixed_random_1,6628,500.7615,1.9246106,0.3997243,1.0,0.0,25.0
exp7_fixed_random_1,6629,524.8173,2.7244327,0.38003996,1.0,0.0,19.0
exp7_fixed_random_1,6630,-274.89008,2.7145047,0.57538134,0.0,1.0,14.0
exp7_fixed_random_1,6631,-174.09216,3.046585,0.5461117,0.0,1.0,22.0
exp7_fixed_random_1,6632,549.7574,2.3192623,0.7657214,1.0,0.0,21.0
exp7_fixed_random_1,6633,552.24304,2.2490115,0.55983627,1.0,0.0,31.0
exp7_fixed_random_1,6634,607.8739,3.4058416,0.5879454,1.0,0.0,18.0
exp7_fixed_random_1,6635,501.82578,2.7494385,0.5463763,1.0,0.0,15.0
exp7_fixed_random_1,6636,541.9438,2.5443985,0.6328554,1.0,0.0,16.0
exp7_fixed_random_1,6637,523.1103,2.290328,0.37455463,1.0,0.0,17.0
exp7_fixed_random_1,6638,599.7499,3.129563,0.62988687,1.0,0.0,22.0
exp7_fixed_random_1,6639,603.0581,1.8804704,0.4747243,1.0,0.0,43.0
exp7_fixed_random_1,6641,573.32214,2.8067153,0.5580266,1.0,0.0,23.0
exp7_fixed_random_1,6642,488.82764,2.5556688,0.5676803,1.0,0.0,11.0
exp7_fixed_random_1,6643,596.7832,2.5454297,0.5334232,1.0,0.0,27.0
exp7_fixed_random_1,6644,575.9536,2.1688082,0.369918,1.0,0.0,19.0
exp7_fixed_random_1,6645,544.12744,2.5146015,0.5673239,1.0,0.0,15.0
exp7_fixed_random_1,6646,615.2572,2.7943726,0.60394317,1.0,0.0,24.0
exp7_fixed_random_1,6647,581.92377,3.4505298,0.58603346,1.0,0.0,20.0
exp7_fixed_random_1,6648,549.6141,3.2167437,0.7104246,1.0,0.0,12.0
exp7_fixed_random_1,6649,-62.318054,3.6571364,0.4683452,0.0,1.0,16.0
exp7_fixed_random_1,6650,519.0152,2.965543,0.68780136,1.0,0.0,18.0
exp7_fixed_random_1,6651,531.69,3.039365,0.59708637,1.0,0.0,12.0
exp7_fixed_random_1,6652,543.5462,2.2920876,0.6278192,1.0,0.0,16.0
exp7_fixed_random_1,6653,489.57343,2.526359,0.42055643,1.0,0.0,13.0
exp7_fixed_random_1,6654,636.21985,2.4082122,0.37380147,1.0,0.0,34.0
exp7_fixed_random_1,6655,598.77966,3.3235745,0.5736913,1.0,0.0,15.0
exp7_fixed_random_1,6656,555.2237,3.2707353,0.49269956,1.0,0.0,13.0
exp7_fixed_random_1,6657,492.4402,3.0062203,0.8327593,1.0,0.0,15.0
exp7_fixed_random_1,6658,600.89996,3.0543244,0.6262099,1.0,0.0,22.0
exp7_fixed_random_1,6659,-142.66693,3.0869863,0.48694924,0.0,1.0,11.0
exp7_fixed_random_1,6661,541.1274,2.4061494,0.5976097,1.0,0.0,20.0
exp7_fixed_random_1,6662,485.80234,3.6855826,0.41273683,1.0,0.0,10.0
exp7_fixed_random_1,6663,469.93958,3.2651775,0.90785885,1.0,0.0,13.0
exp7_fixed_random_1,6664,-98.64888,2.731504,0.59060776,0.0,1.0,13.0
exp7_fixed_random_1,6665,561.89984,2.5087602,0.63784665,1.0,0.0,29.0
exp7_fixed_random_1,6666,655.5506,2.8607957,0.40713465,1.0,0.0,22.0
exp7_fixed_random_1,6667,616.8855,1.9723555,0.8830059,1.0,0.0,40.0
exp7_fixed_random_1,6668,-84.484474,3.2283106,0.38622653,0.0,1.0,13.0
exp7_fixed_random_1,6669,505.12634,1.5734507,0.35068458,1.0,0.0,58.0
exp7_fixed_random_1,6670,605.3523,2.5951383,0.5629397,1.0,0.0,29.0
exp7_fixed_random_1,6671,550.85504,2.728795,0.5812039,1.0,0.0,18.0
exp7_fixed_random_1,6672,632.87006,2.5998008,0.44142774,1.0,0.0,29.0
exp7_fixed_random_1,6673,-233.32489,1.7569382,0.2649252,0.0,1.0,20.0
exp7_fixed_random_1,6674,615.4066,3.0960996,0.45446482,1.0,0.0,19.0
exp7_fixed_random_1,6675,500.28244,2.4617648,0.6627368,1.0,0.0,19.0
exp7_fixed_random_1,6676,-227.80798,3.0075097,0.5085816,0.0,1.0,14.0
exp7_fixed_random_1,6677,462.8532,1.9270096,0.4107655,1.0,0.0,20.0
exp7_fixed_random_1,6678,496.289,1.5106906,0.3701822,1.0,0.0,50.0
exp7_fixed_random_1,6679,585.6029,2.6193285,0.6894874,1.0,0.0,25.0
exp7_fixed_random_1,6681,579.0486,2.8071134,0.6196443,1.0,0.0,22.0
exp7_fixed_random_1,6682,582.33496,2.2363944,0.4884233,1.0,0.0,30.0
exp7_fixed_random_1,6683,566.1302,3.1043298,0.6190972,1.0,0.0,22.0
exp7_fixed_random_1,6684,591.21954,3.3095706,0.5466526,1.0,0.0,16.0
exp7_fixed_random_1,6685,-230.34904,3.2042148,0.7371095,0.0,1.0,4.0
exp7_fixed_random_1,6686,532.2819,1.9311237,0.4957907,1.0,0.0,28.0
exp7_fixed_random_1,6687,532.5233,2.3047435,0.5050638,1.0,0.0,18.0
exp7_fixed_random_1,6688,599.90454,2.8087103,0.6110847,1.0,0.0,21.0
exp7_fixed_random_1,6689,451.78348,1.662367,0.33159298,1.0,0.0,21.0
exp7_fixed_random_1,6690,549.44055,2.0473156,0.8877822,1.0,0.0,32.0
exp7_fixed_random_1,6691,574.8502,3.3660724,0.6134951,1.0,0.0,18.0
exp7_fixed_random_1,6692,510.12872,2.9473562,0.80975026,1.0,0.0,20.0
exp7_fixed_random_1,6693,641.1471,2.7276297,0.4100249,1.0,0.0,24.0
exp7_fixed_random_1,6694,519.0712,2.3706448,0.3479288,1.0,0.0,18.0
exp7_fixed_random_1,6695,578.2381,2.8186345,0.61831605,1.0,0.0,28.0
exp7_fixed_random_1,6696,499.67157,1.8612497,0.35657927,1.0,0.0,30.0
exp7_fixed_random_1,6697,536.7926,2.601769,0.7296318,1.0,0.0,27.0
exp7_fixed_random_1,6698,551.3403,2.8446615,0.72812426,1.0,0.0,20.0
exp7_fixed_random_1,6699,552.7343,3.099652,0.5808519,1.0,0.0,10.0
exp7_fixed_random_1,6701,499.41333,2.2644022,0.42239395,1.0,0.0,19.0
exp7_fixed_random_1,6702,558.87286,2.5842636,0.74515074,1.0,0.0,27.0
exp7_fixed_random_1,6703,544.3922,2.9749653,0.5774766,1.0,0.0,13.0
exp7_fixed_random_1,6704,558.00604,3.4636223,0.6232607,1.0,0.0,12.0
exp7_fixed_random_1,6705,638.11615,2.689959,0.48436737,1.0,0.0,30.0
exp7_fixed_random_1,6706,569.48193,2.3999705,0.7490612,1.0,0.0,29.0
exp7_fixed_random_1,6707,552.9171,3.0632226,0.7938885,1.0,0.0,19.0
exp7_fixed_random_1,6708,-46.556854,3.0071945,0.7154521,0.0,1.0,18.0
exp7_fixed_random_1,6709,604.78314,2.748717,0.48329034,1.0,0.0,18.0
exp7_fixed_random_1,6710,621.36426,2.8056073,0.5974886,1.0,0.0,25.0
exp7_fixed_random_1,6711,485.8921,2.3094916,0.48318776,1.0,0.0,14.0
exp7_fixed_random_1,6712,489.2977,2.372336,0.45776215,1.0,0.0,22.0
exp7_fixed_random_1,6713,612.6563,3.1943645,0.52135724,1.0,0.0,20.0
exp7_fixed_random_1,6714,590.949,2.3381956,0.45208865,1.0,0.0,28.0
exp7_fixed_random_1,6715,567.2577,4.108672,0.6558715,1.0,0.0,11.0
exp7_fixed_random_1,6716,523.9431,2.8122993,0.64247924,1.0,0.0,16.0
exp7_fixed_random_1,6717,549.23236,2.3547318,0.44192716,1.0,0.0,23.0
exp7_fixed_random_1,6718,544.15674,3.3900821,0.76171404,1.0,0.0,14.0
exp7_fixed_random_1,6719,521.3815,1.6899685,0.3239411,1.0,0.0,16.0
exp7_fixed_random_1,6721,500.47534,2.6227636,0.67473596,1.0,0.0,20.0
exp7_fixed_random_1,6722,632.9361,3.1429543,0.55596167,1.0,0.0,22.0
exp7_fixed_random_1,6723,573.72327,2.418677,0.7339493,1.0,0.0,26.0
exp7_fixed_random_1,6724,515.15405,3.321742,0.7461232,1.0,0.0,18.0
exp7_fixed_random_1,6725,604.1259,3.964475,0.606693,1.0,0.0,16.0
exp7_fixed_random_1,6726,476.7872,3.0986893,0.6459915,1.0,0.0,12.0
exp7_fixed_random_1,6727,515.4595,2.744103,0.6241461,1.0,0.0,10.0
exp7_fixed_random_1,6728,548.46484,2.4949975,0.5785921,1.0,0.0,20.0
exp7_fixed_random_1,6729,631.0398,2.655675,0.649997,1.0,0.0,29.0
exp7_fixed_random_1,6730,574.5812,2.6653984,0.6418026,1.0,0.0,24.0
exp7_fixed_random_1,6731,424.4009,1.8692963,0.42551738,1.0,0.0,22.0
exp7_fixed_random_1,6732,539.0239,1.6691123,0.38811332,1.0,0.0,32.0
exp7_fixed_random_1,6733,546.0568,3.0820699,0.53438354,1.0,0.0,15.0
exp7_fixed_random_1,6734,-120.56839,2.5852602,0.4036884,0.0,1.0,11.0
exp7_fixed_random_1,6735,607.68976,3.068144,0.6350108,1.0,0.0,23.0
exp7_fixed_random_1,6736,632.1937,2.9380996,0.5790822,1.0,0.0,24.0
exp7_fixed_random_1,6737,541.8274,3.0487468,0.43472597,1.0,0.0,12.0
exp7_fixed_random_1,6738,600.37866,2.8919244,0.66047794,1.0,0.0,21.0
exp7_fixed_random_1,6739,537.6653,2.3883579,0.38385147,1.0,0.0,23.0
exp7_fixed_random_1,6741,541.7507,2.9483175,0.7200868,1.0,0.0,16.0
exp7_fixed_random_1,6742,508.44257,2.856175,0.6728361,1.0,0.0,10.0
exp7_fixed_random_1,6743,648.19366,3.0391388,0.64460695,1.0,0.0,23.0
exp7_fixed_random_1,6744,547.98285,2.569289,0.45773947,1.0,0.0,15.0
exp7_fixed_random_1,6745,-127.21522,2.8183386,0.57498187,0.0,1.0,19.0
exp7_fixed_random_1,6746,575.1518,2.9515836,0.67455256,1.0,0.0,19.0
exp7_fixed_random_1,6747,491.91125,1.6757624,0.44077966,1.0,0.0,31.0
exp7_fixed_random_1,6748,567.8008,2.4579313,0.41508588,1.0,0.0,19.0
exp7_fixed_random_1,6749,626.91583,3.188204,0.49160957,1.0,0.0,18.0
exp7_fixed_random_1,6750,-169.17502,3.6440647,0.71849537,0.0,1.0,9.0
exp7_fixed_random_1,6751,667.9978,3.271287,0.50554955,1.0,0.0,24.0
exp7_fixed_random_1,6752,511.46417,2.6688478,0.76475924,1.0,0.0,24.0
exp7_fixed_random_1,6753,482.51962,2.480741,0.43519133,1.0,0.0,15.0
exp7_fixed_random_1,6754,542.373,2.477688,0.38445175,1.0,0.0,26.0
exp7_fixed_random_1,6755,613.10693,3.1271775,0.6771867,1.0,0.0,19.0
exp7_fixed_random_1,6756,475.46198,1.6976224,0.51986843,1.0,0.0,19.0
exp7_fixed_random_1,6757,583.348,2.752582,0.49060103,1.0,0.0,25.0
exp7_fixed_random_1,6758,659.1493,2.9619167,0.5262757,1.0,0.0,23.0
exp7_fixed_random_1,6759,598.5196,2.2943234,0.5692501,1.0,0.0,33.0
exp7_fixed_random_1,6761,571.0712,2.1291802,0.5122755,1.0,0.0,38.0
exp7_fixed_random_1,6762,543.4138,2.7737136,0.5491255,1.0,0.0,15.0
exp7_fixed_random_1,6763,590.7915,3.0531216,0.56565034,1.0,0.0,23.0
exp7_fixed_random_1,6764,539.0757,2.515334,0.36962476,1.0,0.0,14.0
exp7_fixed_random_1,6765,550.3865,2.611241,0.6516714,1.0,0.0,14.0
exp7_fixed_random_1,6766,606.68066,2.595622,0.39312047,1.0,0.0,31.0
exp7_fixed_random_1,6767,598.10034,3.4862921,0.6314747,1.0,0.0,18.0
exp7_fixed_random_1,6768,608.9909,3.0929074,0.49389923,1.0,0.0,13.0
exp7_fixed_random_1,6769,554.554,2.8072705,0.7009338,1.0,0.0,21.0
exp7_fixed_random_1,6770,-165.52284,2.340174,0.50862217,0.0,1.0,15.0
exp7_fixed_random_1,6771,570.0295,2.5156531,0.5224617,1.0,0.0,24.0
exp7_fixed_random_1,6772,532.8546,1.8366936,0.40522152,1.0,0.0,36.0
exp7_fixed_random_1,6773,530.8025,2.7145534,0.6339137,1.0,0.0,21.0
exp7_fixed_random_1,6774,-222.53633,2.7073638,0.42109922,0.0,1.0,14.0
exp7_fixed_random_1,6775,577.9269,2.5215251,0.47457927,1.0,0.0,29.0
exp7_fixed_random_1,6776,522.7715,2.3155725,0.4196909,1.0,0.0,23.0
exp7_fixed_random_1,6777,494.37628,2.303919,0.53554684,1.0,0.0,30.0
exp7_fixed_random_1,6778,547.66394,2.3930666,0.53740114,1.0,0.0,23.0
exp7_fixed_random_1,6779,546.23895,2.517568,0.5405144,1.0,0.0,14.0
exp7_fixed_random_1,6781,528.22076,3.0347548,0.37571293,1.0,0.0,10.0
exp7_fixed_random_1,6782,520.742,2.8391993,0.6082143,1.0,0.0,12.0
exp7_fixed_random_1,6783,545.25195,1.5467535,0.33346656,1.0,0.0,53.0
exp7_fixed_random_1,6784,653.05566,2.7889144,0.67353874,1.0,0.0,28.0
exp7_fixed_random_1,6785,558.4277,3.4099786,0.57992804,1.0,0.0,14.0
exp7_fixed_random_1,6786,567.5185,2.7791302,0.5977168,1.0,0.0,16.0
exp7_fixed_random_1,6787,611.2909,3.7347965,0.7202817,1.0,0.0,17.0
exp7_fixed_random_1,6788,558.2283,2.9226694,0.46783397,1.0,0.0,15.0
exp7_fixed_random_1,6789,481.92847,3.1640477,0.7011847,1.0,0.0,7.0
exp7_fixed_random_1,6790,533.0169,2.9477258,0.5988,1.0,0.0,15.0
exp7_fixed_random_1,6791,537.63806,3.0164585,0.71744895,1.0,0.0,16.0
exp7_fixed_random_1,6792,541.19165,3.1180634,0.68175507,1.0,0.0,20.0
exp7_fixed_random_1,6793,473.61603,1.7608716,0.73972595,1.0,0.0,17.0
exp7_fixed_random_1,6794,563.392,2.2324402,0.7557577,1.0,0.0,32.0
exp7_fixed_random_1,6795,536.88806,2.3932652,0.32300192,1.0,0.0,20.0
exp7_fixed_random_1,6796,529.36835,2.5192819,0.692269,1.0,0.0,14.0
exp7_fixed_random_1,6797,491.05188,2.059126,0.4530376,1.0,0.0,17.0
exp7_fixed_random_1,6798,561.6229,2.328061,0.5226323,1.0,0.0,18.0
exp7_fixed_random_1,6799,548.57043,2.8131478,0.4619084,1.0,0.0,17.0
exp7_fixed_random_1,6801,524.33105,3.9675179,0.43157238,1.0,0.0,9.0
exp7_fixed_random_1,6802,512.1532,2.8897724,0.789754,1.0,0.0,19.0
exp7_fixed_random_1,6803,486.2412,2.3088326,0.54602754,1.0,0.0,23.0
exp7_fixed_random_1,6804,-347.9114,4.356927,0.6107894,0.0,1.0,2.0
exp7_fixed_random_1,6805,560.80054,2.1669314,0.37733778,1.0,0.0,24.0
exp7_fixed_random_1,6806,632.12866,2.8151913,0.46665636,1.0,0.0,27.0
exp7_fixed_random_1,6807,-122.950905,2.9521403,0.5137019,0.0,1.0,16.0
exp7_fixed_random_1,6808,602.2382,3.463663,0.55641484,1.0,0.0,17.0
exp7_fixed_random_1,6809,-101.241905,3.619605,0.45801795,0.0,1.0,8.0
exp7_fixed_random_1,6810,537.50037,3.3615198,0.54138446,1.0,0.0,16.0
exp7_fixed_random_1,6811,589.2074,2.7584507,0.73715544,1.0,0.0,23.0
exp7_fixed_random_1,6812,582.7897,2.8428514,0.7651872,1.0,0.0,19.0
exp7_fixed_random_1,6813,523.41125,2.6272066,0.45324907,1.0,0.0,14.0
exp7_fixed_random_1,6814,-323.52267,2.546761,0.20725843,0.0,1.0,4.0
exp7_fixed_random_1,6815,525.8874,2.740928,0.69194794,1.0,0.0,16.0
exp7_fixed_random_1,6816,-151.92825,3.7775383,0.69871026,0.0,1.0,5.0
exp7_fixed_random_1,6817,516.7973,2.724036,0.5336575,1.0,0.0,24.0
exp7_fixed_random_1,6818,556.537,3.0727212,0.4997913,1.0,0.0,14.0
exp7_fixed_random_1,6819,564.21906,2.8516927,0.54462373,1.0,0.0,20.0
exp7_fixed_random_1,6821,589.2978,2.6463046,0.7298999,1.0,0.0,25.0
exp7_fixed_random_1,6822,564.3238,3.272203,0.6627572,1.0,0.0,18.0
exp7_fixed_random_1,6823,629.1593,2.9319637,0.47116318,1.0,0.0,23.0
exp7_fixed_random_1,6824,590.50696,2.7845342,0.5096377,1.0,0.0,20.0
exp7_fixed_random_1,6825,-126.66144,3.3826218,0.47993442,0.0,1.0,9.0
exp7_fixed_random_1,6826,-311.749,2.1887405,0.5292445,0.0,1.0,6.0
exp7_fixed_random_1,6827,550.6219,3.1356218,0.82800937,1.0,0.0,19.0
exp7_fixed_random_1,6828,612.2898,2.2787633,0.3416207,1.0,0.0,23.0
exp7_fixed_random_1,6829,547.02136,3.000465,0.50428843,1.0,0.0,17.0
exp7_fixed_random_1,6830,503.7989,4.0818763,0.5217911,1.0,0.0,8.0
exp7_fixed_random_1,6831,588.11566,2.4684138,0.6157867,1.0,0.0,20.0
exp7_fixed_random_1,6832,569.18823,2.6401153,0.6361344,1.0,0.0,25.0
exp7_fixed_random_1,6833,628.2532,3.8231103,0.59532803,1.0,0.0,13.0
exp7_fixed_random_1,6834,-107.25386,2.4950414,0.43579736,0.0,1.0,26.0
exp7_fixed_random_1,6835,534.6132,2.6740713,0.6596492,1.0,0.0,22.0
exp7_fixed_random_1,6836,590.6666,2.872282,0.581886,1.0,0.0,25.0
exp7_fixed_random_1,6837,569.44293,2.9344516,0.6460239,1.0,0.0,15.0
exp7_fixed_random_1,6838,623.11536,2.663071,0.44974717,1.0,0.0,22.0
exp7_fixed_random_1,6839,-229.37918,3.4082098,0.4252677,0.0,1.0,11.0
exp7_fixed_random_1,6841,509.14246,3.32714,0.5620992,1.0,0.0,11.0
exp7_fixed_random_1,6842,564.04456,2.925498,0.71585244,1.0,0.0,16.0
exp7_fixed_random_1,6843,496.01102,2.383214,0.5203138,1.0,0.0,12.0
exp7_fixed_random_1,6844,511.33258,2.008075,0.6671523,1.0,0.0,17.0
exp7_fixed_random_1,6845,521.56067,3.839395,0.75380427,1.0,0.0,11.0
exp7_fixed_random_1,6846,489.92548,1.8421999,0.7818794,1.0,0.0,26.0
exp7_fixed_random_1,6847,552.2926,2.4659698,0.4849416,1.0,0.0,16.0
exp7_fixed_random_1,6848,585.53796,3.6915896,0.58845323,1.0,0.0,12.0
exp7_fixed_random_1,6849,417.50952,1.6253707,0.9189325,1.0,0.0,36.0
exp7_fixed_random_1,6850,593.4927,3.5893538,0.66328806,1.0,0.0,14.0
exp7_fixed_random_1,6851,-257.2046,2.5718265,0.6244935,0.0,1.0,12.0
exp7_fixed_random_1,6852,525.2483,1.5502877,0.34150612,1.0,0.0,27.0
exp7_fixed_random_1,6853,-218.39062,2.7238998,0.41745114,0.0,1.0,4.0
exp7_fixed_random_1,6854,591.9702,2.834656,0.77912825,1.0,0.0,22.0
exp7_fixed_random_1,6855,528.7642,1.4647846,0.35798305,1.0,0.0,21.0
exp7_fixed_random_1,6856,526.4442,1.9690585,0.44010428,1.0,0.0,26.0
exp7_fixed_random_1,6857,559.9014,2.5140772,0.58041394,1.0,0.0,23.0
exp7_fixed_random_1,6858,594.92816,3.2534828,0.537113,1.0,0.0,17.0
exp7_fixed_random_1,6859,522.5873,3.471015,0.6049452,1.0,0.0,8.0
exp7_fixed_random_1,6861,532.8476,2.506374,0.53513676,1.0,0.0,15.0
exp7_fixed_random_1,6862,583.58575,3.1033115,0.70147634,1.0,0.0,18.0
exp7_fixed_random_1,6863,-166.20287,3.3598266,0.5533652,0.0,1.0,4.0
exp7_fixed_random_1,6864,460.55408,2.2404804,0.8622519,1.0,0.0,17.0
exp7_fixed_random_1,6865,488.0406,2.762308,0.35679007,1.0,0.0,14.0
exp7_fixed_random_1,6866,496.45563,1.889434,0.38034496,1.0,0.0,14.0
exp7_fixed_random_1,6867,627.59033,2.647811,0.68625116,1.0,0.0,32.0
exp7_fixed_random_1,6868,483.16937,2.3673706,0.58325446,1.0,0.0,15.0
exp7_fixed_random_1,6869,-210.64392,3.016912,0.4593959,0.0,1.0,2.0
exp7_fixed_random_1,6870,610.24493,2.771221,0.65216607,1.0,0.0,27.0
exp7_fixed_random_1,6871,-345.7573,3.5886617,0.66667193,0.0,1.0,2.0
exp7_fixed_random_1,6872,651.3777,2.5419512,0.45714176,1.0,0.0,30.0
exp7_fixed_random_1,6873,502.83105,2.573385,0.4567917,1.0,0.0,20.0
exp7_fixed_random_1,6874,600.86316,2.9929554,0.49755383,1.0,0.0,18.0
exp7_fixed_random_1,6875,640.4205,3.327018,0.5029212,1.0,0.0,19.0
exp7_fixed_random_1,6876,534.8174,3.2102566,0.6209127,1.0,0.0,14.0
exp7_fixed_random_1,6877,463.9679,2.3001816,0.7790664,1.0,0.0,12.0
exp7_fixed_random_1,6878,-101.635025,2.373338,0.25082377,0.0,1.0,12.0
exp7_fixed_random_1,6879,520.41583,1.7590214,0.3411676,1.0,0.0,28.0
exp7_fixed_random_1,6881,554.8411,2.4105883,0.80311364,1.0,0.0,18.0
exp7_fixed_random_1,6882,504.14236,2.5128877,0.45066926,1.0,0.0,12.0
exp7_fixed_random_1,6883,502.76706,3.1084998,0.41145596,1.0,0.0,12.0
exp7_fixed_random_1,6884,493.55716,2.6169999,0.7045235,1.0,0.0,17.0
exp7_fixed_random_1,6885,640.49023,3.2144656,0.6448996,1.0,0.0,19.0
exp7_fixed_random_1,6886,610.4536,2.6618297,0.668312,1.0,0.0,27.0
exp7_fixed_random_1,6887,607.14136,3.2489145,0.702893,1.0,0.0,19.0
exp7_fixed_random_1,6888,547.65186,3.2261295,0.42696193,1.0,0.0,14.0
exp7_fixed_random_1,6889,572.5213,3.0772083,0.6238279,1.0,0.0,15.0
exp7_fixed_random_1,6890,597.3505,2.731264,0.6048213,1.0,0.0,24.0
exp7_fixed_random_1,6891,636.34375,2.848323,0.45593548,1.0,0.0,23.0
exp7_fixed_random_1,6892,517.1869,3.1123178,0.58907545,1.0,0.0,14.0
exp7_fixed_random_1,6893,643.02466,2.906045,0.43889287,1.0,0.0,24.0
exp7_fixed_random_1,6894,555.3647,2.7765985,0.4176528,1.0,0.0,16.0
exp7_fixed_random_1,6895,542.7125,2.8240976,0.59683555,1.0,0.0,22.0
exp7_fixed_random_1,6896,580.59436,3.2532978,0.6777924,1.0,0.0,19.0
exp7_fixed_random_1,6897,593.1898,2.7505972,0.5467226,1.0,0.0,19.0
exp7_fixed_random_1,6898,603.54297,2.6888123,0.63143003,1.0,0.0,19.0
exp7_fixed_random_1,6899,564.3621,3.119528,0.4285884,1.0,0.0,14.0
exp7_fixed_random_1,6901,517.9947,2.9027987,0.6224886,1.0,0.0,18.0
exp7_fixed_random_1,6902,518.733,4.165842,0.47088373,1.0,0.0,9.0
exp7_fixed_random_1,6903,-133.62561,1.8290414,0.3181252,0.0,1.0,18.0
exp7_fixed_random_1,6904,532.75476,2.918566,0.580447,1.0,0.0,18.0
exp7_fixed_random_1,6905,609.93115,2.8917017,0.49401373,1.0,0.0,17.0
exp7_fixed_random_1,6906,534.2147,2.3508546,0.37016785,1.0,0.0,16.0
exp7_fixed_random_1,6907,612.4833,2.530289,0.46497953,1.0,0.0,27.0
exp7_fixed_random_1,6908,-252.4538,2.9634218,0.6964395,0.0,1.0,15.0
exp7_fixed_random_1,6909,683.90234,3.0817127,0.7071151,1.0,0.0,24.0
exp7_fixed_random_1,6910,610.53186,2.7212431,0.58327246,1.0,0.0,23.0
exp7_fixed_random_1,6911,561.75574,2.109884,0.36894783,1.0,0.0,20.0
exp7_fixed_random_1,6912,491.78293,2.5912697,0.8299106,1.0,0.0,19.0
exp7_fixed_random_1,6913,539.8175,2.684185,0.47299767,1.0,0.0,10.0
exp7_fixed_random_1,6914,-210.71156,3.5720086,0.43608743,0.0,1.0,10.0
exp7_fixed_random_1,6915,593.69464,1.9908999,0.3944773,1.0,0.0,39.0
exp7_fixed_random_1,6916,587.16656,3.0998106,0.5850774,1.0,0.0,18.0
exp7_fixed_random_1,6917,540.51843,2.8984272,0.54447734,1.0,0.0,13.0
exp7_fixed_random_1,6918,556.87463,3.0719316,0.6346449,1.0,0.0,17.0
exp7_fixed_random_1,6919,586.18384,2.598559,0.64542365,1.0,0.0,18.0
exp7_fixed_random_1,6921,527.195,1.7061718,0.3841772,1.0,0.0,40.0
exp7_fixed_random_1,6922,-272.8109,1.8455633,0.54597074,0.0,1.0,23.0
exp7_fixed_random_1,6923,538.2742,2.7442555,0.40452597,1.0,0.0,13.0
exp7_fixed_random_1,6924,508.80988,2.0714118,0.49167177,1.0,0.0,24.0
exp7_fixed_random_1,6925,-140.86899,3.0918174,0.5839343,0.0,1.0,10.0
exp7_fixed_random_1,6926,481.0053,1.9945247,0.539345,1.0,0.0,22.0
exp7_fixed_random_1,6927,532.39435,2.5379522,0.49351242,1.0,0.0,15.0
exp7_fixed_random_1,6928,577.2113,2.5247972,0.5714156,1.0,0.0,22.0
exp7_fixed_random_1,6929,587.97925,3.5459044,0.6270108,1.0,0.0,16.0
exp7_fixed_random_1,6930,-203.63904,3.6448076,0.540448,0.0,1.0,7.0
exp7_fixed_random_1,6931,584.2251,2.7493064,0.4710799,1.0,0.0,18.0
exp7_fixed_random_1,6932,556.7189,3.613725,0.69059235,1.0,0.0,13.0
exp7_fixed_random_1,6933,604.5875,3.174089,0.49910143,1.0,0.0,18.0
exp7_fixed_random_1,6934,575.09155,1.618403,0.33327553,1.0,0.0,32.0
exp7_fixed_random_1,6935,520.53955,2.0554395,0.27866605,1.0,0.0,24.0
exp7_fixed_random_1,6936,542.6369,1.8132706,0.32280302,1.0,0.0,49.0
exp7_fixed_random_1,6937,548.23364,2.5114243,0.5711219,1.0,0.0,27.0
exp7_fixed_random_1,6938,546.0919,2.8679857,0.7318292,1.0,0.0,22.0
exp7_fixed_random_1,6939,-317.6402,3.5692687,0.57497704,0.0,1.0,5.0
exp7_fixed_random_1,6941,430.57205,2.1102607,0.54856616,1.0,0.0,14.0
exp7_fixed_random_1,6942,594.6833,2.8550193,0.45153156,1.0,0.0,24.0
exp7_fixed_random_1,6943,490.3451,2.3172574,0.48852775,1.0,0.0,16.0
exp7_fixed_random_1,6944,522.4601,2.1599755,0.452158,1.0,0.0,17.0
exp7_fixed_random_1,6945,581.3017,3.0796952,0.47294292,1.0,0.0,22.0
exp7_fixed_random_1,6946,600.7956,2.6933196,0.7221244,1.0,0.0,26.0
exp7_fixed_random_1,6947,563.994,3.2927477,0.48562565,1.0,0.0,14.0
exp7_fixed_random_1,6948,571.067,2.3024921,0.3469761,1.0,0.0,31.0
exp7_fixed_random_1,6949,558.01434,2.5772247,0.48359787,1.0,0.0,15.0
exp7_fixed_random_1,6950,548.09955,2.3768232,0.5021423,1.0,0.0,17.0
exp7_fixed_random_1,6951,608.83777,2.888737,0.709581,1.0,0.0,23.0
exp7_fixed_random_1,6952,-243.01834,1.713687,0.32884437,0.0,1.0,23.0
exp7_fixed_random_1,6953,619.9954,3.3728237,0.5288888,1.0,0.0,17.0
exp7_fixed_random_1,6954,507.87592,2.7214363,0.5467802,1.0,0.0,12.0
exp7_fixed_random_1,6955,516.9019,2.1020591,0.8594708,1.0,0.0,27.0
exp7_fixed_random_1,6956,488.3695,2.5045457,0.54962766,1.0,0.0,16.0
exp7_fixed_random_1,6957,526.1043,2.0197222,0.4316674,1.0,0.0,27.0
exp7_fixed_random_1,6958,535.4612,2.2174296,0.39786133,1.0,0.0,21.0
exp7_fixed_random_1,6959,536.145,2.5836902,0.5614429,1.0,0.0,16.0
exp7_fixed_random_1,6961,554.6189,3.320765,0.53944063,1.0,0.0,18.0
exp7_fixed_random_1,6962,-118.428986,2.7084022,0.45764706,0.0,1.0,26.0
exp7_fixed_random_1,6963,487.95605,2.6210368,0.5285012,1.0,0.0,15.0
exp7_fixed_random_1,6964,-207.1235,2.7384303,0.4599365,0.0,1.0,18.0
exp7_fixed_random_1,6965,545.8846,3.792099,0.64149374,1.0,0.0,11.0
exp7_fixed_random_1,6966,516.5751,2.3782873,0.38694364,1.0,0.0,13.0
exp7_fixed_random_1,6967,517.6887,3.429674,0.29769105,1.0,0.0,11.0
exp7_fixed_random_1,6968,564.3738,2.5723324,0.7790165,1.0,0.0,17.0
exp7_fixed_random_1,6969,527.99915,2.7202432,0.57978266,1.0,0.0,13.0
exp7_fixed_random_1,6970,515.4099,2.6512136,0.58635545,1.0,0.0,18.0
exp7_fixed_random_1,6971,606.62366,2.5562935,0.45265263,1.0,0.0,19.0
exp7_fixed_random_1,6972,607.583,3.2277436,0.5327442,1.0,0.0,18.0
exp7_fixed_random_1,6973,540.99854,2.387941,0.63933414,1.0,0.0,21.0
exp7_fixed_random_1,6974,572.051,2.4192357,0.46978697,1.0,0.0,36.0
exp7_fixed_random_1,6975,532.7559,2.2558928,0.5313832,1.0,0.0,19.0
exp7_fixed_random_1,6976,548.70264,2.6642768,0.81890404,1.0,0.0,21.0
exp7_fixed_random_1,6977,556.80396,2.2228615,0.4731921,1.0,0.0,23.0
exp7_fixed_random_1,6978,562.8177,2.7529502,0.75574386,1.0,0.0,23.0
exp7_fixed_random_1,6979,548.01807,3.194217,0.6561464,1.0,0.0,14.0
exp7_fixed_random_1,6981,-261.69696,2.7958372,0.44191948,0.0,1.0,12.0
exp7_fixed_random_1,6982,542.9855,2.7415276,0.47243705,1.0,0.0,15.0
exp7_fixed_random_1,6983,498.85745,2.0215495,0.5875597,1.0,0.0,22.0
exp7_fixed_random_1,6984,608.66956,2.872639,0.59966403,1.0,0.0,22.0
exp7_fixed_random_1,6985,-307.62866,2.7220778,0.64238787,0.0,1.0,5.0
exp7_fixed_random_1,6986,517.2835,2.0093,0.36616254,1.0,0.0,18.0
exp7_fixed_random_1,6987,580.9592,2.189707,0.43040115,1.0,0.0,20.0
exp7_fixed_random_1,6988,604.9815,2.8479238,0.7040349,1.0,0.0,20.0
exp7_fixed_random_1,6989,-88.76641,2.835151,0.69319266,0.0,1.0,19.0
exp7_fixed_random_1,6990,616.0266,2.4187286,0.5879516,1.0,0.0,30.0
exp7_fixed_random_1,6991,-201.13715,3.7155497,0.5655547,0.0,1.0,11.0
exp7_fixed_random_1,6992,531.20435,3.5984752,0.5225378,1.0,0.0,9.0
exp7_fixed_random_1,6993,625.49036,2.4845848,0.4319436,1.0,0.0,35.0
exp7_fixed_random_1,6994,498.21747,2.7757926,0.6719543,1.0,0.0,13.0
exp7_fixed_random_1,6995,626.4213,3.3629642,0.7148471,1.0,0.0,19.0
exp7_fixed_random_1,6996,585.4144,2.5695555,0.61437213,1.0,0.0,19.0
exp7_fixed_random_1,6997,608.6727,2.3285818,0.49205327,1.0,0.0,31.0
exp7_fixed_random_1,6998,-271.36154,2.3288534,0.46431172,0.0,1.0,17.0
exp7_fixed_random_1,6999,621.55023,2.5849895,0.47592038,1.0,0.0,25.0
exp7_fixed_random_1,7001,551.3023,3.51268,0.45864698,1.0,0.0,13.0
exp7_fixed_random_1,7002,537.60406,2.639669,0.7022438,1.0,0.0,19.0
exp7_fixed_random_1,7003,558.6995,2.8221655,0.64132094,1.0,0.0,18.0
exp7_fixed_random_1,7004,619.6604,2.9385242,0.43677434,1.0,0.0,20.0
exp7_fixed_random_1,7005,589.7514,3.2454195,0.51180226,1.0,0.0,16.0
exp7_fixed_random_1,7006,529.5401,2.458059,0.53566253,1.0,0.0,21.0
exp7_fixed_random_1,7007,626.02356,3.1488163,0.5379041,1.0,0.0,19.0
exp7_fixed_random_1,7008,496.34912,3.2123415,0.5778852,1.0,0.0,13.0
exp7_fixed_random_1,7009,525.0171,3.187675,0.5930545,1.0,0.0,21.0
exp7_fixed_random_1,7010,588.84314,3.2750864,0.62476933,1.0,0.0,16.0
exp7_fixed_random_1,7011,616.92395,2.436656,0.343207,1.0,0.0,27.0
exp7_fixed_random_1,7012,633.8282,2.9654686,0.45885885,1.0,0.0,24.0
exp7_fixed_random_1,7013,583.2878,2.9263992,0.40353242,1.0,0.0,25.0
exp7_fixed_random_1,7014,540.2349,2.285693,0.7535066,1.0,0.0,32.0
exp7_fixed_random_1,7015,500.2198,2.8902247,0.7376613,1.0,0.0,17.0
exp7_fixed_random_1,7016,565.53723,3.444912,0.73319507,1.0,0.0,16.0
exp7_fixed_random_1,7017,539.5634,2.4364305,0.49645504,1.0,0.0,15.0
exp7_fixed_random_1,7018,533.4285,3.040398,0.5955742,1.0,0.0,19.0
exp7_fixed_random_1,7019,-322.2085,3.2054622,0.8206459,0.0,1.0,5.0
exp7_fixed_random_1,7021,587.91595,2.3590093,0.49282393,1.0,0.0,26.0
exp7_fixed_random_1,7022,524.19867,2.527065,0.7352127,1.0,0.0,23.0
exp7_fixed_random_1,7023,547.7994,3.6582963,0.62405276,1.0,0.0,9.0
exp7_fixed_random_1,7024,598.2106,3.4375665,0.66100305,1.0,0.0,17.0
exp7_fixed_random_1,7025,573.6989,2.420722,0.38013217,1.0,0.0,19.0
exp7_fixed_random_1,7026,521.0008,2.973232,0.56341535,1.0,0.0,12.0
exp7_fixed_random_1,7027,526.23834,2.9828672,0.3448459,1.0,0.0,11.0
exp7_fixed_random_1,7028,549.83215,2.4571905,0.3754549,1.0,0.0,17.0
exp7_fixed_random_1,7029,554.9957,2.3201957,0.49724513,1.0,0.0,15.0
exp7_fixed_random_1,7030,-248.89973,3.1009548,0.3079067,0.0,1.0,13.0
exp7_fixed_random_1,7031,581.3385,3.205547,0.51724106,1.0,0.0,15.0
exp7_fixed_random_1,7032,567.49274,2.9608762,0.6379353,1.0,0.0,16.0
exp7_fixed_random_1,7033,588.8372,2.5540264,0.36169252,1.0,0.0,24.0
exp7_fixed_random_1,7034,585.6694,2.9138381,0.6151639,1.0,0.0,22.0
exp7_fixed_random_1,7035,-155.0234,3.6225853,0.60380596,0.0,1.0,8.0
exp7_fixed_random_1,7036,577.5177,3.0885286,0.71185607,1.0,0.0,20.0
exp7_fixed_random_1,7037,629.2057,3.1228044,0.6333665,1.0,0.0,22.0
exp7_fixed_random_1,7038,526.78125,2.5959158,0.47266957,1.0,0.0,12.0
exp7_fixed_random_1,7039,645.0001,3.3559065,0.5866655,1.0,0.0,21.0
exp7_fixed_random_1,7041,514.0481,2.9544678,0.5167456,1.0,0.0,11.0
exp7_fixed_random_1,7042,537.2895,2.5409398,0.7867566,1.0,0.0,19.0
exp7_fixed_random_1,7043,-79.04532,2.9439383,0.68136394,0.0,1.0,20.0
exp7_fixed_random_1,7044,522.61053,2.3665392,0.42659143,1.0,0.0,21.0
exp7_fixed_random_1,7045,509.19794,3.7415848,0.62407154,1.0,0.0,13.0
exp7_fixed_random_1,7046,445.9411,2.116797,0.51390934,1.0,0.0,26.0
exp7_fixed_random_1,7047,520.93854,2.6641483,0.47261414,1.0,0.0,19.0
exp7_fixed_random_1,7048,-285.6671,2.5701902,0.44941378,0.0,1.0,11.0
exp7_fixed_random_1,7049,585.1083,2.6098626,0.5602998,1.0,0.0,24.0
exp7_fixed_random_1,7050,462.15833,1.9140222,0.5380369,1.0,0.0,20.0
exp7_fixed_random_1,7051,595.176,2.71156,0.8472366,1.0,0.0,25.0
exp7_fixed_random_1,7052,599.726,2.6724527,0.6311685,1.0,0.0,24.0
exp7_fixed_random_1,7053,586.831,3.2681315,0.60467386,1.0,0.0,17.0
exp7_fixed_random_1,7054,569.83417,3.0822,0.5042209,1.0,0.0,13.0
exp7_fixed_random_1,7055,590.90314,3.183209,0.4419854,1.0,0.0,15.0
exp7_fixed_random_1,7056,601.7093,2.7951844,0.65652126,1.0,0.0,22.0
exp7_fixed_random_1,7057,543.4944,2.5329375,0.5693897,1.0,0.0,15.0
exp7_fixed_random_1,7058,566.2529,3.0459826,0.57742304,1.0,0.0,13.0
exp7_fixed_random_1,7059,487.23962,1.778212,0.35221863,1.0,0.0,22.0
exp7_fixed_random_1,7061,-260.8594,3.9372327,0.4558781,0.0,1.0,7.0
exp7_fixed_random_1,7062,523.4963,2.0179489,0.47889996,1.0,0.0,23.0
exp7_fixed_random_1,7063,516.6678,2.8087277,0.73369944,1.0,0.0,17.0
exp7_fixed_random_1,7064,601.47235,2.80605,0.6180364,1.0,0.0,21.0
exp7_fixed_random_1,7065,609.5369,2.5684023,0.59158087,1.0,0.0,27.0
exp7_fixed_random_1,7066,609.4207,2.9913602,0.649038,1.0,0.0,21.0
exp7_fixed_random_1,7067,558.23694,2.8123949,0.4576398,1.0,0.0,26.0
exp7_fixed_random_1,7068,526.4567,2.6436026,0.80359006,1.0,0.0,19.0
exp7_fixed_random_1,7069,626.79694,2.9214382,0.41492355,1.0,0.0,25.0
exp7_fixed_random_1,7070,570.0397,2.4945717,0.48050526,1.0,0.0,18.0
exp7_fixed_random_1,7071,-251.56677,2.5324075,0.34776333,0.0,1.0,9.0
exp7_fixed_random_1,7072,501.49872,3.0879598,0.82433033,1.0,0.0,10.0
exp7_fixed_random_1,7073,561.02167,3.0842197,0.54535246,1.0,0.0,14.0
exp7_fixed_random_1,7074,477.38135,2.778294,0.7477363,1.0,0.0,14.0
exp7_fixed_random_1,7075,587.3672,2.0269356,0.37518376,1.0,0.0,41.0
exp7_fixed_random_1,7076,554.1644,3.5677524,0.82357824,1.0,0.0,17.0
exp7_fixed_random_1,7077,532.159,2.561837,0.52072096,1.0,0.0,19.0
exp7_fixed_random_1,7078,623.2443,3.3428452,0.68554384,1.0,0.0,19.0
exp7_fixed_random_1,7079,537.4697,2.228723,0.39920175,1.0,0.0,20.0
exp7_fixed_random_1,7081,-214.86122,2.7913136,0.47269425,0.0,1.0,13.0
exp7_fixed_random_1,7082,566.6342,2.5082655,0.6928398,1.0,0.0,18.0
exp7_fixed_random_1,7083,658.30457,2.4242227,0.38719127,1.0,0.0,25.0
exp7_fixed_random_1,7084,616.71204,2.7852743,0.5585182,1.0,0.0,27.0
exp7_fixed_random_1,7085,570.4481,2.5909321,0.57634753,1.0,0.0,22.0
exp7_fixed_random_1,7086,601.8107,3.0600693,0.84307945,1.0,0.0,23.0
exp7_fixed_random_1,7087,606.6813,2.2132928,0.46515626,1.0,0.0,29.0
exp7_fixed_random_1,7088,598.80505,3.3385754,0.5033716,1.0,0.0,18.0
exp7_fixed_random_1,7089,604.9661,3.3383484,0.66796213,1.0,0.0,15.0
exp7_fixed_random_1,7090,539.55505,2.3483565,0.4333625,1.0,0.0,14.0
exp7_fixed_random_1,7091,517.0015,3.1676884,0.6729903,1.0,0.0,14.0
exp7_fixed_random_1,7092,536.3806,2.2584603,0.44300824,1.0,0.0,18.0
exp7_fixed_random_1,7093,528.90186,2.296175,0.7051105,1.0,0.0,19.0
exp7_fixed_random_1,7094,538.9209,3.347368,0.6908816,1.0,0.0,17.0
exp7_fixed_random_1,7095,531.4707,2.5400333,0.5135182,1.0,0.0,17.0
exp7_fixed_random_1,7096,-165.90224,2.3174062,0.3492853,0.0,1.0,21.0
exp7_fixed_random_1,7097,502.54752,1.8725355,0.57358086,1.0,0.0,17.0
exp7_fixed_random_1,7098,575.8524,2.6958902,0.5935837,1.0,0.0,22.0
exp7_fixed_random_1,7099,581.5284,2.7088418,0.69872576,1.0,0.0,23.0
exp7_fixed_random_1,7101,539.3605,2.765711,0.5988762,1.0,0.0,19.0
exp7_fixed_random_1,7102,539.7534,2.641193,0.45162925,1.0,0.0,12.0
exp7_fixed_random_1,7103,576.79663,2.2548406,0.34307057,1.0,0.0,31.0
exp7_fixed_random_1,7104,640.2452,3.1036415,0.5629857,1.0,0.0,24.0
exp7_fixed_random_1,7105,519.81006,2.902606,0.5638957,1.0,0.0,17.0
exp7_fixed_random_1,7106,541.1652,3.4353473,0.46964124,1.0,0.0,14.0
exp7_fixed_random_1,7107,464.48096,2.4501224,0.6071495,1.0,0.0,10.0
exp7_fixed_random_1,7108,560.2818,2.3303509,0.51891625,1.0,0.0,33.0
exp7_fixed_random_1,7109,536.3335,2.1164834,0.5205287,1.0,0.0,28.0
exp7_fixed_random_1,7110,-118.43183,2.3519022,0.5591496,0.0,1.0,21.0
exp7_fixed_random_1,7111,504.84015,2.3562438,0.698538,1.0,0.0,22.0
exp7_fixed_random_1,7112,609.4436,2.2577474,0.47897056,1.0,0.0,37.0
exp7_fixed_random_1,7113,590.39764,3.653641,0.5466572,1.0,0.0,13.0
exp7_fixed_random_1,7114,566.0091,3.5139775,0.4252997,1.0,0.0,14.0
exp7_fixed_random_1,7115,528.3403,2.4835284,0.5066067,1.0,0.0,20.0
exp7_fixed_random_1,7116,520.6235,3.2331645,0.38523448,1.0,0.0,9.0
exp7_fixed_random_1,7117,499.3829,2.099495,0.45712376,1.0,0.0,19.0
exp7_fixed_random_1,7118,534.3689,2.7507672,0.56271106,1.0,0.0,13.0
exp7_fixed_random_1,7119,532.645,2.7575061,0.6351806,1.0,0.0,13.0
exp7_fixed_random_1,7121,617.9482,2.7009416,0.4879621,1.0,0.0,27.0
exp7_fixed_random_1,7122,622.54236,3.4037483,0.5487975,1.0,0.0,16.0
exp7_fixed_random_1,7123,628.05164,2.782691,0.6215301,1.0,0.0,24.0
exp7_fixed_random_1,7124,563.102,2.8471065,0.5276756,1.0,0.0,19.0
exp7_fixed_random_1,7125,489.3098,2.2722628,0.8432024,1.0,0.0,23.0
exp7_fixed_random_1,7126,502.09518,2.1060576,0.40539098,1.0,0.0,17.0
exp7_fixed_random_1,7127,621.4539,3.4227805,0.47614372,1.0,0.0,18.0
exp7_fixed_random_1,7128,603.23175,2.7534115,0.4816927,1.0,0.0,20.0
exp7_fixed_random_1,7129,531.3789,2.6313267,0.6963452,1.0,0.0,16.0
exp7_fixed_random_1,7130,588.97156,2.5464785,0.65973645,1.0,0.0,23.0
exp7_fixed_random_1,7131,577.29016,2.8297007,0.38660386,1.0,0.0,15.0
exp7_fixed_random_1,7132,595.863,2.3570087,0.85548884,1.0,0.0,35.0
exp7_fixed_random_1,7133,530.1582,2.0480688,0.5974105,1.0,0.0,27.0
exp7_fixed_random_1,7134,653.80475,2.5617716,0.54083085,1.0,0.0,31.0
exp7_fixed_random_1,7135,653.3367,2.5919771,0.5078069,1.0,0.0,32.0
exp7_fixed_random_1,7136,-220.05275,3.0722773,0.41679952,0.0,1.0,11.0
exp7_fixed_random_1,7137,681.64136,3.2887318,0.516326,1.0,0.0,21.0
exp7_fixed_random_1,7138,570.1771,2.8669217,0.73261803,1.0,0.0,21.0
exp7_fixed_random_1,7139,580.90106,3.602521,0.39107084,1.0,0.0,12.0
exp7_fixed_random_1,7141,533.284,1.782457,0.8214809,1.0,0.0,40.0
exp7_fixed_random_1,7142,567.6858,3.229274,0.6598009,1.0,0.0,16.0
exp7_fixed_random_1,7143,541.759,1.8936399,0.3049878,1.0,0.0,21.0
exp7_fixed_random_1,7144,-191.25937,3.8532348,0.29920167,0.0,1.0,5.0
exp7_fixed_random_1,7145,634.0793,2.9267304,0.5194777,1.0,0.0,23.0
exp7_fixed_random_1,7146,509.9551,2.961178,0.7079773,1.0,0.0,16.0
exp7_fixed_random_1,7147,599.6072,1.9654183,0.35562,1.0,0.0,27.0
exp7_fixed_random_1,7148,573.4716,2.6599152,0.46948823,1.0,0.0,23.0
exp7_fixed_random_1,7149,506.4725,2.5756724,0.80045724,1.0,0.0,18.0
exp7_fixed_random_1,7150,535.61316,1.8706596,0.31921774,1.0,0.0,23.0
exp7_fixed_random_1,7151,505.46954,2.9026895,0.71428174,1.0,0.0,13.0
exp7_fixed_random_1,7152,607.1695,3.5582356,0.6078233,1.0,0.0,14.0
exp7_fixed_random_1,7153,612.7042,2.6452863,0.67567986,1.0,0.0,24.0
exp7_fixed_random_1,7154,-225.22447,2.6658487,0.5057378,0.0,1.0,19.0
exp7_fixed_random_1,7155,556.7927,2.3771586,0.55568695,1.0,0.0,22.0
exp7_fixed_random_1,7156,643.1798,2.6038542,0.5100251,1.0,0.0,27.0
exp7_fixed_random_1,7157,529.0953,2.066668,0.86388654,1.0,0.0,24.0
exp7_fixed_random_1,7158,603.6976,2.5466352,0.6645406,1.0,0.0,29.0
exp7_fixed_random_1,7159,549.9487,2.8128493,0.78416187,1.0,0.0,24.0
exp7_fixed_random_1,7161,540.01624,2.3409472,0.4360243,1.0,0.0,24.0
exp7_fixed_random_1,7162,532.7594,2.8480213,0.69910187,1.0,0.0,14.0
exp7_fixed_random_1,7163,575.86444,2.6284072,0.40190744,1.0,0.0,19.0
exp7_fixed_random_1,7164,599.6118,2.653948,0.5588359,1.0,0.0,28.0
exp7_fixed_random_1,7165,503.772,2.2237656,0.40162483,1.0,0.0,21.0
exp7_fixed_random_1,7166,645.20374,2.8536065,0.5429154,1.0,0.0,28.0
exp7_fixed_random_1,7167,567.4336,2.2909782,0.6159827,1.0,0.0,30.0
exp7_fixed_random_1,7168,534.269,2.2464724,0.65213567,1.0,0.0,18.0
exp7_fixed_random_1,7169,565.3366,2.8603604,0.605792,1.0,0.0,20.0
exp7_fixed_random_1,7170,633.56573,2.657018,0.45186108,1.0,0.0,28.0
exp7_fixed_random_1,7171,602.98474,2.8449674,0.64973056,1.0,0.0,23.0
exp7_fixed_random_1,7172,608.45154,3.1169245,0.5144739,1.0,0.0,18.0
exp7_fixed_random_1,7173,559.763,2.8300123,0.4644718,1.0,0.0,13.0
exp7_fixed_random_1,7174,550.50366,1.8796091,0.364872,1.0,0.0,34.0
exp7_fixed_random_1,7175,-67.99953,2.8544679,0.49126568,0.0,1.0,20.0
exp7_fixed_random_1,7176,566.01184,2.9059665,0.5752741,1.0,0.0,16.0
exp7_fixed_random_1,7177,541.44165,2.3405707,0.6678309,1.0,0.0,23.0
exp7_fixed_random_1,7178,578.11035,2.6250792,0.5116085,1.0,0.0,21.0
exp7_fixed_random_1,7179,615.0116,3.8016317,0.52519906,1.0,0.0,12.0
exp7_fixed_random_1,7181,577.63135,2.884437,0.6020551,1.0,0.0,21.0
exp7_fixed_random_1,7182,497.1398,2.9006279,0.5614947,1.0,0.0,10.0
exp7_fixed_random_1,7183,570.63025,2.4997392,0.73066694,1.0,0.0,23.0
exp7_fixed_random_1,7184,636.08234,3.2110069,0.5204746,1.0,0.0,23.0
exp7_fixed_random_1,7185,634.7171,3.1289275,0.37177506,1.0,0.0,19.0
exp7_fixed_random_1,7186,544.37213,2.2050314,0.4815785,1.0,0.0,26.0
exp7_fixed_random_1,7187,580.3357,2.7928154,0.5923244,1.0,0.0,22.0
exp7_fixed_random_1,7188,-345.56177,3.2112348,0.3479767,0.0,1.0,2.0
exp7_fixed_random_1,7189,-268.17978,2.1466086,0.5186304,0.0,1.0,28.0
exp7_fixed_random_1,7190,562.1489,2.2228265,0.34808245,1.0,0.0,18.0
exp7_fixed_random_1,7191,569.2199,2.6695135,0.6598584,1.0,0.0,22.0
exp7_fixed_random_1,7192,590.0105,2.8646162,0.6776429,1.0,0.0,23.0
exp7_fixed_random_1,7193,531.341,3.205195,0.5548446,1.0,0.0,10.0
exp7_fixed_random_1,7194,596.0557,2.4941661,0.584221,1.0,0.0,21.0
exp7_fixed_random_1,7195,548.84644,3.3899794,0.6295299,1.0,0.0,13.0
exp7_fixed_random_1,7196,577.60315,2.8895283,0.4247428,1.0,0.0,12.0
exp7_fixed_random_1,7197,585.82654,2.8822184,0.5703398,1.0,0.0,16.0
exp7_fixed_random_1,7198,521.26654,2.7460115,0.5029796,1.0,0.0,17.0
exp7_fixed_random_1,7199,603.68384,2.887414,0.5157134,1.0,0.0,18.0
exp7_fixed_random_1,7201,545.63904,3.098913,0.5672978,1.0,0.0,15.0
exp7_fixed_random_1,7202,568.14874,2.5518036,0.7128142,1.0,0.0,26.0
exp7_fixed_random_1,7203,546.0947,2.4530368,0.48675016,1.0,0.0,24.0
exp7_fixed_random_1,7204,571.5814,2.6969576,0.79373837,1.0,0.0,18.0
exp7_fixed_random_1,7205,567.94183,2.0194304,0.41460848,1.0,0.0,32.0
exp7_fixed_random_1,7206,615.62964,2.705877,0.5318056,1.0,0.0,29.0
exp7_fixed_random_1,7207,530.72485,2.6500597,0.49030617,1.0,0.0,15.0
exp7_fixed_random_1,7208,501.11206,3.0123067,0.5181693,1.0,0.0,17.0
exp7_fixed_random_1,7209,601.76746,2.9376857,0.7581503,1.0,0.0,23.0
exp7_fixed_random_1,7210,512.87634,2.9227474,0.8074663,1.0,0.0,14.0
exp7_fixed_random_1,7211,580.7095,3.5714622,0.58482605,1.0,0.0,15.0
exp7_fixed_random_1,7212,639.5061,3.1347783,0.6038647,1.0,0.0,21.0
exp7_fixed_random_1,7213,531.0471,2.8730125,0.5823901,1.0,0.0,13.0
exp7_fixed_random_1,7214,-127.12913,2.0601342,0.345981,0.0,1.0,16.0
exp7_fixed_random_1,7215,585.86755,2.5616195,0.46465266,1.0,0.0,22.0
exp7_fixed_random_1,7216,581.72076,2.3334997,0.3155264,1.0,0.0,23.0
exp7_fixed_random_1,7217,528.8358,2.964638,0.599712,1.0,0.0,16.0
exp7_fixed_random_1,7218,588.2345,3.1616147,0.3923675,1.0,0.0,21.0
exp7_fixed_random_1,7219,541.3185,2.026401,0.3585083,1.0,0.0,26.0
exp7_fixed_random_1,7221,539.3258,3.576866,0.5713462,1.0,0.0,12.0
exp7_fixed_random_1,7222,596.99854,3.4923568,0.5835688,1.0,0.0,18.0
exp7_fixed_random_1,7223,497.18112,2.9770007,0.74214756,1.0,0.0,14.0
exp7_fixed_random_1,7224,-101.2817,3.5820713,0.5823264,0.0,1.0,8.0
exp7_fixed_random_1,7225,557.5465,2.401042,0.613158,1.0,0.0,21.0
exp7_fixed_random_1,7226,525.3082,2.3968782,0.44855988,1.0,0.0,22.0
exp7_fixed_random_1,7227,-146.73631,3.2775102,0.25707585,0.0,1.0,7.0
exp7_fixed_random_1,7228,534.3972,2.5304658,0.4165938,1.0,0.0,17.0
exp7_fixed_random_1,7229,554.1194,3.0939863,0.5623933,1.0,0.0,13.0
exp7_fixed_random_1,7230,513.44104,2.687955,0.51848483,1.0,0.0,18.0
exp7_fixed_random_1,7231,509.4836,2.4195354,0.38766953,1.0,0.0,30.0
exp7_fixed_random_1,7232,572.5749,2.6317914,0.5450915,1.0,0.0,20.0
exp7_fixed_random_1,7233,588.5972,3.1119561,0.5731308,1.0,0.0,17.0
exp7_fixed_random_1,7234,518.1787,2.4841073,0.47648022,1.0,0.0,16.0
exp7_fixed_random_1,7235,622.4117,2.7159197,0.5380395,1.0,0.0,28.0
exp7_fixed_random_1,7236,552.2843,2.8007133,0.4562717,1.0,0.0,15.0
exp7_fixed_random_1,7237,597.27924,2.5215166,0.6657843,1.0,0.0,26.0
exp7_fixed_random_1,7238,529.53876,1.9851098,0.46869108,1.0,0.0,35.0
exp7_fixed_random_1,7239,652.0483,2.908784,0.711916,1.0,0.0,23.0
exp7_fixed_random_1,7241,507.38123,2.7737665,0.6277034,1.0,0.0,11.0
exp7_fixed_random_1,7242,-217.98447,2.2860575,0.47297636,0.0,1.0,29.0
exp7_fixed_random_1,7243,522.4877,2.5652456,0.54478717,1.0,0.0,18.0
exp7_fixed_random_1,7244,-345.90384,4.523429,0.39138588,0.0,1.0,1.0
exp7_fixed_random_1,7245,517.77734,2.5189373,0.41147143,1.0,0.0,26.0
exp7_fixed_random_1,7246,551.9344,2.260033,0.65671057,1.0,0.0,22.0
exp7_fixed_random_1,7247,588.3924,2.6211905,0.42669648,1.0,0.0,26.0
exp7_fixed_random_1,7248,578.24493,2.8122785,0.6618227,1.0,0.0,22.0
exp7_fixed_random_1,7249,584.7727,2.488703,0.43081442,1.0,0.0,23.0
exp7_fixed_random_1,7250,543.65344,2.7261388,0.6722139,1.0,0.0,17.0
exp7_fixed_random_1,7251,620.7627,2.9675994,0.69239867,1.0,0.0,23.0
exp7_fixed_random_1,7252,667.1598,3.6576397,0.55478823,1.0,0.0,18.0
exp7_fixed_random_1,7253,582.35266,2.8030224,0.44131815,1.0,0.0,24.0
exp7_fixed_random_1,7254,-188.94452,4.27676,0.9323213,0.0,1.0,2.0
exp7_fixed_random_1,7255,584.97974,2.5895903,0.6629525,1.0,0.0,28.0
exp7_fixed_random_1,7256,610.2436,3.8351529,0.5827588,1.0,0.0,14.0
exp7_fixed_random_1,7257,571.22314,2.7772295,0.49827868,1.0,0.0,27.0
exp7_fixed_random_1,7258,540.99725,2.478822,0.52064323,1.0,0.0,26.0
exp7_fixed_random_1,7259,-139.02887,3.6142187,0.4129475,0.0,1.0,9.0
exp7_fixed_random_1,7261,514.4279,2.6664622,0.6809603,1.0,0.0,17.0
exp7_fixed_random_1,7262,543.011,1.8746773,0.73048705,1.0,0.0,31.0
exp7_fixed_random_1,7263,564.73724,2.8507493,0.6784845,1.0,0.0,23.0
exp7_fixed_random_1,7264,590.3224,2.5756917,0.49872223,1.0,0.0,27.0
exp7_fixed_random_1,7265,579.9255,2.67647,0.46753636,1.0,0.0,24.0
exp7_fixed_random_1,7266,516.61774,2.6172063,0.6223146,1.0,0.0,19.0
exp7_fixed_random_1,7267,580.2276,2.462094,0.3633811,1.0,0.0,18.0
exp7_fixed_random_1,7268,603.909,3.5734155,0.4150941,1.0,0.0,15.0
exp7_fixed_random_1,7269,511.03052,2.9836886,0.5942432,1.0,0.0,8.0
exp7_fixed_random_1,7270,536.7606,3.8374856,0.53699267,1.0,0.0,12.0
exp7_fixed_random_1,7271,553.87915,2.677121,0.6885295,1.0,0.0,16.0
exp7_fixed_random_1,7272,673.59534,2.6877577,0.45862734,1.0,0.0,27.0
exp7_fixed_random_1,7273,571.40106,2.7145214,0.70444685,1.0,0.0,24.0
exp7_fixed_random_1,7274,-62.7753,2.4481611,0.3336993,0.0,1.0,18.0
exp7_fixed_random_1,7275,582.8594,2.3419545,0.64563125,1.0,0.0,28.0
exp7_fixed_random_1,7276,575.8342,2.3915827,0.79154503,1.0,0.0,27.0
exp7_fixed_random_1,7277,531.4046,2.5561447,0.4083204,1.0,0.0,17.0
exp7_fixed_random_1,7278,575.59595,2.8202846,0.5124152,1.0,0.0,17.0
exp7_fixed_random_1,7279,-158.81721,3.5753486,0.6020201,0.0,1.0,6.0
exp7_fixed_random_1,7281,547.3942,2.9248023,0.6493095,1.0,0.0,20.0
exp7_fixed_random_1,7282,567.6743,2.7024798,0.6072278,1.0,0.0,23.0
exp7_fixed_random_1,7283,583.1259,3.4773922,0.69591945,1.0,0.0,17.0
exp7_fixed_random_1,7284,596.0588,2.5018957,0.38825247,1.0,0.0,23.0
exp7_fixed_random_1,7285,591.7505,2.235967,0.35633105,1.0,0.0,27.0
exp7_fixed_random_1,7286,-277.9623,3.6163998,0.3318276,0.0,1.0,5.0
exp7_fixed_random_1,7287,541.2316,2.903476,0.56381845,1.0,0.0,20.0
exp7_fixed_random_1,7288,558.39215,2.6601954,0.70988923,1.0,0.0,19.0
exp7_fixed_random_1,7289,557.1798,3.2773206,0.60113907,1.0,0.0,14.0
exp7_fixed_random_1,7290,527.3236,3.090557,0.5697748,1.0,0.0,10.0
exp7_fixed_random_1,7291,551.33594,2.4813333,0.5780995,1.0,0.0,20.0
exp7_fixed_random_1,7292,579.1452,1.756457,0.3351841,1.0,0.0,54.0
exp7_fixed_random_1,7293,551.2499,2.3431606,0.4035699,1.0,0.0,21.0
exp7_fixed_random_1,7294,604.0682,2.9752853,0.45348722,1.0,0.0,21.0
exp7_fixed_random_1,7295,593.4183,2.8379927,0.5035318,1.0,0.0,21.0
exp7_fixed_random_1,7296,503.68558,2.4210796,0.37252805,1.0,0.0,17.0
exp7_fixed_random_1,7297,534.405,2.3299944,0.41957304,1.0,0.0,22.0
exp7_fixed_random_1,7298,549.0486,2.868029,0.7181445,1.0,0.0,26.0
exp7_fixed_random_1,7299,540.5886,3.7330987,0.5825727,1.0,0.0,12.0
exp7_fixed_random_1,7301,516.5448,3.172605,0.4827849,1.0,0.0,9.0
exp7_fixed_random_1,7302,654.69714,2.8759725,0.5236505,1.0,0.0,30.0
exp7_fixed_random_1,7303,572.80804,2.2833426,0.3845586,1.0,0.0,25.0
exp7_fixed_random_1,7304,574.5066,3.1308665,0.5514487,1.0,0.0,21.0
exp7_fixed_random_1,7305,535.2187,2.790093,0.7624887,1.0,0.0,17.0
exp7_fixed_random_1,7306,542.13513,3.2078967,0.6211984,1.0,0.0,15.0
exp7_fixed_random_1,7307,582.8275,3.0397496,0.6150141,1.0,0.0,15.0
exp7_fixed_random_1,7308,648.0108,2.9030533,0.5868596,1.0,0.0,28.0
exp7_fixed_random_1,7309,-286.84482,3.1509674,0.56333035,0.0,1.0,11.0
exp7_fixed_random_1,7310,657.3768,2.9139388,0.5007848,1.0,0.0,26.0
exp7_fixed_random_1,7311,576.3019,2.9188979,0.60886216,1.0,0.0,22.0
exp7_fixed_random_1,7312,682.18054,2.9393034,0.65201896,1.0,0.0,29.0
exp7_fixed_random_1,7313,562.30536,2.3796165,0.5983456,1.0,0.0,25.0
exp7_fixed_random_1,7314,503.3642,2.8627956,0.47120914,1.0,0.0,10.0
exp7_fixed_random_1,7315,532.8241,3.0586417,0.72774917,1.0,0.0,20.0
exp7_fixed_random_1,7316,-205.86528,4.582678,0.794845,0.0,1.0,2.0
exp7_fixed_random_1,7317,465.2437,2.058458,0.48956996,1.0,0.0,11.0
exp7_fixed_random_1,7318,562.8632,2.688236,0.73104537,1.0,0.0,23.0
exp7_fixed_random_1,7319,575.33936,2.696473,0.33777022,1.0,0.0,21.0
exp7_fixed_random_1,7321,625.9173,3.0001092,0.58389974,1.0,0.0,20.0
exp7_fixed_random_1,7322,519.21814,2.2915766,0.8010355,1.0,0.0,25.0
exp7_fixed_random_1,7323,578.19403,2.7012308,0.5412432,1.0,0.0,32.0
exp7_fixed_random_1,7324,487.89694,1.5827862,0.30120087,1.0,0.0,47.0
exp7_fixed_random_1,7325,587.96075,3.0049207,0.6690813,1.0,0.0,22.0
exp7_fixed_random_1,7326,541.2428,2.747958,0.7725542,1.0,0.0,18.0
exp7_fixed_random_1,7327,523.27045,2.6075442,0.6446608,1.0,0.0,19.0
exp7_fixed_random_1,7328,607.21375,3.0875578,0.57989836,1.0,0.0,21.0
exp7_fixed_random_1,7329,542.3379,2.890251,0.45404464,1.0,0.0,10.0
exp7_fixed_random_1,7330,487.0561,2.708067,0.48952085,1.0,0.0,10.0
exp7_fixed_random_1,7331,527.3803,2.5991614,0.3943521,1.0,0.0,13.0
exp7_fixed_random_1,7332,520.6764,1.7116623,0.72583956,1.0,0.0,24.0
exp7_fixed_random_1,7333,649.45886,2.8645694,0.5718917,1.0,0.0,24.0
exp7_fixed_random_1,7334,429.68466,2.2050345,0.6045086,1.0,0.0,15.0
exp7_fixed_random_1,7335,519.5245,3.2956822,0.706932,1.0,0.0,16.0
exp7_fixed_random_1,7336,509.0857,1.8364513,0.32513922,1.0,0.0,37.0
exp7_fixed_random_1,7337,531.73645,3.2235184,0.5462312,1.0,0.0,10.0
exp7_fixed_random_1,7338,587.148,2.5574944,0.49489364,1.0,0.0,19.0
exp7_fixed_random_1,7339,570.8381,3.1155653,0.7376095,1.0,0.0,15.0
exp7_fixed_random_1,7341,-144.83365,3.9389465,0.4370119,0.0,1.0,5.0
exp7_fixed_random_1,7342,519.5685,2.9128797,0.79237974,1.0,0.0,15.0
exp7_fixed_random_1,7343,549.7809,3.231821,0.5358114,1.0,0.0,17.0
exp7_fixed_random_1,7344,500.69705,3.9507132,0.6397731,1.0,0.0,9.0
exp7_fixed_random_1,7345,545.7171,3.789055,0.8149872,1.0,0.0,11.0
exp7_fixed_random_1,7346,589.7968,2.5943296,0.6623588,1.0,0.0,24.0
exp7_fixed_random_1,7347,543.61694,2.6664212,0.6802079,1.0,0.0,26.0
exp7_fixed_random_1,7348,491.5982,2.9462028,0.50655544,1.0,0.0,10.0
exp7_fixed_random_1,7349,609.89844,2.9189453,0.56702787,1.0,0.0,28.0
exp7_fixed_random_1,7350,572.0736,4.1987715,0.42947912,1.0,0.0,10.0
exp7_fixed_random_1,7351,541.55115,2.6708317,0.62552845,1.0,0.0,18.0
exp7_fixed_random_1,7352,578.9204,3.2628636,0.38942936,1.0,0.0,21.0
exp7_fixed_random_1,7353,598.57886,3.7385378,0.7250213,1.0,0.0,17.0
exp7_fixed_random_1,7354,487.2085,2.274128,0.48189554,1.0,0.0,23.0
exp7_fixed_random_1,7355,500.02313,2.0544713,0.40122277,1.0,0.0,16.0
exp7_fixed_random_1,7356,567.8609,2.4517245,0.4393818,1.0,0.0,32.0
exp7_fixed_random_1,7357,-233.48068,3.3342123,0.485499,0.0,1.0,12.0
exp7_fixed_random_1,7358,596.0804,2.761611,0.4486153,1.0,0.0,23.0
exp7_fixed_random_1,7359,513.5316,3.4598534,0.69337887,1.0,0.0,11.0
exp7_fixed_random_1,7361,505.62585,1.8813435,0.2546753,1.0,0.0,20.0
exp7_fixed_random_1,7362,-184.08324,4.2276297,0.6672617,0.0,1.0,7.0
exp7_fixed_random_1,7363,563.417,3.4078465,0.54436255,1.0,0.0,10.0
exp7_fixed_random_1,7364,-113.02539,2.9871693,0.5280737,0.0,1.0,21.0
exp7_fixed_random_1,7365,630.3989,3.5809891,0.64431566,1.0,0.0,19.0
exp7_fixed_random_1,7366,576.1697,2.7080386,0.6848223,1.0,0.0,22.0
exp7_fixed_random_1,7367,519.164,2.438955,0.48383573,1.0,0.0,19.0
exp7_fixed_random_1,7368,527.41656,3.163835,0.4877287,1.0,0.0,10.0
exp7_fixed_random_1,7369,665.2136,2.9997964,0.68906015,1.0,0.0,21.0
exp7_fixed_random_1,7370,558.9042,3.4529433,0.6994018,1.0,0.0,15.0
exp7_fixed_random_1,7371,579.6653,2.7987857,0.4494849,1.0,0.0,21.0
exp7_fixed_random_1,7372,534.6606,3.0820997,0.85226125,1.0,0.0,15.0
exp7_fixed_random_1,7373,543.21094,3.8007982,0.49247253,1.0,0.0,11.0
exp7_fixed_random_1,7374,555.8873,2.9462986,0.7362124,1.0,0.0,23.0
exp7_fixed_random_1,7375,620.1486,2.1652277,0.3734096,1.0,0.0,41.0
exp7_fixed_random_1,7376,556.952,3.945734,0.7536246,1.0,0.0,12.0
exp7_fixed_random_1,7377,553.1597,3.1264968,0.75648725,1.0,0.0,15.0
exp7_fixed_random_1,7378,563.6929,2.1237872,0.41953894,1.0,0.0,22.0
exp7_fixed_random_1,7379,546.2554,2.7612607,0.7387545,1.0,0.0,21.0
exp7_fixed_random_1,7381,560.54865,3.4504538,0.5763451,1.0,0.0,17.0
exp7_fixed_random_1,7382,575.82996,3.5575712,0.5272976,1.0,0.0,16.0
exp7_fixed_random_1,7383,593.7447,3.2239642,0.6735685,1.0,0.0,20.0
exp7_fixed_random_1,7384,547.60736,3.574431,0.42903233,1.0,0.0,10.0
exp7_fixed_random_1,7385,543.7942,2.2130694,0.72233534,1.0,0.0,21.0
exp7_fixed_random_1,7386,532.9669,2.6133971,0.60438734,1.0,0.0,23.0
exp7_fixed_random_1,7387,541.98267,2.8857713,0.8221458,1.0,0.0,18.0
exp7_fixed_random_1,7388,567.84875,3.1750114,0.6431229,1.0,0.0,18.0
exp7_fixed_random_1,7389,495.83032,1.5927554,0.8207378,1.0,0.0,22.0
exp7_fixed_random_1,7390,487.87585,2.3584223,0.5451544,1.0,0.0,15.0
exp7_fixed_random_1,7391,520.0441,3.1870513,0.49989957,1.0,0.0,13.0
exp7_fixed_random_1,7392,606.19147,3.243409,0.53244704,1.0,0.0,22.0
exp7_fixed_random_1,7393,563.4368,3.0462012,0.6253333,1.0,0.0,19.0
exp7_fixed_random_1,7394,547.94586,2.8786685,0.6048153,1.0,0.0,20.0
exp7_fixed_random_1,7395,-248.94466,3.8867507,0.45811486,0.0,1.0,8.0
exp7_fixed_random_1,7396,584.3104,3.1979792,0.52319044,1.0,0.0,21.0
exp7_fixed_random_1,7397,535.86255,2.2869282,0.7092815,1.0,0.0,20.0
exp7_fixed_random_1,7398,582.181,3.340155,0.58115494,1.0,0.0,13.0
exp7_fixed_random_1,7399,673.4325,3.4054358,0.5461557,1.0,0.0,24.0
exp7_fixed_random_1,7401,591.5664,2.8761027,0.76804453,1.0,0.0,24.0
exp7_fixed_random_1,7402,622.66315,2.5329652,0.79099005,1.0,0.0,28.0
exp7_fixed_random_1,7403,536.1375,2.892038,0.60620683,1.0,0.0,11.0
exp7_fixed_random_1,7404,533.7945,3.1790245,0.6624728,1.0,0.0,15.0
exp7_fixed_random_1,7405,493.6478,3.4820297,0.74983984,1.0,0.0,14.0
exp7_fixed_random_1,7406,482.3045,3.1656947,0.7104976,1.0,0.0,13.0
exp7_fixed_random_1,7407,645.6733,2.6143298,0.47377056,1.0,0.0,30.0
exp7_fixed_random_1,7408,472.5476,3.3294256,0.7205874,1.0,0.0,11.0
exp7_fixed_random_1,7409,525.35944,2.4766903,0.653685,1.0,0.0,19.0
exp7_fixed_random_1,7410,610.25037,2.5961382,0.5619107,1.0,0.0,23.0
exp7_fixed_random_1,7411,566.2625,3.0941324,0.83800554,1.0,0.0,20.0
exp7_fixed_random_1,7412,-231.14278,2.869282,0.5181613,0.0,1.0,17.0
exp7_fixed_random_1,7413,524.7643,3.5757072,0.5218449,1.0,0.0,12.0
exp7_fixed_random_1,7414,529.5038,3.005429,0.506924,1.0,0.0,11.0
exp7_fixed_random_1,7415,540.2275,2.8181365,0.43910372,1.0,0.0,21.0
exp7_fixed_random_1,7416,591.11975,3.2337332,0.4393927,1.0,0.0,19.0
exp7_fixed_random_1,7417,521.8936,3.342253,0.5265611,1.0,0.0,11.0
exp7_fixed_random_1,7418,490.6725,2.32749,0.50850135,1.0,0.0,11.0
exp7_fixed_random_1,7419,561.7041,2.3426101,0.38473028,1.0,0.0,32.0
exp7_fixed_random_1,7421,507.37262,2.6011145,0.33317155,1.0,0.0,11.0
exp7_fixed_random_1,7422,-296.38693,3.0956361,0.6516778,0.0,1.0,7.0
exp7_fixed_random_1,7423,495.1118,2.7773983,0.8215646,1.0,0.0,21.0
exp7_fixed_random_1,7424,550.85864,2.7134645,0.76060826,1.0,0.0,21.0
exp7_fixed_random_1,7425,584.638,2.7866275,0.28579313,1.0,0.0,17.0
exp7_fixed_random_1,7426,-211.72293,3.8439233,0.5609305,0.0,1.0,13.0
exp7_fixed_random_1,7427,578.0432,2.560101,0.35656592,1.0,0.0,17.0
exp7_fixed_random_1,7428,572.7689,2.7616463,0.36830947,1.0,0.0,20.0
exp7_fixed_random_1,7429,638.93823,3.0265908,0.39926875,1.0,0.0,21.0
exp7_fixed_random_1,7430,542.30945,2.372683,0.41314277,1.0,0.0,28.0
exp7_fixed_random_1,7431,649.2474,2.7304513,0.4658442,1.0,0.0,30.0
exp7_fixed_random_1,7432,553.0556,2.0357344,0.5942803,1.0,0.0,26.0
exp7_fixed_random_1,7433,-283.70294,4.1494746,0.67497426,0.0,1.0,6.0
exp7_fixed_random_1,7434,524.1023,1.9642159,0.36786574,1.0,0.0,44.0
exp7_fixed_random_1,7435,535.26294,2.62233,0.78401554,1.0,0.0,18.0
exp7_fixed_random_1,7436,551.5121,3.5437586,0.5848693,1.0,0.0,12.0
exp7_fixed_random_1,7437,-52.745895,3.8444192,0.5207466,0.0,1.0,15.0
exp7_fixed_random_1,7438,549.4738,3.2853615,0.55389154,1.0,0.0,18.0
exp7_fixed_random_1,7439,585.667,3.4478612,0.5523904,1.0,0.0,16.0
exp7_fixed_random_1,7441,-225.77791,3.387449,0.40930986,0.0,1.0,11.0
exp7_fixed_random_1,7442,579.6727,2.294136,0.7595469,1.0,0.0,28.0
exp7_fixed_random_1,7443,611.01385,2.4909654,0.58101386,1.0,0.0,31.0
exp7_fixed_random_1,7444,571.07294,3.7824647,0.60163486,1.0,0.0,16.0
exp7_fixed_random_1,7445,533.9883,2.8430917,0.788673,1.0,0.0,17.0
exp7_fixed_random_1,7446,581.09314,3.6102757,0.40993112,1.0,0.0,14.0
exp7_fixed_random_1,7447,523.9872,2.203111,0.66828495,1.0,0.0,21.0
exp7_fixed_random_1,7448,574.90906,2.4122612,0.38521352,1.0,0.0,23.0
exp7_fixed_random_1,7449,494.2902,3.2689,0.6917795,1.0,0.0,7.0
exp7_fixed_random_1,7450,591.7693,2.8741179,0.52682537,1.0,0.0,24.0
exp7_fixed_random_1,7451,520.0935,3.2164972,0.56207395,1.0,0.0,11.0
exp7_fixed_random_1,7452,648.48193,2.8362126,0.5506501,1.0,0.0,29.0
exp7_fixed_random_1,7453,533.15796,3.2637177,0.6168333,1.0,0.0,14.0
exp7_fixed_random_1,7454,499.0324,1.8247852,0.32383168,1.0,0.0,30.0
exp7_fixed_random_1,7455,518.76556,1.8631011,0.36020535,1.0,0.0,23.0
exp7_fixed_random_1,7456,-214.97527,3.340718,0.47929966,0.0,1.0,11.0
exp7_fixed_random_1,7457,519.3503,3.851223,0.7043511,1.0,0.0,14.0
exp7_fixed_random_1,7458,598.0368,2.9386733,0.69235015,1.0,0.0,17.0
exp7_fixed_random_1,7459,-213.81152,3.017252,0.3959847,0.0,1.0,14.0
exp7_fixed_random_1,7461,425.93927,1.5828521,0.34463993,1.0,0.0,21.0
exp7_fixed_random_1,7462,475.89694,1.9126809,0.6914568,1.0,0.0,14.0
exp7_fixed_random_1,7463,-103.87739,3.2588503,0.25875714,0.0,1.0,8.0
exp7_fixed_random_1,7464,531.9094,2.0092535,0.37847367,1.0,0.0,22.0
exp7_fixed_random_1,7465,571.2024,2.8297024,0.5985806,1.0,0.0,22.0
exp7_fixed_random_1,7466,629.4017,2.2500932,0.6429904,1.0,0.0,30.0
exp7_fixed_random_1,7467,537.3258,2.189655,0.53859305,1.0,0.0,18.0
exp7_fixed_random_1,7468,503.06085,2.2155676,0.3860372,1.0,0.0,15.0
exp7_fixed_random_1,7469,545.1345,3.7960072,0.6908352,1.0,0.0,16.0
exp7_fixed_random_1,7470,453.8148,1.974556,0.41240355,1.0,0.0,29.0
exp7_fixed_random_1,7471,571.2468,2.1270344,0.39503822,1.0,0.0,36.0
exp7_fixed_random_1,7472,489.1347,1.8462725,0.3477971,1.0,0.0,23.0
exp7_fixed_random_1,7473,533.37,3.1157866,0.6241302,1.0,0.0,11.0
exp7_fixed_random_1,7474,444.9796,3.1433673,0.31185845,1.0,0.0,10.0
exp7_fixed_random_1,7475,639.4214,3.1586914,0.59582883,1.0,0.0,22.0
exp7_fixed_random_1,7476,570.1802,3.220584,0.53848624,1.0,0.0,15.0
exp7_fixed_random_1,7477,607.9436,2.6424685,0.44149074,1.0,0.0,27.0
exp7_fixed_random_1,7478,501.72473,1.4699721,0.4052065,1.0,0.0,21.0
exp7_fixed_random_1,7479,619.9136,3.7261956,0.59522814,1.0,0.0,15.0
exp7_fixed_random_1,7481,556.5347,2.8791616,0.5254797,1.0,0.0,14.0
exp7_fixed_random_1,7482,599.561,3.3095627,0.6207461,1.0,0.0,21.0
exp7_fixed_random_1,7483,641.04834,3.9435408,0.59452987,1.0,0.0,12.0
exp7_fixed_random_1,7484,578.34766,3.651518,0.5309371,1.0,0.0,15.0
exp7_fixed_random_1,7485,532.4752,3.1921163,0.7567353,1.0,0.0,16.0
exp7_fixed_random_1,7486,500.1811,3.4244382,0.4666837,1.0,0.0,8.0
exp7_fixed_random_1,7487,610.1546,2.6162524,0.6924288,1.0,0.0,25.0
exp7_fixed_random_1,7488,602.9778,2.8897238,0.5584978,1.0,0.0,25.0
exp7_fixed_random_1,7489,479.1717,2.5127933,0.53115547,1.0,0.0,28.0
exp7_fixed_random_1,7490,620.954,2.9716473,0.53213716,1.0,0.0,16.0
exp7_fixed_random_1,7491,595.91077,3.782816,0.5791831,1.0,0.0,16.0
exp7_fixed_random_1,7492,530.9036,1.4779406,0.31556368,1.0,0.0,61.0
exp7_fixed_random_1,7493,575.2134,3.349371,0.44535497,1.0,0.0,14.0
exp7_fixed_random_1,7494,-219.79245,3.7090373,0.7149524,0.0,1.0,15.0
exp7_fixed_random_1,7495,544.4323,3.810831,0.7717282,1.0,0.0,14.0
exp7_fixed_random_1,7496,607.8192,2.7791793,0.51094973,1.0,0.0,24.0
exp7_fixed_random_1,7497,-316.21783,4.0635424,0.7168666,0.0,1.0,4.0
exp7_fixed_random_1,7498,520.4674,3.1066911,0.52661824,1.0,0.0,15.0
exp7_fixed_random_1,7499,508.913,1.5119328,0.39147833,1.0,0.0,23.0
exp7_fixed_random_1,7501,515.48413,3.8934715,0.5310597,1.0,0.0,10.0
exp7_fixed_random_1,7502,492.09454,2.051106,0.56836987,1.0,0.0,15.0
exp7_fixed_random_1,7503,572.9177,2.7472734,0.5915383,1.0,0.0,20.0
exp7_fixed_random_1,7504,621.419,3.236743,0.52700967,1.0,0.0,18.0
exp7_fixed_random_1,7505,-44.299118,3.3318317,0.58432126,0.0,1.0,13.0
exp7_fixed_random_1,7506,625.2691,3.2514822,0.55253243,1.0,0.0,16.0
exp7_fixed_random_1,7507,494.20996,2.71062,0.76610535,1.0,0.0,17.0
exp7_fixed_random_1,7508,520.7728,3.30447,0.5501219,1.0,0.0,10.0
exp7_fixed_random_1,7509,543.56775,2.642431,0.4812294,1.0,0.0,17.0
exp7_fixed_random_1,7510,594.5086,3.5072956,0.55194914,1.0,0.0,18.0
exp7_fixed_random_1,7511,498.32056,2.4465292,0.5674118,1.0,0.0,16.0
exp7_fixed_random_1,7512,496.2389,2.8388882,0.7651981,1.0,0.0,17.0
exp7_fixed_random_1,7513,561.26135,2.1098466,0.41795456,1.0,0.0,23.0
exp7_fixed_random_1,7514,527.0713,1.8549684,0.3048118,1.0,0.0,24.0
exp7_fixed_random_1,7515,569.95276,3.2588623,0.5681317,1.0,0.0,18.0
exp7_fixed_random_1,7516,520.02783,2.2065938,0.75917524,1.0,0.0,32.0
exp7_fixed_random_1,7517,536.06714,2.169397,0.44130108,1.0,0.0,25.0
exp7_fixed_random_1,7518,614.6266,2.9629939,0.7179272,1.0,0.0,21.0
exp7_fixed_random_1,7519,522.5865,2.719875,0.54238117,1.0,0.0,17.0
exp7_fixed_random_1,7521,500.50995,2.8224723,0.64807975,1.0,0.0,9.0
exp7_fixed_random_1,7522,-324.42578,3.0252194,0.39488512,0.0,1.0,4.0
exp7_fixed_random_1,7523,-233.49684,3.3208156,0.5709692,0.0,1.0,17.0
exp7_fixed_random_1,7524,571.2955,3.5586233,0.74353975,1.0,0.0,11.0
exp7_fixed_random_1,7525,607.3613,2.855932,0.42281377,1.0,0.0,27.0
exp7_fixed_random_1,7526,667.7454,3.5540483,0.35526204,1.0,0.0,17.0
exp7_fixed_random_1,7527,638.8856,3.294301,0.63244003,1.0,0.0,22.0
exp7_fixed_random_1,7528,554.94403,2.7597826,0.51171917,1.0,0.0,19.0
exp7_fixed_random_1,7529,518.05005,2.7391703,0.47466087,1.0,0.0,14.0
exp7_fixed_random_1,7530,620.0502,2.8727255,0.6408401,1.0,0.0,23.0
exp7_fixed_random_1,7531,516.10895,1.8184311,0.5881051,1.0,0.0,33.0
exp7_fixed_random_1,7532,636.46655,2.8279362,0.46354726,1.0,0.0,25.0
exp7_fixed_random_1,7533,564.7046,1.763295,0.36162558,1.0,0.0,29.0
exp7_fixed_random_1,7534,-90.11509,2.5520763,0.51773494,0.0,1.0,16.0
exp7_fixed_random_1,7535,577.2484,2.5852377,0.41988227,1.0,0.0,21.0
exp7_fixed_random_1,7536,570.1356,2.1856952,0.43043423,1.0,0.0,28.0
exp7_fixed_random_1,7537,522.1891,3.3741517,0.5298709,1.0,0.0,8.0
exp7_fixed_random_1,7538,617.9852,4.085192,0.42237845,1.0,0.0,12.0
exp7_fixed_random_1,7539,626.7396,2.9498088,0.5305017,1.0,0.0,27.0
exp7_fixed_random_1,7541,631.2811,2.5367537,0.5103179,1.0,0.0,30.0
exp7_fixed_random_1,7542,476.9605,2.4604323,0.73417735,1.0,0.0,18.0
exp7_fixed_random_1,7543,615.8341,2.9425533,0.6446453,1.0,0.0,20.0
exp7_fixed_random_1,7544,-58.517136,3.241385,0.4976703,0.0,1.0,17.0
exp7_fixed_random_1,7545,490.83844,2.1719615,0.74041206,1.0,0.0,12.0
exp7_fixed_random_1,7546,614.22107,2.9342573,0.65405333,1.0,0.0,24.0
exp7_fixed_random_1,7547,-30.962982,2.37998,0.47242355,0.0,1.0,23.0
exp7_fixed_random_1,7548,590.42926,3.4785793,0.7232971,1.0,0.0,14.0
exp7_fixed_random_1,7549,-313.62286,3.356219,0.32312098,0.0,1.0,5.0
exp7_fixed_random_1,7550,566.18475,3.0511777,0.55898273,1.0,0.0,16.0
exp7_fixed_random_1,7551,488.90143,2.8348207,0.6280535,1.0,0.0,16.0
exp7_fixed_random_1,7552,616.1931,2.9731984,0.61734843,1.0,0.0,21.0
exp7_fixed_random_1,7553,624.99866,3.0443919,0.49310791,1.0,0.0,25.0
exp7_fixed_random_1,7554,503.8069,3.5875888,0.80172944,1.0,0.0,16.0
exp7_fixed_random_1,7555,552.05695,2.956165,0.5149614,1.0,0.0,22.0
exp7_fixed_random_1,7556,581.63184,2.9832864,0.62485576,1.0,0.0,19.0
exp7_fixed_random_1,7557,-202.17992,3.6550019,0.13351911,0.0,1.0,4.0
exp7_fixed_random_1,7558,562.4643,3.956758,0.4267279,1.0,0.0,11.0
exp7_fixed_random_1,7559,593.1862,3.1561146,0.4888463,1.0,0.0,18.0
exp7_fixed_random_1,7561,626.48975,2.2597694,0.32752118,1.0,0.0,36.0
exp7_fixed_random_1,7562,-182.6779,3.883541,0.6825421,0.0,1.0,4.0
exp7_fixed_random_1,7563,642.22327,3.5256114,0.4272905,1.0,0.0,18.0
exp7_fixed_random_1,7564,466.99567,2.1331637,0.8436581,1.0,0.0,15.0
exp7_fixed_random_1,7565,511.4751,3.1391983,0.6720984,1.0,0.0,15.0
exp7_fixed_random_1,7566,541.1752,3.0216727,0.79442996,1.0,0.0,20.0
exp7_fixed_random_1,7567,553.73425,3.6528637,0.6922803,1.0,0.0,16.0
exp7_fixed_random_1,7568,608.18243,2.8924057,0.54792935,1.0,0.0,19.0
exp7_fixed_random_1,7569,631.60425,2.6700342,0.5791424,1.0,0.0,25.0
exp7_fixed_random_1,7570,493.39227,2.9631014,0.8308506,1.0,0.0,16.0
exp7_fixed_random_1,7571,521.59564,2.5556042,0.537332,1.0,0.0,13.0
exp7_fixed_random_1,7572,563.01166,2.546753,0.56059074,1.0,0.0,28.0
exp7_fixed_random_1,7573,533.1364,2.7207432,0.7561319,1.0,0.0,18.0
exp7_fixed_random_1,7574,-81.99535,2.556257,0.4199277,0.0,1.0,16.0
exp7_fixed_random_1,7575,519.78925,1.9250717,0.45724437,1.0,0.0,23.0
exp7_fixed_random_1,7576,526.12036,1.6509082,0.3248606,1.0,0.0,49.0
exp7_fixed_random_1,7577,618.37714,2.7939205,0.6449567,1.0,0.0,23.0
exp7_fixed_random_1,7578,526.043,2.9017878,0.5340737,1.0,0.0,10.0
exp7_fixed_random_1,7579,-194.16736,3.3391483,0.69417715,0.0,1.0,5.0
exp7_fixed_random_1,7581,577.3502,3.661227,0.5349242,1.0,0.0,18.0
exp7_fixed_random_1,7582,435.8649,1.6435171,0.75107944,1.0,0.0,30.0
exp7_fixed_random_1,7583,610.3885,2.7507644,0.6704625,1.0,0.0,23.0
exp7_fixed_random_1,7584,529.9911,2.8575525,0.8266295,1.0,0.0,20.0
exp7_fixed_random_1,7585,539.4648,3.7075539,0.55081385,1.0,0.0,12.0
exp7_fixed_random_1,7586,602.0341,3.1106787,0.756628,1.0,0.0,22.0
exp7_fixed_random_1,7587,535.5816,3.2252553,0.57734114,1.0,0.0,14.0
exp7_fixed_random_1,7588,584.6172,2.1806448,0.35556906,1.0,0.0,30.0
exp7_fixed_random_1,7589,563.1909,3.348088,0.596209,1.0,0.0,18.0
exp7_fixed_random_1,7590,520.21533,2.8485684,0.3762371,1.0,0.0,14.0
exp7_fixed_random_1,7591,562.318,2.5142415,0.5703742,1.0,0.0,26.0
exp7_fixed_random_1,7592,506.47723,2.9891007,0.54326135,1.0,0.0,11.0
exp7_fixed_random_1,7593,542.70575,3.0044801,0.44831315,1.0,0.0,23.0
exp7_fixed_random_1,7594,-167.43503,2.1167536,0.4109994,0.0,1.0,30.0
exp7_fixed_random_1,7595,548.3114,3.3059168,0.60827124,1.0,0.0,13.0
exp7_fixed_random_1,7596,571.2958,2.9964786,0.6500974,1.0,0.0,16.0
exp7_fixed_random_1,7597,662.21277,2.603705,0.6790477,1.0,0.0,30.0
exp7_fixed_random_1,7598,653.6897,2.9591281,0.5001768,1.0,0.0,24.0
exp7_fixed_random_1,7599,492.2127,3.6585255,0.7404723,1.0,0.0,8.0
exp7_fixed_random_1,7601,571.6731,3.251637,0.57285494,1.0,0.0,19.0
exp7_fixed_random_1,7602,501.80603,2.4528089,0.3382733,1.0,0.0,12.0
exp7_fixed_random_1,7603,613.48236,3.0869298,0.54276747,1.0,0.0,19.0
exp7_fixed_random_1,7604,588.2948,2.8082511,0.6800844,1.0,0.0,24.0
exp7_fixed_random_1,7605,515.4136,3.5681646,0.7403166,1.0,0.0,16.0
exp7_fixed_random_1,7606,537.66016,2.7392404,0.64448047,1.0,0.0,16.0
exp7_fixed_random_1,7607,631.2851,2.366706,0.40832704,1.0,0.0,34.0
exp7_fixed_random_1,7608,553.9072,3.2481136,0.64612013,1.0,0.0,14.0
exp7_fixed_random_1,7609,612.4896,3.4138448,0.57139343,1.0,0.0,19.0
exp7_fixed_random_1,7610,470.54495,2.7484407,0.6389333,1.0,0.0,11.0
exp7_fixed_random_1,7611,632.2416,3.1295717,0.70878357,1.0,0.0,22.0
exp7_fixed_random_1,7612,577.7461,2.9055746,0.40218854,1.0,0.0,14.0
exp7_fixed_random_1,7613,651.08563,2.9340408,0.67739654,1.0,0.0,22.0
exp7_fixed_random_1,7614,535.79456,3.0611224,0.5939263,1.0,0.0,9.0
exp7_fixed_random_1,7615,657.09186,3.0307095,0.47762427,1.0,0.0,24.0
exp7_fixed_random_1,7616,580.833,3.222351,0.70515484,1.0,0.0,19.0
exp7_fixed_random_1,7617,506.9229,3.3624349,0.815436,1.0,0.0,15.0
exp7_fixed_random_1,7618,627.7063,3.2170153,0.66671306,1.0,0.0,21.0
exp7_fixed_random_1,7619,596.39514,2.6695623,0.45884112,1.0,0.0,18.0
exp7_fixed_random_1,7621,536.02167,2.026114,0.8431067,1.0,0.0,39.0
exp7_fixed_random_1,7622,576.8632,3.303661,0.42470858,1.0,0.0,14.0
exp7_fixed_random_1,7623,577.3011,3.7261312,0.65396607,1.0,0.0,16.0
exp7_fixed_random_1,7624,625.7913,3.570841,0.54291546,1.0,0.0,18.0
exp7_fixed_random_1,7625,527.7154,2.6937244,0.48160747,1.0,0.0,15.0
exp7_fixed_random_1,7626,582.2205,3.9300978,0.58966166,1.0,0.0,16.0
exp7_fixed_random_1,7627,659.32117,3.0281844,0.5316869,1.0,0.0,27.0
exp7_fixed_random_1,7628,627.80115,3.4704502,0.59653896,1.0,0.0,14.0
exp7_fixed_random_1,7629,535.80695,1.8793387,0.3593358,1.0,0.0,44.0
exp7_fixed_random_1,7630,574.4714,2.7949748,0.59892875,1.0,0.0,21.0
exp7_fixed_random_1,7631,580.2283,2.9408512,0.7612561,1.0,0.0,21.0
exp7_fixed_random_1,7632,563.8258,2.4258726,0.7737273,1.0,0.0,27.0
exp7_fixed_random_1,7633,583.32764,2.300108,0.37861523,1.0,0.0,35.0
exp7_fixed_random_1,7634,-241.29611,2.6794956,0.46336126,0.0,1.0,14.0
exp7_fixed_random_1,7635,519.1461,2.566391,0.6444398,1.0,0.0,17.0
exp7_fixed_random_1,7636,508.83926,2.6071181,0.79083383,1.0,0.0,16.0
exp7_fixed_random_1,7637,581.5265,1.6236742,0.85694283,1.0,0.0,55.0
exp7_fixed_random_1,7638,487.47375,2.1165142,0.5344691,1.0,0.0,19.0
exp7_fixed_random_1,7639,611.0013,2.850224,0.7510898,1.0,0.0,22.0
exp7_fixed_random_1,7641,590.8782,2.4887881,0.69578356,1.0,0.0,27.0
exp7_fixed_random_1,7642,518.49695,2.9951713,0.52997476,1.0,0.0,20.0
exp7_fixed_random_1,7643,-252.46278,3.4685075,0.5955404,0.0,1.0,8.0
exp7_fixed_random_1,7644,520.35876,2.9731607,0.61227334,1.0,0.0,15.0
exp7_fixed_random_1,7645,534.4721,2.8949206,0.48917186,1.0,0.0,15.0
exp7_fixed_random_1,7646,554.3767,3.396274,0.545523,1.0,0.0,13.0
exp7_fixed_random_1,7647,553.3386,2.7325284,0.663607,1.0,0.0,20.0
exp7_fixed_random_1,7648,623.6592,3.1385674,0.72766626,1.0,0.0,20.0
exp7_fixed_random_1,7649,538.5363,2.3117008,0.4498364,1.0,0.0,14.0
exp7_fixed_random_1,7650,579.983,2.8479326,0.7234221,1.0,0.0,18.0
exp7_fixed_random_1,7651,541.3778,3.0709195,0.6086803,1.0,0.0,14.0
exp7_fixed_random_1,7652,580.4202,2.3856566,0.39640546,1.0,0.0,29.0
exp7_fixed_random_1,7653,584.75146,3.0729802,0.51083034,1.0,0.0,19.0
exp7_fixed_random_1,7654,614.15845,3.09413,0.6233014,1.0,0.0,17.0
exp7_fixed_random_1,7655,544.26874,3.0720963,0.5856885,1.0,0.0,15.0
exp7_fixed_random_1,7656,517.43616,3.29848,0.6214571,1.0,0.0,15.0
exp7_fixed_random_1,7657,-227.96921,2.8792622,0.3910896,0.0,1.0,20.0
exp7_fixed_random_1,7658,445.28262,2.6591794,0.70789295,1.0,0.0,13.0
exp7_fixed_random_1,7659,559.41565,3.1495569,0.6891803,1.0,0.0,16.0
exp7_fixed_random_1,7661,509.31888,2.7207966,0.700714,1.0,0.0,16.0
exp7_fixed_random_1,7662,605.3498,2.2750793,0.41225693,1.0,0.0,36.0
exp7_fixed_random_1,7663,550.11884,2.9258153,0.52912647,1.0,0.0,18.0
exp7_fixed_random_1,7664,575.9431,2.4634507,0.3965326,1.0,0.0,23.0
exp7_fixed_random_1,7665,512.07056,3.1717174,0.69231516,1.0,0.0,13.0
exp7_fixed_random_1,7666,665.123,3.4208038,0.61067206,1.0,0.0,20.0
exp7_fixed_random_1,7667,512.7306,1.6342993,0.27842888,1.0,0.0,49.0
exp7_fixed_random_1,7668,533.68994,2.7734215,0.51715106,1.0,0.0,19.0
exp7_fixed_random_1,7669,490.36035,2.36642,0.82992756,1.0,0.0,15.0
exp7_fixed_random_1,7670,555.96716,3.1831014,0.6098136,1.0,0.0,20.0
exp7_fixed_random_1,7671,609.125,2.6404452,0.72853637,1.0,0.0,25.0
exp7_fixed_random_1,7672,-206.46463,3.5070686,0.47087687,0.0,1.0,10.0
exp7_fixed_random_1,7673,556.98285,3.2933068,0.7687686,1.0,0.0,15.0
exp7_fixed_random_1,7674,-228.57738,2.794193,0.42702106,0.0,1.0,15.0
exp7_fixed_random_1,7675,576.6315,2.3061118,0.3077451,1.0,0.0,23.0
exp7_fixed_random_1,7676,517.9118,3.6251783,0.46610484,1.0,0.0,9.0
exp7_fixed_random_1,7677,532.5227,2.8956707,0.52451974,1.0,0.0,20.0
exp7_fixed_random_1,7678,607.3789,2.3684864,0.5089205,1.0,0.0,32.0
exp7_fixed_random_1,7679,562.1498,2.011144,0.3585921,1.0,0.0,42.0
exp7_fixed_random_1,7681,519.58887,1.8403747,0.3369936,1.0,0.0,39.0
exp7_fixed_random_1,7682,-103.283066,3.4178936,0.4945846,0.0,1.0,13.0
exp7_fixed_random_1,7683,619.53357,2.3076313,0.771009,1.0,0.0,37.0
exp7_fixed_random_1,7684,561.4361,2.750677,0.46194148,1.0,0.0,19.0
exp7_fixed_random_1,7685,556.0165,2.491755,0.8160384,1.0,0.0,20.0
exp7_fixed_random_1,7686,596.5565,2.9138105,0.58288074,1.0,0.0,22.0
exp7_fixed_random_1,7687,579.0957,3.2060223,0.63088053,1.0,0.0,19.0
exp7_fixed_random_1,7688,457.44214,3.1318483,0.56180626,1.0,0.0,12.0
exp7_fixed_random_1,7689,557.51666,3.1009362,0.67056245,1.0,0.0,19.0
exp7_fixed_random_1,7690,579.2851,2.0009377,0.7359668,1.0,0.0,37.0
exp7_fixed_random_1,7691,556.49426,3.344457,0.5910624,1.0,0.0,17.0
exp7_fixed_random_1,7692,552.73334,2.2618113,0.6996403,1.0,0.0,18.0
exp7_fixed_random_1,7693,546.5598,3.22415,0.6976197,1.0,0.0,9.0
exp7_fixed_random_1,7694,552.4878,3.0893342,0.55561525,1.0,0.0,14.0
exp7_fixed_random_1,7695,601.00555,1.9698781,0.28945807,1.0,0.0,44.0
exp7_fixed_random_1,7696,545.08466,3.1963162,0.716264,1.0,0.0,16.0
exp7_fixed_random_1,7697,497.4286,1.6502029,0.8823878,1.0,0.0,48.0
exp7_fixed_random_1,7698,553.31287,3.0323405,0.58772963,1.0,0.0,18.0
exp7_fixed_random_1,7699,555.8382,2.9322598,0.725985,1.0,0.0,17.0
exp7_fixed_random_1,7701,596.4658,3.3187625,0.72753894,1.0,0.0,21.0
exp7_fixed_random_1,7702,-232.53033,3.4532082,0.4763673,0.0,1.0,14.0
exp7_fixed_random_1,7703,578.87915,3.136035,0.66122997,1.0,0.0,19.0
exp7_fixed_random_1,7704,-163.76408,2.8762844,0.4915452,0.0,1.0,20.0
exp7_fixed_random_1,7705,575.40704,3.3892043,0.55537975,1.0,0.0,16.0
exp7_fixed_random_1,7706,641.7859,2.8358464,0.40439633,1.0,0.0,21.0
exp7_fixed_random_1,7707,625.7385,2.76418,0.6355185,1.0,0.0,27.0
exp7_fixed_random_1,7708,576.35095,3.535175,0.4931649,1.0,0.0,11.0
exp7_fixed_random_1,7709,653.9869,3.0698235,0.46818307,1.0,0.0,25.0
exp7_fixed_random_1,7710,521.2912,2.8561733,0.6416761,1.0,0.0,23.0
exp7_fixed_random_1,7711,608.7982,3.958771,0.6728355,1.0,0.0,12.0
exp7_fixed_random_1,7712,615.3678,3.5454907,0.4387304,1.0,0.0,16.0
exp7_fixed_random_1,7713,600.9949,2.6964521,0.6803955,1.0,0.0,23.0
exp7_fixed_random_1,7714,-153.84094,3.961054,0.83314896,0.0,1.0,8.0
exp7_fixed_random_1,7715,506.0979,2.5217843,0.3705898,1.0,0.0,14.0
exp7_fixed_random_1,7716,-142.94124,3.5790722,0.5601017,0.0,1.0,6.0
exp7_fixed_random_1,7717,532.9526,3.9711628,0.49654332,1.0,0.0,10.0
exp7_fixed_random_1,7718,486.02216,1.845964,0.32868367,1.0,0.0,38.0
exp7_fixed_random_1,7719,614.9181,4.021882,0.65152144,1.0,0.0,13.0
exp7_fixed_random_1,7721,521.6917,2.3285146,0.46547136,1.0,0.0,20.0
exp7_fixed_random_1,7722,503.03497,4.0975647,0.354038,1.0,0.0,6.0
exp7_fixed_random_1,7723,-269.2524,3.1706629,0.61442596,0.0,1.0,16.0
exp7_fixed_random_1,7724,553.12244,3.8443298,0.6109335,1.0,0.0,12.0
exp7_fixed_random_1,7725,-210.72276,3.988766,0.49335855,0.0,1.0,13.0
exp7_fixed_random_1,7726,548.7756,2.7628121,0.5715804,1.0,0.0,21.0
exp7_fixed_random_1,7727,585.88855,3.4178708,0.48885217,1.0,0.0,17.0
exp7_fixed_random_1,7728,449.6073,2.6314614,0.570318,1.0,0.0,14.0
exp7_fixed_random_1,7729,555.99713,3.9105356,0.4873564,1.0,0.0,11.0
exp7_fixed_random_1,7730,632.18036,3.1671846,0.46983525,1.0,0.0,23.0
exp7_fixed_random_1,7731,-146.4524,4.0838003,0.71884227,0.0,1.0,8.0
exp7_fixed_random_1,7732,586.0174,2.8339067,0.6710595,1.0,0.0,21.0
exp7_fixed_random_1,7733,564.1277,2.657567,0.6224976,1.0,0.0,21.0
exp7_fixed_random_1,7734,585.00476,3.3469737,0.56495416,1.0,0.0,19.0
exp7_fixed_random_1,7735,-242.81091,2.3864045,0.39378157,0.0,1.0,15.0
exp7_fixed_random_1,7736,565.9816,3.3383195,0.5786925,1.0,0.0,13.0
exp7_fixed_random_1,7737,-110.453445,3.0100596,0.5295663,0.0,1.0,14.0
exp7_fixed_random_1,7738,497.54782,2.402601,0.34904426,1.0,0.0,16.0
exp7_fixed_random_1,7739,573.73157,3.1578166,0.66479015,1.0,0.0,18.0
exp7_fixed_random_1,7741,578.5918,2.37525,0.32192966,1.0,0.0,31.0
exp7_fixed_random_1,7742,591.8496,2.9447794,0.51270366,1.0,0.0,16.0
exp7_fixed_random_1,7743,622.80725,2.4073782,0.7629474,1.0,0.0,31.0
exp7_fixed_random_1,7744,627.0906,3.1092448,0.5702177,1.0,0.0,18.0
exp7_fixed_random_1,7745,516.88306,1.7199403,0.23465012,1.0,0.0,23.0
exp7_fixed_random_1,7746,592.98914,2.6163054,0.6822307,1.0,0.0,27.0
exp7_fixed_random_1,7747,573.4968,2.9301026,0.6902049,1.0,0.0,18.0
exp7_fixed_random_1,7748,523.79553,2.0309966,0.37673137,1.0,0.0,22.0
exp7_fixed_random_1,7749,497.5268,2.4105566,0.36503035,1.0,0.0,20.0
exp7_fixed_random_1,7750,536.77496,2.4481442,0.50281835,1.0,0.0,20.0
exp7_fixed_random_1,7751,519.23096,3.522129,0.41662148,1.0,0.0,8.0
exp7_fixed_random_1,7752,531.84546,2.3300138,0.41281343,1.0,0.0,17.0
exp7_fixed_random_1,7753,591.3188,3.3233733,0.56413084,1.0,0.0,17.0
exp7_fixed_random_1,7754,564.372,2.797495,0.64970905,1.0,0.0,17.0
exp7_fixed_random_1,7755,533.2973,3.6718369,0.60768837,1.0,0.0,12.0
exp7_fixed_random_1,7756,500.49652,2.9414186,0.52788025,1.0,0.0,9.0
exp7_fixed_random_1,7757,562.70636,3.2281547,0.6754246,1.0,0.0,20.0
exp7_fixed_random_1,7758,592.01215,2.8814867,0.68775403,1.0,0.0,21.0
exp7_fixed_random_1,7759,559.4084,3.0641537,0.56721026,1.0,0.0,14.0
exp7_fixed_random_1,7761,536.25104,3.078534,0.52344584,1.0,0.0,18.0
exp7_fixed_random_1,7762,564.114,2.4882314,0.64681107,1.0,0.0,21.0
exp7_fixed_random_1,7763,541.89594,1.9015464,0.331199,1.0,0.0,46.0
exp7_fixed_random_1,7764,540.20825,2.869851,0.56373596,1.0,0.0,16.0
exp7_fixed_random_1,7765,594.7373,2.5085363,0.40357244,1.0,0.0,21.0
exp7_fixed_random_1,7766,556.30566,3.036998,0.4141423,1.0,0.0,25.0
exp7_fixed_random_1,7767,575.42584,3.4681919,0.59465134,1.0,0.0,18.0
exp7_fixed_random_1,7768,518.75037,2.378998,0.66315836,1.0,0.0,17.0
exp7_fixed_random_1,7769,502.20804,2.191551,0.39685848,1.0,0.0,18.0
exp7_fixed_random_1,7770,534.0475,2.2495933,0.71027166,1.0,0.0,20.0
exp7_fixed_random_1,7771,549.0825,2.5355551,0.40177268,1.0,0.0,17.0
exp7_fixed_random_1,7772,602.32837,2.9697592,0.6003756,1.0,0.0,22.0
exp7_fixed_random_1,7773,598.79956,3.2153943,0.6054444,1.0,0.0,20.0
exp7_fixed_random_1,7774,-115.58205,3.8149953,0.4673576,0.0,1.0,7.0
exp7_fixed_random_1,7775,-286.72968,4.165738,0.39986902,0.0,1.0,5.0
exp7_fixed_random_1,7776,491.52942,1.8664048,0.76366204,1.0,0.0,31.0
exp7_fixed_random_1,7777,556.5262,3.6421907,0.53222364,1.0,0.0,12.0
exp7_fixed_random_1,7778,497.21606,2.8407087,0.66760415,1.0,0.0,13.0
exp7_fixed_random_1,7779,524.6255,2.8174472,0.5049537,1.0,0.0,15.0
exp7_fixed_random_1,7781,-223.39795,3.3291059,0.58714586,0.0,1.0,13.0
exp7_fixed_random_1,7782,570.74854,2.8019695,0.62197614,1.0,0.0,24.0
exp7_fixed_random_1,7783,570.68445,3.6867151,0.7114008,1.0,0.0,12.0
exp7_fixed_random_1,7784,567.7647,2.8846366,0.64678216,1.0,0.0,25.0
exp7_fixed_random_1,7785,590.91437,1.7420186,0.31739414,1.0,0.0,51.0
exp7_fixed_random_1,7786,-257.34778,2.018197,0.35419726,0.0,1.0,22.0
exp7_fixed_random_1,7787,537.1635,2.6875978,0.7545344,1.0,0.0,16.0
exp7_fixed_random_1,7788,530.71704,1.8411324,0.26209238,1.0,0.0,22.0
exp7_fixed_random_1,7789,548.9264,3.9955597,0.67944276,1.0,0.0,10.0
exp7_fixed_random_1,7790,544.91034,1.7819868,0.36975253,1.0,0.0,48.0
exp7_fixed_random_1,7791,-230.35165,3.2360182,0.6270946,0.0,1.0,13.0
exp7_fixed_random_1,7792,539.9521,3.4797733,0.6277601,1.0,0.0,19.0
exp7_fixed_random_1,7793,629.4747,2.9113197,0.6296388,1.0,0.0,21.0
exp7_fixed_random_1,7794,524.1325,2.9549038,0.63058805,1.0,0.0,10.0
exp7_fixed_random_1,7795,610.0882,2.3714921,0.46922573,1.0,0.0,18.0
exp7_fixed_random_1,7796,541.6947,2.9087553,0.4899126,1.0,0.0,12.0
exp7_fixed_random_1,7797,579.83875,3.4463296,0.6769421,1.0,0.0,15.0
exp7_fixed_random_1,7798,610.464,2.778762,0.43979388,1.0,0.0,22.0
exp7_fixed_random_1,7799,610.5712,3.497312,0.46511224,1.0,0.0,14.0
exp7_fixed_random_1,7801,629.9498,2.884754,0.5570212,1.0,0.0,24.0
exp7_fixed_random_1,7802,-186.13791,2.8873792,0.4918157,0.0,1.0,26.0
exp7_fixed_random_1,7803,544.1067,3.0538697,0.62216026,1.0,0.0,17.0
exp7_fixed_random_1,7804,496.78366,2.8549035,0.40048358,1.0,0.0,12.0
exp7_fixed_random_1,7805,654.1982,2.6766598,0.77724504,1.0,0.0,28.0
exp7_fixed_random_1,7806,519.88904,3.0480258,0.48738688,1.0,0.0,16.0
exp7_fixed_random_1,7807,536.345,2.4225595,0.40373313,1.0,0.0,27.0
exp7_fixed_random_1,7808,-257.18182,2.2715173,0.4101024,0.0,1.0,26.0
exp7_fixed_random_1,7809,599.87244,3.0812633,0.5640579,1.0,0.0,19.0
exp7_fixed_random_1,7810,640.63,3.581075,0.55944264,1.0,0.0,17.0
exp7_fixed_random_1,7811,574.4417,1.899859,0.31900802,1.0,0.0,35.0
exp7_fixed_random_1,7812,466.3686,2.7673254,0.43886313,1.0,0.0,8.0
exp7_fixed_random_1,7813,582.3316,2.4587247,0.53118813,1.0,0.0,23.0
exp7_fixed_random_1,7814,561.511,2.2167544,0.36829537,1.0,0.0,25.0
exp7_fixed_random_1,7815,546.98334,2.5756698,0.5612113,1.0,0.0,16.0
exp7_fixed_random_1,7816,629.94116,3.5507922,0.5230937,1.0,0.0,18.0
exp7_fixed_random_1,7817,616.3196,3.1014895,0.51261723,1.0,0.0,21.0
exp7_fixed_random_1,7818,643.72046,3.1868074,0.49102893,1.0,0.0,24.0
exp7_fixed_random_1,7819,562.94495,3.1806173,0.5145928,1.0,0.0,19.0
exp7_fixed_random_1,7821,632.53467,3.9705076,0.6158363,1.0,0.0,16.0
exp7_fixed_random_1,7822,540.3348,1.8986695,0.32668573,1.0,0.0,40.0
exp7_fixed_random_1,7823,518.5934,2.7488313,0.54973394,1.0,0.0,16.0
exp7_fixed_random_1,7824,627.17334,3.1333477,0.45493942,1.0,0.0,20.0
exp7_fixed_random_1,7825,537.8368,3.2276478,0.45073354,1.0,0.0,12.0
exp7_fixed_random_1,7826,616.1595,2.6120272,0.61619437,1.0,0.0,21.0
exp7_fixed_random_1,7827,581.152,2.096043,0.4252656,1.0,0.0,40.0
exp7_fixed_random_1,7828,542.13965,2.1732976,0.40972382,1.0,0.0,20.0
exp7_fixed_random_1,7829,603.7483,3.2601583,0.50497425,1.0,0.0,15.0
exp7_fixed_random_1,7830,-225.66327,3.0460477,0.39897695,0.0,1.0,10.0
exp7_fixed_random_1,7831,516.08435,3.427173,0.6423327,1.0,0.0,14.0
exp7_fixed_random_1,7832,512.359,2.3043892,0.6974847,1.0,0.0,15.0
exp7_fixed_random_1,7833,563.8567,3.7968104,0.52795416,1.0,0.0,12.0
exp7_fixed_random_1,7834,614.3712,3.2042913,0.4965999,1.0,0.0,17.0
exp7_fixed_random_1,7835,550.8299,3.1503537,0.45995033,1.0,0.0,12.0
exp7_fixed_random_1,7836,619.6788,2.9821367,0.44914153,1.0,0.0,25.0
exp7_fixed_random_1,7837,604.3695,2.3309348,0.7379286,1.0,0.0,29.0
exp7_fixed_random_1,7838,-220.45335,3.2503338,0.3727473,0.0,1.0,9.0
exp7_fixed_random_1,7839,-81.246735,4.171771,0.5141453,0.0,1.0,8.0
exp7_fixed_random_1,7841,597.8451,3.1316793,0.6954554,1.0,0.0,21.0
exp7_fixed_random_1,7842,638.6596,3.2663524,0.532969,1.0,0.0,16.0
exp7_fixed_random_1,7843,627.709,3.0904913,0.6347663,1.0,0.0,24.0
exp7_fixed_random_1,7844,598.2101,2.9879699,0.5404966,1.0,0.0,21.0
exp7_fixed_random_1,7845,526.0269,2.3967319,0.44511122,1.0,0.0,15.0
exp7_fixed_random_1,7846,-290.0552,4.1420493,0.73959833,0.0,1.0,7.0
exp7_fixed_random_1,7847,607.8957,3.079537,0.52279025,1.0,0.0,21.0
exp7_fixed_random_1,7848,572.98047,2.696395,0.7274701,1.0,0.0,21.0
exp7_fixed_random_1,7849,652.8193,3.1956146,0.653625,1.0,0.0,22.0
exp7_fixed_random_1,7850,495.1904,1.9947573,0.7351259,1.0,0.0,21.0
exp7_fixed_random_1,7851,-312.14014,3.3941035,0.5654699,0.0,1.0,5.0
exp7_fixed_random_1,7852,-196.12132,2.6833122,0.52347416,0.0,1.0,22.0
exp7_fixed_random_1,7853,605.08746,3.08793,0.72443753,1.0,0.0,20.0
exp7_fixed_random_1,7854,521.718,2.1622722,0.8719625,1.0,0.0,32.0
exp7_fixed_random_1,7855,542.3164,2.9298446,0.451725,1.0,0.0,15.0
exp7_fixed_random_1,7856,597.7048,2.997531,0.65974164,1.0,0.0,19.0
exp7_fixed_random_1,7857,557.93024,2.977578,0.7810734,1.0,0.0,23.0
exp7_fixed_random_1,7858,514.0038,2.6229172,0.5416653,1.0,0.0,16.0
exp7_fixed_random_1,7859,508.7348,1.8116559,0.37267187,1.0,0.0,22.0
exp7_fixed_random_1,7861,509.3902,2.9936059,0.6259362,1.0,0.0,21.0
exp7_fixed_random_1,7862,602.66925,2.1007571,0.82899237,1.0,0.0,45.0
exp7_fixed_random_1,7863,601.1349,2.3624828,0.7591318,1.0,0.0,36.0
exp7_fixed_random_1,7864,548.57086,3.4002652,0.5590928,1.0,0.0,14.0
exp7_fixed_random_1,7865,634.71124,3.9041357,0.6403561,1.0,0.0,18.0
exp7_fixed_random_1,7866,-120.797806,3.7268739,0.5432127,0.0,1.0,17.0
exp7_fixed_random_1,7867,-76.62555,2.3973231,0.39018014,0.0,1.0,23.0
exp7_fixed_random_1,7868,579.87573,3.752124,0.6092799,1.0,0.0,16.0
exp7_fixed_random_1,7869,495.07263,2.6955733,0.5916545,1.0,0.0,9.0
exp7_fixed_random_1,7870,532.188,2.5769079,0.4808208,1.0,0.0,19.0
exp7_fixed_random_1,7871,558.0337,3.3351426,0.52476126,1.0,0.0,22.0
exp7_fixed_random_1,7872,530.1463,2.9613478,0.58079857,1.0,0.0,12.0
exp7_fixed_random_1,7873,575.7527,3.3927238,0.71484834,1.0,0.0,19.0
exp7_fixed_random_1,7874,546.3148,1.4019173,0.95288706,1.0,0.0,69.0
exp7_fixed_random_1,7875,-88.700134,3.035969,0.43998054,0.0,1.0,22.0
exp7_fixed_random_1,7876,646.482,2.9979506,0.6283696,1.0,0.0,24.0
exp7_fixed_random_1,7877,536.0321,3.1601186,0.53332883,1.0,0.0,13.0
exp7_fixed_random_1,7878,643.2971,3.6370125,0.4952283,1.0,0.0,18.0
exp7_fixed_random_1,7879,525.0911,3.6879365,0.59203154,1.0,0.0,12.0
exp7_fixed_random_1,7881,539.04425,2.873772,0.72899956,1.0,0.0,22.0
exp7_fixed_random_1,7882,473.31714,2.7855678,0.39237258,1.0,0.0,15.0
exp7_fixed_random_1,7883,525.4429,3.0063467,0.7223876,1.0,0.0,18.0
exp7_fixed_random_1,7884,594.50195,2.9014645,0.6240934,1.0,0.0,18.0
exp7_fixed_random_1,7885,587.1088,2.138789,0.33820066,1.0,0.0,33.0
exp7_fixed_random_1,7886,547.4231,3.600433,0.5516532,1.0,0.0,12.0
exp7_fixed_random_1,7887,584.3391,3.3074198,0.65048325,1.0,0.0,17.0
exp7_fixed_random_1,7888,562.14233,3.6372705,0.7632517,1.0,0.0,17.0
exp7_fixed_random_1,7889,534.9065,2.9062045,0.44430447,1.0,0.0,22.0
exp7_fixed_random_1,7890,520.039,2.579614,0.42674124,1.0,0.0,13.0
exp7_fixed_random_1,7891,-0.74520874,3.5593145,0.5478435,0.0,1.0,21.0
exp7_fixed_random_1,7892,565.4731,2.6712978,0.58700544,1.0,0.0,18.0
exp7_fixed_random_1,7893,514.839,3.8610916,0.66385144,1.0,0.0,13.0
exp7_fixed_random_1,7894,500.9112,2.9266129,0.62617874,1.0,0.0,14.0
exp7_fixed_random_1,7895,536.00977,2.8433826,0.55906844,1.0,0.0,13.0
exp7_fixed_random_1,7896,558.56744,3.3916612,0.50798804,1.0,0.0,16.0
exp7_fixed_random_1,7897,-159.01198,3.8108637,0.8796188,0.0,1.0,4.0
exp7_fixed_random_1,7898,474.87964,2.9420743,0.5882873,1.0,0.0,13.0
exp7_fixed_random_1,7899,636.70557,2.287744,0.37144122,1.0,0.0,34.0
exp7_fixed_random_1,7901,560.92755,2.7148035,0.6416762,1.0,0.0,19.0
exp7_fixed_random_1,7902,543.3311,3.3606226,0.7299173,1.0,0.0,12.0
exp7_fixed_random_1,7903,558.8912,2.1927156,0.6830522,1.0,0.0,22.0
exp7_fixed_random_1,7904,552.1819,2.6650138,0.5740598,1.0,0.0,16.0
exp7_fixed_random_1,7905,536.7092,2.0781488,0.40277863,1.0,0.0,17.0
exp7_fixed_random_1,7906,522.75446,2.725056,0.5351196,1.0,0.0,13.0
exp7_fixed_random_1,7907,608.26404,3.6179388,0.5631073,1.0,0.0,15.0
exp7_fixed_random_1,7908,703.73126,3.2031732,0.66967046,1.0,0.0,26.0
exp7_fixed_random_1,7909,515.30774,2.7017927,0.40760177,1.0,0.0,15.0
exp7_fixed_random_1,7910,564.2886,3.3711627,0.4505166,1.0,0.0,12.0
exp7_fixed_random_1,7911,-189.25462,3.8539062,0.7596079,0.0,1.0,4.0
exp7_fixed_random_1,7912,571.8355,2.7530515,0.38757712,1.0,0.0,19.0
exp7_fixed_random_1,7913,587.9133,3.2715666,0.7247144,1.0,0.0,22.0
exp7_fixed_random_1,7914,-275.1592,2.6832306,0.57938665,0.0,1.0,17.0
exp7_fixed_random_1,7915,569.7106,3.66406,0.60946745,1.0,0.0,17.0
exp7_fixed_random_1,7916,566.20105,2.850325,0.72677386,1.0,0.0,20.0
exp7_fixed_random_1,7917,470.04095,2.6806662,0.45642424,1.0,0.0,28.0
exp7_fixed_random_1,7918,576.0874,2.6580985,0.7845653,1.0,0.0,20.0
exp7_fixed_random_1,7919,541.54895,2.7945795,0.5223359,1.0,0.0,15.0
exp7_fixed_random_1,7921,592.11456,3.3454292,0.63275975,1.0,0.0,18.0
exp7_fixed_random_1,7922,489.3056,2.7496052,0.59409237,1.0,0.0,9.0
exp7_fixed_random_1,7923,-296.6373,3.4718509,0.20751612,0.0,1.0,5.0
exp7_fixed_random_1,7924,546.8714,2.9210198,0.5132054,1.0,0.0,18.0
exp7_fixed_random_1,7925,556.5437,3.0736537,0.76421916,1.0,0.0,16.0
exp7_fixed_random_1,7926,553.4353,2.7581804,0.48764396,1.0,0.0,12.0
exp7_fixed_random_1,7927,508.1198,2.0760188,0.39035183,1.0,0.0,18.0
exp7_fixed_random_1,7928,-268.2906,2.5508223,0.51439464,0.0,1.0,11.0
exp7_fixed_random_1,7929,-217.95505,2.2321076,0.3504874,0.0,1.0,23.0
exp7_fixed_random_1,7930,670.84827,3.0172179,0.46778637,1.0,0.0,29.0
exp7_fixed_random_1,7931,623.41296,3.0326293,0.70071566,1.0,0.0,22.0
exp7_fixed_random_1,7932,-168.26009,2.9005804,0.4745923,0.0,1.0,11.0
exp7_fixed_random_1,7933,611.14136,2.9438138,0.49684915,1.0,0.0,23.0
exp7_fixed_random_1,7934,552.6374,3.2442462,0.54032856,1.0,0.0,16.0
exp7_fixed_random_1,7935,599.00757,2.9685342,0.6414676,1.0,0.0,17.0
exp7_fixed_random_1,7936,-5.365738,3.0748587,0.5559239,0.0,1.0,19.0
exp7_fixed_random_1,7937,486.386,2.471083,0.75322735,1.0,0.0,13.0
exp7_fixed_random_1,7938,576.2267,3.147251,0.556287,1.0,0.0,19.0
exp7_fixed_random_1,7939,579.48444,2.8718557,0.61543393,1.0,0.0,18.0
exp7_fixed_random_1,7941,470.7534,2.384547,0.57513076,1.0,0.0,12.0
exp7_fixed_random_1,7942,577.73334,2.9056647,0.50846547,1.0,0.0,20.0
exp7_fixed_random_1,7943,-94.75065,2.2246885,0.4537307,0.0,1.0,30.0
exp7_fixed_random_1,7944,-234.23227,3.6170824,0.36872062,0.0,1.0,11.0
exp7_fixed_random_1,7945,592.0992,3.039214,0.8055351,1.0,0.0,21.0
exp7_fixed_random_1,7946,538.5521,2.6949728,0.57297134,1.0,0.0,19.0
exp7_fixed_random_1,7947,558.9027,2.937257,0.6615919,1.0,0.0,24.0
exp7_fixed_random_1,7948,510.98828,3.9535632,0.6639748,1.0,0.0,10.0
exp7_fixed_random_1,7949,548.9351,2.4104233,0.5443985,1.0,0.0,19.0
exp7_fixed_random_1,7950,588.8163,3.2502394,0.77401346,1.0,0.0,18.0
exp7_fixed_random_1,7951,559.52496,3.3979187,0.6141005,1.0,0.0,19.0
exp7_fixed_random_1,7952,621.2699,3.440813,0.5524251,1.0,0.0,20.0
exp7_fixed_random_1,7953,578.2855,3.0697534,0.6362749,1.0,0.0,20.0
exp7_fixed_random_1,7954,571.126,2.708187,0.46414268,1.0,0.0,24.0
exp7_fixed_random_1,7955,581.16156,2.734168,0.74200326,1.0,0.0,22.0
exp7_fixed_random_1,7956,528.6332,3.4707935,0.36854714,1.0,0.0,10.0
exp7_fixed_random_1,7957,636.8089,2.8477879,0.50841504,1.0,0.0,23.0
exp7_fixed_random_1,7958,545.8287,3.1943932,0.6462764,1.0,0.0,13.0
exp7_fixed_random_1,7959,571.7878,2.7206867,0.38201207,1.0,0.0,23.0
exp7_fixed_random_1,7961,547.9355,3.9034648,0.5175162,1.0,0.0,15.0
exp7_fixed_random_1,7962,518.63544,2.6538727,0.7498555,1.0,0.0,21.0
exp7_fixed_random_1,7963,532.1158,2.4400148,0.7244055,1.0,0.0,18.0
exp7_fixed_random_1,7964,593.82416,2.6964533,0.6151959,1.0,0.0,27.0
exp7_fixed_random_1,7965,562.8227,3.635017,0.44723523,1.0,0.0,18.0
exp7_fixed_random_1,7966,470.62805,2.9920945,0.7623172,1.0,0.0,9.0
exp7_fixed_random_1,7967,489.95062,2.0949547,0.335712,1.0,0.0,22.0
exp7_fixed_random_1,7968,562.8411,3.2444339,0.45580202,1.0,0.0,13.0
exp7_fixed_random_1,7969,568.8701,1.9027638,0.29242414,1.0,0.0,31.0
exp7_fixed_random_1,7970,595.5854,2.6586437,0.6434306,1.0,0.0,23.0
exp7_fixed_random_1,7971,547.4355,2.8892481,0.43191087,1.0,0.0,15.0
exp7_fixed_random_1,7972,587.03485,2.978395,0.55342704,1.0,0.0,22.0
exp7_fixed_random_1,7973,586.22595,3.2372158,0.6339202,1.0,0.0,14.0
exp7_fixed_random_1,7974,-232.01587,3.0774376,0.53531575,0.0,1.0,22.0
exp7_fixed_random_1,7975,545.80493,3.3046858,0.6569587,1.0,0.0,18.0
exp7_fixed_random_1,7976,541.4486,2.5958314,0.77466863,1.0,0.0,21.0
exp7_fixed_random_1,7977,636.8549,3.054129,0.59558624,1.0,0.0,26.0
exp7_fixed_random_1,7978,532.52,2.8497236,0.83008194,1.0,0.0,17.0
exp7_fixed_random_1,7979,549.10016,3.134713,0.4885909,1.0,0.0,15.0
exp7_fixed_random_1,7981,557.53796,3.229272,0.5683496,1.0,0.0,18.0
exp7_fixed_random_1,7982,611.4312,2.5081968,0.3133377,1.0,0.0,31.0
exp7_fixed_random_1,7983,543.846,3.9254153,0.69535816,1.0,0.0,7.0
exp7_fixed_random_1,7984,549.952,3.1251428,0.6132336,1.0,0.0,18.0
exp7_fixed_random_1,7985,591.0248,3.0123565,0.499173,1.0,0.0,17.0
exp7_fixed_random_1,7986,555.7981,2.8854156,0.57031035,1.0,0.0,18.0
exp7_fixed_random_1,7987,510.1663,2.7419672,0.60717565,1.0,0.0,11.0
exp7_fixed_random_1,7988,534.814,3.5036068,0.68136024,1.0,0.0,8.0
exp7_fixed_random_1,7989,-116.57935,3.4805317,0.3941931,0.0,1.0,20.0
exp7_fixed_random_1,7990,-206.33572,4.716961,0.85275114,0.0,1.0,1.0
exp7_fixed_random_1,7991,547.1609,2.7393816,0.3990399,1.0,0.0,13.0
exp7_fixed_random_1,7992,573.0614,2.9518852,0.6832389,1.0,0.0,17.0
exp7_fixed_random_1,7993,530.9714,3.0186348,0.59647506,1.0,0.0,11.0
exp7_fixed_random_1,7994,523.72754,2.4989238,0.50581574,1.0,0.0,24.0
exp7_fixed_random_1,7995,600.17053,3.5332406,0.652346,1.0,0.0,17.0
exp7_fixed_random_1,7996,669.4926,2.3788981,0.3802128,1.0,0.0,32.0
exp7_fixed_random_1,7997,572.36084,2.8822675,0.7165962,1.0,0.0,17.0
exp7_fixed_random_1,7998,568.7926,2.9202647,0.6768328,1.0,0.0,20.0
exp7_fixed_random_1,7999,522.9525,2.359938,0.33379415,1.0,0.0,28.0
exp7_fixed_random_1,8001,-228.47891,3.1256757,0.57738066,0.0,1.0,14.0
exp7_fixed_random_1,8002,519.50916,3.8784184,0.65632486,1.0,0.0,8.0
exp7_fixed_random_1,8003,538.90283,2.2424052,0.70413846,1.0,0.0,19.0
exp7_fixed_random_1,8004,562.2147,2.8771164,0.44246984,1.0,0.0,27.0
exp7_fixed_random_1,8005,475.7115,2.0136747,0.30156606,1.0,0.0,18.0
exp7_fixed_random_1,8006,577.06604,2.6483727,0.65222573,1.0,0.0,18.0
exp7_fixed_random_1,8007,636.59955,3.0781431,0.68704104,1.0,0.0,22.0
exp7_fixed_random_1,8008,572.4003,3.146576,0.67608255,1.0,0.0,22.0
exp7_fixed_random_1,8009,545.10895,3.3289618,0.7035398,1.0,0.0,13.0
exp7_fixed_random_1,8010,557.52106,3.2476583,0.637854,1.0,0.0,13.0
exp7_fixed_random_1,8011,540.7293,2.8348548,0.7329191,1.0,0.0,17.0
exp7_fixed_random_1,8012,-319.38724,3.532029,0.6671395,0.0,1.0,5.0
exp7_fixed_random_1,8013,528.11194,3.1261199,0.7041693,1.0,0.0,12.0
exp7_fixed_random_1,8014,530.1914,2.7637355,0.5564622,1.0,0.0,12.0
exp7_fixed_random_1,8015,560.0443,2.989409,0.6167287,1.0,0.0,17.0
exp7_fixed_random_1,8016,468.75766,1.7471663,0.34731808,1.0,0.0,24.0
exp7_fixed_random_1,8017,547.23987,3.1132994,0.43274203,1.0,0.0,12.0
exp7_fixed_random_1,8018,560.58594,3.007087,0.5865655,1.0,0.0,16.0
exp7_fixed_random_1,8019,-309.86465,4.1341023,0.5410509,0.0,1.0,5.0
exp7_fixed_random_1,8021,517.50256,2.0981405,0.54590803,1.0,0.0,16.0
exp7_fixed_random_1,8022,512.5719,1.8460755,0.33056876,1.0,0.0,22.0
exp7_fixed_random_1,8023,626.48804,3.359909,0.61459017,1.0,0.0,19.0
exp7_fixed_random_1,8024,531.23413,3.0581343,0.62400454,1.0,0.0,18.0
exp7_fixed_random_1,8025,518.97705,3.6142185,0.6530136,1.0,0.0,8.0
exp7_fixed_random_1,8026,511.46887,2.04873,0.37058818,1.0,0.0,15.0
exp7_fixed_random_1,8027,525.921,3.1354804,0.7058427,1.0,0.0,14.0
exp7_fixed_random_1,8028,533.8302,1.9227676,0.85557044,1.0,0.0,38.0
exp7_fixed_random_1,8029,513.45044,1.9214854,0.34137115,1.0,0.0,25.0
exp7_fixed_random_1,8030,590.2888,2.5818021,0.6659508,1.0,0.0,23.0
exp7_fixed_random_1,8031,494.83987,1.9553208,0.36053774,1.0,0.0,18.0
exp7_fixed_random_1,8032,532.4055,2.3788056,0.6724484,1.0,0.0,16.0
exp7_fixed_random_1,8033,548.8517,3.2406063,0.6865682,1.0,0.0,17.0
exp7_fixed_random_1,8034,607.0495,2.7337644,0.459712,1.0,0.0,23.0
exp7_fixed_random_1,8035,607.9634,2.8556774,0.74097025,1.0,0.0,20.0
exp7_fixed_random_1,8036,557.52045,3.0948632,0.6449353,1.0,0.0,14.0
exp7_fixed_random_1,8037,540.8269,4.0792494,0.54469687,1.0,0.0,12.0
exp7_fixed_random_1,8038,493.30304,3.8011844,0.52750105,1.0,0.0,6.0
exp7_fixed_random_1,8039,597.15186,3.3659964,0.72823846,1.0,0.0,15.0
exp7_fixed_random_1,8041,574.3274,3.6904733,0.47751427,1.0,0.0,18.0
exp7_fixed_random_1,8042,514.19617,3.1087167,0.4434815,1.0,0.0,13.0
exp7_fixed_random_1,8043,542.8611,3.2815444,0.64102334,1.0,0.0,19.0
exp7_fixed_random_1,8044,567.2736,2.473943,0.6835803,1.0,0.0,20.0
exp7_fixed_random_1,8045,609.49805,3.0984483,0.7314917,1.0,0.0,22.0
exp7_fixed_random_1,8046,-242.50488,2.566757,0.38929018,0.0,1.0,15.0
exp7_fixed_random_1,8047,633.7977,2.9768448,0.6298956,1.0,0.0,20.0
exp7_fixed_random_1,8048,543.1079,2.203693,0.54868346,1.0,0.0,32.0
exp7_fixed_random_1,8049,564.70764,2.6089787,0.56948537,1.0,0.0,17.0
exp7_fixed_random_1,8050,-40.488525,3.6315455,0.48856795,0.0,1.0,13.0
exp7_fixed_random_1,8051,538.17267,1.7624307,0.30914307,1.0,0.0,27.0
exp7_fixed_random_1,8052,547.56384,3.204754,0.5559302,1.0,0.0,16.0
exp7_fixed_random_1,8053,509.84985,2.4911819,0.8033074,1.0,0.0,20.0
exp7_fixed_random_1,8054,598.9048,3.0159085,0.5730368,1.0,0.0,19.0
exp7_fixed_random_1,8055,497.32,2.1092799,0.52986753,1.0,0.0,19.0
exp7_fixed_random_1,8056,-70.590164,3.6317651,0.55476475,0.0,1.0,15.0
exp7_fixed_random_1,8057,571.8525,2.8894715,0.6897878,1.0,0.0,16.0
exp7_fixed_random_1,8058,483.21295,1.4746253,0.3208437,1.0,0.0,25.0
exp7_fixed_random_1,8059,562.99,3.5083644,0.45560372,1.0,0.0,12.0
exp7_fixed_random_1,8061,616.15533,2.9988685,0.5820102,1.0,0.0,20.0
exp7_fixed_random_1,8062,-70.56012,3.0595508,0.44865194,0.0,1.0,15.0
exp7_fixed_random_1,8063,621.8385,3.241623,0.54596317,1.0,0.0,16.0
exp7_fixed_random_1,8064,508.72855,3.5135736,0.61279416,1.0,0.0,9.0
exp7_fixed_random_1,8065,642.9353,3.1746695,0.6141358,1.0,0.0,22.0
exp7_fixed_random_1,8066,551.60443,2.9979806,0.6587089,1.0,0.0,16.0
exp7_fixed_random_1,8067,501.97314,2.8913577,0.6526122,1.0,0.0,16.0
exp7_fixed_random_1,8068,603.8341,2.8198013,0.517318,1.0,0.0,26.0
exp7_fixed_random_1,8069,616.26306,3.4112682,0.6144625,1.0,0.0,19.0
exp7_fixed_random_1,8070,600.8392,2.5619562,0.42755216,1.0,0.0,32.0
exp7_fixed_random_1,8071,484.6602,2.7764049,0.5039933,1.0,0.0,13.0
exp7_fixed_random_1,8072,576.43896,3.8542643,0.5355308,1.0,0.0,12.0
exp7_fixed_random_1,8073,663.08673,3.3680947,0.6358155,1.0,0.0,19.0
exp7_fixed_random_1,8074,552.9237,3.3147137,0.66048276,1.0,0.0,13.0
exp7_fixed_random_1,8075,550.27454,3.5015066,0.67644745,1.0,0.0,13.0
exp7_fixed_random_1,8076,544.9076,2.6378517,0.7213441,1.0,0.0,18.0
exp7_fixed_random_1,8077,625.4033,2.374979,0.42847323,1.0,0.0,34.0
exp7_fixed_random_1,8078,591.29004,2.8459268,0.55417454,1.0,0.0,16.0
exp7_fixed_random_1,8079,521.86725,2.2141886,0.42341724,1.0,0.0,16.0
exp7_fixed_random_1,8081,-261.68686,3.6451972,0.36570978,0.0,1.0,7.0
exp7_fixed_random_1,8082,-237.82007,3.8899844,0.43827805,0.0,1.0,16.0
exp7_fixed_random_1,8083,575.5073,3.2508116,0.65089005,1.0,0.0,15.0
exp7_fixed_random_1,8084,593.69305,3.2598195,0.7091825,1.0,0.0,18.0
exp7_fixed_random_1,8085,580.2032,3.712865,0.6249661,1.0,0.0,15.0
exp7_fixed_random_1,8086,538.01636,2.546643,0.43961638,1.0,0.0,30.0
exp7_fixed_random_1,8087,564.01776,3.4199035,0.4952668,1.0,0.0,16.0
exp7_fixed_random_1,8088,539.97144,2.8033645,0.60996145,1.0,0.0,15.0
exp7_fixed_random_1,8089,521.12683,2.7258584,0.63413906,1.0,0.0,14.0
exp7_fixed_random_1,8090,-160.19412,3.7557533,0.8285702,0.0,1.0,4.0
exp7_fixed_random_1,8091,580.84326,4.4704213,0.56119037,1.0,0.0,10.0
exp7_fixed_random_1,8092,546.81976,2.11238,0.27003196,1.0,0.0,22.0
exp7_fixed_random_1,8093,600.1284,3.1134677,0.6192582,1.0,0.0,20.0
exp7_fixed_random_1,8094,579.7204,3.308883,0.6296467,1.0,0.0,15.0
exp7_fixed_random_1,8095,659.2047,2.9873385,0.5667075,1.0,0.0,26.0
exp7_fixed_random_1,8096,527.03235,3.1021357,0.71278954,1.0,0.0,11.0
exp7_fixed_random_1,8097,587.0353,2.67905,0.662389,1.0,0.0,19.0
exp7_fixed_random_1,8098,578.80273,2.873025,0.7993597,1.0,0.0,22.0
exp7_fixed_random_1,8099,526.45795,3.1672049,0.5190593,1.0,0.0,13.0
exp7_fixed_random_1,8101,602.5466,2.7431881,0.7158121,1.0,0.0,20.0
exp7_fixed_random_1,8102,504.58752,2.5336494,0.80313987,1.0,0.0,17.0
exp7_fixed_random_1,8103,593.7131,2.9591038,0.67382777,1.0,0.0,21.0
exp7_fixed_random_1,8104,525.1364,2.6921902,0.42142168,1.0,0.0,10.0
exp7_fixed_random_1,8105,532.76965,2.7261295,0.45564407,1.0,0.0,27.0
exp7_fixed_random_1,8106,559.10284,3.25952,0.70563126,1.0,0.0,13.0
exp7_fixed_random_1,8107,506.5884,3.3220165,0.79013735,1.0,0.0,12.0
exp7_fixed_random_1,8108,545.9345,2.4194136,0.4763161,1.0,0.0,22.0
exp7_fixed_random_1,8109,-126.04547,1.7653208,0.4125308,0.0,1.0,21.0
exp7_fixed_random_1,8110,562.8617,3.480387,0.7338153,1.0,0.0,13.0
exp7_fixed_random_1,8111,492.6322,2.2807288,0.4490755,1.0,0.0,24.0
exp7_fixed_random_1,8112,618.94434,3.215336,0.6233865,1.0,0.0,21.0
exp7_fixed_random_1,8113,571.2784,2.9430888,0.5576872,1.0,0.0,20.0
exp7_fixed_random_1,8114,-143.25372,3.4325225,0.6790947,0.0,1.0,19.0
exp7_fixed_random_1,8115,564.80927,3.3817403,0.61880946,1.0,0.0,18.0
exp7_fixed_random_1,8116,602.8875,2.8528855,0.5113037,1.0,0.0,23.0
exp7_fixed_random_1,8117,613.7934,2.691461,0.5203936,1.0,0.0,27.0
exp7_fixed_random_1,8118,549.91187,2.976988,0.69236505,1.0,0.0,23.0
exp7_fixed_random_1,8119,506.05695,3.8869958,0.6480549,1.0,0.0,7.0
exp7_fixed_random_1,8121,514.54956,2.2634203,0.6772271,1.0,0.0,30.0
exp7_fixed_random_1,8122,497.6577,3.055559,0.64686453,1.0,0.0,12.0
exp7_fixed_random_1,8123,535.71136,2.8023303,0.49313742,1.0,0.0,16.0
exp7_fixed_random_1,8124,575.86707,3.4771147,0.6163363,1.0,0.0,15.0
exp7_fixed_random_1,8125,578.7301,1.8702902,0.35683993,1.0,0.0,43.0
exp7_fixed_random_1,8126,586.2275,2.713096,0.39377448,1.0,0.0,23.0
exp7_fixed_random_1,8127,579.7699,3.8794684,0.5635853,1.0,0.0,13.0
exp7_fixed_random_1,8128,531.94763,3.7480507,0.7445507,1.0,0.0,10.0
exp7_fixed_random_1,8129,546.65283,2.8733342,0.70215076,1.0,0.0,14.0
exp7_fixed_random_1,8130,530.9214,2.7381117,0.39739308,1.0,0.0,12.0
exp7_fixed_random_1,8131,560.0565,2.597724,0.7045775,1.0,0.0,22.0
exp7_fixed_random_1,8132,576.54895,3.0329797,0.7457671,1.0,0.0,19.0
exp7_fixed_random_1,8133,-48.6577,3.0608675,0.4198289,0.0,1.0,19.0
exp7_fixed_random_1,8134,567.31213,2.8987184,0.66269934,1.0,0.0,19.0
exp7_fixed_random_1,8135,557.8491,3.4604294,0.5290996,1.0,0.0,9.0
exp7_fixed_random_1,8136,536.9941,2.601071,0.8806508,1.0,0.0,27.0
exp7_fixed_random_1,8137,604.19684,3.0775611,0.5467162,1.0,0.0,23.0
exp7_fixed_random_1,8138,624.99243,3.1411972,0.6507231,1.0,0.0,22.0
exp7_fixed_random_1,8139,514.33966,1.7775184,0.35009766,1.0,0.0,45.0
exp7_fixed_random_1,8141,626.0087,3.158803,0.5603213,1.0,0.0,21.0
exp7_fixed_random_1,8142,556.96686,2.7251892,0.6844312,1.0,0.0,17.0
exp7_fixed_random_1,8143,-195.83826,2.7240522,0.44960433,0.0,1.0,26.0
exp7_fixed_random_1,8144,491.22443,1.9705395,0.38694072,1.0,0.0,20.0
exp7_fixed_random_1,8145,515.92865,2.846563,0.6184545,1.0,0.0,15.0
exp7_fixed_random_1,8146,529.3138,2.919673,0.78046644,1.0,0.0,22.0
exp7_fixed_random_1,8147,665.9998,4.0560875,0.5883377,1.0,0.0,15.0
exp7_fixed_random_1,8148,609.4709,4.0238667,0.43336788,1.0,0.0,13.0
exp7_fixed_random_1,8149,611.23773,2.9379897,0.4483415,1.0,0.0,25.0
exp7_fixed_random_1,8150,520.75824,2.0466173,0.38360047,1.0,0.0,25.0
exp7_fixed_random_1,8151,545.4608,2.5228183,0.4935753,1.0,0.0,24.0
exp7_fixed_random_1,8152,573.737,3.360743,0.6950413,1.0,0.0,16.0
exp7_fixed_random_1,8153,566.69684,3.00425,0.51174587,1.0,0.0,19.0
exp7_fixed_random_1,8154,566.0109,2.853866,0.7684881,1.0,0.0,20.0
exp7_fixed_random_1,8155,557.7179,2.9712389,0.46724853,1.0,0.0,15.0
exp7_fixed_random_1,8156,539.28156,2.359447,0.4033841,1.0,0.0,18.0
exp7_fixed_random_1,8157,557.1316,3.0709774,0.49676672,1.0,0.0,17.0
exp7_fixed_random_1,8158,565.45087,3.8486054,0.5202945,1.0,0.0,10.0
exp7_fixed_random_1,8159,471.50546,2.1115751,0.4143324,1.0,0.0,12.0
exp7_fixed_random_1,8161,617.97284,3.210649,0.49882624,1.0,0.0,23.0
exp7_fixed_random_1,8162,564.0582,1.9113464,0.40574494,1.0,0.0,44.0
exp7_fixed_random_1,8163,604.3134,2.7213495,0.4646548,1.0,0.0,24.0
exp7_fixed_random_1,8164,497.31793,1.4454808,0.29934722,1.0,0.0,25.0
exp7_fixed_random_1,8165,566.43365,3.903721,0.6583643,1.0,0.0,13.0
exp7_fixed_random_1,8166,580.77655,3.4798963,0.6625037,1.0,0.0,16.0
exp7_fixed_random_1,8167,520.2867,2.7003167,0.30256099,1.0,0.0,12.0
exp7_fixed_random_1,8168,646.9652,3.4210727,0.58409005,1.0,0.0,19.0
exp7_fixed_random_1,8169,502.47064,2.4146287,0.88305205,1.0,0.0,25.0
exp7_fixed_random_1,8170,527.7241,2.9418015,0.693196,1.0,0.0,17.0
exp7_fixed_random_1,8171,554.90424,3.0568874,0.65599996,1.0,0.0,19.0
exp7_fixed_random_1,8172,564.157,3.6211357,0.5665274,1.0,0.0,13.0
exp7_fixed_random_1,8173,-336.35437,4.4256945,0.49260333,0.0,1.0,4.0
exp7_fixed_random_1,8174,630.0576,2.91917,0.68114614,1.0,0.0,21.0
exp7_fixed_random_1,8175,517.4455,2.2975578,0.42617953,1.0,0.0,19.0
exp7_fixed_random_1,8176,558.2699,2.8004594,0.39940813,1.0,0.0,26.0
exp7_fixed_random_1,8177,582.0203,2.9136715,0.34779823,1.0,0.0,16.0
exp7_fixed_random_1,8178,522.7482,2.9870155,0.7748602,1.0,0.0,14.0
exp7_fixed_random_1,8179,-101.15387,2.4460275,0.42977953,0.0,1.0,24.0
exp7_fixed_random_1,8181,607.4562,2.7564573,0.56167024,1.0,0.0,27.0
exp7_fixed_random_1,8182,622.885,2.4070814,0.44627663,1.0,0.0,30.0
exp7_fixed_random_1,8183,-152.23903,3.006044,0.45755464,0.0,1.0,11.0
exp7_fixed_random_1,8184,638.8818,2.2558222,0.47766864,1.0,0.0,36.0
exp7_fixed_random_1,8185,523.5637,2.916096,0.7385053,1.0,0.0,17.0
exp7_fixed_random_1,8186,574.3672,3.335653,0.655774,1.0,0.0,17.0
exp7_fixed_random_1,8187,582.9353,3.3535106,0.4965531,1.0,0.0,17.0
exp7_fixed_random_1,8188,617.7212,2.6823325,0.5998758,1.0,0.0,25.0
exp7_fixed_random_1,8189,590.7757,2.7738223,0.4569966,1.0,0.0,23.0
exp7_fixed_random_1,8190,-10.306503,3.226319,0.61425585,0.0,1.0,25.0
exp7_fixed_random_1,8191,639.151,2.9036818,0.4475765,1.0,0.0,25.0
exp7_fixed_random_1,8192,478.807,2.3645828,0.7219844,1.0,0.0,14.0
exp7_fixed_random_1,8193,516.8188,2.120078,0.360857,1.0,0.0,22.0
exp7_fixed_random_1,8194,592.6197,3.2802882,0.69347525,1.0,0.0,21.0
exp7_fixed_random_1,8195,565.8978,2.9985054,0.70987433,1.0,0.0,25.0
exp7_fixed_random_1,8196,-153.20566,2.235989,0.40460706,0.0,1.0,20.0
exp7_fixed_random_1,8197,553.947,3.1752565,0.53710014,1.0,0.0,13.0
exp7_fixed_random_1,8198,640.0968,1.8376056,0.33801365,1.0,0.0,36.0
exp7_fixed_random_1,8199,-247.56253,2.8989995,0.49166375,0.0,1.0,11.0
exp7_fixed_random_1,8201,607.0515,2.8647559,0.6565269,1.0,0.0,18.0
exp7_fixed_random_1,8202,554.2883,3.3235068,0.5847889,1.0,0.0,11.0
exp7_fixed_random_1,8203,547.33325,2.2626407,0.43133774,1.0,0.0,20.0
exp7_fixed_random_1,8204,579.96277,3.0239325,0.52723473,1.0,0.0,23.0
exp7_fixed_random_1,8205,571.0688,3.186781,0.5678259,1.0,0.0,17.0
exp7_fixed_random_1,8206,558.4713,2.8977904,0.5174302,1.0,0.0,16.0
exp7_fixed_random_1,8207,568.4602,2.8347738,0.6078214,1.0,0.0,26.0
exp7_fixed_random_1,8208,623.3879,3.1309998,0.63920546,1.0,0.0,28.0
exp7_fixed_random_1,8209,491.4111,3.2284486,0.6286149,1.0,0.0,8.0
exp7_fixed_random_1,8210,527.935,2.770868,0.6749186,1.0,0.0,21.0
exp7_fixed_random_1,8211,491.52194,1.9758021,0.58014905,1.0,0.0,18.0
exp7_fixed_random_1,8212,579.5345,3.1894033,0.7759663,1.0,0.0,20.0
exp7_fixed_random_1,8213,552.49854,2.9249647,0.6231706,1.0,0.0,15.0
exp7_fixed_random_1,8214,636.82825,2.9025805,0.69743097,1.0,0.0,25.0
exp7_fixed_random_1,8215,-270.4803,3.1770551,0.541787,0.0,1.0,14.0
exp7_fixed_random_1,8216,586.75946,3.2081902,0.63426244,1.0,0.0,22.0
exp7_fixed_random_1,8217,-161.46828,3.2958686,0.5064837,0.0,1.0,7.0
exp7_fixed_random_1,8218,520.0559,3.1258752,0.689553,1.0,0.0,18.0
exp7_fixed_random_1,8219,541.5112,3.403627,0.76920205,1.0,0.0,15.0
exp7_fixed_random_1,8221,634.3552,2.9305441,0.61167514,1.0,0.0,21.0
exp7_fixed_random_1,8222,515.7419,2.0351021,0.51861703,1.0,0.0,17.0
exp7_fixed_random_1,8223,503.36932,3.0854611,0.42926836,1.0,0.0,14.0
exp7_fixed_random_1,8224,-20.836182,3.997384,0.59271544,0.0,1.0,11.0
exp7_fixed_random_1,8225,590.32074,3.0793166,0.65092474,1.0,0.0,22.0
exp7_fixed_random_1,8226,474.25592,1.9971874,0.79118127,1.0,0.0,20.0
exp7_fixed_random_1,8227,599.1433,4.118755,0.5248547,1.0,0.0,15.0
exp7_fixed_random_1,8228,512.6471,3.2121131,0.53198195,1.0,0.0,11.0
exp7_fixed_random_1,8229,589.83026,3.2589147,0.594281,1.0,0.0,21.0
exp7_fixed_random_1,8230,636.0398,3.5495822,0.51897633,1.0,0.0,14.0
exp7_fixed_random_1,8231,-180.94325,3.4140532,0.5395354,0.0,1.0,8.0
exp7_fixed_random_1,8232,497.66693,2.7058878,0.68954945,1.0,0.0,10.0
exp7_fixed_random_1,8233,599.10187,2.3622756,0.4025422,1.0,0.0,34.0
exp7_fixed_random_1,8234,513.2093,1.4175102,0.2643117,1.0,0.0,65.0
exp7_fixed_random_1,8235,512.26263,2.6763546,0.5205609,1.0,0.0,12.0
exp7_fixed_random_1,8236,586.6295,3.1049948,0.6005058,1.0,0.0,19.0
exp7_fixed_random_1,8237,531.38763,2.0268404,0.30859503,1.0,0.0,23.0
exp7_fixed_random_1,8238,-151.01965,3.9707806,0.6344508,0.0,1.0,8.0
exp7_fixed_random_1,8239,557.7243,3.3750558,0.51839155,1.0,0.0,23.0
exp7_fixed_random_1,8241,488.11188,2.7315397,0.5468901,1.0,0.0,11.0
exp7_fixed_random_1,8242,632.6956,3.6030884,0.68326545,1.0,0.0,18.0
exp7_fixed_random_1,8243,546.21674,3.491127,0.42197922,1.0,0.0,12.0
exp7_fixed_random_1,8244,705.4076,3.0390775,0.3755352,1.0,0.0,27.0
exp7_fixed_random_1,8245,629.0171,2.5181696,0.6195794,1.0,0.0,29.0
exp7_fixed_random_1,8246,588.9093,2.9997814,0.47737846,1.0,0.0,15.0
exp7_fixed_random_1,8247,585.3617,3.4117413,0.74475884,1.0,0.0,18.0
exp7_fixed_random_1,8248,581.64813,2.8838363,0.40611973,1.0,0.0,18.0
exp7_fixed_random_1,8249,620.4928,3.391901,0.57723534,1.0,0.0,18.0
exp7_fixed_random_1,8250,532.0831,2.9998868,0.70852375,1.0,0.0,18.0
exp7_fixed_random_1,8251,514.8678,3.2063434,0.59885365,1.0,0.0,14.0
exp7_fixed_random_1,8252,597.23395,4.2293253,0.60684,1.0,0.0,13.0
exp7_fixed_random_1,8253,-265.28107,2.8466713,0.33518338,0.0,1.0,8.0
exp7_fixed_random_1,8254,530.0583,3.614822,0.5559738,1.0,0.0,8.0
exp7_fixed_random_1,8255,537.79816,2.8183947,0.51023924,1.0,0.0,17.0
exp7_fixed_random_1,8256,501.63837,3.239627,0.69747967,1.0,0.0,12.0
exp7_fixed_random_1,8257,576.9221,2.6902049,0.5845944,1.0,0.0,16.0
exp7_fixed_random_1,8258,557.3137,2.8460152,0.5433501,1.0,0.0,19.0
exp7_fixed_random_1,8259,606.61115,3.872986,0.6831719,1.0,0.0,13.0
exp7_fixed_random_1,8261,576.53625,3.7043138,0.5333602,1.0,0.0,13.0
exp7_fixed_random_1,8262,557.35974,2.9997878,0.6483546,1.0,0.0,19.0
exp7_fixed_random_1,8263,651.96136,3.311085,0.4831458,1.0,0.0,21.0
exp7_fixed_random_1,8264,650.71326,3.155548,0.607644,1.0,0.0,22.0
exp7_fixed_random_1,8265,541.21576,4.280107,0.50183684,1.0,0.0,9.0
exp7_fixed_random_1,8266,-106.71884,2.9413526,0.29902962,0.0,1.0,10.0
exp7_fixed_random_1,8267,571.4514,2.8349357,0.40827635,1.0,0.0,23.0
exp7_fixed_random_1,8268,539.63605,3.7964356,0.50907683,1.0,0.0,12.0
exp7_fixed_random_1,8269,-261.96735,3.88202,0.60567087,0.0,1.0,8.0
exp7_fixed_random_1,8270,509.21298,2.0651748,0.42860982,1.0,0.0,26.0
exp7_fixed_random_1,8271,514.7336,2.9355545,0.33535656,1.0,0.0,10.0
exp7_fixed_random_1,8272,517.21265,2.757417,0.6212123,1.0,0.0,17.0
exp7_fixed_random_1,8273,538.3845,2.701361,0.82093126,1.0,0.0,14.0
exp7_fixed_random_1,8274,585.076,2.7049427,0.5437324,1.0,0.0,21.0
exp7_fixed_random_1,8275,639.98737,3.2845194,0.38747483,1.0,0.0,17.0
exp7_fixed_random_1,8276,557.23706,2.8729856,0.6547087,1.0,0.0,19.0
exp7_fixed_random_1,8277,638.4092,3.2988052,0.63542473,1.0,0.0,18.0
exp7_fixed_random_1,8278,545.80554,2.7632551,0.66291636,1.0,0.0,18.0
exp7_fixed_random_1,8279,603.082,3.581431,0.50052524,1.0,0.0,13.0
exp7_fixed_random_1,8281,619.1632,3.6776736,0.71593773,1.0,0.0,13.0
exp7_fixed_random_1,8282,621.1727,3.1581905,0.63104624,1.0,0.0,23.0
exp7_fixed_random_1,8283,534.3574,3.213878,0.68341625,1.0,0.0,15.0
exp7_fixed_random_1,8284,502.40054,2.2644913,0.41207615,1.0,0.0,17.0
exp7_fixed_random_1,8285,596.885,2.301617,0.43104738,1.0,0.0,33.0
exp7_fixed_random_1,8286,-38.58516,3.4382982,0.434526,0.0,1.0,13.0
exp7_fixed_random_1,8287,573.3362,2.6887984,0.47474322,1.0,0.0,17.0
exp7_fixed_random_1,8288,653.83374,2.8077476,0.63523096,1.0,0.0,28.0
exp7_fixed_random_1,8289,601.5007,2.8583395,0.5282943,1.0,0.0,27.0
exp7_fixed_random_1,8290,536.9602,2.4433577,0.49798048,1.0,0.0,16.0
exp7_fixed_random_1,8291,545.35706,3.7233303,0.5970773,1.0,0.0,10.0
exp7_fixed_random_1,8292,561.5363,1.9912412,0.85991424,1.0,0.0,31.0
exp7_fixed_random_1,8293,572.1876,4.1202736,0.49249205,1.0,0.0,12.0
exp7_fixed_random_1,8294,509.72177,2.4946535,0.37561065,1.0,0.0,13.0
exp7_fixed_random_1,8295,516.73334,2.3322842,0.37909207,1.0,0.0,15.0
exp7_fixed_random_1,8296,582.5815,2.8204856,0.66700494,1.0,0.0,23.0
exp7_fixed_random_1,8297,596.8178,3.492928,0.45195562,1.0,0.0,17.0
exp7_fixed_random_1,8298,541.62146,2.5501292,0.51996535,1.0,0.0,13.0
exp7_fixed_random_1,8299,524.87305,2.8262713,0.5546036,1.0,0.0,13.0
exp7_fixed_random_1,8301,491.5935,2.2412968,0.57268995,1.0,0.0,12.0
exp7_fixed_random_1,8302,552.38556,2.3037524,0.51930606,1.0,0.0,26.0
exp7_fixed_random_1,8303,669.8794,3.1219676,0.5178138,1.0,0.0,22.0
exp7_fixed_random_1,8304,-344.01227,4.576869,0.25016904,0.0,1.0,2.0
exp7_fixed_random_1,8305,536.8611,2.6811664,0.4559154,1.0,0.0,20.0
exp7_fixed_random_1,8306,505.31628,3.2413507,0.7282763,1.0,0.0,13.0
exp7_fixed_random_1,8307,592.68207,3.1451375,0.49612215,1.0,0.0,23.0
exp7_fixed_random_1,8308,524.8054,1.8438126,0.9203452,1.0,0.0,29.0
exp7_fixed_random_1,8309,558.45593,3.0727527,0.6733105,1.0,0.0,18.0
exp7_fixed_random_1,8310,528.2959,2.6909764,0.30696905,1.0,0.0,9.0
exp7_fixed_random_1,8311,559.1227,1.7215153,0.2565906,1.0,0.0,37.0
exp7_fixed_random_1,8312,578.27423,2.9744687,0.64500123,1.0,0.0,19.0
exp7_fixed_random_1,8313,554.69226,2.7802563,0.73924863,1.0,0.0,19.0
exp7_fixed_random_1,8314,510.80106,3.3708875,0.53147066,1.0,0.0,7.0
exp7_fixed_random_1,8315,511.07645,3.5536013,0.82088155,1.0,0.0,9.0
exp7_fixed_random_1,8316,546.4704,2.6609452,0.6889093,1.0,0.0,17.0
exp7_fixed_random_1,8317,-226.10269,3.6959152,0.39802244,0.0,1.0,6.0
exp7_fixed_random_1,8318,552.4654,2.9701185,0.5685472,1.0,0.0,11.0
exp7_fixed_random_1,8319,637.513,3.052395,0.56904626,1.0,0.0,23.0
exp7_fixed_random_1,8321,623.3459,2.4542823,0.67336524,1.0,0.0,25.0
exp7_fixed_random_1,8322,624.19617,3.5197759,0.67481005,1.0,0.0,19.0
exp7_fixed_random_1,8323,548.85583,4.2506566,0.53612506,1.0,0.0,10.0
exp7_fixed_random_1,8324,558.53613,3.1301956,0.5655791,1.0,0.0,14.0
exp7_fixed_random_1,8325,567.0509,3.5476627,0.49628234,1.0,0.0,16.0
exp7_fixed_random_1,8326,534.1959,3.0873547,0.46554992,1.0,0.0,25.0
exp7_fixed_random_1,8327,576.33356,2.7055068,0.47951907,1.0,0.0,28.0
exp7_fixed_random_1,8328,513.5094,2.5511959,0.6295688,1.0,0.0,16.0
exp7_fixed_random_1,8329,504.6356,2.9866192,0.71801525,1.0,0.0,14.0
exp7_fixed_random_1,8330,538.7693,2.584845,0.52261025,1.0,0.0,17.0
exp7_fixed_random_1,8331,598.20996,3.2497094,0.5175181,1.0,0.0,19.0
exp7_fixed_random_1,8332,521.40686,2.6993906,0.6744793,1.0,0.0,15.0
exp7_fixed_random_1,8333,510.64648,3.8490062,0.5279759,1.0,0.0,10.0
exp7_fixed_random_1,8334,533.94525,2.573016,0.78273946,1.0,0.0,19.0
exp7_fixed_random_1,8335,519.89026,2.2844698,0.7892573,1.0,0.0,22.0
exp7_fixed_random_1,8336,562.8517,3.8227072,0.6332025,1.0,0.0,15.0
exp7_fixed_random_1,8337,552.4552,2.6545198,0.6858429,1.0,0.0,22.0
exp7_fixed_random_1,8338,500.91266,2.4129286,0.46561626,1.0,0.0,29.0
exp7_fixed_random_1,8339,532.8267,1.620244,0.29624888,1.0,0.0,50.0
exp7_fixed_random_1,8341,521.3142,3.1553588,0.4071199,1.0,0.0,9.0
exp7_fixed_random_1,8342,-209.10149,3.8344085,0.5526194,0.0,1.0,15.0
exp7_fixed_random_1,8343,586.7699,3.3089314,0.7112918,1.0,0.0,16.0
exp7_fixed_random_1,8344,534.4201,2.799002,0.7123898,1.0,0.0,18.0
exp7_fixed_random_1,8345,579.8592,3.580093,0.5267511,1.0,0.0,19.0
exp7_fixed_random_1,8346,562.92346,3.9781566,0.6134777,1.0,0.0,9.0
exp7_fixed_random_1,8347,587.4317,3.0802147,0.6563311,1.0,0.0,22.0
exp7_fixed_random_1,8348,581.70013,2.9023974,0.82857215,1.0,0.0,18.0
exp7_fixed_random_1,8349,575.7124,2.827846,0.67331964,1.0,0.0,19.0
exp7_fixed_random_1,8350,604.3185,3.6389384,0.6730255,1.0,0.0,17.0
exp7_fixed_random_1,8351,564.12964,2.896629,0.508914,1.0,0.0,23.0
exp7_fixed_random_1,8352,454.88223,1.2183259,0.23378795,1.0,0.0,79.0
exp7_fixed_random_1,8353,495.49353,1.6107863,0.24879824,1.0,0.0,50.0
exp7_fixed_random_1,8354,561.437,2.29206,0.36638314,1.0,0.0,20.0
exp7_fixed_random_1,8355,598.0895,3.2419457,0.62397665,1.0,0.0,22.0
exp7_fixed_random_1,8356,590.6898,3.6912732,0.56014264,1.0,0.0,13.0
exp7_fixed_random_1,8357,476.58005,1.2019651,0.24554469,1.0,0.0,57.0
exp7_fixed_random_1,8358,585.24115,3.0841484,0.593934,1.0,0.0,17.0
exp7_fixed_random_1,8359,548.9254,2.8438582,0.49219856,1.0,0.0,17.0
exp7_fixed_random_1,8361,585.8495,3.400064,0.49910226,1.0,0.0,14.0
exp7_fixed_random_1,8362,570.1244,3.473255,0.6584161,1.0,0.0,19.0
exp7_fixed_random_1,8363,523.43207,3.1188738,0.6698763,1.0,0.0,16.0
exp7_fixed_random_1,8364,573.5393,3.70542,0.5707447,1.0,0.0,16.0
exp7_fixed_random_1,8365,594.1507,3.0180647,0.51184785,1.0,0.0,22.0
exp7_fixed_random_1,8366,562.93677,2.855122,0.4566558,1.0,0.0,17.0
exp7_fixed_random_1,8367,664.7134,2.9552934,0.6438127,1.0,0.0,23.0
exp7_fixed_random_1,8368,595.5314,3.3396952,0.5850099,1.0,0.0,19.0
exp7_fixed_random_1,8369,590.83374,3.0635757,0.7423817,1.0,0.0,22.0
exp7_fixed_random_1,8370,601.6525,4.0222316,0.7366404,1.0,0.0,12.0
exp7_fixed_random_1,8371,619.72327,2.1248808,0.34720373,1.0,0.0,39.0
exp7_fixed_random_1,8372,-257.58972,3.3366108,0.29099408,0.0,1.0,7.0
exp7_fixed_random_1,8373,569.1021,3.0369105,0.518744,1.0,0.0,21.0
exp7_fixed_random_1,8374,-177.4347,3.6854012,0.6530895,0.0,1.0,17.0
exp7_fixed_random_1,8375,-159.79938,4.110521,0.67444557,0.0,1.0,4.0
exp7_fixed_random_1,8376,-318.80627,4.3655887,0.56493336,0.0,1.0,2.0
exp7_fixed_random_1,8377,628.442,3.980044,0.5365453,1.0,0.0,13.0
exp7_fixed_random_1,8378,-118.349625,2.4789813,0.4114398,0.0,1.0,19.0
exp7_fixed_random_1,8379,-282.44104,4.3133154,0.513359,0.0,1.0,6.0
exp7_fixed_random_1,8381,604.6502,3.4993472,0.5681829,1.0,0.0,20.0
exp7_fixed_random_1,8382,587.4742,3.6658065,0.5885967,1.0,0.0,12.0
exp7_fixed_random_1,8383,604.0207,1.7332367,0.36094514,1.0,0.0,36.0
exp7_fixed_random_1,8384,596.50824,2.6984298,0.38876092,1.0,0.0,20.0
exp7_fixed_random_1,8385,581.5882,2.6699202,0.5171145,1.0,0.0,18.0
exp7_fixed_random_1,8386,640.4546,3.0114682,0.46268764,1.0,0.0,21.0
exp7_fixed_random_1,8387,571.2748,2.446226,0.42548326,1.0,0.0,26.0
exp7_fixed_random_1,8388,626.53375,3.850309,0.5488992,1.0,0.0,19.0
exp7_fixed_random_1,8389,562.9625,3.209496,0.5301518,1.0,0.0,13.0
exp7_fixed_random_1,8390,-321.39758,2.7165248,0.23917322,0.0,1.0,3.0
exp7_fixed_random_1,8391,542.72144,3.0604198,0.6243551,1.0,0.0,17.0
exp7_fixed_random_1,8392,587.8794,4.025584,0.60048443,1.0,0.0,15.0
exp7_fixed_random_1,8393,543.1146,3.2637925,0.71667916,1.0,0.0,17.0
exp7_fixed_random_1,8394,502.01578,3.248525,0.35878462,1.0,0.0,13.0
exp7_fixed_random_1,8395,-94.7772,2.2969575,0.60322493,0.0,1.0,15.0
exp7_fixed_random_1,8396,605.74164,3.1245284,0.59412336,1.0,0.0,20.0
exp7_fixed_random_1,8397,524.93774,3.9228566,0.6252954,1.0,0.0,10.0
exp7_fixed_random_1,8398,539.0371,2.8847086,0.34723875,1.0,0.0,14.0
exp7_fixed_random_1,8399,489.9327,1.414796,0.2318526,1.0,0.0,50.0
exp7_fixed_random_1,8401,566.86633,3.0644858,0.7298386,1.0,0.0,18.0
exp7_fixed_random_1,8402,534.0384,1.8176725,0.34179473,1.0,0.0,35.0
exp7_fixed_random_1,8403,514.7637,2.8220427,0.64120436,1.0,0.0,21.0
exp7_fixed_random_1,8404,530.26074,4.088282,0.41161358,1.0,0.0,9.0
exp7_fixed_random_1,8405,516.91235,2.5164378,0.7311121,1.0,0.0,18.0
exp7_fixed_random_1,8406,585.5401,3.097995,0.42154935,1.0,0.0,18.0
exp7_fixed_random_1,8407,493.62997,2.4831553,0.5927428,1.0,0.0,16.0
exp7_fixed_random_1,8408,659.4232,2.6776679,0.4138872,1.0,0.0,25.0
exp7_fixed_random_1,8409,515.6265,3.5428708,0.5397089,1.0,0.0,8.0
exp7_fixed_random_1,8410,541.2606,2.0897448,0.30233273,1.0,0.0,24.0
exp7_fixed_random_1,8411,685.7223,2.683477,0.5046371,1.0,0.0,26.0
exp7_fixed_random_1,8412,528.5333,3.1740732,0.51925784,1.0,0.0,17.0
exp7_fixed_random_1,8413,513.43756,2.4609127,0.47131264,1.0,0.0,18.0
exp7_fixed_random_1,8414,585.2634,3.5860121,0.44848818,1.0,0.0,18.0
exp7_fixed_random_1,8415,495.83264,1.2225837,0.22599836,1.0,0.0,29.0
exp7_fixed_random_1,8416,589.5262,3.5543427,0.51837766,1.0,0.0,15.0
exp7_fixed_random_1,8417,592.6284,3.168287,0.47913444,1.0,0.0,18.0
exp7_fixed_random_1,8418,547.718,2.2337048,0.8063657,1.0,0.0,24.0
exp7_fixed_random_1,8419,548.28564,1.5786833,0.3115835,1.0,0.0,57.0
exp7_fixed_random_1,8421,519.3462,2.312193,0.27993023,1.0,0.0,18.0
exp7_fixed_random_1,8422,513.0331,1.1570494,0.19568327,1.0,0.0,80.0
exp7_fixed_random_1,8423,658.9299,3.2848475,0.4678549,1.0,0.0,23.0
exp7_fixed_random_1,8424,626.3326,3.0929813,0.57402307,1.0,0.0,25.0
exp7_fixed_random_1,8425,521.79395,1.4046671,0.27115998,1.0,0.0,65.0
exp7_fixed_random_1,8426,558.6736,3.2215235,0.57832146,1.0,0.0,15.0
exp7_fixed_random_1,8427,517.0014,2.783913,0.50804466,1.0,0.0,12.0
exp7_fixed_random_1,8428,617.59045,3.1101115,0.59795386,1.0,0.0,26.0
exp7_fixed_random_1,8429,555.3134,2.87851,0.5231717,1.0,0.0,16.0
exp7_fixed_random_1,8430,533.3593,2.6052685,0.34549126,1.0,0.0,14.0
exp7_fixed_random_1,8431,590.56714,2.7923598,0.37887782,1.0,0.0,18.0
exp7_fixed_random_1,8432,580.1157,3.1916084,0.53524077,1.0,0.0,18.0
exp7_fixed_random_1,8433,599.82385,3.241032,0.6987334,1.0,0.0,22.0
exp7_fixed_random_1,8434,627.9916,2.8518553,0.40948108,1.0,0.0,26.0
exp7_fixed_random_1,8435,566.5378,2.769376,0.61720705,1.0,0.0,16.0
exp7_fixed_random_1,8436,588.67773,3.6808376,0.69278157,1.0,0.0,17.0
exp7_fixed_random_1,8437,487.78842,1.9003221,0.3250953,1.0,0.0,25.0
exp7_fixed_random_1,8438,618.74304,3.2683015,0.4794104,1.0,0.0,21.0
exp7_fixed_random_1,8439,541.6896,3.3694599,0.5445104,1.0,0.0,15.0
exp7_fixed_random_1,8441,554.99854,2.5947392,0.6682296,1.0,0.0,21.0
exp7_fixed_random_1,8442,556.1403,2.6164792,0.7013093,1.0,0.0,17.0
exp7_fixed_random_1,8443,582.045,3.327399,0.57125854,1.0,0.0,17.0
exp7_fixed_random_1,8444,608.21075,3.0284886,0.63137215,1.0,0.0,18.0
exp7_fixed_random_1,8445,532.05347,2.452995,0.6030565,1.0,0.0,15.0
exp7_fixed_random_1,8446,493.3695,2.7347705,0.5670759,1.0,0.0,12.0
exp7_fixed_random_1,8447,-123.56908,3.5861323,0.5042973,0.0,1.0,12.0
exp7_fixed_random_1,8448,514.7498,3.0483687,0.6399793,1.0,0.0,8.0
exp7_fixed_random_1,8449,652.5478,3.2884562,0.40711448,1.0,0.0,22.0
exp7_fixed_random_1,8450,580.6041,3.3095593,0.6036556,1.0,0.0,17.0
exp7_fixed_random_1,8451,570.4114,2.7202687,0.381721,1.0,0.0,15.0
exp7_fixed_random_1,8452,520.0952,3.4546092,0.46745488,1.0,0.0,11.0
exp7_fixed_random_1,8453,575.745,3.0246687,0.65579456,1.0,0.0,16.0
exp7_fixed_random_1,8454,576.2218,3.4445653,0.73615277,1.0,0.0,18.0
exp7_fixed_random_1,8455,501.24564,2.735175,0.7394797,1.0,0.0,16.0
exp7_fixed_random_1,8456,683.24536,3.544683,0.5104633,1.0,0.0,22.0
exp7_fixed_random_1,8457,534.1347,2.981858,0.6546809,1.0,0.0,15.0
exp7_fixed_random_1,8458,508.2736,3.2930171,0.80188745,1.0,0.0,16.0
exp7_fixed_random_1,8459,493.3817,2.8183217,0.62510604,1.0,0.0,16.0
exp7_fixed_random_1,8461,-142.39828,2.991436,0.454188,0.0,1.0,11.0
exp7_fixed_random_1,8462,571.87177,2.371368,0.3708911,1.0,0.0,20.0
exp7_fixed_random_1,8463,545.79956,4.336243,0.5581672,1.0,0.0,12.0
exp7_fixed_random_1,8464,522.3556,3.077791,0.62601894,1.0,0.0,16.0
exp7_fixed_random_1,8465,559.06506,3.638824,0.57394606,1.0,0.0,14.0
exp7_fixed_random_1,8466,518.3236,3.2876148,0.7883967,1.0,0.0,19.0
exp7_fixed_random_1,8467,614.4296,3.2674742,0.6140031,1.0,0.0,21.0
exp7_fixed_random_1,8468,525.49603,3.4774466,0.47041342,1.0,0.0,11.0
exp7_fixed_random_1,8469,678.91833,3.2101514,0.49142215,1.0,0.0,26.0
exp7_fixed_random_1,8470,560.87274,1.7689832,0.30445218,1.0,0.0,45.0
exp7_fixed_random_1,8471,586.23267,2.580789,0.49318257,1.0,0.0,19.0
exp7_fixed_random_1,8472,523.9982,2.2967017,0.25710395,1.0,0.0,17.0
exp7_fixed_random_1,8473,600.57874,3.3593395,0.5321375,1.0,0.0,17.0
exp7_fixed_random_1,8474,510.7151,3.3155594,0.49656677,1.0,0.0,22.0
exp7_fixed_random_1,8475,551.8976,3.2935312,0.5330801,1.0,0.0,19.0
exp7_fixed_random_1,8476,616.20685,3.9718149,0.5141935,1.0,0.0,13.0
exp7_fixed_random_1,8477,585.93274,3.1086369,0.62363833,1.0,0.0,20.0
exp7_fixed_random_1,8478,572.1067,3.4865036,0.67103547,1.0,0.0,16.0
exp7_fixed_random_1,8479,554.5736,3.2951248,0.62102395,1.0,0.0,16.0
exp7_fixed_random_1,8481,634.52905,3.2955644,0.5321781,1.0,0.0,23.0
exp7_fixed_random_1,8482,635.0911,3.7393634,0.524472,1.0,0.0,13.0
exp7_fixed_random_1,8483,618.62897,3.395578,0.72602886,1.0,0.0,21.0
exp7_fixed_random_1,8484,544.11646,2.8353162,0.50602597,1.0,0.0,16.0
exp7_fixed_random_1,8485,-206.73204,2.6936114,0.31425485,0.0,1.0,22.0
exp7_fixed_random_1,8486,-129.2204,3.5338423,0.38644788,0.0,1.0,7.0
exp7_fixed_random_1,8487,-203.43932,3.1563425,0.5450619,0.0,1.0,12.0
exp7_fixed_random_1,8488,650.32477,3.4372947,0.5289308,1.0,0.0,19.0
exp7_fixed_random_1,8489,536.0894,2.77064,0.48583376,1.0,0.0,19.0
exp7_fixed_random_1,8490,612.8644,3.133171,0.58475405,1.0,0.0,19.0
exp7_fixed_random_1,8491,578.7743,3.024398,0.54432124,1.0,0.0,15.0
exp7_fixed_random_1,8492,488.68637,2.9749436,0.7103822,1.0,0.0,13.0
exp7_fixed_random_1,8493,534.9645,2.5074315,0.55786824,1.0,0.0,18.0
exp7_fixed_random_1,8494,529.0032,2.6720161,0.57750285,1.0,0.0,12.0
exp7_fixed_random_1,8495,632.21454,2.9490788,0.6363257,1.0,0.0,23.0
exp7_fixed_random_1,8496,518.5109,2.144036,0.44598964,1.0,0.0,31.0
exp7_fixed_random_1,8497,485.93695,2.884469,0.6235538,1.0,0.0,13.0
exp7_fixed_random_1,8498,587.25757,2.9859786,0.64694,1.0,0.0,19.0
exp7_fixed_random_1,8499,450.25323,1.8315773,0.8335007,1.0,0.0,17.0
exp7_fixed_random_1,8501,-229.68349,3.5002348,0.53989345,0.0,1.0,12.0
exp7_fixed_random_1,8502,613.0294,3.1451313,0.72283995,1.0,0.0,18.0
exp7_fixed_random_1,8503,571.33856,3.23088,0.49746424,1.0,0.0,20.0
exp7_fixed_random_1,8504,582.39343,3.4980018,0.67353284,1.0,0.0,19.0
exp7_fixed_random_1,8505,585.4201,2.9357443,0.3852819,1.0,0.0,24.0
exp7_fixed_random_1,8506,553.7202,2.2340746,0.2904565,1.0,0.0,22.0
exp7_fixed_random_1,8507,589.2929,2.0055792,0.47530633,1.0,0.0,30.0
exp7_fixed_random_1,8508,642.7648,2.846339,0.38377616,1.0,0.0,22.0
exp7_fixed_random_1,8509,608.47864,2.0097296,0.3591386,1.0,0.0,38.0
exp7_fixed_random_1,8510,659.7122,2.8849387,0.7132403,1.0,0.0,23.0
exp7_fixed_random_1,8511,494.19528,1.490688,0.28910193,1.0,0.0,28.0
exp7_fixed_random_1,8512,-254.50636,2.3972495,0.52308446,0.0,1.0,23.0
exp7_fixed_random_1,8513,555.7388,2.10188,0.47455785,1.0,0.0,27.0
exp7_fixed_random_1,8514,-258.40234,3.3235714,0.504863,0.0,1.0,15.0
exp7_fixed_random_1,8515,607.08325,3.0335443,0.6143111,1.0,0.0,26.0
exp7_fixed_random_1,8516,626.263,2.7208235,0.54408884,1.0,0.0,20.0
exp7_fixed_random_1,8517,580.14215,3.2403383,0.42768496,1.0,0.0,18.0
exp7_fixed_random_1,8518,636.103,3.0372126,0.37781876,1.0,0.0,23.0
exp7_fixed_random_1,8519,628.29114,2.8740745,0.7619325,1.0,0.0,20.0
exp7_fixed_random_1,8521,581.7877,4.53373,0.4876085,1.0,0.0,10.0
exp7_fixed_random_1,8522,-226.89871,3.562074,0.6317305,0.0,1.0,13.0
exp7_fixed_random_1,8523,550.91534,3.192897,0.55807155,1.0,0.0,18.0
exp7_fixed_random_1,8524,606.1157,2.874331,0.6443891,1.0,0.0,26.0
exp7_fixed_random_1,8525,-246.01038,2.5269282,0.46123958,0.0,1.0,25.0
exp7_fixed_random_1,8526,646.161,3.3533542,0.5616566,1.0,0.0,20.0
exp7_fixed_random_1,8527,-87.29755,1.8362739,0.34321854,0.0,1.0,23.0
exp7_fixed_random_1,8528,500.49677,3.7306688,0.7799645,1.0,0.0,12.0
exp7_fixed_random_1,8529,612.5556,3.5445,0.30429155,1.0,0.0,12.0
exp7_fixed_random_1,8530,490.55255,2.9885645,0.44036204,1.0,0.0,9.0
exp7_fixed_random_1,8531,585.7948,3.709083,0.49987924,1.0,0.0,18.0
exp7_fixed_random_1,8532,496.812,3.9681342,0.6091971,1.0,0.0,7.0
exp7_fixed_random_1,8533,517.2946,2.615641,0.86670727,1.0,0.0,18.0
exp7_fixed_random_1,8534,538.3228,2.6229508,0.6902341,1.0,0.0,19.0
exp7_fixed_random_1,8535,567.2206,3.6333582,0.63336414,1.0,0.0,12.0
exp7_fixed_random_1,8536,527.7226,3.060352,0.64149517,1.0,0.0,20.0
exp7_fixed_random_1,8537,569.69556,4.1940107,0.3723608,1.0,0.0,12.0
exp7_fixed_random_1,8538,525.0939,3.0865722,0.55890167,1.0,0.0,13.0
exp7_fixed_random_1,8539,573.2315,3.2140934,0.6726729,1.0,0.0,17.0
exp7_fixed_random_1,8541,-342.1206,3.4420073,0.20546919,0.0,1.0,3.0
exp7_fixed_random_1,8542,452.7444,2.2399063,0.9159736,1.0,0.0,16.0
exp7_fixed_random_1,8543,606.7174,2.4125547,0.47597793,1.0,0.0,23.0
exp7_fixed_random_1,8544,530.2056,3.3207357,0.6304569,1.0,0.0,15.0
exp7_fixed_random_1,8545,590.4277,2.6316113,0.38068265,1.0,0.0,23.0
exp7_fixed_random_1,8546,564.2907,2.801033,0.44078034,1.0,0.0,15.0
exp7_fixed_random_1,8547,621.0192,3.246366,0.5448943,1.0,0.0,17.0
exp7_fixed_random_1,8548,596.11804,3.0033264,0.60057956,1.0,0.0,23.0
exp7_fixed_random_1,8549,638.54193,2.3476934,0.4355235,1.0,0.0,33.0
exp7_fixed_random_1,8550,563.1929,3.4309516,0.6312298,1.0,0.0,17.0
exp7_fixed_random_1,8551,540.24976,3.9884658,0.4306347,1.0,0.0,13.0
exp7_fixed_random_1,8552,600.2001,3.27275,0.4246892,1.0,0.0,23.0
exp7_fixed_random_1,8553,623.3183,3.0494843,0.5624385,1.0,0.0,23.0
exp7_fixed_random_1,8554,614.7629,3.535145,0.5532127,1.0,0.0,17.0
exp7_fixed_random_1,8555,501.19208,2.8125012,0.6082743,1.0,0.0,8.0
exp7_fixed_random_1,8556,568.6694,3.1865952,0.59494144,1.0,0.0,15.0
exp7_fixed_random_1,8557,573.2095,2.9102564,0.727838,1.0,0.0,18.0
exp7_fixed_random_1,8558,637.1992,2.3350716,0.34244257,1.0,0.0,33.0
exp7_fixed_random_1,8559,599.4922,3.0442421,0.50017476,1.0,0.0,25.0
exp7_fixed_random_1,8561,498.42883,1.8679885,0.84899026,1.0,0.0,30.0
exp7_fixed_random_1,8562,517.9745,4.0337424,0.42312863,1.0,0.0,9.0
exp7_fixed_random_1,8563,555.1141,3.1687734,0.5632058,1.0,0.0,14.0
exp7_fixed_random_1,8564,603.97833,3.223711,0.40518576,1.0,0.0,19.0
exp7_fixed_random_1,8565,577.41943,2.9762301,0.6850325,1.0,0.0,23.0
exp7_fixed_random_1,8566,574.8762,2.5162287,0.6819928,1.0,0.0,27.0
exp7_fixed_random_1,8567,570.6129,3.717834,0.6215796,1.0,0.0,13.0
exp7_fixed_random_1,8568,490.77588,2.5211463,0.17310075,1.0,0.0,12.0
exp7_fixed_random_1,8569,-79.25551,2.7025785,0.65083164,0.0,1.0,18.0
exp7_fixed_random_1,8570,-101.061455,3.9061143,0.48599005,0.0,1.0,7.0
exp7_fixed_random_1,8571,566.3002,3.4542634,0.62291723,1.0,0.0,17.0
exp7_fixed_random_1,8572,595.6029,2.9455044,0.76179284,1.0,0.0,26.0
exp7_fixed_random_1,8573,584.2932,2.4974608,0.38703015,1.0,0.0,30.0
exp7_fixed_random_1,8574,586.5945,3.0734897,0.6143702,1.0,0.0,19.0
exp7_fixed_random_1,8575,600.9192,3.6779025,0.5221687,1.0,0.0,14.0
exp7_fixed_random_1,8576,559.81714,2.5919344,0.3468972,1.0,0.0,25.0
exp7_fixed_random_1,8577,524.971,2.1091213,0.320202,1.0,0.0,22.0
exp7_fixed_random_1,8578,493.9391,2.5329986,0.49467933,1.0,0.0,15.0
exp7_fixed_random_1,8579,558.7923,3.19154,0.48472106,1.0,0.0,18.0
exp7_fixed_random_1,8581,600.29364,3.730971,0.6882055,1.0,0.0,15.0
exp7_fixed_random_1,8582,519.6736,2.8423166,0.6272131,1.0,0.0,19.0
exp7_fixed_random_1,8583,566.3575,4.3487635,0.65300906,1.0,0.0,9.0
exp7_fixed_random_1,8584,612.0751,3.7284427,0.69377244,1.0,0.0,17.0
exp7_fixed_random_1,8585,565.3082,3.3228314,0.4413858,1.0,0.0,13.0
exp7_fixed_random_1,8586,507.26614,2.8912153,0.5027083,1.0,0.0,10.0
exp7_fixed_random_1,8587,644.2472,3.1688457,0.6783354,1.0,0.0,21.0
exp7_fixed_random_1,8588,608.3315,3.8762546,0.45375007,1.0,0.0,13.0
exp7_fixed_random_1,8589,598.69806,3.1059763,0.57743984,1.0,0.0,25.0
exp7_fixed_random_1,8590,523.8863,3.1936595,0.7423394,1.0,0.0,19.0
exp7_fixed_random_1,8591,589.42737,3.2454255,0.6795496,1.0,0.0,19.0
exp7_fixed_random_1,8592,621.1872,3.6175241,0.5858698,1.0,0.0,18.0
exp7_fixed_random_1,8593,502.3698,3.100691,0.676443,1.0,0.0,10.0
exp7_fixed_random_1,8594,585.4734,2.7519915,0.78077924,1.0,0.0,31.0
exp7_fixed_random_1,8595,541.1415,2.3701522,0.43078858,1.0,0.0,27.0
exp7_fixed_random_1,8596,580.68884,2.7935228,0.46945098,1.0,0.0,22.0
exp7_fixed_random_1,8597,679.1847,2.8124077,0.4536844,1.0,0.0,31.0
exp7_fixed_random_1,8598,538.5233,2.0813482,0.7338071,1.0,0.0,33.0
exp7_fixed_random_1,8599,546.7571,3.3085654,0.6343037,1.0,0.0,17.0
exp7_fixed_random_1,8601,615.7576,3.2415206,0.5348476,1.0,0.0,23.0
exp7_fixed_random_1,8602,537.10754,2.057259,0.3568515,1.0,0.0,20.0
exp7_fixed_random_1,8603,526.20264,2.4069254,0.6135958,1.0,0.0,19.0
exp7_fixed_random_1,8604,545.8257,3.2617683,0.66156745,1.0,0.0,13.0
exp7_fixed_random_1,8605,528.26526,2.928758,0.6115812,1.0,0.0,16.0
exp7_fixed_random_1,8606,540.8506,3.4988613,0.60522866,1.0,0.0,17.0
exp7_fixed_random_1,8607,-225.73921,2.8145626,0.41319415,0.0,1.0,14.0
exp7_fixed_random_1,8608,-226.20723,3.4376776,0.3314429,0.0,1.0,11.0
exp7_fixed_random_1,8609,520.91156,2.0854406,0.32959226,1.0,0.0,13.0
exp7_fixed_random_1,8610,-138.52345,3.538561,0.4592347,0.0,1.0,15.0
exp7_fixed_random_1,8611,-66.903275,3.203401,0.4305435,0.0,1.0,19.0
exp7_fixed_random_1,8612,542.0274,3.6940596,0.5396732,1.0,0.0,14.0
exp7_fixed_random_1,8613,547.6134,3.3455138,0.58066595,1.0,0.0,16.0
exp7_fixed_random_1,8614,-152.17657,3.80585,0.4994495,0.0,1.0,12.0
exp7_fixed_random_1,8615,534.5152,3.3390296,0.47327137,1.0,0.0,12.0
exp7_fixed_random_1,8616,608.65173,3.4339821,0.50695485,1.0,0.0,16.0
exp7_fixed_random_1,8617,536.3151,3.3180988,0.52388126,1.0,0.0,16.0
exp7_fixed_random_1,8618,619.09924,2.1665547,0.3113386,1.0,0.0,26.0
exp7_fixed_random_1,8619,455.17468,2.525604,0.60108846,1.0,0.0,18.0
exp7_fixed_random_1,8621,608.8653,2.3218164,0.40947,1.0,0.0,36.0
exp7_fixed_random_1,8622,594.4371,3.3454266,0.7011849,1.0,0.0,20.0
exp7_fixed_random_1,8623,532.90906,2.476118,0.33807617,1.0,0.0,11.0
exp7_fixed_random_1,8624,539.2462,3.2473938,0.61966723,1.0,0.0,16.0
exp7_fixed_random_1,8625,538.1332,2.1985965,0.32874808,1.0,0.0,29.0
exp7_fixed_random_1,8626,473.23553,2.8047397,0.73858696,1.0,0.0,16.0
exp7_fixed_random_1,8627,540.7046,2.9224017,0.6525997,1.0,0.0,17.0
exp7_fixed_random_1,8628,497.57474,2.5456235,0.6795061,1.0,0.0,18.0
exp7_fixed_random_1,8629,541.6216,3.2672117,0.5394345,1.0,0.0,14.0
exp7_fixed_random_1,8630,538.20123,2.7993402,0.5238404,1.0,0.0,17.0
exp7_fixed_random_1,8631,528.5779,2.3947508,0.68791467,1.0,0.0,17.0
exp7_fixed_random_1,8632,-191.3697,3.6661236,0.42763677,0.0,1.0,7.0
exp7_fixed_random_1,8633,589.56836,2.561021,0.49923274,1.0,0.0,21.0
exp7_fixed_random_1,8634,579.9982,2.7315433,0.74910885,1.0,0.0,19.0
exp7_fixed_random_1,8635,-251.02008,2.724477,0.5694656,0.0,1.0,16.0
exp7_fixed_random_1,8636,520.0311,3.0703137,0.643665,1.0,0.0,13.0
exp7_fixed_random_1,8637,485.31473,1.6235393,0.92263585,1.0,0.0,55.0
exp7_fixed_random_1,8638,-69.685104,3.2581365,0.36544216,0.0,1.0,13.0
exp7_fixed_random_1,8639,474.57507,1.3100119,0.23304155,1.0,0.0,64.0
exp7_fixed_random_1,8641,586.45667,2.9247231,0.5305084,1.0,0.0,18.0
exp7_fixed_random_1,8642,511.2248,3.0645192,0.67880845,1.0,0.0,12.0
exp7_fixed_random_1,8643,605.48834,3.5951118,0.49017417,1.0,0.0,18.0
exp7_fixed_random_1,8644,489.78674,3.0996299,0.5489649,1.0,0.0,11.0
exp7_fixed_random_1,8645,554.345,2.1540055,0.29759485,1.0,0.0,19.0
exp7_fixed_random_1,8646,524.1974,2.2463858,0.4150249,1.0,0.0,24.0
exp7_fixed_random_1,8647,675.1654,3.4283848,0.556935,1.0,0.0,20.0
exp7_fixed_random_1,8648,494.49655,2.5062833,0.5836114,1.0,0.0,11.0
exp7_fixed_random_1,8649,548.52466,3.1473463,0.5447585,1.0,0.0,13.0
exp7_fixed_random_1,8650,561.55347,3.3645334,0.4666725,1.0,0.0,11.0
exp7_fixed_random_1,8651,490.7274,3.6968303,0.56953293,1.0,0.0,7.0
exp7_fixed_random_1,8652,571.22876,3.8511496,0.66636646,1.0,0.0,13.0
exp7_fixed_random_1,8653,575.498,2.8722222,0.5090283,1.0,0.0,24.0
exp7_fixed_random_1,8654,645.5672,3.0559828,0.5483715,1.0,0.0,26.0
exp7_fixed_random_1,8655,564.21265,3.1899424,0.68674123,1.0,0.0,15.0
exp7_fixed_random_1,8656,543.93427,2.2763953,0.83283526,1.0,0.0,23.0
exp7_fixed_random_1,8657,681.02527,3.1091344,0.6932424,1.0,0.0,24.0
exp7_fixed_random_1,8658,598.2459,2.9465685,0.5259234,1.0,0.0,18.0
exp7_fixed_random_1,8659,523.08234,2.0966218,0.39328265,1.0,0.0,25.0
exp7_fixed_random_1,8661,-216.9572,3.730967,0.55586755,0.0,1.0,13.0
exp7_fixed_random_1,8662,558.3025,3.3415172,0.6761879,1.0,0.0,15.0
exp7_fixed_random_1,8663,488.90173,2.908169,0.57739997,1.0,0.0,9.0
exp7_fixed_random_1,8664,570.0074,3.407796,0.52944106,1.0,0.0,19.0
exp7_fixed_random_1,8665,589.62775,3.3367066,0.5133849,1.0,0.0,22.0
exp7_fixed_random_1,8666,460.095,2.0782049,0.4656099,1.0,0.0,17.0
exp7_fixed_random_1,8667,632.75,3.1815135,0.6302859,1.0,0.0,21.0
exp7_fixed_random_1,8668,542.459,2.0547135,0.41613147,1.0,0.0,21.0
exp7_fixed_random_1,8669,600.5538,2.6362288,0.40328693,1.0,0.0,23.0
exp7_fixed_random_1,8670,574.8714,3.635668,0.5912197,1.0,0.0,14.0
exp7_fixed_random_1,8671,579.1178,2.9024832,0.6543158,1.0,0.0,16.0
exp7_fixed_random_1,8672,581.59033,3.7470882,0.5834255,1.0,0.0,14.0
exp7_fixed_random_1,8673,-255.52524,3.4327283,0.52931774,0.0,1.0,20.0
exp7_fixed_random_1,8674,506.58334,3.6589923,0.8567436,1.0,0.0,9.0
exp7_fixed_random_1,8675,649.8605,3.2162201,0.5988364,1.0,0.0,19.0
exp7_fixed_random_1,8676,465.7558,3.2680492,0.5172213,1.0,0.0,10.0
exp7_fixed_random_1,8677,549.64404,2.9430044,0.6814207,1.0,0.0,19.0
exp7_fixed_random_1,8678,454.97946,3.780782,0.36153066,1.0,0.0,9.0
exp7_fixed_random_1,8679,567.7989,3.1676114,0.6499559,1.0,0.0,19.0
exp7_fixed_random_1,8681,624.6603,3.5394113,0.590367,1.0,0.0,21.0
exp7_fixed_random_1,8682,498.119,3.7851856,0.5068377,1.0,0.0,13.0
exp7_fixed_random_1,8683,521.4178,3.205264,0.754316,1.0,0.0,11.0
exp7_fixed_random_1,8684,589.633,3.2746139,0.62380975,1.0,0.0,20.0
exp7_fixed_random_1,8685,-191.49011,3.2843394,0.53530973,0.0,1.0,17.0
exp7_fixed_random_1,8686,640.3262,2.6420593,0.76039684,1.0,0.0,29.0
exp7_fixed_random_1,8687,607.77014,2.7141318,0.7764769,1.0,0.0,25.0
exp7_fixed_random_1,8688,480.19662,1.7476747,0.3026132,1.0,0.0,40.0
exp7_fixed_random_1,8689,583.7135,1.6970617,0.2918854,1.0,0.0,49.0
exp7_fixed_random_1,8690,539.6456,3.038813,0.75388974,1.0,0.0,20.0
exp7_fixed_random_1,8691,589.90173,2.4598315,0.43747416,1.0,0.0,30.0
exp7_fixed_random_1,8692,590.59924,2.9959407,0.5604131,1.0,0.0,15.0
exp7_fixed_random_1,8693,544.5664,3.3212762,0.5183812,1.0,0.0,15.0
exp7_fixed_random_1,8694,-198.565,2.3168497,0.4033489,0.0,1.0,27.0
exp7_fixed_random_1,8695,565.88293,2.7480805,0.46430328,1.0,0.0,22.0
exp7_fixed_random_1,8696,601.33966,2.9783454,0.45073104,1.0,0.0,19.0
exp7_fixed_random_1,8697,-98.07207,3.4737408,0.59273857,0.0,1.0,12.0
exp7_fixed_random_1,8698,579.4533,3.3721755,0.46600816,1.0,0.0,14.0
exp7_fixed_random_1,8699,460.51843,1.5765108,0.89130664,1.0,0.0,41.0
exp7_fixed_random_1,8701,561.7706,3.3441567,0.5694737,1.0,0.0,13.0
exp7_fixed_random_1,8702,561.3719,2.4136033,0.43393525,1.0,0.0,25.0
exp7_fixed_random_1,8703,555.24176,2.6474047,0.50154275,1.0,0.0,16.0
exp7_fixed_random_1,8704,541.86487,2.1989,0.5582893,1.0,0.0,20.0
exp7_fixed_random_1,8705,603.25323,3.2288713,0.47649312,1.0,0.0,16.0
exp7_fixed_random_1,8706,621.6525,3.3068612,0.46432877,1.0,0.0,21.0
exp7_fixed_random_1,8707,598.48364,2.6943808,0.64377004,1.0,0.0,17.0
exp7_fixed_random_1,8708,579.6759,2.213287,0.4196341,1.0,0.0,29.0
exp7_fixed_random_1,8709,530.30945,2.7030041,0.7329238,1.0,0.0,18.0
exp7_fixed_random_1,8710,519.0665,3.9735055,0.6765854,1.0,0.0,7.0
exp7_fixed_random_1,8711,570.44446,2.9563825,0.5409676,1.0,0.0,20.0
exp7_fixed_random_1,8712,568.6937,2.3827941,0.47618067,1.0,0.0,25.0
exp7_fixed_random_1,8713,595.5863,2.8801014,0.5042755,1.0,0.0,21.0
exp7_fixed_random_1,8714,548.39154,2.7759984,0.5355919,1.0,0.0,17.0
exp7_fixed_random_1,8715,629.6027,3.1071382,0.4932136,1.0,0.0,20.0
exp7_fixed_random_1,8716,639.6357,3.9937232,0.55885416,1.0,0.0,14.0
exp7_fixed_random_1,8717,538.17566,2.7284322,0.58529454,1.0,0.0,14.0
exp7_fixed_random_1,8718,-244.03065,3.0242288,0.5423019,0.0,1.0,10.0
exp7_fixed_random_1,8719,461.27557,1.1137054,0.22671263,1.0,0.0,76.0
exp7_fixed_random_1,8721,623.9449,2.6945364,0.6206569,1.0,0.0,23.0
exp7_fixed_random_1,8722,563.0564,3.2694323,0.62197626,1.0,0.0,16.0
exp7_fixed_random_1,8723,-270.46112,2.9604406,0.4473581,0.0,1.0,13.0
exp7_fixed_random_1,8724,505.06393,2.391203,0.42973313,1.0,0.0,20.0
exp7_fixed_random_1,8725,581.7438,4.447918,0.55601615,1.0,0.0,12.0
exp7_fixed_random_1,8726,651.85925,3.2890208,0.58070844,1.0,0.0,21.0
exp7_fixed_random_1,8727,633.9516,1.986785,0.39128992,1.0,0.0,43.0
exp7_fixed_random_1,8728,-346.92596,3.7487497,0.33346945,0.0,1.0,1.0
exp7_fixed_random_1,8729,576.2741,2.7260382,0.42964676,1.0,0.0,22.0
exp7_fixed_random_1,8730,535.8141,3.0390096,0.66437894,1.0,0.0,18.0
exp7_fixed_random_1,8731,606.46466,3.0204363,0.46513104,1.0,0.0,19.0
exp7_fixed_random_1,8732,511.3522,1.1485578,0.3580948,1.0,0.0,30.0
exp7_fixed_random_1,8733,641.57214,2.8240607,0.41822284,1.0,0.0,27.0
exp7_fixed_random_1,8734,538.1821,2.7126672,0.44336504,1.0,0.0,10.0
exp7_fixed_random_1,8735,526.552,2.77174,0.81935406,1.0,0.0,18.0
exp7_fixed_random_1,8736,514.3095,3.080566,0.68975943,1.0,0.0,15.0
exp7_fixed_random_1,8737,537.05145,3.2101774,0.47275785,1.0,0.0,12.0
exp7_fixed_random_1,8738,577.74536,2.9486344,0.59245473,1.0,0.0,19.0
exp7_fixed_random_1,8739,594.23303,3.122519,0.535548,1.0,0.0,22.0
exp7_fixed_random_1,8741,621.95795,3.5480995,0.5592366,1.0,0.0,20.0
exp7_fixed_random_1,8742,502.15442,3.1993911,0.622429,1.0,0.0,9.0
exp7_fixed_random_1,8743,-213.28152,2.792913,0.60390955,0.0,1.0,13.0
exp7_fixed_random_1,8744,618.19617,3.095035,0.59765005,1.0,0.0,20.0
exp7_fixed_random_1,8745,-271.78625,1.8850168,0.3007381,0.0,1.0,18.0
exp7_fixed_random_1,8746,607.11804,3.2899456,0.39524263,1.0,0.0,20.0
exp7_fixed_random_1,8747,589.5502,3.5964296,0.43983397,1.0,0.0,17.0
exp7_fixed_random_1,8748,601.15814,2.902462,0.5608528,1.0,0.0,19.0
exp7_fixed_random_1,8749,656.4686,3.1955671,0.4890005,1.0,0.0,25.0
exp7_fixed_random_1,8750,-277.71066,3.4920104,0.68339175,0.0,1.0,15.0
exp7_fixed_random_1,8751,581.83057,3.9615474,0.5090019,1.0,0.0,10.0
exp7_fixed_random_1,8752,658.6037,3.1554272,0.48968646,1.0,0.0,24.0
exp7_fixed_random_1,8753,657.5707,3.1688821,0.657672,1.0,0.0,24.0
exp7_fixed_random_1,8754,639.98584,3.345702,0.67033243,1.0,0.0,20.0
exp7_fixed_random_1,8755,-28.182724,3.0803206,0.49323785,0.0,1.0,18.0
exp7_fixed_random_1,8756,601.3866,3.067909,0.5172791,1.0,0.0,25.0
exp7_fixed_random_1,8757,536.4466,2.4329395,0.29805318,1.0,0.0,19.0
exp7_fixed_random_1,8758,-75.468475,3.6353002,0.58668333,0.0,1.0,15.0
exp7_fixed_random_1,8759,624.38965,3.924667,0.6064784,1.0,0.0,17.0
exp7_fixed_random_1,8761,-35.68434,3.3616333,0.5683521,0.0,1.0,15.0
exp7_fixed_random_1,8762,606.90894,3.6887777,0.67865056,1.0,0.0,16.0
exp7_fixed_random_1,8763,-303.95975,3.686495,0.56591344,0.0,1.0,6.0
exp7_fixed_random_1,8764,545.0995,3.079752,0.5385695,1.0,0.0,17.0
exp7_fixed_random_1,8765,515.7388,2.4535317,0.70661414,1.0,0.0,20.0
exp7_fixed_random_1,8766,566.89,3.1113412,0.7114742,1.0,0.0,15.0
exp7_fixed_random_1,8767,-244.55429,3.1690826,0.6109004,0.0,1.0,13.0
exp7_fixed_random_1,8768,578.41736,3.293258,0.4619471,1.0,0.0,14.0
exp7_fixed_random_1,8769,472.17108,3.4224463,0.5388561,1.0,0.0,12.0
exp7_fixed_random_1,8770,550.69403,2.3222544,0.3420021,1.0,0.0,20.0
exp7_fixed_random_1,8771,-228.26782,2.8555686,0.40876153,0.0,1.0,21.0
exp7_fixed_random_1,8772,-103.68633,1.7535982,0.34396198,0.0,1.0,20.0
exp7_fixed_random_1,8773,579.1823,3.3964033,0.63553333,1.0,0.0,18.0
exp7_fixed_random_1,8774,631.5514,2.8701994,0.57858896,1.0,0.0,21.0
exp7_fixed_random_1,8775,530.11835,2.9805548,0.6860955,1.0,0.0,18.0
exp7_fixed_random_1,8776,555.9639,2.2696683,0.71549827,1.0,0.0,31.0
exp7_fixed_random_1,8777,654.48364,2.8389163,0.67083955,1.0,0.0,25.0
exp7_fixed_random_1,8778,567.146,3.1908681,0.6712434,1.0,0.0,21.0
exp7_fixed_random_1,8779,606.1647,3.2548435,0.63275516,1.0,0.0,21.0
exp7_fixed_random_1,8781,575.1683,3.0090034,0.6375739,1.0,0.0,21.0
exp7_fixed_random_1,8782,500.70557,2.8243191,0.55780786,1.0,0.0,31.0
exp7_fixed_random_1,8783,583.2403,2.5901434,0.4748898,1.0,0.0,18.0
exp7_fixed_random_1,8784,546.1318,3.2653604,0.4307923,1.0,0.0,13.0
exp7_fixed_random_1,8785,651.5958,2.5941975,0.7456926,1.0,0.0,29.0
exp7_fixed_random_1,8786,532.77936,2.4018273,0.52933836,1.0,0.0,19.0
exp7_fixed_random_1,8787,637.1093,3.5400832,0.52586955,1.0,0.0,22.0
exp7_fixed_random_1,8788,-119.8033,3.1187108,0.5300044,0.0,1.0,20.0
exp7_fixed_random_1,8789,640.9538,3.1555128,0.59848905,1.0,0.0,22.0
exp7_fixed_random_1,8790,582.32336,3.737232,0.6347999,1.0,0.0,14.0
exp7_fixed_random_1,8791,537.731,1.7149512,0.33710137,1.0,0.0,27.0
exp7_fixed_random_1,8792,604.4321,2.3145654,0.35159582,1.0,0.0,26.0
exp7_fixed_random_1,8793,588.10596,3.9187117,0.52376086,1.0,0.0,12.0
exp7_fixed_random_1,8794,544.2831,2.4058688,0.5101931,1.0,0.0,22.0
exp7_fixed_random_1,8795,468.85455,1.8014232,0.3680921,1.0,0.0,31.0
exp7_fixed_random_1,8796,604.39557,2.953553,0.7596249,1.0,0.0,22.0
exp7_fixed_random_1,8797,650.57996,3.2807257,0.52850413,1.0,0.0,24.0
exp7_fixed_random_1,8798,398.53278,1.3163707,0.2734419,1.0,0.0,61.0
exp7_fixed_random_1,8799,582.00824,3.8283496,0.739748,1.0,0.0,16.0
exp7_fixed_random_1,8801,526.47833,2.8145995,0.5858434,1.0,0.0,20.0
exp7_fixed_random_1,8802,599.62146,3.127558,0.6209645,1.0,0.0,20.0
exp7_fixed_random_1,8803,655.0238,3.5145235,0.5986468,1.0,0.0,21.0
exp7_fixed_random_1,8804,697.7594,3.5825424,0.51131344,1.0,0.0,20.0
exp7_fixed_random_1,8805,-121.359566,3.4320827,0.41385508,0.0,1.0,9.0
exp7_fixed_random_1,8806,501.55362,2.7915344,0.57492465,1.0,0.0,20.0
exp7_fixed_random_1,8807,577.06104,3.0501423,0.47857225,1.0,0.0,19.0
exp7_fixed_random_1,8808,593.8428,3.0203245,0.6119399,1.0,0.0,18.0
exp7_fixed_random_1,8809,533.49756,1.7483927,0.29482722,1.0,0.0,21.0
exp7_fixed_random_1,8810,600.41736,3.1104028,0.5125375,1.0,0.0,25.0
exp7_fixed_random_1,8811,527.00854,2.358198,0.3933744,1.0,0.0,18.0
exp7_fixed_random_1,8812,616.9783,2.6793573,0.42120665,1.0,0.0,29.0
exp7_fixed_random_1,8813,548.7017,3.7883337,0.5416836,1.0,0.0,12.0
exp7_fixed_random_1,8814,588.4398,3.3722022,0.63214636,1.0,0.0,17.0
exp7_fixed_random_1,8815,641.6404,3.641654,0.51082474,1.0,0.0,18.0
exp7_fixed_random_1,8816,475.27063,2.477332,0.45326102,1.0,0.0,16.0
exp7_fixed_random_1,8817,560.40735,3.0490386,0.47041252,1.0,0.0,17.0
exp7_fixed_random_1,8818,581.89417,3.8235514,0.5233632,1.0,0.0,14.0
exp7_fixed_random_1,8819,542.2219,3.9619985,0.6572596,1.0,0.0,10.0
exp7_fixed_random_1,8821,536.1498,2.1465964,0.39817184,1.0,0.0,27.0
exp7_fixed_random_1,8822,630.1037,3.2998939,0.58615553,1.0,0.0,20.0
exp7_fixed_random_1,8823,-285.2237,4.7323837,0.51483876,0.0,1.0,4.0
exp7_fixed_random_1,8824,-218.63922,4.219581,0.4435732,0.0,1.0,11.0
exp7_fixed_random_1,8825,595.7478,3.4728057,0.60655546,1.0,0.0,19.0
exp7_fixed_random_1,8826,567.75806,3.142077,0.6064644,1.0,0.0,18.0
exp7_fixed_random_1,8827,530.33984,3.1489828,0.54287267,1.0,0.0,13.0
exp7_fixed_random_1,8828,587.1321,2.857193,0.5395138,1.0,0.0,16.0
exp7_fixed_random_1,8829,516.3432,2.665012,0.5598223,1.0,0.0,18.0
exp7_fixed_random_1,8830,601.7129,2.8204408,0.52983487,1.0,0.0,21.0
exp7_fixed_random_1,8831,604.4652,2.5339832,0.37496132,1.0,0.0,29.0
exp7_fixed_random_1,8832,589.17883,3.2688673,0.40307823,1.0,0.0,12.0
exp7_fixed_random_1,8833,535.27637,3.690526,0.5800501,1.0,0.0,12.0
exp7_fixed_random_1,8834,584.2754,3.2373722,0.48915863,1.0,0.0,19.0
exp7_fixed_random_1,8835,527.5017,2.7754,0.45504496,1.0,0.0,15.0
exp7_fixed_random_1,8836,602.8157,4.262763,0.45342472,1.0,0.0,12.0
exp7_fixed_random_1,8837,573.963,3.0667195,0.7318448,1.0,0.0,18.0
exp7_fixed_random_1,8838,552.4764,3.2759368,0.52691346,1.0,0.0,19.0
exp7_fixed_random_1,8839,662.7291,3.4648027,0.5891861,1.0,0.0,19.0
exp7_fixed_random_1,8841,548.5687,3.455426,0.738822,1.0,0.0,15.0
exp7_fixed_random_1,8842,605.8252,3.3520725,0.5996834,1.0,0.0,21.0
exp7_fixed_random_1,8843,521.5846,3.0554445,0.49013236,1.0,0.0,14.0
exp7_fixed_random_1,8844,575.6603,3.3579972,0.48159957,1.0,0.0,20.0
exp7_fixed_random_1,8845,620.7905,3.9342816,0.6607664,1.0,0.0,15.0
exp7_fixed_random_1,8846,533.12683,3.421133,0.67802554,1.0,0.0,14.0
exp7_fixed_random_1,8847,590.7389,3.9398756,0.48612788,1.0,0.0,12.0
exp7_fixed_random_1,8848,577.3615,2.81843,0.46840125,1.0,0.0,19.0
exp7_fixed_random_1,8849,530.2996,3.0785573,0.4751761,1.0,0.0,12.0
exp7_fixed_random_1,8850,559.8948,3.0430446,0.47550675,1.0,0.0,16.0
exp7_fixed_random_1,8851,-123.79706,3.1031914,0.37802926,0.0,1.0,12.0
exp7_fixed_random_1,8852,596.1609,2.7971847,0.3174663,1.0,0.0,16.0
exp7_fixed_random_1,8853,532.3852,2.1232548,0.41952923,1.0,0.0,25.0
exp7_fixed_random_1,8854,-43.306244,2.7077832,0.4933575,0.0,1.0,18.0
exp7_fixed_random_1,8855,616.0548,3.2243567,0.691606,1.0,0.0,22.0
exp7_fixed_random_1,8856,586.49347,3.5170832,0.44017327,1.0,0.0,12.0
exp7_fixed_random_1,8857,506.7375,3.2823708,0.63548666,1.0,0.0,15.0
exp7_fixed_random_1,8858,602.0299,3.6157413,0.51695883,1.0,0.0,15.0
exp7_fixed_random_1,8859,546.1078,2.9368014,0.4456229,1.0,0.0,19.0
exp7_fixed_random_1,8861,522.36926,2.297478,0.7571444,1.0,0.0,26.0
exp7_fixed_random_1,8862,496.91864,1.9710044,0.57314885,1.0,0.0,15.0
exp7_fixed_random_1,8863,519.764,3.129369,0.5798403,1.0,0.0,15.0
exp7_fixed_random_1,8864,528.321,2.648246,0.65560406,1.0,0.0,21.0
exp7_fixed_random_1,8865,584.0737,2.9780738,0.72172,1.0,0.0,17.0
exp7_fixed_random_1,8866,565.06647,2.8275044,0.78690165,1.0,0.0,20.0
exp7_fixed_random_1,8867,655.0846,3.0733764,0.54511684,1.0,0.0,25.0
exp7_fixed_random_1,8868,-92.87445,3.6607802,0.44049656,0.0,1.0,12.0
exp7_fixed_random_1,8869,618.0857,2.9049082,0.6117097,1.0,0.0,20.0
exp7_fixed_random_1,8870,-224.19073,4.0648913,0.747632,0.0,1.0,3.0
exp7_fixed_random_1,8871,629.3595,3.3088045,0.5258815,1.0,0.0,18.0
exp7_fixed_random_1,8872,622.0755,3.4206371,0.6785599,1.0,0.0,17.0
exp7_fixed_random_1,8873,559.85486,2.981401,0.53965473,1.0,0.0,14.0
exp7_fixed_random_1,8874,531.43054,4.234291,0.5682895,1.0,0.0,8.0
exp7_fixed_random_1,8875,563.5682,2.6119301,0.44727287,1.0,0.0,14.0
exp7_fixed_random_1,8876,547.7016,2.8000386,0.6900069,1.0,0.0,15.0
exp7_fixed_random_1,8877,547.89935,2.8755162,0.39646083,1.0,0.0,14.0
exp7_fixed_random_1,8878,508.82867,2.991429,0.6087081,1.0,0.0,21.0
exp7_fixed_random_1,8879,592.607,2.9701402,0.5974117,1.0,0.0,20.0
exp7_fixed_random_1,8881,465.3011,1.9966931,0.36461285,1.0,0.0,25.0
exp7_fixed_random_1,8882,-245.965,3.8786657,0.6257392,0.0,1.0,11.0
exp7_fixed_random_1,8883,471.02173,2.6791658,0.50550425,1.0,0.0,13.0
exp7_fixed_random_1,8884,640.6889,3.412241,0.4796165,1.0,0.0,21.0
exp7_fixed_random_1,8885,612.3746,3.480451,0.57848203,1.0,0.0,17.0
exp7_fixed_random_1,8886,502.02258,2.80251,0.5880587,1.0,0.0,11.0
exp7_fixed_random_1,8887,577.9914,3.0214267,0.5370118,1.0,0.0,21.0
exp7_fixed_random_1,8888,599.7849,3.5526507,0.45634007,1.0,0.0,16.0
exp7_fixed_random_1,8889,528.57227,2.019596,0.3355313,1.0,0.0,20.0
exp7_fixed_random_1,8890,567.57245,3.6321297,0.49115613,1.0,0.0,12.0
exp7_fixed_random_1,8891,582.48096,3.0646162,0.73133993,1.0,0.0,19.0
exp7_fixed_random_1,8892,588.2862,2.8009088,0.32154903,1.0,0.0,24.0
exp7_fixed_random_1,8893,536.66205,2.7533715,0.44572288,1.0,0.0,20.0
exp7_fixed_random_1,8894,483.14423,2.7961347,0.6843286,1.0,0.0,8.0
exp7_fixed_random_1,8895,546.43506,2.077422,0.8095607,1.0,0.0,22.0
exp7_fixed_random_1,8896,572.88574,3.2010128,0.5362471,1.0,0.0,16.0
exp7_fixed_random_1,8897,608.80493,3.044137,0.5286762,1.0,0.0,22.0
exp7_fixed_random_1,8898,510.5789,3.3912818,0.45195895,1.0,0.0,20.0
exp7_fixed_random_1,8899,562.0417,2.3608134,0.6019886,1.0,0.0,23.0
exp7_fixed_random_1,8901,519.2043,2.8038547,0.61593044,1.0,0.0,17.0
exp7_fixed_random_1,8902,548.4247,3.053667,0.47904247,1.0,0.0,18.0
exp7_fixed_random_1,8903,627.84814,4.4969006,0.43781656,1.0,0.0,10.0
exp7_fixed_random_1,8904,494.1617,2.7263224,0.4777322,1.0,0.0,22.0
exp7_fixed_random_1,8905,616.2972,3.3018665,0.51117045,1.0,0.0,21.0
exp7_fixed_random_1,8906,522.23157,2.726216,0.5155569,1.0,0.0,12.0
exp7_fixed_random_1,8907,573.57495,3.7843697,0.51920354,1.0,0.0,14.0
exp7_fixed_random_1,8908,526.54004,1.5945835,0.28611445,1.0,0.0,47.0
exp7_fixed_random_1,8909,560.57025,3.2762518,0.7392597,1.0,0.0,19.0
exp7_fixed_random_1,8910,610.71655,3.4883525,0.47351617,1.0,0.0,20.0
exp7_fixed_random_1,8911,523.4593,2.5574386,0.44868085,1.0,0.0,11.0
exp7_fixed_random_1,8912,540.65826,2.5951803,0.5981967,1.0,0.0,16.0
exp7_fixed_random_1,8913,456.28467,3.2191706,0.7378797,1.0,0.0,11.0
exp7_fixed_random_1,8914,697.88043,3.5290322,0.5296559,1.0,0.0,19.0
exp7_fixed_random_1,8915,543.719,2.7114065,0.5229193,1.0,0.0,28.0
exp7_fixed_random_1,8916,-79.22374,2.913861,0.4196426,0.0,1.0,24.0
exp7_fixed_random_1,8917,503.8312,2.7902572,0.67431843,1.0,0.0,15.0
exp7_fixed_random_1,8918,548.4419,3.0410717,0.5964044,1.0,0.0,24.0
exp7_fixed_random_1,8919,532.2157,2.8298857,0.5446265,1.0,0.0,18.0
exp7_fixed_random_1,8921,520.6622,1.7632269,0.25372627,1.0,0.0,46.0
exp7_fixed_random_1,8922,538.552,3.1645944,0.6471238,1.0,0.0,18.0
exp7_fixed_random_1,8923,570.95374,3.2572565,0.4388147,1.0,0.0,15.0
exp7_fixed_random_1,8924,620.8867,4.113196,0.7138011,1.0,0.0,15.0
exp7_fixed_random_1,8925,480.81213,2.1274915,0.35745242,1.0,0.0,13.0
exp7_fixed_random_1,8926,516.6204,1.6990876,0.29675442,1.0,0.0,49.0
exp7_fixed_random_1,8927,548.1644,3.931379,0.5976916,1.0,0.0,11.0
exp7_fixed_random_1,8928,582.73224,2.7480807,0.5724932,1.0,0.0,21.0
exp7_fixed_random_1,8929,448.8288,1.5521479,0.2682474,1.0,0.0,39.0
exp7_fixed_random_1,8930,511.1545,2.7163837,0.5229164,1.0,0.0,11.0
exp7_fixed_random_1,8931,465.96442,2.2292717,0.41378435,1.0,0.0,13.0
exp7_fixed_random_1,8932,575.4463,2.893483,0.6209813,1.0,0.0,16.0
exp7_fixed_random_1,8933,554.3849,2.4886465,0.4174177,1.0,0.0,21.0
exp7_fixed_random_1,8934,578.24774,3.882725,0.4145206,1.0,0.0,12.0
exp7_fixed_random_1,8935,529.005,3.5916293,0.372081,1.0,0.0,11.0
exp7_fixed_random_1,8936,536.6579,2.7916312,0.44347426,1.0,0.0,13.0
exp7_fixed_random_1,8937,590.2158,2.0283396,0.33235386,1.0,0.0,43.0
exp7_fixed_random_1,8938,628.4607,3.8491306,0.5804609,1.0,0.0,16.0
exp7_fixed_random_1,8939,579.9186,1.7948171,0.2878272,1.0,0.0,33.0
exp7_fixed_random_1,8941,540.93176,3.4510844,0.5989168,1.0,0.0,11.0
exp7_fixed_random_1,8942,-178.10754,4.2750793,0.67080176,0.0,1.0,8.0
exp7_fixed_random_1,8943,564.9546,3.1367166,0.50814897,1.0,0.0,16.0
exp7_fixed_random_1,8944,633.8214,3.4253922,0.53676033,1.0,0.0,22.0
exp7_fixed_random_1,8945,581.4226,2.4483907,0.64403653,1.0,0.0,18.0
exp7_fixed_random_1,8946,589.3919,3.6552618,0.4377887,1.0,0.0,14.0
exp7_fixed_random_1,8947,628.6228,3.010823,0.54273134,1.0,0.0,27.0
exp7_fixed_random_1,8948,595.25085,3.0294027,0.5310929,1.0,0.0,19.0
exp7_fixed_random_1,8949,570.6765,3.2348456,0.5526279,1.0,0.0,13.0
exp7_fixed_random_1,8950,514.5421,3.409271,0.5468248,1.0,0.0,15.0
exp7_fixed_random_1,8951,531.2865,2.2764473,0.37079492,1.0,0.0,17.0
exp7_fixed_random_1,8952,-303.5934,4.5612144,0.46796688,0.0,1.0,2.0
exp7_fixed_random_1,8953,553.3183,3.2539723,0.52115184,1.0,0.0,19.0
exp7_fixed_random_1,8954,619.904,3.2287867,0.61042,1.0,0.0,24.0
exp7_fixed_random_1,8955,498.24738,2.5869255,0.5043308,1.0,0.0,16.0
exp7_fixed_random_1,8956,640.6627,3.4680767,0.6091827,1.0,0.0,20.0
exp7_fixed_random_1,8957,657.8824,4.107905,0.61557627,1.0,0.0,16.0
exp7_fixed_random_1,8958,581.41003,3.0361228,0.65978354,1.0,0.0,19.0
exp7_fixed_random_1,8959,600.7928,2.926577,0.5926139,1.0,0.0,22.0
exp7_fixed_random_1,8961,539.5676,3.6736736,0.47660103,1.0,0.0,10.0
exp7_fixed_random_1,8962,616.42615,2.9220695,0.37286502,1.0,0.0,19.0
exp7_fixed_random_1,8963,552.7626,2.3152723,0.45023307,1.0,0.0,29.0
exp7_fixed_random_1,8964,592.0943,3.509764,0.569788,1.0,0.0,16.0
exp7_fixed_random_1,8965,533.94995,3.1212602,0.6494778,1.0,0.0,15.0
exp7_fixed_random_1,8966,626.8873,3.3769038,0.5975893,1.0,0.0,21.0
exp7_fixed_random_1,8967,556.9345,2.2246723,0.76221466,1.0,0.0,27.0
exp7_fixed_random_1,8968,588.8739,3.2214644,0.53268206,1.0,0.0,18.0
exp7_fixed_random_1,8969,652.81433,3.0341003,0.6296884,1.0,0.0,25.0
exp7_fixed_random_1,8970,602.7842,2.9387987,0.64859474,1.0,0.0,18.0
exp7_fixed_random_1,8971,-273.81293,3.5725734,0.4139345,0.0,1.0,6.0
exp7_fixed_random_1,8972,612.7262,3.4489517,0.47004026,1.0,0.0,18.0
exp7_fixed_random_1,8973,597.2391,3.1932063,0.52371514,1.0,0.0,14.0
exp7_fixed_random_1,8974,586.4402,2.3972375,0.65561986,1.0,0.0,22.0
exp7_fixed_random_1,8975,481.88916,2.083773,0.550124,1.0,0.0,20.0
exp7_fixed_random_1,8976,597.77563,2.0810544,0.36516362,1.0,0.0,37.0
exp7_fixed_random_1,8977,508.63828,2.7347162,0.47647318,1.0,0.0,10.0
exp7_fixed_random_1,8978,531.00854,3.0091972,0.40640503,1.0,0.0,16.0
exp7_fixed_random_1,8979,618.8681,3.510215,0.53154373,1.0,0.0,14.0
exp7_fixed_random_1,8981,606.4393,2.733842,0.38743007,1.0,0.0,16.0
exp7_fixed_random_1,8982,671.8723,2.4018996,0.40067354,1.0,0.0,35.0
exp7_fixed_random_1,8983,516.4766,3.6880982,0.41324615,1.0,0.0,12.0
exp7_fixed_random_1,8984,583.2571,3.283851,0.5507287,1.0,0.0,18.0
exp7_fixed_random_1,8985,465.64627,3.3907669,0.6403593,1.0,0.0,10.0
exp7_fixed_random_1,8986,581.91785,3.191315,0.66959584,1.0,0.0,15.0
exp7_fixed_random_1,8987,-84.2236,3.664157,0.35374948,0.0,1.0,12.0
exp7_fixed_random_1,8988,538.0084,3.4439497,0.57734406,1.0,0.0,16.0
exp7_fixed_random_1,8989,636.66504,3.5283034,0.60200477,1.0,0.0,19.0
exp7_fixed_random_1,8990,527.499,3.3456697,0.5830485,1.0,0.0,21.0
exp7_fixed_random_1,8991,-83.451256,3.5206895,0.6727935,0.0,1.0,16.0
exp7_fixed_random_1,8992,612.01953,2.9510756,0.42331555,1.0,0.0,24.0
exp7_fixed_random_1,8993,-249.08209,3.652134,0.5672534,0.0,1.0,11.0
exp7_fixed_random_1,8994,559.92004,4.014354,0.48506987,1.0,0.0,9.0
exp7_fixed_random_1,8995,635.4424,3.3001287,0.61361194,1.0,0.0,21.0
exp7_fixed_random_1,8996,-258.9126,2.9921174,0.58237505,0.0,1.0,22.0
exp7_fixed_random_1,8997,566.3937,2.197208,0.3667683,1.0,0.0,26.0
exp7_fixed_random_1,8998,577.89233,3.0443807,0.5553529,1.0,0.0,18.0
exp7_fixed_random_1,8999,616.8962,4.0225053,0.48212898,1.0,0.0,15.0
exp7_fixed_random_1,9001,622.5215,3.2764103,0.59669375,1.0,0.0,20.0
exp7_fixed_random_1,9002,660.0613,3.6052473,0.6839146,1.0,0.0,16.0
exp7_fixed_random_1,9003,650.0323,3.5105412,0.62895477,1.0,0.0,20.0
exp7_fixed_random_1,9004,638.9406,3.1907604,0.60856676,1.0,0.0,21.0
exp7_fixed_random_1,9005,598.8112,3.7818406,0.7109264,1.0,0.0,11.0
exp7_fixed_random_1,9006,655.92566,4.095386,0.6232407,1.0,0.0,15.0
exp7_fixed_random_1,9007,579.166,3.3510666,0.63729227,1.0,0.0,17.0
exp7_fixed_random_1,9008,544.3504,3.0350873,0.7669642,1.0,0.0,18.0
exp7_fixed_random_1,9009,-271.96973,3.5065205,0.5915251,0.0,1.0,7.0
exp7_fixed_random_1,9010,548.7792,3.391524,0.54077274,1.0,0.0,14.0
exp7_fixed_random_1,9011,477.37106,2.2443573,0.5384412,1.0,0.0,19.0
exp7_fixed_random_1,9012,580.8694,3.1746888,0.59188884,1.0,0.0,15.0
exp7_fixed_random_1,9013,538.0568,3.0499587,0.6820156,1.0,0.0,19.0
exp7_fixed_random_1,9014,564.67975,3.070838,0.691394,1.0,0.0,17.0
exp7_fixed_random_1,9015,-249.39069,3.5192287,0.4283317,0.0,1.0,10.0
exp7_fixed_random_1,9016,596.6567,2.1753123,0.43942308,1.0,0.0,28.0
exp7_fixed_random_1,9017,-167.60864,2.1134324,0.4393697,0.0,1.0,19.0
exp7_fixed_random_1,9018,-60.170364,3.4980738,0.36410847,0.0,1.0,14.0
exp7_fixed_random_1,9019,579.69714,3.8494046,0.71451956,1.0,0.0,16.0
exp7_fixed_random_1,9021,536.9246,3.8598106,0.40223742,1.0,0.0,12.0
exp7_fixed_random_1,9022,639.9497,3.8289807,0.47844967,1.0,0.0,18.0
exp7_fixed_random_1,9023,-97.94706,3.110886,0.62461215,0.0,1.0,15.0
exp7_fixed_random_1,9024,577.6377,3.577152,0.46483263,1.0,0.0,15.0
exp7_fixed_random_1,9025,580.2599,2.5423691,0.38109028,1.0,0.0,27.0
exp7_fixed_random_1,9026,628.2449,4.275814,0.59964144,1.0,0.0,16.0
exp7_fixed_random_1,9027,-155.23607,4.220412,0.71547985,0.0,1.0,5.0
exp7_fixed_random_1,9028,565.3937,2.9572806,0.6988139,1.0,0.0,23.0
exp7_fixed_random_1,9029,639.2941,3.7246006,0.52537906,1.0,0.0,20.0
exp7_fixed_random_1,9030,529.53076,2.510894,0.7645707,1.0,0.0,25.0
exp7_fixed_random_1,9031,529.7575,3.3855827,0.6696819,1.0,0.0,16.0
exp7_fixed_random_1,9032,513.6731,2.3299582,0.37359694,1.0,0.0,13.0
exp7_fixed_random_1,9033,608.87555,3.2729237,0.59773993,1.0,0.0,16.0
exp7_fixed_random_1,9034,542.55945,4.0393643,0.59673107,1.0,0.0,11.0
exp7_fixed_random_1,9035,621.8026,3.5047836,0.68517,1.0,0.0,19.0
exp7_fixed_random_1,9036,552.9668,1.6289258,0.29070348,1.0,0.0,57.0
exp7_fixed_random_1,9037,626.8872,2.915917,0.47355512,1.0,0.0,26.0
exp7_fixed_random_1,9038,548.6464,2.4498749,0.45796815,1.0,0.0,17.0
exp7_fixed_random_1,9039,519.5959,2.967761,0.59566486,1.0,0.0,13.0
exp7_fixed_random_1,9041,593.0178,2.932221,0.5822561,1.0,0.0,19.0
exp7_fixed_random_1,9042,586.3815,3.355731,0.6218613,1.0,0.0,16.0
exp7_fixed_random_1,9043,550.2714,3.7645686,0.5443613,1.0,0.0,12.0
exp7_fixed_random_1,9044,556.70856,2.0531414,0.3493098,1.0,0.0,25.0
exp7_fixed_random_1,9045,629.4926,2.847394,0.43794748,1.0,0.0,30.0
exp7_fixed_random_1,9046,555.9834,3.0785272,0.6882515,1.0,0.0,15.0
exp7_fixed_random_1,9047,611.5674,3.466273,0.603212,1.0,0.0,23.0
exp7_fixed_random_1,9048,553.5825,3.815639,0.63963544,1.0,0.0,13.0
exp7_fixed_random_1,9049,571.4077,2.93956,0.74187523,1.0,0.0,16.0
exp7_fixed_random_1,9050,555.1465,2.965919,0.439577,1.0,0.0,20.0
exp7_fixed_random_1,9051,444.44232,2.047474,0.502003,1.0,0.0,26.0
exp7_fixed_random_1,9052,568.9425,2.9298725,0.7804839,1.0,0.0,18.0
exp7_fixed_random_1,9053,565.9339,1.803587,0.3131928,1.0,0.0,36.0
exp7_fixed_random_1,9054,543.6622,3.3684888,0.51248634,1.0,0.0,13.0
exp7_fixed_random_1,9055,641.5792,3.313244,0.35489023,1.0,0.0,21.0
exp7_fixed_random_1,9056,555.70764,3.3150036,0.580032,1.0,0.0,18.0
exp7_fixed_random_1,9057,660.7927,3.3232477,0.47232753,1.0,0.0,19.0
exp7_fixed_random_1,9058,543.8121,2.2968776,0.46623388,1.0,0.0,21.0
exp7_fixed_random_1,9059,510.37564,3.1269426,0.5057603,1.0,0.0,12.0
exp7_fixed_random_1,9061,-287.50732,2.9192634,0.59251076,0.0,1.0,13.0
exp7_fixed_random_1,9062,556.5821,2.3832953,0.4529331,1.0,0.0,26.0
exp7_fixed_random_1,9063,459.90744,3.0906992,0.68821377,1.0,0.0,8.0
exp7_fixed_random_1,9064,547.2094,3.1150272,0.6478113,1.0,0.0,17.0
exp7_fixed_random_1,9065,521.0153,3.319836,0.5323439,1.0,0.0,14.0
exp7_fixed_random_1,9066,-219.23781,3.9401014,0.3539406,0.0,1.0,11.0
exp7_fixed_random_1,9067,-92.783066,3.6184134,0.44246858,0.0,1.0,19.0
exp7_fixed_random_1,9068,593.68945,2.8368783,0.5960638,1.0,0.0,19.0
exp7_fixed_random_1,9069,-291.55396,3.6861188,0.37967393,0.0,1.0,7.0
exp7_fixed_random_1,9070,537.7643,3.6919491,0.5958541,1.0,0.0,9.0
exp7_fixed_random_1,9071,612.664,2.7858775,0.47574887,1.0,0.0,24.0
exp7_fixed_random_1,9072,499.61212,2.3655868,0.43839186,1.0,0.0,21.0
exp7_fixed_random_1,9073,564.2106,2.2748635,0.31050792,1.0,0.0,26.0
exp7_fixed_random_1,9074,563.7851,3.4492307,0.35903737,1.0,0.0,10.0
exp7_fixed_random_1,9075,553.324,2.5240643,0.4395967,1.0,0.0,18.0
exp7_fixed_random_1,9076,616.47345,3.336416,0.50257474,1.0,0.0,19.0
exp7_fixed_random_1,9077,-258.22162,4.3498735,0.6471036,0.0,1.0,7.0
exp7_fixed_random_1,9078,559.13293,3.3868372,0.54638374,1.0,0.0,13.0
exp7_fixed_random_1,9079,508.72708,3.3270133,0.6807815,1.0,0.0,14.0
exp7_fixed_random_1,9081,552.9921,3.4790356,0.7704953,1.0,0.0,15.0
exp7_fixed_random_1,9082,560.0059,3.36124,0.51272243,1.0,0.0,16.0
exp7_fixed_random_1,9083,571.66644,3.4499369,0.53275347,1.0,0.0,16.0
exp7_fixed_random_1,9084,475.55533,2.438569,0.458999,1.0,0.0,12.0
exp7_fixed_random_1,9085,603.9483,3.008308,0.63844013,1.0,0.0,20.0
exp7_fixed_random_1,9086,-267.3664,2.6976092,0.4200709,0.0,1.0,19.0
exp7_fixed_random_1,9087,597.44556,3.1913874,0.7463411,1.0,0.0,19.0
exp7_fixed_random_1,9088,-244.84555,4.4626493,0.81480736,0.0,1.0,3.0
exp7_fixed_random_1,9089,592.9715,2.824477,0.64980614,1.0,0.0,21.0
exp7_fixed_random_1,9090,631.2971,4.5801206,0.47547263,1.0,0.0,13.0
exp7_fixed_random_1,9091,537.3714,3.1884987,0.8055479,1.0,0.0,19.0
exp7_fixed_random_1,9092,568.3772,3.45223,0.5581323,1.0,0.0,17.0
exp7_fixed_random_1,9093,518.6723,2.4413774,0.5080346,1.0,0.0,26.0
exp7_fixed_random_1,9094,520.36816,2.2938702,0.8331193,1.0,0.0,23.0
exp7_fixed_random_1,9095,643.5426,2.757449,0.5619766,1.0,0.0,30.0
exp7_fixed_random_1,9096,565.6337,2.9768617,0.51701343,1.0,0.0,15.0
exp7_fixed_random_1,9097,630.0324,4.2060847,0.42740375,1.0,0.0,14.0
exp7_fixed_random_1,9098,613.2905,3.622653,0.60914207,1.0,0.0,18.0
exp7_fixed_random_1,9099,-92.221825,3.210589,0.39929098,0.0,1.0,17.0
exp7_fixed_random_1,9101,-208.71039,2.2181559,0.34311396,0.0,1.0,21.0
exp7_fixed_random_1,9102,616.8781,3.1890023,0.6106534,1.0,0.0,24.0
exp7_fixed_random_1,9103,650.143,3.238192,0.566218,1.0,0.0,22.0
exp7_fixed_random_1,9104,523.23395,2.5870185,0.8112,1.0,0.0,25.0
exp7_fixed_random_1,9105,620.70087,3.2420175,0.64946723,1.0,0.0,21.0
exp7_fixed_random_1,9106,630.1651,3.4759328,0.52266806,1.0,0.0,22.0
exp7_fixed_random_1,9107,514.07983,3.8688145,0.6251476,1.0,0.0,12.0
exp7_fixed_random_1,9108,551.82715,2.9999506,0.69242615,1.0,0.0,15.0
exp7_fixed_random_1,9109,524.4824,3.0985146,0.30139726,1.0,0.0,11.0
exp7_fixed_random_1,9110,575.28845,3.5698118,0.6569375,1.0,0.0,15.0
exp7_fixed_random_1,9111,576.1388,3.4438398,0.6169679,1.0,0.0,18.0
exp7_fixed_random_1,9112,610.34454,3.2090204,0.4625715,1.0,0.0,22.0
exp7_fixed_random_1,9113,-224.42041,3.3689995,0.5123688,0.0,1.0,15.0
exp7_fixed_random_1,9114,522.7692,1.8653537,0.36885145,1.0,0.0,28.0
exp7_fixed_random_1,9115,526.22345,3.015346,0.7034032,1.0,0.0,13.0
exp7_fixed_random_1,9116,618.3423,4.236806,0.48314065,1.0,0.0,11.0
exp7_fixed_random_1,9117,617.3519,3.2423477,0.49265406,1.0,0.0,24.0
exp7_fixed_random_1,9118,475.60397,1.8337435,0.38422433,1.0,0.0,24.0
exp7_fixed_random_1,9119,-138.19133,3.6122665,0.46758413,0.0,1.0,10.0
exp7_fixed_random_1,9121,564.83374,2.8982441,0.5194328,1.0,0.0,18.0
exp7_fixed_random_1,9122,535.43005,3.01271,0.6835006,1.0,0.0,17.0
exp7_fixed_random_1,9123,-56.774902,2.9768534,0.49291867,0.0,1.0,25.0
exp7_fixed_random_1,9124,622.3667,3.0391233,0.42503664,1.0,0.0,24.0
exp7_fixed_random_1,9125,-161.34265,3.4617856,0.594339,0.0,1.0,20.0
exp7_fixed_random_1,9126,582.9802,3.5400999,0.64000446,1.0,0.0,14.0
exp7_fixed_random_1,9127,534.1976,2.9433794,0.74078745,1.0,0.0,18.0
exp7_fixed_random_1,9128,642.6071,3.8031125,0.57077515,1.0,0.0,18.0
exp7_fixed_random_1,9129,569.31433,2.0876849,0.35690358,1.0,0.0,43.0
exp7_fixed_random_1,9130,463.0875,1.525179,0.4098704,1.0,0.0,21.0
exp7_fixed_random_1,9131,-168.54153,4.614198,0.68290347,0.0,1.0,6.0
exp7_fixed_random_1,9132,573.7414,2.7731218,0.46837127,1.0,0.0,25.0
exp7_fixed_random_1,9133,531.0057,2.7709413,0.68280023,1.0,0.0,19.0
exp7_fixed_random_1,9134,542.12134,3.170089,0.65359014,1.0,0.0,10.0
exp7_fixed_random_1,9135,504.31592,3.4461281,0.6832107,1.0,0.0,11.0
exp7_fixed_random_1,9136,451.68213,2.6971414,0.6023583,1.0,0.0,17.0
exp7_fixed_random_1,9137,502.6985,2.3069415,0.42005238,1.0,0.0,18.0
exp7_fixed_random_1,9138,598.4558,2.9578006,0.57974344,1.0,0.0,16.0
exp7_fixed_random_1,9139,590.89557,2.8849595,0.44391906,1.0,0.0,25.0
exp7_fixed_random_1,9141,486.78604,2.1486025,0.7035191,1.0,0.0,19.0
exp7_fixed_random_1,9142,-219.48788,2.8184698,0.4445747,0.0,1.0,21.0
exp7_fixed_random_1,9143,8.914368,3.215294,0.55431885,0.0,1.0,22.0
exp7_fixed_random_1,9144,617.5957,3.2589927,0.73754466,1.0,0.0,23.0
exp7_fixed_random_1,9145,485.40375,2.4396381,0.4979482,1.0,0.0,17.0
exp7_fixed_random_1,9146,583.523,3.5608015,0.56892455,1.0,0.0,15.0
exp7_fixed_random_1,9147,557.81635,3.8827558,0.5651546,1.0,0.0,14.0
exp7_fixed_random_1,9148,627.80023,3.4040892,0.6583402,1.0,0.0,19.0
exp7_fixed_random_1,9149,505.70676,2.9104614,0.6095591,1.0,0.0,13.0
exp7_fixed_random_1,9150,625.70074,2.6184742,0.42974612,1.0,0.0,27.0
exp7_fixed_random_1,9151,585.58984,3.370519,0.6730673,1.0,0.0,20.0
exp7_fixed_random_1,9152,514.26917,1.5925792,0.24005419,1.0,0.0,46.0
exp7_fixed_random_1,9153,518.79114,2.9316075,0.65704995,1.0,0.0,15.0
exp7_fixed_random_1,9154,572.64667,2.3695557,0.35749158,1.0,0.0,23.0
exp7_fixed_random_1,9155,497.60382,2.6955721,0.59468585,1.0,0.0,16.0
exp7_fixed_random_1,9156,514.6378,2.1240344,0.35681248,1.0,0.0,14.0
exp7_fixed_random_1,9157,590.969,2.9109144,0.5851956,1.0,0.0,24.0
exp7_fixed_random_1,9158,688.10693,4.1490526,0.6102336,1.0,0.0,15.0
exp7_fixed_random_1,9159,619.59796,3.2401035,0.6576071,1.0,0.0,21.0
exp7_fixed_random_1,9161,539.13855,2.1878905,0.8088702,1.0,0.0,32.0
exp7_fixed_random_1,9162,520.0954,3.0683424,0.32349893,1.0,0.0,12.0
exp7_fixed_random_1,9163,-259.2345,2.915864,0.5950695,0.0,1.0,13.0
exp7_fixed_random_1,9164,-211.51686,3.3046038,0.33603683,0.0,1.0,12.0
exp7_fixed_random_1,9165,667.54553,3.9585214,0.51540995,1.0,0.0,19.0
exp7_fixed_random_1,9166,602.5428,3.1178386,0.5455418,1.0,0.0,20.0
exp7_fixed_random_1,9167,579.34534,4.4066124,0.62405354,1.0,0.0,11.0
exp7_fixed_random_1,9168,645.2981,2.8197458,0.42187482,1.0,0.0,30.0
exp7_fixed_random_1,9169,555.126,2.962617,0.6857943,1.0,0.0,18.0
exp7_fixed_random_1,9170,-298.58817,3.8970573,0.73721063,0.0,1.0,5.0
exp7_fixed_random_1,9171,519.5886,3.025789,0.5823651,1.0,0.0,15.0
exp7_fixed_random_1,9172,636.40594,3.1586523,0.52015465,1.0,0.0,23.0
exp7_fixed_random_1,9173,536.7593,3.0820632,0.426892,1.0,0.0,13.0
exp7_fixed_random_1,9174,468.66724,3.064058,0.6197797,1.0,0.0,14.0
exp7_fixed_random_1,9175,622.40015,3.3679287,0.6677658,1.0,0.0,20.0
exp7_fixed_random_1,9176,588.82306,3.3443587,0.640198,1.0,0.0,18.0
exp7_fixed_random_1,9177,597.6957,3.494049,0.6796246,1.0,0.0,22.0
exp7_fixed_random_1,9178,603.5403,3.2855232,0.6154084,1.0,0.0,17.0
exp7_fixed_random_1,9179,596.28516,3.0589666,0.582863,1.0,0.0,20.0
exp7_fixed_random_1,9181,569.35815,3.0957186,0.53595537,1.0,0.0,15.0
exp7_fixed_random_1,9182,586.7939,2.5988202,0.76977974,1.0,0.0,25.0
exp7_fixed_random_1,9183,569.82275,3.649255,0.66791,1.0,0.0,15.0
exp7_fixed_random_1,9184,505.62836,3.1258943,0.62516767,1.0,0.0,16.0
exp7_fixed_random_1,9185,542.4966,2.7581782,0.56627196,1.0,0.0,19.0
exp7_fixed_random_1,9186,612.55975,3.6219296,0.6042778,1.0,0.0,18.0
exp7_fixed_random_1,9187,527.9883,2.0628884,0.3281554,1.0,0.0,26.0
exp7_fixed_random_1,9188,599.18445,2.9075224,0.73189425,1.0,0.0,22.0
exp7_fixed_random_1,9189,531.04724,2.6578052,0.5816282,1.0,0.0,15.0
exp7_fixed_random_1,9190,518.5536,3.4170215,0.5505852,1.0,0.0,12.0
exp7_fixed_random_1,9191,549.5554,2.6600971,0.40552866,1.0,0.0,17.0
exp7_fixed_random_1,9192,521.55035,1.6186037,0.26331878,1.0,0.0,25.0
exp7_fixed_random_1,9193,614.03345,2.5397232,0.4964386,1.0,0.0,28.0
exp7_fixed_random_1,9194,582.2538,3.3789837,0.4674062,1.0,0.0,21.0
exp7_fixed_random_1,9195,666.0325,3.8744967,0.49441358,1.0,0.0,22.0
exp7_fixed_random_1,9196,494.78073,1.7780018,0.2796499,1.0,0.0,28.0
exp7_fixed_random_1,9197,525.98364,2.3731897,0.7506476,1.0,0.0,22.0
exp7_fixed_random_1,9198,-260.34332,2.674157,0.38523027,0.0,1.0,22.0
exp7_fixed_random_1,9199,650.1704,3.3877215,0.60708684,1.0,0.0,21.0
exp7_fixed_random_1,9201,560.34924,2.1085331,0.30071774,1.0,0.0,25.0
exp7_fixed_random_1,9202,578.66724,3.3301365,0.5635587,1.0,0.0,19.0
exp7_fixed_random_1,9203,486.15857,1.1902524,0.20695624,1.0,0.0,71.0
exp7_fixed_random_1,9204,-212.47902,3.1158726,0.5890584,0.0,1.0,10.0
exp7_fixed_random_1,9205,626.6803,2.8157172,0.46913856,1.0,0.0,28.0
exp7_fixed_random_1,9206,635.40967,3.881733,0.60796547,1.0,0.0,14.0
exp7_fixed_random_1,9207,611.14404,3.2506142,0.6499972,1.0,0.0,24.0
exp7_fixed_random_1,9208,547.79285,3.218557,0.68636686,1.0,0.0,17.0
exp7_fixed_random_1,9209,584.9791,2.6038938,0.7282833,1.0,0.0,26.0
exp7_fixed_random_1,9210,657.2924,3.2783694,0.6096433,1.0,0.0,21.0
exp7_fixed_random_1,9211,574.0405,3.3848925,0.7361916,1.0,0.0,19.0
exp7_fixed_random_1,9212,-164.43701,3.7633793,0.3896735,0.0,1.0,6.0
exp7_fixed_random_1,9213,517.19025,2.969255,0.66920435,1.0,0.0,17.0
exp7_fixed_random_1,9214,627.0005,3.3013592,0.68648136,1.0,0.0,23.0
exp7_fixed_random_1,9215,555.3335,2.4328995,0.77761346,1.0,0.0,27.0
exp7_fixed_random_1,9216,565.7488,3.6292577,0.698802,1.0,0.0,17.0
exp7_fixed_random_1,9217,604.04785,3.602435,0.5245746,1.0,0.0,16.0
exp7_fixed_random_1,9218,595.1001,3.0430455,0.64799076,1.0,0.0,19.0
exp7_fixed_random_1,9219,574.08673,2.978414,0.658933,1.0,0.0,21.0
exp7_fixed_random_1,9221,510.18152,3.1944425,0.72331226,1.0,0.0,13.0
exp7_fixed_random_1,9222,576.9412,3.7528632,0.6668983,1.0,0.0,15.0
exp7_fixed_random_1,9223,505.40796,3.7667956,0.531061,1.0,0.0,10.0
exp7_fixed_random_1,9224,613.1018,3.5620375,0.40698162,1.0,0.0,21.0
exp7_fixed_random_1,9225,480.47632,1.4175285,0.2613328,1.0,0.0,54.0
exp7_fixed_random_1,9226,574.34326,3.061684,0.50405955,1.0,0.0,20.0
exp7_fixed_random_1,9227,605.9862,3.6047628,0.5968336,1.0,0.0,15.0
exp7_fixed_random_1,9228,613.33417,3.7272513,0.5738499,1.0,0.0,16.0
exp7_fixed_random_1,9229,606.8834,3.9251378,0.58094937,1.0,0.0,13.0
exp7_fixed_random_1,9230,599.94574,3.3398132,0.5303366,1.0,0.0,18.0
exp7_fixed_random_1,9231,528.8407,2.3108974,0.33802512,1.0,0.0,28.0
exp7_fixed_random_1,9232,561.6002,3.4675782,0.61048853,1.0,0.0,20.0
exp7_fixed_random_1,9233,523.68195,3.1106827,0.7551215,1.0,0.0,17.0
exp7_fixed_random_1,9234,598.8948,3.1444635,0.7356448,1.0,0.0,20.0
exp7_fixed_random_1,9235,-236.57208,4.1757474,0.43381208,0.0,1.0,9.0
exp7_fixed_random_1,9236,-209.86139,3.9112809,0.6595611,0.0,1.0,11.0
exp7_fixed_random_1,9237,623.5925,2.911391,0.6361702,1.0,0.0,21.0
exp7_fixed_random_1,9238,505.97803,3.4332635,0.63308793,1.0,0.0,12.0
exp7_fixed_random_1,9239,-124.35899,3.4160745,0.55722225,0.0,1.0,17.0
exp7_fixed_random_1,9241,651.64386,3.491512,0.6305405,1.0,0.0,22.0
exp7_fixed_random_1,9242,548.7355,1.807909,0.27660298,1.0,0.0,49.0
exp7_fixed_random_1,9243,-315.44638,4.6488194,0.7195409,0.0,1.0,3.0
exp7_fixed_random_1,9244,610.20447,3.0399458,0.6492855,1.0,0.0,24.0
exp7_fixed_random_1,9245,561.9857,2.38443,0.7521336,1.0,0.0,21.0
exp7_fixed_random_1,9246,642.7993,2.8874576,0.456663,1.0,0.0,30.0
exp7_fixed_random_1,9247,587.86945,3.375719,0.48078436,1.0,0.0,16.0
exp7_fixed_random_1,9248,661.20886,4.0530877,0.4781351,1.0,0.0,18.0
exp7_fixed_random_1,9249,519.40186,3.0136364,0.69996357,1.0,0.0,15.0
exp7_fixed_random_1,9250,-221.40729,3.377312,0.4445652,0.0,1.0,12.0
exp7_fixed_random_1,9251,609.323,2.5350497,0.29589275,1.0,0.0,31.0
exp7_fixed_random_1,9252,-96.49448,3.9366715,0.50136,0.0,1.0,15.0
exp7_fixed_random_1,9253,614.0771,3.0219548,0.5586078,1.0,0.0,19.0
exp7_fixed_random_1,9254,-249.60742,2.8065994,0.40143418,0.0,1.0,12.0
exp7_fixed_random_1,9255,604.7048,3.2383118,0.5702738,1.0,0.0,19.0
exp7_fixed_random_1,9256,565.70953,2.9463522,0.47011974,1.0,0.0,21.0
exp7_fixed_random_1,9257,637.322,3.4994376,0.5317568,1.0,0.0,16.0
exp7_fixed_random_1,9258,586.57935,2.8954265,0.67503124,1.0,0.0,20.0
exp7_fixed_random_1,9259,-243.82773,2.1680284,0.37461528,0.0,1.0,22.0
exp7_fixed_random_1,9261,562.85583,3.3077526,0.5249325,1.0,0.0,16.0
exp7_fixed_random_1,9262,567.5389,2.9293966,0.6553486,1.0,0.0,18.0
exp7_fixed_random_1,9263,522.71375,3.0697775,0.6912863,1.0,0.0,15.0
exp7_fixed_random_1,9264,471.56396,2.373233,0.70705765,1.0,0.0,19.0
exp7_fixed_random_1,9265,614.94324,3.8461628,0.66787225,1.0,0.0,14.0
exp7_fixed_random_1,9266,609.38074,2.8057313,0.77930367,1.0,0.0,23.0
exp7_fixed_random_1,9267,546.4618,3.2330918,0.60240954,1.0,0.0,13.0
exp7_fixed_random_1,9268,496.27856,3.1897357,0.5226457,1.0,0.0,9.0
exp7_fixed_random_1,9269,581.08734,2.826195,0.5541938,1.0,0.0,21.0
exp7_fixed_random_1,9270,585.6238,3.8392074,0.63526946,1.0,0.0,17.0
exp7_fixed_random_1,9271,516.6614,2.3897798,0.42414582,1.0,0.0,29.0
exp7_fixed_random_1,9272,555.21497,3.706495,0.6109796,1.0,0.0,12.0
exp7_fixed_random_1,9273,594.6537,3.4120517,0.6423392,1.0,0.0,17.0
exp7_fixed_random_1,9274,590.10944,3.6057246,0.5369799,1.0,0.0,19.0
exp7_fixed_random_1,9275,564.5365,4.1042104,0.5993188,1.0,0.0,14.0
exp7_fixed_random_1,9276,540.5071,2.2332003,0.55946344,1.0,0.0,16.0
exp7_fixed_random_1,9277,-281.15155,4.3754473,0.44669637,0.0,1.0,5.0
exp7_fixed_random_1,9278,496.30554,2.765455,0.43219995,1.0,0.0,11.0
exp7_fixed_random_1,9279,615.347,3.9334385,0.5539146,1.0,0.0,16.0
exp7_fixed_random_1,9281,495.49252,3.6857593,0.52493066,1.0,0.0,9.0
exp7_fixed_random_1,9282,583.9595,3.6051733,0.5982539,1.0,0.0,16.0
exp7_fixed_random_1,9283,577.7317,3.0182285,0.40475595,1.0,0.0,17.0
exp7_fixed_random_1,9284,583.4784,3.0908592,0.5426586,1.0,0.0,14.0
exp7_fixed_random_1,9285,566.83,3.0918648,0.6954798,1.0,0.0,22.0
exp7_fixed_random_1,9286,542.84973,2.982953,0.45543683,1.0,0.0,17.0
exp7_fixed_random_1,9287,561.9506,2.7273004,0.69988924,1.0,0.0,25.0
exp7_fixed_random_1,9288,508.81708,3.245613,0.4839375,1.0,0.0,12.0
exp7_fixed_random_1,9289,575.1936,2.7642808,0.63527346,1.0,0.0,17.0
exp7_fixed_random_1,9290,589.91626,2.8963628,0.7340067,1.0,0.0,21.0
exp7_fixed_random_1,9291,628.34216,3.067392,0.66715723,1.0,0.0,27.0
exp7_fixed_random_1,9292,587.1168,3.476407,0.6590134,1.0,0.0,12.0
exp7_fixed_random_1,9293,547.9147,3.303912,0.5664309,1.0,0.0,24.0
exp7_fixed_random_1,9294,536.37726,2.9112632,0.52486,1.0,0.0,19.0
exp7_fixed_random_1,9295,-114.17239,3.9423163,0.69260246,0.0,1.0,9.0
exp7_fixed_random_1,9296,594.8297,2.9565086,0.5655605,1.0,0.0,24.0
exp7_fixed_random_1,9297,558.30457,3.2483218,0.5810005,1.0,0.0,17.0
exp7_fixed_random_1,9298,626.47784,3.6077347,0.53258675,1.0,0.0,18.0
exp7_fixed_random_1,9299,533.76013,3.2173157,0.5125072,1.0,0.0,13.0
exp7_fixed_random_1,9301,457.9695,2.7739313,0.550669,1.0,0.0,11.0
exp7_fixed_random_1,9302,564.4071,2.459827,0.46743658,1.0,0.0,23.0
exp7_fixed_random_1,9303,605.47595,3.1783245,0.6700401,1.0,0.0,24.0
exp7_fixed_random_1,9304,676.0433,3.9284778,0.56270576,1.0,0.0,20.0
exp7_fixed_random_1,9305,493.00162,2.8729346,0.65997297,1.0,0.0,14.0
exp7_fixed_random_1,9306,540.7932,2.4410043,0.37384924,1.0,0.0,16.0
exp7_fixed_random_1,9307,-264.03217,4.3193035,0.64510155,0.0,1.0,6.0
exp7_fixed_random_1,9308,639.6914,3.3525589,0.65750283,1.0,0.0,18.0
exp7_fixed_random_1,9309,538.2626,3.016967,0.2752527,1.0,0.0,11.0
exp7_fixed_random_1,9310,540.58234,3.3504858,0.61098754,1.0,0.0,12.0
exp7_fixed_random_1,9311,619.8829,3.5397232,0.73873657,1.0,0.0,19.0
exp7_fixed_random_1,9312,-193.99765,4.5182967,0.61131525,0.0,1.0,3.0
exp7_fixed_random_1,9313,526.5856,3.2270336,0.50377536,1.0,0.0,12.0
exp7_fixed_random_1,9314,545.79626,3.4023907,0.66536075,1.0,0.0,12.0
exp7_fixed_random_1,9315,500.19354,4.112054,0.5464357,1.0,0.0,6.0
exp7_fixed_random_1,9316,538.0074,3.9034185,0.5054154,1.0,0.0,9.0
exp7_fixed_random_1,9317,607.76025,3.0655372,0.4817056,1.0,0.0,21.0
exp7_fixed_random_1,9318,669.6755,4.178531,0.45693737,1.0,0.0,15.0
exp7_fixed_random_1,9319,534.1707,2.5186517,0.4606245,1.0,0.0,18.0
exp7_fixed_random_1,9321,544.30096,3.4425092,0.55602044,1.0,0.0,15.0
exp7_fixed_random_1,9322,536.3423,2.6593223,0.65475917,1.0,0.0,18.0
exp7_fixed_random_1,9323,595.674,3.4966679,0.5336545,1.0,0.0,17.0
exp7_fixed_random_1,9324,571.8211,2.6453593,0.37809163,1.0,0.0,22.0
exp7_fixed_random_1,9325,576.0758,3.3367977,0.5969413,1.0,0.0,18.0
exp7_fixed_random_1,9326,553.74835,1.8667501,0.32521674,1.0,0.0,39.0
exp7_fixed_random_1,9327,539.57764,3.2428532,0.46833947,1.0,0.0,12.0
exp7_fixed_random_1,9328,-127.01907,4.1054688,0.5697005,0.0,1.0,6.0
exp7_fixed_random_1,9329,637.19495,3.1348438,0.4657262,1.0,0.0,25.0
exp7_fixed_random_1,9330,581.7168,3.826526,0.69464844,1.0,0.0,12.0
exp7_fixed_random_1,9331,522.11584,3.0021427,0.6723848,1.0,0.0,14.0
exp7_fixed_random_1,9332,578.058,3.2997403,0.60497785,1.0,0.0,21.0
exp7_fixed_random_1,9333,497.16403,4.4948883,0.5786456,1.0,0.0,8.0
exp7_fixed_random_1,9334,557.6457,2.894407,0.58450544,1.0,0.0,16.0
exp7_fixed_random_1,9335,-265.79367,4.5860453,0.47650194,0.0,1.0,5.0
exp7_fixed_random_1,9336,560.6754,3.1042032,0.5395238,1.0,0.0,17.0
exp7_fixed_random_1,9337,596.156,3.2067516,0.5629614,1.0,0.0,17.0
exp7_fixed_random_1,9338,601.56726,3.1976435,0.47652102,1.0,0.0,20.0
exp7_fixed_random_1,9339,627.4703,3.9185853,0.6577548,1.0,0.0,15.0
exp7_fixed_random_1,9341,561.3872,3.1376965,0.4911393,1.0,0.0,18.0
exp7_fixed_random_1,9342,-270.66287,2.663174,0.43439156,0.0,1.0,23.0
exp7_fixed_random_1,9343,569.9755,3.753162,0.64964485,1.0,0.0,16.0
exp7_fixed_random_1,9344,483.21365,2.7850146,0.6675984,1.0,0.0,9.0
exp7_fixed_random_1,9345,539.23157,3.5238748,0.40492824,1.0,0.0,13.0
exp7_fixed_random_1,9346,559.93945,1.8319163,0.32472098,1.0,0.0,49.0
exp7_fixed_random_1,9347,599.8511,2.7396617,0.44206578,1.0,0.0,26.0
exp7_fixed_random_1,9348,-218.77536,4.2259707,0.6516585,0.0,1.0,8.0
exp7_fixed_random_1,9349,537.897,3.34832,0.48725292,1.0,0.0,13.0
exp7_fixed_random_1,9350,582.327,2.3436084,0.4026388,1.0,0.0,39.0
exp7_fixed_random_1,9351,594.06396,3.4101942,0.5176175,1.0,0.0,14.0
exp7_fixed_random_1,9352,575.92163,3.7049904,0.5441088,1.0,0.0,15.0
exp7_fixed_random_1,9353,483.4256,1.717443,0.3906029,1.0,0.0,26.0
exp7_fixed_random_1,9354,488.52667,2.5380185,0.7550892,1.0,0.0,13.0
exp7_fixed_random_1,9355,-219.4045,4.887224,0.68793076,0.0,1.0,4.0
exp7_fixed_random_1,9356,649.6792,3.4301884,0.6524602,1.0,0.0,20.0
exp7_fixed_random_1,9357,574.297,3.4243379,0.6734002,1.0,0.0,17.0
exp7_fixed_random_1,9358,554.73987,2.3558927,0.3725475,1.0,0.0,31.0
exp7_fixed_random_1,9359,471.9955,2.3026385,0.523286,1.0,0.0,18.0
exp7_fixed_random_1,9361,-106.74087,3.854216,0.59017044,0.0,1.0,11.0
exp7_fixed_random_1,9362,634.7373,3.7751563,0.42613265,1.0,0.0,12.0
exp7_fixed_random_1,9363,605.8471,3.1464367,0.43177155,1.0,0.0,18.0
exp7_fixed_random_1,9364,509.57758,2.898052,0.5752227,1.0,0.0,10.0
exp7_fixed_random_1,9365,540.5957,3.1843843,0.4935548,1.0,0.0,18.0
exp7_fixed_random_1,9366,576.8825,2.9632585,0.7540784,1.0,0.0,16.0
exp7_fixed_random_1,9367,538.18243,2.7842753,0.35432708,1.0,0.0,13.0
exp7_fixed_random_1,9368,595.0237,3.5329216,0.5247296,1.0,0.0,14.0
exp7_fixed_random_1,9369,550.58405,1.7561754,0.2508108,1.0,0.0,24.0
exp7_fixed_random_1,9370,532.963,2.868973,0.4549035,1.0,0.0,11.0
exp7_fixed_random_1,9371,498.2871,1.3923168,0.40158087,1.0,0.0,33.0
exp7_fixed_random_1,9372,559.5283,2.3307073,0.7470621,1.0,0.0,25.0
exp7_fixed_random_1,9373,-344.68948,4.407531,0.7804768,0.0,1.0,2.0
exp7_fixed_random_1,9374,509.7577,3.5211575,0.5106224,1.0,0.0,10.0
exp7_fixed_random_1,9375,579.45544,3.3641038,0.7045289,1.0,0.0,17.0
exp7_fixed_random_1,9376,584.0498,2.631049,0.7872091,1.0,0.0,27.0
exp7_fixed_random_1,9377,647.792,3.3025792,0.49847448,1.0,0.0,26.0
exp7_fixed_random_1,9378,467.42346,4.061855,0.6219682,1.0,0.0,10.0
exp7_fixed_random_1,9379,565.5152,3.6003604,0.59796417,1.0,0.0,14.0
exp7_fixed_random_1,9381,563.3906,2.931955,0.4613913,1.0,0.0,17.0
exp7_fixed_random_1,9382,591.1927,3.480662,0.5026789,1.0,0.0,12.0
exp7_fixed_random_1,9383,608.42444,4.2520733,0.74166965,1.0,0.0,11.0
exp7_fixed_random_1,9384,471.28503,2.0087917,0.787973,1.0,0.0,14.0
exp7_fixed_random_1,9385,523.67706,3.3661482,0.6255183,1.0,0.0,9.0
exp7_fixed_random_1,9386,-205.42451,3.5628603,0.60213566,0.0,1.0,15.0
exp7_fixed_random_1,9387,462.94135,2.2046647,0.8172938,1.0,0.0,13.0
exp7_fixed_random_1,9388,472.7654,3.9403038,0.5486459,1.0,0.0,7.0
exp7_fixed_random_1,9389,531.5935,2.837228,0.45395815,1.0,0.0,17.0
exp7_fixed_random_1,9390,610.69434,3.1927617,0.7061383,1.0,0.0,19.0
exp7_fixed_random_1,9391,600.26807,3.1294272,0.634703,1.0,0.0,19.0
exp7_fixed_random_1,9392,483.637,3.5002651,0.79903793,1.0,0.0,8.0
exp7_fixed_random_1,9393,618.1844,3.4819858,0.65385264,1.0,0.0,18.0
exp7_fixed_random_1,9394,543.0461,3.1926775,0.48155957,1.0,0.0,13.0
exp7_fixed_random_1,9395,-7.098175,3.1062105,0.49608648,0.0,1.0,24.0
exp7_fixed_random_1,9396,-260.1253,1.6662328,0.2838994,0.0,1.0,17.0
exp7_fixed_random_1,9397,578.25256,2.8094158,0.5724582,1.0,0.0,19.0
exp7_fixed_random_1,9398,566.20325,2.939934,0.5298383,1.0,0.0,18.0
exp7_fixed_random_1,9399,573.9525,3.4028769,0.5783475,1.0,0.0,18.0
exp7_fixed_random_1,9401,578.4236,2.2949433,0.5146683,1.0,0.0,27.0
exp7_fixed_random_1,9402,593.0764,2.3906553,0.299478,1.0,0.0,23.0
exp7_fixed_random_1,9403,509.47778,1.4834975,0.26954022,1.0,0.0,55.0
exp7_fixed_random_1,9404,597.56177,3.7698786,0.4270762,1.0,0.0,12.0
exp7_fixed_random_1,9405,-55.825806,3.7984092,0.39209273,0.0,1.0,12.0
exp7_fixed_random_1,9406,-250.12112,3.2284338,0.55406106,0.0,1.0,22.0
exp7_fixed_random_1,9407,634.92737,3.4882202,0.51534563,1.0,0.0,19.0
exp7_fixed_random_1,9408,527.3515,3.1906233,0.54717124,1.0,0.0,10.0
exp7_fixed_random_1,9409,555.53046,3.209147,0.37698236,1.0,0.0,16.0
exp7_fixed_random_1,9410,494.17932,2.8388438,0.76681656,1.0,0.0,8.0
exp7_fixed_random_1,9411,629.90155,3.8005092,0.47565874,1.0,0.0,16.0
exp7_fixed_random_1,9412,557.3398,2.3881948,0.5317792,1.0,0.0,17.0
exp7_fixed_random_1,9413,-290.311,3.1652932,0.42900294,0.0,1.0,5.0
exp7_fixed_random_1,9414,-135.00514,4.6764627,0.41738427,0.0,1.0,6.0
exp7_fixed_random_1,9415,556.14624,2.7318,0.51875484,1.0,0.0,19.0
exp7_fixed_random_1,9416,608.83704,3.2398272,0.44386372,1.0,0.0,21.0
exp7_fixed_random_1,9417,584.4043,3.1932492,0.6524569,1.0,0.0,18.0
exp7_fixed_random_1,9418,598.89197,3.5298736,0.51425934,1.0,0.0,16.0
exp7_fixed_random_1,9419,562.19,3.302815,0.6235423,1.0,0.0,16.0
exp7_fixed_random_1,9421,552.2942,3.0684845,0.8431081,1.0,0.0,18.0
exp7_fixed_random_1,9422,605.9899,3.289315,0.5248579,1.0,0.0,20.0
exp7_fixed_random_1,9423,604.77765,2.7022886,0.72635645,1.0,0.0,27.0
exp7_fixed_random_1,9424,560.5102,3.1078303,0.6554169,1.0,0.0,19.0
exp7_fixed_random_1,9425,545.9348,3.3628645,0.47702315,1.0,0.0,11.0
exp7_fixed_random_1,9426,598.2301,3.120415,0.6026439,1.0,0.0,14.0
exp7_fixed_random_1,9427,620.1582,3.2753394,0.5663245,1.0,0.0,18.0
exp7_fixed_random_1,9428,550.0425,4.5157604,0.5336024,1.0,0.0,9.0
exp7_fixed_random_1,9429,602.1222,3.9417167,0.6516726,1.0,0.0,16.0
exp7_fixed_random_1,9430,508.93988,3.1510344,0.72833365,1.0,0.0,11.0
exp7_fixed_random_1,9431,605.87067,3.577192,0.5726213,1.0,0.0,22.0
exp7_fixed_random_1,9432,513.3604,4.290473,0.60515714,1.0,0.0,9.0
exp7_fixed_random_1,9433,635.8854,3.256778,0.68838555,1.0,0.0,20.0
exp7_fixed_random_1,9434,611.75586,3.3895023,0.35997072,1.0,0.0,19.0
exp7_fixed_random_1,9435,577.97174,3.3663023,0.50592947,1.0,0.0,16.0
exp7_fixed_random_1,9436,533.30457,3.1676412,0.52444404,1.0,0.0,10.0
exp7_fixed_random_1,9437,555.10913,1.7199711,0.29012635,1.0,0.0,41.0
exp7_fixed_random_1,9438,492.99332,2.1726694,0.5261883,1.0,0.0,16.0
exp7_fixed_random_1,9439,458.36194,2.1623487,0.73370016,1.0,0.0,15.0
exp7_fixed_random_1,9441,593.5597,3.6958127,0.5267149,1.0,0.0,14.0
exp7_fixed_random_1,9442,545.39026,4.0316358,0.62210083,1.0,0.0,10.0
exp7_fixed_random_1,9443,606.4002,3.0168192,0.5410196,1.0,0.0,22.0
exp7_fixed_random_1,9444,607.50604,3.4062972,0.59987015,1.0,0.0,18.0
exp7_fixed_random_1,9445,-126.50316,3.3473105,0.31959194,0.0,1.0,8.0
exp7_fixed_random_1,9446,594.36444,3.152009,0.5877038,1.0,0.0,20.0
exp7_fixed_random_1,9447,540.086,2.612867,0.5088205,1.0,0.0,18.0
exp7_fixed_random_1,9448,-346.3808,4.1705427,0.07027929,0.0,1.0,1.0
exp7_fixed_random_1,9449,568.97107,3.6754339,0.4851633,1.0,0.0,17.0
exp7_fixed_random_1,9450,495.6648,1.8329865,0.29129422,1.0,0.0,22.0
exp7_fixed_random_1,9451,655.58875,3.4913592,0.44099456,1.0,0.0,23.0
exp7_fixed_random_1,9452,597.08923,3.817095,0.62266505,1.0,0.0,13.0
exp7_fixed_random_1,9453,645.64905,3.6194782,0.5730025,1.0,0.0,21.0
exp7_fixed_random_1,9454,482.05023,2.7517571,0.70877784,1.0,0.0,13.0
exp7_fixed_random_1,9455,549.2268,2.722081,0.6046153,1.0,0.0,19.0
exp7_fixed_random_1,9456,533.6383,2.2461762,0.7611756,1.0,0.0,22.0
exp7_fixed_random_1,9457,653.4673,3.0415163,0.522839,1.0,0.0,22.0
exp7_fixed_random_1,9458,637.2545,3.673328,0.45335367,1.0,0.0,16.0
exp7_fixed_random_1,9459,532.8883,2.7253242,0.53851736,1.0,0.0,20.0
exp7_fixed_random_1,9461,500.31094,2.7896323,0.6398954,1.0,0.0,10.0
exp7_fixed_random_1,9462,608.5825,3.5466697,0.44389743,1.0,0.0,21.0
exp7_fixed_random_1,9463,552.88336,2.619115,0.43112302,1.0,0.0,28.0
exp7_fixed_random_1,9464,512.3954,3.3100219,0.51724327,1.0,0.0,13.0
exp7_fixed_random_1,9465,438.0229,3.107363,0.7535255,1.0,0.0,11.0
exp7_fixed_random_1,9466,589.33276,3.2499719,0.5966934,1.0,0.0,19.0
exp7_fixed_random_1,9467,585.07245,3.48161,0.5391153,1.0,0.0,19.0
exp7_fixed_random_1,9468,521.3052,2.8347259,0.6507713,1.0,0.0,14.0
exp7_fixed_random_1,9469,621.6942,3.1641433,0.5323448,1.0,0.0,24.0
exp7_fixed_random_1,9470,587.1449,2.8643332,0.5152635,1.0,0.0,22.0
exp7_fixed_random_1,9471,481.5985,3.7420335,0.49524322,1.0,0.0,10.0
exp7_fixed_random_1,9472,622.1155,4.390337,0.5960793,1.0,0.0,13.0
exp7_fixed_random_1,9473,465.98517,1.6197823,0.327014,1.0,0.0,34.0
exp7_fixed_random_1,9474,606.9436,2.8188295,0.3670415,1.0,0.0,22.0
exp7_fixed_random_1,9475,599.1291,2.4121213,0.4902144,1.0,0.0,18.0
exp7_fixed_random_1,9476,527.09924,2.050162,0.30414557,1.0,0.0,42.0
exp7_fixed_random_1,9477,594.15845,3.7833922,0.5547093,1.0,0.0,19.0
exp7_fixed_random_1,9478,648.20044,3.5237434,0.4267944,1.0,0.0,18.0
exp7_fixed_random_1,9479,529.23517,4.1576476,0.37961945,1.0,0.0,6.0
exp7_fixed_random_1,9481,697.0489,3.0289843,0.57676256,1.0,0.0,25.0
exp7_fixed_random_1,9482,525.223,3.1357996,0.44944856,1.0,0.0,14.0
exp7_fixed_random_1,9483,598.3481,3.3692298,0.5876975,1.0,0.0,17.0
exp7_fixed_random_1,9484,593.09314,3.0119114,0.3764859,1.0,0.0,21.0
exp7_fixed_random_1,9485,622.21875,3.7838924,0.5797006,1.0,0.0,16.0
exp7_fixed_random_1,9486,491.33652,1.519088,0.3539833,1.0,0.0,32.0
exp7_fixed_random_1,9487,-298.06448,3.3772006,0.35267884,0.0,1.0,8.0
exp7_fixed_random_1,9488,571.18463,3.0752876,0.63920677,1.0,0.0,18.0
exp7_fixed_random_1,9489,609.0269,2.9359162,0.5006281,1.0,0.0,22.0
exp7_fixed_random_1,9490,582.6601,2.985721,0.7022286,1.0,0.0,19.0
exp7_fixed_random_1,9491,506.46344,1.5987437,0.28148088,1.0,0.0,27.0
exp7_fixed_random_1,9492,566.0735,2.9734182,0.4666186,1.0,0.0,15.0
exp7_fixed_random_1,9493,576.3029,3.5068405,0.6565756,1.0,0.0,15.0
exp7_fixed_random_1,9494,517.0687,2.933318,0.5637351,1.0,0.0,15.0
exp7_fixed_random_1,9495,604.60376,3.0686944,0.378305,1.0,0.0,23.0
exp7_fixed_random_1,9496,541.2521,3.2125793,0.5308263,1.0,0.0,16.0
exp7_fixed_random_1,9497,443.70685,1.8850678,0.5865643,1.0,0.0,13.0
exp7_fixed_random_1,9498,642.89,1.5645628,0.36043566,1.0,0.0,46.0
exp7_fixed_random_1,9499,592.9153,3.0220768,0.512783,1.0,0.0,23.0
exp7_fixed_random_1,9501,593.06995,3.474794,0.52339154,1.0,0.0,21.0
exp7_fixed_random_1,9502,660.68054,3.1669927,0.66749984,1.0,0.0,21.0
exp7_fixed_random_1,9503,-130.8978,3.645545,0.47295544,0.0,1.0,8.0
exp7_fixed_random_1,9504,-83.729095,2.9511235,0.6529499,0.0,1.0,14.0
exp7_fixed_random_1,9505,494.91992,3.1476543,0.58538985,1.0,0.0,8.0
exp7_fixed_random_1,9506,622.8032,3.188009,0.3666983,1.0,0.0,22.0
exp7_fixed_random_1,9507,599.8585,3.5485134,0.7316918,1.0,0.0,16.0
exp7_fixed_random_1,9508,530.83826,1.9672704,0.43544596,1.0,0.0,15.0
exp7_fixed_random_1,9509,607.5046,2.4674814,0.33078682,1.0,0.0,34.0
exp7_fixed_random_1,9510,-311.6571,4.2844963,0.30686766,0.0,1.0,5.0
exp7_fixed_random_1,9511,546.8731,3.2932885,0.5596771,1.0,0.0,16.0
exp7_fixed_random_1,9512,-261.83398,4.0544615,0.65707123,0.0,1.0,7.0
exp7_fixed_random_1,9513,652.0769,3.1399457,0.35445648,1.0,0.0,23.0
exp7_fixed_random_1,9514,605.20215,2.9034028,0.6279965,1.0,0.0,23.0
exp7_fixed_random_1,9515,531.4405,2.9065526,0.3929998,1.0,0.0,14.0
exp7_fixed_random_1,9516,526.45197,3.9966364,0.38168204,1.0,0.0,8.0
exp7_fixed_random_1,9517,525.0791,3.236507,0.6690194,1.0,0.0,13.0
exp7_fixed_random_1,9518,-220.08267,3.2233496,0.49360466,0.0,1.0,12.0
exp7_fixed_random_1,9519,540.72705,3.8828065,0.5061526,1.0,0.0,11.0
exp7_fixed_random_1,9521,598.3431,3.387646,0.6781891,1.0,0.0,19.0
exp7_fixed_random_1,9522,625.0968,3.8669572,0.60827136,1.0,0.0,16.0
exp7_fixed_random_1,9523,575.96594,2.8746796,0.5871961,1.0,0.0,16.0
exp7_fixed_random_1,9524,598.30835,2.5206969,0.38518813,1.0,0.0,29.0
exp7_fixed_random_1,9525,-326.68262,3.4547558,0.33803338,0.0,1.0,4.0
exp7_fixed_random_1,9526,560.7224,2.8923037,0.44875056,1.0,0.0,18.0
exp7_fixed_random_1,9527,-253.26941,2.5261571,0.50494444,0.0,1.0,23.0
exp7_fixed_random_1,9528,548.06476,3.1013505,0.49171406,1.0,0.0,13.0
exp7_fixed_random_1,9529,554.7645,3.0916636,0.6347714,1.0,0.0,17.0
exp7_fixed_random_1,9530,-75.933044,4.2313375,0.4710991,0.0,1.0,13.0
exp7_fixed_random_1,9531,588.7285,3.9127998,0.6233416,1.0,0.0,12.0
exp7_fixed_random_1,9532,-260.92758,1.3986185,0.24382026,0.0,1.0,54.0
exp7_fixed_random_1,9533,607.8145,3.8669035,0.56184393,1.0,0.0,11.0
exp7_fixed_random_1,9534,595.06256,2.462509,0.48011568,1.0,0.0,32.0
exp7_fixed_random_1,9535,-129.53258,3.9492228,0.4705095,0.0,1.0,13.0
exp7_fixed_random_1,9536,540.25006,2.9254968,0.345939,1.0,0.0,15.0
exp7_fixed_random_1,9537,-259.68423,4.2926702,0.5820876,0.0,1.0,7.0
exp7_fixed_random_1,9538,-219.14249,3.2506096,0.5909806,0.0,1.0,15.0
exp7_fixed_random_1,9539,550.1225,2.5115037,0.7469373,1.0,0.0,25.0
exp7_fixed_random_1,9541,528.4151,3.490575,0.60372585,1.0,0.0,12.0
exp7_fixed_random_1,9542,639.76556,2.6085322,0.3662005,1.0,0.0,31.0
exp7_fixed_random_1,9543,582.5,2.4849074,0.33486465,1.0,0.0,28.0
exp7_fixed_random_1,9544,562.80304,3.738362,0.45917585,1.0,0.0,11.0
exp7_fixed_random_1,9545,616.9506,2.8467102,0.50428474,1.0,0.0,28.0
exp7_fixed_random_1,9546,630.2516,2.0964446,0.33232623,1.0,0.0,37.0
exp7_fixed_random_1,9547,619.7997,3.9241068,0.38294584,1.0,0.0,15.0
exp7_fixed_random_1,9548,562.0909,2.5607858,0.37934077,1.0,0.0,19.0
exp7_fixed_random_1,9549,641.26373,3.2422867,0.590606,1.0,0.0,22.0
exp7_fixed_random_1,9550,557.81274,3.0513542,0.62355477,1.0,0.0,15.0
exp7_fixed_random_1,9551,561.29913,3.8804965,0.6148827,1.0,0.0,15.0
exp7_fixed_random_1,9552,525.8848,3.462109,0.6653774,1.0,0.0,18.0
exp7_fixed_random_1,9553,601.88745,4.0060744,0.559112,1.0,0.0,19.0
exp7_fixed_random_1,9554,604.2083,3.372634,0.6373697,1.0,0.0,22.0
exp7_fixed_random_1,9555,-218.45033,3.2196524,0.37707758,0.0,1.0,13.0
exp7_fixed_random_1,9556,632.6787,3.2133904,0.46370235,1.0,0.0,19.0
exp7_fixed_random_1,9557,526.29333,3.156175,0.6182461,1.0,0.0,13.0
exp7_fixed_random_1,9558,572.3168,3.0600631,0.65968955,1.0,0.0,14.0
exp7_fixed_random_1,9559,512.915,2.3138037,0.5070582,1.0,0.0,19.0
exp7_fixed_random_1,9561,601.5657,2.6000042,0.3715967,1.0,0.0,33.0
exp7_fixed_random_1,9562,550.2495,2.3718443,0.350581,1.0,0.0,25.0
exp7_fixed_random_1,9563,604.8151,3.7336617,0.6166031,1.0,0.0,17.0
exp7_fixed_random_1,9564,519.9918,3.023395,0.6559368,1.0,0.0,15.0
exp7_fixed_random_1,9565,526.2373,2.7841399,0.25608766,1.0,0.0,9.0
exp7_fixed_random_1,9566,572.19763,3.7427976,0.6195191,1.0,0.0,14.0
exp7_fixed_random_1,9567,588.46295,3.687734,0.38997406,1.0,0.0,13.0
exp7_fixed_random_1,9568,-257.99533,3.9274032,0.30590522,0.0,1.0,11.0
exp7_fixed_random_1,9569,534.0984,1.9001784,0.34991357,1.0,0.0,18.0
exp7_fixed_random_1,9570,460.64258,2.0438075,0.5589236,1.0,0.0,13.0
exp7_fixed_random_1,9571,600.381,3.521092,0.48211473,1.0,0.0,17.0
exp7_fixed_random_1,9572,556.3827,3.5198436,0.74888676,1.0,0.0,13.0
exp7_fixed_random_1,9573,544.3127,3.8736846,0.51484627,1.0,0.0,10.0
exp7_fixed_random_1,9574,-147.1341,4.5185494,0.62684387,0.0,1.0,6.0
exp7_fixed_random_1,9575,-153.33466,3.7721097,0.63290673,0.0,1.0,11.0
exp7_fixed_random_1,9576,639.0124,2.5889757,0.65988,1.0,0.0,27.0
exp7_fixed_random_1,9577,483.65045,2.751485,0.43359032,1.0,0.0,10.0
exp7_fixed_random_1,9578,466.94263,2.6180832,0.67806727,1.0,0.0,14.0
exp7_fixed_random_1,9579,587.1252,2.9918692,0.62678933,1.0,0.0,21.0
exp7_fixed_random_1,9581,509.88785,2.0200596,0.81262267,1.0,0.0,29.0
exp7_fixed_random_1,9582,522.3567,2.0402339,0.4653977,1.0,0.0,14.0
exp7_fixed_random_1,9583,604.294,3.359032,0.5345111,1.0,0.0,17.0
exp7_fixed_random_1,9584,531.3762,2.1367402,0.30686188,1.0,0.0,15.0
exp7_fixed_random_1,9585,587.1771,3.9422293,0.5641417,1.0,0.0,16.0
exp7_fixed_random_1,9586,589.0563,3.5376267,0.61611396,1.0,0.0,15.0
exp7_fixed_random_1,9587,571.69214,2.9398122,0.6269549,1.0,0.0,18.0
exp7_fixed_random_1,9588,-267.63776,3.8072312,0.467616,0.0,1.0,8.0
exp7_fixed_random_1,9589,607.22144,3.8709636,0.5791674,1.0,0.0,15.0
exp7_fixed_random_1,9590,614.33984,3.4216046,0.5088156,1.0,0.0,13.0
exp7_fixed_random_1,9591,629.04865,2.9600296,0.61562973,1.0,0.0,22.0
exp7_fixed_random_1,9592,545.6399,2.7888803,0.41408268,1.0,0.0,18.0
exp7_fixed_random_1,9593,511.40262,2.4419093,0.56217617,1.0,0.0,11.0
exp7_fixed_random_1,9594,499.92987,3.1001492,0.67350477,1.0,0.0,14.0
exp7_fixed_random_1,9595,531.9851,3.4102862,0.6380172,1.0,0.0,17.0
exp7_fixed_random_1,9596,478.54846,2.6322353,0.6315402,1.0,0.0,12.0
exp7_fixed_random_1,9597,592.8357,3.118917,0.5965985,1.0,0.0,22.0
exp7_fixed_random_1,9598,603.5975,2.6226957,0.34792775,1.0,0.0,30.0
exp7_fixed_random_1,9599,666.6546,3.8761225,0.58241147,1.0,0.0,18.0
exp7_fixed_random_1,9601,601.10815,4.005549,0.3163374,1.0,0.0,10.0
exp7_fixed_random_1,9602,607.2783,3.5186338,0.61316335,1.0,0.0,19.0
exp7_fixed_random_1,9603,-35.482773,4.033407,0.54304457,0.0,1.0,16.0
exp7_fixed_random_1,9604,573.2509,2.9676352,0.5775243,1.0,0.0,18.0
exp7_fixed_random_1,9605,508.1345,2.7690256,0.49936488,1.0,0.0,15.0
exp7_fixed_random_1,9606,511.95496,2.9283588,0.69206125,1.0,0.0,15.0
exp7_fixed_random_1,9607,558.05536,3.007916,0.50619847,1.0,0.0,17.0
exp7_fixed_random_1,9608,554.1173,4.4397454,0.41134188,1.0,0.0,8.0
exp7_fixed_random_1,9609,528.9115,2.9864058,0.7042841,1.0,0.0,15.0
exp7_fixed_random_1,9610,593.7539,3.0547698,0.44981602,1.0,0.0,26.0
exp7_fixed_random_1,9611,581.4302,4.312903,0.44825777,1.0,0.0,12.0
exp7_fixed_random_1,9612,518.98773,2.7466962,0.6180713,1.0,0.0,22.0
exp7_fixed_random_1,9613,623.5912,3.8112597,0.61172307,1.0,0.0,16.0
exp7_fixed_random_1,9614,564.81946,3.6164856,0.62594676,1.0,0.0,16.0
exp7_fixed_random_1,9615,563.72314,1.6098244,0.25212073,1.0,0.0,52.0
exp7_fixed_random_1,9616,566.86163,3.4442518,0.5918958,1.0,0.0,13.0
exp7_fixed_random_1,9617,526.5911,2.127415,0.407361,1.0,0.0,31.0
exp7_fixed_random_1,9618,644.102,4.2361174,0.4156709,1.0,0.0,13.0
exp7_fixed_random_1,9619,496.54083,2.441318,0.40884215,1.0,0.0,13.0
exp7_fixed_random_1,9621,567.5959,3.3481853,0.6516856,1.0,0.0,13.0
exp7_fixed_random_1,9622,522.4584,2.9002059,0.51708347,1.0,0.0,19.0
exp7_fixed_random_1,9623,-230.40317,1.935359,0.26771846,0.0,1.0,19.0
exp7_fixed_random_1,9624,-230.8948,4.1372337,0.3368985,0.0,1.0,10.0
exp7_fixed_random_1,9625,647.50244,3.847242,0.5524411,1.0,0.0,18.0
exp7_fixed_random_1,9626,523.91766,3.057411,0.7349884,1.0,0.0,15.0
exp7_fixed_random_1,9627,591.8708,2.6677923,0.4607882,1.0,0.0,29.0
exp7_fixed_random_1,9628,558.0562,3.505025,0.53058505,1.0,0.0,15.0
exp7_fixed_random_1,9629,567.92786,3.5766873,0.39275983,1.0,0.0,13.0
exp7_fixed_random_1,9630,612.6185,3.5527241,0.4582623,1.0,0.0,20.0
exp7_fixed_random_1,9631,575.53906,3.1508439,0.53820807,1.0,0.0,18.0
exp7_fixed_random_1,9632,579.2335,2.8349738,0.6189608,1.0,0.0,23.0
exp7_fixed_random_1,9633,597.90985,2.1050196,0.3942538,1.0,0.0,41.0
exp7_fixed_random_1,9634,548.7427,1.7481121,0.46824098,1.0,0.0,29.0
exp7_fixed_random_1,9635,520.0945,2.329704,0.46702805,1.0,0.0,17.0
exp7_fixed_random_1,9636,554.4978,3.2133996,0.58284676,1.0,0.0,14.0
exp7_fixed_random_1,9637,-159.55783,3.6387663,0.54770035,0.0,1.0,15.0
exp7_fixed_random_1,9638,582.35876,3.3440807,0.4876812,1.0,0.0,20.0
exp7_fixed_random_1,9639,538.7195,3.6807456,0.56962574,1.0,0.0,16.0
exp7_fixed_random_1,9641,595.3929,2.972548,0.5424954,1.0,0.0,22.0
exp7_fixed_random_1,9642,592.1815,3.4814901,0.52357423,1.0,0.0,17.0
exp7_fixed_random_1,9643,691.67017,3.9725125,0.49237776,1.0,0.0,18.0
exp7_fixed_random_1,9644,592.5614,3.263912,0.4312844,1.0,0.0,16.0
exp7_fixed_random_1,9645,558.3135,3.4054441,0.65226275,1.0,0.0,13.0
exp7_fixed_random_1,9646,651.18176,2.7001772,0.5426824,1.0,0.0,33.0
exp7_fixed_random_1,9647,560.2946,3.0951545,0.4874452,1.0,0.0,18.0
exp7_fixed_random_1,9648,540.9704,3.493102,0.5622157,1.0,0.0,16.0
exp7_fixed_random_1,9649,557.1181,2.9724035,0.58782727,1.0,0.0,16.0
exp7_fixed_random_1,9650,606.9181,2.9229417,0.52677476,1.0,0.0,20.0
exp7_fixed_random_1,9651,545.1448,4.1178474,0.36184564,1.0,0.0,8.0
exp7_fixed_random_1,9652,494.27173,3.6896455,0.43938172,1.0,0.0,9.0
exp7_fixed_random_1,9653,605.23157,2.9612677,0.56713,1.0,0.0,20.0
exp7_fixed_random_1,9654,605.80994,3.4706516,0.6159575,1.0,0.0,18.0
exp7_fixed_random_1,9655,528.15344,1.9692588,0.33527952,1.0,0.0,27.0
exp7_fixed_random_1,9656,556.37256,3.0527802,0.6486596,1.0,0.0,14.0
exp7_fixed_random_1,9657,536.97864,2.5117857,0.32100388,1.0,0.0,19.0
exp7_fixed_random_1,9658,549.75134,3.0700083,0.618486,1.0,0.0,22.0
exp7_fixed_random_1,9659,632.6497,3.4881992,0.5810617,1.0,0.0,20.0
exp7_fixed_random_1,9661,562.7582,3.1513674,0.5848173,1.0,0.0,22.0
exp7_fixed_random_1,9662,645.12573,2.63042,0.35138154,1.0,0.0,31.0
exp7_fixed_random_1,9663,512.9289,3.7686691,0.49800757,1.0,0.0,12.0
exp7_fixed_random_1,9664,592.70966,3.6419635,0.4768823,1.0,0.0,16.0
exp7_fixed_random_1,9665,537.68005,3.6847804,0.6203653,1.0,0.0,12.0
exp7_fixed_random_1,9666,622.87366,3.452378,0.47077674,1.0,0.0,21.0
exp7_fixed_random_1,9667,533.4352,2.8024867,0.367196,1.0,0.0,15.0
exp7_fixed_random_1,9668,540.16986,2.9231727,0.6479959,1.0,0.0,17.0
exp7_fixed_random_1,9669,524.12573,3.3303444,0.5229168,1.0,0.0,10.0
exp7_fixed_random_1,9670,604.4589,2.3129835,0.4595484,1.0,0.0,25.0
exp7_fixed_random_1,9671,562.21,3.3501823,0.5897608,1.0,0.0,18.0
exp7_fixed_random_1,9672,515.6653,3.357955,0.5342105,1.0,0.0,12.0
exp7_fixed_random_1,9673,551.53503,3.5514421,0.59682995,1.0,0.0,16.0
exp7_fixed_random_1,9674,538.95764,3.506067,0.6638258,1.0,0.0,12.0
exp7_fixed_random_1,9675,493.92105,1.6908022,0.38540614,1.0,0.0,21.0
exp7_fixed_random_1,9676,569.5498,3.3671389,0.5658184,1.0,0.0,16.0
exp7_fixed_random_1,9677,547.8664,2.6818588,0.46312606,1.0,0.0,23.0
exp7_fixed_random_1,9678,-134.64545,2.5202246,0.39025894,0.0,1.0,13.0
exp7_fixed_random_1,9679,614.8139,2.8400738,0.55690664,1.0,0.0,21.0
exp7_fixed_random_1,9681,539.9822,3.166109,0.7661601,1.0,0.0,17.0
exp7_fixed_random_1,9682,583.975,3.7910721,0.5879118,1.0,0.0,14.0
exp7_fixed_random_1,9683,677.87,2.9769182,0.5369893,1.0,0.0,26.0
exp7_fixed_random_1,9684,590.58295,3.4692938,0.6671926,1.0,0.0,15.0
exp7_fixed_random_1,9685,575.6147,2.9615188,0.7017303,1.0,0.0,22.0
exp7_fixed_random_1,9686,-326.7437,4.8018837,0.83088076,0.0,1.0,2.0
exp7_fixed_random_1,9687,-174.41658,3.5135965,0.54665494,0.0,1.0,22.0
exp7_fixed_random_1,9688,-296.24893,3.6428647,0.5201918,0.0,1.0,8.0
exp7_fixed_random_1,9689,576.18616,4.0075254,0.4489371,1.0,0.0,14.0
exp7_fixed_random_1,9690,583.13947,2.255036,0.5042821,1.0,0.0,22.0
exp7_fixed_random_1,9691,485.59256,2.0475693,0.4355297,1.0,0.0,25.0
exp7_fixed_random_1,9692,-87.880936,2.4682376,0.47834867,0.0,1.0,26.0
exp7_fixed_random_1,9693,506.79572,1.4162922,0.24826258,1.0,0.0,47.0
exp7_fixed_random_1,9694,669.0635,3.343361,0.6689592,1.0,0.0,24.0
exp7_fixed_random_1,9695,520.7623,3.1146822,0.5839605,1.0,0.0,18.0
exp7_fixed_random_1,9696,579.0486,3.7104475,0.5088449,1.0,0.0,14.0
exp7_fixed_random_1,9697,574.4742,2.9755418,0.5096085,1.0,0.0,20.0
exp7_fixed_random_1,9698,-288.8176,4.21697,0.60334104,0.0,1.0,6.0
exp7_fixed_random_1,9699,657.3865,3.199833,0.6072281,1.0,0.0,17.0
exp7_fixed_random_1,9701,568.0625,2.7066822,0.44190437,1.0,0.0,17.0
exp7_fixed_random_1,9702,552.66895,3.076986,0.6758052,1.0,0.0,18.0
exp7_fixed_random_1,9703,500.59534,3.2689278,0.6544153,1.0,0.0,8.0
exp7_fixed_random_1,9704,534.025,3.5580215,0.6287744,1.0,0.0,10.0
exp7_fixed_random_1,9705,612.92615,3.5821004,0.6319833,1.0,0.0,16.0
exp7_fixed_random_1,9706,545.9247,3.3731537,0.61142313,1.0,0.0,14.0
exp7_fixed_random_1,9707,548.83154,3.215763,0.6182283,1.0,0.0,17.0
exp7_fixed_random_1,9708,561.808,3.7037947,0.6580446,1.0,0.0,12.0
exp7_fixed_random_1,9709,599.19446,3.525642,0.6207946,1.0,0.0,16.0
exp7_fixed_random_1,9710,652.83636,3.8453562,0.50201887,1.0,0.0,16.0
exp7_fixed_random_1,9711,618.871,3.0012987,0.5144438,1.0,0.0,22.0
exp7_fixed_random_1,9712,578.7327,3.1378894,0.7068212,1.0,0.0,13.0
exp7_fixed_random_1,9713,603.67456,2.3718812,0.3716324,1.0,0.0,29.0
exp7_fixed_random_1,9714,618.7743,3.385511,0.678944,1.0,0.0,20.0
exp7_fixed_random_1,9715,529.6308,3.158349,0.3466251,1.0,0.0,12.0
exp7_fixed_random_1,9716,612.43555,3.2742655,0.4834768,1.0,0.0,21.0
exp7_fixed_random_1,9717,544.48206,3.1895037,0.4691231,1.0,0.0,16.0
exp7_fixed_random_1,9718,617.6737,2.6263354,0.3206922,1.0,0.0,27.0
exp7_fixed_random_1,9719,582.1068,3.3564522,0.64545053,1.0,0.0,19.0
exp7_fixed_random_1,9721,546.8191,1.7968951,0.3144226,1.0,0.0,36.0
exp7_fixed_random_1,9722,653.15173,3.672223,0.5793148,1.0,0.0,21.0
exp7_fixed_random_1,9723,586.25824,3.4839733,0.68701756,1.0,0.0,15.0
exp7_fixed_random_1,9724,553.38293,2.5210152,0.58134234,1.0,0.0,18.0
exp7_fixed_random_1,9725,555.51404,3.2529304,0.605352,1.0,0.0,14.0
exp7_fixed_random_1,9726,520.60095,1.311534,0.24763705,1.0,0.0,64.0
exp7_fixed_random_1,9727,606.35535,2.747742,0.5448307,1.0,0.0,26.0
exp7_fixed_random_1,9728,649.9049,2.8593347,0.46415734,1.0,0.0,27.0
exp7_fixed_random_1,9729,-141.43547,2.7479887,0.41820326,0.0,1.0,11.0
exp7_fixed_random_1,9730,580.0141,3.1655068,0.6646641,1.0,0.0,16.0
exp7_fixed_random_1,9731,475.12048,3.4835572,0.5386296,1.0,0.0,7.0
exp7_fixed_random_1,9732,598.4192,3.3298256,0.5050091,1.0,0.0,15.0
exp7_fixed_random_1,9733,-215.93555,3.5160646,0.6037331,0.0,1.0,13.0
exp7_fixed_random_1,9734,551.0221,1.8409618,0.40857264,1.0,0.0,25.0
exp7_fixed_random_1,9735,591.70593,3.6154919,0.40442175,1.0,0.0,14.0
exp7_fixed_random_1,9736,638.2082,3.5376666,0.41184804,1.0,0.0,14.0
exp7_fixed_random_1,9737,555.3241,3.059422,0.5251234,1.0,0.0,19.0
exp7_fixed_random_1,9738,563.2348,2.995713,0.5046409,1.0,0.0,19.0
exp7_fixed_random_1,9739,567.5122,4.165164,0.50540316,1.0,0.0,10.0
exp7_fixed_random_1,9741,-172.34116,4.276463,0.61635894,0.0,1.0,5.0
exp7_fixed_random_1,9742,628.4924,3.1238496,0.5092096,1.0,0.0,22.0
exp7_fixed_random_1,9743,584.1466,3.928036,0.546993,1.0,0.0,15.0
exp7_fixed_random_1,9744,505.2824,2.4155893,0.45536646,1.0,0.0,21.0
exp7_fixed_random_1,9745,-271.91235,1.5477031,0.36051312,0.0,1.0,24.0
exp7_fixed_random_1,9746,-314.08463,4.754078,0.4691515,0.0,1.0,2.0
exp7_fixed_random_1,9747,645.46484,3.7129965,0.6037289,1.0,0.0,16.0
exp7_fixed_random_1,9748,571.56635,3.8303542,0.48833388,1.0,0.0,14.0
exp7_fixed_random_1,9749,501.24942,2.128067,0.4724341,1.0,0.0,13.0
exp7_fixed_random_1,9750,-260.83405,3.470431,0.5586398,0.0,1.0,15.0
exp7_fixed_random_1,9751,538.8633,2.863687,0.5621392,1.0,0.0,15.0
exp7_fixed_random_1,9752,594.81714,3.543685,0.6473174,1.0,0.0,16.0
exp7_fixed_random_1,9753,-153.86008,3.6801553,0.45521134,0.0,1.0,5.0
exp7_fixed_random_1,9754,587.82385,3.0631976,0.648774,1.0,0.0,20.0
exp7_fixed_random_1,9755,655.93835,3.4793293,0.4137033,1.0,0.0,21.0
exp7_fixed_random_1,9756,559.59454,2.846912,0.62832683,1.0,0.0,18.0
exp7_fixed_random_1,9757,540.70856,2.7604058,0.5792229,1.0,0.0,15.0
exp7_fixed_random_1,9758,648.16534,3.6608546,0.46899134,1.0,0.0,19.0
exp7_fixed_random_1,9759,535.8025,4.4467006,0.5887584,1.0,0.0,9.0
exp7_fixed_random_1,9761,-119.59865,1.9145745,0.38409838,0.0,1.0,24.0
exp7_fixed_random_1,9762,521.3519,2.5623126,0.6618084,1.0,0.0,17.0
exp7_fixed_random_1,9763,537.6738,2.3400557,0.7532828,1.0,0.0,23.0
exp7_fixed_random_1,9764,-315.82794,2.6625638,0.5935496,0.0,1.0,5.0
exp7_fixed_random_1,9765,570.4031,2.9409947,0.3800607,1.0,0.0,14.0
exp7_fixed_random_1,9766,621.26886,4.3682795,0.66501313,1.0,0.0,14.0
exp7_fixed_random_1,9767,-333.03708,3.5984037,0.3343484,0.0,1.0,7.0
exp7_fixed_random_1,9768,519.32764,3.7698157,0.5329306,1.0,0.0,13.0
exp7_fixed_random_1,9769,570.677,3.324598,0.7060619,1.0,0.0,18.0
exp7_fixed_random_1,9770,528.51605,1.5518502,0.24455358,1.0,0.0,44.0
exp7_fixed_random_1,9771,539.0167,3.7604482,0.666213,1.0,0.0,12.0
exp7_fixed_random_1,9772,531.33276,2.4143896,0.5852431,1.0,0.0,18.0
exp7_fixed_random_1,9773,473.60434,2.9362283,0.42165095,1.0,0.0,10.0
exp7_fixed_random_1,9774,547.974,2.3561883,0.36810926,1.0,0.0,22.0
exp7_fixed_random_1,9775,-139.65479,4.2615438,0.5302831,0.0,1.0,6.0
exp7_fixed_random_1,9776,538.20197,2.1532917,0.31382152,1.0,0.0,24.0
exp7_fixed_random_1,9777,524.6058,2.6668289,0.58072734,1.0,0.0,18.0
exp7_fixed_random_1,9778,649.6146,3.2468932,0.5264938,1.0,0.0,22.0
exp7_fixed_random_1,9779,-80.98928,2.8864706,0.3943405,0.0,1.0,16.0
exp7_fixed_random_1,9781,543.20593,2.4811826,0.5290844,1.0,0.0,23.0
exp7_fixed_random_1,9782,530.27747,3.9552796,0.4381858,1.0,0.0,11.0
exp7_fixed_random_1,9783,556.7169,3.560678,0.34844348,1.0,0.0,11.0
exp7_fixed_random_1,9784,553.42566,2.8119965,0.65022415,1.0,0.0,17.0
exp7_fixed_random_1,9785,563.16516,2.9579263,0.38518798,1.0,0.0,18.0
exp7_fixed_random_1,9786,592.3276,3.0934978,0.50637615,1.0,0.0,18.0
exp7_fixed_random_1,9787,630.7976,2.5862167,0.4369538,1.0,0.0,31.0
exp7_fixed_random_1,9788,542.4411,3.2072988,0.40394932,1.0,0.0,14.0
exp7_fixed_random_1,9789,494.99182,3.0533185,0.56200707,1.0,0.0,8.0
exp7_fixed_random_1,9790,501.09564,2.8530874,0.71929485,1.0,0.0,13.0
exp7_fixed_random_1,9791,624.3496,2.7748911,0.3988967,1.0,0.0,22.0
exp7_fixed_random_1,9792,581.7268,3.1277716,0.5255388,1.0,0.0,13.0
exp7_fixed_random_1,9793,574.735,2.8461015,0.6657455,1.0,0.0,24.0
exp7_fixed_random_1,9794,548.0145,3.0940223,0.59735,1.0,0.0,13.0
exp7_fixed_random_1,9795,516.32074,4.225999,0.55469066,1.0,0.0,13.0
exp7_fixed_random_1,9796,-260.25238,3.7322469,0.44183105,0.0,1.0,8.0
exp7_fixed_random_1,9797,652.92505,4.009428,0.32533044,1.0,0.0,18.0
exp7_fixed_random_1,9798,517.94543,3.3292875,0.70727944,1.0,0.0,9.0
exp7_fixed_random_1,9799,557.7167,1.6855149,0.27427617,1.0,0.0,55.0
exp7_fixed_random_1,9801,560.52686,3.6695442,0.38274443,1.0,0.0,12.0
exp7_fixed_random_1,9802,513.1127,2.7589462,0.7393457,1.0,0.0,15.0
exp7_fixed_random_1,9803,642.979,3.0910823,0.40444997,1.0,0.0,26.0
exp7_fixed_random_1,9804,571.6898,1.9920311,0.81694794,1.0,0.0,28.0
exp7_fixed_random_1,9805,523.4227,2.3549616,0.35660288,1.0,0.0,19.0
exp7_fixed_random_1,9806,587.55066,3.3627317,0.5790482,1.0,0.0,22.0
exp7_fixed_random_1,9807,571.33704,2.1724122,0.3285436,1.0,0.0,31.0
exp7_fixed_random_1,9808,-225.7724,4.1072917,0.5765182,0.0,1.0,10.0
exp7_fixed_random_1,9809,650.3504,2.9053793,0.6504152,1.0,0.0,22.0
exp7_fixed_random_1,9810,525.39386,3.0174105,0.3592398,1.0,0.0,15.0
exp7_fixed_random_1,9811,568.8079,3.082873,0.61094904,1.0,0.0,20.0
exp7_fixed_random_1,9812,-71.29953,2.8228989,0.34847042,0.0,1.0,14.0
exp7_fixed_random_1,9813,538.7995,3.3660226,0.5779316,1.0,0.0,16.0
exp7_fixed_random_1,9814,592.4667,3.4605794,0.6034791,1.0,0.0,20.0
exp7_fixed_random_1,9815,534.4935,3.8196433,0.58299434,1.0,0.0,11.0
exp7_fixed_random_1,9816,563.2501,2.1279523,0.51725745,1.0,0.0,25.0
exp7_fixed_random_1,9817,-285.4491,3.7805026,0.5956426,0.0,1.0,13.0
exp7_fixed_random_1,9818,595.0375,2.9054976,0.53446466,1.0,0.0,25.0
exp7_fixed_random_1,9819,487.19345,2.746206,0.4628341,1.0,0.0,17.0
exp7_fixed_random_1,9821,-40.067398,3.3028693,0.41798785,0.0,1.0,18.0
exp7_fixed_random_1,9822,544.04877,2.5736935,0.58644885,1.0,0.0,21.0
exp7_fixed_random_1,9823,602.5354,2.8400986,0.4945544,1.0,0.0,22.0
exp7_fixed_random_1,9824,555.11945,3.1020517,0.60047317,1.0,0.0,19.0
exp7_fixed_random_1,9825,632.6008,3.537873,0.63023514,1.0,0.0,15.0
exp7_fixed_random_1,9826,-62.71039,3.581028,0.5173819,0.0,1.0,13.0
exp7_fixed_random_1,9827,652.3727,3.504196,0.46799716,1.0,0.0,23.0
exp7_fixed_random_1,9828,519.5179,2.5841553,0.46158358,1.0,0.0,19.0
exp7_fixed_random_1,9829,599.6702,3.235617,0.6379901,1.0,0.0,22.0
exp7_fixed_random_1,9830,-132.10901,4.382968,0.5348289,0.0,1.0,7.0
exp7_fixed_random_1,9831,601.79333,3.2646887,0.46915662,1.0,0.0,16.0
exp7_fixed_random_1,9832,634.0304,2.2651498,0.31149834,1.0,0.0,35.0
exp7_fixed_random_1,9833,595.047,3.1639693,0.52967304,1.0,0.0,22.0
exp7_fixed_random_1,9834,534.4209,3.792183,0.4925492,1.0,0.0,13.0
exp7_fixed_random_1,9835,568.6956,3.3799982,0.7169363,1.0,0.0,16.0
exp7_fixed_random_1,9836,624.83936,3.1275818,0.4835031,1.0,0.0,20.0
exp7_fixed_random_1,9837,605.8146,3.375504,0.55815744,1.0,0.0,19.0
exp7_fixed_random_1,9838,-145.94084,3.7541325,0.3628412,0.0,1.0,7.0
exp7_fixed_random_1,9839,542.9104,3.0342555,0.46509218,1.0,0.0,15.0
exp7_fixed_random_1,9841,606.6302,3.440003,0.5382634,1.0,0.0,20.0
exp7_fixed_random_1,9842,537.5075,3.0041633,0.44652852,1.0,0.0,16.0
exp7_fixed_random_1,9843,531.081,3.1792212,0.56883186,1.0,0.0,13.0
exp7_fixed_random_1,9844,573.4799,3.6445591,0.5818403,1.0,0.0,15.0
exp7_fixed_random_1,9845,598.30035,4.0459805,0.60809636,1.0,0.0,13.0
exp7_fixed_random_1,9846,550.03674,3.473763,0.62881106,1.0,0.0,19.0
exp7_fixed_random_1,9847,590.5142,3.407172,0.5045441,1.0,0.0,14.0
exp7_fixed_random_1,9848,571.3611,4.176059,0.66556066,1.0,0.0,12.0
exp7_fixed_random_1,9849,479.1071,2.9537458,0.6016474,1.0,0.0,16.0
exp7_fixed_random_1,9850,625.5447,3.7857547,0.5330807,1.0,0.0,16.0
exp7_fixed_random_1,9851,630.7395,2.5074997,0.5188666,1.0,0.0,22.0
exp7_fixed_random_1,9852,682.1228,3.0644107,0.5584322,1.0,0.0,21.0
exp7_fixed_random_1,9853,466.7,1.9182072,0.6492091,1.0,0.0,12.0
exp7_fixed_random_1,9854,610.5033,2.716674,0.49399638,1.0,0.0,19.0
exp7_fixed_random_1,9855,589.39984,3.4133582,0.52000415,1.0,0.0,16.0
exp7_fixed_random_1,9856,567.64386,4.307102,0.66309404,1.0,0.0,11.0
exp7_fixed_random_1,9857,447.05203,2.145278,0.47779432,1.0,0.0,18.0
exp7_fixed_random_1,9858,602.117,3.3580616,0.5822557,1.0,0.0,16.0
exp7_fixed_random_1,9859,571.6996,4.2716246,0.71687686,1.0,0.0,11.0
exp7_fixed_random_1,9861,525.2772,4.450254,0.5318463,1.0,0.0,9.0
exp7_fixed_random_1,9862,603.6644,2.6667194,0.41237307,1.0,0.0,28.0
exp7_fixed_random_1,9863,511.07135,2.300663,0.49996185,1.0,0.0,20.0
exp7_fixed_random_1,9864,-19.319626,3.6587076,0.48812804,0.0,1.0,15.0
exp7_fixed_random_1,9865,-93.84674,4.321554,0.5666452,0.0,1.0,8.0
exp7_fixed_random_1,9866,564.0554,1.7299813,0.25255704,1.0,0.0,47.0
exp7_fixed_random_1,9867,525.2779,3.952778,0.41496417,1.0,0.0,11.0
exp7_fixed_random_1,9868,-81.78069,4.2529073,0.41265193,0.0,1.0,9.0
exp7_fixed_random_1,9869,-116.30381,4.231625,0.5938338,0.0,1.0,10.0
exp7_fixed_random_1,9870,556.70966,3.5290585,0.5585424,1.0,0.0,14.0
exp7_fixed_random_1,9871,524.0879,2.5480053,0.40802413,1.0,0.0,17.0
exp7_fixed_random_1,9872,-280.82086,4.2825985,0.530037,0.0,1.0,6.0
exp7_fixed_random_1,9873,526.4761,2.6532135,0.3264712,1.0,0.0,13.0
exp7_fixed_random_1,9874,644.05347,3.330512,0.54060143,1.0,0.0,22.0
exp7_fixed_random_1,9875,512.3542,3.4141579,0.6564663,1.0,0.0,12.0
exp7_fixed_random_1,9876,608.68427,4.3003263,0.6759338,1.0,0.0,14.0
exp7_fixed_random_1,9877,518.4936,1.9238142,0.2633977,1.0,0.0,21.0
exp7_fixed_random_1,9878,-0.19436646,2.960043,0.53099215,0.0,1.0,21.0
exp7_fixed_random_1,9879,616.57404,3.1119149,0.39945373,1.0,0.0,19.0
exp7_fixed_random_1,9881,469.44232,2.8631217,0.6867324,1.0,0.0,10.0
exp7_fixed_random_1,9882,546.7809,2.916052,0.4052518,1.0,0.0,15.0
exp7_fixed_random_1,9883,631.2703,3.0218618,0.54026777,1.0,0.0,22.0
exp7_fixed_random_1,9884,613.44727,3.7519536,0.67414004,1.0,0.0,17.0
exp7_fixed_random_1,9885,-87.7434,3.176462,0.53074974,0.0,1.0,13.0
exp7_fixed_random_1,9886,-233.17902,3.7006772,0.48826545,0.0,1.0,14.0
exp7_fixed_random_1,9887,556.35175,2.8339298,0.6752272,1.0,0.0,25.0
exp7_fixed_random_1,9888,614.73395,4.055845,0.5688375,1.0,0.0,14.0
exp7_fixed_random_1,9889,542.7726,3.7220178,0.53781134,1.0,0.0,11.0
exp7_fixed_random_1,9890,591.9847,2.3033085,0.40706834,1.0,0.0,31.0
exp7_fixed_random_1,9891,538.2698,2.4891253,0.76571625,1.0,0.0,26.0
exp7_fixed_random_1,9892,486.4287,2.393234,0.62364316,1.0,0.0,11.0
exp7_fixed_random_1,9893,609.5734,3.6830604,0.5671779,1.0,0.0,19.0
exp7_fixed_random_1,9894,502.69904,2.390063,0.7188025,1.0,0.0,12.0
exp7_fixed_random_1,9895,612.7068,3.6541424,0.5386696,1.0,0.0,16.0
exp7_fixed_random_1,9896,564.2121,2.3135607,0.23876657,1.0,0.0,16.0
exp7_fixed_random_1,9897,572.6467,1.5790013,0.35986146,1.0,0.0,33.0
exp7_fixed_random_1,9898,510.11072,2.983465,0.30719396,1.0,0.0,12.0
exp7_fixed_random_1,9899,514.3332,1.7902753,0.2647074,1.0,0.0,38.0
exp7_fixed_random_1,9901,-82.10031,3.0067813,0.3476681,0.0,1.0,13.0
exp7_fixed_random_1,9902,574.5934,3.2843077,0.5315364,1.0,0.0,18.0
exp7_fixed_random_1,9903,583.7284,3.2396019,0.57975197,1.0,0.0,18.0
exp7_fixed_random_1,9904,672.2195,3.7036347,0.6207073,1.0,0.0,20.0
exp7_fixed_random_1,9905,556.7461,3.225463,0.45905927,1.0,0.0,13.0
exp7_fixed_random_1,9906,598.01904,3.1285965,0.6330884,1.0,0.0,15.0
exp7_fixed_random_1,9907,529.7745,3.8315537,0.58538026,1.0,0.0,14.0
exp7_fixed_random_1,9908,563.4889,2.9887884,0.6091161,1.0,0.0,17.0
exp7_fixed_random_1,9909,-227.81653,3.4178529,0.5919332,0.0,1.0,13.0
exp7_fixed_random_1,9910,565.65674,1.3604138,0.23498265,1.0,0.0,65.0
exp7_fixed_random_1,9911,566.8883,2.4455287,0.74214405,1.0,0.0,18.0
exp7_fixed_random_1,9912,590.65314,3.9461274,0.54211783,1.0,0.0,11.0
exp7_fixed_random_1,9913,607.62854,3.7808757,0.49529102,1.0,0.0,17.0
exp7_fixed_random_1,9914,483.75464,1.3424343,0.26631886,1.0,0.0,69.0
exp7_fixed_random_1,9915,570.0034,3.542414,0.4993566,1.0,0.0,14.0
exp7_fixed_random_1,9916,541.99854,3.0580585,0.5825702,1.0,0.0,12.0
exp7_fixed_random_1,9917,650.324,2.934588,0.43832815,1.0,0.0,25.0
exp7_fixed_random_1,9918,543.33923,3.3205745,0.62317127,1.0,0.0,19.0
exp7_fixed_random_1,9919,503.5948,1.3916783,0.25764897,1.0,0.0,53.0
exp7_fixed_random_1,9921,611.18445,2.4319448,0.41268912,1.0,0.0,30.0
exp7_fixed_random_1,9922,609.30646,3.109654,0.5546953,1.0,0.0,17.0
exp7_fixed_random_1,9923,588.71075,3.654321,0.60699314,1.0,0.0,14.0
exp7_fixed_random_1,9924,557.62866,2.6256316,0.43230557,1.0,0.0,23.0
exp7_fixed_random_1,9925,593.6255,3.1337852,0.47543985,1.0,0.0,17.0
exp7_fixed_random_1,9926,568.89343,2.5856645,0.34248376,1.0,0.0,19.0
exp7_fixed_random_1,9927,705.3153,3.89744,0.4463158,1.0,0.0,17.0
exp7_fixed_random_1,9928,616.5543,3.1002192,0.65273523,1.0,0.0,21.0
exp7_fixed_random_1,9929,548.21484,2.2676046,0.69601417,1.0,0.0,17.0
exp7_fixed_random_1,9930,486.14066,1.1719549,0.21431953,1.0,0.0,59.0
exp7_fixed_random_1,9931,-343.50012,4.405971,0.74992955,0.0,1.0,2.0
exp7_fixed_random_1,9932,482.6894,1.3028426,0.3350205,1.0,0.0,18.0
exp7_fixed_random_1,9933,500.95233,3.1193016,0.48490956,1.0,0.0,11.0
exp7_fixed_random_1,9934,607.7825,3.5824869,0.49420047,1.0,0.0,16.0
exp7_fixed_random_1,9935,587.85504,3.4739742,0.5457515,1.0,0.0,17.0
exp7_fixed_random_1,9936,-117.140945,2.6707969,0.48077217,0.0,1.0,21.0
exp7_fixed_random_1,9937,-173.88406,1.8783091,0.22674477,0.0,1.0,21.0
exp7_fixed_random_1,9938,502.67047,3.3524842,0.6855837,1.0,0.0,16.0
exp7_fixed_random_1,9939,611.2506,4.4559383,0.6022364,1.0,0.0,13.0
exp7_fixed_random_1,9941,574.67596,3.6894753,0.63937294,1.0,0.0,16.0
exp7_fixed_random_1,9942,598.21075,2.2578123,0.43830937,1.0,0.0,26.0
exp7_fixed_random_1,9943,517.1125,3.359863,0.6233392,1.0,0.0,8.0
exp7_fixed_random_1,9944,-202.31845,4.737892,0.62876886,0.0,1.0,2.0
exp7_fixed_random_1,9945,598.93933,3.5222788,0.6043976,1.0,0.0,16.0
exp7_fixed_random_1,9946,641.97424,3.3253374,0.67201453,1.0,0.0,17.0
exp7_fixed_random_1,9947,633.1555,3.113274,0.61536056,1.0,0.0,20.0
exp7_fixed_random_1,9948,607.9347,3.7760198,0.6017099,1.0,0.0,17.0
exp7_fixed_random_1,9949,550.3952,4.276746,0.60605,1.0,0.0,10.0
exp7_fixed_random_1,9950,535.3865,2.57606,0.4358275,1.0,0.0,21.0
exp7_fixed_random_1,9951,582.1974,3.1339576,0.55826735,1.0,0.0,19.0
exp7_fixed_random_1,9952,489.75812,2.6272645,0.64573205,1.0,0.0,10.0
exp7_fixed_random_1,9953,507.34152,2.2610214,0.46314788,1.0,0.0,14.0
exp7_fixed_random_1,9954,540.6471,2.8976688,0.5789567,1.0,0.0,16.0
exp7_fixed_random_1,9955,499.08878,3.014609,0.58601165,1.0,0.0,17.0
exp7_fixed_random_1,9956,490.9516,2.6796834,0.5543534,1.0,0.0,10.0
exp7_fixed_random_1,9957,565.98224,2.794769,0.50952685,1.0,0.0,22.0
exp7_fixed_random_1,9958,596.3468,3.1087303,0.4877617,1.0,0.0,18.0
exp7_fixed_random_1,9959,581.00134,3.5916872,0.5661972,1.0,0.0,16.0
exp7_fixed_random_1,9961,508.4094,2.2945075,0.53458095,1.0,0.0,18.0
exp7_fixed_random_1,9962,-193.42813,3.8824058,0.4164701,0.0,1.0,5.0
exp7_fixed_random_1,9963,490.38464,2.4889507,0.46006328,1.0,0.0,23.0
exp7_fixed_random_1,9964,508.89722,2.6781576,0.497799,1.0,0.0,14.0
exp7_fixed_random_1,9965,555.4243,3.3183649,0.77578783,1.0,0.0,16.0
exp7_fixed_random_1,9966,495.66455,1.6166621,0.3370392,1.0,0.0,22.0
exp7_fixed_random_1,9967,578.23474,3.8532825,0.62686735,1.0,0.0,15.0
exp7_fixed_random_1,9968,623.19745,3.5940728,0.6045472,1.0,0.0,20.0
exp7_fixed_random_1,9969,565.03705,3.9621744,0.63113457,1.0,0.0,13.0
exp7_fixed_random_1,9970,640.7044,3.2651198,0.5290229,1.0,0.0,22.0
exp7_fixed_random_1,9971,560.99084,2.7075052,0.42878628,1.0,0.0,17.0
exp7_fixed_random_1,9972,608.1965,3.5300953,0.49480194,1.0,0.0,15.0
exp7_fixed_random_1,9973,500.47964,2.2148025,0.35732976,1.0,0.0,24.0
exp7_fixed_random_1,9974,616.93524,3.276818,0.62123567,1.0,0.0,19.0
exp7_fixed_random_1,9975,490.79288,3.5937984,0.68576366,1.0,0.0,9.0
exp7_fixed_random_1,9976,533.79645,3.0652347,0.42366228,1.0,0.0,10.0
exp7_fixed_random_1,9977,532.0112,3.2813873,0.6265976,1.0,0.0,19.0
exp7_fixed_random_1,9978,568.6425,2.9300063,0.7139126,1.0,0.0,16.0
exp7_fixed_random_1,9979,637.23865,2.8621607,0.40310755,1.0,0.0,24.0
exp7_fixed_random_1,9981,518.2683,2.097453,0.66495496,1.0,0.0,19.0
exp7_fixed_random_1,9982,599.47296,3.906031,0.58666867,1.0,0.0,12.0
exp7_fixed_random_1,9983,529.8759,2.8570168,0.55198467,1.0,0.0,15.0
exp7_fixed_random_1,9984,562.99115,2.7849123,0.49203104,1.0,0.0,17.0
exp7_fixed_random_1,9985,564.6399,2.7130516,0.56333154,1.0,0.0,22.0
exp7_fixed_random_1,9986,646.41125,3.5281615,0.5269111,1.0,0.0,21.0
exp7_fixed_random_1,9987,477.40005,2.928866,0.61980355,1.0,0.0,17.0
exp7_fixed_random_1,9988,612.06616,3.3739464,0.46737027,1.0,0.0,19.0
exp7_fixed_random_1,9989,629.293,3.4273276,0.5496827,1.0,0.0,18.0
exp7_fixed_random_1,9990,518.98,2.777664,0.7627757,1.0,0.0,21.0
exp7_fixed_random_1,9991,-110.19834,4.1823535,0.41950926,0.0,1.0,7.0
exp7_fixed_random_1,9992,572.6192,4.154812,0.59462625,1.0,0.0,13.0
exp7_fixed_random_1,9993,579.1529,3.8499112,0.5680937,1.0,0.0,15.0
exp7_fixed_random_1,9994,492.14795,2.804201,0.434604,1.0,0.0,16.0
exp7_fixed_random_1,9995,609.5824,3.4776587,0.45485276,1.0,0.0,16.0
exp7_fixed_random_1,9996,553.44403,2.960576,0.50155425,1.0,0.0,22.0
exp7_fixed_random_1,9997,544.149,2.4476945,0.66477567,1.0,0.0,19.0
exp7_fixed_random_1,9998,503.55478,1.6759533,0.5010524,1.0,0.0,19.0
exp7_fixed_random_1,9999,549.6835,4.201537,0.52094436,1.0,0.0,9.0
exp7_fixed_random_1,10001,-113.059204,4.473652,0.575153,0.0,1.0,6.0
exp7_fixed_random_1,10002,620.9153,2.383444,0.4337272,1.0,0.0,34.0
exp7_fixed_random_1,10003,538.1056,2.9512584,0.5069428,1.0,0.0,14.0
exp7_fixed_random_1,10004,562.7881,3.1890574,0.6595212,1.0,0.0,16.0
exp7_fixed_random_1,10005,584.3554,3.5656981,0.55284005,1.0,0.0,17.0
exp7_fixed_random_1,10006,640.603,3.85009,0.59817797,1.0,0.0,19.0
exp7_fixed_random_1,10007,582.7072,3.2889276,0.5088508,1.0,0.0,20.0
exp7_fixed_random_1,10008,496.78336,3.9527571,0.613013,1.0,0.0,9.0
exp7_fixed_random_1,10009,530.5237,2.799221,0.6819041,1.0,0.0,18.0
exp7_fixed_random_1,10010,510.41312,2.0308583,0.35648063,1.0,0.0,24.0
exp7_fixed_random_1,10011,-223.86623,2.837675,0.61734205,0.0,1.0,14.0
exp7_fixed_random_1,10012,-237.64236,2.790184,0.41136488,0.0,1.0,15.0
exp7_fixed_random_1,10013,571.02966,3.5486653,0.58601123,1.0,0.0,15.0
exp7_fixed_random_1,10014,570.7369,3.2896073,0.6632432,1.0,0.0,15.0
exp7_fixed_random_1,10015,554.21906,3.361146,0.68610024,1.0,0.0,17.0
exp7_fixed_random_1,10016,571.0053,2.9505305,0.7390045,1.0,0.0,20.0
exp7_fixed_random_1,10017,481.9748,2.218052,0.4407224,1.0,0.0,18.0
exp7_fixed_random_1,10018,-172.12704,3.0268261,0.4606498,0.0,1.0,14.0
exp7_fixed_random_1,10019,550.6558,3.3138301,0.5477041,1.0,0.0,23.0
exp7_fixed_random_1,10021,608.7693,3.61382,0.77592057,1.0,0.0,13.0
exp7_fixed_random_1,10022,632.7471,2.9359183,0.5454295,1.0,0.0,21.0
exp7_fixed_random_1,10023,537.5004,2.5655842,0.60764855,1.0,0.0,21.0
exp7_fixed_random_1,10024,590.42444,3.6077716,0.5806087,1.0,0.0,16.0
exp7_fixed_random_1,10025,-64.79895,3.574479,0.49947223,0.0,1.0,12.0
exp7_fixed_random_1,10026,-84.412056,3.3791695,0.4164464,0.0,1.0,13.0
exp7_fixed_random_1,10027,596.61755,3.201572,0.5710753,1.0,0.0,23.0
exp7_fixed_random_1,10028,584.96674,2.6252809,0.39683527,1.0,0.0,26.0
exp7_fixed_random_1,10029,633.1199,2.0251198,0.45135844,1.0,0.0,35.0
exp7_fixed_random_1,10030,606.75476,2.9078178,0.65756387,1.0,0.0,18.0
exp7_fixed_random_1,10031,554.6694,2.208174,0.42054626,1.0,0.0,27.0
exp7_fixed_random_1,10032,547.132,3.613865,0.45391944,1.0,0.0,15.0
exp7_fixed_random_1,10033,508.08,3.5729878,0.61370975,1.0,0.0,8.0
exp7_fixed_random_1,10034,596.7211,3.9613307,0.45394704,1.0,0.0,11.0
exp7_fixed_random_1,10035,564.51825,4.011727,0.61407006,1.0,0.0,12.0
exp7_fixed_random_1,10036,519.3026,1.5577215,0.9057865,1.0,0.0,36.0
exp7_fixed_random_1,10037,495.80753,2.9320495,0.7948474,1.0,0.0,11.0
exp7_fixed_random_1,10038,-151.6997,4.3070273,0.5442531,0.0,1.0,8.0
exp7_fixed_random_1,10039,511.72015,2.4360502,0.4630737,1.0,0.0,17.0
exp7_fixed_random_1,10041,622.1204,3.9929245,0.48670295,1.0,0.0,14.0
exp7_fixed_random_1,10042,486.7561,2.5996642,0.5775845,1.0,0.0,10.0
exp7_fixed_random_1,10043,-143.40802,2.883536,0.6278972,0.0,1.0,25.0
exp7_fixed_random_1,10044,567.2519,3.6208649,0.5599977,1.0,0.0,16.0
exp7_fixed_random_1,10045,636.8765,3.2024267,0.71524996,1.0,0.0,22.0
exp7_fixed_random_1,10046,501.8134,3.069275,0.5812502,1.0,0.0,9.0
exp7_fixed_random_1,10047,536.7236,4.0758824,0.6044663,1.0,0.0,10.0
exp7_fixed_random_1,10048,511.3252,3.3135705,0.6655992,1.0,0.0,11.0
exp7_fixed_random_1,10049,613.2494,3.7317848,0.55412906,1.0,0.0,16.0
exp7_fixed_random_1,10050,-186.72745,4.5343957,0.5867884,0.0,1.0,11.0
exp7_fixed_random_1,10051,-204.42166,4.512591,0.31676444,0.0,1.0,1.0
exp7_fixed_random_1,10052,-224.37119,3.754473,0.48934612,0.0,1.0,11.0
exp7_fixed_random_1,10053,488.61456,2.0859578,0.23970011,1.0,0.0,23.0
exp7_fixed_random_1,10054,549.57074,2.684717,0.60305715,1.0,0.0,17.0
exp7_fixed_random_1,10055,592.4373,2.424535,0.3645461,1.0,0.0,26.0
exp7_fixed_random_1,10056,610.3711,3.8505702,0.5468704,1.0,0.0,19.0
exp7_fixed_random_1,10057,622.56384,2.176727,0.46943313,1.0,0.0,32.0
exp7_fixed_random_1,10058,-156.50539,3.0304632,0.47751603,0.0,1.0,12.0
exp7_fixed_random_1,10059,488.22607,2.3432164,0.5068561,1.0,0.0,15.0
exp7_fixed_random_1,10061,-340.93494,4.086621,0.4176323,0.0,1.0,3.0
exp7_fixed_random_1,10062,533.54895,3.0107574,0.6547432,1.0,0.0,17.0
exp7_fixed_random_1,10063,622.2337,2.5486157,0.45303977,1.0,0.0,21.0
exp7_fixed_random_1,10064,569.13574,2.8239303,0.5207862,1.0,0.0,15.0
exp7_fixed_random_1,10065,503.71616,1.3322889,0.24959785,1.0,0.0,59.0
exp7_fixed_random_1,10066,454.44894,2.0867765,0.44662628,1.0,0.0,29.0
exp7_fixed_random_1,10067,569.08344,2.7959676,0.53007394,1.0,0.0,20.0
exp7_fixed_random_1,10068,589.18243,3.469218,0.556642,1.0,0.0,17.0
exp7_fixed_random_1,10069,554.4454,3.9872465,0.35241854,1.0,0.0,9.0
exp7_fixed_random_1,10070,558.20996,3.5047636,0.5186584,1.0,0.0,13.0
exp7_fixed_random_1,10071,584.53015,1.9586254,0.58007824,1.0,0.0,31.0
exp7_fixed_random_1,10072,678.0383,3.3415923,0.4470376,1.0,0.0,19.0
exp7_fixed_random_1,10073,575.2908,3.4633698,0.5021148,1.0,0.0,16.0
exp7_fixed_random_1,10074,581.5128,3.7357037,0.45514265,1.0,0.0,14.0
exp7_fixed_random_1,10075,507.51837,3.1113548,0.6670455,1.0,0.0,13.0
exp7_fixed_random_1,10076,522.2924,3.0022097,0.47800258,1.0,0.0,12.0
exp7_fixed_random_1,10077,656.49426,3.5285435,0.63379806,1.0,0.0,20.0
exp7_fixed_random_1,10078,507.46915,3.3552544,0.5075419,1.0,0.0,12.0
exp7_fixed_random_1,10079,545.44116,2.6579225,0.48354927,1.0,0.0,24.0
exp7_fixed_random_1,10081,573.402,3.1760817,0.5508034,1.0,0.0,16.0
exp7_fixed_random_1,10082,552.10974,3.7780378,0.59736085,1.0,0.0,16.0
exp7_fixed_random_1,10083,625.7479,3.304173,0.6038574,1.0,0.0,20.0
exp7_fixed_random_1,10084,559.7234,1.688083,0.30033913,1.0,0.0,52.0
exp7_fixed_random_1,10085,521.7375,2.3447678,0.51269776,1.0,0.0,16.0
exp7_fixed_random_1,10086,561.80524,3.5149386,0.4678887,1.0,0.0,12.0
exp7_fixed_random_1,10087,508.53107,3.5090594,0.518735,1.0,0.0,9.0
exp7_fixed_random_1,10088,635.0565,3.7569895,0.50791025,1.0,0.0,17.0
exp7_fixed_random_1,10089,572.1167,4.2634344,0.28855878,1.0,0.0,11.0
exp7_fixed_random_1,10090,553.6726,3.0858684,0.4749007,1.0,0.0,13.0
exp7_fixed_random_1,10091,603.39575,2.4305031,0.30739418,1.0,0.0,23.0
exp7_fixed_random_1,10092,562.9446,3.4052038,0.61224085,1.0,0.0,16.0
exp7_fixed_random_1,10093,609.2291,3.7483659,0.58626205,1.0,0.0,17.0
exp7_fixed_random_1,10094,524.6641,3.0613716,0.5649311,1.0,0.0,12.0
exp7_fixed_random_1,10095,558.7806,2.7458713,0.47947648,1.0,0.0,23.0
exp7_fixed_random_1,10096,-294.04608,4.124713,0.4513989,0.0,1.0,4.0
exp7_fixed_random_1,10097,530.2658,2.8656538,0.6177091,1.0,0.0,14.0
exp7_fixed_random_1,10098,675.687,3.0920389,0.6536213,1.0,0.0,25.0
exp7_fixed_random_1,10099,-90.27537,4.3725324,0.49520287,0.0,1.0,7.0
exp7_fixed_random_1,10101,609.59344,3.4111538,0.6149311,1.0,0.0,19.0
exp7_fixed_random_1,10102,484.44733,0.9879282,0.29378206,1.0,0.0,38.0
exp7_fixed_random_1,10103,647.78876,3.8349643,0.5885534,1.0,0.0,18.0
exp7_fixed_random_1,10104,605.7661,1.866491,0.3081478,1.0,0.0,33.0
exp7_fixed_random_1,10105,617.1411,2.4945998,0.30829212,1.0,0.0,32.0
exp7_fixed_random_1,10106,547.629,3.9811268,0.6208691,1.0,0.0,12.0
exp7_fixed_random_1,10107,555.6578,2.2708976,0.4689767,1.0,0.0,21.0
exp7_fixed_random_1,10108,590.3728,3.4732697,0.6342664,1.0,0.0,20.0
exp7_fixed_random_1,10109,558.92316,3.263079,0.44604632,1.0,0.0,19.0
exp7_fixed_random_1,10110,576.9589,3.6852748,0.63339627,1.0,0.0,14.0
exp7_fixed_random_1,10111,541.2943,3.7906477,0.69966197,1.0,0.0,11.0
exp7_fixed_random_1,10112,635.80316,4.158708,0.47972122,1.0,0.0,14.0
exp7_fixed_random_1,10113,592.98303,2.9045146,0.5017077,1.0,0.0,25.0
exp7_fixed_random_1,10114,-132.5117,3.2118726,0.4445769,0.0,1.0,20.0
exp7_fixed_random_1,10115,602.4096,3.3958678,0.51587516,1.0,0.0,15.0
exp7_fixed_random_1,10116,497.6742,1.3622154,0.26257566,1.0,0.0,70.0
exp7_fixed_random_1,10117,612.9573,3.4878864,0.57063484,1.0,0.0,20.0
exp7_fixed_random_1,10118,496.66003,1.883948,0.30112416,1.0,0.0,35.0
exp7_fixed_random_1,10119,570.93414,3.4698715,0.61002475,1.0,0.0,14.0
exp7_fixed_random_1,10121,575.47156,3.1980107,0.6588087,1.0,0.0,16.0
exp7_fixed_random_1,10122,582.3657,2.517033,0.38830167,1.0,0.0,31.0
exp7_fixed_random_1,10123,558.7903,3.3515356,0.5971158,1.0,0.0,12.0
exp7_fixed_random_1,10124,561.74097,3.3099086,0.6864445,1.0,0.0,15.0
exp7_fixed_random_1,10125,658.8836,3.460048,0.33614066,1.0,0.0,19.0
exp7_fixed_random_1,10126,555.7351,3.0573666,0.38669932,1.0,0.0,19.0
exp7_fixed_random_1,10127,583.1275,3.171361,0.6461329,1.0,0.0,18.0
exp7_fixed_random_1,10128,585.41174,3.2468708,0.48801976,1.0,0.0,15.0
exp7_fixed_random_1,10129,562.9191,2.6812599,0.29347152,1.0,0.0,17.0
exp7_fixed_random_1,10130,545.812,2.938157,0.58327144,1.0,0.0,18.0
exp7_fixed_random_1,10131,543.9154,2.9281125,0.49179918,1.0,0.0,20.0
exp7_fixed_random_1,10132,-150.14105,4.0049257,0.4832304,0.0,1.0,4.0
exp7_fixed_random_1,10133,608.6117,3.2598858,0.5419368,1.0,0.0,17.0
exp7_fixed_random_1,10134,498.29358,1.7582874,0.32068917,1.0,0.0,24.0
exp7_fixed_random_1,10135,457.3763,2.322362,0.46312714,1.0,0.0,25.0
exp7_fixed_random_1,10136,599.011,3.8050597,0.6110452,1.0,0.0,13.0
exp7_fixed_random_1,10137,576.90594,3.2882204,0.41549405,1.0,0.0,19.0
exp7_fixed_random_1,10138,571.40356,4.0919623,0.6160229,1.0,0.0,11.0
exp7_fixed_random_1,10139,577.81885,3.3999786,0.4853009,1.0,0.0,17.0
exp7_fixed_random_1,10141,-161.88753,3.1727216,0.43773937,0.0,1.0,10.0
exp7_fixed_random_1,10142,601.7477,3.0137808,0.6492189,1.0,0.0,20.0
exp7_fixed_random_1,10143,608.218,3.5482447,0.505377,1.0,0.0,15.0
exp7_fixed_random_1,10144,586.63745,3.674551,0.5241369,1.0,0.0,16.0
exp7_fixed_random_1,10145,628.97595,2.020706,0.39079177,1.0,0.0,35.0
exp7_fixed_random_1,10146,556.1184,2.1786706,0.404249,1.0,0.0,29.0
exp7_fixed_random_1,10147,599.74835,2.7920067,0.38019863,1.0,0.0,24.0
exp7_fixed_random_1,10148,626.1886,2.8763387,0.45694068,1.0,0.0,26.0
exp7_fixed_random_1,10149,549.4519,3.434021,0.41439155,1.0,0.0,11.0
exp7_fixed_random_1,10150,-91.56718,2.6264496,0.35482723,0.0,1.0,30.0
exp7_fixed_random_1,10151,527.54785,1.2841755,0.19942175,1.0,0.0,65.0
exp7_fixed_random_1,10152,496.91522,2.112082,0.4561073,1.0,0.0,12.0
exp7_fixed_random_1,10153,585.1806,2.7516463,0.45570913,1.0,0.0,28.0
exp7_fixed_random_1,10154,702.8142,3.7433949,0.49047375,1.0,0.0,21.0
exp7_fixed_random_1,10155,469.4968,3.193827,0.5441104,1.0,0.0,7.0
exp7_fixed_random_1,10156,572.98334,3.1661499,0.5622554,1.0,0.0,17.0
exp7_fixed_random_1,10157,537.6709,3.3483262,0.428196,1.0,0.0,10.0
exp7_fixed_random_1,10158,497.23944,2.0459068,0.6066688,1.0,0.0,14.0
exp7_fixed_random_1,10159,554.7896,3.2866051,0.700652,1.0,0.0,16.0
exp7_fixed_random_1,10161,593.04724,2.9601798,0.70839536,1.0,0.0,20.0
exp7_fixed_random_1,10162,620.1011,3.5401132,0.5310031,1.0,0.0,17.0
exp7_fixed_random_1,10163,622.73206,3.3101182,0.49730042,1.0,0.0,21.0
exp7_fixed_random_1,10164,448.80948,3.6533077,0.5389331,1.0,0.0,6.0
exp7_fixed_random_1,10165,555.76294,3.789808,0.37143692,1.0,0.0,12.0
exp7_fixed_random_1,10166,534.7412,3.4332552,0.44415095,1.0,0.0,11.0
exp7_fixed_random_1,10167,525.7021,2.7151237,0.38127396,1.0,0.0,13.0
exp7_fixed_random_1,10168,586.29926,3.1634266,0.42227253,1.0,0.0,12.0
exp7_fixed_random_1,10169,521.83746,3.7626977,0.7126075,1.0,0.0,7.0
exp7_fixed_random_1,10170,528.12,3.0656016,0.58647645,1.0,0.0,13.0
exp7_fixed_random_1,10171,536.8931,2.9010324,0.37729004,1.0,0.0,15.0
exp7_fixed_random_1,10172,595.37177,3.244727,0.65190536,1.0,0.0,18.0
exp7_fixed_random_1,10173,570.24426,2.1057389,0.3127264,1.0,0.0,27.0
exp7_fixed_random_1,10174,548.9686,3.923925,0.39859295,1.0,0.0,11.0
exp7_fixed_random_1,10175,-157.74634,2.0416203,0.43367672,0.0,1.0,25.0
exp7_fixed_random_1,10176,493.83124,1.9968799,0.33715847,1.0,0.0,20.0
exp7_fixed_random_1,10177,549.00995,2.4310687,0.33038747,1.0,0.0,25.0
exp7_fixed_random_1,10178,625.96484,3.8149061,0.51808614,1.0,0.0,18.0
exp7_fixed_random_1,10179,519.4604,2.3292048,0.50742036,1.0,0.0,22.0
exp7_fixed_random_1,10181,596.22314,3.7227957,0.41735938,1.0,0.0,14.0
exp7_fixed_random_1,10182,503.20172,3.7260315,0.6801756,1.0,0.0,15.0
exp7_fixed_random_1,10183,529.657,3.1220014,0.7670019,1.0,0.0,16.0
exp7_fixed_random_1,10184,560.7517,3.5094337,0.5756753,1.0,0.0,15.0
exp7_fixed_random_1,10185,624.30896,3.5257823,0.5926293,1.0,0.0,18.0
exp7_fixed_random_1,10186,564.38306,2.6467583,0.42912945,1.0,0.0,19.0
exp7_fixed_random_1,10187,546.0034,3.1480653,0.6387619,1.0,0.0,14.0
exp7_fixed_random_1,10188,499.01022,3.0801213,0.5817341,1.0,0.0,13.0
exp7_fixed_random_1,10189,621.5806,2.4479654,0.46035844,1.0,0.0,32.0
exp7_fixed_random_1,10190,610.0794,2.8528316,0.43704736,1.0,0.0,26.0
exp7_fixed_random_1,10191,-179.29192,4.717244,0.38908648,0.0,1.0,5.0
exp7_fixed_random_1,10192,506.93872,1.5290524,0.2312468,1.0,0.0,56.0
exp7_fixed_random_1,10193,611.3675,3.0026474,0.39472917,1.0,0.0,25.0
exp7_fixed_random_1,10194,560.33704,3.1127787,0.40853408,1.0,0.0,13.0
exp7_fixed_random_1,10195,532.09814,3.1487982,0.5785914,1.0,0.0,15.0
exp7_fixed_random_1,10196,589.79486,3.201106,0.71193016,1.0,0.0,21.0
exp7_fixed_random_1,10197,554.6222,2.9645207,0.39349383,1.0,0.0,21.0
exp7_fixed_random_1,10198,500.57727,2.8348014,0.46788368,1.0,0.0,12.0
exp7_fixed_random_1,10199,519.07117,3.3291104,0.5471814,1.0,0.0,13.0
exp7_fixed_random_1,10201,-104.89274,2.2419267,0.29564622,0.0,1.0,22.0
exp7_fixed_random_1,10202,612.51215,3.5115016,0.53416234,1.0,0.0,15.0
exp7_fixed_random_1,10203,604.6046,2.5974398,0.543773,1.0,0.0,24.0
exp7_fixed_random_1,10204,541.1969,2.3270304,0.42701125,1.0,0.0,24.0
exp7_fixed_random_1,10205,480.17932,2.4452002,0.6480199,1.0,0.0,14.0
exp7_fixed_random_1,10206,574.5346,3.342266,0.5638303,1.0,0.0,12.0
exp7_fixed_random_1,10207,460.84555,2.2243662,0.8389743,1.0,0.0,17.0
exp7_fixed_random_1,10208,546.7505,2.464577,0.58650386,1.0,0.0,14.0
exp7_fixed_random_1,10209,507.1903,3.3598824,0.67842335,1.0,0.0,9.0
exp7_fixed_random_1,10210,-284.2971,4.4352226,0.5119909,0.0,1.0,4.0
exp7_fixed_random_1,10211,591.98694,2.279444,0.39545396,1.0,0.0,30.0
exp7_fixed_random_1,10212,599.0909,3.4456458,0.46966788,1.0,0.0,19.0
exp7_fixed_random_1,10213,-93.42521,3.6541028,0.47614974,0.0,1.0,13.0
exp7_fixed_random_1,10214,432.69922,1.5654026,0.26252276,1.0,0.0,18.0
exp7_fixed_random_1,10215,534.38916,2.0574963,0.29856673,1.0,0.0,21.0
exp7_fixed_random_1,10216,630.1235,3.1013708,0.34379315,1.0,0.0,22.0
exp7_fixed_random_1,10217,-178.22853,4.3490376,0.73828405,0.0,1.0,3.0
exp7_fixed_random_1,10218,625.91095,3.2544239,0.4869936,1.0,0.0,20.0
exp7_fixed_random_1,10219,515.80493,3.9728673,0.4774589,1.0,0.0,7.0
exp7_fixed_random_1,10221,594.6109,3.4129906,0.46976647,1.0,0.0,16.0
exp7_fixed_random_1,10222,-249.6394,2.1304293,0.5956389,0.0,1.0,21.0
exp7_fixed_random_1,10223,-54.498123,3.0135934,0.61461675,0.0,1.0,25.0
exp7_fixed_random_1,10224,643.52637,3.3275275,0.49912578,1.0,0.0,25.0
exp7_fixed_random_1,10225,537.54846,4.239237,0.6175829,1.0,0.0,9.0
exp7_fixed_random_1,10226,627.9977,3.7212334,0.5177495,1.0,0.0,16.0
exp7_fixed_random_1,10227,564.76965,2.7885492,0.44443703,1.0,0.0,16.0
exp7_fixed_random_1,10228,-88.69571,3.846711,0.43835726,0.0,1.0,11.0
exp7_fixed_random_1,10229,624.7151,3.1682675,0.41109344,1.0,0.0,25.0
exp7_fixed_random_1,10230,526.01855,2.9780495,0.37832618,1.0,0.0,21.0
exp7_fixed_random_1,10231,541.5,4.245677,0.5277096,1.0,0.0,10.0
exp7_fixed_random_1,10232,637.7721,2.5472927,0.38842478,1.0,0.0,32.0
exp7_fixed_random_1,10233,605.6264,3.5680923,0.5818576,1.0,0.0,13.0
exp7_fixed_random_1,10234,561.25507,3.015898,0.5249118,1.0,0.0,15.0
exp7_fixed_random_1,10235,630.1367,2.736355,0.45878983,1.0,0.0,25.0
exp7_fixed_random_1,10236,603.2446,2.5055037,0.47122422,1.0,0.0,29.0
exp7_fixed_random_1,10237,636.34174,2.5223646,0.42452493,1.0,0.0,30.0
exp7_fixed_random_1,10238,634.70056,2.7855196,0.3692102,1.0,0.0,27.0
exp7_fixed_random_1,10239,600.9433,4.0006084,0.6256659,1.0,0.0,12.0
exp7_fixed_random_1,10241,477.5356,1.1343879,0.24453802,1.0,0.0,31.0
exp7_fixed_random_1,10242,574.76654,2.435598,0.41941297,1.0,0.0,30.0
exp7_fixed_random_1,10243,534.6323,3.1904142,0.7898644,1.0,0.0,15.0
exp7_fixed_random_1,10244,621.1093,2.7976153,0.42333627,1.0,0.0,28.0
exp7_fixed_random_1,10245,541.5779,4.1034236,0.60916823,1.0,0.0,10.0
exp7_fixed_random_1,10246,522.01715,2.7863898,0.44586778,1.0,0.0,10.0
exp7_fixed_random_1,10247,622.2181,3.4496818,0.5134482,1.0,0.0,17.0
exp7_fixed_random_1,10248,689.69775,3.7125173,0.5103006,1.0,0.0,19.0
exp7_fixed_random_1,10249,486.09174,1.9129289,0.38254535,1.0,0.0,35.0
exp7_fixed_random_1,10250,468.92383,2.1515808,0.9148802,1.0,0.0,12.0
exp7_fixed_random_1,10251,566.34735,3.3116412,0.553901,1.0,0.0,16.0
exp7_fixed_random_1,10252,586.2516,2.3072412,0.48174325,1.0,0.0,19.0
exp7_fixed_random_1,10253,600.164,2.8453617,0.38575658,1.0,0.0,23.0
exp7_fixed_random_1,10254,554.2894,3.7719433,0.52990377,1.0,0.0,15.0
exp7_fixed_random_1,10255,516.6567,1.5916319,0.25757426,1.0,0.0,56.0
exp7_fixed_random_1,10256,525.28156,3.4044628,0.6494792,1.0,0.0,14.0
exp7_fixed_random_1,10257,552.0868,3.884227,0.64587706,1.0,0.0,14.0
exp7_fixed_random_1,10258,521.59436,1.5285364,0.2873001,1.0,0.0,29.0
exp7_fixed_random_1,10259,521.82135,3.4689934,0.6419401,1.0,0.0,12.0
exp7_fixed_random_1,10261,536.45,3.1982858,0.7700766,1.0,0.0,15.0
exp7_fixed_random_1,10262,525.53467,1.3547906,0.23000912,1.0,0.0,60.0
exp7_fixed_random_1,10263,-73.478226,2.245149,0.40537181,0.0,1.0,20.0
exp7_fixed_random_1,10264,460.06918,2.3656642,0.4635858,1.0,0.0,10.0
exp7_fixed_random_1,10265,590.9281,3.2726674,0.59842426,1.0,0.0,20.0
exp7_fixed_random_1,10266,568.5687,2.408973,0.42957574,1.0,0.0,29.0
exp7_fixed_random_1,10267,596.4649,2.7760198,0.4435806,1.0,0.0,23.0
exp7_fixed_random_1,10268,578.6437,2.6745539,0.4516032,1.0,0.0,25.0
exp7_fixed_random_1,10269,577.8055,2.6506393,0.41896987,1.0,0.0,24.0
exp7_fixed_random_1,10270,638.4582,2.773217,0.41776854,1.0,0.0,28.0
exp7_fixed_random_1,10271,560.5904,3.8970575,0.6574624,1.0,0.0,13.0
exp7_fixed_random_1,10272,665.7616,2.7777088,0.44692212,1.0,0.0,32.0
exp7_fixed_random_1,10273,521.81934,3.7533348,0.6353469,1.0,0.0,10.0
exp7_fixed_random_1,10274,520.92096,2.297829,0.609701,1.0,0.0,14.0
exp7_fixed_random_1,10275,531.3076,3.4054708,0.31657922,1.0,0.0,11.0
exp7_fixed_random_1,10276,561.30096,2.6112974,0.5037394,1.0,0.0,16.0
exp7_fixed_random_1,10277,467.13782,2.841152,0.63225085,1.0,0.0,9.0
exp7_fixed_random_1,10278,-183.41768,4.5059566,0.7444747,0.0,1.0,6.0
exp7_fixed_random_1,10279,573.9916,3.2095914,0.5550675,1.0,0.0,15.0
exp7_fixed_random_1,10281,522.31055,2.3281627,0.32013535,1.0,0.0,31.0
exp7_fixed_random_1,10282,534.67505,2.396017,0.612391,1.0,0.0,23.0
exp7_fixed_random_1,10283,558.563,3.6495967,0.57909864,1.0,0.0,9.0
exp7_fixed_random_1,10284,564.1266,2.24175,0.31819564,1.0,0.0,31.0
exp7_fixed_random_1,10285,592.00073,2.3855424,0.2643227,1.0,0.0,30.0
exp7_fixed_random_1,10286,527.46655,2.8062925,0.44135,1.0,0.0,16.0
exp7_fixed_random_1,10287,533.5847,3.1023946,0.4381334,1.0,0.0,19.0
exp7_fixed_random_1,10288,608.21204,3.634463,0.56175005,1.0,0.0,18.0
exp7_fixed_random_1,10289,513.3632,2.1527238,0.37189284,1.0,0.0,19.0
exp7_fixed_random_1,10290,-268.52536,3.8173544,0.42599562,0.0,1.0,7.0
exp7_fixed_random_1,10291,-164.28346,4.068544,0.3826646,0.0,1.0,7.0
exp7_fixed_random_1,10292,604.9263,3.9348562,0.46388635,1.0,0.0,14.0
exp7_fixed_random_1,10293,536.83386,2.2196171,0.37030578,1.0,0.0,17.0
exp7_fixed_random_1,10294,567.37317,3.385688,0.6339014,1.0,0.0,12.0
exp7_fixed_random_1,10295,455.24005,2.2541068,0.56605357,1.0,0.0,15.0
exp7_fixed_random_1,10296,614.6067,3.2499552,0.47971937,1.0,0.0,22.0
exp7_fixed_random_1,10297,525.70166,3.0210433,0.41457465,1.0,0.0,28.0
exp7_fixed_random_1,10298,567.708,3.430905,0.74786615,1.0,0.0,18.0
exp7_fixed_random_1,10299,566.49506,2.6644578,0.41051957,1.0,0.0,22.0
exp7_fixed_random_1,10301,545.63794,3.198836,0.6551064,1.0,0.0,16.0
exp7_fixed_random_1,10302,505.5386,2.879238,0.68555176,1.0,0.0,15.0
exp7_fixed_random_1,10303,558.9848,1.8572838,0.41142875,1.0,0.0,30.0
exp7_fixed_random_1,10304,626.43994,3.14515,0.6439761,1.0,0.0,20.0
exp7_fixed_random_1,10305,665.64795,3.6800303,0.5073465,1.0,0.0,19.0
exp7_fixed_random_1,10306,578.5351,3.2423112,0.4517731,1.0,0.0,18.0
exp7_fixed_random_1,10307,606.6073,2.1823852,0.38993967,1.0,0.0,29.0
exp7_fixed_random_1,10308,637.4666,3.6758282,0.7038834,1.0,0.0,21.0
exp7_fixed_random_1,10309,645.803,3.6279058,0.5016438,1.0,0.0,16.0
exp7_fixed_random_1,10310,561.559,3.1898553,0.56535953,1.0,0.0,21.0
exp7_fixed_random_1,10311,584.3386,3.3230455,0.61052173,1.0,0.0,19.0
exp7_fixed_random_1,10312,573.46936,3.5111034,0.515449,1.0,0.0,15.0
exp7_fixed_random_1,10313,542.3773,3.0428278,0.5891701,1.0,0.0,14.0
exp7_fixed_random_1,10314,580.93225,2.582796,0.668912,1.0,0.0,29.0
exp7_fixed_random_1,10315,557.24146,3.2181685,0.6469916,1.0,0.0,13.0
exp7_fixed_random_1,10316,603.4656,3.5390332,0.6061765,1.0,0.0,17.0
exp7_fixed_random_1,10317,522.29877,3.5685136,0.60493666,1.0,0.0,14.0
exp7_fixed_random_1,10318,601.4416,3.4971013,0.56694,1.0,0.0,16.0
exp7_fixed_random_1,10319,546.11096,2.333434,0.70783144,1.0,0.0,23.0
exp7_fixed_random_1,10321,532.6282,3.268639,0.6010281,1.0,0.0,17.0
exp7_fixed_random_1,10322,495.8693,2.0582376,0.37809354,1.0,0.0,20.0
exp7_fixed_random_1,10323,538.0913,3.5967436,0.5266793,1.0,0.0,11.0
exp7_fixed_random_1,10324,-116.132,4.067661,0.41227037,0.0,1.0,7.0
exp7_fixed_random_1,10325,486.54,1.4809031,0.30698514,1.0,0.0,39.0
exp7_fixed_random_1,10326,-272.81415,2.0763836,0.39338934,0.0,1.0,25.0
exp7_fixed_random_1,10327,613.59033,3.1407785,0.62064,1.0,0.0,19.0
exp7_fixed_random_1,10328,540.39716,2.803653,0.4347578,1.0,0.0,18.0
exp7_fixed_random_1,10329,584.69006,3.3960373,0.62106186,1.0,0.0,14.0
exp7_fixed_random_1,10330,527.26483,2.0079603,0.32056308,1.0,0.0,29.0
exp7_fixed_random_1,10331,591.41034,4.0303082,0.51803035,1.0,0.0,12.0
exp7_fixed_random_1,10332,-104.21363,2.4002357,0.31326485,0.0,1.0,13.0
exp7_fixed_random_1,10333,527.4029,2.3656805,0.2757777,1.0,0.0,23.0
exp7_fixed_random_1,10334,559.08453,3.1819017,0.5779658,1.0,0.0,23.0
exp7_fixed_random_1,10335,587.95996,3.791141,0.50794613,1.0,0.0,15.0
exp7_fixed_random_1,10336,627.44885,3.3011582,0.49505255,1.0,0.0,23.0
exp7_fixed_random_1,10337,-172.35693,3.981494,0.5826761,0.0,1.0,6.0
exp7_fixed_random_1,10338,599.25385,3.1225958,0.62247205,1.0,0.0,18.0
exp7_fixed_random_1,10339,-345.2488,4.9409437,0.5465566,0.0,1.0,1.0
exp7_fixed_random_1,10341,535.6945,2.3326008,0.3899533,1.0,0.0,16.0
exp7_fixed_random_1,10342,569.35535,3.2559714,0.4489552,1.0,0.0,18.0
exp7_fixed_random_1,10343,590.8478,3.7749295,0.725834,1.0,0.0,16.0
exp7_fixed_random_1,10344,522.8799,2.1581738,0.38959768,1.0,0.0,19.0
exp7_fixed_random_1,10345,533.8032,2.6718907,0.35178334,1.0,0.0,21.0
exp7_fixed_random_1,10346,536.6405,3.048213,0.6224428,1.0,0.0,11.0
exp7_fixed_random_1,10347,560.14856,2.8966198,0.70975626,1.0,0.0,17.0
exp7_fixed_random_1,10348,624.40564,3.3702002,0.6617461,1.0,0.0,23.0
exp7_fixed_random_1,10349,514.15,2.5378277,0.46751776,1.0,0.0,11.0
exp7_fixed_random_1,10350,520.87274,2.6985915,0.56632245,1.0,0.0,12.0
exp7_fixed_random_1,10351,508.08038,2.6913729,0.6358083,1.0,0.0,12.0
exp7_fixed_random_1,10352,-273.9745,3.575372,0.24105723,0.0,1.0,8.0
exp7_fixed_random_1,10353,611.4815,2.4373696,0.3575356,1.0,0.0,33.0
exp7_fixed_random_1,10354,-345.11682,4.8721294,0.14382152,0.0,1.0,1.0
exp7_fixed_random_1,10355,-208.72932,2.896968,0.37184727,0.0,1.0,20.0
exp7_fixed_random_1,10356,493.03592,1.9306355,0.36768326,1.0,0.0,26.0
exp7_fixed_random_1,10357,481.38263,3.3563848,0.61433214,1.0,0.0,9.0
exp7_fixed_random_1,10358,573.8677,3.8165267,0.49526313,1.0,0.0,14.0
exp7_fixed_random_1,10359,569.10187,3.350794,0.5893001,1.0,0.0,17.0
exp7_fixed_random_1,10361,549.0827,4.16796,0.3673563,1.0,0.0,13.0
exp7_fixed_random_1,10362,-150.86755,2.2083921,0.37068945,0.0,1.0,15.0
exp7_fixed_random_1,10363,563.8632,2.5879405,0.7197298,1.0,0.0,22.0
exp7_fixed_random_1,10364,523.8175,2.9004009,0.7552588,1.0,0.0,15.0
exp7_fixed_random_1,10365,557.3142,3.468641,0.7299851,1.0,0.0,14.0
exp7_fixed_random_1,10366,543.3013,3.2943435,0.6745657,1.0,0.0,13.0
exp7_fixed_random_1,10367,541.64233,3.0872092,0.54602367,1.0,0.0,19.0
exp7_fixed_random_1,10368,506.61746,3.3346815,0.5275891,1.0,0.0,8.0
exp7_fixed_random_1,10369,489.32068,2.7514727,0.53173554,1.0,0.0,10.0
exp7_fixed_random_1,10370,552.4132,4.1427817,0.61403143,1.0,0.0,13.0
exp7_fixed_random_1,10371,560.0121,3.440709,0.6575207,1.0,0.0,19.0
exp7_fixed_random_1,10372,571.6514,3.1014986,0.4994789,1.0,0.0,17.0
exp7_fixed_random_1,10373,-59.292496,2.7610958,0.47238734,0.0,1.0,23.0
exp7_fixed_random_1,10374,609.4012,3.9484398,0.48421,1.0,0.0,14.0
exp7_fixed_random_1,10375,621.5131,3.3147106,0.54887545,1.0,0.0,20.0
exp7_fixed_random_1,10376,528.204,3.8426657,0.5894274,1.0,0.0,13.0
exp7_fixed_random_1,10377,594.8521,3.6345403,0.59606194,1.0,0.0,16.0
exp7_fixed_random_1,10378,493.8485,1.9536227,0.49235958,1.0,0.0,29.0
exp7_fixed_random_1,10379,-109.91286,3.9177186,0.64964855,0.0,1.0,9.0
exp7_fixed_random_1,10381,533.8629,2.2933788,0.36433282,1.0,0.0,21.0
exp7_fixed_random_1,10382,-178.7627,2.4966495,0.35372365,0.0,1.0,25.0
exp7_fixed_random_1,10383,593.5618,3.8990235,0.49204624,1.0,0.0,15.0
exp7_fixed_random_1,10384,596.52234,3.9110203,0.62453955,1.0,0.0,14.0
exp7_fixed_random_1,10385,570.1288,4.11222,0.55296046,1.0,0.0,13.0
exp7_fixed_random_1,10386,530.3749,2.610266,0.42163908,1.0,0.0,15.0
exp7_fixed_random_1,10387,608.6571,3.425682,0.62018126,1.0,0.0,23.0
exp7_fixed_random_1,10388,560.84296,3.540395,0.6510826,1.0,0.0,13.0
exp7_fixed_random_1,10389,637.9144,3.2195983,0.5803119,1.0,0.0,23.0
exp7_fixed_random_1,10390,547.9503,3.3374953,0.56254464,1.0,0.0,10.0
exp7_fixed_random_1,10391,470.05142,2.9831502,0.6687906,1.0,0.0,13.0
exp7_fixed_random_1,10392,-156.27652,2.5674515,0.40178376,0.0,1.0,26.0
exp7_fixed_random_1,10393,504.74146,2.893962,0.24494708,1.0,0.0,12.0
exp7_fixed_random_1,10394,495.40323,2.66681,0.5111506,1.0,0.0,13.0
exp7_fixed_random_1,10395,554.0724,3.2225416,0.39394206,1.0,0.0,13.0
exp7_fixed_random_1,10396,583.3828,3.7450786,0.59199876,1.0,0.0,16.0
exp7_fixed_random_1,10397,605.894,2.8393996,0.62616724,1.0,0.0,24.0
exp7_fixed_random_1,10398,639.375,3.841947,0.57432723,1.0,0.0,19.0
exp7_fixed_random_1,10399,579.20166,3.6721666,0.5416686,1.0,0.0,15.0
exp7_fixed_random_1,10401,637.1245,4.038274,0.5997451,1.0,0.0,17.0
exp7_fixed_random_1,10402,615.6057,3.503824,0.6579805,1.0,0.0,17.0
exp7_fixed_random_1,10403,-39.49913,3.746679,0.5460162,0.0,1.0,12.0
exp7_fixed_random_1,10404,626.71106,2.9029071,0.56405514,1.0,0.0,18.0
exp7_fixed_random_1,10405,652.7991,4.372155,0.4176825,1.0,0.0,16.0
exp7_fixed_random_1,10406,605.89386,3.4077425,0.4476473,1.0,0.0,19.0
exp7_fixed_random_1,10407,579.2713,3.6058939,0.63664144,1.0,0.0,13.0
exp7_fixed_random_1,10408,666.1924,3.6258075,0.4386986,1.0,0.0,20.0
exp7_fixed_random_1,10409,600.3214,2.635707,0.66679204,1.0,0.0,27.0
exp7_fixed_random_1,10410,607.854,3.7606006,0.58577234,1.0,0.0,18.0
exp7_fixed_random_1,10411,-51.276306,3.8131936,0.6432765,0.0,1.0,14.0
exp7_fixed_random_1,10412,612.1852,3.831545,0.57770646,1.0,0.0,17.0
exp7_fixed_random_1,10413,609.06464,4.1266575,0.57072914,1.0,0.0,11.0
exp7_fixed_random_1,10414,617.5924,4.2044373,0.5697613,1.0,0.0,12.0
exp7_fixed_random_1,10415,536.98254,3.1034904,0.60008943,1.0,0.0,13.0
exp7_fixed_random_1,10416,623.7806,3.823848,0.5552706,1.0,0.0,17.0
exp7_fixed_random_1,10417,475.05957,3.1600158,0.57842016,1.0,0.0,8.0
exp7_fixed_random_1,10418,404.75473,0.6046398,0.2222556,1.0,0.0,37.0
exp7_fixed_random_1,10419,627.442,3.1394703,0.52315485,1.0,0.0,18.0
exp7_fixed_random_1,10421,464.9418,2.1573396,0.5546859,1.0,0.0,15.0
exp7_fixed_random_1,10422,546.7542,3.0156717,0.71267617,1.0,0.0,17.0
exp7_fixed_random_1,10423,570.93933,2.476663,0.35704523,1.0,0.0,28.0
exp7_fixed_random_1,10424,528.9848,2.9495132,0.7521379,1.0,0.0,17.0
exp7_fixed_random_1,10425,561.301,3.0943985,0.55338913,1.0,0.0,25.0
exp7_fixed_random_1,10426,644.36694,3.9972265,0.58062243,1.0,0.0,15.0
exp7_fixed_random_1,10427,579.86914,3.8033252,0.52781826,1.0,0.0,13.0
exp7_fixed_random_1,10428,-164.98024,4.100289,0.63447213,0.0,1.0,13.0
exp7_fixed_random_1,10429,583.49854,3.2404563,0.60051477,1.0,0.0,19.0
exp7_fixed_random_1,10430,599.57324,3.4903812,0.64036316,1.0,0.0,19.0
exp7_fixed_random_1,10431,516.78455,2.8446264,0.7344883,1.0,0.0,11.0
exp7_fixed_random_1,10432,610.312,3.9084108,0.58165765,1.0,0.0,18.0
exp7_fixed_random_1,10433,656.26843,3.2993,0.5934128,1.0,0.0,18.0
exp7_fixed_random_1,10434,-171.42433,3.877024,0.57001454,0.0,1.0,11.0
exp7_fixed_random_1,10435,618.5464,2.952244,0.37985843,1.0,0.0,26.0
exp7_fixed_random_1,10436,560.75616,3.3455946,0.42008525,1.0,0.0,15.0
exp7_fixed_random_1,10437,534.928,3.53825,0.55247664,1.0,0.0,11.0
exp7_fixed_random_1,10438,563.6516,2.8858776,0.65361375,1.0,0.0,18.0
exp7_fixed_random_1,10439,554.4144,3.1558855,0.56176496,1.0,0.0,19.0
exp7_fixed_random_1,10441,521.7392,4.5139723,0.5497132,1.0,0.0,9.0
exp7_fixed_random_1,10442,-236.1795,2.0686853,0.3597079,0.0,1.0,21.0
exp7_fixed_random_1,10443,568.5242,2.9842432,0.55931586,1.0,0.0,18.0
exp7_fixed_random_1,10444,598.71185,3.635894,0.68585175,1.0,0.0,20.0
exp7_fixed_random_1,10445,570.75275,2.8806083,0.70191836,1.0,0.0,16.0
exp7_fixed_random_1,10446,556.96765,3.148955,0.5648368,1.0,0.0,16.0
exp7_fixed_random_1,10447,566.25037,2.9359112,0.37234664,1.0,0.0,14.0
exp7_fixed_random_1,10448,535.3695,2.56607,0.41311285,1.0,0.0,28.0
exp7_fixed_random_1,10449,615.29346,4.2165265,0.66816574,1.0,0.0,15.0
exp7_fixed_random_1,10450,602.4057,3.025031,0.55013496,1.0,0.0,16.0
exp7_fixed_random_1,10451,578.29156,3.3780966,0.5022409,1.0,0.0,13.0
exp7_fixed_random_1,10452,653.2074,3.6116042,0.59581846,1.0,0.0,22.0
exp7_fixed_random_1,10453,579.36127,2.4776478,0.39944518,1.0,0.0,21.0
exp7_fixed_random_1,10454,542.74194,2.6360624,0.404333,1.0,0.0,30.0
exp7_fixed_random_1,10455,536.27655,3.8948586,0.6152056,1.0,0.0,11.0
exp7_fixed_random_1,10456,564.6951,3.0232651,0.46503246,1.0,0.0,17.0
exp7_fixed_random_1,10457,538.1533,2.3699868,0.32040456,1.0,0.0,17.0
exp7_fixed_random_1,10458,522.9781,2.7926266,0.43174812,1.0,0.0,14.0
exp7_fixed_random_1,10459,596.05365,3.3316262,0.51040804,1.0,0.0,20.0
exp7_fixed_random_1,10461,520.66254,4.0457416,0.6116298,1.0,0.0,6.0
exp7_fixed_random_1,10462,471.61105,1.292137,0.24164274,1.0,0.0,25.0
exp7_fixed_random_1,10463,625.11426,2.073214,0.4081728,1.0,0.0,32.0
exp7_fixed_random_1,10464,482.01102,4.373045,0.4160094,1.0,0.0,9.0
exp7_fixed_random_1,10465,494.9726,3.3467643,0.5071979,1.0,0.0,12.0
exp7_fixed_random_1,10466,552.36725,2.2269914,0.3927698,1.0,0.0,22.0
exp7_fixed_random_1,10467,601.4878,3.604015,0.4656472,1.0,0.0,17.0
exp7_fixed_random_1,10468,528.9853,2.243484,0.375935,1.0,0.0,21.0
exp7_fixed_random_1,10469,559.2799,3.6703448,0.36733973,1.0,0.0,10.0
exp7_fixed_random_1,10470,541.2495,3.6105456,0.38782057,1.0,0.0,10.0
exp7_fixed_random_1,10471,602.0188,3.0739734,0.68024766,1.0,0.0,17.0
exp7_fixed_random_1,10472,569.4607,3.5575469,0.4822976,1.0,0.0,14.0
exp7_fixed_random_1,10473,544.255,3.987887,0.53670466,1.0,0.0,11.0
exp7_fixed_random_1,10474,-211.54587,3.92575,0.42279276,0.0,1.0,12.0
exp7_fixed_random_1,10475,593.17725,3.313764,0.5620202,1.0,0.0,15.0
exp7_fixed_random_1,10476,509.0345,2.0442896,0.5111882,1.0,0.0,18.0
exp7_fixed_random_1,10477,-23.860275,3.6394243,0.58481055,0.0,1.0,18.0
exp7_fixed_random_1,10478,543.96857,3.2573168,0.334837,1.0,0.0,12.0
exp7_fixed_random_1,10479,572.08386,2.5537775,0.44311038,1.0,0.0,24.0
exp7_fixed_random_1,10481,469.57614,2.0711508,0.7313438,1.0,0.0,13.0
exp7_fixed_random_1,10482,566.1238,3.4833217,0.58006155,1.0,0.0,15.0
exp7_fixed_random_1,10483,512.472,3.819073,0.43752176,1.0,0.0,11.0
exp7_fixed_random_1,10484,513.22125,3.408671,0.6088987,1.0,0.0,11.0
exp7_fixed_random_1,10485,-151.56784,4.057361,0.44129303,0.0,1.0,7.0
exp7_fixed_random_1,10486,-248.3794,3.9027817,0.59834534,0.0,1.0,8.0
exp7_fixed_random_1,10487,567.9162,2.9007595,0.73781633,1.0,0.0,21.0
exp7_fixed_random_1,10488,561.10516,3.8645496,0.648287,1.0,0.0,12.0
exp7_fixed_random_1,10489,589.459,3.3342333,0.70803845,1.0,0.0,19.0
exp7_fixed_random_1,10490,-89.25708,2.7277925,0.3955081,0.0,1.0,23.0
exp7_fixed_random_1,10491,648.7112,2.992545,0.4879844,1.0,0.0,24.0
exp7_fixed_random_1,10492,476.53976,2.2872245,0.7025185,1.0,0.0,12.0
exp7_fixed_random_1,10493,571.5346,2.5319097,0.386032,1.0,0.0,20.0
exp7_fixed_random_1,10494,504.9532,2.8221118,0.7175232,1.0,0.0,11.0
exp7_fixed_random_1,10495,534.3645,3.4686866,0.56756145,1.0,0.0,13.0
exp7_fixed_random_1,10496,628.25183,2.6689723,0.64554584,1.0,0.0,22.0
exp7_fixed_random_1,10497,586.2339,3.49682,0.65908045,1.0,0.0,18.0
exp7_fixed_random_1,10498,493.65082,4.0149736,0.5764941,1.0,0.0,9.0
exp7_fixed_random_1,10499,551.55493,3.626223,0.59847796,1.0,0.0,14.0
exp7_fixed_random_1,10501,590.2131,2.5604055,0.4037308,1.0,0.0,29.0
exp7_fixed_random_1,10502,636.8253,4.2034383,0.47318122,1.0,0.0,15.0
exp7_fixed_random_1,10503,653.63116,3.792537,0.5686303,1.0,0.0,22.0
exp7_fixed_random_1,10504,613.489,3.7850797,0.4873927,1.0,0.0,15.0
exp7_fixed_random_1,10505,-141.55919,3.7779503,0.30650637,0.0,1.0,7.0
exp7_fixed_random_1,10506,542.55383,3.2782693,0.45443562,1.0,0.0,14.0
exp7_fixed_random_1,10507,639.1291,3.634237,0.5344631,1.0,0.0,16.0
exp7_fixed_random_1,10508,511.80734,3.4133086,0.70537466,1.0,0.0,13.0
exp7_fixed_random_1,10509,-175.66257,4.646496,0.86846316,0.0,1.0,4.0
exp7_fixed_random_1,10510,525.4297,2.2875054,0.77405435,1.0,0.0,19.0
exp7_fixed_random_1,10511,534.3063,2.7336931,0.5490678,1.0,0.0,17.0
exp7_fixed_random_1,10512,504.23395,2.4152868,0.5308779,1.0,0.0,15.0
exp7_fixed_random_1,10513,662.9967,3.1313806,0.43477795,1.0,0.0,25.0
exp7_fixed_random_1,10514,533.703,4.0135207,0.5637697,1.0,0.0,14.0
exp7_fixed_random_1,10515,586.92377,3.2121274,0.50325096,1.0,0.0,25.0
exp7_fixed_random_1,10516,490.39233,2.3416517,0.6004186,1.0,0.0,15.0
exp7_fixed_random_1,10517,570.97534,2.929106,0.67213666,1.0,0.0,18.0
exp7_fixed_random_1,10518,506.77582,3.157948,0.5320531,1.0,0.0,13.0
exp7_fixed_random_1,10519,613.55896,3.650412,0.54458123,1.0,0.0,17.0
exp7_fixed_random_1,10521,558.5122,2.4297736,0.48001558,1.0,0.0,17.0
exp7_fixed_random_1,10522,578.37134,3.1709275,0.6454125,1.0,0.0,20.0
exp7_fixed_random_1,10523,519.32104,2.95959,0.587016,1.0,0.0,12.0
exp7_fixed_random_1,10524,550.83234,3.324155,0.6503183,1.0,0.0,14.0
exp7_fixed_random_1,10525,610.3604,2.2973392,0.5480654,1.0,0.0,27.0
exp7_fixed_random_1,10526,523.79834,3.8085535,0.5507025,1.0,0.0,11.0
exp7_fixed_random_1,10527,602.39355,3.3586645,0.501328,1.0,0.0,18.0
exp7_fixed_random_1,10528,491.90295,3.4695997,0.6628757,1.0,0.0,11.0
exp7_fixed_random_1,10529,644.58527,3.4119015,0.5758462,1.0,0.0,19.0
exp7_fixed_random_1,10530,605.7385,3.3601475,0.48112455,1.0,0.0,16.0
exp7_fixed_random_1,10531,515.3251,2.5303714,0.4965092,1.0,0.0,22.0
exp7_fixed_random_1,10532,488.9502,1.7615389,0.66560495,1.0,0.0,31.0
exp7_fixed_random_1,10533,572.72296,2.7986312,0.5227209,1.0,0.0,27.0
exp7_fixed_random_1,10534,542.6981,2.8885925,0.45965815,1.0,0.0,12.0
exp7_fixed_random_1,10535,513.8211,3.3700569,0.5461362,1.0,0.0,12.0
exp7_fixed_random_1,10536,546.89264,3.5041947,0.6222565,1.0,0.0,13.0
exp7_fixed_random_1,10537,634.5818,3.4295743,0.5180714,1.0,0.0,18.0
exp7_fixed_random_1,10538,529.0896,3.3015256,0.6158364,1.0,0.0,15.0
exp7_fixed_random_1,10539,513.8729,3.2256727,0.67216843,1.0,0.0,8.0
exp7_fixed_random_1,10541,-248.55911,4.671449,0.54827523,0.0,1.0,7.0
exp7_fixed_random_1,10542,582.6692,2.7543662,0.8035633,1.0,0.0,16.0
exp7_fixed_random_1,10543,533.8601,2.7919285,0.56810707,1.0,0.0,16.0
exp7_fixed_random_1,10544,648.2167,3.2334607,0.5263099,1.0,0.0,20.0
exp7_fixed_random_1,10545,-318.07657,3.6268373,0.7105672,0.0,1.0,5.0
exp7_fixed_random_1,10546,641.1387,3.4759073,0.65294766,1.0,0.0,17.0
exp7_fixed_random_1,10547,-261.5603,4.1390896,0.4430127,0.0,1.0,4.0
exp7_fixed_random_1,10548,-236.12482,2.8033202,0.3928246,0.0,1.0,14.0
exp7_fixed_random_1,10549,551.09937,2.866368,0.58393675,1.0,0.0,16.0
exp7_fixed_random_1,10550,584.68964,3.157758,0.55703056,1.0,0.0,16.0
exp7_fixed_random_1,10551,589.513,2.9442825,0.5513469,1.0,0.0,20.0
exp7_fixed_random_1,10552,560.9673,2.368668,0.45386377,1.0,0.0,18.0
exp7_fixed_random_1,10553,580.2083,2.790444,0.57157165,1.0,0.0,21.0
exp7_fixed_random_1,10554,577.5768,2.0147994,0.51922995,1.0,0.0,25.0
exp7_fixed_random_1,10555,609.61707,3.2636998,0.4662157,1.0,0.0,20.0
exp7_fixed_random_1,10556,488.37323,3.0045958,0.5319157,1.0,0.0,10.0
exp7_fixed_random_1,10557,583.7152,3.7723155,0.56150144,1.0,0.0,15.0
exp7_fixed_random_1,10558,619.01514,3.178786,0.46966743,1.0,0.0,26.0
exp7_fixed_random_1,10559,608.3898,3.170708,0.43644863,1.0,0.0,20.0
exp7_fixed_random_1,10561,615.35876,4.5557556,0.59006697,1.0,0.0,13.0
exp7_fixed_random_1,10562,602.75244,2.722374,0.76201963,1.0,0.0,28.0
exp7_fixed_random_1,10563,530.83136,3.217328,0.66184485,1.0,0.0,12.0
exp7_fixed_random_1,10564,521.7855,3.9584954,0.62354666,1.0,0.0,10.0
exp7_fixed_random_1,10565,549.81226,2.3449547,0.5622645,1.0,0.0,26.0
exp7_fixed_random_1,10566,516.0325,3.5043283,0.7012103,1.0,0.0,15.0
exp7_fixed_random_1,10567,482.00494,1.7883421,0.3806796,1.0,0.0,33.0
exp7_fixed_random_1,10568,565.39453,3.1587577,0.67100286,1.0,0.0,14.0
exp7_fixed_random_1,10569,556.53406,3.0228043,0.6500639,1.0,0.0,16.0
exp7_fixed_random_1,10570,637.37384,3.7277985,0.65105355,1.0,0.0,21.0
exp7_fixed_random_1,10571,606.2732,3.3106112,0.538499,1.0,0.0,20.0
exp7_fixed_random_1,10572,621.8259,3.1625817,0.49420416,1.0,0.0,22.0
exp7_fixed_random_1,10573,558.9256,2.9238596,0.357633,1.0,0.0,18.0
exp7_fixed_random_1,10574,562.258,3.48273,0.64206064,1.0,0.0,15.0
exp7_fixed_random_1,10575,425.3282,0.925075,0.26258567,1.0,0.0,44.0
exp7_fixed_random_1,10576,-223.33304,2.651674,0.3884978,0.0,1.0,24.0
exp7_fixed_random_1,10577,587.64197,2.7951057,0.50922483,1.0,0.0,25.0
exp7_fixed_random_1,10578,589.8791,4.4629188,0.49212897,1.0,0.0,12.0
exp7_fixed_random_1,10579,536.762,3.651183,0.28764635,1.0,0.0,10.0
exp7_fixed_random_1,10581,569.0136,2.7500696,0.3703287,1.0,0.0,16.0
exp7_fixed_random_1,10582,-243.64244,4.6312766,0.52350104,0.0,1.0,7.0
exp7_fixed_random_1,10583,-188.05736,2.8220658,0.6574405,0.0,1.0,19.0
exp7_fixed_random_1,10584,540.47485,2.948354,0.7976452,1.0,0.0,15.0
exp7_fixed_random_1,10585,506.60095,2.5930753,0.8721495,1.0,0.0,13.0
exp7_fixed_random_1,10586,494.86945,3.5764291,0.5521128,1.0,0.0,11.0
exp7_fixed_random_1,10587,557.77454,3.642626,0.50368893,1.0,0.0,14.0
exp7_fixed_random_1,10588,543.59766,3.7419488,0.29868877,1.0,0.0,9.0
exp7_fixed_random_1,10589,484.19034,2.482543,0.670401,1.0,0.0,20.0
exp7_fixed_random_1,10590,506.21393,1.9919851,0.36325714,1.0,0.0,18.0
exp7_fixed_random_1,10591,511.1308,2.6013029,0.6471123,1.0,0.0,19.0
exp7_fixed_random_1,10592,602.23334,3.709073,0.62681556,1.0,0.0,17.0
exp7_fixed_random_1,10593,-346.26312,4.74994,0.51063436,0.0,1.0,1.0
exp7_fixed_random_1,10594,581.2263,3.5798388,0.5184133,1.0,0.0,16.0
exp7_fixed_random_1,10595,620.3093,3.7283692,0.60633737,1.0,0.0,16.0
exp7_fixed_random_1,10596,496.78683,2.7892962,0.6867207,1.0,0.0,15.0
exp7_fixed_random_1,10597,-140.00746,3.49009,0.6071111,0.0,1.0,19.0
exp7_fixed_random_1,10598,548.0958,3.1277325,0.66535467,1.0,0.0,18.0
exp7_fixed_random_1,10599,519.17004,2.483265,0.4853621,1.0,0.0,15.0
exp7_fixed_random_1,10601,528.8021,2.1362197,0.47024706,1.0,0.0,18.0
exp7_fixed_random_1,10602,678.0039,3.6921053,0.52536243,1.0,0.0,19.0
exp7_fixed_random_1,10603,532.742,4.369385,0.78960234,1.0,0.0,7.0
exp7_fixed_random_1,10604,563.00946,2.9931774,0.40991566,1.0,0.0,19.0
exp7_fixed_random_1,10605,-209.1019,4.56887,0.75739825,0.0,1.0,5.0
exp7_fixed_random_1,10606,625.2633,3.7251725,0.3776559,1.0,0.0,17.0
exp7_fixed_random_1,10607,-345.656,4.687811,0.3863822,0.0,1.0,1.0
exp7_fixed_random_1,10608,539.11646,3.01552,0.8049626,1.0,0.0,16.0
exp7_fixed_random_1,10609,558.25793,1.7202582,0.3228693,1.0,0.0,50.0
exp7_fixed_random_1,10610,496.75604,2.693446,0.47471797,1.0,0.0,9.0
exp7_fixed_random_1,10611,520.4132,2.3337073,0.3422124,1.0,0.0,19.0
exp7_fixed_random_1,10612,-164.70135,4.2653747,0.6778603,0.0,1.0,7.0
exp7_fixed_random_1,10613,-183.09721,3.5843658,0.3621293,0.0,1.0,12.0
exp7_fixed_random_1,10614,522.21185,3.693776,0.53885347,1.0,0.0,10.0
exp7_fixed_random_1,10615,450.6147,1.0357547,0.3443445,1.0,0.0,25.0
exp7_fixed_random_1,10616,601.9201,4.223904,0.5812539,1.0,0.0,14.0
exp7_fixed_random_1,10617,663.56665,3.0640368,0.49918953,1.0,0.0,26.0
exp7_fixed_random_1,10618,528.3507,3.7345576,0.6403997,1.0,0.0,9.0
exp7_fixed_random_1,10619,527.9625,2.1531773,0.2699366,1.0,0.0,16.0
exp7_fixed_random_1,10621,502.68002,3.5385509,0.39847332,1.0,0.0,7.0
exp7_fixed_random_1,10622,623.99554,3.2227356,0.59627753,1.0,0.0,22.0
exp7_fixed_random_1,10623,446.1283,2.7983377,0.6807325,1.0,0.0,9.0
exp7_fixed_random_1,10624,589.73584,3.078575,0.64389396,1.0,0.0,23.0
exp7_fixed_random_1,10625,482.09512,1.2018443,0.31558546,1.0,0.0,35.0
exp7_fixed_random_1,10626,644.39124,3.2776139,0.4596538,1.0,0.0,20.0
exp7_fixed_random_1,10627,576.9621,3.0121057,0.45758808,1.0,0.0,22.0
exp7_fixed_random_1,10628,-119.56685,3.4564044,0.43887693,0.0,1.0,15.0
exp7_fixed_random_1,10629,552.35736,3.7075348,0.5854411,1.0,0.0,16.0
exp7_fixed_random_1,10630,559.53015,2.589348,0.52592194,1.0,0.0,15.0
exp7_fixed_random_1,10631,629.6223,3.6036198,0.7298513,1.0,0.0,18.0
exp7_fixed_random_1,10632,524.3407,3.079573,0.6467163,1.0,0.0,14.0
exp7_fixed_random_1,10633,510.21045,2.3936462,0.4835449,1.0,0.0,28.0
exp7_fixed_random_1,10634,490.6849,2.50928,0.49678078,1.0,0.0,12.0
exp7_fixed_random_1,10635,597.0322,2.36244,0.5032999,1.0,0.0,23.0
exp7_fixed_random_1,10636,471.56378,1.9754878,0.4870463,1.0,0.0,15.0
exp7_fixed_random_1,10637,-346.3093,4.3846436,0.2099279,0.0,1.0,1.0
exp7_fixed_random_1,10638,491.0801,2.9258394,0.6898059,1.0,0.0,13.0
exp7_fixed_random_1,10639,533.4529,3.4584494,0.58936244,1.0,0.0,16.0
exp7_fixed_random_1,10641,588.48785,2.881276,0.48031804,1.0,0.0,23.0
exp7_fixed_random_1,10642,579.3959,3.6360865,0.42239636,1.0,0.0,15.0
exp7_fixed_random_1,10643,621.286,3.165226,0.43595466,1.0,0.0,22.0
exp7_fixed_random_1,10644,542.54034,2.8226702,0.5746693,1.0,0.0,22.0
exp7_fixed_random_1,10645,575.4289,3.5516086,0.64919,1.0,0.0,23.0
exp7_fixed_random_1,10646,512.94604,2.7488916,0.36438984,1.0,0.0,10.0
exp7_fixed_random_1,10647,-80.460526,4.481052,0.52401143,0.0,1.0,9.0
exp7_fixed_random_1,10648,-247.18686,4.084834,0.52564543,0.0,1.0,10.0
exp7_fixed_random_1,10649,506.41272,3.1234145,0.39910567,1.0,0.0,15.0
exp7_fixed_random_1,10650,603.7499,3.6772647,0.42745325,1.0,0.0,16.0
exp7_fixed_random_1,10651,511.0775,3.0528355,0.30447486,1.0,0.0,10.0
exp7_fixed_random_1,10652,480.5841,3.727425,0.59379697,1.0,0.0,8.0
exp7_fixed_random_1,10653,-189.54047,3.0724876,0.5810275,0.0,1.0,19.0
exp7_fixed_random_1,10654,566.0446,2.3588834,0.5177841,1.0,0.0,26.0
exp7_fixed_random_1,10655,538.77655,2.9718287,0.57732075,1.0,0.0,14.0
exp7_fixed_random_1,10656,586.9706,2.5979402,0.63105875,1.0,0.0,23.0
exp7_fixed_random_1,10657,599.4332,3.9280605,0.5567883,1.0,0.0,16.0
exp7_fixed_random_1,10658,555.7938,2.4133313,0.34295422,1.0,0.0,20.0
exp7_fixed_random_1,10659,476.19266,2.562536,0.611438,1.0,0.0,11.0
exp7_fixed_random_1,10661,581.7241,3.8733296,0.62057024,1.0,0.0,15.0
exp7_fixed_random_1,10662,-82.966934,3.0967271,0.4073138,0.0,1.0,13.0
exp7_fixed_random_1,10663,502.38373,2.4340692,0.46600208,1.0,0.0,19.0
exp7_fixed_random_1,10664,577.27484,2.791118,0.658243,1.0,0.0,19.0
exp7_fixed_random_1,10665,595.1547,2.650018,0.41549626,1.0,0.0,24.0
exp7_fixed_random_1,10666,547.1521,2.311864,0.38422447,1.0,0.0,29.0
exp7_fixed_random_1,10667,575.49756,2.8356612,0.5237397,1.0,0.0,21.0
exp7_fixed_random_1,10668,551.82074,2.6480603,0.492225,1.0,0.0,25.0
exp7_fixed_random_1,10669,573.31805,3.1577606,0.6140133,1.0,0.0,20.0
exp7_fixed_random_1,10670,653.2839,2.9963334,0.3888379,1.0,0.0,25.0
exp7_fixed_random_1,10671,630.2644,3.0359151,0.3286957,1.0,0.0,26.0
exp7_fixed_random_1,10672,600.2502,3.6362295,0.545843,1.0,0.0,15.0
exp7_fixed_random_1,10673,586.6721,3.409463,0.57693505,1.0,0.0,18.0
exp7_fixed_random_1,10674,579.0799,2.8955443,0.6562463,1.0,0.0,20.0
exp7_fixed_random_1,10675,522.4541,3.752467,0.6067671,1.0,0.0,15.0
exp7_fixed_random_1,10676,596.83276,3.3459797,0.42607555,1.0,0.0,20.0
exp7_fixed_random_1,10677,-269.15005,4.035458,0.5360098,0.0,1.0,10.0
exp7_fixed_random_1,10678,562.9856,3.2302852,0.58499837,1.0,0.0,18.0
exp7_fixed_random_1,10679,509.71606,3.228405,0.49097317,1.0,0.0,13.0
exp7_fixed_random_1,10681,541.8999,2.1265414,0.30840224,1.0,0.0,23.0
exp7_fixed_random_1,10682,575.15137,4.0695267,0.6226518,1.0,0.0,15.0
exp7_fixed_random_1,10683,611.79895,2.9066994,0.4035828,1.0,0.0,24.0
exp7_fixed_random_1,10684,570.33234,3.61323,0.6233558,1.0,0.0,17.0
exp7_fixed_random_1,10685,612.588,3.20961,0.66558826,1.0,0.0,19.0
exp7_fixed_random_1,10686,560.47516,3.2507956,0.439531,1.0,0.0,13.0
exp7_fixed_random_1,10687,592.7465,3.5391865,0.5482221,1.0,0.0,17.0
exp7_fixed_random_1,10688,634.1273,4.1269336,0.5782352,1.0,0.0,14.0
exp7_fixed_random_1,10689,582.99316,3.2756767,0.4565015,1.0,0.0,19.0
exp7_fixed_random_1,10690,-96.144394,4.0605526,0.6199569,0.0,1.0,8.0
exp7_fixed_random_1,10691,668.2905,3.7482994,0.49422765,1.0,0.0,16.0
exp7_fixed_random_1,10692,634.4776,2.9939017,0.64757997,1.0,0.0,23.0
exp7_fixed_random_1,10693,-145.96336,2.707807,0.44730538,0.0,1.0,22.0
exp7_fixed_random_1,10694,644.1195,2.8047025,0.5716743,1.0,0.0,24.0
exp7_fixed_random_1,10695,577.4476,3.1813507,0.6185253,1.0,0.0,15.0
exp7_fixed_random_1,10696,594.856,3.388581,0.5437895,1.0,0.0,14.0
exp7_fixed_random_1,10697,551.5496,2.6083348,0.74366164,1.0,0.0,22.0
exp7_fixed_random_1,10698,532.8274,3.8006558,0.5446478,1.0,0.0,8.0
exp7_fixed_random_1,10699,631.7517,3.3482838,0.66497517,1.0,0.0,20.0
exp7_fixed_random_1,10701,-309.27185,4.536353,0.62452734,0.0,1.0,5.0
exp7_fixed_random_1,10702,523.4084,2.6320996,0.48954624,1.0,0.0,21.0
exp7_fixed_random_1,10703,525.0025,3.3606796,0.79237837,1.0,0.0,16.0
exp7_fixed_random_1,10704,549.25604,2.408533,0.2121609,1.0,0.0,16.0
exp7_fixed_random_1,10705,636.4585,3.08611,0.4608476,1.0,0.0,26.0
exp7_fixed_random_1,10706,563.2196,2.5796854,0.38316697,1.0,0.0,29.0
exp7_fixed_random_1,10707,601.7126,3.5217185,0.50054485,1.0,0.0,17.0
exp7_fixed_random_1,10708,570.6633,3.7439125,0.5035886,1.0,0.0,10.0
exp7_fixed_random_1,10709,517.08936,2.884891,0.44409955,1.0,0.0,13.0
exp7_fixed_random_1,10710,492.99094,1.5151685,0.24637428,1.0,0.0,51.0
exp7_fixed_random_1,10711,584.2522,3.3573549,0.6333207,1.0,0.0,18.0
exp7_fixed_random_1,10712,568.2643,3.241486,0.5640573,1.0,0.0,20.0
exp7_fixed_random_1,10713,616.1465,3.870479,0.6733708,1.0,0.0,16.0
exp7_fixed_random_1,10714,613.89154,4.193561,0.46854708,1.0,0.0,13.0
exp7_fixed_random_1,10715,539.2565,1.8792318,0.3157484,1.0,0.0,31.0
exp7_fixed_random_1,10716,636.75397,2.3468528,0.34560964,1.0,0.0,35.0
exp7_fixed_random_1,10717,-169.32266,3.8008296,0.4921108,0.0,1.0,9.0
exp7_fixed_random_1,10718,491.35852,2.1060522,0.39243925,1.0,0.0,22.0
exp7_fixed_random_1,10719,514.2782,3.941501,0.6236755,1.0,0.0,11.0
exp7_fixed_random_1,10721,473.40054,1.4018202,0.33225006,1.0,0.0,28.0
exp7_fixed_random_1,10722,536.4859,2.3495398,0.2888859,1.0,0.0,15.0
exp7_fixed_random_1,10723,618.66846,3.3219633,0.46131358,1.0,0.0,18.0
exp7_fixed_random_1,10724,574.48834,2.883606,0.38072097,1.0,0.0,22.0
exp7_fixed_random_1,10725,547.6637,3.38861,0.6126346,1.0,0.0,13.0
exp7_fixed_random_1,10726,500.99847,3.247218,0.63123703,1.0,0.0,17.0
exp7_fixed_random_1,10727,525.9537,2.161001,0.41492477,1.0,0.0,37.0
exp7_fixed_random_1,10728,507.61047,2.695286,0.5084913,1.0,0.0,18.0
exp7_fixed_random_1,10729,600.09064,3.38583,0.3775821,1.0,0.0,17.0
exp7_fixed_random_1,10730,582.3324,2.8824506,0.47065604,1.0,0.0,27.0
exp7_fixed_random_1,10731,513.2135,2.7214513,0.41094473,1.0,0.0,13.0
exp7_fixed_random_1,10732,572.3747,2.7150738,0.44408914,1.0,0.0,27.0
exp7_fixed_random_1,10733,525.2851,2.9982517,0.35585302,1.0,0.0,13.0
exp7_fixed_random_1,10734,556.9416,4.0874057,0.41626483,1.0,0.0,8.0
exp7_fixed_random_1,10735,620.192,2.934338,0.34561408,1.0,0.0,25.0
exp7_fixed_random_1,10736,545.2964,3.1473463,0.57247514,1.0,0.0,18.0
exp7_fixed_random_1,10737,623.9061,3.2722318,0.6347158,1.0,0.0,19.0
exp7_fixed_random_1,10738,678.9575,3.6435933,0.47509608,1.0,0.0,21.0
exp7_fixed_random_1,10739,511.414,3.2187843,0.6803828,1.0,0.0,13.0
exp7_fixed_random_1,10741,494.07208,2.5497909,0.41125068,1.0,0.0,11.0
exp7_fixed_random_1,10742,601.35443,2.3321714,0.48082948,1.0,0.0,29.0
exp7_fixed_random_1,10743,-124.747345,2.2414858,0.35372266,0.0,1.0,37.0
exp7_fixed_random_1,10744,596.756,3.4392807,0.52299,1.0,0.0,17.0
exp7_fixed_random_1,10745,567.0683,3.2583702,0.5564474,1.0,0.0,20.0
exp7_fixed_random_1,10746,551.8456,3.2810714,0.40262416,1.0,0.0,11.0
exp7_fixed_random_1,10747,-52.28836,4.0266495,0.33742297,0.0,1.0,10.0
exp7_fixed_random_1,10748,545.3387,3.1089823,0.61050963,1.0,0.0,13.0
exp7_fixed_random_1,10749,555.96924,3.4769523,0.60961336,1.0,0.0,14.0
exp7_fixed_random_1,10750,461.95184,1.5892466,0.28630516,1.0,0.0,61.0
exp7_fixed_random_1,10751,530.20435,3.3757312,0.62054825,1.0,0.0,15.0
exp7_fixed_random_1,10752,527.56116,2.6779265,0.64782685,1.0,0.0,15.0
exp7_fixed_random_1,10753,634.87134,3.8062286,0.5010876,1.0,0.0,16.0
exp7_fixed_random_1,10754,499.4801,2.041067,0.44262257,1.0,0.0,22.0
exp7_fixed_random_1,10755,612.1526,3.4720426,0.5385999,1.0,0.0,18.0
exp7_fixed_random_1,10756,547.4024,2.380199,0.46278822,1.0,0.0,18.0
exp7_fixed_random_1,10757,511.7675,3.0794678,0.72279,1.0,0.0,11.0
exp7_fixed_random_1,10758,543.0469,1.9937876,0.3308178,1.0,0.0,19.0
exp7_fixed_random_1,10759,553.68555,3.1856465,0.65198755,1.0,0.0,17.0
exp7_fixed_random_1,10761,619.2533,3.0778754,0.40274996,1.0,0.0,18.0
exp7_fixed_random_1,10762,606.6817,2.9417748,0.7945333,1.0,0.0,19.0
exp7_fixed_random_1,10763,600.1811,3.011493,0.51755834,1.0,0.0,27.0
exp7_fixed_random_1,10764,563.8684,3.430988,0.722814,1.0,0.0,12.0
exp7_fixed_random_1,10765,613.23987,3.181841,0.6106985,1.0,0.0,18.0
exp7_fixed_random_1,10766,617.7095,2.5516114,0.406195,1.0,0.0,27.0
exp7_fixed_random_1,10767,546.1583,3.1586826,0.69735235,1.0,0.0,14.0
exp7_fixed_random_1,10768,530.38135,3.3110902,0.3594936,1.0,0.0,22.0
exp7_fixed_random_1,10769,551.35596,2.4419317,0.36958104,1.0,0.0,17.0
exp7_fixed_random_1,10770,535.3896,3.1506217,0.6706257,1.0,0.0,15.0
exp7_fixed_random_1,10771,528.3274,2.7138236,0.30874136,1.0,0.0,11.0
exp7_fixed_random_1,10772,521.5283,2.0329068,0.4631389,1.0,0.0,21.0
exp7_fixed_random_1,10773,-189.27434,3.4079657,0.3383235,0.0,1.0,6.0
exp7_fixed_random_1,10774,524.01495,3.5240855,0.3700205,1.0,0.0,10.0
exp7_fixed_random_1,10775,414.09982,1.3605995,0.28322172,1.0,0.0,67.0
exp7_fixed_random_1,10776,555.6129,3.5733626,0.6506552,1.0,0.0,12.0
exp7_fixed_random_1,10777,582.5584,4.013416,0.48865974,1.0,0.0,12.0
exp7_fixed_random_1,10778,634.1806,3.0174792,0.5809937,1.0,0.0,23.0
exp7_fixed_random_1,10779,610.2715,2.7624226,0.36775422,1.0,0.0,19.0
exp7_fixed_random_1,10781,523.1701,1.9192618,0.69506043,1.0,0.0,24.0
exp7_fixed_random_1,10782,588.3824,3.293319,0.4119629,1.0,0.0,17.0
exp7_fixed_random_1,10783,512.6221,1.844709,0.33987787,1.0,0.0,22.0
exp7_fixed_random_1,10784,656.529,3.5722458,0.4956884,1.0,0.0,22.0
exp7_fixed_random_1,10785,-0.4828949,3.5443902,0.56995577,0.0,1.0,20.0
exp7_fixed_random_1,10786,-126.07376,2.721778,0.22624421,0.0,1.0,13.0
exp7_fixed_random_1,10787,570.9451,2.2269356,0.32996857,1.0,0.0,41.0
exp7_fixed_random_1,10788,660.97363,3.314833,0.4137038,1.0,0.0,23.0
exp7_fixed_random_1,10789,570.8147,2.7722433,0.62131065,1.0,0.0,19.0
exp7_fixed_random_1,10790,542.1045,3.5765355,0.7253701,1.0,0.0,13.0
exp7_fixed_random_1,10791,528.60156,2.1250126,0.33693227,1.0,0.0,35.0
exp7_fixed_random_1,10792,538.8857,2.477088,0.3344332,1.0,0.0,19.0
exp7_fixed_random_1,10793,-122.6575,4.5134645,0.41649222,0.0,1.0,6.0
exp7_fixed_random_1,10794,499.3495,4.318971,0.4756441,1.0,0.0,9.0
exp7_fixed_random_1,10795,604.9265,3.2165058,0.6897841,1.0,0.0,20.0
exp7_fixed_random_1,10796,526.57947,2.6788697,0.7400949,1.0,0.0,18.0
exp7_fixed_random_1,10797,546.0252,3.3954046,0.64740694,1.0,0.0,19.0
exp7_fixed_random_1,10798,533.0676,3.1949425,0.64668727,1.0,0.0,13.0
exp7_fixed_random_1,10799,562.8203,2.7852674,0.5749867,1.0,0.0,13.0
exp7_fixed_random_1,10801,579.2327,1.7943817,0.29494673,1.0,0.0,53.0
exp7_fixed_random_1,10802,602.77484,3.922401,0.6416934,1.0,0.0,16.0
exp7_fixed_random_1,10803,641.28326,2.894806,0.46965438,1.0,0.0,23.0
exp7_fixed_random_1,10804,557.56525,2.9045534,0.70661646,1.0,0.0,22.0
exp7_fixed_random_1,10805,510.44415,2.8717043,0.6120765,1.0,0.0,18.0
exp7_fixed_random_1,10806,561.6754,3.380556,0.6166421,1.0,0.0,16.0
exp7_fixed_random_1,10807,510.03918,2.5997481,0.30349976,1.0,0.0,15.0
exp7_fixed_random_1,10808,569.807,4.268841,0.33308238,1.0,0.0,10.0
exp7_fixed_random_1,10809,545.94836,2.4812348,0.49376503,1.0,0.0,18.0
exp7_fixed_random_1,10810,600.7948,2.7642846,0.6597295,1.0,0.0,25.0
exp7_fixed_random_1,10811,620.17426,2.933745,0.38304138,1.0,0.0,26.0
exp7_fixed_random_1,10812,558.7742,3.6148748,0.558286,1.0,0.0,23.0
exp7_fixed_random_1,10813,500.72876,3.4120984,0.48438647,1.0,0.0,8.0
exp7_fixed_random_1,10814,459.62088,2.100296,0.37943333,1.0,0.0,13.0
exp7_fixed_random_1,10815,550.23596,2.9735851,0.4230866,1.0,0.0,19.0
exp7_fixed_random_1,10816,457.29932,1.945506,0.36540008,1.0,0.0,21.0
exp7_fixed_random_1,10817,478.92517,2.7615118,0.5191421,1.0,0.0,12.0
exp7_fixed_random_1,10818,544.8294,2.4488747,0.4554983,1.0,0.0,16.0
exp7_fixed_random_1,10819,550.0171,1.8062847,0.29285738,1.0,0.0,49.0
exp7_fixed_random_1,10821,545.69275,3.256533,0.560342,1.0,0.0,21.0
exp7_fixed_random_1,10822,651.80817,3.5074744,0.6721848,1.0,0.0,20.0
exp7_fixed_random_1,10823,606.59283,3.414714,0.7147328,1.0,0.0,17.0
exp7_fixed_random_1,10824,542.8973,2.5617282,0.69119066,1.0,0.0,16.0
exp7_fixed_random_1,10825,536.879,3.5541787,0.5906521,1.0,0.0,10.0
exp7_fixed_random_1,10826,569.8281,3.8447938,0.62391746,1.0,0.0,16.0
exp7_fixed_random_1,10827,579.67993,2.7592998,0.5221681,1.0,0.0,17.0
exp7_fixed_random_1,10828,626.4864,2.8438365,0.6919399,1.0,0.0,23.0
exp7_fixed_random_1,10829,602.09686,2.7300408,0.74057794,1.0,0.0,19.0
exp7_fixed_random_1,10830,-122.086784,2.5294633,0.4166348,0.0,1.0,23.0
exp7_fixed_random_1,10831,642.3584,2.472084,0.37430695,1.0,0.0,30.0
exp7_fixed_random_1,10832,563.6176,2.7463086,0.44192916,1.0,0.0,18.0
exp7_fixed_random_1,10833,526.9179,1.928815,0.43072456,1.0,0.0,28.0
exp7_fixed_random_1,10834,533.5081,2.9023829,0.6205117,1.0,0.0,10.0
exp7_fixed_random_1,10835,-283.92154,2.2778788,0.41123953,0.0,1.0,11.0
exp7_fixed_random_1,10836,564.52466,2.5885124,0.48540688,1.0,0.0,18.0
exp7_fixed_random_1,10837,613.8491,4.165509,0.51269305,1.0,0.0,14.0
exp7_fixed_random_1,10838,635.3837,3.3801885,0.4384336,1.0,0.0,21.0
exp7_fixed_random_1,10839,609.6583,2.774744,0.6545003,1.0,0.0,21.0
exp7_fixed_random_1,10841,558.46265,3.7566986,0.58717746,1.0,0.0,13.0
exp7_fixed_random_1,10842,530.118,3.9898915,0.55715525,1.0,0.0,10.0
exp7_fixed_random_1,10843,462.7827,2.9952981,0.6214043,1.0,0.0,14.0
exp7_fixed_random_1,10844,623.1403,3.7508965,0.4626109,1.0,0.0,22.0
exp7_fixed_random_1,10845,505.9606,2.5586689,0.39582652,1.0,0.0,22.0
exp7_fixed_random_1,10846,555.97144,3.6385696,0.5194997,1.0,0.0,12.0
exp7_fixed_random_1,10847,-129.2609,3.9658005,0.58791775,0.0,1.0,7.0
exp7_fixed_random_1,10848,573.42175,2.5164912,0.38837847,1.0,0.0,20.0
exp7_fixed_random_1,10849,564.994,3.7214289,0.72836167,1.0,0.0,11.0
exp7_fixed_random_1,10850,536.2695,3.743171,0.22765462,1.0,0.0,7.0
exp7_fixed_random_1,10851,477.19775,1.7293057,0.26486543,1.0,0.0,37.0
exp7_fixed_random_1,10852,554.65063,2.1109128,0.26084667,1.0,0.0,42.0
exp7_fixed_random_1,10853,533.0391,3.7978897,0.81707746,1.0,0.0,9.0
exp7_fixed_random_1,10854,-208.55072,2.5714884,0.48818222,0.0,1.0,18.0
exp7_fixed_random_1,10855,602.8854,4.372369,0.48699984,1.0,0.0,10.0
exp7_fixed_random_1,10856,519.8185,2.3880095,0.4717954,1.0,0.0,23.0
exp7_fixed_random_1,10857,497.45374,2.4690433,0.6569815,1.0,0.0,15.0
exp7_fixed_random_1,10858,543.1182,3.0156782,0.5876696,1.0,0.0,17.0
exp7_fixed_random_1,10859,506.30438,2.9760315,0.7797616,1.0,0.0,12.0
exp7_fixed_random_1,10861,627.10205,3.7543933,0.4306536,1.0,0.0,14.0
exp7_fixed_random_1,10862,589.86084,3.4989765,0.62055516,1.0,0.0,19.0
exp7_fixed_random_1,10863,515.3718,2.0756025,0.30918348,1.0,0.0,15.0
exp7_fixed_random_1,10864,567.20056,2.8237028,0.80231285,1.0,0.0,26.0
exp7_fixed_random_1,10865,520.242,2.3020794,0.74133605,1.0,0.0,27.0
exp7_fixed_random_1,10866,609.51843,2.7004817,0.5722541,1.0,0.0,26.0
exp7_fixed_random_1,10867,639.0201,3.9847937,0.7279049,1.0,0.0,15.0
exp7_fixed_random_1,10868,623.0148,3.3387985,0.5093459,1.0,0.0,23.0
exp7_fixed_random_1,10869,582.58295,3.273839,0.56023324,1.0,0.0,21.0
exp7_fixed_random_1,10870,531.41516,2.5721369,0.46480477,1.0,0.0,24.0
exp7_fixed_random_1,10871,542.7119,2.9225276,0.60829693,1.0,0.0,21.0
exp7_fixed_random_1,10872,-249.03572,3.7967038,0.78292024,0.0,1.0,9.0
exp7_fixed_random_1,10873,570.6079,3.218975,0.4169359,1.0,0.0,18.0
exp7_fixed_random_1,10874,478.90268,1.554525,0.22230911,1.0,0.0,53.0
exp7_fixed_random_1,10875,492.48322,3.4859407,0.5999912,1.0,0.0,8.0
exp7_fixed_random_1,10876,498.72995,1.9106274,0.6467907,1.0,0.0,24.0
exp7_fixed_random_1,10877,609.5834,3.2849321,0.5528947,1.0,0.0,17.0
exp7_fixed_random_1,10878,625.2647,3.4008389,0.6138447,1.0,0.0,18.0
exp7_fixed_random_1,10879,578.56445,2.793387,0.65771866,1.0,0.0,21.0
exp7_fixed_random_1,10881,492.58405,2.0984347,0.62740654,1.0,0.0,15.0
exp7_fixed_random_1,10882,509.56064,1.8837818,0.3643574,1.0,0.0,29.0
exp7_fixed_random_1,10883,-184.37408,3.5199647,0.4468749,0.0,1.0,15.0
exp7_fixed_random_1,10884,583.4324,4.56525,0.8891633,1.0,0.0,10.0
exp7_fixed_random_1,10885,-180.45377,4.173633,0.5778206,0.0,1.0,12.0
exp7_fixed_random_1,10886,631.4656,3.9320512,0.52019185,1.0,0.0,14.0
exp7_fixed_random_1,10887,519.05786,3.0819104,0.34977445,1.0,0.0,10.0
exp7_fixed_random_1,10888,520.4159,3.8633306,0.71820855,1.0,0.0,11.0
exp7_fixed_random_1,10889,611.3037,4.0486965,0.47539282,1.0,0.0,12.0
exp7_fixed_random_1,10890,573.85645,2.5310063,0.44906312,1.0,0.0,20.0
exp7_fixed_random_1,10891,558.0503,2.9893925,0.60421926,1.0,0.0,17.0
exp7_fixed_random_1,10892,570.55,3.6112978,0.44820356,1.0,0.0,14.0
exp7_fixed_random_1,10893,600.95374,4.142222,0.46389818,1.0,0.0,12.0
exp7_fixed_random_1,10894,555.6646,2.2631683,0.62206525,1.0,0.0,20.0
exp7_fixed_random_1,10895,643.9691,4.143367,0.47251332,1.0,0.0,16.0
exp7_fixed_random_1,10896,20.927536,4.1456017,0.5447414,0.0,1.0,16.0
exp7_fixed_random_1,10897,570.45526,2.8849554,0.61315185,1.0,0.0,16.0
exp7_fixed_random_1,10898,498.62042,2.7557359,0.7537455,1.0,0.0,13.0
exp7_fixed_random_1,10899,640.312,3.5918639,0.62104493,1.0,0.0,19.0
exp7_fixed_random_1,10901,506.671,2.3867812,0.41243935,1.0,0.0,22.0
exp7_fixed_random_1,10902,520.9805,3.0185864,0.5044843,1.0,0.0,12.0
exp7_fixed_random_1,10903,-62.797363,3.5110917,0.55455446,0.0,1.0,13.0
exp7_fixed_random_1,10904,-232.15747,3.0852988,0.4353504,0.0,1.0,25.0
exp7_fixed_random_1,10905,-178.34354,3.7051513,0.39835826,0.0,1.0,12.0
exp7_fixed_random_1,10906,622.5121,2.648743,0.6781205,1.0,0.0,23.0
exp7_fixed_random_1,10907,504.22076,2.6047823,0.47606513,1.0,0.0,23.0
exp7_fixed_random_1,10908,601.7493,2.7591283,0.54444885,1.0,0.0,18.0
exp7_fixed_random_1,10909,536.43933,4.072576,0.4601678,1.0,0.0,12.0
exp7_fixed_random_1,10910,490.51343,2.4124866,0.3505584,1.0,0.0,10.0
exp7_fixed_random_1,10911,574.55725,3.2965577,0.4388023,1.0,0.0,15.0
exp7_fixed_random_1,10912,-57.527206,2.6663723,0.32076505,0.0,1.0,27.0
exp7_fixed_random_1,10913,568.01984,3.562791,0.78174305,1.0,0.0,15.0
exp7_fixed_random_1,10914,567.7818,3.0059664,0.8231251,1.0,0.0,15.0
exp7_fixed_random_1,10915,449.11923,1.8929002,0.4396688,1.0,0.0,21.0
exp7_fixed_random_1,10916,583.3838,3.2591228,0.56280416,1.0,0.0,19.0
exp7_fixed_random_1,10917,481.44168,2.0026736,0.31455126,1.0,0.0,31.0
exp7_fixed_random_1,10918,542.9468,2.0592759,0.26938412,1.0,0.0,23.0
exp7_fixed_random_1,10919,513.4552,3.6883638,0.73540187,1.0,0.0,15.0
exp7_fixed_random_1,10921,582.29297,3.0903766,0.53425616,1.0,0.0,19.0
exp7_fixed_random_1,10922,613.3297,3.2866144,0.7060762,1.0,0.0,18.0
exp7_fixed_random_1,10923,557.78436,2.1279955,0.30460554,1.0,0.0,16.0
exp7_fixed_random_1,10924,539.07825,2.2718804,0.6703451,1.0,0.0,19.0
exp7_fixed_random_1,10925,595.60486,4.5950675,0.47885635,1.0,0.0,12.0
exp7_fixed_random_1,10926,618.5789,3.9884953,0.5446093,1.0,0.0,18.0
exp7_fixed_random_1,10927,566.03735,3.1109931,0.40324485,1.0,0.0,19.0
exp7_fixed_random_1,10928,520.6464,3.8535123,0.45833874,1.0,0.0,10.0
exp7_fixed_random_1,10929,611.2088,3.0059247,0.759287,1.0,0.0,20.0
exp7_fixed_random_1,10930,653.25366,2.9739568,0.40997,1.0,0.0,22.0
exp7_fixed_random_1,10931,597.29504,3.6665914,0.45272493,1.0,0.0,14.0
exp7_fixed_random_1,10932,535.20917,1.865092,0.34161258,1.0,0.0,38.0
exp7_fixed_random_1,10933,520.9808,3.1561148,0.5423826,1.0,0.0,25.0
exp7_fixed_random_1,10934,558.4898,3.3573675,0.58339614,1.0,0.0,13.0
exp7_fixed_random_1,10935,686.87067,3.422673,0.5098819,1.0,0.0,23.0
exp7_fixed_random_1,10936,627.2749,3.1927862,0.5201868,1.0,0.0,24.0
exp7_fixed_random_1,10937,604.79736,3.463844,0.63963664,1.0,0.0,14.0
exp7_fixed_random_1,10938,626.4655,3.3741534,0.64103097,1.0,0.0,18.0
exp7_fixed_random_1,10939,575.5101,3.4046133,0.6206588,1.0,0.0,21.0
exp7_fixed_random_1,10941,618.89343,3.525795,0.69121975,1.0,0.0,19.0
exp7_fixed_random_1,10942,524.9969,2.8435915,0.7516478,1.0,0.0,17.0
exp7_fixed_random_1,10943,522.1837,3.429288,0.6103781,1.0,0.0,9.0
exp7_fixed_random_1,10944,527.75397,2.791467,0.34353495,1.0,0.0,19.0
exp7_fixed_random_1,10945,650.7109,3.539329,0.51349527,1.0,0.0,19.0
exp7_fixed_random_1,10946,644.6868,4.178258,0.65262955,1.0,0.0,18.0
exp7_fixed_random_1,10947,579.45667,2.4444094,0.34646547,1.0,0.0,24.0
exp7_fixed_random_1,10948,598.6773,3.0916464,0.62772727,1.0,0.0,18.0
exp7_fixed_random_1,10949,564.64374,3.7198675,0.49684966,1.0,0.0,13.0
exp7_fixed_random_1,10950,530.41,2.5606751,0.46182278,1.0,0.0,18.0
exp7_fixed_random_1,10951,-270.3671,4.625031,0.6037398,0.0,1.0,3.0
exp7_fixed_random_1,10952,563.96643,2.1801887,0.32982144,1.0,0.0,25.0
exp7_fixed_random_1,10953,513.82666,2.1791425,0.41084975,1.0,0.0,21.0
exp7_fixed_random_1,10954,567.4607,3.9100604,0.526194,1.0,0.0,13.0
exp7_fixed_random_1,10955,641.69904,2.946908,0.69205976,1.0,0.0,22.0
exp7_fixed_random_1,10956,561.884,3.4797075,0.6906611,1.0,0.0,17.0
exp7_fixed_random_1,10957,535.443,2.6350913,0.5492416,1.0,0.0,16.0
exp7_fixed_random_1,10958,545.1867,3.450059,0.41436395,1.0,0.0,12.0
exp7_fixed_random_1,10959,554.76105,2.417982,0.43635455,1.0,0.0,19.0
exp7_fixed_random_1,10961,455.76413,2.3904011,0.38565817,1.0,0.0,19.0
exp7_fixed_random_1,10962,531.1435,1.8218923,0.5183457,1.0,0.0,18.0
exp7_fixed_random_1,10963,602.0687,3.0197675,0.56686705,1.0,0.0,25.0
exp7_fixed_random_1,10964,510.32416,3.7603319,0.57598037,1.0,0.0,13.0
exp7_fixed_random_1,10965,514.2657,2.6824613,0.46821523,1.0,0.0,20.0
exp7_fixed_random_1,10966,541.5525,2.4687598,0.622196,1.0,0.0,15.0
exp7_fixed_random_1,10967,558.234,2.5400565,0.3772992,1.0,0.0,27.0
exp7_fixed_random_1,10968,-60.09024,3.4649343,0.47826442,0.0,1.0,16.0
exp7_fixed_random_1,10969,533.8242,3.9253566,0.5312197,1.0,0.0,13.0
exp7_fixed_random_1,10970,624.2106,3.6391737,0.6073346,1.0,0.0,19.0
exp7_fixed_random_1,10971,566.23193,2.736046,0.42839548,1.0,0.0,28.0
exp7_fixed_random_1,10972,582.9356,3.8420818,0.6632447,1.0,0.0,14.0
exp7_fixed_random_1,10973,645.1848,3.3764071,0.6799985,1.0,0.0,20.0
exp7_fixed_random_1,10974,589.9108,3.3013372,0.6204957,1.0,0.0,15.0
exp7_fixed_random_1,10975,563.5291,2.4634805,0.7216942,1.0,0.0,23.0
exp7_fixed_random_1,10976,571.9355,3.7477992,0.5578705,1.0,0.0,14.0
exp7_fixed_random_1,10977,493.2692,3.1613424,0.29425356,1.0,0.0,11.0
exp7_fixed_random_1,10978,502.1254,3.3396654,0.47167647,1.0,0.0,11.0
exp7_fixed_random_1,10979,584.94714,3.1472101,0.64653033,1.0,0.0,18.0
exp7_fixed_random_1,10981,559.9928,2.488827,0.41717395,1.0,0.0,31.0
exp7_fixed_random_1,10982,494.06403,2.7514036,0.4087233,1.0,0.0,15.0
exp7_fixed_random_1,10983,584.603,3.247526,0.6045303,1.0,0.0,22.0
exp7_fixed_random_1,10984,625.1581,3.767958,0.6276674,1.0,0.0,19.0
exp7_fixed_random_1,10985,559.38574,4.27203,0.52149945,1.0,0.0,13.0
exp7_fixed_random_1,10986,-262.6547,3.7393079,0.423,0.0,1.0,7.0
exp7_fixed_random_1,10987,568.7911,2.3999887,0.30409488,1.0,0.0,19.0
exp7_fixed_random_1,10988,515.3751,2.5180013,0.40978804,1.0,0.0,24.0
exp7_fixed_random_1,10989,546.8894,3.0554886,0.70001876,1.0,0.0,15.0
exp7_fixed_random_1,10990,601.9094,3.6860816,0.6356896,1.0,0.0,16.0
exp7_fixed_random_1,10991,558.4873,3.0301697,0.50773257,1.0,0.0,20.0
exp7_fixed_random_1,10992,589.57697,3.6488042,0.46789637,1.0,0.0,16.0
exp7_fixed_random_1,10993,591.9428,3.931362,0.5030083,1.0,0.0,15.0
exp7_fixed_random_1,10994,608.32654,3.5535648,0.5107075,1.0,0.0,13.0
exp7_fixed_random_1,10995,453.55334,2.3536825,0.6442884,1.0,0.0,9.0
exp7_fixed_random_1,10996,589.5314,3.2118492,0.60730094,1.0,0.0,19.0
exp7_fixed_random_1,10997,-281.61484,4.4167824,0.5700435,0.0,1.0,4.0
exp7_fixed_random_1,10998,518.8746,2.8629436,0.4122557,1.0,0.0,19.0
exp7_fixed_random_1,10999,625.50806,3.9827788,0.6267873,1.0,0.0,15.0
exp7_fixed_random_1,11001,587.3955,2.7656245,0.42031828,1.0,0.0,20.0
exp7_fixed_random_1,11002,-93.42911,2.6091628,0.33096886,0.0,1.0,24.0
exp7_fixed_random_1,11003,-218.53197,4.164897,0.5416036,0.0,1.0,11.0
exp7_fixed_random_1,11004,-210.3667,3.968623,0.71528894,0.0,1.0,5.0
exp7_fixed_random_1,11005,-148.5621,2.2250369,0.44765708,0.0,1.0,21.0
exp7_fixed_random_1,11006,-141.44333,2.684331,0.4658826,0.0,1.0,23.0
exp7_fixed_random_1,11007,534.1918,2.1011798,0.4156932,1.0,0.0,36.0
exp7_fixed_random_1,11008,525.1527,3.528728,0.5820498,1.0,0.0,14.0
exp7_fixed_random_1,11009,536.20667,2.1611485,0.5013157,1.0,0.0,18.0
exp7_fixed_random_1,11010,533.9258,2.8609374,0.6069597,1.0,0.0,19.0
exp7_fixed_random_1,11011,602.6269,3.8198872,0.49678454,1.0,0.0,10.0
exp7_fixed_random_1,11012,499.37085,2.3138933,0.57986367,1.0,0.0,15.0
exp7_fixed_random_1,11013,572.21716,3.5755415,0.5887632,1.0,0.0,16.0
exp7_fixed_random_1,11014,633.3897,3.3508415,0.5076568,1.0,0.0,24.0
exp7_fixed_random_1,11015,557.9346,3.8982134,0.50450623,1.0,0.0,9.0
exp7_fixed_random_1,11016,631.7512,4.437587,0.49963838,1.0,0.0,16.0
exp7_fixed_random_1,11017,-209.17036,3.1246636,0.65278566,0.0,1.0,15.0
exp7_fixed_random_1,11018,582.94305,2.9208121,0.7790845,1.0,0.0,20.0
exp7_fixed_random_1,11019,519.7362,2.6196637,0.31093776,1.0,0.0,13.0
exp7_fixed_random_1,11021,568.52094,3.3488154,0.50477487,1.0,0.0,14.0
exp7_fixed_random_1,11022,495.52875,3.3302433,0.6405725,1.0,0.0,13.0
exp7_fixed_random_1,11023,599.30396,3.1668391,0.51105535,1.0,0.0,19.0
exp7_fixed_random_1,11024,618.65497,3.1336799,0.46283552,1.0,0.0,22.0
exp7_fixed_random_1,11025,546.74097,3.458412,0.66602933,1.0,0.0,11.0
exp7_fixed_random_1,11026,561.686,2.8257,0.5655841,1.0,0.0,19.0
exp7_fixed_random_1,11027,567.0439,2.8926291,0.4974654,1.0,0.0,17.0
exp7_fixed_random_1,11028,495.07367,2.1319818,0.3286864,1.0,0.0,15.0
exp7_fixed_random_1,11029,577.0437,3.319139,0.47860175,1.0,0.0,19.0
exp7_fixed_random_1,11030,526.51575,2.2426634,0.6492344,1.0,0.0,17.0
exp7_fixed_random_1,11031,619.0538,3.3633525,0.5201848,1.0,0.0,21.0
exp7_fixed_random_1,11032,502.73633,2.6914685,0.51815146,1.0,0.0,14.0
exp7_fixed_random_1,11033,546.66254,2.8132372,0.47068956,1.0,0.0,16.0
exp7_fixed_random_1,11034,538.94995,3.6595876,0.65755886,1.0,0.0,11.0
exp7_fixed_random_1,11035,534.9164,3.1736429,0.6766492,1.0,0.0,14.0
exp7_fixed_random_1,11036,-109.887924,4.3984137,0.6062843,0.0,1.0,6.0
exp7_fixed_random_1,11037,570.81213,3.7590957,0.5503328,1.0,0.0,16.0
exp7_fixed_random_1,11038,600.921,3.2357068,0.8030431,1.0,0.0,18.0
exp7_fixed_random_1,11039,642.7107,3.671489,0.4602166,1.0,0.0,19.0
exp7_fixed_random_1,11041,578.842,2.676667,0.5193002,1.0,0.0,23.0
exp7_fixed_random_1,11042,582.92566,3.8973572,0.6726262,1.0,0.0,15.0
exp7_fixed_random_1,11043,-165.05026,2.9430435,0.35678834,0.0,1.0,25.0
exp7_fixed_random_1,11044,587.0694,3.2383802,0.66184783,1.0,0.0,24.0
exp7_fixed_random_1,11045,528.01324,4.2329907,0.48055667,1.0,0.0,13.0
exp7_fixed_random_1,11046,542.17505,3.5284061,0.3941591,1.0,0.0,12.0
exp7_fixed_random_1,11047,548.9564,4.2154927,0.5543485,1.0,0.0,15.0
exp7_fixed_random_1,11048,649.91675,3.0516083,0.48288792,1.0,0.0,23.0
exp7_fixed_random_1,11049,556.3522,2.8467476,0.6564885,1.0,0.0,19.0
exp7_fixed_random_1,11050,569.4032,3.3147774,0.5633238,1.0,0.0,18.0
exp7_fixed_random_1,11051,582.83105,3.8976655,0.58614993,1.0,0.0,16.0
exp7_fixed_random_1,11052,633.3865,3.3368347,0.50363004,1.0,0.0,20.0
exp7_fixed_random_1,11053,556.8256,3.206328,0.7169803,1.0,0.0,19.0
exp7_fixed_random_1,11054,601.0665,3.3437574,0.46017772,1.0,0.0,15.0
exp7_fixed_random_1,11055,483.0306,1.9452517,0.35397744,1.0,0.0,19.0
exp7_fixed_random_1,11056,583.1758,2.9117117,0.4552424,1.0,0.0,23.0
exp7_fixed_random_1,11057,565.2526,2.618732,0.43148646,1.0,0.0,29.0
exp7_fixed_random_1,11058,515.5161,2.1560688,0.5564391,1.0,0.0,31.0
exp7_fixed_random_1,11059,547.8537,2.0431938,0.43330377,1.0,0.0,36.0
exp7_fixed_random_1,11061,505.6144,2.0931175,0.28996423,1.0,0.0,32.0
exp7_fixed_random_1,11062,513.7463,2.905891,0.5488399,1.0,0.0,15.0
exp7_fixed_random_1,11063,549.46893,4.1457725,0.6666058,1.0,0.0,12.0
exp7_fixed_random_1,11064,563.8009,3.1763844,0.5403429,1.0,0.0,15.0
exp7_fixed_random_1,11065,635.6959,3.0768328,0.6180651,1.0,0.0,22.0
exp7_fixed_random_1,11066,501.61224,3.0898345,0.66117203,1.0,0.0,13.0
exp7_fixed_random_1,11067,593.93134,3.350628,0.5835435,1.0,0.0,19.0
exp7_fixed_random_1,11068,522.953,2.0955713,0.3220245,1.0,0.0,42.0
exp7_fixed_random_1,11069,606.2517,3.7990065,0.54561764,1.0,0.0,12.0
exp7_fixed_random_1,11070,606.08514,3.1513107,0.5264204,1.0,0.0,23.0
exp7_fixed_random_1,11071,562.44556,3.549345,0.58172125,1.0,0.0,14.0
exp7_fixed_random_1,11072,555.82544,2.5321202,0.5657171,1.0,0.0,19.0
exp7_fixed_random_1,11073,-226.42883,3.79613,0.6775929,0.0,1.0,17.0
exp7_fixed_random_1,11074,592.0172,2.9485812,0.6237787,1.0,0.0,23.0
exp7_fixed_random_1,11075,529.5193,3.3552334,0.5085901,1.0,0.0,12.0
exp7_fixed_random_1,11076,611.4015,3.658141,0.62079614,1.0,0.0,14.0
exp7_fixed_random_1,11077,611.64545,3.8014722,0.3621677,1.0,0.0,16.0
exp7_fixed_random_1,11078,571.068,2.8362818,0.48562986,1.0,0.0,27.0
exp7_fixed_random_1,11079,553.9404,2.9688413,0.6826381,1.0,0.0,19.0
exp7_fixed_random_1,11081,509.0356,2.6481075,0.47078905,1.0,0.0,19.0
exp7_fixed_random_1,11082,424.60645,1.3375499,0.4424871,1.0,0.0,34.0
exp7_fixed_random_1,11083,638.22144,3.2105043,0.60111696,1.0,0.0,23.0
exp7_fixed_random_1,11084,581.0785,3.1964715,0.7541914,1.0,0.0,19.0
exp7_fixed_random_1,11085,576.2617,3.368832,0.4855395,1.0,0.0,17.0
exp7_fixed_random_1,11086,486.2704,2.8582582,0.36986887,1.0,0.0,9.0
exp7_fixed_random_1,11087,647.3173,4.1976027,0.46596497,1.0,0.0,19.0
exp7_fixed_random_1,11088,573.5331,4.139245,0.50178295,1.0,0.0,11.0
exp7_fixed_random_1,11089,-274.04083,3.9062972,0.61657465,0.0,1.0,7.0
exp7_fixed_random_1,11090,-139.37991,2.979784,0.442071,0.0,1.0,14.0
exp7_fixed_random_1,11091,498.3588,2.580705,0.6345601,1.0,0.0,21.0
exp7_fixed_random_1,11092,499.66724,3.0778644,0.7525349,1.0,0.0,12.0
exp7_fixed_random_1,11093,552.6986,3.1852705,0.53561646,1.0,0.0,12.0
exp7_fixed_random_1,11094,477.14185,3.2050917,0.5287306,1.0,0.0,8.0
exp7_fixed_random_1,11095,490.01038,1.9988613,0.37631482,1.0,0.0,20.0
exp7_fixed_random_1,11096,617.6872,2.905584,0.41649806,1.0,0.0,29.0
exp7_fixed_random_1,11097,569.738,1.7464236,0.62143224,1.0,0.0,36.0
exp7_fixed_random_1,11098,-27.409653,3.9988031,0.5313722,0.0,1.0,17.0
exp7_fixed_random_1,11099,492.38403,2.9039981,0.5934493,1.0,0.0,12.0
exp7_fixed_random_1,11101,520.1156,2.3486834,0.73356116,1.0,0.0,21.0
exp7_fixed_random_1,11102,584.1668,2.337489,0.35557276,1.0,0.0,40.0
exp7_fixed_random_1,11103,503.65192,4.4919653,0.6021726,1.0,0.0,9.0
exp7_fixed_random_1,11104,495.00262,2.4473107,0.51277626,1.0,0.0,11.0
exp7_fixed_random_1,11105,564.08496,3.4098592,0.52293366,1.0,0.0,19.0
exp7_fixed_random_1,11106,490.91986,2.1654346,0.31112683,1.0,0.0,19.0
exp7_fixed_random_1,11107,545.6453,3.121483,0.52992576,1.0,0.0,19.0
exp7_fixed_random_1,11108,-5.3163757,4.3124256,0.5614895,0.0,1.0,15.0
exp7_fixed_random_1,11109,535.87885,2.8139114,0.52882963,1.0,0.0,15.0
exp7_fixed_random_1,11110,535.44086,3.341959,0.5849346,1.0,0.0,17.0
exp7_fixed_random_1,11111,649.5148,2.1877615,0.4448226,1.0,0.0,37.0
exp7_fixed_random_1,11112,616.99744,3.22253,0.5171258,1.0,0.0,26.0
exp7_fixed_random_1,11113,513.87286,2.2239957,0.50893027,1.0,0.0,18.0
exp7_fixed_random_1,11114,-120.47972,4.165737,0.65647894,0.0,1.0,8.0
exp7_fixed_random_1,11115,509.9819,3.1526334,0.69135183,1.0,0.0,11.0
exp7_fixed_random_1,11116,612.22546,3.6555622,0.6461796,1.0,0.0,21.0
exp7_fixed_random_1,11117,556.26215,3.3367157,0.6660764,1.0,0.0,15.0
exp7_fixed_random_1,11118,539.2896,2.4828022,0.38346544,1.0,0.0,14.0
exp7_fixed_random_1,11119,544.3391,3.8500397,0.54409474,1.0,0.0,11.0
exp7_fixed_random_1,11121,546.5676,2.297909,0.29452658,1.0,0.0,25.0
exp7_fixed_random_1,11122,596.3705,3.2327588,0.6616233,1.0,0.0,21.0
exp7_fixed_random_1,11123,547.9861,2.5556471,0.39291793,1.0,0.0,19.0
exp7_fixed_random_1,11124,498.32,3.216098,0.51119655,1.0,0.0,10.0
exp7_fixed_random_1,11125,574.81287,3.759832,0.5652543,1.0,0.0,17.0
exp7_fixed_random_1,11126,477.10144,3.5609186,0.6498675,1.0,0.0,11.0
exp7_fixed_random_1,11127,618.05664,3.4900708,0.48801285,1.0,0.0,16.0
exp7_fixed_random_1,11128,506.04694,3.699351,0.3615014,1.0,0.0,10.0
exp7_fixed_random_1,11129,564.3914,2.4070218,0.8615704,1.0,0.0,23.0
exp7_fixed_random_1,11130,559.8666,2.5765266,0.3433728,1.0,0.0,20.0
exp7_fixed_random_1,11131,638.13007,3.739795,0.5973424,1.0,0.0,20.0
exp7_fixed_random_1,11132,586.0135,2.6873999,0.35851935,1.0,0.0,26.0
exp7_fixed_random_1,11133,542.07007,4.0444455,0.2971256,1.0,0.0,11.0
exp7_fixed_random_1,11134,596.9259,2.5426328,0.36925805,1.0,0.0,35.0
exp7_fixed_random_1,11135,598.62897,3.7093132,0.44312885,1.0,0.0,12.0
exp7_fixed_random_1,11136,603.4798,3.301361,0.53277695,1.0,0.0,19.0
exp7_fixed_random_1,11137,585.55597,3.5631444,0.49636242,1.0,0.0,13.0
exp7_fixed_random_1,11138,491.968,3.133229,0.574014,1.0,0.0,8.0
exp7_fixed_random_1,11139,540.3586,2.363104,0.4001867,1.0,0.0,33.0
exp7_fixed_random_1,11141,506.00403,2.8029556,0.62719136,1.0,0.0,14.0
exp7_fixed_random_1,11142,585.1585,3.6343803,0.6772286,1.0,0.0,16.0
exp7_fixed_random_1,11143,-151.07233,4.564177,0.5298594,0.0,1.0,4.0
exp7_fixed_random_1,11144,630.3218,2.8985431,0.63834685,1.0,0.0,25.0
exp7_fixed_random_1,11145,598.6615,3.21663,0.67923737,1.0,0.0,19.0
exp7_fixed_random_1,11146,627.2258,2.5121863,0.52093834,1.0,0.0,25.0
exp7_fixed_random_1,11147,561.2982,3.3320272,0.56511605,1.0,0.0,16.0
exp7_fixed_random_1,11148,-153.92267,4.3489833,0.6371329,0.0,1.0,5.0
exp7_fixed_random_1,11149,612.1573,4.4154983,0.5290647,1.0,0.0,12.0
exp7_fixed_random_1,11150,478.63754,3.2655454,0.56816196,1.0,0.0,13.0
exp7_fixed_random_1,11151,557.83136,3.207439,0.6493371,1.0,0.0,15.0
exp7_fixed_random_1,11152,574.64453,3.733775,0.54175663,1.0,0.0,16.0
exp7_fixed_random_1,11153,651.6519,3.59791,0.6029995,1.0,0.0,19.0
exp7_fixed_random_1,11154,672.6908,3.4084928,0.48392904,1.0,0.0,24.0
exp7_fixed_random_1,11155,605.99615,3.3435135,0.58351004,1.0,0.0,18.0
exp7_fixed_random_1,11156,498.73865,1.8368213,0.34565094,1.0,0.0,39.0
exp7_fixed_random_1,11157,526.44037,3.2232616,0.72006,1.0,0.0,20.0
exp7_fixed_random_1,11158,562.2702,2.8917198,0.6234976,1.0,0.0,18.0
exp7_fixed_random_1,11159,557.3357,3.9661465,0.76898676,1.0,0.0,12.0
exp7_fixed_random_1,11161,539.949,3.435156,0.7086521,1.0,0.0,19.0
exp7_fixed_random_1,11162,541.81506,3.637654,0.43975392,1.0,0.0,11.0
exp7_fixed_random_1,11163,514.64197,2.229905,0.5615659,1.0,0.0,24.0
exp7_fixed_random_1,11164,-111.39671,4.2280555,0.42840785,0.0,1.0,10.0
exp7_fixed_random_1,11165,514.123,2.4605882,0.56747985,1.0,0.0,18.0
exp7_fixed_random_1,11166,-139.68121,2.4399734,0.36171418,0.0,1.0,29.0
exp7_fixed_random_1,11167,-270.99307,4.2977734,0.4838827,0.0,1.0,6.0
exp7_fixed_random_1,11168,510.21503,2.9206722,0.48818928,1.0,0.0,13.0
exp7_fixed_random_1,11169,613.4188,3.2258072,0.69030964,1.0,0.0,21.0
exp7_fixed_random_1,11170,600.7584,3.0811749,0.45672998,1.0,0.0,21.0
exp7_fixed_random_1,11171,540.49744,1.9321938,0.32753927,1.0,0.0,46.0
exp7_fixed_random_1,11172,579.23157,4.1984324,0.5803593,1.0,0.0,14.0
exp7_fixed_random_1,11173,588.9974,3.6018298,0.61404324,1.0,0.0,17.0
exp7_fixed_random_1,11174,455.89096,1.2582237,0.45512518,1.0,0.0,48.0
exp7_fixed_random_1,11175,542.83746,2.483635,0.3758294,1.0,0.0,33.0
exp7_fixed_random_1,11176,568.06537,3.3482957,0.62562644,1.0,0.0,14.0
exp7_fixed_random_1,11177,538.6536,2.5751657,0.4826648,1.0,0.0,15.0
exp7_fixed_random_1,11178,610.7455,4.259635,0.48844382,1.0,0.0,11.0
exp7_fixed_random_1,11179,535.4702,3.1306803,0.7001866,1.0,0.0,10.0
exp7_fixed_random_1,11181,474.65756,3.4080715,0.70124686,1.0,0.0,10.0
exp7_fixed_random_1,11182,579.676,3.3860052,0.48352227,1.0,0.0,13.0
exp7_fixed_random_1,11183,563.3807,2.429428,0.37926456,1.0,0.0,21.0
exp7_fixed_random_1,11184,563.44617,2.6048968,0.6826319,1.0,0.0,22.0
exp7_fixed_random_1,11185,535.1039,3.3533916,0.6275288,1.0,0.0,18.0
exp7_fixed_random_1,11186,-195.41176,3.9590192,0.6638871,0.0,1.0,4.0
exp7_fixed_random_1,11187,520.5384,1.9516858,0.4531972,1.0,0.0,25.0
exp7_fixed_random_1,11188,554.38306,3.3724964,0.49567753,1.0,0.0,18.0
exp7_fixed_random_1,11189,557.2339,2.8893962,0.46310058,1.0,0.0,16.0
exp7_fixed_random_1,11190,602.90295,3.3667805,0.66242343,1.0,0.0,16.0
exp7_fixed_random_1,11191,497.19357,1.9519266,0.31748813,1.0,0.0,26.0
exp7_fixed_random_1,11192,605.1506,3.0766149,0.5246916,1.0,0.0,16.0
exp7_fixed_random_1,11193,575.44446,4.1647983,0.58648574,1.0,0.0,12.0
exp7_fixed_random_1,11194,576.2589,3.17178,0.41433153,1.0,0.0,17.0
exp7_fixed_random_1,11195,527.5045,3.6380737,0.6562378,1.0,0.0,12.0
exp7_fixed_random_1,11196,634.4856,3.6764054,0.5567884,1.0,0.0,17.0
exp7_fixed_random_1,11197,537.1133,3.0424755,0.3573885,1.0,0.0,13.0
exp7_fixed_random_1,11198,530.49084,2.779995,0.4841391,1.0,0.0,16.0
exp7_fixed_random_1,11199,561.59937,3.4979012,0.59459794,1.0,0.0,16.0
exp7_fixed_random_1,11201,579.77484,3.8205152,0.54491407,1.0,0.0,14.0
exp7_fixed_random_1,11202,537.3504,2.1905353,0.43597767,1.0,0.0,17.0
exp7_fixed_random_1,11203,664.8309,3.248954,0.5304439,1.0,0.0,24.0
exp7_fixed_random_1,11204,551.6728,4.130713,0.661501,1.0,0.0,12.0
exp7_fixed_random_1,11205,516.281,3.5379303,0.60960615,1.0,0.0,10.0
exp7_fixed_random_1,11206,548.395,2.901523,0.42145997,1.0,0.0,14.0
exp7_fixed_random_1,11207,565.5074,2.4019604,0.31785682,1.0,0.0,23.0
exp7_fixed_random_1,11208,610.6998,3.7768521,0.47261286,1.0,0.0,15.0
exp7_fixed_random_1,11209,600.6715,3.6021142,0.5020907,1.0,0.0,19.0
exp7_fixed_random_1,11210,517.53644,3.3796022,0.4968147,1.0,0.0,14.0
exp7_fixed_random_1,11211,581.1976,3.7141511,0.537982,1.0,0.0,14.0
exp7_fixed_random_1,11212,-108.034515,2.509155,0.3317057,0.0,1.0,22.0
exp7_fixed_random_1,11213,644.2624,3.7097769,0.4895414,1.0,0.0,22.0
exp7_fixed_random_1,11214,604.95984,3.7586617,0.49461365,1.0,0.0,15.0
exp7_fixed_random_1,11215,629.07495,3.5507355,0.5459797,1.0,0.0,18.0
exp7_fixed_random_1,11216,490.6685,2.6373286,0.38171452,1.0,0.0,15.0
exp7_fixed_random_1,11217,583.4175,3.7501693,0.6003537,1.0,0.0,14.0
exp7_fixed_random_1,11218,587.15643,2.7392373,0.6327597,1.0,0.0,18.0
exp7_fixed_random_1,11219,-120.07484,4.2620616,0.5708607,0.0,1.0,5.0
exp7_fixed_random_1,11221,627.0643,3.2085152,0.43227676,1.0,0.0,24.0
exp7_fixed_random_1,11222,-80.09912,3.2517395,0.41392082,0.0,1.0,13.0
exp7_fixed_random_1,11223,510.67148,2.968478,0.5513268,1.0,0.0,10.0
exp7_fixed_random_1,11224,454.60748,1.4265158,0.3178186,1.0,0.0,34.0
exp7_fixed_random_1,11225,611.49896,2.8804853,0.45500818,1.0,0.0,23.0
exp7_fixed_random_1,11226,600.59875,3.1700003,0.6645739,1.0,0.0,18.0
exp7_fixed_random_1,11227,648.55005,3.2289016,0.49688452,1.0,0.0,23.0
exp7_fixed_random_1,11228,604.0293,2.5771995,0.45912907,1.0,0.0,30.0
exp7_fixed_random_1,11229,515.05035,2.594217,0.6776704,1.0,0.0,17.0
exp7_fixed_random_1,11230,-319.31485,4.514261,0.58687544,0.0,1.0,4.0
exp7_fixed_random_1,11231,619.2578,2.8319397,0.5185354,1.0,0.0,22.0
exp7_fixed_random_1,11232,602.2686,3.0890899,0.68396896,1.0,0.0,19.0
exp7_fixed_random_1,11233,-55.92656,3.4995677,0.54059356,0.0,1.0,16.0
exp7_fixed_random_1,11234,555.78625,4.1079917,0.57923234,1.0,0.0,10.0
exp7_fixed_random_1,11235,615.7359,3.388632,0.6142675,1.0,0.0,15.0
exp7_fixed_random_1,11236,624.95306,3.7935345,0.52014726,1.0,0.0,18.0
exp7_fixed_random_1,11237,515.14404,2.3803027,0.72226965,1.0,0.0,19.0
exp7_fixed_random_1,11238,530.52936,3.5750787,0.53850824,1.0,0.0,14.0
exp7_fixed_random_1,11239,626.10815,3.9809406,0.64659345,1.0,0.0,14.0
exp7_fixed_random_1,11241,591.39124,3.6497567,0.6285046,1.0,0.0,15.0
exp7_fixed_random_1,11242,590.0853,2.558716,0.5011223,1.0,0.0,23.0
exp7_fixed_random_1,11243,575.6071,2.6776083,0.6134311,1.0,0.0,28.0
exp7_fixed_random_1,11244,538.9866,2.413373,0.46049005,1.0,0.0,16.0
exp7_fixed_random_1,11245,572.23987,3.6304164,0.64033943,1.0,0.0,18.0
exp7_fixed_random_1,11246,526.32025,2.5336063,0.516057,1.0,0.0,14.0
exp7_fixed_random_1,11247,547.9052,3.7303357,0.43219364,1.0,0.0,9.0
exp7_fixed_random_1,11248,523.1928,2.8130062,0.7575798,1.0,0.0,14.0
exp7_fixed_random_1,11249,609.626,3.7982612,0.6008352,1.0,0.0,16.0
exp7_fixed_random_1,11250,581.40466,2.3249862,0.36677572,1.0,0.0,38.0
exp7_fixed_random_1,11251,474.6524,3.9799972,0.52773255,1.0,0.0,10.0
exp7_fixed_random_1,11252,623.9297,2.73668,0.40305698,1.0,0.0,31.0
exp7_fixed_random_1,11253,526.8391,2.3374388,0.47245175,1.0,0.0,23.0
exp7_fixed_random_1,11254,469.3943,1.8274721,0.4088208,1.0,0.0,35.0
exp7_fixed_random_1,11255,627.3925,3.8486938,0.674375,1.0,0.0,17.0
exp7_fixed_random_1,11256,593.99805,3.0988328,0.4341877,1.0,0.0,20.0
exp7_fixed_random_1,11257,546.3664,4.3672967,0.7289241,1.0,0.0,12.0
exp7_fixed_random_1,11258,566.2637,2.6866474,0.7513027,1.0,0.0,18.0
exp7_fixed_random_1,11259,474.17773,1.733043,0.31313613,1.0,0.0,57.0
exp7_fixed_random_1,11261,545.81995,3.3488262,0.6747623,1.0,0.0,13.0
exp7_fixed_random_1,11262,599.7539,3.2379653,0.43214044,1.0,0.0,20.0
exp7_fixed_random_1,11263,551.00525,3.368678,0.5259473,1.0,0.0,9.0
exp7_fixed_random_1,11264,630.951,4.2039194,0.6470712,1.0,0.0,17.0
exp7_fixed_random_1,11265,621.7262,3.6359198,0.45559376,1.0,0.0,22.0
exp7_fixed_random_1,11266,516.3719,3.0910242,0.68077207,1.0,0.0,9.0
exp7_fixed_random_1,11267,582.1785,3.735432,0.6712396,1.0,0.0,12.0
exp7_fixed_random_1,11268,589.595,4.021283,0.43903038,1.0,0.0,12.0
exp7_fixed_random_1,11269,514.4928,2.3855093,0.71969175,1.0,0.0,24.0
exp7_fixed_random_1,11270,539.30835,2.923277,0.7031677,1.0,0.0,19.0
exp7_fixed_random_1,11271,535.7179,3.1351912,0.6752165,1.0,0.0,19.0
exp7_fixed_random_1,11272,547.3357,3.2393737,0.54073447,1.0,0.0,11.0
exp7_fixed_random_1,11273,562.6665,3.4590416,0.5048352,1.0,0.0,12.0
exp7_fixed_random_1,11274,609.27594,2.927452,0.5895338,1.0,0.0,22.0
exp7_fixed_random_1,11275,605.90405,3.2313871,0.4764264,1.0,0.0,24.0
exp7_fixed_random_1,11276,520.36566,2.6966903,0.59157854,1.0,0.0,12.0
exp7_fixed_random_1,11277,568.8894,3.4645174,0.5617159,1.0,0.0,16.0
exp7_fixed_random_1,11278,502.02045,1.7695788,0.2310829,1.0,0.0,51.0
exp7_fixed_random_1,11279,544.45233,3.506439,0.63263357,1.0,0.0,15.0
exp7_fixed_random_1,11281,591.1907,3.92048,0.61598957,1.0,0.0,14.0
exp7_fixed_random_1,11282,-165.09995,3.8948479,0.7092625,0.0,1.0,7.0
exp7_fixed_random_1,11283,566.39795,3.4840057,0.52677625,1.0,0.0,14.0
exp7_fixed_random_1,11284,-250.4126,4.2873254,0.486814,0.0,1.0,12.0
exp7_fixed_random_1,11285,515.5934,3.564253,0.62962794,1.0,0.0,12.0
exp7_fixed_random_1,11286,560.5847,3.7909195,0.55452865,1.0,0.0,16.0
exp7_fixed_random_1,11287,607.2274,3.5119135,0.6183219,1.0,0.0,16.0
exp7_fixed_random_1,11288,618.0718,3.4197934,0.544585,1.0,0.0,20.0
exp7_fixed_random_1,11289,-268.04968,4.265163,0.6896527,0.0,1.0,8.0
exp7_fixed_random_1,11290,534.3775,3.4966357,0.56504834,1.0,0.0,14.0
exp7_fixed_random_1,11291,537.52527,3.600786,0.6866494,1.0,0.0,16.0
exp7_fixed_random_1,11292,557.3367,2.20167,0.5776526,1.0,0.0,19.0
exp7_fixed_random_1,11293,469.54968,2.1377888,0.32368064,1.0,0.0,44.0
exp7_fixed_random_1,11294,581.02216,3.7755418,0.6653709,1.0,0.0,13.0
exp7_fixed_random_1,11295,661.0817,3.7687197,0.44008815,1.0,0.0,18.0
exp7_fixed_random_1,11296,504.06665,2.945755,0.7552901,1.0,0.0,12.0
exp7_fixed_random_1,11297,554.8231,3.7421114,0.5608114,1.0,0.0,13.0
exp7_fixed_random_1,11298,521.4785,2.11472,0.30589196,1.0,0.0,24.0
exp7_fixed_random_1,11299,547.7373,3.221415,0.6321323,1.0,0.0,13.0
exp7_fixed_random_1,11301,581.01624,2.4161093,0.35210165,1.0,0.0,30.0
exp7_fixed_random_1,11302,553.22,2.818714,0.631667,1.0,0.0,21.0
exp7_fixed_random_1,11303,605.11255,3.2454093,0.3808286,1.0,0.0,14.0
exp7_fixed_random_1,11304,524.01263,2.9590235,0.4991998,1.0,0.0,20.0
exp7_fixed_random_1,11305,544.88226,3.247847,0.50927454,1.0,0.0,15.0
exp7_fixed_random_1,11306,520.896,3.1726367,0.59190476,1.0,0.0,13.0
exp7_fixed_random_1,11307,572.32764,2.9758036,0.37661946,1.0,0.0,17.0
exp7_fixed_random_1,11308,546.925,3.1075592,0.5521298,1.0,0.0,14.0
exp7_fixed_random_1,11309,582.2107,3.7975028,0.4544615,1.0,0.0,17.0
exp7_fixed_random_1,11310,-244.06396,3.4361634,0.3929664,0.0,1.0,9.0
exp7_fixed_random_1,11311,515.08856,3.2240767,0.5445098,1.0,0.0,15.0
exp7_fixed_random_1,11312,558.6744,1.9365232,0.44692343,1.0,0.0,27.0
exp7_fixed_random_1,11313,661.18085,3.138979,0.54535115,1.0,0.0,29.0
exp7_fixed_random_1,11314,579.1485,2.878125,0.33579987,1.0,0.0,17.0
exp7_fixed_random_1,11315,510.3991,2.7614636,0.66511106,1.0,0.0,19.0
exp7_fixed_random_1,11316,504.20526,2.9721653,0.45239756,1.0,0.0,13.0
exp7_fixed_random_1,11317,547.2404,2.5412114,0.43566266,1.0,0.0,19.0
exp7_fixed_random_1,11318,616.6653,3.7393787,0.6403956,1.0,0.0,13.0
exp7_fixed_random_1,11319,512.3543,2.9310837,0.59883696,1.0,0.0,22.0
exp7_fixed_random_1,11321,583.45776,2.4588456,0.34434298,1.0,0.0,30.0
exp7_fixed_random_1,11322,584.0285,3.077765,0.4905622,1.0,0.0,21.0
exp7_fixed_random_1,11323,535.67664,3.4554281,0.56123674,1.0,0.0,13.0
exp7_fixed_random_1,11324,604.14984,3.2560117,0.5955269,1.0,0.0,19.0
exp7_fixed_random_1,11325,580.15106,3.0424852,0.43061033,1.0,0.0,13.0
exp7_fixed_random_1,11326,586.29114,3.1533537,0.605967,1.0,0.0,18.0
exp7_fixed_random_1,11327,578.56976,3.8584688,0.46982124,1.0,0.0,14.0
exp7_fixed_random_1,11328,529.8678,2.6791434,0.6534253,1.0,0.0,17.0
exp7_fixed_random_1,11329,531.67053,2.9696217,0.6022381,1.0,0.0,23.0
exp7_fixed_random_1,11330,554.0388,3.0244503,0.7151657,1.0,0.0,14.0
exp7_fixed_random_1,11331,607.026,3.2231193,0.54557145,1.0,0.0,20.0
exp7_fixed_random_1,11332,664.7943,3.8602908,0.5472587,1.0,0.0,22.0
exp7_fixed_random_1,11333,512.1015,2.6367748,0.34255674,1.0,0.0,12.0
exp7_fixed_random_1,11334,557.2877,3.328533,0.449748,1.0,0.0,12.0
exp7_fixed_random_1,11335,603.6349,3.9993327,0.5101772,1.0,0.0,15.0
exp7_fixed_random_1,11336,-172.43478,4.2845645,0.37591425,0.0,1.0,6.0
exp7_fixed_random_1,11337,530.42004,3.9713984,0.66458607,1.0,0.0,12.0
exp7_fixed_random_1,11338,-136.55426,3.8727908,0.6074697,0.0,1.0,8.0
exp7_fixed_random_1,11339,622.6571,3.4513645,0.50331503,1.0,0.0,21.0
exp7_fixed_random_1,11341,529.16455,4.026884,0.691606,1.0,0.0,9.0
exp7_fixed_random_1,11342,557.2106,3.5777953,0.70613366,1.0,0.0,15.0
exp7_fixed_random_1,11343,618.6332,3.5198252,0.63423824,1.0,0.0,16.0
exp7_fixed_random_1,11344,594.5853,3.2643538,0.5379614,1.0,0.0,18.0
exp7_fixed_random_1,11345,537.829,2.330142,0.5814795,1.0,0.0,26.0
exp7_fixed_random_1,11346,640.349,3.1340463,0.57820636,1.0,0.0,24.0
exp7_fixed_random_1,11347,497.21686,3.177572,0.59434795,1.0,0.0,13.0
exp7_fixed_random_1,11348,532.1342,3.6942954,0.5945987,1.0,0.0,11.0
exp7_fixed_random_1,11349,526.4343,3.3990035,0.56769776,1.0,0.0,13.0
exp7_fixed_random_1,11350,669.5387,3.5691478,0.505655,1.0,0.0,21.0
exp7_fixed_random_1,11351,601.0553,3.5446122,0.48402753,1.0,0.0,16.0
exp7_fixed_random_1,11352,525.87836,2.4692135,0.7910604,1.0,0.0,17.0
exp7_fixed_random_1,11353,-239.33374,3.0182219,0.4338888,0.0,1.0,19.0
exp7_fixed_random_1,11354,587.56537,3.1693456,0.48410746,1.0,0.0,12.0
exp7_fixed_random_1,11355,528.94366,3.254334,0.5003768,1.0,0.0,14.0
exp7_fixed_random_1,11356,509.69275,3.6756363,0.66222316,1.0,0.0,12.0
exp7_fixed_random_1,11357,632.22424,3.6743627,0.5288193,1.0,0.0,16.0
exp7_fixed_random_1,11358,575.2761,4.172528,0.4897088,1.0,0.0,11.0
exp7_fixed_random_1,11359,483.60013,1.7602662,0.73254013,1.0,0.0,13.0
exp7_fixed_random_1,11361,576.6201,3.6304727,0.52173847,1.0,0.0,16.0
exp7_fixed_random_1,11362,528.0376,4.081155,0.66092414,1.0,0.0,12.0
exp7_fixed_random_1,11363,658.02563,3.245527,0.43336907,1.0,0.0,22.0
exp7_fixed_random_1,11364,579.49475,3.4891965,0.57372886,1.0,0.0,13.0
exp7_fixed_random_1,11365,550.56934,2.70869,0.6734753,1.0,0.0,25.0
exp7_fixed_random_1,11366,497.2803,2.2207162,0.5625704,1.0,0.0,12.0
exp7_fixed_random_1,11367,499.1809,2.0499809,0.41238722,1.0,0.0,28.0
exp7_fixed_random_1,11368,565.43787,3.065485,0.60722697,1.0,0.0,16.0
exp7_fixed_random_1,11369,551.2365,2.3458822,0.69375134,1.0,0.0,24.0
exp7_fixed_random_1,11370,634.4288,3.418885,0.4495289,1.0,0.0,19.0
exp7_fixed_random_1,11371,530.81946,3.5958185,0.6535986,1.0,0.0,15.0
exp7_fixed_random_1,11372,644.13806,3.0855308,0.6484907,1.0,0.0,23.0
exp7_fixed_random_1,11373,571.9849,2.6862059,0.34885675,1.0,0.0,21.0
exp7_fixed_random_1,11374,545.321,3.7380364,0.62408775,1.0,0.0,14.0
exp7_fixed_random_1,11375,478.7954,2.0320985,0.4107245,1.0,0.0,26.0
exp7_fixed_random_1,11376,524.21124,2.609466,0.43664205,1.0,0.0,18.0
exp7_fixed_random_1,11377,593.8517,3.5547018,0.61373514,1.0,0.0,16.0
exp7_fixed_random_1,11378,-151.39124,2.5718806,0.36955178,0.0,1.0,25.0
exp7_fixed_random_1,11379,-215.33046,3.3985765,0.53525424,0.0,1.0,19.0
exp7_fixed_random_1,11381,544.6068,2.206111,0.4385206,1.0,0.0,22.0
exp7_fixed_random_1,11382,589.26135,2.5533612,0.40910858,1.0,0.0,27.0
exp7_fixed_random_1,11383,566.222,3.8374536,0.5808713,1.0,0.0,12.0
exp7_fixed_random_1,11384,549.45056,3.208389,0.4866659,1.0,0.0,14.0
exp7_fixed_random_1,11385,508.96976,3.4398806,0.48364973,1.0,0.0,11.0
exp7_fixed_random_1,11386,571.53015,3.3951354,0.4306314,1.0,0.0,18.0
exp7_fixed_random_1,11387,597.4352,3.5608726,0.5821087,1.0,0.0,17.0
exp7_fixed_random_1,11388,532.93506,3.6286209,0.66690487,1.0,0.0,12.0
exp7_fixed_random_1,11389,535.3689,2.512243,0.6919191,1.0,0.0,17.0
exp7_fixed_random_1,11390,520.21027,2.1184204,0.39396286,1.0,0.0,20.0
exp7_fixed_random_1,11391,576.0989,3.2669082,0.615467,1.0,0.0,22.0
exp7_fixed_random_1,11392,-106.88868,3.7915685,0.4866421,0.0,1.0,12.0
exp7_fixed_random_1,11393,609.38153,3.6121414,0.72687185,1.0,0.0,15.0
exp7_fixed_random_1,11394,522.5591,3.406467,0.5925009,1.0,0.0,13.0
exp7_fixed_random_1,11395,544.2987,3.2898605,0.6268477,1.0,0.0,12.0
exp7_fixed_random_1,11396,-135.53381,3.6322768,0.53308797,0.0,1.0,15.0
exp7_fixed_random_1,11397,546.31775,3.691072,0.4252164,1.0,0.0,11.0
exp7_fixed_random_1,11398,563.8456,3.7345881,0.51025546,1.0,0.0,13.0
exp7_fixed_random_1,11399,600.7435,3.2630007,0.61883175,1.0,0.0,17.0
exp7_fixed_random_1,11401,535.04095,3.74164,0.42271337,1.0,0.0,12.0
exp7_fixed_random_1,11402,528.4091,2.2937424,0.48051804,1.0,0.0,20.0
exp7_fixed_random_1,11403,-179.47534,4.152719,0.78964776,0.0,1.0,3.0
exp7_fixed_random_1,11404,482.9299,2.0142326,0.51852703,1.0,0.0,14.0
exp7_fixed_random_1,11405,614.5345,3.512782,0.4989013,1.0,0.0,18.0
exp7_fixed_random_1,11406,560.58466,3.081154,0.45799616,1.0,0.0,16.0
exp7_fixed_random_1,11407,509.5009,3.6313257,0.67334425,1.0,0.0,13.0
exp7_fixed_random_1,11408,667.0093,3.3332553,0.58655256,1.0,0.0,20.0
exp7_fixed_random_1,11409,-267.45593,2.8386652,0.28156015,0.0,1.0,14.0
exp7_fixed_random_1,11410,553.31824,3.5466413,0.54808426,1.0,0.0,16.0
exp7_fixed_random_1,11411,584.03064,3.6467278,0.38035843,1.0,0.0,14.0
exp7_fixed_random_1,11412,520.4521,4.177824,0.5281731,1.0,0.0,12.0
exp7_fixed_random_1,11413,511.20267,3.5724704,0.54317343,1.0,0.0,9.0
exp7_fixed_random_1,11414,539.8821,2.2881176,0.33811396,1.0,0.0,27.0
exp7_fixed_random_1,11415,625.69885,2.6206574,0.7717812,1.0,0.0,27.0
exp7_fixed_random_1,11416,538.8393,2.9548798,0.686953,1.0,0.0,11.0
exp7_fixed_random_1,11417,521.0807,3.5400863,0.65697885,1.0,0.0,11.0
exp7_fixed_random_1,11418,571.3917,3.5924184,0.45169958,1.0,0.0,15.0
exp7_fixed_random_1,11419,-147.31897,2.5817707,0.38890377,0.0,1.0,20.0
exp7_fixed_random_1,11421,571.1589,2.544155,0.45738018,1.0,0.0,22.0
exp7_fixed_random_1,11422,480.59888,1.8414081,0.7705614,1.0,0.0,19.0
exp7_fixed_random_1,11423,495.36874,2.2331865,0.39684227,1.0,0.0,30.0
exp7_fixed_random_1,11424,614.60156,3.1573288,0.5662139,1.0,0.0,19.0
exp7_fixed_random_1,11425,556.61206,2.73137,0.46049613,1.0,0.0,21.0
exp7_fixed_random_1,11426,610.2698,3.4580884,0.62035656,1.0,0.0,18.0
exp7_fixed_random_1,11427,565.2062,2.2555232,0.5118366,1.0,0.0,21.0
exp7_fixed_random_1,11428,583.264,3.2143044,0.4886275,1.0,0.0,14.0
exp7_fixed_random_1,11429,-173.31479,3.5622332,0.5373124,0.0,1.0,16.0
exp7_fixed_random_1,11430,583.6775,2.9797263,0.6610354,1.0,0.0,21.0
exp7_fixed_random_1,11431,593.6206,3.7707636,0.46353814,1.0,0.0,11.0
exp7_fixed_random_1,11432,548.8296,3.5170267,0.48354736,1.0,0.0,12.0
exp7_fixed_random_1,11433,637.7345,3.368191,0.6183144,1.0,0.0,17.0
exp7_fixed_random_1,11434,441.1307,2.7588286,0.6455201,1.0,0.0,14.0
exp7_fixed_random_1,11435,628.30945,3.76384,0.42068812,1.0,0.0,17.0
exp7_fixed_random_1,11436,575.2416,3.4263842,0.66122586,1.0,0.0,17.0
exp7_fixed_random_1,11437,-79.223694,4.1451573,0.47899583,0.0,1.0,11.0
exp7_fixed_random_1,11438,499.2422,2.422927,0.34102413,1.0,0.0,21.0
exp7_fixed_random_1,11439,-115.44068,0.85208315,0.37508485,0.0,1.0,62.0
exp7_fixed_random_1,11441,586.2356,3.5779538,0.49041203,1.0,0.0,16.0
exp7_fixed_random_1,11442,568.71936,2.7948394,0.49378476,1.0,0.0,19.0
exp7_fixed_random_1,11443,626.4008,3.7497494,0.52344936,1.0,0.0,15.0
exp7_fixed_random_1,11444,545.90045,3.3824866,0.45642456,1.0,0.0,18.0
exp7_fixed_random_1,11445,598.5027,2.8152378,0.41013286,1.0,0.0,17.0
exp7_fixed_random_1,11446,529.57837,1.429764,0.2570928,1.0,0.0,28.0
exp7_fixed_random_1,11447,558.44073,3.8017867,0.41094288,1.0,0.0,16.0
exp7_fixed_random_1,11448,546.53876,2.0995314,0.29015312,1.0,0.0,29.0
exp7_fixed_random_1,11449,525.6759,2.7439427,0.539375,1.0,0.0,20.0
exp7_fixed_random_1,11450,-42.081238,3.3529518,0.3770407,0.0,1.0,15.0
exp7_fixed_random_1,11451,585.186,3.6262925,0.71436876,1.0,0.0,12.0
exp7_fixed_random_1,11452,649.9891,4.1904793,0.50338036,1.0,0.0,13.0
exp7_fixed_random_1,11453,547.9142,3.2908258,0.5166775,1.0,0.0,12.0
exp7_fixed_random_1,11454,596.8324,4.0184617,0.47605282,1.0,0.0,15.0
exp7_fixed_random_1,11455,516.7963,3.3482485,0.5497772,1.0,0.0,12.0
exp7_fixed_random_1,11456,538.0498,2.6631327,0.5291686,1.0,0.0,17.0
exp7_fixed_random_1,11457,570.29694,3.8931162,0.49030626,1.0,0.0,11.0
exp7_fixed_random_1,11458,524.8667,2.4656947,0.59044933,1.0,0.0,13.0
exp7_fixed_random_1,11459,604.6122,3.4221013,0.39853218,1.0,0.0,18.0
exp7_fixed_random_1,11461,644.67725,3.5020359,0.35506594,1.0,0.0,21.0
exp7_fixed_random_1,11462,536.4589,3.5330324,0.45489633,1.0,0.0,11.0
exp7_fixed_random_1,11463,568.259,3.494885,0.6481901,1.0,0.0,15.0
exp7_fixed_random_1,11464,-84.72424,4.214835,0.40867698,0.0,1.0,8.0
exp7_fixed_random_1,11465,-171.65633,4.5826592,0.39516214,0.0,1.0,6.0
exp7_fixed_random_1,11466,496.32367,3.3687832,0.5440144,1.0,0.0,12.0
exp7_fixed_random_1,11467,507.9996,2.0811796,0.7587497,1.0,0.0,31.0
exp7_fixed_random_1,11468,561.84326,2.6918106,0.7054668,1.0,0.0,23.0
exp7_fixed_random_1,11469,554.2757,4.227725,0.6510172,1.0,0.0,13.0
exp7_fixed_random_1,11470,595.7268,3.0859578,0.20034823,1.0,0.0,15.0
exp7_fixed_random_1,11471,547.9522,2.445085,0.643198,1.0,0.0,14.0
exp7_fixed_random_1,11472,-252.57426,2.6308677,0.3961456,0.0,1.0,15.0
exp7_fixed_random_1,11473,540.9435,4.6574593,0.5940948,1.0,0.0,11.0
exp7_fixed_random_1,11474,601.77576,2.7543566,0.70231056,1.0,0.0,23.0
exp7_fixed_random_1,11475,-195.7466,4.6175585,0.42275882,0.0,1.0,8.0
exp7_fixed_random_1,11476,-345.2867,4.9461803,0.4489002,0.0,1.0,1.0
exp7_fixed_random_1,11477,-227.61868,4.4249463,0.6326907,0.0,1.0,8.0
exp7_fixed_random_1,11478,-112.03259,4.679319,0.4338282,0.0,1.0,5.0
exp7_fixed_random_1,11479,-205.04062,4.7492666,0.27774623,0.0,1.0,1.0
exp7_fixed_random_1,11481,565.3023,3.6128595,0.6385925,1.0,0.0,15.0
exp7_fixed_random_1,11482,647.02814,3.4118671,0.6404334,1.0,0.0,21.0
exp7_fixed_random_1,11483,603.94104,2.461349,0.32405192,1.0,0.0,26.0
exp7_fixed_random_1,11484,548.9718,2.8599772,0.4467935,1.0,0.0,13.0
exp7_fixed_random_1,11485,537.0016,1.9808872,0.44074547,1.0,0.0,29.0
exp7_fixed_random_1,11486,528.3014,3.0873322,0.5482099,1.0,0.0,14.0
exp7_fixed_random_1,11487,498.687,4.0148664,0.4753994,1.0,0.0,6.0
exp7_fixed_random_1,11488,640.24084,3.6936433,0.6187619,1.0,0.0,18.0
exp7_fixed_random_1,11489,655.6462,3.641112,0.6110131,1.0,0.0,20.0
exp7_fixed_random_1,11490,-202.86507,3.6261787,0.13690795,0.0,1.0,1.0
exp7_fixed_random_1,11491,555.0578,3.4410396,0.4802032,1.0,0.0,13.0
exp7_fixed_random_1,11492,-260.47748,4.6148314,0.53455377,0.0,1.0,12.0
exp7_fixed_random_1,11493,535.1013,3.1651614,0.45371437,1.0,0.0,16.0
exp7_fixed_random_1,11494,575.83374,4.4312234,0.42100632,1.0,0.0,12.0
exp7_fixed_random_1,11495,588.1665,3.848706,0.5752202,1.0,0.0,17.0
exp7_fixed_random_1,11496,532.5704,2.6458704,0.40146205,1.0,0.0,15.0
exp7_fixed_random_1,11497,500.5038,3.4847133,0.54786205,1.0,0.0,10.0
exp7_fixed_random_1,11498,622.2731,3.5163984,0.569897,1.0,0.0,18.0
exp7_fixed_random_1,11499,502.7662,1.8558621,0.34978366,1.0,0.0,18.0
exp7_fixed_random_1,11501,533.4554,2.1019664,0.41832933,1.0,0.0,18.0
exp7_fixed_random_1,11502,496.50888,2.6202123,0.52457345,1.0,0.0,22.0
exp7_fixed_random_1,11503,530.7369,3.8695662,0.5358899,1.0,0.0,12.0
exp7_fixed_random_1,11504,515.50464,3.401399,0.5320006,1.0,0.0,12.0
exp7_fixed_random_1,11505,586.3063,3.296598,0.4879222,1.0,0.0,22.0
exp7_fixed_random_1,11506,587.6167,3.1577597,0.4376248,1.0,0.0,12.0
exp7_fixed_random_1,11507,536.6455,2.8457532,0.3137424,1.0,0.0,14.0
exp7_fixed_random_1,11508,556.33496,3.1034722,0.51318973,1.0,0.0,17.0
exp7_fixed_random_1,11509,533.7649,2.355536,0.35950238,1.0,0.0,25.0
exp7_fixed_random_1,11510,608.0628,3.2318096,0.52888435,1.0,0.0,18.0
exp7_fixed_random_1,11511,573.9262,3.0008185,0.71446675,1.0,0.0,20.0
exp7_fixed_random_1,11512,558.7344,3.8400395,0.5462117,1.0,0.0,10.0
exp7_fixed_random_1,11513,564.5873,3.6143658,0.6792137,1.0,0.0,12.0
exp7_fixed_random_1,11514,497.80554,1.603705,0.5725919,1.0,0.0,17.0
exp7_fixed_random_1,11515,512.63684,2.4523203,0.45233506,1.0,0.0,22.0
exp7_fixed_random_1,11516,629.02747,2.9082203,0.37821347,1.0,0.0,25.0
exp7_fixed_random_1,11517,627.7323,3.5156667,0.5400723,1.0,0.0,21.0
exp7_fixed_random_1,11518,578.90045,3.3246481,0.6121565,1.0,0.0,18.0
exp7_fixed_random_1,11519,587.2249,4.209902,0.4380672,1.0,0.0,9.0
exp7_fixed_random_1,11521,561.0061,2.997214,0.49623358,1.0,0.0,21.0
exp7_fixed_random_1,11522,552.11176,3.758197,0.5640594,1.0,0.0,12.0
exp7_fixed_random_1,11523,532.5005,2.0177064,0.303564,1.0,0.0,23.0
exp7_fixed_random_1,11524,671.4739,3.7186742,0.39478764,1.0,0.0,21.0
exp7_fixed_random_1,11525,580.2318,2.6204467,0.6606772,1.0,0.0,19.0
exp7_fixed_random_1,11526,591.96643,3.3440642,0.60584956,1.0,0.0,14.0
exp7_fixed_random_1,11527,563.1447,3.574302,0.63349754,1.0,0.0,19.0
exp7_fixed_random_1,11528,535.1188,2.9074886,0.59411484,1.0,0.0,19.0
exp7_fixed_random_1,11529,470.14804,3.2068741,0.7128388,1.0,0.0,15.0
exp7_fixed_random_1,11530,521.416,2.6237166,0.3024768,1.0,0.0,16.0
exp7_fixed_random_1,11531,534.5446,2.9523442,0.65227586,1.0,0.0,16.0
exp7_fixed_random_1,11532,-177.46077,3.4230843,0.6537577,0.0,1.0,3.0
exp7_fixed_random_1,11533,537.631,2.7468996,0.6664899,1.0,0.0,16.0
exp7_fixed_random_1,11534,590.7895,2.9112165,0.51392716,1.0,0.0,21.0
exp7_fixed_random_1,11535,-13.594849,3.4373262,0.35631135,0.0,1.0,16.0
exp7_fixed_random_1,11536,538.7023,2.1782537,0.46427727,1.0,0.0,27.0
exp7_fixed_random_1,11537,496.78604,2.192278,0.38826922,1.0,0.0,34.0
exp7_fixed_random_1,11538,556.1196,3.266396,0.65418243,1.0,0.0,15.0
exp7_fixed_random_1,11539,612.66626,3.998021,0.45798665,1.0,0.0,16.0
exp7_fixed_random_1,11541,653.31,3.270614,0.3841313,1.0,0.0,20.0
exp7_fixed_random_1,11542,640.3086,4.09592,0.559833,1.0,0.0,16.0
exp7_fixed_random_1,11543,540.0229,3.4353993,0.6592408,1.0,0.0,12.0
exp7_fixed_random_1,11544,504.68277,2.160587,0.39851132,1.0,0.0,23.0
exp7_fixed_random_1,11545,432.94345,1.2771916,0.4645258,1.0,0.0,25.0
exp7_fixed_random_1,11546,602.4228,3.6114328,0.5345806,1.0,0.0,14.0
exp7_fixed_random_1,11547,588.60583,2.515299,0.4932036,1.0,0.0,19.0
exp7_fixed_random_1,11548,560.80115,3.3127983,0.61921555,1.0,0.0,16.0
exp7_fixed_random_1,11549,561.8949,3.2240846,0.5631187,1.0,0.0,19.0
exp7_fixed_random_1,11550,423.12436,2.658188,0.677245,1.0,0.0,8.0
exp7_fixed_random_1,11551,524.36285,3.075789,0.5344489,1.0,0.0,16.0
exp7_fixed_random_1,11552,499.4889,3.3290708,0.4652456,1.0,0.0,9.0
exp7_fixed_random_1,11553,554.1472,2.2162495,0.33753604,1.0,0.0,25.0
exp7_fixed_random_1,11554,562.77966,3.671087,0.51078004,1.0,0.0,14.0
exp7_fixed_random_1,11555,601.8784,3.5130758,0.470548,1.0,0.0,16.0
exp7_fixed_random_1,11556,537.8977,3.7486575,0.56199366,1.0,0.0,11.0
exp7_fixed_random_1,11557,592.62744,3.258816,0.50466806,1.0,0.0,23.0
exp7_fixed_random_1,11558,603.3553,2.6688023,0.63645256,1.0,0.0,21.0
exp7_fixed_random_1,11559,565.5206,3.375175,0.6702798,1.0,0.0,18.0
exp7_fixed_random_1,11561,660.65063,4.4036517,0.46005952,1.0,0.0,16.0
exp7_fixed_random_1,11562,594.56213,4.085598,0.46327057,1.0,0.0,11.0
exp7_fixed_random_1,11563,556.34784,3.5163186,0.63395494,1.0,0.0,15.0
exp7_fixed_random_1,11564,562.10144,2.1976194,0.31689745,1.0,0.0,18.0
exp7_fixed_random_1,11565,651.35156,4.329114,0.5136538,1.0,0.0,15.0
exp7_fixed_random_1,11566,525.3751,2.8435664,0.48870605,1.0,0.0,13.0
exp7_fixed_random_1,11567,583.1962,4.5936093,0.42309818,1.0,0.0,12.0
exp7_fixed_random_1,11568,527.4404,3.246753,0.644087,1.0,0.0,14.0
exp7_fixed_random_1,11569,561.7172,3.6311636,0.47758803,1.0,0.0,15.0
exp7_fixed_random_1,11570,523.8696,3.3758192,0.59026575,1.0,0.0,12.0
exp7_fixed_random_1,11571,611.2499,3.297411,0.48413453,1.0,0.0,24.0
exp7_fixed_random_1,11572,426.16016,2.4938,0.65961236,1.0,0.0,21.0
exp7_fixed_random_1,11573,515.71484,2.6129868,0.7835908,1.0,0.0,17.0
exp7_fixed_random_1,11574,605.7833,3.0378764,0.6696851,1.0,0.0,20.0
exp7_fixed_random_1,11575,512.1925,3.7179844,0.7001926,1.0,0.0,10.0
exp7_fixed_random_1,11576,628.9724,3.1386137,0.6412675,1.0,0.0,20.0
exp7_fixed_random_1,11577,495.40143,3.0998302,0.8098231,1.0,0.0,8.0
exp7_fixed_random_1,11578,556.20905,2.8103902,0.39849404,1.0,0.0,15.0
exp7_fixed_random_1,11579,561.1731,3.1376526,0.5069128,1.0,0.0,20.0
exp7_fixed_random_1,11581,507.15613,3.807717,0.6148402,1.0,0.0,12.0
exp7_fixed_random_1,11582,635.3657,3.622089,0.3838456,1.0,0.0,20.0
exp7_fixed_random_1,11583,-204.70969,2.6798983,0.40924734,0.0,1.0,27.0
exp7_fixed_random_1,11584,632.15045,3.22892,0.40966162,1.0,0.0,20.0
exp7_fixed_random_1,11585,525.20416,3.3197975,0.48059773,1.0,0.0,17.0
exp7_fixed_random_1,11586,521.1427,2.6428206,0.4532697,1.0,0.0,13.0
exp7_fixed_random_1,11587,645.46625,4.4429393,0.5076559,1.0,0.0,13.0
exp7_fixed_random_1,11588,616.56,3.936634,0.60577714,1.0,0.0,13.0
exp7_fixed_random_1,11589,530.7556,3.0263429,0.47415456,1.0,0.0,19.0
exp7_fixed_random_1,11590,574.80035,3.1694884,0.61501306,1.0,0.0,19.0
exp7_fixed_random_1,11591,605.5222,3.139978,0.5608068,1.0,0.0,19.0
exp7_fixed_random_1,11592,487.8543,3.8406405,0.67932343,1.0,0.0,9.0
exp7_fixed_random_1,11593,577.2317,2.9031878,0.6122194,1.0,0.0,15.0
exp7_fixed_random_1,11594,-109.40904,2.0250738,0.55731213,0.0,1.0,20.0
exp7_fixed_random_1,11595,-322.31808,4.075344,0.49224806,0.0,1.0,4.0
exp7_fixed_random_1,11596,558.29474,2.8882968,0.62180686,1.0,0.0,17.0
exp7_fixed_random_1,11597,619.896,3.7037024,0.5778833,1.0,0.0,14.0
exp7_fixed_random_1,11598,624.5205,3.7342722,0.61297125,1.0,0.0,16.0
exp7_fixed_random_1,11599,546.43726,2.907212,0.5247694,1.0,0.0,14.0
exp7_fixed_random_1,11601,511.40826,2.425157,0.692093,1.0,0.0,14.0
exp7_fixed_random_1,11602,623.38855,3.740173,0.5945076,1.0,0.0,16.0
exp7_fixed_random_1,11603,478.4705,1.4662464,0.39497933,1.0,0.0,30.0
exp7_fixed_random_1,11604,533.0863,3.4830587,0.60931295,1.0,0.0,11.0
exp7_fixed_random_1,11605,558.32574,2.079481,0.3776854,1.0,0.0,26.0
exp7_fixed_random_1,11606,637.2934,3.745384,0.47826815,1.0,0.0,16.0
exp7_fixed_random_1,11607,-186.3982,3.8129368,0.47268268,0.0,1.0,6.0
exp7_fixed_random_1,11608,429.96588,0.7130179,0.26891807,1.0,0.0,33.0
exp7_fixed_random_1,11609,532.8127,2.4458754,0.2902454,1.0,0.0,17.0
exp7_fixed_random_1,11610,610.3275,2.9487739,0.434925,1.0,0.0,19.0
exp7_fixed_random_1,11611,646.86505,3.8576343,0.46714786,1.0,0.0,16.0
exp7_fixed_random_1,11612,637.50323,3.1016123,0.48781562,1.0,0.0,19.0
exp7_fixed_random_1,11613,595.92456,3.3573637,0.6582159,1.0,0.0,18.0
exp7_fixed_random_1,11614,549.9997,3.086589,0.45117438,1.0,0.0,11.0
exp7_fixed_random_1,11615,606.99335,3.5836716,0.6249253,1.0,0.0,15.0
exp7_fixed_random_1,11616,577.0237,2.7140257,0.45769534,1.0,0.0,24.0
exp7_fixed_random_1,11617,596.5092,3.6925106,0.6110625,1.0,0.0,17.0
exp7_fixed_random_1,11618,566.29407,2.5349488,0.40751043,1.0,0.0,20.0
exp7_fixed_random_1,11619,510.7071,3.0982704,0.57222074,1.0,0.0,15.0
exp7_fixed_random_1,11621,535.8413,0.8309849,0.33417764,1.0,0.0,82.0
exp7_fixed_random_1,11622,500.5393,2.8691127,0.46428904,1.0,0.0,12.0
exp7_fixed_random_1,11623,560.23956,3.7012987,0.57580465,1.0,0.0,12.0
exp7_fixed_random_1,11624,563.24524,2.6116326,0.5960684,1.0,0.0,25.0
exp7_fixed_random_1,11625,604.4984,3.8411424,0.48071894,1.0,0.0,14.0
exp7_fixed_random_1,11626,549.72266,2.7297418,0.73902935,1.0,0.0,17.0
exp7_fixed_random_1,11627,544.5277,2.5922425,0.47652018,1.0,0.0,12.0
exp7_fixed_random_1,11628,497.72922,3.0556533,0.34466085,1.0,0.0,8.0
exp7_fixed_random_1,11629,537.57556,3.5629795,0.59695905,1.0,0.0,14.0
exp7_fixed_random_1,11630,558.87,3.463629,0.5344566,1.0,0.0,13.0
exp7_fixed_random_1,11631,589.31555,3.0594866,0.41413003,1.0,0.0,20.0
exp7_fixed_random_1,11632,517.289,2.7597864,0.39582598,1.0,0.0,11.0
exp7_fixed_random_1,11633,460.6103,2.8550155,0.606307,1.0,0.0,9.0
exp7_fixed_random_1,11634,-163.25714,2.6123803,0.32915628,0.0,1.0,18.0
exp7_fixed_random_1,11635,581.77576,3.6147578,0.622085,1.0,0.0,12.0
exp7_fixed_random_1,11636,-195.36555,4.1252036,0.58145946,0.0,1.0,5.0
exp7_fixed_random_1,11637,548.5276,2.3171759,0.5912889,1.0,0.0,23.0
exp7_fixed_random_1,11638,600.23505,2.3590508,0.5331514,1.0,0.0,25.0
exp7_fixed_random_1,11639,553.6053,1.7328392,0.37903064,1.0,0.0,41.0
exp7_fixed_random_1,11641,654.1692,3.3629515,0.4806457,1.0,0.0,19.0
exp7_fixed_random_1,11642,559.1219,2.8072383,0.45830333,1.0,0.0,17.0
exp7_fixed_random_1,11643,578.3291,3.4562004,0.4705607,1.0,0.0,14.0
exp7_fixed_random_1,11644,595.58966,3.124594,0.5645085,1.0,0.0,16.0
exp7_fixed_random_1,11645,631.84155,4.011577,0.57701534,1.0,0.0,17.0
exp7_fixed_random_1,11646,517.4802,2.429014,0.70878935,1.0,0.0,11.0
exp7_fixed_random_1,11647,564.8441,2.6398509,0.36411163,1.0,0.0,21.0
exp7_fixed_random_1,11648,602.89685,3.3864746,0.60231,1.0,0.0,19.0
exp7_fixed_random_1,11649,640.54895,3.3172996,0.5209939,1.0,0.0,19.0
exp7_fixed_random_1,11650,529.2773,2.4333005,0.44989854,1.0,0.0,15.0
exp7_fixed_random_1,11651,516.9651,2.7184515,0.4432314,1.0,0.0,15.0
exp7_fixed_random_1,11652,493.98004,2.3441908,0.77357674,1.0,0.0,18.0
exp7_fixed_random_1,11653,524.93085,2.2978024,0.42352998,1.0,0.0,25.0
exp7_fixed_random_1,11654,565.496,2.795164,0.470458,1.0,0.0,23.0
exp7_fixed_random_1,11655,509.55566,1.908217,0.29553744,1.0,0.0,19.0
exp7_fixed_random_1,11656,494.13275,2.710312,0.5671567,1.0,0.0,18.0
exp7_fixed_random_1,11657,585.5281,3.5286195,0.55325806,1.0,0.0,15.0
exp7_fixed_random_1,11658,568.95996,4.38814,0.600515,1.0,0.0,8.0
exp7_fixed_random_1,11659,551.8631,3.442743,0.6372334,1.0,0.0,15.0
exp7_fixed_random_1,11661,565.46924,3.2655175,0.48432323,1.0,0.0,11.0
exp7_fixed_random_1,11662,649.48846,3.1697516,0.48508966,1.0,0.0,22.0
exp7_fixed_random_1,11663,-235.09264,3.6891227,0.7969605,0.0,1.0,4.0
exp7_fixed_random_1,11664,583.21814,2.6604235,0.40008217,1.0,0.0,25.0
exp7_fixed_random_1,11665,-345.7583,4.384457,0.044144716,0.0,1.0,1.0
exp7_fixed_random_1,11666,582.15515,3.3584619,0.4955886,1.0,0.0,13.0
exp7_fixed_random_1,11667,614.65674,3.5918982,0.4088633,1.0,0.0,17.0
exp7_fixed_random_1,11668,640.68134,3.760079,0.5487083,1.0,0.0,16.0
exp7_fixed_random_1,11669,607.80054,3.941797,0.5485444,1.0,0.0,18.0
exp7_fixed_random_1,11670,525.3054,2.0844564,0.54640555,1.0,0.0,15.0
exp7_fixed_random_1,11671,640.8454,4.11818,0.39557624,1.0,0.0,16.0
exp7_fixed_random_1,11672,544.2348,3.2979028,0.39724872,1.0,0.0,12.0
exp7_fixed_random_1,11673,621.41284,4.3219957,0.5116864,1.0,0.0,13.0
exp7_fixed_random_1,11674,598.4003,4.220756,0.39466286,1.0,0.0,12.0
exp7_fixed_random_1,11675,472.0329,1.9405504,0.5460076,1.0,0.0,16.0
exp7_fixed_random_1,11676,556.559,3.251736,0.630406,1.0,0.0,11.0
exp7_fixed_random_1,11677,515.5597,3.5252423,0.50963897,1.0,0.0,10.0
exp7_fixed_random_1,11678,584.88855,3.1214495,0.46118304,1.0,0.0,25.0
exp7_fixed_random_1,11679,639.60864,3.296025,0.494599,1.0,0.0,20.0
exp7_fixed_random_1,11681,600.0942,2.3761432,0.618514,1.0,0.0,19.0
exp7_fixed_random_1,11682,573.79443,2.868922,0.5637938,1.0,0.0,20.0
exp7_fixed_random_1,11683,544.0985,2.5530858,0.5003268,1.0,0.0,21.0
exp7_fixed_random_1,11684,568.6869,3.3755405,0.64051646,1.0,0.0,16.0
exp7_fixed_random_1,11685,540.8738,3.7203646,0.6367417,1.0,0.0,12.0
exp7_fixed_random_1,11686,483.4902,3.042846,0.5581024,1.0,0.0,12.0
exp7_fixed_random_1,11687,599.18933,3.710694,0.36938176,1.0,0.0,17.0
exp7_fixed_random_1,11688,603.4712,2.6377158,0.5910027,1.0,0.0,20.0
exp7_fixed_random_1,11689,607.2158,3.8353927,0.39300218,1.0,0.0,12.0
exp7_fixed_random_1,11690,526.376,1.3959404,0.3170852,1.0,0.0,28.0
exp7_fixed_random_1,11691,541.2432,4.238519,0.40578708,1.0,0.0,7.0
exp7_fixed_random_1,11692,604.23236,3.6896996,0.6864313,1.0,0.0,15.0
exp7_fixed_random_1,11693,593.75977,3.0981615,0.5171713,1.0,0.0,23.0
exp7_fixed_random_1,11694,561.0665,3.3698018,0.61311364,1.0,0.0,12.0
exp7_fixed_random_1,11695,457.13113,1.6761723,0.25518084,1.0,0.0,45.0
exp7_fixed_random_1,11696,695.77795,3.5688043,0.46475342,1.0,0.0,22.0
exp7_fixed_random_1,11697,601.94586,3.0498145,0.5383238,1.0,0.0,17.0
exp7_fixed_random_1,11698,571.9154,2.604859,0.43481115,1.0,0.0,23.0
exp7_fixed_random_1,11699,575.3866,2.9944155,0.620691,1.0,0.0,17.0
exp7_fixed_random_1,11701,658.2367,4.321971,0.3560904,1.0,0.0,14.0
exp7_fixed_random_1,11702,-338.57852,4.7172894,0.60080236,0.0,1.0,3.0
exp7_fixed_random_1,11703,568.0031,3.2680793,0.69304174,1.0,0.0,14.0
exp7_fixed_random_1,11704,-346.24988,4.01114,0.114272796,0.0,1.0,1.0
exp7_fixed_random_1,11705,501.21133,2.6678448,0.6411855,1.0,0.0,19.0
exp7_fixed_random_1,11706,669.339,3.5028775,0.47384414,1.0,0.0,19.0
exp7_fixed_random_1,11707,-226.57208,4.4144034,0.5861532,0.0,1.0,8.0
exp7_fixed_random_1,11708,588.6097,3.0904555,0.68261987,1.0,0.0,21.0
exp7_fixed_random_1,11709,531.9727,2.5577679,0.49942502,1.0,0.0,16.0
exp7_fixed_random_1,11710,649.04956,3.0932562,0.61602825,1.0,0.0,22.0
exp7_fixed_random_1,11711,555.48193,3.7843695,0.53158593,1.0,0.0,13.0
exp7_fixed_random_1,11712,598.74414,2.5239472,0.38864097,1.0,0.0,25.0
exp7_fixed_random_1,11713,616.02747,3.319053,0.5053969,1.0,0.0,19.0
exp7_fixed_random_1,11714,484.7996,1.7383233,0.32570454,1.0,0.0,39.0
exp7_fixed_random_1,11715,625.10364,3.7669024,0.52673775,1.0,0.0,15.0
exp7_fixed_random_1,11716,570.0436,3.4360182,0.48780105,1.0,0.0,12.0
exp7_fixed_random_1,11717,572.5032,3.5119252,0.40641144,1.0,0.0,17.0
exp7_fixed_random_1,11718,643.0051,3.5484557,0.41232696,1.0,0.0,21.0
exp7_fixed_random_1,11719,548.69,2.5556996,0.44717714,1.0,0.0,19.0
exp7_fixed_random_1,11721,607.0981,2.4145117,0.46008915,1.0,0.0,30.0
exp7_fixed_random_1,11722,621.17505,3.813096,0.5501942,1.0,0.0,17.0
exp7_fixed_random_1,11723,504.87192,3.3393068,0.632884,1.0,0.0,18.0
exp7_fixed_random_1,11724,660.0387,3.7913992,0.5631292,1.0,0.0,18.0
exp7_fixed_random_1,11725,-176.51004,4.868794,0.32146692,0.0,1.0,2.0
exp7_fixed_random_1,11726,583.4301,3.653231,0.56745404,1.0,0.0,16.0
exp7_fixed_random_1,11727,592.202,3.4296057,0.51984286,1.0,0.0,18.0
exp7_fixed_random_1,11728,540.9548,3.49531,0.48786026,1.0,0.0,14.0
exp7_fixed_random_1,11729,542.8949,3.31683,0.61143994,1.0,0.0,15.0
exp7_fixed_random_1,11730,633.08997,3.4232523,0.5113553,1.0,0.0,16.0
exp7_fixed_random_1,11731,509.02356,2.3432505,0.49658394,1.0,0.0,21.0
exp7_fixed_random_1,11732,504.38458,2.609213,0.39647457,1.0,0.0,24.0
exp7_fixed_random_1,11733,559.88184,2.4902697,0.39846298,1.0,0.0,16.0
exp7_fixed_random_1,11734,496.1438,2.3867521,0.53452444,1.0,0.0,17.0
exp7_fixed_random_1,11735,593.8348,3.189016,0.50339305,1.0,0.0,27.0
exp7_fixed_random_1,11736,572.67664,2.0105755,0.41391405,1.0,0.0,30.0
exp7_fixed_random_1,11737,559.85535,3.1468086,0.5799834,1.0,0.0,13.0
exp7_fixed_random_1,11738,541.4123,3.4492698,0.5062541,1.0,0.0,11.0
exp7_fixed_random_1,11739,594.9097,3.2389283,0.4151923,1.0,0.0,19.0
exp7_fixed_random_1,11741,529.16016,2.088318,0.45409206,1.0,0.0,24.0
exp7_fixed_random_1,11742,552.97595,2.276205,0.673985,1.0,0.0,21.0
exp7_fixed_random_1,11743,512.73236,2.714197,0.50269705,1.0,0.0,12.0
exp7_fixed_random_1,11744,541.1058,3.0261743,0.6170214,1.0,0.0,11.0
exp7_fixed_random_1,11745,514.3285,3.854979,0.6171793,1.0,0.0,10.0
exp7_fixed_random_1,11746,655.68976,3.3383622,0.46188158,1.0,0.0,21.0
exp7_fixed_random_1,11747,604.5735,3.9011295,0.5295484,1.0,0.0,15.0
exp7_fixed_random_1,11748,590.9981,4.448221,0.5147951,1.0,0.0,11.0
exp7_fixed_random_1,11749,590.6118,2.9654171,0.35097334,1.0,0.0,15.0
exp7_fixed_random_1,11750,560.50275,1.7930646,0.30955604,1.0,0.0,23.0
exp7_fixed_random_1,11751,595.6063,3.9050486,0.5642954,1.0,0.0,14.0
exp7_fixed_random_1,11752,562.9689,3.2582014,0.4428828,1.0,0.0,13.0
exp7_fixed_random_1,11753,553.6701,3.5756123,0.5668072,1.0,0.0,13.0
exp7_fixed_random_1,11754,589.2784,3.971484,0.55469465,1.0,0.0,14.0
exp7_fixed_random_1,11755,562.5215,3.4020965,0.6125053,1.0,0.0,18.0
exp7_fixed_random_1,11756,483.1074,2.675285,0.3389217,1.0,0.0,11.0
exp7_fixed_random_1,11757,592.08026,3.7031233,0.44612563,1.0,0.0,16.0
exp7_fixed_random_1,11758,541.9767,2.7448282,0.44456685,1.0,0.0,12.0
exp7_fixed_random_1,11759,567.5092,3.5137863,0.57254726,1.0,0.0,12.0
exp7_fixed_random_1,11761,530.1285,1.8802575,0.30340433,1.0,0.0,18.0
exp7_fixed_random_1,11762,594.8897,3.2040455,0.6069917,1.0,0.0,17.0
exp7_fixed_random_1,11763,531.1242,3.7968423,0.6336458,1.0,0.0,12.0
exp7_fixed_random_1,11764,494.82474,3.5423896,0.80960786,1.0,0.0,8.0
exp7_fixed_random_1,11765,585.13336,2.7428896,0.34170076,1.0,0.0,17.0
exp7_fixed_random_1,11766,577.7648,3.6528592,0.35831767,1.0,0.0,15.0
exp7_fixed_random_1,11767,583.78796,3.883212,0.5490143,1.0,0.0,11.0
exp7_fixed_random_1,11768,570.6143,2.1404426,0.5232068,1.0,0.0,27.0
exp7_fixed_random_1,11769,589.49316,3.5791185,0.56700504,1.0,0.0,16.0
exp7_fixed_random_1,11770,598.64233,3.3319151,0.50980484,1.0,0.0,15.0
exp7_fixed_random_1,11771,519.2283,2.4318097,0.4809308,1.0,0.0,14.0
exp7_fixed_random_1,11772,513.70374,2.0983849,0.55293447,1.0,0.0,23.0
exp7_fixed_random_1,11773,-37.44507,2.6099024,0.6483705,0.0,1.0,17.0
exp7_fixed_random_1,11774,570.3022,2.764888,0.6302719,1.0,0.0,20.0
exp7_fixed_random_1,11775,570.7486,3.3878639,0.65406066,1.0,0.0,20.0
exp7_fixed_random_1,11776,-243.59698,2.3291383,0.6767694,0.0,1.0,20.0
exp7_fixed_random_1,11777,598.1968,4.429303,0.43057576,1.0,0.0,10.0
exp7_fixed_random_1,11778,622.273,3.2428365,0.667434,1.0,0.0,21.0
exp7_fixed_random_1,11779,485.0008,2.4365234,0.4490252,1.0,0.0,16.0
exp7_fixed_random_1,11781,459.2588,2.1756942,0.7665581,1.0,0.0,13.0
exp7_fixed_random_1,11782,598.5914,4.452082,0.45333838,1.0,0.0,10.0
exp7_fixed_random_1,11783,624.2913,3.7530224,0.61303276,1.0,0.0,18.0
exp7_fixed_random_1,11784,584.82495,3.4009824,0.46001345,1.0,0.0,18.0
exp7_fixed_random_1,11785,510.3918,3.2578511,0.7027498,1.0,0.0,13.0
exp7_fixed_random_1,11786,-119.563644,4.7181916,0.5818908,0.0,1.0,6.0
exp7_fixed_random_1,11787,572.25714,4.1423454,0.48258534,1.0,0.0,12.0
exp7_fixed_random_1,11788,524.1394,2.2827895,0.39607236,1.0,0.0,18.0
exp7_fixed_random_1,11789,516.3371,2.7606857,0.6268649,1.0,0.0,21.0
exp7_fixed_random_1,11790,547.9817,3.5407999,0.5782843,1.0,0.0,16.0
exp7_fixed_random_1,11791,456.81183,2.8223708,0.66702855,1.0,0.0,13.0
exp7_fixed_random_1,11792,470.20883,2.9426873,0.62288725,1.0,0.0,9.0
exp7_fixed_random_1,11793,579.439,2.7647314,0.4879685,1.0,0.0,15.0
exp7_fixed_random_1,11794,602.43225,3.7588043,0.45330343,1.0,0.0,14.0
exp7_fixed_random_1,11795,545.4381,2.0748658,0.4225144,1.0,0.0,21.0
exp7_fixed_random_1,11796,589.0272,2.9620717,0.60605025,1.0,0.0,17.0
exp7_fixed_random_1,11797,547.9513,3.806733,0.66916174,1.0,0.0,12.0
exp7_fixed_random_1,11798,581.3337,3.1938238,0.57920927,1.0,0.0,15.0
exp7_fixed_random_1,11799,518.3955,3.545214,0.55638844,1.0,0.0,11.0
exp7_fixed_random_1,11801,585.686,3.6713266,0.5020885,1.0,0.0,13.0
exp7_fixed_random_1,11802,-144.01262,4.6161304,0.6317126,0.0,1.0,6.0
exp7_fixed_random_1,11803,-165.79567,4.0744033,0.5242548,0.0,1.0,13.0
exp7_fixed_random_1,11804,591.4747,3.643282,0.66976154,1.0,0.0,14.0
exp7_fixed_random_1,11805,513.95935,3.277293,0.5367459,1.0,0.0,9.0
exp7_fixed_random_1,11806,516.84863,2.552815,0.54748076,1.0,0.0,12.0
exp7_fixed_random_1,11807,619.76465,3.483334,0.4550957,1.0,0.0,18.0
exp7_fixed_random_1,11808,-239.01826,4.3689895,0.63686323,0.0,1.0,7.0
exp7_fixed_random_1,11809,529.48804,3.1679215,0.24863885,1.0,0.0,11.0
exp7_fixed_random_1,11810,548.24146,3.5398405,0.64488447,1.0,0.0,14.0
exp7_fixed_random_1,11811,474.35376,4.1092677,0.4452666,1.0,0.0,6.0
exp7_fixed_random_1,11812,-189.21753,4.1631155,0.58038074,0.0,1.0,6.0
exp7_fixed_random_1,11813,539.3084,2.8421793,0.4319953,1.0,0.0,12.0
exp7_fixed_random_1,11814,575.37085,3.4951506,0.56316626,1.0,0.0,15.0
exp7_fixed_random_1,11815,470.35617,2.3173435,0.3885461,1.0,0.0,32.0
exp7_fixed_random_1,11816,596.48157,3.0515277,0.56406784,1.0,0.0,21.0
exp7_fixed_random_1,11817,558.5439,3.025258,0.55498385,1.0,0.0,15.0
exp7_fixed_random_1,11818,497.47867,3.2070029,0.5588663,1.0,0.0,8.0
exp7_fixed_random_1,11819,-210.20631,4.5914626,0.5385858,0.0,1.0,9.0
exp7_fixed_random_1,11821,586.95026,3.1697288,0.50079244,1.0,0.0,13.0
exp7_fixed_random_1,11822,573.01917,3.9081774,0.33863804,1.0,0.0,12.0
exp7_fixed_random_1,11823,595.31836,3.1176465,0.37255055,1.0,0.0,21.0
exp7_fixed_random_1,11824,543.11664,3.7284184,0.6794378,1.0,0.0,14.0
exp7_fixed_random_1,11825,542.58594,1.9327118,0.42712644,1.0,0.0,31.0
exp7_fixed_random_1,11826,582.6077,2.6243503,0.47895786,1.0,0.0,26.0
exp7_fixed_random_1,11827,496.0873,3.5739136,0.7222802,1.0,0.0,7.0
exp7_fixed_random_1,11828,670.9347,3.7526999,0.33309504,1.0,0.0,18.0
exp7_fixed_random_1,11829,650.219,3.7341204,0.4758066,1.0,0.0,18.0
exp7_fixed_random_1,11830,577.47144,3.202238,0.72304434,1.0,0.0,19.0
exp7_fixed_random_1,11831,556.7963,3.2034464,0.649561,1.0,0.0,13.0
exp7_fixed_random_1,11832,566.8486,2.2833645,0.34800604,1.0,0.0,21.0
exp7_fixed_random_1,11833,673.44324,3.0434058,0.34175885,1.0,0.0,24.0
exp7_fixed_random_1,11834,585.71783,3.0154927,0.4496513,1.0,0.0,27.0
exp7_fixed_random_1,11835,499.7942,2.505037,0.474113,1.0,0.0,18.0
exp7_fixed_random_1,11836,567.1221,2.6620433,0.4643785,1.0,0.0,17.0
exp7_fixed_random_1,11837,615.4961,3.3443003,0.6379554,1.0,0.0,19.0
exp7_fixed_random_1,11838,581.83185,3.218995,0.69319165,1.0,0.0,19.0
exp7_fixed_random_1,11839,503.06155,3.1344366,0.60691506,1.0,0.0,12.0
exp7_fixed_random_1,11841,655.80115,3.5753078,0.45259058,1.0,0.0,17.0
exp7_fixed_random_1,11842,500.64218,3.1259139,0.6847929,1.0,0.0,15.0
exp7_fixed_random_1,11843,540.15295,4.361959,0.49085173,1.0,0.0,9.0
exp7_fixed_random_1,11844,628.6918,3.4565563,0.61839026,1.0,0.0,14.0
exp7_fixed_random_1,11845,495.82858,3.7900858,0.55995756,1.0,0.0,11.0
exp7_fixed_random_1,11846,619.75366,3.3197496,0.31354028,1.0,0.0,16.0
exp7_fixed_random_1,11847,513.9048,3.6716387,0.7033755,1.0,0.0,13.0
exp7_fixed_random_1,11848,577.4217,3.632176,0.61042315,1.0,0.0,15.0
exp7_fixed_random_1,11849,-191.61089,3.0065598,0.2373894,0.0,1.0,13.0
exp7_fixed_random_1,11850,574.92114,2.7671068,0.5244689,1.0,0.0,16.0
exp7_fixed_random_1,11851,-101.49802,3.3949409,0.5029466,0.0,1.0,18.0
exp7_fixed_random_1,11852,512.54443,3.9365234,0.52014714,1.0,0.0,12.0
exp7_fixed_random_1,11853,479.60034,2.564275,0.5129774,1.0,0.0,9.0
exp7_fixed_random_1,11854,-193.1316,4.3141966,0.64269793,0.0,1.0,2.0
exp7_fixed_random_1,11855,532.2699,1.64775,0.4906168,1.0,0.0,28.0
exp7_fixed_random_1,11856,590.76575,3.8195102,0.5832776,1.0,0.0,15.0
exp7_fixed_random_1,11857,598.4283,3.5921676,0.48641372,1.0,0.0,17.0
exp7_fixed_random_1,11858,614.61365,3.5736482,0.5314753,1.0,0.0,15.0
exp7_fixed_random_1,11859,599.54926,3.227605,0.655447,1.0,0.0,20.0
exp7_fixed_random_1,11861,492.07056,3.5524628,0.6329071,1.0,0.0,12.0
exp7_fixed_random_1,11862,611.6041,4.075137,0.60974556,1.0,0.0,12.0
exp7_fixed_random_1,11863,567.4138,3.1018047,0.41150805,1.0,0.0,16.0
exp7_fixed_random_1,11864,595.4739,3.4287763,0.50996256,1.0,0.0,17.0
exp7_fixed_random_1,11865,-161.46674,1.8044738,0.36119178,0.0,1.0,28.0
exp7_fixed_random_1,11866,608.72705,3.2989495,0.47954673,1.0,0.0,22.0
exp7_fixed_random_1,11867,560.0154,3.274454,0.6672169,1.0,0.0,10.0
exp7_fixed_random_1,11868,544.25116,4.0214214,0.7314897,1.0,0.0,11.0
exp7_fixed_random_1,11869,581.5704,2.2456536,0.44593766,1.0,0.0,22.0
exp7_fixed_random_1,11870,647.94653,3.5073204,0.5480825,1.0,0.0,18.0
exp7_fixed_random_1,11871,586.9714,3.8981001,0.52224076,1.0,0.0,14.0
exp7_fixed_random_1,11872,490.99048,2.314938,0.54393655,1.0,0.0,24.0
exp7_fixed_random_1,11873,549.3366,1.6782422,0.41903794,1.0,0.0,32.0
exp7_fixed_random_1,11874,475.19016,2.693258,0.64350283,1.0,0.0,14.0
exp7_fixed_random_1,11875,524.23303,2.8422463,0.59976417,1.0,0.0,14.0
exp7_fixed_random_1,11876,553.8125,3.3392584,0.61580026,1.0,0.0,16.0
exp7_fixed_random_1,11877,615.4251,3.9366612,0.6367863,1.0,0.0,16.0
exp7_fixed_random_1,11878,606.95013,2.6259375,0.55051345,1.0,0.0,23.0
exp7_fixed_random_1,11879,574.71106,2.7802289,0.5760122,1.0,0.0,17.0
exp7_fixed_random_1,11881,507.21106,3.508508,0.5453532,1.0,0.0,14.0
exp7_fixed_random_1,11882,545.8152,3.8412938,0.5943069,1.0,0.0,13.0
exp7_fixed_random_1,11883,585.7544,3.4590383,0.51876366,1.0,0.0,20.0
exp7_fixed_random_1,11884,560.11774,3.727034,0.6937384,1.0,0.0,16.0
exp7_fixed_random_1,11885,572.8962,3.0163016,0.44527623,1.0,0.0,22.0
exp7_fixed_random_1,11886,597.67346,2.7871556,0.685574,1.0,0.0,21.0
exp7_fixed_random_1,11887,519.8275,1.9994926,0.5424233,1.0,0.0,20.0
exp7_fixed_random_1,11888,609.88824,3.0698125,0.43887666,1.0,0.0,22.0
exp7_fixed_random_1,11889,581.6998,3.9887075,0.5080718,1.0,0.0,12.0
exp7_fixed_random_1,11890,521.7833,2.3994021,0.69444925,1.0,0.0,24.0
exp7_fixed_random_1,11891,-280.5421,4.6079144,0.74335366,0.0,1.0,6.0
exp7_fixed_random_1,11892,537.14716,2.617334,0.3663569,1.0,0.0,17.0
exp7_fixed_random_1,11893,562.6419,3.301334,0.64627075,1.0,0.0,14.0
exp7_fixed_random_1,11894,583.8465,3.2940521,0.5300767,1.0,0.0,18.0
exp7_fixed_random_1,11895,-124.69545,3.6152892,0.5672983,0.0,1.0,16.0
exp7_fixed_random_1,11896,-338.0979,2.3356519,0.31986642,0.0,1.0,4.0
exp7_fixed_random_1,11897,-81.88777,4.530497,0.60217756,0.0,1.0,10.0
exp7_fixed_random_1,11898,599.57336,3.1319153,0.44100326,1.0,0.0,17.0
exp7_fixed_random_1,11899,472.4945,1.9440756,0.4445968,1.0,0.0,24.0
exp7_fixed_random_1,11901,605.98663,2.8041081,0.56725764,1.0,0.0,21.0
exp7_fixed_random_1,11902,627.2848,2.848929,0.58972466,1.0,0.0,23.0
exp7_fixed_random_1,11903,-185.90695,4.3518972,0.55078095,0.0,1.0,3.0
exp7_fixed_random_1,11904,539.69464,2.7110069,0.37626103,1.0,0.0,15.0
exp7_fixed_random_1,11905,592.13696,2.8152483,0.50503606,1.0,0.0,19.0
exp7_fixed_random_1,11906,595.7579,3.5811472,0.44834486,1.0,0.0,18.0
exp7_fixed_random_1,11907,580.1275,2.4257789,0.33950317,1.0,0.0,20.0
exp7_fixed_random_1,11908,527.2742,3.4894578,0.5748586,1.0,0.0,13.0
exp7_fixed_random_1,11909,614.3606,3.8113697,0.6064524,1.0,0.0,14.0
exp7_fixed_random_1,11910,603.24194,2.8061645,0.48943913,1.0,0.0,17.0
exp7_fixed_random_1,11911,536.2749,2.0042293,0.60801965,1.0,0.0,24.0
exp7_fixed_random_1,11912,524.07764,1.9160743,0.66173244,1.0,0.0,21.0
exp7_fixed_random_1,11913,585.64465,3.658599,0.447202,1.0,0.0,13.0
exp7_fixed_random_1,11914,652.67645,3.0151427,0.46341383,1.0,0.0,22.0
exp7_fixed_random_1,11915,542.1124,3.5358002,0.6772354,1.0,0.0,14.0
exp7_fixed_random_1,11916,573.76587,4.058496,0.5289806,1.0,0.0,13.0
exp7_fixed_random_1,11917,436.36096,2.3206396,0.7929027,1.0,0.0,24.0
exp7_fixed_random_1,11918,550.15076,2.8806753,0.47093472,1.0,0.0,19.0
exp7_fixed_random_1,11919,567.8075,3.382133,0.5772223,1.0,0.0,16.0
exp7_fixed_random_1,11921,577.77454,3.106202,0.49066335,1.0,0.0,14.0
exp7_fixed_random_1,11922,547.82587,2.9316702,0.6524598,1.0,0.0,18.0
exp7_fixed_random_1,11923,587.41895,3.1773264,0.41549432,1.0,0.0,16.0
exp7_fixed_random_1,11924,558.8468,2.5431376,0.34624398,1.0,0.0,18.0
exp7_fixed_random_1,11925,634.77045,3.946392,0.43050125,1.0,0.0,15.0
exp7_fixed_random_1,11926,564.81476,2.7660306,0.35586223,1.0,0.0,15.0
exp7_fixed_random_1,11927,675.4226,4.2554626,0.51745266,1.0,0.0,16.0
exp7_fixed_random_1,11928,562.43024,3.3344984,0.64403,1.0,0.0,13.0
exp7_fixed_random_1,11929,560.0477,4.030968,0.52062136,1.0,0.0,11.0
exp7_fixed_random_1,11930,572.1224,3.4614716,0.4877161,1.0,0.0,12.0
exp7_fixed_random_1,11931,561.9947,3.5523677,0.52440286,1.0,0.0,13.0
exp7_fixed_random_1,11932,502.77335,2.752642,0.36667877,1.0,0.0,19.0
exp7_fixed_random_1,11933,559.90186,3.6800416,0.57112783,1.0,0.0,10.0
exp7_fixed_random_1,11934,381.13446,0.6942006,0.24885565,1.0,0.0,35.0
exp7_fixed_random_1,11935,611.9585,3.7834184,0.45474717,1.0,0.0,15.0
exp7_fixed_random_1,11936,519.87085,2.4006016,0.52958214,1.0,0.0,19.0
exp7_fixed_random_1,11937,565.8898,4.170159,0.48396632,1.0,0.0,13.0
exp7_fixed_random_1,11938,604.22955,3.0001626,0.6373102,1.0,0.0,22.0
exp7_fixed_random_1,11939,508.32294,3.7414584,0.66421324,1.0,0.0,8.0
exp7_fixed_random_1,11941,559.8878,1.9912552,0.32352552,1.0,0.0,24.0
exp7_fixed_random_1,11942,473.94308,1.8398585,0.26966187,1.0,0.0,12.0
exp7_fixed_random_1,11943,527.1271,2.5488448,0.5553309,1.0,0.0,13.0
exp7_fixed_random_1,11944,502.7652,2.8570113,0.5335787,1.0,0.0,14.0
exp7_fixed_random_1,11945,598.5,3.0725954,0.48782253,1.0,0.0,17.0
exp7_fixed_random_1,11946,583.288,2.6018362,0.45084035,1.0,0.0,18.0
exp7_fixed_random_1,11947,569.211,4.2903624,0.6186663,1.0,0.0,10.0
exp7_fixed_random_1,11948,585.51086,3.3454857,0.42617685,1.0,0.0,17.0
exp7_fixed_random_1,11949,575.66425,3.7624502,0.31854612,1.0,0.0,15.0
exp7_fixed_random_1,11950,531.36444,2.906522,0.48811674,1.0,0.0,13.0
exp7_fixed_random_1,11951,556.66943,3.1469376,0.52081573,1.0,0.0,16.0
exp7_fixed_random_1,11952,-166.23973,2.6013496,0.5121806,0.0,1.0,21.0
exp7_fixed_random_1,11953,479.19672,3.0327332,0.5987864,1.0,0.0,17.0
exp7_fixed_random_1,11954,513.46454,3.0134778,0.5392733,1.0,0.0,8.0
exp7_fixed_random_1,11955,520.0979,3.4750178,0.55162895,1.0,0.0,12.0
exp7_fixed_random_1,11956,541.78925,3.0524278,0.47518882,1.0,0.0,17.0
exp7_fixed_random_1,11957,561.57153,3.2982728,0.6491951,1.0,0.0,17.0
exp7_fixed_random_1,11958,474.21484,1.8678117,0.50112796,1.0,0.0,12.0
exp7_fixed_random_1,11959,496.80347,2.6980195,0.42194384,1.0,0.0,16.0
exp7_fixed_random_1,11961,524.98804,2.0793269,0.5170032,1.0,0.0,24.0
exp7_fixed_random_1,11962,584.32794,3.4061148,0.6567242,1.0,0.0,18.0
exp7_fixed_random_1,11963,549.5636,3.2237163,0.3930952,1.0,0.0,13.0
exp7_fixed_random_1,11964,583.99634,3.067179,0.50973785,1.0,0.0,16.0
exp7_fixed_random_1,11965,542.847,2.5505888,0.3835492,1.0,0.0,22.0
exp7_fixed_random_1,11966,603.59143,3.705373,0.4892042,1.0,0.0,16.0
exp7_fixed_random_1,11967,584.85364,3.3165228,0.5436252,1.0,0.0,15.0
exp7_fixed_random_1,11968,515.9578,3.4136682,0.59112364,1.0,0.0,11.0
exp7_fixed_random_1,11969,560.4978,2.914153,0.47667205,1.0,0.0,18.0
exp7_fixed_random_1,11970,552.6621,2.2266223,0.46747413,1.0,0.0,25.0
exp7_fixed_random_1,11971,555.33405,3.3700109,0.4541754,1.0,0.0,16.0
exp7_fixed_random_1,11972,-274.42657,2.239647,0.36987597,0.0,1.0,15.0
exp7_fixed_random_1,11973,499.6433,2.0609777,0.36104998,1.0,0.0,28.0
exp7_fixed_random_1,11974,605.002,4.1497254,0.66439396,1.0,0.0,13.0
exp7_fixed_random_1,11975,509.87192,3.5335166,0.5779782,1.0,0.0,16.0
exp7_fixed_random_1,11976,587.47705,2.2588089,0.358213,1.0,0.0,33.0
exp7_fixed_random_1,11977,550.24316,3.1929138,0.65138495,1.0,0.0,20.0
exp7_fixed_random_1,11978,642.1267,3.308464,0.5269851,1.0,0.0,22.0
exp7_fixed_random_1,11979,486.7783,2.2617686,0.40301812,1.0,0.0,12.0
exp7_fixed_random_1,11981,572.2117,3.1462443,0.620298,1.0,0.0,14.0
exp7_fixed_random_1,11982,545.32654,2.4468434,0.39352816,1.0,0.0,28.0
exp7_fixed_random_1,11983,484.3728,2.330074,0.47009325,1.0,0.0,18.0
exp7_fixed_random_1,11984,480.1082,3.061475,0.5484943,1.0,0.0,7.0
exp7_fixed_random_1,11985,544.7759,2.6148224,0.49311867,1.0,0.0,23.0
exp7_fixed_random_1,11986,625.0991,3.5529428,0.59118533,1.0,0.0,16.0
exp7_fixed_random_1,11987,631.98535,4.314062,0.540329,1.0,0.0,16.0
exp7_fixed_random_1,11988,544.416,2.5706966,0.5959427,1.0,0.0,23.0
exp7_fixed_random_1,11989,543.9153,3.1667836,0.5184312,1.0,0.0,21.0
exp7_fixed_random_1,11990,595.3999,2.5380812,0.34983438,1.0,0.0,39.0
exp7_fixed_random_1,11991,580.2865,3.2036557,0.45043498,1.0,0.0,17.0
exp7_fixed_random_1,11992,509.3938,3.2663207,0.7472941,1.0,0.0,7.0
exp7_fixed_random_1,11993,495.95956,2.705425,0.5834307,1.0,0.0,12.0
exp7_fixed_random_1,11994,574.9231,3.2389746,0.4355288,1.0,0.0,15.0
exp7_fixed_random_1,11995,497.42517,2.6146593,0.4932314,1.0,0.0,16.0
exp7_fixed_random_1,11996,474.49826,3.5272796,0.6471893,1.0,0.0,10.0
exp7_fixed_random_1,11997,573.4143,2.6898603,0.3724706,1.0,0.0,27.0
exp7_fixed_random_1,11998,552.3083,3.1116161,0.66755277,1.0,0.0,14.0
exp7_fixed_random_1,11999,531.88855,3.186658,0.5626127,1.0,0.0,17.0
exp7_fixed_random_1,12001,557.21246,2.8459527,0.43192542,1.0,0.0,22.0
exp7_fixed_random_1,12002,648.20056,3.5844831,0.46767345,1.0,0.0,16.0
exp7_fixed_random_1,12003,480.64252,2.8179526,0.6633069,1.0,0.0,9.0
exp7_fixed_random_1,12004,635.1665,2.8212743,0.37970373,1.0,0.0,33.0
exp7_fixed_random_1,12005,586.7343,3.0085452,0.7001232,1.0,0.0,15.0
exp7_fixed_random_1,12006,644.0031,2.8221579,0.4701927,1.0,0.0,29.0
exp7_fixed_random_1,12007,589.8899,3.2988293,0.3848866,1.0,0.0,14.0
exp7_fixed_random_1,12008,563.2214,3.200976,0.57888407,1.0,0.0,22.0
exp7_fixed_random_1,12009,597.9557,3.1032448,0.66456944,1.0,0.0,22.0
exp7_fixed_random_1,12010,519.5763,2.9224386,0.46967617,1.0,0.0,13.0
exp7_fixed_random_1,12011,526.12854,2.7301323,0.46347558,1.0,0.0,16.0
exp7_fixed_random_1,12012,543.8114,2.6329424,0.5145632,1.0,0.0,15.0
exp7_fixed_random_1,12013,529.74506,4.024529,0.5555387,1.0,0.0,11.0
exp7_fixed_random_1,12014,543.7878,3.5942798,0.46641177,1.0,0.0,21.0
exp7_fixed_random_1,12015,-14.618607,2.7737603,0.34138113,0.0,1.0,28.0
exp7_fixed_random_1,12016,544.5463,3.0406036,0.5608347,1.0,0.0,18.0
exp7_fixed_random_1,12017,608.4768,3.186098,0.56905,1.0,0.0,19.0
exp7_fixed_random_1,12018,615.517,3.624232,0.41656056,1.0,0.0,14.0
exp7_fixed_random_1,12019,560.19183,2.7809799,0.53488386,1.0,0.0,15.0
exp7_fixed_random_1,12021,-109.067856,3.4595797,0.45088798,0.0,1.0,16.0
exp7_fixed_random_1,12022,679.28296,3.2538414,0.40493262,1.0,0.0,26.0
exp7_fixed_random_1,12023,638.9434,3.1253288,0.6690212,1.0,0.0,19.0
exp7_fixed_random_1,12024,540.5853,3.536323,0.7006781,1.0,0.0,16.0
exp7_fixed_random_1,12025,600.21643,3.5955844,0.679128,1.0,0.0,14.0
exp7_fixed_random_1,12026,671.379,3.1698778,0.48445463,1.0,0.0,24.0
exp7_fixed_random_1,12027,664.83105,3.5738106,0.5373683,1.0,0.0,20.0
exp7_fixed_random_1,12028,567.5431,3.5567448,0.59691507,1.0,0.0,15.0
exp7_fixed_random_1,12029,590.5821,3.2919745,0.4741162,1.0,0.0,18.0
exp7_fixed_random_1,12030,570.69574,2.965255,0.60079736,1.0,0.0,16.0
exp7_fixed_random_1,12031,-141.40924,3.9256463,0.32260484,0.0,1.0,5.0
exp7_fixed_random_1,12032,636.7303,3.531721,0.4293348,1.0,0.0,21.0
exp7_fixed_random_1,12033,602.2599,2.5567887,0.5765716,1.0,0.0,27.0
exp7_fixed_random_1,12034,598.283,3.599313,0.5206277,1.0,0.0,14.0
exp7_fixed_random_1,12035,606.96313,4.2202725,0.528121,1.0,0.0,13.0
exp7_fixed_random_1,12036,530.8054,2.3343031,0.33308503,1.0,0.0,23.0
exp7_fixed_random_1,12037,565.36743,3.0258267,0.61411566,1.0,0.0,18.0
exp7_fixed_random_1,12038,669.9138,4.17982,0.57467264,1.0,0.0,16.0
exp7_fixed_random_1,12039,619.5773,3.8293524,0.6848164,1.0,0.0,18.0
exp7_fixed_random_1,12041,491.7575,2.441353,0.39876267,1.0,0.0,23.0
exp7_fixed_random_1,12042,-118.018326,4.647615,0.57779396,0.0,1.0,5.0
exp7_fixed_random_1,12043,602.5735,4.083739,0.48360214,1.0,0.0,12.0
exp7_fixed_random_1,12044,582.12036,3.102774,0.5504738,1.0,0.0,20.0
exp7_fixed_random_1,12045,572.89514,3.2719407,0.58532184,1.0,0.0,20.0
exp7_fixed_random_1,12046,588.1191,3.8762643,0.4926284,1.0,0.0,16.0
exp7_fixed_random_1,12047,492.48834,2.8279312,0.6589502,1.0,0.0,14.0
exp7_fixed_random_1,12048,-277.63004,4.232996,0.54004467,0.0,1.0,7.0
exp7_fixed_random_1,12049,546.4119,3.000166,0.74545336,1.0,0.0,16.0
exp7_fixed_random_1,12050,624.6809,2.6234646,0.4957802,1.0,0.0,29.0
exp7_fixed_random_1,12051,541.60126,3.2071528,0.7183352,1.0,0.0,15.0
exp7_fixed_random_1,12052,581.097,2.4765315,0.41019046,1.0,0.0,37.0
exp7_fixed_random_1,12053,519.2897,2.6125224,0.7610884,1.0,0.0,17.0
exp7_fixed_random_1,12054,591.03656,3.4913027,0.41086724,1.0,0.0,16.0
exp7_fixed_random_1,12055,548.07434,2.7572615,0.52242416,1.0,0.0,14.0
exp7_fixed_random_1,12056,546.36926,2.5778778,0.54983956,1.0,0.0,19.0
exp7_fixed_random_1,12057,525.61993,4.057502,0.46286106,1.0,0.0,9.0
exp7_fixed_random_1,12058,571.3342,3.7259097,0.505847,1.0,0.0,15.0
exp7_fixed_random_1,12059,625.6822,3.9285767,0.52254677,1.0,0.0,16.0
exp7_fixed_random_1,12061,612.2787,3.5910547,0.40906072,1.0,0.0,17.0
exp7_fixed_random_1,12062,475.19656,2.605737,0.54202485,1.0,0.0,12.0
exp7_fixed_random_1,12063,496.69916,3.1984346,0.54864454,1.0,0.0,13.0
exp7_fixed_random_1,12064,-36.94229,3.5610456,0.46086377,0.0,1.0,13.0
exp7_fixed_random_1,12065,524.9014,3.026667,0.7261632,1.0,0.0,13.0
exp7_fixed_random_1,12066,490.71368,2.3228915,0.35286024,1.0,0.0,16.0
exp7_fixed_random_1,12067,527.4726,2.7569346,0.44915682,1.0,0.0,17.0
exp7_fixed_random_1,12068,621.97864,4.104161,0.34709162,1.0,0.0,13.0
exp7_fixed_random_1,12069,550.34265,3.8050983,0.4585439,1.0,0.0,13.0
exp7_fixed_random_1,12070,658.75916,3.4625425,0.49443135,1.0,0.0,21.0
exp7_fixed_random_1,12071,574.0102,3.525528,0.39697358,1.0,0.0,14.0
exp7_fixed_random_1,12072,519.9057,2.5414183,0.49321014,1.0,0.0,15.0
exp7_fixed_random_1,12073,487.85287,2.8681233,0.66260284,1.0,0.0,10.0
exp7_fixed_random_1,12074,617.5139,2.9346747,0.47559133,1.0,0.0,20.0
exp7_fixed_random_1,12075,568.312,4.0082684,0.48659053,1.0,0.0,14.0
exp7_fixed_random_1,12076,553.6226,2.5130408,0.3278951,1.0,0.0,17.0
exp7_fixed_random_1,12077,531.86316,2.741965,0.7489789,1.0,0.0,14.0
exp7_fixed_random_1,12078,502.0964,4.1159086,0.60206777,1.0,0.0,10.0
exp7_fixed_random_1,12079,623.90436,2.6744943,0.47708073,1.0,0.0,23.0
exp7_fixed_random_1,12081,575.10693,3.0699492,0.56974584,1.0,0.0,19.0
exp7_fixed_random_1,12082,606.9134,3.9785218,0.53289574,1.0,0.0,13.0
exp7_fixed_random_1,12083,539.4825,3.1049562,0.4614587,1.0,0.0,13.0
exp7_fixed_random_1,12084,550.4466,3.8696377,0.58689326,1.0,0.0,10.0
exp7_fixed_random_1,12085,586.1202,3.8386688,0.6171584,1.0,0.0,18.0
exp7_fixed_random_1,12086,546.1675,1.7702401,0.46919474,1.0,0.0,28.0
exp7_fixed_random_1,12087,530.93884,3.4094849,0.46689084,1.0,0.0,11.0
exp7_fixed_random_1,12088,548.0751,3.1899862,0.44613424,1.0,0.0,15.0
exp7_fixed_random_1,12089,514.64777,2.0196793,0.30781987,1.0,0.0,37.0
exp7_fixed_random_1,12090,591.8804,3.6846867,0.55812687,1.0,0.0,17.0
exp7_fixed_random_1,12091,621.4363,3.9234357,0.5628881,1.0,0.0,15.0
exp7_fixed_random_1,12092,526.8048,2.877095,0.6881222,1.0,0.0,14.0
exp7_fixed_random_1,12093,590.3017,3.3314896,0.5474569,1.0,0.0,19.0
exp7_fixed_random_1,12094,572.2465,3.986201,0.56176096,1.0,0.0,10.0
exp7_fixed_random_1,12095,462.30685,1.7080582,0.3834459,1.0,0.0,28.0
exp7_fixed_random_1,12096,573.59326,2.597593,0.33781147,1.0,0.0,20.0
exp7_fixed_random_1,12097,591.3147,3.7162306,0.6280056,1.0,0.0,16.0
exp7_fixed_random_1,12098,530.5061,2.3517537,0.6352033,1.0,0.0,12.0
exp7_fixed_random_1,12099,423.18817,0.90464914,0.38921046,1.0,0.0,25.0
exp7_fixed_random_1,12101,599.4895,4.268768,0.4915514,1.0,0.0,13.0
exp7_fixed_random_1,12102,570.07684,3.6224988,0.66438204,1.0,0.0,14.0
exp7_fixed_random_1,12103,545.1013,2.9555025,0.6199366,1.0,0.0,15.0
exp7_fixed_random_1,12104,599.7896,3.2905574,0.4718325,1.0,0.0,19.0
exp7_fixed_random_1,12105,527.045,4.03705,0.4117629,1.0,0.0,8.0
exp7_fixed_random_1,12106,571.71436,2.7839668,0.6348798,1.0,0.0,19.0
exp7_fixed_random_1,12107,572.3801,3.1084876,0.45277628,1.0,0.0,20.0
exp7_fixed_random_1,12108,592.1046,3.4175656,0.35436136,1.0,0.0,16.0
exp7_fixed_random_1,12109,584.75574,3.8364835,0.67184776,1.0,0.0,15.0
exp7_fixed_random_1,12110,518.45764,3.0722673,0.43755308,1.0,0.0,14.0
exp7_fixed_random_1,12111,614.7948,3.4734974,0.56397116,1.0,0.0,19.0
exp7_fixed_random_1,12112,597.40216,4.1301837,0.5637787,1.0,0.0,15.0
exp7_fixed_random_1,12113,600.222,3.662246,0.6273342,1.0,0.0,16.0
exp7_fixed_random_1,12114,-344.02145,2.8709483,0.5088202,0.0,1.0,4.0
exp7_fixed_random_1,12115,516.2752,2.645244,0.77634597,1.0,0.0,17.0
exp7_fixed_random_1,12116,553.7129,3.4529545,0.36779508,1.0,0.0,12.0
exp7_fixed_random_1,12117,545.8864,3.302062,0.3356221,1.0,0.0,12.0
exp7_fixed_random_1,12118,579.47095,3.0698977,0.5586276,1.0,0.0,17.0
exp7_fixed_random_1,12119,-95.086685,4.591069,0.58978593,0.0,1.0,8.0
exp7_fixed_random_1,12121,578.77185,2.350777,0.55525637,1.0,0.0,23.0
exp7_fixed_random_1,12122,525.99304,3.376876,0.48813596,1.0,0.0,10.0
exp7_fixed_random_1,12123,555.3031,2.8792868,0.7017498,1.0,0.0,15.0
exp7_fixed_random_1,12124,560.2174,1.940578,0.3923286,1.0,0.0,27.0
exp7_fixed_random_1,12125,596.63837,3.6411133,0.6610175,1.0,0.0,16.0
exp7_fixed_random_1,12126,-174.27927,3.0583322,0.40270677,0.0,1.0,13.0
exp7_fixed_random_1,12127,614.23364,3.0097368,0.45538664,1.0,0.0,24.0
exp7_fixed_random_1,12128,558.7856,2.5859132,0.42193457,1.0,0.0,25.0
exp7_fixed_random_1,12129,607.4025,2.8648925,0.54179126,1.0,0.0,20.0
exp7_fixed_random_1,12130,671.83105,3.4303243,0.52825755,1.0,0.0,21.0
exp7_fixed_random_1,12131,646.0385,3.4714878,0.4169312,1.0,0.0,17.0
exp7_fixed_random_1,12132,507.06335,2.9157481,0.51195586,1.0,0.0,14.0
exp7_fixed_random_1,12133,551.3974,3.3694296,0.6303305,1.0,0.0,15.0
exp7_fixed_random_1,12134,548.61487,2.0488725,0.49825895,1.0,0.0,21.0
exp7_fixed_random_1,12135,468.40662,2.6384392,0.6724542,1.0,0.0,13.0
exp7_fixed_random_1,12136,614.91174,3.4968984,0.549215,1.0,0.0,17.0
exp7_fixed_random_1,12137,551.2384,3.7448125,0.57330203,1.0,0.0,13.0
exp7_fixed_random_1,12138,607.98425,3.1956215,0.44544068,1.0,0.0,22.0
exp7_fixed_random_1,12139,512.41473,2.6407955,0.55179965,1.0,0.0,14.0
exp7_fixed_random_1,12141,603.4118,3.742487,0.54330045,1.0,0.0,16.0
exp7_fixed_random_1,12142,582.4772,3.0404005,0.6360136,1.0,0.0,19.0
exp7_fixed_random_1,12143,-140.72273,4.2596273,0.72228515,0.0,1.0,5.0
exp7_fixed_random_1,12144,492.03622,3.356633,0.61624974,1.0,0.0,7.0
exp7_fixed_random_1,12145,557.8042,2.6526515,0.39183164,1.0,0.0,27.0
exp7_fixed_random_1,12146,-291.32617,3.878315,0.78797096,0.0,1.0,7.0
exp7_fixed_random_1,12147,570.67993,3.2264504,0.48657587,1.0,0.0,14.0
exp7_fixed_random_1,12148,539.6081,3.2863755,0.62938285,1.0,0.0,15.0
exp7_fixed_random_1,12149,498.48267,1.3718746,0.5341421,1.0,0.0,32.0
exp7_fixed_random_1,12150,516.65137,3.6305122,0.712519,1.0,0.0,12.0
exp7_fixed_random_1,12151,518.3174,2.8939552,0.63933593,1.0,0.0,14.0
exp7_fixed_random_1,12152,567.38965,3.1731222,0.7011275,1.0,0.0,16.0
exp7_fixed_random_1,12153,-238.69676,3.522226,0.50943375,0.0,1.0,9.0
exp7_fixed_random_1,12154,635.70996,3.6966028,0.43959397,1.0,0.0,17.0
exp7_fixed_random_1,12155,-50.20607,4.064343,0.4743592,0.0,1.0,14.0
exp7_fixed_random_1,12156,-179.6023,3.1800053,0.37925005,0.0,1.0,18.0
exp7_fixed_random_1,12157,-63.301666,3.4710426,0.36688554,0.0,1.0,11.0
exp7_fixed_random_1,12158,523.6718,3.4138665,0.7433318,1.0,0.0,14.0
exp7_fixed_random_1,12159,511.5025,3.302673,0.53426826,1.0,0.0,14.0
exp7_fixed_random_1,12161,496.1511,2.8059714,0.57267016,1.0,0.0,11.0
exp7_fixed_random_1,12162,590.7216,2.5273182,0.48225912,1.0,0.0,18.0
exp7_fixed_random_1,12163,604.99005,4.0645227,0.57768524,1.0,0.0,14.0
exp7_fixed_random_1,12164,590.51917,3.4230363,0.5855745,1.0,0.0,16.0
exp7_fixed_random_1,12165,430.81274,1.9543134,0.42322233,1.0,0.0,16.0
exp7_fixed_random_1,12166,627.5255,3.8396075,0.5456292,1.0,0.0,14.0
exp7_fixed_random_1,12167,555.4679,1.6657861,0.5485878,1.0,0.0,27.0
exp7_fixed_random_1,12168,574.2819,3.078044,0.6455145,1.0,0.0,18.0
exp7_fixed_random_1,12169,583.0447,3.4144278,0.571107,1.0,0.0,16.0
exp7_fixed_random_1,12170,619.89,3.4486942,0.6378415,1.0,0.0,18.0
exp7_fixed_random_1,12171,600.053,4.341897,0.38191187,1.0,0.0,12.0
exp7_fixed_random_1,12172,600.9263,3.246366,0.65428764,1.0,0.0,20.0
exp7_fixed_random_1,12173,483.95428,2.273303,0.4645854,1.0,0.0,16.0
exp7_fixed_random_1,12174,618.45605,4.2214746,0.4210725,1.0,0.0,13.0
exp7_fixed_random_1,12175,573.3188,3.48384,0.5332329,1.0,0.0,12.0
exp7_fixed_random_1,12176,594.00793,3.2566478,0.43588394,1.0,0.0,18.0
exp7_fixed_random_1,12177,524.8303,3.30729,0.4376197,1.0,0.0,12.0
exp7_fixed_random_1,12178,604.1136,2.6535382,0.48285088,1.0,0.0,21.0
exp7_fixed_random_1,12179,568.6096,2.6985955,0.5049163,1.0,0.0,18.0
exp7_fixed_random_1,12181,518.5558,3.5744143,0.68821067,1.0,0.0,12.0
exp7_fixed_random_1,12182,517.5522,3.220132,0.66871774,1.0,0.0,13.0
exp7_fixed_random_1,12183,541.6698,2.0771022,0.31671408,1.0,0.0,35.0
exp7_fixed_random_1,12184,600.94666,3.0031714,0.5725541,1.0,0.0,20.0
exp7_fixed_random_1,12185,553.86127,2.7389789,0.3650289,1.0,0.0,25.0
exp7_fixed_random_1,12186,548.1343,3.2022345,0.46335098,1.0,0.0,15.0
exp7_fixed_random_1,12187,548.85834,2.3563826,0.3190622,1.0,0.0,18.0
exp7_fixed_random_1,12188,463.70715,2.8955262,0.5189435,1.0,0.0,14.0
exp7_fixed_random_1,12189,484.68607,3.319894,0.6037134,1.0,0.0,8.0
exp7_fixed_random_1,12190,559.1211,3.6173456,0.5395046,1.0,0.0,12.0
exp7_fixed_random_1,12191,583.6646,4.116,0.52298933,1.0,0.0,12.0
exp7_fixed_random_1,12192,605.6463,3.2657175,0.4722725,1.0,0.0,17.0
exp7_fixed_random_1,12193,617.0746,3.2921739,0.49207127,1.0,0.0,22.0
exp7_fixed_random_1,12194,632.0614,3.4487908,0.67016906,1.0,0.0,20.0
exp7_fixed_random_1,12195,578.9433,3.4218843,0.7231717,1.0,0.0,17.0
exp7_fixed_random_1,12196,555.53546,2.3123157,0.43016356,1.0,0.0,18.0
exp7_fixed_random_1,12197,-291.85974,3.1215365,0.52876484,0.0,1.0,13.0
exp7_fixed_random_1,12198,597.7671,2.2934234,0.26812437,1.0,0.0,26.0
exp7_fixed_random_1,12199,528.9539,1.5664958,0.68424386,1.0,0.0,22.0
exp7_fixed_random_1,12201,483.4428,2.3999882,0.40071014,1.0,0.0,11.0
exp7_fixed_random_1,12202,520.91144,1.934338,0.33955836,1.0,0.0,19.0
exp7_fixed_random_1,12203,561.0315,2.6865933,0.38418895,1.0,0.0,32.0
exp7_fixed_random_1,12204,490.312,1.202741,0.33972758,1.0,0.0,35.0
exp7_fixed_random_1,12205,479.42535,1.2402625,0.2784276,1.0,0.0,30.0
exp7_fixed_random_1,12206,533.33386,2.1193945,0.44979766,1.0,0.0,22.0
exp7_fixed_random_1,12207,561.1269,3.051727,0.51451105,1.0,0.0,15.0
exp7_fixed_random_1,12208,473.27728,1.8423954,0.29715434,1.0,0.0,19.0
exp7_fixed_random_1,12209,507.68466,2.5427735,0.6450681,1.0,0.0,16.0
exp7_fixed_random_1,12210,-209.75145,3.410861,0.57420874,0.0,1.0,12.0
exp7_fixed_random_1,12211,634.63007,2.9327164,0.52023745,1.0,0.0,23.0
exp7_fixed_random_1,12212,618.16833,3.4234493,0.52176565,1.0,0.0,23.0
exp7_fixed_random_1,12213,561.38293,3.1975777,0.5798802,1.0,0.0,18.0
exp7_fixed_random_1,12214,556.64923,2.920022,0.36824745,1.0,0.0,17.0
exp7_fixed_random_1,12215,474.14737,0.7660764,0.21423073,1.0,0.0,39.0
exp7_fixed_random_1,12216,586.51385,3.441097,0.6178415,1.0,0.0,19.0
exp7_fixed_random_1,12217,551.9644,2.244744,0.29337758,1.0,0.0,22.0
exp7_fixed_random_1,12218,667.2112,4.2613835,0.44806686,1.0,0.0,15.0
exp7_fixed_random_1,12219,511.12625,2.5217457,0.480634,1.0,0.0,11.0
exp7_fixed_random_1,12221,476.27768,2.437102,0.70905083,1.0,0.0,12.0
exp7_fixed_random_1,12222,-73.34476,2.8222816,0.3676026,0.0,1.0,25.0
exp7_fixed_random_1,12223,520.3291,2.2450314,0.38743415,1.0,0.0,12.0
exp7_fixed_random_1,12224,545.1736,3.7718394,0.5521114,1.0,0.0,13.0
exp7_fixed_random_1,12225,564.5189,4.345147,0.5382409,1.0,0.0,10.0
exp7_fixed_random_1,12226,552.1848,3.8679764,0.53846467,1.0,0.0,11.0
exp7_fixed_random_1,12227,-118.055786,4.069984,0.6433725,0.0,1.0,9.0
exp7_fixed_random_1,12228,555.8064,1.7752558,0.5056382,1.0,0.0,26.0
exp7_fixed_random_1,12229,530.9957,3.0577178,0.65131927,1.0,0.0,17.0
exp7_fixed_random_1,12230,536.9329,3.3006506,0.48225573,1.0,0.0,11.0
exp7_fixed_random_1,12231,557.69025,3.2240114,0.52406,1.0,0.0,18.0
exp7_fixed_random_1,12232,594.42706,3.6155705,0.3474867,1.0,0.0,14.0
exp7_fixed_random_1,12233,471.79758,3.0786893,0.55441624,1.0,0.0,8.0
exp7_fixed_random_1,12234,536.769,3.0291102,0.7385872,1.0,0.0,19.0
exp7_fixed_random_1,12235,576.7533,2.223811,0.41581807,1.0,0.0,20.0
exp7_fixed_random_1,12236,606.886,3.980826,0.5315323,1.0,0.0,13.0
exp7_fixed_random_1,12237,536.0939,2.4744346,0.43711954,1.0,0.0,19.0
exp7_fixed_random_1,12238,574.1077,2.9608047,0.42267105,1.0,0.0,22.0
exp7_fixed_random_1,12239,562.6305,3.50262,0.59359497,1.0,0.0,11.0
exp7_fixed_random_1,12241,569.7726,3.8023732,0.56044984,1.0,0.0,12.0
exp7_fixed_random_1,12242,510.286,2.8354762,0.41767296,1.0,0.0,12.0
exp7_fixed_random_1,12243,621.0666,3.3370242,0.36300173,1.0,0.0,21.0
exp7_fixed_random_1,12244,642.7335,3.4466286,0.53322285,1.0,0.0,15.0
exp7_fixed_random_1,12245,588.3814,2.836471,0.4604098,1.0,0.0,18.0
exp7_fixed_random_1,12246,493.6795,2.9717977,0.4753573,1.0,0.0,8.0
exp7_fixed_random_1,12247,506.62128,2.8031604,0.48872566,1.0,0.0,13.0
exp7_fixed_random_1,12248,543.4086,2.1156232,0.30990133,1.0,0.0,44.0
exp7_fixed_random_1,12249,573.663,2.7036152,0.4852744,1.0,0.0,20.0
exp7_fixed_random_1,12250,580.2431,4.032096,0.4319264,1.0,0.0,13.0
exp7_fixed_random_1,12251,660.1424,3.3036563,0.45320794,1.0,0.0,24.0
exp7_fixed_random_1,12252,605.35205,3.564248,0.6305082,1.0,0.0,16.0
exp7_fixed_random_1,12253,591.36707,3.1905735,0.5649401,1.0,0.0,18.0
exp7_fixed_random_1,12254,678.6725,4.259288,0.4856743,1.0,0.0,17.0
exp7_fixed_random_1,12255,638.03296,3.1399682,0.43891087,1.0,0.0,19.0
exp7_fixed_random_1,12256,510.42285,3.66494,0.56523633,1.0,0.0,11.0
exp7_fixed_random_1,12257,577.0314,2.8602333,0.65319186,1.0,0.0,21.0
exp7_fixed_random_1,12258,621.90515,3.824826,0.4653941,1.0,0.0,16.0
exp7_fixed_random_1,12259,496.70508,3.9327445,0.6197492,1.0,0.0,10.0
exp7_fixed_random_1,12261,649.29944,3.598804,0.590767,1.0,0.0,18.0
exp7_fixed_random_1,12262,482.5373,1.8219867,0.8221034,1.0,0.0,16.0
exp7_fixed_random_1,12263,596.1358,3.0769122,0.5743342,1.0,0.0,17.0
exp7_fixed_random_1,12264,-174.10605,3.6874106,0.48511776,0.0,1.0,15.0
exp7_fixed_random_1,12265,510.89703,2.8862734,0.59170794,1.0,0.0,13.0
exp7_fixed_random_1,12266,556.84766,1.9994717,0.43305877,1.0,0.0,26.0
exp7_fixed_random_1,12267,587.4811,3.4692519,0.51614296,1.0,0.0,19.0
exp7_fixed_random_1,12268,603.66205,3.4984865,0.37702096,1.0,0.0,17.0
exp7_fixed_random_1,12269,530.8905,2.7529693,0.58286905,1.0,0.0,16.0
exp7_fixed_random_1,12270,537.57947,3.0432162,0.6164544,1.0,0.0,15.0
exp7_fixed_random_1,12271,583.91675,3.409169,0.50663686,1.0,0.0,15.0
exp7_fixed_random_1,12272,598.2074,2.8795345,0.41574416,1.0,0.0,24.0
exp7_fixed_random_1,12273,649.72974,3.9127123,0.4987864,1.0,0.0,16.0
exp7_fixed_random_1,12274,473.56952,2.4289596,0.6480388,1.0,0.0,12.0
exp7_fixed_random_1,12275,552.29236,2.1151178,0.3498911,1.0,0.0,39.0
exp7_fixed_random_1,12276,606.06104,3.0634425,0.36882055,1.0,0.0,21.0
exp7_fixed_random_1,12277,558.89557,3.2870607,0.43962097,1.0,0.0,18.0
exp7_fixed_random_1,12278,511.19318,3.396039,0.6557987,1.0,0.0,8.0
exp7_fixed_random_1,12279,493.864,2.8459663,0.43519023,1.0,0.0,11.0
exp7_fixed_random_1,12281,593.38916,3.2140472,0.45397195,1.0,0.0,20.0
exp7_fixed_random_1,12282,533.1809,2.7627742,0.5118042,1.0,0.0,20.0
exp7_fixed_random_1,12283,594.96533,2.7789726,0.36049283,1.0,0.0,18.0
exp7_fixed_random_1,12284,615.32874,3.2316027,0.6611398,1.0,0.0,21.0
exp7_fixed_random_1,12285,557.34784,3.67218,0.6142529,1.0,0.0,14.0
exp7_fixed_random_1,12286,505.76337,2.961072,0.69075125,1.0,0.0,18.0
exp7_fixed_random_1,12287,504.80176,1.8754132,0.89515096,1.0,0.0,38.0
exp7_fixed_random_1,12288,557.5948,2.77335,0.5940018,1.0,0.0,22.0
exp7_fixed_random_1,12289,601.5669,3.8136694,0.6243111,1.0,0.0,15.0
exp7_fixed_random_1,12290,-235.33322,4.538647,0.5499104,0.0,1.0,10.0
exp7_fixed_random_1,12291,521.5978,3.6180778,0.5446031,1.0,0.0,11.0
exp7_fixed_random_1,12292,584.0448,3.6092415,0.5563204,1.0,0.0,20.0
exp7_fixed_random_1,12293,695.01807,3.4586701,0.3711207,1.0,0.0,21.0
exp7_fixed_random_1,12294,660.76306,3.7001448,0.5219261,1.0,0.0,19.0
exp7_fixed_random_1,12295,472.86102,2.869257,0.5919041,1.0,0.0,12.0
exp7_fixed_random_1,12296,628.67883,4.358998,0.53982246,1.0,0.0,14.0
exp7_fixed_random_1,12297,585.8632,3.3353713,0.6176447,1.0,0.0,18.0
exp7_fixed_random_1,12298,569.27496,3.3771045,0.6320651,1.0,0.0,18.0
exp7_fixed_random_1,12299,474.99414,1.9958344,0.404526,1.0,0.0,21.0
exp7_fixed_random_1,12301,591.49384,3.266484,0.44687447,1.0,0.0,25.0
exp7_fixed_random_1,12302,569.2457,2.5687313,0.66314834,1.0,0.0,22.0
exp7_fixed_random_1,12303,511.01395,2.790218,0.315304,1.0,0.0,16.0
exp7_fixed_random_1,12304,597.6282,2.609912,0.43785253,1.0,0.0,26.0
exp7_fixed_random_1,12305,647.6008,3.733426,0.49451277,1.0,0.0,18.0
exp7_fixed_random_1,12306,589.5083,3.2674608,0.65224916,1.0,0.0,17.0
exp7_fixed_random_1,12307,563.39996,3.4372058,0.56668925,1.0,0.0,16.0
exp7_fixed_random_1,12308,485.22,3.62114,0.58246547,1.0,0.0,13.0
exp7_fixed_random_1,12309,654.56537,3.7358851,0.5486136,1.0,0.0,20.0
exp7_fixed_random_1,12310,575.55774,2.8294284,0.39410785,1.0,0.0,18.0
exp7_fixed_random_1,12311,541.81177,3.108284,0.3944053,1.0,0.0,17.0
exp7_fixed_random_1,12312,548.17053,2.2023594,0.37148333,1.0,0.0,18.0
exp7_fixed_random_1,12313,630.04755,4.264692,0.47235382,1.0,0.0,15.0
exp7_fixed_random_1,12314,569.44727,3.2703648,0.57699174,1.0,0.0,18.0
exp7_fixed_random_1,12315,436.8117,1.7292559,0.4888162,1.0,0.0,19.0
exp7_fixed_random_1,12316,558.44696,3.0209925,0.6303356,1.0,0.0,19.0
exp7_fixed_random_1,12317,-165.71326,3.7941525,0.6610973,0.0,1.0,4.0
exp7_fixed_random_1,12318,552.33374,3.2483802,0.3938674,1.0,0.0,11.0
exp7_fixed_random_1,12319,599.8565,3.4687564,0.4150766,1.0,0.0,17.0
exp7_fixed_random_1,12321,632.0906,3.3949273,0.6365817,1.0,0.0,17.0
exp7_fixed_random_1,12322,497.07788,2.39112,0.5403144,1.0,0.0,19.0
exp7_fixed_random_1,12323,-218.05626,4.116913,0.38353598,0.0,1.0,11.0
exp7_fixed_random_1,12324,604.3066,4.3459196,0.53075767,1.0,0.0,11.0
exp7_fixed_random_1,12325,575.1152,2.92092,0.53756577,1.0,0.0,15.0
exp7_fixed_random_1,12326,512.57245,4.571487,0.7518205,1.0,0.0,6.0
exp7_fixed_random_1,12327,625.8794,3.211588,0.6310102,1.0,0.0,18.0
exp7_fixed_random_1,12328,509.6545,3.1959534,0.61755645,1.0,0.0,12.0
exp7_fixed_random_1,12329,658.9682,3.8650825,0.4296846,1.0,0.0,15.0
exp7_fixed_random_1,12330,539.8699,3.2526,0.7474386,1.0,0.0,11.0
exp7_fixed_random_1,12331,530.27203,3.3467422,0.77182996,1.0,0.0,18.0
exp7_fixed_random_1,12332,542.9312,2.9196432,0.5920449,1.0,0.0,17.0
exp7_fixed_random_1,12333,543.3246,3.1957564,0.71264064,1.0,0.0,14.0
exp7_fixed_random_1,12334,489.28442,2.0625494,0.4383172,1.0,0.0,22.0
exp7_fixed_random_1,12335,-46.273865,3.950308,0.5728942,0.0,1.0,15.0
exp7_fixed_random_1,12336,544.9103,3.6112275,0.6900427,1.0,0.0,15.0
exp7_fixed_random_1,12337,-192.90677,3.8305173,0.47318637,0.0,1.0,18.0
exp7_fixed_random_1,12338,624.35065,3.951449,0.5726979,1.0,0.0,15.0
exp7_fixed_random_1,12339,511.663,3.9933615,0.42369378,1.0,0.0,8.0
exp7_fixed_random_1,12341,608.2269,3.3221056,0.4749105,1.0,0.0,16.0
exp7_fixed_random_1,12342,453.4195,2.0275862,0.68715155,1.0,0.0,18.0
exp7_fixed_random_1,12343,418.8744,1.3281878,0.34268108,1.0,0.0,28.0
exp7_fixed_random_1,12344,535.513,2.087339,0.25751156,1.0,0.0,15.0
exp7_fixed_random_1,12345,579.6162,2.920638,0.5193972,1.0,0.0,22.0
exp7_fixed_random_1,12346,621.442,3.4975533,0.69670695,1.0,0.0,18.0
exp7_fixed_random_1,12347,-218.7419,4.047531,0.61405474,0.0,1.0,12.0
exp7_fixed_random_1,12348,608.9716,4.1805353,0.5405191,1.0,0.0,14.0
exp7_fixed_random_1,12349,480.3014,3.6653123,0.4825023,1.0,0.0,7.0
exp7_fixed_random_1,12350,570.09467,2.8745146,0.64388704,1.0,0.0,16.0
exp7_fixed_random_1,12351,546.6554,2.0517797,0.33526015,1.0,0.0,22.0
exp7_fixed_random_1,12352,557.032,2.804219,0.39581552,1.0,0.0,18.0
exp7_fixed_random_1,12353,577.9403,3.803189,0.39490268,1.0,0.0,11.0
exp7_fixed_random_1,12354,-254.80972,2.3977735,0.4077004,0.0,1.0,16.0
exp7_fixed_random_1,12355,566.13257,3.611115,0.50050306,1.0,0.0,16.0
exp7_fixed_random_1,12356,577.55676,3.2395937,0.39515963,1.0,0.0,15.0
exp7_fixed_random_1,12357,519.82104,3.2117465,0.4432373,1.0,0.0,13.0
exp7_fixed_random_1,12358,546.72644,4.016225,0.45557043,1.0,0.0,7.0
exp7_fixed_random_1,12359,511.27463,3.669463,0.5773913,1.0,0.0,12.0
exp7_fixed_random_1,12361,612.0248,3.6733294,0.47911394,1.0,0.0,16.0
exp7_fixed_random_1,12362,511.52652,2.231987,0.5637882,1.0,0.0,20.0
exp7_fixed_random_1,12363,534.78925,3.091095,0.62538517,1.0,0.0,13.0
exp7_fixed_random_1,12364,580.5393,3.5892162,0.56018496,1.0,0.0,14.0
exp7_fixed_random_1,12365,603.5831,4.0797935,0.44880244,1.0,0.0,13.0
exp7_fixed_random_1,12366,602.4245,3.9393137,0.4988919,1.0,0.0,15.0
exp7_fixed_random_1,12367,613.1354,2.9651124,0.4323002,1.0,0.0,24.0
exp7_fixed_random_1,12368,550.8572,3.1520982,0.69942814,1.0,0.0,15.0
exp7_fixed_random_1,12369,648.9481,3.649506,0.49712908,1.0,0.0,18.0
exp7_fixed_random_1,12370,-100.37169,3.8935897,0.31761494,0.0,1.0,8.0
exp7_fixed_random_1,12371,562.8619,2.9986284,0.60826415,1.0,0.0,19.0
exp7_fixed_random_1,12372,701.3056,3.944409,0.44933462,1.0,0.0,20.0
exp7_fixed_random_1,12373,484.0014,2.9714832,0.60086226,1.0,0.0,9.0
exp7_fixed_random_1,12374,-235.68225,4.2289076,0.41577068,0.0,1.0,7.0
exp7_fixed_random_1,12375,503.18463,3.3924577,0.7086335,1.0,0.0,11.0
exp7_fixed_random_1,12376,503.35193,2.2586098,0.6110888,1.0,0.0,22.0
exp7_fixed_random_1,12377,577.57275,3.6982577,0.4908101,1.0,0.0,14.0
exp7_fixed_random_1,12378,546.8852,2.004277,0.3528831,1.0,0.0,24.0
exp7_fixed_random_1,12379,-143.66994,3.9513319,0.5610717,0.0,1.0,6.0
exp7_fixed_random_1,12381,529.49176,2.2577326,0.64460236,1.0,0.0,24.0
exp7_fixed_random_1,12382,557.8728,4.0009413,0.3848924,1.0,0.0,10.0
exp7_fixed_random_1,12383,523.79694,2.9055183,0.6759453,1.0,0.0,15.0
exp7_fixed_random_1,12384,-233.64774,3.3209481,0.43636334,0.0,1.0,11.0
exp7_fixed_random_1,12385,608.00006,3.389743,0.49200198,1.0,0.0,23.0
exp7_fixed_random_1,12386,588.9678,2.9760144,0.5659008,1.0,0.0,14.0
exp7_fixed_random_1,12387,532.98035,2.8980641,0.6330513,1.0,0.0,14.0
exp7_fixed_random_1,12388,568.0855,3.1554825,0.44321355,1.0,0.0,14.0
exp7_fixed_random_1,12389,565.2666,3.8274732,0.56427306,1.0,0.0,15.0
exp7_fixed_random_1,12390,555.24304,3.8430018,0.57429916,1.0,0.0,13.0
exp7_fixed_random_1,12391,572.6085,3.449012,0.66774654,1.0,0.0,16.0
exp7_fixed_random_1,12392,532.0692,3.1175013,0.476434,1.0,0.0,12.0
exp7_fixed_random_1,12393,588.87317,3.9303005,0.65507525,1.0,0.0,14.0
exp7_fixed_random_1,12394,498.09412,4.297182,0.60531807,1.0,0.0,11.0
exp7_fixed_random_1,12395,535.15375,3.4174497,0.69105476,1.0,0.0,12.0
exp7_fixed_random_1,12396,642.3492,3.8990593,0.6521226,1.0,0.0,13.0
exp7_fixed_random_1,12397,526.43176,3.2508526,0.5630421,1.0,0.0,16.0
exp7_fixed_random_1,12398,626.67596,3.2101212,0.4543703,1.0,0.0,22.0
exp7_fixed_random_1,12399,620.46454,2.2345169,0.55965745,1.0,0.0,32.0
exp7_fixed_random_1,12401,636.31335,4.1529946,0.5561746,1.0,0.0,14.0
exp7_fixed_random_1,12402,594.25146,3.4408538,0.49969602,1.0,0.0,19.0
exp7_fixed_random_1,12403,572.48926,4.377316,0.5725229,1.0,0.0,12.0
exp7_fixed_random_1,12404,551.3988,2.3121755,0.35877547,1.0,0.0,28.0
exp7_fixed_random_1,12405,519.02545,3.3621619,0.631682,1.0,0.0,11.0
exp7_fixed_random_1,12406,508.4205,4.146536,0.5487159,1.0,0.0,10.0
exp7_fixed_random_1,12407,613.9064,4.284811,0.58438617,1.0,0.0,12.0
exp7_fixed_random_1,12408,538.4605,2.543354,0.5451845,1.0,0.0,16.0
exp7_fixed_random_1,12409,587.6801,2.453935,0.4503419,1.0,0.0,24.0
exp7_fixed_random_1,12410,497.58975,2.1193724,0.6414178,1.0,0.0,17.0
exp7_fixed_random_1,12411,505.30377,3.219313,0.49641404,1.0,0.0,9.0
exp7_fixed_random_1,12412,519.4313,1.5456886,0.24416292,1.0,0.0,21.0
exp7_fixed_random_1,12413,549.068,4.210711,0.50815636,1.0,0.0,9.0
exp7_fixed_random_1,12414,608.4392,3.2356405,0.5856246,1.0,0.0,18.0
exp7_fixed_random_1,12415,644.26086,3.742249,0.45754746,1.0,0.0,18.0
exp7_fixed_random_1,12416,601.4816,3.6186795,0.45739704,1.0,0.0,18.0
exp7_fixed_random_1,12417,513.01526,2.0282063,0.33670405,1.0,0.0,24.0
exp7_fixed_random_1,12418,-222.44489,3.5893438,0.52907246,0.0,1.0,14.0
exp7_fixed_random_1,12419,602.104,2.9575026,0.5457844,1.0,0.0,19.0
exp7_fixed_random_1,12421,586.2759,2.8157728,0.48323748,1.0,0.0,23.0
exp7_fixed_random_1,12422,534.5237,3.7138546,0.5148059,1.0,0.0,14.0
exp7_fixed_random_1,12423,564.6184,3.1922317,0.5218427,1.0,0.0,13.0
exp7_fixed_random_1,12424,496.8731,2.0640938,0.7472908,1.0,0.0,20.0
exp7_fixed_random_1,12425,542.0886,3.7586293,0.5061438,1.0,0.0,13.0
exp7_fixed_random_1,12426,573.6461,2.8935127,0.27868673,1.0,0.0,16.0
exp7_fixed_random_1,12427,560.69977,3.2812493,0.4870263,1.0,0.0,15.0
exp7_fixed_random_1,12428,-242.6185,3.7624633,0.5662078,0.0,1.0,7.0
exp7_fixed_random_1,12429,599.4878,3.6780777,0.37000862,1.0,0.0,15.0
exp7_fixed_random_1,12430,566.0082,4.7502766,0.63170874,1.0,0.0,13.0
exp7_fixed_random_1,12431,628.6201,3.1697803,0.42759207,1.0,0.0,19.0
exp7_fixed_random_1,12432,524.7704,3.4015093,0.47091272,1.0,0.0,9.0
exp7_fixed_random_1,12433,469.71204,2.3923466,0.7454662,1.0,0.0,14.0
exp7_fixed_random_1,12434,537.8502,3.020262,0.70958364,1.0,0.0,13.0
exp7_fixed_random_1,12435,674.53644,4.0699005,0.56857604,1.0,0.0,18.0
exp7_fixed_random_1,12436,605.7103,3.6018646,0.5224953,1.0,0.0,12.0
exp7_fixed_random_1,12437,-94.83946,3.8217716,0.4052834,0.0,1.0,8.0
exp7_fixed_random_1,12438,583.6783,3.9184198,0.6558316,1.0,0.0,16.0
exp7_fixed_random_1,12439,-191.7875,4.006373,0.32054922,0.0,1.0,10.0
exp7_fixed_random_1,12441,527.94586,3.5939896,0.6308545,1.0,0.0,14.0
exp7_fixed_random_1,12442,594.55347,4.3136754,0.4244046,1.0,0.0,13.0
exp7_fixed_random_1,12443,629.0594,3.7935646,0.5149887,1.0,0.0,19.0
exp7_fixed_random_1,12444,521.579,3.4898517,0.6848484,1.0,0.0,14.0
exp7_fixed_random_1,12445,585.313,2.6967962,0.46351418,1.0,0.0,18.0
exp7_fixed_random_1,12446,589.9264,3.1723454,0.59014255,1.0,0.0,21.0
exp7_fixed_random_1,12447,-232.3662,3.040265,0.30915827,0.0,1.0,13.0
exp7_fixed_random_1,12448,563.02545,3.6647336,0.70819014,1.0,0.0,12.0
exp7_fixed_random_1,12449,546.119,3.4924815,0.5539925,1.0,0.0,13.0
exp7_fixed_random_1,12450,602.76135,3.5717945,0.51980335,1.0,0.0,17.0
exp7_fixed_random_1,12451,584.20703,4.188794,0.5293509,1.0,0.0,14.0
exp7_fixed_random_1,12452,639.48016,3.684059,0.5141904,1.0,0.0,16.0
exp7_fixed_random_1,12453,554.86255,3.4640164,0.53363603,1.0,0.0,9.0
exp7_fixed_random_1,12454,-212.9933,3.4548273,0.49761602,0.0,1.0,12.0
exp7_fixed_random_1,12455,604.4496,3.2690423,0.4528069,1.0,0.0,18.0
exp7_fixed_random_1,12456,569.08606,3.627907,0.52139616,1.0,0.0,14.0
exp7_fixed_random_1,12457,490.11234,3.9804277,0.66589814,1.0,0.0,9.0
exp7_fixed_random_1,12458,680.8042,4.4012256,0.43225536,1.0,0.0,16.0
exp7_fixed_random_1,12459,581.6114,3.7334719,0.56385934,1.0,0.0,15.0
exp7_fixed_random_1,12461,610.07166,3.2844148,0.58289516,1.0,0.0,15.0
exp7_fixed_random_1,12462,553.04645,4.5916014,0.48066974,1.0,0.0,10.0
exp7_fixed_random_1,12463,592.6134,2.9218695,0.71423316,1.0,0.0,18.0
exp7_fixed_random_1,12464,-179.73332,4.097882,0.7301686,0.0,1.0,3.0
exp7_fixed_random_1,12465,511.83212,2.5966842,0.38138807,1.0,0.0,19.0
exp7_fixed_random_1,12466,489.32858,3.3940072,0.70543563,1.0,0.0,10.0
exp7_fixed_random_1,12467,515.1392,3.7478647,0.52333266,1.0,0.0,11.0
exp7_fixed_random_1,12468,697.34595,3.6519818,0.35764396,1.0,0.0,21.0
exp7_fixed_random_1,12469,587.6841,1.6049652,0.41496846,1.0,0.0,29.0
exp7_fixed_random_1,12470,613.86566,2.777161,0.5150465,1.0,0.0,15.0
exp7_fixed_random_1,12471,553.5412,3.4892898,0.5210902,1.0,0.0,16.0
exp7_fixed_random_1,12472,561.07544,2.512523,0.5895123,1.0,0.0,15.0
exp7_fixed_random_1,12473,655.98926,3.881902,0.55006546,1.0,0.0,17.0
exp7_fixed_random_1,12474,579.1992,2.8473613,0.48130178,1.0,0.0,20.0
exp7_fixed_random_1,12475,612.8397,3.287257,0.44139054,1.0,0.0,19.0
exp7_fixed_random_1,12476,558.26526,2.485952,0.40683123,1.0,0.0,21.0
exp7_fixed_random_1,12477,608.31323,2.492514,0.35420513,1.0,0.0,24.0
exp7_fixed_random_1,12478,600.89105,3.53287,0.49192664,1.0,0.0,17.0
exp7_fixed_random_1,12479,600.001,3.3800373,0.6479358,1.0,0.0,17.0
exp7_fixed_random_1,12481,556.31055,3.910884,0.43404552,1.0,0.0,11.0
exp7_fixed_random_1,12482,507.0528,2.007309,0.22203055,1.0,0.0,22.0
exp7_fixed_random_1,12483,507.4054,3.6625676,0.6983441,1.0,0.0,13.0
exp7_fixed_random_1,12484,602.726,3.1593273,0.6220607,1.0,0.0,18.0
exp7_fixed_random_1,12485,515.9189,2.520665,0.31808746,1.0,0.0,25.0
exp7_fixed_random_1,12486,577.2638,4.0449686,0.56751233,1.0,0.0,14.0
exp7_fixed_random_1,12487,541.1335,2.917244,0.70809513,1.0,0.0,12.0
exp7_fixed_random_1,12488,-307.7172,4.608242,0.45766446,0.0,1.0,4.0
exp7_fixed_random_1,12489,503.46844,2.8162646,0.59856755,1.0,0.0,18.0
exp7_fixed_random_1,12490,553.59326,2.9975176,0.29590878,1.0,0.0,12.0
exp7_fixed_random_1,12491,656.25244,3.9388654,0.5239484,1.0,0.0,15.0
exp7_fixed_random_1,12492,548.2149,3.165361,0.4871076,1.0,0.0,10.0
exp7_fixed_random_1,12493,498.00717,3.8956401,0.32183278,1.0,0.0,9.0
exp7_fixed_random_1,12494,611.8191,3.2006502,0.7155604,1.0,0.0,22.0
exp7_fixed_random_1,12495,-77.6924,3.7621622,0.47400215,0.0,1.0,12.0
exp7_fixed_random_1,12496,580.0873,3.4199061,0.6616199,1.0,0.0,18.0
exp7_fixed_random_1,12497,597.5602,2.8705645,0.5156809,1.0,0.0,26.0
exp7_fixed_random_1,12498,625.9746,3.6731665,0.44999626,1.0,0.0,18.0
exp7_fixed_random_1,12499,623.047,3.6098728,0.5490371,1.0,0.0,17.0
exp7_fixed_random_1,12501,568.9995,3.466965,0.5682915,1.0,0.0,12.0
exp7_fixed_random_1,12502,585.41125,2.9001606,0.52698696,1.0,0.0,21.0
exp7_fixed_random_1,12503,497.58484,1.5428271,0.45159358,1.0,0.0,20.0
exp7_fixed_random_1,12504,633.9706,1.7128375,0.37378627,1.0,0.0,37.0
exp7_fixed_random_1,12505,593.8878,3.8316376,0.5490238,1.0,0.0,16.0
exp7_fixed_random_1,12506,441.23956,1.2729322,0.40148094,1.0,0.0,42.0
exp7_fixed_random_1,12507,587.934,2.9723876,0.5750083,1.0,0.0,15.0
exp7_fixed_random_1,12508,518.7135,3.8651745,0.35715866,1.0,0.0,7.0
exp7_fixed_random_1,12509,569.6614,3.097436,0.4406582,1.0,0.0,12.0
exp7_fixed_random_1,12510,595.47705,3.2214491,0.37749037,1.0,0.0,15.0
exp7_fixed_random_1,12511,603.6407,3.2291155,0.64985144,1.0,0.0,18.0
exp7_fixed_random_1,12512,591.70404,3.3268862,0.52172136,1.0,0.0,16.0
exp7_fixed_random_1,12513,585.10706,2.8134596,0.74584585,1.0,0.0,23.0
exp7_fixed_random_1,12514,538.60376,2.967037,0.52876633,1.0,0.0,13.0
exp7_fixed_random_1,12515,526.74365,3.0777566,0.63598496,1.0,0.0,22.0
exp7_fixed_random_1,12516,584.09314,3.4787629,0.39622378,1.0,0.0,17.0
exp7_fixed_random_1,12517,629.01044,3.0451956,0.5446405,1.0,0.0,19.0
exp7_fixed_random_1,12518,575.8445,3.2513578,0.6113977,1.0,0.0,16.0
exp7_fixed_random_1,12519,574.70654,2.8565476,0.57946396,1.0,0.0,19.0
exp7_fixed_random_1,12521,553.44556,4.0225453,0.6405518,1.0,0.0,13.0
exp7_fixed_random_1,12522,675.66943,4.127538,0.5327408,1.0,0.0,17.0
exp7_fixed_random_1,12523,517.9217,2.8354182,0.41761097,1.0,0.0,10.0
exp7_fixed_random_1,12524,446.4779,1.3650503,0.43995997,1.0,0.0,24.0
exp7_fixed_random_1,12525,634.5286,3.3669174,0.4622445,1.0,0.0,18.0
exp7_fixed_random_1,12526,561.49286,3.1251338,0.67107975,1.0,0.0,15.0
exp7_fixed_random_1,12527,588.44495,3.7244804,0.5069549,1.0,0.0,11.0
exp7_fixed_random_1,12528,589.6984,3.4320767,0.6154784,1.0,0.0,14.0
exp7_fixed_random_1,12529,590.07043,3.491306,0.51397073,1.0,0.0,15.0
exp7_fixed_random_1,12530,617.9258,2.2787888,0.44089684,1.0,0.0,30.0
exp7_fixed_random_1,12531,593.8094,3.3165948,0.51748425,1.0,0.0,15.0
exp7_fixed_random_1,12532,525.7349,2.5673103,0.50924784,1.0,0.0,12.0
exp7_fixed_random_1,12533,518.2294,3.12236,0.65698713,1.0,0.0,13.0
exp7_fixed_random_1,12534,673.3163,3.3794656,0.5728254,1.0,0.0,19.0
exp7_fixed_random_1,12535,512.68146,2.8935633,0.37387264,1.0,0.0,11.0
exp7_fixed_random_1,12536,523.57684,2.902039,0.43106136,1.0,0.0,10.0
exp7_fixed_random_1,12537,497.79523,3.5595436,0.53626066,1.0,0.0,11.0
exp7_fixed_random_1,12538,579.0806,2.7834086,0.573895,1.0,0.0,18.0
exp7_fixed_random_1,12539,488.2404,3.908242,0.6285569,1.0,0.0,6.0
exp7_fixed_random_1,12541,409.3416,1.0132477,0.32287946,1.0,0.0,40.0
exp7_fixed_random_1,12542,515.18634,2.7946389,0.55454236,1.0,0.0,12.0
exp7_fixed_random_1,12543,581.99475,3.5259058,0.60297203,1.0,0.0,15.0
exp7_fixed_random_1,12544,510.25262,2.5990007,0.45422664,1.0,0.0,18.0
exp7_fixed_random_1,12545,489.80737,2.6354756,0.52358544,1.0,0.0,9.0
exp7_fixed_random_1,12546,498.77893,2.153935,0.7124589,1.0,0.0,13.0
exp7_fixed_random_1,12547,546.1759,1.780641,0.42055187,1.0,0.0,29.0
exp7_fixed_random_1,12548,517.7926,2.7347112,0.52844507,1.0,0.0,21.0
exp7_fixed_random_1,12549,584.77734,3.2604628,0.5367607,1.0,0.0,18.0
exp7_fixed_random_1,12550,-279.80087,4.410483,0.45744696,0.0,1.0,6.0
exp7_fixed_random_1,12551,474.52283,2.4463503,0.81946796,1.0,0.0,24.0
exp7_fixed_random_1,12552,592.5228,3.50884,0.56763935,1.0,0.0,18.0
exp7_fixed_random_1,12553,546.5832,4.5572834,0.521896,1.0,0.0,11.0
exp7_fixed_random_1,12554,-115.14602,4.135743,0.58635914,0.0,1.0,7.0
exp7_fixed_random_1,12555,534.53906,3.6426399,0.5281711,1.0,0.0,11.0
exp7_fixed_random_1,12556,-41.92105,2.8567636,0.5228459,0.0,1.0,15.0
exp7_fixed_random_1,12557,530.0797,2.5377445,0.737497,1.0,0.0,20.0
exp7_fixed_random_1,12558,503.99243,2.9150634,0.41616803,1.0,0.0,10.0
exp7_fixed_random_1,12559,486.26675,3.2732975,0.6652972,1.0,0.0,12.0
exp7_fixed_random_1,12561,536.1023,2.7146244,0.59795046,1.0,0.0,17.0
exp7_fixed_random_1,12562,520.76666,2.7182186,0.58090746,1.0,0.0,15.0
exp7_fixed_random_1,12563,561.9633,2.061276,0.7140808,1.0,0.0,28.0
exp7_fixed_random_1,12564,564.98285,2.0538611,0.6315676,1.0,0.0,33.0
exp7_fixed_random_1,12565,589.7104,2.0646975,0.5103685,1.0,0.0,24.0
exp7_fixed_random_1,12566,574.24207,3.1931765,0.40575248,1.0,0.0,15.0
exp7_fixed_random_1,12567,567.91486,2.579171,0.40281844,1.0,0.0,24.0
exp7_fixed_random_1,12568,-321.18756,3.6964867,0.31699005,0.0,1.0,3.0
exp7_fixed_random_1,12569,528.638,3.664811,0.664879,1.0,0.0,12.0
exp7_fixed_random_1,12570,562.79065,3.3033621,0.5159469,1.0,0.0,15.0
exp7_fixed_random_1,12571,506.20853,1.8916198,0.39500615,1.0,0.0,22.0
exp7_fixed_random_1,12572,542.6378,3.277526,0.64157176,1.0,0.0,12.0
exp7_fixed_random_1,12573,503.69873,3.002932,0.51970047,1.0,0.0,11.0
exp7_fixed_random_1,12574,563.43536,2.0291243,0.5438967,1.0,0.0,35.0
exp7_fixed_random_1,12575,-96.16121,3.0958416,0.41185346,0.0,1.0,15.0
exp7_fixed_random_1,12576,598.58325,3.5899947,0.38042477,1.0,0.0,18.0
exp7_fixed_random_1,12577,618.8395,3.3196764,0.40562034,1.0,0.0,21.0
exp7_fixed_random_1,12578,524.9046,3.0630095,0.39846238,1.0,0.0,12.0
exp7_fixed_random_1,12579,634.42084,3.8572836,0.7261135,1.0,0.0,16.0
exp7_fixed_random_1,12581,626.2519,4.3803973,0.6238978,1.0,0.0,13.0
exp7_fixed_random_1,12582,623.74225,3.4163303,0.5516782,1.0,0.0,19.0
exp7_fixed_random_1,12583,562.04364,2.9280038,0.6403295,1.0,0.0,22.0
exp7_fixed_random_1,12584,598.7334,2.5344288,0.7082558,1.0,0.0,24.0
exp7_fixed_random_1,12585,532.2315,2.1828973,0.24841522,1.0,0.0,22.0
exp7_fixed_random_1,12586,594.1713,2.8989956,0.6042355,1.0,0.0,24.0
exp7_fixed_random_1,12587,570.0461,4.004592,0.556543,1.0,0.0,13.0
exp7_fixed_random_1,12588,582.23444,3.4395719,0.7276355,1.0,0.0,16.0
exp7_fixed_random_1,12589,546.43634,3.0714824,0.47579145,1.0,0.0,18.0
exp7_fixed_random_1,12590,572.6371,2.6263113,0.5856289,1.0,0.0,19.0
exp7_fixed_random_1,12591,-285.82547,4.686387,0.42955962,0.0,1.0,4.0
exp7_fixed_random_1,12592,545.8571,3.7062109,0.5021753,1.0,0.0,11.0
exp7_fixed_random_1,12593,578.0482,3.4878414,0.4897554,1.0,0.0,14.0
exp7_fixed_random_1,12594,-139.50354,4.78251,0.3369189,0.0,1.0,4.0
exp7_fixed_random_1,12595,639.983,2.6373122,0.47558117,1.0,0.0,22.0
exp7_fixed_random_1,12596,524.8825,3.179244,0.65526783,1.0,0.0,15.0
exp7_fixed_random_1,12597,559.9078,3.1680434,0.5222228,1.0,0.0,18.0
exp7_fixed_random_1,12598,597.7524,1.9846272,0.3601423,1.0,0.0,33.0
exp7_fixed_random_1,12599,-108.60196,2.3669207,0.36533603,0.0,1.0,23.0
exp7_fixed_random_1,12601,587.7423,4.1777472,0.55035263,1.0,0.0,14.0
exp7_fixed_random_1,12602,-44.623062,4.13806,0.61736935,0.0,1.0,12.0
exp7_fixed_random_1,12603,563.298,2.594793,0.32782772,1.0,0.0,29.0
exp7_fixed_random_1,12604,556.1306,4.3538,0.6685693,1.0,0.0,9.0
exp7_fixed_random_1,12605,-173.45169,4.334781,0.6169353,0.0,1.0,14.0
exp7_fixed_random_1,12606,643.9798,3.544108,0.60081404,1.0,0.0,22.0
exp7_fixed_random_1,12607,-180.26886,4.708803,0.41260406,0.0,1.0,4.0
exp7_fixed_random_1,12608,12.155853,4.483421,0.5216542,0.0,1.0,13.0
exp7_fixed_random_1,12609,477.20483,2.8789902,0.5609996,1.0,0.0,11.0
exp7_fixed_random_1,12610,-251.9906,4.529308,0.61869556,0.0,1.0,7.0
exp7_fixed_random_1,12611,585.4072,3.5532646,0.44175357,1.0,0.0,13.0
exp7_fixed_random_1,12612,531.1785,2.3480644,0.3146841,1.0,0.0,13.0
exp7_fixed_random_1,12613,653.37946,4.0194683,0.49070713,1.0,0.0,16.0
exp7_fixed_random_1,12614,628.7859,3.2790112,0.53770816,1.0,0.0,20.0
exp7_fixed_random_1,12615,620.8862,3.0891788,0.5159933,1.0,0.0,19.0
exp7_fixed_random_1,12616,596.65137,3.314917,0.37223926,1.0,0.0,21.0
exp7_fixed_random_1,12617,588.82764,2.5937839,0.51559365,1.0,0.0,23.0
exp7_fixed_random_1,12618,527.1998,1.9662838,0.3923514,1.0,0.0,33.0
exp7_fixed_random_1,12619,541.80115,2.908,0.47293043,1.0,0.0,13.0
exp7_fixed_random_1,12621,517.8864,3.3497298,0.67791516,1.0,0.0,15.0
exp7_fixed_random_1,12622,514.0643,3.358065,0.5602811,1.0,0.0,14.0
exp7_fixed_random_1,12623,522.9899,2.612985,0.42686355,1.0,0.0,12.0
exp7_fixed_random_1,12624,-261.0692,4.249771,0.66945535,0.0,1.0,5.0
exp7_fixed_random_1,12625,626.44696,3.5624287,0.501909,1.0,0.0,20.0
exp7_fixed_random_1,12626,579.4645,3.131268,0.43865514,1.0,0.0,20.0
exp7_fixed_random_1,12627,577.6738,3.867311,0.6589355,1.0,0.0,13.0
exp7_fixed_random_1,12628,478.70978,4.0369163,0.5801653,1.0,0.0,10.0
exp7_fixed_random_1,12629,-88.39373,3.6092432,0.4841758,0.0,1.0,9.0
exp7_fixed_random_1,12630,585.542,3.671114,0.616433,1.0,0.0,20.0
exp7_fixed_random_1,12631,566.4302,3.2871702,0.46350956,1.0,0.0,17.0
exp7_fixed_random_1,12632,600.5807,3.0407436,0.50101984,1.0,0.0,20.0
exp7_fixed_random_1,12633,571.19495,3.9649332,0.6027579,1.0,0.0,14.0
exp7_fixed_random_1,12634,553.26135,2.8314753,0.41981015,1.0,0.0,19.0
exp7_fixed_random_1,12635,678.83093,4.0678596,0.42330992,1.0,0.0,19.0
exp7_fixed_random_1,12636,648.1182,3.4942572,0.5926448,1.0,0.0,17.0
exp7_fixed_random_1,12637,706.62396,4.4310365,0.36191195,1.0,0.0,15.0
exp7_fixed_random_1,12638,497.61755,2.562713,0.57359624,1.0,0.0,16.0
exp7_fixed_random_1,12639,416.22757,1.0757095,0.3889197,1.0,0.0,24.0
exp7_fixed_random_1,12641,580.243,3.819828,0.44738302,1.0,0.0,14.0
exp7_fixed_random_1,12642,550.50836,2.2423372,0.32304767,1.0,0.0,23.0
exp7_fixed_random_1,12643,565.12726,3.2776315,0.62904197,1.0,0.0,17.0
exp7_fixed_random_1,12644,-163.95477,4.156226,0.52332574,0.0,1.0,7.0
exp7_fixed_random_1,12645,584.99475,4.191316,0.56058544,1.0,0.0,13.0
exp7_fixed_random_1,12646,566.82056,2.7786949,0.49106675,1.0,0.0,16.0
exp7_fixed_random_1,12647,516.779,2.562472,0.5989504,1.0,0.0,12.0
exp7_fixed_random_1,12648,583.91766,2.6124809,0.28508082,1.0,0.0,19.0
exp7_fixed_random_1,12649,559.61285,2.8499713,0.4177038,1.0,0.0,21.0
exp7_fixed_random_1,12650,561.9286,3.961541,0.46041226,1.0,0.0,10.0
exp7_fixed_random_1,12651,608.8952,3.4502969,0.60417485,1.0,0.0,17.0
exp7_fixed_random_1,12652,568.53314,4.073678,0.53146386,1.0,0.0,11.0
exp7_fixed_random_1,12653,-51.634705,4.469254,0.416492,0.0,1.0,9.0
exp7_fixed_random_1,12654,550.6681,3.7366652,0.55072474,1.0,0.0,13.0
exp7_fixed_random_1,12655,584.9958,3.4283102,0.6498178,1.0,0.0,15.0
exp7_fixed_random_1,12656,472.07697,1.8387606,0.2923506,1.0,0.0,20.0
exp7_fixed_random_1,12657,564.43634,3.0845926,0.5019962,1.0,0.0,12.0
exp7_fixed_random_1,12658,428.63242,1.8242887,0.4699413,1.0,0.0,18.0
exp7_fixed_random_1,12659,580.6409,4.4096084,0.5248336,1.0,0.0,10.0
exp7_fixed_random_1,12661,594.13446,3.3383217,0.54745644,1.0,0.0,18.0
exp7_fixed_random_1,12662,548.81506,3.7826004,0.5929352,1.0,0.0,14.0
exp7_fixed_random_1,12663,527.3053,3.6505382,0.55589604,1.0,0.0,9.0
exp7_fixed_random_1,12664,530.99585,2.5653899,0.650955,1.0,0.0,15.0
exp7_fixed_random_1,12665,560.3881,2.9724145,0.4409313,1.0,0.0,18.0
exp7_fixed_random_1,12666,589.78613,3.010591,0.7185907,1.0,0.0,22.0
exp7_fixed_random_1,12667,665.6418,3.0745316,0.68934083,1.0,0.0,26.0
exp7_fixed_random_1,12668,590.50934,2.757444,0.49139974,1.0,0.0,22.0
exp7_fixed_random_1,12669,587.97327,3.4550235,0.58507425,1.0,0.0,19.0
exp7_fixed_random_1,12670,553.00183,2.8356738,0.46786216,1.0,0.0,15.0
exp7_fixed_random_1,12671,550.84717,3.2945292,0.40815258,1.0,0.0,14.0
exp7_fixed_random_1,12672,558.5592,2.6586769,0.61373365,1.0,0.0,19.0
exp7_fixed_random_1,12673,530.6748,2.9850338,0.6366589,1.0,0.0,16.0
exp7_fixed_random_1,12674,634.79974,2.971211,0.5321217,1.0,0.0,21.0
exp7_fixed_random_1,12675,516.8237,2.9099119,0.5454503,1.0,0.0,11.0
exp7_fixed_random_1,12676,519.95514,2.8336248,0.57832754,1.0,0.0,11.0
exp7_fixed_random_1,12677,482.32068,3.225721,0.6528893,1.0,0.0,10.0
exp7_fixed_random_1,12678,600.1852,3.2209723,0.6231905,1.0,0.0,17.0
exp7_fixed_random_1,12679,709.38477,3.233213,0.50022113,1.0,0.0,25.0
exp7_fixed_random_1,12681,533.2313,2.6805573,0.5468566,1.0,0.0,15.0
exp7_fixed_random_1,12682,583.7388,2.6751463,0.38504392,1.0,0.0,22.0
exp7_fixed_random_1,12683,564.17413,4.6111293,0.51369935,1.0,0.0,12.0
exp7_fixed_random_1,12684,598.5842,3.5848901,0.597992,1.0,0.0,15.0
exp7_fixed_random_1,12685,616.74005,3.6706674,0.4981054,1.0,0.0,16.0
exp7_fixed_random_1,12686,534.18097,2.4423954,0.3181844,1.0,0.0,16.0
exp7_fixed_random_1,12687,649.9497,3.6732101,0.34419334,1.0,0.0,18.0
exp7_fixed_random_1,12688,-244.0889,4.1838856,0.52618814,0.0,1.0,9.0
exp7_fixed_random_1,12689,514.4512,4.6994085,0.45202696,1.0,0.0,9.0
exp7_fixed_random_1,12690,639.6171,4.0078373,0.43513784,1.0,0.0,18.0
exp7_fixed_random_1,12691,559.82886,3.6132336,0.64091754,1.0,0.0,17.0
exp7_fixed_random_1,12692,457.36328,2.3833256,0.52716666,1.0,0.0,14.0
exp7_fixed_random_1,12693,570.7273,2.481511,0.42090806,1.0,0.0,18.0
exp7_fixed_random_1,12694,446.3264,2.6527023,0.5341854,1.0,0.0,13.0
exp7_fixed_random_1,12695,566.2264,2.2019737,0.326176,1.0,0.0,37.0
exp7_fixed_random_1,12696,624.51904,3.6892567,0.511423,1.0,0.0,16.0
exp7_fixed_random_1,12697,597.74194,3.8168242,0.60411984,1.0,0.0,13.0
exp7_fixed_random_1,12698,635.5856,3.3057373,0.35129133,1.0,0.0,20.0
exp7_fixed_random_1,12699,569.54047,2.7721992,0.47561947,1.0,0.0,20.0
exp7_fixed_random_1,12701,514.35254,3.138709,0.4892548,1.0,0.0,9.0
exp7_fixed_random_1,12702,-94.80745,2.5173695,0.31702825,0.0,1.0,12.0
exp7_fixed_random_1,12703,557.3673,3.7823315,0.4094937,1.0,0.0,12.0
exp7_fixed_random_1,12704,641.9487,3.855089,0.44046843,1.0,0.0,16.0
exp7_fixed_random_1,12705,575.80347,2.725191,0.35438603,1.0,0.0,20.0
exp7_fixed_random_1,12706,466.13165,2.5732458,0.8320405,1.0,0.0,10.0
exp7_fixed_random_1,12707,565.52185,3.065335,0.57272977,1.0,0.0,17.0
exp7_fixed_random_1,12708,506.62262,2.8228195,0.6337837,1.0,0.0,15.0
exp7_fixed_random_1,12709,500.09436,3.9327803,0.5197302,1.0,0.0,9.0
exp7_fixed_random_1,12710,498.16504,2.307791,0.39267856,1.0,0.0,26.0
exp7_fixed_random_1,12711,524.1174,3.4751685,0.47209883,1.0,0.0,11.0
exp7_fixed_random_1,12712,534.03326,3.558863,0.50714415,1.0,0.0,11.0
exp7_fixed_random_1,12713,580.3219,3.7268617,0.5589967,1.0,0.0,13.0
exp7_fixed_random_1,12714,546.3064,3.5776436,0.60254997,1.0,0.0,11.0
exp7_fixed_random_1,12715,583.4957,2.7961066,0.3759249,1.0,0.0,27.0
exp7_fixed_random_1,12716,569.9326,2.958201,0.6584627,1.0,0.0,20.0
exp7_fixed_random_1,12717,573.25037,3.3865774,0.677109,1.0,0.0,16.0
exp7_fixed_random_1,12718,538.2732,3.586288,0.57964796,1.0,0.0,14.0
exp7_fixed_random_1,12719,-229.86377,4.4209657,0.46336132,0.0,1.0,7.0
exp7_fixed_random_1,12721,523.6234,2.5400362,0.692432,1.0,0.0,18.0
exp7_fixed_random_1,12722,438.33066,2.9446738,0.6233995,1.0,0.0,11.0
exp7_fixed_random_1,12723,560.96,3.010106,0.3672392,1.0,0.0,20.0
exp7_fixed_random_1,12724,558.7539,3.4385872,0.46950307,1.0,0.0,15.0
exp7_fixed_random_1,12725,572.02386,3.1029465,0.61657405,1.0,0.0,15.0
exp7_fixed_random_1,12726,-180.76671,4.6715946,0.51427764,0.0,1.0,11.0
exp7_fixed_random_1,12727,529.934,3.0218713,0.48206586,1.0,0.0,14.0
exp7_fixed_random_1,12728,635.541,3.8140585,0.4641699,1.0,0.0,17.0
exp7_fixed_random_1,12729,529.72363,3.9640188,0.4039915,1.0,0.0,6.0
exp7_fixed_random_1,12730,544.50793,4.2126875,0.54142684,1.0,0.0,10.0
exp7_fixed_random_1,12731,539.8042,2.940158,0.34576884,1.0,0.0,11.0
exp7_fixed_random_1,12732,553.1355,3.3270073,0.2934533,1.0,0.0,10.0
exp7_fixed_random_1,12733,613.2225,3.9610004,0.5747033,1.0,0.0,14.0
exp7_fixed_random_1,12734,540.97363,4.254828,0.55845165,1.0,0.0,12.0
exp7_fixed_random_1,12735,648.04443,3.5367053,0.6909988,1.0,0.0,18.0
exp7_fixed_random_1,12736,576.74963,3.1327913,0.5672797,1.0,0.0,20.0
exp7_fixed_random_1,12737,-146.87836,2.6006818,0.5485073,0.0,1.0,15.0
exp7_fixed_random_1,12738,592.07794,3.3558676,0.44203478,1.0,0.0,18.0
exp7_fixed_random_1,12739,-141.28813,4.0676312,0.42519832,0.0,1.0,6.0
exp7_fixed_random_1,12741,554.7634,4.182463,0.6329982,1.0,0.0,12.0
exp7_fixed_random_1,12742,606.82153,3.3560343,0.51410526,1.0,0.0,23.0
exp7_fixed_random_1,12743,557.5539,3.3899143,0.6916132,1.0,0.0,24.0
exp7_fixed_random_1,12744,654.5854,3.0608323,0.4345104,1.0,0.0,29.0
exp7_fixed_random_1,12745,539.19934,3.2360373,0.51801014,1.0,0.0,16.0
exp7_fixed_random_1,12746,517.93396,2.9840071,0.37809116,1.0,0.0,13.0
exp7_fixed_random_1,12747,616.73596,3.236611,0.5654972,1.0,0.0,19.0
exp7_fixed_random_1,12748,573.79407,2.2816966,0.31712794,1.0,0.0,24.0
exp7_fixed_random_1,12749,-152.7715,4.1696544,0.7355025,0.0,1.0,8.0
exp7_fixed_random_1,12750,583.9721,3.998728,0.56909835,1.0,0.0,18.0
exp7_fixed_random_1,12751,-345.84915,3.8475358,0.5941262,0.0,1.0,3.0
exp7_fixed_random_1,12752,579.98126,3.1691475,0.6338849,1.0,0.0,19.0
exp7_fixed_random_1,12753,569.3824,2.4631612,0.47303882,1.0,0.0,20.0
exp7_fixed_random_1,12754,560.59143,3.2537332,0.52042115,1.0,0.0,22.0
exp7_fixed_random_1,12755,606.6808,3.699702,0.5346492,1.0,0.0,12.0
exp7_fixed_random_1,12756,494.70047,2.8553324,0.4642787,1.0,0.0,11.0
exp7_fixed_random_1,12757,479.32547,3.1944551,0.5586059,1.0,0.0,16.0
exp7_fixed_random_1,12758,584.9057,4.0099387,0.59077305,1.0,0.0,14.0
exp7_fixed_random_1,12759,668.7256,4.3216233,0.4848203,1.0,0.0,16.0
exp7_fixed_random_1,12761,515.45654,2.542804,0.5007214,1.0,0.0,17.0
exp7_fixed_random_1,12762,575.08936,2.8079863,0.53520393,1.0,0.0,24.0
exp7_fixed_random_1,12763,493.40216,2.8054428,0.67412716,1.0,0.0,10.0
exp7_fixed_random_1,12764,634.8864,3.2512097,0.51514703,1.0,0.0,19.0
exp7_fixed_random_1,12765,581.27313,2.8913574,0.49384803,1.0,0.0,21.0
exp7_fixed_random_1,12766,534.8925,4.5240088,0.47978204,1.0,0.0,8.0
exp7_fixed_random_1,12767,550.27563,2.5112824,0.6603885,1.0,0.0,18.0
exp7_fixed_random_1,12768,567.80304,3.7228029,0.6551118,1.0,0.0,17.0
exp7_fixed_random_1,12769,578.2509,3.167823,0.470035,1.0,0.0,16.0
exp7_fixed_random_1,12770,-224.83879,4.8951926,0.03300567,0.0,1.0,1.0
exp7_fixed_random_1,12771,447.93503,1.2624314,0.4490093,1.0,0.0,49.0
exp7_fixed_random_1,12772,-251.82341,2.109718,0.5360506,0.0,1.0,23.0
exp7_fixed_random_1,12773,553.12775,1.8525268,0.5543258,1.0,0.0,36.0
exp7_fixed_random_1,12774,-346.11847,4.37861,0.24408697,0.0,1.0,1.0
exp7_fixed_random_1,12775,585.29755,2.4854715,0.41717964,1.0,0.0,35.0
exp7_fixed_random_1,12776,529.06384,3.0231276,0.54934806,1.0,0.0,16.0
exp7_fixed_random_1,12777,576.0841,3.367483,0.4793569,1.0,0.0,14.0
exp7_fixed_random_1,12778,530.4275,2.4473963,0.47607815,1.0,0.0,16.0
exp7_fixed_random_1,12779,518.8016,2.5495381,0.6525277,1.0,0.0,13.0
exp7_fixed_random_1,12781,549.0596,2.9275727,0.5591163,1.0,0.0,15.0
exp7_fixed_random_1,12782,561.76044,2.7038522,0.41949397,1.0,0.0,23.0
exp7_fixed_random_1,12783,635.7831,3.7821438,0.61121064,1.0,0.0,18.0
exp7_fixed_random_1,12784,599.608,3.0115001,0.4486677,1.0,0.0,28.0
exp7_fixed_random_1,12785,680.34357,4.2877083,0.48732808,1.0,0.0,17.0
exp7_fixed_random_1,12786,420.06592,0.77905434,0.46400785,1.0,0.0,53.0
exp7_fixed_random_1,12787,467.80936,4.472473,0.7243291,1.0,0.0,8.0
exp7_fixed_random_1,12788,675.56494,3.3753257,0.55313677,1.0,0.0,23.0
exp7_fixed_random_1,12789,572.09534,3.3238332,0.6386535,1.0,0.0,18.0
exp7_fixed_random_1,12790,607.1078,2.9112177,0.369118,1.0,0.0,21.0
exp7_fixed_random_1,12791,591.57733,2.5749598,0.68647933,1.0,0.0,25.0
exp7_fixed_random_1,12792,579.98975,3.080477,0.53602296,1.0,0.0,21.0
exp7_fixed_random_1,12793,592.5069,3.0606174,0.5603242,1.0,0.0,19.0
exp7_fixed_random_1,12794,466.05188,1.7563751,0.42352274,1.0,0.0,30.0
exp7_fixed_random_1,12795,548.36127,3.1854057,0.41320354,1.0,0.0,15.0
exp7_fixed_random_1,12796,547.00977,2.1716332,0.31388223,1.0,0.0,20.0
exp7_fixed_random_1,12797,637.7282,3.826407,0.39117357,1.0,0.0,17.0
exp7_fixed_random_1,12798,522.52106,2.2343423,0.7374007,1.0,0.0,31.0
exp7_fixed_random_1,12799,593.76514,2.7633557,0.6029541,1.0,0.0,21.0
exp7_fixed_random_1,12801,573.30426,2.7235494,0.64784545,1.0,0.0,21.0
exp7_fixed_random_1,12802,603.0378,3.794481,0.55173385,1.0,0.0,18.0
exp7_fixed_random_1,12803,625.8807,3.6652637,0.52540296,1.0,0.0,18.0
exp7_fixed_random_1,12804,571.9362,2.8610892,0.5089509,1.0,0.0,18.0
exp7_fixed_random_1,12805,598.71136,3.3921587,0.37502453,1.0,0.0,14.0
exp7_fixed_random_1,12806,560.6426,2.3771741,0.65005445,1.0,0.0,17.0
exp7_fixed_random_1,12807,613.98676,3.4577243,0.6338569,1.0,0.0,21.0
exp7_fixed_random_1,12808,675.41156,3.4738357,0.5654525,1.0,0.0,18.0
exp7_fixed_random_1,12809,550.594,3.0405707,0.63018167,1.0,0.0,18.0
exp7_fixed_random_1,12810,516.9998,3.0665443,0.56634516,1.0,0.0,12.0
exp7_fixed_random_1,12811,504.77072,1.8091437,0.72275907,1.0,0.0,16.0
exp7_fixed_random_1,12812,585.50366,4.336474,0.6105762,1.0,0.0,12.0
exp7_fixed_random_1,12813,558.67566,3.1560352,0.5085401,1.0,0.0,16.0
exp7_fixed_random_1,12814,619.92706,2.9276729,0.56743085,1.0,0.0,26.0
exp7_fixed_random_1,12815,522.1607,2.3010445,0.51777464,1.0,0.0,17.0
exp7_fixed_random_1,12816,521.9376,2.5615928,0.3475466,1.0,0.0,12.0
exp7_fixed_random_1,12817,621.5183,2.89016,0.6301326,1.0,0.0,18.0
exp7_fixed_random_1,12818,561.3369,2.2463682,0.6224718,1.0,0.0,23.0
exp7_fixed_random_1,12819,530.68335,2.6340172,0.49434212,1.0,0.0,12.0
exp7_fixed_random_1,12821,505.4217,3.1637664,0.77206856,1.0,0.0,13.0
exp7_fixed_random_1,12822,584.028,4.097482,0.5259241,1.0,0.0,14.0
exp7_fixed_random_1,12823,501.5197,3.1780229,0.5501125,1.0,0.0,17.0
exp7_fixed_random_1,12824,526.9936,2.4631321,0.47119036,1.0,0.0,19.0
exp7_fixed_random_1,12825,512.45624,2.5847282,0.5058847,1.0,0.0,16.0
exp7_fixed_random_1,12826,580.4607,2.490991,0.3654563,1.0,0.0,20.0
exp7_fixed_random_1,12827,-325.08444,3.3193245,0.60106045,0.0,1.0,4.0
exp7_fixed_random_1,12828,581.5679,3.2657318,0.41165668,1.0,0.0,16.0
exp7_fixed_random_1,12829,-225.08339,3.9851418,0.49617264,0.0,1.0,7.0
exp7_fixed_random_1,12830,542.4214,3.7081792,0.62313104,1.0,0.0,15.0
exp7_fixed_random_1,12831,526.1962,2.868316,0.5984611,1.0,0.0,16.0
exp7_fixed_random_1,12832,576.9884,3.2988958,0.69079244,1.0,0.0,16.0
exp7_fixed_random_1,12833,597.06757,4.0043883,0.5264539,1.0,0.0,15.0
exp7_fixed_random_1,12834,549.7002,2.905325,0.285269,1.0,0.0,17.0
exp7_fixed_random_1,12835,631.5425,2.0346038,0.6311781,1.0,0.0,29.0
exp7_fixed_random_1,12836,550.3053,4.3259068,0.45356834,1.0,0.0,9.0
exp7_fixed_random_1,12837,568.703,3.7712028,0.5747247,1.0,0.0,14.0
exp7_fixed_random_1,12838,517.6697,2.654384,0.52502096,1.0,0.0,20.0
exp7_fixed_random_1,12839,533.2755,3.4830906,0.48332104,1.0,0.0,15.0
exp7_fixed_random_1,12841,649.7499,2.9574459,0.5576215,1.0,0.0,21.0
exp7_fixed_random_1,12842,560.1465,3.6287954,0.5612992,1.0,0.0,14.0
exp7_fixed_random_1,12843,412.6482,0.63330656,0.45137402,1.0,0.0,44.0
exp7_fixed_random_1,12844,566.7584,3.9761255,0.65476,1.0,0.0,13.0
exp7_fixed_random_1,12845,631.6329,3.8926609,0.6075182,1.0,0.0,16.0
exp7_fixed_random_1,12846,633.6875,3.0907235,0.39832723,1.0,0.0,16.0
exp7_fixed_random_1,12847,597.4991,3.1390047,0.6688608,1.0,0.0,21.0
exp7_fixed_random_1,12848,543.9457,3.7258532,0.55635065,1.0,0.0,14.0
exp7_fixed_random_1,12849,-150.08965,4.4935184,0.76480025,0.0,1.0,6.0
exp7_fixed_random_1,12850,582.3041,3.9616847,0.5904823,1.0,0.0,13.0
exp7_fixed_random_1,12851,-144.8493,4.698715,0.58820283,0.0,1.0,4.0
exp7_fixed_random_1,12852,-193.73492,2.8116765,0.3766205,0.0,1.0,28.0
exp7_fixed_random_1,12853,515.07764,3.6725657,0.41612288,1.0,0.0,11.0
exp7_fixed_random_1,12854,593.98694,2.841725,0.6370106,1.0,0.0,18.0
exp7_fixed_random_1,12855,480.47412,1.5089309,0.756441,1.0,0.0,30.0
exp7_fixed_random_1,12856,627.00616,4.09104,0.4990513,1.0,0.0,14.0
exp7_fixed_random_1,12857,694.32666,4.1594434,0.3858212,1.0,0.0,17.0
exp7_fixed_random_1,12858,-124.48569,4.587649,0.6566724,0.0,1.0,7.0
exp7_fixed_random_1,12859,574.6981,3.7763774,0.44753075,1.0,0.0,14.0
exp7_fixed_random_1,12861,590.1003,3.3759005,0.5026667,1.0,0.0,13.0
exp7_fixed_random_1,12862,-63.470078,4.0976763,0.6143214,0.0,1.0,10.0
exp7_fixed_random_1,12863,512.0047,2.862042,0.29842815,1.0,0.0,10.0
exp7_fixed_random_1,12864,-191.70587,4.7220654,0.49210146,0.0,1.0,11.0
exp7_fixed_random_1,12865,-45.189285,3.7748718,0.53810596,0.0,1.0,13.0
exp7_fixed_random_1,12866,-262.19916,3.0776808,0.47793812,0.0,1.0,15.0
exp7_fixed_random_1,12867,602.5987,3.7106862,0.68718183,1.0,0.0,15.0
exp7_fixed_random_1,12868,659.78143,3.195152,0.5331475,1.0,0.0,20.0
exp7_fixed_random_1,12869,633.999,3.5597005,0.53391516,1.0,0.0,19.0
exp7_fixed_random_1,12870,576.17896,4.565678,0.51110464,1.0,0.0,11.0
exp7_fixed_random_1,12871,628.1579,3.6059346,0.55841714,1.0,0.0,16.0
exp7_fixed_random_1,12872,566.9436,3.4329214,0.53827775,1.0,0.0,18.0
exp7_fixed_random_1,12873,642.10925,3.9932318,0.48058587,1.0,0.0,17.0
exp7_fixed_random_1,12874,546.3517,3.358088,0.6511602,1.0,0.0,13.0
exp7_fixed_random_1,12875,575.59314,2.5478868,0.3039786,1.0,0.0,19.0
exp7_fixed_random_1,12876,535.42456,3.2393415,0.60014355,1.0,0.0,11.0
exp7_fixed_random_1,12877,573.1628,3.4343667,0.4966623,1.0,0.0,14.0
exp7_fixed_random_1,12878,556.26917,2.827114,0.6648368,1.0,0.0,12.0
exp7_fixed_random_1,12879,-103.208954,2.6027694,0.27483088,0.0,1.0,21.0
exp7_fixed_random_1,12881,482.25806,1.3586605,0.36150885,1.0,0.0,33.0
exp7_fixed_random_1,12882,520.3507,3.1905358,0.69232166,1.0,0.0,18.0
exp7_fixed_random_1,12883,617.60266,3.6191883,0.66621625,1.0,0.0,16.0
exp7_fixed_random_1,12884,660.6053,3.278083,0.47766885,1.0,0.0,19.0
exp7_fixed_random_1,12885,486.36246,2.8361566,0.67977375,1.0,0.0,9.0
exp7_fixed_random_1,12886,621.9689,2.9132175,0.6827829,1.0,0.0,23.0
exp7_fixed_random_1,12887,600.5771,3.6936908,0.4935332,1.0,0.0,17.0
exp7_fixed_random_1,12888,572.84344,3.0937254,0.39512116,1.0,0.0,14.0
exp7_fixed_random_1,12889,513.14795,2.8603413,0.7605066,1.0,0.0,15.0
exp7_fixed_random_1,12890,477.7982,2.4100037,0.5079799,1.0,0.0,16.0
exp7_fixed_random_1,12891,511.73834,3.424826,0.76080614,1.0,0.0,13.0
exp7_fixed_random_1,12892,577.5623,2.375399,0.3389051,1.0,0.0,20.0
exp7_fixed_random_1,12893,609.602,2.90692,0.6352358,1.0,0.0,16.0
exp7_fixed_random_1,12894,661.7681,3.5367002,0.42583516,1.0,0.0,22.0
exp7_fixed_random_1,12895,559.75885,3.688681,0.48089886,1.0,0.0,11.0
exp7_fixed_random_1,12896,601.8031,3.7275946,0.50709766,1.0,0.0,12.0
exp7_fixed_random_1,12897,587.55414,3.1857812,0.25170678,1.0,0.0,13.0
exp7_fixed_random_1,12898,467.4532,1.752012,0.40809295,1.0,0.0,23.0
exp7_fixed_random_1,12899,543.90784,1.3512201,0.31268227,1.0,0.0,46.0
exp7_fixed_random_1,12901,592.04,3.4409251,0.5101437,1.0,0.0,15.0
exp7_fixed_random_1,12902,575.0397,4.3906336,0.56236744,1.0,0.0,12.0
exp7_fixed_random_1,12903,593.5673,2.8522549,0.4390687,1.0,0.0,25.0
exp7_fixed_random_1,12904,571.7039,3.6955872,0.5313373,1.0,0.0,15.0
exp7_fixed_random_1,12905,517.63,3.3486235,0.6289732,1.0,0.0,14.0
exp7_fixed_random_1,12906,589.45514,3.081252,0.5035664,1.0,0.0,17.0
exp7_fixed_random_1,12907,557.1375,2.3193052,0.35059187,1.0,0.0,20.0
exp7_fixed_random_1,12908,550.94745,3.080966,0.56188965,1.0,0.0,20.0
exp7_fixed_random_1,12909,623.2984,3.9497905,0.49009615,1.0,0.0,13.0
exp7_fixed_random_1,12910,546.72186,2.7926834,0.654947,1.0,0.0,14.0
exp7_fixed_random_1,12911,-190.76497,3.7820406,0.30151767,0.0,1.0,11.0
exp7_fixed_random_1,12912,578.4535,2.981261,0.48144177,1.0,0.0,27.0
exp7_fixed_random_1,12913,546.6533,2.7375095,0.36146727,1.0,0.0,17.0
exp7_fixed_random_1,12914,670.0709,3.8012042,0.5438365,1.0,0.0,20.0
exp7_fixed_random_1,12915,531.92633,3.5557334,0.4892977,1.0,0.0,11.0
exp7_fixed_random_1,12916,610.0748,3.1186314,0.58079433,1.0,0.0,21.0
exp7_fixed_random_1,12917,515.93005,4.351062,0.6134779,1.0,0.0,12.0
exp7_fixed_random_1,12918,564.65137,3.086012,0.6013012,1.0,0.0,17.0
exp7_fixed_random_1,12919,505.75336,3.488298,0.5976928,1.0,0.0,10.0
exp7_fixed_random_1,12921,499.1737,4.5933485,0.48694554,1.0,0.0,8.0
exp7_fixed_random_1,12922,531.48474,3.200651,0.28416812,1.0,0.0,12.0
exp7_fixed_random_1,12923,662.3214,4.0388613,0.4954124,1.0,0.0,18.0
exp7_fixed_random_1,12924,612.5749,3.151257,0.6434361,1.0,0.0,21.0
exp7_fixed_random_1,12925,625.8905,3.2996626,0.5363937,1.0,0.0,22.0
exp7_fixed_random_1,12926,-217.2298,4.160551,0.4904706,0.0,1.0,10.0
exp7_fixed_random_1,12927,574.5734,3.2381935,0.59007734,1.0,0.0,18.0
exp7_fixed_random_1,12928,591.09094,4.2637205,0.583941,1.0,0.0,13.0
exp7_fixed_random_1,12929,490.67267,2.5914445,0.41659316,1.0,0.0,14.0
exp7_fixed_random_1,12930,542.9614,3.743627,0.73392314,1.0,0.0,11.0
exp7_fixed_random_1,12931,522.6129,3.2471263,0.55503213,1.0,0.0,14.0
exp7_fixed_random_1,12932,591.80884,3.3393214,0.7189607,1.0,0.0,17.0
exp7_fixed_random_1,12933,564.9448,3.950488,0.531504,1.0,0.0,11.0
exp7_fixed_random_1,12934,576.8624,3.306059,0.5534656,1.0,0.0,20.0
exp7_fixed_random_1,12935,553.1304,2.5108333,0.6557031,1.0,0.0,28.0
exp7_fixed_random_1,12936,608.308,4.1782255,0.44746768,1.0,0.0,11.0
exp7_fixed_random_1,12937,608.0036,3.8587174,0.46070048,1.0,0.0,15.0
exp7_fixed_random_1,12938,577.8509,3.1652708,0.46477374,1.0,0.0,17.0
exp7_fixed_random_1,12939,458.44135,2.0078924,0.35920396,1.0,0.0,21.0
exp7_fixed_random_1,12941,571.1919,4.1452694,0.52619433,1.0,0.0,13.0
exp7_fixed_random_1,12942,625.166,2.9272206,0.4756932,1.0,0.0,28.0
exp7_fixed_random_1,12943,-215.98586,3.327584,0.48652366,0.0,1.0,14.0
exp7_fixed_random_1,12944,526.3139,2.907853,0.647523,1.0,0.0,18.0
exp7_fixed_random_1,12945,509.4812,3.8171031,0.5446378,1.0,0.0,13.0
exp7_fixed_random_1,12946,597.3602,2.9505951,0.5104101,1.0,0.0,27.0
exp7_fixed_random_1,12947,492.37793,2.723004,0.4389092,1.0,0.0,12.0
exp7_fixed_random_1,12948,561.9162,2.0883586,0.834518,1.0,0.0,30.0
exp7_fixed_random_1,12949,586.4988,3.6744728,0.5310389,1.0,0.0,13.0
exp7_fixed_random_1,12950,-277.19446,4.571138,0.45646915,0.0,1.0,5.0
exp7_fixed_random_1,12951,636.33685,3.6961482,0.52273446,1.0,0.0,19.0
exp7_fixed_random_1,12952,-251.77911,3.6606266,0.35000485,0.0,1.0,8.0
exp7_fixed_random_1,12953,-237.0393,4.443388,0.59185565,0.0,1.0,5.0
exp7_fixed_random_1,12954,621.5025,2.7575161,0.43643254,1.0,0.0,20.0
exp7_fixed_random_1,12955,536.19336,2.7671788,0.36472207,1.0,0.0,18.0
exp7_fixed_random_1,12956,694.77045,4.0015955,0.60748917,1.0,0.0,19.0
exp7_fixed_random_1,12957,532.48035,3.1196725,0.6590774,1.0,0.0,18.0
exp7_fixed_random_1,12958,-289.8729,4.197514,0.49618644,0.0,1.0,4.0
exp7_fixed_random_1,12959,521.69977,2.859737,0.56734717,1.0,0.0,13.0
exp7_fixed_random_1,12961,546.9773,3.3458002,0.71129054,1.0,0.0,12.0
exp7_fixed_random_1,12962,647.9741,4.613524,0.4880962,1.0,0.0,12.0
exp7_fixed_random_1,12963,-188.7895,3.68379,0.51076293,0.0,1.0,16.0
exp7_fixed_random_1,12964,499.03644,1.921187,0.43566054,1.0,0.0,42.0
exp7_fixed_random_1,12965,524.7612,3.0401697,0.55744815,1.0,0.0,18.0
exp7_fixed_random_1,12966,-268.22134,2.4027627,0.23451029,0.0,1.0,12.0
exp7_fixed_random_1,12967,528.4071,3.33142,0.66235185,1.0,0.0,13.0
exp7_fixed_random_1,12968,573.9955,3.4143374,0.4873593,1.0,0.0,14.0
exp7_fixed_random_1,12969,531.1781,3.2155142,0.4979244,1.0,0.0,15.0
exp7_fixed_random_1,12970,515.53546,2.6685283,0.5277049,1.0,0.0,17.0
exp7_fixed_random_1,12971,-278.3931,4.198081,0.62841916,0.0,1.0,13.0
exp7_fixed_random_1,12972,619.72723,3.8698523,0.5315918,1.0,0.0,15.0
exp7_fixed_random_1,12973,560.2793,2.9400253,0.6483866,1.0,0.0,20.0
exp7_fixed_random_1,12974,574.7957,3.4596653,0.48031512,1.0,0.0,16.0
exp7_fixed_random_1,12975,508.57043,1.7898892,0.42251143,1.0,0.0,21.0
exp7_fixed_random_1,12976,593.3694,3.3217351,0.5799062,1.0,0.0,19.0
exp7_fixed_random_1,12977,-154.05037,3.371803,0.4742957,0.0,1.0,7.0
exp7_fixed_random_1,12978,581.7402,3.671151,0.6417784,1.0,0.0,17.0
exp7_fixed_random_1,12979,577.0561,2.4064178,0.38979852,1.0,0.0,22.0
exp7_fixed_random_1,12981,530.162,3.2547321,0.46691278,1.0,0.0,14.0
exp7_fixed_random_1,12982,565.48914,3.44259,0.6425493,1.0,0.0,15.0
exp7_fixed_random_1,12983,570.7932,3.1454494,0.51347977,1.0,0.0,18.0
exp7_fixed_random_1,12984,561.21655,4.3181853,0.42705125,1.0,0.0,11.0
exp7_fixed_random_1,12985,637.3683,3.5404043,0.51911294,1.0,0.0,17.0
exp7_fixed_random_1,12986,575.4066,3.5941458,0.5065102,1.0,0.0,12.0
exp7_fixed_random_1,12987,636.4601,3.620401,0.5893099,1.0,0.0,16.0
exp7_fixed_random_1,12988,676.8983,3.3580203,0.41527253,1.0,0.0,20.0
exp7_fixed_random_1,12989,-133.50536,3.9959419,0.52426815,0.0,1.0,6.0
exp7_fixed_random_1,12990,603.5055,3.6171966,0.6557389,1.0,0.0,16.0
exp7_fixed_random_1,12991,548.3704,3.551734,0.50408596,1.0,0.0,11.0
exp7_fixed_random_1,12992,567.1355,3.6447082,0.43630058,1.0,0.0,13.0
exp7_fixed_random_1,12993,-313.8498,4.02872,0.69864476,0.0,1.0,4.0
exp7_fixed_random_1,12994,596.5292,3.6727996,0.5420246,1.0,0.0,15.0
exp7_fixed_random_1,12995,556.5166,2.3961458,0.32899082,1.0,0.0,18.0
exp7_fixed_random_1,12996,511.59695,2.714483,0.70000285,1.0,0.0,15.0
exp7_fixed_random_1,12997,614.1912,3.1462572,0.5693762,1.0,0.0,20.0
exp7_fixed_random_1,12998,538.2059,2.360442,0.7119346,1.0,0.0,19.0
exp7_fixed_random_1,12999,602.31866,3.6775794,0.45640194,1.0,0.0,15.0
exp7_fixed_random_1,13001,623.6961,3.9247415,0.4022005,1.0,0.0,17.0
exp7_fixed_random_1,13002,554.86884,3.0525382,0.47162753,1.0,0.0,11.0
exp7_fixed_random_1,13003,565.17694,3.5832667,0.6417502,1.0,0.0,10.0
exp7_fixed_random_1,13004,527.66766,2.718324,0.41187382,1.0,0.0,12.0
exp7_fixed_random_1,13005,603.145,4.0094643,0.6336643,1.0,0.0,10.0
exp7_fixed_random_1,13006,486.0727,4.108759,0.6069327,1.0,0.0,9.0
exp7_fixed_random_1,13007,551.20374,3.1960218,0.52706736,1.0,0.0,13.0
exp7_fixed_random_1,13008,562.5064,3.390409,0.6400057,1.0,0.0,15.0
exp7_fixed_random_1,13009,569.786,2.620318,0.55481887,1.0,0.0,25.0
exp7_fixed_random_1,13010,538.218,2.741347,0.5484173,1.0,0.0,15.0
exp7_fixed_random_1,13011,580.8693,4.0605106,0.51952356,1.0,0.0,11.0
exp7_fixed_random_1,13012,569.177,2.5958235,0.51189417,1.0,0.0,21.0
exp7_fixed_random_1,13013,590.35815,3.2006795,0.4609556,1.0,0.0,24.0
exp7_fixed_random_1,13014,523.17566,2.0444896,0.26479277,1.0,0.0,17.0
exp7_fixed_random_1,13015,591.8426,4.185012,0.5479626,1.0,0.0,10.0
exp7_fixed_random_1,13016,583.5402,3.333949,0.7197924,1.0,0.0,16.0
exp7_fixed_random_1,13017,551.42993,2.4872074,0.37753767,1.0,0.0,19.0
exp7_fixed_random_1,13018,546.35974,2.6778448,0.32630813,1.0,0.0,18.0
exp7_fixed_random_1,13019,596.45593,3.2294207,0.663443,1.0,0.0,17.0
exp7_fixed_random_1,13021,-191.54428,4.224722,0.49917322,0.0,1.0,5.0
exp7_fixed_random_1,13022,653.26953,3.1787646,0.4938575,1.0,0.0,22.0
exp7_fixed_random_1,13023,536.35925,3.1938908,0.47173056,1.0,0.0,21.0
exp7_fixed_random_1,13024,598.72644,3.8380644,0.5069307,1.0,0.0,18.0
exp7_fixed_random_1,13025,538.40234,2.8242087,0.47945347,1.0,0.0,20.0
exp7_fixed_random_1,13026,570.37195,3.8163633,0.41028568,1.0,0.0,11.0
exp7_fixed_random_1,13027,532.852,2.3976667,0.36314282,1.0,0.0,14.0
exp7_fixed_random_1,13028,551.14026,3.0807362,0.8796065,1.0,0.0,17.0
exp7_fixed_random_1,13029,644.02356,3.8348703,0.47396538,1.0,0.0,18.0
exp7_fixed_random_1,13030,553.9225,2.7180843,0.47078285,1.0,0.0,20.0
exp7_fixed_random_1,13031,566.1943,2.9793742,0.7128027,1.0,0.0,19.0
exp7_fixed_random_1,13032,454.7454,1.869741,0.8481814,1.0,0.0,21.0
exp7_fixed_random_1,13033,586.5935,3.2018607,0.5650217,1.0,0.0,19.0
exp7_fixed_random_1,13034,-159.60945,4.165468,0.43430555,0.0,1.0,15.0
exp7_fixed_random_1,13035,576.50323,3.7754872,0.6344454,1.0,0.0,13.0
exp7_fixed_random_1,13036,525.1494,3.178731,0.58903366,1.0,0.0,11.0
exp7_fixed_random_1,13037,548.5694,3.1968396,0.7264534,1.0,0.0,17.0
exp7_fixed_random_1,13038,601.47363,3.2807894,0.6570646,1.0,0.0,21.0
exp7_fixed_random_1,13039,600.03595,2.9827695,0.45070633,1.0,0.0,20.0
exp7_fixed_random_1,13041,582.66644,3.5434363,0.5831073,1.0,0.0,15.0
exp7_fixed_random_1,13042,498.87814,2.8634262,0.5040658,1.0,0.0,14.0
exp7_fixed_random_1,13043,513.3407,3.280944,0.5760844,1.0,0.0,17.0
exp7_fixed_random_1,13044,551.0117,1.9059304,0.35496035,1.0,0.0,18.0
exp7_fixed_random_1,13045,590.666,3.1735435,0.3969239,1.0,0.0,15.0
exp7_fixed_random_1,13046,538.2385,3.555318,0.74512124,1.0,0.0,20.0
exp7_fixed_random_1,13047,608.556,3.8556654,0.45875657,1.0,0.0,11.0
exp7_fixed_random_1,13048,519.4912,2.756326,0.53059185,1.0,0.0,13.0
exp7_fixed_random_1,13049,549.7173,3.9510453,0.5595252,1.0,0.0,14.0
exp7_fixed_random_1,13050,581.4475,2.9463766,0.5445128,1.0,0.0,23.0
exp7_fixed_random_1,13051,576.1161,2.7144897,0.3899699,1.0,0.0,19.0
exp7_fixed_random_1,13052,563.44385,3.2551982,0.62629515,1.0,0.0,12.0
exp7_fixed_random_1,13053,575.5145,3.452445,0.4929321,1.0,0.0,22.0
exp7_fixed_random_1,13054,473.5415,2.2084858,0.8476756,1.0,0.0,14.0
exp7_fixed_random_1,13055,582.3573,3.711655,0.52854186,1.0,0.0,15.0
exp7_fixed_random_1,13056,569.0288,3.3864627,0.41804326,1.0,0.0,15.0
exp7_fixed_random_1,13057,544.24146,3.3861587,0.5696051,1.0,0.0,11.0
exp7_fixed_random_1,13058,591.6322,3.7825398,0.5402118,1.0,0.0,14.0
exp7_fixed_random_1,13059,-197.79564,3.7463884,0.48321578,0.0,1.0,12.0
exp7_fixed_random_1,13061,568.3734,3.4123807,0.57167554,1.0,0.0,15.0
exp7_fixed_random_1,13062,536.20917,3.261738,0.68942904,1.0,0.0,16.0
exp7_fixed_random_1,13063,572.6321,3.5009375,0.5818118,1.0,0.0,16.0
exp7_fixed_random_1,13064,618.55054,3.233068,0.51284033,1.0,0.0,18.0
exp7_fixed_random_1,13065,-220.14618,3.935899,0.14846191,0.0,1.0,1.0
exp7_fixed_random_1,13066,575.5659,4.115409,0.69737434,1.0,0.0,12.0
exp7_fixed_random_1,13067,592.8064,3.5322719,0.3412167,1.0,0.0,16.0
exp7_fixed_random_1,13068,669.69653,3.2848504,0.5375941,1.0,0.0,20.0
exp7_fixed_random_1,13069,-143.17534,4.4231586,0.437531,0.0,1.0,5.0
exp7_fixed_random_1,13070,617.475,3.9846365,0.5332941,1.0,0.0,16.0
exp7_fixed_random_1,13071,569.6262,3.5600002,0.4491403,1.0,0.0,12.0
exp7_fixed_random_1,13072,695.454,3.8200665,0.5940839,1.0,0.0,19.0
exp7_fixed_random_1,13073,555.17944,3.9235806,0.5933137,1.0,0.0,10.0
exp7_fixed_random_1,13074,520.53925,3.253175,0.49890345,1.0,0.0,10.0
exp7_fixed_random_1,13075,581.71045,4.523077,0.41887677,1.0,0.0,11.0
exp7_fixed_random_1,13076,584.64795,3.1870415,0.562228,1.0,0.0,19.0
exp7_fixed_random_1,13077,529.55383,3.4616904,0.61862403,1.0,0.0,14.0
exp7_fixed_random_1,13078,496.95947,3.3170903,0.57347095,1.0,0.0,10.0
exp7_fixed_random_1,13079,605.65106,3.045183,0.44355232,1.0,0.0,19.0
exp7_fixed_random_1,13081,529.94055,2.9443216,0.50873876,1.0,0.0,18.0
exp7_fixed_random_1,13082,574.4332,3.7751656,0.6432043,1.0,0.0,15.0
exp7_fixed_random_1,13083,646.30676,3.7740314,0.5623531,1.0,0.0,16.0
exp7_fixed_random_1,13084,588.01904,3.4676287,0.45778534,1.0,0.0,18.0
exp7_fixed_random_1,13085,675.87976,4.3200293,0.52007914,1.0,0.0,15.0
exp7_fixed_random_1,13086,454.51166,2.5938427,0.5443639,1.0,0.0,13.0
exp7_fixed_random_1,13087,636.0858,4.366686,0.5092055,1.0,0.0,13.0
exp7_fixed_random_1,13088,523.6045,2.8474183,0.52324575,1.0,0.0,15.0
exp7_fixed_random_1,13089,603.50494,3.7408342,0.67886484,1.0,0.0,15.0
exp7_fixed_random_1,13090,480.79147,4.4097815,0.68305844,1.0,0.0,10.0
exp7_fixed_random_1,13091,550.23895,3.1349697,0.7223244,1.0,0.0,17.0
exp7_fixed_random_1,13092,507.2771,3.4238749,0.69569427,1.0,0.0,15.0
exp7_fixed_random_1,13093,-62.774323,1.3893921,0.9939213,0.0,0.0,100.0
exp7_fixed_random_1,13094,641.57465,3.3597128,0.61802536,1.0,0.0,18.0
exp7_fixed_random_1,13095,582.5225,3.32421,0.5650255,1.0,0.0,15.0
exp7_fixed_random_1,13096,542.3038,4.017831,0.48742428,1.0,0.0,11.0
exp7_fixed_random_1,13097,544.53455,2.0987375,0.28998217,1.0,0.0,20.0
exp7_fixed_random_1,13098,538.8313,2.1601746,0.47569975,1.0,0.0,18.0
exp7_fixed_random_1,13099,-261.4254,3.7255595,0.53381014,0.0,1.0,12.0
exp7_fixed_random_1,13101,536.794,2.3788729,0.83355165,1.0,0.0,22.0
exp7_fixed_random_1,13102,554.94965,3.0088043,0.4856827,1.0,0.0,24.0
exp7_fixed_random_1,13103,540.5328,2.625839,0.662743,1.0,0.0,18.0
exp7_fixed_random_1,13104,476.17688,2.8572,0.79127246,1.0,0.0,15.0
exp7_fixed_random_1,13105,524.6218,3.9855666,0.5340883,1.0,0.0,8.0
exp7_fixed_random_1,13106,-175.13309,4.1272383,0.78415567,0.0,1.0,5.0
exp7_fixed_random_1,13107,546.95886,3.4576528,0.5338704,1.0,0.0,12.0
exp7_fixed_random_1,13108,526.1043,3.7891796,0.5112409,1.0,0.0,12.0
exp7_fixed_random_1,13109,598.7536,2.912026,0.5547043,1.0,0.0,20.0
exp7_fixed_random_1,13110,473.1139,2.9483223,0.5304793,1.0,0.0,13.0
exp7_fixed_random_1,13111,584.8922,3.353786,0.64541537,1.0,0.0,16.0
exp7_fixed_random_1,13112,575.55176,3.022385,0.4264883,1.0,0.0,14.0
exp7_fixed_random_1,13113,568.41724,3.9976096,0.4892209,1.0,0.0,11.0
exp7_fixed_random_1,13114,522.62555,2.3782768,0.5980361,1.0,0.0,14.0
exp7_fixed_random_1,13115,525.99445,3.1708658,0.40858307,1.0,0.0,11.0
exp7_fixed_random_1,13116,564.96844,3.0779202,0.5648065,1.0,0.0,15.0
exp7_fixed_random_1,13117,553.4095,2.9672675,0.51663613,1.0,0.0,16.0
exp7_fixed_random_1,13118,550.7892,2.2998753,0.44031543,1.0,0.0,16.0
exp7_fixed_random_1,13119,516.9718,3.311371,0.68236595,1.0,0.0,12.0
exp7_fixed_random_1,13121,580.5805,3.6508179,0.55437344,1.0,0.0,17.0
exp7_fixed_random_1,13122,566.9247,3.0927842,0.42452723,1.0,0.0,19.0
exp7_fixed_random_1,13123,630.8944,3.4815083,0.44015393,1.0,0.0,19.0
exp7_fixed_random_1,13124,-152.98195,4.5146885,0.38614187,0.0,1.0,6.0
exp7_fixed_random_1,13125,525.91754,3.8164709,0.6477734,1.0,0.0,17.0
exp7_fixed_random_1,13126,579.76184,4.1960726,0.5605384,1.0,0.0,13.0
exp7_fixed_random_1,13127,-219.01694,3.7230918,0.30891302,0.0,1.0,11.0
exp7_fixed_random_1,13128,533.73895,3.4425983,0.6157896,1.0,0.0,12.0
exp7_fixed_random_1,13129,640.72723,2.886757,0.5361118,1.0,0.0,25.0
exp7_fixed_random_1,13130,-247.23143,4.145878,0.7370492,0.0,1.0,2.0
exp7_fixed_random_1,13131,649.19025,3.5962226,0.38693294,1.0,0.0,19.0
exp7_fixed_random_1,13132,-101.786285,2.9903834,0.3694906,0.0,1.0,11.0
exp7_fixed_random_1,13133,-64.249405,3.199464,0.43626088,0.0,1.0,20.0
exp7_fixed_random_1,13134,619.2149,3.069094,0.6176398,1.0,0.0,21.0
exp7_fixed_random_1,13135,542.694,3.5542448,0.476319,1.0,0.0,14.0
exp7_fixed_random_1,13136,536.52594,4.251969,0.4813207,1.0,0.0,9.0
exp7_fixed_random_1,13137,546.321,2.2659636,0.36804596,1.0,0.0,35.0
exp7_fixed_random_1,13138,595.9457,3.5771914,0.62052655,1.0,0.0,18.0
exp7_fixed_random_1,13139,619.9676,3.1690142,0.5731193,1.0,0.0,16.0
exp7_fixed_random_1,13141,523.71466,3.3402877,0.52769315,1.0,0.0,16.0
exp7_fixed_random_1,13142,602.2284,3.2382486,0.626396,1.0,0.0,17.0
exp7_fixed_random_1,13143,544.8009,3.9510021,0.5258853,1.0,0.0,14.0
exp7_fixed_random_1,13144,608.0408,3.6802025,0.46668088,1.0,0.0,16.0
exp7_fixed_random_1,13145,551.2837,3.048446,0.45377,1.0,0.0,18.0
exp7_fixed_random_1,13146,480.63556,2.4432695,0.59552056,1.0,0.0,12.0
exp7_fixed_random_1,13147,606.0877,3.347207,0.5717943,1.0,0.0,18.0
exp7_fixed_random_1,13148,531.5722,3.8434396,0.40891138,1.0,0.0,10.0
exp7_fixed_random_1,13149,484.5651,2.3341036,0.5539736,1.0,0.0,16.0
exp7_fixed_random_1,13150,563.00555,2.981137,0.5432253,1.0,0.0,15.0
exp7_fixed_random_1,13151,503.51984,1.562823,0.292554,1.0,0.0,43.0
exp7_fixed_random_1,13152,-49.29927,2.9651113,0.41035327,0.0,1.0,20.0
exp7_fixed_random_1,13153,-24.133133,4.011573,0.45345834,0.0,1.0,15.0
exp7_fixed_random_1,13154,606.7076,3.028387,0.61754405,1.0,0.0,19.0
exp7_fixed_random_1,13155,587.67847,2.8405073,0.6443072,1.0,0.0,22.0
exp7_fixed_random_1,13156,595.6157,3.7748709,0.6952155,1.0,0.0,17.0
exp7_fixed_random_1,13157,574.5058,3.0302174,0.52560127,1.0,0.0,19.0
exp7_fixed_random_1,13158,614.12524,3.5276551,0.5007896,1.0,0.0,17.0
exp7_fixed_random_1,13159,600.699,3.1722672,0.55544275,1.0,0.0,22.0
exp7_fixed_random_1,13161,635.224,3.0565774,0.36316523,1.0,0.0,18.0
exp7_fixed_random_1,13162,525.0889,2.8770125,0.5669952,1.0,0.0,20.0
exp7_fixed_random_1,13163,567.5613,2.2597277,0.6186622,1.0,0.0,25.0
exp7_fixed_random_1,13164,615.7521,2.765394,0.40228286,1.0,0.0,26.0
exp7_fixed_random_1,13165,615.43115,3.8253973,0.532207,1.0,0.0,17.0
exp7_fixed_random_1,13166,539.68396,4.1510677,0.6287738,1.0,0.0,10.0
exp7_fixed_random_1,13167,576.19885,2.1179268,0.5680601,1.0,0.0,24.0
exp7_fixed_random_1,13168,507.7205,3.127197,0.5338575,1.0,0.0,9.0
exp7_fixed_random_1,13169,445.61502,3.5926654,0.6234832,1.0,0.0,12.0
exp7_fixed_random_1,13170,512.2219,1.9285271,0.3528458,1.0,0.0,31.0
exp7_fixed_random_1,13171,554.7355,2.1986296,0.32323882,1.0,0.0,39.0
exp7_fixed_random_1,13172,563.74536,4.143062,0.5553722,1.0,0.0,14.0
exp7_fixed_random_1,13173,590.422,2.8950162,0.62292975,1.0,0.0,25.0
exp7_fixed_random_1,13174,547.8916,2.3563733,0.4891688,1.0,0.0,20.0
exp7_fixed_random_1,13175,572.6992,2.9752736,0.37167117,1.0,0.0,14.0
exp7_fixed_random_1,13176,626.43616,3.1053302,0.5647692,1.0,0.0,21.0
exp7_fixed_random_1,13177,565.0989,3.9921708,0.52465916,1.0,0.0,10.0
exp7_fixed_random_1,13178,444.82968,4.027016,0.35003695,1.0,0.0,6.0
exp7_fixed_random_1,13179,-259.24976,2.3469977,0.48249587,0.0,1.0,20.0
exp7_fixed_random_1,13181,536.6625,3.894391,0.5099643,1.0,0.0,11.0
exp7_fixed_random_1,13182,549.39136,2.5944095,0.47712034,1.0,0.0,19.0
exp7_fixed_random_1,13183,615.0711,3.5429337,0.60585177,1.0,0.0,17.0
exp7_fixed_random_1,13184,607.5327,3.2446141,0.45713747,1.0,0.0,19.0
exp7_fixed_random_1,13185,595.64185,2.9323695,0.5552126,1.0,0.0,20.0
exp7_fixed_random_1,13186,-99.06236,2.5878375,0.4122472,0.0,1.0,12.0
exp7_fixed_random_1,13187,613.40686,3.6983242,0.52372485,1.0,0.0,16.0
exp7_fixed_random_1,13188,477.53888,2.553911,0.4219529,1.0,0.0,22.0
exp7_fixed_random_1,13189,610.2012,3.7644374,0.48336723,1.0,0.0,16.0
exp7_fixed_random_1,13190,493.23962,2.6917784,0.41976961,1.0,0.0,20.0
exp7_fixed_random_1,13191,610.71655,2.879891,0.58112514,1.0,0.0,20.0
exp7_fixed_random_1,13192,479.6476,2.631136,0.59374714,1.0,0.0,17.0
exp7_fixed_random_1,13193,558.1577,3.3842318,0.5906584,1.0,0.0,11.0
exp7_fixed_random_1,13194,-228.54926,3.9970412,0.40892857,0.0,1.0,8.0
exp7_fixed_random_1,13195,546.4692,3.5548618,0.5669039,1.0,0.0,10.0
exp7_fixed_random_1,13196,516.663,3.879702,0.59810984,1.0,0.0,13.0
exp7_fixed_random_1,13197,622.74304,3.5618153,0.58722675,1.0,0.0,16.0
exp7_fixed_random_1,13198,563.28217,2.762182,0.48006883,1.0,0.0,16.0
exp7_fixed_random_1,13199,632.51,2.9889731,0.70223284,1.0,0.0,23.0
exp7_fixed_random_1,13201,498.66962,3.1025867,0.642316,1.0,0.0,10.0
exp7_fixed_random_1,13202,599.9571,3.020098,0.5720946,1.0,0.0,15.0
exp7_fixed_random_1,13203,646.11334,3.7189627,0.4781279,1.0,0.0,13.0
exp7_fixed_random_1,13204,593.6561,3.495585,0.49390775,1.0,0.0,17.0
exp7_fixed_random_1,13205,578.5674,2.5862222,0.7469807,1.0,0.0,25.0
exp7_fixed_random_1,13206,563.2542,3.6905138,0.4866163,1.0,0.0,13.0
exp7_fixed_random_1,13207,556.1969,4.08692,0.5726765,1.0,0.0,16.0
exp7_fixed_random_1,13208,401.50247,1.2044991,0.3548117,1.0,0.0,43.0
exp7_fixed_random_1,13209,579.6973,3.0514262,0.5836522,1.0,0.0,17.0
exp7_fixed_random_1,13210,565.54114,3.1061344,0.42275453,1.0,0.0,17.0
exp7_fixed_random_1,13211,583.08014,3.3217015,0.63272524,1.0,0.0,18.0
exp7_fixed_random_1,13212,575.22186,3.0103765,0.62136,1.0,0.0,19.0
exp7_fixed_random_1,13213,-122.19718,2.5722334,0.37369758,0.0,1.0,20.0
exp7_fixed_random_1,13214,-156.60222,3.7787364,0.48430976,0.0,1.0,19.0
exp7_fixed_random_1,13215,530.207,2.425412,0.32675004,1.0,0.0,25.0
exp7_fixed_random_1,13216,605.4156,3.8806043,0.4491179,1.0,0.0,16.0
exp7_fixed_random_1,13217,562.46204,2.5073953,0.3390511,1.0,0.0,20.0
exp7_fixed_random_1,13218,643.8716,2.8724396,0.69468254,1.0,0.0,29.0
exp7_fixed_random_1,13219,-346.50974,3.804801,0.05609655,0.0,1.0,1.0
exp7_fixed_random_1,13221,550.5315,3.683708,0.51582664,1.0,0.0,11.0
exp7_fixed_random_1,13222,613.8332,3.6326473,0.5492666,1.0,0.0,18.0
exp7_fixed_random_1,13223,558.70013,3.6187959,0.45082542,1.0,0.0,15.0
exp7_fixed_random_1,13224,554.21765,4.357708,0.54463714,1.0,0.0,11.0
exp7_fixed_random_1,13225,541.28906,3.0270004,0.4486998,1.0,0.0,20.0
exp7_fixed_random_1,13226,-257.85886,4.081465,0.43835688,0.0,1.0,7.0
exp7_fixed_random_1,13227,652.11206,3.5203428,0.4263197,1.0,0.0,18.0
exp7_fixed_random_1,13228,560.0596,3.69654,0.6166057,1.0,0.0,11.0
exp7_fixed_random_1,13229,536.2584,4.2777805,0.49391893,1.0,0.0,11.0
exp7_fixed_random_1,13230,526.7069,3.0667498,0.56111556,1.0,0.0,14.0
exp7_fixed_random_1,13231,620.6677,2.215875,0.42014015,1.0,0.0,31.0
exp7_fixed_random_1,13232,486.49304,3.561179,0.41718754,1.0,0.0,15.0
exp7_fixed_random_1,13233,587.70776,2.43885,0.43697035,1.0,0.0,34.0
exp7_fixed_random_1,13234,569.4806,2.995663,0.5474829,1.0,0.0,20.0
exp7_fixed_random_1,13235,617.9931,2.9216082,0.33237258,1.0,0.0,24.0
exp7_fixed_random_1,13236,602.5575,3.5373518,0.40211207,1.0,0.0,17.0
exp7_fixed_random_1,13237,547.32074,2.125606,0.69989634,1.0,0.0,23.0
exp7_fixed_random_1,13238,559.8529,2.9776783,0.40313956,1.0,0.0,23.0
exp7_fixed_random_1,13239,-87.453064,4.0758986,0.591677,0.0,1.0,12.0
exp7_fixed_random_1,13241,512.9477,4.3414516,0.561597,1.0,0.0,9.0
exp7_fixed_random_1,13242,576.81305,3.5105562,0.62550294,1.0,0.0,13.0
exp7_fixed_random_1,13243,626.7354,3.4284368,0.50805825,1.0,0.0,17.0
exp7_fixed_random_1,13244,629.7366,3.2390392,0.65764487,1.0,0.0,19.0
exp7_fixed_random_1,13245,604.09045,2.8843825,0.35565224,1.0,0.0,18.0
exp7_fixed_random_1,13246,575.7626,2.829424,0.5591609,1.0,0.0,17.0
exp7_fixed_random_1,13247,449.39645,2.0989203,0.3616592,1.0,0.0,28.0
exp7_fixed_random_1,13248,597.91156,3.760994,0.6376866,1.0,0.0,15.0
exp7_fixed_random_1,13249,553.78546,2.2486594,0.60348165,1.0,0.0,21.0
exp7_fixed_random_1,13250,524.2023,2.7387397,0.5301698,1.0,0.0,18.0
exp7_fixed_random_1,13251,545.2232,3.3567178,0.6442163,1.0,0.0,15.0
exp7_fixed_random_1,13252,504.737,3.0032809,0.7065783,1.0,0.0,10.0
exp7_fixed_random_1,13253,548.738,2.656465,0.48356843,1.0,0.0,17.0
exp7_fixed_random_1,13254,515.59375,3.0320847,0.74776417,1.0,0.0,12.0
exp7_fixed_random_1,13255,-196.46469,4.325475,0.32201087,0.0,1.0,3.0
exp7_fixed_random_1,13256,637.4319,3.2398965,0.49890468,1.0,0.0,21.0
exp7_fixed_random_1,13257,616.45996,3.0447547,0.55840635,1.0,0.0,21.0
exp7_fixed_random_1,13258,582.1138,3.8842583,0.4527041,1.0,0.0,12.0
exp7_fixed_random_1,13259,531.3847,3.8261435,0.6032698,1.0,0.0,9.0
exp7_fixed_random_1,13261,562.09735,3.4127429,0.6440141,1.0,0.0,13.0
exp7_fixed_random_1,13262,550.3511,2.9815185,0.5758119,1.0,0.0,28.0
exp7_fixed_random_1,13263,496.11722,3.0405293,0.40222687,1.0,0.0,10.0
exp7_fixed_random_1,13264,567.08453,3.8608239,0.65296215,1.0,0.0,11.0
exp7_fixed_random_1,13265,-198.05182,3.4816797,0.5455637,0.0,1.0,13.0
exp7_fixed_random_1,13266,617.38184,3.4258993,0.63205266,1.0,0.0,18.0
exp7_fixed_random_1,13267,518.9586,2.6974325,0.6317234,1.0,0.0,15.0
exp7_fixed_random_1,13268,538.1675,4.4341216,0.5025253,1.0,0.0,9.0
exp7_fixed_random_1,13269,500.14835,2.6623557,0.40830103,1.0,0.0,17.0
exp7_fixed_random_1,13270,607.40314,3.5144744,0.5759793,1.0,0.0,20.0
exp7_fixed_random_1,13271,593.28845,3.8006358,0.53563124,1.0,0.0,17.0
exp7_fixed_random_1,13272,533.1411,3.4357147,0.61630946,1.0,0.0,12.0
exp7_fixed_random_1,13273,533.06384,3.731961,0.48809513,1.0,0.0,10.0
exp7_fixed_random_1,13274,617.3751,3.6799297,0.5196551,1.0,0.0,19.0
exp7_fixed_random_1,13275,590.133,3.36533,0.4918031,1.0,0.0,17.0
exp7_fixed_random_1,13276,605.3613,3.686074,0.5556687,1.0,0.0,17.0
exp7_fixed_random_1,13277,516.8055,2.8828132,0.6546387,1.0,0.0,19.0
exp7_fixed_random_1,13278,602.54706,3.207745,0.4065398,1.0,0.0,25.0
exp7_fixed_random_1,13279,530.1272,2.997263,0.5929934,1.0,0.0,9.0
exp7_fixed_random_1,13281,556.15283,3.2974517,0.6577773,1.0,0.0,17.0
exp7_fixed_random_1,13282,473.27713,4.3939075,0.5441675,1.0,0.0,8.0
exp7_fixed_random_1,13283,569.5254,4.050313,0.5805079,1.0,0.0,15.0
exp7_fixed_random_1,13284,523.93176,1.7147758,0.4121515,1.0,0.0,34.0
exp7_fixed_random_1,13285,-254.3128,4.3371506,0.5619078,0.0,1.0,8.0
exp7_fixed_random_1,13286,665.2174,3.393721,0.42483747,1.0,0.0,21.0
exp7_fixed_random_1,13287,585.5714,3.3851712,0.54721695,1.0,0.0,14.0
exp7_fixed_random_1,13288,504.6956,1.5258157,0.43443513,1.0,0.0,47.0
exp7_fixed_random_1,13289,521.6968,3.133683,0.45873263,1.0,0.0,14.0
exp7_fixed_random_1,13290,533.8346,3.3178036,0.6682599,1.0,0.0,12.0
exp7_fixed_random_1,13291,592.37585,3.3682652,0.6596597,1.0,0.0,17.0
exp7_fixed_random_1,13292,524.4475,2.0940928,0.6160696,1.0,0.0,18.0
exp7_fixed_random_1,13293,528.483,2.1914315,0.8343921,1.0,0.0,31.0
exp7_fixed_random_1,13294,557.13745,4.0096273,0.5283194,1.0,0.0,10.0
exp7_fixed_random_1,13295,476.12918,1.8027023,0.25418994,1.0,0.0,23.0
exp7_fixed_random_1,13296,-187.32323,4.094697,0.33898276,0.0,1.0,10.0
exp7_fixed_random_1,13297,625.28827,3.1842053,0.6074842,1.0,0.0,20.0
exp7_fixed_random_1,13298,578.1737,2.7759125,0.601996,1.0,0.0,29.0
exp7_fixed_random_1,13299,535.57886,3.573413,0.36557624,1.0,0.0,9.0
exp7_fixed_random_1,13301,546.5384,4.1209974,0.47292903,1.0,0.0,12.0
exp7_fixed_random_1,13302,567.5896,4.3331947,0.47685325,1.0,0.0,8.0
exp7_fixed_random_1,13303,652.6974,3.2240014,0.60520923,1.0,0.0,26.0
exp7_fixed_random_1,13304,573.96606,3.0744195,0.41469243,1.0,0.0,14.0
exp7_fixed_random_1,13305,577.75793,3.2982843,0.55450326,1.0,0.0,12.0
exp7_fixed_random_1,13306,-224.97406,3.7176962,0.5544349,0.0,1.0,8.0
exp7_fixed_random_1,13307,648.02515,3.2838397,0.56064653,1.0,0.0,23.0
exp7_fixed_random_1,13308,521.3244,2.988271,0.69821525,1.0,0.0,15.0
exp7_fixed_random_1,13309,535.37836,2.5960808,0.4907364,1.0,0.0,15.0
exp7_fixed_random_1,13310,544.55493,3.0689266,0.70950866,1.0,0.0,15.0
exp7_fixed_random_1,13311,547.4336,3.4320927,0.3939254,1.0,0.0,9.0
exp7_fixed_random_1,13312,585.42914,4.07234,0.44406638,1.0,0.0,15.0
exp7_fixed_random_1,13313,497.8377,2.483816,0.539693,1.0,0.0,17.0
exp7_fixed_random_1,13314,590.532,3.6126204,0.55886215,1.0,0.0,19.0
exp7_fixed_random_1,13315,593.64264,3.369265,0.5531951,1.0,0.0,13.0
exp7_fixed_random_1,13316,610.6308,4.567291,0.4721493,1.0,0.0,13.0
exp7_fixed_random_1,13317,593.66034,2.7947357,0.46517703,1.0,0.0,16.0
exp7_fixed_random_1,13318,610.343,3.2376947,0.7031418,1.0,0.0,18.0
exp7_fixed_random_1,13319,565.9931,2.9801872,0.46328875,1.0,0.0,23.0
exp7_fixed_random_1,13321,599.62866,2.7506788,0.39903596,1.0,0.0,22.0
exp7_fixed_random_1,13322,153.98604,3.9874136,0.46663502,0.0,0.0,14.0
